source,#,bodyAR,bodyDV,takhrij
صحيح مسلم,8,حَدَّثَنِي أَبُو خَيْثَمَةَ زُهَيْرُ بْنُ حَرْبٍ، حَدَّثَنَا وَكِيعٌ، عَنْ كَهْمَسٍ، عَنْ عَبْدِ اللهِ بْنِ بُرَيْدَةَ، عَنْ يَحْيَى بْنِ يَعْمَرَ، (ح) وَحَدَّثَنَا عُبَيْدُ اللهِ بْنُ مُعَاذٍ الْعَنْبَرِيُّ، وَهَذَا حَدِيثُهُ، حَدَّثَنَا أَبِي، حَدَّثَنَا كَهْمَسٌ، عَنِ ابْنِ بُرَيْدَةَ، عَنْ يَحْيَى بْنِ يَعْمَرَ قَالَ: كَانَ أَوَّلَ مَنْ قَالَ فِي الْقَدَرِ بِالْبَصْرَةِ مَعْبَدٌ الْجُهَنِيُّ، فَانْطَلَقْتُ أَنَا وَحُمَيْدُ بْنُ عَبْدِ الرَّحْمَنِ الْحِمْيَرِيُّ حَاجَّيْنِ أَوْ مُعْتَمِرَيْنِ، فَقُلْنَا: لَوْ لَقِينَا أَحَدًا مِنْ أَصْحَابِ رَسُولِ اللهِ ﷺ، فَسَأَلْنَاهُ عَمَّا يَقُولُ هَؤُلَاءِ فِي الْقَدَرِ، فَوُفِّقَ لَنَا عَبْدُ اللهِ بْنُ عُمَرَ بْنِ الْخَطَّابِ دَاخِلًا الْمَسْجِدَ، فَاكْتَنَفْتُهُ أَنَا وَصَاحِبِي، أَحَدُنَا عَنْ يَمِينِهِ، وَالْآخَرُ عَنْ شِمَالِهِ، فَظَنَنْتُ أَنَّ صَاحِبِي سَيَكِلُ الْكَلَامَ إِلَيَّ، فَقُلْتُ: أَبَا عَبْدِ الرَّحْمَنِ، إِنَّهُ قَدْ ظَهَرَ قِبَلَنَا نَاسٌ يَقْرَؤُونَ الْقُرْآنَ، وَيَتَقَفَّرُونَ الْعِلْمَ، وَذَكَرَ مِنْ شَأْنِهِمْ، وَأَنَّهُمْ يَزْعُمُونَ أَنْ لَا قَدَرَ، وَأَنَّ الْأَمْرَ أُنُفٌ، قَالَ: فَإِذَا لَقِيتَ أُولَئِكَ فَأَخْبِرْهُمْ أَنِّي بَرِيءٌ مِنْهُمْ، وَأَنَّهُمْ بُرَآءُ مِنِّي، وَالَّذِي يَحْلِفُ بِهِ عَبْدُ اللهِ بْنُ عُمَرَ لَوْ أَنَّ لِأَحَدِهِمْ مِثْلَ أُحُدٍ ذَهَبًا فَأَنْفَقَهُ، مَا قَبِلَ اللهُ مِنْهُ حَتَّى يُؤْمِنَ بِالْقَدَرِ ثُمَّ قَالَ: حَدَّثَنِي أَبِي عُمَرُ بْنُ الْخَطَّابِ قَالَ: بَيْنَمَا نَحْنُ عِنْدَ رَسُولِ اللهِ ﷺ ذَاتَ يَوْمٍ إِذْ طَلَعَ عَلَيْنَا رَجُلٌ شَدِيدُ بَيَاضِ الثِّيَابِ، شَدِيدُ سَوَادِ الشَّعَرِ، لَا يُرَى عَلَيْهِ أَثَرُ السَّفَرِ، وَلَا يَعْرِفُهُ مِنَّا أَحَدٌ، حَتَّى جَلَسَ إِلَى النَّبِيِّ ﷺ، فَأَسْنَدَ رُكْبَتَيْهِ إِلَى رُكْبَتَيْهِ، وَوَضَعَ كَفَّيْهِ عَلَى فَخِذَيْهِ، وَقَالَ: يَا مُحَمَّدُ، أَخْبِرْنِي عَنِ الْإِسْلَامِ، فَقَالَ رَسُولُ اللهِ ﷺ: الْإِسْلَامُ أَنْ تَشْهَدَ أَنْ لَا إِلَهَ إِلَّا اللهُ، وَأَنَّ مُحَمَّدًا رَسُولُ اللهِ، وَتُقِيمَ الصَّلَاةَ، وَتُؤْتِيَ الزَّكَاةَ، وَتَصُومَ رَمَضَانَ، وَتَحُجَّ الْبَيْتَ إِنِ اسْتَطَعْتَ إِلَيْهِ سَبِيلًا، قَالَ: صَدَقْتَ، قَالَ: فَعَجِبْنَا لَهُ، يَسْأَلُهُ وَيُصَدِّقُهُ، قَالَ: فَأَخْبِرْنِي عَنِ الْإِيمَانِ، قَالَ: أَنْ تُؤْمِنَ بِاللهِ، وَمَلَائِكَتِهِ، وَكُتُبِهِ، وَرُسُلِهِ، وَالْيَوْمِ الْآخِرِ، وَتُؤْمِنَ بِالْقَدَرِ، خَيْرِهِ وَشَرِّهِ، قَالَ: صَدَقْتَ، قَالَ: فَأَخْبِرْنِي عَنِ الْإِحْسَانِ، قَالَ: أَنْ تَعْبُدَ اللهَ كَأَنَّكَ تَرَاهُ، فَإِنْ لَمْ تَكُنْ تَرَاهُ فَإِنَّهُ يَرَاكَ، قَالَ: فَأَخْبِرْنِي عَنِ السَّاعَةِ، قَالَ: مَا الْمَسْؤُولُ عَنْهَا بِأَعْلَمَ مِنَ السَّائِلِ، قَالَ: فَأَخْبِرْنِي عَنْ أَمَارَتِهَا، قَالَ: أَنْ تَلِدَ الْأَمَةُ رَبَّتَهَا، وَأَنْ تَرَى الْحُفَاةَ الْعُرَاةَ الْعَالَةَ رِعَاءَ الشَّاءِ يَتَطَاوَلُونَ فِي الْبُنْيَانِ، قَالَ: ثُمَّ انْطَلَقَ، فَلَبِثْتُ مَلِيًّا ثُمَّ قَالَ لِي: يَا عُمَرُ، أَتَدْرِي مَنِ السَّائِلُ؟ قُلْتُ: اللهُ وَرَسُولُهُ أَعْلَمُ، قَالَ: فَإِنَّهُ جِبْرِيلُ، أَتَاكُمْ يُعَلِّمُكُمْ دِينَكُمْ.,އަދިވެސް ޢުމަރު رَضِيَ اللَّهُ عَنْهُ ރިވާ ކުރެއްވިއެވެ: ރަސޫލު ﷲ ﷺ ގެ އަރިހުގައި ތިމަންމެން ވަނިކޮށް، އެ ތަނަށް މީހަކު އަތުވެއްޖެއެވެ. އެ މީހާގެ ފޭރާމުގެ ހުދުކަން ނުހަނު ގަދައެވެ. އަދި އިސްތަށީގެ ކަޅުކަން ވެސް އެހާމެ ގަދައެވެ. ދަތުރެއްކޮށްފައި އައިކަމުގެ އެއްވެސް އަސަރެއް އެ މީހާގެ ކިބައިން ފެންނާކަށް ނެތެވެ. އަދި ތިމަންމެން ކުރެ އެކަކަށް ވެސް އެއީ ކާކު ކަމެއް ނޭނގެއެވެ. އެ މީހާ އައިސް، ނަބިއްޔާ ﷺ ގެ ކަކޫފުޅާއި އެ މީހާގެ ކަކުލާ ދިމާވާ ގޮތަށް އިށީނދެ، ދެ އަތްތިލަ ފަލަމަސްގަނޑުގެ މަތީ ބާއްވާފައި ދެންނެވިއެވެ: އޭ މުޙައްމަދުގެފާނެވެ. އިސްލާމްކަމާ ބެހޭ ގޮތުން ތިމަންނާއަށް ޚަބަރު ދެއްވާށެވެ. އެ ހިނދު ރަސޫލު ﷲ ﷺ ޙަދީޘް ކުރެއްވިއެވެ: ”އިސްލާމްކަމަކީ، ﷲ ފިޔަވައި އެހެން އެއްވެސް އިލާހަކު ނުވާ ކަމަށާއި، މުޙައްމަދުގެފާނީ ﷲގެ ރަސޫލާ ކަމަށް ތިބާ ހެކިވުމެވެ. އަދި ނަމާދު ގާއިމުކޮށް، (މުދަލު) ޒަކާތް ދީ، ރަމަޟާން މަހު ރޯދަ ހިފައި، އަދި ތިބާއަށް ކުޅަދާނަކަން ލިބި އެ ކަމަށް މަގުފަހިވެއްޖެ ނަމަ، ގެފުޅަށް ގޮސް ޙައްޖުވުމެވެ.“ އޭނާ ދެންނެވިއެވެ: ތިޔަ ވިދާޅުވީ ތެދުފުޅެކެވެ. —ޙަދީޘް ކިޔައިދެއްވަމުން ޢުމަރުގެފާނު ދެންނެވިއެވެ: އެ މީހާއާމެދު ތިމަންމެން އަޖައިބު ވީމެވެ. (އެހެނީ) އެ މީހާ ނަބިއްޔާއާ ސުވާލުކޮށްފައި، ޚުދު އަމިއްލައަށް ނަބިއްޔާގެ ބަސްފުޅު ވެސް ތެދު ކުރެއެވެ— ދެން އެ މީހާ ދެންނެވިއެވެ: އީމާންކަމާ ބެހޭ ގޮތުން ތިމަންނާއަށް ޚަބަރު ދެއްވާށެވެ. ނަބިއްޔާ ޙަދީޘް ކުރެއްވިއެވެ: ”އެއީ ﷲ އަށާއި، އެ އިލާހުގެ މަލާއިކަތުންނަށާއި، އެ އިލާހުގެ ފޮތްތަކަށާއި، އެ އިލާހުގެ ރަސޫލުންނަށާއި، އާޚިރަތް ދުވަހަށް ތިބާ އީމާން ވުމެވެ. އަދި ގަޟާގަދަރު، އޭގެ ހެޔޮ މިންވަރާއި ނުބައި މިންވަރަށް ތިބާ އީމާން ވުމެވެ.“ އެ މީހާ ދެންނެވިއެވެ: ތިޔަ ވިދާޅުވީ ތެދުފުޅެކެވެ. އަދި ދެންނެވިއެވެ: އިޙުސާންކަމާ ބެހޭ ގޮތުން ތިމަންނާއަށް ޚަބަރު ދެއްވާށެވެ. ނަބިއްޔާ ޙަދީޘް ކުރެއްވިއެވެ: ”އެއީ ތިބާއަށް ﷲ ފެނިހުރެ އަޅުކަން ކުރާނެ ފަދައިން އެ އިލާއަށް އަޅުކަން ކުރުމެވެ. ފަހެ ތިބާއަށް އެ އިލާހު ނުފެނުނު ކަމުގައި ވިޔަސް، ހަމަކަށަވަރުން އެ އިލާހު ތިބާއަށް ބައްލަވާ ވޮޑިގެންވެއެވެ.“ ދެން އޭނާ ދެންނެވިއެވެ: ގިޔާމަތް ވާނެ ވަގުތަކާ ބެހޭ ގޮތުން ތިމަންނާއަށް ޚަބަރު ދެއްވާށެވެ. ނަބިއްޔާ ޙަދީޘް ކުރެއްވިއެވެ: ”އެ ކަމާ ބެހޭ ގޮތުން، ސުވާލު ކުރި ފަރާތަށް ވުރެ ބޮޑަށް، ސުވާލު ކުރެވުނު ފަރާތަށް އެނގިގެނެއް ނުވެއެވެ.“ (އެބަހީ: ދެ މީހުން ކުރެ އެކަކަށް ވެސް އެނގިގެނެއް ނުވެއެވެ.) ދެން އެ މީހާ ދެންނެވިއެވެ: އޭގެ އަލާމާތްތަކާ ބެހޭ ގޮތުން ތިމަންނާއަށް ޚަބަރު ދެއްވާށެވެ. ނަބިއްޔާ ޙަދީޘް ކުރެއްވިއެވެ: ”އެއީ އަޅު އަންހެނަކު އަންހެން ދަރިއެއް ވިހައިގެން، (އެ ލިބުނު ދަރި) އެ އަޅު އަންހެނާގެ ސާހިބު ކަމަނާއަށް ވުމެވެ. އަދި ހުސްފަޔާ އޮރިޔާންކަންމަތީ ފަގީރު ހާލުގައި ބަކަރި ހުއިހައްޕާ އުޅުނު މީހުން، އިމާރާތްތައް އުސް ކުރުމުގައި ވާދަކޮށް އުޅޭތަން ތިބާއަށް ފެނުމެވެ.“ ދެން ޢުމަރުގެފާނު ދެންނެވިއެވެ: އެއަށްފަހު، އެ މީހަކު ހިނގައްޖެއެވެ. ދެން ތިމަން ދުވަސްތަކެއް ވޭތު ކުރުމަށް ފަހު، ނަބިއްޔާ ތިމަންނާއަށް ޙަދީޘް ކުރެއްވިއެވެ: ”އޭ ޢުމަރުގެފާނެވެ. ސުވާލު ކުރީ ކާކުކަން އެނގިލައްވާތޯއެވެ؟“ ތިމަން ދެންނެވީމެވެ: މޮޅަށް ދެނެވޮޑިގެން ވަނީ ﷲ އެވެ. އަދި އެ އިލާހުގެ ރަސޫލާއެވެ. ނަބިއްޔާ ޙަދީޘް ކުރެއްވިއެވެ: ”ހަމަކަށަވަރުން އެއީ ޖިބްރީލުގެފާނެވެ. ތިޔަބައިމީހުންގެ ގާތަށް އެ ވަޑައިގަތީ، ތިޔަބައިމީހުންގެ ދީން ތިޔަބައިމީހުންނަށް އުނގަންނަވައި ދެއްވުމަށްޓަކައެވެ.“,
صحيح مسلم,8,"""...قَالَ: فَأَخْبِرْنِي عَنِ الْإِيمَانِ، قَالَ: «أَنْ تُؤْمِنَ بِاللَّهِ، وَمَلَائِكَتِهِ، وَكُتُبِهِ، وَرُسُلِهِ، وَالْيَوْمِ الْآخِرِ، وَتُؤْمِنَ بِالْقَدَرِ خَيْرِهِ وَشَرِّهِ»..""","""(ޖިބްރީލްގެފާނު)ވިދާޅުވިއެވެ. ""އީމާންކަމަކީ ކޮބައި ހެއްޔެވެ؟"" (އެހިނދު) ރަސޫލާ ޞައްލަﷲ ޢަލައިހި ވަސައްލަމަ ޙަދީޘްލުރެއްވިއެވެ. ""އެއީ ﷲއަށް އީމާންވުމާއި، އެކަލާނގެ މަލާއިކަތުންނަށް އީމާންވުމާއި، އެކަލާނގެ ބާވައިލެއްވި ފޮތްތަކަށް އީމާންވުމާއި، އެކަލާނގެ ފޮނުއްވި ރަސޫލުންނަށް އީމާންވުމާއި، އާޚިރަތްދުވަހަށް އީމާންވުމެވެ. އަދި ހެޔޮމިންވަރާއި ނުބައިމިންވަރަށް އީމާންވުމެވެ.""",
صحيح مسلم,10,حَدَّثَنِي زُهَيْرُ بْنُ حَرْبٍ، حَدَّثَنَا جَرِيرٌ، عَنْ عُمَارَةَ، وَهُوَ ابْنُ الْقَعْقَاعِ، عَنْ أَبِي زُرْعَةَ، عَنْ أَبِي هُرَيْرَةَ قَالَ: قَالَ رَسُولُ اللهِ ﷺ: سَلُونِي، فَهَابُوهُ أَنْ يَسْأَلُوهُ، فَجَاءَ رَجُلٌ، فَجَلَسَ عِنْدَ رُكْبَتَيْهِ، فَقَالَ: يَا رَسُولَ اللهِ، مَا الْإِسْلَامُ؟ قَالَ: لَا تُشْرِكُ بِاللهِ شَيْئًا، وَتُقِيمُ الصَّلَاةَ، وَتُؤْتِي الزَّكَاةَ، وَتَصُومُ رَمَضَانَ، قَالَ: صَدَقْتَ، قَالَ: يَا رَسُولَ اللهِ، مَا الْإِيمَانُ؟ قَالَ: أَنْ تُؤْمِنَ بِاللهِ، وَمَلَائِكَتِهِ، وَكِتَابِهِ، وَلِقَائِهِ، وَرُسُلِهِ، وَتُؤْمِنَ بِالْبَعْثِ، وَتُؤْمِنَ بِالْقَدَرِ كُلِّهِ، قَالَ: صَدَقْتَ، قَالَ: يَا رَسُولَ اللهِ، مَا الْإِحْسَانُ؟ قَالَ: أَنْ تَخْشَى اللهَ كَأَنَّكَ تَرَاهُ، فَإِنَّكَ إِنْ لَا تَكُنْ تَرَاهُ فَإِنَّهُ يَرَاكَ، قَالَ: صَدَقْتَ، قَالَ: يَا رَسُولَ اللهِ، مَتَى تَقُومُ السَّاعَةُ؟ قَالَ: مَا الْمَسْؤُولُ عَنْهَا بِأَعْلَمَ مِنَ السَّائِلِ، وَسَأُحَدِّثُكَ عَنْ أَشْرَاطِهَا، إِذَا رَأَيْتَ الْمَرْأَةَ تَلِدُ رَبَّهَا، فَذَاكَ مِنْ أَشْرَاطِهَا، وَإِذَا رَأَيْتَ الْحُفَاةَ الْعُرَاةَ الصُّمَّ الْبُكْمَ مُلُوكَ الْأَرْضِ فَذَاكَ مِنْ أَشْرَاطِهَا، وَإِذَا رَأَيْتَ رِعَاءَ الْبَهْمِ يَتَطَاوَلُونَ فِي الْبُنْيَانِ، فَذَاكَ مِنْ أَشْرَاطِهَا، فِي خَمْسٍ مِنَ الْغَيْبِ لَا يَعْلَمُهُنَّ إِلَّا اللهُ، ثُمَّ قَرَأَ: { إِنَّ اللهَ عِنْدَهُ عِلْمُ السَّاعَةِ وَيُنَزِّلُ الْغَيْثَ وَيَعْلَمُ مَا فِي الْأَرْحَامِ وَمَا تَدْرِي نَفْسٌ مَاذَا تَكْسِبُ غَدًا وَمَا تَدْرِي نَفْسٌ بِأَيِّ أَرْضٍ تَمُوتُ إِنَّ اللهَ عَلِيمٌ خَبِيرٌ } قَالَ: ثُمَّ قَامَ الرَّجُلُ، فَقَالَ رَسُولُ اللهِ ﷺ: رُدُّوهُ عَلَيَّ، فَالْتُمِسَ، فَلَمْ يَجِدُوهُ، فَقَالَ رَسُولُ اللهِ ﷺ: هَذَا جِبْرِيلُ، أَرَادَ أَنْ تَعَلَّمُوا إِذْ لَمْ تَسْأَلُوا.,އަބޫ ހުރައިރާ ރިވާ ކުރެއްވިއެވެ: ރަސޫލު ﷲ ﷺ ޙަދީޘް ކުރެއްވިއެވެ: ”ތިމަން ނަބިއްޔާއާ ސުވާލު ކުރައްވާށެވެ.“ ފަހެ ނަބިއްޔާއަށް ހުރި އިހްތިރާމާއި ގަދަރުގެ ސަބަބުން މީސްތަކުން އަހާކަށް ނުކެރުނެވެ. ދެން މީހަކު އަތުވެ، ނަބިއްޔާގެ ކަކޫފުޅާ ދިމާވާ ގޮތަށް އިށީނދެއްޖެގެން ދެންނެވިއެވެ: އޭ ﷲ ގެ ރަސުލާއެވެ. އިސްލާމްކަމީ ކޮބައިތޯއެވެ؟ ނަބިއްޔާ ޙަދީޘް ކުރެއްވިއެވެ: ”އިސްލާމްކަމަކީ ތިބާ ﷲ އާ އެއްވެސް ފަރާތެއް ޝަރީކު ނުކުރުމެވެ. އަދި ނަމާދު ގާއިމުކޮށް، (މުދަލު) ޒަކާތް ދީ، ރަމަޟާން މަހު ރޯދަ ހިފުމެވެ.“ އޭނާ ދެންނެވިއެވެ: ތިޔަ ވިދާޅުވީ ތެދުފުޅެކެވެ. އޭ ﷲ ގެ ރަސުލާއެވެ. އީމާންކަމަކީ ކޮބައިތޯއެވެ؟ ނަބިއްޔާ ޙަދީޘް ކުރެއްވިއެވެ: ”އެއީ ތިބާ ﷲ އަށާއި، އެ އިލާހުގެ މަލާއިކަތުންނަށާއި، އެ އިލާހުގެ ފޮތަށާއި، އެ އިލާހާ ބައްދަލުވާނެ ކަމަށާއި، އެ އިލާހުގެ ރަސޫލުންނަށާއި، އަދި ފަހުން އަލުން ދިރުއްވޭނެކަމަށާއި، ގަޟާގަދަރަށް އެއްކޮށް އީމާންވުމެވެ.“ އޭނާ ދެންނެވިއެވެ: ތިޔަ ވިދާޅުވީ ތެދުފުޅެކެވެ. އޭ ﷲ ގެ ރަސުލާއެވެ. އިޙުސާންކަމަކީ ކޮބައިތޯއެވެ؟ ނަބިއްޔާ ޙަދީޘް ކުރެއްވިއެވެ: ”އެއީ ތިބާ ﷲ ފެނިހުރެ ބިރުވެތިވާ ފަދައިން އެ އިލާއަށް ބިރުވެތިވުމެވެ. އަދި ތިބާއަށް އެ އިލާހު ނުފެނުނު ކަމުގައި ވިޔަސް، ހަމަކަށަވަރުން އެ އިލާހު ތިބާއަށް ބައްލަވާ ވޮޑިގެންވެއެވެ.“ އޭނާ ދެންނެވިއެވެ: ތިޔަ ވިދާޅުވީ ތެދުފުޅެކެވެ. އޭ ﷲ ގެ ރަސުލާއެވެ. ގިޔާމަތް ގާއިމު ކުރެވޭނީ ކޮންއިރަކުތޯއެވެ؟ ނަބިއްޔާ ޙަދީޘް ކުރެއްވިއެވެ: ”އެކަމާ ބެހޭ ގޮތުން ސުވާލު ކުރި ފަރާތަށް ވުރެ ބޮޑަށް، ސުވާލު ކުރެވުނު ފަރާތް އެނގިގެން ނުވެއެވެ. (އެބަހީ: ދެ މީހުން ކުރެ އެކަކަށް ވެސް އެނގިގެން ނުވެއެވެ.) އެހެނަސް، އޭގެ އަލާމާތްތަކާ ބެހޭ ގޮތުން ތިބާއަށް ކިޔައިދެއްވާނަމެވެ. އެއީ އަޅު އަންހެނަކު ދަރިއެއް ވިހައިގެން، (އެ ލިބުނު ދަރި) އެ އަޅު އަންހެނާގެ ސާހިބާއަށް ވާތަން ތިބާއަށް ފެނުމެވެ. އެއީ އޭގެ ޢަލާމަތްތަކު ތެރޭ ހިމެނޭ ކަމެކެވެ. އަދި ހުސްފަޔާ އޮރިޔާންކަންމަތީ ހުރި ބީރު މަންމަނުން (އެބަހީ: ޖާހިލު މީހުން) ދުނިޔޭގެ ރަސްކަންކޮށް އުޅޭތަން ތިބާއަށް ފެނުމެވެ. އެއީ އޭގެ ޢަލާމަތްތަކު ތެރޭ ހިމެނޭ ކަމެކެވެ. އަދި ކަޅު ޖަމަލުތައް ހުއިހައްޕާ އުޅުނު މީހުން، އިމާރާތްތައް އުސް ކުރުމުގައި ވާދަކޮށް އުޅޭތަން ތިބާއަށް ފެނުމެވެ. އެއީ އޭގެ ޢަލާމަތްތަކު ތެރޭ ހިމެނޭ ކަމެކެވެ. (ގިޔާމަތް ވާނެ ވަގުތުގެ ޢިލްމަކީ) ﷲ ފިޔަވައި އެއްވެސް ފަރާތަކަށް ނޭނގޭނެ ޣައިބުގެ ފަސް ކަމެއްގެ ތެރެއިންވާ ކަމެކެވެ.“ ދެން ނަބިއްޔާ (މި އާޔަތް) ކިޔަވައި ވިދާޅުވިއެވެ: ❞ހަމަކަށަވަރުން ގިޔާމަތް ވާނެ ވަގުތުގެ ޢިލްމު ވަނީ (ހަމައެކަނި) ﷲ ގެ ހަޒްރަތުގައެވެ. އަދި އެ އިލާހު ވާރޭ ވެއްސަވައެވެ. އަދި ރަޙިމުތަކުގައިވާ ތަކެތި އެ އިލާހު ދެނެވޮޑިގެން ވެއެވެ. އަދި އެއްވެސް ނަފްސަކަށް، އެ ނަފްސެއް މާދަމާ ހޯދައިގަންނާނީ ކޮން ކަމެއްކަން ނޭނގޭނެއެވެ. އަދި އެއްވެސް ނަފްސަކަށް، އެ ނަފްސެއް މަރުވާނީ ކޮން ބިމެއްގައި ކަމެއް ނޭނގޭނެއެވެ. ހަމަކަށަވަރުން ﷲ އީ މޮޅަށް ދެނެވޮޑިގެންވާ ޚަބީރުވަންތަ އިލާހެވެ.❝ އެއަށްފަހު އެ މީހާ ތެދުވެ ހިނގައްޖެއެވެ. ރަސޫލު ﷺ ޙަދީޘް ކުރެއްވިއެވެ: ”އޭނާ ތިމަން ނަބިއްޔާ އަރިހަށް އެނބުރި ގެންނާށެވެ.“ ދެން މީސްތަކުން އެ މީހާ ހޯދައި ނުފެނުނެވެ. ދެން ރަސޫލު ﷲ ﷺ ޙަދީޘް ކުރެއްވިއެވެ: ”އެއީ ޖިބްރީލެވެ. ތިޔަބައިމީހުން ސުވާލު ނުކުރުމުން އެކަލޭގެފާނު އެދިވަޑައިގަތީ ތިޔަބައިމީހުން އުނގެނުމަށެވެ.“,b50
صحيح مسلم,15,حَدَّثَنَا أَبُو بَكْرِ بْنُ أَبِي شَيْبَةَ، وَأَبُو كُرَيْبٍ، وَاللَّفْظُ لِأَبِي كُرَيْبٍ، قَالَا: حَدَّثَنَا أَبُو مُعَاوِيَةَ، عَنِ الْأَعْمَشِ، عَنْ أَبِي سُفْيَانَ، عَنْ جَابِرٍ، قَالَ: أَتَى النَّبِيَّ ﷺ النُّعْمَانُ بْنُ قَوْقَلٍ، فَقَالَ: يَا رَسُولَ اللهِ، أَرَأَيْتَ إِذَا صَلَّيْتُ الْمَكْتُوبَةَ، وَحَرَّمْتُ الْحَرَامَ، وَأَحْلَلْتُ الْحَلَالَ، أَأَدْخُلُ الْجَنَّةَ؟ فَقَالَ النَّبِيُّ ﷺ: نَعَمْ.,ޖާބިރު ބިން ޢަބްދު ﷲ ރިވާ ކުރެއްވިއެވެ: އައްނުޢުމާން ބިން ގައުގަލު، ރަސޫލު ﷲ ﷺ ގެ އަރިހަށް ވަޑައިގެން ދެންނެވިއެވެ: އޭ ﷲގެ ރަސޫލާއެވެ. ތިމަން ފަރުޟު ފަސް ނަމާދުކޮށް، ޙަރާމް ކަންތައް ޙަރާމް ކަމުގައި ބަލައިގަނެ (އެ ކަންކަމުން ދުރުވެ)، ޙަލާލު ކަންތައް ޙަލާލު ކަމުގައި ބަލައިގަނެ (އެ ކަންތައް ކޮށްފިނަމަ)، ތިމަން ސުވަރުގެ ވަންނާނެކަމަށް އިބަ ނަބިއްޔާ ދެކިލައްވަމުތޯއެވެ؟ ނަބިއްޔާ ﷺ ޙަދީޘް ކުރެއްވިއެވެ: ”އާދޭހެވެ.“,
صحيح مسلم,18,بُنِيَ الإِسْلامُ عَلَى خَمْسٍ : شَهَادَةِ أَنْ لا إِلَهَ إِلا اللَّهُ وَأَنَّ مُحَمَّدًا رَسُولُ اللَّهِ ، وَإِقَامِ الصَّلاةِ ، وَإِيتَاءِ الزَّكَاةِ ، وَالْحَجِّ ، وَصَوْمِ رَمَضَان,“އިސްލާމްދީން ބިނާވެގެންވަނީ ފަސްކަމެއްގެ މައްޗަށެވެ. އެއީ ﷲ ފިޔަވައި ޙައްގުގޮތުގައި އަޅުކަންވެވޭ އިލާހެއް ނުވާކަމަށް ހެކިވުމާއި ، މުޙައްމަދު ﷺ އީ ﷲ ގެ ރަސޫލާކަމަށް ހެކިވުމާއި ނަމާދު ގާއިމު ކުރުމާއި ޒަކާތް ދިނުމާއި ޙައްޖުވުމާއި އަދި ރަމަޟާންމަހުގެ ރޯދަ ހިފުމެވެ.”,
صحيح مسلم,22,حَدَّثَنَا أَبُو غَسَّانَ الْمِسْمَعِيُّ مَالِكُ بْنُ عَبْدِ الْوَاحِدِ، حَدَّثَنَا عَبْدُ الْمَلِكِ بْنُ الصَّبَّاحِ، عَنْ شُعْبَةَ، عَنْ وَاقِدِ بْنِ مُحَمَّدِ بْنِ زَيْدِ بْنِ عَبْدِ اللهِ بْنِ عُمَرَ، عَنْ أَبِيهِ، عَنْ عَبْدِ اللهِ بْنِ عُمَرَ قَالَ: قَالَ رَسُولُ اللهِ ﷺ: أُمِرْتُ أَنْ أُقَاتِلَ النَّاسَ حَتَّى يَشْهَدُوا أَنْ لَا إِلَهَ إِلَّا اللهُ وَأَنَّ مُحَمَّدًا رَسُولُ اللهِ، وَيُقِيمُوا الصَّلَاةَ، وَيُؤْتُوا الزَّكَاةَ، فَإِذَا فَعَلُوا عَصَمُوا مِنِّي دِمَاءَهُمْ وَأَمْوَالَهُمْ إِلَّا بِحَقِّهَا، وَحِسَابُهُمْ عَلَى اللهِ.,ޢަބްދު ﷲ ބިން ޢުމަރު ރިވާ ކުރެއްވިއެވެ: ރަސޫލު ﷲ ﷺ ޙަދީޘް ކުރެއްވިއެވެ: ”ﷲ ފިޔަވައި އެހެން އެއްވެސް އިލާހަކު ނުވާކަމަށާއި، މުޙައްމަދުގެފާނީ ﷲގެ ރަސޫލާކަމަށް ހެކިވެ، އަދި ނަމާދު ގާއިމުކޮށް، (މުދަލު) ޒަކާތް ދީފުމަށް ދާންދެން، މީސްތަކުންނާ ހަނގުރާމަ ކުރުމަށް ތިމަން ނަބިއްޔާއަށް ވަނީ އަމުރުވެވިގެންނެވެ. ފަހެ އެބައިމީހުން އެ ފަދައިން އަމަލުކޮށްފި ނަމަ، އެބައިމީހުންގެ ލެޔާއި މުދާ ތިމަން ނަބިއްޔާގެ ކިބައިން ރައްކާތެރިކޮށް ސަލާމަތްކޮށްފިއެވެ. އެއީ އިސްލާމް ދީނުގެ ޙައްގުގައި (އެބަހީ: ޝަރީޢަތާ އެއްގޮތަށް ގާއިމު ކުރެވޭ ޙައްދެއްގައި) މެނުވީއެވެ. އަދި އެބައިމީހުންގެ ހިސާބު ބެއްލެވުން ވަނީ ﷲ އަށެވެ.“,b25
صحيح مسلم,23,وَحَدَّثَنَا سُوَيْدُ بْنُ سَعِيدٍ ، وَابْنُ أَبِي عُمَرَ قَالَا : حَدَّثَنَا مَرْوَانُ - يَعْنِيَانِ : الْفَزَارِيَّ - ، عَنْ أَبِي مَالِكٍ ، عَنْ أَبِيهِ قَالَ : سَمِعْتُ رَسُولَ اللهِ صَلَّى اللهُ عَلَيْهِ وَسَلَّمَ يَقُولُ : مَنْ قَالَ : لَا إِلَهَ إِلَّا اللهُ ، وَكَفَرَ بِمَا يُعْبَدُ مِنْ دُونِ اللهِ حَرُمَ مَالُهُ وَدَمُهُ ، وَحِسَابُهُ عَلَى اللهِ .,"ރަސޫލާ ﷺ ޙަދީޘްކުރެއްވިއެވެ. (مَنْ قَالَ: لَا إِلَهَ إِلَّا اللهُ، وَكَفَرَ بِمَا يُعْبَدُ مَنْ دُونِ اللهِ، حَرُمَ مَالُهُ، وَدَمُهُ، وَحِسَابُهُ عَلَى اللهِ.) މާނައީ: ""(لا إله إلا الله) ކިޔާ، އަދި ﷲ ފިޔަވައި އަޅުކަންވެވޭ އެހެން ހުރިހާ ފަރާތްތަކަށް ކާފަރުވެއްޖެ މީހާގެ މުދަލާއި ލެޔާއި ޙަރާމްވެއްޖެއެވެ. އަދި އޭނާގެ ޙިސާބު ބެއްލެވުންވަނީ ﷲ އަށެވެ."" رواه مسلم في صحيحه: 26.",
صحيح مسلم,24,"عن سَعِيدُ بْنُ الْمُسَيَّبِ، عَنْ أَبِيهِ، قَالَ لَمَّا حَضَرَتْ أَبَا طَالِبٍ الْوَفَاةُ جَاءَهُ رَسُولُ اللَّهِ ﷺ فَوَجَدَ عِنْدَهُ أَبَا جَهْلٍ وَعَبْدَ اللَّهِ بْنَ أَبِي أُمَيَّةَ بْنِ الْمُغِيرَةِ فَقَالَ رَسُولُ اللَّهِ ﷺ "" يَا عَمِّ قُلْ لاَ إِلَهَ إِلاَّ اللَّهُ . كَلِمَةً أَشْهَدُ لَكَ بِهَا عِنْدَ اللَّهِ "" . فَقَالَ أَبُو جَهْلٍ وَعَبْدُ اللَّهِ بْنُ أَبِي أُمَيَّةَ يَا أَبَا طَالِبٍ أَتَرْغَبُ عَنْ مِلَّةِ عَبْدِ الْمُطَّلِبِ . فَلَمْ يَزَلْ رَسُولُ اللَّهِ ﷺ يَعْرِضُهَا عَلَيْهِ وَيُعِيدُ لَهُ تِلْكَ الْمَقَالَةَ حَتَّى قَالَ أَبُو طَالِبٍ آخِرَ مَا كَلَّمَهُمْ هُوَ عَلَى مِلَّةِ عَبْدِ الْمُطَّلِبِ . وَأَبَى أَنْ يَقُولَ لاَ إِلَهَ إِلاَّ اللَّهُ . فَقَالَ رَسُولُ اللَّهِ ﷺ "" أَمَا وَاللَّهِ لأَسْتَغْفِرَنَّ لَكَ مَا لَمْ أُنْهَ عَنْكَ "" . فَأَنْزَلَ اللَّهُ عَزَّ وَجَلَّ { مَا كَانَ لِلنَّبِيِّ وَالَّذِينَ آمَنُوا أَنْ يَسْتَغْفِرُوا لِلْمُشْرِكِينَ وَلَوْ كَانُوا أُولِي قُرْبَى مِنْ بَعْدِ مَا تَبَيَّنَ لَهُمْ أَنَّهُمْ أَصْحَابُ الْجَحِيمِ} . وَأَنْزَلَ اللَّهُ تَعَالَى فِي أَبِي طَالِبٍ فَقَالَ لِرَسُولِ اللَّهِ ﷺ { إِنَّكَ لاَ تَهْدِي مَنْ أَحْبَبْتَ وَلَكِنَّ اللَّهَ يَهْدِي مَنْ يَشَاءُ وَهُوَ أَعْلَمُ بِالْمُهْتَدِينَ}‌.","ސައީދު ބިން މުސައްޔިބު އެކަލޭގެފާނުގެ ބައްޕާފުޅުގެ ކިބައިން ރިވާކުރައްވާފައިވެއެވެ. އަބޫ ޠާލިބު ގެ އަރިހަށް މަރު ހާޒިރުވުމުން ރަސޫލުﷲ ﷺ އެކަލޭގެފާނުގެ އަރިހަށް ވަދެވަޑައިގަތެވެ. އޭރު އެތަނުގައި އަބޫ ޖަހުލާ އަދި އަދި ޢަބްދުﷲ ބިން އަބީ އުމައްޔާ ބިން މުޣީރާވާތަން ދެކެވަޑައިގަތެވެ. ދެން ރަސޫލުﷲ ﷺ އެކަލޭގެފާނަށް ވިދާޅުވިއެވެ. "" އެބޮޑުބޭބޭއެވެ. لاَ إِلَهَ إِلاَّ اللَّهُ ކިޔާށެވެ. ﷲގެ ހަޒްރަތުގައި ތިމަންކަލޭގެފާނު ކަލޭގެފާނުގެ މައްޗަށް ހެކިވެވޭނެ ކަލިމައެކެވެ"" ދެން އަބޫ ޖަހުލާ އަދި ޢަބްދުﷲ ބިން އަބީ އުމައްޔާ ކިޔައިފިއެވެ. އޭ އަބޫ ޠާލިބެވެ. ޢަބްދުލްމުއްތަލިބުގެ މިއްލަތަށް ފުރަގަސް ދެނީ ހެއްޔެވެ؟ ދެން ރަސޫލުﷲ ﷺ އެކަލޭގެފާނުގެ މައްޗަށް އެކަލިމަ ކިޔުމަށް ހުށައަޅުއްވަމުން ދިޔައެވެ. އެއީ އެންމެ ފަހުން އަބޫ ތާލިބު އެބައިމީހުންނާ ވާހަކަދައްކަމުން ބުނި ބަހަކީ އެކަލޭގެފާނުވަނީ ޢަބްދުލްމުއްތަލިބުގެ މިއްލަތުގައި ކަމެވެ. އަދި لاَ إِلَهَ إِلاَّ اللَّهُ ކިޔަން ދެކޮޅު ހެދިއެވެ. ދެން ރަސޫލުﷲ ﷺ ޙަދީޘްކުރެއްވިއެވެ ""ތިމަންކަލޭގެފާނުގެ މައްޗަށް ނަހީނުކުރެއްވޭހާ ހިނދަކު ކަލޭގެފާނުގެ މައްޗަށް ފާފަ ފުއްސެވުން އެދި ދަންނަވާނަމެވެ"" ދެން ﷲ ޢައްޒަވަޖައްލަ މިއާޔަތް ބާވާލައްވައިފިއެވެ. { مَا كَانَ لِلنَّبِيِّ وَالَّذِينَ آمَنُوا أَنْ يَسْتَغْفِرُوا لِلْمُشْرِكِينَ وَلَوْ كَانُوا أُولِي قُرْبَى مِنْ بَعْدِ مَا تَبَيَّنَ لَهُمْ أَنَّهُمْ أَصْحَابُ الْجَحِيمِ} މާނައީ: ""ނަބިއްޔާއަކަށްވެސް، އަދި އީމާން ވި މީހުންނަކަށްވެސް މުޝްރިކުންނަށްޓަކައި ފާފަފުއްސެވުންއެދި ދުއާކުރެއްވުމެއް ނެތެވެ. އެއުރެންނީ ގާތްތިމާގެ މީހުންކަމުގައި ވީނަމަވެސްމެއެވެ. ހަމަކަށަވަރުން، އެއުރެންނީ ނަރަކައިގެ އަހުލު ވެރިންކަން އެއުރެންނަށް ފާޅުވެ އެނގުމަށްފަހުގައެވެ."" އަދި މިއާޔަތްބާވާލެއްވީ އަބޫ ތާލިބާމެދުގައި ކަމަށްވެސް ރަސޫލުﷲ ﷺ ޙަދީޘްކުރެއްވިއެވެ. { إِنَّكَ لاَ تَهْدِي مَنْ أَحْبَبْتَ وَلَكِنَّ اللَّهَ يَهْدِي مَنْ يَشَاءُ وَهُوَ أَعْلَمُ بِالْمُهْتَدِينَ}‌. މާނައީ: ""ހަމަކަށަވަރުން، ކަލޭގެފާނު ލޯބިވެވަޑައިގަންނަވާހާ މީހަކަށް ކަލޭގެފާނަކަށް ތެދުމަގެއް ނުދެއްކެވޭނެއެވެ. އެހެނެއްކަމަކު، ﷲ، އެކަލާނގެ އިރާދަކުރެއްވި އަޅަކަށް ތެދުމަގު ދައްކަވަތެވެ. އަދި ތެދުމަގު ލިބެނިވި މީހުން މޮޅަށް ދެނެވޮޑިގެންވަނީ އެކަލާނގެއެވެ.""",
صحيح مسلم,26,"عَنْ عُثْمَانَ، قَالَ قَالَ رَسُولُ اللَّهِ ﷺ "" مَنْ مَاتَ وَهُوَ يَعْلَمُ أَنَّهُ لاَ إِلَهَ إِلاَّ اللَّهُ دَخَلَ الْجَنَّةَ ""","ޢުޘްމާން ރަޟިޔަﷲ ޢަންހުގެ ކިބައިން ރިވާވެގެންވެއެވެ. އެކަލޭގެފާނު ވިދާޅުވިއެވެ. ރަސޫލުﷲ ﷺ ޙަދީޘްކުރެއްވިއެވެ. ""ﷲ ފިޔަވައި ޙައްގުގޮތުގައި އަޅުކަންވެވޭ އިލާހެއް ނުވާކަން(لاإله إلا الله) ދެނެހުރެ މަރުވާ މީހާ ސުވަރުގެ ވަދެއްޖެއެވެ""",
صحيح مسلم,38,حَدَّثَنَا أَبُو بَكْرِ بْنُ أَبِي شَيْبَةَ، وَأَبُو كُرَيْبٍ قَالَا: حَدَّثَنَا ابْنُ نُمَيْرٍ، (ح) وَحَدَّثَنَا قُتَيْبَةُ بْنُ سَعِيدٍ، وَإِسْحَاقُ بْنُ إِبْرَاهِيمَ جَمِيعًا، عَنْ جَرِيرٍ، (ح) وَحَدَّثَنَا أَبُو كُرَيْبٍ، حَدَّثَنَا أَبُو أُسَامَةَ كُلُّهُمْ، عَنْ هِشَامِ بْنِ عُرْوَةَ، عَنْ أَبِيهِ، عَنْ سُفْيَانَ بْنِ عَبْدِ اللهِ الثَّقَفِيِّ قَالَ: قُلْتُ: يَا رَسُولَ اللهِ، قُلْ لِي فِي الْإِسْلَامِ قَوْلًا لَا أَسْأَلُ عَنْهُ أَحَدًا بَعْدَكَ - وَفِي حَدِيثِ أَبِي أُسَامَةَ: غَيْرَكَ - قَالَ: قُلْ: آمَنْتُ بِاللهِ فَاسْتَقِمْ.,ސުފްޔާނު ބިން ޢަބްދު ﷲ އައްޘަގަފީ ރިވާ ކުރެއްވިއެވެ: ތިމަން ދެންނެވީމެވެ: އޭ ﷲގެ ރަސޫލާއެވެ. އިސްލާމް ދީނާއި ގުޅޭ ގޮތުން، އިބަ ރަސޫލާއަށް ފަހު އެހެން އެއްވެސް ފަރާތަކާ އިތުރަށް ސުވާލު ކުރަން ނުޖެހޭ ފަދަ (ޝާމިލު) ބަސްފުޅެއް ތިމަންނާއަށް ބުނެދެއްވާށެވެ. ނަބިއްޔާ ޙަދީޘް ކުރެއްވިއެވެ: ”ﷲ އަށް އީމާން ވެއްޖައީމުއޭ ބުނާށެވެ. އެއަށްފަހު (އެ އިލާހު އެންގެވި ގޮތުގެ މަތީ) ސާބިތުވެ ހުންނާށެވެ.“,
صحيح مسلم,39,حَدَّثَنَا قُتَيْبَةُ بْنُ سَعِيدٍ، حَدَّثَنَا لَيْثٌ، (ح) وَحَدَّثَنَا مُحَمَّدُ بْنُ رُمْحِ بْنِ الْمُهَاجِرِ، أَخْبَرَنَا اللَّيْثُ، عَنْ يَزِيدَ بْنِ أَبِي حَبِيبٍ، عَنْ أَبِي الْخَيْرِ، عَنْ عَبْدِ اللهِ بْنِ عَمْرٍو أَنَّ رَجُلًا سَأَلَ رَسُولَ اللهِ ﷺ: أَيُّ الْإِسْلَامِ خَيْرٌ؟ قَالَ تُطْعِمُ الطَّعَامَ، وَتَقْرَأُ السَّلَامَ عَلَى مَنْ عَرَفْتَ وَمَنْ لَمْ تَعْرِفْ.,ޢަބްދު ﷲ ބިން ޢަމްރު ރިވާ ކުރެއްވިއެވެ: ރަސޫލު ﷲ ﷺ އަރިހު މީހަކު ސުވާލު ކުރެއްވިއެވެ: އިސްލާމްކަމުގައި އެންމެ ހެޔޮވެގެންވަނީ ކޮންކަމެއްތޯއެވެ؟ ނަބިއްޔާ ޙަދީޘް ކުރެއްވިއެވެ: ”ތިބާ (އެހެން މީހުންނަށް) ކާން ދިނުމެވެ. އަދި ތިބާ ދަންނަ މީހުންނަށާއި ނުދަންނަ މީހުންނަށް ސަލާން ދިނުމެވެ.“,b12
صحيح مسلم,42,وَحَدَّثَنِي سَعِيدُ بْنُ يَحْيَى بْنِ سَعِيدٍ الْأُمَوِيُّ، قَالَ: حَدَّثَنِي أَبِي، حَدَّثَنَا أَبُو بُرْدَةَ بْنُ عَبْدِ اللهِ بْنِ أَبِي بُرْدَةَ بْنِ أَبِي مُوسَى، عَنْ أَبِي بُرْدَةَ، عَنْ أَبِي مُوسَى قَالَ: قُلْتُ يَا رَسُولَ اللهِ، أَيُّ الْإِسْلَامِ أَفْضَلُ؟ قَالَ: مَنْ سَلِمَ الْمُسْلِمُونَ مِنْ لِسَانِهِ وَيَدِهِ.,އަބޫ މޫސާ އަލްޢަޝަރީ ރިވާ ކުރެއްވިއެވެ: ތިމަން ދެންނެވީމެވެ: އޭ ﷲގެ ރަސޫލާއެވެ. އެންމެ ހެޔޮވެގެންވާ އިސްލާމްކަމަކީ ކޮބައިތޯއެވެ؟ ނަބިއްޔާ ޙަދީޘް ކުރެއްވިއެވެ: ”އެހެން މުސްލިމުން، އެ މީހެއްގެ ދުލާއި އަތުގެ (ނުބައިކަމުން) ސަލާމަތްކަން ލިބިގެންވާ މީހާ (ގެ އިސްލާމްކަމެވެ).“,b11
صحيح مسلم,44,لاَ يُؤْمِنُ أَحَدُكُمْ حَتَّى أَكُونَ أَحَبَّ إِلَيْهِ مِنْ وَلَدِهِ وَوَالِدِهِ وَالنَّاسِ أَجْمَعِينَ,އޭނާގެ ދަރިއާއި އޭނާގެ ބައްޕަ އަދި އެންމެހާ މީސްތަކުންނަށްވުރެ ވެސް ބޮޑަށް އޭނާއަށް، ތިމަންކަލޭގެފާނު ލޮބުވެތިކަން ބޮޑު ވެއްޖެއުމަށް ދާން ދެން، ތިޔަބައިމީހުން ކުރެ އެކަކުވެސް އީމާނެއް ނުވެއެވެ.,
صحيح مسلم,46,لا يَدْخُلُ الجَنَّةَ مَن لا يَأْمَنُ جارُهُ بَوائِقَهُ.,""" އެމީހެއްގެ ކެހިވެރިކަމާއި، ނުބައިކަމުން އެމީހެއްގެ އަވައްޓެރިން އަމަންއަމާންވެގެން ނުވާމީހާ ސުވަރުގެ ނުވަންނާނެވެ. """,
صحيح مسلم,47,"عَنْ عُبَادَةَ بن الصامت رضى الله عنه، عَنِ النَّبِيِّ ﷺ قَالَ "" مَنْ شَهِدَ أَنْ لاَ إِلَهَ إِلاَّ اللَّهُ وَحْدَهُ لاَ شَرِيكَ لَهُ، وَأَنَّ مُحَمَّدًا عَبْدُهُ وَرَسُولُهُ، وَأَنَّ عِيسَى عَبْدُ اللَّهِ وَرَسُولُهُ وَكَلِمَتُهُ، أَلْقَاهَا إِلَى مَرْيَمَ، وَرُوحٌ مِنْهُ، وَالْجَنَّةُ حَقٌّ وَالنَّارُ حَقٌّ، أَدْخَلَهُ اللَّهُ الْجَنَّةَ عَلَى مَا كَانَ مِنَ الْعَمَلِ ""‌.","ޢުބާދާ ބިން ޞާމިތު ރަޟިޔަﷲ ޢަންހުގެ ކިބައިން ރިވާވެގެންވެއެވެ. ނަބިއްޔާ ﷺ ޙަދީޘްކުރެއްވިއެވެ. : ""ﷲ ފިޔަވައި ޙައްގުގޮތުގައި އަޅުކަންވެވޭ އިލާހެއް އިލާހެއް ނުވާކަމަށާއި، އަދި އެއިލާހަކީ އެއްކައުވަންތަ ޝަރީކެއްނުވާ އިލާހެއްކަމަށާއި އަދި މުޙައްމަދު ގެފާނީ ﷲގެ އަޅާ އަދި ރަސޫލާ ކަމަށާއި އަދި، ހަމަކަށަވަރުން ޢީސާގެފަނީގެފާނަކީ ﷲގެ އަޅާ އަދި ރަސޫލާކަމަށާއި އަދި މަރްޔަމްގެފާނުގެ މައްޗަށް ދެއްވުނު ކަލިމަފުޅު ކަމަށާއި އަދި ﷲގެ ފަރާތުންވާ ރޫހެއްކަމަށާއި އަދި ސުވަރުގެ އަކީ ޙައްގުކަމަށާއި އަދި ނަރަކައަކީ ޙައްގުކަމަށް ހެކިވާ މީހާ، ﷲ ސުވަރުގެ ވައްދަވާނެއެވެ. އެއީ އޭނާ ކޮންމެ އަމަލެއްގެ މަތީގައި ވީ ކަމުގައިވިޔަސް މެއެވެ. (ތައުޙީދު ނަފީކުރާ އަމަލެއް ނުގެންނަހާ ހިނދަކުއެވެ)""",
صحيح مسلم,49,حَدَّثَنَا أَبُو بَكْرِ بْنُ أَبِي شَيْبَةَ، حَدَّثَنَا وَكِيعٌ، عَنْ سُفْيَانَ، (ح) وَحَدَّثَنَا مُحَمَّدُ بْنُ الْمُثَنَّى، حَدَّثَنَا مُحَمَّدُ بْنُ جَعْفَرٍ، حَدَّثَنَا شُعْبَةُ كِلَاهُمَا، عَنْ قَيْسِ بْنِ مُسْلِمٍ، عَنْ طَارِقِ بْنِ شِهَابٍ، وَهَذَا حَدِيثُ أَبِي بَكْرٍ قَالَ: أَوَّلُ مَنْ بَدَأَ بِالْخُطْبَةِ يَوْمَ الْعِيدِ قَبْلَ الصَّلَاةِ مَرْوَانُ، فَقَامَ إِلَيْهِ رَجُلٌ، فَقَالَ: الصَّلَاةُ قَبْلَ الْخُطْبَةِ، فَقَالَ: قَدْ تُرِكَ مَا هُنَالِكَ، فَقَالَ أَبُو سَعِيدٍ: أَمَّا هَذَا فَقَدْ قَضَى مَا عَلَيْهِ، سَمِعْتُ رَسُولَ اللهِ ﷺ يَقُولُ: مَنْ رَأَى مِنْكُمْ مُنْكَرًا فَلْيُغَيِّرْهُ بِيَدِهِ، فَإِنْ لَمْ يَسْتَطِعْ فَبِلِسَانِهِ، فَإِنْ لَمْ يَسْتَطِعْ فَبِقَلْبِهِ، وَذَلِكَ أَضْعَفُ الْإِيمَانِ.,އީދު ދުވަހު ނަމާދުގެ ކުރިން ޚުތުބާ ދޭން ފެއްޓީ މަރްވާން ބިން އަލްޙަކަމެވެ. (އެކަން ކުރުމުން) މީހަކު ތެދުވެ ދެންނެވިއެވެ: ނަމާދު ވަނީ ޚުތުބާގެ ކުރިންނެވެ. މަރްވާން ދެންނެވިއެވެ: ތިކަންތައް ވަނީ ދޫކުރެވިފައެވެ. ދެން އެއަށްފަހު އަބޫ ސައީދު އަލްޚުދްރީ ދެންނެވިއެވެ: (މަރްވާނަށް ވާހަކަ ދެއްކި) މި މީހާ ވަނީ އޭނާގެ މައްޗަށްވާ ވާޖިބު އަދާކޮށްފައެވެ. ރަސޫލު ﷲ ﷺ ޙަދީޘް ކުރައްވަނިކޮށް ތިމަން އަޑު އެހީމެވެ: ”ތިޔަބައިމީހުންގެ ތެރެއިން މީހަކަށް ނުބައިކަމެއް ފެނިއްޖެ ނަމަ، ފަހެ އޭނާގެ އަތުން އެ ކަމެއް ބަދަލު ކުރާށެވެ. ދެން (އެ ކަމަށް) ކުޅަދާނަވެގެން ނުވާ ނަމަ، ފަހެ އޭނާގެ ދުލުންނެވެ. ދެން (އެ ކަމަށް) ވެސް ކުޅަދާނަވެގެން ނުވާ ނަމަ، ފަހެ އޭނާގެ ހިތުންނެވެ. އަދި އެއީ އީމާންކަމުގެ އެންމެ ބަލިކަށި ދަރަޖައެވެ.“ (އެބަހީ: ފާފައެއް ކުރާތަން ފެނިއްޖެ ނަމަ، އަމަލީ ގޮތުން އެ ކަން ހުއްޓުވާށެވެ. ނުކުރެވޭ ނަމަ، ދެން އަނގަބަހުން ނުވަތަ ލިޔުމުން އެ ކަން ކުށްވެރިކޮށް، އޭގެ ނުބައިކަން ބަޔާން ކުރާށެވެ. އެވަރު ވެސް ނުކުރެވޭ ނަމަ، ދެން އެ ކަމަށް ނަފުރަތުކޮށް، އެ ކަން ހުއްޓުމަށް ހިތުން އެދޭށެވެ.),
صحيح مسلم,49,"عَنْ عُبَادَةَ بْنِ الصَّامِتِ، سَمِعْتُ رَسُولَ اللَّهِ ﷺ يَقُولُ "" مَنْ شَهِدَ أَنْ لاَ إِلَهَ إِلاَّ اللَّهُ وَأَنَّ مُحَمَّدًا رَسُولُ اللَّهِ حَرَّمَ اللَّهُ عَلَيْهِ النَّارَ "" .","ޢުބާދާ ބިން ޞާމިތު ރަޟިޔަﷲ ޢަންހުގެ ކިބައިން ރިވާވެގެންވެއެވެ. ރަސޫލުﷲ ﷺ ޙަދީޘްކުރައްވާ އަޑު ތިމަންކަލޭގެފާނު އަޑުއެއްސެވީމެވެ.: ""ޙައްގުގޮތުގައި އަޅުކަންވެވޭ އިލާހެއް ﷲ ފިޔަވައި ނުވާކަމަށް ހެކިވެ އަދި ތިމަންކަލޭގެފާނަކީ ﷲގެ ރަސޫލާކަމަށް ހެކިވާ މީހާގެ މައްޗަށް ﷲ ނަރަކަ ޙަރާމްކުރައްވާނެއެވެ.""",
صحيح مسلم,54,لا تَدْخُلُونَ الجَنَّةَ حتَّى تُؤْمِنُوا، ولا تُؤْمِنُوا حتَّى تَحابُّوا، أوَلا أدُلُّكُمْ علَى شيءٍ إذا فَعَلْتُمُوهُ تَحابَبْتُمْ؟ أفْشُوا السَّلامَ بيْنَكُمْ.,ތިޔަބައިމީހުން އީމާންވެއްޖައުމަށް ދާންދެން ސުވަރުގެ ނުވަންނަ ހުށްޓެވެ. އަދި ތިޔަބައިމީހުން އެކަކު އަނެކަކުދެކެ ލޯބި ވެއްޖައުމަށް ދާންދެން އީމާންވިކަމުގައި ނުވާނެއެވެ.,
صحيح مسلم,55,"عن أَنَسُ بْنُ مَالِكٍ، أَنَّ النَّبِيَّ ﷺ وَمُعَاذٌ رَدِيفُهُ عَلَى الرَّحْلِ قَالَ "" يَا مُعَاذُ بْنَ جَبَلٍ ""‌. قَالَ لَبَّيْكَ يَا رَسُولَ اللَّهِ وَسَعْدَيْكَ. قَالَ "" يَا مُعَاذُ ""‌. قَالَ لَبَّيْكَ يَا رَسُولَ اللَّهِ وَسَعْدَيْكَ. ثَلاَثًا. قَالَ "" مَا مِنْ أَحَدٍ يَشْهَدُ أَنْ لاَ إِلَهَ إِلاَّ اللَّهُ وَأَنَّ مُحَمَّدًا رَسُولُ اللَّهِ صِدْقًا مِنْ قَلْبِهِ إِلاَّ حَرَّمَهُ اللَّهُ عَلَى النَّارِ ""‌. قَالَ يَا رَسُولَ اللَّهِ، أَفَلاَ أُخْبِرُ بِهِ النَّاسَ فَيَسْتَبْشِرُوا قَالَ "" إِذًا يَتَّكِلُوا ""‌. وَأَخْبَرَ بِهَا مُعَاذٌ عِنْدَ مَوْتِهِ تَأَثُّمًا .","އަނަސް ބިން މާލިކް ރަޟިޔަﷲ ޢަންހުގެ ކިބައިން ރިވާވެގެންވެއެވެ. ހަމަކަށަވަރުން މުޢާޛުގެފާނު ރަސޫލުﷲ ﷺ ފަހަތްޕުޅުގައި އެކަލޭގެފާނުގެ ސަވާރީގައ އިންނެވިއެވެ. އެކަލޭގެފާނު ޙަދީޘްކުރެއްވިއެވެ. ""އޭ މުޢާޛު ބިން ޖަބަލެވެ"" އެކަލޭގެފާނު ޖަވާބުދެއްވިއެވެ. އޭ ރަސޫލުﷲއެވެ. (ލައްބައިކަ ވަ ސަޢްދައެކަ) ކަލޭގެފާނަށް އިޖާބަދެއްވަމެވެ. އުފާވެރިކަމަކަށްކަށްފަހު އުފާވެރިކަމަކުން އުފާކޮށްދެއްވާށެވެ."" އެކަލޭގެފާނު ވިދާޅުވިއެވެ: ""އޭ މުޢާޛެވެ"" އެކަލޭގެފާނު ޖަވާބުދެއްވިއެވެ. ""ކަލޭގެފާނަށް އިޖާބަށް ދެއްވަމެވެ. އުފާވެރިކަމަކަށްފަހު އުފާވެރިކަމަކުން އުފާކޮށްދެއްވާށެވެ"" ތިންފަހަރުއެވެ. ޙަދީޘްކުރެއްވިއެވެ. ""އަޅަކު لا إله إلا الله (ﷲ ފިޔަވައި ޙައްގުގޮތުގައި އަޅުކަންވެވޭ އިލާހެއްނުވާކަމަށް) އަދި ހަމަކަށަވަރުން މުޙައްމަދުގެފާނީ ﷲގެ ރަސޫލާކަމަށް އޭނާގެ ހިތުން ތެދުކުރާ ހާލު ހެކިވެއްޖެނަމަ ﷲ އެމީހެއްގެ މައްޗަށް ނަރަކަ ޙަރާމްކުރައްވައެވެ"" މުޢާޛުގެފާނު ވިދާޅުވިއެވެ.: އޭ ރަސޫލުﷲ އެވެ. މީސްތަކުންނަށް ތިކަމުގެ ޚަބަރުދެއްވަން ހެއްޔެވެ؟ ދެން މީސްތަކުން އެކަމާ އުފާކުރާނެއެވެ. ޙަދީޘްކުރެއްވިއެވެ: ""ދެން މީސްތަކުން އެކަމުގެ މައްޗަށް އެކަނި ބަރޯސާވެދާނެއެވެ"" ދެން މުޢާޛުގެފާނު އެކަލޭގެފާނުގެ މަރުމަތީގައި ފާފަވެދާނެތީ އެވާހަކަ ބަޔާންކޮށްދެއްވިއެވެ.",
صحيح مسلم,58,حَدَّثَنَا أَبُو بَكْرِ بْنُ أَبِي شَيْبَةَ، حَدَّثَنَا عَبْدُ اللهِ بْنُ نُمَيْرٍ، (ح) وَحَدَّثَنَا ابْنُ نُمَيْرٍ، حَدَّثَنَا أَبِي، حَدَّثَنَا الْأَعْمَشُ، (ح) وَحَدَّثَنِي زُهَيْرُ بْنُ حَرْبٍ، حَدَّثَنَا وَكِيعٌ، حَدَّثَنَا سُفْيَانُ، عَنِ الْأَعْمَشِ، عَنْ عَبْدِ اللهِ بْنِ مُرَّةَ، عَنْ مَسْرُوقٍ، عَنْ عَبْدِ اللهِ بْنِ عَمْرٍو قَالَ: قَالَ رَسُولُ اللهِ ﷺ: أَرْبَعٌ مَنْ كُنَّ فِيهِ كَانَ مُنَافِقًا خَالِصًا، وَمَنْ كَانَتْ فِيهِ خَلَّةٌ مِنْهُنَّ كَانَتْ فِيهِ خَلَّةٌ مِنْ نِفَاقٍ حَتَّى يَدَعَهَا: إِذَا حَدَّثَ كَذَبَ، وَإِذَا عَاهَدَ غَدَرَ، وَإِذَا وَعَدَ أَخْلَفَ، وَإِذَا خَاصَمَ فَجَرَ. غَيْرَ أَنَّ فِي حَدِيثِ سُفْيَانَ: وَإِنْ كَانَتْ فِيهِ خَصْلَةٌ مِنْهُنَّ كَانَتْ فِيهِ خَصْلَةٌ مِنَ النِّفَاقِ.,ޢަބްދު ﷲ ބިން ޢަމްރު رَضِيَ اللَّهُ عَنْهُمَا ރިވާ ކުރެއްވިއެވެ: ނަބިއްޔާ ﷺ ޙަދީޘް ކުރެއްވިއެވެ: ”ހަތަރު ސިފައެއް ހުރެއްޖެ މީހަކީ މުނާފިގެކެވެ. އަދި އެއިން (އެންމެ) ސިފައެއް ހުއްޓަސް، އެ ސިފަ ދޫކޮށްފުމަށް ދާންދެން އޭނާގެ ކިބައިގައި އެ ހުރީ މުނާފިގުކަމުގެ ސިފައެކެވެ. (އެ ހަތަރު ސިފައަކީ) އޭނާ ވާހަކައެއް ދައްކައިފި ނަމަ، ދޮގު ހަދާނެއެވެ. އަދި ޢަހުދެއް (އެއްބަސްވުމެއް) ވެއްޖެ ނަމަ، ޚިޔާނާތްތެރި ވާނެއެވެ. އަދި ވަޢުދެއް ވެއްޖެ ނަމަ، ޚިލާފު ވާނެއެވެ. އަދި އަރައިރުމެއް ވެއްޖެ ނަމަ، (ހައްދުފަހަނަޅައި) ހުތުރު އެއްޗެހި ގޮވާނެއެވެ.“,b34
صحيح مسلم,60,"عَن أَبِي هُرَيْرَةَ قَالَ، قَالَ رَسُولُ اللَّهِ ﷺ "" الإِيمَانُ بِضْعٌ وَسَبْعُونَ (أَوْ بِضْعٌ وَسِتُّونَ) شُعْبَةً فَأَفْضَلُهَا قَوْلُ لاَ إِلَهَ إِلاَّ اللَّهُ وَأَدْنَاهَا إِمَاطَةُ الأَذَى عَنِ الطَّرِيقِ وَالْحَيَاءُ شُعْبَةٌ مِنَ الإِيمَانِ ""","އަބޫ ހުރައިރާ ރަޟިޔަﷲ ޢަންހުގެ ކިބައިން ރިވާވެގެންވެއެވެ. އެކަލޭގެފާނު ވިދާޅުވިއެވެ. ރަސޫލުﷲ ﷺ ޙަދީޘްކުރެއްވިއެވެ: ""އީމާންކަމަކީ ހަތްދިހަ ތިނަކާއި ހަތްދިހަ ނުވަބައި މިންވަރަށް (ނުވަތަ ފަސްދޮޅަސް ތިނަކާއި ފަސްދޮޅަސް ނުވައަކާއި މިންވަރަށް އެދެމެދުގެ ޢަދަދަކަށް) ބައިވެއެވެ. ފަހެ އެންމެ މޮޅު އިތުރުވެގެންވާ ބަޔަކީ لاإله إلا الله ކިޔުމެވެ. އަދި އެންމެ ދަށް މިންވަރަކީ މަގުމަތިން އުނދަގޫ ދޭ ކުނިކޮޅެއް(ނުވަތަ އެނޫން އެއްޗެއް) އެއްފަރާތް ކޮށްލުމެވެ. އަދި ލަދުވެތިކަމަކީ އީމާންކަމުގެ ބައިތަކުގެ ތެރެއިން ބަޔެކެވެ""",
صحيح مسلم,82,بيْنَ الرَّجُلِ وبيْنَ الشِّرْكِ وَالْكُفْرِ تَرْكُ الصَّلَاةِ.,މީހާއާ، ޝިރުކާއި ކުފުރާއި ދެމެދުގައިވަނީ ނަމާދު އެޅުމެވެ.,
صحيح مسلم,82,عَنْ جَابِرٍ أَنَّ النَّبِيَّ صَلَّى اللَّهُ عَلَيْهِ وَسَلَّمَ قَالَ إِنَّ بَيْنَ الرَّجُلِ وَبَيْنَ الشِّرْكِ وَالْكُفْرِ تَرْكَ الصَّلَاةِ,ހަމަކަށަވަރުން މީހާއާއި، ޝިރުކާއި އަދި ކާފަރުކަމާއި ދެމެދުގައިވާ ހުރަހަކީ ނަމާދެވެ.”,
صحيح مسلم,83,"عَنْ أَبِي هُرَيْرَةَ، أَنَّ رَسُولَ اللَّهِ ﷺ سُئِلَ أَىُّ الْعَمَلِ أَفْضَلُ فَقَالَ "" إِيمَانٌ بِاللَّهِ وَرَسُولِهِ ""‌. قِيلَ ثُمَّ مَاذَا قَالَ "" الْجِهَادُ فِي سَبِيلِ اللَّهِ ""‌. قِيلَ ثُمَّ مَاذَا قَالَ "" حَجٌّ مَبْرُورٌ ""‌.","އަބޫ ހުރައިރާ ރަޟިޔަﷲ ޢަންހުގެ ކިބައިން ރިވާވެގެންވެއެވެ. ހަމަކަށަވަރުން ރަސޫލުﷲ ﷺ ގެ އަރިހުން ސުވާލުދެންނެވުނެވެ. އެންމެ މޮޅު އިތުރުވެގެންވާ އަމަލަކީ ކޮބައިތޯއެވެ؟ ޙަދީޘްކުރެއްވިއެވެ.: ""ﷲއާ އެ އިލާހުގެ ރަސޫލާއަށް އީމާންވުމެވެ."" ދެންނެވުނެވެ. ދެން ކޮންކަމެއް ހެއްޔެވެ؟ ޙަދީޘްކުރެއްވިއެވެ. ""ﷲގެ މަގުގައި ޖިހާދުކުރުމެވެ. "" ދެންނެވުނެވެ. ދެން ކޮންކަމެއް ހެއްޔެވެ؟ ޙަދީޘްކުރެއްވިއެވެ. ""މަބްރޫރު ޙައްޖެކެވެ.""",
صحيح مسلم,84,"عَنْ أَبِي ذَرٍّ ـ رضى الله عنه ـ قَالَ سَأَلْتُ النَّبِيَّ ﷺ أَىُّ الْعَمَلِ أَفْضَلُ، قَالَ "" إِيمَانٌ بِاللَّهِ، وَجِهَادٌ فِي سَبِيلِهِ ""‌. قُلْتُ فَأَىُّ الرِّقَابِ أَفْضَلُ قَالَ "" أَغْلاَهَا ثَمَنًا، وَأَنْفَسُهَا عِنْدَ أَهْلِهَا ""‌. قُلْتُ فَإِنْ لَمْ أَفْعَلْ. قَالَ "" تُعِينُ صَانِعًا أَوْ تَصْنَعُ لأَخْرَقَ ""‌. قَالَ فَإِنْ لَمْ أَفْعَلْ. قَالَ "" تَدَعُ النَّاسَ مِنَ الشَّرِّ، فَإِنَّهَا صَدَقَةٌ تَصَدَّقُ بِهَا عَلَى نَفْسِكَ ""","އަބޫ ޛައްރު ރަޟިޔަﷲ ޢަންހުގެ ކިބައިން ރިވާވެގެންވެއެވެ. ތިމަންކަލޭގެފާނު ނަބިއްޔާ ﷺ ގެ އަރިހުން ސުވާލުކުރެއްވީމެވެ. އެންމެ މޮޅު އިތުރުވެގެންވާ އަމަލަކީ ކޮބައިތޯއެވެ؟ ޙަދީޘްކުރެއްވިއެވެ. ""ﷲއަށް އީމާންވުމެވެ. އަދި ﷲގެ މަގުގައި ޖިހާދުކުރުމެވެ."" ދެން ތިމަންކަލޭގެފާނު ދެންނެވީމެވެ. މިނިވަންކުރަން އެންމެ މޮޅު އިތުރުވެގެންވަނީ ކޮން އަޅެއް ހެއްޔެވެ؟ ޙަދީޘްކުރެއްވިއެވެ. ""އެންމެ އަގުބޮޑު އޭނާގެ އަހުލުވެރިންނަށް އެންމެ ބޭނުންތެރި(އަގުހުރި) އަޅެކެވެ"" ތިމަންކަލޭގެފާނު ދެންނެވީމެވެ. އެކަން ތިމަންކަލޭގެފާނަށް ކުރުމުގެ ކުޅަދާނަކަން ނުލިބިއްޖެނަމަ (ހަދާނީ ކިހިނެއް ހެއްޔެވެ؟) ޙަދީޘްކުރެއްވިއެވެ. ""އެއްޗެހި އުފައްދާ (މަސައްކަތު) މީހަކަށް އެހީވާށެވެ. ނުވަތަ ކަމެއްކުރަން ނޭންގޭ މީހަކަށް އެކަންކޮށްދޭށެވެ."" ތިމަންކަލޭގެފާނު ދެންނެވީމެވެ. އެކަން ތިމަންކަލޭގެފާނަށް ކުރުމުގެ ކުޅަދާނަކަން ނުލިބިއްޖެނަމަ (ހަދާނީ ކިހިނެއް ހެއްޔެވެ؟) ޙަދީޘްކުރެއްވިއެވެ. ""މީހުންނަށް ގެއްލުން ދިނުމުން ދުރުވެގަންނާށެވެ. ފަހެ އެެއީ ތިބާގެ ނަފުސުުގެ މައްޗަށް ޞަދަގާތްކުރެވޭ ޞަދަގާތެކެވެ.""",
صحيح مسلم,110,حَدَّثَنَا يَحْيَى بْنُ يَحْيَى، أَخْبَرَنَا مُعَاوِيَةُ بْنُ سَلَّامِ بْنِ أَبِي سَلَّامٍ الدِّمَشْقِيُّ، عَنْ يَحْيَى بْنِ أَبِي كَثِيرٍ أَنَّ أَبَا قِلَابَةَ أَخْبَرَهُ أَنَّ ثَابِتَ بْنَ الضَّحَّاكِ أَخْبَرَهُ أَنَّهُ بَايَعَ رَسُولَ اللهِ ﷺ تَحْتَ الشَّجَرَةِ، وَأَنَّ رَسُولَ اللهِ ﷺ قَالَ: مَنْ حَلَفَ عَلَى يَمِينٍ بِمِلَّةٍ غَيْرِ الْإِسْلَامِ كَاذِبًا فَهُوَ كَمَا قَالَ، وَمَنْ قَتَلَ نَفْسَهُ بِشَيْءٍ عُذِّبَ بِهِ يَوْمَ الْقِيَامَةِ، وَلَيْسَ عَلَى رَجُلٍ نَذْرٌ فِي شَيْءٍ لَا يَمْلِكُهُ.,ޘާބިތު ބިން އައްޟައްޙާކު ރިވާ ކުރެއްވިއެވެ: ގަސްދޮށުގައި (ބައިޢަތުލް ރިޟްވާނުގައި) ރަސޫލު ﷲ ﷺ އަށް ޘާބިރު ބައިޢަތު ހިފިއެވެ. އަދި ނަބިއްޔާ ޙަދީޘް ކުރެއްވިއެވެ: ”އިސްލާމް ދީން ނޫން ދީނެއްގެ މަތީގައި މީހާކު ވާނޭކަމަށް އޭނާ (އަމިއްލައަށް) ދޮގު ހުވައެއް ކޮށްފިނަމަ، ފަހެ އެ މީހާ ވާނީ ހަމަ އެ ބުނި ފަދަ މީހަކަށެވެ. އަދި އެއްޗަކުން މީހެއްގެ އަމިއްލަ ނަފްސު ގަތުލުކޮށްފި ނަމަ، ފަހެ ގިޔާމަތް ދުވަހު (ނަރަކައިގައި) އޭގެން އަޒާބު ދެވޭނެއެވެ. އަދި މީހަކަށް މިލްކު ނުވާ އެއްޗެއްގެ މައްޗަށް ނަދުރެއް ނުވެއެވެ.“,
صحيح مسلم,142,ما مِن عَبْدٍ يَسْتَرْعِيهِ اللَّهُ رَعِيَّةً، يَمُوتُ يَومَ يَمُوتُ وهو غاشٌّ لِرَعِيَّتِهِ، إلَّا حَرَّمَ اللَّهُ عليه الجَنَّةَ.,ﷲތަޢާލާ ބަޔަކު ބެލެހެއްޓުން އަޅަކާއި ޙަވާލުކުރެއްވުމަށްފަހު، އޭނާ މަރުވާދުވަހު އެމަރުވަނީ އޭނާއާއި ބަލަހައްޓަން ޙަވާލުކުރެވުނު ބަޔެއްގެ މައްޗަށް ޙިޔާނާތްތެރިވެގެންވާ ހާލު ކަމުގައި ވެއްޖެނަމަ ﷲ ތަޢާލާ އެމީހެއްގެ މައްޗަށް ސުވަރުގެ ޙަރާމް ކުރެއްވިއެވެ.,
صحيح مسلم,153,حَدَّثَنِي يُونُسُ بْنُ عَبْدِ الْأَعْلَى ، أَخْبَرَنَا ابْنُ وَهْبٍ قَالَ : وَأَخْبَرَنِي عَمْرٌو أَنَّ أَبَا يُونُسَ حَدَّثَهُ عَنْ أَبِي هُرَيْرَةَ عَنْ رَسُولِ اللهِ صَلَّى اللهُ عَلَيْهِ وَسَلَّمَ أَنَّهُ قَالَ : وَالَّذِي نَفْسُ مُحَمَّدٍ بِيَدِهِ لَا يَسْمَعُ بِي أَحَدٌ مِنْ هَذِهِ الْأُمَّةِ يَهُودِيٌّ وَلَا نَصْرَانِيٌّ ، ثُمَّ يَمُوتُ وَلَمْ يُؤْمِنْ بِالَّذِي أُرْسِلْتُ بِهِ إِلَّا كَانَ مِنْ أَصْحَابِ النَّارِ .,"ރަސޫލާ ﷺ ޙަދީޘްކުރައްވާފައިވެއެވެ. «وَالَّذِي نَفْسُ مُحَمَّدٍ بِيَدِهِ، لَا يَسْمَعُ بِي أَحَدٌ مِنْ هَذِهِ الْأُمَّةِ يَهُودِيٌّ، وَلَا نَصْرَانِيٌّ، ثُمَّ يَمُوتُ وَلَمْ يُؤْمِنْ بِالَّذِي أُرْسِلْتُ بِهِ، إِلَّا كَانَ مِنْ أَصْحَابِ النَّارِ» މާނައީ: ""މުޙައްމަދުގެފާނުގެ ނަފްސުފުޅު އެފަރާތެއްގެ އަތްޕުޅުގައިވާ ފަރާތް ގަންދެއްވާ ވިދާޅުވަމެވެ! މިއުއްމަތުން އެއްވެސް މީހަކު -ޔަހޫދީއެއްވިޔަސް ނަޞާރާއެއްވިޔަސް- ތިމަންކަލޭގެފާނު އަޑުއަހާ، ދެން ތިމަންކަލޭގެފާނު އެކަމަކާއިގެން ފޮނުއްވުނު ކަންތަކަށް އީމާންނުވާ ހާލު އޭނާ މަރުވެއްޖެނަމަ، ނަރަކައިގެ އަހުލުވެރިންގެ ތެރެއިން މެނުވީ އޭނާ ނުވެއެވެ.""",
صحيح مسلم,160,حَدَّثَنِي أَبُو الطَّاهِرِ أَحْمَدُ بْنُ عَمْرِو بْنِ عَبْدِ اللهِ بْنِ عَمْرِو بْنِ سَرْحٍ، أَخْبَرَنَا ابْنُ وَهْبٍ قَالَ: أَخْبَرَنِي يُونُسُ، عَنِ ابْنِ شِهَابٍ قَالَ: حَدَّثَنِي عُرْوَةُ بْنُ الزُّبَيْرِ أَنَّ عَائِشَةَ زَوْجَ النَّبِيِّ ﷺ أَخْبَرَتْهُ أَنَّهَا قَالَتْ: كَانَ أَوَّلُ مَا بُدِئَ بِهِ رَسُولُ اللهِ ﷺ مِنَ الْوَحْيِ: الرُّؤْيَا الصَّادِقَةَ فِي النَّوْمِ، فَكَانَ لَا يَرَى رُؤْيَا إِلَّا جَاءَتْ مِثْلَ فَلَقِ الصُّبْحِ، ثُمَّ حُبِّبَ إِلَيْهِ الْخَلَاءُ، فَكَانَ يَخْلُو بِغَارِ حِرَاءٍ يَتَحَنَّثُ فِيهِ، وَهُوَ التَّعَبُّدُ اللَّيَالِيَ أُولَاتِ الْعَدَدِ، قَبْلَ أَنْ يَرْجِعَ إِلَى أَهْلِهِ، وَيَتَزَوَّدُ لِذَلِكَ، ثُمَّ يَرْجِعُ إِلَى خَدِيجَةَ فَيَتَزَوَّدُ لِمِثْلِهَا، حَتَّى فَجِئَهُ الْحَقُّ، وَهُوَ فِي غَارِ حِرَاءٍ، فَجَاءَهُ الْمَلَكُ، فَقَالَ: اقْرَأْ، قَالَ: مَا أَنَا بِقَارِئٍ، قَالَ: فَأَخَذَنِي فَغَطَّنِي حَتَّى بَلَغَ مِنِّي الْجَهْدُ، ثُمَّ أَرْسَلَنِي، فَقَالَ: اقْرَأْ، قَالَ: قُلْتُ: مَا أَنَا بِقَارِئٍ، قَالَ: فَأَخَذَنِي فَغَطَّنِي الثَّانِيَةَ حَتَّى بَلَغَ مِنِّي الْجَهْدُ، ثُمَّ أَرْسَلَنِي، فَقَالَ: اقْرَأْ، فَقُلْتُ: مَا أَنَا بِقَارِئٍ، فَأَخَذَنِي فَغَطَّنِي الثَّالِثَةَ حَتَّى بَلَغَ مِنِّي الْجَهْدُ، ثُمَّ أَرْسَلَنِي، فَقَالَ: { اقْرَأْ بِاسْمِ رَبِّكَ الَّذِي خَلَقَ * خَلَقَ الإِنْسَانَ مِنْ عَلَقٍ * اقْرَأْ وَرَبُّكَ الأَكْرَمُ * الَّذِي عَلَّمَ بِالْقَلَمِ * عَلَّمَ الإِنْسَانَ مَا لَمْ يَعْلَمْ } فَرَجَعَ بِهَا رَسُولُ اللهِ ﷺ تَرْجُفُ بَوَادِرُهُ، حَتَّى دَخَلَ عَلَى خَدِيجَةَ، فَقَالَ: زَمِّلُونِي زَمِّلُونِي، فَزَمَّلُوهُ حَتَّى ذَهَبَ عَنْهُ الرَّوْعُ، ثُمَّ قَالَ لِخَدِيجَةَ: أَيْ خَدِيجَةُ، مَا لِي، وَأَخْبَرَهَا الْخَبَرَ، قَالَ: لَقَدْ خَشِيتُ عَلَى نَفْسِي، قَالَتْ لَهُ خَدِيجَةُ: كَلَّا، أَبْشِرْ، فَوَاللهِ لَا يُخْزِيكَ اللهُ أَبَدًا، وَاللهِ إِنَّكَ لَتَصِلُ الرَّحِمَ، وَتَصْدُقُ الْحَدِيثَ، وَتَحْمِلُ الْكَلَّ، وَتَكْسِبُ الْمَعْدُومَ، وَتَقْرِي الضَّيْفَ، وَتُعِينُ عَلَى نَوَائِبِ الْحَقِّ، فَانْطَلَقَتْ بِهِ خَدِيجَةُ حَتَّى أَتَتْ بِهِ وَرَقَةَ بْنَ نَوْفَلِ بْنِ أَسَدِ بْنِ عَبْدِ الْعُزَّى، وَهُوَ ابْنُ عَمِّ خَدِيجَةَ أَخِي أَبِيهَا، وَكَانَ امْرَأً تَنَصَّرَ فِي الْجَاهِلِيَّةِ، وَكَانَ يَكْتُبُ الْكِتَابَ الْعَرَبِيَّ، وَيَكْتُبُ مِنَ الْإِنْجِيلِ بِالْعَرَبِيَّةِ مَا شَاءَ اللهُ أَنْ يَكْتُبَ، وَكَانَ شَيْخًا كَبِيرًا قَدْ عَمِيَ، فَقَالَتْ لَهُ خَدِيجَةُ: أَيْ عَمِّ، اسْمَعْ مِنَ ابْنِ أَخِيكَ، قَالَ وَرَقَةُ بْنُ نَوْفَلٍ: يَا ابْنَ أَخِي، مَاذَا تَرَى؟ فَأَخْبَرَهُ رَسُولُ اللهِ ﷺ خَبَرَ مَا رَآهُ، فَقَالَ لَهُ وَرَقَةُ: هَذَا النَّامُوسُ الَّذِي أُنْزِلَ عَلَى مُوسَى ﷺ، يَا لَيْتَنِي فِيهَا جَذَعًا، يَا لَيْتَنِي أَكُونُ حَيًّا حِينَ يُخْرِجُكَ قَوْمُكَ، قَالَ رَسُولُ اللهِ ﷺ: أَوَمُخْرِجِيَّ هُمْ؟ قَالَ وَرَقَةُ: نَعَمْ، لَمْ يَأْتِ رَجُلٌ قَطُّ بِمَا جِئْتَ بِهِ، إِلَّا عُودِيَ، وَإِنْ يُدْرِكْنِي يَوْمُكَ أَنْصُرْكَ نَصْرًا مُؤَزَّرًا.,ނަބިއްޔާ ﷺ ގެ އަނބިކަނބަލުން ޢާއިޝާ ރިވާ ކުރެއްވިއެވެ: ރަސޫލު ﷲ ﷺ އަށް އެންމެ ފުރަތަމަ ވަހީ ބާވައިލެވެން ފެއްޓުނީ، އަވަހާރަފުޅުލައްޕަވަނިކޮށް ފެނިވަޑައިގަންނަވާ ތެދު ހުވަފެންފުޅުތަކުންނެވެ. ނަބިއްޔާއަށް ހުވަފެންފުޅެއް ފެނިވަޑައިގަންނަވާ ނަމަ، އެކަން ހެނދުނުގެ އަލިކަން ފަދައިން (ޙަގީގަތަށްވެ) ނައިސް ނުދެއެވެ. އެއަށްފަހު ނަބިއްޔާ އެކަހެރިވެ އިންނެވުމަށް ލޯބި ޖެއްސެވުނެވެ. އަދި ޙިރާ ފަރުބަދައިގެ ހޮހަޅައިގައި އެކަހެރިވެ، އެތައް ރޭތަކެއް ވާންދެން އެ ތަނުގައި އަޅުކަން ކުރައްވަން ހުންނެވިއެވެ. އެއަށްފަހު އަހުލުވެރިން ގާތަށް ވަޑައިގެން ދަތުރުގެ ކޮއްތު ތައްޔާރު ކުރައްވައި އަނބުރާ އެ ތަނަށްވަޑައިގަންނަވައެވެ. ހަމަ އެފަދައިން އަނެއްކާ ޚަދީޖާގެ ގާތަށް ވަޑައިގެން، ދަތުރުގެ ކޮއްތު ތައްޔާރު ކުރައްވައި އަނބުރާ އެ ތަނަށްވަޑައިގަންނަވައެވެ. އެހެން ގޮސް، ޙިރާ ފަރުބަދައިގެ ހޮހަޅައިގައި ހުންނަވަނިކޮށް ކުއްލި ގޮތަކަށް އެކަލޭގެފާނަށް ޙައްގުތެދު އަތުވެއްޖެއެވެ. ދެން އެ ހޮހަޅައަށް މަލާއިކަތާ (ޖިބްރީލު) ވަޑައިގެން ދެންނެވިއެވެ: ކިޔަވައި ވިދާޅުވާށެވެ. ނަބިއްޔާ ﷺ ދެންނެވިއެވެ: ”ތިމަންކަލޭގެފާނީ ކިޔަވައި ވިދާޅުވަން ދެނެވަޑައިގަންނަވާ ބޭކަލެއް ނޫނެވެ.“ ނަބިއްޔާ ޙަދީޘް ކުރެއްވިއެވެ: ”ދެން އެ މަލާއިކަތާ ތިމަން ނަބިއްޔާ ހާސްފުޅުވަންދެން (ހަށިކޮޅުގައި) ހިއްޕަވައި ފިއްތަވައިލެއްވިއެވެ. އެއަށްފަހު ދޫކޮށްލަވާފައި ދެންނެވިއެވެ: ކިޔަވައި ވިދާޅުވާށެވެ. ތިމަން ނަބިއްޔާ ދެންނެވީމެވެ: ތިމަންކަލޭގެފާނީ ކިޔަވައި ވިދާޅުވަން ދެނެވަޑައިގަންނަވާ ބޭކަލެއް ނޫނެވެ. ދެން ދެވަނަ ފަހަރަށް ތިމަން ނަބިއްޔާ ހާސްފުޅުވަންދެން (ހަށިކޮޅުގައި) ހިއްޕަވައި ފިއްތަވައިލެއްވިއެވެ. އެއަށްފަހު ދޫކޮށްލަވާފައި ދެންނެވިއެވެ: ކިޔަވައި ވިދާޅުވާށެވެ. ތިމަން ނަބިއްޔާ ދެންނެވީމެވެ: ތިމަންކަލޭގެފާނީ ކިޔަވައި ވިދާޅުވަން ދެނެވަޑައިގަންނަވާ ބޭކަލެއް ނޫނެވެ. ދެން ތިންވަނަ ފަހަރަށް ތިމަން ނަބިއްޔާ ހާސްފުޅުވަންދެން (ހަށިކޮޅުގައި) ހިއްޕަވައި ފިއްތަވައިލެއްވިއެވެ. އެއަށްފަހު ދޫކޮށްލަވާފައި ދެންނެވިއެވެ:“ ❞އިބަ ނަބިއްޔާގެ ރައްބުގެ އިސްމުފުޅުން އިބަ ނަބިއްޔާ ކިޔަވައި ވިދާޅުވާށެވެ. އެ އިލާހީ (އެންމެހައި ތަކެތި) އުފެއްދެވި އިލާހެވެ. އެ އިލާހު އިންސާނާ އުފެއްދެވީ ގަނޑު ލޭކޮޅަކުންނެވެ. އިބަ ނަބިއްޔާ ކިޔަވައި ވިދާޅުވާށެވެ. އަދި އިބަ ނަބިއްޔާގެ ރައްބަކީ، އެންމެ ދީލަތިވަންތަ އިލާހެވެ. އެ އިލާހީ ގަލަމުން (ލިޔަން) އުނގަންނަވައިދެއްވި އިލާހެވެ. އިންސާނާއަށް އޭނާ ނުދަންނަ ކަންތައް، އެ އިލާހު އުނގަންވައިދެއްވިއެވެ.❝ ދެން ރަސޫލު ﷲ ﷺ ލަގޮނޑިފުޅު ތުރުތުރު އަޅުއްވާ ހާލު، އެ އާޔަތްތަކާއެކު އެނބުރި ޚަދީޖާގެ ގާތަށް ވަދެވަޑައިގެން ދެންނެވިއެވެ: ”ތިމަން ކަލޭގެފާނުގެ ހަށިކޮޅުގައި ރަޖާ ތުރުކުރައްވައި ދެއްވާށެވެ. ތިމަން ކަލޭގެފާނުގެ ހަށިކޮޅުގައި ރަޖާ ތުރުކުރައްވައި ދެއްވާށެވެ.“ ދެން ނަބިއްޔާގެ ކިބައިން ބިރުފުޅު ފިލައްޖައުމަށް ދާންދެން ހަށިކޮޅުގައި ރަޖާ ތުރުކުރެއްވިއެވެ. ނަބިއްޔާ ދެންނެވިއެވެ: ”އޭ ޚަދީޖާއެވެ. ތިމަން ކަލޭގެފާނަށް މިވީ ކިހިނެއްބާވައެވެ.“ އަދި ޚަދީޖާއަށް ކަން ހިނގި ގޮތުގެ ޚަބަރު ދެއްވިއެވެ. އަދި ދެންނެވިއެވެ: ”ހަމަކަށަވަރުން ތިމަން ކަލޭގެފާނުގެ ފުރާނަފުޅަށް ނުރައްކާ ވެދާނެކަމަށް ބިރުފުޅުގަތީމެވެ.“ ޚަދީޖާ ދެންނެވިއެވެ: ހަމަހިލާ އެހެނެންނަކުން ނުވާނެވެ. ކަލޭގެފާނު އުފާވެރިކަމުގެ ޚަބަރު ލިބިގަންނާށެވެ. ﷲ ގަންދީ ބުނަމެވެ. ދުވަހަކު ވެސް ﷲ ކަލޭގެފާނު ގެއްލެނި ނުކުރައްވާނެއެވެ. ހަމަކަށަވަރުން ކަލޭގެފާނު ރަޙިމުގެ ގުޅުން ދަމަހައްޓަވައެވެ. އަދި ތެދުބަސްފުޅު ވިދާޅުވެއެވެ. އަދި ނިކަމެތިންގެ ބުރަ އުފުއްލަވައެވެ. އަދި ނުލިބޭ މީހުންނަށް އެހީތެރިކަން ފޯރުވައި ދެއްވައެވެ. އަދި މެހެމާނުންނަށް ކަމޭހިއްތަވައެވެ. އަދި (މީސްތަކުންގެ) ޙައްގުތަކުގައި އެހީތެރިވެލައްވައެވެ. ދެން ޚަދީޖާ، ނަބިއްޔާއައިގެން އެ ކަމަނާގެ ބައްޕަ ފަރާތު ބޮޑުބޭބެގެ ދަރި ވަރަގާ ބިން ނައުފަލު ބިން އަސަދު ބިން ޢަބްދުލް ޢުއްޒާގެ ގާތަށް ވަޑައިގަތެވެ. އެއީ ޖާހިލިއްޔަ ޒަމާނުގައި ނަޞާރަ ދީނަށް ވަތް މީހެކެވެ. އަދި ޢަރަބި ބަހުން ލިޔެއުޅުނެވެ. އެ ގޮތުން ﷲ އިރާދަ ކުރެއްވި މިންވަރަކަށް (ޢިބްރާނީ ބަހުން) ޢަރަބި ބަހަށް އިންޖީލު ލިޔެ އުޅުނެވެ. އަދި އެއީ މުސްކުޅި، ލޯ އަނދިރިވެފައިވާ މީހެކެވެ. ޚަދީޖާ އޭނާއަށް ދެންނެވިއެވެ: އޭ ތިމަންކަމަނާގެ ބޮޑުބޭބެގެ ދަރިއާއެވެ. ތިބާގެ ބޭބެގެ ދަރިކަލުންގެ ވާހަކަފުޅު އަޑުއަހާށެވެ. ވަރަގާ ނަބިއްޔާއަށް ދެންނެވިއެވެ: އޭ ތިމަންނަގެ ބޭބެގެ ދަރިކަލުންނޭވެ. ކަލޭގެފާނަށް ފެނިވަޑައިގަތީ ކޮންކަމެއްތޯއެވެ؟ ދެން ނަބިއްޔާ ﷺ އަށް ފެނިވަޑައިގަތް ކަންތަކުގެ ޚަބަރު ވަރަގާއަށް ދެއްވިއެވެ. ވަރަގާ ދެންނެވިއެވެ: ތިޔައީ މޫސާ ﷺ އަށް ފޮނުއްވެވި ނާމޫސް (މަލާއިކަތާ ޖިބްރީލު) އެވެ. ތިމަންނަ ޒުވާން މީހަކަށް ވެހުރެ، ކަލޭގެފާނުގެ ގައުމުގެ މީހުން، ކަލޭގެފާނު ނެރެލައްވައި ހިނދު ތިމަން ދިރި ހުންނާނެ ނަމަ ކިހާ ރަނގަޅުހެއްޔެވެ. ރަސޫލު ﷲ ﷺ ޙަދީޘް ކުރެއްވިއެވެ: ”އެބައިމީހުން ތިމަން ކަލޭގެފާނު ނެރެލައްވާނެތޯއެވެ؟“ ވަރަގާ ދެންނެވިއެވެ: އާއެކެވެ. އެ މީހަކަށް ބަޔަކު އަދާވާތްތެރިނުވެ، ތިޔަ ގެންނެވި ފަދަ ކަމެއް އެއްވެސް މީހަކު ދުވަހަކުވެސް ގެނެސްފައެއް ނެތެވެ. އަދި ކަލޭގެފާނުގެ އެ ދުވަސްވަރު ތިމަންނައާ ދިމާވާ ނަމަ، ކަލޭގެފާނަށް ގަދަވެގެންވާ ނަޞްރަކުން ނަޞްރު ދޭނެކަން ކަށަވަރެވެ.,b3
صحيح مسلم,178,"عن أبي ذر رضي الله عنه، عَنِ النَّبِيِّ ﷺ قَالَ "" أَتَانِي جِبْرِيلُ - عَلَيْهِ السَّلاَمُ - فَبَشَّرَنِي أَنَّهُ مَنْ مَاتَ مِنْ أُمَّتِكَ لاَ يُشْرِكُ بِاللَّهِ شَيْئًا دَخَلَ الْجَنَّةَ "" . قُلْتُ وَإِنْ زَنَى وَإِنْ سَرَقَ . قَالَ "" وَإِنْ زَنَى وَإِنْ سَرَقَ "" .","އަބޫ ޛައްރު ރަޟިޔަﷲ ޢަންހުގެ ކިބައިން ރިވާވެގެންވެއެވެ. ނަބިއްޔާ ﷺ ޙަދީޘްކުރެއްވިއެވެ. ""ތިމަންކަލޭގެފާނުގެ ކައިރިއަށް ޖިބްރީލު ޢަލައިހިއްސަލާމް އައިސް ތިމަންކަލޭގެފާނަށް (މި)އުފާވެރި ޚަބަރުދެއްވިއެވެ. ކަލޭގެފާނުގެ އުއްމަތުން ﷲ އާ ޝަރީކުނުކޮށް (ކުފުރުނުވާ އަމަލެއް ނުގެނެސް) މަރުވާ މީހާ ސުވަރުގެ ވަދެއްޖެއެވެ."" (ޢަބޫ ޛައްރު) ދެންނެވީމެވެ. އެމީހަކު ޒިނޭކޮށް އަދި ވައްކަންކުރިކަމުގައިވިޔަސް ހެއްޔެވެ. އެކަލޭގެފާނު ޙަދީޘްކުރެއްވިއެވެ. ""ޒިނޭކޮށް ވައްކަން ކުރިކަމުގައިވިޔަސް މެއެވެ""",
صحيح مسلم,178,عَنْ عبدِ اللهِ بنِ شَقِيقٍ، قالَ: قُلتُ لأَبِي ذرٍّ: لو رَأَيْتُ رَسولَ اللهِ صَلَّى اللَّهُ عليه وسلَّمَ لَسَأَلْتُهُ، فقالَ: عن أيِّ شيْءٍ كُنْتَ تَسْأَلُهُ؟ قالَ: كُنْتُ أسْأَلُهُ هلْ رَأَيْتَ رَبَّكَ؟ قالَ أبو ذَرٍّ: قدْ سَأَلْتُ، فقالَ: رَأَيْتُ نُورًا.,އަބޫ ޛައްރު رضي الله عنه ވިދާޅުވިއެވެ. ތިމަންކަލޭގެފާނު رسول الله ﷺ އާ ސުވާލުކުރެއްވީމެވެ. “ކަލޭގެފާނު ކަލޭގެފާނުގެ ވެރިރަސްކަލާނގެ ދުށިިންތޯއެވެ؟” އެހިނދު ވިދާޅުވިއެވެ. “ތިމަންކަލޭގެފާނަށް ފެނިލެއްވީ ނޫރެކެވެ.,
صحيح مسلم,179,"عن أبي ذر رضي الله عنه، قال رسول الله ﷺ: "" مَا مِنْ عَبْدٍ قَالَ لاَ إِلَهَ إِلاَّ اللَّهُ. ثُمَّ مَاتَ عَلَى ذَلِكَ، إِلاَّ دَخَلَ الْجَنَّةَ ""‌. قُلْتُ وَإِنْ زَنَى وَإِنْ سَرَقَ قَالَ "" وَإِنْ زَنَى وَإِنْ سَرَقَ ""‌.","އަބޫ ޛައްރު ރަޟިޔަﷲ ޢަންހުގެ ކިބައިން ރިވާވެގެންވެއެވެ. ރަސޫލުﷲ ﷺ ޙަދީޘްކުރެއްވިއެވެ. "" އަޅުތަކުންގެ ތެރެއިން އަޅަކު لاَ إِلَهَ إِلاَّ اللَّهُ (ޙައްގު ގޮތުގައި އަޅުކަންވެވޭ އިލާހެއް ﷲ ފިޔަވައި ނުވެއެވެ) ކިޔައިފިނަމަ އަދި އެޔަށްފަހު އެބަހުގެ މަތީގައި މަރުވެއްޖެނަމަ ސުވަރުގެ ވައްދަވައެވެ."" ތިމަންކަލޭގެފާނު ދެންނެވީމެވެ. އެމީޙަކު ޒިނޭކޮށް އަދި ވައްކަން ކުރިކަމުގައިވިޔަސް ހެއްޔެވެ. ޙަދީޘްކުރެއްވިއެވެ. "" ޒިނޭކޮށް ވައްކަންކުރިކަމުގައިވިޔަސްމެއެވެ(ތައުޙީދުނަފީކުރާ އަމަލެއް ނުގެންނަނަމައެވެ)""",
صحيح مسلم,188,حَدَّثَنَا أَبُو بَكْرِ بْنُ أَبِي شَيْبَةَ، حَدَّثَنَا يَحْيَى بْنُ أَبِي بُكَيْرٍ، حَدَّثَنَا زُهَيْرُ بْنُ مُحَمَّدٍ، عَنْ سُهَيْلِ بْنِ أَبِي صَالِحٍ، عَنِ النُّعْمَانِ بْنِ أَبِي عَيَّاشٍ، عَنْ أَبِي سَعِيدٍ الْخُدْرِيِّ أَنَّ رَسُولَ اللهِ ﷺ قَالَ: إِنَّ أَدْنَى أَهْلِ الْجَنَّةِ مَنْزِلَةً رَجُلٌ صَرَفَ اللهُ وَجْهَهُ عَنِ النَّارِ قِبَلَ الْجَنَّةِ، وَمَثَّلَ لَهُ شَجَرَةً ذَاتَ ظِلٍّ، فَقَالَ: أَيْ رَبِّ، قَدِّمْنِي إِلَى هَذِهِ الشَّجَرَةِ أَكُونُ فِي ظِلِّهَا، وَسَاقَ الْحَدِيثَ بِنَحْوِ حَدِيثِ ابْنِ مَسْعُودٍ، وَلَمْ يَذْكُرْ: فَيَقُولُ: يَا ابْنَ آدَمَ مَا يَصْرِينِي مِنْكَ، إِلَى آخِرِ الْحَدِيثِ، وَزَادَ فِيهِ: وَيُذَكِّرُهُ اللهُ سَلْ كَذَا وَكَذَا، فَإِذَا انْقَطَعَتْ بِهِ الْأَمَانِيُّ قَالَ اللهُ: هُوَ لَكَ وَعَشَرَةُ أَمْثَالِهِ، قَالَ: ثُمَّ يَدْخُلُ بَيْتَهُ، فَتَدْخُلُ عَلَيْهِ زَوْجَتَاهُ مِنَ الْحُورِ الْعِينِ، فَتَقُولَانِ: الْحَمْدُ لِلهِ الَّذِي أَحْيَاكَ لَنَا وَأَحْيَانَا لَكَ، قَالَ: فَيَقُولُ: مَا أُعْطِيَ أَحَدٌ مِثْلَ مَا أُعْطِيتُ.,އަބޫ ސައީދު އަލްޚުދްރީ ރިވާ ކުރެއްވިއެވެ: ރަސޫލު ﷲ ﷺ ޙަދީޘް ކުރެއްވިއެވެ: ”ހަމަކަށަވަރުން ސުވަރުގޭގެ އަހުލުވެރިންގެ އެންމެ ތިރީ ދަރަޖައިގައި، އެ މީހެއްގެ މޫނު ނަރަކައިން ސުވަރުގެއާ ދިމާލަށް ﷲ އަނބުރާލެއްވި މީހަކު ވާނެއެވެ. ދެން އޭނާއަށް ހިޔާ ހުރި ގަހެއް އޭނާއަށް ދެއްކޭނެއެވެ. އޭނާ ދަންނަވާނެއެވެ: އޭ އަޅުގެ ރައްބެވެ. މި ގަހުގެ ހިޔަލުގައި ވުމަށް ތިމަންނަ އެއާ ކައިރި ކުރައްވާށެވެ. ދެން ކުރީގެ ޙަދީޘާ އެއްފަދައިން ރިވާވެގެން އައެވެ. އަދި އޭގައި ޙަދީޘް ނިމެންދެން މިތަންކޮޅުން ފެށިގެން އައިސްފައެއް ނުވެއެވެ: ﷲ ވަހީ ކުރައްވާނެއެވެ: އޭ އާދަމުގެ ދަރިޔާއެވެ. ތިމަން އިލާހުގެ ހަޒްރަތުން ކަންކަމަށް ތިބާ އެދުން ފުދޭނީ ކޮންކަމަކުންތޯއެވެ؟ އަދި އެ ރިވާތުގައި އިތުރަށް އައިސްފައިވެއެވެ: އަދި މިވެނި އެވެނި ކަމަކަށް އެދި ދަންނަވަން ﷲ އޭނާއަށް ހަނދުމަކުރައްވާނެއެވެ. ދެން އޭނާ އެދޭ ކަންތައްތައް ޙަގީގަތަކަށް ވުމުން، ﷲ ވަހީ ކުރައްވާނެއެވެ: އެ ކަންތައްތައް ވަނީ ތިބާއަށެވެ. އަދި އެއާއެކު ހަމަ އެފަދަ އިތުރު ދިހަ ގުނަވެސް ދެވޭނެއެވެ. ދެން އެ މީހާގެ ގެއަށް އޭނާ ވަންނާނެއެވެ. އަދި އޭނާގެ ޙޫރުލް ޢީން އަނބިކަނބަލުންތައް އޭނާގެ ގާތަށް އައިސް ދަންނަވާނެއެވެ: ތިމަންމެންނަށްޓަކައި ތިބާއަށް ދިރުން ދެއްވި، އަދި ތިބާއަށްޓަކައި ތިމަންމެންނަށް ދިރުން ދެއްވި ﷲއަށް ޙަމްދު ކުރަމެވެ. ދެން އޭނާ ދަންނަވާނެއެވެ: އެއްވެސް މީހަކަށް ނުދެއްވާ ތަކެތި ތިމަންނައަށް ދެއްވައިފިއެވެ.,b22
صحيح مسلم,196,وَحَدَّثَنَا أَبُو كُرَيْبٍ مُحَمَّدُ بْنُ الْعَلَاءِ، حَدَّثَنَا مُعَاوِيَةُ بْنُ هِشَامٍ، عَنْ سُفْيَانَ، عَنْ مُخْتَارِ بْنِ فُلْفُلٍ، عَنْ أَنَسِ بْنِ مَالِكٍ قَالَ: قَالَ رَسُولُ اللهِ ﷺ: أَنَا أَكْثَرُ الْأَنْبِيَاءِ تَبَعًا يَوْمَ الْقِيَامَةِ، وَأَنَا أَوَّلُ مَنْ يَقْرَعُ بَابَ الْجَنَّةِ.,އަނަސް ބިން މާލިކު ރިވާ ކުރެއްވިއެވެ: ރަސޫލު ﷲ ﷺ ޙަދީޘް ކުރެއްވިއެވެ: ”ގިޔާމަތް ދުވަހު ނަބިއްޔުންގެ ތެރެއިން ތަބާވާ މީހުން އެންމެ ގިނަ ވާނީ ތިމަން ނަބިއްޔާއެވެ. އަދި ސުވަރުގޭގެ ދޮރުކޮޅުގައި އެންމެ ފުރަތަމަ ޓަކިޖައްސަވާނީ ތިމަން ނަބިއްޔާއެވެ.“,b44
صحيح مسلم,197,وَحَدَّثَنِي عَمْرٌو النَّاقِدُ وَزُهَيْرُ بْنُ حَرْبٍ قَالَا: حَدَّثَنَا هَاشِمُ بْنُ الْقَاسِمِ، حَدَّثَنَا سُلَيْمَانُ بْنُ الْمُغِيرَةِ، عَنْ ثَابِتٍ، عَنْ أَنَسِ بْنِ مَالِكٍ قَالَ: قَالَ رَسُولُ اللهِ ﷺ: آتِي بَابَ الْجَنَّةِ يَوْمَ الْقِيَامَةِ، فَأَسْتَفْتِحُ فَيَقُولُ الْخَازِنُ: مَنْ أَنْتَ؟ فَأَقُولُ: مُحَمَّدٌ، فَيَقُولُ: بِكَ أُمِرْتُ، لَا أَفْتَحُ لِأَحَدٍ قَبْلَكَ.,އަނަސް ބިން މާލިކު ރިވާ ކުރެއްވިއެވެ: ރަސޫލު ﷲ ﷺ ޙަދީޘް ކުރެއްވިއެވެ: ”ގިޔާމަތް ދުވަހު ސުވަރުގޭގެ ދޮރުކޮޅަށް ވަޑައިގެން ހުޅުވުމަށް ތިމަން ނަބިއްޔާ އެދޭނަމެވެ. ދެން (ދޮރު) ބަލަހައްޓާ ފަރާތަކު އައިސް ދަންނަވާނެއެވެ: ތިޔައީ ކޮން ބޭކަލެއްތޯއެވެ؟ ތިމަން ނަބިއްޔާ ދަންނަވާނަމެވެ: މުޙައްމަދުގެފާނެއެވެ. އޭނާ ދަންނަވާނެއެވެ: ތިމަންނައަށް އަމުރުވެވިގެންވަނީ އިބަ ނަބިއްޔާއަށެވެ. އިބަ ނަބިއްޔާގެ ކުރިއަށް އެއްވެސް މީހަކަށް ހުޅުވައި ނުދޭނަމެވެ.“,b44
صحيح مسلم,223,حَدَّثَنَا إِسْحَاقُ بْنُ مَنْصُورٍ، حَدَّثَنَا حَبَّانُ بْنُ هِلَالٍ، حَدَّثَنَا أَبَانُ، حَدَّثَنَا يَحْيَى أَنَّ زَيْدًا حَدَّثَهُ أَنَّ أَبَا سَلَّامٍ حَدَّثَهُ عَنْ أَبِي مَالِكٍ الْأَشْعَرِيِّ قَالَ: قَالَ رَسُولُ اللهِ ﷺ: الطُّهُورُ شَطْرُ الْإِيمَانِ، وَالْحَمْدُ لِلهِ تَمْلَأُ الْمِيزَانَ، وَسُبْحَانَ اللهِ وَالْحَمْدُ لِلهِ تَمْلَآنِ - أَوْ تَمْلَأُ - مَا بَيْنَ السَّمَاوَاتِ وَالْأَرْضِ، وَالصَّلَاةُ نُورٌ، وَالصَّدَقَةُ بُرْهَانٌ، وَالصَّبْرُ ضِيَاءٌ، وَالْقُرْآنُ حُجَّةٌ لَكَ أَوْ عَلَيْكَ، كُلُّ النَّاسِ يَغْدُو فَبَايِعٌ نَفْسَهُ فَمُعْتِقُهَا أَوْ مُوبِقُهَا.,އަބޫ މާލިކު، އަލްޙާރިޘް ބިން ޢާޞިމު އަލްއަޝްޢަރީ ރިވާ ކުރެއްވިއެވެ: ރަސޫލު ﷲ ﷺ ޙަދީޘް ކުރެއްވިއެވެ: ”ސާފުތާހިރުކަމަކީ އީމާންކަމުގެ ދެބައިކުޅަ އެއްބައެވެ. އަދި الْحَمْدُ لِلَّهِ (މި ކަލިމަ، އަމަލުތަކުގެ) މީޒާން ފުރާލައެވެ. އަދި سُبْحَانَ اللَّهِ وَالْحَمْدُ لِلَّهِ (މި ދެ ކަލިމަ) އުޑާއި ބިމާ ދެމެދު ފުރާލައެވެ. އަދި ނަމާދަކީ ނޫރެކެވެ. އަދި ޞަދަގާތަކީ (އީމާންކަމުގެ) ބުރުހާނެކެވެ. އަދި ކެތްތެރިކަމަކީ އަލިކަމެކެވެ. އަދި ގުރުއާނަކީ ތިބާއާ އެއްކޮޅަށް ނުވަތަ ދެކޮޅަށްވާ ހުއްޖަތެކެވެ. ކޮންމެ މީހަކު ވެސް ހެނދުނު ހެނދުނާ ނުކުމެގެން ދަނީ އޭނާގެ ނަފްސުގެ ވިޔަފާރިވެރިއެއްގެ ގޮތުގައެވެ. އެ ގޮތުން (ހެޔޮ އަމަލުތައްކޮށް) ނަފްސު ސަލާމަތް ކުރާ ބަޔަކާ، (ފާފަތަކަށް އަރައިގަނެ) ނަފްސު ހަލާކު ކުރާ ބަޔަކުވެއެވެ.“,
صحيح مسلم,223,عَنْ أَبِي مَالِكٍ، الْحَارِثِ بْنِ عَاصِمٍ الْأَشْعَرِيِّ رَضِيَ اللَّهُ عَنْهُ قَالَ: قَالَ رَسُولُ اللَّهِ ﷺ: «الطَّهُورُ شَطْرُ الْإِيمَانِ. وَالْحَمْدُ لِلَّهِ تَمْلَأُ الْمِيزَانَ. وَسُبْحَانَ اللَّهِ وَالْحَمْدُ لِلَّهِ تَمْلَآنِ -أَوْ تَمْلَأُ- مَا بَيْنَ السَّمَاءِ وَالْأَرْضِ. وَالصَّلَاةُ نُورٌ، وَالصَّدَقَةُ بُرْهَانٌ، وَالصَّبْرُ ضِيَاءٌ. وَالْقُرْآنُ حُجَّةٌ لَكَ أَوْ عَلَيْكَ. كُلُّ النَّاسِ يَغْدُو، فَبَائِعٌ نَفْسَهُ، فَمُعْتِقُهَا، أَوْ مُوبِقُهَا»,އަބޫ މާލިކު، އަލްޙާރިޘް ބިން ޢާޞިމު އަލްއަޝްޢަރީ ރަޟިޔަ ﷲ ޢަންހު ރިވާ ކުރެއްވިއެވެ: ރަސޫލު ﷲ ﷺ ޙަދީޘް ކުރެއްވިއެވެ: ”ސާފުތާހިރުކަމަކީ އީމާންކަމުގެ ދެބައިކުޅަ އެއްބައެވެ. އަދި الْحَمْدُ لِلَّهِ ((ޙަމްދު ލިބިވޮޑިގެންވަނީ ﷲ އަށެވެ.)) (މި ކަލިމަ، އަމަލުތަކުގެ) މީޒާން ފުރާލައެވެ. އަދި سُبْحَانَ اللَّهِ وَالْحَمْدُ لِلَّهِ ((ﷲ ގެ ހުސްޠާހިރުވަންތަ ކަމާއެވެ. އަދި ޙަމްދު ލިބިވޮޑިގެންވަނީ ﷲ އަށެވެ.)) (މި ދެ ކަލިމަ) އުޑާއި ބިމާ ދެމެދު ފުރާލައެވެ. އަދި ނަމާދަކީ ނޫރެކެވެ. އަދި ޞަދަގާތަކީ (އީމާންކަމުގެ) ބުރުހާނެކެވެ. އަދި ކެތްތެރިކަމަކީ އަލިކަމެކެވެ. އަދި ގުރުއާނަކީ ތިބާއާ އެއްކޮޅަށް ނުވަތަ ދެކޮޅަށްވާ ހުއްޖަތެކެވެ. ކޮންމެ މީހަކު ވެސް ހެނދުނު ހެނދުނާ ނުކުމެގެން ދަނީ އޭނާގެ ނަފްސުގެ ވިޔަފާރިވެރިއެއްގެ ގޮތުގައެވެ. އެ ގޮތުން (ހެޔޮ އަމަލުތައްކޮށް) ނަފްސު ސަލާމަތް ކުރާ ބަޔަކާ، (ފާފަތަކަށް އަރައިގަނެ) ނަފްސު ހަލާކު ކުރާ ބަޔަކުވެއެވެ.“,
صحيح مسلم,223,الطُّهُورُ شَطْرُ الْإِيمَانِ,"""ތާހިރުކަމަކީ އީމާންކަމުގެ ބައެކެވެ.""",
صحيح مسلم,233,الصَّلَوَاتُ الخَمْسُ، وَالْجُمْعَةُ إلى الجُمْعَةِ، وَرَمَضَانُ إلى رَمَضَانَ، مُكَفِّرَاتٌ ما بيْنَهُنَّ إِذَا اجْتَنَبَ الكَبَائِرَ.,ފަރުޟު ފަސް ނަމާދު، އަދި އެއް ހުކުރުން އަނެއް ހުކުރަށް، އަދި އެއް ރަމަޟާނު އަނެއް ރަމަޟާނާ ދެމެދު، އެއީ އެދެމެދުގައި ކުރެވޭ ފާފަތަކުގެ ކައްފާރާއެކެވެ. ބޮޑެތި ފާފަތަކަށް އަރައި ނުގަންނަ ނަމައެވެ.,
صحيح مسلم,245,عَنْ عُثْمَانَ بْنِ عَفَّانَ قَالَ قَالَ رَسُولُ اللَّهِ صَلَّى اللَّهُ عَلَيْهِ وَسَلَّمَ مَنْ تَوَضَّأَ فَأَحْسَنَ الْوُضُوءَ خَرَجَتْ خَطَايَاهُ مِنْ جَسَدِهِ حَتَّى تَخْرُجَ مِنْ تَحْتِ أَظْفَارِهِ,އެމީހަކު ވުޟޫކޮށް (ސުންނަތާއި އެއްގޮތައް) އެވުޟޫ ފުރިހަމަކޮށްފިނަމަ އޭނާގެ (ކުދި) ފާފަތައް ނުކުމެގެންދާނެއެވެ. ނިފަތިތަކުގެ ދަށުން އޭނާގެ އެފާފަތައް ނުކުމެގެން ދާނެއެވެ.“,
صحيح مسلم,260,جُزُّوا الشَّوارِبَ، وأَرْخُوا اللِّحَى خالِفُوا المَجُوسَ.,އަބޫ ހުރައިރާ ޜަޟިޔާﷲ ޢަންހުގެ އަރިހުން ރިވާވެގެގެން ވެއެވެ. ރަސޫލުﷲ ޞައްލަﷲ ޢަލައިހި ވަސައްލަމް ޙަދީޘްފުޅު ކުރެއްވިއެވެ. ތިޔަބައިމީހުންގެ މަތިމަސްތައް ކުރުކުރާށެވެ. އަދި ތުނބުޅިތައް ދިގު ކުރާށެވެ. މަޖޫސީންނާއި (އަލިފާނަށް އަޅުކަންކުރާ މީހުން) ޚިލާފުވާށެވެ. “,
صحيح مسلم,302,اصْنَعُوا كُلَّ شيءٍ إلَّا النِّكَاحَ,(حيض ގެ ދުވަސްވަރު) ޖިމާޢުވުން ފިޔަވައި ކޮންމެ ކަމެއް ތިޔަބައިމީހުންގެ އަނބިންނާއި އެކު ކުރާށެވެ,
صحيح مسلم,302,اصْنَعُوا كُلَّ شيءٍ إلَّا النِّكَاحَ,އަދި ޖިމާޢުވުން ފިޔަވައި ހުރިހާކަމެއް ކުރާށެވެ.,
صحيح مسلم,306,أنَّ عُمَرَ اسْتَفْتَى النبيَّ صَلَّى اللَّهُ عليه وسلَّمَ فَقالَ: هلْ يَنَامُ أحَدُنَا وهو جُنُبٌ؟ قالَ: نَعَمْ، لِيَتَوَضَّأْ ثُمَّ لِيَنَمْ، حتَّى يَغْتَسِلَ إذَا شَاءَ.,އާދޭހެވެ. ވުޟޫކުރެއްވުމަށްފަހު ނިދިކުރައްވާހުށިކަމެވެ. ހިނައިގަތުމަށް އެދިއްޖެއުމަށް ދާންދެނެވެ.,
صحيح مسلم,307,سَأَلْتُ عَائِشَةَ عن وِتْرِ رَسولِ اللهِ صَلَّى اللَّهُ عليه وسلَّمَ فَذَكَرَ الحَدِيثَ، قُلتُ: كيفَ كانَ يَصْنَعُ في الجَنَابَةِ؟ أكانَ يَغْتَسِلُ قَبْلَ أنْ يَنَامَ؟ أمْ يَنَامُ قَبْلَ أنْ يَغْتَسِلَ؟ قالَتْ: كُلُّ ذلكَ قدْ كانَ يَفْعَلُ، رُبَّما اغْتَسَلَ فَنَامَ، ورُبَّما تَوَضَّأَ فَنَامَ.,އެކަލޭގެފާނު ވިދާޅުވިއެވެ. ތިމަން ޢާއިޝާ رضي الله عنهما އާއި ސުވާލުކުރެއްވީމެވެ. ތިމަން ދެންނެވީމެވެ. ރަސޫލާ صلى الله عليه و سلم ޖުނުބުވެރި ޙާލަތުގައި ކަންތައް ކުރައްވާކަމުގައިވަނީ ކޮންގޮތަކަށްތޯއެވެ؟ އަވަހާރަފުޅުލެއްޕެވުމުގެ ކުރިން ހިނައިވަޑައިގަންނަވަނީ ތޯއެވެ؟ ނުވަތަ ހިނައިވަޑައިގަތުމުގެ ކުރިން އަވަހާރަފުޅުލައްޕަވަނީތޯއެވެ؟ އެކަމަނާ ވިދާޅުވިއެވެ: ހަމަކަށަވަރުން އެ ހުރިހާ ގޮތަކަށްވެސް އެކަލޭގެފާނު ކަންތައް ކުރައްވާކަމުގައި ވެއެވެ. ބައެއްފަހަރު ހިނައިވަޑައިގަތުމަށްފަހު އަވަހާރަފުޅުލައްޕަވައެވެ. އަދި ބައެއްފަހަރު ވުޟޫކުރެއްވުމަށްފަހު އަވަހާރަފުޅުލައްޕަވައެވެ. ތިމަންކަލޭގެފާނު ވިދާޅުވީމެވެ. މި ކަންތައްތަކުގައި ފަސޭހަކަންލެއްވި ﷲ އަށް ހުރިހާ ޙަމްދެއް ހުއްޓެވެ.,
صحيح مسلم,321,كُنْتُ أغْتَسِلُ أنَا ورَسولُ اللهِ صَلَّى اللَّهُ عليه وسلَّمَ مِن إنَاءٍ بَيْنِي وبيْنَهُ واحِدٍ، فيُبَادِرُنِي حتَّى أقُولَ: دَعْ لِي، دَعْ لِي. قالَتْ: وهُما جُنُبَانِ.,އެކަމަނާ ވިދާޅުވިއެވެ. ތިމަންކަމަނާއާއި ރަސޫލުﷲ صلى الله عليه و سلم ގެ ދެމެދުގައިވާ ކަންވާރަކުން ތިމަންކަމަނާއާއި އެކަލޭގެފާނު ހިނައިވަޑައިގަންނަވާ ކަމުގައިވީމެވެ. އެކަންވާރުގެތެރޭގައި ތިމަންމެންގެ އަތްތައް (ޖެހި) ބަދަލުވެއެވެ. ތިމަންކަމަނާއަށްޓަކައިވެސް (ފެންފޮދެއް)ބަހައްޓަވާށޭ، ބަހައްޓަވާށޭ ވިދާޅުވާ މިންވަރަށް، އެކަލޭގެފާނު ތިމަންކަމަނާއަށްވުރެ އަވަސްކުރެއްވިއެވެ. އެކަމަނާ ވިދާޅުވިއެވެ. އޭރު ތިމަންކަމަނާ އާއި އެކަލޭގެފާނުވަނީ ޖުނުބުވެރި ހާލުގައެވެ.,
صحيح مسلم,330,قُلتُ: يا رَسولَ اللهِ، إنِّي امْرَأَةٌ أشُدُّ ضَفْرَ رَأْسِي فأنْقُضُهُ لِغُسْلِ الجَنَابَةِ؟ قالَ: لَا. إنَّما يَكْفِيكِ أنْ تَحْثِي علَى رَأْسِكِ ثَلَاثَ حَثَيَاتٍ ثُمَّ تُفِيضِينَ عَلَيْكِ المَاءَ فَتَطْهُرِينَ.,އުއްމު ސަލަމާ ރަޟިޔަ ﷲ ޢަންހާ ވިދާޅުވިއެވެ. އޭ ﷲ ގެ ރަސޫލާއެވެ! ހަމަކަށަވަރުން އަހުރެންނަކީ ބޮލުގެ އިސްތަށިގަނޑުބޯ އަދި އިސްތަށިގަނޑު ދިގު އަންހެނަކީމެވެ. ޖުނުބުގެ ހިނެއިން ހިނައިގަންނައިރު އަހުރެންގެ އިސްތަށިގަނޑު މޮހައިލަންޖެހޭނެތޯއެވެ؟] އެކަލޭގެފާނު ޙަދީޘްކުރެއްވިއެވެ. [ހަމަކަށަވަރުން ތިން އަތްގޮށިފެން ތިބާގެ ބޮލަށް އަޅައިލުމުން ތިބާއަށް ފުދޭނެއެވެ. ދެން މުޅިހަށިގަނޑަށް ފެންއޮހޮރުވައިލާށެވެ. ފަހެ އޭރުން ތިބާހުންނާނީ ތާހިރުވެފައެވެ.,
صحيح مسلم,336,قَامَ رَسُولُ اللهِ صَلَّى اللهُ عَلَيْهِ وَسَلَّمَ إِلَى غُسْلِهِ، فَسَتَرَتْ عَلَيْهِ فَاطِمَةُ ثُمَّ أَخَذَ ثَوْبَهُ فَالْتَحَفَ بِهِ، ثُمَّ صَلَّى ثَمَانَ رَكَعَاتٍ سُبْحَةَ الضُّحَى,ﷲ ގެ ރަސޫލާ ﷺ ހިނައިގަތުމަށް ތެދުވެވަޑައިގަތެވެ. އަދި ފާޠިމަތު رضي الله عنها އެކަލޭގެފާނު ފަރުދާކޮށްލައްވާ ނިވާކޮށްލެއްވިއެވެ. ދެން އެކަލޭގެފާނު ހެދުންކޮޅު ތުރުކުރައްވައި ޟުޙާ ނަމާދުގެ ގޮތުގައި އަށް ރަކްޢަތް ކުރެއްވިއެވެ.,
صحيح مسلم,352,قَالَ ابْنُ شِهَابٍ : أَخْبَرَنِي عُمَرُ بْنُ عَبْدِ الْعَزِيزِ أَنَّ عَبْدَ اللهِ بْنَ إِبْرَاهِيمَ بْنِ قَارِظٍ أَخْبَرَهُ أَنَّهُ وَجَدَ أَبَا هُرَيْرَةَ يَتَوَضَّأُ عَلَى الْمَسْجِدِ ، فَقَالَ : إِنَّمَا أَتَوَضَّأُ مِنْ أَثْوَارِ أَقِطٍ أَكَلْتُهَا ؛ لِأَنِّي سَمِعْتُ رَسُولَ اللهِ صَلَّى اللهُ عَلَيْهِ وَسَلَّمَ يَقُولُ : تَوَضَّؤُوا مِمَّا مَسَّتِ النَّارُ .,މި حَدِيثން ސާބިތުވަނީ އަލިފާނުން ކެއްކި އެއްޗެއް ކައިބޮއި ހެދުމަކުން وُضُوء ނުގެއްލޭނެކަމެވެ. މިއީ މިމައްސަލާގެ ފަހުގެ حُكْمއެވެ. ކުރީގެ حُكمއަކީ (تَوَضَّؤُوا مِمَّا مَسَّتِ النَّارُ) (رَواه مُسلم) މާނައަކީ އަލިފާނުން ކެއްކި އެއްޗެއް ކައިބޮއި ހަދައިފިއްޔާ وُضُوءކުރާ ހުށިކަމެވެ. މިއެވެ.,
صحيح مسلم,384,حَدَّثَنَا مُحَمَّدُ بْنُ سَلَمَةَ الْمُرَادِيُّ، حَدَّثَنَا عَبْدُ اللهِ بْنُ وَهْبٍ، عَنْ حَيْوَةَ وَسَعِيدِ بْنِ أَبِي أَيُّوبَ وَغَيْرِهِمَا عَنْ كَعْبِ بْنِ عَلْقَمَةَ، عَنْ عَبْدِ الرَّحْمَنِ بْنِ جُبَيْرٍ، عَنْ عَبْدِ اللهِ بْنِ عَمْرِو بْنِ الْعَاصِ أَنَّهُ سَمِعَ النَّبِيَّ ﷺ يَقُولُ: إِذَا سَمِعْتُمُ الْمُؤَذِّنَ فَقُولُوا مِثْلَ مَا يَقُولُ، ثُمَّ صَلُّوا عَلَيَّ؛ فَإِنَّهُ مَنْ صَلَّى عَلَيَّ صَلَاةً صَلَّى اللهُ عَلَيْهِ بِهَا عَشْرًا، ثُمَّ سَلُوا اللهَ لِيَ الْوَسِيلَةَ؛ فَإِنَّهَا مَنْزِلَةٌ فِي الْجَنَّةِ لَا تَنْبَغِي إِلَّا لِعَبْدٍ مِنْ عِبَادِ اللهِ، وَأَرْجُو أَنْ أَكُونَ أَنَا هُوَ. فَمَنْ سَأَلَ لِيَ الْوَسِيلَةَ حَلَّتْ لَهُ الشَّفَاعَةُ.,ޢަބްދު ﷲ ބިން ޢަމްރު ބިން އަލްޢާޞް ރިވާ ކުރެއްވިއެވެ: ނަބިއްޔާ ﷺ ޙަދީޘް ކުރައްވަނިކޮށް ތިމަން އަޑު އެހީމެވެ: ”ތިޔަބައިމީހުންނަށް ބަންގި ގޮވާ މީހާ އިވޭ ހިނދު، އޭނާ ބުނާ ފަދައިން ތިޔަބައިމީހުން ވެސް ބުނާށެވެ. އެއަށްފަހު ތިމަން ނަބިއްޔާއަށް ޞަލަވާތް ލައްވާށެވެ. އެހެނީ ހަމަކަށަވަރުން ތިމަން ނަބިއްޔާއަށް ޞަލަވާތެއް ލައްވައިފި މީހާކަށް ދިހަ ޞަލަވާތް ﷲ ލައްވާނެއެވެ. އެއަށްފަހު ތިމަން ނަބިއްޔާއަށް އަލްވަސީލާ ދެއްވާތޯ ﷲ ގެ ހަޒްރަތުގައި އެދި ދަންނަވާށެވެ. އެހެނީ ހަމަކަށަވަރުން އެއީ ﷲ ގެ އަޅުތަކުން ކުރެ (އެންމެ) އަޅަކަށް މެނުވީ އެކަށީގެން ނުވާ، ސުވަރުގޭގައިވާ މަންޒިލެކެވެ. އަދި އެއީ ތިމަން ނަބިއްޔާއަށް ވުމަށް އުންމީދު ކުރައްވަމެވެ. ފަހެ ތިމަން ނަބިއްޔާއަށް އަލްވަސީލާ ލިބުމަށް އެދި ދަންނަވައިފި މީހަކަށް ތިމަން ނަބިއްޔާގެ ޝަފާޢަތް ލިބުމުގެ ހުއްދަ ލިބޭނެއެވެ.“,
صحيح مسلم,384,إِذَا سَمِعْتُمُ الْمُؤَذِّنَ، فَقُولُوا مِثْلَ مَا يَقُولُ,ބަންގިގޮވާ އަޑު އިވޭ ހިނދު، ބަންގިދޭ މީހާ ކިޔާ ގޮތަށް ކިޔާށެވެ.,
صحيح مسلم,384,إذا سَمِعْتُمُ المُؤَذِّنَ، فَقُولوا مِثْلَ ما يقولُ ثُمَّ صَلُّوا عَلَيَّ، فإنَّه مَن صَلَّى عَلَيَّ صَلاةً صَلَّى اللَّهُ عليه بها عَشْرًا، ثُمَّ سَلُوا اللَّهَ لِيَ الوَسِيلَةَ، فإنَّها مَنْزِلَةٌ في الجَنَّةِ، لا تَنْبَغِي إلَّا لِعَبْدٍ مِن عِبادِ اللهِ، وأَرْجُو أنْ أكُونَ أنا هُوَ، فمَن سَأَلَ لي الوَسِيلَةَ حَلَّتْ له الشَّفاعَةُ.,ޢަބްދު ﷲ ބިން ޢަމްރު ބިން އަލްޢާޞް ރިވާ ކުރެއްވިއެވެ: ނަބިއްޔާ ﷺ ޙަދީޘް ކުރައްވަނިކޮށް ތިމަން އަޑުއެހީމެވެ: ތިޔަބައިމީހުންނަށް ބަންގި ގޮވާ މީހާ އިވޭ ހިނދު، އޭނާ ބުނާ ފަދައިން ތިޔަބައިމީހުން ވެސް ބުނާށެވެ. އެއަށްފަހު ތިމަން ނަބިއްޔާއަށް ޞަލަވާތް ލައްވާށެވެ. އެހެނީ ހަމަކަށަވަރުން ތިމަން ނަބިއްޔާއަށް ޞަލަވާތެއް ލައްވައިފި މީހާކަށް ދިހަ ޞަލަވާތް ﷲ ލައްވާނެއެވެ. އެއަށްފަހު ތިމަން ނަބިއްޔާއަށް އަލްވަސީލާ ދެއްވާތޯ ﷲ ގެ ހަޒްރަތުގައި އެދި ދަންނަވާށެވެ. އެހެނީ ހަމަކަށަވަރުން އެއީ ﷲ ގެ އަޅުތަކުން ކުރެ (އެންމެ) އަޅަކަށް މެނުވީ އެކަށީގެން ނުވާ، ސުވަރުގޭގައިވާ މަންޒިލެކެވެ. އަދި އެއީ ތިމަން ނަބިއްޔާއަށް ވުމަށް އުންމީދު ކުރައްވަމެވެ. ފަހެ ތިމަން ނަބިއްޔާއަށް އަލްވަސީލާ ލިބުމަށް އެދި ދަންނަވައިފި މީހަކަށް ތިމަން ނަބިއްޔާގެ ޝަފާޢަތް ލިބުމުގެ ހުއްދަ ލިބޭނެއެވެ.,
صحيح مسلم,431,[عن جابر بن سمرة:] كُنّا إذا صَلَّيْنا مع رَسولِ اللهِ ﷺ قُلْنا: السَّلامُ علَيْكُم ورَحْمَةُ اللهِ السَّلامُ علَيْكُم ورَحْمَةُ اللهِ، وأَشارَ بيَدِهِ إلى الجانِبَيْنِ، فَقالَ رَسولُ اللهِ ﷺ: عَلامَ تُومِئُونَ بأَيْدِيكُمْ كَأنَّها أذْنابُ خَيْلٍ شُمْسٍ؟ إنَّما يَكْفِي أحَدَكُمْ أنْ يَضَعَ يَدَهُ على فَخِذِهِ ثُمَّ يُسَلِّمُ على أخِيهِ مَن على يَمِينِهِ، وشِمالِهِ.,މާތްﷲ ރުއްސުންލެއްވި ޖާބިރު ބިން ސަމުރާގެ ކިބައިން ރިވާވެގެންވެއެވެ: ތިމަންބޭކަލުން ﷲގެ ރަސޫލާ صلى الله عليه وسلم އާއި އެކު ނަމާދު ކުރާ ހިނދު السلام عليكم ورحمة الله، السلام عليكم ورحمة الله ކިޔައި އަތުން ދެ ފަރާތަށް އިޝާރާތް ކުރަމުން ދިޔައީމެވެ. އެހިނދު ﷲގެ ރަސޫލާ صلى الله عليه وسلم ޙަދީޘްކުރެއްވިއެވެ: ވަރުގަދަ އަސްތަކެއްގެ ނިގޫތަކެއް ފަދައިން ތިޔަބައިމީހުންގެ އަތްތަކުން ތިޔަ އިޝާރާތްކުރަނީ ކޮންއެއްޗަކަށް ތޯއެވެ؟ ހަމަކަށަވަރުން ތިޔައިގެ ތެރެއިން މީހަކު އޭނާގެ އަތް އޭނާގެ ފަލަމަސްގަނޑުގެ މަތީގައި ބޭވުމަށްފަހު އޭނާގެ ކަނާތްފަރާތާއި ވާތްފަރާތުގައިވާ އޭނަގެ އަޚާއަށް ސަލާމްގޮވުމުން ފުދެއެވެ.,
صحيح مسلم,482,أَقْرَبُ مَا يَكُونُ الْعَبْدُ مِنْ رَبِّهِ، وَهُوَ سَاجِدٌ، فَأَكْثِرُوا الدُّعَاءَ,އަޅާ އޭނާގެ ރައްބާ އެންމެ ކުއްތަންވެގެންވާ ވަގުތަކީ ސަޖިދައިގައިވާ ވަގުތެވެ. ފަހެ، (އެވަގުތު) ތިޔަބައިމީހުން ދުއާކުރުން ގިނަ ކުރާށެވެ.,
صحيح مسلم,483,"نَّ رَسُولَ اللَّهِ صلى الله عليه وسلم كَانَ يَقُولُ فِي سُجُودِهِ ‏ ""‏ اللَّهُمَّ اغْفِرْ لِي ذَنْبِي كُلَّهُ دِقَّهُ وَجِلَّهُ وَأَوَّلَهُ وَآخِرَهُ وَعَلاَنِيَتَهُ وَسِرَّهُ ‏""‏ ‏.‏",އޭ ﷲ އެވެ. މި އަޅާގެ ހުރިހާ ފާފައެއް ފުއްސަވާށިއެވެ. އޭގެ ކުދި ފާފައާއި، ބޮޑު ފާފައާއި، ފުރަތަމަ ފާފައާއި، ފަހު ފާފައާއި، ފާޅުވެގެންވާ ފާފައާއި، ސިއްރުވެގެންވާ ފާފަތައް ވެސް މެއެވެ. ,
صحيح مسلم,486,اللَّهُمَّ أعُوذُ برِضَاكَ مِن سَخَطِكَ، وبِمُعَافَاتِكَ مِن عُقُوبَتِكَ، وأَعُوذُ بكَ مِنْكَ لا أُحْصِي ثَنَاءً عَلَيْكَ أنْتَ كما أثْنَيْتَ علَى نَفْسِكَ.,އޭ ﷲ އެވެ. އިބަ އިލާހުގެ ކޯފާވެވޮޑިގަތުމުން، މި އަޅާ ރައްކާތެރިކަން ހޯދަނީ، އިބަ އިލާހުގެ ރުއްސެވުމުންނެވެ. އަދި އިބަ އިލާހުގެ އުގޫބާތުން، މި އަޅާ ރައްކާތެރިކަން ހޯދަނީ، އިބަ އިލާހުގެ އަފޫކުރެއްވުމުންނެވެ. އަދި އިބަ އިލާހުގެ ހަޒްރަތުން، މި އަޅާ ރައްކާތެރިކަން ހޯދަނީ (ހަމަ) އިބަ އިލާހުގެ ހަޒްރަތުންނެވެ. އަދި އިބަ އިލާހަށް ތައުރީފާއި ސަނާ ދަންނަވަން ޖެހޭ މިންވަރަށް، މި އަޅާއަށް ނުދެންނެވޭހުއްޓެވެ. އިބަ އިލާހު ވަނީ، އިބަ އިލާހުގެ އަމިއްލަ ނަފްސުފުޅުގެ މައްޗަށް އިބަ އިލާހު ސަނާވަހީކުރެއްވި ފަދައިންނެވެ.,
صحيح مسلم,488,"حَدَّثَنِي زُهَيْرُ بْنُ حَرْبٍ، حَدَّثَنَا الْوَلِيدُ بْنُ مُسْلِمٍ، قَالَ سَمِعْتُ الأَوْزَاعِيَّ، قَالَ حَدَّثَنِي الْوَلِيدُ بْنُ هِشَامٍ الْمُعَيْطِيُّ، حَدَّثَنِي مَعْدَانُ بْنُ أَبِي طَلْحَةَ الْيَعْمَرِيُّ، قَالَ لَقِيتُ ثَوْبَانَ مَوْلَى رَسُولِ اللَّهِ صلى الله عليه وسلم فَقُلْتُ أَخْبِرْنِي بِعَمَلٍ أَعْمَلُهُ يُدْخِلُنِي اللَّهُ بِهِ الْجَنَّةَ . أَوْ قَالَ قُلْتُ بِأَحَبِّ الأَعْمَالِ إِلَى اللَّهِ . فَسَكَتَ ثُمَّ سَأَلْتُهُ فَسَكَتَ ثُمَّ سَأَلْتُهُ الثَّالِثَةَ فَقَالَ سَأَلْتُ عَنْ ذَلِكَ رَسُولَ اللَّهِ صلى الله عليه وسلم فَقَالَ "" عَلَيْكَ بِكَثْرَةِ السُّجُودِ لِلَّهِ فَإِنَّكَ لاَ تَسْجُدُ لِلَّهِ سَجْدَةً إِلاَّ رَفَعَكَ اللَّهُ بِهَا دَرَجَةً وَحَطَّ عَنْكَ بِهَا خَطِيئَةً "" . قَالَ مَعْدَانُ ثُمَّ لَقِيتُ أَبَا الدَّرْدَاءِ فَسَأَلْتُهُ فَقَالَ لِي مِثْلَ مَا قَالَ لِي ثَوْبَانُ .",ރަސޫލު ﷲ ﷺ ޙަދީޘް ކުރެއްވިއެވެ: ”ތިބާގެ މައްޗަށް ވަނީ ގިނަގިނައިން ﷲ އަށް ސަޖިދަ ކުރުމެވެ. އެހެނީ ހަމަކަށަވަރުން އެ ސަޖިދައަކާއެކު ﷲ ތިބާގެ ދަރަޖަ އުފުއްލަވާ، އަދި އެ ސަޖިދައަކާއެކު ތިބާގެ ކިބައިން ފާފަ ފުއްސަވާ (ހާލުގައި) މެނުވީ ތިބާ އެ އިލާހަށް ސަޖިދައެއް ނުކުރާނެއެވެ.“,
صحيح مسلم,523,وَحَدَّثَنَا يَحْيَى بْنُ أَيُّوبَ ، وَقُتَيْبَةُ بْنُ سَعِيدٍ ، وَعَلِيُّ بْنُ حُجْرٍ قَالُوا : حَدَّثَنَا إِسْمَاعِيلُ - وَهُوَ ابْنُ جَعْفَرٍ - ، عَنِ الْعَلَاءِ ، عَنْ أَبِيهِ ، عَنْ أَبِي هُرَيْرَةَ أَنَّ رَسُولَ اللهِ صَلَّى اللهُ عَلَيْهِ وَسَلَّمَ قَالَ : فُضِّلْتُ عَلَى الْأَنْبِيَاءِ بِسِتٍّ : أُعْطِيتُ جَوَامِعَ الْكَلِمِ ، وَنُصِرْتُ بِالرُّعْبِ ، وَأُحِلَّتْ لِيَ الْغَنَائِمُ ، وَجُعِلَتْ لِيَ الْأَرْضُ طَهُورًا وَمَسْجِدًا ، وَأُرْسِلْتُ إِلَى الْخَلْقِ كَافَّةً ، وَخُتِمَ بِيَ النَّبِيُّونَ .,"ރަސޫލު ﷲ ﷺ ޙަދީޘްކުރައްވާފައިވެއެވެ. (فُضِّلْتُ عَلَى الْأَنْبِيَاءِ بِسِتٍّ: أُعْطِيتُ جَوَامِعَ الْكَلِمِ، وَنُصِرْتُ بِالرُّعْبِ، وَأُحِلَّتْ لِيَ الْغَنَائِمُ، وَجُعِلَتْ لِيَ الْأَرْضُ طَهُورًا وَمَسْجِدًا، وَأُرْسِلْتُ إِلَى الْخَلْقِ كَافَّةً، وَخُتِمَ بِيَ النَّبِيُّونَ.) މާނައީ: ""ހަ ކަމަކުން ނަބިއްޔުންގެ މައްޗަށް ތިމަންކަލޭގެފާނު މާތްކުރެއްވުނެވެ. ތިމަންކަލޭގެފާނަށް ޖަވާމިޢުލް ކަލިމް (ގިނަ ފުން މާނަތައް އެކުލެވިގެންވާ މަދު ލަފްޡުތައް) ދެއްވުނެވެ. އަދި (ޢަދުއްވުންގެ ހިތްތައް) ބިރުގަތުމުން ތިމަންކަލޭގެފާނަށް ނަޞްރުދެއްވުނެވެ. އަދި ޣަނީމާ މުދާ ތިމަންކަލޭގެފާނަށް ހުއްދަކުރެއްވުނެވެ. އަދި ބިމަކީ ޠާހިރު (ނަމާދުކުރުން ހުއްދަވެގެންވާ) މިސްކިތެއްކަމުގައި ތިމަންކަލޭގެފާނަށް ލެއްވުނެވެ. އަދި ތިމަންކަލޭގެފާނު ފޮނުއްވުނީ ހުރިހާ ޚަލްގުތަކުންގެ ގާތަށެވެ. އަދި ތިމަންކަލޭގެފާނު މެދުވެރިކުރައްވާ ނަބިއްޔުން ޚަތިމްކުރެއްވުނެވެ.""",
صحيح مسلم,533,حَدَّثَنَا زُهَيْرُ بْنُ حَرْبٍ، وَمُحَمَّدُ بْنُ الْمُثَنَّى - وَاللَّفْظُ لِابْنِ الْمُثَنَّى - قَالَا: حَدَّثَنَا الضَّحَّاكُ بْنُ مَخْلَدٍ، أَخْبَرَنَا عَبْدُ الْحَمِيدِ بْنُ جَعْفَرٍ، حَدَّثَنِي أَبِي، عَنْ مَحْمُودِ بْنِ لَبِيدٍ أَنَّ عُثْمَانَ بْنَ عَفَّانَ أَرَادَ بِنَاءَ الْمَسْجِدِ فَكَرِهَ النَّاسُ ذَلِكَ فَأَحَبُّوا أَنْ يَدَعَهُ عَلَى هَيْئَتِهِ فَقَالَ: سَمِعْتُ رَسُولَ اللهِ ﷺ يَقُولُ: مَنْ بَنَى مَسْجِدًا لِلهِ بَنَى اللهُ لَهُ فِي الْجَنَّةِ مِثْلَهُ.,މަޙްމޫދު ބިން ލަބީދު ރިވާ ކުރެއްވިއެވެ: (ރަސޫލާގެ) މިސްކިތް ބޮޑު ކުރައްވަން (ޚަލީފާ) ޢުޘްމާނު ބިން ޢައްފާނު އެދުނު ހިނދު، މީސްތަކުންނަށް އެ ގޮތް ކަމަކު ނުދިޔައެވެ. އެބައިމީހުން ބޭނުންވީ އެ މިސްކިތް ހުރި ގޮތަށް ބަހައްޓަންށެވެ. ދެން ޢުޘްމާނު ވިދާޅުވިއެވެ: ރަސޫލު ﷲ ﷺ ޙަދީޘް ކުރައްވަނިކޮށް ތިމަން އަޑު އެހީމެވެ: ”ﷲ އަށްޓަކައި މިސްކިތެއް ބިނާކޮށްފި މީހާކަށް، ސުވަރޫގޭގައި އެފަދަ ތަނެއް ﷲ ބިނާ ކުރައްވާނެއެވެ.“,
صحيح مسلم,533,حَدَّثَنِي هَارُونُ بْنُ سَعِيدٍ الْأَيْلِيُّ ، وَأَحْمَدُ بْنُ عِيسَى قَالَا : حَدَّثَنَا ابْنُ وَهْبٍ ، أَخْبَرَنِي عَمْرٌو أَنَّ بُكَيْرًا حَدَّثَهُ أَنَّ عَاصِمَ بْنَ عُمَرَ بْنِ قَتَادَةَ حَدَّثَهُ أَنَّهُ سَمِعَ عُبَيْدَ اللهِ الْخَوْلَانِيَّ يَذْكُرُ أَنَّهُ سَمِعَ عُثْمَانَ بْنَ عَفَّانَ عِنْدَ قَوْلِ النَّاسِ فِيهِ حِينَ بَنَى مَسْجِدَ الرَّسُولِ صَلَّى اللهُ عَلَيْهِ وَسَلَّمَ إِنَّكُمْ قَدْ أَكْثَرْتُمْ وَإِنِّي سَمِعْتُ رَسُولَ اللهِ صَلَّى اللهُ عَلَيْهِ وَسَلَّمَ يَقُولُ : مَنْ بَنَى مَسْجِدًا لِلهِ تَعَالَى - قَالَ بُكَيْرٌ : حَسِبْتُ أَنَّهُ قَالَ : يَبْتَغِي بِهِ وَجْهَ اللهِ - بَنَى اللهُ لَهُ بَيْتًا فِي الْجَنَّةِ . وَقَالَ ابْنُ عِيسَى فِي رِوَايَتِهِ : مِثْلَهُ فِي الْجَنَّةِ .,"من بنى لله مسجدا بنى الله له بيتا في الجنة) މާނައީ: ""ﷲއަށްޓަކައި މިސްކިތެއް އަޅައިފިމީހާއަށްޓަކައި، ސުވަރުގޭގައި ގެކޮޅެއް އެ އިލާހު ބިނާކޮށްދެއްވާނެއެވެ."" متفق عليه.",
صحيح مسلم,537,"عَنْ مُعَاوِيَة بِن الحَكَمْ السُّلَمِي - رَضِيَ الله عَنْهُ - أَنَّهُ أَتَى النَّبِي - صَلَّى الله عَليْهِ وَسَلَّمَ – بِجَارِيَة لَهُ، فَقَالَ لَهَا "" أَيْنَ اللَّهُ "" . قَالَتْ فِي السَّمَاءِ . قَالَ "" مَنْ أَنَا "" . قَالَتْ أَنْتَ رَسُولُ اللَّهِ . قَالَ "" أَعْتِقْهَا فَإِنَّهَا مُؤْمِنَةٌ ""","މުޢާވިޔާ ބިން އަލްޙަކަމް އައްސުލަމީ ރަޟިޔަﷲ ޢަންހުގެ، އެކަލޭގެފާނުގެ ޖާރިޔާއެއް ގޮވައިގެން (ނަބިއްޔާގެ އަމުރަށް) އެކަލޭގެފާނުގެ އަރިހަށް ވަޑައިގަތެވެ. އެކަމަނާއަށް ނަބިއްޔާ ދެންނެވިއެވެ. ""ﷲ"" ވަނީ ކޮންތާކު ހެއްޔެވެ؟"" އެކަމަނާ ދެންނެވިއެވެ. ""އުޑުގައެވެ"" އެކަލޭގެފާނު ޙަދީޘްކުރެއްވިއެވެ. ""ތިމަންކަލޭގެފާނަކީ ކާކު ހެއްޔެވެ؟ "" އެކަމަނާ ދެންނެވިއެވެ. ""ތިބާއަކީ ﷲގެ ރަސޫލާއެވެ"" ޙަދީޘްކުރެއްވިއެވެ. ""އެކަމަނާ މިނިވަންކުރާށެވެ. ފަހެ އެއީ މުއުމިންބޭކަނބަލެކެވެ""",
صحيح مسلم,588,إِذَا تَشَهَّدَ أَحَدُكُمْ فَلْيَسْتَعِذْ باللَّهِ مِن أَرْبَعٍ يقولُ: اللَّهُمَّ إنِّي أَعُوذُ بِكَ مِن عَذَابِ جَهَنَّمَ، وَمِنْ عَذَابِ القَبْرِ، وَمِنْ فِتْنَةِ المَحْيَا وَالْمَمَاتِ، وَمِنْ شَرِّ فِتْنَةِ المَسِيحِ الدَّجَّالِ.,'އޭ ﷲ ! ނަރަކައިގެ ޢަޛާބުން، ހަމަ ކަށަވަރުން މި އަޅާ އިބަ ރަސްކަލާނގެ ރައްކާތެރި ކަމަށް އެދެވެ. އަދި ކަށްވަޅުގެ ޢަޛާބުންނެވެ. އަދި ދިރި ހުރުމާއި މަރު ގައި ދިމާވާ ފިތުނައިންނެވެ. އަދި މަސީޙުއް ދައްޖާލުގެ ފިތުނައިގެ ނުބައިކަމުންނެވެ.'',
صحيح مسلم,608,مَن أدْرَكَ رَكْعَةً مِنَ الصُّبْحِ قَبْلَ أنْ تَطْلُعَ الشَّمْسُ، فقَدْ أدْرَكَ الصُّبْحَ، ومَن أدْرَكَ رَكْعَةً مِنَ العَصْرِ قَبْلَ أنْ تَغْرُبَ الشَّمْسُ، فقَدْ أدْرَكَ العَصْرَ.,އިރު އޮއްސުމުގެ ކުރިން ޢަޞުރު ނަމާދުގެ ރަކުޢަތެއް ލިބިއްޖެ މީހާއަށް ހަމަކަށަވަރުން ޢަޞުރު ނަމާދު ލިބިއްޖެއެވެ.,
صحيح مسلم,612,حَدَّثَنَا يَحْيَى بْنُ يَحْيَى التَّمِيمِيُّ قَالَ : أَخْبَرَنَا عَبْدُ اللهِ بْنُ يَحْيَى بْنِ أَبِي كَثِيرٍ قَالَ : سَمِعْتُ أَبِي يَقُولُ : لَا يُسْتَطَاعُ الْعِلْمُ بِرَاحَةِ الْجِسْمِ .,"ޔަޙްޔާ ބިން އަބީ ކަޘީރު رحمه الله ޥިދާޅުވެފައިވެއެވެ. "" لاَ يُسْتَطَاعُ الْعِلْمُ بِرَاحَةِ الْجِسْمِ "" މާނައީ: ""ހަށިގަނޑަށް އަރާމު ދީގެން ޢިލްމު ނުލިބޭ ހުއްޓެވެ"" رواه مسلم في صحيحه: 224",
صحيح مسلم,651,إنَّ أَثْقَلَ صَلَاةٍ علَى المُنَافِقِينَ صَلَاةُ العِشَاءِ، وَصَلَاةُ الفَجْرِ، ولو يَعْلَمُونَ ما فِيهِما لأَتَوْهُما ولو حَبْوًا، وَلقَدْ هَمَمْتُ أَنْ آمُرَ بالصَّلَاةِ، فَتُقَامَ، ثُمَّ آمُرَ رَجُلًا فيُصَلِّيَ بالنَّاسِ، ثُمَّ أَنْطَلِقَ مَعِي برِجَالٍ معهُمْ حُزَمٌ مِن حَطَبٍ إلى قَوْمٍ لا يَشْهَدُونَ الصَّلَاةَ، فَأُحَرِّقَ عليهم بُيُوتَهُمْ بالنَّارِ.,މުނަފިގުންގެ މައްޗަށް އެންމެ ބުރަހެލިކަންބޮޑު އުނދަގޫ ނަމާދަކީ ޢިޝާނަމާދާއި ފަތިސްނަމާދެވެ. އެދެނަމާދުގައި އެކުލެވިފައިވާ ދަރުމައާއި ޘަވާބުގެ މަތިވެރިކަން އެބައިމީހުންނަށް އެނގޭނަމަ ފިރުކިފައިވެސް އެދެނަމާދަށް އެބައިމީހުން އައީހެވެ.,
صحيح مسلم,651,إنَّ أَثْقَلَ صَلَاةٍ علَى المُنَافِقِينَ صَلَاةُ العِشَاءِ، وَصَلَاةُ الفَجْرِ، ولو يَعْلَمُونَ ما فِيهِما لأَتَوْهُما ولو حَبْوًا,“ މުނާފިގުންނަށް އެންމެ ބުރަ އަދި އެންމެ ބަރު ނަމާދަކީ ޢިޝާނަމާދާއި ފަތިސް ނަމާދެވެ. އެ ދެ ނަމާދުގެ ޘަވާބާއި ދަރުމަ މީސްތަކުންނަށް އެނގޭނަމަ ބިމުގައި ފިރުކެމުންވެސް އެ ދެ ނަމާދަށް އައީސްކަން ކަށަވަރެވެ.“,
صحيح مسلم,656,دَخَلَ عُثْمَانُ بنُ عَفَّانَ المَسْجِدَ بَعْدَ صَلَاةِ المَغْرِبِ، فَقَعَدَ وَحْدَهُ، فَقَعَدْتُ إلَيْهِ فَقالَ: يا ابْنَ أَخِي، سَمِعْتُ رَسولَ اللهِ صَلَّى اللَّهُ عليه وسلَّمَ يقولُ: مَن صَلَّى العِشَاءَ في جَمَاعَةٍ فَكَأنَّما قَامَ نِصْفَ اللَّيْلِ، وَمَن صَلَّى الصُّبْحَ في جَمَاعَةٍ فَكَأنَّما صَلَّى اللَّيْلَ كُلَّهُ.,ޖަމާއަތުގައި ޢިޝާނަމާދުކޮށްފިމީހާ ރޭގަނޑުން އެއްބައިގައި އަޅުކަންކުރިފަދައެވެ. އަދި ޖަމާއަތުގައި ފަތިސްނަމާދު ކޮށްފިމީހާ މުޅި ރޭގަނޑު އަޅުކަން ކުރިފަދައެވެ.,
صحيح مسلم,670,قُلْتُ لِجَابِرِ بْنِ سَمُرَةَ: أَكُنْتَ تُجَالِسُ رَسُولَ اللهِ صَلَّى اللهُ عَلَيْهِ وَسَلَّمَ؟ قَالَ: نَعَمْ كَثِيرًا، «كَانَ لَا يَقُومُ مِنْ مُصَلَّاهُ الَّذِي يُصَلِّي فِيهِ الصُّبْحَ، أَوِ الْغَدَاةَ، حَتَّى تَطْلُعَ الشَّمْسُ، فَإِذَا طَلَعَتِ الشَّمْسُ قَامَ، وَكَانُوا يَتَحَدَّثُونَ فَيَأْخُذُونَ فِي أَمْرِ الْجَاهِلِيَّةِ، فَيَضْحَكُونَ وَيَتَبَسَّمُ,ޖާބިރު ބުން ސަމުރާ ގެ އަރިހުން ތިމަން އެއްސެވީމެވެ. (ސުވާލު ކުރެއްވީމެވެ.) ކަލޭގެފާނު ނަބިއްޔާ ﷺ އަރިހުގައި އިށީނދެވަޑައިގަންނަވަމުތޯއެވެ. އެކަލޭގެފާނު ދެންނެވިއެވެ. އާދޭހެވެ. ވަރަށް ގިނައިންނެވެ. އެކަލޭގެފާނު ﷺ ފަތިސްނަމާދު ކުރެއްވުމަށްފަހު އިރު ފާޅުވެއްޖެއުމަށް ދާންދެން މުޞައްލާގައި އިށީނދެވަޑައިގަންނަވެއެވެ. ދެންފަހެ އިރުއެރުމުން ތެދުވެވަޑައިގެން އަޅުގަނޑުމެން އަރިހަށް ވަޑައިގެން، ޖާހިލިއްޔަ ޒަމާނުގެ ވާހަކަތައް ދައްކަވައި ހީސަމާސަކޮށް ހައްދަވައެވެ.,
صحيح مسلم,670,أنَّ النبيَّ صَلَّى اللَّهُ عليه وسلَّمَ كانَ إذَا صَلَّى الفَجْرَ جَلَسَ في مُصَلَّاهُ حتَّى تَطْلُعَ الشَّمْسُ حَسَنًا.,رسول الله ﷺ ފަތިސްނަމާދު ކުރައްވައިފި ހިނދެއްގައި އިރުއަރަށްޖައުމަށް ދާންދެން ނަމާދު ކުރެއްވެވިތާނގައި އިންނަވައެވެ.,
صحيح مسلم,713,حَدَّثَنَا يَحْيَى بْنُ يَحْيَى، أَخْبَرَنَا سُلَيْمَانُ بْنُ بِلَالٍ، عَنْ رَبِيعَةَ بْنِ أَبِي عَبْدِ الرَّحْمَنِ، عَنْ عَبْدِ الْمَلِكِ بْنِ سَعِيدٍ، عَنْ أَبِي حُمَيْدٍ - أَوْ عَنْ أَبِي أُسَيْدٍ - قَالَ: قَالَ رَسُولُ اللهِ ﷺ: إِذَا دَخَلَ أَحَدُكُمُ الْمَسْجِدَ فَلْيَقُلِ: اللَّهُمَّ افْتَحْ لِي أَبْوَابَ رَحْمَتِكَ، وَإِذَا خَرَجَ فَلْيَقُلِ: اللَّهُمَّ إِنِّي أَسْأَلُكَ مِنْ فَضْلِكَ. قَالَ مُسْلِمٌ: سَمِعْتُ يَحْيَى بْنَ يَحْيَى يَقُولُ: كَتَبْتُ هَذَا الْحَدِيثَ مِنْ كِتَابِ سُلَيْمَانَ بْنِ بِلَالٍ قَالَ: بَلَغَنِي أَنَّ يَحْيَى الْحِمَّانِيَّ يَقُولُ: وَأَبِي أُسَيْدٍ.,އަބޫ ޙުމައިދު ނުވަތަ އަބޫ އުސައިދު ރިވާ ކުރެއްވިއެވެ: ރަސޫލު ﷲ ﷺ ޙަދީޘް ކުރެއްވިއެވެ: ”ތިޔަބައިމީހުންގެ ތެރެއިން މީހަކު މިސްކިތަށް ވަންނަ ނަމަ ކިޔާށެވެ: ޔާ ﷲ އެވެ. އިބަ އިލާހުގެ ރަޙުމަތުގެ ދޮރުކޮޅުތައް މި އަޅާއަށް ޓަކައި ހުޅުއްވައިދެއްވާށިއެވެ. އަދި (މިސްކިތުން) ނުކުންނަ ނަމަ ކިޔާށެވެ: ޔާ ﷲ އެވެ. ހަމަކަށަވަރުން މި އަޅާ އިބަ އިލާހުގެ ފަޟްލުވަންތަކަމަށް އެދި ދަންނަވަމެވެ.“,
صحيح مسلم,713,إذا دَخَلَ أحَدُكُمُ المَسْجِدَ، فَلْيَقُلِ: اللَّهُمَّ افْتَحْ لي أبْوابَ رَحْمَتِكَ، وإذا خَرَجَ، فَلْيَقُلِ: اللَّهُمَّ إنِّي أسْأَلُكَ مِن فَضْلِكَ.,އަބޫ ޙުމައިދު ނުވަތަ އަބޫ އުސައިދު ރިވާ ކުރެއްވިއެވެ: ރަސޫލު ﷲ ﷺ ޙަދީޘް ކުރެއްވިއެވެ: ތިޔަބައިމީހުންގެ ތެރެއިން މީހަކު މިސްކިތަށް ވަންނަ ނަމަ ކިޔާށެވެ: އޭ ﷲ އެވެ. އިބަ އިލާހުގެ ރަޙުމަތުގެ ދޮރުކޮޅުތައް މި އަޅާއަށް ޓަކައި ހުޅުއްވައިދެއްވާށިއެވެ. އަދި (މިސްކިތުން) ނުކުންނަ ނަމަ ކިޔާށެވެ: އޭ ﷲ އެވެ. ހަމަކަށަވަރުން މި އަޅާ އިބަ އިލާހުގެ ފަޟްލުވަންތަކަމަށް އެދި ދަންނަވަމެވެ.,
صحيح مسلم,719,كَمْ كَانَ رَسُولُ اللهِ صَلَّى اللهُ عَلَيْهِ وَسَلَّمَ يُصَلِّي صَلَاةَ الضُّحَى؟ قَالَتْ: «أَرْبَعَ رَكَعَاتٍ وَيَزِيدُ مَا شَاءَ,ﷲ ގެ ރަސޫލާ ﷺ ޟުޙާ ނަމާދުގައި ކުރައްވަނީ ކިތައް ރަކްޢަތް ހެއްޔެވެ؟ އެކަމަނާ ވިދާޅުވިއެވެ. “ހަތަރު ރަކްޢަތެވެ. އަދި ﷲ އިރާދަކުރެއްވި މިންވަރަކަށް އިތުރުކުރައްވައެވެ.”,
صحيح مسلم,720,وَيُجْزِئُ مِنْ ذَلِكَ رَكْعَتَانِ يَرْكَعُهُمَا مِنْ الضُّحَى,އަދި ޟުޙާ ނަމާދުގެ ދެ ރަކްޢަތް އެ ހުރިހާ ޞަދަގާތަކަށް ފުދިގެންވެއެވެ.,
صحيح مسلم,733,وَكانَ يَقْرَأُ بالسُّورَةِ فيُرَتِّلُهَا حتَّى تَكُونَ أَطْوَلَ مِن أَطْوَلَ منها.,"ޙަފްޞާ ރަޟިޔަﷲ ޢަންހާ ރިވާ ކުރެއްވި ޙަދީޘެއްގައި ވެއެވެ. އެކަމަނާ ވިދާޅުވިއެވެ. ""ރަސޫލުﷲ ޞައްލަﷲ ޢަލައިހި ވަސައްލަމް (ސުންނަތް ނަމާދުގައި) ސޫރަތެއް ކިޔަވާހިނދު، އެސޫރަތަކީ އެއަށްވުރެ ދިގު ސޫރަތެއް ކަމަށް ހީވާ ވަރަށް ތަރްތީލުކޮށް (ލަސްލަހުން ކިޔުއްވައެވެ.)""",
صحيح مسلم,737,عَنْ عَائِشَةَ رضي الله عنها، قَالَتْ كَانَ رَسُولُ اللَّهِ ﷺ يُصَلِّي مِنَ اللَّيْلِ ثَلاَثَ عَشْرَةَ رَكْعَةً يُوتِرُ مِنْ ذَلِكَ بِخَمْسٍ لاَ يَجْلِسُ فِي شَىْءٍ إِلاَّ فِي آخِرِهَا .,ޢާއިޝާ رضي الله عنها ގެ އަރިހުން ރިވާވެފައި ވެއެވެ. އެކަމަނާ ވިދާޅުވިއެވެ. ރަސޫލުﷲ ﷺ ރޭގަނޑުގެ ނަމާދުގައި (ދަމު ނަމާދުގައި) ތޭރަ ރަކުޢަތް ކުރައްވާ ކަމުގައި ވެއެވެ. އަދި ފަސް ރަކުޢަތުން ވިތުރި ކުރައްވަތެވެ. (އެ ފަސް ރަކުޢަތް ކުރެއްވުމުގައި) އެންމެ ފަހު ރަކުޢަތުގައި މެނުވީ (އައްތަޙިއްޔާތަށް) އިށީނދެވަޑައި ނުގަންނަވައެވެ.,
صحيح مسلم,740,كانَ رَسولُ اللهِ صَلَّى اللَّهُ عليه وسلَّمَ يُصَلِّي مِنَ اللَّيْلِ حتَّى يَكونَ آخِرَ صَلَاتِهِ الوِتْرُ.,ރޭގަނޑު ދަމުނަމާދު ﷲ ގެ ރަސޫލާ ﷺ ކުރެއްވިއެވެ، އެއީ އެކަލޭގެފާނު (ރޭގަނޑު) ކުރައްވާ އެންމެ ފަހު ނަމާދަކީ ވިތުރިކަމުގައި ވެއްޖައުމަށްދާނދެނެވެ. “,
صحيح مسلم,746,وَيُصَلِّي تِسْعَ رَكَعَاتٍ لاَ يَجْلِسُ فِيهَا إِلاَّ فِي الثَّامِنَةِ فَيَذْكُرُ اللَّهَ وَيَحْمَدُهُ وَيَدْعُوهُ ثُمَّ يَنْهَضُ وَلاَ يُسَلِّمُ ثُمَّ يَقُومُ فَيُصَلِّي التَّاسِعَةَ ثُمَّ يَقْعُدُ فَيَذْكُرُ اللَّهَ وَيَحْمَدُهُ وَيَدْعُوهُ ثُمَّ يُسَلِّمُ تَسْلِيمًا يُسْمِعُنَا,“އެކަލޭގެފާނު ނުވަ ރަކުޢަތް ކުރައްވައެވެ. (ނަމާދު ފައްޓަވައިގެން ކުރިއަށް ގެންދަވާއިރު) އަށްވަނަ ރަކުޢަތުގައި މެނުވީ (އައްތަޙިއްޔާތަށް) އިށީނދެވަޑައި ނުގަންނަވައެވެ. (އައްތަޙިއްޔާތަށް އިށީނދެވަޑައިގެން)، ﷲ އަށް ޛިކުރު ކުރައްވައި އެއިލާހަށް ޙަމްދުކޮށް، ދުއާކުރައްވައެވެ. އެއަށްފަހު، ސަލާމް ދިނުމަކާ ނުލާ ތެދުވެވަޑައިގެން ނުވަވަނަ ރަކުޢަތް ކުރައްވައެވެ. އެއަށްފަހު (އައްތަޙިއްޔާތަށް) އިށީނދެވަޑައި ގަންނަވައެވެ. (އައްތަޙިއްޔާތަށް އިށީނދެވަޑައިގެން)، ﷲ އަށް ޛިކުރު ކުރައްވައި އެއިލާހަށް ޙަމްދުކޮށް، ދުއާކުރައްވައެވެ. އެއަށްފަހު އަހަރެމެންނަށް އިވޭފަދައަކުން ސަލާމް ދެއްވައެވެ.”,
صحيح مسلم,748,أنَّ زَيْدَ بنَ أَرْقَمَ رَأَى قَوْمًا يُصَلُّونَ مِنَ الضُّحَى، فَقالَ: أَمَا لقَدْ عَلِمُوا أنَّ الصَّلَاةَ في غيرِ هذِه السَّاعَةِ أَفْضَلُ؛ إنَّ رَسولَ اللهِ صَلَّى اللَّهُ عليه وسلَّمَ قالَ: صَلَاةُ الأوَّابِينَ حِينَ تَرْمَضُ الفِصَالُ.,ކިޔަމަންތެރިންގެ ނަމާދުވަނީ (އެބަހީ: ޟުޙާނަމާދުވަނީ) ހޫނުކަން ގަދަވެގަންނަ ވަގުތެވެ.,
صحيح مسلم,752,عَنْ أَبِي مِجْلَزٍ، قَالَ سَأَلْتُ ابْنَ عَبَّاسٍ عَنِ الْوِتْرِ، فَقَالَ سَمِعْتُ رَسُولَ اللَّهِ ﷺ يَقُولُ ” رَكْعَةٌ مِنْ آخِرِ اللَّيْلِ ” . وَسَأَلْتُ ابْنَ عُمَرَ فَقَالَ سَمِعْتُ رَسُولَ اللَّهِ ﷺ يَقُولُ ” رَكْعَةٌ مِنْ آخِرِ اللَّيْلِ,އަބޫ މިޖްލަޒްގެ އަރިހުން ރިވާވެންވެއެވެ. އެކަލޭގެފާނު ވިދާޅުވިއެވެ. އަހަރެން އިބްނު ޢައްބާސް رضي الله عنهما އާ ވިތުރިއާ ބެހޭގޮތުން ސުވާލު ކުރީމެވެ. އެކަލޭގެވާނު ވިދާޅުވިއެވެ. ރަސޫލުﷲ ﷺ މިފަދައިން ޙަދީޘް ކުރައްވަނިކޮށް އަހުރެން އަޑުއެހީމެވެ: “ވިތުރިއަކީ ރޭގަނޑުގެ ފަހުބައިގައި ކުރާ އެއް ރަކުޢަތެވެ.” އަދި އަހަރެން އިބްނު ޢުމަރު رضي الله عنهما ގާތުގައިވެސް އެފަދައިން ސުވާލު ކުރީމެވެ. އެކަލޭގެފާނު ވިދާޅުވިއެވެ. ރަސޫލުﷲ ﷺ މިފަދައިން ޙަދީޘް ކުރައްވަނިކޮށް އަހުރެން އަޑުއެހީމެވެ: “(އެއީ) ރޭގަނޑުގެ ފަހުބައިގައި ކުރާ އެއް ރަކުޢަތެވެ.”,
صحيح مسلم,763,عن عَبْدَ اللَّهِ بْنٍ عَبَّاسٍ أَنَّهُ بَاتَ لَيْلَةً عِنْدَ مَيْمُونَةَ زَوْجِ النَّبِيِّ صَلَّى اللَّهُ عَلَيْهِ وَسَلَّمَ – وَهِيَ خَالَتُهُ – قال : فَاضْطَجَعْتُ فِي عَرْضِ الْوِسَادَةِ وَاضْطَجَعَ رَسُولُ اللَّهِ صَلَّى اللَّهُ عَلَيْهِ وَسَلَّمَ وَأَهْلُهُ فِي طُولِهَا فَنَامَ رَسُولُ اللَّهِ صَلَّى اللَّهُ عَلَيْهِ وَسَلَّمَ حَتَّى إِذَا انْتَصَفَ اللَّيْلُ أَوْ قَبْلَهُ بِقَلِيلٍ أَوْ بَعْدَهُ بِقَلِيلٍ اسْتَيْقَظَ رَسُولُ اللَّهِ صَلَّى اللَّهُ عَلَيْهِ وَسَلَّمَ فَجَلَسَ يَمْسَحُ النَّوْمَ عَنْ وَجْهِهِ بِيَدِهِ ثُمَّ قَرَأَ الْعَشْرَ الْآيَاتِ الْخَوَاتِمَ مِنْ سُورَةِ آلِ عِمْرَانَ ثُمَّ قَامَ إِلَى شَنٍّ مُعَلَّقَةٍ فَتَوَضَّأَ مِنْهَا فَأَحْسَنَ وُضُوءَهُ ثُمَّ قَامَ يُصَلِّي,ޢަބްދުﷲ ބުން އައްބާސް ރަޟިޔަﷲ ޢަންހު ކިބައިން ރިވާވެގެން އައިސްފައިވެއެވެ. އެކަލޭގެފާނު ރަސޫލުﷲ ޞައްލަﷲ ޢަލައިހިވަސައްލަމަގެ އަނބިކަނބަލުން މައިމޫނާގެ އަރިހުގައި އެއްރޭ މަޑުކުރެއްވިއެވެ. -އެއީ އެކަލޭގެފާނު ބޮޑުދައިތައެވެ – “އަހަރެން ބާލީހުގެ ހުރަހަށް އޮތްއިރު ރަސޫލުﷲ ޞައްލަﷲ ޢަލައިހި ވަސައްލަމައާއި އެކަލޭގެފާނުގެ އަނބިކަބަލުން ބާލީހުގެ ދިގަށްވާގޮތަށް އޮންނެވިއެވެ. ރޭގަނޑުގެ ދެބައިވަންދެން ނުވަތަ އޭގެ ކުޑައިރުކޮޅެއް ކުރިން ނުވަތަ ކުޑަވަގުތުކޮޅެއްގެ ފަހާ ޖެެހެންދެން ނިދިކުރެއްވިއެވެ. އެއަށްފަހު ރަސޫލުﷲޞައްލަﷲ ޢަލައިހިވަސައްލަމަނިދިން ތެދުވެވަޑައިގެން، އިށީނދެވަޑައިގަތުމަށްފަހު ނިދިފިލުވާލުމަށްޓަކައި މޫނު ފޮހެލެއްވެވިއެވެ. ދެން އެއަށްފަހުގައި އާލް-ޢިމްރާން ސޫރަތުގެ ފަހު ދިހަ އާޔަތް ކިޔަވާ ވިދާޅުވިއެވެ…. ދެން ތެދުވެވަޑައިގެން (ވުޟޫކުރެއްވުމަށްޓަކައި) ފެންއަޅާފައި އެލުވާފައިވާ ކަންވާރުުގެ ކަރިއަށް ވަޑައިގަތެވެ. ދެން އެއަށްފަހު ފުރިހަމަ ވުޟޫއެއް ކުރެއްވުމަށްފަހު ނަމާދަށް ތެދުވެވަޑައިގަތެވެ.,
صحيح مسلم,763,أَنَّهُ بَاتَ عِنْدَ مَيْمُونَةَ وَهِيَ خَالَتُهُ : فَاضْطَجَعْتُ فِي عَرْضِ وِسَادَةٍ، وَاضْطَجَعَ رَسُولُ اللَّهِ صَلَّى اللهُ عَلَيْهِ وَسَلَّمَ وَأَهْلُهُ فِي طُولِهَا، فَنَامَ حَتَّى انْتَصَفَ اللَّيْلُ – أَوْ قَرِيبًا مِنْهُ – فَاسْتَيْقَظَ يَمْسَحُ النَّوْمَ عَنْ وَجْهِهِ، ثُمَّ قَرَأَ عَشْرَ آيَاتٍ مِنْ آلِ عِمْرَانَ، ثُمَّ قَامَ رَسُولُ اللَّهِ صَلَّى اللهُ عَلَيْهِ وَسَلَّمَ إِلَى شَنٍّ مُعَلَّقَةٍ، فَتَوَضَّأَ، فَأَحْسَنَ الوُضُوءَ، ثُمَّ قَامَ يُصَلِّي,އެކަލޭގެފާނު މައިމޫނާގެފާނުގެ އަރިހުގައި އެއްރޭ މަޑުކުރެއްވިއެވެ. އެއީ އެކަލޭގެފާނުގެ (އެބަހީ: އިބްނު ޢައްބާސްގެ) ބޮޑުދައިތައެވެ. (އެކަލޭގެފާނު ވިދާޅުވިއެވެ.) “ތިމަންކަލޭގެފާނު ބާލީހުގެ ހުރަހަށް ވާގޮށް އޮތީމެވެ. އަދި ﷲ ގެ ރާސޫލާ ﷺ އާއި އެކަލޭގެފާނުގެ އަނބިކަބަލުން ބާލީހުގެ ދިގަށްވާގޮތަށް އޮންނެވިއެވެ. ރޭގަނޑުގެ ދެބައިވަންދެން ނުވަތަ ރޭގަނޑުގެ ދެބަޔާއި ގާތްވަންދެން އެކަލޭގެފާނު އަވަހަރަފުޅުލެއްޕެވިއެވެ. އެއަށްފަހު އެކަލޭގެފާނު ނިދިން ތެދުވެވަޑައިގެން ނިދިފިލުވާލުމަށްޓަކައި މޫނު ފޮހެލެއްވިއެވެ. ދެން އެއަށްފަހުގައި އާލް-ޢިމްރާން ސޫރަތުގެ ފަހު ދިހަ އާޔަތް ކިޔަވާ ވިދާޅުވިއެވެ. އެއަށްފަހު ތެދުވެވަޑައިގެން އެލުވާފައިވާ ފެން ކަންވާރުގެ ކައިރިއަށް ވަޑައިގަތެވެ. ދެން ފުރިހަމަ ވުޟޫއެއް ކުރެއްވިއެވެ. އެއަށްފަހު ތެދުވެވަޑައިގެން ނަމާދުކުރެއްވިއެވެ.,
صحيح مسلم,775,"(سَمِعْتُ رَسُولَ اللَّهِ ﷺ يَقُولُ "" قَالَ اللَّهُ تَعَالَى قَسَمْتُ الصَّلاَةَ بَيْنِي وَبَيْنَ عَبْدِي نِصْفَيْنِ وَلِعَبْدِي مَا سَأَلَ فَإِذَا قَالَ الْعَبْدُ { الْحَمْدُ لِلَّهِ رَبِّ الْعَالَمِينَ} . قَالَ اللَّهُ تَعَالَى حَمِدَنِي عَبْدِي وَإِذَا قَالَ { الرَّحْمَنِ الرَّحِيمِ} . قَالَ اللَّهُ تَعَالَى أَثْنَى عَلَىَّ عَبْدِي . وَإِذَا قَالَ { مَالِكِ يَوْمِ الدِّينِ} . قَالَ مَجَّدَنِي عَبْدِي - وَقَالَ مَرَّةً فَوَّضَ إِلَىَّ عَبْدِي - فَإِذَا قَالَ { إِيَّاكَ نَعْبُدُ وَإِيَّاكَ نَسْتَعِينُ} . قَالَ هَذَا بَيْنِي وَبَيْنَ عَبْدِي وَلِعَبْدِي مَا سَأَلَ . فَإِذَا قَالَ { اهْدِنَا الصِّرَاطَ الْمُسْتَقِيمَ * صِرَاطَ الَّذِينَ أَنْعَمْتَ عَلَيْهِمْ غَيْرِ الْمَغْضُوبِ عَلَيْهِمْ وَلاَ الضَّالِّينَ} . قَالَ هَذَا لِعَبْدِي وَلِعَبْدِي مَا سَأَلَ)","ތިމަންކަލޭގެފާނަށް ރަސޫލުﷲ ﷺ ޙަދީޘްކުރައްވަނިކޮށް އިވިވަޑައިގަތެވެ. ""ﷲ ތަޢާލާ ވަހީކުރެއްވިއެވެ: ތިމަން ﷲއާ އަދި އަޅާޔާ ދެމެދު ނަމާދު ދެބަޔަށް ބައިކުރެއްވީމެވެ. އަދި ތިމަންﷲގެ އަޅާ ދެންނެވި ކަންތައް އޭނާއަށް ވެއެވެ. އަޅާ މިފަދައިން ދަންނަވައިފިނަމަ الْحَمْدُ لِلَّهِ رَبِّ الْعَالَمِينَ (މާނައީ: ޙަމްދުހުރީ ޢާލަމްތަކުގެ ރައްބަށެވެ) ﷲ ތަޢާލާ ވަހީކުރައްވާނެއެވެ. ތިމަންﷲގެ އަޅާ ތިމަން އިލާހަށް ޙަމްދުކޮށްފިއެވެ. އަދި އަޅާ الرَّحْمَنِ الرَّحِيمِ (މާނައީ: އެ އިލާހީ އައްރަޙްމާން، އައްރަޙީމެވެ.) ކިޔަވައިފިނަމަ ﷲ ތަޢާލާ ވަހީކުރައްވާނެއެވެ. މިއިލާހުގެ އަޅާ ތިމަންﷲއަށް ޘަނާ ކިޔައިފިއެވެ. އަދި އަޅާ مَالِكِ يَوْمِ الدِّينِ (މާނައީ: ގިޔާމަތްދުވަހުގެ ވެރި ﷲއެވެ.) ކިޔައިފިނަމަ ﷲ ވަހީކުރައްވާނެއެވެ. ތިމަންﷲގެ އަޅާ ތިމަންﷲ މަތިވެރިކޮށްފިއެވެ. އަދި އަޅާ މިފަދައިން إِيَّاكَ نَعْبُدُ وَإِيَّاكَ نَسْتَعِينُ (މާނައީ: އަޅަމެން އެއްކައުވަންތަކޮށް އަޅުކަން ކުރަނީ އިބަﷲއަށެވެ. އަދި އެހީއަށް އެދެނީ އިބަﷲގެ ކިބައިންނެވެ.) ކިޔައިފިނަމަ ﷲ ވަހީކުރައްވާނެއެވެ. މިކަންވަނީ ތިމަންﷲއާ ތިމަންއިލާހުގެ އަޅާއާ ދެމެދުގައެވެ. (ދެން) ތިމަންއިލާހުގެ އަޅާ ދަންނަވާ ކަންތައް އެއަޅާއަށް ވެއެވެ. ދެން އަޅާ اهْدِنَا الصِّرَاطَ الْمُسْتَقِيمَ * صِرَاطَ الَّذِينَ أَنْعَمْتَ عَلَيْهِمْ غَيْرِ الْمَغْضُوبِ عَلَيْهِمْ وَلاَ الضَّالِّينَ (ސީދާވެގެންވާ ތެދުމަގަށް މިއަޅާ ތެދުމަގު ދައްކަވާންދޭވެ. އެއީ އިބަﷲ ނިޢުމަތްދެއްވި މީހުންގެ މަގެވެ. އަދި އިބަﷲ ކޯފާލެއްވި(ޔަހޫދީންނާއި) އަދި މަގުފުރެދުނު(ނަޞާރާއިންގެ) މަގެއްނޫނެވެ) ކިޔެވުމުން ﷲ ވަހީކުރައްވާނެއެވެ. މިކަން ވަނީ ތިމަންއިލާހުގެ އަޅާއަށެވެ. އަދި އެއަޅާ އެދުންކަންތައް އެއަޅާއަށް ވެއެވެ.""",
صحيح مسلم,783,أَحَبُّ الأَعْمَالِ إِلَى الله تَعَالَى أَدْوَمُهَا وَإِنْ قَلَّ,މަތިވެރިވެވޮތިގެންވާ ﷲގެ ހަޟްރަތަށް އެންމެ ލޮބުވެތިވެގެންވާ ޢަމަލަކީ ދެމެހެއްޓެނިވި ގޮތެއްގައި ކުރެވޭ ޢަމަލުތަކެވެ. އެއީ މަދު ޢަމަލުކޮޅެއް ކަމުގައި ވިޔަސްމެއެވެ.,
صحيح مسلم,792,ماَ أَذِنَ اللهُ لِشَيْءٍ ماَ أَذِنَ لِنَبِيٍّ يَتَغَنَّى بِالْقُرْآنِ,الله تعالى،އެކަލާނގެ ނަބިއްޔާ ރާގުގައި ގުރުއާން ކިޔަވައި ވިދާޅުވަނިކޮށް ޝައުގުވެރިކަމާއެކު އައްސަވައިވޮޑިގެންވާވަރަކަށް އެހެންއެއްޗަކަށް ޝައުގުވެރިކަމާއެކު އައްސަވައިވޮޑިނުގަންނަވައެވެ.,
صحيح مسلم,798,الماَهِرُ بِالْقُرْآنِ مَعَ السَّفَرَةِ الْكِرَامِ الْبَرَرَةِ,ގުރުއާން ކިޔެވުމުގައި މާހިރުމީހާ ވާހުށީ ވަހީ ލިޔުއްވާ މާތް މަލާއިކަތުންނާ އެކުގައެވެ.,
صحيح مسلم,798,الْمَاهِرُ بِالْقُرْآنِ مَعَ السَّفَرَةِ الْكِرَامِ الْبَرَرَةِ، وَالَّذِي يَقْرَأُ الْقُرْآنَ وَيَتَتَعْتَعُ فِيهِ وَهُوَ عَلَيْهِ شَاقٌّ لَهُ أَجْرَانِ,ކީރިތި ގުރުއާނު (ހިތުދަސްކޮށް) ރިވެތިކޮށް ރަނގަޅަށް ކިޔަވާމީހާވާނީ ކިޔަމަންތެރި މާތްވެގެންވާ މަލާއިކަތުންނާ އެކުގައެވެ. އަދި ދަތި އުނދަގުލާއެކު އަޅައަޅައިގަންނަ ހާލު (ގުރުއާނަށް ފަރުވާތެރިވެ) އެކަމަށް މަސައްކަތްކުރާ މީހާއަށް ދެ ދަރުމަ ވެއެވެ.,
صحيح مسلم,799,أنَّ رَسولَ اللهِ ﷺ قالَ لأُبَيٍّ: إنَّ اللَّهَ أمَرَنِي أنْ أقْرَأَ عَلَيْكَ، قالَ: اللَّهُ سَمَّانِي لَكَ؟ قالَ: اللَّهُ سَمَّاكَ لِي، قالَ: فَجَعَلَ أُبَيٌّ يَبْكِي.,ﷲ އެބޭކަލަކަށް ރުއްސުންލެއްވި އަނަސްގެ އަރިހުން ރިވާވެގެންވިއެވެ. އެކަލޭގެފާނު ވިދާޅުވިއެވެ: ﷲ އެބޭކަލަކަށް ރުއްސުންލެއްވި އުބައްޔު ބިން ކަޢްބުއަށް (އެއްފަހަރަކު) ރަސޫލާ ﷺ ޙަދީޘްކުރެއްވިއެވެ: ﴿لَمْ يَكُنِ الَّذِينَ كَفَرُوا﴾ މިސޫރަތް، ތިމަންކަލޭގެފާނު ކަލޭގެފާނަށް ކިޔަވައި ވިދާޅުވެ ދެއްވުމަށް، ﷲ ތިމަންކަލޭގެފާނަށް އަމުރުކުރައްވައިފިއެވެ. އުބައްޔު ދެންނެވިއެވެ. އެކަލާނގެ ތިމަންގެ ނަން ވަހީކުރެއްވިތޯއެވެ؟ ޙަދީޘްކުރެއްވިއެވެ: އާދޭހެވެ! ފަހެ، އެކަމާ (އުފާފުޅުން) އުބައްޔު ކީރިތިކުރައްވަން ފެއްޓެވިއެވެ.,
صحيح مسلم,807,الآيَتَانِ مِنْ آخِرِ سُورَةِ البَقَرَةِ، مَنْ قَرَأَهُمَا فِي لَيْلَةٍ كَفَتَاهُ,ބަގަރާ ސޫރަތުގެ ފަހު ދެ އާޔަތް، އެ ދެ އާޔަތް ރޭގަނޑެއްގައި ކިޔަވައިފި މީހަކަށް، އެ ދެ އާޔަތް ފުދޭނެއެވެ.,
صحيح مسلم,811,"عَنْ أَبِي الدَّرْدَاءِ، عَنِ النَّبِيِّ ﷺ قَالَ "" أَيَعْجِزُ أَحَدُكُمْ أَنْ يَقْرَأَ فِي لَيْلَةٍ ثُلُثَ الْقُرْآنِ "" قَالُوا : وَكَيْفَ يَقْرَأْ ثُلُثَ الْقُرْآنِ ؟ قَالَ : "" قُلْ هُوَ اللَّهُ أَحَدٌ تَعْدِلُ ثُلُثَ الْقُرْآنِ ""","އަބުއްދަރްދާ ރަޟިޔަﷲ ޢަންހުގެ ކިބައިން ރިވާވެގެންވެއެވެ. ނަބިއްޔާ ﷺ ޙަދީޘްކުރެއްވިއެވެ. ""ރެޔަކު ގުރުއާނުގެ ތިންބައިކޮށްފައި އެއްބައި ކިޔުމަށް ތިޔަބައިމީހުންގެ ތެރެއިން މީހަކަށް ކުޅަދާނަ ވެގެން ނުވޭ ހެއްޔެވެ؟"" ޞަޙާބީ ބޭކަލުން ދެންނެވިއެވެ. ""ގުރުއާނުގެ ތިންބައިކޮށްފައި އެއްބައި ކިޔަވާނީ ކިހިނެއް ހެއްޔެވެ؟"" ޙަދީޘްކުރެއްވިއެވެ. "" قُلْ هُوَ اللَّهُ أَحَدٌ (ސޫރަތުލް އިޚުލާޞް) ގުރުއާނުގެ ތިންބައިކޮށްފައި އެއްބަޔާއި އެއްވަރުވެގެންވެއެވެ.""",
صحيح مسلم,812,إنَّها تَعْدِلُ ثُلُثَ القُرْآنِ.,ހަމަކަށަވަރުން އެ (އެބަހީ: އިޚްލާޞް ސޫރަތް) ގުރުއާނުގެ ތިންބައި ކުޅަ އެއްބަޔާ އެއްވަރެވެ.,
صحيح مسلم,813,عن عائشة رضي الله عنها: (أَنَّ رَسُولَ اللَّهِ ﷺ بَعَثَ رَجُلاً عَلَى سَرِيَّة.ٍ فَكَانَ يَقْرَأُ لأَصْحَابِهِ فِي صَلاتِهِمْ، فَيَخْتِمُ بـ (قُلْ هُوَ اللَّهُ أَحَدٌ) فَلَمَّا رَجَعُوا ذَكَرُوا ذَلِكَ لِرَسُولِ اللهِ ﷺ. فَقَالَ: (سَلُوهُ لأَيِّ شَيْءٍ يصْنَعُ ذَلِكَ؟) فَسَأَلُوهُ فَقَالَ: لأَنَّهَا صِفَةُ الرَّحْمنِ عز وجل، فَأَنَا أُحِبُّ أَنْ أَقْرَأَ بِهَا، فَقَالَ رَسُولُ اللَّهِ ﷺ: (أَخْبِرُوهُ: أَنَّ اللهَ تَعَالَى يُحِبُّهُ).,"ޢާއިޝާ ރަޟިޔަﷲ ޢަންހާގެ ކިބައިން ރިވާވެގެންވެއެވެ: ހަމަކަށަވަރުން ރަސޫލުﷲ ﷺ ބޭކަލެއް ކުޑަ ލަޝްކަރެއްގެ މައްޗަށް ވެރިކުރައްވާފައި ފޮނުއްވިއެވެ. އަދި އެކަލޭގެފާނު އެކަލޭގެފާނުގެ ލަޝްކަރުގެ މީހުންނާއިގެން އެބައިމީހުންގެ ނަމާދުގައި ކިޔަވާ ވިދާޅުވެ (ފާތިޙާއަށް ފަހު އެހެން ސޫރަތެއް ކިޔެވުމަށްފަހު ކިޔެވުން) ނިންމަވަނީ قُلْ هُوَ اللَّهُ أَحَدٌ މިސޫރަތުންނެވެ. ދެން އެލަޝްކަރު (މަދީނާއަށް) ރުޖޫޢަވުމުން އެބައިމީހުން އެވާހަކަ ރަސޫލުﷲ ﷺ އަށް ދަންނަވައިފިއެވެ. ދެން އެކަލޭގެފާނު ޙަދީޘްކުރެއްވިއެވެ: ""އެކަލޭގެފާނު އެފަދައިން ކަންތައްކުރެއްވީ ކޮންކަމަކާހުރެތޯ ތިޔަބައިމީހުން އެކަލޭގެފާނާއި ސުވާލުކުރައްވާށެވެ."" ދެން އެބައިމީހުން ސުވާލުކުރެއްވުމުން އެކަލޭގެފާނު ދަންނަވައިފިއެވެ: އެއީ އައްރަޙުމާނު(ﷲގެ) ސިފަފުޅުތައް ހިމެނޭ ސޫރަތަކަށް ވުމުންނެވެ. ފަހެ ތިމަންކަލޭގެފާނު އެސޫރަތް ކިޔެވުމަށް ލޯބިކުރައްވަނީއެވެ. ދެން ރަސޫލުﷲ ﷺ (އެކަން އެނގިވަޑައިގަތުމުން) ޙަދީޘްކުރެއްވިއެވެ: ""އެކަލޭގެފާނަށް ތިޔަބައިމީހުން ޚަބަރު ދެއްވާށެވެ. ހަމަކަށަވަރުން ﷲ ތަޢާލާ އެކަލޭގެފާނު ދެކެ ލޯބިވެ ވޮޑިގަންނަވައެވެ.""",
صحيح مسلم,854,خَيْرُ يَومٍ طَلَعَتْ عليه الشَّمْسُ يَوْمُ الجُمُعَةِ، فيه خُلِقَ آدَمُ، وفيهِ أُدْخِلَ الجَنَّةَ، وفيهِ أُخْرِجَ مِنْها، ولا تَقُومُ السَّاعَةُ إلَّا في يَومِ الجُمُعَةِ.,އެދުވަހަކަށް އިރުއަރައިގެން އަންނަ އެންމެ މާތް ދުވަހަކީ ހުކުރު ދުވަހެވެ. އާދަމްގެފާނު ޚަލްގުކުރެވުނީ އެދުވަހުގައެވެ. އަދި އެކަލޭގެފާނު ސުވަރުގެއަށް ވެއްދުނީވެސް އެދުވަހުގައެވެ. އަދި ސުވަރުގެއިން ނެރެލެވުނީވެސް އެދުވަހުގައެވެ. އަދި ހުކުރު ދުވަހެއްގައި މެނުވީ ގިޔާމަތް ގާއިމު ނުވާހުށްޓެވެ.,
صحيح مسلم,856,أضَلَّ اللَّهُ عَنِ الجُمُعَةِ مَن كانَ قَبْلَنا، فَكانَ لِلْيَهُودِ يَوْمُ السَّبْتِ، وكانَ لِلنَّصارَى يَوْمُ الأحَدِ، فَجاءَ اللَّهُ بنا فَهَدانا اللَّهُ لِيَومِ الجُمُعَةِ، فَجَعَلَ الجُمُعَةَ، والسَّبْتَ، والأحَدَ، وكَذلكَ هُمْ تَبَعٌ لنا يَومَ القِيامَةِ، نَحْنُ الآخِرُونَ مِن أهْلِ الدُّنْيا، والأوَّلُونَ يَومَ القِيامَةِ، المَقْضِيُّ لهمْ قَبْلَ الخَلائِقِ. وفي رِوايَةٍ: المَقْضِيُّ بيْنَهُمْ. [وفي رواية]: هُدِينا إلى الجُمُعَةِ، وأَضَلَّ اللَّهُ عَنْها مَن كانَ قَبْلَنا.,ކުރީގެ އުއްމަތްތަކުގެ މީހުން ހުކުރުދުވަހުގެ މަތިވެރިކަން ޙާޞިލުކުރެއްވުމުން ﷲ ތަޢާލާ އެއްކިބާ ކުރެއްވިއެވެ. ޔަހޫނީންދަށް ހޮނިހިރު ދުވަސް ލެއްވިއެވެ. އަދި ނަޞާރާއިންނަށް އާދިއްތަ ދުވަސް ލެއްވިއެވެ. ފަހެ ﷲ ތަޢާލާ އަހަރެމެންގެ މި އުއްމަތައް ހުކުރުދުވަހުގެ މަތިވެރިކަން ޙާޞިލުވާނޭ މަގަށް މަގު ދެއްކެވިއެވެ. ފަހެ އެ އިލާހު އެދުވަސްތައް ލައްވާފައިވަނީ ހުކުރު ހޮނިހިރު އާދީއްތަ މިފަދައިްނނެވެ. (އެބަހީ: މިތަރުތީބުންނެވެ.) ހަމަ އެފަދައިން ގިޔާމާތްދުވަހުން އެހެން މީސްތަކުން އަހަރެމެންނާ ތަބަޢަވާނެއެވެ. ދުނިޔޭގެ އަހުލުވެރިންގެ ތެރެއިން އެންމެ ފަހު އުއްމަތަކީ އަހަރެމެންގެ މި އުއްމަތެވެ. އަދި ގިޔާމަތްދުވަހު އެންމެ ފުރަތަމަ، އެހެން ޚަލްގުތަކުންނަށްވުރެ ކުރިން ޙިސާބުބެއްލެވޭ ހުށީ މިއުއްމަތެވެ.,
صحيح مسلم,865,وَحَدَّثَنِي الْحَسَنُ بْنُ عَلِيٍّ الْحُلْوَانِيُّ، حَدَّثَنَا أَبُو تَوْبَةَ، حَدَّثَنَا مُعَاوِيَةُ - وَهُوَ ابْنُ سَلَّامٍ -، عَنْ زَيْدٍ - يَعْنِي: أَخَاهُ - أَنَّهُ سَمِعَ أَبَا سَلَّامٍ قَالَ: حَدَّثَنِي الْحَكَمُ بْنُ مِينَاءَ، أَنَّ عَبْدَ اللهِ بْنَ عُمَرَ، وَأَبَا هُرَيْرَةَ حَدَّثَاهُ أَنَّهُمَا سَمِعَا رَسُولَ اللهِ ﷺ يَقُولُ عَلَى أَعْوَادِ مِنْبَرِهِ: لَيَنْتَهِيَنَّ أَقْوَامٌ عَنْ وَدْعِهِمُ الْجُمُعَاتِ. أَوْ لَيَخْتِمَنَّ اللهُ عَلَى قُلُوبِهِمْ. ثُمَّ لَيَكُونُنَّ مِنَ الْغَافِلِينَ.,އިބްނު ޢުމަރު ރިވާ ކުރެއްވިއެވެ: ރަސޫލު ﷲ ﷺ ޙަދީޘް ކުރެއްވަނިކޮށް ތިމަން އަޑު އެހީމެވެ: ”މީސްތަކުން، އެބައިމީހުންގެ ހުކުރު އެޅުން ނިމުމަކަށް ގެންނަން ޖެހޭނެކަންކަށަވަރެވެ. ނޫން ނަމަ އެބައިމީހުންގެ ހިތްތަކުގައި ﷲ ސިއްކަ ޖައްސަވާނެއެވެ. އަދި އެއަށްފަހު އެބައިމީހުން ވާނީ ޣާފިލުވި މީހުންގެ ތެރެއިންނެވެ.“,
صحيح مسلم,865,لَيَنْتَهينَّ أقْوامٌ عن ودْعِهِمُ الجُمُعاتِ، أوْ لَيَخْتِمَنَّ اللَّهُ علَى قُلُوبِهِمْ، ثُمَّ لَيَكونُنَّ مِنَ الغافِلِينَ.,ބަޔަކު މީހުން، ހުކުރު ނަމާދު އެޅުން ހުއްޓާލާ ހުށިކަމެވެ. އެހެން ނުހަދައިފިނަމަ، ﷲ ތަޢާލާ އެބައިމީހުންގެ ހިތްތަކުގައި ސިއްކަ ޖައްސަވާނެއެވެ. ދެން އެބައިމީހުންވާހުށީ ޣާފިލުވީ މީހުންގެ ތެރެއިންނެވެ.,
صحيح مسلم,899,اللَّهُمَّ إنِّي أَسْأَلُكَ خَيْرَهَا، وَخَيْرَ ما فِيهَا، وَخَيْرَ ما أُرْسِلَتْ به، وَأَعُوذُ بكَ مِن شَرِّهَا، وَشَرِّ ما فِيهَا، وَشَرِّ ما أُرْسِلَتْ به,ޔާ ﷲ! އެވައިގެ ހެޔޮކަމާއި، އެވައިގައިހުރި ހެޔޮކަމާއި އަދި އެވައި ފޮނުއްވުނު ހެޔޮކަމެއް ދެއްވުމަށް އެދި ދަންނަވަމެވެ. އަދި އެވައިގެ ނުބައިކަމާއި، އޭގައި ހުރި ނުބައިކަމާއި އަދި އެފޮނުއްވުނު ނުބައިކަމުން ރައްކާތެރިކޮށްދެއްވުމަށް އެދި ދަންނަވަމެވެ.,
صحيح مسلم,917,"عَنْ أَبِي هُرَيْرَةَ، قَالَ قَالَ رَسُولُ اللَّهِ ﷺ "" لَقِّنُوا مَوْتَاكُمْ لاَ إِلَهَ إِلاَّ اللَّهُ ""","އަބޫ ހުރައިރާ ރަޟިޔަﷲ ޢަންހުގެ ކިބައިން ރިވާވެގެންވެއެވެ. އެކަލޭގެފާނު ވިދާޅުވިއެވެ. ރަސޫލުﷲ ﷺ ޙަދީޘްކުރެއްވިއެވެ. ""ތިޔަބައިމީހުންގެ ތެރެއިން މަރުވާމީހުންނަށް لاَ إِلَهَ إِلاَّ اللَّهُ ލައިދޭށެވެ""",
صحيح مسلم,918,"عَنْ أُمِّ سَلَمَةَ رضي الله عنها أَنَّهَا قَالَتْ : سَمِعْتُ رَسُولَ اللَّهِ صَلَّى اللَّهُ عَلَيْهِ وَسَلَّمَ يَقُولُ : ( مَا مِنْ مُسْلِمٍ تُصِيبُهُ مُصِيبَةٌ فَيَقُولُ مَا أَمَرَهُ اللَّهُ "" إِنَّا لِلَّهِ وَإِنَّا إِلَيْهِ رَاجِعُونَ ، اللَّهُمَّ أْجُرْنِي فِي مُصِيبَتِي وَأَخْلِفْ لِي خَيْرًا مِنْهَا "" إِلا أَخْلَفَ اللَّهُ لَهُ خَيْرًا مِنْهَا ) .","އުއްމު ސަލާމަ ރަޟިޔަﷲ ޢަންހާގެ ކިބައިން، އެކަމަނާ ވިދާޅުވިއެވެ: ރަސޫލުﷲ ﷺ ވިދާޅުވާތީ އަޑުއެއްސެވީމެވެ: ""މުސްލިމަކަށް މުޞީބާތެއްޖެހި، ﷲ އަމުރުކުރައްވާފައިވާ ފަދައިން إِنَّا لِلَّهِ وَإِنَّا إِلَيْهِ رَاجِعُونَ ، اللَّهُمَّ أْجُرْنِي فِي مُصِيبَتِي وَأَخْلِفْ لِي خَيْرًا مِنْهَا "" (އަޅަމެން މިލްކުވޮޑިގެންވަނީ ﷲއަށެވެ. އަދި އަޅަމެން ރުޖޫޢަވުންވަނީވެސް ﷲއަށެވެ. މިއަޅާގެ މުޞީބާތަށް އަޖުރުދެއްވައި މިއަޅާއަށް އެޔަށްވުރެ ހެޔޮކަމެއް ދެއްވާށިއެވެ) ކިޔައިފިނަމަ، އެޔަށްވުރެ ހެޔޮވެގެންވާ ކަމެއް ﷲ އެމީހަކަށް ދެއްވަވައެވެ""",
صحيح مسلم,918,اللَّهُمَّ أْجُرْنِي في مُصِيبَتِي، وَأَخْلِفْ لي خَيْرًا منها,އަޅަމެން މިލްކުވެގެންވަނީ މާތްﷲއަށެވެ. އަދި އަޅަމެން އެނބުރިދާހުށީވެސް އެކަލާނގެ ހަޒްރަތަށެވެ. ޔާ ﷲ ! މިއަޅާއަށް ކުރިމަތިވެފައިވާ މުޞީބާތަށް މިއަޅާއަށް ދަރުމަދެއްވާނެދޭވެ! އަދި މީގެ ބަދަލުގައި މިއަށްވުރެ ހެޔޮކަމެއް މިންވަރު ކުރައްވާނދޭވެ!,
صحيح مسلم,963,صَلَّى رَسولُ اللهِ صَلَّى اللَّهُ عليه وَسَلَّمَ علَى جِنَازَةٍ، فَحَفِظْتُ مِن دُعَائِهِ وَهو يقولُ: اللَّهُمَّ اغْفِرْ له وَارْحَمْهُ، وَعَافِهِ وَاعْفُ عنْه، وَأَكْرِمْ نُزُلَهُ، وَوَسِّعْ مُدْخَلَهُ، وَاغْسِلْهُ بالمَاءِ وَالثَّلْجِ وَالْبَرَدِ، وَنَقِّهِ مِنَ الخَطَايَا كما نَقَّيْتَ الثَّوْبَ الأبْيَضَ مِنَ الدَّنَسِ، وَأَبْدِلْهُ دَارًا خَيْرًا مِن دَارِهِ، وَأَهْلًا خَيْرًا مِن أَهْلِهِ، وَزَوْجًا خَيْرًا مِن زَوْجِهِ، وَأَدْخِلْهُ الجَنَّةَ، وَأَعِذْهُ مِن عَذَابِ القَبْرِ، أَوْ مِن عَذَابِ النَّارِ. قالَ: حتَّى تَمَنَّيْتُ أَنْ أَكُونَ أَنَا ذلكَ المَيِّتَ.,އޭނާގެ ގޮވަތިގެދޮރަށް ވުރެ ހެޔޮ ގޮވަތިގެދޮރަށް އޭނާ ބަދަލު ކުރައްވާނދޭވެ! އަދި އޭނާގެ އަހުލުވެރީންނަށް ވުރެ ހެޔޮ އަހުލުވެރީންގެ (ގާތަށް) އޭނާ ބަދަލު ކުރައްވާނދޭވެ! އަދި އޭނާގެ އަނބިމީހާއަށް ވުރެ ހެޔޮ އަނތްބެއް (ގާތަށް) އޭނާ ބަދަލު ކުރައްވާނދޭވެ!,
صحيح مسلم,983,"""بَعَثَ رَسُولُ اللهِ صَلَّى اللهُ عَلَيْهِ وَسَلَّمَ عُمَرَ عَلَى الصَّدَقَةِ""","""ރަސޫލާ ޞައްލަﷲ ޢަލައިހި ވަސައްލަމަ ޢުމަރުގެފާނު ޒަކާތްނެގުމުގެ މަސައްކަތާއި ޙަވާލުކުރެއްވާ ފޮނުއްވެވިއެވެ.""",
صحيح مسلم,995,"حَدَّثَنَا أَبُو بَكْرِ بْنُ أَبِي شَيْبَةَ، وَزُهَيْرُ بْنُ حَرْبٍ، وَأَبُو كُرَيْبٍ - وَاللَّفْظُ لأَبِي كُرَيْبٍ - قَالُوا حَدَّثَنَا وَكِيعٌ، عَنْ سُفْيَانَ، عَنْ مُزَاحِمِ بْنِ زُفَرَ، عَنْ مُجَاهِدٍ، عَنْ أَبِي هُرَيْرَةَ، قَالَ قَالَ رَسُولُ اللَّهِ صلى الله عليه وسلم "" دِينَارٌ أَنْفَقْتَهُ فِي سَبِيلِ اللَّهِ وَدِينَارٌ أَنْفَقْتَهُ فِي رَقَبَةٍ وَدِينَارٌ تَصَدَّقْتَ بِهِ عَلَى مِسْكِينٍ وَدِينَارٌ أَنْفَقْتَهُ عَلَى أَهْلِكَ أَعْظَمُهَا أَجْرًا الَّذِي أَنْفَقْتَهُ عَلَى أَهْلِكَ "" .",މާތް الله، އެ ކަލޭގެފާނަށް ރުއްސުންލެއްވި އަބޫހުރައިރަތުގެފާނުގެ ކިބައިން ރިވާވެގެންވެއެވެ. އެކަލޭގެފާނު ވިދާޅުވިއެވެ. މާތް ނަބިއްޔާ صلى الله عليه وسلم ޙަދީޘްކުރެއްވިއެވެ. “اللهގެ މަގުގައި ތިބާ ހޭދަކުޅަ ދީނާރާއި، އަޅަކު މިނިވަންކުޅައުމަށްޓަކައި ތިބާ ހޭދަކުޅަ ދީނާރާއި، މިސްކީނަކަށް ތިބާ ހޭދަކުޅަ ދީނާރާއި، ތިބާގެ އަހުލުވެރިންގެ މައްޗަށް ތިބާ ހޭދަކުޅަ ދީނާރާއި، މިހުރިހައި ޚަރަދުތަކެއްގެ ތެރެއިން (الله ގެ ޙަޟްރަތުގައި) އޭގެ ދަރުމައާއި ޘަވާބު އެންމެ އިތުރުވެގެންވަނީ، ތިބާގެ އަހުލުވެރިންގެ މައްޗަށް ތިބަ ހޭދަކުޅަ ދީނާރެވެ.”,
صحيح مسلم,1006,حَدَّثَنَا عَبْدُ اللهِ بْنُ مُحَمَّدِ بْنِ أَسْمَاءَ الضُّبَعِيُّ، حَدَّثَنَا مَهْدِيُّ بْنُ مَيْمُونٍ، حَدَّثَنَا وَاصِلٌ مَوْلَى أَبِي عُيَيْنَةَ، عَنْ يَحْيَى بْنِ عُقَيْلٍ عَنْ يَحْيَى بْنِ يَعْمَرَ، عَنْ أَبِي الْأَسْوَدِ الدِّيلِيِّ، عَنْ أَبِي ذَرٍّ، أَنَّ نَاسًا مِنْ أَصْحَابِ النَّبِيِّ ﷺ قَالُوا لِلنَّبِيِّ ﷺ: يَا رَسُولَ اللهِ، ذَهَبَ أَهْلُ الدُّثُورِ بِالْأُجُورِ يُصَلُّونَ كَمَا نُصَلِّي، وَيَصُومُونَ كَمَا نَصُومُ، وَيَتَصَدَّقُونَ بِفُضُولِ أَمْوَالِهِمْ قَالَ: أَوَلَيْسَ قَدْ جَعَلَ اللهُ لَكُمْ مَا تَصَّدَّقُونَ، إِنَّ بِكُلِّ تَسْبِيحَةٍ صَدَقَةً، وَكُلِّ تَكْبِيرَةٍ صَدَقَةً، وَكُلِّ تَحْمِيدَةٍ صَدَقَةً، وَكُلِّ تَهْلِيلَةٍ صَدَقَةً، وَأَمْرٌ بِالْمَعْرُوفِ صَدَقَةٌ، وَنَهْيٌ عَنْ مُنْكَرٍ صَدَقَةٌ، وَفِي بُضْعِ أَحَدِكُمْ صَدَقَةٌ، قَالُوا: يَا رَسُولَ اللهِ أَيَأْتِي أَحَدُنَا شَهْوَتَهُ وَيَكُونَ لَهُ فِيهَا أَجْرٌ؟ قَالَ: أَرَأَيْتُمْ لَوْ وَضَعَهَا فِي حَرَامٍ أَكَانَ عَلَيْهِ فِيهَا وِزْرٌ؟ فَكَذَلِكَ إِذَا وَضَعَهَا فِي الْحَلَالِ كَانَ لَهُ أَجْرًا.,އަބޫ ޛައްރު ރިވާ ކުރެއްވިއެވެ: ނަބިއްޔާ ﷺ ގެ ޞަޙާބީންގެ ތެރެއިން ބަޔަކު، ނަބިއްޔާ ﷺގެ އަރިހު ދެންނެވިއެވެ: އޭ ﷲގެ ރަސޫލާއެވެ. މުދަލުގެ އަހުލުވެރީން (ހުރިހާ) އަޖުރަކައިގެން ހިނގައްޖެއެވެ. ތިމަންމެން ނަމާދު ކުރާ ފަދައިން، އެބައިމީހުން ވެސް ނަމާދު ކުރެއެވެ. އަދި ތިމަންމެން ރޯދަ ހިފާ ފަދައިން، އެބައިމީހުން ވެސް ރޯދަ ހިފައެވެ. އަދި އެބައިމީހުންގެ (އަތުގައި) އިތުރުވެފައިވާ މުދަލުން އެބައިމީހުން ޞަދަގާތްދީ ހަދައެވެ. ނަބިއްޔާ ޙަދީޘް ކުރެއްވިއެވެ: ”ތިޔަބައިމީހުންނަށް ޞަދަގާތް ކުރެވޭނެ ގޮތެއް ﷲ ނުލައްވާހެއްޔެވެ؟ ހަމަކަށަވަރުން ކޮންމެ ތަސްބީޙައެއްގައި ޞަދަގާތެއް ވެއެވެ. އަދި ކޮންމެ ތަކުބީރެއްގައި ޞަދަގާތެއް ވެއެވެ. އަދި ކޮންމެ ތަޙްމީދެއްގައި ޞަދަގާތެއް ވެއެވެ. އަދި ކޮންމެ ތަހްލީލެއްގައި ޞަދަގާތެއް ވެއެވެ. (އެބަހީ: سُبْحَانَ اللَّهِ، اللَّهُ أَكْبَرُ، اَلْحَمْدُ لِلَّهِ، لَا إِلٰهَ إِلَّا اللَّهُ މިއިން ކޮންމެ ޒިކުރެއް ކިޔުމުން ސަވާބު ލިބޭނެއެވެ.) އަދި ހެޔޮ ކަމަކަށް އަމުރު ކުރުމަކީ ޞަދަގާތެކެވެ. އަދި ނުބައި ކަމެއް މަނާ ކުރުމަކީ ޞަދަގާތެކެވެ. އަދި ތިޔަބައިމީހުންގެ ތެރެއިން މީހަކު، އޭނާގެ (އަނބިމީހާއާއެކު) ޖިމާޢުވުމުގައި ވެސް ޞަދަގާތެއް ވެއެވެ.“ ޞަޙާބީން ދެންނެވިއެވެ: އޭ ﷲގެ ރަސޫލާއެވެ. ތިމަންމެންގެ ތެރެއިން މީހަކު އޭނާގެ ޝަހުވަތް ފުއްދައިފި ނަމަ، އެ ކަމުގައި ވެސް އޭނާއަށް އަޖުރު ވޭހެއްޔެވެ؟ ނަބިއްޔާ ޙަދީޘް ކުރެއްވިއެވެ: ”ތިޔަބައިމީހުން ދެކެމުހެވެ، އެ މީހެއްގެ ޝަހުވަތް ޙަރާމް ގޮތަކަށް ފުއްދައިފި ނަމަ، އޭނާ ފާފަވެރި ވާނެހެއްޔެވެ؟ (އެބަހީ: ޝައްކެއް ވެސް ނެތެވެ.) ހަމަ އެފަދައިން، އެ މީހަކު ޙަލާލު ގޮތަކަށް ޝަހުވަތް ފުއްދައިފި ނަމަ، އޭނާއަށް އަޖުރު ވެސް ވެއެވެ.“,
صحيح مسلم,1006,وفي بُضْعِ أَحَدِكُمْ صَدَقَةٌ، قالوا: يا رَسولَ اللهِ، أَيَأتي أَحَدُنَا شَهْوَتَهُ وَيَكونُ له فِيهَا أَجْرٌ؟ قالَ: أَرَأَيْتُمْ لو وَضَعَهَا في حَرَامٍ، أَكانَ عليه فِيهَا وِزْرٌ؟ فَكَذلكَ إذَا وَضَعَهَا في الحَلَالِ كانَ له أَجْرٌ.,އަދި ތިޔަބައިމީހުންގެ ތެރެއިން މީހަކު އޭނާގެ އަނބިމީހާއާއިއެކު ޖިމާޢުވުމަކީ ޞަދަގާތެކެވެ. އެބޭކަލުން ވިދާޅުވިއެވެ. އޭ ﷲ ގެ ރަސޫލާއެވެ! އަހުރެމެންގެ ތެރެއިން މީހަކު އޭނާގެ ޝަހުވަތުގެ އެދުންވެރިކަން ފުއްދައިފިނަމަ އެކަމުގައި އަޖުރުލިބޭނެތޯއެވެ؟ އެކަލޭގެފާނު ވިދާޅުވިއެވެ. މީހަކު އޭނާގެ ޝަހުވަތުގެ އެދުން ޙަރާމްގޮތުގައި ފުއްދައިފިނަމަ، އެކަމުގައި އޭނާގެ މައްޗަށް ފާފައެއް ވާކަމަށް ތިޔަބައިމީހުން ދެކެމުހެއްޔެވެ؟ ހަމަ އެފަދައިން ޙަލާލް ގޮތުގައި އެކަން ކޮށްފިނަމަ އޭނައަށް އަޖުރުހުއްޓެވެ.,
صحيح مسلم,1015,وَحَدَّثَنِي أَبُو كُرَيْبٍ مُحَمَّدُ بْنُ الْعَلَاءِ، حَدَّثَنَا أَبُو أُسَامَةَ، حَدَّثَنَا فُضَيْلُ بْنُ مَرْزُوقٍ، حَدَّثَنِي عَدِيُّ بْنُ ثَابِتٍ، عَنْ أَبِي حَازِمٍ، عَنْ أَبِي هُرَيْرَةَ قَالَ: قَالَ رَسُولُ اللهِ ﷺ: أَيُّهَا النَّاسُ، إِنَّ اللهَ طَيِّبٌ لَا يَقْبَلُ إِلَّا طَيِّبًا، وَإِنَّ اللهَ أَمَرَ الْمُؤْمِنِينَ بِمَا أَمَرَ بِهِ الْمُرْسَلِينَ، فَقَالَ: { يَا أَيُّهَا الرُّسُلُ كُلُوا مِنَ الطَّيِّبَاتِ وَاعْمَلُوا صَالِحًا إِنِّي بِمَا تَعْمَلُونَ عَلِيمٌ }. وَقَالَ: { يَا أَيُّهَا الَّذِينَ آمَنُوا كُلُوا مِنْ طَيِّبَاتِ مَا رَزَقْنَاكُمْ }، ثُمَّ ذَكَرَ الرَّجُلَ يُطِيلُ السَّفَرَ، أَشْعَثَ أَغْبَرَ يَمُدُّ يَدَيْهِ إِلَى السَّمَاءِ يَا رَبِّ يَا رَبِّ، وَمَطْعَمُهُ حَرَامٌ، وَمَشْرَبُهُ حَرَامٌ، وَمَلْبَسُهُ حَرَامٌ، وَغُذِّيَ بِالْحَرَامِ، فَأَنَّى يُسْتَجَابُ لِذَلِكَ.,އަބޫ ހުރައިރާ ރިވާ ކުރެއްވިއެވެ: ރަސޫލު ﷲ ﷺ ޙަދީޘް ކުރެއްވިއެވެ: ”އޭ މީސްތަކުންނޭވެ. ހަމަކަށަވަރުން ﷲ އީ އެންމެ ރަނގަޅު ފަރާތެވެ. (އެބަހީ: އެންމެހައި އުނި ސިފަތަކުން ހުސްޠާހިރުވެ ވޮޑިގެންވާ އިލާހެވެ.) (ޙަލާލު) ރަނގަޅު އެއްޗެއް މެނުވީ އެ އިލާހު ގަބޫލު ނުކުރައްވައެވެ. އަދި ހަމަކަށަވަރުން ﷲ މުއުމިނުންނަށް އަމުރު ކުރައްވަނީ، އެ އިލާހު ރަސޫލުންނަށް ވެސް އަމުރު ކުރެއްވި ކަންތައްތަކުންނެވެ. ފަހެ، ﷲ ވަހީ ކުރެއްވިއެވެ: ❞އޭ ރަސޫލުންނޭވެ. (ޙަލާލު) ރަނގަޅު ތަކެތިން ތިޔަ ބޭކަލުން ފަރިއްކުޅުވައި އުޅުއްްވާށެވެ. އަދި ޞާލިޙު އަމަލު ކުރައްވާށެވެ. ހަމަކަށަވަރުން ތިމަން އިލާހީ، އިބަ ރަސޫލުން ކުރައްވާ އަމަލުތައް މަށް ދެނެވޮޑިގެންވާ އިލާހެވެ.❝ އަދިވެސް ﷲ ތަޢާލާ ވަހީ ކުރެއްވިއެވެ: ❞އޭ އިމާންވި މީސްތަކުންނޭވެ. ތިމަން އިލާހު ދެއްވި (ޙަލާލު) ރަނގަޅު ތަކެތިން ތިޔަބައިމީހުން ކައި އުޅޭށެވެ.❝ ދެން އެއަށްފަހު، ދަތުރު ދިގުވެ، ބޯ ހިރަފުސްވެ، ގައި ކިލާވެފައިވާ މީހެއްގެ ވާހަކަ ނަބިއްޔާ ޒިކުރު ކުރެއްވިއެވެ. އެ މީހާ، ދެ އަތް އުޑާ ދިމާލަށް އުފުލައި (ދުއާ ކުރެއެވެ:) ’އޭ އަޅުގެ ރައްބެވެ! އޭ އަޅުގެ ރައްބެވެ!‘ އެހެނަސް، އޭނާގެ ކާތަކެތި ޙަރާމެވެ. އަދި ބޯތަކެތި ވެސް ޙަރާމެވެ. އަދި ލާ ފޭރާން ވެސް ޙަރާމެވެ. އަދި ހެދިބޮޑުވެފައި ވަނީ ވެސް ޙަރާމް ތަކެތި ކައިގެންނެވެ. ފަހެ، އެފަދަ މީހެއްގެ ދުއާ އިޖާބަ ވާނީ ކިހިނަކުންހެއްޔެވެ؟“,
صحيح مسلم,1017,وَمَن سَنَّ في الإسْلَامِ سُنَّةً سَيِّئَةً، كانَ عليه وِزْرُهَا وَوِزْرُ مَن عَمِلَ بهَا مِن بَعْدِهِ، مِن غيرِ أَنْ يَنْقُصَ مِن أَوْزَارِهِمْ شَيءٌ.,އަދި އިސްލާމްދީނުގައި ނުބައި ކަމެއް އުފައްދައިފިމީހާގެ މައްޗަށް އެކަމުގެ ފާފަވެއެވެ. އަދި އެމީހާއަށްފަހު (އެމީހާއަށް ތަބާވެ) އެކަންކުރާމީހާގެ ފާފަވެސްވެއެވެ. އެކަންކުރާމީހުންގެ ފާފައިގެ ތެރެއިން އެއްވެސް އެއްޗެއް އުނިނުވާގޮތުގެ މަތީންނެވެ.,
صحيح مسلم,1027,"عَنْ أَبِي هُرَيْرَةَ رضى الله عنه ، أَنَّ رَسُولَ اللَّهِ ﷺ قَالَ "" مَنْ أَنْفَقَ زَوْجَيْنِ فِي سَبِيلِ اللَّهِ نُودِيَ مِنْ أَبْوَابِ الْجَنَّةِ يَا عَبْدَ اللَّهِ، هَذَا خَيْرٌ. فَمَنْ كَانَ مِنْ أَهْلِ الصَّلاَةِ دُعِيَ مِنْ باب الصَّلاَةِ، وَمَنْ كَانَ مِنْ أَهْلِ الْجِهَادِ دُعِيَ مِنْ باب الْجِهَادِ، وَمَنْ كَانَ مِنْ أَهْلِ الصِّيَامِ دُعِيَ مِنْ باب الرَّيَّانِ، وَمَنْ كَانَ مِنْ أَهْلِ الصَّدَقَةِ دُعِيَ مِنْ باب الصَّدَقَةِ ""‌. فَقَالَ أَبُو بَكْرٍ ـ رضى الله عنه ـ بِأَبِي أَنْتَ وَأُمِّي يَا رَسُولَ اللَّهِ، مَا عَلَى مَنْ دُعِيَ مِنْ تِلْكَ الأَبْوَابِ مِنْ ضَرُورَةٍ، فَهَلْ يُدْعَى أَحَدٌ مِنْ تِلْكَ الأَبْوَابِ كُلِّهَا قَالَ "" نَعَمْ. وَأَرْجُو أَنْ تَكُونَ مِنْهُمْ","އަބޫ ހުރައިރާ ރަޟިޔަﷲ ޢަންހުގެ ކިބައިން ރިވާވެގެންވެއެވެ. ހަމަކަށަވަރުން ރަސޫލުﷲ ﷺ ޙަދީޘްކުރެއްވިއެވެ. ""ﷲގެ މަގުގައި ޖިޙާދަށް (މުދަލުން) ދޭއްޗެއް (ނުވަތަ ޖޯޑުކޮށްވާ ދޭތި) ހޭދަކޮށްފިނަމަ ސުވަރުގޭގެ ދޮރުކޮޅުތަކުން ނިދާ އިއްވެވޭނެއެވެ. އޭ ﷲގެ އަޅާއެވެ(ޢަބްދުﷲއެވެ) ތިއީ ހެޔޮކަމެކެވެ. ފަހެ އެމީހަކީ ނަމާދުގެ އަހުލުވެރިންގެ ތެރެއިން ހިމެނޭ މީހެއްނަމަ އެމީހަކަށް ގޮވާލެވޭނީ ނަމާދުގެ ދޮރުކޮޅުންނެވެ. އަދި އެމީހަކީ ޖިހާދުގެ އަހުލުވެރިއެއްނަމަ އެމީހަކަށް ގޮވާލެވޭނީ ޖިހާދުގެ ދޮރުކޮޅުންނެވެ. އަދި އެމީހަކީ ރޯދައިގެ އަހުލުވެރިއެއްނަމަ އެމީހަކަށް ގޮވާލެއްވޭނީ ރައްޔާނުއޭ ކިޔުނު (ރޯދަވެރީންގެ) ދޮރުކޮޅުންނެވެ. އަދި އެމީހަކީ ޞަދަގާތުގެ އަހުލުވެރިއެއްނަމަ އެމީހަކަށް ގޮވާލެވޭނީ ޞަދަގާތުގެ ދޮރުކޮޅުންނެވެ."" ދެން އަބޫބަކުރު ރަޟިޔަﷲ އަންހު ވިދާޅުވިއެވެ. ""އޭ ރަސޫލުﷲއެވެ. ތިމަންކަލޭގެފާނުގެ މަންމާފުޅާއި ބައްޕާފުޅު ކަލޭގެފާނަށް ފިދާއެވެ. މިދޮރުކޮޅުތަކުން ގޮވާލެވޭ މީހަކަށް އެއްވެސް (އެހެން) ޙާޖަތެއް (ނުވަތަ ދަތިއުނދަގުލެއް ކަންބޮޑުވުމެއް) އެމީހެއްގެ މައްޗަކަށް ނުވެއެވެ. އެހުރިހާ ދޮރުކޮޅުތަކަކަކުން އެއްވެސް މީހަކަށް ގޮވާލެވޭނެތޯއެވެ؟"" ދެން ރަސޫލުﷲ ﷺ ޙަދީޘްކުރެއްވިއެވެ. ""އާނއެކެވެ. އެބައިމީހުންގެ ތެރޭގައި ކަލޭގެފާނު ވާނެކަމަށް ތިމަންކަލޭގެފާނު އުއްމީދުކުރައްވަމެވެ.""",
صحيح مسلم,1053,عَنْ أَبِي سَعِيدٍ الْخُدْرِيِّ رَضِيَ اللَّهُ عَنْهُ قال : قال رسول اللَّهِ صَلَّى اللَّهُ عَلَيْهِ وَسَلَّمَ : ( مَنْ يَتَصَبَّرْ يُصَبِّرْهُ اللَّهُ ، وَمَا أُعْطِيَ أَحَدٌ عَطَاءً خَيْرًا وَأَوْسَعَ مِنْ الصَّبْرِ ) .,"އަބޫ ސައީދުލް ޚުދްރީ ރަޟިޔަﷲ ޢަންހުގެ އަރިހުން ރިވާވެގެންވެއެވެ. ރަސޫލުﷲ ﷺ ޙަދީޘްކުރެއްވިއެވެ. ""ކެތްތެރިވާ މީހާގެ މައްޗަށް ﷲ ކެތްތެރިކަން ލައްވަވާނެއެވެ. އަދި އެއްވެސް މީހަކަށް ކެތްތެރިކަމަށް ވުރެ ހެޔޮވެގެންވާ އަދި ތަނަވަސް ވެގެންވާ އެއްވެސް ކަމެއް ނުދެއްވެވެއެވެ""",
صحيح مسلم,1066,قالَ عَلِيٌّ: كَلِمَةُ حَقٍّ أُرِيدَ بهَا بَاطِلٌ,ޢަލީ ވިދާޅުވިއެވެ: އެއީ ބާތިލު ކަމަކަށް ބޭނުންކުރެވޭ ހައްގު ބަހެކެވެ.,
صحيح مسلم,1095,(ح) وَحَدَّثَنَا قُتَيْبَةُ بْنُ سَعِيدٍ، حَدَّثَنَا أَبُو عَوَانَةَ، عَنْ قَتَادَةَ، وَعَبْدِ الْعَزِيزِ بْنِ صُهَيْبٍ، عَنْ أَنَسٍ رَضِيَ اللهُ عَنْهُ قَالَ: قَالَ رَسُولُ اللهِ ﷺ: تَسَحَّرُوا فَإِنَّ فِي السَّحُورِ بَرَكَةً.,އަނަސް رَضِيَ اللَّهُ عَنْهُ ރިވާ ކުރެއްވިއެވެ: ރަސޫލު ﷲ ﷺ ޙަދީޘް ކުރެއްވިއެވެ: ”ތިޔަބައިމީހުން ހާރުކާށެވެ. ހަމަކަށަވަރުން ހާރު ކެއުމުގައި ބަރަކާތް ލެވިގެންވެއެވެ.“,
صحيح مسلم,1126,قَالَ رَسُولُ اللَّهِ ﷺ: إِنَّ عَاشُورَاءَ يَوْمٌ مِنْ أَيَّامِ اللَّهِ فَمَنْ شَاءَ صَامَهُ وَمَنْ شَاءَ تَرَكَهُ.,ރަސޫލު ﷲ ﷺ ޙަދީޘް ކުރެއްވިއެވެ: ” ހަމަކަށަވަރުން ޢާޝޫރާ ދުވަހަކީ ﷲ ގެ ދުވަސްތަކުގެ ތެރެއިންވާ ދުވަހެކެވެ. ފަހެ އެދޭ މީހަކު އެ ދުވަހު ރޯދަ ހިފާށެވެ. އަދި އެދޭ މީހަކު އެ ދުވަހު (ރޯދަ ހިފުން) ދޫކޮށްލާށެވެ.”,
صحيح مسلم,1152,"حَدَّثَنَا أَبُو بَكْرِ بْنُ أَبِي شَيْبَةَ، حَدَّثَنَا خَالِدُ بْنُ مَخْلَدٍ، - وَهُوَ الْقَطَوَانِيُّ - عَنْ سُلَيْمَانَ، بْنِ بِلاَلٍ حَدَّثَنِي أَبُو حَازِمٍ، عَنْ سَهْلِ بْنِ سَعْدٍ، - رضى الله عنه - قَالَ قَالَ رَسُولُ اللَّهِ صلى الله عليه وسلم "" إِنَّ فِي الْجَنَّةِ بَابًا يُقَالُ لَهُ الرَّيَّانُ يَدْخُلُ مِنْهُ الصَّائِمُونَ يَوْمَ الْقِيَامَةِ لاَ يَدْخُلُ مَعَهُمْ أَحَدٌ غَيْرُهُمْ يُقَالُ أَيْنَ الصَّائِمُونَ فَيَدْخُلُونَ مِنْهُ فَإِذَا دَخَلَ آخِرُهُمْ أُغْلِقَ فَلَمْ يَدْخُلْ مِنْهُ أَحَدٌ """,ސަހްލު ބިން ސަޢްދު رَضِيَ اللَّهُ عَنْهُ ވިދާޅުވިކަމަށް ރިވާވެގެން ވެއެވެ: ރަސޫލު ﷲ ޙަދީޘް ކުރެއްވިއެވެ: ”ހަމަކަށަވަރުން ރައްޔާން އޭ ކިޔުނު ދޮރެއް ސުވަރުގޭގައި ވެއެވެ. ގިޔާމަތް ދުވަހު ރޯދަވެރިން އެ ދޮރުން ވަންނާނެއެވެ. އެބައިމީހުންނާއެކީ އެ ނޫން އެއްވެސް ބަޔަކު ނުވަންނާނެއެވެ. ބުނެވޭނެއެވެ: ރޯދަވެރިން ކޮބާހެއްޔެވެ؟ ދެން އެބައިމީހުން އެ ދޮރުން ވަންނާނެއެވެ. ފަހެ އެބައިމީހުންގެ ފަހު މީހާ ވަނުމުން އެ ދޮރު ބަނދުކުރެވޭނެއެވެ. ދެން އެއްވެސް މީހަކު އެ ދޮރަކުން ނުވަންނާނެއެވެ.“,
صحيح مسلم,1153,عن أبي سعيد الخدري رضي الله عنه قال: قال رسول اللَّه ﷺ: (مَنْ صَامَ يَوْماً فِي سَبِيلِ اللَّهِ بَعَّدَ اللَّهُ وَجْهَهُ عَنِ النَّارِ سَبْعِينَ خَرِيفاً).,އަބޫ ސަޢީދު އަލްޚުދްރީ رَضِيَ اللَّهُ عَنْهُ ވިދާޅުވިކަމަށް ރިވާވެގެންވެއެވެ: ރަސޫލު ﷲ ﷺ ޙަދީޘް ކުރެއްވިއެވެ: ”ﷲ ގެ މަގުގައި (އެބަހީ: ޖިހާދުގައި) އެއް ދުވަހު ރޯދަ ހިފައިފި މީހާ، ﷲ އޭނާގެ މޫނު ހަތްދިހަ ޚަރީފު މޫސުމުގެ (އެބަހީ: އަހަރުގެ) ރާސްތާއަށް ނަރަކައިން ދުރު ކުރައްވާނެއެވެ.“,
صحيح مسلم,1156,كانَ يَصُومُ شَعْبَانَ كُلَّهُ، كانَ يَصُومُ شَعْبَانَ إلَّا قَلِيلًا.,އެކަލޭގެފާނު މުޅި ޝަޢުބާނުގައި އެއްކޮށް ރޯދަ ހިއްޕަވައެވެ. އެކަލޭގެފާނު މަދުދުވަސްތަކެއް ފިޔަވައި މުޅި ޝަޢުބާންމަހުގައި ރޯދަ ހިއްޕަވާ ކަމުގައި ވިއެވެ.,
صحيح مسلم,1156,وما رأيتُه في شَهرٍ أكثَرَ منه صيامًا في شَعبانَ,އަދި ޝަޢްބާން މަހުގައި އެކަލޭގެފާނު ރޯދަ ހިއްޕަވާހާ ގިނައިން އެހެން މަހެއްގައި ރޯދަ ހިއްޕަވަނިކޮށް ނުދެކެމެވެ,
صحيح مسلم,1156,كانَ يَصُومُ شَعْبَانَ كُلَّهُ، كانَ يَصُومُ شَعْبَانَ إلَّا قَلِيلًا.,މަދު ދުވަސްތަކެއްގައި މެނުވީ މުޅި ޝަޢުބާން މަސް އެއްކޮށް ރަސޫލު ﷲ ﷺ ރޯދަ ހިއްޕަވައެވެ.,
صحيح مسلم,1160,أنَّهَا سَأَلَتْ عَائِشَةَ زَوْجَ النبيِّ صَلَّى اللَّهُ عليه وسلَّمَ: أَكانَ رَسولُ اللهِ صَلَّى اللَّهُ عليه وسلَّمَ يَصُومُ مِن كُلِّ شَهْرٍ ثَلَاثَةَ أَيَّامٍ؟ قالَتْ: نَعَمْ، فَقُلتُ لَهَا: مِن أَيِّ أَيَّامِ الشَّهْرِ كانَ يَصُومُ؟ قالَتْ: لَمْ يَكُنْ يُبَالِي مِن أَيِّ أَيَّامِ الشَّهْرِ يَصُومُ.,معاذة العدوية ގެ އަރިހުން ރިވާވެގެންވެއެވެ. އެކަމަނާ عائشة ގެފާނާ ސުވާލުކުރެއްވިއެވެ: رسول الله ﷺ ކޮންމެ މަހަކުން ތިންދުވަހު ރޯދައަށް ހުންނަވާތޯއެވެ؟عائشة ގެފާނު ވިދާޅުވިއެވެ: އާނއެކެވެ! އެހިނދު އަހުރެން ދެންނެވީމެވެ: އެކަލޭގެފާނު ރޯދައަށް ހުންނަވަނީ މައްސަރުގެ ކޮންކޮން ދުވަސްތަކެއްގައި ތޯއެވެ؟ عائشة ގެފާނު ވިދާޅުވިއެވެ: އެކަލޭގެފާނު ރޯދައަށް ހުންނެވުމުގައި މައްސަރުގެ ވަކި ދުވަހަކަށް ސަމާލުކަމެއް ނުދެއްވައެވެ.”,
صحيح مسلم,1162,ذاكَ يومٌ وُلدتُ فيهِ، ويومٌ بُعثتُ أو أُنزلَ عليَّ فيهِ,އަބޫ ގަޠާދާ އަލްއަންޞާރީ رضي الله عنه ރިވާކުރައްވާފައި ވެއެވެ. އެކަލޭގެފާނު ވިދާޅުވިއެވެ. “ހޯމަ ދުވަހު ރޯދަ ހިފުމާއި ބެހޭގޮތުން ރަސޫލާ ﷺ އާއި ސުވާލުދެންނެވުނެވެ. އެ ހިނދު ރަސޫލާ ﷺ ޙަދީޘް ކުރެއްވިއެވެ. “އެއީ ތިމަންކަލޭގެފާނު އުފަންވެވަޑައިގެންނެވި ދުވަހެވެ. އަދި އެއީ ތިމަންކަލޭގެފާނަށް ރަސޫލުކަމާއިގެން ފޮނުއްވުނު ދުވަހެވެ. ނުވަތަ ތިމަންކަލޭގެފާނަށް ފުރަތަމަ ވަހީ ބާވައިލެއްވުނު ދުވަހެވެ.”,
صحيح مسلم,1163,حَدَّثَنِي قُتَيْبَةُ بْنُ سَعِيدٍ، حَدَّثَنَا أَبُو عَوَانَةَ، عَنْ أَبِي بِشْرٍ، عَنْ حُمَيْدِ بْنِ عَبْدِ الرَّحْمَنِ الْحِمْيَرِيِّ، عَنْ أَبِي هُرَيْرَةَ رَضِيَ اللهُ عَنْهُ قَالَ: قَالَ رَسُولُ اللهِ ﷺ: أَفْضَلُ الصِّيَامِ بَعْدَ رَمَضَانَ شَهْرُ اللهِ الْمُحَرَّمُ، وَأَفْضَلُ الصَّلَاةِ بَعْدَ الْفَرِيضَةِ صَلَاةُ اللَّيْلِ.,އަބޫ ހުރައިރާ ރިވާ ކުރެއްވިއެވެ: ރަސޫލު ﷲ ﷺ ޙަދީޘް ކުރެއްވިއެވެ: ”ރަމަޟާން މަހުގެ ރޯދައަށް ފަހު އެންމެ ހެޔޮވެގެންވާ ރޯދައަކީ، ﷲގެ (ހުރުމަތްތެރިވެގެންވާ) މައްސަރު ކަމުގައިވާ މުޙައްރަމް މަހުގެ ރޯދައެވެ. އަދި ފަރުޟު ނަމާދުތަކަށް ފަހު އެންމެ ހެޔޮވެގެންވާ ނަމާދަކީ ރޭއަޅުކަމުގެ ނަމާދެވެ.“,
صحيح مسلم,1164,حَدَّثَنَا يَحْيَى بْنُ أَيُّوبَ، وَقُتَيْبَةُ بْنُ سَعِيدٍ، وَعَلِيُّ بْنُ حُجْرٍ، - جَمِيعًا - عَنْ إِسْمَاعِيلَ، قَالَ ابْنُ أَيُّوبَ: حَدَّثَنَا إِسْمَاعِيلُ بْنُ جَعْفَرٍ، أَخْبَرَنِي سَعْدُ بْنُ سَعِيدِ بْنِ قَيْسٍ، عَنْ عُمَرَ بْنِ ثَابِتِ بْنِ الْحَارِثِ الْخَزْرَجِيِّ، عَنْ أَبِي أَيُّوبَ الْأَنْصَارِيِّ رَضِيَ اللهُ عَنْهُ أَنَّهُ حَدَّثَهُ أَنَّ رَسُولَ اللهِ ﷺ قَالَ: مَنْ صَامَ رَمَضَانَ، ثُمَّ أَتْبَعَهُ سِتًّا مِنْ شَوَّالٍ، كَانَ كَصِيَامِ الدَّهْرِ.,އަބޫ އައްޔޫބް އަލްއަންޞާރީ رَضِيَ اللَّهُ عَنْهُ ގެ އަރިހުން ރިވާވެގެންވެއެވެ: ރަސޫލު ﷲ ﷺ ޙަދީޘް ކުރެއްވިއެވެ: ”ރަމަޟާން މަހު ރޯދަ ހިފައި، އެއަށްފަހު އެއާ ވިދިގެން ޝައްވާލު މަހުން ހަ (ދުވަހު) ރޯދަ ހިފައިފި މީހާ، މުޅި އަހަރުދުވަހު ރޯދަހިފި ފަދައެވެ.“,
صحيح مسلم,1175,قَالَتْ عَائِشَةُ رضى الله عنها كَانَ رَسُولُ اللَّهِ صلى الله عليه وسلم يَجْتَهِدُ فِي الْعَشْرِ الأَوَاخِرِ مَا لاَ يَجْتَهِدُ فِي غَيْرِهِ,ޢާއިޝާ رَضِيَ اللَّهُ عَنْهَا ވިދާޅުވިއެވެ: އެހެން ރޭތަކުގައި މަސައްކަތް ނުކުރައްވާ ވަރަށް ފަހު ދިހައިގައި ރަސޫލު ﷲ ﷺ (ހެޔޮ އަމަލުކުރުމުގައި) ގަދައަޅުއްވާ މަސައްކަތްކުރައްވައެވެ.,
صحيح مسلم,1188,فوالله لا الفقر أخشى عليكم، ولكن أخشى عليكم أن تبسط عليكم الدنيا كما بسطت على من كان قبلكم، فتنافسوها كما تنافسوها، وتهلككم كما أهلكتهم) متفق عليه.,"""ފަހެ ﷲ ގަންދީފައި ބުނަމެވެ. ތިމަންކަލޭގެފާނު ތިޔަބައިމީހުންގެ މައްޗަށް ބިރުވެތިވަނީ ފަގީރުކަމުގެ މައްޗަކަށް ނޫނެވެ. ނަމަވެސް ތިމަންކަލޭގެފާނު ބިރުފުޅުގަންނަނީ ތިޔަބައިމީހުންގެ ތިޔަބައިމީހުންގެ ކުރީގެ މީސްތަކުންގެ މައްޗަށް ތަނަވަސްވީ ފަދައިން ދުނިޔެ ތަނަވަސްވެ ، އެބައިމީހުން އޭގެ މައްޗަށް ވާދަކުރި ފަދައިން ތިޔަބައިމީހުން ވާދަކުރުމެވެ. އަދި އެބައިމީހުން ހަލާކުވެދިޔަ ފަދައިން ތިޔަބައިމީހުން ހަލާކުވެގެން ދިޔުމެވެ""",
صحيح مسلم,1301,(تِلْكَ صَلاَةُ الْمُنَافِقِ، تِلْكَ صَلاَةُ الْمُنَافِقِ، تِلْكَ صَلاَةُ الْمُنَافِقِ يَجْلِسُ يَرْقُبُ الشَّمْسَ حَتَّى إِذَا كَانَتْ بَيْنَ قَرْنَىِ الشَّيْطَانِ قَامَ فَنَقَرَهَا أَرْبَعًا لاَ يَذْكُرُ اللَّهَ فِيهَا إِلاَّ قَلِيلاً),"""އެއީ މުނާފިގުންގެ ނަމާދެވެ. އެއީ މުނާފިގުންގެ ނަމާދެވެ. އެއީ މުނާފިގުންވެ ނަމާދެވެ. އޭނާ އިރަށް ބަލަންހުރެފައި ޝައިޠާނާގެ ދެދަޅާއި ދިމާވުމުން، ތެދުވުމަށްފަހު ހަތަރުފަހަރު ނިތްތަޅައެވެ. އޭގައި އޭނާ މަދުން މެނުވީ ﷲގެ މަތިން ހަނދުމަ ނުކުރެއެވެ.""",
صحيح مسلم,1317,حَدَّثَنَا يَحْيَى بْنُ يَحْيَى ، أَخْبَرَنَا أَبُو خَيْثَمَةَ ، عَنْ عَبْدِ الْكَرِيمِ ، عَنْ مُجَاهِدٍ ، عَنْ عَبْدِ الرَّحْمَنِ بْنِ أَبِي لَيْلَى ، عَنْ عَلِيٍّ قَالَ : أَمَرَنِي رَسُولُ اللهِ صَلَّى اللهُ عَلَيْهِ وَسَلَّمَ أَنْ أَقُومَ عَلَى بُدْنِهِ ، وَأَنْ أَتَصَدَّقَ بِلَحْمِهَا وَجُلُودِهَا ، وَأَجِلَّتِهَا ، وَأَنْ لَا أُعْطِيَ الْجَزَّارَ مِنْهَا ، قَالَ : نَحْنُ نُعْطِيهِ مِنْ عِنْدِنَا .,ޢަލީގެ ކިބައިން ރިވާވެގެންވެއެވެ. ޢަލީގެފާނު ވިދާޅުވިއެވެ. ރަސޫލު اللّه ﷺ ގެ އުޟްޙިޔާގެ ކަންތައްތައް ބެލެހެއްޓުމަށް ތިމަން ކަލޭގެފާނަށް އަމުރު ކުރެއްވިއެވެ. އަދި އޭގެ މަހާއި ހަންގަނޑު ޞަދަގާތް ކުރުމަށް އަމުރު ކުރެއްވިއެވެ. އަދި ކަތިލާ މީހާއަށް އެއިން ބައެއް ނުދިނުމަށް ވެސް އަމުރު ކުރެއްވިއެވެ. ޢަލީގެފާނު ވިދާޅުވިއެވެ. ކަތިލާމީހާއަށް އެއްޗެއްދީ އުޅެނީ ތިމަންމެން އަމިއްލައަށެވެ. (އެބަހީ އުޟްޙިޔާ އިން ބޭރުންނެވެ.),
صحيح مسلم,1318,نَحَرْنَا مَعَ رَسُولِ اللهِ صَلَّى اللهُ عَلَيْهِ وَسَلَّمَ عَامَ الْحُدَيْبِيَةِ الْبَدَنَةَ عَنْ سَبْعَةٍ، وَالْبَقَرَةَ عَنْ سَبْعَةٍ,"ޙުދައިބިއްޔާގެ އަހަރުގައި، ތިމަންމެން ކީރިތި ރަސޫލާ ޞައްލަﷲ ޢަލައިހި ވަސައްލަމަ އާ އެކުގައި ހަދުޔު ކަތިލުމުގައި ހަތްމީހުންގެ ފަރާތުން ޖަމަލެއް އަދި ހަތްމީހުންގެ ފަރާތުން ގެރިއެއް ކަތިލީމުއެވެ.""",
صحيح مسلم,1341,لَا تُسَافِرُ امْرَأَةٌ إِلَّا مَعَ ذِي مَحْرَمٍ,މަޙްރަމަކާ އެކީގައި މެނުވީ އަންހެނަކު ދަތުރު ނުކުރާ ހުށިކަމެވެ.,
صحيح مسلم,1348,قَالَتْ عَائِشَةُ: إِنَّ رَسُولَ اللهِ ﷺ قَالَ: مَا مِنْ يَوْمٍ أَكْثَرَ مِنْ أَنْ يُعْتِقَ اللهُ فِيهِ عَبْدًا مِنَ النَّارِ مِنْ يَوْمِ عَرَفَةَ، وَإِنَّهُ لَيَدْنُو، ثُمَّ يُبَاهِي بِهِمُ الْمَلَائِكَةَ، فَيَقُولُ: مَا أَرَادَ هَؤُلَاءِ.,ޢާއިޝާ ވިދާޅުވިކަމަށް ރިވާވެގެންވެއެވެ: ހަމަކަށަވަރުން ރަސޫލު ﷲ ﷺ ޙަދީޘް ކުރެއްވިއެވެ: ”އަރަފާތް ދުވަހަށް ވުރެ ގިނައިން ﷲ އަޅުތަކުން ނަރަކައިން މުއްތި ކުރައްވާ ދުވަހެއް ނުވެއެވެ. އަދި ހަމަކަށަވަރުން އެ އިލާހު ގާތްވެވޮޑިގަންނަވާނެއެވެ. ދެން މަލާއިކަތުންގެ ގާތުގައި ފަޚުރުވެރިވެ ވޮޑިގަންނަވާފައި ވަހީ ކުރައްވާނެއެވެ: މިބައިމީހުން އެދެނީ ފަހެ ކޮންކަމެއްހެއްޔެވެ؟“,
صحيح مسلم,1362,حَدَّثَنَا أَبُو بَكْرِ بْنُ أَبِي شَيْبَةَ ، وَعَمْرٌو النَّاقِدُ كِلَاهُمَا ، عَنْ أَبِي أَحْمَدَ . قَالَ أَبُو بَكْرٍ : حَدَّثَنَا مُحَمَّدُ بْنُ عَبْدِ اللهِ الْأَسَدِيُّ ، حَدَّثَنَا سُفْيَانُ ، عَنْ أَبِي الزُّبَيْرِ ، عَنْ جَابِرٍ قَالَ : قَالَ النَّبِيُّ صَلَّى اللهُ عَلَيْهِ وَسَلَّمَ : إِنَّ إِبْرَاهِيمَ حَرَّمَ مَكَّةَ ، وَإِنِّي حَرَّمْتُ الْمَدِينَةَ ، مَا بَيْنَ لَابَتَيْهَا لَا يُقْطَعُ عِضَاهُهَا ، وَلَا يُصَادُ صَيْدُهَا .,ޖާބިރު ރިވާ ކުރެއްވިއެވެ: ނަބިއްޔާ ﷺ ޙަދިޘް ކުރެއްވިއެވެ: ހަމަކަށަވަރުން އިބްރާހީމް މައްކާ ޙަރަމެއް ކަމުގައި ލެއްވިއެވެ. އަދި ހަމަކަށަވަރުން ތިމަން ނަބިއްޔާ މަދީނާ ޙަރަމެއް ކަމުގައި ލެއްވީމެވެ. މަދީނާގެ ދެ ލާވާ ބިންގަނޑު ދެމެދުގައިވާ މަދީނާގެ ގަހެއް ކެނޑިގެން ނުވާނެއެވެ. އަދި ޝިކާރަ ކުރެވޭ ޖަނަވާރުތައް ޝިކާރަކޮށްގެން ނުވާނެއެވެ.,
صحيح مسلم,1362,عَنْ جَابِرٍ قَالَ : قَالَ النَّبِيُّ صَلَّى اللَّهُ عَلَيْهِ وَسَلَّمَ : ( إِنَّ إِبْرَاهِيمَ حَرَّمَ مَكَّةَ ، وَإِنِّي حَرَّمْتُ الْمَدِينَةَ . . . لا يُقْطَعُ عِضَاهُهَا وَلا يُصَادُ صَيْدُهَا,ޖާބިރުގެފާނުގެ އަރިހުން ރިވާވެގެންވެއެވެ. ނަބިއްޔާ صَلَّى اللَّهُ عَلَيْهِ وَسَلَّمَ ޙަދީޘްކުރެއްވިއެވެ. “އިބްރާހިމްގެފާނު މައްކާ ޙަރަމަކަށް ހެއްދެވިއެވެ. އަދި ތިމަންކަލޭގެފާނު މަދީނާ ޙަރަމެއްކަމުގައި ހެއްދެވީމެވެ. އެތާނގެ “ޢިޟާހުތައް” [އެބަހީ: ގޮފިތައް] ކޮށައިގެންނުވާނެއެވެ.އަދި އެތާނގެ ޖަނަވާރުތައް ޝިކާރަކޮށްގެން ނުވާނެއެވެ.,
صحيح مسلم,1374,عَنْ أَبِي سَعِيدٍ الْخُدْرِيّ قَالَ : قَالَ النَّبِيُّ صَلَّى اللَّهُ عَلَيْهِ وَسَلَّمَ : ( اللَّهُمَّ إِنَّ إِبْرَاهِيمَ حَرَّمَ مَكَّةَ فَجَعَلَهَا حَرَمًا ، وَإِنِّي حَرَّمْتُ الْمَدِينَةَ . . . أَنْلا يُهْرَاقَ فِيهَا دَمٌ ، وَلا يُحْمَلَ فِيهَا سِلاحٌ لِقِتَالٍ ، وَلا تُخْبَطَ فِيهَا شَجَرَةٌ إِلا لِعَلْفٍ .,އަބޫ ސައީދުލް ޚުދުރީ ގެފާނުގެ އަރިހުން ރިވަވެގެންވެއެވެ. ނަބިއްޔާ صَلَّى اللَّهُ عَلَيْهِ وَسَلَّمَ ޙަދީޘްކުރެއްވިއެވެ.” އޭ ﷲ އެވެ! އިބްރާހިމްގެފާނު މައްކާ ހުރުމަތްތެރި ކުރައްވައި ޙަރެމެއްގެ ގޮތުގައި ހެއްދެވިއެވެ. އަދި ތިމަންކަލޭގެފާނު މަދީނާ ޙަރަމެއްކަމުގައި ހަދައިފީމުއެވެ. [އެއީ] އެތަންތާ ލޭ އޮހޮރުވުން މަނާ، އަދި ހަނގުރާމަޔަކަށް ހަތިޔާރު އުފުލުން މަނާ، އަދި ފަތްތައް ފައިބާގޮތަށް ތެޅުވުން، ޖަނަވާރުންނަށް ކާން ދޭން މެނުވީ މަނާވާ ތަންތަނުގެ ގޮތުގައެވެ.,
صحيح مسلم,1400,يَا مَعْشَرَ الشَّبَابِ، مَنِ اسْتَطَاعَ مِنْكُمُ البَاءَةَ فَلْيَتَزَوَّجْ، فإنَّه أَغَضُّ لِلْبَصَرِ، وَأَحْصَنُ لِلْفَرْجِ، وَمَن لَمْ يَسْتَطِعْ فَعليه بالصَّوْمِ، فإنَّه له وِجَاءٌ.,“އޭ ޒުވާނުންނޭވެ! ތިޔަބައިމީހުންގެ ތެރެއިން ކައިވެނިކުރުމަށް ކުޅަދާނަވެގެންވާމީހަކު ކައިވެނިކުރާހުށިކަމެވެ. ފަހެ، ހަމަކަށަވަރުން އެއީ ލޮލަށްވާ ފިނިކަމެކެވެ. އަދި ފަރުޖުތަކަށްވާ ސަލާމަތެކެވެ.,
صحيح مسلم,1401,وَحَدَّثَنِي أَبُو بَكْرِ بْنُ نَافِعٍ الْعَبْدِيُّ، حَدَّثَنَا بَهْزٌ، حَدَّثَنَا حَمَّادُ بْنُ سَلَمَةَ، عَنْ ثَابِتٍ، عَنْ أَنَسٍ أَنَّ نَفَرًا مِنْ أَصْحَابِ النَّبِيِّ ﷺ سَأَلُوا أَزْوَاجَ النَّبِيِّ ﷺ عَنْ عَمَلِهِ فِي السِّرِّ، فَقَالَ بَعْضُهُمْ: لَا أَتَزَوَّجُ النِّسَاءَ، وَقَالَ بَعْضُهُمْ: لَا آكُلُ اللَّحْمَ، وَقَالَ بَعْضُهُمْ: لَا أَنَامُ عَلَى فِرَاشٍ، فَحَمِدَ اللهَ، وَأَثْنَى عَلَيْهِ، فَقَالَ: مَا بَالُ أَقْوَامٍ قَالُوا كَذَا وَكَذَا، لَكِنِّي أُصَلِّي وَأَنَامُ، وَأَصُومُ وَأُفْطِرُ، وَأَتَزَوَّجُ النِّسَاءَ، فَمَنْ رَغِبَ عَنْ سُنَّتِي فَلَيْسَ مِنِّي.,އަނަސް ރިވާ ކުރެއްވިއެވެ: ނަބިއްޔާ ﷺ ގެ ޞަޙާބީންގެ ތެރެއިން ބަޔަކު، އެކަލޭގެފާނު ސިއްރުގައި ކުރާ އަޅުކަމާ ބެހޭ ގޮތުން އެކަލޭގެފާނުގެ އަނބިކަނބަލުން ގާތު ސުވާލު ކުރިއެވެ. ދެން އޭގެ ތެރެއިން ބަޔަކު ދެންނެވިއެވެ: ތިމަންނަ އަންހެނުންނަކާ ކައިވެންޏެއް ނުކުރާނަމެވެ. އަދި އަނެއް ބަޔަކު ދެންނެވިއެވެ: ތިމަންނަ މަހެއް ނުކާނަމެވެ. އަދި އަނެއް ބަޔަކު ދެންނެވިއެވެ: ތިމަންނަ އެނދެއްގައި ނުނިދާނަމެވެ. ދެން ނަބިއްޔާ (ނުކުމެވަޑައިގެން) ﷲ އަށް ޙަމްދު ޘަނާ ދެންނެވުމަށް ފަހު ޙަދީޘް ކުރެއްވިއެވެ: ”މިވެނި ގޮތަކަށް ބުނި ބަޔަކަށް ވީކިހިނެއްތޯއެވެ؟ އެހެނެއްކަމަކު، ތިމަން ނަބިއްޔާ ނަމާދުކޮށް އަވަހާރަފުޅު ލައްޕަވަމެވެ. އަދި ރޯދަ ހިފައި، އަދި ރޯދަ ނުހިފައި ދުވަސްތައް ވެއެވެ. އަދި އަންހެނުންނާ ކައިވެނިބައްލަވަމުއެވެ. ވީމާ ތިމަން ނަބިއްޔާގެ ސުންނަތުން އެއްކިބާވެއްޖެ މީހާ، ފަހެ އޭނާއީ ތިމަން ނަބިއްޔާގެ (މީސްތަކުންގެ) ތެރެއިންވާ މީހެއް ނޫނެވެ.“,
صحيح مسلم,1437,إنَّ مِن أَشَرِّ النَّاسِ عِنْدَ اللهِ مَنْزِلَةً يَومَ القِيَامَةِ، الرَّجُلَ يُفْضِي إلى امْرَأَتِهِ، وَتُفْضِي إِلَيْهِ، ثُمَّ يَنْشُرُ سِرَّهَا.,ގިޔާމަތްދުވަހު ﷲ ތަޢާލާގެ ޙަޟުރަތުގައި ދަރަޖައިގެ ގޮތުން އެންމެ ނުބައިމީހުންގެ ތެރޭގައި، އަނބިމީހާއެކު އެއްދާންކުރުމަށްފަހު އެއަނބިމީހާގެ ސިއްރުތައް ފަތުރާމީހާ ހިމެނޭކަން ކަށަވަރެވެ.,
صحيح مسلم,1438,ذُكِرَ العَزْلُ عِنْدَ رَسولِ اللهِ صَلَّى اللَّهُ عليه وسلَّمَ، فَقالَ: وَلِمَ يَفْعَلُ ذلكَ أَحَدُكُمْ؟ وَلَمْ يَقُلْ: فلا يَفْعَلْ ذلكَ أَحَدُكُمْ، فإنَّه ليسَتْ نَفْسٌ مَخْلُوقَةٌ إلَّا اللَّهُ خَالِقُهَا.,ޢަޒަލުކުރުމާއި ބެހޭގޮތުން ރަސޫލުﷲ -ﷺ- ގެ އަރިހުގައި ނަންގަނެވުނެވެ. ފަހެ އެކަލޭގެފާނު ޙަދީޘްކުރެއްވިއެވެ. ތިޔަބައިމީހުންކުރެ މީހަކު އެކަން ކުރަނީ ކީއްވެގެންތޯއެވެ. – ފަހެ ތިޔަބައިމީހުންކުރެ މީހަކު އެކަން ނުކުރާށޭ އެކަލޭގެފާނު ވިދާޅުނުވެއެވެ.- ފަހެ ހަމަކަށަވަރުން އެ ނަފްސެއް ޚަލްގުކުރެއްވި ޚާލިގު ކަމުގައި ﷲ ތަޢާލާ ނުވާ އެއްވެސް ނަފްސެއް ނުވެއެވެ.,
صحيح مسلم,1438,وإنَّكُمْ لَتَفْعَلُونَ؟ وإنَّكُمْ لَتَفْعَلُونَ؟ وإنَّكُمْ لَتَفْعَلُونَ؟ ما مِن نَسَمَةٍ كَائِنَةٍ إلى يَومِ القِيَامَةِ، إلَّا هي كَائِنَةٌ.,ތިޔަބައިމީހުން ހަމައެކަން ކުރަނީހެއްޔެވެ؟ ތިޔަބައިމީހުން ހަމައެކަން ކުރަނީހެއްޔެވެ؟ ތިޔަބައިމީހުން ހަމައެކަން ކުރަނީހެއްޔެވެ؟ ގިޔާމަތާއި ޖެހެންދެން ޚަލްގުކުރެއްވުމަށް ﷲ ތަޢާލާ އިރާދަކުރައްވާފައިވާ އެއްވެސް ނަފްސެއް ޚަލްގު ނުކުރެވި ނުވާނެއެވެ.,
صحيح مسلم,1439,أنَّ رَجُلًا أَتَى رَسُولَ اللهِ صَلَّى اللَّهُ عليه وَسَلَّمَ، فَقالَ: إنَّ لي جَارِيَةً، هي خَادِمُنَا وَسَانِيَتُنَا، وَأَنَا أَطُوفُ عَلَيْهَا، وَأَنَا أَكْرَهُ أَنْ تَحْمِلَ، فَقالَ: اعْزِلْ عَنْهَا إنْ شِئْتَ، فإنَّه سَيَأْتِيهَا ما قُدِّرَ لَهَا، فَلَبِثَ الرَّجُلُ، ثُمَّ أَتَاهُ، فَقالَ: إنَّ الجَارِيَةَ قدْ حَبِلَتْ، فَقالَ: قدْ أَخْبَرْتُكَ أنَّهُ سَيَأْتِيهَا ما قُدِّرَ لَهَا.,ހަމަކަށަވަރުން ތިމަންނައަށް އަޅުއަންހެނަކު ލިބިގެންވެއެވެ. އޭނާ އަކީ ކަދުރު ރުއްތަކަށް ފެންދޭ ތިމަންމެންގެ ޚާދިމެވެ. އަދި ތިމަން އޭނާއާއެކީ އެއްދާންކުރަމެވެ. އަދި އޭނާ ބަނޑުބޮޑުވުމަށް ތިމަން ނޭދެމެވެ. ފަހެ ރަސޫލުﷲ -ﷺ- ޙަދީޘްކުރެއްވިއެވެ. ތިބާ އެދޭކަމުގައި ވަނީނަމަ އޭނާ އާއެކީ ޢަޒަލުކުރާށެވެ. ފަހެ ހަމަކަށަވަރުން އެކަނބުލޭގެއަށް މެދުވެރިވުމަށް ﷲ މިންވަރު ކުރައްވާފައިވާކަމެއް މެދުވެރިވާހުއްޓެވެ. ފަހެ ދުވަސްތަކެއްފަހުން އޭނާ ރަސޫލުﷲ -ﷺ- ގެ އަރިހަށް އައިސް އެކަނބުލޭގެ ބަނޑުބޮޑުވެއްޖެކަމުގައި ދެންނެވިއެވެ. ދެން އެކަލޭގެފާނު ހަދީޘްކުރެއްވިއެވެ. ހަމަކަށަވަރުން އެކަނބުލޭގެޔަށް މިންވަރުކުރައްވާފައިވާ ކަމެއް މެދުވެރިވާނެކަމުގެ ޚަބަރު ތިމަންކަލޭގެފާނު ދެއްވީމެވެ.,
صحيح مسلم,1440,كُنَّا نَعْزِلُ علَى عَهْدِ رَسولِ اللهِ صَلَّى اللَّهُ عليه وسلَّمَ، فَبَلَغَ ذلكَ نَبِيَّ اللهِ صَلَّى اللَّهُ عليه وسلَّمَ، فَلَمْ يَنْهَنَا.,ރަސޫލުﷲ -ﷺ- ގެ ޙަޔާތްޕުޅުގައި ތިމަންބޭކަލުން ޢަޒަލުކުރައްވާކަމުގައި ވީމެވެ. ފަހެ އެކަން އެކަލޭގެފާނަށް އެނގިވަޑައިގެންނެވިއެވެ. ފަހެ އެކަލޭގެފާނު ތިމަންބޭކަލުންނަށް އެކަން މަނާ ނުކުރައްވައެވެ.,
صحيح مسلم,1442,ذلكَ الوَأْدُ الخَفِيُّ.,އެއީ ދަރިން ދިރިތިއްބާވަޅުލުމުގެ ފޮރުވިފައިވާ ގޮތެވެ,
صحيح مسلم,1467,حَدَّثَنِي مُحَمَّدُ بْنُ عَبْدِ اللهِ بْنِ نُمَيْرٍ الْهَمْدَانِيُّ، حَدَّثَنَا عَبْدُ اللهِ بْنُ يَزِيدَ، حَدَّثَنَا حَيْوَةُ، أَخْبَرَنِي شُرَحْبِيلُ بْنُ شَرِيكٍ أَنَّهُ سَمِعَ أَبَا عَبْدِ الرَّحْمَنِ الْحُبُلِيَّ يُحَدِّثُ عَنْ عَبْدِ اللهِ بْنِ عَمْرٍو، أَنَّ رَسُولَ اللهِ ﷺ قَالَ: الدُّنْيَا مَتَاعٌ، وَخَيْرُ مَتَاعِ الدُّنْيَا الْمَرْأَةُ الصَّالِحَةُ.,ޢަބްދު ﷲ ބިން ޢަމްރު ރިވާ ކުރެއްވިއެވެ: ރަސޫލު ﷲ ﷺ ޙަދީޘް ކުރެއްވިއެވެ: ”ދުނިޔެއަކީ ވަގުތީ އުފަލެކެވެ. އަދި ދުނިޔޭގެ އެންމެ ހެޔޮ އުފަލަކީ ޞާލިޙު އައަންހެނެކެވެ.“,
صحيح مسلم,1467,الدُّنْيَا مَتَاعٌ، وَخَيْرُ مَتَاعِ الدُّنْيَا المَرْأَةُ الصَّالِحَةُ.,ދުނިޔެ އަކީ ވަގުތީއުފަލެކެވެ. އަދި މިދުނިޔޭގެ ވަގުތީ އުފާތަކުގެ ތެރެއިން އެންމެ ރަނގަޅުވެގެންވަނީ ޞާލިޙު އަންބެކެވެ.,
صحيح مسلم,1562,كانَ رَجُلٌ يُدايِنُ النَّاسَ، فَكانَ يقولُ لِفَتاهُ: إذا أتَيْتَ مُعْسِرًا فَتَجاوَزْ عنْه، لَعَلَّ اللَّهَ يَتَجاوَزُ عَنَّا، فَلَقِيَ اللَّهَ فَتَجاوَزَ عنْه.,މީސްތަކުންނަށް ދަރަނި ދީ އުޅުނު މީހަކު އުޅުނެވެ. އޭނާގެ ޚާދިމުންގެ ގާތު އޭނާ ބުނެއެވެ. ދަތިވެފައިވާމީހަކާ ބައްދަލުވެއްޖެއްޔާ އެމީހަކަށް މަޢާފުކުރާށެވެ. އޭރުން، ﷲ ތަޢާލާ އަހަރުމެންނަށްވެސް މަޢާފުކުރައްވަފާނެކަމަށް އުންމީދުކުރެވެއެވެ. ފަހެ، އޭނާ ﷲ ތަޢާލާއާ ބައްދަލުވުމުން އެ އިލާހު އޭނާއަށް މަޢާފުކުރެއްވިއެވެ.”,
صحيح مسلم,1562,كانَ رَجُلٌ يُدايِنُ النَّاسَ، فَكانَ يقولُ لِفَتاهُ: إذا أتَيْتَ مُعْسِرًا فَتَجاوَزْ عنْه، لَعَلَّ اللَّهَ يَتَجاوَزُ عَنَّا، فَلَقِيَ اللَّهَ فَتَجاوَزَ عنْه.,“މީސްތަކުންނަށް ދަރަނި ދީ އުޅުނު މީހަކު އުޅުނެވެ. އޭނާގެ ޚާދިމުންގެ ގާތު އޭނާ ބުނެއެވެ. ދަތިވެފައިވާމީހަކާ ބައްދަލުވެއްޖެއްޔާ އެމީހަކަށް މަޢާފުކުރާށެވެ. އޭރުން، ﷲ ތަޢާލާ އަހަރުމެންނަށްވެސް މަޢާފުކުރައްވަފާނެކަމަށް އުންމީދުކުރެވެއެވެ. ފަހެ، އޭނާ ﷲ ތަޢާލާއާ ބައްދަލުވުމުން އެ އިލާހު އޭނާއަށް މަޢާފުކުރެއްވިއެވެ.”,
صحيح مسلم,1585,"عَنْ عُثْمَانَ بْنِ عَفَّانَ ، أَنَّ رَسُولَ اللَّهِ صَلَّى اللَّهُ عَلَيْهِ وَسَلَّمَ قَالَ : "" لَا تَبِيعُوا الدِّينَارَ بِالدِّينَارَيْنِ، وَلَا الدِّرْهَمَ بِالدِّرْهَمَيْنِ"".",ޢުޘްމާން ބިން ޢައްފާން رَضِيَ اللَّهُ عَنْهُ ރިވާ ކުރެއްވިއެވެ: ރަސޫލު ﷲ ﷺ ޙަދީޘް ކުރެއްވިއެވެ: ”ތިޔަބައިމީހުން ދެ ދީނާރަށް އެއް ދީނާރު ނުވިއްކާށެވެ. އަދި ދެ ދިރުހަމަށް އެއް ދިރުހަމް ނުވިއްކާށެވެ.“,
صحيح مسلم,1587,حَدَّثَنَا أَبُو بَكْرِ بْنُ أَبِي شَيْبَةَ ، وَعَمْرٌو النَّاقِدُ ، وَإِسْحَاقُ بْنُ إِبْرَاهِيمَ ، ( وَاللَّفْظُ لِابْنِ أَبِي شَيْبَةَ ) ، قَالَ إِسْحَاقُ : أَخْبَرَنَا ، وَقَالَ الْآخَرَانِ : حَدَّثَنَا وَكِيعٌ ، حَدَّثَنَا سُفْيَانُ ، عَنْ خَالِدٍ الْحَذَّاءِ ، عَنْ أَبِي قِلَابَةَ ، عَنْ أَبِي الْأَشْعَثِ ، عَنْ عُبَادَةَ بْنِ الصَّامِتِ قَالَ : قَالَ رَسُولُ اللهِ صَلَّى اللهُ عَلَيْهِ وَسَلَّمَ : الذَّهَبُ بِالذَّهَبِ ، وَالْفِضَّةُ بِالْفِضَّةِ ، وَالْبُرُّ بِالْبُرِّ ، وَالشَّعِيرُ بِالشَّعِيرِ ، وَالتَّمْرُ بِالتَّمْرِ ، وَالْمِلْحُ بِالْمِلْحِ ، مِثْلًا بِمِثْلٍ ، سَوَاءً بِسَوَاءٍ ، يَدًا بِيَدٍ ، فَإِذَا اخْتَلَفَتْ هَذِهِ الْأَصْنَافُ ، فَبِيعُوا كَيْفَ شِئْتُمْ ، إِذَا كَانَ يَدًا بِيَدٍ .,"ރިބާވާ ތަކެތި ބަޔާންކޮށްދެއްވާ ސަލާމާއި ޞަލަވާތްލެއްވި އިތުރު އެކަލޭގެފާނު ޙަދީޘް ކުރައްވާފައިވެއެވެ. عَنْ عُبَادَةَ بْنِ الصَّامِتِ، قَالَ قَالَ رَسُولُ اللَّهِ ﷺ "" الذَّهَبُ بِالذَّهَبِ وَالْفِضَّةُ بِالْفِضَّةِ وَالْبُرُّ بِالْبُرِّ وَالشَّعِيرُ بِالشَّعِيرِ وَالتَّمْرُ بِالتَّمْرِ وَالْمِلْحُ بِالْمِلْحِ مِثْلاً بِمِثْلٍ سَوَاءً بِسَوَاءٍ يَدًا بِيَدٍ فَإِذَا اخْتَلَفَتْ هَذِهِ الأَصْنَافُ فَبِيعُوا كَيْفَ شِئْتُمْ إِذَا كَانَ يَدًا بِيَدٍ "". (صحيح مسلم 1587) ""ރަން ރަނަށް، ރިހި ރިއްސަށް، ގޮދަން ގޮދަނަށް، ބާރުލީ ބާރުލީއަށް، ކަދުރު ކަދުރަށް، ލޮނު ލޮނަށް، ހަމަހަމައަށް ބަރުން ބަރަށް، އަތުން އަތަށެވެ. މީގެ ވައްތަރުތައް ތަފާތުވެއްޖެއްޔާ، އަތުން އަތަށް ކަމުގައިވާނަމަ، ތިޔަބައިމީހުން އެދޭ ގޮތަކަށް ގަނެ ވިއްކާށެވެ.""",
صحيح مسلم,1589,عَنْ حَبِيبٍ، أَنَّهُ سَمِعَ أَبَا الْمِنْهَالِ، يَقُولُ سَأَلْتُ الْبَرَاءَ بْنَ عَازِبٍ عَنِ الصَّرْفِ، فَقَالَ سَلْ زَيْدَ بْنَ أَرْقَمَ فَهُوَ أَعْلَمُ . فَسَأَلْتُ زَيْدًا فَقَالَ سَلِ الْبَرَاءَ فَإِنَّهُ أَعْلَمُ ثُمَّ قَالاَ نَهَى رَسُولُ اللَّهِ ﷺ عَنْ بَيْعِ الْوَرِقِ بِالذَّهَبِ دَيْنًا.,އަބޫ މިންހާލު ރިވާ ކުރެއްވިއެވެ: އަލްބަރާއު ބިން ޢާޒިބުގެ އަރިހުގައި މާރުކުރުމާ ބެހޭ ގޮތުން ތިމަން ސުވާލު ކުރީމެވެ. އެކަލޭގެފާނު ވިދާޅުވިއެވެ: ޒައިދު ބިން އަރްގަމުގެ އަރިހުގައި އަހާށެވެ. އެހެނީ އެކަލޭގެފާނަށް މޮޅަށް އެނގިވަޑައިގަންނަވާނެއެވެ. ދެން ޒައިދުގެ އަރިހު ތިމަން ސުވާލު ކުރުމުން ވިދާޅުވިއެވެ: އަލްބަރާއު އަރިހު އަހާށެވެ. އެހެނީ އެކަލޭގެފާނަށް މޮޅަށް އެނގިވަޑައިގަންނަވާނެއެވެ. އެއަށްފަހު އެ ދެ ބޭކަލުންވެސް ވިދާޅުވިއެވެ: ފަހުން ދައްކާ ގޮތަށް، ރަނަށް ރިހި ބަދަލު ކުރުން ރަސޫލު ﷲ ﷺ މަނާ ކުރެއްވިއެވެ.,
صحيح مسلم,1614,«لَا يَرِثُ الْمُسْلِمُ الْكَافِرَ، وَلَا الْكَافِرُ الْمُسْلِمَ»,"""މުސްލިމަކު ކާފިރަކަށް ވާރުތަނުކުރާނެއެވެ. އަދި ކާފިރަކު މުސްލިމަކަށް ވާރުތަނުކުރާނެއެވެ.""",
صحيح مسلم,1631,""" إِذَا مَاتَ الْإِنْسَانُ انْقَطَعَ عَنْهُ عَمَلُهُ إِلَّا مِنْ ثَلَاثَةٍ: إِلَّا مِنْ صَدَقَةٍ جَارِيَةٍ، أَوْ عِلْمٍ يُنْتَفَعُ بِهِ، أَوْ وَلَدٍ صَالِحٍ يَدْعُو لَهُ ""","""އިންސާނާ މަރުވުމުން ތިންކަމަކުން މެނުވީ އޭނާގެ އަމަލުތައް އޭނާގެ ކިބައިން ކެނޑިގެން ހިނގައިދެއެވެ. އެއީ ހިނގަހިނގާ ހުންނަ ޞަދަގާތަކާއި، އެ ޢިލްމަކުން މަންފާއެއްކުރާނެ ޢިލްމަކާއި، އޭނާއަށްޓަކައި ހެޔޮ ދުއާކުރާނެ ރަނގަޅު ޞާލިޙް ދަރިއެކެވެ.""",
صحيح مسلم,1650,"""مَنْ حَلَفَ عَلَى يَمِينٍ، فَرَأَى غَيْرَهَا خَيْرًا مِنْهَا، فَلْيُكَفِّرْ عَنْ يَمِينِهِ، وَلْيَفْعَلْ""","""ތިބާ ހުވައެއް ކުރުމަށްފަހު ހުވާކުރިކަމަށްވުރެ ރަނގަޅުކަމެއް ފެނިއްޖެނަމަ އެކަމެއްކުރާށެވެ. އަދި ހުވާގެ ކައްފާރާދޭށެވެ.""",
صحيح مسلم,1679,إِنَّ الزَّمَانَ قَدْ اسْتَدَارَ كَهَيْئَتِهِ يَوْمَ خَلَقَ اللَّهُ السَّمَوَاتِ وَالأَرْضَ السَّنَةُ اثْنَا عَشَرَ شَهْرًا مِنْهَا أَرْبَعَةٌ حُرُمٌ ثَلاثَةٌ مُتَوَالِيَاتٌ ذُو الْقَعْدَةِ وَذُو الْحِجَّةِ وَالْمُحَرَّمُ وَرَجَبٌ شَهْرُ مُضَرَ الَّذِي بَيْنَ جُمَادَى وَشَعْبَانَ,ހަމަކަށަވަރުން އިހު ހުރިގޮތަށް ޒަމާންތައްވަނީ އެނބުރި އައިސްފައެވެ. އެއީ ﷲ، އުޑާއި ބިން ޚަލްގުކުރެއްވި ދުވަހު ހުރިގޮތަށެވެ. އަހަރެއްގައި ބާރަ މައްސަރެވެ. އޭގެތެރެއިން ހަތަރު މަސް ޙުރުމަތްތެރިވެގެންވެއެވެ. ޖެހިޖެހިގެން އަންނަ ތިން މަސް: ޛުލްގަޢިދާ، ޛުލްޙިއްޖާ، މުޙައްރަމް މަހެވެ. އަދި ޖުމާދާއާއި ޝަޢްބާންމަހުގެ ދެމެދަށް އަންނަ މުޟަރުގެ މަސް، ރަޖަބު މަހެވެ.,
صحيح مسلم,1717,لَا يَحْكُمْ أَحَدٌ بَيْنَ اثْنَيْنِ وَهُوَ غَضْبَانُ» . مُتَّفَقٌ عَلَيْهِ,އެއްވެސް މީހަކު އޭނާ ރުޅިއައިސްފައިވާ ހާލު ދެމީހެއްގެ ދެމެދުގައި ޙުކުމް ނުކުރާށެވެ!,
صحيح مسلم,1722,"""اعْرِفْ وِكَاءَهَا وَعِفَاصَهَا، ثُمَّ عَرِّفْهَا سَنَةً، فَإِنْ لَمْ تَعْرِفْ فَاسْتَنْفِقْهَا، وَلْتَكُنْ وَدِيعَةً عِنْدَكَ، فَإِنْ جَاءَ طَالِبُهَا يَوْمًا مِنَ الدَّهْرِ فَأَدِّهَا إِلَيْهِ""","""ތިބާ ހިވައިގެން ގެނައި އެތި ހެދިފައިވަނީ ކޮން އެއްޗަކުންކަމާއި، އޭގެ މަތި ބަންދުކުރެވިފައިވާ ގޮތާއި، އޭގައިވާ އެއްޗެއްގެ ބާވަތާއި މިންވަރު މީސްތަކުންނަށް ބަޔާންކޮށް އޭތި ތަޢާރަފުކޮށްފައި އެއްއަހަރު ވަންދެން އިޢުލާން ކުރާށެވެ! މިވަރުންވެސް އޭގެ ވެރިފަރާތް ތިަބާއަސް ނޭނގުނުނަމަ އޭތި މިލްކުކުރާށެވެ! އަދި އޭގެ އަގަކީ ތިބާއާ ޙަވާލު ކުރެވިފައިވާ އަމާނާތެއްކަމުގައި ވާހުށިކަމެވެ. ޒަމާނުގެ ދުވަސްތަކުގެ ތެރެއިން ދުވަހެއްގައިވެސް އޭގެ ވެރިމީހާ އޭގެ އަގު ހޯދަން އަތުވެއްޖެނަމަ އޭނާއަށް އެ އަގު އަދާކުރާށެވެ!""",
صحيح مسلم,1733,يَا رَسُولَ اللهِ، إِنَّ شَرَابًا يُصْنَعُ بِأَرْضِنَا يُقَالُ لَهُ الْمِزْرُ مِنَ الشَّعِيرِ، وَشَرَابٌ يُقَالُ لَهُ الْبِتْعُ مِنَ الْعَسَلِ، فَقَالَ: «كُلُّ مُسْكِرٍ حَرَامٌ»,އަބޫ މޫސާ ވިދާޅުވިއެވެ: ސަލާމާއި ޞަލަވާތް ލެއްވި އިތުރު އެކަލޭގެފާނުން އަޅުގަނޑު އަދި މުޢާޛު ބްނު ޖަބަލު ޔަމަނަށް ފޮނުއްވިއެވެ. އަޅުގަނޑު ދެންނެވީމެވެ. އޭ ﷲގެ ރަސޫލާއެވެ! އަޅުގަނޑުމެންގެ ރަށުގައި އަލްމިރްޒު އެވެ ކިޔާ ބުއިމެއް ބާރުލީން ތައްޔާރު ކުރެތެވެ. އަދި އަލްބިތުޢު ކިޔާ ބުއިމެއް މާމުއިން ތައްޔާރު ކުރެއެވެ. އިތުރުއެކަލޭގެފާނުން ޙަދީޘް ކުރެއްވިއެވެ: “މަސްތު ކުރުވަނިވި ކޮންމެ އެއްޗަކީ ޙަރާމު އެއްޗެކެވެ.”,
صحيح مسلم,1739,"جَابِرَ بْنَ عَبْدِ اللَّهِ رضى الله عنهما قَالَ، قَالَ النَّبِيُّ ﷺ ""الْحَرْبُ خُدْعَةٌ","""ހަނގުރާމައަކީ މަކަރެކެވެ.""",
صحيح مسلم,1742,عن عبد اللَّه بن أبي أوفَى رضي الله عنه، أَنَّ رَسُولَ اللَّهِ ﷺ ــ فِي بَعْضِ أَيَّامِهِ الَّتِي لَقِيَ فِيهَا الْعَدُوَّ ــ انْتَظَرَ، حَتَّى إذَا مَالَتِ الشَّمْسُ قَامَ فِيهِمْ، فَقَالَ: (يا أَيُّهَا النَّاسُ، لا تَتَمَنَّوْا لِقَاءَ الْعَدُوِّ، وَاسْأَلُوا اللَّهَ الْعَافِيَةَ، فَإِذَا لَقِيتُمُوهُمْ فَاصْبِرُوا، وَاعْلَمُوا أَنَّ الْجَنَّةَ تَحْتَ ظِلالِ السُّيُوفِ»، ثُمَّ قَالَ النَّبِيُّ ﷺ: (اللَّهُمَّ مُنْزِلَ الْكِتَابِ، وَمُجْرِيَ السَّحَابِ، وَهَازِمَ الأَحْزَابِ، اهْزِمْهُمْ، وَانْصُرْنَا عَلَيْهِمْ),"ޢަބްދުﷲ ބިން އަބީ އައުފާ ރަޟިޔަﷲ ޢަންހުގެ ކިބައިން ރިވާވެގެންވެއެވެ. ހަމަކަށަވަރުން ރަސޫލުﷲ ﷺ – ޢަދުއްވުންނާއި ބައްދަލު ކުރައްވާ ބައެއް ދުވަސްދުވަހު – އެކަލޭގެފާނު އިރު އޮބާލަންދެން އިންތިޒާރުކުރައްވައެވެ. އަދި އެޔަށްފަހު އެބައިމީހުންގެ މެދުގައި އެކަލޭގެފާނު ތެދުވެ ވަޑައިގެން ޙަދީޘްކުރެއްވިއެވެ. ""އޭ އެންމެހާ މީސްތަކުންނޭވެ. ތިޔަބައިމީހުން ޢަދުއްވުންނާއި ބައްދަލުކުރުމަށް އުއްމީދުނުކުރާށެވެ. އަދި ﷲގެ ހަޒްރަތުން ޢާފިޔަތު ދެއްވުމަށް އެދޭށެވެ. އަދި އެބައިމީހުންނާއި ބައްދަލުވެއްޖެނަމަ ތިޔަބައިމީހުން ކެތްތެރިވާށެވެ. އަދި ހަމަކަށަވަރުން ތިޔަބައިމީހުން ދަންނާށެވެ. އަދި ސުވަރުގެ ވަނީގެ ކަނޑީގެ ހިޔަލުގެ ދަށުގައެވެ."" އެޔަށްފަހު ނަބިއްޔާ ﷺ ޙަދީޘް ކުރެއްވިއެވެ. ""ފޮތް ބާވާލެއްވި އަދި ވިލާ ހިންގަވާ، ބައިގަނޑުތައް ބަލިކުރައްވާ، އޭ ﷲއެވެ. އެބައިމީހުން ބަލިކުރައްވާށިއެވެ. އަދި އެބައިމީހުންގެ މައްޗަށް ތިމަންބޭކަލުންނަށް ނަޞްރުދެއްވާށިއެވެ.""",
صحيح مسلم,1763,فَحدَّثَني ابنُ عَبَّاسٍ، قالَ: بيْنَما رَجُلٌ مِنَ المُسْلِمِينَ يَومَئذٍ يَشْتَدُّ في أَثَرِ رَجُلٍ مِنَ المُشْرِكِينَ أَمَامَهُ، إذْ سَمِعَ ضَرْبَةً بالسَّوْطِ فَوْقَهُ وَصَوْتَ الفَارِسِ يقولُ: أَقْدِمْ حَيْزُومُ، فَنَظَرَ إلى المُشْرِكِ أَمَامَهُ فَخَرَّ مُسْتَلْقِيًا، فَنَظَرَ إلَيْهِ فَإِذَا هو قدْ خُطِمَ أَنْفُهُ، وَشُقَّ وَجْهُهُ، كَضَرْبَةِ السَّوْطِ فَاخْضَرَّ ذلكَ أَجْمَعُ، فَجَاءَ الأنْصَارِيُّ، فَحَدَّثَ بذلكَ رَسولَ اللهِ صَلَّى اللَّهُ عليه وَسَلَّمَ، فَقالَ: صَدَقْتَ، ذلكَ مِن مَدَدِ السَّمَاءِ الثَّالِثَةِ,"އަދި އިބްނު ޢައްބާސްގެ ފާނު ވިދާޅުވިއެވެ. މުސްލިމުންކުރެ މީހަކު އޭނާގެ ކުރިމަތީގައިވާ މުޝްރިކުންކުރެ މީހެއްގެ ފަހަތުން އޭނާޔަށް ބާރުބޮޑުކުރަމުން ދެއެވެ. އެހިނދު އޭނާގެ ބޯމަތިން ހަނމުއްޓެއް ޖެހިއަޑު އޭނާ އެހިއެވެ. އަދި ފަހުލަވާނަކު ބުނާއަޑުވެސްމެވެ. ރައްކާތެރި ކަމާއެކު ކުރިއަރާށެވެ. ފަހެ އެ ވަގުތު އެ މުޝްރިކު މީހާ އޭނާގެ ކުރިމައްޗަށް ބަލާލައެވެ. ފަހެ އެ ވަގުތު އެއަންޞާރީ އިތުރުއެކަލޭގެފާނުގެ އަރިއަހަށްއައިސް އެވާހަކަ رسول الله ﷺ އަށް ދެންނެވިއެވެ. އެހިނދު އިތުރުއެކަލޭގެފާނު ޙަދީޘް ކުރެއްވިއެވެ. ""ކަލޭ ތިޔަބުނީ ތެދެވެ. އެއީ ތިންވަނަ އުޑުން މަދަދު އަންނަ އަޑެވެ.""",
صحيح مسلم,1789,أنَّ رَسولَ اللهِ صَلَّى اللَّهُ عليه وَسَلَّمَ أُفْرِدَ يَومَ أُحُدٍ في سَبْعَةٍ مِنَ الأنْصَارِ وَرَجُلَيْنِ مِن قُرَيْشٍ، فَلَمَّا رَهِقُوهُ، قالَ: مَن يَرُدُّهُمْ عَنَّا وَلَهُ الجَنَّةُ؟ أَوْ هو رَفِيقِي في الجَنَّةِ، فَتَقَدَّمَ رَجُلٌ مِنَ الأنْصَارِ، فَقَاتَلَ حتَّى قُتِلَ، ثُمَّ رَهِقُوهُ أَيْضًا، فَقالَ: مَن يَرُدُّهُمْ عَنَّا وَلَهُ الجَنَّةُ؟ أَوْ هو رَفِيقِي في الجَنَّةِ، فَتَقَدَّمَ رَجُلٌ مِنَ الأنْصَارِ، فَقَاتَلَ حتَّى قُتِلَ، فَلَمْ يَزَلْ كَذلكَ حتَّى قُتِلَ السَّبْعَةُ، فَقالَ رَسولُ اللهِ صَلَّى اللَّهُ عليه وَسَلَّمَ لِصَاحِبَيْهِ: ما أَنْصَفْنَا أَصْحَابَنَا.,أنس بن مالك ގެކިބައިން މުސްލިމު ރިވާ ކުރެއްވިއެވެ. ހަމަކަށަވަރުން އުޙްދުހަނގުރާމައިގެ ދުވަހުގައި رسول الله ﷺ އަންޞާރުންގެ ހަތްބޭކަލުންނާއި ، ގުރައިޝުންގެ ދެބޭކަލުންނާއިއެކު އެކަހެރިވެވަޑައި ގެންނެވިއެވެ. މުޝްރިކުން އިތުރުއެކަލޭގެފާނަށް ޙަމަލާދީ އެކަލޭގެފާނު ވަށާލިހިނދު އެކަލޭފާނު ޙަދީޘުކުރެއްވިއެވެ. ތިމަންމެންގެ ކިބައިން އެމުޝްރިކުން ފޮނުވާލެވޭނީ ކާކަށްހެއްޔެވެ. އެމީހަކަށް ސުވަރުގެ ހުއްޓެވެ. ނުވަތަ އެކަލޭގެފާނު ޙަދީޘުކުރެއްވީ އެމީހަކު ސުވަރުގޭގައި ތިމަންކަލޭގެފާނުގެ އެކުވެރިޔަކު ކަމުގައިވާނެއެވެ. އަންޞާރުންގެ ތެރެއިން ބޭފުޅަކު ކުރިއަށް ނުކުމެވަޑައިގެންނެވިއެވެ. ފަހެ އެކަލޭގެފާނު ޝަހީދުވެވަޑައި ގެންފުމަށްދާނދެން ހަނގުރާމަކުރެއްވިއެވެ. ދެން ހަމައެފަދައިން އަނެއްބޭފުޅަކު ނުކުމެވަޑައިި ގެންނެވިއެވެ. ފަހެ މިގޮތަށް އަންޞާރިއްޔަބޭކަލުން އެއްބޭފުޅަކަށްފަހު އަނެއްަބޭފުޅަކު ނުކުމެވަޑައިގެން އެހުރިހާ ބޭފުޅުން ޝަހީދުވެވަޑައި ގަންނަވައިފުމަށް ދާނދެން ހަނގުރާމަ ކުރެއްވިއެވެ. ދެންފަހެ رسول الله ﷺ ގުރައިޝުންގެ ދެބޭކަލުންނަށް ޙަދީޘުކުރެއްވިއެވެ. އަހަރެމެންގެ ޞާޙިބުންނަށް އަހަރެމެން އިންސާފުވެރިއެއް ނުވީމުއެވެ.,
صحيح مسلم,1836,وَحَدَّثَنَا سَعِيدُ بْنُ مَنْصُورٍ، وَقُتَيْبَةُ بْنُ سَعِيدٍ، كِلَاهُمَا عَنْ يَعْقُوبَ قَالَ سَعِيدٌ: حَدَّثَنَا يَعْقُوبُ بْنُ عَبْدِ الرَّحْمَنِ، عَنْ أَبِي حَازِمٍ، عَنْ أَبِي صَالِحٍ السَّمَّانِ، عَنْ أَبِي هُرَيْرَةَ قَالَ: قَالَ رَسُولُ اللهِ ﷺ: عَلَيْكَ السَّمْعَ وَالطَّاعَةَ فِي عُسْرِكَ وَيُسْرِكَ، وَمَنْشَطِكَ وَمَكْرَهِكَ، وَأَثَرَةٍ عَلَيْكَ.,އަބޫ ހުރައިރާ ރިވާ ކުރެއްވިއެވެ: ރަސޫލު ﷲ ﷺ ޙަދީޘް ކުރެއްވިއެވެ: ”ތިޔަބައިމީހުންގެ ފާގަތިކަމާއި ތަދުމަޑުކަމުގައި ވެސް، އަދި ތިޔަބައިމީހުންގެ ރުހުމުގައި އަދި ނުރުހުމުގައި ވެސް، އަދި ތިޔަބައިމީހުންގެ މައްޗަށް އެހެން ބަޔަކަށް އިސްކަން ދެވޭ ހިނދުގައި ވެސް، ތިޔަބައިމީހުންގެ މައްޗަށް އޮތީ ވެރިމީހާއަށް އަޑުއަހައި ކިޔަމަންތެރިވުމެވެ.“,
صحيح مسلم,1876,"عَنْ أَبِي هُرَيْرَةَ، قَالَ قَالَ رَسُولُ اللَّهِ ﷺ "" تَضَمَّنَ اللَّهُ لِمَنْ خَرَجَ فِي سَبِيلِهِ لاَ يُخْرِجُهُ إِلاَّ جِهَادًا فِي سَبِيلِي وَإِيمَانًا بِي وَتَصْدِيقًا بِرُسُلِي فَهُوَ عَلَىَّ ضَامِنٌ أَنْ أُدْخِلَهُ الْجَنَّةَ أَوْ أَرْجِعَهُ إِلَى مَسْكَنِهِ الَّذِي خَرَجَ مِنْهُ نَائِلاً مَا نَالَ مِنْ أَجْرٍ أَوْ غَنِيمَةٍ . وَالَّذِي نَفْسُ مُحَمَّدٍ بِيَدِهِ مَا مِنْ كَلْمٍ يُكْلَمُ فِي سَبِيلِ اللَّهِ إِلاَّ جَاءَ يَوْمَ الْقِيَامَةِ كَهَيْئَتِهِ حِينَ كُلِمَ لَوْنُهُ لَوْنُ دَمٍ وَرِيحُهُ مِسْكٌ وَالَّذِي نَفْسُ مُحَمَّدٍ بِيَدِهِ لَوْلاَ أَنْ يَشُقَّ عَلَى الْمُسْلِمِينَ مَا قَعَدْتُ خِلاَفَ سَرِيَّةٍ تَغْزُو فِي سَبِيلِ اللَّهِ أَبَدًا وَلَكِنْ لاَ أَجِدُ سَعَةً فَأَحْمِلَهُمْ وَلاَ يَجِدُونَ سَعَةً وَيَشُقُّ عَلَيْهِمْ أَنْ يَتَخَلَّفُوا عَنِّي وَالَّذِي نَفْسُ مُحَمَّدٍ بِيَدِهِ لَوَدِدْتُ أَنِّي أَغْزُو فِي سَبِيلِ اللَّهِ فَأُقْتَلُ ثُمَّ أَغْزُو فَأُقْتَلُ ثُمَّ أَغْزُو فَأُقْتَلُ ""","ަބޫ ހުރައިރާ ރަޟިޔަﷲ ޢަންހުގެ ކިބައިން ރިވާވެގެންވެއެވެ. އެކަލޭގެފާނު ވިދާޅުވިއެވެ. ރަސޫލުﷲ ﷺ ޙަދީޘްކުރެއްވިއެވެ. ""ތިމަންﷲގެ މަގުގައި ޖިހާދުކުރަން މެނުވީ ކަމުގައި ނުވާ ހާލު، އަދި ތިމަންﷲއަށް އީމާންވާ ހާލު، އަދި ތިމަންﷲގެ ރަސޫލާ ތެދުކޮށް އީމާންވާ ހާލު ނުކުންނަ މީހާ ދަންނާށެވެ. ފަހެ އޭނާ ވަނީ ތިމަންﷲގެ (އަންނަނިވި ކަންތައްތަކުގެ މައްޗަށް) ޒިންމާވުމުގެ މަތީގައެވެ. އެއީ އޭނާ ސުވަރުގެއަށް ވެއްދެވުމެވެ ނުވަތަ އޭނާ އެތަނަކުން ނުކުތް ތަނަށް ރައްދުކޮށްދެއްވުމެވެ. އެއީ އޭނާ ޙާޞިލުކުރި އަޖުރާއި އެކު ނުވަތަ ޣަނީމާއާއި އެކުގައެވެ. އެފަރާތެއްގެ އަތްޕުޅުގެ ދަށުގައި މުޙައްމަދުގެ ނަފުސުވާ ފަރާތް ގަންދެއްވާފައި ދަންނަވަމެވެ. ﷲގެ މަގުގައި މީހަކު (ޖިހާދުކުރަނިކޮށް) ޒަހަމްވެއްޖެނަމަ، ގިޔާމަތް ދުވަހު އޭނާގެ ޒަހަމްވީ އިރު ހުރިގޮތަށް (އެޒަހަމްތަކާއެކު) އަންނަ ހުއްޓެވެ. އޭގެ ކުލަހުންނަ ހުށީ ރަތްކުލައިގައެވެ. ނަމަވެސް އޭގެ ވަސްވަނީ ގޮމަކަސްތޫރީގެ ވަހެވެ. އަދި ﷲގެ އަތްޕުޅުގެ ދަށުގައި ތިމަންކަލޭގެފާނުގެ ނަފުސުވާ ފަރާތް ގަންދެއްވާފައި ބުނަމެވެ. މުސްލިމުންގެ މައްޗަށް ދަތިނުވާނެ ނަމަ ތިމަންކަލޭގެފާނު ﷲގެ މަގުގައި ޖިހާދުކުރަން ފޮނުއްވާ އެއްވެސް ލަޝްކަރެއްގައި ތިމަންކަލޭގެފާނު ވަޑައިނުގެން ނުހުންނެވީމުހެވެ. ނަމަވެސް ތިމަންކަލޭގެފާނަށް އެބައިމީހުންނަށް (މުޖާހިދުންނަށް ދަތުރުކުރެވޭ ވަރަށް) އުފުލާނެ ސަވާރީފޯރުކޮށްދިނުމުގެ ކުޅަދާނަކަމެއް ނެތެވެ. އަދި މުޖާހިދުންނަށްވެސް ތިމަންކަލޭގެފާނާ އެކު ދަތުރުކުރުމަށް(ހުރިހާ އެންމެންނަށް) އުފުލާނެ ސަވާރީއެއް ހޯދުމުގެ ކުޅަދާނަކަން ލިބިގެން ނުވެއެވެ. (އަދި ތިމަންކަލޭގެނުކުމެއްޖެނަމަ) އެބައިމީހުންނަށްވަނީ ތިމަންކަލޭގެފާނާއި އެކު ނުނުކުމެވުމުގެ މައްޗަށް އެކަން ދަތިކަމަކަށް ވެގެންނެވެ. (އެހެންކަމުން އެބައިމީހުން އެގޮތުގައި ދޫކޮށްލެވިފައިވަނީއެވެ) މުޙައްމަދު ގެފާނުގެ ނަފުސު އެފަރާތެއްގެ އަތްޕުޅުގައިވާ ފަރާތް ގަންދެއްވާފައިވާ ވިދާޅުވަމެވެ. ތިމަންކަލޭގެފާނު ﷲގެ މަގުގައި ޖިހާދުކޮށް އަދި ޝަހީދުވުމަށް ލޯބިކުރައްވަމެވެ. އަދި އެޔަށްފަހު ޖިހާދުކުރައްވައި ޝަހީދުވުމަށް އަދި އެޔަށްފަހު ޖިހާދުކޮށް ޝަހީދުވުމަށް ލޯބިކުރައްވަމެވެ.""",
صحيح مسلم,1877,عن أَنَسِ بْنِ مَالِكٍ رَضِيَ اللَّهُ عَنْهُ عَنْ النَّبِيِّ صَلَّى اللَّهُ عَلَيْهِ وَسَلَّمَ قَالَ: (مَا أَحَدٌ يَدْخُلُ الْجَنَّةَ يُحِبُّ أَنْ يَرْجِعَ إِلَى الدُّنْيَا وَلَهُ مَا عَلَى الْأَرْضِ مِنْ شَيْءٍ إِلَّا الشَّهِيد يَتَمَنَّى أَنْ يَرْجِعَ إِلَى الدُّنْيَا فَيُقْتَلَ عَشْرَ مَرَّاتٍ لِمَا يَرَى مِنْ الْكَرَامَةِ),"އަނަސް ބިން މާލިކް ރަޟިޔަﷲ ޢަންހުގެ ކިބައިން ރިވާވެގެންވެއެވެ. ނަބިއްޔާ ﷺ ޙަދީޘްކުރެއްވިއެވެ. ""ސުވަރުގެއަށް ވަންނަ އެއްވެސް މީހަކު، އެއްޗެހީގެ ތެރެއިން ދުނިޔެއާއި ދުނިޔޭގައި ވާހާއެއްޗެއް (ބަދަލުގައި) ހުށައެޅުނަސް ދުނިޔެއަށް އެނބުރި އައުމަށް ނުރުހޭނެއެވެ. ޝަހީދުވާ މީހާ ފިޔަވައެވެ. ފަހެ ޝަހީދުވާމީހާ ދުނިޔެއަށް ރުޖޫޢަވެ ދިހަފަހަރު ޝަހީދުވުމަށް އުއްމީދުކުރެއެވެ. އެއީ އޭނާއަށް (ﷲގެ ފަރާތުން) ފެންނަ ކަރާމަތްތެރިކަމަށްޓަކައެވެ",
صحيح مسلم,1878,"عَنْ أَبِي هُرَيْرَةَ، قَالَ قِيلَ لِلنَّبِيِّ ﷺ مَا يَعْدِلُ الْجِهَادَ فِي سَبِيلِ اللَّهِ عَزَّ وَجَلَّ قَالَ "" لاَ تَسْتَطِيعُونَهُ "" . قَالَ فَأَعَادُوا عَلَيْهِ مَرَّتَيْنِ أَوْ ثَلاَثًا كُلُّ ذَلِكَ يَقُولُ "" لاَ تَسْتَطِيعُونَهُ "" . وَقَالَ فِي الثَّالِثَةِ "" مَثَلُ الْمُجَاهِدِ فِي سَبِيلِ اللَّهِ كَمَثَلِ الصَّائِمِ الْقَائِمِ الْقَانِتِ بِآيَاتِ اللَّهِ لاَ يَفْتُرُ مِنْ صِيَامٍ وَلاَ صَلاَةٍ حَتَّى يَرْجِعَ الْمُجَاهِدُ فِي سَبِيلِ اللَّهِ تَعَالَى ""","އަބޫ ހުރައިރާ ރަޟިޔަﷲ ޢަންހުގެ ކިބައިން ރިވާވެގެންވެއެވެ. އެކަލޭގެފާނު ވިދާޅުވިއެވެ. ނަބިއްޔާ ﷺއަށް ބުނެވުނެވެ. ﷲގެ މަގުގައި ޖިހާދުކުރުމާއި އެއްވަރު ވެގެންވަނީ ކޮން އަމަލެއްތޯއެވެ؟ ޙަދީޘްކުރެއްވިއެވެ. ""އެކަން ތިބާއަކަށް ކުރުމުގެ ކުޅަދާނަކަން ލިބިގެންނުވެއެވެ"" (އަބޫ ހުރައިރާ) ވިދާޅުވިއެވެ. އެސުވާލު ދެފަހަރު ނުވަތަ ތިންފަހަރު ނަބިއްޔާ ﷺ ގެ މައްޗަށް ތަކުރާރުކޮށްފިއެވެ. ކޮންމެ ފަހަރަކުވެސް އެކަލޭގެފާނު ޙަދީޘްކުރައްވައެވެ. ""އެކަން ތިބާއަށް ކުރުމުގެ ކުޅަދާނަކަން ލިބިގެން ނުވެއެވެ."" އަދި ތިންވަނަ ފަހަރު އެކަލޭގެފާނު ޙަދީޘްކުރެއްވިއެވެ. ""ﷲގެ މަގުގައިވާ މުޖާހިދެއްގެ މިސާލަކީ ރޯދައަށްހުރެ ރޭއަޅުކަންކޮށް ﷲގެ އާޔަތްތައް ކިޔެވުމުގެ މަތީގައިވާ މީހާފަދައެވެ. (އަދި އޭނާ) ރޯދައިން އަދި ނަމާދުން އެއްވެސް ބަލިކަށިކަމެއް ނާދެއެވެ. (ނުވަތަ މެދުކެނޑުމެއް ނެތި އެކަމުގައި ދެމިހުރެއެވެ) އެއީ އޭނާ ޖިހާދުން ރުޖޫޢަވެއްޖައުމަށް ދާންދެނެވެ",
صحيح مسلم,1879,عن النُّعْمَانُ بْنُ بَشِيرٍ، قَالَ كُنْتُ عِنْدَ مِنْبَرِ رَسُولِ اللَّهِ ﷺ فَقَالَ رَجُلٌ مَا أُبَالِي أَنْ لاَ أَعْمَلَ عَمَلاً بَعْدَ الإِسْلاَمِ إِلاَّ أَنْ أُسْقِيَ الْحَاجَّ . وَقَالَ آخَرُ مَا أُبَالِي أَنْ لاَ أَعْمَلَ عَمَلاً بَعْدَ الإِسْلاَمِ إِلاَّ أَنْ أَعْمُرَ الْمَسْجِدَ الْحَرَامَ . وَقَالَ آخَرُ الْجِهَادُ فِي سَبِيلِ اللَّهِ أَفْضَلُ مِمَّا قُلْتُمْ . فَزَجَرَهُمْ عُمَرُ وَقَالَ لاَ تَرْفَعُوا أَصْوَاتَكُمْ عِنْدَ مِنْبَرِ رَسُولِ اللَّهِ ﷺ وَهُوَ يَوْمُ الْجُمُعَةِ وَلَكِنْ إِذَا صَلَّيْتُ الْجُمُعَةَ دَخَلْتُ فَاسْتَفْتَيْتُهُ فِيمَا اخْتَلَفْتُمْ فِيهِ . فَأَنْزَلَ اللَّهُ عَزَّ وَجَلَّ (أَجَعَلْتُمْ سِقَايَةَ الْحَاجِّ وَعِمَارَةَ الْمَسْجِدِ الْحَرَامِ كَمَنْ آمَنَ بِاللَّهِ وَالْيَوْمِ الْآخِرِ وَجَاهَدَ فِي سَبِيلِ اللَّهِ، لَا يَسْتَوُونَ عِندَ اللَّهِ، وَاللَّهُ لَا يَهْدِي الْقَوْمَ الظَّالِمِينَ) (سورة التوبة 19),"ނުޢުމާން ބިން ބަޝީރުގެ ކިބައިން ރިވާވެގެންވެއެވެ. ތިމަންކަލޭގެފާނު ނަބިއްޔާ ﷺ (ގެ މިސްކިތްކޮޅުގައި) އެކަލޭގެފާނުގެ މިންބަރުގެ ކައިރީގައި ހުރީމެވެ. ދެން މީހަކު ބުންޏެވެ. ""ތިމަންނާ އިސްލާމްކަމަށްފަހު ޙައްޖުވެރިންނަށް ފެންދެވޭނަމަ (އެހެންކަމަކާ) އަޅާނުލާހުށީމެވެ. (އެބަހީ އެންމެ މާތް އަމަލަކީ އެއީއެވެ.) ދެން އެހެން މީހެއް ބުންޏެވެ. ތިމަންނާ އިސްލާމްކަމަށްފަހު މަސްޖިދުލް ޙަރާމް އާބާތުރަފިލުވޭނަމަ (ސާފުކުރުމާއި ބިނާކުރުމާއި ބެލެހެއްޓުން) (އެހެންކަމަކަށް އަމަލުކުރުމާއި މެދު) އަޅާނުލާހުށީމެވެ. ދެން އެހެންމީހަކު ބުނެފިއެވެ. ﷲގެ މަގުގައި ޖިހާދުކުރުން ތިޔަބުނި ކަންތައްތަކަށްވުރެ މާތްވެގެންވެއެވެ. ދެން ޢުމަރު (ރަޟިޔަﷲ ޢަންހު) އެބައިމީހުންނަށް އެކަން ނަހީކުރައްވައި ވިދާޅުވިއެވެ. ނަބިއްޔާ ﷺ މިންބަރު ކޮޅުގެ ކައިރީގައި ތިޔަބައިމީހުން އަޑުގަދަކޮށް ނަހަދާށެވެ. އެއީ ހުކުރު ދުވަހުއެވެ. އެޔަށްފަހު ހުކުރު ކުރުމަށްފަހު ތިމަންކަލޭގެފާނު އެބައިމީހުން ޚިލާފުވި ކަންތަކާއި މެދު ސުވާލުކުރަން (އެކަލޭގެފާނުގެ އަރިހަށް) ވަދެވަޑައިގެންފީމެވެ. ދެން ﷲ ޢައްޒަ ވަޖައްލަ މިއާޔަތް ބާވާލައްވައިފިއެވެ. (أَجَعَلْتُمْ سِقَايَةَ الْحَاجِّ وَعِمَارَةَ الْمَسْجِدِ الْحَرَامِ كَمَنْ آمَنَ بِاللَّهِ وَالْيَوْمِ الْآخِرِ وَجَاهَدَ فِي سَبِيلِ اللَّهِ، لَا يَسْتَوُونَ عِندَ اللَّهِ، وَاللَّهُ لَا يَهْدِي الْقَوْمَ الظَّالِمِينَ) (سورة التوبة 19) މާނައީ: ""ޙައްޖުވެރިންނަށް ބޯފެންދީ، ޙުރުމަތް ތެރިވެގެންވާ މިސްކިތް ފަޅުފިލުވައި، ބަލަހައްޓައިއުޅޭ މީހަކާއި، اللَّه އަށާއި، އާޚިރަތް ދުވަހަށް އީމާންވެ ، اللَّه ގެ މަގުގައި ޖިހާދުކޮށްއުޅޭ މީހަކާ ދެމީހުން، އެއްފަދަކަމަށް ތިޔަބައިމީހުން ހަދަނީހެއްޔެވެ؟ اللَّه ގެ ހަޒްރަތުގައި އެ ދެބައިމީހުން، ހަމަހަމަވެގެންނުވެއެވެ. އަނިޔާވެރި ބަޔަކަށް، اللَّه ތެދުމަގެއް ނުދައްކަވާނެތެވެ.""",
صحيح مسلم,1881,عن سَهْل بن سعد الساعِدِيِّ رضي الله عنه، أنَّ رسولَ اللَّه ﷺ قال: (رِبَاطُ يَوْمٍ فِي سَبِيلِ اللَّهِ، خَيْرٌ مِنَ الدُّنْيَا وَمَا عَلَيْهَا، وَمَوْضِعُ سَوْطِ أَحَدِكُمْ من الْجَنَّةِ: خَيْرٌ مِنَ الدُّنْيَا وَمَا عَلَيْهَا، وَالرَّوْحَةُ يَرُوحُهَا الْعَبْدُ فِي سَبِيلِ اللَّهِ، أوِ الْغَدْوَةُ: خَيْرٌ مِنَ الدُّنْيَا وَمَا عليهَا),"ސަހްލު ބިން ސަޢުދު އައްސާޢިދީ ރަޟިޔަﷲ ޢަންހުގެ ކިބައިން ރިވާވެގެންވެއެވެ. ހަމަކަށަވަރުން ރަސޫލުﷲ ﷺ ޙަދީޘްކުރެއްވިއެވެ. ""ރިބާޠުގައި ( ޖިހާދުގެ ކުރިމަތިލެވޭ މައިދާނެއްގައި) މަޑުކުރުން ދުނިޔެއާއި އޭގެ މައްޗަށްވާހައި އެއްޗަކަށްވުރެ ހެޔޮކަން ބޮޑުވެގެންވެއެވެ. ތިޔަބައިމީހުންގެ ތެރޭން މީހަކު ޗާބޫކަކުން ޖަހާމިންވަރެއްގެ ތަންކޮޅު ސުވަރުގޭން، ދުނިޔެއާއި ދުނިޔޭގައި ވާހާ އެއްޗަކަށްވުރެ ހެޔޮކަން ބޮޑުވެގެންވެއެވެ. (އެބަހީ އެހާ ކުޑަމިންވަރުވެސް ދުނިޔެއަށްވުރެ ހެޔޮވެގެންވެއެވެ.) ﷲއަށްޓަކައި ޖިހާދުގައި އެއްފަހަރު (މެންދުރުން ހަވީރަށް) ނުވަތަ އެއްފަހަރު (ހެނދުނުން މެންދުރަށް) އަޅަކު ހޭދަކޮށްލާ ވަގުތުކޮޅު ދުނިޔެއާއި ދުނިޔޭގައި ވާހައި އެއްޗަކަށްވުރެ ހެޔޮވެގެންވެއެވެ.",
صحيح مسلم,1884,"عَنْ أَبِي سَعِيدٍ الْخُدْرِيِّ، أَنَّ رَسُولَ اللَّهِ ﷺ قَالَ "" يَا أَبَا سَعِيدٍ مَنْ رَضِيَ بِاللَّهِ رَبًّا وَبِالإِسْلاَمِ دِينًا وَبِمُحَمَّدٍ نَبِيًّا وَجَبَتْ لَهُ الْجَنَّةُ "" . فَعَجِبَ لَهَا أَبُو سَعِيدٍ فَقَالَ أَعِدْهَا عَلَىَّ يَا رَسُولَ اللَّهِ فَفَعَلَ ثُمَّ قَالَ "" وَأُخْرَى يُرْفَعُ بِهَا الْعَبْدُ مِائَةَ دَرَجَةٍ فِي الْجَنَّةِ مَا بَيْنَ كُلِّ دَرَجَتَيْنِ كَمَا بَيْنَ السَّمَاءِ وَالأَرْضِ "" . قَالَ وَمَا هِيَ يَا رَسُولَ اللَّهِ قَالَ "" الْجِهَادُ فِي سَبِيلِ اللَّهِ الْجِهَادُ فِي سَبِيلِ اللَّهِ ""","އަބޫ ސައީދުލް ޚުދްރީ ރަޟިޔަﷲ ޢަންހުގެ ކިބައިން ރިވާވެގެންވެއެވެ. ހަމަކަށަވަރުން ރަސޫލުﷲ ﷺ ޙަދީޘްކުރެއްވިއެވެ. ""އޭ އަބޫ ސައީދެވެ. ﷲއަކީ ރައްބުކަމަށް އަދި ދީނަކީ އިސްލާމްދީންކަމަށް އަދި ނަބިއްޔަކީ މުޙައްމަދުގެފާނު ކަމަށް ރުހިއްޖެމީހާގެ މައްޗަށް ސުވަރުގެ ވާޖިބުވެއްޖެއެވެ. ދެން އަބޫ ސައީދު އޭގެ މައްޗަށް ހިތްޕުޅާވެއްޖެއެވެ. އަދި ވިދާޅުވެއްޖެއެވެ. އޭ ރަސޫލުﷲއެވެ. ތިމަންކަލޭގެފާނު އެބަސްފުޅުތައް ތަކުރާރުކޮށްދެއްވާށިއެވެ. ދެން އެކަލޭގެފާނު ތަކުރާރުކޮށްދެއްވައިފިއެވެ. އަދި ޙަދީޘްކުރެއްވިއެވެ.: ""އަދި އެހެންކަމެއްވެއެވެ. އެކަމުގެ ސަބަބުން އަޅާ ސުވަރުގޭގައި ސަތޭކަ ދަރަޖަ އުފުއްލަވައި ދެއްވައެވެ. އަދި ކޮންމެ ދެދަރަޖައެއް ދެމެދުގައި އުޑާ ބިމާ ދެމެދުގައިވާހާ ރާސްތާގެ ދުރުމިންވެއެވެ."" ދެން އަބޫ ސައީދު ދެންނެވިއެވެ. އޭ ރަސޫލުﷲއެވެ. އެއީ ކޮންކަމެއް ހެއްޔެވެ؟ އެކަލޭގެފާނު ޙަދީޘްކުރެއްވިއެވެ. "" ﷲގެ މަގުގައި ޖިހާދުކުރުމެވެ. ﷲގެ މަގުގައި ޖިހާދުކުރުމެވެ.""",
صحيح مسلم,1886,"عَنْ عَبْدِ اللَّهِ بْنِ عَمْرِو بْنِ الْعَاصِ، أَنَّ رَسُولَ اللَّهِ ﷺ قَالَ "" يُغْفَرُ لِلشَّهِيدِ كُلُّ ذَنْبٍ إِلاَّ الدَّيْنَ""",ޢަބްދު ﷲ ބިން ޢަމްރު ބިން އަލްޢާޞްގެ އަރިހުން ރިވާވެގެންވެއެވެ: ހަމަކަށަވަރުން ރަސޫލު ﷲ ﷺ ޙަދީޘްކުރެއްވިއެވެ: ”ޝަހީދަށް ޓަކައި ކޮންމެ ފާފައެއް ފުއްސެވޭހުއްޓެވެ. ދަރަނި ފިޔަވައެވެ.“,
صحيح مسلم,1887,"عَنْ مَسْرُوقٍ، قَالَ سَأَلْنَا عَبْدَ اللَّهِ بن مسعود عَنْ هَذِهِ الآيَةِ، (وَلاَ تَحْسَبَنَّ الَّذِينَ قُتِلُوا فِي سَبِيلِ اللَّهِ أَمْوَاتًا بَلْ أَحْيَاءٌ عِنْدَ رَبِّهِمْ يُرْزَقُونَ) قَالَ أَمَا إِنَّا قَدْ سَأَلْنَا عَنْ ذَلِكَ فَقَالَ "" أَرْوَاحُهُمْ فِي جَوْفِ طَيْرٍ خُضْرٍ لَهَا قَنَادِيلُ مُعَلَّقَةٌ بِالْعَرْشِ تَسْرَحُ مِنَ الْجَنَّةِ حَيْثُ شَاءَتْ ثُمَّ تَأْوِي إِلَى تِلْكَ الْقَنَادِيلِ فَاطَّلَعَ إِلَيْهِمْ رَبُّهُمُ اطِّلاَعَةً فَقَالَ هَلْ تَشْتَهُونَ شَيْئًا قَالُوا أَىَّ شَىْءٍ نَشْتَهِي وَنَحْنُ نَسْرَحُ مِنَ الْجَنَّةِ حَيْثُ شِئْنَا فَفَعَلَ ذَلِكَ بِهِمْ ثَلاَثَ مَرَّاتٍ فَلَمَّا رَأَوْا أَنَّهُمْ لَنْ يُتْرَكُوا مِنْ أَنْ يُسْأَلُوا قَالُوا يَا رَبِّ نُرِيدُ أَنْ تَرُدَّ أَرْوَاحَنَا فِي أَجْسَادِنَا حَتَّى نُقْتَلَ فِي سَبِيلِكَ مَرَّةً أُخْرَى . فَلَمَّا رَأَى أَنْ لَيْسَ لَهُمْ حَاجَةٌ تُرِكُوا ""","މަސްރޫގުގެ ކިބައިން ރިވާވެގެންވެއެވެ. މިއާޔަތާއި ބެހޭގޮތުން ތިމަންބޭކަލުން ޢަބްދުﷲ ބިން މަސްޢޫދު ރަޟިޔަﷲ ޢަންހުއާއި ސުވާލުކުރެއްވީމެވެ. (وَلاَ تَحْسَبَنَّ الَّذِينَ قُتِلُوا فِي سَبِيلِ اللَّهِ أَمْوَاتًا بَلْ أَحْيَاءٌ عِنْدَ رَبِّهِمْ يُرْزَقُونَ) سورة آل عمران: 169 މާނައީ: ""اللَّه ގެ މަގުގައި ހަނގުރާމަކޮށް ޝަހީދު ވީ މީހުންނަކީ، މަރުވެފައިވާ ބަޔެކޭ ހީނުކުރާ ހުށިކަމެވެ. އަދި ކިއެއްހެއްޔެވެ. އެބައިމީހުންނީ އެބައިމީހުންގެ ވެރިރަސްކަލާނގެ ހަޒްރަތު ގައި ރިޒުގުލިބޭ ހާލު، ދިރިތިބި ބަޔެކެވެ."" އިބުނު މަސްޢޫދު ދެންނެވިއެވެ. ފަހެ ތިމަންބޭކަލުން ތިއާޔަތާއި މެދު ސުވާލުކުރެއްވީމެވެ. ދެން ނަބިއްޔާ ﷺ ޙަދީޘްކުރެއްވިއެވެ. ""ޝަހީދުންގެ ފުރާނަތައް ވަނީ ސުވަރުގޭގައި ފެހި ދޫނިތަކެއްގެ ތެރޭގައެވެ. އަދި އެޔަށް ﷲގެ ޢަރްޝުން އެލުވިފައިވާ (ބިއްލޫރީގެ) ޙާލިތަކެއް ވެއެވެ. އެދޫނިތައް ސުވަރުގޭގެ ބޭނުންތަކަށް ގޮސް އައިސް ސުވަރުގޭގެ ގަސްތަކުން ކައި އަދި މިބިއްލޫރީގެ ހާލިތަކަށް އައިސް ވަދެތިބެއެވެ. ދެން އެބައިމީހުންގެ ރައްބު ބައްލަވާލެއްވުމަކުން އެޔަށް ބައްލަވާލެއްވުމަށްފަހު ވަހީކުރައްވާނެއެވެ. ""ތިޔަބައިމީހުން އެއްވެސް ކަމެއް ބޭނުންވޭ ހެއްޔެވެ؟"" އެބައިމީހުން ދަންނަވާނެއެވެ. އަހަރެމެން އިތުރަށް ބޭނުންވާނީ ކޮންކަމެއް ހެއްޔެވެ؟ އަހަރެމެން ބޭނުންއިރަކު ސުވަރުގޭގެ ގަސްތަކުން ކައިހަދަމެވެ. ދެން އެފަދައިން ﷲ ތިންފަހަރު އެއްސެވިއެވެ. ދެން އެބައިމީހުންނާ ސުވާލުނުކޮށް ދޫނުކުރެވިވުމުން އެބައިމީހުން ދެންނެވިއެވެ. އޭ ރައްބެވެ. އަހަރެމެން ބޭނުންވަނީ އަހަރެމެންގެ ރޫޙުތައް އަހަރެމެންގެ ހަށިގަނޑުގައި އަޅުއްވައި އަލުން އިބަ ﷲގެ މަގުގައި ޝަހީދުވުމެވެ. ދެން އެބައިމީހުންގެ ހާޖަތެއް ނުވާކަން އެނގިވަޑައިގަތުމުން ﷲ އެބައިމީހުން (ސުވަރުގޭގައި އުފާކޮށް އުޅުމަށް) ދޫކޮށްލެއްވިއެވެ.""",
صحيح مسلم,1891,"عَنْ أَبِي هُرَيْرَةَ، أَنَّ رَسُولَ اللَّهِ ﷺ قَالَ "" لاَ يَجْتَمِعُ كَافِرٌ وَقَاتِلُهُ فِي النَّارِ أَبَدًا""","އަބޫ ހުރައިރާ ރަޟިޔަﷲ ޢަންހުގެ ކިބައިން ރިވާވެގެންވެއެވެ. ހަމަކަށަވަރުން ރަސޫލުﷲ ﷺ ޙަދީޘްކުރެއްވިއެވެ: ""ކާފަރަކާއި އަދި އެކާފަރެއް ގަތުލުކުރާ މީހާއާ ދުވަހަކުވެސް ނަރަކައިގައި ޖަމާނުވާނެއެވެ.""",
صحيح مسلم,1893,مَن دَلَّ علَى خَيْرٍ فَلَهُ مِثْلُ أَجْرِ فَاعِلِهِ,ހެޔޮކަމަކަށް މަގުދައްކައިފި މީހަކަށް، އެ ހެޔޮކަން ކުރި މީހަކާ އެއްފަދަ އަޖުރެއް ލިބޭނެއެވެ.,
صحيح مسلم,1895,"عن زَيْدُ بْنُ خَالِدٍ الجهنى رضى الله عنه، أَنَّ رَسُولَ اللَّهِ ﷺ قَالَ: ""مَنْ جَهَّزَ غَازِيًا فِي سَبِيلِ اللَّهِ فَقَدْ غَزَا، وَمَنْ خَلَفَ غَازِيًا فِي سَبِيلِ اللَّهِ بِخَيْرٍ فَقَدْ غَزَا ""","ޒައިދު ބިން ޚާލިދު އަލްޖުހަނީ ރަޟިޔަﷲ ޢަންހުގެ ކިބައިން ރިވާވެގެންވެއެވެ. ހަމަކަށަވަރުން ރަސޫލުﷲ صلى الله عليه ޙަދީޘްކުރެއްވިއެވެ. ""ފަހެ ﷲގެ މަގުގައި މުޖާހިދެއް (ހަނގުރާމަވެރިއެއް) ތައްޔާރުކޮށްފިމީހާ ފަހެ ހަމަކަށަވަރުން ޖިހާދުކޮށްފިއެވެ. އަދި ﷲގެ މަގުގައިވާ މުޖާހިދެއްގެ އަހުލުން ހެޔޮގޮތުގައި ބަލަހައްޓައިފިމީހާ ފަހެ ޖިހާދުކޮށްފިއެވެ.""",
صحيح مسلم,1897,"عَنْ بُرَيْدَةَ قَالَ قَالَ رَسُولُ اللَّهِ ﷺ: ""حُرْمَةُ نِسَاءِ الْمُجَاهِدِينَ عَلَى الْقَاعِدِينَ كَحُرْمَةِ أُمَّهَاتِهِمْ وَمَا مِنْ رَجُلٍ مِنَ الْقَاعِدِينَ يَخْلُفُ رَجُلاً مِنَ الْمُجَاهِدِينَ فى أَهْلِهِ فَيَخُونُهُ فِيهِمْ إِلاَّ وُقِفَ لَهُ يَوْمَ الْقِيَامَةِ فَيَأْخُذُ مِنْ عَمَلِهِ مَا شَاءَ فَمَا ظَنُّكُمْ.""","ބުރައިދާ ރަޟިޔަﷲ ޢަންހުގެ ކިބައިން ރިވާވެގެންވެއެވެ. ރަސޫލުﷲ ﷺ ޙަދީޘްކުރެއްވިއެވެ: ""މުޖާހިދުންގެ އަނބިން ޖިހާދަށް ނުގޮސް ތިބޭ މީހުންގެ މައްޗަށް ޙުރުމަތްތެރިވުމުގައި އެބައިމީހުންގެ މަންމައިން ފަދައެވެ. ޖިހާދަށް ނުގޮސް ހުންނަ މީހާ މުޖާހިދެއްގެ އަހުލުވެރިން(އަނބިމީހާއާ އާއިލާ) ބަލަން ހަވާލުވުމަށްފަހު ޚިޔާނާތްތެރިވެއްޖެނަމަ، ގިޔާމަތް ދުވަހު (ﷲ އެމުޖާހިދުގެ) ކުރިމައްޗަށް އެމީހަކު ގެންނަވާހުއްޓެވެ. (އެމުޖާހިދު، ޚިޔާނާތްތެރިވިމީހާގެ) އަމަލުތަކުން ބޭނުން އަމަލެއް ނަގައެވެ. (އަދި އެއްވެސް އަމަލެއް ނުނަގާ ދޫކޮށްލާނެ ކަމަށް) ތިޔަބައިމީހުންނަށް ހީވޭ ހެއްޔެވެ؟""",
صحيح مسلم,1901,فَقالَ رَسولُ اللهِ صَلَّى اللَّهُ عليه وَسَلَّمَ: قُومُوا إلى جَنَّةٍ عَرْضُهَا السَّمَوَاتُ وَالأرْضُ، قالَ: يقولُ عُمَيْرُ بنُ الحُمَامِ الأنْصَارِيُّ: يا رَسولَ اللهِ، جَنَّةٌ عَرْضُهَا السَّمَوَاتُ وَالأرْضُ؟ قالَ: نَعَمْ، قالَ: بَخٍ بَخٍ، فَقالَ رَسولُ اللهِ صَلَّى اللَّهُ عليه وَسَلَّمَ: ما يَحْمِلُكَ علَى قَوْلِكَ بَخٍ بَخٍ؟ قالَ: لا وَاللَّهِ يا رَسولَ اللهِ، إلَّا رَجَاءَةَ أَنْ أَكُونَ مِن أَهْلِهَا، قالَ: فإنَّكَ مِن أَهْلِهَا، فأخْرَجَ تَمَرَاتٍ مِن قَرَنِهِ، فَجَعَلَ يَأْكُلُ منهنَّ، ثُمَّ قالَ: لَئِنْ أَنَا حَيِيتُ حتَّى آكُلَ تَمَرَاتي هذِه إنَّهَا لَحَيَاةٌ طَوِيلَةٌ، قالَ: فَرَمَى بما كانَ معهُ مِنَ التَّمْرِ، ثُمَّ قَاتَلَهُمْ حتَّى قُتِلَ.,"""ތިޔަބައި މީހުން ސުވަރުގެއަކަށް ތެދުވާށެވެ! އެސުވަރުގޭގެ ފުޅާމިނަކީ އުޑާއި ބިމުގެ ތަނަވަސްކަމެވެ."" އަދި (އެހިނދު) އަލްޢުމައިރު ބްނު ޙުމާމި ދެންނެވިއެވެ.(بَخٍّ، بَخِّ) ފުދިއްޖެ އެވެ. ފުދިއްޖެއެވެ. ފަހެ رسول الله ﷺޙަދީޘުކުރެއްވިއެވެ. ފުއްދިއްޖެއެވެ. ފުދިއްޖެއެވެ. ބުނުއްވުމަށް ތިބާލެންބެވީ ކޮންކަމެއްހޭ؟ އޭނާދެންނެވިއެވެ. ނޫނެކެވެ. ﷲގަންދީ ދަންނަވަމެވެ. އޭرسول الله ﷺގެފާނެވެ. އެސުވަރުގޭގެ އަހުލުވެރިއަކު ކަމުގައި ވުމަށް މެނުވީ އަޅުގަޑު އުއްމީދެއް ނުކުރަމެވެ. އިތުރުއެކަލޭގެފާނު ޙަދީޘުކުރެއްވިއެވެ. ""ފަހެ ހަމަކަށަވަރުން ތިބާވަނީ އެސުވަރުގޭގެ އަހުލުވެރިންގެ ތެރެއިންނެވެ."" ފަހެ އޭނާގެ އުނަގަޑުގައި ބައްދާފައި ހުރިއެއްޗަކުން ކަދުރުކޮޅެއް ނެގިއެވެ. ފަހެ އެކަދުރުކޮޅު އޭނާކާންފެށިއެވެ. ދެން އޭނާދެންނެވިއެވެ. މިކަދުރުކޮޅު ކެވިއްޖައުމަށް ދާންދެންވެސް ދުނިޔޭގައި ދިރިހުރުމަކީ ދިގު ދިރިހުރުމެކެވެ. ފަހެ އޭނާގެ އަތުގައި ހުރިކަދުރުކޮޅު އުކާލިއެވެ. ދެން އޭނާ ގަތުލުވެއްޖައުމަށް ދާނދެން އެމީހުނާއި ހަނގުރާމަކުރިއެވެ.",
صحيح مسلم,1904,وعن أبي موسى رضي الله عنه قال: (سُئِلَ رَسُولُ اللَّهِ ﷺ عَنْ الرَّجُلِ: يُقَاتِلُ شَجَاعَةً، وَيُقَاتِلُ حَمِيَّةً، وَيُقَاتِلُ رِيَاءً، أَيُّ ذَلِكَ فِي سَبِيلِ اللَّهِ؟ فَقَالَ رَسُولُ اللَّهِ ﷺ: (مَنْ قَاتَلَ لِتَكُونَ كَلِمَةُ اللَّهِ هِيَ الْعُلْيَا، فَهُوَ فِي سَبِيلِ اللَّهِ),"އަބޫ މޫސާ ރަޟިޔަﷲ ޢަންހުގެ ކިބައިން ރިވާވެގެންވެއެވެ. އެކަލޭގެފާނު ވިދާޅުވިއެވެ. ""ރަސޫލުﷲ ﷺ އާއި ކުޅަދާނަކަން ދައްކަން ޖިހާދުކުރާ މީހާޔާ، އަޞަބިއްޔަތަށްޓަކައި ޖިހާދުކުރާ މީހާއާއ އަދި ދެއްކުމަށް ޖިހާދުކުރާ މީހާއާ ބެހޭގޮތުން، އެތަނުން ﷲގެ މަގުގައި ޖިހާދު ކުރަނީ ކާކުތޯ ސުވާލުކުރެވުނެވެ. ދެން ރަސޫލުﷲ ﷺ ޙަދީޘްކުރެއްވިއެވެ. ""ﷲގެ ކަލިމަ އެންމެ މައްޗަށް ގެންދިޔުމަށް ޖިހާދުކުރާ މީހާއެވެ. ފަހެ އޭނާ އެވަނީ ﷲގެ މަގުގައި ޖިހާދުކުރުމުގައެވެ.""",
صحيح مسلم,1905,"عَنْ أَبِي هُرَيْرَةَ قَالَ: سَمِعْتُ رَسُولَ اللَّهِ ﷺ يَقُولُ "" إِنَّ أَوَّلَ النَّاسِ يُقْضَى يَوْمَ الْقِيَامَةِ عَلَيْهِ رَجُلٌ اسْتُشْهِدَ فَأُتِيَ بِهِ فَعَرَّفَهُ نِعَمَهُ فَعَرَفَهَا قَالَ فَمَا عَمِلْتَ فِيهَا قَالَ قَاتَلْتُ فِيكَ حَتَّى اسْتُشْهِدْتُ . قَالَ كَذَبْتَ وَلَكِنَّكَ قَاتَلْتَ لأَنْ يُقَالَ جَرِيءٌ . فَقَدْ قِيلَ . ثُمَّ أُمِرَ بِهِ فَسُحِبَ عَلَى وَجْهِهِ حَتَّى أُلْقِيَ فِي النَّارِ وَرَجُلٌ تَعَلَّمَ الْعِلْمَ وَعَلَّمَهُ وَقَرَأَ الْقُرْآنَ فَأُتِيَ بِهِ فَعَرَّفَهُ نِعَمَهُ فَعَرَفَهَا قَالَ فَمَا عَمِلْتَ فِيهَا قَالَ تَعَلَّمْتُ الْعِلْمَ وَعَلَّمْتُهُ وَقَرَأْتُ فِيكَ الْقُرْآنَ . قَالَ كَذَبْتَ وَلَكِنَّكَ تَعَلَّمْتَ الْعِلْمَ لِيُقَالَ عَالِمٌ . وَقَرَأْتَ الْقُرْآنَ لِيُقَالَ هُوَ قَارِئٌ . فَقَدْ قِيلَ ثُمَّ أُمِرَ بِهِ فَسُحِبَ عَلَى وَجْهِهِ حَتَّى أُلْقِيَ فِي النَّارِ . وَرَجُلٌ وَسَّعَ اللَّهُ عَلَيْهِ وَأَعْطَاهُ مِنْ أَصْنَافِ الْمَالِ كُلِّهِ فَأُتِيَ بِهِ فَعَرَّفَهُ نِعَمَهُ فَعَرَفَهَا قَالَ فَمَا عَمِلْتَ فِيهَا قَالَ مَا تَرَكْتُ مِنْ سَبِيلٍ تُحِبُّ أَنْ يُنْفَقَ فِيهَا إِلاَّ أَنْفَقْتُ فِيهَا لَكَ قَالَ كَذَبْتَ وَلَكِنَّكَ فَعَلْتَ لِيُقَالَ هُوَ جَوَادٌ . فَقَدْ قِيلَ ثُمَّ أُمِرَ بِهِ فَسُحِبَ عَلَى وَجْهِهِ ثُمَّ أُلْقِيَ فِي النَّارِ ""","އަބޫ ހުރައިރާ ރަޟިޔަﷲ ޢަންހުގެ ކިބައިން ރިވާވެގެންވެއެވެ. ރަސޫލުﷲ ﷺ ޙަދީޘްކުރައްވާތީ ތިމަންކަލޭގެފާނު އަޑުއެއްސެވީމެވެ.: ""ގިޔާމަތްދުވަހު އެންމެ ފުރަތަމަ އެމީހެއްގެ މައްޗަށް ނިޔާކަނޑައެޅުއްވޭނީ ޝަހީދުވެފައިވާ މީހެއްގެ މައްޗަށެވެ. އެމީހަކު ﷲގެ ހަޒްރަތަށް ގެނެވި އޭނާގެ މައްޗަށް ދެއްވޭ ނިޢުމަތް އަންގަވައި ދެއްވައި އަދި އެމީހަކަށް އެކަން އެނގޭނެއެވެ. ދެން ﷲ ވަހީކުރައްވާނެއެވެ. ތިބާ އެނިޢުމަތްތަކާއި މެދު ކުރީ ކޮން އަމަލެއްތޯއެވެ؟ އެމީހަކު ދަންނަވާނެއެވެ. ތިމަންނާ އިބަﷲގެ މަގުގައި ޝަހީދުވަންދެން ޖިހާދުކުރީމެވެ. ﷲ ވަހީކުރައްވާނެއެވެ. ""ތިބާ ދޮގުހަދައިފިއެވެ. ތިބާ އެކަންކުރީ ކުޅަދާނަ މީހެކޭ ބުނުވުމަށްޓަކައެވެ. ފަހެ އެފަދައިން ބުނެވުނެވެ."" އެޔަށްފަހު އޭނާއޭނާ (ގެންދިޔުމަށް) އަމުރުކުރެވޭނެއެވެ. އަދި މޫނުވަތަށް ދަމާފައި ގެންގޮސް އޭނާ ނަރަކައަށް އެއްލާލެވިއްޖެއެވެ. އަދި ޢިލްމު އުގެނި އަދި ޢިލްމު އުގަންނައިދީ އަދި ގުރުއާން ކިޔަވައި އުޅުނު މީހާ ﷲގެ ހަޒްރަތަށް ގެނެވޭނެއެވެ. އަދި ﷲގެ ނިޢުމަތްތައް އޭނާއަށް އަންގަވައި ދެއްވައި އަދި އޭނާއަށް އެނިޢުމަތްތައް އެނގޭނެއެވެ. ދެން ވަހީކުރައްވާނެއެވެ. އެނިޢުމަތްތަކާއި މެދުގައި ތިބާކުރީ ކޮން އަމަލެއް ހެއްޔެވެ؟ ބުނާނެއެވެ. ތިމަންނާ ޢިލްމު އުގެނި އަދި އުގަންނައި ދިނީއެވެ. އަދި އިބަ ﷲއަށްޓަކައި ގުރުއާން ކިޔަވައި އުޅުނީމެވެ. ﷲ ވަހީކުރައްވާނެއެވެ. ""ތިބާ ދޮގު ހަދައިފިއެވެ. ނަމަވެސް ތިބާ ޢިލްމު އުގެނުނީ ޢިލްމުވެރިޔެކޭ ބުނުވުމަށްޓަކައެވެ. އަދި ގުރުއާން ކިޔެވީ ގާރީ ވެރިއެކޭ ބުނުވުމަށްޓަކައެވެ. ފަހެ އެފަދައިން ބުނެވުނެވެ."" ދެން އޭނާ ގެންދިޔުމަށް އަމުރުކުރެއްވޭނެއެވެ. ދެން އޭނާގެ މޫނުވަތަށް ދަމާފައި ގެންގޮސް ނަރަކައަށް އެއްލިއްޖެއެވެ. އަދި ﷲ މުއްސަނދިކޮށްދެއްވައި އަދި އެކިބާވަތްތަކުގެ ހުރިހާ މުދާތަކެއް ދެއްވާފައިވާ މީހާ ﷲގެ ހަޒްރަތަށް ގެނެވުނެވެ. ދެން ﷲ އޭނާގެ ނިޢުމަތްތައް އަންގަވައި ދެއްވައި އަދި އޭނާއަށް އެނިޢުމަތްތައް އެނގިއްޖެއެވެ. ދެން ﷲ ވަހީކުރެއްވިއެވެ. ""އެނިޢުމަތްތަކާއި މެދު ތިބާކުރީ ކޮން އަމަލުތަކެއް ހެއްޔެވެ؟"" ބުނާނެއެވެ. ""އިބަ ﷲ ހޭދަކުރުމަށް ލޯބިކުރައްވާ ކަންކަމުން އިބަﷲއަށްޓަކައި ހޭދަނުކޮށް ތިމަންނާ ދޫނުކުރަމެވެ."" ﷲ ވަހީކުރައްވާނެއެވެ. ނަމަވެސް ތިބާ އެކަންކުރީ ދީލަތި މީހެކޭ ބުނުވުމަށްޓަކައެވެ. އެފަދައިން ހަމަކަށަވަރުން ބުނެވުނެވެ."" ދެން އޭނާ ގެންދިޔުމަށް އަމުރުކުރެއްވުނެވެ. ދެން ނަރަކައަށް އެއްލާލެވިއްޖައުމަށް ދާންދެން އޭނާގެ މޫނުވަތަށް ދަމާފައި ގެންދެވިއްޖެއެވެ.""",
صحيح مسلم,1907,حَدَّثَنَا عَبْدُ اللهِ بْنُ مَسْلَمَةَ بْنِ قَعْنَبٍ، حَدَّثَنَا مَالِكٌ، عَنْ يَحْيَى بْنِ سَعِيدٍ، عَنْ مُحَمَّدِ بْنِ إِبْرَاهِيمَ، عَنْ عَلْقَمَةَ بْنِ وَقَّاصٍ، عَنْ عُمَرَ بْنِ الْخَطَّابِ قَالَ: قَالَ رَسُولُ اللهِ ﷺ: إِنَّمَا الْأَعْمَالُ بِالنِّيَّةِ، وَإِنَّمَا لِامْرِئٍ مَا نَوَى، فَمَنْ كَانَتْ هِجْرَتُهُ إِلَى اللهِ وَرَسُولِهِ، فَهِجْرَتُهُ إِلَى اللهِ وَرَسُولِهِ، وَمَنْ كَانَتْ هِجْرَتُهُ لِدُنْيَا يُصِيبُهَا أَوِ امْرَأَةٍ يَتَزَوَّجُهَا، فَهِجْرَتُهُ إِلَى مَا هَاجَرَ إِلَيْهِ.,ޢުމަރު ބިން އަލްޚައްޠާބު ރިވާ ކުރެއްވިއެވެ: ރަސޫލު ﷲ ﷺ ޙަދީޘް ކުރެއްވިއެވެ: ”ނިޔަތުގެ މައްޗަށް މެނުވީ އަމަލުތައް ބިނާ ވެގެނެއް ނުވެއެވެ. އަދި މީހަކަށް ވަނީ، ހަމައެކަނި އެ މީހަކު ނިޔަތް ގަތް ކަމެކެވެ. ވީމާ، މީހަކު ހިޖުރަ ކުރީ ﷲ އާއި އެ އިލާހުގެ ރަސޫލާއަށްޓަކައި ނަމަ، ފަހެ އޭނާގެ ހިޖުރަ ވަނީ ﷲ އާއި އެ އިލާހުގެ ރަސޫލާއަށެވެ. އަދި މީހަކު ހިޖުރަ ކުރީ ދުނިޔެ ހޯދުމަށް ނުވަތަ އަންހެނަކާ އިނުމަށް ކަމުގައި ވަނީ ނަމަ، ފަހެ އެ މީހެއްގެ ހިޖުރަ ވަނީ، އޭނާ އެ ހިޖުރަ ކުރި ކަމަކަށެވެ.“,b1
صحيح مسلم,1909,حَدَّثَنِي أَبُو الطَّاهِرِ، وَحَرْمَلَةُ بْنُ يَحْيَى، (وَاللَّفْظُ لِحَرْمَلَةَ)، قَالَ أَبُو الطَّاهِرِ: أَخْبَرَنَا، وَقَالَ حَرْمَلَةُ: حَدَّثَنَا عَبْدُ اللهِ بْنُ وَهْبٍ، حَدَّثَنِي أَبُو شُرَيْحٍ: أَنَّ سَهْلَ بْنَ أَبِي أُمَامَةَ بْنِ سَهْلِ بْنِ حُنَيْفٍ حَدَّثَهُ عَنْ أَبِيهِ، عَنْ جَدِّهِ أَنَّ النَّبِيَّ ﷺ قَالَ: مَنْ سَأَلَ اللهَ الشَّهَادَةَ بِصِدْقٍ بَلَّغَهُ اللهُ مَنَازِلَ الشُّهَدَاءِ وَإِنْ مَاتَ عَلَى فِرَاشِهِ وَلَمْ يَذْكُرْ أَبُو الطَّاهِرِ فِي حَدِيثِهِ بِصِدْقٍ.,ސަހްލު ބިން ޙުނައިފު ރިވާ ކުރެއްވިއެވެ: ރަސޫލާ ﷺ ޙަދީޘް ކުރެއްވިއެވެ: ”ﷲގެ ހަޒްރަތުގައި ތެދުވެރިކަމާއެކު ޝަޙީދުވެގެން ދިޔުމަށް އެދި މީހަކު ދަންނަވައިފި ނަމަ، ފަހެ ޝަހީދުންގެ މަންޒިލުތަކަށް ﷲ އެ މީހަކު ވާސިލު ކޮށްދެއްވާނެއެވެ. އެއީ އެ މީހެއްގެ އެނދުމަތީގައި މަރުވި ކަމުގައި ވިޔަސްމެއެވެ.“,
صحيح مسلم,1910,"عَنْ أَبِي هُرَيْرَةَ، قَالَ قَالَ رَسُولُ اللَّهِ ﷺ : ""مَنْ مَاتَ وَلَمْ يَغْزُ وَلَمْ يُحَدِّثْ بِهِ نَفْسَهُ مَاتَ عَلَى شُعْبَةٍ مِنْ نِفَاقٍ","އަބޫ ހުރައިރާ ރަޟިޔަﷲ ޢަންހުގެ ކިބައިން ރިވާވެގެންވެއެވެ. ރަސޫލުﷲ ﷺ ޙަދީޘްކުރެއްވިއެވެ: ""ޖިހާދުނުކޮށް އަދި ޖިހާދުކުރާނަމޭ ހިތަށްވެސް ނާރުވާ މީހާ އެމަރުވަނީ މުނާފިގުކަމުގެ ސިފަތަކުގެ ތެރެއިންގެ ސިފައެއްގެ މަތީގައެވެ""",
صحيح مسلم,1913,"عَنْ سَلْمَانَ، قَالَ سَمِعْتُ رَسُولَ اللَّهِ ﷺ يَقُولُ: ""رِبَاطُ يَوْمٍ وَلَيْلَةٍ خَيْرٌ مِنْ صِيَامِ شَهْرٍ وَقِيَامِهِ وَإِنْ مَاتَ جَرَى عَلَيْهِ عَمَلُهُ الَّذِي كَانَ يَعْمَلُهُ وَأُجْرِيَ عَلَيْهِ رِزْقُهُ وَأَمِنَ الْفَتَّانَ ""","ސަލްމާނުލް ފާރިސީ ރަޟިޔަﷲ ޢަންހުގެ ކިބައިން ރިވާވެގެންވެއެވެ. ރަސޫލުﷲ ﷺ ޙަދީޘްކުރައްވާތީ އަޑުއެހީމެވެ.: ""ރެޔަކާ ދުވާލު ޖިހާދުގެ މައިދާނުގައި ހުރުން މަހަކު ރޯދަހިފައި ރޭއަޅުކަން ކުރުމަށްވުރެ ހެޔޮވެގެންވެއެވެ. އަދި އޭނާ މަރުވެއްޖެނަމަ އެމީހަކު ކޮށް އުޅުނު އަމަލު އެމީހެއްގެ މައްޗަށް ހިނގަހިނގާހުރެއެވެ. އަދި އޭނާގެ މައްޗަށް އޭނާގެ ރިޒުގު ހިނގަހިނގާހުރެއެވެ. އަދި ކައްވަޅުގެ ޢަޛާބުން ސަލާމަތްވެގެންވެއެވެ.""",
صحيح مسلم,1922,لَنْ يَبْرَحَ هَذَا الدِّينُ قَائِمًا يُقَاتِلُ عَلَيْهِ عِصَابَةٌ مِنَ الْمُسْلِمِينَ حَتَّى تَقُومَ السَّاعَةُ ‏,މިދީން ފިލައިނުގޮސް ޤާއިމްވެ އޮންނާނެތެވެ. މިދީނުގެ މަތީ ހަނގުރާމަކުރުމުގައި މުސްލިމުންގެ ބައިގަނޑެއް ޤިޔާމަތާ ޖެހެންދެން ވާނެތެވެ.,
صحيح مسلم,1922,"عَنْ جَابِرِ بْنِ سَمُرَةَ، عَنِ النَّبِيِّ ﷺ أَنَّهُ قَالَ: "" لَنْ يَبْرَحَ هَذَا الدِّينُ قَائِمًا يُقَاتِلُ عَلَيْهِ عِصَابَةٌ مِنَ الْمُسْلِمِينَ حَتَّى تَقُومَ السَّاعَةُ""","ާބިރު ބިން ސަމްރާގެ ކިބައިން ރިވާވެގެންވެއެވެ. ރަސޫލުﷲ ﷺ ޙަދީޘްކުރެއްވިއެވެ. ""މިދީން ގާއިމުވެ ހުރުން ނުހުއްޓޭނެއެވެ. މުސްލިމުންގެ ތެރެއިން ބަޔަކު (އެދީން ހިމާޔަތްކުރުމުގެ) މައްޗަށް ޖިހާދުކުރުން މަތީގައި ގިޔާމަތްޖެހެންދެން ދެމިތިބޭނެއެވެ.""",
صحيح مسلم,1955,حَدَّثَنَا أَبُو بَكْرِ بْنُ أَبِي شَيْبَةَ، حَدَّثَنَا إِسْمَاعِيلُ ابْنُ عُلَيَّةَ، عَنْ خَالِدٍ الْحَذَّاءِ، عَنْ أَبِي قِلَابَةَ، عَنْ أَبِي الْأَشْعَثِ، عَنْ شَدَّادِ بْنِ أَوْسٍ قَالَ: ثِنْتَانِ حَفِظْتُهُمَا عَنْ رَسُولِ اللهِ ﷺ قَالَ: إِنَّ اللهَ كَتَبَ الْإِحْسَانَ عَلَى كُلِّ شَيْءٍ، فَإِذَا قَتَلْتُمْ فَأَحْسِنُوا الْقِتْلَةَ، وَإِذَا ذَبَحْتُمْ فَأَحْسِنُوا الذَّبْحَ، وَلْيُحِدَّ أَحَدُكُمْ شَفْرَتَهُ، فَلْيُرِحْ ذَبِيحَتَهُ.,ޝައްދާދު ބިން އައުސް ރިވާ ކުރެއްވިއެވެ: ރަސޫލު ﷲ ﷺ ޙަދީޘް ކުރެއްވިއެވެ: ”ހަމަކަށަވަރުން ﷲ ވަނީ ކޮންމެ ކަމެއްގައި ވެސް އިޙުސާން ކަނޑައަޅުއްވާ ލިޔުއްވާފައެވެ. (އެބަހީ: ކުރެވެން ހުރި އެންމެ ރަނގަޅަކަށް ކަންތައް ކުރުން، ނުވަތަ އިޙުސާންތެރިވުން ވާޖިބު ކުރައްވާފައެވެ.) ވީމާ ތިޔަބައިމީހުން (ގަތުލުކުރަން ހުއްދަ އެއްޗެއް) ގަތުލު ކުރާ ނަމަ، ފަހެ އެންމެ ރަނގަޅު ގޮތުގައި ގަތުލު ކުރާށެވެ. އަދި ތިޔަބައިމީހުން (ޖަނަވާރެއް) ކަތިލާ ނަމަ، ފަހެ އެންމެ ރަނގަޅު ގޮތުގައި ކަތިލާށެވެ. އަދި ތިޔަބައިމީހުންގެ ތެރެއިން ކޮންމެ މީހަކުމެ އޭނާގެ ވަޅި ތޫނުކޮށް، އެ މީހެއްގެ ޖަނަވާރަށް ވީހާވެސް ލުއިވާ ގޮތަކަށް ކަތިލާށެވެ.“,
صحيح مسلم,1967,"""بِاسْمِ اللهِ، اللهُمَّ تَقَبَّلْ مِنْ مُحَمَّدٍ، وَآلِ مُحَمَّدٍ، وَمِنْ أُمَّةِ مُحَمَّدٍ""","""ﷲގެ ނަންފުޅު ގަނެ ކަތިލަމެވެ. އޭހައްދަވާ ބޮޑުކުރެއްވި ރަސްކަލާކޮއެވެ! މުޙައްމަދުގެ ފާނުގެ ކިބައިންނާއި އަދި މުޙައްމަދުގެ ފާނުގެ އާލުންގެ ކިބައިންނާއި އަދި މުޙައްމަދުގެ ފާނުގެ އުއްމަތުގެ ކިބައިން (މިކަތިލުން) ގަބޫލުކުރައްވާ ފާނދޭވެ!""",
صحيح مسلم,1967,أنَّ رَسولَ اللهِ صَلَّى اللَّهُ عليه وسلَّمَ أَمَرَ بكَبْشٍ أَقْرَنَ يَطَأُ في سَوَادٍ، وَيَبْرُكُ في سَوَادٍ، وَيَنْظُرُ في سَوَادٍ، فَأُتِيَ به لِيُضَحِّيَ به، فَقالَ لَهَا: يا عَائِشَةُ، هَلُمِّي المُدْيَةَ، ثُمَّ قالَ: اشْحَذِيهَا بحَجَرٍ، فَفَعَلَتْ: ثُمَّ أَخَذَهَا، وَأَخَذَ الكَبْشَ فأضْجَعَهُ، ثُمَّ ذَبَحَهُ، ثُمَّ قالَ: باسْمِ اللهِ، اللَّهُمَّ تَقَبَّلْ مِن مُحَمَّدٍ، وَآلِ مُحَمَّدٍ، وَمِنْ أُمَّةِ مُحَمَّدٍ، ثُمَّ ضَحَّى بهِ.,ޢާއިޝާގެ ކިބައިން ރިވާވެގެންވެއެވެ. އުޟްޙިޔާ ކަތިލުމަށް ޓަކައި ދަޅުފަޅާފައި ހުރި، އޭތީގެ ފަޔާއި ބަނޑާއި ލޯ ކައިރި ކަޅު ކަންބަޅިއެއް ގެނައުމަށް ރަސޫލު اللّه ﷺ އަމުރު ކުރެއްވިއެވެ. އެކަލޭގެފާނުގެ އަރިހަށް އެ ކަންބަޅި ގެނެވުމުން ވަޅިގެންނެވުމަށް ޢާއިޝާއަށް އަމުރު ކުރެއްވިއެވެ. ދެން އެ ކަމަނާ ވަޅި ގެންނެވުމުން، ހިލަގަނޑެއްގައި ކާއްތާ ވަޅި ތޫނު ކުރުމަށް އަމުރު ކުރެއްވިއެވެ. ޢާއިޝާ އެ ގޮތަށް އެ ކަންތައް ކުރެއްވުމުން، ނަބިއްޔާ އެ ކަންބަޅި ބިންމަތީގައި ބޭއްވެވިއެވެ. އަދި ވިދާޅުވިއެވެ. “بِاسْمِ اللَّهِ اللَّهُمَّ تَقَبَّلْ مِنْ مُحَمَّدٍ، وَآلِ مُحَمَّدٍ، وَمِنْ أُمَّةِ مُحَمَّدٍ”. މާނައީ: “اللّه ގެ އިސްމުފުޅުން ފަށަމެވެ. އޭ ހައްދަވާ ގެންގުޅުއްވާ އިލާހެވެ. މުޙައްމަދުގެފާނާއި އެކަލޭގެފާނުގެ އާލުންނާއި، އެކަލޭގެފާނުގެ އުއްމަތުގެ ކިބައިން ގަބޫލު ކުރައްވާފާންދޭވެ.” މިފަދައިން ވިދާޅުވުމަށް ފަހު ޒަބަހަ ކުރެއްވިއެވެ.,
صحيح مسلم,1977,إذا رَأَيْتُمْ هِلالَ ذِي الحِجَّةِ، وأَرادَ أحَدُكُمْ أنْ يُضَحِّيَ، فَلْيُمْسِكْ عن شَعْرِهِ وأَظْفارِهِ.,“ޛުލްޙިއްޖާ މަހުގެ ހަނދު ފެނުމާއިއެކު އުޟްޙިޔާ ކަތިލުމަށް ގަސްދު ކުރާ މިހާ އިސްތަށްޓެއް އަދި ނިޔަފައްޗެއް ނުކަނޑާ ހުށިކަމެވެ.”,
صحيح مسلم,1977,إذا دَخَلَتِ العَشْرُ، وأَرادَ أحَدُكُمْ أنْ يُضَحِّيَ، فلا يَمَسَّ مِن شَعَرِهِ وبَشَرِهِ شيئًا.,އުޟްޙިޔާ ކަތިލުމަށް ގަސްދު ކުރާ މީހާ، ޛުލްޙިއްޖާ މަހުގެ ފުރަތަމަ ދިހަ ދުވަހުގެ ތެރޭގައި އިސްތަށްޓެއް އަދި ހަންކޮޅެއް ނުކަނޑާ ހުށިކަމެވެ.”,
صحيح مسلم,1997,حَدَّثَنَا ابْنُ أَبِي عُمَرَ الْمَكِّيُّ ، حَدَّثَنَا سُفْيَانُ ، عَنْ عَبْدِ الرَّحْمَنِ بْنِ حُمَيْدِ بْنِ عَبْدِ الرَّحْمَنِ بْنِ عَوْفٍ ، سَمِعَ سَعِيدَ بْنَ الْمُسَيِّبِ ، يُحَدِّثُ عَنْ أُمِّ سَلَمَةَ : أَنَّ النَّبِيَّ صَلَّى اللهُ عَلَيْهِ وَسَلَّمَ قَالَ: إِذَا دَخَلَتِ الْعَشْرُ وَأَرَادَ أَحَدُكُمْ أَنْ يُضَحِّيَ ، فَلَا يَمَسَّ مِنْ شَعَرِهِ وَبَشَرِهِ شَيْئًا قِيلَ لِسُفْيَانَ : فَإِنَّ بَعْضَهُمْ لَا يَرْفَعُهُ. قَالَ: لَكِنِّي أَرْفَعُهُ .,ނަބިއްޔާ ﷺ ޙަދީޘް ކުރެއްވިއެވެ: ”އުޟްހިޔާ ކަތިލުމަށް އެދޭ މީހާ ދަންނައެވެ. (ހައްޖު މަހުގެ ފުރަތަމަ) ދިހަ ދުވަސް ފެށުމުން، އޭނާގެ އިސްތަށްޓާއި ހަމުން އެއްވެސް އެއްޗެއް ވަކި ނުކުރާހުށިކަމެވެ.“,
صحيح مسلم,2003,حَدَّثَنَا أَبُو الرَّبِيعِ الْعَتَكِيُّ، وَأَبُو كَامِلٍ قَالَا: حَدَّثَنَا حَمَّادُ بْنُ زَيْدٍ، حَدَّثَنَا أَيُّوبُ، عَنْ نَافِعٍ، عَنِ ابْنِ عُمَرَ، قَالَ: قَالَ رَسُولُ اللهِ ﷺ: كُلُّ مُسْكِرٍ خَمْرٌ، وَكُلُّ مُسْكِرٍ حَرَامٌ، وَمَنْ شَرِبَ الْخَمْرَ فِي الدُّنْيَا، فَمَاتَ وَهُوَ يُدْمِنُهَا لَمْ يَتُبْ، لَمْ يَشْرَبْهَا فِي الْآخِرَةِ.,އިބްނު ޢުމަރު ރިވާ ކުރެއްވިއެވެ: ރަސޫލު ﷲ ﷺ ޙަދީޘް ކުރެއްވިއެވެ: ”މަސްތުވާ ކޮންމެ އެއްޗަކީ ރަލެވެ. އަދި މަސްތުވާ ކޮންމެ އެއްޗެއް ޙަރާމްވެގެން ވެއެވެ. އަދި ދުނިޔެ މަތީގައި ރާ ބޯ މީހާ، މަރުވާއިރު ވެސް ތައުބާ ނުވެ އެއަށް ދެވިހިފާފައިވާ ނަމަ، އާޚިރަތުގައި އޭނާ (ސުވަރުގޭގެ) ރަލެއް ނުބޯނެއެވެ.“,
صحيح مسلم,2003,«كُلُّ مُسْكِرٍ خَمْرٌ، وَكُلُّ مُسْكِرٍ حَرَامٌ، وَمَنْ شَرِبَ الْخَمْرَ فِي الدُّنْيَا فَمَاتَ وَهُوَ يُدْمِنُهَا لَمْ يَتُبْ، لَمْ يَشْرَبْهَا فِي الْآخِرَةِ»,”މަސްތުވާ ކޮންމެ އެއްޗަކީ ރަލެވެ. އަދި މަސްތުވާ ކޮންމެ އެއްޗެއް ޙަރާމްވެގެން ވެއެވެ. އަދި ދުނިޔެ މަތީގައި ރާ ބޯ މީހާ، އެއަށް ދެވިހިފާފައިވާ ހާލު، މަރުވާއިރުވެސް އެކަމުން ތައުބާ ނުވެ މަރުވެއްޖެނަމަ، އާޚިރަތުގައި އޭނާ (ސުވަރުގޭގެ) ރަލެއް ނުބޯނެއެވެ.“,
صحيح مسلم,2019,حَدَّثَنَا قُتَيْبَةُ بْنُ سَعِيدٍ ، حَدَّثَنَا لَيْثٌ. ( ح ) وَحَدَّثَنَا مُحَمَّدُ بْنُ رُمْحٍ ، أَخْبَرَنَا اللَّيْثُ ، عَنْ أَبِي الزُّبَيْرِ ، عَنْ جَابِرٍ : عَنْ رَسُولِ اللهِ صَلَّى اللهُ عَلَيْهِ وَسَلَّمَ قَالَ: لَا تَأْكُلُوا بِالشِّمَالِ ، فَإِنَّ الشَّيْطَانَ يَأْكُلُ بِالشِّمَالِ .,"ރަސޫލާ ﷺ ޙަދީޘްކުރައްވާފައިވެއެވެ. (لاَ تَأْكُلُوا بِالشِّمَالِ فَإِنَّ الشَّيْطَانَ يَأْكُلُ بِالشِّمَالِ) މާނައީ: "" ތިޔަބައިމީޙުން ވާތުން ނުކާށެވެ. ފަހެ ހަމަކަށަވަރުން ވާތުން ކަނީ ޝައިތާނާއެވެ."" رواه مسلم في صحيحه: 2019.",
صحيح مسلم,2024,"""أَنَّ النَّبِيَّ صَلَّى اللهُ عَلَيْهِ وَسَلَّمَ زَجَرَ عَنِ الشُّرْبِ قَائِمًا""","""ނަބިއްޔާ ޞައްލަﷲ ޢަލައިހި ވަސައްލަމަ ކޮޅަށް ހުރެގެން ބުއިން މަނާކުރެއްވިއެވެ""",
صحيح مسلم,2024,أَنَّ النَّبِيَّ صَلَّى اللَّهُ عَلَيْهِ وَسَلَّمَ زَجَرَ ( في لفظ : نَهَى) عَنْ الشُّرْبِ قَائِمًا,ހަމަކަށަވަރުން ކޮޅަށްހުރެ ފެންބުއިން ނަބިއްޔާ ﷺ ނަހީކުރެއްވިއެވެ.,
صحيح مسلم,2034,"""أَنَّ رَسُولَ اللهِ صَلَّى اللهُ عَلَيْهِ وَسَلَّمَ كَانَ إِذَا أَكَلَ طَعَامًا لَعِقَ أَصَابِعَهُ الثَّلَاثَ، قَالَ: وَقَالَ: «إِذَا سَقَطَتْ لُقْمَةُ أَحَدِكُمْ فَلْيُمِطْ عَنْهَا الْأَذَى وَلْيَأْكُلْهَا، وَلَا يَدَعْهَا لِلشَّيْطَانِ»""","""ނަބިއްޔާ ޞައްލަﷲ ޢަލައިހިވަސައްލަމަ ފަރީއްކުޅުއްވުމަށްފަހުގައި، ތިން އިނގިލިފުޅު ލޮވެލައްވައެވެ. އަދި ޙަދީޘް ކުރެއްވިއެވެ. ""ތިޔަބައިމީހުންގެ ކާތަކެތީން އެތިކޮޅެއް ވެއްޓިއްޖެނަމަ (ސުފުރާ މައްޗަށް) އެނަގައި ފޮޅާލުމަށްފަހު ކާލާހުށިކަމެވެ. ޝައިޠާނާއަށް ދޫނުކޮށްލާހުށިކަމެވެ.""",
صحيح مسلم,2065,"""الَّذِي يَشْرَبُ فِي آنِيَةِ الْفِضَّةِ، إِنَّمَا يُجَرْجِرُ فِي بَطْنِهِ نَارَ جَهَنَّمَ""","""ރިހީގެ ކަންވާރެއްގައި ބޯމީހާ އޭނާގެ ބަނޑަށް އެއަޅަނީ ނަރަކައިގެ އަލިފާނެވެ.""",
صحيح مسلم,2128,صِنْفانِ مِن أهْلِ النَّارِ لَمْ أرَهُما، قَوْمٌ معهُمْ سِياطٌ كَأَذْنابِ البَقَرِ يَضْرِبُونَ بها النَّاسَ، ونِساءٌ كاسِياتٌ عارِياتٌ مُمِيلاتٌ مائِلاتٌ، رُؤُوسُهُنَّ كَأَسْنِمَةِ البُخْتِ المائِلَةِ، لا يَدْخُلْنَ الجَنَّةَ، ولا يَجِدْنَ رِيحَها، وإنَّ رِيحَها لَيُوجَدُ مِن مَسِيرَةِ كَذا وكَذا.,ނަރަކައިގެ އަހުލުވެރިންގެތެރެއިން ދެބާވަތެއްގެ ބަޔަކުވެއެވެ. ތިމަންކަލޭގެފާނު އެދެބާވަތުގެ މީހުން ދެކެވަޑައެއް ނުގަންނަވަމެވެ. އެއީ ގެރީގެ ނިގޫފަދަ ޗާބޫކުތަކުން މީހުންގައިގާ ނުހައްގުން ތަޅާ އަދަބުދޭ ބަޔަކާ، ހެނދުންލައިގެން އޮރިޔާމުން ތިބޭ އަންހެނުންތަކެކެވެ. އެކަނބަލުންނަކީ ސީދާމަގުން އެއްކިބާވެ ނުބައިކަންތަކަށް ލެނބިފައިތިބޭ އަދި އެހެންމީހުން ސީދާމަގުން އެއްކިބާކޮށް ލަންބުވާބައެކެވެ. އެކަނބަލުންގެ އިސްތަށިގަނޑު ހީވާނީ ޖަމަލުގެ ގޮންގަނޑުހެންނެވެ. އެކަނބަލުންނަށް އެއްގޮތަކަށްވެސް ސުވަރުގެއަކަށް ނުވަދެވޭނެއެވެ. އަދި ސުވާރުގޭގެވަސްވެސް ނުގަނެވޭނެއެވެ. އެތާނގެވަސް މިވެނި އެވެނި ދުރުމިނަކަށް ހުންނާނެއެވެ.,
صحيح مسلم,2128,صِنْفانِ مِن أهْلِ النَّارِ لَمْ أرَهُما، قَوْمٌ معهُمْ سِياطٌ كَأَذْنابِ البَقَرِ يَضْرِبُونَ بها النَّاسَ، ونِساءٌ كاسِياتٌ عارِياتٌ مُمِيلاتٌ مائِلاتٌ، رُؤُوسُهُنَّ كَأَسْنِمَةِ البُخْتِ المائِلَةِ، لا يَدْخُلْنَ الجَنَّةَ، ولا يَجِدْنَ رِيحَها، وإنَّ رِيحَها لَيُوجَدُ مِن مَسِيرَةِ كَذا وكَذا.,ނަރަކައިގެ އަހުލުވެރިންގެތެރެއިން ދެބާވަތެއްގެ ބަޔަކުވެއެވެ. ތިމަންކަލޭގެފާނު އެދެބައިމީހުން ދެކެވަޑައިނުގަންނަވަމެވެ. ގެރިއެއްގެ ނިގޫތަކެއްފަދަ ޗާބޫކްތަކެއް ހިފައިގެން މީސްތަކުންގެ ގައިގައި ތަޅަމުން ދާ ބަޔެކެވެ. އަދި ހެދުން ލައިގެން އޮރިޔާމުން ތިބޭ އަންހެނުން ތަކެކެވެ. އެކަނބަލުން ތިބެނީ އަނެކުންނާ ދިމާލަށް ލެނބިގެންވާ އަދި މީސްތަކުން ލަންބުވަމުން ދެއެވެ. އެކަނބަލުންގެ ބޮލުގެ އިސްތަށިގަނޑު ހުންނަނީ ޖަމަލުގެ ގޮންގަނޑު ހެންނެވެ. އެފަދަ ކަނބަލުން ސުވަރުގެ ނުވަންނަ ހުއްޓެވެ. އަދި ސުވަރުގޭގެ ވަސްފޯރާ ހިސާބަށް ވެސް ނުދެވޭ ހުއްޓެވެ. ހަމަކަށަވަރުން ސުވަރުގޭގެ ވަސް މިވެނި އެވެނި ހިސާބަކަށް ދެމިގެންވެއެވެ.,
صحيح مسلم,2128,صِنْفانِ مِن أهْلِ النَّارِ لَمْ أرَهُما، قَوْمٌ معهُمْ سِياطٌ كَأَذْنابِ البَقَرِ يَضْرِبُونَ بها النَّاسَ، ونِساءٌ كاسِياتٌ عارِياتٌ مُمِيلاتٌ مائِلاتٌ، رُؤُوسُهُنَّ كَأَسْنِمَةِ البُخْتِ المائِلَةِ، لا يَدْخُلْنَ الجَنَّةَ، ولا يَجِدْنَ رِيحَها، وإنَّ رِيحَها لَيُوجَدُ مِن مَسِيرَةِ كَذا وكَذا.,“ނަރަކަވަންތަވެރީންގެ ތެރެއިން ދެބާވަތެއްގެ ބަޔަކު ތިމަންކަލޭގެފާނު ދެކަވަޑައި ނުގަންނަވަމެވެ: އެބައިމީހުންގެ އަތުގައި ގެރީގެ ނިގޫތަކެއްފަދަ ޗާބޫކުތަކެއް ވާބައެކެވެ. އެއިން އެބައިމީހުން، މީސްތަކުންގެ ގައިގައި ތަޅައެވެ. އަދި ހެދުން ލައިގެން އޮރިޔާމުން ތިބޭ އަންހެނުން ތަކެކެވެ. އެކަނބަލުން ލެނބިގެންވާ ހާލު [އެހެން މީހުން] އެކަނބަލުންނަށް ލަންބުވައެވެ. އެކަނބަލުންގެ ބޯތައް ޖަމަލުގެ ގޮންގަނޑުތައް ފަދައެވެ. އެކަނބަލުން ސުވަރުގެ ނުވަންނަތާ ސުވަރުގޭގެ ވަސްވެސް ނުލިބޭ ހުއްޓެވެ. ހަމަކަށަވަރުން ސުވަރުގޭގެވަސް އެވެނި މިވެނި ދުރުމިނަކަށް ދުވާނެއެވެ.”,
صحيح مسلم,2158,مَنِ اطَّلَعَ في بَيْتِ قَوْمٍ بغيرِ إذْنِهِمْ، فقَدْ حَلَّ لهمْ أنْ يَفْقَؤُوا عَيْنَهُ.,ތިޔަބައިމީހުންގެ ހުއްދަނެތި ގޭތެރެއަށް މީހަކު ބެލުމުން އޭނާގެ ލޮލަށް އެއްޗެއް އެއްލުން ހުއްދަވެގެންވެއެވެ.,
صحيح مسلم,2175,"قَالَ أَبُو بَكْرَةَ ـ رضى الله عنه ـ قَالَ رَسُولُ اللَّهِ ﷺ "" لاَ تَبِيعُوا الذَّهَبَ بِالذَّهَبِ إِلاَّ سَوَاءً بِسَوَاءٍ، وَالْفِضَّةَ بِالْفِضَّةِ إِلاَّ سَوَاءً بِسَوَاءٍ، وَبِيعُوا الذَّهَبَ بِالْفِضَّةِ وَالْفِضَّةَ بِالذَّهَبِ كَيْفَ شِئْتُمْ ""‌.",އަބޫ ބަކްރާ رَضِيَ اللَّهُ عَنْهُ ރިވާ ކުރެއްވިއެވެ: ރަސޫލު ﷲ ﷺ ޙަދީޘް ކުރެއްވިއެވެ: ”އެއްވަރަކަށް ވާނަމަ މެނުވީ ތިޔަބައިމީހުން ރަނަށް ރަން ނުވިއްކާށެވެ. އަދި އެއްވަރަކަށް ވާނަމަ މެނުވީ ރިއްސަށް ރިހި ނުވިއްކާށެވެ. އަދި ތިޔަބައިމީހުން ބޭނުން ގޮތަކަށް ރަނަށް ރިހި، އަދި ރިއްސަށް ރަން ވިއްކާށެވެ.“,
صحيح مسلم,2179,«مَنْ قَامَ مِنْ مَجْلِسِهِ، ثُمَّ رَجَعَ إِلَيْهِ فَهُوَ أَحَقُّ بِهِ»,"""މަޖިލީހެއްގައި އިނދެފައި ތެދުވެގެން ދާމީހާ އެނބުރި އަތުވެއްޖެނަމަ އޭނާ ކުރިން އިންތަން އެންމެ ޙައްގުވެގެންވަނީ އޭނާއަށެވެ.""",
صحيح مسلم,2184,"""إِذَا كُنْتُمْ ثَلَاثَةً، فَلَا يَتَنَاجَى اثْنَانِ دُونَ صَاحِبِهِمَا، فَإِنَّ ذَلِكَ يُحْزِنُهُ""","""ތިޔަބައިމީހުންގެ ތެރެއިން ތިން މީހަކު ތިބި މަޖިލީހެއްގައި އެކަކު ފިޔަވައި އަނެއް ދެމީހުން ސިއްރު ވާހަކަ ނުދައްކާ ހުށިކަމެވެ. ފަހެ، ހަމަކަށަވަރުން އަނެކާއަށް އޭގެ ސަބަބުން ހިތާމަ(ހިތް ހަމަނުޖެހުން) ލިބޭނެއެވެ.""",
صحيح مسلم,2188,عَنِ ابْنِ عَبَّاسٍ، عَنِ النَّبِيِّ ﷺ قَالَ “ الْعَيْنُ حَقٌّ وَلَوْ كَانَ شَىْءٌ سَابَقَ الْقَدَرَ سَبَقَتْهُ الْعَيْنُ وَإِذَا اسْتُغْسِلْتُمْ فَاغْسِلُوا ”,އިބްނު ޢައްބާސްގެ އަރިހުން ރިވާވެފައި ވެއެވެ. ނަބިއްޔާ ޞައްލަﷲ ޢަލައިހި ވަސައްލަމް ޙަދީޘް ކުރެއްވިއެވެ. “އެސްފީނާއަކީ ޙަގީގަތެކެވެ. އެއްވެސް އެއްޗެއް މިންވަރުފުޅު ފަހަނައަޅައިދާ އެއްޗެއްކަމުގައި ވީނަމަ، ފަހެ، އެސްފީނާ އެފަދައިން ވީހެވެ. ތިޔަބައިމީހުންގެ ތެރެއިން މީހެއްގެ ކިބައިން (އެސްފީނާގެ ސަބަބުން) ފެންވެރުމަށް އެދިއްޖެނަމަ، ފަހެ، އެކަން ކުރާހުށިކަމެވެ.”,
صحيح مسلم,2199,مَنِ اسْتَطَاعَ مِنكُم أَنْ يَنْفَعَ أَخَاهُ فَلْيَفْعَلْ.,ތިޔަބައިމީހުންގެ ތެރެއިން މީހަކު އޭނާގެ އަޚާއަށް މަންފާ ކޮށްދެވެން ހުރި ނަމަ، ފަހެ އޭނާ އެކަން ކުރާށެވެ.,
صحيح مسلم,2204,"""لِكُلِّ دَاءٍ دَوَاءٌ، فَإِذَا أُصِيبَ دَوَاءُ الدَّاءِ بَرَأَ بِإِذْنِ اللهِ عَزَّ وَجَلَّ""","""ކޮންމެ ބައްޔަކަށް ބޭހެއްވެއެވެ. ފަހެ، އެބައްޔާއި ބޭހާ ދިމާވެއްޖެނަމަ ﷲ ޢައްޒަ ވަޖައްލަގެ އިރާދަފުޅުން ބަލި ފަސޭހަވެއެވެ.""",
صحيح مسلم,2214,وَحَدَّثَنِي حَرْمَلَةُ بْنُ يَحْيَى، أَخْبَرَنَا ابْنُ وَهْبٍ، أَخْبَرَنِي يُونُسُ بْنُ يَزِيدَ أَنَّ ابْنَ شِهَابٍ أَخْبَرَهُ قَالَ: أَخْبَرَنِي عُبَيْدُ اللهِ بْنُ عَبْدِ اللهِ بْنِ عُتْبَةَ بْنِ مَسْعُودٍ أَنَّ أُمَّ قَيْسٍ بِنْتَ مِحْصَنٍ - وَكَانَتْ مِنَ الْمُهَاجِرَاتِ الْأُوَلِ اللَّاتِي بَايَعْنَ رَسُولَ اللهِ ﷺ، وَهِيَ أُخْتُ عُكَّاشَةَ بْنِ مِحْصَنٍ أَحَدِ بَنِي أَسَدِ بْنِ خُزَيْمَةَ، قَالَ: أَخْبَرَتْنِي أَنَّهَا أَتَتْ رَسُولَ اللهِ ﷺ بِابْنٍ لَهَا لَمْ يَبْلُغْ أَنْ يَأْكُلَ الطَّعَامَ، وَقَدْ أَعْلَقْتُ عَلَيْهِ مِنَ الْعُذْرَةِ، (قَالَ يُونُسُ: أَعْلَقْتُ غَمَزَتْ، فَهِيَ تَخَافُ أَنْ يَكُونَ بِهِ عُذْرَةٌ)، قَالَتْ: فَقَالَ رَسُولُ اللهِ ﷺ: عَلَامَهْ تَدْغَرْنَ أَوْلَادَكُنَّ بِهَذَا الْإِعْلَاقِ؟ عَلَيْكُمْ بِهَذَا الْعُودِ الْهِنْدِيِّ (يَعْنِي بِهِ الْكُسْتَ) فَإِنَّ فِيهِ سَبْعَةَ أَشْفِيَةٍ، مِنْهَا ذَاتُ الْجَنْبِ. قَالَ عُبَيْدُ اللهِ: وَأَخْبَرَتْنِي أَنَّ ابْنَهَا ذَاكَ بَالَ فِي حِجْرِ رَسُولِ اللهِ ﷺ، فَدَعَا رَسُولُ اللهِ ﷺ بِمَاءٍ فَنَضَحَهُ عَلَى بَوْلِهِ وَلَمْ يَغْسِلْهُ غَسْلًا.,އުއްމު ގައިސް ބިންތި މިޙްޞަން ރިވާ ކުރެއްވިއެވެ. އަދި އެ ކަމަނާއަކީ ފުރަތަމަ ފަހަރު ހިޖުރަ ކުރެއްވި، ރަސޫލު ﷲ ﷺ އަށް ބައިޢަތު ހިއްޕެވި އަންހެން ކަނބަލެކެވެ. އެ ކަމަނާއަކީ ބަނީ އަސަދު ބިން ޚުޒައިމާގެ ދަރިކަލުންގެ ތެރެއިން ޢުއްކާޝާ ބިން މިޙްޞަންގެ އުޚްތެވެ. އެ ކަމަނާގެ ފިރިހެން ކުޑަ ކުއްޖަކު ގޮވައިގެން، ރަސޫލު ﷲ ﷺ ގެ އަރިހަށް އައެވެ. އޭރު އެ ކުއްޖާ ކާން ނުފަށައެވެ. އެ ކުއްޖާއަށް ޓޮންސިލައިޓިސް ޖެހުމުގެ ސަބަބުން، އެ ކުއްޖާގެ ޓޮންސިލްތަކުގައި އެ ކަމަނާ ހުންނެވީ ފިއްތަވާލައިގެންނެވެ. ރަސޫލު ﷲ ﷺ ޙަދީޘް ކުރެއްވިއެވެ: ”ތިޔަ ކަނބަލުންގެ ދަރިންގެ ޓޮންސިލްތަކުގައި ތި ގޮތަށް ފިއްތައިގެން ތިޔަ އަނިޔާ ކުރަނީ ކީއްވެތޯއެވެ؟ ތިޔަ ކަނބަލުންގެ މައްޗަށް އޮތީ މި އިންޑިޔާ ގުސްޠު ބޭނުން ކުރުމެވެ. އެހެނީ ހަމަކަށަވަރުން އޭގައި ހަތް ޝިފާއެއް ލެއްވިގެންވެއެވެ. އޭގެ ތެރެއިން ޕްލިއުރިސީއަށް ޝިފާ ހިމެނެއެވެ.“ (ޙަދީޘްގެ ރާވީއެއް ކަމަށްވާ) ޢުބައިދު ﷲ ވިދާޅުވިއެވެ: އަދި އެ ކަމަނާ ތިމަންނައަށް ކިޔައިދެއްވިއެވެ: އެ ކަމަނާގެ ދަރިފުޅު ނަބިއްޔާގެ އުނގުފުޅުގެ މައްޗަށް ކުޑަކަމުދިޔައެވެ. ދެން ފެން ގެނައުމަށް އެންގެވުމަށް ފަހު، އެ ކުޑަކަމުދިއުން ޖެހުނު ތަނުގައި ނަބިއްޔާ ފެން ބުރުވާލެއްވިއެވެ. އަދި ނުދޮންނަވައެވެ.,
صحيح مسلم,2230,مَنْ أَتَى عَرَّافًا فَسَأَلَهُ عَنْ شَىْءٍ لَمْ تُقْبَلْ لَهُ صَلاَةٌ أَرْبَعِينَ لَيْلَةً,އަތްބަލާމީހެއްގެ ގާތަށްގޮސް ކަމާކާއި ބެހޭގޮތުން ސުވާލުކޮށްފިމީހާގެ ނަމާދު 40 ރޭ ވަންދެން ގަބޫލް ނުކުރެއްވޭ ހުއްޓެވެ,
صحيح مسلم,2292,حَوْضِي مَسِيرَةُ شَهْرٍ، وَزَوَايَاهُ سَوَاءٌ، وَمَاؤُهُ أَبْيَضُ مِنَ الوَرِقِ، وَرِيحُهُ أَطْيَبُ مِنَ المِسْكِ، وَكِيزَانُهُ كَنُجُومِ السَّمَاءِ، فمَن شَرِبَ منه فلا يَظْمَأُ بَعْدَهُ أَبَدًا.,ޢަބްދުﷲ ބުނު ޢަމްރު ބުނު އަލްޢާސްގެ ކިބައިން ރިވާވެގެންވެއެވެ. ނަބިއްޔާ ﷺ ޙަދީޘްކުރެއްވިއެވެ. ތިމަންކަލޭގެފާނުގެ ޙަވްޟުގެ ބޮޑު މިނަކީ ހަތަރު ފަރާތުން ކުރެ ކޮންމެ ފަރާތެއްގައިމެ މަސްދުވަހުގެ ރާސްތާއެވެ. އެ ޙަޥްޟުގެ ފެނުގެ ކުލަ ކިރަށްވުރެ ހުދުކަން ގަދައެވެ. އޭގެވަސް މިސްކުގެ ވަހަށްވުރެ މީރެވެ. އެއިން ފެން ބުއިމަށްޓަކައި ވާ ޖޯޑު ތަކުގެ ޢަދަދު އުޑުގެ ތަރިތަކަށް ވުރެ ގިނައެވެ. އެ ޙަވްޟުން ބޮއެފިމީހަކު އޭގެ ފަހުގައި ދުވަހަކުވެސް ކަރެއް ނުހިއްކާނެއެވެ.,
صحيح مسلم,2312,"""عَنْ أَنَسٍ، أَنَّ رَجُلًا سَأَلَ النَّبِيَّ صَلَّى اللهُ عَلَيْهِ وَسَلَّمَ غَنَمًا بَيْنَ جَبَلَيْنِ، فَأَعْطَاهُ إِيَّاهُ،""","""އަނަސްގެފާނުގެ ކިބައިން ރިވާވެގެންވެއެވެ. އެއްދުވަހަކު ނަބިއްޔާ ޞައްލަﷲ ޢަލައިހި ވަސައްލަމަގެ އަރިހުން ދެ ފަރުބަދައެއްގެ ދެމެދުގައިވާ ބަކަރިތަކެއް ދެއްވުމަށް އެދުނެވެ. އެހިނދު ހުރިހައި ބަކަރިއެއް އެކަލޭގެފާނު އޭނާއަށް ދެއްވިއެވެ.""",
صحيح مسلم,2333,وَحَدَّثَنَا أَبُو بَكْرِ بْنُ أَبِي شَيْبَةَ، حَدَّثَنَا سُفْيَانُ بْنُ عُيَيْنَةَ. (ح) وَحَدَّثَنَا أَبُو كُرَيْبٍ، حَدَّثَنَا أَبُو أُسَامَةَ وَابْنُ بِشْرٍ، جَمِيعًا عَنْ هِشَامٍ (ح) وَحَدَّثَنَا مُحَمَّدُ بْنُ عَبْدِ اللهِ بْنِ نُمَيْرٍ (وَاللَّفْظُ لَهُ)، حَدَّثَنَا مُحَمَّدُ بْنُ بِشْرٍ، حَدَّثَنَا هِشَامٌ، عَنْ أَبِيهِ، عَنْ عَائِشَةَ أَنَّ الْحَارِثَ بْنَ هِشَامٍ سَأَلَ النَّبِيَّ ﷺ كَيْفَ يَأْتِيكَ الْوَحْيُ؟ فَقَالَ: أَحْيَانًا يَأْتِينِي فِي مِثْلِ صَلْصَلَةِ الْجَرَسِ وَهُوَ أَشَدُّهُ عَلَيَّ، ثُمَّ يَفْصِمُ عَنِّي وَقَدْ وَعَيْتُهُ، وَأَحْيَانًا مَلَكٌ فِي مِثْلِ صُورَةِ الرَّجُلِ فَأَعِي مَا يَقُولُ.,ޢާއިޝާ رَضِيَ اللَّهُ عَنْهَا ރިވާ ކުރެއްވިއެވެ: އަލްޙާރިޘް ބިން ހިޝާމު، ނަބިއްޔާ ﷺ އަރިހު ސުވާލު ކުރެއްވިއެވެ: އިބަ ނަބިއްޔާއަށް ވަހީ ބާވައިލެވެނީ ކިހިނަކުންތޯއެވެ؟ ނަބިއްޔާ ޙަދީޘް ކުރެއްވިއެވެ: ”ބައެއް ފަހަރު ރަނގަބީލެއްގެ އަޑުފަދައިން ބާވައިލެވެއެވެ. (މި ގޮތަށް ވަހީ ބާވައިލެވުމަކީ) ތިމަން ނަބިއްޔާއަށް އެންމެ ބުރަވެގެންވާ ގޮތެވެ. ދެން ތިމަން ނަބިއްޔާއާ ވަކިވެވަޑައިގަތުމުން އެ ވިދާޅުވި އެއްޗެއް ތިމަން ނަބިއްޔާއަށް ވާނީ އެނގިވަޑައިގެންފައެވެ. އަދި އަނެއްބައި ފަހަރު ތިމަން ނަބިއްޔާއަށް ފިރިހެނެއްގެ ސިފައިގައި މަލާއިކަތެއް ވަޑައިގަނެއެވެ. ދެން އެ މަލާއިކަތާ ވިދާޅުވާ އެއްޗެއް އެނގިވަޑައިގަންނަވަމެވެ.“,b2
صحيح مسلم,2344,كان كثيرَ شعرِ اللِّحْيَةِ,ރަސޫލާގެ ތުނބުޅިފިޅުގެ އިސްތަށިތައް ގިނައެވެ.,
صحيح مسلم,2390,حَدَّثَنَا مَنْصُورُ بْنُ أَبِي مُزَاحِمٍ، حَدَّثَنَا إِبْرَاهِيمُ بْنُ سَعْدٍ، عَنْ صَالِحِ بْنِ كَيْسَانَ. (ح) وَحَدَّثَنَا زُهَيْرُ بْنُ حَرْبٍ وَالْحَسَنُ بْنُ عَلِيٍّ الْحُلْوَانِيُّ وَعَبْدُ بْنُ حُمَيْدٍ (وَاللَّفْظُ لَهُمْ)، قَالُوا: حَدَّثَنَا يَعْقُوبُ بْنُ إِبْرَاهِيمَ، حَدَّثَنَا أَبِي، عَنْ صَالِحٍ، عَنِ ابْنِ شِهَابٍ، حَدَّثَنِي أَبُو أُمَامَةَ بْنُ سَهْلٍ أَنَّهُ سَمِعَ أَبَا سَعِيدٍ الْخُدْرِيَّ يَقُولُ: قَالَ رَسُولُ اللهِ ﷺ: بَيْنَا أَنَا نَائِمٌ رَأَيْتُ النَّاسَ يُعْرَضُونَ وَعَلَيْهِمْ قُمُصٌ، مِنْهَا مَا يَبْلُغُ الثُّدِيَّ، وَمِنْهَا مَا يَبْلُغُ دُونَ ذَلِكَ، وَمَرَّ عُمَرُ بْنُ الْخَطَّابِ وَعَلَيْهِ قَمِيصٌ يَجُرُّهُ، قَالُوا: مَاذَا أَوَّلْتَ ذَلِكَ يَا رَسُولَ اللهِ؟ قَالَ: الدِّينَ.,އަބޫ ސައީދު އަލްޚުދްރީ رَضِيَ اللَّهُ عَنْهُ ރިވާ ކުރެއްވިއެވެ: ރަސޫލު ﷲ ﷺ ޙަދީޘް ކުރައްވަނިކޮށް ތިމަން އަޑު އެހީމެވެ: ”އަވަހާރަފުޅު ލައްޕަވަނިކޮށް (ހުވަފެންފުޅެއްގައި) ތިމަން ނަބިއްޔާއަށް ގަމީސް ލައިގެން ތިބި ބަޔަކު ދެއްކެވުނެވެ. އެއްބަޔެއްގެ މެއާ ހިސާބަށް އެ ގަމީސްތައް ފޯރިއެވެ. އަދި އަނެއް ބަޔަކަށް އެއަށްވުރެ ތިރިއަށް އެ ގަމީސްތައް ފޯރިއެވެ. އަދި ޢުމަރު ބިން އަލްޚައްޠާބު ތިމަން ނަބިއްޔާއަށް ދެއްކެވުނެވެ. އެކަލޭގެފާނުގެ ގައިކޮޅުގައިވާ ގަމީސް (ދިގުކަމުން އޭތި) ގެންދިޔައީ ދަމަމުންނެވެ.“ މީސްތަކުން ދެންނެވިއެވެ: އޭ ﷲގެ ރަސޫލާއެވެ. އިބަ ނަބިއްޔާ އެ މާނަ ކުރައްވަނީ ކިހިނަކުންތޯއެވެ؟ ނަބިއްޔާ ޙަދީޘް ކުރެއްވިއެވެ: ”(އެއީ) ދީނެވެ.“,b23
صحيح مسلم,2540,"حَدَّثَنَا يَحْيَى بْنُ يَحْيَى التَّمِيمِيُّ، وَأَبُو بَكْرِ بْنُ أَبِي شَيْبَةَ وَمُحَمَّدُ بْنُ الْعَلاَءِ قَالَ يَحْيَى أَخْبَرَنَا وَقَالَ الآخَرَانِ، حَدَّثَنَا أَبُو مُعَاوِيَةَ، عَنِ الأَعْمَشِ، عَنْ أَبِي صَالِحٍ، عَنْ أَبِي، هُرَيْرَةَ قَالَ قَالَ رَسُولُ اللَّهِ ﷺ "" لاَ تَسُبُّوا أَصْحَابِي لاَ تَسُبُّوا أَصْحَابِي فَوَالَّذِي نَفْسِي بِيَدِهِ لَوْ أَنَّ أَحَدَكُمْ أَنْفَقَ مِثْلَ أُحُدٍ ذَهَبًا مَا أَدْرَكَ مُدَّ أَحَدِهِمْ وَلاَ نَصِيفَهُ "" .","އަބޫ ސަޢީދް އަލްޚުދްރީ - رضي الله عنه- އަރިހުން، ވިދާޅުވިއޭ: ނަބިއްޔާ ﷺَ ޙަދީޘްކުރެއްވިއެވެ: «لَا تَسُبُّوا أَصْحَابِي، فَوَالَّذِي نَفْسِي بِيَدِهِ لَوْ أَنَّ أَحَدَكُمْ أَنْفَقَ مِثْلَ أُحُدٍ ذَهَبًا، مَا أَدْرَكَ مُدَّ أَحَدِهِمْ، وَلَا نَصِيفَه» ""ތިމަންކަލޭގެފާނުގެ އަޞްޙާބުންނަށް ބަދުބަސް ނުބުނާށެވެ. އެހެނީ ހަމަކަށަވަރުން އެފާރާތެއްގެ އަތްޕުޅު ތިމަން ނަބިއްޔާގެ ނަފްސު ވާ ފަރާތް ގަންދެއްވައި ވިދާޅުވަމެވެ: އުހުދު (ފަރުބަދަ)ހާ ރަން ތިޔަބައިމީހުން ތެރެއިން މީހެއް ހޭދަކުރިޔަސް، އެވެރިން ހޭދަކުރި އަތްގޯއްޓެއްގެ (އަޖުރުގެ) މިންވަރާއިވެސް، ނޫނީ އޭގެ ދެބައިކުޅަ އެއްބަޔާއިވެސް އަރައިނުފޯރާނެއެވެ.""",
صحيح مسلم,2540,لا تَسُبُّوا أصْحابِي، لا تَسُبُّوا أصْحابِي، فَوالذي نَفْسِي بيَدِهِ لو أنَّ أحَدَكُمْ أنْفَقَ مِثْلَ أُحُدٍ ذَهَبًا، ما أدْرَكَ مُدَّ أحَدِهِمْ، ولا نَصِيفَهُ.,ތިޔަބައިމީހުން ތިމަންކަލޭގެފާނުގެ އަޞްޙާބުބޭކަލުންނަށް އެއްޗެހި ނުކިޔާށެވެ. އެ އިލާހުގެ އަތްޕުޅުގައި ތިމަންކަލޭގެފާނުގެ ނަފްސުވާ އިލާހު ގަންދެއްވާ ވިދާޅުވަމެވެ. ތިޔަބައިމީހުންގެ ތެރެއިން މީހަކު އުޙު ދު ފަރުބަދައާއި އެއްވަރަށް ރަން ހޭދަކުރިކަމުގައި ވީނަމަވެސް ޞަޙާބީބޭކަލެއްގެ އަތް ގޮށްޓެއްގެ މިންވަރަށް ހޭދަކުރުމާވެސް އެއްވަރެއް ނޫނެވެ. އަދި ކިއެއްތަ އަތްގޮށްޓެއްގެ ދެބައިކުޅަ އެއްބައި މިންވަރު ހޭދަކުރުމާވެސް އެއްވަރު ވެގެންނުވެއެވެ.[,
صحيح مسلم,2552,"حَدَّثَنِي أَبُو الطَّاهِرِ أَحْمَدُ بْنُ عَمْرِو بْنِ سَرْحٍ ، أَخْبَرَنَا عَبْدُ اللهِ بْنُ وَهْبٍ ، أَخْبَرَنِي سَعِيدُ بْنُ أَبِي أَيُّوبَ ، عَنِ الْوَلِيدِ بْنِ أَبِي الْوَلِيدِ ، عَنْ عَبْدِ اللهِ بْنِ دِينَارٍ ، عَنْ عَبْدِ اللهِ بْنِ عُمَرَ أَنَّ رَجُلًا مِنَ الْأَعْرَابِ لَقِيَهُ بِطَرِيقِ مَكَّةَ ، فَسَلَّمَ عَلَيْهِ عَبْدُ اللهِ وَحَمَلَهُ عَلَى حِمَارٍ كَانَ يَرْكَبُهُ وَأَعْطَاهُ عِمَامَةً كَانَتْ عَلَى رَأْسِهِ, فَقَالَ ابْنُ دِينَارٍ : فَقُلْنَا لَهُ : أَصْلَحَكَ اللهُ إِنَّهُمُ الْأَعْرَابُ وَإِنَّهُمْ يَرْضَوْنَ بِالْيَسِيرِ . فَقَالَ عَبْدُ اللهِ : إِنَّ أَبَا هَذَا كَانَ وُدًّا لِعُمَرَ بْنِ الْخَطَّابِ ، وَإِنِّي سَمِعْتُ رَسُولَ اللهِ صَلَّى اللهُ عَلَيْهِ وَسَلَّمَ يَقُولُ : إِنَّ أَبَرَّ الْبِرِّ صِلَةُ الْوَلَدِ أَهْلَ وُدِّ أَبِيهِ .","إِنَّ أَبَرَّ الْبِرِّ أَنْ يَصِلَ الرَّجُلُ أَهْلَ وُدِّ أَبِيهِ) މާނައީ: ""ހަމަކަށަވަރުން މީހަކު އެންމެ ހެޔޮކޮށްހިތާ ހެޔޮކޮށް ހިތުމަކީ އޭނާގެ ބައްޕަ ލޯބިކުރި މީޙުންނަށް ލޯބިކުރުމެވެ."" رواه البخاري في الأدب المفرد (41) و صححه الألباني.",
صحيح مسلم,2553,حَدَّثَنِي مُحَمَّدُ بْنُ حَاتِمِ بْنِ مَيْمُونٍ، حَدَّثَنَا ابْنُ مَهْدِيٍّ، عَنْ مُعَاوِيَةَ بْنِ صَالِحٍ، عَنْ عَبْدِ الرَّحْمَنِ بْنِ جُبَيْرِ بْنِ نُفَيْرٍ، عَنْ أَبِيهِ، عَنِ النَّوَّاسِ بْنِ سَمْعَانَ الْأَنْصَارِيِّ قَالَ: سَأَلْتُ رَسُولَ اللهِ ﷺ عَنِ الْبِرِّ وَالْإِثْمِ فَقَالَ: الْبِرُّ حُسْنُ الْخُلُقِ، وَالْإِثْمُ مَا حَاكَ فِي صَدْرِكَ، وَكَرِهْتَ أَنْ يَطَّلِعَ عَلَيْهِ النَّاسُ.,އައްނައްވާސް ބިން ސަމްޢާނު އަލްއަންޞާރީ ރިވާ ކުރެއްވިއެވެ: ރަސޫލު ﷲ ﷺ އަރިހުގައި ހެޔޮ ކަންކަމާއި އަދި ފާފައާއި ބެހޭ ގޮތުން ސުވާލު ކުރީމެވެ. ނަބިއްޔާ ޙަދީޘް ކުރެއްވިއެވެ: ”ހެޔޮކަމަކީ، އަޚްލާގު ރަނގަޅުވުމެވެ. އަދި ފާފައަކީ، ހިތުގައި ނުތަނަވަސްކަން އުފައްދާ، އަދި (އެ ފާފައިގައި ތިބާ ވަނިކޮށް) އެހެން މީހުންނަށް ފެންނަން ތިބާ ނޭދޭ ކަންކަމެވެ.“,
صحيح مسلم,2556,حَدَّثَنِي عَبْدُ اللهِ بْنُ مُحَمَّدِ بْنِ أَسْمَاءَ الضُّبَعِيُّ ، حَدَّثَنَا جُوَيْرِيَةُ ، عَنْ مَالِكٍ ، عَنِ الزُّهْرِيِّ أَنَّ مُحَمَّدَ بْنَ جُبَيْرِ بْنِ مُطْعِمٍ أَخْبَرَهُ أَنَّ أَبَاهُ أَخْبَرَهُ أَنَّ رَسُولَ اللهِ صَلَّى اللهُ عَلَيْهِ وَسَلَّمَ قَالَ : لَا يَدْخُلُ الْجَنَّةَ قَاطِعُ رَحِمٍ .,"ރަސޫލުﷲ ޞައްލަﷲ ޢަލައިހި ވަސައްލަމަ ޙަދީޘްކުރެއްވިއެވެ. (لاَ يَدْخُلُ الْجَنَّةَ قَاطِعُ رَحِمٍ) މާނައީ: ""ރަޙިމުގެ ގުޅުން ކަނޑާމީހާ ސުވަރުގެ ނުވަންނަ ހުއްޓެވެ."" رواه البخاري في الأدب المفرد (64) وصححه الألباني.",
صحيح مسلم,2564,حَدَّثَنَا عَبْدُ اللهِ بْنُ مَسْلَمَةَ بْنِ قَعْنَبٍ، حَدَّثَنَا دَاوُدُ يَعْنِي: ابْنَ قَيْسٍ، عَنْ أَبِي سَعِيدٍ مَوْلَى عَامِرِ بْنِ كُرَيْزٍ، عَنْ أَبِي هُرَيْرَةَ قَالَ: قَالَ رَسُولُ اللهِ ﷺ: لَا تَحَاسَدُوا وَلَا تَنَاجَشُوا، وَلَا تَبَاغَضُوا، وَلَا تَدَابَرُوا، وَلَا يَبِعْ بَعْضُكُمْ عَلَى بَيْعِ بَعْضٍ، وَكُونُوا عِبَادَ اللهِ إِخْوَانًا، الْمُسْلِمُ أَخُو الْمُسْلِمِ لَا يَظْلِمُهُ، وَلَا يَخْذُلُهُ، وَلَا يَحْقِرُهُ التَّقْوَى هَاهُنَا وَيُشِيرُ إِلَى صَدْرِهِ ثَلَاثَ مَرَّاتٍ بِحَسْبِ امْرِئٍ مِنَ الشَّرِّ أَنْ يَحْقِرَ أَخَاهُ الْمُسْلِمَ، كُلُّ الْمُسْلِمِ عَلَى الْمُسْلِمِ حَرَامٌ دَمُهُ، وَمَالُهُ، وَعِرْضُهُ.,އަބޫ ހުރައިރާ ރިވާ ކުރެއްވިއެވެ: ރަސޫލު ﷲ ﷺ ޙަދީޘް ކުރެއްވިއެވެ: ”ތިޔަބައިމީހުން އެއްބަޔަކު އަނެއްބަޔަކާ ހަސަދަވެރި ނުވާށެވެ. އަދި އެއްބަޔަކު އަނެއްބަޔަކަށް (ގެއްލުން ދިނުމުގެ ގޮތުން ރާވައިގެން، އެއްޗެއް ގަތުމުގެ ގަސްދަކާ ނުލައި އޭގެ) އަގު ބޮޑުކޮށް ނުހަދާށެވެ. އަދި އެއްބަޔަކު އަނެއްބަޔަކަށް ނަފުރަތު ނުކުރާށެވެ. އަދި އެއްބަޔަކު އަނެއްބަޔަކަށް ފުރަގަސް ނުދޭށެވެ. އަދި އެއްބަޔަކު އަނެއްބަޔެއްގެ ވިޔަފާރީގެ މައްޗަށް ވިޔަފާރި ނުކުރާށެވެ. (އެބަހީ: ގަނެވިއްކުމުގައި، އެކަކު އަގު ކިޔަމުން ދަނިކޮށް، އަނެކަކު އެ ދޭތެރެއަށް ވަދެ އަގު ކިޔާ ނުހަދާށެވެ.) އަދި ތިޔަބައިމީހުން ﷲގެ އަޅުންގެ ގޮތުގައި، އަޚުންތަކެއް ކަމުގައި ވާށެވެ. އެއް މުސްލިމަކީ އަނެއް މުސްލިމެއްގެ އަޚެކެވެ. އޭނާގެ އަޚާއަށް އަނިޔާވެރިއެއް ނުވާނެއެވެ. އަދި (އޭނާއަށް އެހީނުވެ، ނިކަމެތިވާން) އޭނާ ދޫކޮށެއް ނުލާނެއެވެ. އަދި އޭނާއަށް އިހާނާތްތެރިވެ ނިކަމެތިކޮށެއް ނުހިތާނެއެވެ. ތަގުވާވެރިކަން ވަނީ މި ތަނުގައެވެ. —ދެން (މި ފަދައިން ޙަދީޘް ކުރައްވާފައި) ނަބިއްޔާގެ މޭފުޅާ ދިމާޔަށް ތިން ފަހަރު އިޝާރާތް ކުރެއްވިއެވެ— (އަދި ޙަދީޘް ކުރެއްވިއެވެ:) މީހަކަށް ކުރެވޭ ނުބައި ކަމެއްގެ ގޮތުގައި، އޭނާގެ މުސްލިމު އަޚާއަށް އިހާނާތްތެރިވެ ނިކަމެތިކޮށްލުން ފުދެއެވެ. މުސްލިމެއްގެ ހުރިހާ އެއްޗެއް (ޙައްގަކާ ނުލައި)، އަނެއް މުސްލިމަކަށް ޙަރާމްވެގެން ވެއެވެ. (އެ ގޮތުން) އޭނާގެ ލެޔާއި، އޭނާގެ މުދަލާއި، އަދި އޭނާގެ އަބުރު ވެސްމެއެވެ.“,
صحيح مسلم,2564,عَنْ أَبِي أُمَامَةَ بْنِ سَهْلِ بْنِ حُنَيْفٍ أَنَّهُ قَالَ : رَأَى عَامِرُ بْنُ رَبِيعَةَ سَهْلَ بْنَ حُنَيْفٍ يَغْتَسِلُ، فَقَالَ : مَا رَأَيْتُ كَالْيَوْمِ وَلَا جِلْدَ مُخْبَأَةٍ . فَلُبِطَ بِسَهْلٍ، فَأُتِيَ رَسُولُ اللَّهِ صَلَّى اللَّهُ عَلَيْهِ وَسَلَّمَ، فَقِيلَ : يَا رَسُولَ اللَّهِ، هَلْ لَكَ فِي سَهْلِ بْنِ حُنَيْفٍ، وَاللَّهِ مَا يَرْفَعُ رَأْسَهُ. فَقَالَ : ” هَلْ تَتَّهِمُونَ لَهُ أَحَدًا ؟ ” قَالُوا : نَتَّهِمُ عَامِرَ بْنَ رَبِيعَةَ. قَالَ : فَدَعَا رَسُولُ اللَّهِ صَلَّى اللَّهُ عَلَيْهِ وَسَلَّمَ عَامِرًا، فَتَغَيَّظَ عَلَيْهِ، وَقَالَ : ” عَلَامَ يَقْتُلُ أَحَدُكُمْ أَخَاهُ ؟ أَلَّا بَرَّكْتَ ؟ اغْتَسِلْ لَهُ “. فَغَسَلَ عَامِرٌ وَجْهَهُ وَيَدَيْهِ وَمِرْفَقَيْهِ وَرُكْبَتَيْهِ وَأَطْرَافَ رِجْلَيْهِ وَدَاخِلَةَ إِزَارِهِ فِي قَدَحٍ، ثُمَّ صُبَّ عَلَيْهِ، فَرَاحَ سَهْلٌ مَعَ النَّاسِ لَيْسَ بِهِ بَأْسٌ.,އަބޫ އުމާމާ އިބްނު ސަހްލު އިބްނު ޙުނައިފް ވިދާޅުވިއެވެ. ޢާމިރު އިބްނު ރަބީޢާ އަށް، ސަހްލު އިބްނު ޙުނައިފް ފެންވަރާތީ ފެނިވަޑައިގަތެވެ. ދެން ޢާމިރު ވިދާޅުވިއެވެ. “މިހާ ރީތި ހަންގަނޑެއްގެ ވެރި ޒުވާނަކު ތިމަން ދުވަހަކުވެސް ނުދެކެމެވެ. ގެއިން ދުވަހަކުވެސް ނުނުކުމެ އިން އަންހެންކުއްޖެއްގެ ހަންގަނޑުވެސް މިހާ ރީއްޗެއް ނުވާނެއެވެ.” އެހިނދު ސަހްލު ކުއްލިއަކަށް ހޭނެތިގެން ބިން މައްޗަށް ވެއްޓިއްޖެއެވެ. މިކަމާ ގުޅިގެން މީސްތަކުން ރަސޫލުﷲ ޞައްލަﷲ ޢަލައިހި ވަސައްލަމްގެ އަރިހަށް ވަޑައިގެން ދެންނެވިއެވެ. “އޭ ﷲގެ ރަސޫލާއެވެ! ކަލޭގެފާނަށް، ސަހްލަށް ކަމެއް ކޮށްދެވިދާނެތޯއެވެ. ﷲ ގަންދީ ބުނަމެވެ، އޭނާއަކަށް، އޭނާގެ ބޯވެސް ހިއްލައި ނުލެވެއެވެ.” އެހިނދު ރަސޫލުﷲ ޞައްލަﷲ ޢަލައިހި ވަސައްލަމް އެއްސެވިއެވެ. “ތިޔަބައިމީހުންނަށް (އޭނާގެ ކަންތަކުގައި) ތުހުމަތުކުރެވޭ މީހަކު އެބަހުރި ހެއްޔެވެ؟” އެބައިމީހުން ދެންނެވިއެވެ. “އާމިރު އިބްނު ރަބީޢާ އަށް އަހަރެމެން ތުހުމަތު ކުރަމެވެ.” އެހިނދު ކީރިތި ރަސޫލާ ޞައްލަﷲ ޢަލައިހި ވަސައްލަމަ އޭނާއަށް ގޮވާލައްވައި، ކޯފާގެ ރާގެއްގައި ޙަދީޘްކުރެއްވިއެވެ. “ތިޔަބައިމީހުންގެ ތެރެއިން މީހަކު އޭނާގެ އަޚާ ގަތުލުކުރަނީ ކީއްވެ ހެއްޔެވެ؟ އޭނާއަށްޓަކައި ﷲ ބަރަކާތްލެއްވުން އެދި ދުއާ ނުކުރަނީ ކީއްވެ ހެއްޔެވެ؟ އޭނާއަށްޓަކައި ތިބާގެ ހަށިގަނޑު ދޮންނާށެވެ!” ދެން ޢާމިރު އޭނާގެ މޫނާއި، ދެއަތާއި، ދެއަތްދަނޑިއާއި، ދެކަކުލާއި، ފައިގެ އަރިމައްޗާއި، ޢިޒާރުގެ އެތެރެ ފެން އެއްޗަކުން ދޮވެ، އެފެން ސަހުލުގެ ގަޔަށް އެޅުމުން ސަހްލަށް ކުރިމަތިވެފައިވާ ކަންތައް ﷲ އޭނާގެ ކިބައިން ފިއްލަވައިދެއްވައި، އެއްވެސް ބަލިކަމެއް ނުވާ މީހެއް ފަދައިން މީސްތަކުންނާއެކު ހިނގައިގެންފިއެވެ.,
صحيح مسلم,2577,حَدَّثَنَا عَبْدُ اللهِ بْنُ عَبْدِ الرَّحْمَنِ بْنِ بَهْرَامَ الدَّارِمِيُّ، حَدَّثَنَا مَرْوَانُ يَعْنِي ابْنَ مُحَمَّدٍ الدِّمَشْقِيَّ، حَدَّثَنَا سَعِيدُ بْنُ عَبْدِ الْعَزِيزِ، عَنْ رَبِيعَةَ بْنِ يَزِيدَ، عَنْ أَبِي إِدْرِيسَ الْخَوْلَانِيِّ، عَنْ أَبِي ذَرٍّ عَنِ النَّبِيِّ ﷺ فِيمَا رَوَى عَنِ اللهِ تَبَارَكَ وَتَعَالَى أَنَّهُ قَالَ: يَا عِبَادِي إِنِّي حَرَّمْتُ الظُّلْمَ عَلَى نَفْسِي، وَجَعَلْتُهُ بَيْنَكُمْ مُحَرَّمًا فَلَا تَظَالَمُوا، يَا عِبَادِي كُلُّكُمْ ضَالٌّ إِلَّا مَنْ هَدَيْتُهُ فَاسْتَهْدُونِي أَهْدِكُمْ، يَا عِبَادِي كُلُّكُمْ جَائِعٌ إِلَّا مَنْ أَطْعَمْتُهُ فَاسْتَطْعِمُونِي أُطْعِمْكُمْ، يَا عِبَادِي كُلُّكُمْ عَارٍ إِلَّا مَنْ كَسَوْتُهُ فَاسْتَكْسُونِي أَكْسُكُمْ، يَا عِبَادِي إِنَّكُمْ تُخْطِئُونَ بِاللَّيْلِ وَالنَّهَارِ وَأَنَا أَغْفِرُ الذُّنُوبَ جَمِيعًا فَاسْتَغْفِرُونِي أَغْفِرْ لَكُمْ، يَا عِبَادِي إِنَّكُمْ لَنْ تَبْلُغُوا ضَرِّي فَتَضُرُّونِي، وَلَنْ تَبْلُغُوا نَفْعِي فَتَنْفَعُونِي، يَا عِبَادِي لَوْ أَنَّ أَوَّلَكُمْ وَآخِرَكُمْ وَإِنْسَكُمْ وَجِنَّكُمْ كَانُوا عَلَى أَتْقَى قَلْبِ رَجُلٍ وَاحِدٍ مِنْكُمْ مَا زَادَ ذَلِكَ فِي مُلْكِي شَيْئًا، يَا عِبَادِي لَوْ أَنَّ أَوَّلَكُمْ وَآخِرَكُمْ وَإِنْسَكُمْ وَجِنَّكُمْ كَانُوا عَلَى أَفْجَرِ قَلْبِ رَجُلٍ وَاحِدٍ مَا نَقَصَ ذَلِكَ مِنْ مُلْكِي شَيْئًا، يَا عِبَادِي لَوْ أَنَّ أَوَّلَكُمْ وَآخِرَكُمْ وَإِنْسَكُمْ وَجِنَّكُمْ قَامُوا فِي صَعِيدٍ وَاحِدٍ فَسَأَلُونِي فَأَعْطَيْتُ كُلَّ إِنْسَانٍ مَسْأَلَتَهُ مَا نَقَصَ ذَلِكَ مِمَّا عِنْدِي إِلَّا كَمَا يَنْقُصُ الْمِخْيَطُ إِذَا أُدْخِلَ الْبَحْرَ، يَا عِبَادِي إِنَّمَا هِيَ أَعْمَالُكُمْ أُحْصِيهَا لَكُمْ ثُمَّ أُوَفِّيكُمْ إِيَّاهَا، فَمَنْ وَجَدَ خَيْرًا فَلْيَحْمَدِ اللهَ، وَمَنْ وَجَدَ غَيْرَ ذَلِكَ فَلَا يَلُومَنَّ إِلَّا نَفْسَهُ. قَالَ سَعِيدٌ: كَانَ أَبُو إِدْرِيسَ الْخَوْلَانِيُّ إِذَا حَدَّثَ بِهَذَا الْحَدِيثِ جَثَا عَلَى رُكْبَتَيْهِ.,އަބޫ ޛައްރު ރިވާ ކުރެއްވިއެވެ: ﷲ ތަބާރަކަ ވަތަޢާލާގެ ހަޒްރަތުން، ނަބިއްޔާ ﷺ ރިވާ ކުރެއްވި (ގުދުސީ ޙަދީޘެއްގައި ވެއެވެ.) ﷲ ވަހީ ކުރެއްވިއެވެ: ”އޭ ތިމަން އިލާހުގެ އަޅުންނޭވެ. ހަމަކަށަވަރުން ތިމަން އިލާހުގެ ނަފްސުފުޅުގެ މައްޗަށް އަނިޔާވެރިކަން ޙަރާމް ކުރެއްވީމެވެ. އަދި ތިޔަބައިމީހުންގެ މެދުގައި ވެސް އެއީ ޙަރާމް ކަމެއް ކަމުގައި ތިމަން އިލާހު ލެއްވީމެވެ. ވީމާ، ތިޔަބައިމީހުން އެއްބަޔަކު އަނެއް ބަޔަކަށް އަނިޔާވެރި ނުވާށެވެ. އޭ ތިމަން އިލާހުގެ އަޅުންނޭވެ. ތިމަން އިލާހު ހިދާޔަތު ދައްކަވައިފި މީހަކު ފިޔަވައި ތިޔަބައިމީހުން އެންމެން ވެސް ވަނީ މަގުފުރެދިގެންނެވެ. ވީމާ، ތިމަން އިލާހުގެ ހަޒްރަތުން ހިދާޔަތު ދެއްވުމަށް އެދި ދަންނަވާށެވެ. އޭރުން ތިމަން އިލާހު ތިޔަބައިމީހުންނަށް ހިދާޔަތް ދައްކަވާނަމެވެ. އޭ ތިމަން އިލާހުގެ އަޅުންނޭވެ. ތިމަން އިލާހު ކާން ދެއްވައިފި މީހަކު ފިޔަވައި ތިޔަބައިމީހުން އެންމެން ވެސް ވަނީ ބަނޑުހައި ހޫނުކަންމަތީގައެވެ. ވީމާ، ތިމަން އިލާހުގެ ހަޒްރަތުން ކާންދެއްވުމަށް އެދި ދަންނަވާށެވެ. އޭރުން ތިމަން އިލާހު ތިޔަބައިމީހުންނަށް ކާން ދެއްވާނަމެވެ. އޭ ތިމަން އިލާހުގެ އަޅުންނޭވެ. ތިމަން އިލާހު ފޭރާން ދެއްވައިފި މީހަކު ފިޔަވައި ތިޔަބައިމީހުން އެންމެން ވަނީ އޮރިޔާން ހާލުގައެވެ. ވީމާ، ތިމަން އިލާހުގެ ހަޒްރަތުން ފޭރާން ދެއްވުމަށް އެދި ދަންނަވާށެވެ. އޭރުން ތިމަން އިލާހު ތިޔަބައިމީހުންނަށް ފޭރާން ދެއްވާނަމެވެ. އޭ ތިމަން އިލާހުގެ އަޅުންނޭވެ. ހަމަކަށަވަރުން ތިޔަބައިމީހުން ރެއާއި ދުވާލު ކުށްފާފަތަކަށް އަރައިގަންނަމުއެވެ. އަދި ތިމަން އިލާހު އެންމެހައި ކުށްފާފަތަކެއް ފުއްސަވައި ދެއްވަމެވެ. ވީމާ، ތިމަން އިލާހުގެ ހަޒްރަތުން ފާފަ ފުއްސަވައި ދެއްވުމަށް އެދި ދަންނަވާށެވެ. އޭރުން ތިމަން އިލާހު ތިޔަބައިމީހުންނަށް ފާފަ ފުއްސަވައި ދެއްވާނަމެވެ. އޭ ތިމަން އިލާހުގެ އަޅުންނޭވެ. ހަމަކަށަވަރުން ތިމަން އިލާހަށް ގެއްލުމެއް ދޭން ތިޔަބައިމީހުން އުޅުނުކަމުގައި ވިޔަސް، ތިމަން އިލާހަށް އެއްވެސް ގެއްލުމެއް ނުދެވޭނެއެވެ. އަދި ތިމަން އިލާހަށް މަންފާއެއް ކޮށްދޭން ތިޔަބައިމީހުން އުޅުނުކަމުގައި ވިޔަސް، ތިމަން އިލާހަށް އެއްވެސް މަންފާއެއްކޮށެއް ނުދެވޭނެއެވެ. އޭ ތިމަން އިލާހުގެ އަޅުންނޭވެ. ތިޔަބައިމީހުންގެ ފުރަތަމަ މީހާއާއި، ފަހު މީހާއާއި، އިންސީންނާއި، ޖިންނީންގެ އެންމެން، ތިޔަބައިމީހުންގެ ތެރެއިންވާ އެންމެ ތަގުވާވެރި ހިތެއްގެ ވެރިޔާ ފަދައިންވީ ނަމަވެސް، އެ ކަމުގެ ސަބަބުން ތިމަން އިލާހުގެ މިލްކުވެރިކަމަށް އެއްވެސް އެއްޗެއް އިތުރުވެގެނެއް ނުދާނެއެވެ. އޭ ތިމަން އިލާހުގެ އަޅުންނޭވެ. ތިޔަބައިމީހުންގެ ފުރަތަމަ މީހާއާއި، ފަހު މީހާއާއި، އިންސީންނާއި، ޖިންނީންގެ އެންމެން، އެންމެ ފާޖިރު ހިތެއްގެ ވެރިޔާ ފަދައިން ވީނަމަ ވެސް، އެ ކަމުގެ ސަބަބުން ތިމަން އިލާހުގެ މިލްކުވެރިކަމުން އެއްވެސް އެއްޗެއް އުނިވެގެނެއް ނުދާނެއެވެ. އޭ ތިމަން އިލާހުގެ އަޅުންނޭވެ. ތިޔަބައިމީހުންގެ ފުރަތަމަ މީހާއާއީ، ފަހު މީހާއާއި، އިންސީންނާއި، ޖިންނީންގެ އެންމެން، އެއް ތަނެއްގައި އެއްވެ ތިބެ، އެބައިމީހުން ތިމަން އިލާހުގެ ހަޒްރަތުގައި އެދި ދެންނެވުމުން، އެއިން ކޮންމެ މީހަކަށް އެ މީހަކު އެދޭ ކަމެއް ދެއްވިކަމުގައި ވިޔަސް، އޭގެ ސަބަބުން ކަނޑަކަށް ތިނޯހެއް ލާފައި ނެގުމުން، އެ ކަނޑުން އުނިވާ ފަދައިން މެނުވީ ތިމަން އިލާހުގެ ހަޒްރަތުގައިވާ އެއްވެސް އެއްޗަކުން އުނިވެގެން ނުދާނެއެވެ. (އެބަހީ: އެއްވެސް މިންވަރަކަށް މަދުވެގެނެއް ނުދާނެއެވެ.) އޭ ތިމަން އިލާހުގެ އަޅުންނޭވެ. ތިމަން އިލާހު ތިޔަބައިމީހުންނަށް ހިސާބު ބައްލަވަނީ ހަމައެކަނި ތިޔަބައިމީހުންގެ އަމަލުތަކަށެވެ. ދެން އެއަށްފަހު، އެ އަމަލުތަކާ އެކަށޭނެ ޖަޒާ ތިޔަބައިމީހުންނަށް ދެއްވަމެވެ. ވީމާ ހެޔޮ ގޮތެއް ފެނިއްޖެ މީހާ، ފަހެ ﷲ އަށް ޙަމްދު ކުރާށެވެ. އަދި އެ ނޫން ގޮތެއް ފެނިއްޖެ މީހާ، ފަހެ އޭނާގެ އަމިއްލަ ނަފްސަށް މެނުވީ އެއްގޮތަކަށް ވެސް މަލާމާތް ނުކުރާށެވެ. (އެބަހީ: ކުށްވެރިކޮށް ނުހަދާށެވެ.)“,
صحيح مسلم,2577,يَا عِبَادِي! إِنِّي حَرَّمْتُ الظُّلْمَ عَلَى نَفْسِي، وَجَعَلْتُهُ بَيْنَكُمْ مُحَرَّمًا فَلَا تَظَالَمُوا,އޭ ތިމަންއިލާހުގެ އަޅުތަކުންނޭވެ! ހަމަކަށަވަރުން ތިމަންއިލާހުގެ ނަފްސުފުޅުގެ މައްޗަށް އަނިޔާވެރިކަން ތިމަންއިލާހު ޙަރާމްކުރެއްވީމެވެ. އަދި ތިޔަބައިމީހުންގެ މެދުގައިވެސް އެކަން ޙަރާމްކަމެއްކަމުގައި ލެއްވީމެވެ. ފަހެ ތިޔަބައިމީހުން އެއްބަޔަކު އަނެއްބަޔަކަށް އަނިޔާވެރިނުވާށެވެ.,
صحيح مسلم,2581,"حَدَّثَنَا قُتَيْبَةُ بْنُ سَعِيدٍ، وَعَلِيُّ بْنُ حُجْرٍ، قَالاَ حَدَّثَنَا إِسْمَاعِيلُ، - وَهُوَ ابْنُ جَعْفَرٍ - عَنِ الْعَلاَءِ، عَنْ أَبِيهِ، عَنْ أَبِي هُرَيْرَةَ، أَنَّ رَسُولَ اللَّهِ صلى الله عليه وسلم قَالَ ‏""‏ أَتَدْرُونَ مَا الْمُفْلِسُ ‏""‏ ‏.‏ قَالُوا الْمُفْلِسُ فِينَا مَنْ لاَ دِرْهَمَ لَهُ وَلاَ مَتَاعَ ‏.‏ فَقَالَ ‏""‏ إِنَّ الْمُفْلِسَ مِنْ أُمَّتِي يَأْتِي يَوْمَ الْقِيَامَةِ بِصَلاَةٍ وَصِيَامٍ وَزَكَاةٍ وَيَأْتِي قَدْ شَتَمَ هَذَا وَقَذَفَ هَذَا وَأَكَلَ مَالَ هَذَا وَسَفَكَ دَمَ هَذَا وَضَرَبَ هَذَا فَيُعْطَى هَذَا مِنْ حَسَنَاتِهِ وَهَذَا مِنْ حَسَنَاتِهِ فَإِنْ فَنِيَتْ حَسَنَاتُهُ قَبْلَ أَنْ يُقْضَى مَا عَلَيْهِ أُخِذَ مِنْ خَطَايَاهُمْ فَطُرِحَتْ عَلَيْهِ ثُمَّ طُرِحَ فِي النَّارِ ‏""‏ ‏.‏","ރަސޫލު ﷲ ﷺ ޙަދީޘްކުރެއްވިއެވެ: ""ބަނގުރޫޓު ވެފައިވާ މީހަކީ ކާކުކަން ތިޔަބައިމީ ހުން ދެނެތިބީމުހެއްޔެވެ؟"" މީސްތަކުން ދެންނެވިއެވެ: އަހުރެމެންގެ ތެރޭގައި ބަނގުރޫޓު ވެފައިވާ މީހެކޭ ކިޔަނީ އެމީހެއްގެ އަތުގައި ދިރުހަމެއް މުދަލެއް ނެތް މީހަކަށެވެ. ދެން ރަސޫލާ ޙަދީޘްކުރެއްވިއެވެ: ""ހަމަކަށަވަރުން ތިމަން ކަލޭގެފާނުންގެ އުންމަތުގައި ބަނގުރޫޓުވެފައިވާ މީހަކީ، ޤިޔާމަތް ދުވަހު ނަމާދާއި، ރޯދައާއި، ޒަކާތާއި ހިފައިގެން އަންނައިރު، (އެހެނަސް އޭނާ ދުނިޔޭގައި އުޅުނުއިރު) މިހިރަ މީހާއަށް އެއްޗެތި ގޮވާފައި، މިހިރަމީހެއްގެ ބޮލުގައި ޒިނޭގެ ތުހުމަތު އަޅުވާފައި، މިހިރަ މީހެއްގެ މުދާ ކައިފައި، މިހިރަ މީހެއްގެ ލޭ އޮހޮރުވާފައި، މިހިރަ މީހެއްގެ ގައިގައި ޖަހާފައި އަންނަ މީ ހާއެވެ. ފަހެ ދެން އޭނާގެ ހެޔޮކަންތަކުން މިހިރަ މީހަކަށް ދީފައި، އެހެރަ މީހަކަށް ދީފައި، އޭނާގެ ހެޔޮކަންތައް ހުސްވީ އިރުވެސް އޭނާގެފަރާތުން އަނިޔާ ލިބިފައިތިބި މީހުންގެ ޙައްޤު އަދާ ނުވާތީ އެންމެ ފަހުން އެމީހުންގެ ނުބައިކަންތައް ބޮލު އަޅަން ޖެހެއެވެ. ދެން އޭނާ ނަރަކައަށް އެއްލާލެވެއެވެ.",
صحيح مسلم,2585,الْمُؤْمِنُ لِلْمُؤْمِنِ كالْبُنْيانِ يَشُدُّ بَعْضُهُ بَعْضًا.,""" އެއްމުއުމިނަކު އަނެއްމުއުމިނަކާއި ގުޅިގެންބާރުލިބުންވަނީ ބިނާއެއްގެ އެއްބަޔާއި، އަނެއްބައި ގުޅިގެން ބާރުލިބޭފަދައިންނެއެވެ.""",
صحيح مسلم,2586,حَدَّثَنَا مُحَمَّدُ بْنُ عَبْدِ اللهِ بْنِ نُمَيْرٍ ، حَدَّثَنَا أَبِي ، حَدَّثَنَا زَكَرِيَّاءُ ، عَنِ الشَّعْبِيِّ ، عَنِ النُّعْمَانِ بْنِ بَشِيرٍ قَالَ : قَالَ رَسُولُ اللهِ صَلَّى اللهُ عَلَيْهِ وَسَلَّمَ : مَثَلُ الْمُؤْمِنِينَ فِي تَوَادِّهِمْ وَتَرَاحُمِهِمْ وَتَعَاطُفِهِمْ مَثَلُ الْجَسَدِ ، إِذَا اشْتَكَى مِنْهُ عُضْوٌ تَدَاعَى لَهُ سَائِرُ الْجَسَدِ بِالسَّهَرِ وَالْحُمَّى .,"އައްނުޢުމާން ބިން ބަޝީރު ރިވާ ކުރެއްވިއެވެ: ރަސޫލު ﷲ ﷺ ޙަދީޘް ކުރެއްވިއެވެ: ""އެއްބަޔަކު އަނެއް ބަޔެއް ދެކެ ލޯބިވުމުގައާއި، ރަޙުމް ކުރުމުގައާއި، އޯގާތެރިވުމުގައި މުއުމިނުންގެ މިސާލަކީ އެއް ހަށިގަނޑެއްގެ މިސާލެވެ. އެ ހަށިގަނޑުގެ ގުނަވަނެއްގައި ވޭން އަޅައިފިނަމަ، މުޅި ހަށިގަނޑު ވެސް ހޭލާ ހުރެ، ހުން އައުމުގައި އެ ވޭނުގައި ބައިވެރިވެއެވެ.""",
صحيح مسلم,2588,حَدَّثَنَا يَحْيَى بْنُ أَيُّوبَ وَقُتَيْبَةُ وَابْنُ حُجْرٍ قَالُوا : حَدَّثَنَا إِسْمَاعِيلُ وَهُوَ ابْنُ جَعْفَرٍ ، عَنِ الْعَلَاءِ ، عَنْ أَبِيهِ ، عَنْ أَبِي هُرَيْرَةَ عَنْ رَسُولِ اللهِ صَلَّى اللهُ عَلَيْهِ وَسَلَّمَ قَالَ : مَا نَقَصَتْ صَدَقَةٌ مِنْ مَالٍ ، وَمَا زَادَ اللهُ عَبْدًا بِعَفْوٍ إِلَّا عِزًّا ، وَمَا تَوَاضَعَ أَحَدٌ لِلهِ إِلَّا رَفَعَهُ اللهُ .,"وعن أبي هريرة الله عنه قال: قال رسول الله صل الله عليه وس ما نقصت صدقة من مالِ( ”ޞަދަގާތުގެ ސަބަބުން މުދާ މަދެއް ނުވެއެވެ.""",
صحيح مسلم,2588,عَنْ أَبِي هُرَيْرَةَ، عَنْ رَسُولِ اللهِ صَلَّى اللهُ عَلَيْهِ وَسَلَّمَ، قَالَ «مَا نَقَصَتْ صَدَقَةٌ مِنْ مَالٍ، وَمَا زَادَ اللهُ عَبْدًا بِعَفْوٍ، إِلَّا عِزًّا، وَمَا تَوَاضَعَ أَحَدٌ لِلَّهِ إِلَّا رَفَعَهُ اللهُ»,"""އަބޫ ހުރައިރާގެ ކިބައިން ރިވާވެގެންވެއެވެ. ރަސޫލާ ޞައްލަﷲ ޢަލައިހި ވަސައްލަމަ ޙަދީޘް ކުރެއްވިއެވެ. ""ޞަދަގާތްކޮށްގެން މުދަލަށް އުނިކަމެއް ނާންނާނެއެވެ. ޢަފޫކޮށްގެން ﷲ އެކަލާނގެ އަޅަކަށް ޢިއްޒަތްތެރިކަން ނޫން އެއްޗެއް އިތުރެއް ނުކުރައްވަތެވެ. ﷲއަށް ތަވާޟުޢުވެރިވެއްޖެނަމަ ޝައްކެއްނެތްގޮތުގައި ﷲ އޭނާގެ ގަދަރު އުފުއްލަވާނެއެވެ.""",
صحيح مسلم,2589,أَنَّ رَسُولَ اللهِ صَلَّى اللهُ عَلَيْهِ وَسَلَّمَ، قَالَ: «أَتَدْرُونَ مَا الْغِيبَةُ؟» قَالُوا: اللهُ وَرَسُولُهُ أَعْلَمُ، قَالَ: «ذِكْرُكَ أَخَاكَ بِمَا يَكْرَهُ» قِيلَ أَفَرَأَيْتَ إِنْ كَانَ فِي أَخِي مَا أَقُولُ؟ قَالَ: «إِنْ كَانَ فِيهِ مَا تَقُولُ، فَقَدِ اغْتَبْتَهُ، وَإِنْ لَمْ يَكُنْ فِيهِ فَقَدْ بَهَتَّهُ»,""" ކީރިތި ރަސޫލާ ޞައްލަﷲ ޢަލައިހި ވަސައްލަމަ ޙަދީޘްކުރެއްވިއެވެ. ""ޣީބަ ބުނުމަކީ ކޮބައިތޯއެވެ؟"" އެބޭކަލުން ދެންނެވިއެވެ. ބޮޑަށް ދެނެވޮޑިގެންވަނީ ﷲއާއި އެކަލާނގެ ރަސޫލާއެވެ. އެކަލޭގެފާނު ޙަދީޘްކުރެއްވިއެވެ. ""އެއީ ތިބާގެ އަޚާއާ ބެހޭ ގޮތުން އޭނާ ނުރުހޭ ފަދަ ވާހަކައެއް ތިބާ ދެއްކުމެވެ."" އެކަލޭގެފާނަށް ދެންނެވުނެވެ. އަހަރެން ބުނާވާހަކައަކީ އަހަރެންގެ އަޚާގެ ކިބައިގައި ހުރިކަމެއް ކަމުގައި ވިޔަސްތޯއެވެ! އެކަލޭގެފާނު ޙަދީޘްކުރެއްވިއެވެ. ""އެހެންކަމަށްވާނަމަ ތިބާއެބުނީ ޣީބައެވެ. އޭނާގެ ކިބައިގައި ނެތްކަމެއްގެ ވާހަކަ ތިބާ ދައްކައިފިނަމަވާނީ އޭނާއާ ބެހޭގޮތުން ތިބާ ކަނޑައެޅިގެން ހެދި ދޮގަކަށެވެ.""",
صحيح مسلم,2654,اللَّهُمَّ مُصَرِّفَ القُلُوبِ صَرِّفْ قُلُوبَنَا عَلَى طَاعَتِكَ,ހިތްތަށް (ދިމަދިމާއަށް) އަނބުރައްވާ އަޅަމެންގެވެރި ރަސްކަލާކޮ! އިބަﷲގެ ކިޔަމަންތެރިކަމާ ދިމާއަށް އަޅަމެންގެ ހިތްތައް އަނބުރާލައްވާނދޭވެ!,
صحيح مسلم,2654,اللَّهُمَّ مُصَرِّفَ القُلُوبِ صَرِّفْ قُلُوبَنَا علَى طَاعَتِكَ.,އޭ ﷲ! ހިތްތައް ފުރޮޅުއްވާ އިލާހު! އިބަ ﷲގެ ކިޔަމަންތެރިކަމާއިދިމާޔަށް އަޅަމެންގެ ހިތްތައް ފުރޮޅުއްވާނދޭވެ,
صحيح مسلم,2664,المؤمنُ القويُّ خيرٌ وأحبُّ إلى اللهِ من المؤمنِ الضعيفِ وفي كلٍ خيرٌ,ބަލިކަށި މުއުމިނަކަށް ވުރެ، ވަރުގަދަ މުއުމިނަކު، ﷲގެ ހަޒްރަތުގައި މާ ހެޔޮވެފައި ލޮބުވެތިކަން ބޮޑެވެ. އަދި ކޮންމެ މީހެއްގެ ކިބައިގައި ވެސް ހެޔޮކަން ވެއެވެ.,
صحيح مسلم,2674,مَنْ دَعَا إِلَى هُدًى كَانَ لَهُ مِنَ الأَجْرِ مِثْلُ أُجُورِ مَنْ تَبِعَهُ لاَ يَنْقُصُ ذَلِكَ مِنْ أُجُورِهِمْ شَيْئًا وَمَنْ دَعَا إِلَى ضَلاَلَةٍ كَانَ عَلَيْهِ مِنَ الإِثْمِ مِثْلُ آثَامِ مَنْ تَبِعَهُ لاَ يَنْقُصُ ذَلِكَ مِنْ آثَامِهِمْ شَيْئًا,ތެދުމަގަށް ގޮވާލާ މީހާ، އޭނާއަށް ތަބާވާ ބަޔެއްގެ އަޖުރާ އެއްވަރު އަޖުރު އޭނާއަށް ލިބޭހުށްޓެވެ. އެއީ އެމީހުންގެ އަޖުރުން އެއްވެސް މިންވަރެއް އުނިވުމެއްނެތިއެވެ. އަދި މަގުފުރެދުމަކަށް ގޮވާލާ މީހާ، އޭނާއަށް ތަބާވާ ބަޔެއްގެ ފާފަތަކާ އެއްވަރު ފާފަ އޭނާގެ މައްޗަށް ވާހުށްޓެވެ. އެއީ އެމީހުންގެ ފާފަތަކުން އެއްވެސް މިންވަރެއް އުނިވުމެއްނެތިއެވެ.,
صحيح مسلم,2674,مَن دَعا إلى هُدًى، كانَ له مِنَ الأجْرِ مِثْلُ أُجُورِ مَن تَبِعَهُ، لا يَنْقُصُ ذلكَ مِن أُجُورِهِمْ شيئًا، ومَن دَعا إلى ضَلالَةٍ، كانَ عليه مِنَ الإثْمِ مِثْلُ آثامِ مَن تَبِعَهُ، لا يَنْقُصُ ذلكَ مِن آثامِهِمْ شيئًا.,ހެޔޮމަގަށް ގޮވާލާ މީހާއަށް އޭނާ އެގޮވާލާ ގޮވާލުމަށް ތަބަޢާވާ މީސްތަކުންގެ އަޖްރުވެސް އޭނާއަށް ލިބޭ ހުއްޓެވެ. އެއީ އެތަބަޢަވާ މީހުންގެ އަޖުރުން އެވެސް މިންވަރެއް އުނިވުމެއްނެތިއެވެ. އަދި ނުބައި މަގަށް ގޮވާލާ މީހާއަށްވެސް އޭނާއެގޮވާލާ ނުބައިކަމަށް ތަބަޢަވާ މީސްތަކުންގެ ފާފަތައް އެގޮވާލާ މީހާގެ ބޮލަށް ޖެހޭނެއެވެ. އެއީ ފާފަތަކަށް އަރައިގަންނަ މީސްތަކުން ފާފަތަކުން އެއްވެސް މިންވަރެއް އުނިވުމެއްނެތިއެވެ.,
صحيح مسلم,2674,عَن أبي هريرة رضي الله عنه أنَّ رَسُول اللَّه ﷺ قَالَ: مَن دعا إلى هُدًى كان له مِن الأجرِ مِثْلُ أجورِ مَن تبِعهُ لا ينقُصُ ذلك مِن أجورِهم شيئًا، ومَن دعا إلى ضلالةٍ كان عليه مِن الإثمِ مِثْلُ آثامِ مَن تبِعهُ لا ينقُصُ ذلك مِن آثامِهم شيئًا.,"މާތް ﷲ އެކަލޭގެފާނަށް ރުއްސުންލެއްވި އަބޫ ހުރައިރަތުގެފާނުގެ ކިބައިން ރިވާވެގެންވެއެވެ. އެކަލޭގެފާނު ވިދާޅުވިއެވެ. ހަމަކަށަވަރުން ރަސޫލާ ޞައްލަﷲ ޢަލައިހި ވަސައްލަމަ ޙަދީޘްކުރެއްވިއެވެ: "" ތެދުމަގަށް ގޮވައިލައިފި މީހާ، ދަންނާށެވެ! ދަރުމައާއި ޘަވާބުގެ ތެރެއިން އެމީހަކަށް ތަވާބީހައި ބަޔަކަށް ދެއްވާ ދަރުމައާއި ޘަވާބާ އެއްފަދަ ޘަވާބު، އޭނާއަށް ލިބިގެންވެއެވެ. އެކަމަކު އެއީ، އޭނާއަށް ތަބާވީ މީހުންނަށް ދެއްވާ ޘަވާބުން އުނިވުމަކާއި ނުލައެވެ. އަދި މަގުފުރެދުމަކަށް (މީސްތަކުންނަށް ) ގޮވާލިމީހާ، ދަންނާށެވެ! ފާފައިގެ ތެރެއިން އޭނާއަށް ތަބާވީހައި ބަޔަކަށް ދެއްވާ ފާފައާ ޢުޤޫބާތާ އެއްފަދަ ފާފަ، އޭނައަށް ދެއްވާހުއްޓެވެ. އެއީ އޭނާއަށް ތަބާވީ މީހުންނަށް ދެއްވާ ޢުޤޫބާތާއި ފާފައިން އުނިވުމަކާއި ނުލައެވެ.""",
صحيح مسلم,2677,"عَنْ أَبِي هُرَيْرَةَ ـ رضى الله عنه ـ أَنَّ رَسُولَ اللَّهِ ﷺ قَالَ "" إِنَّ لِلَّهِ تِسْعَةً وَتِسْعِينَ اسْمَا مِائَةً إِلاَّ وَاحِدًا مَنْ أَحْصَاهَا دَخَلَ الْجَنَّةَ ""‌",އަބޫ ހުރައިރާ رَضِيَ اللَّهُ عَنْهُ ގެ އަރިހުން ރިވާވެގެންވެއެވެ. ހަމަކަށަވަރުން ރަސޫލު ﷲ ﷺ ޙަދީޘްކުރެއްވިއެވެ: ”ހަމަކަށަވަރުން، އެ އިސްމުފުޅުތައް އިޙްޞާއުކޮށްފި މީހަކު ސުވަރުގެ ވަންނާނެ، ނުވަދިހަ ނުވަ އިސްމުފުޅު - އެކެއް ނުލައި ސަތޭކަ - ﷲ އަށް ވެއެވެ.“ (ނޯޓު: ﷲ އަށް ނުވަދިހަ ނުވަ އިސްމުފުޅުގެ އިތުރަށް ވެސް އެތައް އިސްމުފުޅެއް ވެއެވެ. މިތާ މި ދައްކަނީ އޭގެ ތެރެއިން ވަކި އިސްމުފުޅުތަކެއްގެ ވާހަކައެވެ. އަދި އެ ޚާއްސަ އިސްމުފުޅުތައް އިޙްޞާއުކުރުމަކީ، އެ އިސްމުފުޅުތައް ދަސްކޮށް، ހިތުދަސްކޮށް، މަޢްރިފާކޮށް ދެނެގަނެ، އެއާމެދު ރައްކާތެރިވެ، އެއަށް އީމާންވެ، ޢަމަލުކުރުމެވެ.),
صحيح مسلم,2693,مَن قالَ: لا إلَهَ إلَّا اللَّهُ وَحْدَهُ لا شَرِيكَ له، له المُلْكُ وَلَهُ الحَمْدُ وَهو علَى كُلِّ شيءٍ قَدِيرٌ، عَشْرَ مِرَارٍ كانَ كَمَن أَعْتَقَ أَرْبَعَةَ أَنْفُسٍ مِن وَلَدِ إسْمَاعِيلَ.,މިފަދައިން މީހަކު ކިޔައިފި ނަމަ، އޭނާ އިސްމާޢީލް عليه السلام ގެ ދަރިފަސްކޮޅުން ނުވަތަ އިސްމާޢީލް ގެ ފާނުގެ ދަރިކަލުން ކުރެ 4 ނަފްސު (އަޅުން) މިނިވަން ކުރި ފަދަ އެވެ.,
صحيح مسلم,2695,((لأَنْ أَقُولَ: سُبْحَانَ اللَّهِ، وَالْحَمْدُ لِلَّهِ، وَلاَ إِلَهَ إِلاَّ اللَّهُ، وَاللهُ أَكْبَرُ أَحَبُّ إِلَىَّ مِمَّا طَلَعَتْ عَلَيْهِ الشَّمْسُ)),"""އިރު އޭގެ މައްޗަށް އެރި ކޮންމެ އެއްޗަކަށްވުރެ (އެބަހީ؛ ދުނިޔެއާއި ދުނިޔޭގައި ވާހާ އެއްޗަކަށްވުރެ)سُبْحَانَ اللَّهِ، وَالْحَمْدُ لِلَّهِ، وَلاَ إِلَهَ إِلاَّ اللَّهُ، وَاللهُ أَكْبَرُމި ފަދައިން ތިމަންކަލޭގެފާނު ކިޔުން ތިމަން ކަލޭގެފާނުގެ އަރިހުގައި ލޮބުވެތިކަން ބޮޑުވެގެންވެއެވެ.""",
صحيح مسلم,2699,حَدَّثَنَا يَحْيَى بْنُ يَحْيَى التَّمِيمِيُّ وَأَبُو بَكْرِ بْنُ أَبِي شَيْبَةَ وَمُحَمَّدُ بْنُ الْعَلَاءِ الْهَمْدَانِيُّ (وَاللَّفْظُ لِيَحْيَى) قَالَ يَحْيَى: أَخْبَرَنَا، وَقَالَ الْآخَرَانِ: حَدَّثَنَا أَبُو مُعَاوِيَةَ، عَنِ الْأَعْمَشِ، عَنْ أَبِي صَالِحٍ، عَنْ أَبِي هُرَيْرَةَ قَالَ: قَالَ رَسُولُ اللهِ ﷺ: مَنْ نَفَّسَ عَنْ مُؤْمِنٍ كُرْبَةً مِنْ كُرَبِ الدُّنْيَا نَفَّسَ اللهُ عَنْهُ كُرْبَةً مِنْ كُرَبِ يَوْمِ الْقِيَامَةِ، وَمَنْ يَسَّرَ عَلَى مُعْسِرٍ يَسَّرَ اللهُ عَلَيْهِ فِي الدُّنْيَا وَالْآخِرَةِ، وَمَنْ سَتَرَ مُسْلِمًا سَتَرَهُ اللهُ فِي الدُّنْيَا وَالْآخِرَةِ، وَاللهُ فِي عَوْنِ الْعَبْدِ مَا كَانَ الْعَبْدُ فِي عَوْنِ أَخِيهِ، وَمَنْ سَلَكَ طَرِيقًا يَلْتَمِسُ فِيهِ عِلْمًا سَهَّلَ اللهُ لَهُ بِهِ طَرِيقًا إِلَى الْجَنَّةِ، وَمَا اجْتَمَعَ قَوْمٌ فِي بَيْتٍ مِنْ بُيُوتِ اللهِ يَتْلُونَ كِتَابَ اللهِ، وَيَتَدَارَسُونَهُ بَيْنَهُمْ إِلَّا نَزَلَتْ عَلَيْهِمُ السَّكِينَةُ، وَغَشِيَتْهُمُ الرَّحْمَةُ، وَحَفَّتْهُمُ الْمَلَائِكَةُ، وَذَكَرَهُمُ اللهُ فِيمَنْ عِنْدَهُ، وَمَنْ بَطَّأَ بِهِ عَمَلُهُ لَمْ يُسْرِعْ بِهِ نَسَبُهُ.,އަބޫ ހުރައިރާ ރިވާ ކުރެއްވިއެވެ: ރަސޫލު ﷲ ﷺ ޙަދީޘް ކުރެއްވިއެވެ: ”މުއުމިނެއްގެ ކިބައިން ދުނިޔޭގެ ހިތާމަތަކުން ކުރެ ހިތާމައެއް ފިލުވައިދީފި މީހަކަށް، ގިޔާމަތް ދުވަހުގެ ހިތާމަތަކުން ކުރެ ހިތާމައެއް ﷲ އޭނާގެ ކިބައިން ފިއްލަވައިދެއްވާނެއެވެ. އަދި ދަތި ހާލުގައި ޖެހިފައިވާ ފަރާތަކަށް ފަސޭހަ ކޮށްދީފި މީހަކަށް، ދުނިޔެއާއި އާޚިރަތުގައި ވެސް ﷲ އޭނާއަށް ފަސޭހަ ކޮށްދެއްވާނެއެވެ. އަދި މުސްލިމަކު ފަރުދާކޮށް (އޭނާގެ ކުށްތައް ފޮރުވައިދީފި) މީހަކަށް، ދުނިޔެއާއި އާޚިރަތުގައި ﷲ އޭނާ ފަރުދާކޮށްދެއްވައި (އޭނާގެ ކުށްތައް ފޮރުއްވައި ދެއްވާނެއެވެ.) އަދި (ﷲގެ) އަޅަކު، އޭނާގެ އަޚާއަށް އެހީތެރިވުމުގައި ވާހައި ހިނދަކު، ﷲ އޭނާއަށް އެހީތެރިވުމުގައި ވޮޑިގެންވާނެއެވެ. އަދި (ޝަރުޢީ) ޢިލްމު ހޯދުމަށް ޓަކައި މަގަކުން ހިނގައިފި މީހަކަށް، އެ ކަމުގެ ސަބަބުން ސުވަރުގެއަށް ދާނެ މަގެއް، ﷲ އޭނާއަށް ފަސޭހަ ކޮށްދެއްވާނެއެވެ. އަދި ﷲގެ ގެކޮޅުތަކުން ކުރެ ގެކޮޅެއްގައި (އެބަހީ: މިސްކިތެއްގައި) ބަޔަކު އެއްވެ، ﷲގެ ފޮތް އެބައިމީހުންގެ މެދުގައި ކިޔަވައި އުނގެނި ދަސްކުރާ ނަމަ، އެބައިމީހުންގެ މައްޗަށް ސަކީނާ (އެބަހީ: މަޑުމޮޅިކަމާއި ހިތްހަމަޖެހުން) ބާވައިނުލައްވާ ނުދާނެއެވެ. އަދި ރަޙުމަތުން އެބައިމީހުން ވަށާލެވޭނެއެވެ. އަދި މަލާއިކަތުން ވެސް އެބައިމީހުން ވަށައިލައްވާނެއެވެ. އަދި ﷲގެ ހަޒްރަތުގައިވާ މަލާއިކަތުންގެ އަރިހުގައި، އެ އިލާހު އެބައިމީހުންގެ (ވާހަކަ) ޒިކުރު ކުރައްވާނެއެވެ. އަދި އެ މީހެއްގެ (ހެޔޮ) އަމަލު ލަސްކޮށް (ފަރުވާ ކުޑަކޮށްފި) މީހަކު، އެ މީހެއްގެ ނަސަބުގެ މޮޅުކަމުން އޭނާއަށް ލިބޭނެ އެއްވެސް ކުރިއެރުމެއް ނޯންނާނެއެވެ.“,
صحيح مسلم,2699,"""وَاللهُ فِي عَوْنِ الْعَبْدِ مَا كَانَ الْعَبْدُ فِي عَوْنِ أَخِيهِ""","""އަޅާ އޭނާގެ އަޚާގެ އެހީތެރިކަމުގައިވާހާ ހިނދަކު ﷲ އޭނާގެ އެހީތެރިކަމުގައި ވޮޑިގެންވެއެވެ.""",
صحيح مسلم,2699,"""مَنْ نَفَّسَ عَنْ مُؤْمِنٍ كُرْبَةً مِنْ كُرَبِ الدُّنْيَا، نَفَّسَ اللهُ عَنْهُ كُرْبَةً مِنْ كُرَبِ يَوْمِ الْقِيَامَةِ""","""މުއުމިނެއްގެ ކިބައިން ދުންޔަވީ މުޞީބާތެއް ހިތާމައެއް ގިކަންވެރިކަމެއް ލުއިކޮށްދޭ މީހެއްގެ ގިލަންވަރިކަމާއި ހިތާމަ އަދި މުޞީބާތްތައް ގިޔާމަތްދުވަހުން ﷲ ލުއިކޮށްދެއްވާނެއެވެ.""",
صحيح مسلم,2703,مَنْ تَابَ قَبْل أَنْ تَطْلُعَ الشَّمْسُ مِنْ مَغْرِبِهَا تَابَ اللهُ عَليْه,ހުޅަނގު ފަރާތުން އިރު އެރުމުގެ ކުރިން توبة ވެއްޖެ އަޅަކަށް ﷲތަޢާލާ ތައުބާލައްވަތެވެ,
صحيح مسلم,2712,"عَنْ عَبْدِ اللَّهِ بْنِ عُمَرَ، أَنَّهُ أَمَرَ رَجُلاً إِذَا أَخَذَ مَضْجَعَهُ قَالَ ‏ ""‏ اللَّهُمَّ خَلَقْتَ نَفْسِي وَأَنْتَ تَوَفَّاهَا لَكَ مَمَاتُهَا وَمَحْيَاهَا إِنْ أَحْيَيْتَهَا فَاحْفَظْهَا وَإِنْ أَمَتَّهَا فَاغْفِرْ لَهَا اللَّهُمَّ إِنِّي أَسْأَلُكَ الْعَافِيَةَ ‏""‏ ‏.‏",އޭ ﷲ އެވެ. މި އަޅާގެ ނަފްސު ޚަލްގުކުރެއްވީ އިބަ އިލާހެވެ. އަދި އެ ނަފްސު މަރުގަންނަވާނީ އިބަ އިލާހެވެ. އޭގެ މަރުވުމާއި ދިރުން ވަނީ އިބަ އިލާހަށެވެ. އިބަ އިލާހު އެ ނަފްސު ދިރުއްވައިފި ނަމަ، ފަހެ އެ ރައްކާތެރިކޮށްދެއްވާށިއެވެ. އަދި އިބަ އިލާހު އެ ނަފްސު މަރުގަންނަވައިފި ނަމަ، ފަހެ އެއަށް ފާފަ ފުއްސަވާދެއްވާށިއެވެ. އޭ ﷲ އެވެ. މި އަޅާ އިބަ އިލާހުގެ ހަޒްރަތުން އާފިޔަތަށް އެދި ދަންނަވަމެވެ.,
صحيح مسلم,2716,أنَّ النبيَّ صَلَّى اللَّهُ عليه وَسَلَّمَ، كانَ يقولُ في دُعَائِهِ: اللَّهُمَّ إنِّي أَعُوذُ بكَ مِن شَرِّ ما عَمِلْتُ، وَشَرِّ ما لَمْ أَعْمَلْ,އޭ ﷲ އެވެ. ހަމަކަށަވަރުން މި އަޅާ ކޮށްފައިވާ އަމަލުތަކުގެ ނުބައިކަމުންނާއި، އަދި ނުކޮށް ހުރި އަމަލުތަކުގެ ނުބައިކަމުން ވެސް، މި އަޅާ އިބަ އިލާހުގެ ހަޒްރަތުން ރައްކާތެރިކަން އެދެމެވެ.,
صحيح مسلم,2716,اللَّهُمَّ إِنِّي أَعُوذُ بِكَ مِنْ شَرِّ مَا عَمِلْتُ، وَمِنْ شَرِّ مَا لَمْ أَعْمَلْ,އަޅަމެން ހައްދަވާ ބޮޑުކުރެއްވި ރަސްކަލާކޮ! މިއަޅާ ކުރި ނުބައި އަމަލުތަކުންނާއި އަދި ނުކުރާ އެންމެހާ ނުބައި އަމަލުތަކުން ރައްކާތެރިކަން ދެއްވުންއެދި އިބަ اللهގެ حضرةން ދަންނަވަމެވެ.,
صحيح مسلم,2716,أنَّ النبيَّ صَلَّى اللَّهُ عليه وَسَلَّمَ، كانَ يقولُ في دُعَائِهِ: اللَّهُمَّ إنِّي أَعُوذُ بكَ مِن شَرِّ ما عَمِلْتُ، وَشَرِّ ما لَمْ أَعْمَلْ.,"އަޅަމެން ހައްދަވާ ބޮޑުކުރެއްވި ރަސްކަލާކޮ! މިއަޅާ ކުރި ނުބައި އަމަލުތަކުންނާއި އަދި ނުކުރާ އެންމެހާ ނުބައި އަމަލުތަކުން ރައްކާތެރިކަން ދެއްވުންއެދި އިބަ اللهގެ حضرةން ދަންނަވަމެވެ.""",
صحيح مسلم,2718,"أَنَّ النَّبِيَّ صلى الله عليه وسلم كَانَ إِذَا كَانَ فِي سَفَرٍ وَأَسْحَرَ يَقُولُ ‏ ""‏ سَمَّعَ سَامِعٌ بِحَمْدِ اللَّهِ وَحُسْنِ بَلاَئِهِ عَلَيْنَا رَبَّنَا صَاحِبْنَا وَأَفْضِلْ عَلَيْنَا عَائِذًا بِاللَّهِ مِنَ النَّارِ ‏""‏ ‏.‏",އަޑުއަހާ މީހަކު، (އަހަރެމެން) ﷲ އަށް ކުރި ހަމްދު އަޑުއަހާހުއްޓެވެ. އަދި އެ އިލާހު އަޅަމެންނަށް ހެޔޮ ގޮތުގައި ދެއްވި ނިއުމަތްތަކަށް (ހަމްދުހުއްޓެވެ.) އޭ އަޅަމެންގެ ރައްބެވެ. އަޅަމެންނާ އެކުގައި ވާށިއެވެ. އަދި އަޅަމެންގެ މައްޗަށް ފަޟްލުވަންތަވެ ވޮޑިގެންވާށިއެވެ. އަޅަމެން ނަރަކައިން ރައްކާތެރިކޮށްދެއްވުމަށް ﷲ ގެ ހަޒްރަތުން އެދި ދަންނަވަމެވެ.,
صحيح مسلم,2720,كانَ رَسولُ اللهِ صَلَّى اللَّهُ عليه وَسَلَّمَ يقولُ: اللَّهُمَّ أَصْلِحْ لي دِينِي الذي هو عِصْمَةُ أَمْرِي، وَأَصْلِحْ لي دُنْيَايَ الَّتي فِيهَا معاشِي، وَأَصْلِحْ لي آخِرَتي الَّتي فِيهَا معادِي، وَاجْعَلِ الحَيَاةَ زِيَادَةً لي في كُلِّ خَيْرٍ، وَاجْعَلِ المَوْتَ رَاحَةً لي مِن كُلِّ شَرٍّ.,އޭ ﷲ އެވެ. މި އަޅާގެ (ހުރިހާ) ކަންތައްތަކުގެ ރައްކާތެރިކަން ކަމަށްވާ، މި އަޅާގެ ދީން އިސްލާހުކޮށް ދެއްވާށިއެވެ. އަދި މި އަޅާގެ ދިރިއުޅުން އޮތް ތަން ކަމުގައިވާ މި އަޅާގެ ދުނިޔެ އިސްލާހުކޮށް ދެއްވާށިއެވެ. އަދި މި އަޅާ އެނބުރި ދާން އޮތް ތަން ކަމުގައިވާ މި އަޅާގެ އާޚިރަތް އިސްލާހުކޮށް ދެއްވާށިއެވެ. އަދި ދިރިއުޅުމަކީ، ހުރިހާ ހެޔޮ ކަމެއްގައި އިތުރުވުމެއް ކަމުގައި މި އަޅާއަށް ލައްވާށިއެވެ. އަދި މަރުވުމަކީ، ހުރިހާ ނުބައިކަމަކުން ރާހަތެއްކަމުގައި މި އަޅާއަށް ލައްވާށިއެވެ.,
صحيح مسلم,2720,"كَانَ رَسُولُ اللَّهِ صلى الله عليه وسلم يَقُولُ ‏ ""‏ اللَّهُمَّ أَصْلِحْ لِي دِينِيَ الَّذِي هُوَ عِصْمَةُ أَمْرِي وَأَصْلِحْ لِي دُنْيَاىَ الَّتِي فِيهَا مَعَاشِي وَأَصْلِحْ لِي آخِرَتِي الَّتِي فِيهَا مَعَادِي وَاجْعَلِ الْحَيَاةَ زِيَادَةً لِي فِي كُلِّ خَيْرٍ وَاجْعَلِ الْمَوْتَ رَاحَةً لِي مِنْ كُلِّ شَرٍّ ‏""‏ ‏.‏",އޭ ﷲ އެވެ. މި އަޅާގެ (ހުރިހާ) ކަންތައްތަކުގެ ރައްކާތެރިކަން ކަމަށްވާ، މި އަޅާގެ ދީން އިސްލާހުކޮށްދެއްވާށިއެވެ. އަދި މި އަޅާގެ ދިރިއުޅުން އޮތް ތަން ކަމުގައިވާ މި އަޅާގެ ދުނިޔެ އިސްލާހުކޮށްދެއްވާށިއެވެ. އަދި މި އަޅާ އެނބުރި ދާން އޮތް ތަން ކަމުގައިވާ މި އަޅާގެ އާޚިރަތް އިސްލާހުކޮށްދެއްވާށިއެވެ. އަދި ދިރިއުޅުމަކީ، މި އަޅާއަށް ހުރިހާ ހެޔޮ ކަމެއްގައި އިތުރުވުމެއް ކަމުގައި ލައްވާށިއެވެ. އަދި މަރުވުމަކީ، މި އަޅާއަށް ހުރިހާ ނުބައިކަމަކުން ރާހަތެއްކަމުގައި ލައްވާށިއެވެ.,
صحيح مسلم,2720,اللَّهُمَّ أَصْلِحْ لِي دِينِي الَّذِي هُوَ عِصْمَةُ أَمْرِي، وَأَصْلِحْ لِي دُنْيَايَ الَّتِي فِيهَا مَعَاشِي، وَأَصْلِحْ لِي آخِرَتِي الَّتِي فِيهَا مَعَادِي، وَاجْعَلِ الْحَيَاةَ زِيَادَةً لِي فِي كُلِّ خَيْرٍ، وَاجْعَلِ الْمَوْتَ رَاحَةً لِي مِنْ كُلِّ شَرٍّ,އަޅަމެން ހައްދަވާ ބޮޑުކުރެއްވި ރަސްކަލާކޮ! މިއަޅާގެ ކަންތައްތަކުގެ ރައްކާތެރިކަންވާ މިއަޅާގެ ދީން މިއަޅާއަށް ސީދާކޮށްދެއްވާންދޭވެ. އަދި އެތަނެއްގައި މިއަޅާގެ ދިރިއުޅުންވާ މިއަޅާގެ ދުނިޔެ މިއަޅާއަށް ސީދާކޮށްދެއްވާންދޭވެ. އަދި އެތަނަކަށް މިއަޅާ އެނބުރި ދާންއޮތް އާޚިރަތް މިއަޅާއަށްޓަކައި ޘާބިތުކޮށްދެއްވާންދޭވެ. އަދި ކޮންމެ ހެޔޮކަމެއްގައި މިއަޅާގެ ދިރިހުރުން އިތުރު ކުރައްވާންދޭވެ. އަދި ކޮންމެ ނުބައި ކަމަކުން (އެބަހީ: މަރުގެ ތަކުލީފުން) އަރާމުދޭ އެއްޗެއް ކަމުގައި މިއަޅާގެ މަރު ލައްވާންދޭވެ.,
صحيح مسلم,2720,كانَ رَسولُ اللهِ صَلَّى اللَّهُ عليه وَسَلَّمَ يقولُ: اللَّهُمَّ أَصْلِحْ لي دِينِي الذي هو عِصْمَةُ أَمْرِي، وَأَصْلِحْ لي دُنْيَايَ الَّتي فِيهَا معاشِي، وَأَصْلِحْ لي آخِرَتي الَّتي فِيهَا معادِي، وَاجْعَلِ الحَيَاةَ زِيَادَةً لي في كُلِّ خَيْرٍ، وَاجْعَلِ المَوْتَ رَاحَةً لي مِن كُلِّ شَرٍّ.,"ޔާ ﷲ ! މިއަޅާގެ ކަންތައްތަކުގެ ރައްކާތެރިކަންވާ މިއަޅާގެ ދީން މިއަޅާއަށް ސީދާކޮށްދެއްވާންދޭވެ. އަދި އެތަނެއްގައި މިއަޅާގެ ދިރިއުޅުންވާ މިއަޅާގެ ދުނިޔެ މިއަޅާއަށް ސީދާކޮށްދެއްވާންދޭވެ. އަދި އެތަނަކަށް މިއަޅާ އެނބުރި ދާންއޮތް އާޚިރަތް މިއަޅާއަށްޓަކައި ޘާބިތުކޮށްދެއްވާންދޭވެ. އަދި ކޮންމެ ހެޔޮކަމެއްގައި މިއަޅާގެ ދިރިހުރުން އިތުރު ކުރައްވާންދޭވެ. އަދި ކޮންމެ ނުބައި ކަމަކުން (އެބަހީ: މަރުގެ ތަކުލީފުން) އަރާމުދޭ އެއްޗެއް ކަމުގައި މިއަޅާގެ މަރު ލައްވާންދޭވެ
//
އޭ ﷲ! މިއަޅާގެ އެންމެހައި ކަމެއްގެ ރައްކާތެރިކަން ކަމުގައިވާ މިއަޅާގެ ދީން އިސްލާހުކޮށްދެއްވާނދޭވެ. އެތަނުގައި މިއަޅާ ދިރިއުޅެމުންމިދާ ދުނިޔަވީ ޙަޔާތުގެ އެންމެހައި ކަންތައްތައް އިސްލާޙްކޮށްދެއްވާނދޭވެ. އެތަނަކަށް މިއަޅާ އެނބުރިދާންއޮތް މިއަޅާގެ އާޚިރަތް އިސްލާޙްކޮށްދެއްވާނދޭވެ. އިތުރު ހެޔޮކަންކަން މިއަޅާގެ ޙަޔާތަށް ގެނެސްދެއްވާނދޭވެ. ކޮންމެ ނުބައިކަމަކުން ސަލާމަތްވެފައިވާ ރާޙަތެއްކަމުގައި މިއަޅާގެ މަރު ލައްވާނދޭވެ",
صحيح مسلم,2721,اللَّهُمَّ إِنِّي أَسْأَلُكَ الْهُدَى، وَالتُّقَى، وَالْعَفَافَ، وَالْغِنَى,އަޅަމެން ހައްދަވާ ބޮޑުކުރެއްވި ރަސްކަލާކޮ! ހިދާޔަތައި ތަގްވާވެރިކަން (الله އަށް ބިރުވެތިވުން)، އަދި ޢިއްފަތްތެރިކަމާއި (އެބަހީ: އެންމެހާ ނުބައިކަމަކުން ރައްކާތެރިކަމާއި) ފުދުންތެރިކަން ދެއްވުންއެދި ﷲ ގެ حضرةން ދަންނަވަމެވެ.,
صحيح مسلم,2721,اللَّهُمَّ إنِّي أَسْأَلُكَ الهُدَى وَالتُّقَى، وَالْعَفَافَ وَالْغِنَى. وفي روايةٍ : وَالْعِفَّةَ.,"ަޅަމެން ހައްދަވާ ބޮޑުކުރެއްވި ރަސްކަލާކޮ! ހިދާޔަތައި ތަގްވާވެރިކަން (الله އަށް ބިރުވެތިވުން)، އަދި ޢިއްފަތްތެރިކަމާއި (އެބަހީ: އެންމެހާ ނުބައިކަމަކުން ރައްކާތެރިކަމާއި) ފުދުންތެރިކަން ދެއްވުންއެދި ﷲ ގެ حضرةން ދަންނަވަމެވެ.""",
صحيح مسلم,2722,"انَ يَقُولُ ‏ ""‏ اللَّهُمَّ إِنِّي أَعُوذُ بِكَ مِنَ الْعَجْزِ وَالْكَسَلِ وَالْجُبْنِ وَالْبُخْلِ وَالْهَرَمِ وَعَذَابِ الْقَبْرِ اللَّهُمَّ آتِ نَفْسِي تَقْوَاهَا وَزَكِّهَا أَنْتَ خَيْرُ مَنْ زَكَّاهَا أَنْتَ وَلِيُّهَا وَمَوْلاَهَا اللَّهُمَّ إِنِّي أَعُوذُ بِكَ مِنْ عِلْمٍ لاَ يَنْفَعُ وَمِنْ قَلْبٍ لاَ يَخْشَعُ وَمِنْ نَفْسٍ لاَ تَشْبَعُ وَمِنْ دَعْوَةٍ لاَ يُسْتَجَابُ لَهَا ‏""‏ ‏.‏",އޭ ﷲ އެވެ. ހަމަކަށަވަރުން ނުކުޅެދުންތެރިކަމުންނާއި، ކަންނެތްކަމުންނާއި، ދަހިވެތިކަމުންނާއި، މުސްކުޅިކަމުންނާއި، ދަހިވެތިކަމުންނާއި، ގަބުރުގެ އަޒާބުން، މި އަޅާ އިބަ އިލާހުގެ ހަޒްރަތުން ރައްކާތެރިކަން އެދެމެވެ. އޭ ﷲ އެވެ. މި އަޅާގެ ނަފްސަށް އޭގެ ތަގްވާވެރިކަން ދެއްވާށިއެވެ. އަދި އެ ނަފްސު ތާހިރުކޮށް ދެއްވާށިއެވެ. އިބަ އިލާހީ އެ ނަފްސު ތާހިރުކުރައްވާ އެންމެ ހެޔޮ ފަރާތެވެ. އިބަ އިލާހީ އެ ނަފްސުގެ ވަލީވެރިޔާ އަދި މައުލާއެވެ. (އެބަހީ: ބަލަހައްޓަވާ، މިލްކުކުރައްވާ ފަރާތެވެ.) އޭ ﷲ އެވެ. ފައިދާ ނުކުރާ އިލްމަކުންނާއި، ބިރުވެތި ނުވާ ހިތަކުންނާއި، ނުފުދޭނެ ނަފްސަކުންނާއި، އަދި އިޖާބަ ނުކުރެވޭ ދުއާއަކުން، މި އަޅާ އިބަ އިލާހުގެ ހަޒްރަތުން ރައްކާތެރިކަން އެދެމެވެ.,
صحيح مسلم,2722,اللَّهُمَّ إِنِّي أَعُوذُ بِكَ مِنَ الْعَجْزِ، وَالْكَسَلِ، وَالْجُبْنِ، وَالْبُخْلِ، وَالْهَرَمِ، وَعَذَابِ الْقَبْرِ، اللَّهُمَّ آتِ نَفْسِي تَقْوَاهَا، وَزَكِّهَا أَنْتَ خَيْرُ مَنْ زَكَّاهَا، أَنْتَ وَلِيُّهَا وَمَوْلَاهَا، اللَّهُمَّ إِنِّي أَعُوذُ بِكَ مِنْ عِلْمٍ لَا يَنْفَعُ، وَمِنْ قَلْبٍ لَا يَخْشَعُ، وَمِنْ نَفْسٍ لَا تَشْبَعُ، وَمِنْ دَعْوَةٍ لَا يُسْتَجَابُ لَهَا,އަޅަމެން ހައްދަވާ ބޮޑުކުރެއްވި ރަސްކަލާކޮ! ނުކުޅެދުންތެރިކަމާއި ކަންނެތްކަމުން އަދި ފިނޑިކަމުންނާއި ބަޚީލުކަމުން އަދި ކައްވަޅުގެ ޢަޒާބުން ރައްކާތެރިކޮށްދެއްވުމަށް އެދި އިބަ اللهގެ حضرةން ދަންނަވަމެވެ. އަޅަމެން ހައްދަވާ ބޮޑުކުރެއްވި ރަސްކަލާކޮ! މިއަޅާގެ ނަފްސަށް އެނަފްސުގެ ތަގްވާވެރިކަން (ބިރުވެތިކަން) ދެއްވަވާ އަދި އެނަފްސު ތޯހިރު ކުރައްވާންދޭވެާ. ހަމަކަށަވަރުން އިބަ اللهއީ އެންމެމޮޅަށް އެނަފްސު ތޯހިރުކުރައްވާ ރަސްކަލާނަގެއެވެ. އަޅަމެން ހައްދަވާ ބޮޑުކުރެއްވި ރަސްކަލާކޮ! އަދި ފައިދާއެއް ނެތް ޢިލްމަކުންނާއި ބިރުވެތިނުވާ ހިތްތަކުންނާއި ބަނޑުނުފުރޭ ނަފްސުތަކުން އަދި އިޖާބަ ނުކުރެވޭ ދުއާއަކުން މިއަޅާ ރައްކާތެރިކޮށް ދެއްވާންދޭވެ.,
صحيح مسلم,2725,اللَّهُمَّ اهْدِنِي وَسَدِّدْنِي، ނުވަތަ اللَّهُمَّ إِنِّي أَسْأَلُكَ الْهُدَى وَالسَّدَادَ,އަޅަމެން ހައްދަވާ ބޮޑުކުރެއްވި ރަސްކަލާކޮ! މިއަޅާއަށް ހިދާޔަތާއި ސީދާކަން ދެއްވާންދޭވެ.,
صحيح مسلم,2730,"عَنِ ابْنِ عَبَّاسٍ ـ رضى الله عنهما ـ قَالَ كَانَ النَّبِيُّ ﷺ يَقُولُ عِنْدَ الْكَرْبِ "" لاَ إِلَهَ إِلاَّ اللَّهُ الْعَلِيمُ الْحَلِيمُ لاَ إِلَهَ إِلاَّ اللَّهُ رَبُّ الْعَرْشِ الْعَظِيمِ لاَ إِلَهَ إِلاَّ اللَّهُ رَبُّ السَّمَوَاتِ وَرَبُّ الأَرْضِ رَبُّ الْعَرْشِ الْكَرِيمِ ""‌.","އިބުނު ޢައްބާސް ރަޟިޔަﷲ ޢަންހުމާގެ ކިބައިން ރިވާވެގެންވެއެވެ. އެކަލޭގެފާނު ވިދާޅުވިއެވެ. ""މުސީބާތުގެ ވަގުތުގައި ރަސޫލުﷲ ﷺ ވިދާޅުވެއެވެ. "" لاَ إِلَهَ إِلاَّ اللَّهُ الْعَلِيمُ الْحَلِيمُ لاَ إِلَهَ إِلاَّ اللَّهُ رَبُّ الْعَرْشِ الْعَظِيمِ لاَ إِلَهَ إِلاَّ اللَّهُ رَبُّ السَّمَوَاتِ وَرَبُّ الأَرْضِ رَبُّ الْعَرْشِ الْكَرِيمِ "": އެންމެ ޢިލްމުވެރި އަދި އެންމެ ޙިލްމުވެރި ﷲ ފިޔަވައި ޙައްގުގޮތުގައި އަޅުކަންވެވޭ އިލާހެއްނުވެއެވެ. މަތިވެރިވެގެންވާ ޢަރްޝުގެ ރައްބު ﷲ ފިޔަވައި ޙައްގުގޮތުގައި އަޅުކަންވެވޭ އިލާހެއްނުވެއެވެ. އެންމެ ދީލަތިވަންތަ ﷲގެ ޢަރްޝުގެ ރައްބު، އުޑުތަކާއި އަދި ބިމުގެ ރައްބު ﷲ ފިޔަވައި ޙައްގުގޮތުގައި އަޅުކަންވެވޭ އިލާހެއްނުވެއެވެ""",
صحيح مسلم,2732,حَدَّثَنَا إِسْحَاقُ بْنُ إِبْرَاهِيمَ، أَخْبَرَنَا النَّضْرُ بْنُ شُمَيْلٍ، حَدَّثَنَا مُوسَى بْنُ سَرْوَانَ الْمُعَلِّمُ، حَدَّثَنِي طَلْحَةُ بْنُ عُبَيْدِ اللهِ بْنِ كَرِيزٍ قَالَ: حَدَّثَتْنِي أُمُّ الدَّرْدَاءِ قَالَتْ: حَدَّثَنِي سَيِّدِي: أَنَّهُ سَمِعَ رَسُولَ اللهِ ﷺ يَقُولُ: مَنْ دَعَا لِأَخِيهِ بِظَهْرِ الْغَيْبِ قَالَ الْمَلَكُ الْمُوَكَّلُ بِهِ: آمِينَ وَلَكَ بِمِثْلٍ.,އަބުއް ދަރްދާ ރިވާ ކުރެއްވިއެވެ: ރަސޫލު ﷲ ﷺ ޙަދީޘް ކުރައްވަނިކޮށް ތިމަން އަޑު އެހީމެވެ: ”މީހަކު، އޭނާގެ އަޚާ ނެތް ތަނެއްގައި، އެ އަޚާއަށް ދުޢާކޮށްދީފި ނަމަ، އެ މީހަކާ ހަވާލުވެވިގެންވާ މަލާއިކަތާ ބުނާނެއެވެ: އާމީނެވެ. އަދި ތިބާއަށް ވެސް އެފަދައިންނެވެ.“,
صحيح مسلم,2739,كانَ مِن دُعَاءِ رَسُولِ اللهِ صَلَّى اللَّهُ عليه وَسَلَّمَ: اللَّهُمَّ إنِّي أَعُوذُ بكَ مِن زَوَالِ نِعْمَتِكَ، وَتَحَوُّلِ عَافِيَتِكَ، وَفُجَاءَةِ نِقْمَتِكَ، وَجَمِيعِ سَخَطِكَ.,އޭ ﷲ އެވެ. ހަމަކަށަވަރުން އިބަ އިލާހުގެ ނިއުމަތް ފިލައިދިއުމުންނާއި، އިބަ އިލާހު ދެއްވާފައިވާ އާފިޔަތް ބަދަލުވެދިއުމުންނާއި، ކުއްލި ގޮތަކަށް އިބަ އިލާހުގެ އުގޫބާތް އައުމުންނާއި، އިބަ އިލާހު ކޯފާވާ ހުރިހާ ކަމަކުން ވެސް، އިބަ އިލާހުގެ ހަޒްރަތުން ރައްކާތެރިކަން އެދެމެވެ.,
صحيح مسلم,2739,اللَّهُمَّ إِنِّي أَعُوذُ بِكَ مِنْ زَوَالِ نِعْمَتِكَ، وَتَحَوُّلِ عَافِيَتِكَ، وَفُجَاءَةِ نِقْمَتِكَ، وَجَمِيعِ سَخَطِكَ,އަޅަމެން ހައްދަވާ ބޮޑުކުރެއްވި ރަސްކަލާކޮ! އިބަ اللهގެ ނިޢުމަތްތަށް ފިލާ ދިއުމުންނާއި އިބަ اللهގެ ހިދާޔަތް ބަދަލުވުމުންނާއި އިބަ اللهގެ ކޯފާ ކުއްލިއަކަށް އައުމުންނާއި އަދި އިބަ اللهގެ އެންމެހާ ނުރުއްސެވުމަކުން ރަށްކާތެރިކަން ދެއްވުންއެދި އިބަ اللهގެ حضرةން ދަންނަވަމެވެ.,
صحيح مسلم,2739,كانَ مِن دُعَاءِ رَسُولِ اللهِ صَلَّى اللَّهُ عليه وَسَلَّمَ: اللَّهُمَّ إنِّي أَعُوذُ بكَ مِن زَوَالِ نِعْمَتِكَ، وَتَحَوُّلِ عَافِيَتِكَ، وَفُجَاءَةِ نِقْمَتِكَ، وَجَمِيعِ سَخَطِكَ.,"އަޅަމެން ހައްދަވާ ބޮޑުކުރެއްވި ރަސްކަލާކޮ! އިބަ اللهގެ ނިޢުމަތްތަށް ފިލާ ދިއުމުންނާއި އިބަ اللهގެ ހިދާޔަތް ބަދަލުވުމުންނާއި އިބަ اللهގެ ކޯފާ ކުއްލިއަކަށް އައުމުންނާއި އަދި އިބަ اللهގެ އެންމެހާ ނުރުއްސެވުމަކުން ރަށްކާތެރިކަން ދެއްވުންއެދި އިބަ اللهގެ حضرةން ދަންނަވަމެވެ.""",
صحيح مسلم,2749,اللَّهُمَّ إِنِّي أَعُوذُ بِكَ مِنْ زَوَالِ نِعْمَتِكَ وَتَحَوُّلِ عَافِيَتِكَ وَفُجَاءَةِ نِقْمَتِكَ وَجَمِيعِ سَخَطِكَ,އަޅަމެން ހައްދަވާ ބޮޑުކުރެއްވި ރަސްކަލާކޮ! އިބައިލާހުގެ ނިޢުމަތްތަށް ފިލާ ދިއުމާއި އިބައިލާހު ދެއްވި (ހެޔޮ ޞިއްޙަތާއި) ޢާފިޔަތު ބަދަލުވުމާއި އިބައިލާހުގެ ކޯފާ ކުއްލިއަކަށް އައުމާއި އަދި އިބައިލާހުގެ އެންމެހާ ނުރުއްސެވުމަކުން ރައްކާތެރިކަން ދެއްވުން އެދި އިބަ އިލާހުގެ ހަޟްރަތަށް ދަންނަވަމެވެ.,
صحيح مسلم,2759,إِنَّ اللَّهَ عَزَّ وَجَلَّ يَبْسُطُ يَدَهُ بِالنَّهَارِ لِيَتُوبَ مُسِيءُ اللَّيْلِ، وَيَبْسُطُ يَدَهُ بِاللَّيْلِ لِيَتُوبَ مُسِيءُ النَّهَارِ، حَتَّى تَطْلُعَ الشَّمْسُ مِنْ مَغْرِبِهَا,“ހަމަކަށަވަރުން ރޭގަނޑު ފާފަކުރާމީހުން توبة ވުމަށްޓަކައި، ﷲ ތަޢާލާ އެ އިލާހުގެ އަތްޕުޅު ދުވާލު ފަތުރާލައްވައެވެ. އަދި ދުވާލު ފާފަކުރާމީހުން توبة ވުމަށްޓަކައި އެ އިލާހުގެ އަތްޕުޅު ރޭގަނޑު ފަތުރާލައްވައެވެ. މިގޮތުގައި އިރު ހުޅަނގުފަރާތުން އަރައްޖައުމަށް ދާނދެން ދެމިވޮޑިގެންވެއެވެ.,
صحيح مسلم,2808,"""إِنَّ اللهَ لَا يَظْلِمُ مُؤْمِنًا حَسَنَةً، يُعْطَى بِهَا فِي الدُّنْيَا وَيُجْزَى بِهَا فِي الْآخِرَةِ، وَأَمَّا الْكَافِرُ فَيُطْعَمُ بِحَسَنَاتِ مَا عَمِلَ بِهَا لِلَّهِ فِي الدُّنْيَا، حَتَّى إِذَا أَفْضَى إِلَى الْآخِرَةِ، لَمْ تَكُنْ لَهُ حَسَنَةٌ يُجْزَى بِهَا""","""ހަމަކަށަވަރުން ﷲ ހެޔޮކަމެއްގައި މުއުމިނަކަށް އަނިޔާވެރިވެވޮޑިގެންނުވެއެވެ. ހެޔޮކަމުގެ ސަބަބުން ދުނިޔޭގައިވެސް ދެއްވައެވެ. އަދި އޭގެ ސަބަބުން އާޚިރަތުގައި ހެޔޮޖަޒާ ދެއްވާނެއެވެ. ނަމަވެސް ކާފިރު ދަންނާށެވެ. އޭނާ ﷲ އަށްޓަކައި ދުނިޔޭގައި ކުރާ ކަންތަކުގެ ސަބަބުން އޭނާއަށް ރޯދި ދެއްވައެވެ. މިގޮތުގައި އާޚިރަތް އަންނަންދެން ދެމިގެންދެއެވެ. އާޚިރަތުގައި އެމީހުންނަށް ހެޔޮ ޖަޒާ ލިބޭ އެއްވެސްކަމެއް ނުވެއެވެ. """,
صحيح مسلم,2841,فَكُلُّ مَنْ يَدْخُلُ الْجَنَّةَ عَلَى صُورَةِ آدَمَ وَطُولُهُ سِتُّونَ ذِرَاعًا فَلَمْ يَزَلِ الْخَلْقُ يَنْقُصُ بعدَه حَتَّى الْآن,ފަހެ ސުވަރުގެއަށް ވަންނަ ކޮންމެ މީހަކު ހުންނާނީ އާދަމްގެފާނުގެ ސޫރައިގައެވެ. އާދަމުގެފާނުގެ ދިގު މިނަކީ ފަސްދޮޅަސް މުށެވެ. ފަހެ އެކަލޭގެފާނަށްފަހުގައި މިވަގުތާހަމައަށް ވެސް ޚަލްގުތަކުން އަންނަނީ އުނިވަމުންނެވެ.,
صحيح مسلم,2906,"عَنْ أَبِي هُرَيْرَةَ، قَالَ قَالَ رَسُولُ اللَّهِ ﷺ: ""لاَ تَقُومُ السَّاعَةُ حَتَّى تَضْطَرِبَ أَلَيَاتُ نِسَاءِ دَوْسٍ حَوْلَ ذِي الْخَلَصَةِ"" . وَكَانَتْ صَنَمًا تَعْبُدُهَا دَوْسٌ فِي الْجَاهِلِيَّةِ بِتَبَالَةَ .",އަބޫ ހުރައިރާ ވިދާޅުވިކަމަށް ރިވާވެގެންވެއެވެ: ރަސޫލު ﷲ ﷺ ޙަދީޘް ކުރެއްވިއެވެ: ”ދައުސް (ގަބީލާގެ) އަންހެންވެރިން، ޛުލް ޚަލަޞާ (އޭ ކިޔުނު ބުދު) ވަށާ (އަޅުކަން ކުރުމުގައި) ފުރަގަސް ފަރާތްތައް ތަޅުވަމުން ދިޔުމަށް ދާންދެން، ގިޔާމާތް ގާއިމުވެގެން ނުދާނެއެވެ.“ އަދި އެ (ޛުލް ޚަލަޞާ) އަކީ ޖާހިލިއްޔަ ޒަމާނުގައި، (ޔަމަނުގެ) ތަބާލާ (އޭ ކިޔުނު ތަނެއްގައި) ދައުސްގެ މީހުން އަޅުކަންކޮށް އުޅުނު ބުދެކެވެ.,
صحيح مسلم,2922,"عَنْ أَبِي هُرَيْرَةَ، أَنَّ رَسُولَ اللَّهِ صلى الله عليه وسلم قَالَ ‏ ""‏ لاَ تَقُومُ السَّاعَةُ حَتَّى يُقَاتِلَ الْمُسْلِمُونَ الْيَهُودَ فَيَقْتُلُهُمُ الْمُسْلِمُونَ حَتَّى يَخْتَبِئَ الْيَهُودِيُّ مِنْ وَرَاءِ الْحَجَرِ وَالشَّجَرِ فَيَقُولُ الْحَجَرُ أَوِ الشَّجَرُ يَا مُسْلِمُ يَا عَبْدَ اللَّهِ هَذَا يَهُودِيٌّ خَلْفِي فَتَعَالَ فَاقْتُلْهُ ‏.‏ إِلاَّ الْغَرْقَدَ فَإِنَّهُ مِنْ شَجَرِ الْيَهُودِ ‏""‏ ‏.‏",""" މުސްލިމުން ޔަހޫދީންނާއި ހަނގުރާމަކޮށްފުމަށް ދާންދެކަށް ޤިޔާމަތް ޤާއިމު ނުވާ ހުއްޓެވެ! ފަހެ ޔަހޫދީއަކު ހިލަތަކާއި ގަސްގަހުގެ ފަހަތުގައި ނިވާވެއްޖައުމަށް ދާންދެކަށް މުސްލިމުން އެޔަހޫދީންތައް ޤަތުލުކުރާނެތެވެ. ފަހެ އެހިލަޔާއި ގަސް ބުނާނެތޭ: "" އޭ މުސްލިމެވެ! އޭ ﷲގެ އަޅާއެވެ! އަހުރެންގެ ފަހަތުގައި މިހުރީ ޔަހޫދީއެކެވެ. އައިސް ފަހެ އޭނާ ޤަތުލްކުރާށެވެ!"" ޣަރްޣަދު (އޭ ކިޔުނު) ގަސް ފިޔަވައެވެ. އެއީ ޔަހޫދީންގެ ގަހެކެވެ.""",
صحيح مسلم,2985,حَدَّثَنِي زُهَيْرُ بْنُ حَرْبٍ ، حَدَّثَنَا إِسْمَاعِيلُ بْنُ إِبْرَاهِيمَ ، أَخْبَرَنَا رَوْحُ بْنُ الْقَاسِمِ ، عَنِ الْعَلَاءِ بْنِ عَبْدِ الرَّحْمَنِ بْنِ يَعْقُوبَ ، عَنْ أَبِيهِ ، عَنْ أَبِي هُرَيْرَةَ قَالَ : قَالَ رَسُولُ اللهِ صَلَّى اللهُ عَلَيْهِ وَسَلَّمَ : قَالَ اللهُ تَبَارَكَ وَتَعَالَى : أَنَا أَغْنَى الشُّرَكَاءِ عَنِ الشِّرْكِ ، مَنْ عَمِلَ عَمَلًا أَشْرَكَ فِيهِ مَعِي غَيْرِي تَرَكْتُهُ وَشِرْكَهُ .,"ރަސޫލާ ﷺ ޙަދީޘްކުރެއްވިއެވެ. (قَالَ اللهُ تَبَارَكَ وَتَعَالَى: أَنَا أَغْنَى الشُّرَكَاءِ عَنِ الشِّرْكِ، مَنْ عَمِلَ عَمَلًا أَشْرَكَ فِيهِ مَعِي غَيْرِي، تَرَكْتُهُ وَشِرْكَهُ.) މާނައީ: ""ﷲ ތަބާރަކަ ވަތަޢާލާ ވަހީކުރައްވައެވެ: 'ތިމަންއިލާހުއީ ޝަރީކުންތަކުގެ (ބައިވެރިންތަކުގެ) ތެރެއިން ޝިރުކުން (ބައިއެޅިގެންވުމުން) އެންމެ ފުދިވޮޑިގެންވާ އިލާހެވެ. ތިމަންއިލާހާއި އެހެން ފަރާތެއް ބައިވެރިކުރާ ހާލުގައި އަމަލެއްކޮށްފި މީހާ އަމަލާއި އޭނާގެ ޝިރުކު ތިމަންއިލާހު ދޫކޮށްލައްވާހުށީމެވެ.'"" رواه مسلم في صحيحه: 2985.",
صحيح مسلم,2988,إنَّ العَبْدَ لَيَتَكَلَّمُ بالكَلِمَةِ، ما يَتَبَيَّنُ ما فيها، يَهْوِي بها في النَّارِ، أبْعَدَ ما بيْنَ المَشْرِقِ والْمَغْرِبِ.,އަދި ހަމަކަށަވަރުން އިންސާނާއަށް އޭނާ ބުނާ ބަހުގެ ބޮޑުކަން ނޭގިނަމަވެސް، ﷲ ކޯފާވެ ވޮޑިގަންނަވާ ފަދަ ބަހެއް ބުނުމުގެ ސަބަބުން، މަޝްރިގާއި މަޣްރިބާ ދެމެދުގައިވާ ދުރުމިނަށް ވެރެ ދުރުން އޭނާ ނަރަކައަށް އެއްލާލެވޭނެއެވެ.,
صحيح مسلم,2999,عَنْ صُهَيْبٍ رضي الله عنه قَالَ : قَالَ رَسُولُ اللَّهِ صَلَّى اللَّهُ عَلَيْهِ وَسَلَّمَ : ( عَجَبًا لأَمْرِ الْمُؤْمِنِ إِنَّ أَمْرَهُ كُلَّهُ خَيْرٌ ، وَلَيْسَ ذَاكَ لأَحَدٍ إِلا لِلْمُؤْمِنِ ، إِنْ أَصَابَتْهُ سَرَّاءُ شَكَرَ فَكَانَ خَيْرًا لَهُ ، وَإِنْ أَصَابَتْهُ ضَرَّاءُ صَبَرَ فَكَانَ خَيْرًا لَهُ ) .,"އަދި ސުހައިބު ރަޟިޔަﷲ ޢަންހުގެ ކިބައިން ރިވާވެގެންވެއެވެ. ރަސޫލުﷲ ﷺ ޙަދީޘްކުރެއްވިއެވެ: ""މުއުމިނުންގެ ކަންތައްތަކާއި މެދު ޢަޖައިބުކަން ވެއެވެ. ހަމަކަށަވަރުން އޭނާގެ ހުރިހާ ކަމަކީވެސް ހެޔޮކަންކަމެވެ. ފަހެ މުއުމިނުންނަށް މެނުވީ އެހެން މީހަކަށް އެކަންނުވެއެވެ. އެމީހަކަށް އުފާވެރިކަމެއް މެދުވެރިވެއްޖެނަމަ ޝުކުރުވެރިވެއެވެ. ދެން އެކަން އޭނާއަށް ހެޔޮކަމަކަށްވެއެވެ. އަދި އެމީހަކަށް ދަތިއުނދަގުލެއް ޖެހިއްޖެނަމަ ކެތްތެރިވެއެވެ. ފަހެ އެކަންތައް އޭނާއަށް ހެޔޮކަމަކަށް ވެގެންވެއެވެ)",
صحيح مسلم,3004,حَدَّثَنَا هَدَّابُ بْنُ خَالِدٍ الْأَزْدِيُّ ، حَدَّثَنَا هَمَّامٌ ، عَنْ زَيْدِ بْنِ أَسْلَمَ ، عَنْ عَطَاءِ بْنِ يَسَارٍ ، عَنْ أَبِي سَعِيدٍ الْخُدْرِيِّ : أَنَّ رَسُولَ اللهِ صَلَّى اللهُ عَلَيْهِ وَسَلَّمَ قَالَ : لَا تَكْتُبُوا عَنِّي ، وَمَنْ كَتَبَ عَنِّي غَيْرَ الْقُرْآنِ فَلْيَمْحُهُ ، وَحَدِّثُوا عَنِّي وَلَا حَرَجَ ، وَمَنْ كَذَبَ عَلَيَّ قَالَ هَمَّامٌ : أَحْسَبُهُ قَالَ مُتَعَمِّدًا فَلْيَتَبَوَّأْ مَقْعَدَهُ مِنَ النَّارِ .,"""لَا تَكْتُبُوا عَنِّيْ وَمَنْ كَتَبَ عَنِّي غَيْرَ الْقُرْآنِ فَلْيَمْحُهُ"" (رَوَاه المسلم) މިحَدِيثގެ މާނައަކީ ތިމަންކަލޭގެފާނުގެ ބަސްފުޅުތައް ތިޔަބައިމީހުން ނުލިޔާށެވެ! قُرْآن ފިޔަވައި އެހެން އެއްޗެއް ތިމަންކަލޭގެފާނުގެ އަރިހުން ލިޔެފިމީހާ ފަހެ، އެއެއްޗެއް ފުހެލާ ހުށިކަމެވެ! މިحَدِيث ރިވާކުރެއްވީ މާތްﷲ ރުއްސުންލެއްވި أَبُو سَعِيدُގެ އަރިހުން الْإِمَام مُسْلِمއެވެ.",
صحيح مسلم,3014,لَا تَدْعُوا عَلَى أَنْفُسِكُمْ ، وَلَا تَدْعُوا عَلَى أَوْلادِكُمْ ، وَلَا تَدْعُوا عَلَى أَمْوَالِكُمْ ، لَا تُوَافِقُوا مِنْ اللَّهِ سَاعَةً يُسْأَلُ فِيهَا عَطَاءٌ فَيَسْتَجِيبُ لَكُمْ,ތިޔަބައިމީހުންގެ ނަފްސުތަކުގެ މައްޗަށް ބަދުދުއާ ނުކުރާށެވެ. އަދި ތިޔަބައިމީހުންގެ ދަރީންގެ މައްޗަށް ބަދުދުއާ ނުކުރާށެވެ. އަދި ތިޔަބައިމީހުންގެ މުދަލުގެ މައްޗަށް ބަދުދުއާ ނުކުރާށެވެ. ﷲ ގެ ހަޒްރަތުގައި ކަމަކަށް އެދި އެވަގުތުގައި ދެންނެވުމުން އިޖާބަކޮށްދެއްވާ ވަގުތަކާ ދިމާ ނުވުމަށްޓަކައެވެ. ފަހެ، އެފަދަ ވަގުތަކާ ދިމާވެއްޖެނަމަ އެދުއާ ތިޔަބައިމީހުންނަށް އިޖާބަކުރައްވާނެއެވެ.,
صحيح مسلم,3014,لَا تَدْعُوا عَلَى أَنْفُسِكُمْ ، وَلَا تَدْعُوا عَلَى أَوْلادِكُمْ ، وَلَا تَدْعُوا عَلَى أَمْوَالِكُمْ ، لَا تُوَافِقُوا مِنْ اللَّهِ سَاعَةً يُسْأَلُ فِيهَا عَطَاءٌ فَيَسْتَجِيبُ لَكُمْ,"""ތިޔަބައިމީހުންގެ ނަފްސުތަކުގެ މައްޗަށް ބަދުދުއާ ނުކުރާށެވެ. އަދި ތިޔަބައިމީހުންގެ ދަރީންގެ މައްޗަށް ބަދުދުއާ ނުކުރާށެވެ. އަދި ތިޔަބައިމީހުންގެ މުދަލުގެ މައްޗަށް ބަދުދުއާ ނުކުރާށެވެ. ﷲ ގެ ހަޒްރަތުގައި ކަމަކަށް އެދި އެވަގުތުގައި ދެންނެވުމުން އިޖާބަކޮށްދެއްވާ ވަގުތަކާ ދިމާ ނުވުމަށްޓަކައެވެ. ފަހެ، އެފަދަ ވަގުތަކާ ދިމާވެއްޖެނަމަ އެދުއާ ތިޔަބައިމީހުންނަށް އިޖާބަކުރައްވާނެއެވެ.""",
صحيح مسلم,3032,عَنِ ابْنِ عُمَرَ، قَالَ خَطَبَ عُمَرُ عَلَى مِنْبَرِ رَسُولِ اللَّهِ ﷺ فَحَمِدَ اللَّهَ وَأَثْنَى عَلَيْهِ ثُمَّ قَالَ أَمَّا بَعْدُ أَلاَ وَإِنَّ الْخَمْرَ نَزَلَ تَحْرِيمُهَا يَوْمَ نَزَلَ وَهْىَ مِنْ خَمْسَةِ أَشْيَاءَ مِنَ الْحِنْطَةِ وَالشَّعِيرِ وَالتَّمْرِ وَالزَّبِيبِ وَالْعَسَلِ . وَالْخَمْرُ مَا خَامَرَ الْعَقْلَ وَثَلاَثَةُ أَشْيَاءَ وَدِدْتُ أَيُّهَا النَّاسُ أَنَّ رَسُولَ اللَّهِ ﷺ كَانَ عَهِدَ إِلَيْنَا فِيهَا الْجَدُّ وَالْكَلاَلَةُ وَأَبْوَابٌ مِنْ أَبْوَابِ الرِّبَا .,ޢަބްދުﷲގެ އަރިހުން ރިވާކުރައްވައިފައި ވެއެވެ. އެކަލޭގެފާނު ވިދާޅުވިއެވެ: ރަސޫލާ صَلَّىٰ اللهُ عَلَيْهِ وَسَلَّمَއައިގެ މިންބަރުކޮޅުގެ މަތީގައި ޢުމަރުގެފާނު ހުންނަވައި ވިދާޅުވަނިކޮށް އަހުރެން އަޑު އެހީމެވެ: “އެއަށްފަހު ދަންނާށެވެ! އޭ މީސްތަކުންނޭވެ! ހަމަކަށަވަރުން ރާގެ ޙަރާމްކަން ވަނީ ބާވައިލެވިގެންނެވެ. އެއީ ފަސް ވައްތަރަކުންނެވެ؛ އެއީ މޭބިސްކަދުރުންނާއި ކަދުރުންނާއި މާމުއިންނާއި ގޮދަނުންނާއި ބާރުލީންނެވެ. (އަދި ދަންނާށެވެ!) ރަލަކީ ބުއްދި ކުރުމުގެ ބާރު ދުއްވާއިލަނިވި ކޮންމެ އެއްޗެކެވެ.”,
صحيح مسلم,3533,مَنْ مَاتَ وَلَمْ يَغْزُ وَلَمْ يُحَدِّثْ بِهِ نَفْسَهُ مَاتَ عَلَى شُعْبَةٍ مِنْ نِفَاقٍ,މަރުވާމީހާ އެމަރުވީ ޖިހާދުނުކޮށް ނުވަތަ އެކަންކުރުމުގެ އެދުން އެނާގެ ނަފްސުގައި ނުވާހާލުގައި ކަމުގައި ވަނީނަމަ އޭނާ [އެމަރުވީ] ނިފާގުގެ ބައިތަކުގެ ތެރެއިން ބަޔަކަށް [ނިސްބަތްކުރެވޭ] މަރެއްގެ މަތީގައެވެ.,
صحيح مسلم,6059,"""أَحْيَانًا يَأْتِينِي مِثْلَ صَلْصَلَةِ الجَرَسِ، وَهُوَ أَشَدُّهُ عَلَيَّ، فَيُفْصَمُ عَنِّي وَقَدْ وَعَيْتُ عَنْهُ مَا قَالَ، وَأَحْيَانًا يَتَمَثَّلُ لِيَ المَلَكُ رَجُلًا فَيُكَلِّمُنِي فَأَعِي مَا يَقُولُ""","ޢާއިޝާ ރަޟިޔަﷲ ޢަންހާ ރިވާ ކުރެއްވިއެވެ. –ރަސޫލާ ޞައްލަﷲ ޢަލައިހި ވަސައްލަމަ އަރިހު އަލްޙާރިޘް ބުން ހުޝާމް (އޭ ކިޔުނު ޞަޙާބީއަކު) ދެންނެވިއެވެ. ""އޭ ﷲގެ ރަސޫލާއެވެ. ކަލޭގެފާނަށް ވަހީބާވައިލައްވަނީ ކިހިނެއްތޯއެވެ.؟"" އެހިނދު އެކަލޭގެފާނު ޙަދީޘްކުރެއްވިއެވެ.""ބައެއްފަހަރު ތިމަންކަލޭގެފާނަށް ވަހީ އަންނަނީ ރަނގަބީލެއްގެ އަޑު އަންނަ ފަދައިންނެވެ. މިބާވަތުގެ ވަހީއަކީ ތިމަންކަލޭގެފާނަށް އެންމެ ބުރަވެގެންވާ ވަހީގެ ބާވަތެވެ. ފަހެ، މިހާލުން ތިމަންކަލޭގެފާނު ވަކިވެ ވަޑައިގަންނަވާހިނދު، މަލާއިކަތާ ވިދާޅުވި ބަސްފުޅު ތިމަންކަލޭގެފާނަށް ސާފުކޮށް އެނގިވަޑައިގެންފައިވެއެވެ. އަދި ބައެއްފަހަރު މަލާއިކަތާ ފިރިހެނެއްގެ ސިފައިގައި ތިމަންކަލޭގެފާނަށް ފާޅުވެވަޑައިގެން، ތިމަންކަލޭގެފާނާ ބަސްފުޅު ވިދާޅުވެއެވެ. ފަހެ، އެހިނދު އެ ވިދާޅުވާ ބަސްފުޅެއް ތިމަންކަލޭގެފާނަށް އެނގިވަޑައިގަންނަވައެވެ.""",
صحيح مسلم,1133a,عَنِ الْحَكَمِ بْنِ الأَعْرَجِ، قَالَ انْتَهَيْتُ إِلَى ابْنِ عَبَّاسٍ - رضى الله عنهما - وَهُوَ مُتَوَسِّدٌ رِدَاءَهُ فِي زَمْزَمَ فَقُلْتُ لَهُ أَخْبِرْنِي عَنْ صَوْمِ عَاشُورَاءَ. فَقَالَ إِذَا رَأَيْتَ هِلاَلَ الْمُحَرَّمِ فَاعْدُدْ وَأَصْبِحْ يَوْمَ التَّاسِعِ صَائِمًا. قُلْتُ هَكَذَا كَانَ رَسُولُ اللَّهِ ﷺ يَصُومُهُ قَالَ نَعَمْ.,އަލްޙަކަމް ބިން އަލްއަޢުރަޖު ވިދާޅުވިކަމަށް ރިވާވެގެންވެއެވެ: އިބްނު ޢައްބާސް رَضِيَ اللَّهُ عَنْهُمَا ޒަމްޒަމް ވަޅު ކައިރީގައި އެކަލޭގެފާނުގެ ރިދާކޮޅު، ބާލީހަކަށް ހައްދަވައިގެން އޮންނަވަނިކޮށް، ތިމަންނަ އަކެލޭގެފާނު އަރިހަށް ދިޔައިމެވެ. ތިމަން ދެންނެވީމެވެ: ޢާޝޫރާ ދުވަހުގެ ރޯދައާ ބެހޭ ގޮތުން ތިމަންނައަށް ކިޔައިދެއްވާށެވެ. އެކަލޭގެފާނު ވިދާޅުވިއެވެ: މުޙައްރަމް މަހުގެ ހަނދު ތިބާއަށް ފެނިއްޖެ ނަމަ، ފަހެ (ދުވަސްތައް) ގުނާށެވެ. އަދި ނުވަވަނަ ދުވަހުގެ ފަތިހު ރޯދައަށް ހުންނާށެވެ. ތިމަން ދެންނެވީމެވެ: ރަސޫލު ﷲ ﷺ ރޯދައަށް ހުންނެވީ މިފަދައިންތޯއެވެ؟ އެކަލޭގެފާނު ވިދާޅުވިއެވެ: އާދޭހެވެ.,
صحيح مسلم,1134a,"عَنِ عَبْدَ اللَّهِ بْنَ عَبَّاسٍ - رضى الله عنهما - يَقُولُ حِينَ صَامَ رَسُولُ اللَّهِ ﷺ يَوْمَ عَاشُورَاءَ وَأَمَرَ بِصِيَامِهِ قَالُوا يَا رَسُولَ اللَّهِ إِنَّهُ يَوْمٌ تُعَظِّمُهُ الْيَهُودُ وَالنَّصَارَى . فَقَالَ رَسُولُ اللَّهِ ﷺ: ""فَإِذَا كَانَ الْعَامُ الْمُقْبِلُ - إِنْ شَاءَ اللَّهُ - صُمْنَا الْيَوْمَ التَّاسِعَ"". قَالَ فَلَمْ يَأْتِ الْعَامُ الْمُقْبِلُ حَتَّى تُوُفِّيَ رَسُولُ اللَّهِ ﷺ.",ޢަބްދު ﷲ ބިން ޢައްބާސް رَضِيَ اللَّهُ عَنْهُمَا ވިދާޅުވިކަމަށް ރިވާވެގެންވެއެވެ: ރަސޫލު ﷲ ﷺ ޢާޝޫރާ ދުވަހު ރޯދަހިއްޕަވާ، އަދި އެ ދުވަހު ރޯދަ ހިފުމަށް (މުސްލިމުންނަށް) އަމުރު ކުރެއްވި ހިނދު، މީސްތަކުން ދެންނެވިއެވެ: އޭ ﷲ ގެ ރަސޫލާއެވެ. ހަމަކަށަވަރުން އެއީ ޔަހޫދީންނާއި ނަސާރާއިން މަތިވެރި ކުރާ ދުވަހެކެވެ. ދެން ރަސޫލު ﷲ ﷺ ޙަދީޘް ކުރެއްވިއެވެ: ”ފަހެ އަންނަ އަހަރު، އިން ޝާއަ ﷲ، އަހަރެމެން ނުވަ ވަނަ ދުވަހު (ވެސް) ރޯދަ ހިފާނަމެވެ.“ (އިބްނު ޢައްބާސް) ވިދާޅުވިއެވެ: ފަހެ ރަސޫލު ﷲ ﷺ އަވަހާރަވުމަށް ފަހު މެނުވީ އަނެއް އަހަރެއް ނާދެއެވެ.,
صحيح مسلم,1134b,"عَنْ عَبْدِ اللَّهِ بْنِ عَبَّاسٍ، - رضى الله عنهما - قَالَ قَالَ رَسُولُ اللَّهِ ﷺ: ""لَئِنْ بَقِيتُ إِلَى قَابِلٍ لأَصُومَنَّ التَّاسِعَ"". وَفِي رِوَايَةِ أَبِي بَكْرٍ قَالَ يَعْنِي يَوْمَ عَاشُورَاءَ.",ޢަބްދު ﷲ ބިން ޢައްބާސް رَضِيَ اللَّهُ عَنْهُمَا ވިދާޅުވިކަމަށް ރިވާވެގެންވެއެވެ: ރަސޫލު ﷲ ﷺ ޙަދީޘް ކުރެއްވިއެވެ: ”އަންނަ އަހަރު ތިމަން ނަބިއްޔާ ދިރިހުރެއްޖެ ނަމަ، ހަމަކަށަވަރުން (މުޙައްރަމު މަހުގެ) ނުވަވަނަ ދުވަހު (ވެސް) ރޯދަ ހިއްޕަވާނަމެވެ.,
صحيح مسلم,1162a,صِيَامُ يَوْمِ عَرَفَةَ أَحْتَسِبُ عَلَى اللَّهِ أَنْ يُكَفِّرَ السَّنَةَ الَّتِي قَبْلَهُ وَالسَّنَةَ الَّتِي بَعْدَهُ,ﷲ ގެ ހަޒުރަތުން ތިމަން ނަބިއްޔާ އުއްމީދު ކުރައްވަނީ، ޢަރަފާތް ދުވަހުގެ ރޯދައިން، އިސްވެ ދިޔަ އަހަރުގެ ފާފަތަކާއި ކުރިއަށް އަންނަން އޮތް އަހަރުގެ ފާފަތައް ފޮހެވިގެން ދާނޭކަމަށެވެ.,
صحيح مسلم,1162b,حَدَّثَنَا مُحَمَّدُ بْنُ الْمُثَنَّى، وَمُحَمَّدُ بْنُ بَشَّارٍ، - وَاللَّفْظُ لِابْنِ الْمُثَنَّى - قَالَا: حَدَّثَنَا مُحَمَّدُ بْنُ جَعْفَرٍ، حَدَّثَنَا شُعْبَةُ، عَنْ غَيْلَانَ بْنِ جَرِيرٍ سَمِعَ عَبْدَ اللهِ بْنَ مَعْبَدٍ الزِّمَّانِيَّ، عَنْ أَبِي قَتَادَةَ الْأَنْصَارِيِّ رَضِيَ اللهُ عَنْهُ أَنَّ رَسُولَ اللهِ ﷺ سُئِلَ عَنْ صَوْمِهِ؟ قَالَ: فَغَضِبَ رَسُولُ اللهِ ﷺ فَقَالَ عُمَرُ: رَضِيَ اللهُ عَنْهُ رَضِينَا بِاللهِ رَبًّا، وَبِالْإِسْلَامِ دِينًا، وَبِمُحَمَّدٍ رَسُولًا وَبِبَيْعَتِنَا بَيْعَةً، قَالَ: فَسُئِلَ عَنْ صِيَامِ الدَّهْرِ فَقَالَ: لَا صَامَ، وَلَا أَفْطَرَ - أَوْ مَا صَامَ، وَمَا أَفْطَرَ - قَالَ: فَسُئِلَ عَنْ صَوْمِ يَوْمَيْنِ وَإِفْطَارِ يَوْمٍ قَالَ: وَمَنْ يُطِيقُ ذَلِكَ؟ قَالَ: وَسُئِلَ عَنْ صَوْمِ يَوْمٍ وَإِفْطَارِ يَوْمَيْنِ قَالَ: لَيْتَ أَنَّ اللهَ قَوَّانَا لِذَلِكَ قَالَ: وَسُئِلَ عَنْ صَوْمِ يَوْمٍ وَإِفْطَارِ يَوْمٍ قَالَ: ذَاكَ صَوْمُ أَخِي دَاوُدَ - عَلَيْهِ السَّلَامُ - قَالَ: وَسُئِلَ عَنْ صَوْمِ يَوْمِ الِاثْنَيْنِ، قَالَ: ذَاكَ يَوْمٌ وُلِدْتُ فِيهِ، وَيَوْمٌ بُعِثْتُ - أَوْ أُنْزِلَ عَلَيَّ فِيهِ - قَالَ: فَقَالَ: صَوْمُ ثَلَاثَةٍ مِنْ كُلِّ شَهْرٍ، وَرَمَضَانَ إِلَى رَمَضَانَ، صَوْمُ الدَّهْرِ، قَالَ: وَسُئِلَ عَنْ صَوْمِ يَوْمِ عَرَفَةَ، فَقَالَ: يُكَفِّرُ السَّنَةَ الْمَاضِيَةَ وَالْبَاقِيَةَ، قَالَ: وَسُئِلَ عَنْ صَوْمِ يَوْمِ عَاشُورَاءَ، فَقَالَ: يُكَفِّرُ السَّنَةَ الْمَاضِيَةَ. فِي هَذَا الْحَدِيثِ مِنْ رِوَايَةِ شُعْبَةَ قَالَ: وَسُئِلَ عَنْ صَوْمِ يَوْمِ الِاثْنَيْنِ وَالْخَمِيسِ، فَسَكَتْنَا عَنْ ذِكْرِ الْخَمِيسِ لَمَّا نُرَاهُ وَهْمًا.,އަބޫ ގަތާދާ އަލްއަންޞާރީ رَضِيَ اللَّهُ عَنْهُ ރިވާ ކުރެއްވިއެވެ: ރަސޫލު ﷲ ﷺ ގެ ރޯދަ ހިއްޕެވުމާ ބެހޭ ގޮތުން އެކަލޭގެފާނު އަރިހު ސުވާލު ކުރެއްވުނެވެ. އެ ހިނދު ރަސޫލު ﷲ ﷺ ކޯފާވެވަޑައިގެންނެވިއެވެ. ދެން ޢުމަރު رَضِيَ اللَّهُ عَنْهُ ދެންނެވިއެވެ: ﷲ އީ ރައްބުކަމަށާއި، ދީނަކީ އިސްލާމްކަމަށާއި، މުޙައްމަދު ﷺ އަކީ ރަސޫލާކަމަށާއި، ތިމަންމެން ހިފި ބައިޢަތާމެދު ތިމަންމެން ރުހިއްޖައީމެވެ. ދެން ކޮންމެ ދުވަހަކު ރޯދަ ހިފުމާ ބެހޭ ގޮތުން ނަބިއްޔާއަށް ސުވާލު ކުރެއްވުނެވެ. ނަބިއްޔާ ޙަދީޘް ކުރެއްވިއެވެ: ”(އެހެން ހަދައިފި މީހަކު) ރޯދަ ހިފިކަމުގައި ނުވާނެއެވެ. އަދި ރޯދަ ވީއްލި ކަމުގައިވެސް ނުވާނެއެވެ.“ ދެން ކޮންމެ ދެ ދުވަހަކު ރޯދަ ހިފާފައި އަނެއް ދުވަހު ރޯދަ ނުހިފައި ހުރުމާ ބެހޭ ގޮތުން ސުވާލު ކުރެއްވުނެވެ. ނަބިއްޔާ ޙަދީޘް ކުރެއްވިއެވެ: ”އެކަމަށް ކުޅަދާނަ ވާނީ ފަހެ ކާކުތޯއެވެ؟“ ދެން އެއް ދުވަހު ރޯދަ ހިފާފައި އަނެއް ދެ ދުވަހު ރޯދަ ނުހިފައި ހުރުމާ ބެހޭ ގޮތުން ސުވާލު ކުރެއްވުނެވެ. ނަބިއްޔާ ޙަދީޘް ކުރެއްވިއެވެ: ”އެކަން ކުރުމުގެ ބާރު އަހަރުމެންނަށް ﷲ ދެއްވި ނަމަ ކިހާ ރަނގަޅުތޯއެވެ.“ ދެން އެއް ދުވަހު ރޯދަ ހިފާފައި އަނެއް ދުވަހު ރޯދަ ނުހިފައި ހުރުމާ ބެހޭ ގޮތުން ސުވާލު ކުރެއްވުނެވެ. ނަބިއްޔާ ޙަދީޘް ކުރެއްވިއެވެ: ”އެއީ ތިމަން ނަބިއްޔާގެ އަޚާ ދާވޫދު ޢަލައިހިއްސަލާމް ރޯދަ ހިއްޕެވި ގޮތެވެ.“ ދެން ހޯމަ ދުވަހު ރޯދަ ހިފުމާ ބެހޭ ގޮތުން ސުވާލު ކުރެއްވުނެވެ. ނަބިއްޔާ ޙަދީޘް ކުރެއްވިއެވެ: ”އެއީ ތިމަން ނަބިއްޔާ އުފަންވެވަޑައިގަތް ދުވަހެވެ. އަދި ނަބިއްޔެއްގެ ގޮތުގައި ފޮނުއްވުނު ދުވަހެވެ.“ ދެން ޙަދީޘް ކުރެއްވިއެވެ: ”ކޮންމެ މަހެއްގެ ތިން ދުވަހު ރޯދަ ހިފުމާއި، އެއް ރަމަޟާން މަހަށް ފަހު އަނެއް ރަމަޟާން މަހު ރޯދަ ހިފުމަކީ ކޮންމެ ދުވަހަކު ރޯދަ ހިފުމެވެ. (އެބަހީ: އޭގެ ސަވާބު ލިބޭނޭ ކަމެކެވެ.)“ އަދި އަރަފާތް ދުވަހު ރޯދަ ހިފުމާ ބެހޭ ގޮތުން ސުވާލު ކުރެއްވުނެވެ. ނަބިއްޔާ ޙަދީޘް ކުރެއްވިއެވެ: ”އެކަމުން ވޭތުވެދިޔަ އަހަރާއި އަންނަން އޮތް އަހަރުގެ ފާފަތަށް ފުއްސެވޭނެއެވެ.“ އަދި ޢާޝޫރާ ދުވަހު ރޯދަ ހިފުމާ ބެހޭ ގޮތުން ސުވާލު ކުރެއްވުނެވެ. ނަބިއްޔާ ޙަދީޘް ކުރެއްވިއެވެ: ”އެކަމުން ވޭތުވެދިޔަ އަހަރުގެ ފާފަތަށް ފުއްސެވޭނެއެވެ.“,
صحيح مسلم,1165e,"وَحَدَّثَنَا مُحَمَّدُ بْنُ الْمُثَنَّى، حَدَّثَنَا مُحَمَّدُ بْنُ جَعْفَرٍ، حَدَّثَنَا شُعْبَةُ، عَنْ عُقْبَةَ، - وَهُوَ ابْنُ حُرَيْثٍ - قَالَ سَمِعْتُ ابْنَ عُمَرَ، - رضى الله عنهما - يَقُولُ قَالَ رَسُولُ اللَّهِ صلى الله عليه وسلم "" الْتَمِسُوهَا فِي الْعَشْرِ الأَوَاخِرِ - يَعْنِي لَيْلَةَ الْقَدْرِ - فَإِنْ ضَعُفَ أَحَدُكُمْ أَوْ عَجَزَ فَلاَ يُغْلَبَنَّ عَلَى السَّبْعِ الْبَوَاقِي "" .",އިބްނު ޢުމަރު رَضِيَ اللَّهُ عَنْهُمَا ވިދާޅުވިއެވެ: ރަސޫލު ﷲ ﷺ ޙަދީޘް ކުރެއްވިއެވެ: ”ފަހު ދިހައިގައި އެ ރޭ ހޯދުމަށް ތިޔަބައިމީހުން މަސައްކަތް ކުރާށެވެ. -އެބަހީ، ލައިލަތުލް ޤަދްރި ވިލޭރޭއެވެ.- ދެން ތިޔަބައިމީހުންގެ ތެރެއިން މީހަކު ބަލިކަށިވެއްޖެ ނަމަ ނުވަތަ ނުކުޅަދުންތެރި ވެއްޖެ ނަމަ، ފަހެ ބާކީ ހުރި ހަތް ރޭ (ހޯދުމުގެ) މަތިން އޭނާ ބަލިކުރިޔަ ނުދޭށެވެ.“,
صحيح مسلم,11a,حَدَّثَنَا قُتَيْبَةُ بْنُ سَعِيدِ بْنِ جَمِيلِ بْنِ طَرِيفِ بْنِ عَبْدِ اللهِ الثَّقَفِيُّ، عَنْ مَالِكِ بْنِ أَنَسٍ فِيمَا قُرِئَ عَلَيْهِ، عَنْ أَبِي سُهَيْلٍ، عَنْ أَبِيهِ أَنَّهُ سَمِعَ طَلْحَةَ بْنَ عُبَيْدِ اللهِ يَقُولُ: جَاءَ رَجُلٌ إِلَى رَسُولِ اللهِ ﷺ مِنْ أَهْلِ نَجْدٍ ثَائِرَ الرَّأْسِ نَسْمَعُ دَوِيَّ صَوْتِهِ، وَلَا نَفْقَهُ مَا يَقُولُ، حَتَّى دَنَا مِنْ رَسُولِ اللهِ ﷺ، فَإِذَا هُوَ يَسْأَلُ عَنِ الْإِسْلَامِ، فَقَالَ رَسُولُ اللهِ ﷺ: خَمْسُ صَلَوَاتٍ فِي الْيَوْمِ وَاللَّيْلَةِ، فَقَالَ: هَلْ عَلَيَّ غَيْرُهُنَّ؟ قَالَ: لَا، إِلَّا أَنْ تَطَوَّعَ، وَصِيَامُ شَهْرِ رَمَضَانَ، فَقَالَ: هَلْ عَلَيَّ غَيْرُهُ؟ فَقَالَ: لَا، إِلَّا أَنْ تَطَوَّعَ، وَذَكَرَ لَهُ رَسُولُ اللهِ ﷺ الزَّكَاةَ، فَقَالَ: هَلْ عَلَيَّ غَيْرُهَا؟ قَالَ: لَا، إِلَّا أَنْ تَطَوَّعَ، قَالَ: فَأَدْبَرَ الرَّجُلُ وَهُوَ يَقُولُ: وَاللهِ لَا أَزِيدُ عَلَى هَذَا، وَلَا أَنْقُصُ مِنْهُ، فَقَالَ رَسُولُ اللهِ ﷺ: أَفْلَحَ إِنْ صَدَقَ.,ޠަލްޙާ ބިން ޢުބައިދި ﷲ ރިވާ ކުރެއްވިއެވެ: ނަޖްދު ކަރައިން ބޯ ހޭވިފަ ހުރި މީހަކު (އެބަހީ: އަޢުރާބީއަކު) ރަސޫލު ﷲ ﷺ ގެ އަރިހަށް އައެވެ. އޭނާގެ އަޑުގެ ބާރުކަން އިވުނަސް، އޭނާ ކިޔައި އެއްޗެއް ނޭނގުނެވެ. ދެން ރަސޫލު ﷲ ﷺ އާ އޭނާ ކައިރިވުމުން، އިސްލާމް ދީނާ ބެހޭ ގޮތުން ސުވާލު ކުރާކަން އިނގުނެވެ. ރަސޫލު ﷲ ﷺ ޙަދީޘް ކުރެއްވިއެވެ: ”ރެޔާއި ދުވާލަކު (ފަރުޟު) ފަސް ނަމާދެވެ.“ އޭނާ ދެންނެވިއެވެ: އެ ނޫން (ނަމާދެއް) ތިމަންނަގެ މައްޗަށް ވޭތޯއެވެ؟ ނަބިއްޔާ ޙަދީޘް ކުރެއްވިއެވެ: ”ނޫނެކެވެ. އެއީ ތިބާ އިތުރަށް (ސުންނަތް ނަމާދު) ކުރަން ބޭނުން ވާނަމަ މެނުވީއެވެ.“ ރަސޫލު ﷲ ﷺ ޙަދީޘް ކުރެއްވިއެވެ: ”އަދި ރަމަޟާން މަހު ރޯދަ ހިފުމެވެ.“ އޭނާ ދެންނެވިއެވެ: އެ ނޫން (ރޯދައެއް) ތިމަންނަގެ މައްޗަށް ވޭތޯއެވެ؟ ރަސޫލާ ޙަދީޘް ކުރެއްވިއެވެ: ”ނޫނެކެވެ. އެއީ ތިބާ އިތުރަށް (ސުންނަތް ރޯދަ) ހިފަން ބޭނުން ވާނަމަ މެނުވީއެވެ.“ އަދި އޭނާއަށް ޒަކާތުގެ ވާހަކަ ރަސޫލާ ﷺ ކިޔައިދެއްވިއެވެ. އޭނާ ދެންނެވިއެވެ: އެ ނޫން (ޒަކާތެއް) ތިމަންނަގެ މައްޗަށް ވޭތޯއެވެ؟ ނަބިއްޔާ ޙަދީޘް ކުރެއްވިއެވެ: ”ނޫނެކެވެ. އެއީ ތިބާ އިތުރަށް (ޞަދަގާތް) ކުރަން ބޭނުން ވާނަމަ މެނުވީއެވެ.“ އެއަށްފަހު އެ މީހާ އެނބުރި ދަމުން ދެންނެވިއެވެ: ﷲ ގަންދީ ބުނަމެވެ. މި ކަމުގެ މައްޗަށް އިތުރެއް ވެސް އުންޏެއް ވެސް ނުކުރާނަމެވެ. ރަސޫލު ﷲ ﷺ ޙަދީޘް ކުރެއްވިއެވެ: ”އޭނަ ތެދުވެރިވެއްޖެ ނަމަ އޭނާ ކާމިޔާބު ވާނެއެވެ.“ (އެބަހީ: ސުވަރުގެ ވަންނާނެއެވެ.),b46
صحيح مسلم,11b,حَدَّثَنِي يَحْيَى بْنُ أَيُّوبَ، وَقُتَيْبَةُ بْنُ سَعِيدٍ جَمِيعًا، عَنْ إِسْمَاعِيلَ بْنِ جَعْفَرٍ، عَنْ أَبِي سُهَيْلٍ، عَنْ أَبِيهِ، عَنْ طَلْحَةَ بْنِ عُبَيْدِ اللهِ، عَنِ النَّبِيِّ ﷺ بِهَذَا الْحَدِيثِ نَحْوَ حَدِيثِ مَالِكٍ، غَيْرَ أَنَّهُ قَالَ: فَقَالَ رَسُولُ اللهِ ﷺ: أَفْلَحَ وَأَبِيهِ إِنْ صَدَقَ، أَوْ دَخَلَ الْجَنَّةَ وَأَبِيهِ إِنْ صَدَقَ.,(ކުރީގެ ޙަދީޘް ރިވާ ކުރެއްވިއެވެ.) ތަފާތަކީ މިތަންކޮޅެވެ: ރަސޫލު ﷲ ﷺ ޙަދީޘް ކުރެއްވިއެވެ: ”އޭނާގެ ބައްޕަ ގަންދީ ބުނަމެވެ. އޭނަ ތެދުވެރިވެއްޖެ ނަމަ، އޭނާ ކާމިޔާބު ވާނެއެވެ. (ނޫނީ ސުވަރުގެ ވަންނާނެއެވެ.)“ (ނޯޓު: މި ހާދިސާ ހިނގައި ދިޔައީ، ﷲ ފިޔަވައި އެހެން ފަރާތްތައް ގަނދީ ހުވާކުރުން މަނާ ކުރެއްވުމުގެ ކުރިންނެވެ.),b46
صحيح مسلم,124a,حَدَّثَنَا أَبُو بَكْرِ بْنُ أَبِي شَيْبَةَ، حَدَّثَنَا عَبْدُ اللهِ بْنُ إِدْرِيسَ، وَأَبُو مُعَاوِيَةَ، وَوَكِيعٌ، عَنِ الْأَعْمَشِ، عَنْ إِبْرَاهِيمَ، عَنْ عَلْقَمَةَ، عَنْ عَبْدِ اللهِ قَالَ: لَمَّا نَزَلَتِ: { الَّذِينَ آمَنُوا وَلَمْ يَلْبِسُوا إِيمَانَهُمْ بِظُلْمٍ } شَقَّ ذَلِكَ عَلَى أَصْحَابِ رَسُولِ اللهِ ﷺ، وَقَالُوا: أَيُّنَا لَا يَظْلِمُ نَفْسَهُ؟ فَقَالَ رَسُولُ اللهِ ﷺ: لَيْسَ هُوَ كَمَا تَظُنُّونَ، إِنَّمَا هُوَ كَمَا قَالَ لُقْمَانُ لِابْنِهِ: { يَا بُنَيَّ لا تُشْرِكْ بِاللهِ إِنَّ الشِّرْكَ لَظُلْمٌ عَظِيمٌ }.,ޢަބްދު ﷲ ބިން މަސްޢޫދު ރިވާ ކުރެއްވިއެވެ: ❞އެބައިމީހުންނަކީ އީމާންވެ ތިބެ، އެބައިމީހުންގެ އީމާންކަމާއެކު އަނިޔާވެރިކަން އެއްނުކުރާ މީހުންނެވެ.❝ (މި އާޔަތް) ބާވައިލެއްވުމުން، ރަސޫލު ﷲ ﷺ ގެ ޞަޙާބީންނަށް އެކަން ވަރަށް ދަތި އުނދަގޫ ކަމަކަށްވިއެވެ. އަދި ދެންނެވިއެވެ: ތިމަންމެންގެ ތެރެއިން (ކުށްފާފަކޮށް) އަމިއްލަ ނަފްސަށް އަނިޔާވެރި ނުވަނީ ފަހެ ކާކުތޯއެވެ؟ ރަސޫލު ﷲ ﷺ ޙަދީޘް ކުރެއްވިއެވެ: އެކަން އޮތީ ތިޔަ ހީކުރާ ގޮތަކަށް ނޫނެވެ. އެހެނެއްކަމަކު އެކަން އޮތީ ހަމަ ލުގްމާނުގެފާނުގެ ދަރިކަލުންނަށް އެކަލޭގެފާނު ވިދާޅުވި ގޮތަށެވެ: ❞އޭ ދަރިފުޅާއެވެ. ﷲ އަށް ޝިރްކު ނުކުރާށެވެ. ހަމަކަށަވަރުން ޝިރްކަކީ ބޮޑުވެގެންވާ އަނިޔާވެރިކަމެކެވެ.❝,b32
صحيح مسلم,124b,- حَدَّثَنَا إِسْحَاقُ بْنُ إِبْرَاهِيمَ، وَعَلِيُّ بْنُ خَشْرَمٍ قَالَا: أَخْبَرَنَا عِيسَى، وَهُوَ ابْنُ يُونُسَ، (ح) وَحَدَّثَنَا مِنْجَابُ بْنُ الْحَارِثِ التَّمِيمِيُّ، أَخْبَرَنَا ابْنُ مُسْهِرٍ، (ح) وَحَدَّثَنَا أَبُو كُرَيْبٍ، أَخْبَرَنَا ابْنُ إِدْرِيسَ كُلُّهُمْ، عَنِ الْأَعْمَشِ بِهَذَا الْإِسْنَادِ. قَالَ أَبُو كُرَيْبٍ: قَالَ ابْنُ إِدْرِيسَ: حَدَّثَنِيهِ أَوَّلًا أَبِي، عَنْ أَبَانَ بْنِ تَغْلِبَ، عَنِ الْأَعْمَشِ، ثُمَّ سَمِعْتُهُ مِنْهُ.,ކުރީގެ ޙަދީޘާ އެއްގޮތަކަށް ރިވާވެފައިވެއެވެ.,b32
صحيح مسلم,1341a,حَدَّثَنَا أَبُو بَكْرِ بْنُ أَبِي شَيْبَةَ، وَزُهَيْرُ بْنُ حَرْبٍ، كِلَاهُمَا، عَنْ سُفْيَانَ. قَالَ أَبُو بَكْرٍ: حَدَّثَنَا سُفْيَانُ بْنُ عُيَيْنَةَ، حَدَّثَنَا عَمْرُو بْنُ دِينَارٍ، عَنْ أَبِي مَعْبَدٍ قَالَ: سَمِعْتُ ابْنَ عَبَّاسٍ يَقُولُ: سَمِعْتُ النَّبِيَّ ﷺ يَخْطُبُ يَقُولُ: لَا يَخْلُوَنَّ رَجُلٌ بِامْرَأَةٍ إِلَّا وَمَعَهَا ذُو مَحْرَمٍ، وَلَا تُسَافِرِ الْمَرْأَةُ إِلَّا مَعَ ذِي مَحْرَمٍ، فَقَامَ رَجُلٌ فَقَالَ: يَا رَسُولَ اللهِ، إِنَّ امْرَأَتِي خَرَجَتْ حَاجَّةً، وَإِنِّي اكْتُتِبْتُ فِي غَزْوَةِ كَذَا وَكَذَا، قَالَ: انْطَلِقْ، فَحُجَّ مَعَ امْرَأَتِكَ.,އިބްނު ޢައްބާސް رَضِيَ اللَّهُ عَنْهُمَا ރިވާ ކުރެއްވިއެވެ: ނަބިއްޔާ ﷺ ޚިޠާބެއްގައި ޙަދީޘް ކުރައްވަނިކޮށް ތިމަން އަޑު އެހީމެވެ: ”މަޙްރަމަކާއެކު މެނުވީ (ހިލޭ) އަންހެނަކު (ހިލޭ) ފިރިހެނަކާ އެކަހެރިވެގެން ނުވާނެއެވެ. އަދި މަޙްރަމަކާއެކު މެނުވީ އަންހެނަކު ދަތުރުކޮށްގެން ނުވާނެއެވެ. “ ދެން މީހަކު ތެދުވެ ދެންނެވިއެވެ: އޭ ﷲ ގެ ރަސޫލާއެވެ. ހަމަކަށަވަރުން ތިމަންނަގެ އަންހެނުން ޙައްޖުވުމަށް ނުކުމެއްޖެއެވެ. އަދި މިވެނި ލަޝްކަރަކާއެކު (ޖިހާދަށް) ނުކުންނަން ތިމަންނަގެ ނަން ލިޔެވިއްޖެއެވެ. ނަބިއްޔާ ﷺ ޙަދީޘް ކުރެއްވިއެވެ: ”ނުކުމެ ގޮސް ތިބާގެ އަންހެނުންނާއެކު ޙައްޖުވާށެވެ.“,b1862
صحيح مسلم,1341b,وَحَدَّثَنَاهُ أَبُو الرَّبِيعِ الزَّهْرَانِيُّ، حَدَّثَنَا حَمَّادٌ، عَنْ عَمْرٍو بِهَذَا الْإِسْنَادِ نَحْوَهُ.,ކުރީގެ ޙަދީޘާ އެއް ގޮތަކަށް ރިވާވެގެން އައެވެ.,b1862
صحيح مسلم,1341c,وَحَدَّثَنَا ابْنُ أَبِي عُمَرَ، حَدَّثَنَا هِشَامٌ - يَعْنِي: ابْنَ سُلَيْمَانَ - الْمَخْزُومِيُّ، عَنِ ابْنِ جُرَيْجٍ بِهَذَا الْإِسْنَادِ نَحْوَهُ، وَلَمْ يَذْكُرْ: لَا يَخْلُوَنَّ رَجُلٌ بِامْرَأَةٍ إِلَّا وَمَعَهَا ذُو مَحْرَمٍ.,ކުރީގެ ޙަދީޘާ އެއް ގޮތަކަށް ރިވާވެގެން އައެވެ. އަދި މި ލަފުޒު ގެންނަވާފައެއް ނުވެއެވެ: މަޙްރަމަކާއެކު މެނުވީ (ހިލޭ) އަންހެނަކު (ހިލޭ) ފިރިހެނަކާ އެކަހެރިވެގެން ނުވާނެއެވެ.,b1862
صحيح مسلم,150a,حَدَّثَنَا ابْنُ أَبِي عُمَرَ، حَدَّثَنَا سُفْيَانُ، عَنِ الزُّهْرِيِّ، عَنْ عَامِرِ بْنِ سَعْدٍ، عَنْ أَبِيهِ قَالَ: قَسَمَ رَسُولُ اللهِ ﷺ قَسْمًا، فَقُلْتُ: يَا رَسُولَ اللهِ، أَعْطِ فُلَانًا فَإِنَّهُ مُؤْمِنٌ، فَقَالَ النَّبِيُّ ﷺ: أَوْ مُسْلِمٌ؟ أَقُولُهَا ثَلَاثًا، وَيُرَدِّدُهَا عَلَيَّ ثَلَاثًا، أَوْ مُسْلِمٌ. ثُمَّ قَالَ: إِنِّي لَأُعْطِي الرَّجُلَ وَغَيْرُهُ أَحَبُّ إِلَيَّ مِنْهُ مَخَافَةَ أَنْ يَكُبَّهُ اللهُ فِي النَّارِ.,ސަޢުދު ބިން އަބީ ވައްގާޞް رَضِيَ اللَّهُ عَنْهُ ރިވާ ކުރެއްވިއެވެ: ރަސޫލު ﷲ ﷺ ބަޔަކަށް މުދާ ބެއްސެވިއެވެ. ތިމަން ދެންނެވީމެވެ: އޭ ﷲގެ ރަސޫލާއެވެ. މިވެނި މީހަކަށް ވެސް ދެއްވާށެވެ. އެހެނީ ހަމަކަށަވަރުން އޭނާއީ (ފުރިހަމަ) މުއުމިނަކެވެ. ނަބިއްޔާ ﷺ ޙަދީޘް ކުރެއްވިއެވެ: ”ނުވަތަ (ހަމައެކަނި) މުސްލިމެކެވެ.“ ތިމަންނަގެ ވާހަކަ ތިން ފަހަރު ތަކުރާރުކޮށް ދެންނެވީމެވެ. އަދި ރަސޫލު ﷲ ﷺ ގެ ބަސްފުޅު ވެސް ތިމަންނައަށް ތިން ފަހަރު ތަކުރާރު ކުރެއްވިއެވެ: ”ނުވަތަ (ހަމައެކަނި) މުސްލިމެކެވެ.“ (ނޯޓު: އެފަދައިން ޙަދީޘް ކުރެއްވި ސަބަބަކީ، ވަކި މީހަކީ ފުރިހަމަ މުއުމިނެއްކަމަށް ދައުވާ ކުރަން އަވަސްވެ ނުގަތުމަށް އިރުޝާދު ދެއްވުމަށެވެ.) އެއަށްފަހު ޙަދީޘް ކުރެއްވިއެވެ: ”ހަމަކަށަވަރުން (އީމާންކަން ބަލިކަށި) މީހަކަށް ތިމަން ނަބިއްޔާ އެއްޗެއް ދެއްވަފާނެއެވެ. އެއީ ތިމަން ނަބިއްޔާއަށް މާ ލޮބުވެތިކަން ބޮޑު (އީމާންކަން ވަރުގަދަ) މީހަކު ހުއްޓައި ވެސްމެއެވެ. ސަބަބަކީ (އީމާންކަން ބަލިކަށި މީހާގެ ހިތް އެކުވެރި ކުރުމުގެ ގޮތުން އޭނާއަށް އެއްޗެއް ނުދީފި ނަމަ، އޭނާ ކާފަރުވެ) ﷲ އޭނާ މޫނުވަތައް ނަރަކައަށް އެއްލައިލަފާނެކަމުގެ ބިރަށްޓަކައެވެ.“,b27
صحيح مسلم,150b,حَدَّثَنِي زُهَيْرُ بْنُ حَرْبٍ، حَدَّثَنَا يَعْقُوبُ بْنُ إِبْرَاهِيمَ، حَدَّثَنَا ابْنُ أَخِي ابْنِ شِهَابٍ، عَنْ عَمِّهِ قَالَ: أَخْبَرَنِي عَامِرُ بْنُ سَعْدِ بْنِ أَبِي وَقَّاصٍ، عَنْ أَبِيهِ سَعْدٍ أَنَّ رَسُولَ اللهِ ﷺ أَعْطَى رَهْطًا، وَسَعْدٌ جَالِسٌ فِيهِمْ. قَالَ سَعْدٌ: فَتَرَكَ رَسُولُ اللهِ ﷺ مِنْهُمْ مَنْ لَمْ يُعْطِهِ، وَهُوَ أَعْجَبُهُمْ إِلَيَّ، فَقُلْتُ: يَا رَسُولَ اللهِ، مَا لَكَ عَنْ فُلَانٍ؟ فَوَاللهِ إِنِّي لَأَرَاهُ مُؤْمِنًا، فَقَالَ رَسُولُ اللهِ ﷺ: أَوْ مُسْلِمًا، قَالَ: فَسَكَتُّ قَلِيلًا، ثُمَّ غَلَبَنِي مَا أَعْلَمُ مِنْهُ، فَقُلْتُ: يَا رَسُولَ اللهِ، مَا لَكَ عَنْ فُلَانٍ؟ فَوَاللهِ إِنِّي لَأَرَاهُ مُؤْمِنًا، فَقَالَ رَسُولُ اللهِ ﷺ: أَوْ مُسْلِمًا، قَالَ: فَسَكَتُّ قَلِيلًا ثُمَّ غَلَبَنِي مَا عَلِمْتُ مِنْهُ، فَقُلْتُ: يَا رَسُولَ اللهِ، مَا لَكَ عَنْ فُلَانٍ؟ فَوَاللهِ إِنِّي لَأَرَاهُ مُؤْمِنًا، فَقَالَ رَسُولُ اللهِ ﷺ: أَوْ مُسْلِمًا، إِنِّي لَأُعْطِي الرَّجُلَ وَغَيْرُهُ أَحَبُّ إِلَيَّ مِنْهُ خَشْيَةَ أَنْ يُكَبَّ فِي النَّارِ عَلَى وَجْهِهِ.,ސަޢުދު ބިން އަބީ ވައްގާޞް ރިވާ ކުރެއްވިއެވެ: ތިމަން އެ ތަނެއްގައި އިށީންދެ އިންނަވަނިކޮށް ރަސޫލު ﷲ ﷺ ބަޔަކަށް މުދާ ބެއްސެވިއެވެ. އަދި އޭގެ ތެރެއިން އެންމެ ރަނގަޅުކަމަށް ތިމަން ދެކުނު މީހާއަށް ރަސޫލު ﷲ ﷺ އެއްޗެއް ނުދެއްވައެވެ. ވީމާ ތިމަން ދެންނެވީމެވެ: އޭ ﷲގެ ރަސޫލާއެވެ. އިބަ ނަބިއްޔާ މިވެނި މީހަކަށް ނުދެއްވީ ކީއްވެތޯއެވެ؟ އެހެނީ ﷲ ގަންދީ ބުނަމަވެ. ހަމަކަށަވަރުން އެއީ (ފުރިހަމަ) މުއުމިނަކު ކަމުގައި ތިމަން ދެކެމުއެވެ. ރަސޫލު ﷲ ﷺ ޙަދީޘް ކުރެއްވިއެވެ: ”ނުވަތަ (އެއީ ހަމައެކަނި) މުސްލިމެކެވެ.“ ދެން އިރުކޮޅަކު ތިމަން ހަނު ހުންނެވީމެވެ. އެއަށްފަހު އެ މީހާގެ ފަރާތުން އެނގިފަހުރި (ރަނގަޅު) ކަންކަމުގެ (ހަނދާންތައް) ތިމަންނަގެ މައްޗަށް ވެރިވެގަނެ، އަނެއްކާ ވެސް ތިމަންނަގެ ވާހަކަ ތަކުރާރުކޮށް ދެންނެވީމެވެ: އޭ ﷲގެ ރަސޫލާއެވެ. އިބަ ނަބިއްޔާ މިވެނި މީހަކަށް ނުދެއްވީ ކީއްވެތޯއެވެ؟ އެހެނީ ﷲ ގަންދީ ބުނަމަވެ. ހަމަކަށަވަރުން އެއީ (ފުރިހަމަ) މުއުމިނަކު ކަމުގައި ތިމަން ދެކެމުއެވެ. ރަސޫލު ﷲ ﷺ ޙަދީޘް ކުރެއްވިއެވެ: ”ނުވަތަ (އެއީ ހަމައެކަނި) މުސްލިމެކެވެ.“ ދެން އިރުކޮޅަކު ތިމަން ހަނު ހުންނެވީމެވެ. އެއަށްފަހު އެ މީހާގެ ފަރާތުން އެނގިފަހުރި (ރަނގަޅު) ކަންކަމުގެ (ހަނދާންތައް) ތިމަންނަގެ މައްޗަށް ވެރިވެގަނެ، އަނެއްކާ ވެސް ތިމަންނަގެ ވާހަކަ ތަކުރާރުކޮށް ދެންނެވީމެވެ: އޭ ﷲގެ ރަސޫލާއެވެ. އިބަ ނަބިއްޔާ މިވެނި މީހަކަށް ނުދެއްވީ ކީއްވެތޯއެވެ؟ އެހެނީ ﷲ ގަންދީ ބުނަމަވެ. ހަމަކަށަވަރުން އެއީ (ފުރިހަމަ) މުއުމިނަކު ކަމުގައި ތިމަން ދެކެމުއެވެ. ރަސޫލު ﷲ ﷺ ޙަދީޘް ކުރެއްވިއެވެ: ”ނުވަތަ (އެއީ ހަމައެކަނި) މުސްލިމެކެވެ.“ (ނޯޓު: އެފަދައިން ޙަދީޘް ކުރެއްވި ސަބަބަކީ، ވަކި މީހަކީ ފުރިހަމަ މުއުމިނެއްކަމަށް ދައުވާ ކުރަން އަވަސްވެ ނުގަތުމަށް އިރުޝާދު ދެއްވުމަށެވެ.) އެއަށްފަހު ޙަދީޘް ކުރެއްވިއެވެ: ”(އީމާންކަން ބަލިކަށި) މީހަކަށް ތިމަން ނަބިއްޔާ އެއްޗެއް ދެއްވާފާނެއެވެ. އެއީ ތިމަން ނަބިއްޔާއަށް މާ ލޮބުވެތިކަން ބޮޑު (އީމާންކަން ވަރުގަދަ) މީހަކު ހުއްޓައި ވެސްމެއެވެ. އެއީ (އީމާންކަން ބަލިކަށި މީހާގެ ހިތް އެކުވެރި ކުރުމުގެ ގޮތުން އޭނާއަށް އެއްޗެއް ނުދީފި ނަމަ، އޭނާ ކާފަރުވެ) އޭނާ މޫނުވަތައް ނަރަކައަށް އެއްލައިލަފާނެކަމުގެ ބިރަށްޓަކައެވެ.“,b27
صحيح مسلم,150c,حَدَّثَنَا الْحَسَنُ بْنُ عَلِيٍّ الْحُلْوَانِيُّ، وَعَبْدُ بْنُ حُمَيْدٍ قَالَا: حَدَّثَنَا يَعْقُوبُ، وَهُوَ ابْنُ إِبْرَاهِيمَ بْنِ سَعْدٍ، حَدَّثَنَا أَبِي، عَنْ صَالِحٍ، عَنِ ابْنِ شِهَابٍ قَالَ: حَدَّثَنِي عَامِرُ بْنُ سَعْدٍ، عَنْ أَبِيهِ سَعْدٍ أَنَّهُ قَالَ: أَعْطَى رَسُولُ اللهِ ﷺ رَهْطًا، وَأَنَا جَالِسٌ فِيهِمْ بِمِثْلِ حَدِيثِ ابْنِ أَخِي ابْنِ شِهَابٍ، عَنْ عَمِّهِ، وَزَادَ: فَقُمْتُ إِلَى رَسُولِ اللهِ ﷺ فَسَارَرْتُهُ، فَقُلْتُ: مَا لَكَ عَنْ فُلَانٍ؟,ކުރީގެ ޙަދީޘާ އެއްގޮތަށް ރިވާވެގެން އައެވެ. އަދި މި ޙަދީޘްގައި ވަނީ މިފަދައިންނެވެ: ދެން ރަސޫލު ﷲ ﷺ ގެ އަރިހަށް ތިމަން ތެދުވެ ސިއްރުން ދެންނެވީމެވެ: އިބަ ނަބިއްޔާ މިވެނި މީހަކަށް ނުދެއްވީ ކީއްވެތޯއެވެ؟,b27
صحيح مسلم,150d,وَحَدَّثَنَا الْحَسَنُ الْحُلْوَانِيُّ، حَدَّثَنَا يَعْقُوبُ، حَدَّثَنَا أَبِي، عَنْ صَالِحٍ، عَنْ إِسْمَاعِيلَ بْنِ مُحَمَّدٍ قَالَ: سَمِعْتُ مُحَمَّدَ بْنَ سَعْدٍ يُحَدِّثُ هَذَا، فَقَالَ فِي حَدِيثِهِ: فَضَرَبَ رَسُولُ اللهِ ﷺ بِيَدِهِ بَيْنَ عُنُقِي وَكَتِفِي، ثُمَّ قَالَ: أَقِتَالًا؟ أَيْ سَعْدُ، إِنِّي لَأُعْطِي الرَّجُلَ.,ކުރީގެ ޙަދީޘާ އެއްގޮތަށް ރިވާވެގެން އައެވެ. އަދި މި ޙަދީޘްގައި ވަނީ މިފަދައިންނެވެ: ދެން ރަސޫލު ﷲ ﷺ ތިމަންނަގެ ކަރާއި ކޮނޑާ ދެމެދު ޖައްސަވާފައި ޙަދީޘް ކުރެއްވިއެވެ: އޭ ސަޢުދެވެ. އަދިވެސް ދެކޮޅުހަދަނީތޯއެވެ؟ ހަމަކަށަވަރުން ތިމަން ނަބިއްޔާ މީހަކަށް ދެމެވެ.,b27
صحيح مسلم,150e,حَدَّثَنَا الْحَسَنُ بْنُ عَلِيٍّ الْحُلْوَانِيُّ، وَعَبْدُ بْنُ حُمَيْدٍ قَالَا: حَدَّثَنَا يَعْقُوبُ - وَهُوَ ابْنُ إِبْرَاهِيمَ بْنِ سَعْدٍ - حَدَّثَنَا أَبِي، عَنْ صَالِحٍ، عَنِ ابْنِ شِهَابٍ، أَخْبَرَنِي عَامِرُ بْنُ سَعْدٍ، عَنْ أَبِيهِ سَعْدٍ أَنَّهُ قَالَ: أَعْطَى رَسُولُ اللهِ ﷺ رَهْطًا وَأَنَا جَالِسٌ فِيهِمْ، قَالَ: فَتَرَكَ رَسُولُ اللهِ ﷺ مِنْهُمْ رَجُلًا لَمْ يُعْطِهِ، وَهُوَ أَعْجَبُهُمْ إِلَيَّ، فَقُمْتُ إِلَى رَسُولِ اللهِ ﷺ، فَسَارَرْتُهُ، فَقُلْتُ: يَا رَسُولَ اللهِ مَا لَكَ عَنْ فُلَانٍ، وَاللهِ إِنِّي لَأَرَاهُ مُؤْمِنًا قَالَ: أَوْ مُسْلِمًا فَسَكَتُّ قَلِيلًا، ثُمَّ غَلَبَنِي مَا أَعْلَمُ مِنْهُ، فَقُلْتُ: يَا رَسُولَ اللهِ مَا لَكَ عَنْ فُلَانٍ، فَوَاللهِ إِنِّي لَأَرَاهُ مُؤْمِنًا قَالَ: - أَوْ مُسْلِمًا - فَسَكَتُّ قَلِيلًا، ثُمَّ غَلَبَنِي مَا أَعْلَمُ مِنْهُ، فَقُلْتُ: يَا رَسُولَ اللهِ مَا لَكَ عَنْ فُلَانٍ، فَوَاللهِ إِنِّي لَأَرَاهُ مُؤْمِنًا قَالَ: أَوْ مُسْلِمًا قَالَ: إِنِّي لَأُعْطِي الرَّجُلَ، وَغَيْرُهُ أَحَبُّ إِلَيَّ مِنْهُ خَشْيَةَ أَنْ يُكَبَّ فِي النَّارِ عَلَى وَجْهِهِ وَفِي حَدِيثِ الْحُلْوَانِيِّ تَكْرَارُ الْقَوْلِ مَرَّتَيْنِ.,ސަޢުދު ބިން އަބީ ވައްގާޞް ރިވާ ކުރެއްވިއެވެ: ތިމަން އެ ތަނެއްގައި އިށީންދެ އިންނަވަނިކޮށް ރަސޫލު ﷲ ﷺ ބަޔަކަށް މުދާ ބެއްސެވިއެވެ. އަދި އޭގެ ތެރެއިން އެންމެ ރަނގަޅުކަމަށް ތިމަން ދެކުނު މީހާއަށް ރަސޫލު ﷲ ﷺ އެއްޗެއް ނުދެއްވައެވެ. ވީމާ ރަސޫލު ﷲ ﷺ ގެ ގާތަށް ތެދުވެގެން ތިމަން ސިއްރުން ދެންނެވީމެވެ: އޭ ﷲގެ ރަސޫލާއެވެ. އިބަ ނަބިއްޔާ މިވެނި މީހަކަށް ނުދެއްވީ ކީއްވެތޯއެވެ؟ އެހެނީ ﷲ ގަންދީ ބުނަމަވެ. ހަމަކަށަވަރުން އެއީ (ފުރިހަމަ) މުއުމިނަކު ކަމުގައި ތިމަން ދެކެމުއެވެ. ނަބިއްޔާ ޙަދީޘް ކުރެއްވިއެވެ: ”ނުވަތަ (އެއީ ހަމައެކަނި) މުސްލިމެކެވެ.“ ދެން އިރުކޮޅަކު ތިމަން ހަނު ހުންނެވީމެވެ. އެއަށްފަހު އެ މީހާގެ ފަރާތުން އެނގިފަހުރި (ރަނގަޅު) ކަންކަމުގެ (ހަނދާންތައް) ތިމަންނަގެ މައްޗަށް ވެރިވެގަނެ، އަނެއްކާ ވެސް ތިމަންނަގެ ވާހަކަ ތަކުރާރުކޮށް ދެންނެވީމެވެ: އޭ ﷲގެ ރަސޫލާއެވެ. އިބަ ނަބިއްޔާ މިވެނި މީހަކަށް ނުދެއްވީ ކީއްވެތޯއެވެ؟ އެހެނީ ﷲ ގަންދީ ބުނަމަވެ. ހަމަކަށަވަރުން އެއީ (ފުރިހަމަ) މުއުމިނަކު ކަމުގައި ތިމަން ދެކެމުއެވެ. ނަބިއްޔާ ޙަދީޘް ކުރެއްވިއެވެ: ”ނުވަތަ (އެއީ ހަމައެކަނި) މުސްލިމެކެވެ.“ ދެން އިރުކޮޅަކު ތިމަން ހަނު ހުންނެވީމެވެ. އެއަށްފަހު އެ މީހާގެ ފަރާތުން އެނގިފަހުރި (ރަނގަޅު) ކަންކަމުގެ (ހަނދާންތައް) ތިމަންނަގެ މައްޗަށް ވެރިވެގަނެ، އަނެއްކާ ވެސް ތިމަންނަގެ ވާހަކަ ތަކުރާރުކޮށް ދެންނެވީމެވެ: އޭ ﷲގެ ރަސޫލާއެވެ. އިބަ ނަބިއްޔާ މިވެނި މީހަކަށް ނުދެއްވީ ކީއްވެތޯއެވެ؟ އެހެނީ ﷲ ގަންދީ ބުނަމަވެ. ހަމަކަށަވަރުން އެއީ (ފުރިހަމަ) މުއުމިނަކު ކަމުގައި ތިމަން ދެކެމުއެވެ. ނަބިއްޔާ ޙަދީޘް ކުރެއްވިއެވެ: ”ނުވަތަ (އެއީ ހަމައެކަނި) މުސްލިމެކެވެ.“ (ނޯޓު: އެފަދައިން ޙަދީޘް ކުރެއްވި ސަބަބަކީ، ވަކި މީހަކީ ފުރިހަމަ މުއުމިނެއްކަމަށް ދައުވާ ނުކުރާން އިރުޝާދު ދެއްވުމުގެ ގޮތުންނެވެ.) އެއަށްފަހު ޙަދީޘް ކުރެއްވިއެވެ: ”(އީމާންކަން ބަލިކަށި) މީހަކަށް ތިމަން ނަބިއްޔާ އެއްޗެއް ދެއްވާފާނެއެވެ. އެއީ ތިމަން ނަބިއްޔާއަށް މާ ލޮބުވެތިކަން ބޮޑު (އީމާންކަން ވަރުގަދަ) މީހަކު ހުއްޓައި ވެސްމެއެވެ. އެއީ (އީމާންކަން ބަލިކަށި މީހާގެ ހިތް އެކުވެރި ކުރުމުގެ ގޮތުން އޭނާއަށް އެއްޗެއް ނުދީފި ނަމަ، އޭނާ ކާފަރުވެ) އޭނާ މޫނުވަތައް ނަރަކައަށް އެއްލައިލަފާނެކަމުގެ ބިރަށްޓަކައެވެ.“,b27
صحيح مسلم,150f,حَدَّثَنَا ابْنُ أَبِي عُمَرَ، حَدَّثَنَا سُفْيَانُ، (ح) وَحَدَّثَنِيهِ زُهَيْرُ بْنُ حَرْبٍ، حَدَّثَنَا يَعْقُوبُ بْنُ إِبْرَاهِيمَ بْنِ سَعْدٍ، حَدَّثَنَا ابْنُ أَخِي ابْنِ شِهَابٍ، (ح) وَحَدَّثَنَاهُ إِسْحَاقُ بْنُ إِبْرَاهِيمَ، وَعَبْدُ بْنُ حُمَيْدٍ قَالَا: أَخْبَرَنَا عَبْدُ الرَّزَّاقِ، أَخْبَرَنَا مَعْمَرٌ، - كُلُّهُمْ - عَنِ الزُّهْرِيِّ بِهَذَا الْإِسْنَادِ عَلَى مَعْنَى حَدِيثِ صَالِحٍ، عَنِ الزُّهْرِيِّ،,ކުރީގެ ޙަދީޘާ އެއްގޮތަށް ރިވާވެގެން އައެވެ.,b27
صحيح مسلم,150g,حَدَّثَنَا الْحَسَنُ بْنُ عَلِيٍّ الْحُلْوَانِيُّ، حَدَّثَنَا يَعْقُوبُ بْنُ إِبْرَاهِيمَ بْنِ سَعْدٍ، حَدَّثَنَا أَبِي، عَنْ صَالِحٍ، عَنْ إِسْمَاعِيلَ بْنِ مُحَمَّدِ بْنِ سَعْدٍ قَالَ: سَمِعْتُ مُحَمَّدَ بْنَ سَعْدٍ يُحَدِّثُ بِهَذَا الْحَدِيثِ يَعْنِي: حَدِيثَ الزُّهْرِيِّ الَّذِي ذَكَرْنَا فَقَالَ فِي حَدِيثِهِ: فَضَرَبَ رَسُولُ اللهِ ﷺ بِيَدِهِ بَيْنَ عُنُقِي، وَكَتِفِي، ثُمَّ قَالَ: أَقِتَالًا؟ أَيْ سَعْدُ إِنِّي لَأُعْطِي الرَّجُلَ.,ކުރީގެ ޙަދީޘާ އެއްގޮތަށް ރިވާވެގެން އައެވެ. އަދި މި ޙަދީޘްގައި ވަނީ މިފަދައިންނެވެ: ދެން ރަސޫލު ﷲ ﷺ ތިމަންނަގެ ކަރާއި ކޮނޑާ ދެމެދު ޖައްސަވާފައި ޙަދީޘް ކުރެއްވިއެވެ: އޭ ސަޢުދެވެ. އަދިވެސް ދެކޮޅުހަދަނީތޯއެވެ؟ ހަމަކަށަވަރުން ތިމަން ނަބިއްޔާ މީހަކަށް ދެމެވެ.,b27
صحيح مسلم,1577a,"حَدَّثَنَا يَحْيَى بْنُ أَيُّوبَ، وَقُتَيْبَةُ بْنُ سَعِيدٍ، وَعَلِيُّ بْنُ حُجْرٍ , قَالُوا: حَدَّثَنَا إِسْمَاعِيلُ (يَعْنُونَ ابْنَ جَعْفَرٍ)، عَنْ حُمَيْدٍ قَالَ: سُئِلَ أَنَسُ بْنُ مَالِكٍ عَنْ كَسْبِ الْحَجَّامِ فَقَالَ: احْتَجَمَ رَسُولُ اللهِ ﷺ، حَجَمَهُ أَبُو طَيْبَةَ، فَأَمَرَ لَهُ بِصَاعَيْنِ مِنْ طَعَامٍ، وَكَلَّمَ أَهْلَهُ فَوَضَعُوا عَنْهُ مِنْ خَرَاجِهِ، وَقَالَ: إِنَّ أَفْضَلَ مَا تَدَاوَيْتُمْ بِهِ الْحِجَامَةُ. أَوْ: هُوَ مِنْ أَمْثَلِ دَوَائِكُمْ.",ޙުމައިދު ރިވާ ކުރެއްވިއެވެ: ޙިޖާމާ ޖަހައިގެން ހޯދާ އާމްދަނީއާ ބެހޭ ގޮތުން އަނަސްގެ ގާތު ސުވާލު ކުރެވުނުވެ. އެކަލޭގެފާނު ދެންނެވިއެވެ: އަބޫ ޠައިބާ، ރަސޫލު ﷲ ﷺ އަށް ހިޖާމާ ޖެއްސެވިއެވެ. އަދި އަބޫ ޠައިބާއަށް ދެ ޞާޢުގެ ކާތަކެތި ދޭން ނަބިއްޔާ އަމުރު ކުރެއްވިއެވެ. އަދި އަބޫ ޠައިބާގެ ސާހިބު މީހުންގެ ގާތު ނަބިއްޔާ ވާހަކަފުޅު ދެއްކެވުމުން އެ މީހުން އަބޫ ޠައިބާ (ލައްވާ މަސައްކަތް ކުރުވައިގެން ހޯދާ ފައިސާ) މަދު ކުރިއެވެ. އަދި ނަބިއްޔާ ޙަދީޘް ކުރެއްވިއެވެ: ”ހަމަކަށަވަރުން ތިޔަބައިމީހުން ފަރުވާ ކުރުމަށް ބޭނުން ކުރާ އެންމެ ރަނގަޅު އެއްޗަކީ ޙިޖާމާއެވެ.“,
صحيح مسلم,1577b,"حَدَّثَنَا ابْنُ أَبِي عُمَرَ، حَدَّثَنَا مَرْوَانُ (يَعْنِي الْفَزَارِيَّ)، عَنْ حُمَيْدٍ قَالَ: سُئِلَ أَنَسٌ عَنْ كَسْبِ الْحَجَّامِ، فَذَكَرَ بِمِثْلِهِ, غَيْرَ أَنَّهُ قَالَ: إِنَّ أَفْضَلَ مَا تَدَاوَيْتُمْ بِهِ الْحِجَامَةُ، وَالْقُسْطُ الْبَحْرِيُّ، وَلَا تُعَذِّبُوا صِبْيَانَكُمْ بِالْغَمْزِ.",ޙުމައިދު ރިވާ ކުރެއްވިއެވެ: ޙިޖާމާ ޖަހައިގެން ހޯދާ އާމްދަނީއާ ބެހޭ ގޮތުން އަނަސްގެ ގާތު ސުވާލު ކުރެވުނުވެ. އަދި ކުރީގެ ޙަދީޘާ އެއްގޮތަކަށް ރިވާވެފައިވެއެވެ. އެހެނެއް ކަމަކު މި ރިވާޔަތުގައި ވަނީ މި ފަދައިންނެވެ: ”ހަމަކަށަވަރުން ތިޔަބައިމީހުން ފަރުވާ ކުރުމަށް ބޭނުން ކުރާ އެންމެ މޮޅު އެއްޗަކީ ޙިޖާމާއާއި ކަނޑު ގުސްޠެވެ. އަދި ތިޔަބައިމިހުންގެ ކުދިންގެ ޓޮންސިލްތަކުގައި ފިއްތައިގެން އަނިޔާ ނުކުރާށެވެ.“,
صحيح مسلم,161a,وَحَدَّثَنِي أَبُو الطَّاهِرِ، أَخْبَرَنَا ابْنُ وَهْبٍ قَالَ: حَدَّثَنِي يُونُسُ قَالَ: قَالَ ابْنُ شِهَابٍ: أَخْبَرَنِي أَبُو سَلَمَةَ بْنُ عَبْدِ الرَّحْمَنِ أَنَّ جَابِرَ بْنَ عَبْدِ اللهِ الْأَنْصَارِيَّ وَكَانَ مِنْ أَصْحَابِ رَسُولِ اللهِ ﷺ كَانَ يُحَدِّثُ، قَالَ: قَالَ رَسُولُ اللهِ ﷺ وَهُوَ يُحَدِّثُ عَنْ فَتْرَةِ الْوَحْيِ، قَالَ فِي حَدِيثِهِ: فَبَيْنَا أَنَا أَمْشِي سَمِعْتُ صَوْتًا مِنَ السَّمَاءِ، فَرَفَعْتُ رَأْسِي، فَإِذَا الْمَلَكُ الَّذِي جَاءَنِي بِحِرَاءٍ جَالِسًا عَلَى كُرْسِيٍّ بَيْنَ السَّمَاءِ وَالْأَرْضِ، قَالَ رَسُولُ اللهِ ﷺ: فَجُئِثْتُ مِنْهُ فَرَقًا، فَرَجَعْتُ فَقُلْتُ: زَمِّلُونِي زَمِّلُونِي، فَدَثَّرُونِي، فَأَنْزَلَ اللهُ تَبَارَكَ وَتَعَالَى: { يَا أَيُّهَا الْمُدَّثِّرُ * قُمْ فَأَنْذِرْ * وَرَبَّكَ فَكَبِّرْ * وَثِيَابَكَ فَطَهِّرْ * وَالرُّجْزَ فَاهْجُرْ } وَهِيَ الْأَوْثَانُ، قَالَ: ثُمَّ تَتَابَعَ الْوَحْيُ.,ޖާބިރު ބިން ޢަބްދު ﷲ رَضِيَ اللَّهُ عَنْهُمَا ރިވާ ކުރެއްވިއެވެ: ވަހީ ބާވައިލެއްވުން (މެދުކެނޑުނު) މުއްދަތުގެ ވާހަކަފުޅު ދައްކަވަމުން، ނަބިއްޔާ ޙާދީޘް ކުރެއްވިއެވެ: ”ތިމަން ނަބިއްޔާ ހިނގައިވަޑައިގަންނަވަމުން ދަނިކޮށް، އުޑުން އަޑެއް އިވިވަޑައިގަތީމެވެ. ފަހެ ތިމަން ނަބިއްޔާ އިސްއުފުއްލަވާފައި ބަލައިލެއްވުމުން، ޙިރާ ފަރުބަދައިގެ ހޮހަޅާގައި ތިމަން ނަބިއްޔާގެ އަރިހަށް އަތުވި މަލާއިކަތާ ދެކެވެޑައިގަތީމެވެ. އުޑާއި ބިމާ ދެމެދުގައިވާ ގޮނޑިކޮޅެއްގައި އެ މަލާއިކަތާ އިށީނދެ އިންނެވިއެވެ. ފަހެ އެ މަލާއިކަތާގެ ކިބައިން ތިމަން ނަބިއްޔާ ބިރުފުޅު ގަންނަވައިގެން، އެނބުރި (ޚަދީޖާގެ ގާތަށް) ވަޑައިގެން ދެންނެވީމެވެ: ތިމަން ކަލޭގެފާނުގެ ހަށިކޮޅުގައި ރަޖާ ތުރުކުރައްވައި ދެއްވާށެވެ. ތިމަން ކަލޭގެފާނުގެ ހަށިކޮޅުގައި ރަޖާ ތުރުކުރައްވައި ދެއްވާށެވެ. ދެން ތިމަން ކަލޭގެފާނުގެ ހަށިކޮޅުގައި ރަޖާ ތުރުކުރެއްވުނެވެ. އެއަށްފަހު ﷲ ތަބާރަކަ ވަތަޢާލާ ވަހީ ބާވައިލެއްވިއެވެ: ❞އޭ ގައިކޮޅުގައި ފޭރާން އޮޅުއްވައިގެން އޮންނެވި ކަލޭގެފާނެވެ. ތެދުވެވަޑައިގެން އިންޒާރު ދެއްވާށެވެ. އަދި ކަލޭގެފާނުގެ ރައްބަށް ތަކްބީރު ވިދާޅުވާށެވެ. އަދި ކަލޭގެފާނުގެ ހެދުންކޮޅު ތާހިރު ކުރައްވާށެވެ. އަދި (ބުދަށް އަޅުކަން ކުރުމާ) ދުރުވެ ވަޑައިގަންނަވާށެވެ.❝ އެއީ ނަމާދު ފުރުޟު ކުރެއްވުމުގެ ކުރިން ހިނގައިދިޔަ ކަމެކެވެ.“ (ޙަދީޘްގެ ރާވީއެއް ކަމަށްވާ އަބޫ ސަލަމާ ވިދާޅުވިއެވެ: ރުޖްޒަކީ) ބުދުތަކެވެ. އެއަށްފަހު ވަރަށް ގިނަގިނައިން ވަހީ ބާވައިލެއްވިގެން ދިޔައެވެ.,b4
صحيح مسلم,161b,وَحَدَّثَنِي عَبْدُ الْمَلِكِ بْنُ شُعَيْبِ بْنِ اللَّيْثِ قَالَ: حَدَّثَنِي أَبِي، عَنْ جَدِّي قَالَ: حَدَّثَنِي عُقَيْلُ بْنُ خَالِدٍ، عَنِ ابْنِ شِهَابٍ قَالَ: سَمِعْتُ أَبَا سَلَمَةَ بْنَ عَبْدِ الرَّحْمَنِ يَقُولُ: أَخْبَرَنِي جَابِرُ بْنُ عَبْدِ اللهِ أَنَّهُ سَمِعَ رَسُولَ اللهِ ﷺ يَقُولُ: ثُمَّ فَتَرَ الْوَحْيُ عَنِّي فَتْرَةً، فَبَيْنَا أَنَا أَمْشِي، ثُمَّ ذَكَرَ مِثْلَ حَدِيثِ يُونُسَ غَيْرَ أَنَّهُ قَالَ: فَجُئِثْتُ مِنْهُ فَرَقًا حَتَّى هَوَيْتُ إِلَى الْأَرْضِ. قَالَ: وَقَالَ أَبُو سَلَمَةَ: وَالرُّجْزُ: الْأَوْثَانُ. قَالَ: ثُمَّ حَمِيَ الْوَحْيُ بَعْدُ وَتَتَابَعَ,ޖާބިރު ބިން ޢަބްދު ﷲ ރިވާ ކުރެއްވިއެވެ: ރަސޫލު ﷲ ﷺ ޙާދީޘް ކުރައްވަނިކޮށް ތިމަން އަޑު އެހީމެވެ: ”ދެންފަހެ ތިމަން ނަބިއްޔާއަށް ވަހީ ބާވައިލެއްވުން މުއްދަތަކަށް މެދުކެނޑުނެވެ. އެއަށްފަހު ތިމަން ނަބިއްޔާ ހިނގައިވަޑައިގަންނަވަމުން ދަނިކޮށް“ އަދި ކުރީގެ ޙަދީޘާ އެއްފަދައިން ރިވާ ކުރެއްވިއެވެ. އަދި މި ރިވާޔަތުގައި ވަނީ މިފަދައިންނެވެ: ”ފަހެ އެ މަލާއިކަތާގެ ކިބައިން ތިމަން ނަބިއްޔާ ބިރުފުޅު ގަންނަވައިގެން ގޮސް ބިން މައްޗަށް ވެއްޓިވަޑައިގަތީމެވެ.“ އަދި (ޙަދީޘްގެ ރާވީއެއް ކަމަށްވާ) އަބޫ ސަލަމާ ވިދާޅުވިއެވެ: ރުޖްޒަކީ ބުދުތަކެވެ. އެއަށްފަހު ވަރަށް ގިނަގިނައިން ވަހީ ބާވައިލެއްވިގެން ދިޔައެވެ.,b4
صحيح مسلم,161c,وَحَدَّثَنِي مُحَمَّدُ بْنُ رَافِعٍ، حَدَّثَنَا عَبْدُ الرَّزَّاقِ، أَخْبَرَنَا مَعْمَرٌ، عَنِ الزُّهْرِيِّ بِهَذَا الْإِسْنَادِ نَحْوَ حَدِيثِ يُونُسَ، وَقَالَ: فَأَنْزَلَ اللهُ تَبَارَكَ وَتَعَالَى: { يَا أَيُّهَا الْمُدَّثِّرُ } إِلَى قَوْلِهِ: { وَالرُّجْزَ فَاهْجُرْ }، قَبْلَ أَنْ تُفْرَضَ الصَّلَاةُ، وَهِيَ الْأَوْثَانُ. وَقَالَ: فَجُئِثْتُ مِنْهُ، كَمَا قَالَ عَقِيلٌ.,ކުރީގެ ޙަދީޘާ އެއްފަދައިން ރިވާ ކުރެއްވިއެވެ. އަދި މި ރިވާޔަތުގައި ވަނީ މިފަދައިންނެވެ: އެއަށްފަހު ﷲ ތަބާރަކަ ވަތަޢާލާ ވަހީ ބާވައިލެއްވިއެވެ: ❞އޭ ގައިކޮޅުގައި ފޭރާން އޮޅުއްވައިގެން އޮންނެވި ކަލޭގެފާނެވެ. ތެދުވެވަޑައިގެން އިންޒާރު ދެއްވާށެވެ. އަދި ކަލޭގެފާނުގެ ރައްބަށް ތަކްބީރު ވިދާޅުވާށެވެ. އަދި ކަލޭގެފާނުގެ ހެދުންކޮޅު ތާހިރު ކުރައްވާށެވެ. އަދި (ބުދަށް އަޅުކަން ކުރުމާ) ދުރުވެ ވަޑައިގަންނަވާށެވެ.❝ އެއީ ނަމާދު ފުރުޟު ކުރެއްވުމުގެ ކުރިން ހިނގައިދިޔަ ކަމެކެވެ. (ޙަދީޘްގެ ރާވީއެއް ކަމަށްވާ އަބޫ ސަލަމާ ވިދާޅުވިއެވެ: ރުޖްޒަކީ) ބުދުތަކެވެ. އަދި ކުރީގެ ޙަދީޘާ އެއްފަދައިން ނަބިއްޔާ ޙަދީޘް ކުރެއްވިއެވެ: ”ފަހެ އެ މަލާއިކަތާގެ ކިބައިން ތިމަން ނަބިއްޔާ ބިރުފުޅު ގެންނެވީމެވެ.“,b4
صحيح مسلم,161d,وَحَدَّثَنَا زُهَيْرُ بْنُ حَرْبٍ، حَدَّثَنَا الْوَلِيدُ بْنُ مُسْلِمٍ، حَدَّثَنَا الْأَوْزَاعِيُّ قَالَ: سَمِعْتُ يَحْيَى يَقُولُ: سَأَلْتُ أَبَا سَلَمَةَ: أَيُّ الْقُرْآنِ أُنْزِلَ قَبْلُ؟ قَالَ: { يَا أَيُّهَا الْمُدَّثِّرُ }، فَقُلْتُ: أَوِ اقْرَأْ، فَقَالَ: سَأَلْتُ جَابِرَ بْنَ عَبْدِ اللهِ: أَيُّ الْقُرْآنِ أُنْزِلَ قَبْلُ؟ قَالَ: { يَا أَيُّهَا الْمُدَّثِّرُ }، فَقُلْتُ: أَوِ اقْرَأْ، قَالَ جَابِرٌ: أُحَدِّثُكُمْ مَا حَدَّثَنَا رَسُولُ اللهِ ﷺ قَالَ: جَاوَرْتُ بِحِرَاءٍ شَهْرًا، فَلَمَّا قَضَيْتُ جِوَارِي نَزَلْتُ فَاسْتَبْطَنْتُ بَطْنَ الْوَادِي، فَنُودِيتُ فَنَظَرْتُ أَمَامِي وَخَلْفِي، وَعَنْ يَمِينِي، وَعَنْ شِمَالِي، فَلَمْ أَرَ أَحَدًا، ثُمَّ نُودِيتُ فَنَظَرْتُ فَلَمْ أَرَ أَحَدًا، ثُمَّ نُودِيتُ فَرَفَعْتُ رَأْسِي فَإِذَا هُوَ عَلَى الْعَرْشِ فِي الْهَوَاءِ، - يَعْنِي: جِبْرِيلَ عَلَيْهِ السَّلَامُ - فَأَخَذَتْنِي رَجْفَةٌ شَدِيدَةٌ، فَأَتَيْتُ خَدِيجَةَ، فَقُلْتُ: دَثِّرُونِي، فَدَثَّرُونِي، فَصَبُّوا عَلَيَّ مَاءً، فَأَنْزَلَ اللهُ عَزَّ وَجَلَّ: { يَا أَيُّهَا الْمُدَّثِّرُ * قُمْ فَأَنْذِرْ * وَرَبَّكَ فَكَبِّرْ * وَثِيَابَكَ فَطَهِّرْ }.,ޔަޙްޔާ ބިން ކަޘީރު ވިދާޅުވިއެވެ: އަބޫ ސަލަމާ ބިން ޢަބްދުއްރަޙްމާންގެ އަރިހުގައި ތިމަން ސުވާލު ކުރީމެވެ: ގުރްއާނުން އެންމެ ފުރަތަމަ ބާވައިލެއްވުނީ ކޮން އާޔަތެއްތޯއެވެ؟ އަބޫ ސަލަމާ ވިދާޅުވިއެވެ: يَا أَيُّهَا الْمُدَّثِّرُ އެވެ. ތިމަން ދެންނެވީމެވެ: اقْرَأْ (މި އާޔަތެއް) ނޫންތޯއެވެ؟ އަބޫ ސަލަމާ ވިދާޅުވިއެވެ: ޖާބިރު ބިން ޢަބްދު ﷲ ގެ އަރިހުގައި ތިމަން ސުވާލު ކުރީމެވެ: ގުރްއާނުން އެންމެ ފުރަތަމަ ބާވައިލެއްވުނީ ކޮން އާޔަތެއްތޯއެވެ؟ ފަހެ ޖާބިރު ވިދާޅުވިއެވެ: يَا أَيُّهَا الْمُدَّثِّرُ އެވެ. ތިމަން ދެންނެވީމެވެ: ތ اقْرَأْ (މި އާޔަތެއް) ނޫންތޯއެވެ؟ ޖާބިރު ވިދާޅުވިއެވެ: ރަސޫލު ﷲ ﷺ ތިމަންމެންނަށް ޙަދީޘް ކުރެއްވި ފަދައިން މެނުވީ ތިބާއަކަށް ތިމަންނަ ކިޔައެއް ނުދެމެވެ. ފަހެ ރަސޫލު ﷲ ﷺ ޙަދީޘް ކުރެއްވިއެވެ: ”ޙިރާ ފަރުބަދައިގެ ހޮހަޅާގައި ތިމަން ނަބިއްޔާ މަސްދުވަސް ވަންދެން އެކަހެރިވެ އިންނެވީމެވެ. ދެން ތިމަން ނަބިއްޔާ އެކަހެރިވެ އިންނެވުން ނިންމެވުމަށް ފަހު އެ ތަނުން ނުކުމެ ވާދީއަށް ފައިބާވަޑައިގެންނެވީމެވެ. ފަހެ ތިމަން ނަބިއްޔާއަށް ގޮވާލެއްވުނެވެ. ދެން ތިމަން ނަބިއްޔާގެ ކުރިމައްޗަށާއި ފަހަތްޕުޅަށާއި ކަނާތަށާއި ވާތަށް ބަލާލެއްވީމެވެ. ތިމަން ނަބިއްޔާއަކަށް އެކަކުވެސް ފެނިވަޑައި ނުގަންނަވައެވެ. ދެން ތިމަން ނަބިއްޔާ އިސް އުފުލައިލެއްވުމުން ފަހެ އުޑުގައި ގޮނޑިކޮޅެއްގައި އެ މަލާއިކަތާ (އެބަހީ: ޖިބްރީލު ޢަލައިހިއްސަލާމް) އިށީނދެ އިންނެވިއެވެ. ތިމަން ނަބިއްޔާ ވަރަށް ބޮޑަށް ބިރުފުޅު ގަންނަވައިގެން، އެނބުރި ޚަދީޖާގެ ގާތަށް ވަޑައިގެން ދެންނެވީމެވެ: ތިމަން ކަލޭގެފާނުގެ ހަށިކޮޅުގައި ރަޖާ ތުރުކުރައްވައި ދެއްވާށެވެ. ދެން ތިމަން ކަލޭގެފާނުގެ ހަށިކޮޅުގައި ރަޖާ ތުރުކުރައްވައި ފިނި ފެން އޮއްސެވުނެވެ. އެއަށްފަހު ﷲ ޢައްޖަ ވަޖައްލަ ވަހީ ބާވައިލެއްވިއެވެ:“ ❞އޭ ގައިކޮޅުގައި ފޭރާން އޮޅުއްވައިގެން އޮންނެވި ކަލޭގެފާނެވެ. ތެދުވެވަޑައިގެން އިންޒާރު ދެއްވާށެވެ. އަދި ކަލޭގެފާނުގެ ރައްބަށް ތަކްބީރު ވިދާޅުވާށެވެ. އަދި ކަލޭގެފާނުގެ ހެދުންކޮޅު ތާހިރު ކުރައްވާށެވެ.❝,b4
صحيح مسلم,161e,حَدَّثَنَا مُحَمَّدُ بْنُ الْمُثَنَّى، حَدَّثَنَا عُثْمَانُ بْنُ عُمَرَ، أَخْبَرَنَا عَلِيُّ بْنُ الْمُبَارَكِ، عَنْ يَحْيَى بْنِ أَبِي كَثِيرٍ بِهَذَا الْإِسْنَادِ، وَقَالَ: فَإِذَا هُوَ جَالِسٌ عَلَى عَرْشٍ بَيْنَ السَّمَاءِ وَالْأَرْضِ.,ކުރީގެ ޙަދީޘާ އެއްފަދައިން ރިވާ ކުރެއްވިއެވެ. އަދި މި ރިވާޔަތުގައި ވަނީ މިފަދައިންނެވެ: ”ފަހެ އުޑާއި ބިމާ ދެމެދުގައިވާ ގޮނޑިކޮޅެއްގައި އެ މަލާއިކަތާ އިށީނދެ އިންނެވިއެވެ.“,b4
صحيح مسلم,1661a,حَدَّثَنَا أَبُو بَكْرِ بْنُ أَبِي شَيْبَةَ، حَدَّثَنَا وَكِيعٌ، حَدَّثَنَا الْأَعْمَشُ، عَنِ الْمَعْرُورِ بْنِ سُوَيْدٍ قَالَ: مَرَرْنَا بِأَبِي ذَرٍّ بِالرَّبَذَةِ وَعَلَيْهِ بُرْدٌ وَعَلَى غُلَامِهِ مِثْلُهُ، فَقُلْنَا: يَا أَبَا ذَرٍّ، لَوْ جَمَعْتَ بَيْنَهُمَا كَانَتْ حُلَّةً، فَقَالَ: إِنَّهُ كَانَ بَيْنِي وَبَيْنَ رَجُلٍ مِنْ إِخْوَانِي كَلَامٌ، وَكَانَتْ أُمُّهُ أَعْجَمِيَّةً، فَعَيَّرْتُهُ بِأُمِّهِ، فَشَكَانِي إِلَى النَّبِيِّ ﷺ، فَلَقِيتُ النَّبِيَّ ﷺ فَقَالَ: يَا أَبَا ذَرٍّ، إِنَّكَ امْرُؤٌ فِيكَ جَاهِلِيَّةٌ. قُلْتُ: يَا رَسُولَ اللهِ، مَنْ سَبَّ الرِّجَالَ سَبُّوا أَبَاهُ وَأُمَّهُ، قَالَ: يَا أَبَا ذَرٍّ، إِنَّكَ امْرُؤٌ فِيكَ جَاهِلِيَّةٌ، هُمْ إِخْوَانُكُمْ، جَعَلَهُمُ اللهُ تَحْتَ أَيْدِيكُمْ، فَأَطْعِمُوهُمْ مِمَّا تَأْكُلُونَ، وَأَلْبِسُوهُمْ مِمَّا تَلْبَسُونَ، وَلَا تُكَلِّفُوهُمْ مَا يَغْلِبُهُمْ، فَإِنْ كَلَّفْتُمُوهُمْ فَأَعِينُوهُمْ.,އަލްމަޢުރޫރު ބިން ސުވައިދު ރިވާ ކުރެއްވިއެވެ: (ބާދިޔާގައި) ރަބަޛާ ކިޔުނު ތަނަކުން އަބޫ ޛައްރާ ތިމަންމެން ބައްދަލު ކުރީމެވެ. އެކަލޭގެފާނު ހުންނެވީ ހެދުންކޮޅެއް ތުރުކޮށްގެންނެވެ. އަދި އެކަލޭގެފާނުގެ އަޅުކުއްޖާ ވެސް ހުރީ އެފަދަ ހެދުމެއް ލައިގެންނެވެ. ދެން ތިމަންމެން ދެންނެވީމެވެ: އޭ އަބޫ ޛައްރެވެ. ތިބާ މި (އަޅުކުއްޖާގެ ހެދުންވެސް ނަންގަވާފައި) ދެ ހެދުން އެއްކޮށް ތުރުކުރައްވާ ނަމަ (ދެ ފޭރާން އެކުލެވޭ ފުރިހަމަ) ހެދުންކޮޅަކަށް ވީހެވެ. ދެން އެކަލޭގެފާނު ދެންނެވިއެވެ: ތިމަންނައާއި ތިމަންނަގެ އަޚުންގެ ތެރެއިންވާ މީހަކާ ދެމެދު އަރައިރުންވުމެއް ހިނގިއެވެ. އޭނާގެ މަންމައަކީ ޢަޖަމީއެކެވެ. ދެން ތިމަންނަ (އެ މީހަކަށް ހުތުރު އެއްޗެހި ގޮވައި) އެ މީހާގެ މަންމައަށް ނިސްބަތްކޮށް އޭނާ ދެރަކޮށްލެވުނެވެ. (ނޯޓު: އަބޫ ޛައްރަށް ބުނެވުނީ: އޭ މިހިރަ ކަޅު ބަބުރު އަންހެނާގެ ދަރިޔާއެވެ.) ދެން ތިމަންނަގެ ޝަކުވާ ނަބިއްޔާ ﷺ ގާތު އެ މީހާ ކުރިއެވެ. އަދި ނަބިއްޔާ ﷺ އާ ތިމަންނަ ބައްދަލުވެގެން ތިމަންނައަށް ޙަދީޘް ކުރެއްވިއެވެ: ”އޭ އަބޫ ޛައްރެވެ. ހަމަކަށަވަރުން ތިބާއަކީ، ތިބާގެ ކިބައިގައި ޖާހިލިއްޔަ ކަމެއް ހުރި މީހެކެވެ.“ ތިމަން ދެންނެވީމެވެ: އޭ ﷲގެ ރަސޫލާއެވެ. މީހަކު އެހެން ބަޔަކަށް އެއްޗެހި ގޮވައިފި ނަމަ، އެ މީހުން އޭނާގެ މަންމައާއި ބައްޕައަށް އެއްޗެހި ގޮވައެވެ. ނަބިއްޔާ ޙަދީޘް ކުރެއްވިއެވެ: ”އޭ އަބޫ ޛައްރެވެ. ހަމަކަށަވަރުން ތިބާއަކީ، ތިބާގެ ކިބައިގައި ޖާހިލިއްޔަ ކަމެއް ހުރި މީހެކެވެ. ހަމަކަށަވަރުން އެ އަޅުންނަކީ ހަމަ ތިޔަބައިމީހުންގެ އަޚުންނެވެ. ތިޔަބައިމީހުންގެ (ބާރާއި) ބެލުމުގެ ދަށަށް ﷲ އެބައިމީހުން ލެއްވިއެވެ. ވީމާ ތިޔަބައިމީހުން ކައި އުޅޭ ތަކެތިން އެ މީހުންނަށް ކާން ދޭށެވެ. އަދި ތިބައިމީހުން ލައި އުޅޭ ހެދުމުން އެބައިމީހުންނަށް ހެދުންލައި ދޭށެވެ. އަދި ތިޔަބައިމީހުން އެ މީހުންނަށް ކަމެއް ހަވާލުކޮށްފި ނަމަ، ފަހެ އެ މީހުންނަށް އެހީވެދޭށެވެ.“,b30
صحيح مسلم,1661b,وَحَدَّثَنَاهُ أَحْمَدُ بْنُ يُونُسَ، حَدَّثَنَا زُهَيْرٌ. (ح) وَحَدَّثَنَا أَبُو كُرَيْبٍ، حَدَّثَنَا أَبُو مُعَاوِيَةَ. (ح) وَحَدَّثَنَا إِسْحَاقُ بْنُ إِبْرَاهِيمَ، أَخْبَرَنَا عِيسَى بْنُ يُونُسَ، كُلُّهُمْ عَنِ الْأَعْمَشِ بِهَذَا الْإِسْنَادِ، وَزَادَ فِي حَدِيثِ زُهَيْرٍ وَأَبِي مُعَاوِيَةَ بَعْدَ قَوْلِهِ: إِنَّكَ امْرُؤٌ فِيكَ جَاهِلِيَّةٌ، قَالَ: قُلْتُ: عَلَى حَالِ سَاعَتِي مِنَ الْكِبَرِ، قَالَ: نَعَمْ. وَفِي رِوَايَةِ أَبِي مُعَاوِيَةَ: نَعَمْ، عَلَى حَالِ سَاعَتِكَ مِنَ الْكِبَرِ. وَفِي حَدِيثِ عِيسَى: فَإِنْ كَلَّفَهُ مَا يَغْلِبُهُ فَلْيَبِعْهُ. وَفِي حَدِيثِ زُهَيْرٍ: فَلْيُعِنْهُ عَلَيْهِ. وَلَيْسَ فِي حَدِيثِ أَبِي مُعَاوِيَةَ: فَلْيَبِعْهُ، وَلَا فَلْيُعِنْهُ. انْتَهَى عِنْدَ قَوْلِهِ: وَلَا يُكَلِّفْهُ مَا يَغْلِبُهُ.,ކުރީގެ ޙަދީޘާ އެއްގޮތަކަށް ރިވާވެފައިވެއެވެ. އަދި މި ޙަދީޘްގައި ”ހަމަކަށަވަރުން ތިބާއަކީ، ތިބާގެ ކިބައިގައި ޖާހިލިއްޔަ ކަމެއް ހުރި މީހެކެވެ“ މި ބަސްފުޅަށް ފަހު ވަނީ މިފަދައިންނެވެ: ތިމަން ދެންނެވީމެވެ: ތިމަންނައަށް މިހައި ދުވަސްވީ ހިނދުގައިވެސްތޯއެވެ؟ ނަބިއްޔާ ޙަދީޘް ކުރެއްވިއެވެ: ”އާދޭހެވެ. ތިބާއަށް ތިހައި ދުވަސްވީ ހިނދުގައިވެސް މެއެވެ.“ އަދި އެހެން ރިވާޔަތެއްގައި ވަނީ މިފަދައިންނެވެ: ”އަދި އޭނާއަށް ކުޅަދާނަވެގެން ނުވާވަރު ކަމެއް ހަވާލުކޮށްފިނަމަ، ފަހެ އޭނާ ވިއްކާލާށެވެ.“ އަދި އެހެން ރިވާޔަތެއްގައި ވަނީ މިފަދައިންނެވެ: ”ފަހެ އޭނާއަށް އެހީތެރިވެދޭށެވެ.“ އަދި އެހެން ރިވާޔަތެއްގައި ވަނީ އެ ދެގޮތަކަށްވެސް ނެތެވެ. އެހެނެއްކަމަކު ނިމެނީ މިފަދައިންނެވެ: ”އަދި އޭނާއަށް ކުޅަދާނަވެގެން ނުވާވަރު ކަމެއް ހަވާލު ނުކުރާށެވެ.“,b30
صحيح مسلم,1661c,حَدَّثَنَا مُحَمَّدُ بْنُ الْمُثَنَّى، وَابْنُ بَشَّارٍ، (وَاللَّفْظُ لِابْنِ الْمُثَنَّى)، قَالَا: حَدَّثَنَا مُحَمَّدُ بْنُ جَعْفَرٍ، حَدَّثَنَا شُعْبَةُ، عَنْ وَاصِلٍ الْأَحْدَبِ، عَنِ الْمَعْرُورِ بْنِ سُوَيْدٍ قَالَ: رَأَيْتُ أَبَا ذَرٍّ وَعَلَيْهِ حُلَّةٌ، وَعَلَى غُلَامِهِ مِثْلُهَا، فَسَأَلْتُهُ عَنْ ذَلِكَ قَالَ: فَذَكَرَ أَنَّهُ سَابَّ رَجُلًا عَلَى عَهْدِ رَسُولِ اللهِ ﷺ فَعَيَّرَهُ بِأُمِّهِ، قَالَ: فَأَتَى الرَّجُلُ النَّبِيَّ ﷺ فَذَكَرَ ذَلِكَ لَهُ، فَقَالَ النَّبِيُّ ﷺ: إِنَّكَ امْرُؤٌ فِيكَ جَاهِلِيَّةٌ، إِخْوَانُكُمْ وَخَوَلُكُمْ، جَعَلَهُمُ اللهُ تَحْتَ أَيْدِيكُمْ، فَمَنْ كَانَ أَخُوهُ تَحْتَ يَدَيْهِ، فَلْيُطْعِمْهُ مِمَّا يَأْكُلُ، وَلْيُلْبِسْهُ مِمَّا يَلْبَسُ، وَلَا تُكَلِّفُوهُمْ مَا يَغْلِبُهُمْ، فَإِنْ كَلَّفْتُمُوهُمْ فَأَعِينُوهُمْ عَلَيْهِ.,އަލްމަޢުރޫރު ބިން ސުވައިދު ރިވާ ކުރެއްވިއެވެ: އަބޫ ޛައްރު ހެދުންކޮޅެއް ތުރުކޮށްގެން ހުންނަވަނިކޮށް ތިމަން ދެކުނީމެވެ. އަދި އެކަލޭގެފާނުގެ އަޅުކުއްޖާ ވެސް ހުރީ އެފަދަ ހެދުމެއް ލައިގެންނެވެ. ދެން އެކަމާ ބެހޭ ގޮތުން ތިމަން ސުވާލު ކުރީމެވެ. ދެން ރަސޫލު ﷲ ﷺ ގެ ޒަމާނުގައި އެކަލޭގެފާނު މީހަކަށް ހުތުރު އެއްޗެހި ގޮވައި، އެ މީހާގެ މަންމައަށް ނިސްބަތްކޮށް އޭނާ ދެރަކޮށްލެވުނު ވާހަކަ ނަންގަތެވެ. (ނޯޓު: އަބޫ ޛައްރަށް ބުނެވުނީ: އޭ މިހިރަ ކަޅު ބަބުރު އަންހެނާގެ ދަރިޔާއެވެ.) ދެން އެ މީހާ ނަބިއްޔާ ﷺ ގާތަށް ގޮސް އެ ވާހަކަ ދެއްކިއެވެ. އަދި ނަބިއްޔާ ޙަދީޘް ކުރެއްވިއެވެ: ”ހަމަކަށަވަރުން ތިބާއަކީ، ތިބާގެ ކިބައިގައި ޖާހިލިއްޔަ ކަމެއް ހުރި މީހެކެވެ. އެބައިމީހުންނީ ހަމަ ތިޔަބައިމީހުންގެ އަޚުންނާއި ޚާދިމުންނެވެ. ތިޔަބައިމީހުންގެ (ބާރާއި) ބެލުމުގެ ދަށަށް ﷲ އެބައިމީހުން ލެއްވިއެވެ. އަދި އެ މީހެއްގެ (ބާރާއި) ބެލުމުގެ ދަށުގައި ﷲ އޭނާގެ އަޚާ ލައްވައިފި ނަމަ، ފަހެ އެ މީހާކު ކައި އުޅޭ ތަކެތިން އޭނާއަށް ކާން ދޭށެވެ. އަދި އެ މީހަކު ލައި އުޅޭ ހެދުމުން އޭނާއަށް ހެދުންލައި ދޭށެވެ. އަދި އެ މީހުންނަށް ނުކުރެވޭވަރު ކަމެއް އެބައިމީހުންނާ ހަވާލު ނުކުރާށެވެ. އަދި އެ މީހުންނަށް ހަވާލުކޮށްފި ނަމަ، ފަހެ އެބައިމީހުންނަށް އެ ކަމުގައި އެހީވެދޭށެވެ.“,b30
صحيح مسلم,16a,حَدَّثَنَا مُحَمَّدُ بْنُ عَبْدِ اللهِ بْنِ نُمَيْرٍ الْهَمْدَانِيُّ، حَدَّثَنَا أَبُو خَالِدٍ - يَعْنِي: سُلَيْمَانَ بْنَ حَيَّانَ الْأَحْمَرَ -، عَنْ أَبِي مَالِكٍ الْأَشْجَعِيِّ، عَنْ سَعْدِ بْنِ عُبَيْدَةَ، عَنِ ابْنِ عُمَرَ عَنِ النَّبِيِّ ﷺ قَالَ: بُنِيَ الْإِسْلَامُ عَلَى خَمْسَةٍ: عَلَى أَنْ يُوَحَّدَ اللهُ، وَإِقَامِ الصَّلَاةِ، وَإِيتَاءِ الزَّكَاةِ، وَصِيَامِ رَمَضَانَ، وَالْحَجِّ، فَقَالَ رَجُلٌ: الْحَجِّ وَصِيَامِ رَمَضَانَ؟ قَالَ: لَا، صِيَامِ رَمَضَانَ وَالْحَجِّ، هَكَذَا سَمِعْتُهُ مِنْ رَسُولِ اللهِ ﷺ.,އިބްނު ޢުމަރު ރިވާ ކުރެއްވިއެވެ: ނަބިއްޔާ ﷺ ޙަދީޘް ކުރެއްވިއެވެ: ”އިސްލާމް (ދީން) ބިނާވެގެން ވަނީ ފަސް ކަމެއްގެ މައްޗަށެވެ. އެއީ ﷲ އެއްކައުވަންތަ ކުރުމާއި، ނަމާދު ގާއިމު ކުރުމާއި، (މުދަލު) ޒަކާތް ދިނުމާއި، ރަމަޟާން މަހުގެ ރޯދަ ހިފުމާއި، ޙައްޖުވުމެވެ.“ މީހަކު (ޢިބްނު ޢުމަރަށް) ދެންނެވިއެވެ: ޙައްޖުވުމާއި، ރަމަޟާން މަހުގެ ރޯދަ ހިފުންތޯއެވެ؟ އިބްނު ޢުމަރު ވިދާޅުވިއެވެ: ނޫނެކެވެ. ރަމަޟާން މަހުގެ ރޯދަ ހިފުމާއި، ޙައްޖުވުމެވެ. ރަސޫލު ﷲ ﷺ ގެ އަރިހުން ތިމަން އަޑުއެހީ މިފަދައިންނެވެ.,b8
صحيح مسلم,16b,وَحَدَّثَنَا سَهْلُ بْنُ عُثْمَانَ الْعَسْكَرِيُّ، حَدَّثَنَا يَحْيَى بْنُ زَكَرِيَّاءَ، حَدَّثَنَا سَعْدُ بْنُ طَارِقٍ قَالَ: حَدَّثَنِي سَعْدُ بْنُ عُبَيْدَةَ السُّلَمِيُّ، عَنِ ابْنِ عُمَرَ، عَنِ النَّبِيِّ ﷺ قَالَ: بُنِيَ الْإِسْلَامُ عَلَى خَمْسٍ: عَلَى أَنْ يُعْبَدَ اللهُ وَيُكْفَرَ بِمَا دُونَهُ، وَإِقَامِ الصَّلَاةِ، وَإِيتَاءِ الزَّكَاةِ، وَحَجِّ الْبَيْتِ، وَصَوْمِ رَمَضَانَ.,އިބްނު ޢުމަރު ރިވާ ކުރެއްވިއެވެ: ނަބިއްޔާ ﷺ ޙަދީޘް ކުރެއްވިއެވެ: ”އިސްލާމް (ދީން) ބިނާވެގެން ވަނީ ފަސް ކަމެއްގެ މައްޗަށެވެ. އެއީ ﷲ އަށް އަޅުކަން ކުރެވުމާއި، އެ އިލާހު ނޫން އެހެން ފަރާތްތަކަށް ކާފަރުވުމާއި، އަދި ނަމާދު ގާއިމު ކުރުމާއި، (މުދަލު) ޒަކާތް ދިނުމާއި، ގެފުޅަށް ގޮސް ޙައްޖުވުމާއި، ރަމަޟާން މަހުގެ ރޯދަ ހިފުމެވެ.“,b8
صحيح مسلم,16c,حَدَّثَنَا عُبَيْدُ اللهِ بْنُ مُعَاذٍ، حَدَّثَنَا أَبِي، حَدَّثَنَا عَاصِمٌ، وَهُوَ ابْنُ مُحَمَّدِ بْنِ زَيْدِ بْنِ عَبْدِ اللهِ بْنِ عُمَرَ، عَنْ أَبِيهِ قَالَ: قَالَ عَبْدُ اللهِ: قَالَ رَسُولُ اللهِ ﷺ: بُنِيَ الْإِسْلَامُ عَلَى خَمْسٍ: شَهَادَةِ أَنْ لَا إِلَهَ إِلَّا اللهُ وَأَنَّ مُحَمَّدًا عَبْدُهُ وَرَسُولُهُ، وَإِقَامِ الصَّلَاةِ، وَإِيتَاءِ الزَّكَاةِ، وَحَجِّ الْبَيْتِ، وَصَوْمِ رَمَضَانَ.,ޢަބްދު ﷲ ބިން ޢުމަރު ރިވާ ކުރެއްވިއެވެ: ރަސޫލު ﷲ ﷺ ޙަދީޘް ކުރެއްވިއެވެ: ”އިސްލާމް (ދީން) ބިނާވެގެން ވަނީ ފަސް ކަމެއްގެ މައްޗަށެވެ. އެއީ ﷲ ފިޔަވައި އެހެން އެއްވެސް އިލާހަކު ނުވާކަމަށް ހެކިވުމާއި، އަދި މުޙައްމަދުގެފާނީ އެ އިލާހުގެ އަޅާ އަދި ރަސޫލާކަމަށް ހެކިވުމާއި، ނަމާދު ގާއިމު ކުރުމާއި، (މުދަލު) ޒަކާތް ދިނުމާއި، ގެފުޅަށް ގޮސް ޙައްޖުވުމާއި، ރަމަޟާން މަހުގެ ރޯދަ ހިފުމެވެ.“,b8
صحيح مسلم,16d,وَحَدَّثَنِي ابْنُ نُمَيْرٍ، حَدَّثَنَا أَبِي، حَدَّثَنَا حَنْظَلَةُ قَالَ: سَمِعْتُ عِكْرِمَةَ بْنَ خَالِدٍ يُحَدِّثُ طَاوُسًا أَنَّ رَجُلًا قَالَ لِعَبْدِ اللهِ بْنِ عُمَرَ: أَلَا تَغْزُو؟ فَقَالَ: إِنِّي سَمِعْتُ رَسُولَ اللهِ ﷺ يَقُولُ: إِنَّ الْإِسْلَامَ بُنِيَ عَلَى خَمْسٍ: شَهَادَةِ أَنْ لَا إِلَهَ إِلَّا اللهُ، وَإِقَامِ الصَّلَاةِ، وَإِيتَاءِ الزَّكَاةِ، وَصِيَامِ رَمَضَانَ، وَحَجِّ الْبَيْتِ.,ޢަބްދު ﷲ ބިން ޢުމަރަށް މީހަކު ދެންނެވިއެވެ: ތިބާ (ﷲގެ މަގުގައި ޖިހާދު ކުރުމަށް) ޣަޒްވާއަކަށް ނުނިކުންނަމުތޯއެވެ؟ އިބްނު ޢުމަރު ވިދާޅުވިއެވެ: ހަމަކަށަވަރުން ރަސޫލު ﷲ ﷺ ޙަދީޘް ކުރައްވަނިކޮށް ތިމަން އަޑު އެހީމެވެ: ”އިސްލާމް (ދީން) ބިނާވެގެން ވަނީ ފަސް ކަމެއްގެ މައްޗަށެވެ. އެއީ ﷲ ފިޔަވައި އެހެން އެއްވެސް އިލާހަކު ނުވާކަމަށް ހެކިވުމާއި، ނަމާދު ގާއިމު ކުރުމާއި، (މުދަލު) ޒަކާތް ދިނުމާއި، ރަމަޟާން މަހުގެ ރޯދަ ހިފުމާއި، ގެފުޅަށް ގޮސް ޙައްޖުވުމެވެ.“,b8
صحيح مسلم,1709a,حَدَّثَنَا يَحْيَى بْنُ يَحْيَى التَّمِيمِيُّ، وَأَبُو بَكْرِ بْنُ أَبِي شَيْبَةَ، وَعَمْرٌو النَّاقِدُ، وَإِسْحَاقُ بْنُ إِبْرَاهِيمَ، وَابْنُ نُمَيْرٍ، كُلُّهُمْ عَنِ ابْنِ عُيَيْنَةَ، (وَاللَّفْظُ لِعَمْرٍو)، قَالَ: حَدَّثَنَا سُفْيَانُ بْنُ عُيَيْنَةَ، عَنِ الزُّهْرِيِّ، عَنْ أَبِي إِدْرِيسَ، عَنْ عُبَادَةَ بْنِ الصَّامِتِ قَالَ: كُنَّا مَعَ رَسُولِ اللهِ ﷺ فِي مَجْلِسٍ فَقَالَ: تُبَايِعُونِي عَلَى أَنْ لَا تُشْرِكُوا بِاللهِ شَيْئًا، وَلَا تَزْنُوا، وَلَا تَسْرِقُوا، وَلَا تَقْتُلُوا النَّفْسَ الَّتِي حَرَّمَ اللهُ إِلَّا بِالْحَقِّ، فَمَنْ وَفَّى مِنْكُمْ فَأَجْرُهُ عَلَى اللهِ، وَمَنْ أَصَابَ شَيْئًا مِنْ ذَلِكَ فَعُوقِبَ بِهِ فَهُوَ كَفَّارَةٌ لَهُ، وَمَنْ أَصَابَ شَيْئًا مِنْ ذَلِكَ فَسَتَرَهُ اللهُ عَلَيْهِ فَأَمْرُهُ إِلَى اللهِ، إِنْ شَاءَ عَفَا عَنْهُ، وَإِنْ شَاءَ عَذَّبَهُ.,ޢުބާދާ ބިން ޞާމިތު ރިވާ ކުރެއްވިއެވެ: ރަސޫލު ﷲ ﷺ އަރިހު މަޖިލީހެއްގައި ތިމަންމެން ވަނިކޮށް ޙަދީޘް ކުރެއްވިއެވެ: ”ތިޔަބައިމީހުން ﷲ އަށް އަޅުކަމުގައި އެއްވެސް ފަރާތެއް ބައިވެރި ނުކުރާނެކަމަށާއި، ޒިނޭ ނުކުރާނެކަމަށާއި، ވައްކަން ނުކުރާނެކަމަށާއި، ﷲ ހުރުމަތްތެރި ކުރެއްވި ފުރާނައެއް ޙައްގަކާއި ލައިގެން މެނުވީ ނުމަރާނެކަމަށާއި، ތިޔަބައިމީހުން އަތުންފައިން ބުހުތާނު ދޮގު (މީހުންނަށް ނިސްބަތްކޮށް) ނަހަދާނެކަމަށާއި، އެއްވެސް ހެޔޮ ކަމެއްގައި އުރެދިނުގަންނާނެކަމަށް، ތިޔަބައިމީހުން ތިމަން ނަބިއްޔާއަށް ބައިޢަތު ހިފާށެވެ. އަދި (ބައިޢަތަށް) ވަފާތެރިވެއްޖެ މީހަކަށް އަޖުރު ދެއްވާނީ ﷲ އެވެ. އަދި އޭގެ ތެރެއިން ކަމަކަށް އަރައިގަނެވި، އޭގެ ސަބަބުން ދުނިޔެ މަތީގައި ޢުގޫބާތް ދެވިއްޖެ ނަމަ، ފަހެ އެ ވާނީ އެ މީހަކަށްވާ ކައްފާރައަކަށެވެ. އަދި އެއިން ކަމަކަށް އަރައިގަނެވި، ﷲ އޭނާއަށް އެކަން ފޮރުވައިދެއްވައިފި ނަމަ، ފަހެ އޭނާގެ ކަންތައް ވާނީ ﷲ އަށެވެ. (އެބަހީ: އެ އިލާހުގެ އިރާދަފުޅުގެ ދަށުންނެވެ.) އިރާދަ ކުރައްވައިފި ނަމަ އޭނާއަށް އަޒާބު ދެއްވާނެއެވެ. އަދި އިރާދަ ކުރައްވައިފި ނަމަ އޭނާއަށް ޢަފޫކޮށްދެއްވާނެއެވެ.“,b18
صحيح مسلم,1709b,حَدَّثَنَا عَبْدُ بْنُ حُمَيْدٍ، أَخْبَرَنَا عَبْدُ الرَّزَّاقِ، أَخْبَرَنَا مَعْمَرٌ، عَنِ الزُّهْرِيِّ بِهَذَا الْإِسْنَادِ، وَزَادَ فِي الْحَدِيثِ: فَتَلَا عَلَيْنَا آيَةَ النِّسَاءِ { أَنْ لا يُشْرِكْنَ بِاللهِ شَيْئًا } الْآيَةَ.,ކުރީގެ ރިވާޔަތުގެ ޙަދީޘަށް މި ތަންކޮޅު އިތުރަށް އައިސްފައިވެއެވެ: ދެން އަންހެނުންގެ ބައިޢަތުގެ އާޔަތް (އެބަހީ: މުމްތަޙިނާ ސޫރަތުގެ ބާރަ ވަނަ އާޔަތް) ނަބިއްޔާ ކިޔަވައި ވިދާޅުވިއެވެ: އެ ކަނބަލުން ﷲ އަށް އަޅުކަމުގައި އެއްވެސް ފަރާތެއް ބައިވެރި ނުކުރާނެކަމަށާއި... މި އާޔަތެވެ.,b18
صحيح مسلم,1709c,وَحَدَّثَنِي إِسْمَاعِيلُ بْنُ سَالِمٍ، أَخْبَرَنَا هُشَيْمٌ، أَخْبَرَنَا خَالِدٌ، عَنْ أَبِي قِلَابَةَ، عَنْ أَبِي الْأَشْعَثِ الصَّنْعَانِيِّ، عَنْ عُبَادَةَ بْنِ الصَّامِتِ قَالَ: أَخَذَ عَلَيْنَا رَسُولُ اللهِ ﷺ كَمَا أَخَذَ عَلَى النِّسَاءِ أَنْ لَا نُشْرِكَ بِاللهِ شَيْئًا، وَلَا نَسْرِقَ، وَلَا نَزْنِيَ، وَلَا نَقْتُلَ أَوْلَادَنَا، وَلَا يَعْضَهَ بَعْضُنَا بَعْضًا، فَمَنْ وَفَّى مِنْكُمْ فَأَجْرُهُ عَلَى اللهِ، وَمَنْ أَتَى مِنْكُمْ حَدًّا فَأُقِيمَ عَلَيْهِ فَهُوَ كَفَّارَتُهُ، وَمَنْ سَتَرَهُ اللهُ عَلَيْهِ فَأَمْرُهُ إِلَى اللهِ، إِنْ شَاءَ عَذَّبَهُ وَإِنْ شَاءَ غَفَرَ لَهُ.,ޢުބާދާ ބިން ޞާމިތު ރިވާ ކުރެއްވިއެވެ: ރަސޫލު ﷲ ﷺ އަންހެންވެރިންގެ ކިބައިން ބައިޢަތު ނެންގެވި ގޮތަށް، ތިމަންމެންގެ ކިބައިން ބައިޢަތު ނެންގެވިއެވެ. އެ ގޮތުން ތިމަންމެން ﷲ އަށް އަޅުކަމުގައި އެއްވެސް ފަރާތެއް ބައިވެރި ނުކުރާނެކަމަށާއި، ވައްކަން ނުކުރާނެކަމަށާއި، ޒިނޭ ނުކުރާނެކަމަށާއި، ތިމަންމެންގެ ދަރިން ނުމަރާނެކަމަށާއި، އެއްބަޔަކު އަނެއްބަޔަކަށް އުނދަގޫކޮށް (ނުވަތަ ދޮގު ނޫނީ ސިހުރު ނޫނީ ދޮބައޮޑުވެ) ނަހަދާނެކަމަށް ތިމަންމެން ނަބިއްޔާއަށް ބައިޢަތު ހިފީމެވެ. އަދި (ބައިޢަތަށް) ވަފާތެރިވެއްޖެ މީހަކަށް އަޖުރު ދެއްވާނީ ﷲ އެވެ. ހައްދު ކަނޑައެޅިފައިވާ ކަމަކަށް އަރައިގަނެވި، އެ ހައްދު ތަންފީޒު ކުރެވިއްޖެ ނަމަ، ފަހެ އެ ވާނީ އެ މީހަކަށްވާ ކައްފާރައަކަށެވެ. އަދި (އެއިން ކަމަކަށް އަރައިގަނެވި) ﷲ އޭނާއަށް އެކަން ފޮރުވައިދެއްވައިފި ނަމަ، ފަހެ އޭނާގެ ކަންތައް ވާނީ ﷲ އަށެވެ. (އެބަހީ: އެ އިލާހުގެ އިރާދަފުޅުގެ ދަށުންނެވެ.) އިރާދަ ކުރައްވައިފި ނަމަ އޭނާއަށް އަޒާބު ދެއްވާނެއެވެ. އަދި އިރާދަ ކުރައްވައިފި ނަމަ އޭނާއަށް ފާފަ ފުއްސަވައި ދެއްވާނެއެވެ.,b18
صحيح مسلم,1709d,حَدَّثَنَا قُتَيْبَةُ بْنُ سَعِيدٍ، حَدَّثَنَا لَيْثٌ. (ح) وَحَدَّثَنَا مُحَمَّدُ بْنُ رُمْحٍ، أَخْبَرَنَا اللَّيْثُ، عَنْ يَزِيدَ بْنِ أَبِي حَبِيبٍ، عَنْ أَبِي الْخَيْرِ، عَنِ الصُّنَابِحِيِّ، عَنْ عُبَادَةَ بْنِ الصَّامِتِ أَنَّهُ قَالَ: إِنِّي لَمِنَ النُّقَبَاءِ الَّذِينَ بَايَعُوا رَسُولَ اللهِ ﷺ وَقَالَ: بَايَعْنَاهُ عَلَى أَنْ لَا نُشْرِكَ بِاللهِ شَيْئًا، وَلَا نَزْنِيَ، وَلَا نَسْرِقَ، وَلَا نَقْتُلَ النَّفْسَ الَّتِي حَرَّمَ اللهُ إِلَّا بِالْحَقِّ، وَلَا نَنْتَهِبَ وَلَا نَعْصِيَ، فَالْجَنَّةُ إِنْ فَعَلْنَا ذَلِكَ، فَإِنْ غَشِينَا مِنْ ذَلِكَ شَيْئًا، كَانَ قَضَاءُ ذَلِكَ إِلَى اللهِ. وَقَالَ ابْنُ رُمْحٍ: كَانَ قَضَاؤُهُ إِلَى اللهِ.,ޢުބާދާ ބިން ޞާމިތު ރިވާ ކުރެއްވިއެވެ: ހަމަކަށަވަރުން ތިމަންނައީ ބައިޢަތުލް ޢަގަބާގެ ރޭގައި ރަސޫލު ﷲ ﷺ އަށް ބައިޢަތު ހިފި ވަފުދުގެ ތެރެއިންވާ މީހަކީމުވެ. ތިމަންމެން ﷲ އަށް އަޅުކަމުގައި އެއްވެސް ފަރާތެއް ބައިވެރި ނުކުރާނެކަމަށާއި، ޒިނޭ ނުކުރާނެކަމަށާއި، ވައްކަން ނުކުރާނެކަމަށާއި، ﷲ ހުރުމަތްތެރި ކުރެއްވި ފުރާނައެއް ޙައްގަކާއި ލައިގެން މެނުވީ ނުމަރާނެކަމަށާއި، ނުފޭރޭނެކަމަށާއި، އުރެދިނުގަންނާނެކަމަށް ތިމަންމެން ނަބިއްޔާއަށް ބައިޢަތު ހިފީމެވެ. އަދި އެ ގޮތަށް ކަންކޮށްފި ނަމަ ތިމަންމެންނަށް ސުވަރުގެ ވާނެކަމަށާއި، އަދި އެއިން ކަމަކަށް އަރައިގަންނަ ނަމަ، އެކަމުގައި ނިޔާ ކުރެއްވުން ވާނީ ﷲ އަށެވެ. (އެބަހީ: އެ އިލާހުގެ އިރާދަފުޅުގެ ދަށުންނެވެ.),b18
صحيح مسلم,1718a,حَدَّثَنَا أَبُو جَعْفَرٍ مُحَمَّدُ بْنُ الصَّبَّاحِ، وَعَبْدُ اللهِ بْنُ عَوْنٍ الْهِلَالِيُّ جَمِيعًا عَنْ إِبْرَاهِيمَ بْنِ سَعْدٍ قَالَ ابْنُ الصَّبَّاحِ: حَدَّثَنَا إِبْرَاهِيمُ بْنُ سَعْدِ بْنِ إِبْرَاهِيمَ بْنِ عَبْدِ الرَّحْمَنِ بْنِ عَوْفٍ، حَدَّثَنَا أَبِي، عَنِ الْقَاسِمِ بْنِ مُحَمَّدٍ، عَنْ عَائِشَةَ قَالَتْ: قَالَ رَسُولُ اللهِ ﷺ: مَنْ أَحْدَثَ فِي أَمْرِنَا هَذَا مَا لَيْسَ مِنْهُ فَهُوَ رَدٌّ.,ޢާއިޝާ ރިވާ ކުރެއްވިއެވެ: ރަސޫލު ﷲ ﷺ ޙަދީޘް ކުރެއްވިއެވެ: ”އަހަރެމެންގެ މި ދީނުގައި ނުވާ އާ ކަމެއް އުފައްދައި (ބިދުޢައެއް ގެނެސްގެންފި) މީހާ (ދަންނާށެވެ!) ފަހެ، އެ ކަމެއް ވަނީ (ބާޠިލުވެ) ރައްދު ކުރެވިގެންނެވެ.“,
صحيح مسلم,1718b,وَحَدَّثَنَا إِسْحَاقُ بْنُ إِبْرَاهِيمَ، وَعَبْدُ بْنُ حُمَيْدٍ جَمِيعًا عَنْ أَبِي عَامِرٍ قَالَ عَبْدٌ: حَدَّثَنَا عَبْدُ الْمَلِكِ بْنُ عَمْرٍو، حَدَّثَنَا عَبْدُ اللهِ بْنُ جَعْفَرٍ الزُّهْرِيُّ، عَنْ سَعْدِ بْنِ إِبْرَاهِيمَ قَالَ: سَأَلْتُ الْقَاسِمَ بْنَ مُحَمَّدٍ عَنْ رَجُلٍ لَهُ ثَلَاثَةُ مَسَاكِنَ، فَأَوْصَى بِثُلُثِ كُلِّ مَسْكَنٍ مِنْهَا، قَالَ: يُجْمَعُ ذَلِكَ كُلُّهُ فِي مَسْكَنٍ وَاحِدٍ، ثُمَّ قَالَ: أَخْبَرَتْنِي عَائِشَةُ أَنَّ رَسُولَ اللهِ ﷺ قَالَ: مَنْ عَمِلَ عَمَلًا لَيْسَ عَلَيْهِ أَمْرُنَا فَهُوَ رَدٌّ.,ސަޢުދު ބިން އިބްރާހީމް ވިދާޅުވިއެވެ: ތިން ގެއެއް ހުރި މީހަކު، އެއިން ކޮންމެ ގެއެއްގެ ތިންބައި ކުޅަ އެއްބައި އޭނާ ވަޞިއްޔަތް ކުރުމާމެދު، އަލްގާސިމް ބިން މުޙައްމަދު ގާތު ތިމަން އެހީމެވެ. އަލްގާސިމް ދެންނެވިއެވެ: އެންމެ ގެއެއް (ވަޞިއްޔަތް ކުރިނަމަ ވެސް) ތިހުރިހާ ކަމެއް ކުރެވުނީހެވެ. ޢާއިޝާ ތިމަންނައަށް ޚަބަރު ދެއްވިއެވެ: ރަސޫލު ﷲ ﷺ ޙަދީޘް ކުރެއްވިއެވެ: ”އަހަރެމެން ކުރުމަށް ނާންގަވާ އަމަލެއްކޮށްފި މީހާ (ދަންނާށެވެ!) ފަހެ، އެ ކަމެއް ވަނީ (ބާޠިލުވެ) ރައްދު ކުރެވިގެންނެވެ.“,
صحيح مسلم,1773a,حَدَّثَنَا إِسْحَاقُ بْنُ إِبْرَاهِيمَ الْحَنْظَلِيُّ، وَابْنُ أَبِي عُمَرَ، وَمُحَمَّدُ بْنُ رَافِعٍ، وَعَبْدُ بْنُ حُمَيْدٍ، (وَاللَّفْظُ لِابْنِ رَافِعٍ)، قَالَ ابْنُ رَافِعٍ، وَابْنُ أَبِي عُمَرَ: حَدَّثَنَا، وَقَالَ الْآخَرَانِ: أَخْبَرَنَا عَبْدُ الرَّزَّاقِ، أَخْبَرَنَا مَعْمَرٌ، عَنِ الزُّهْرِيِّ، عَنْ عُبَيْدِ اللهِ بْنِ عَبْدِ اللهِ بْنِ عُتْبَةَ، عَنِ ابْنِ عَبَّاسٍ أَنَّ أَبَا سُفْيَانَ أَخْبَرَهُ مِنْ فِيهِ إِلَى فِيهِ قَالَ: انْطَلَقْتُ فِي الْمُدَّةِ الَّتِي كَانَتْ بَيْنِي وَبَيْنَ رَسُولِ اللهِ ﷺ، قَالَ: فَبَيْنَا أَنَا بِالشَّأْمِ إِذْ جِيءَ بِكِتَابٍ مِنْ رَسُولِ اللهِ ﷺ إِلَى هِرَقْلَ، يَعْنِي عَظِيمَ الرُّومِ، قَالَ: وَكَانَ دِحْيَةُ الْكَلْبِيُّ جَاءَ بِهِ فَدَفَعَهُ إِلَى عَظِيمِ بُصْرَى، فَدَفَعَهُ عَظِيمُ بُصْرَى إِلَى هِرَقْلَ، فَقَالَ هِرَقْلُ: هَلْ هَهُنَا أَحَدٌ مِنْ قَوْمِ هَذَا الرَّجُلِ الَّذِي يَزْعُمُ أَنَّهُ نَبِيٌّ؟ قَالُوا: نَعَمْ، قَالَ: فَدُعِيتُ فِي نَفَرٍ مِنْ قُرَيْشٍ فَدَخَلْنَا عَلَى هِرَقْلَ فَأُجْلِسْنَا بَيْنَ يَدَيْهِ، فَقَالَ: أَيُّكُمْ أَقْرَبُ نَسَبًا مِنْ هَذَا الرَّجُلِ الَّذِي يَزْعُمُ أَنَّهُ نَبِيٌّ؟ فَقَالَ أَبُو سُفْيَانَ: فَقُلْتُ: أَنَا، فَأَجْلَسُونِي بَيْنَ يَدَيْهِ وَأَجْلَسُوا أَصْحَابِي خَلْفِي، ثُمَّ دَعَا بِتَرْجُمَانِهِ فَقَالَ لَهُ: قُلْ لَهُمْ: إِنِّي سَائِلٌ هَذَا عَنِ الرَّجُلِ الَّذِي يَزْعُمُ أَنَّهُ نَبِيٌّ، فَإِنْ كَذَبَنِي فَكَذِّبُوهُ. قَالَ: فَقَالَ أَبُو سُفْيَانَ: وَايْمُ اللهِ، لَوْلَا مَخَافَةُ أَنْ يُؤْثَرَ عَلَيَّ الْكَذِبُ لَكَذَبْتُ، ثُمَّ قَالَ لِتَرْجُمَانِهِ: سَلْهُ: كَيْفَ حَسَبُهُ فِيكُمْ؟ قَالَ: قُلْتُ: هُوَ فِينَا ذُو حَسَبٍ، قَالَ: فَهَلْ كَانَ مِنْ آبَائِهِ مَلِكٌ؟ قُلْتُ: لَا، قَالَ: فَهَلْ كُنْتُمْ تَتَّهِمُونَهُ بِالْكَذِبِ قَبْلَ أَنْ يَقُولَ مَا قَالَ؟ قُلْتُ: لَا، قَالَ: وَمَنْ يَتَّبِعُهُ، أَشْرَافُ النَّاسِ أَمْ ضُعَفَاؤُهُمْ؟ قَالَ: قُلْتُ: بَلْ ضُعَفَاؤُهُمْ، قَالَ: أَيَزِيدُونَ أَمْ يَنْقُصُونَ؟ قَالَ: قُلْتُ: لَا، بَلْ يَزِيدُونَ، قَالَ: هَلْ يَرْتَدُّ أَحَدٌ مِنْهُمْ عَنْ دِينِهِ بَعْدَ أَنْ يَدْخُلَ فِيهِ سَخْطَةً لَهُ؟ قَالَ: قُلْتُ: لَا، قَالَ: فَهَلْ قَاتَلْتُمُوهُ؟ قُلْتُ: نَعَمْ، قَالَ: فَكَيْفَ كَانَ قِتَالُكُمْ إِيَّاهُ؟ قَالَ: قُلْتُ: تَكُونُ الْحَرْبُ بَيْنَنَا وَبَيْنَهُ سِجَالًا، يُصِيبُ مِنَّا وَنُصِيبُ مِنْهُ، قَالَ: فَهَلْ يَغْدِرُ؟ قُلْتُ: لَا، وَنَحْنُ مِنْهُ فِي مُدَّةٍ لَا نَدْرِي مَا هُوَ صَانِعٌ فِيهَا، قَالَ: فَوَاللهِ مَا أَمْكَنَنِي مِنْ كَلِمَةٍ أُدْخِلُ فِيهَا شَيْئًا غَيْرَ هَذِهِ، قَالَ: فَهَلْ قَالَ هَذَا الْقَوْلَ أَحَدٌ قَبْلَهُ؟ قَالَ: قُلْتُ: لَا، قَالَ لِتَرْجُمَانِهِ: قُلْ لَهُ: إِنِّي سَأَلْتُكَ عَنْ حَسَبِهِ، فَزَعَمْتَ أَنَّهُ فِيكُمْ ذُو حَسَبٍ،وَكَذَلِكَ الرُّسُلُ تُبْعَثُ فِي أَحْسَابِ قَوْمِهَا، وَسَأَلْتُكَ: هَلْ كَانَ فِي آبَائِهِ مَلِكٌ؟ فَزَعَمْتَ أَنْ لَا، فَقُلْتُ: لَوْ كَانَ مِنْ آبَائِهِ مَلِكٌ قُلْتُ: رَجُلٌ يَطْلُبُ مُلْكَ آبَائِهِ، وَسَأَلْتُكَ عَنْ أَتْبَاعِهِ، أَضُعَفَاؤُهُمْ أَمْ أَشْرَافُهُمْ؟ فَقُلْتَ: بَلْ ضُعَفَاؤُهُمْ، وَهُمْ أَتْبَاعُ الرُّسُلِ، وَسَأَلْتُكَ: هَلْ كُنْتُمْ تَتَّهِمُونَهُ بِالْكَذِبِ قَبْلَ أَنْ يَقُولَ مَا قَالَ؟ فَزَعَمْتَ أَنْ لَا، فَقَدْ عَرَفْتُ أَنَّهُ لَمْ يَكُنْ لِيَدَعَ الْكَذِبَ عَلَى النَّاسِ ثُمَّ يَذْهَبَ فَيَكْذِبَ عَلَى اللهِ، وَسَأَلْتُكَ: هَلْ يَرْتَدُّ أَحَدٌ مِنْهُمْ عَنْ دِينِهِ بَعْدَ أَنْ يَدْخُلَهُ سَخْطَةً لَهُ؟ فَزَعَمْتَ أَنْ لَا، وَكَذَلِكَ الْإِيمَانُ إِذَا خَالَطَ بَشَاشَةَ الْقُلُوبِ، وَسَأَلْتُكَ: هَلْ يَزِيدُونَ أَوْ يَنْقُصُونَ؟ فَزَعَمْتَ أَنَّهُمْ يَزِيدُونَ، وَكَذَلِكَ الْإِيمَانُ حَتَّى يَتِمَّ، وَسَأَلْتُكَ: هَلْ قَاتَلْتُمُوهُ؟ فَزَعَمْتَ أَنَّكُمْ قَدْ قَاتَلْتُمُوهُ، فَتَكُونُ الْحَرْبُ بَيْنَكُمْ وَبَيْنَهُ سِجَالًا، يَنَالُ مِنْكُمْ وَتَنَالُونَ مِنْهُ، وَكَذَلِكَ الرُّسُلُ تُبْتَلَى ثُمَّ تَكُونُ لَهُمُ الْعَاقِبَةُ، وَسَأَلْتُكَ: هَلْ يَغْدِرُ؟ فَزَعَمْتَ أَنَّهُ لَا يَغْدِرُ، وَكَذَلِكَ الرُّسُلُ لَا تَغْدِرُ، وَسَأَلْتُكَ: هَلْ قَالَ هَذَا الْقَوْلَ أَحَدٌ قَبْلَهُ؟ فَزَعَمْتَ أَنْ لَا، فَقُلْتُ: لَوْ قَالَ هَذَا الْقَوْلَ أَحَدٌ قَبْلَهُ قُلْتُ: رَجُلٌ ائْتَمَّ بِقَوْلٍ قِيلَ قَبْلَهُ. قَالَ: ثُمَّ قَالَ: بِمَ يَأْمُرُكُمْ؟ قُلْتُ: يَأْمُرُنَا بِالصَّلَاةِ، وَالزَّكَاةِ، وَالصِّلَةِ، وَالْعَفَافِ. قَالَ: إِنْ يَكُنْ مَا تَقُولُ فِيهِ حَقًّا فَإِنَّهُ نَبِيٌّ، وَقَدْ كُنْتُ أَعْلَمُ أَنَّهُ خَارِجٌ، وَلَمْ أَكُنْ أَظُنُّهُ مِنْكُمْ، وَلَوْ أَنِّي أَعْلَمُ أَنِّي أَخْلُصُ إِلَيْهِ لَأَحْبَبْتُ لِقَاءَهُ، وَلَوْ كُنْتُ عِنْدَهُ لَغَسَلْتُ عَنْ قَدَمَيْهِ، وَلَيَبْلُغَنَّ مُلْكُهُ مَا تَحْتَ قَدَمَيَّ. قَالَ: ثُمَّ دَعَا بِكِتَابِ رَسُولِ اللهِ ﷺ فَقَرَأَهُ، فَإِذَا فِيهِ: بِسْمِ اللهِ الرَّحْمَنِ الرَّحِيمِ، مِنْ مُحَمَّدٍ رَسُولِ اللهِ إِلَى هِرَقْلَ عَظِيمِ الرُّومِ، سَلَامٌ عَلَى مَنِ اتَّبَعَ الْهُدَى، أَمَّا بَعْدُ، فَإِنِّي أَدْعُوكَ بِدِعَايَةِ الْإِسْلَامِ، أَسْلِمْ تَسْلَمْ، وَأَسْلِمْ يُؤْتِكَ اللهُ أَجْرَكَ مَرَّتَيْنِ، وَإِنْ تَوَلَّيْتَ فَإِنَّ عَلَيْكَ إِثْمَ الْأَرِيسِيِّينَ، وَ { يَا أَهْلَ الْكِتَابِ تَعَالَوْا إِلَى كَلِمَةٍ سَوَاءٍ بَيْنَنَا وَبَيْنَكُمْ أَلا نَعْبُدَ إِلا اللهَ وَلا نُشْرِكَ بِهِ شَيْئًا وَلا يَتَّخِذَ بَعْضُنَا بَعْضًا أَرْبَابًا مِنْ دُونِ اللهِ فَإِنْ تَوَلَّوْا فَقُولُوا اشْهَدُوا بِأَنَّا مُسْلِمُونَ } فَلَمَّا فَرَغَ مِنْ قِرَاءَةِ الْكِتَابِ، ارْتَفَعَتِ الْأَصْوَاتُ عِنْدَهُ وَكَثُرَ اللَّغَطُ، وَأُمِرَ بِنَا فَأُخْرِجْنَا، قَالَ: فَقُلْتُ لِأَصْحَابِي حِينَ خَرَجْنَا: لَقَدْ أَمِرَ أَمْرُ ابْنِ أَبِي كَبْشَةَ، إِنَّهُ لَيَخَافُهُ مَلِكُ بَنِي الْأَصْفَرِ! قَالَ: فَمَا زِلْتُ مُوقِنًا بِأَمْرِ رَسُولِ اللهِ ﷺ أَنَّهُ سَيَظْهَرُ حَتَّى أَدْخَلَ اللهُ عَلَيَّ الْإِسْلَامَ.,އަބޫ ސުފްޔާނު ރިވާ ކުރެއްވިއެވެ: ރަސޫލު ﷲ ﷺ އާއި، ތިމަންނައާ ދެމެދު ކުރެވިފައިވާ (ޙުދައިބިއްޔާގެ) ސުލްޙައެއްގައި ތިބި ވަގުތުގައި، ތިމަންނަ (ވިޔަފާރި) ދަތުރަކަށް ނުކުތީމެވެ. ދެން ތިމަންނަ ޝާމްކަރައިގައި ވަނިކޮށް، ރަސޫލު ﷲ ﷺ ގެ ސިޓީފުޅެއް، ރޫމްގެ ވެރިޔާ ހިރަގްލަށް އެރުވުނެވެ. އެ ސިޓީފުޅައިގެން ފޮނުއްވުނީ ދިޙްޔާ އަލްކަލްބީއެވެ. އަދި އެކަލޭގެފާނު އެ ސިޓީފުޅު އެރުވީ ބުޞްރާގެ ވެރިޔާއަށެވެ. ދެން އޭނާ އޭތި އެރުވީ ހިރަގްލަށެވެ. ހިރަގްލު ދެންނެވިއެވެ: ނަބިއްޔެއްކަމަށް މި ދަޢުވާ ކުރާ މީހާގެ ގައުމުގެ އެކަކުވެސް މިތާ އެބަތިބިތޯއެވެ؟ މީސްތަކުން ދެންނެވިއެވެ: އާދޭހެވެ. ދެން ގުރައިޝްގެ ބަޔަކާއެކު ތިމަންނަ ގެނެވުނެވެ. އަދި ހިރަގްލު ގާތާށް އައިސް، އޭނާގެ ކުރިމަތީގައި ތިމަންމެން އިށީންދެވުނެވެ. ދެން އޭނާ ދެންނެވިއެވެ: ނަބިއްޔެއްކަމަށް މި ދަޢުވާ ކުރާ މީހާއާ ނަސަބުގެ ގޮތުން ތިޔަބައިމީހުންގެ ތެރެއިން އެންމެ ގާތީ ކާކުތޯއެވެ؟ އަބޫ ސުފްޔާނު ދެންނެވިއެވެ: ތިމަންނައެވެ. ދެން ހިރަގްލުގެ ކުރިމަތީގައި ތިމަންނަ ބެހެއްޓި، ތިމަންނައާއެކު ހުރި މީހުން ތިމަންނަގެ ފަހަތަށް ވާގޮތަށް ބައިތިއްބައިފިއެވެ. ދެން ހިރަގްލުގެ ތަރުޖަމާނު ގެނެސް ދެންނެވިއެވެ: އެބައިމީހުންނަށް ދަންނަވާށެވެ. ހަމަކަށަވަރުން ނަބީކަމަށް ދަޢުވާ ކުރާ މީހާއާ ބެހޭ ގޮތުން، މީނާ (އަބޫ ސުފްޔާނު) ގާތު ތިމަން ސުވާލު ކުރާނަމެވެ. އަދި އޭނާ ތިމަންނައަށް ދޮގު ހަދައިފި ނަމަ، ތިޔަބައިމީހުން އޭނާ ދޮގު ކުރާށެވެ. އަބޫ ސުފްޔާނު (މި ހާދިސާ ކިޔައިދެއްވަމުން) ދެންނެވިއެވެ: ﷲ ގަންދީ ބުނަމެވެ. އެބައިމީހުން ތިމަން ދޮގުކޮށްފާނެ ކަމުގެ ބިރު ނެތްނަމަ، (ނަބިއްޔާއާ ބެހޭ ގޮތުން) ތިމަން ދޮގު ހެދީމުސްކަން ކަށަވަރެވެ. ދެން ހިރަގްލު އޭނާގެ ތަރުޖަމާނު ގާތު ދެންނެވިއެވެ: އެބައިމީހުންގެ ތެރޭގައި އެކަލޭގެފާނުގެ ޙަސަބުފުޅު ކިހިނެއްތޯއެވެ؟ ތިމަން ދެންނެވީމެވެ: ތިމަންމެންގެ ތެރޭގައި އެކަލޭގެފާނަކީ (ރަނގަޅު) ޙަސަބުފުޅެއްގެ ވެރިއެކެވެ. އޭނާ ދެންނެވިއެވެ: އެކަލޭގެފާނުގެ ކާބަފައިންގެ ތެރޭގައި އެއްވެސް ރަސްކަލެއް ވޭތޯއެވެ؟ ތިމަން ދެންނެވީމެވެ: ނޫނެކެވެ. އޭނާ ދެންނެވިއެވެ: އެ ވާހަކަފުޅުތައް ވިދާޅުވުމުގެ ކުރިން، އެކަލޭގެފާނު އިތުރުފުޅު ހައްދަވާކަމަށް ތިޔަބައިމީހުން ތުހުމަތުކޮށް އުޅުނިންތޯއެވެ؟ ތިމަން ދެންނެވީމެވެ: ނޫނެކެވެ. އޭނާ ދެންނެވިއެވެ: އެކަލޭގެފާނަށް ތަބާވަނީ މީސްތަކުން ކުރެ ޝަރަފުވެރި (ބޮޑުންތޯ) ނޫނީ ނިކަމެތިންތޯއެވެ؟ ތިމަން ދެންނެވީމެވެ: ހަމަ މީސްތަކުން ކުރެ ނިކަމެތިންނެވެ. އޭނާ ދެންނެވިއެވެ: އެބައިމީހުން ވަނީ ގިނަތޯ ނޫނީ މަދުތޯއެވެ؟ ތިމަން ދެންނެވީމެވެ: ނޫނެކެވެ. އެބައިމީހުން ވަނީ ހަމަ ގިނައެވެ. އޭނާ ދެންނެވިއެވެ: ތިޔަބައިމީހުން އެކަލޭގެފާނާ ހަނގުރާމަ ކުރިންތޯއެވެ؟ ތިމަން ދެންނެވީމެވެ: އާދޭހެވެ. އޭނާ ދެންނެވިއެވެ: ތިޔަބައިމީހުން އެކަލޭގެފާނާ ކުރި ހަނގުރާމަ ކިހިނެއްތޯއެވެ؟ ތިމަން ދެންނެވީމެވެ: ތިމަންމެންނާ އެކަލޭގެފާނާ ދެމެދު ހަނގުރާމައިގެ ނަތީޖާ ވަނީ ބެހިފައެވެ. ބައެއް ފަހަރު އެކަލޭގެފާނު ކާމިޔާބު ހޯއްދަވައެވެ. އަދި އަނެއްބައި ފަހަރު ތިމަންމެން ކާމިޔާބު ހޯދަމެވެ. އޭނާ ދެންނެވިއެވެ: އެކަލޭގެފާނު ޚިޔާނާތްތެރި ވޭތޯއެވެ؟ ތިމަން ދެންނެވީމެވެ: ނޫނެކެވެ. އަދި ތިމަންމެން ތިބީ އެކަލޭގެފާނާއެކު ކުރެވިފައިވާ ޞުލްޙައެއްގެ ވަގުތެއްގައެވެ. އޭގައި އެކަލޭގެފާނު ކަންތައް ކުރައްވާނެ ގޮތެއް ތިމަންމެންނަކަށް ނޭނގެއެވެ. އަބޫ ސުފްޔާނު (މި ހާދިސާ ކިޔައިދެއްވަމުން) ދެންނެވިއެވެ: ﷲ ގަންދީ ބުނަމެވެ. (ނަބިއްޔާއާ ދެކޮޅަށް) މި ނޫން ބަހެއް ބުނާކަށް ތިމަންނައަކަށް ފުރުސަތެއް ނުލިބުނެވެ. އޭނާ ދެންނެވިއެވެ: ތިޔަބައިމީހުންގެ ތެރެއިން އެކަކުވެސް މިފަދަ ބަހެއް (ދަޢުވާއެއް) އެކަލޭގެފާނުގެ ކުރިން ބުނެފައިވޭތޯއެވެ؟ ތިމަން ދެންނެވީމެވެ: ނޫނެކެވެ. ދެން ހިރަގްލު އޭނާގެ ތަރުޖަމާނު ގާތު ދެންނެވިއެވެ: އޭނާ ގާތު ދަންނަވާށެވެ: އެކަލޭގެފާނުގެ ޙަސަބުފުޅާ މެދު ތިބާއާ ސުވާލު ކުރީމެވެ. އަދި ތިބާ ދެންނެވީ އެކަލޭގެފާނަކީ ތިޔަބައިމީހުންގެ ތެރޭގައި (ރަނގަޅު) ޙަސަބުފުޅެއްގެ ވެރިއެއްކަމަށެވެ. ހަމައެފަދައިން ރަސޫލުން ފޮނުއްވެނީ އެބޭކަލުންގެ ގައުމުގެ (ރަނގަޅު) ޙަސަބަކުންނެވެ. އަދި އެކަލޭގެފާނުގެ ކާބަފައިންގެ ތެރޭގައި އެއްވެސް ރަސްކަލެއް ވޭތޯ ސުވާލު ކުރީމެވެ. ތިބާ ދެންނެވީ ނޫނެކެވެ. އެކަލޭގެފާނުގެ ކާބަފައިންގެ ތެރޭގައި ރަސްކަލެއް ވިކަމުގައި ވާނަމަ، އެއީ އެކަލޭގެފާނުގެ ކާބަފައިންގެ ރަސްކަން ހޯދަން އުޅޭ މީހެއްކަމަށް ތިމަން ބުނީމުހެވެ. އަދި އެކަލޭގެފާނަށް ތަބާވަނީ މީސްތަކުން ކުރެ ޝަރަފުވެރި (ބޮޑުންތޯ) ނޫނީ ނިކަމެތިންތޯ ސުވާލު ކުރީމެވެ. ތިބާ ދެންނެވީ ތަބާވަނީ ނިކަމެތީންކަމަށެވެ. އެއީ ހަމަ ރަސޫލުންނަށް ތަބާވާ މީހުންނެވެ. އަދި އެ ވާހަކަފުޅުތައް ވިދާޅުވުމުގެ ކުރިން، އެކަލޭގެފާނު އިތުރުފުޅު ހައްދަވާކަމަށް ތިޔަބައިމީހުން ތުހުމަތުކޮށް އުޅުނިންތޯ ސުވާލު ކުރީމެވެ. ތިބާ ދެންނެވީ ނޫނެކެވެ. ހަމަކަށަވަރުން އެކަލޭގެފާނު މީސްތަކުންގެ މައްޗަށް އިތުރުފުޅު ނަހައްދަވާ ހިނދު، ﷲއަށް އިތުރުފުޅު ނިސްބަތް ނުކުރައްވާނެކަން ތިމަންނައަށް އެނގެއެވެ. އަދި އެބައިމީހުން ދީނަށް ވަނުމަށް ފަހު، އެ ދީނާމެދު ނުރުހިގެން އެއްވެސް މީހަކު މުރުތައްދުވޭތޯ ސުވާލު ކުރީމެވެ. ތިބާ ދެންނެވީ ނޫނެކެވެ. ހަމައެފަދައިން އީމާންކަމުގެ އުފާވެރިކަން ހިތާ އެއްވެގެން ދާއިރު ވާނީ އެހެންނެވެ. އަދި އެބައިމީހުން ވަނީ ގިނަތޯ ނޫނީ މަދުތޯ ސުވާލު ކުރީމެވެ. ތިބާ ދެންނެވީ ގިނަވާކަމަށެވެ. ހަމައެފަދައިން އީމާންކަން ފުރިހަމަވުމަށް ދާންދެން ވާނީ އެހެންނެވެ. އަދި ތިޔަބައިމީހުން އެ ނަބިއްޔާއާ ހަނގުރާމަ ކުރިންތޯ ސުވާލު ކުރީމެވެ. ތިބާ ދެންނެވީ ހަނގުރާމަ ކުރިކަމަށާއި، ބައެއް ފަހަރު އެ ނަބިއްޔާ ކާމިޔާބު ހޯއްދަވާކަމަށާއި އަނެއްބައި ފަހަރު ތިޔަބައިމީހުން ކާމިޔާބު ހޯދާކަމަށެވެ. ހަމައެފަދައިން ރަސޫލުން އިމްތިޚާނު ކުރެއްވޭނެއެވެ. އެއަށްފަހު ހެޔޮނިމުންވާނީ އެ ބޭކަލުންނަށެވެ. އަދި އެލޭގެފާނު ޚިޔާނާތްތެރި ވޭތޯ ސުވާލު ކުރީމެވެ. ތިބާ ދެންނެވީ ނޫނެކެވެ. ހަމައެފަދައިން ރަސޫލުން ޚިޔާނާތްތެރިއެއް ނުވާނެއެވެ. އަދި ތިޔަބައިމީހުންގެ ތެރެއިން އެކަކުވެސް މިފަދަ ބަހެއް ކުރިން ބުނިތޯ ސުވާލު ކުރީމެވެ. ތިބާ ދެންނެވީ ނޫނެކެވެ. އެކަލޭގެފާނުގެ ކުރިން މިފަދަ ބަހެއް އެކަކުވެސް ބުނިކަމުގައި ވާނަމަ، އެއީ އެކަލޭގެފާނުގެ ކުރިން ބުނެވުނު ބަހެއްގެ ފަހަތުން ތަބާވާ މީހެއްކަމަށް ތިމަން ބުނީމުހެވެ. ދެން ހިރަގްލު ދެންނެވިއެވެ: އެކަލޭގެފާނު ތިޔަބައިމީހުންނަށް އަމުރު ކުރައްވަނީ ކޮންކަމަކަށްތޯއެވެ؟ ތިމަން ދެންނެވީމެވެ: އެކަލޭގެފާނު ތިމަންމެންނަށް އަމުރު ކުރައްވަނީ ނަމާދު ކުރުމަށާއި، ޒަކާތް ދިނުމަށާއި، ރަޙިމުގެ ގުޅުން ދެމެހެއްޓެވުމަށާއި، ޢިއްފަތްތެރިވުމަށެވެ. އޭނާ ދެންނެވިއެވެ: ތިބާ ތިޔަ ދަންނަވަނީ ތެދު ކަމުގައި ވަނީނަމަ، ފަހެ ހަމަކަށަވަރުން އެއީ ނަބިއްޔެކެވެ. އެކަލޭގެފާނު ފާޅުވާނޭކަން ތިމަންނައަށް އެނގުނެވެ. އެކަމަކު އެކަލޭގެފާނު ވާނީ ތިޔަބައިމީހުންގެ ތެރެއިންކަމަށް ތިމަންނަ ހިއެއްނުކުރަމެވެ. އަދި ހަމަކަށަވަރުން އެކަލޭގެފާނު އަރިހަށް ވާސިލުވެވެން ހުރި ނަމަ، އެކަލޭގެފާނާ ބައްދަލު ކުރުމަށް ތިމަން ލޯބިކުރީމުސްކަން ކަށަވަރެވެ. އަދި އެކަލޭގެފާނުގެ އަރިހުގައި ތިމަން ހުރި ނަމަ، އެކަލޭގެފާނުގެ ދެ ފައިންޕުޅު ތިމަންނަ ދޮވުނީސްކަން ކަށަވަރެވެ. އަދި އެކަލޭގެފާނުގެ ވެރިކަން، ތިމަންނަގެ ދެ ފައި ދަށުގައިވާ ތަން (އެބަހީ: ރަސްކަމާ) ހަމައަށް ފޯރާނެކަން ކަށަވަރެވެ. ދެން ރަސޫލު ﷲ ﷺ ގެ ސިޓީފުޅު ގެނައުމަށް ހިރަގްލު އަނގުމަށް ފަހު އޭތި ކިޔައިފިއެވެ. އޭގައި ވަނީ މިފަދައިންނެވެ: ﷲ، އައްރަޙްމާން، އައްރަޙީމުގެ އިސްމުފުޅުން (ފަށައިގަންނަމެވެ.) ﷲގެ ރަސޫލާ މުޙައްމަދުގެފާނުގެ އަރިހުން، ރޫމްގެ ވެރިޔާ ހިރަގްލަށް: ހިދާޔަތަށް ތަބާވެއްޖެ މީހަކަށް ސަލާމް ހުއްޓެވެ. އެއަށްފަހު ދަންނާށެވެ. ހަމަކަށަވަރުން ތިބާ އިސްލާމް ދީނަށް ވަނުމަށް ގޮވާލައްވަމެވެ. އިސްލާމްވާށެވެ. ތިބާ ސަލާމަތް ވާނެއެވެ. އަދި އިސްލާމްވެއްޖެ ނަމަ، ﷲ ތިބާއަށް ދެގުނަ އަޖުރު ދެއްވާނެއެވެ. އަދި ތިބާ ފުރަގަސްދީފި ނަމަ، ފަހެ ހަމަކަށަވަރުން ތިބާގެ ބެލުމުގެ ދަށުގައިވާ މީހުންގެ ފާފަ ވާނީ ތިބާގެ މައްޗަށެވެ. އަދި ❞އޭ ފޮތުގެ އަހުލުވެރިންނޭވެ. އަހަރެމެންގެ މެދުގައި އަދި ތިޔަބައިމީހުންގެ މެދުގައި ހަމަހަމަ އެއްގޮތްވެގެންވާ ބަހަކަށް އަންނާށެވެ. އެއީ ﷲ ފިޔަވައި އެހެން ފަރާތަކަށް ތިމަންމެން އަޅުކަން ނުކުރާނެކަމަށާއި، އެ އިލާހައަށް އެއްވެސް ފަރާތެއް ޝަރީކު ނުކުރާނެކަމަށާއި، އަދި ތިމަންމެންގެ ތެރެއިން އެއްބަޔަކު އަނެއްބަޔަކީ ﷲ ފިޔަވައި ރައްބުންތަކެއްގެ ގޮތުގައި ނުނަގާނެކަމަށެވެ. އަދި އެބައިމީހުން ފުރަގަސްދީފި ނަމަ، ތިޔަބައިމީހުން ބުނާށެވެ: ތިމަންމެންނީ ހަމަކަށަވަރުން މުސްލިމުން ކަމުގައި ތިޔަބައިމީހުން ހެކިވާށެވެ.❝ ދެން ހިރަގްލު އެ ކިޔައި ނިމުމަށް ފަހު، އޭނާގެ ގާތު އަޑުތައް ގަދަވެ، ހަލަބޮލިވުން އިތުރުވެއްޖެއެވެ. އަދި ތިމަންމެން އެ ތަނުން ބޭރު ކުރަން އެންގެވި، ބޭރުވުމަށް ފަހު ތިމަންނައާއެކު ހުރި މީހުން ގާތު ތިމަން ދެންނެވީމެވެ: ހަމަކަށަވަރުން އިބްނު އަބީ ކަބްޝާ (އެބަހީ: މުޙައްމަދުގެފާނުގެ) ކަންތައް ވަރަށްވެސް ބޮޑުވެއްޖެއެވެ. ހަމަކަށަވަރުން ދޮންމީހުންގެ ރަސްގެފާނުވެސް އެކަލޭގެފާނުދެކެ ބިރުގަނެއެވެ. ދެން ރަސޫލު ﷲ ﷺ ގެ ކަންތައް ކާމިޔާބުވެގެން ދާނެކަމުގެ ޔަގީންކަންމަތީ ތިމަން ދެމިހުރީމެވެ. އެއީ ﷲ ތިމަން އިސްލާމް ދީނަށް ވެއްދުމަށް ދާންދެންނެވެ.,b7
صحيح مسلم,1773b,وَحَدَّثَنَاهُ حَسَنٌ الْحُلْوَانِيُّ، وَعَبْدُ بْنُ حُمَيْدٍ، قَالَا: حَدَّثَنَا يَعْقُوبُ (وَهُوَ ابْنُ إِبْرَاهِيمَ بْنِ سَعْدٍ)، حَدَّثَنَا أَبِي، عَنْ صَالِحٍ، عَنِ ابْنِ شِهَابٍ بِهَذَا الْإِسْنَادِ، وَزَادَ فِي الْحَدِيثِ: وَكَانَ قَيْصَرُ لَمَّا كَشَفَ اللهُ عَنْهُ جُنُودَ فَارِسَ، مَشَى مِنْ حِمْصَ إِلَى إِيلِيَاءَ شُكْرًا لِمَا أَبْلَاهُ اللهُ. وَقَالَ فِي الْحَدِيثِ: مِنْ مُحَمَّدٍ عَبْدِ اللهِ وَرَسُولِهِ. وَقَالَ: إِثْمَ الْيَرِيسِيِّينَ. وَقَالَ: بِدَاعِيَةِ الْإِسْلَامِ.,(ކުރީގެ ޙަދީޘް ރިވާ ކުރެއްވިއެވެ.) އަދި އިތުރު ކުރެއްވިއެވެ: ފާރިސީންގެ ލަޝްކަރުގެ މައްޗަށް ގައިޞަރަށް ﷲ ނަޞްރުދެއްވުމުން، އެކަމާ އެ އިލާހަށް ޝުކުރުވެރިވުމުގެ ގޮތުން ޙިމްޞުން ފެށިގެން އީލިޔާއަށް ގައިޞަރު ހިނގިއެވެ. އަދި މި ޙަދީޘްގައި ވަނީ މިފަދައިންނެވެ: ﷲގެ އަޅާ އަދި ރަސޫލާ މުޙައްމަދުގެފާނުގެ އަރިހުން، (ރޫމްގެ ވެރިޔާ ހިރަގްލަށެވެ.) އަދި: ތިބާގެ ބެލުމުގެ ދަށުގައިވާ މީހުންގެ ފާފަ (ވާނީ ތިބާގެ މައްޗަށެވެ.) އަދި: އިސްލާމް ދީނަށް ވަނުމަށް (ގޮވާލައްވަމެވެ.),b7
صحيح مسلم,183a,وَحَدَّثَنِي سُوَيْدُ بْنُ سَعِيدٍ قَالَ: حَدَّثَنِي حَفْصُ بْنُ مَيْسَرَةَ، عَنْ زَيْدِ بْنِ أَسْلَمَ، عَنْ عَطَاءِ بْنِ يَسَارٍ، عَنْ أَبِي سَعِيدٍ الْخُدْرِيِّ أَنَّ نَاسًا فِي زَمَنِ رَسُولِ اللهِ ﷺ قَالُوا: يَا رَسُولَ اللهِ، هَلْ نَرَى رَبَّنَا يَوْمَ الْقِيَامَةِ؟ قَالَ رَسُولُ اللهِ ﷺ: نَعَمْ، قَالَ: هَلْ تُضَارُّونَ فِي رُؤْيَةِ الشَّمْسِ بِالظَّهِيرَةِ صَحْوًا لَيْسَ مَعَهَا سَحَابٌ؟ وَهَلْ تُضَارُّونَ فِي رُؤْيَةِ الْقَمَرِ لَيْلَةَ الْبَدْرِ صَحْوًا لَيْسَ فِيهَا سَحَابٌ؟ قَالُوا: لَا يَا رَسُولَ اللهِ، قَالَ: مَا تُضَارُّونَ فِي رُؤْيَةِ اللهِ تَبَارَكَ وَتَعَالَى يَوْمَ الْقِيَامَةِ إِلَّا كَمَا تُضَارُّونَ فِي رُؤْيَةِ أَحَدِهِمَا، إِذَا كَانَ يَوْمُ الْقِيَامَةِ أَذَّنَ مُؤَذِّنٌ لِيَتَّبِعْ كُلُّ أُمَّةٍ مَا كَانَتْ تَعْبُدُ، فَلَا يَبْقَى أَحَدٌ كَانَ يَعْبُدُ غَيْرَ اللهِ سُبْحَانَهُ مِنَ الْأَصْنَامِ وَالْأَنْصَابِ إِلَّا يَتَسَاقَطُونَ فِي النَّارِ، حَتَّى إِذَا لَمْ يَبْقَ إِلَّا مَنْ كَانَ يَعْبُدُ اللهَ مِنْ بَرٍّ وَفَاجِرٍ وَغُبَّرِ أَهْلِ الْكِتَابِ، فَيُدْعَى الْيَهُودُ فَيُقَالُ لَهُمْ: مَا كُنْتُمْ تَعْبُدُونَ؟ قَالُوا: كُنَّا نَعْبُدُ عُزَيْرَ ابْنَ اللهِ. فَيُقَالُ: كَذَبْتُمْ، مَا اتَّخَذَ اللهُ مِنْ صَاحِبَةٍ وَلَا وَلَدٍ، فَمَاذَا تَبْغُونَ؟ قَالُوا: عَطِشْنَا يَا رَبَّنَا فَاسْقِنَا، فَيُشَارُ إِلَيْهِمْ أَلَا تَرِدُونَ؟ فَيُحْشَرُونَ إِلَى النَّارِ كَأَنَّهَا سَرَابٌ يَحْطِمُ بَعْضُهَا بَعْضًا، فَيَتَسَاقَطُونَ فِي النَّارِ، ثُمَّ يُدْعَى النَّصَارَى، فَيُقَالُ لَهُمْ: مَا كُنْتُمْ تَعْبُدُونَ؟ قَالُوا: كُنَّا نَعْبُدُ الْمَسِيحَ ابْنَ اللهِ، فَيُقَالُ لَهُمْ: كَذَبْتُمْ، مَا اتَّخَذَ اللهُ مِنْ صَاحِبَةٍ وَلَا وَلَدٍ، فَيُقَالُ لَهُمْ: مَاذَا تَبْغُونَ؟ فَيَقُولُونَ: عَطِشْنَا يَا رَبَّنَا فَاسْقِنَا، قَالَ: فَيُشَارُ إِلَيْهِمْ أَلَا تَرِدُونَ؟ فَيُحْشَرُونَ إِلَى جَهَنَّمَ كَأَنَّهَا سَرَابٌ يَحْطِمُ بَعْضُهَا بَعْضًا، فَيَتَسَاقَطُونَ فِي النَّارِ، حَتَّى إِذَا لَمْ يَبْقَ إِلَّا مَنْ كَانَ يَعْبُدُ اللهَ تَعَالَى مِنْ بَرٍّ وَفَاجِرٍ أَتَاهُمْ رَبُّ الْعَالَمِينَ سُبْحَانَهُ وَتَعَالَى فِي أَدْنَى صُورَةٍ مِنَ الَّتِي رَأَوْهُ فِيهَا، قَالَ: فَمَا تَنْتَظِرُونَ؟ تَتْبَعُ كُلُّ أُمَّةٍ مَا كَانَتْ تَعْبُدُ، قَالُوا: يَا رَبَّنَا، فَارَقْنَا النَّاسَ فِي الدُّنْيَا أَفْقَرَ مَا كُنَّا إِلَيْهِمْ وَلَمْ نُصَاحِبْهُمْ، فَيَقُولُ: أَنَا رَبُّكُمْ، فَيَقُولُونَ: نَعُوذُ بِاللهِ مِنْكَ، لَا نُشْرِكُ بِاللهِ شَيْئًا - مَرَّتَيْنِ أَوْ ثَلَاثًا - حَتَّى إِنَّ بَعْضَهُمْ لَيَكَادُ أَنْ يَنْقَلِبَ، فَيَقُولُ: هَلْ بَيْنَكُمْ وَبَيْنَهُ آيَةٌ فَتَعْرِفُونَهُ بِهَا؟ فَيَقُولُونَ: نَعَمْ، فَيُكْشَفُ عَنْ سَاقٍ، فَلَا يَبْقَى مَنْ كَانَ يَسْجُدُ لِلهِ مِنْ تِلْقَاءِ نَفْسِهِ إِلَّا أَذِنَ اللهُ لَهُ بِالسُّجُودِ، وَلَا يَبْقَى مَنْ كَانَ يَسْجُدُ اتِّقَاءً وَرِيَاءً إِلَّا جَعَلَ اللهُ ظَهْرَهُ طَبَقَةً وَاحِدَةً، كُلَّمَا أَرَادَ أَنْ يَسْجُدَ خَرَّ عَلَى قَفَاهُ ثُمَّ يَرْفَعُونَ رُؤُوسَهُمْ وَقَدْ تَحَوَّلَ فِي صُورَتِهِ الَّتِي رَأَوْهُ فِيهَا أَوَّلَ مَرَّةٍ، فَقَالَ: أَنَا رَبُّكُمْ، فَيَقُولُونَ: أَنْتَ رَبُّنَا، ثُمَّ يُضْرَبُ الْجِسْرُ عَلَى جَهَنَّمَ، وَتَحِلُّ الشَّفَاعَةُ، وَيَقُولُونَ: اللَّهُمَّ سَلِّمْ سَلِّمْ. قِيلَ: يَا رَسُولَ اللهِ، وَمَا الْجِسْرُ؟ قَالَ: دَحْضٌ مَزَلَّةٌ، فِيهِ خَطَاطِيفُ وَكَلَالِيبُ، وَحَسَكٌ تَكُونُ بِنَجْدٍ فِيهَا شُوَيْكَةٌ يُقَالُ لَهَا: السَّعْدَانُ، فَيَمُرُّ الْمُؤْمِنُونَ كَطَرْفِ الْعَيْنِ وَكَالْبَرْقِ وَكَالرِّيحِ وَكَالطَّيْرِ وَكَأَجَاوِيدِ الْخَيْلِ وَالرِّكَابِ، فَنَاجٍ مُسَلَّمٌ وَمَخْدُوشٌ مُرْسَلٌ، وَمَكْدُوسٌ فِي نَارِ جَهَنَّمَ، حَتَّى إِذَا خَلَصَ الْمُؤْمِنُونَ مِنَ النَّارِ، فَوَالَّذِي نَفْسِي بِيَدِهِ مَا مِنْكُمْ مِنْ أَحَدٍ بِأَشَدَّ مُنَاشَدَةً لِلهِ فِي اسْتِقْصَاءِ الْحَقِّ مِنَ الْمُؤْمِنِينَ لِلهِ يَوْمَ الْقِيَامَةِ لِإِخْوَانِهِمُ الَّذِينَ فِي النَّارِ، يَقُولُونَ: رَبَّنَا، كَانُوا يَصُومُونَ مَعَنَا وَيُصَلُّونَ وَيَحُجُّونَ، فَيُقَالُ لَهُمْ: أَخْرِجُوا مَنْ عَرَفْتُمْ، فَتُحَرَّمُ صُوَرُهُمْ عَلَى النَّارِ، فَيُخْرِجُونَ خَلْقًا كَثِيرًا قَدْ أَخَذَتِ النَّارُ إِلَى نِصْفِ سَاقَيْهِ وَإِلَى رُكْبَتَيْهِ، ثُمَّ يَقُولُونَ: رَبَّنَا، مَا بَقِيَ فِيهَا أَحَدٌ مِمَّنْ أَمَرْتَنَا بِهِ، فَيَقُولُ: ارْجِعُوا، فَمَنْ وَجَدْتُمْ فِي قَلْبِهِ مِثْقَالَ دِينَارٍ مِنْ خَيْرٍ فَأَخْرِجُوهُ، فَيُخْرِجُونَ خَلْقًا كَثِيرًا، ثُمَّ يَقُولُونَ: رَبَّنَا، لَمْ نَذَرْ فِيهَا أَحَدًا مِمَّنْ أَمَرْتَنَا، ثُمَّ يَقُولُ: ارْجِعُوا، فَمَنْ وَجَدْتُمْ فِي قَلْبِهِ مِثْقَالَ نِصْفِ دِينَارٍ مِنْ خَيْرٍ فَأَخْرِجُوهُ، فَيُخْرِجُونَ خَلْقًا كَثِيرًا، ثُمَّ يَقُولُونَ: رَبَّنَا، لَمْ نَذَرْ فِيهَا مِمَّنْ أَمَرْتَنَا أَحَدًا، ثُمَّ يَقُولُ: ارْجِعُوا، فَمَنْ وَجَدْتُمْ فِي قَلْبِهِ مِثْقَالَ ذَرَّةٍ مِنْ خَيْرٍ فَأَخْرِجُوهُ، فَيُخْرِجُونَ خَلْقًا كَثِيرًا، ثُمَّ يَقُولُونَ: رَبَّنَا، لَمْ نَذَرْ فِيهَا خَيْرًا، وَكَانَ أَبُو سَعِيدٍ الْخُدْرِيُّ يَقُولُ: إِنْ لَمْ تُصَدِّقُونِي بِهَذَا الْحَدِيثِ فَاقْرَؤُوا إِنْ شِئْتُمْ: { إِنَّ اللهَ لا يَظْلِمُ مِثْقَالَ ذَرَّةٍ وَإِنْ تَكُ حَسَنَةً يُضَاعِفْهَا وَيُؤْتِ مِنْ لَدُنْهُ أَجْرًا عَظِيمًا }، فَيَقُولُ اللهُ عَزَّ وَجَلَّ: شَفَعَتِ الْمَلَائِكَةُ وَشَفَعَ النَّبِيُّونَ وَشَفَعَ الْمُؤْمِنُونَ، وَلَمْ يَبْقَ إِلَّا أَرْحَمُ الرَّاحِمِينَ، فَيَقْبِضُ قَبْضَةً مِنَ النَّارِ فَيُخْرِجُ مِنْهَا قَوْمًا لَمْ يَعْمَلُوا خَيْرًا قَطُّ قَدْ عَادُوا حُمَمًا، فَيُلْقِيهِمْ فِي نَهَرٍ فِي أَفْوَاهِ الْجَنَّةِ، يُقَالُ لَهُ: نَهَرُ الْحَيَاةِ، فَيَخْرُجُونَ كَمَا تَخْرُجُ الْحِبَّةُ فِي حَمِيلِ السَّيْلِ، أَلَا تَرَوْنَهَا تَكُونُ إِلَى الْحَجَرِ أَوْ إِلَى الشَّجَرِ؟ مَا يَكُونُ إِلَى الشَّمْسِ أُصَيْفِرُ وَأُخَيْضِرُ، وَمَا يَكُونُ مِنْهَا إِلَى الظِّلِّ يَكُونُ أَبْيَضَ، فَقَالُوا: يَا رَسُولَ اللهِ، كَأَنَّكَ كُنْتَ تَرْعَى بِالْبَادِيَةِ، قَالَ: فَيَخْرُجُونَ كَاللُّؤْلُؤِ فِي رِقَابِهِمُ الْخَوَاتِمُ يَعْرِفُهُمْ أَهْلُ الْجَنَّةِ، هَؤُلَاءِ عُتَقَاءُ اللهِ الَّذِينَ أَدْخَلَهُمُ اللهُ الْجَنَّةَ بِغَيْرِ عَمَلٍ عَمِلُوهُ وَلَا خَيْرٍ قَدَّمُوهُ، ثُمَّ يَقُولُ: ادْخُلُوا الْجَنَّةَ فَمَا رَأَيْتُمُوهُ فَهُوَ لَكُمْ، فَيَقُولُونَ: رَبَّنَا، أَعْطَيْتَنَا مَا لَمْ تُعْطِ أَحَدًا مِنَ الْعَالَمِينَ، فَيَقُولُ: لَكُمْ عِنْدِي أَفْضَلُ مِنْ هَذَا، فَيَقُولُونَ: يَا رَبَّنَا، أَيُّ شَيْءٍ أَفْضَلُ مِنْ هَذَا؟ فَيَقُولُ: رِضَايَ، فَلَا أَسْخَطُ عَلَيْكُمْ بَعْدَهُ أَبَدًا.,އަބޫ ސައީދު އަލްޚުދްރީ ރިވާ ކުރެއްވިއެވެ: ރަސޫލު ﷲ ﷺ ގެ ޒަމާނުގައި ބަޔަކު މީހުން ދެންނެވިއެވެ: އޭ ﷲ ގެ ރަސޫލާއެވެ. ގިޔާމަތް ދުވަހު ތިމަންމެންގެ ރައްބު ތިމަންމެންނަށް ފެންނާނެތޯއެވެ؟ ރަސޫލު ﷲ ﷺ ޙަދީޘް ކުރެއްވިއެވެ: ”އާދޭހެވެ. މެންދުރު ގަޑީގައި ވިލާގަނޑެއް ނެތް ހިނދު، އިރު ފެނުމުގައި ތިޔަބައިމީހުންނަށް އެއްވެސް ދަތިކަމެއް ވޭތޯއެވެ؟ އަދި ފުރިހަމަ ހަނދުގެ ރޭގައި ވިލާގަނޑެއް ނެތް ހިނދު، ހަނދު ފެނުމުގައި ތިޔަބައިމީހުންނަށް އެއްވެސް ދަތިކަމެއް ވޭތޯއެވެ؟“ އެބައިމީހުން ދެންނެވިއެވެ: އޭ ﷲ ގެ ރަސޫލާއެވެ. ނޫނެކެވެ. ނަބިއްޔާ ޙަދީޘް ކުރެއްވިއެވެ: ”އެއިން ކަމެއްގައި ތިޔަބައިމީހުންނަށް ދަތިކަމެއް (ނުވާ) ފަދައިން، ގިޔާމަތް ދުވަހު ﷲ ތަބާރަކަ ވަތަޢާލާ ފެނުމުގައި ވެސް ތިޔަބައިމީހުންނަކަށް ދަތިކަމެއް ނުވާނެއެވެ. ގިޔާމަތް ދުވަހު، ގޮވާލާ މީހަކު ގޮވާލާނެއެވެ: ކޮންމެ އުއްމަތެއް ވެސް އެ ބަޔަކު އަޅުކަންކޮށް އުޅުނު ފަރާތެއްގެ ފަހަތުން ދާށެވެ. ދެން ﷲ ފިޔަވައި ބުދުތަކާއި ހިލަތަކަށް އަޅުކަންކޮށް އުޅުނު އެންމެން ވެސް ނަރަކައަށް ވެއްޓޭނެއެވެ. އަދި ބާކީ ހުންނާނީ ﷲ އަށް އަޅުކަންކޮށް އުޅުނު ހެޔޮ ރަނގަޅު މީހުންނާއި ފާޖިރުންނެވެ. އަދި ފޮތުގެ އަހުލުވެރިންގެ ތެރެއިން ބާކީ ތިބި ބަޔެއްވެސް މެއެވެ. ދެން ޔަހޫދީންނަށް ގޮވާލެވި އެބައިމީހުންނަށް ދެންނެވޭނެއެވެ: ތިޔަބައިމީހުން އަޅުކަންކޮށް އުޅުނީ ކޮން ފަރާތަކަށްތޯއެވެ؟ އެބައިމީހުން ބުނާނެއެވެ: ތިމަންމެން އަޅުކަންކޮށް އުޅުނީ ﷲގެ ދަރިކަލުން ޢުޒައިރުގެފާނަށެވެ. ދެން އެބައިމީހުންނަށް ދެންނެވޭނެއެވެ: ތިޔަ ހެދީ ދޮގެވެ. ﷲ އަނބިކަނބަލަކު ވެސް އަދި ދަރިކަލަކު ވެސް ނުނަންގަވައެވެ. ތިޔަބައިމީހުން އެދެނީ ފަހެ ކޮންކަމެއްތޯއެވެ؟ އެބައިމީހުން ބުނާނެއެވެ: އޭ އަޅަމެންގެ ރައްބެވެ. ތިމަންމެން ކަރުހިއްކައިގަނެފިއެވެ. ވީމާ ތިމަންމެންނަށް ފެން ބޯންދެއްވާށެވެ. ދެން އެބައިމީހުންނަށް ދިމާލެއް ދެއްކި (ބުނެވޭނެއެވެ:) ތިޔަބައިމީހުން (ފެން ބޯން) ނުދާނަމުތޯއެވެ؟ އަދި އަވާމެންދުރެއް ފަދައިން ނަރަކަ ދެއްކެވި އެއާ ދިމާލަށް އެބައިމީހުން އެއްކުރެވޭނެއެވެ. އެ ނަރަކައިގެ އެއްބައި އަނެއްބައި ހަލާކު ކުރަމުން ގެންދާނެއެވެ. ދެން އެބައިމީހުން ނަރަކައަށް ވެއްޓޭނެއެވެ. އެއަށްފަހު ނަޞާރައިންނަށް ގޮވާލެވި އެބައިމީހުންނަށް ދެންނެވޭނެއެވެ: ތިޔަބައިމީހުން އަޅުކަންކޮށް އުޅުނީ ކޮން ފަރާތަކަށްތޯއެވެ؟ އެބައިމީހުން ބުނާނެއެވެ: ތިމަންމެން އަޅުކަންކޮށް އުޅުނީ ﷲގެ ދަރިކަލުން އަލްމަސީޙު (ޢީސާގެފާނަށެވެ.) ދެން އެބައިމީހުންނަށް ދެންނެވޭނެއެވެ: ތިޔަ ހެދީ ދޮގެވެ. ﷲ އަނބިކަނބަލަކު ވެސް އަދި ދަރިކަލަކު ވެސް ނުނަންގަވައެވެ. ތިޔަބައިމީހުން އެދެނީ ފަހެ ކޮންކަމެއްތޯއެވެ؟ އެބައިމީހުން ބުނާނެއެވެ: އޭ އަޅަމެންގެ ރައްބެވެ. ތިމަންމެން ކަރުހިއްކައިގަނެފިއެވެ. ވީމާ ތިމަންމެންނަށް ފެން ބޯންދެއްވާށެވެ. ދެން އެބައިމީހުންނަށް ދިމާލެއް ދެއްކި (ބުނެވޭނެއެވެ:) ތިޔަބައިމީހުން (ފެން ބޯން) ނުދާނަމުތޯއެވެ؟ އަދި އަވާމެންދުރެއް ފަދައިން ނަރަކަ ދެއްކެވި އެއާ ދިމާލަށް އެބައިމީހުން އެއްކުރެވޭނެއެވެ. އެ ނަރަކައިގެ އެއްބައި އަނެއްބައި ހަލާކު ކުރަމުން ގެންދާނެއެވެ. ދެން އެބައިމީހުން ނަރަކައަށް ވެއްޓޭނެއެވެ. އެއަށްފަހު ބާކީ ހުންނާނީ ހަމައެކަނި ﷲއަށް އަޅުކަންކޮށް އުޅުނު ހެޔޮ ރަނގަޅު މީހުންނާއި ފާޖިރުންނެވެ. ދެން ޢާލަމްތަކުގެ ރައްބު ސުބްޙާނަހޫ ވަތަޢާލާ އެބައިމީހުންގެ ގާތަށް އަތުވެވޮޑިގަންނަވާނެއެވެ. އެއީ އެބައިމީހުންނަށް އޭގެ ކުރިން އެ އިލާހު ފެނުނު ވަރަށްވުރެ ގާތުންނެވެ. އަދި ވަހީ ކުރައްވާނެއެވެ: ތިޔަ އިންތިޒާރު ކުރަނީ ކޮންކަމަކަށްތޯއެވެ؟ ކޮންމެ އުއްމަތެއް ވެސް އެ ބަޔަކު އަޅުކަންކޮށް އުޅުނު ފަރާތެއްގެ ފަހަތުން ހިނގައްޖެއެވެ. އެބައިމީހުން ދަންނަވާނެއެވެ: އޭ އަޅަމެންގެ ރައްބެވެ. ތިމަންމެން ދުނިޔެމަތީގައި މީސްތަކުންނަށް މާ ބޮޑަށް ބޭނުން ޖެހުނު ހާލުގައިވެސް، ތިމަންމެން އެބައިމީހުންނާ ވަކިވެގަތީމެވެ. އަދި އެބައިމީހުންނާ އެއްކޮށެއް ނޫޅެމުއެވެ. ދެން ﷲ ވަހީ ކުރައްވާނެއެވެ: ތިމަން އިލާހީ ތިޔަބައިމީހުންގެ ރައްބެވެ. އެބައިމީހުން ދަންނަވާނެއެވެ: ތިބާގެ ކިބައިން ސަލާމަތްކޮށްދެއްވުމަށް ﷲ ގެ ހަޒްރަތުން ތިމަންމެން ރައްކާތެރިކަމަށް އެދެމުއެވެ. ﷲ އާ އެއްވެސް ފަރާތެއް ތިމަންމެން ޝަރީކު ނުކުރަމެވެ. މިފަދައިން ދެތިން ފަހަރަކު އެބައިމީހުން ދަންނަވާނެއެވެ. އެއީ އޭގެ ތެރެއިން އެއްބަޔަކު (ރަނގަޅު ގޮތް ދޫކޮށް އެ ނޫން ގޮތަކަށް) ބަދަލުވާން ގާތްވެއްޖައުމަށް ދާންދެނެވެ. ދެން ﷲ ވަހީ ކުރައްވާނެއެވެ: އެ އިލާހު ދެނެގަނެވޭނެ ހެއްކެތް، ތިޔަބައިމީހުންނާ އެ އިލާހާ ދެމެދު ވޭތޯއެވެ؟ އެބައިމީހުން ދަންނަވާނެއެވެ: އާދޭހެވެ. ދެން އެ އިލާހު ކަށިމަތިފުޅު ކަޝްފު ކުރައްވާނެއެވެ. އަދި (ދުނިޔެމަތީގައި) އަމިއްލައަށް ﷲ އަށް ސަޖިދަކޮށް އުޅުނު އެންމެންނަށް (އެ ހިނދު) ސަޖިދަ ކުރަން އެ އިލާހު ހުއްދަ ދެއްވާނެއެވެ. އަދި (ދުނިޔެ މަތީގައި މީސްތަކުންނަށް) ދެއްކުންތެރިކަމުގެ ގޮތުން ﷲއަށް ސަޖިދަކޮށް އުޅުނު އެންމެން (ގުދު ނުވެވޭ ގޮތަށް) އެބައިމީހުންގެ ބުރަކަށިތައް އެއް ކަށްޓެއް ފަދައިން ތެދުކުރެވިގެންދާނެއެވެ. އެބައިމީހުން ސަޖިދަ ކުރަން އުޅޭ ކޮންމެ ފަހަރަކު ބުރަކަށި މައްޗަށް ވެއްޓޭނެއެވެ. ދެން އެބައިމީހުން އިސްއުފުލުމުން އެންމެ ފުރަތަމަ ފަހަރަށް އެ އިލާހު ފެނުނު ފަދައިން ފެންނާނެއެވެ. އަދި ﷲ ވަހީ ކުރައްވާނެއެވެ: ތިމަން އިލާހީ ތިބައިމީހުންގެ ރައްބެވެ. އެބައިމީހުން ދަންނަވާނެއެވެ: އިބަ އިލާހީ އަޅަމެންގެ ރައްބެވެ. އެއަށްފަހު ނަރަކަ މަތީގައި (ޞިރާޠު) ފާލަން އެޅޭނެއެވެ. އަދި ޝަފާޢަތަށް ހުއްދަ ދެވޭނެއެވެ. އެބައިމީހުން ދަންނަވާނެއެވެ. ޔާ ﷲ އެވެ. ސަލާމަތް ކުރައްވާށެވެ. ސަލާމަތް ކުރައްވާށެވެ.“ ނަބިއްޔާއަށް ދެންނެވުނެވެ: އޭ ﷲގެ ރަސޫލާއެވެ. އެއީ ކޮން ފާލަމެއްތޯއެވެ؟ ނަބިއްޔާ ޙަދީޘް ކުރެއްވިއެވެ: ”އޭގައި ކައްސާލެވިގެން ވެއްޓިގެންދާ ފާލަމެކެވެ. އޭގައި ބުޅިތަކާއި ލެނބިފައިވާ ބޮޑެތި ކަށިތައް ވާނެއެވެ. އެއީ ނަޖުދުކަރައިގައިވާ ސަޢުދާނޭ ކިޔުނު ގަހުގައިވާ ފަދަ ކަށިތަކެކެވެ. މުއުމިނުން އެ ފާލަން މަތިން (ހުރަސް ކުރާނީ) ލޮލުގެ އެސްފިޔަ ޖަހާލެވޭ ފަދައިންނާއި، ވިދުވަރެއް ފަދައިންނާއި، ދޫނިތައް ފަދައިންނާއި، އަވަސް އަސްތަކާއި ޖަމަލުތަށް ފަދައިންނެވެ. ދެން އެއްވެސް ގެއްލުމެއް ނުލިބި ސަލާމަތްވާ ބަޔަކާއި ގައިގެ ތަންތަން ކެނޑިގެން ދޫވާ ބަޔަކު ވާނެއެވެ. އަދި މަތިމައްޗަށް ނަރަކައަށް ވެއްޓޭ ބަޔަކުވެސް ވާނެއެވެ. ދެން (ޙައްގު) މުއމިނުން ނަރަކައިން ސަލާމަތް ވާނެއެވެ. ފަހެ ތިމަން ނަބިއްޔާގެ ނަފްސުފުޅު އެ ފަރާތެއްގެ އަތްޕުޅުގައިވާ ފަރާތް ގަންދީ ބުނަމެވެ. ގިޔާމަތް ދުވަހު މުއުމިނުން އެބައިމީހުންގެ ނަރަކައިގައިވާ އަޙުންގެ ޙައްގުގައި ﷲ ގެ ހަޒްރަތުން ޝަފާޢަތަށް އެދޭ މިންވަރަށް، ތިޔަބައިމީހުން ކުރެ އެކަކުވެސް (ދުނިޔެމަތީގައި) އެ އިލާހަށް ކަމަކު އެދި ނުދަންނަވާނެއެވެ. އެބައިމީހުން ދަންނަވާނެއެވެ: އޭ އަޅަމެންގެ ރައްބެވެ. އެބައިމީހުން އަޅަމެންނާއެކު ނަމާދުކޮށް، ރޯދަ ހިފައި، ޙައްޖުވެ އުޅުނެވެ. ދެން އެބައިމީހުންނަށް ދެންނެވޭނެއެވެ: ތިޔަބައިމީހުން ދަންނަ ބަޔަކު ނެރޭށެވެ. އަދި އެބައިމީހުންގެ ހަށިތަށް ނަރަކައަށް ޙަރާމް ކުރެވޭނެއެވެ. ދެން އެ ބަޔެއްގެ ކަށިމަތީގެ މެދާ ހިސާބަށާއި ކަކުލާ ހިސާބަށް ނަރަކައިގައި ވީ ވަރަށް ގިނަ މީހުން ނެރޭނެއެވެ. ދެން އެބައިމީހުން ދަންނަވާނެއެވެ: އޭ އަޅަމެންގެ ރައްބެވެ. އެ ބަޔަކު (ނެރުމަށް) އިބަ އިލާހު އަމުރު ކުރެއްވި މީހަކު ބާކީ ނެތެވެ. ﷲ ވަހީ ކުރައްވާނެއެވެ: އެނބުރި ދާށެވެ. އަދި އެ މީހެއްގެ ހިތުގައި ދީނާރެއްގެ މިންވަރަށް އީމާންކަން ހުރެއްޖެ މީހަކު ނެރޭށެވެ. އެބައިމީހުން ވަރަށް ގިނަ ބަޔަކު ނެރޭނެއެވެ. އަދި ދަންނަވާނެއެވެ: އޭ އަޅަމެންގެ ރައްބެވެ. އެ ތަނުން (ނެރުމަށް) އިބަ އިލާހު އަމުރު ކުރެއްވި މީހަކު ދުލެއް ނުކުރަމެވެ. ﷲ ވަޙި ކުރައްވާނެއެވެ. އަދި އެ މީހެއްގެ ހިތުގައި ދީނާރެއްގެ ދެބައިކުޅަ އެއްބައިގެ މިންވަރަށް އީމާންކަން ހުރެއްޖެ މީހަކު ނެރޭށެވެ. އެބައިމީހުން ވަރަށް ގިނަ ބަޔަކު ނެރޭނެއެވެ. އަދި ދަންނަވާނެއެވެ: އޭ އަޅަމެންގެ ރައްބެވެ. އެ ތަނުން (ނެރުމަށް) އިބަ އިލާހު އަމުރު ކުރެއްވި މީހަކު ދުލެއް ނުކުރަމެވެ. ﷲ ވަޙި ކުރައްވާނެއެވެ. އެ މީހެއްގެ ހިތުގައި ޛައްރެއްގެ މިންވަރަށް އީމާންކަން ހުރެއްޖެ މީހަކު ނެރޭށެވެ. އެބައިމީހުން ވަރަށް ގިނަ ބަޔަކު ނެރޭނެއެވެ. އަދި ދަންނަވާނެއެވެ: އޭ އަޅަމެންގެ ރައްބެވެ. އެ ތަނުގައި ހެވެއް ހުރި އެއްވެސް މީހަކު ދުލެއް ނުކުރަމެވެ.“ އަބޫ ސައީދު އަލްޚުދްރީ (މި ޙަދީޘް ކިޔައިދެއްވަމުން) ވިދާޅުވިއެވެ: މި ޙަދީޘްގައި ތިޔަބައިމީހުން ތިމަންނަ ތެދުނުކުރާ ނަމަ، ފަހެ އެދޭ ނަމަ (މި އާޔަތް) ކިޔަވާށެވެ: ❞ހަމަކަށަވަރުން ﷲ (އެއްވެސް މީހަކަށް) ޛައްރެއްގެ މިންވަރުވިޔަސް އަނިޔާވެރިވެވޮޑިގެން ނުވެއެވެ. އަދި ހެޔޮކަމެއް (ކުރާ) ނަމަ (އޭގެ ސަވާބު) ގިނަގުނަ ކުރައްވައެވެ. އަދި އެ އިލާހުގެ ހަޒްރަތުން ބޮޑުވެގެންވާ އަހުރު ދެއްވައެވެ.❝ ނަބިއްޔާ ޙަދީޘް ކުރެއްވިއެވެ: ”ދެން ﷲ ޢައްޒަ ވަޖައްލަ ވަހީ ކުރައްވާނެއެވެ: މަލާއިކަތުންނާއި ނަބިއްޔުންނާއި މުއުމިނުން ޝަފާޢަތްތެރިވެއްޖެއެވެ. ދެން ބާކީ އޮންނަވަނީ ރަޙުމަތް ލައްވާ އެންމެ ރަޙުމަތް ވަންތަ އިލާހުގެ (ޝަފާޢަތެވެ.) ދެން އެ އިލާހު ނަރަކައިން މުށެއް ހިއްޕަވާވޮޑިގަންނަވާނެއެވެ. އަދި ދުވަހަކުވެސް ހެޔޮ ކަމެއް ނުކުރާ، ކަޅުވެ އަނދާ ދެއްޔަށްވެފައިވާ ބަޔަކު އޭގެން ނުކުންނާނެއެވެ. އަދި ސުވަރުގޭގެ ދޮރުކޮޅު ކައިރީގައިވާ ހަޔާތުގެ ފެނޭ ކިޔުނު ކޯރަކަށް އެބައިމީހުން އެއްލާލެވޭނެއެވެ. އަދި ފެންބޮޑުވެގެން ދެމިގެން އަންނަ ފެންގަނޑެއްގައި ހުންނަ ޗަކަހުގައި އޮށް ފަޅާ ނުކުމެ ހެދިބޮޑުވާ ފަދައިން އެބައިމީހުން ވެސް އެ ކޯރުގެ ދެ އަރިމަތީގައި ފަޅާ ނުކުމެ ހެދިބޮޑުވާނެއެވެ. ހިލަގަނޑެއް ނޫނީ ގަހެއްގެ ކައިރީގައި އެ މަންޒަރު ތިޔަބައިމީހުންނަށް ފެނިފައިނުވޭތޯއެވެ؟ އެ ގޮތުން އޭގެން އިރާ ދިމާލަށްވާ ފަޅި ހުންނާނީ ފެހިކޮށެވެ. އަދި ހިޔަލާ ދިމާލަށްވާ ފަޅި ހުންނާނީ ހުދުކޮށެވެ.“ އެބައިމީހުން ދެންނެވިއެވެ: އޭ ﷲގެ ރަސޫލާއެވެ. އިބަ ނަބިއްޔާ ބާދިޔާގައި ބަކަރިހުއިހައްޕަވަން އުޅުނު ފަދައެވެ. ނަބިއްޔާ ޙަދީޘް ކުރެއްވިއެވެ: ”ފަހެ އެބައިމީހުންނީ މުތީތަކެއް ފަދައިން (އެ ތަނުން) ނުކުންނާނެއެވެ. އަދި އެބައިމީހުންގެ ކަރުގައި ފަށް އެޅުއްވޭނެއެވެ. ސުވަރުގޭގެ އަހުލުވެރިން އެބައިމީހުން ދަންނާނެއެވެ. އަދި އެބައިމީހުން ދަންނަވާނެއެވެ: މިއީ ﷲ މިނިވަން ކުރެއްވި މީހުންނެވެ. އެ އިލާހު އެބައިމީހުން ސުވަރުގެ ވެއްދެވީ އެބައިމީހުން ކުރި އަމަލެއް ނުވަތަ އިސްކުރި ހެޔޮ ކަމަކާ ނުލައެވެ. އެއަށްފަހު ވަހީ ކުރައްވާނެއެވެ: ސުވަރުގެ ވަންނާށެވެ. ތިޔަބައިމީހުންނަށް ފެނުނު އެއްޗެއް ވަނީ ތިޔަބައިމީހުންނަށެވެ. އެބައިމީހުން ދަންނަވާނެއެވެ: އޭ އަޅަމެންގެ ރައްބެވެ. ޢާލަމްތަކުގެ ތެރެއިން އެކަކަށްވެސް ނުދެއްވާ ތަކެތި އިބަ އިލާހު އަޅަމެންނަށް ދެއްވައިފިއެވެ. ދެން ﷲ ވަހީ ކުރައްވާނެއެވެ: ތިމަން އިލާހުގެ ހަޒްރަތުގައި މިއަށް ވުރެ ހެޔޮވެގެންވާ ކަމެއް ތިޔަބައިމީހުންނަށް ވެއެވެ. އެބައިމީހުން ދަންނަވާނެއެވެ: އޭ އަޅަމެންގެ ރައްބެވެ. މިއަށްވުރެ ހެޔޮވާނީ ފަހެ ކޮންކަމެއްތޯއެވެ؟ އެ އިލާހު ވަހީ ކުރައްވާނެއެވެ: ތިމަން އިލާހުގެ ރުއްސަވާވޮޑިގަތުމެވެ. މިއަށްފަހު ދުވަހަކުވެސް ތިޔަބައިމީހުންގެ މައްޗަށް ތިމަން އިލާހު ކޯފާވެވޮޑިނުގަންނަވާނަމެވެ.“,b22
صحيح مسلم,183b,قَالَ مُسْلِمٌ: قَرَأْتُ عَلَى عِيسَى بْنِ حَمَّادٍ زُغْبَةَ الْمِصْرِيِّ هَذَا الْحَدِيثَ فِي الشَّفَاعَةِ، وَقُلْتُ لَهُ: أُحَدِّثُ بِهَذَا الْحَدِيثِ عَنْكَ، أَنَّكَ سَمِعْتَ مِنَ اللَّيْثِ بْنِ سَعْدٍ، فَقَالَ: نَعَمْ، قُلْتُ لِعِيسَى بْنِ حَمَّادٍ: أَخْبَرَكُمُ اللَّيْثُ بْنُ سَعْدٍ، عَنْ خَالِدِ بْنِ يَزِيدَ، عَنْ سَعِيدِ بْنِ أَبِي هِلَالٍ، عَنْ زَيْدِ بْنِ أَسْلَمَ، عَنْ عَطَاءِ بْنِ يَسَارٍ، عَنْ أَبِي سَعِيدٍ الْخُدْرِيِّ أَنَّهُ قَالَ: قُلْنَا: يَا رَسُولَ اللهِ، أَنَرَى رَبَّنَا؟ قَالَ رَسُولُ اللهِ ﷺ: هَلْ تُضَارُّونَ فِي رُؤْيَةِ الشَّمْسِ إِذَا كَانَ يَوْمٌ صَحْوٌ؟ قُلْنَا: لَا. وَسُقْتُ الْحَدِيثَ حَتَّى انْقَضَى آخِرُهُ، وَهُوَ نَحْوُ حَدِيثِ حَفْصِ بْنِ مَيْسَرَةَ، وَزَادَ بَعْدَ قَوْلِهِ: بِغَيْرِ عَمَلٍ عَمِلُوهُ، وَلَا قَدَمٍ قَدَّمُوهُ، فَيُقَالُ لَهُمْ: لَكُمْ مَا رَأَيْتُمْ، وَمِثْلُهُ مَعَهُ، قَالَ أَبُو سَعِيدٍ: بَلَغَنِي أَنَّ الْجِسْرَ أَدَقُّ مِنَ الشَّعَرَةِ، وَأَحَدُّ مِنَ السَّيْفِ. وَلَيْسَ فِي حَدِيثِ اللَّيْثِ: فَيَقُولُونَ: رَبَّنَا، أَعْطَيْتَنَا مَا لَمْ تُعْطِ أَحَدًا مِنَ الْعَالَمِينَ وَمَا بَعْدَهُ، فَأَقَرَّ بِهِ عِيسَى بْنُ حَمَّادٍ.,އަބޫ ސައީދު އަލްޚުދްރީ ރިވާ ކުރެއްވިއެވެ: ތިމަންމެން ދެންނެވީމެވެ: އޭ ﷲ ގެ ރަސޫލާއެވެ. ތިމަންމެންގެ ރައްބު ތިމަންމެންނަށް ފެންނާނެތޯއެވެ؟ ރަސޫލު ﷲ ﷺ ޙަދީޘް ކުރެއްވިއެވެ: ”ވިލާގަނޑެއް ނެތް ހިނދު، އިރު ފެނުމުގައި ތިޔަބައިމީހުންނަށް އެއްވެސް ދަތިކަމެއް ވޭތޯއެވެ؟“ ތިމަންމެން ދެންނެވީމެވެ: ނޫނެކެވެ. ދެން ކުރީގެ ޙަދީޘާ އެއްފަދައިން ރިވާވިއެވެ. އަދި މިފަދައިން އިތުރުވެގެން އައެވެ: (އެ އިލާހު އެބައިމީހުން ސުވަރުގެ ވެއްދެވީ) އެބައިމީހުން ކުރި އަމަލެއް ނުވަތަ އިސްކުރި ހެޔޮ ކަމަކާ ނުލައެވެ. ދެން އެބައިމީހުންނަށް ދެންނެވޭނެއެވެ: ތިޔަބައިމީހުންނަށް ފެނުނު އެއްޗެއް ވަނީ ތިޔަބައިމީހުންނަށެވެ. އަދި އެއާއެކު ހަމަ އެފަދަ އިތުރު ގުނައެއްވެސް ދެވޭނެއެވެ. އަބޫ ސައީދު އަލްޚުދްރީ ދެންނެވިއެވެ: ތިމަންނައަށް އެނގިފައިވާ ގޮތުން ޞިރާޠުމަގު ފާލަން އިސްތަށްޓަކަށް ވުރެ ހަނިވެފައި، ކަނޑިއަކަށް ވުރެ ތޫނުވެގެން ވެއެވެ. އަދި އައްލައިޘު ރިވާ ކުރި ޙަދީޘްގައި މި ބަސްކޮޅާއި އެއަށްފަހު އަންނަ ވާހަކައެއް ނުވެއެވެ: އޭ އަޅަމެންގެ ރައްބެވެ. ޢާލަމްތަކުގެ ތެރެއިން އެކަކަށްވެސް ނުދެއްވާ ތަކެތި އިބަ އިލާހު އަޅަމެންނަށް ދެއްވައިފިއެވެ.,b22
صحيح مسلم,1847b,"وَحَدَّثَنِي مُحَمَّدُ بْنُ سَهْلِ بْنِ عَسْكَرٍ التَّمِيمِيُّ، حَدَّثَنَا يَحْيَى بْنُ حَسَّانَ، ح وَحَدَّثَنَا عَبْدُ اللَّهِ بْنُ عَبْدِ الرَّحْمَنِ الدَّارِمِيُّ، أَخْبَرَنَا يَحْيَى، - وَهُوَ ابْنُ حَسَّانَ - حَدَّثَنَا مُعَاوِيَةُ، - يَعْنِي ابْنَ سَلاَّمٍ - حَدَّثَنَا زَيْدُ بْنُ سَلاَّمٍ، عَنْ أَبِي سَلاَّمٍ، قَالَ قَالَ حُذَيْفَةُ بْنُ الْيَمَانِ قُلْتُ يَا رَسُولَ اللَّهِ إِنَّا كُنَّا بِشَرٍّ فَجَاءَ اللَّهُ بِخَيْرٍ فَنَحْنُ فِيهِ فَهَلْ مِنْ وَرَاءِ هَذَا الْخَيْرِ شَرٌّ قَالَ نَعَمْ . قُلْتُ هَلْ وَرَاءَ ذَلِكَ الشَّرِّ خَيْرٌ قَالَ "" نَعَمْ "" . قُلْتُ فَهَلْ وَرَاءَ ذَلِكَ الْخَيْرِ شَرٌّ قَالَ "" نَعَمْ "" . قُلْتُ كَيْفَ قَالَ "" يَكُونُ بَعْدِي أَئِمَّةٌ لاَ يَهْتَدُونَ بِهُدَاىَ وَلاَ يَسْتَنُّونَ بِسُنَّتِي وَسَيَقُومُ فِيهِمْ رِجَالٌ قُلُوبُهُمْ قُلُوبُ الشَّيَاطِينِ فِي جُثْمَانِ إِنْسٍ "" . قَالَ قُلْتُ كَيْفَ أَصْنَعُ يَا رَسُولَ اللَّهِ إِنْ أَدْرَكْتُ ذَلِكَ قَالَ "" تَسْمَعُ وَتُطِيعُ لِلأَمِيرِ وَإِنْ ضُرِبَ ظَهْرُكَ وَأُخِذَ مَالُكَ فَاسْمَعْ وَأَطِعْ "" .",ޙުޛައިފާ ބިން ޔަމާން ވިދާޅުވިއެވެ: ތިމަން ދެންނެވީމެވެ: އޭ ﷲ ގެ ރަސޫލާއެވެ! ހަމަކަށަވަރުން ތިމަންނަމެން ނުބައި ކަމެއްގެ (ޒަމާނެއް) ތެރޭގައި ވީމެވެ. ދެން ހެޔޮ ކަމެއްގެ (ޒަމާނެއް) ﷲ ގެންނެވިއެވެ. ފަހެ ތިމަންނަމެން މި ވަނީ އޭގައެވެ. ދެން މި ހެޔޮ ކަމުގެ ފަހުން ނުބައި ކަމެއް ވޭތޯއެވެ؟ އެކަލޭގެފާނު ޙަދީޘް ކުރެއްވިއެވެ: ”އާދޭހެވެ.“ ތިމަން ދެންނެވީމެވެ: ދެން އެ ނުބައި ކަމުގެ ފަހުން ހެޔޮ ކަމެއް ވޭތޯއެވެ؟ އެކަލޭގެފާނު ޙަދީޘް ކުރެއްވިއެވެ: ”އާދޭހެވެ.“ ތިމަން ދެންނެވީމެވެ: ދެން އެ ހެޔޮ ކަމުގެ ފަހުން ނުބައި ކަމެއް ވޭތޯއެވެ؟ އެކަލޭގެފާނު ޙަދީޘް ކުރެއްވިއެވެ: ”އާދޭހެވެ.“ ތިމަން ދެންނެވީމެވެ: ކިހިނެއްތޯއެވެ؟ އެކަލޭގެފާނު ޙަދީޘް ކުރެއްވިއެވެ: ”ތިމަން ނަބިއްޔާއަށް ފަހު ވެރިންތަކެއް ވާނެއެވެ. އެބައިމީހުން ތިމަން ނަބިއްޔާގެ ހިދާޔަތަކުން މަގެއް ނުދައްކާނެއެވެ. އަދި އެބައިމީހުން ތިމަން ނަބިއްޔާގެ ސުންނަތަކަށް ތަބައެއް ނުވާނެއެވެ. އަދި އެބައިމީހުންގެ ތެރޭގައި މީހުންތަކެއް ފާޅުވާނެއެވެ. އެބައިމީހުންގެ ހިތްތަކަކީ، އިންސާނުންގެ ހަށިތަކުގައިވާ ޝައިތާނުންގެ ހިތްތަކެކެވެ.“ (ޙުޛައިފާ) ދެންނެވިއެވެ: އެ ކަމާ ތިމަންނަ ބައްދަލުވެއްޖެ ނަމަ، ތިމަންނަ ހަދާނީ ކިހިނެއްތޯއެވެ؟ އޭ ﷲ ގެ ރަސޫލާއެވެ. އެކަލޭގެފާނު ޙަދީޘް ކުރެއްވިއެވެ: ”ތިބާ ވެރިމީހާއަށް އަޑުއަހާ ކިޔަމަންވާނީއެވެ. އެއީ ތިބާގެ ބުރަކަށީގައި ތެޅިކަމުގައިވިޔަސް އަދި ތިބާގެ މުދާ އަތުލައިގަތް ކަމުގައި ވިޔަސްމެއެވެ. ފަހެ އަޑުއަހާ ކިޔަމަންވާށެވެ.“,
صحيح مسلم,184a,وَحَدَّثَنِي هَارُونُ بْنُ سَعِيدٍ الْأَيْلِيُّ، حَدَّثَنَا ابْنُ وَهْبٍ قَالَ: أَخْبَرَنِي مَالِكُ بْنُ أَنَسٍ، عَنْ عَمْرِو بْنِ يَحْيَى بْنِ عُمَارَةَ قَالَ: حَدَّثَنِي أَبِي، عَنْ أَبِي سَعِيدٍ الْخُدْرِيِّ أَنَّ رَسُولَ اللهِ ﷺ قَالَ: يُدْخِلُ اللهُ أَهْلَ الْجَنَّةِ الْجَنَّةَ، يُدْخِلُ مَنْ يَشَاءُ بِرَحْمَتِهِ، وَيُدْخِلُ أَهْلَ النَّارِ النَّارَ، ثُمَّ يَقُولُ: انْظُرُوا مَنْ وَجَدْتُمْ فِي قَلْبِهِ مِثْقَالَ حَبَّةٍ مِنْ خَرْدَلٍ مِنْ إِيمَانٍ، فَأَخْرِجُوهُ، فَيَخْرُجُونَ مِنْهَا حُمَمًا قَدِ امْتَحَشُوا، فَيُلْقَوْنَ فِي نَهَرِ الْحَيَاةِ - أَوِ الْحَيَا - فَيَنْبُتُونَ فِيهِ كَمَا تَنْبُتُ الْحِبَّةُ إِلَى جَانِبِ السَّيْلِ، أَلَمْ تَرَوْهَا كَيْفَ تَخْرُجُ صَفْرَاءَ مُلْتَوِيَةً.؟,އަބޫ ސައީދު އަލްޚުދްރީ ރިވާ ކުރެއްވިއެވެ: ރަސޫލު ﷲ ﷺ ޙަދީޘް ކުރެއްވިއެވެ: ”ﷲ ސުވަރުގޭގެ އަހުލުވެރިން ސުވުރުގެއަށް ވައްދާނެއެވެ. އެ އިލާހުގެ ރަޙުމަތުން އިރާދަ ކުރެއްވި ބަޔަކު ވައްދާނެއެވެ. އަދި ނަރަކައިގެ އަހުލުވެރިން ނަރަކައަށް ވައްދާނެއެވެ. ދެން އެ އިލާހު ވަހީ ކުރައްވާނެއެވެ: އެ މީހެއްގެ ހިތުގައި ރެވިއޮށްޓަރެއްގެ ބަރުދަންހައި އީމާންކަން ހުރެއްޖެ މީހާ ބަލާފައި (ނަރަކައިން) ނެރޭށެވެ. ދެން އެބައިމީހުން އެ ތަނުން ނުކުންނާނެއެވެ. އެބައިމީހުން ވާނީ ކަޅުވެ އަނދާ ދެއްޔަށްވެފައެވެ. ދެން އެބައިމީހުން ހަޔާތުގެ ކޯރަށް އެއްލާލެވޭނެއެވެ. އަދި ކޯރެއްގައި އައްސޭރީގައި އޮށް ފަޅާ ނުކުމެ ހެދިބޮޑުވާ ފަދައިން އެބައިމީހުން ވެސް އެ ކޯރުގައި ފަޅާ ނުކުމެ ހެދިބޮޑުވާނެއެވެ. (އެ ގޮތަށް) އޮށުން (ގަސް ފަޅާ އިރު) ރީނދުވެ ލެނބިފާހުއްޓައި ނުކުންނަ ގޮތް ތިޔަބައިމިހުން ނުދެކެމުތޯއެވެ؟“,b22
صحيح مسلم,184b,وَحَدَّثَنَا أَبُو بَكْرِ بْنُ أَبِي شَيْبَةَ، حَدَّثَنَا عَفَّانُ، حَدَّثَنَا وُهَيْبٌ، (ح) وَحَدَّثَنَا حَجَّاجُ بْنُ الشَّاعِرِ، حَدَّثَنَا عَمْرُو بْنُ عَوْنٍ، أَخْبَرَنَا خَالِدٌ كِلَاهُمَا عَنْ عَمْرِو بْنِ يَحْيَى بِهَذَا الْإِسْنَادِ، وَقَالَا: فَيُلْقَوْنَ فِي نَهَرِ يُقَالُ لَهُ: الْحَيَاةُ، وَلَمْ يَشُكَّا، وَفِي حَدِيثِ خَالِدٍ: كَمَا تَنْبُتُ الْغُثَاءَةُ فِي جَانِبِ السَّيْلِ، وَفِي حَدِيثِ وُهَيْبٍ: كَمَا تَنْبُتُ الْحِبَّةُ فِي حَمِئَةِ - أَوْ حَمِيلَةِ - السَّيْلِ.,ކުރީގެ ޙަދީޘް ރިވާވެގެން އައެވެ. އަދި މި ރިވާޔަތުގައި ވަނީ މިފަދައިންނެވެ: ދެން އެބައިމީހުން ހަޔާތުގެ ކޯރަށް އެއްލާލެވޭނެއެވެ. މި ރިވާޔަތުގައި އެއްވެސް ޝައްކެއް އައިސްފައެއް ނުވެއެވެ. އަދި އެހެން ޙަދީޘެއްގައި ވަނީ މިފަދައިންނެވެ: ދެމިގެން އަންނަ ފެންގަނޑެއް ކައިރިގައި އުފުލިގެން އަންނަ އެއްޗެއްގައި އޮށް ފަޅާ ނުކުމެ ހެދިބޮޑުވާ ފަދައިންނެވެ.,b22
صحيح مسلم,1855a,حَدَّثَنَا إِسْحَاقُ بْنُ إِبْرَاهِيمَ الْحَنْظَلِيُّ، أَخْبَرَنَا عِيسَى بْنُ يُونُسَ، حَدَّثَنَا الْأَوْزَاعِيُّ، عَنْ يَزِيدَ بْنِ يَزِيدَ بْنِ جَابِرٍ، عَنْ رُزَيْقِ بْنِ حَيَّانَ، عَنْ مُسْلِمِ بْنِ قَرَظَةَ، عَنْ عَوْفِ بْنِ مَالِكٍ عَنْ رَسُولِ اللهِ ﷺ قَالَ: خِيَارُ أَئِمَّتِكُمُ الَّذِينَ تُحِبُّونَهُمْ وَيُحِبُّونَكُمْ، وَيُصَلُّونَ عَلَيْكُمْ وَتُصَلُّونَ عَلَيْهِمْ، وَشِرَارُ أَئِمَّتِكُمُ الَّذِينَ تُبْغِضُونَهُمْ وَيُبْغِضُونَكُمْ، وَتَلْعَنُونَهُمْ وَيَلْعَنُونَكُمْ. قِيلَ: يَا رَسُولَ اللهِ، أَفَلَا نُنَابِذُهُمْ بِالسَّيْفِ؟ فَقَالَ: لَا، مَا أَقَامُوا فِيكُمُ الصَّلَاةَ، وَإِذَا رَأَيْتُمْ مِنْ وُلَاتِكُمْ شَيْئًا تَكْرَهُونَهُ فَاكْرَهُوا عَمَلَهُ، وَلَا تَنْزِعُوا يَدًا مِنْ طَاعَةٍ.,ޢައުފް ބިން މާލިކު ރިވާ ކުރެއްވިއެވެ: ރަސޫލު ﷲ ﷺ ޙަދީޘް ކުރެއްވިއެވެ: ”ތިޔަބައިމީހުންގެ ތެރޭގައިވާ އެންމެ ހެޔޮ ވެރިންނަކީ، ތިޔަބައިމީހުން އެ ބަޔަކު ދެކެ ލޯބި ކުރާ، އަދި އެ ބަޔަކު ތިޔަބައިމީހުން ދެކެ ލޯބި ކުރާ ވެރިންނެވެ. އަދި ތިޔަބައިމީހުން އެ ބަޔަކަށް ހެޔޮ ދުއާ ކުރާ، އަދި އެ ބަޔަކު ތިޔަބައިމީހުންނަށް ހެޔޮ ދުއާ ކުރާ ވެރިންނެވެ. އަދި ތިޔަބައިމީހުންގެ ތެރޭގައިވާ އެންމެ ނުބައި ވެރިންނަކީ، ތިޔަބައިމީހުން އެ ބަޔަކު ދެކެ ނަފުރަތު ކުރާ، އަދި އެ ބަޔަކު ތިޔަބައިމީހުން ދެކެ ނަފުރަތު ކުރާ ވެރިންނެވެ. އަދި ތިޔަބައިމީހުން އެ ބަޔަކަށް ލަޢުނަތް ލައްވައި، އަދި އެ ބަޔަކު ތިޔަބައިމީހުންނަށް ލަޢުނަތް ލައްވައި ވެރިންނެވެ.“ ނަބިއްޔާއަށް ދެންނެވުނެވެ: އޭ ﷲގެ ރަސޫލާއެވެ. ކަނޑި (އެބަހީ: ބާރުގެ) ބޭނުންކޮށްގެން ތިމަންމެން އެ ވެރިން ވައްޓައި ނުލަންވީތޯއެވެ؟ ނަބިއްޔާ ޙަދީޘް ކުރެއްވިއެވެ: ”ނޫނެކެވެ. ތިޔަބައިމީހުންގެ ތެރޭގައި އެ ބަޔަކު ނަމާދު ގާއިމު ކުރާހައި ހިނދަކު (ވައްޓައިނުލާށެވެ.) އަދި ތިޔަބައިމީހުންގެ ވެރިންގެ ކިބައިން ތިޔަބައިމީހުން ނުރުހޭ ކަމެއް ފެނިއްޖެ ނަމަ، ފަހެ އޭނާ އެ ކުރި އަމަލަކަށް ނުރުހޭށެވެ. އެހެނެއްކަމަކު ވެރިމީހާއަށް ތަބާވުމުގައި އެންމެ އަތެއްވެސް ދުރުނުކުރާށެވެ.“,
صحيح مسلم,185a,وَحَدَّثَنِي نَصْرُ بْنُ عَلِيٍّ الْجَهْضَمِيُّ، حَدَّثَنَا بِشْرٌ - يَعْنِي: ابْنَ الْمُفَضَّلِ -، عَنْ أَبِي مَسْلَمَةَ، عَنْ أَبِي نَضْرَةَ، عَنْ أَبِي سَعِيدٍ قَالَ: قَالَ رَسُولُ اللهِ ﷺ: أَمَّا أَهْلُ النَّارِ الَّذِينَ هُمْ أَهْلُهَا فَإِنَّهُمْ لَا يَمُوتُونَ فِيهَا وَلَا يَحْيَوْنَ، وَلَكِنْ نَاسٌ أَصَابَتْهُمُ النَّارُ بِذُنُوبِهِمْ - أَوْ قَالَ: بِخَطَايَاهُمْ -، فَأَمَاتَهُمْ إِمَاتَةً، حَتَّى إِذَا كَانُوا فَحْمًا أُذِنَ بِالشَّفَاعَةِ، فَجِيءَ بِهِمْ ضَبَائِرَ ضَبَائِرَ، فَبُثُّوا عَلَى أَنْهَارِ الْجَنَّةِ، ثُمَّ قِيلَ: يَا أَهْلَ الْجَنَّةِ، أَفِيضُوا عَلَيْهِمْ، فَيَنْبُتُونَ نَبَاتَ الْحِبَّةِ تَكُونُ فِي حَمِيلِ السَّيْلِ، فَقَالَ رَجُلٌ مِنَ الْقَوْمِ: كَأَنَّ رَسُولَ اللهِ ﷺ قَدْ كَانَ بِالْبَادِيَةِ.,އަބޫ ސައީދު އަލްޚުދްރީ ރިވާ ކުރެއްވިއެވެ: ރަސޫލު ﷲ ﷺ ޙަދީޘް ކުރެއްވިއެވެ: ”ނަރަކައިގެ (އަބަދުގެ އަބަދަށް) ޙައްގު އަހުލުވެރިން އެ ތަނުގައި މަރެއްވެސް ނުވާނެ އަދި ނުއެއް ދިރޭނެއެވެ. އެހެނަސް ކުރެވުނު ފާފަތަކެއްގެ ސަބަބުން (ވަގުތީ ގޮތުން) ނަރަކައަށް ލެވުނު (މުއުމިނުންގެ) ބަޔަކު (ވަކި ހިސާބަކުން) މަރުގަންނަވާނެއެވެ. އެބައިމީހުން ކަޅުވެ އަނދާ ދެއްޔަށްވުމަށް ފަހު، ޝަފާޢަތް ދެވޭނެއެވެ. އަދި އެބައިމީހުން ބައިބަޔަށް ގެނެވި، ދެން ހަޔާތުގެ ކޯރަށް އެއްލާލެވޭނެއެވެ. އަދި ބުނެވޭނެއެވެ: އޭ ސުވަރުގޭގެ އަހުލުވެރިންނެވެ. އެބައިމީހުންނަށް ފެން ދޭށެވެ. އަދި ކޯރެއްގައި އުފުލިގެން އަންނަ ތަކެތީގައި އޮށް ފަޅާ ނުކުމެ ހެދިބޮޑުވާ ފަދައިން އެބައިމީހުން ވެސް ފަޅާ ނުކުމެ ހެދިބޮޑުވާނެއެވެ.“ ދެން އެ ތަނުގައި ހުރި މީހަކު ދެންނެވިއެވެ: ރަސޫލު ﷲ ﷺ ބާދިޔާގައި އުޅުއްވިފަދައެވެ. (އޭނާ އެހެން ދެންނެވީ ފެންބޮޑުވެގެން އަންނަ ވެލިގަނޑުގައި އޮށް ފަޅާ މިސާލު ޖެއްސެވުމުންނެވެ.),b22
صحيح مسلم,185b,وَحَدَّثَنَاهُ مُحَمَّدُ بْنُ الْمُثَنَّى، وَابْنُ بَشَّارٍ قَالَا: حَدَّثَنَا مُحَمَّدُ بْنُ جَعْفَرٍ، حَدَّثَنَا شُعْبَةُ، عَنْ أَبِي مَسْلَمَةَ قَالَ: سَمِعْتُ أَبَا نَضْرَةَ، عَنْ أَبِي سَعِيدٍ الْخُدْرِيِّ، عَنِ النَّبِيِّ ﷺ بِمِثْلِهِ إِلَى قَوْلِهِ: فِي حَمِيلِ السَّيْلِ، وَلَمْ يَذْكُرْ مَا بَعْدَهُ.,ކުރީގެ ޙަދީޘާ އެއްފަދައިން ރިވާވެގެން އައެވެ. އަދި މި ރިވާޔަތުގައި ވަނީ މިހާ ހިސާބަށެވެ: ދެމިގެން އަންނަ ފެންގަނޑެއް ކައިރިގައި އުފުލިގެން އަންނަ އެއްޗެއްގައެވެ.,b22
صحيح مسلم,1876a,وَحَدَّثَنِي زُهَيْرُ بْنُ حَرْبٍ، حَدَّثَنَا جَرِيرٌ، عَنْ عُمَارَةَ، (وَهُوَ ابْنُ الْقَعْقَاعِ)، عَنْ أَبِي زُرْعَةَ، عَنْ أَبِي هُرَيْرَةَ قَالَ: قَالَ رَسُولُ اللهِ ﷺ: تَضَمَّنَ اللهُ لِمَنْ خَرَجَ فِي سَبِيلِهِ لَا يُخْرِجُهُ إِلَّا جِهَادًا فِي سَبِيلِي، وَإِيمَانًا بِي، وَتَصْدِيقًا بِرُسُلِي، فَهُوَ عَلَيَّ ضَامِنٌ أَنْ أُدْخِلَهُ الْجَنَّةَ، أَوْ أُرْجِعَهُ إِلَى مَسْكَنِهِ الَّذِي خَرَجَ مِنْهُ نَائِلًا مَا نَالَ مِنْ أَجْرٍ أَوْ غَنِيمَةٍ، وَالَّذِي نَفْسُ مُحَمَّدٍ بِيَدِهِ، مَا مِنْ كَلْمٍ يُكْلَمُ فِي سَبِيلِ اللهِ إِلَّا جَاءَ يَوْمَ الْقِيَامَةِ كَهَيْئَتِهِ حِينَ كُلِمَ لَوْنُهُ لَوْنُ دَمٍ، وَرِيحُهُ مِسْكٌ، وَالَّذِي نَفْسُ مُحَمَّدٍ بِيَدِهِ، لَوْلَا أَنْ يَشُقَّ عَلَى الْمُسْلِمِينَ، مَا قَعَدْتُ خِلَافَ سَرِيَّةٍ تَغْزُو فِي سَبِيلِ اللهِ أَبَدًا، وَلَكِنْ لَا أَجِدُ سَعَةً فَأَحْمِلَهُمْ، وَلَا يَجِدُونَ سَعَةً، وَيَشُقُّ عَلَيْهِمْ أَنْ يَتَخَلَّفُوا عَنِّي، وَالَّذِي نَفْسُ مُحَمَّدٍ بِيَدِهِ، لَوَدِدْتُ أَنِّي أَغْزُو فِي سَبِيلِ اللهِ فَأُقْتَلُ، ثُمَّ أَغْزُو فَأُقْتَلُ، ثُمَّ أَغْزُو فَأُقْتَلُ.,އަބޫ ހުރައިރާ ރިވާ ކުރެއްވިއެވެ: ނަބިއްޔާ ﷺ ޙަދީޘް ކުރެއްވިއެވެ: ”ﷲ ޖާމިނުވެ ވޮޑިގެންނެވިއެވެ: ﷲ ގެ މަގުގައި ނުކުންނަ މީހަކަށް، އޭނާ ނެރުނު ހަމައެކަނި ކަމަކީ ތިމަން އިލާހުގެ މަގުގައި ޖިހާދު ކުރުމާއި، ތިމަން އިލާހަށް އީމާންވުމާއި، އަދި ތިމަން އިލާހުގެ ރަސޫލުން ތެދުކުރުން ކަމުގައި ވަނީނަމަ، ފަހެ ތިމަން އިލާހު އޭނާ ސުވަރުގެ ވައްދަވާނަމެވެ. ނޫނީ އޭނާ އެ ހޯދައިގަތް އަޖުރު ނުވަތަ ޣަނީމާ މުދަލަކައިގެން އެނބުރި އެނާ ނުކުތް ގެއަށް ފޮނުއްވާނަމެވެ. އަދި މުޙައްމަދުގެފާނުގެ ނަފްސުފުޅު އެ ފަރާތެއްގެ އަތްޕުޅުގައިވާ އިލާހު ގަންދީ ބުނަމެވެ. ﷲގެ މަގުގައި (ޖިހާދު ކުރުމުގައި) ލިބޭ ކޮންމެ ޒަހަމެއް، ގިޔާމަތް ދުވަހު އެ ޒަހަމު ލިބުނު ގޮތަކަށް ހުންނާނެވެ. އޭގެ ކުލައަކީ ހަމަ ލޭގެ ކުލައެވެ. އެހެނަސް އޭގެ ވަހަކީ ގޮމަކަސްތޫރި ވަހެވެ. އަދި މުޙައްމަދުގެފާނުގެ ނަފްސުފުޅު އެ ފަރާތެއްގެ އަތްޕުޅުގައިވާ އިލާހު ގަންދީ ބުނަމެވެ. މުސްލިމުންނަށް ދަތިކަމަކަށް ނުވާ ނަމަ، ދުވަހަކުވެސް ﷲގެ މަގުގައި ހަނގުރާމައަށް ނުކުންނަ އެއްވެސް ލަޝްކަރެއްގެ ފަހަތުން ނުގޮސް (ރަށުގައި) ތިމަން ނަބިއްޔާ ނީންނެވީމުހެވެ. އެހެނެއްކަމަކު އެބައިމީހުން ގެންދިޔުމުގެ ސަވާރީ ހޯދުމަށް ތިމަން ނަބިއްޔާގެ ތަނަވަސްކަމެއް ނެތެވެ. އަދި އެބައިމީހުންގެވެސް ތަނަވަސްކަމެއް ނެތެވެ. އަދި ތިމަން ނަބިއްޔާގެ ފަހަތުގައި އެބައިމީހުން ބަހައްޓާފައި ދިޔުމަށް އެބައިމީހުންނަށް ދަތިވެއެވެ. އަދި މުޙައްމަދުގެފާނުގެ ނަފްސުފުޅު އެ ފަރާތެއްގެ އަތްޕުޅުގައިވާ އިލާހު ގަންދީ ބުނަމެވެ. ހަމަކަށަވަރުން ﷲގެ މަގުގައި ގަތުލުވުމަށް ފަހު އަލުން ދިރުއްވި، ދެން އަނެއްކާވެސް ގަތުލުވުމަށް ފަހު އަލުން ދިރުއްވި، އަނެއްކާވެސް ގަތުލުވުމަށް ތިމަން ނަބިއްޔާ ލޯބި ކުރައްވަމެވެ.“,b36
صحيح مسلم,1876b,وَحَدَّثَنَاهُ أَبُو بَكْرِ بْنُ أَبِي شَيْبَةَ، وَأَبُو كُرَيْبٍ قَالَا: حَدَّثَنَا ابْنُ فُضَيْلٍ، عَنْ عُمَارَةَ بِهَذَا الْإِسْنَادِ.,ކުރީގެ ޙަދީޘާ އެއްގޮތަކަށް ރިވާވެފައިވެއެވެ.,b36
صحيح مسلم,1876c,وَحَدَّثَنَا يَحْيَى بْنُ يَحْيَى، أَخْبَرَنَا الْمُغِيرَةُ بْنُ عَبْدِ الرَّحْمَنِ الْحِزَامِيُّ، عَنْ أَبِي الزِّنَادِ، عَنِ الْأَعْرَجِ، عَنْ أَبِي هُرَيْرَةَ: عَنِ النَّبِيِّ ﷺ قَالَ: تَكَفَّلَ اللهُ لِمَنْ جَاهَدَ فِي سَبِيلِهِ لَا يُخْرِجُهُ مِنْ بَيْتِهِ إِلَّا جِهَادٌ فِي سَبِيلِهِ، وَتَصْدِيقُ كَلِمَتِهِ، بِأَنْ يُدْخِلَهُ الْجَنَّةَ، أَوْ يُرْجِعَهُ إِلَى مَسْكَنِهِ الَّذِي خَرَجَ مِنْهُ مَعَ مَا نَالَ مِنْ أَجْرٍ أَوْ غَنِيمَةٍ.,އަބޫ ހުރައިރާ ރިވާ ކުރެއްވިއެވެ: ނަބިއްޔާ ﷺ ޙަދީޘް ކުރެއްވިއެވެ: ”ﷲގެ މަގުގައި (ޖިހާދަށް) ނުކުންނަ މީހަކަށް، އޭނާ ނެރުނު ހަމައެކަނި ކަމަކީ އެ އިލާހުގެ މަގުގައި ޖިހާދު ކުރުމާއި އެ އިލާހުގެ ކަލިމަފުޅުތަށް ތެދުކުރުން ކަމުގައި ވަނީނަމަ، ފަހެ އޭނާ ސުވަރުގެ ވައްދަވާނެކަމަށް، ނޫނީ އެނބުރި އެނާ ނުކުތް ގެއަށް އަޖުރު ނުވަތަ ޣަނީމާ މުދަލައިގެން ފޮނުއްވާނެކަމަށް ﷲ ވަނީ ކަށަވަރުކޮށް ދެއްވާފައެވެ.“,b36
صحيح مسلم,1876d,حَدَّثَنَا عَمْرٌو النَّاقِدُ، وَزُهَيْرُ بْنُ حَرْبٍ قَالَا: حَدَّثَنَا سُفْيَانُ بْنُ عُيَيْنَةَ، عَنْ أَبِي الزِّنَادِ، عَنِ الْأَعْرَجِ، عَنْ أَبِي هُرَيْرَةَ: عَنِ النَّبِيِّ ﷺ قَالَ: لَا يُكْلَمُ أَحَدٌ فِي سَبِيلِ اللهِ وَاللهُ أَعْلَمُ بِمَنْ يُكْلَمُ فِي سَبِيلِهِ، إِلَّا جَاءَ يَوْمَ الْقِيَامَةِ وَجُرْحُهُ يَثْعَبُ اللَّوْنُ لَوْنُ دَمٍ، وَالرِّيحُ رِيحُ مِسْكٍ.,އަބޫ ހުރައިރާ ރިވާ ކުރެއްވިއެވެ: ނަބިއްޔާ ﷺ ޙަދީޘް ކުރެއްވިއެވެ: ”ﷲގެ މަގުގައި (ޖިހާދު ކުރުމުގައި) މީހަކަށް ޒަހަމުވެއްޖެ ނަމަ، -އަދި އެ އިލާހުގެ މަގުގައި ޒަހަމު ވަނީ ކާކުކަން ﷲ މޮޅަށް ދެނެވޮޑިގެންވެއެވެ.- ގިޔާމަތް ދުވަހު އެ ޒަހަމުން ލޭ އޮހޮރި، އޭގެ ކުލައަކީ ހަމަ ލޭގެ ކުލައަށް ވެފައި، އަދި އޭގެ ވަހަކީ ގޮމަކަސްތޫރި ވަސް ކަމުގައިވާ ހާލު ނޫން ގޮތަކަށް އެ މީހަކު ނާންނާނެއެވެ.“,b36
صحيح مسلم,1876e,وَحَدَّثَنَا مُحَمَّدُ بْنُ رَافِعٍ، حَدَّثَنَا عَبْدُ الرَّزَّاقِ، حَدَّثَنَا مَعْمَرٌ، عَنْ هَمَّامِ بْنِ مُنَبِّهٍ قَالَ: هَذَا مَا حَدَّثَنَا أَبُو هُرَيْرَةَ، عَنْ رَسُولِ اللهِ ﷺ. فَذَكَرَ أَحَادِيثَ مِنْهَا: وَقَالَ رَسُولُ اللهِ ﷺ: كُلُّ كَلْمٍ يُكْلَمُهُ الْمُسْلِمُ فِي سَبِيلِ اللهِ، ثُمَّ تَكُونُ يَوْمَ الْقِيَامَةِ كَهَيْئَتِهَا إِذَا طُعِنَتْ تَفَجَّرُ دَمًا اللَّوْنُ لَوْنُ دَمٍ، وَالْعَرْفُ عَرْفُ الْمِسْكِ. وَقَالَ رَسُولُ اللهِ ﷺ: وَالَّذِي نَفْسُ مُحَمَّدٍ فِي يَدِهِ، لَوْلَا أَنْ أَشُقَّ عَلَى الْمُؤْمِنِينَ، مَا قَعَدْتُ خَلْفَ سَرِيَّةٍ تَغْزُو فِي سَبِيلِ اللهِ، وَلَكِنْ لَا أَجِدُ سَعَةً فَأَحْمِلَهُمْ، وَلَا يَجِدُونَ سَعَةً فَيَتْبَعُونِي، وَلَا تَطِيبُ أَنْفُسُهُمْ أَنْ يَقْعُدُوا بَعْدِي.,އަބޫ ހުރައިރާ ރިވާ ކުރެއްވިއެވެ: ރަސޫލު ﷲ ﷺ ޙަދީޘް ކުރެއްވިއެވެ: ”ﷲގެ މަގުގައި (ޖިހާދު ކުރުމުގައި) މުސްލިމަކަށް ލިބޭ ކޮންމެ ޒަހަމެއް، ގިޔާމަތް ދުވަހު އެ ޒަހަމު ލިބުނު ގޮތަކަށް ހުންނާނެވެ. އޭގެން ލޭ އޮހޮރި ހުންނާނެއެވެ. އޭގެ ކުލައަކީ ހަމަ ލޭގެ ކުލައެވެ. އެހެނަސް އޭގެ ވަހަކީ ގޮމަކަސްތޫރި ވަހެވެ.“ އަދިވެސް ރަސޫލު ﷲ ﷺ ޙަދީޘް ކުރެއްވިއެވެ: ”އަދި މުޙައްމަދުގެފާނުގެ ނަފްސުފުޅު އެ ފަރާތެއްގެ އަތްޕުޅުގައިވާ އިލާހު ގަންދީ ބުނަމެވެ. މުއުމިނުންނަށް ދަތިކަމަކަށް ނުވާ ނަމަ، ﷲގެ މަގުގައި ހަނގުރާމައަށް ނުކުންނަ އެއްވެސް ލަޝްކަރެއްގެ ފަހަތުން ނުގޮސް (ރަށުގައި) ތިމަން ނަބިއްޔާ ނީންނެވީމުހެވެ. އެހެނެއްކަމަކު އެބައިމީހުން ގެންދިޔުމުގެ ސަވާރީ ހޯދުމަށް ތިމަން ނަބިއްޔާގެ ތަނަވަސްކަމެއް ނެތެވެ. އަދި (ހަނގުރާމައަށް ނުކުންނަ ހިނދު) ތިމަން ނަބިއްޔާގެ ފަހަތުގައި މަޑުކުރުމަށް އެބައިމީހުން ނުރުހެއެވެ.“,b36
صحيح مسلم,1876f,وَحَدَّثَنَا ابْنُ أَبِي عُمَرَ، حَدَّثَنَا سُفْيَانُ، عَنْ أَبِي الزِّنَادِ، عَنِ الْأَعْرَجِ، عَنْ أَبِي هُرَيْرَةَ قَالَ: سَمِعْتُ رَسُولَ اللهِ ﷺ يَقُولُ: لَوْلَا أَنْ أَشُقَّ عَلَى الْمُؤْمِنِينَ، مَا قَعَدْتُ خِلَافَ سَرِيَّةٍ. بِمِثْلِ حَدِيثِهِمْ، وَبِهَذَا الْإِسْنَادِ: وَالَّذِي نَفْسِي بِيَدِهِ، لَوَدِدْتُ أَنِّي أُقْتَلُ فِي سَبِيلِ اللهِ ثُمَّ أُحْيَا. بِمِثْلِ حَدِيثِ أَبِي زُرْعَةَ، عَنْ أَبِي هُرَيْرَةَ.,އަބޫ ހުރައިރާ ރިވާ ކުރެއްވިއެވެ: ރަސޫލު ﷲ ﷺ ޙަދީޘް ކުރައްވަނިކޮށް ތިމަން އަޑު އެހީމެވެ: ”މުއުމިނުންނަށް ދަތިކަމަކަށް ނުވާ ނަމަ، (ﷲގެ މަގުގައި ހަނގުރާމައަށް ނުކުންނަ) އެއްވެސް ލަޝްކަރެއްގެ ފަހަތުން ނުގޮސް (ރަށުގައި) ތިމަން ނަބިއްޔާ ނީންނެވީމުހެވެ.“ ދެން ކުރީގެ ޙަދީޘާ އެއްފަދައިން ރިވާވެގެން އައެވެ. އަދި މި ރިވާޔަތުގައި ވަނީ މިފަދައިންނެވެ: ”ތިމަން ނަބިއްޔާގެ ނަފްސުފުޅު އެ ފަރާތެއްގެ އަތްޕުޅުގައިވާ އިލާހު ގަންދީ ބުނަމެވެ. ހަމަކަށަވަރުން ﷲގެ މަގުގައި ގަތުލުވުމަށް ފަހު އަލުން ދިރުއްވުމަށް ތިމަން ނަބިއްޔާ ލޯބި ކުރައްވަމެވެ.“,b36
صحيح مسلم,1876g,وَحَدَّثَنَا مُحَمَّدُ بْنُ الْمُثَنَّى، حَدَّثَنَا عَبْدُ الْوَهَّابِ يَعْنِي الثَّقَفِيَّ. (ح) وَحَدَّثَنَا أَبُو بَكْرِ بْنُ أَبِي شَيْبَةَ، حَدَّثَنَا أَبُو مُعَاوِيَةَ. (ح) وَحَدَّثَنَا ابْنُ أَبِي عُمَرَ، حَدَّثَنَا مَرْوَانُ بْنُ مُعَاوِيَةَ، كُلُّهُمْ عَنْ يَحْيَى بْنِ سَعِيدٍ، عَنْ أَبِي صَالِحٍ، عَنْ أَبِي هُرَيْرَةَ قَالَ: قَالَ رَسُولُ اللهِ ﷺ: لَوْلَا أَنْ أَشُقَّ عَلَى أُمَّتِي، لَأَحْبَبْتُ أَنْ لَا أَتَخَلَّفَ خَلْفَ سَرِيَّةٍ. نَحْوَ حَدِيثِهِمْ.,އަބޫ ހުރައިރާ ރިވާ ކުރެއްވިއެވެ: ރަސޫލު ﷲ ﷺ ޙަދީޘް ކުރެއްވިއެވެ: ”ތިމަން ނަބިއްޔާގެ އުއްމަތަށް ދަތިކަމަކަށް ނުވާ ނަމަ، (ﷲގެ މަގުގައި ހަނގުރާމައަށް ނުކުންނަ) އެއްވެސް ލަޝްކަރެއްގެ ފަހަތުން ނުގޮސް (ރަށުގައި) ތިމަން ނަބިއްޔާ ނީންނެވުމަށް ލޯބި ކުރެއްވީމުހެވެ.“,b36
صحيح مسلم,1876h,حَدَّثَنِي زُهَيْرُ بْنُ حَرْبٍ، حَدَّثَنَا جَرِيرٌ، عَنْ سُهَيْلٍ، عَنْ أَبِيهِ، عَنْ أَبِي هُرَيْرَةَ قَالَ: قَالَ رَسُولُ اللهِ ﷺ: تَضَمَّنَ اللهُ لِمَنْ خَرَجَ فِي سَبِيلِهِ. إِلَى قَوْلِهِ: مَا تَخَلَّفْتُ خِلَافَ سَرِيَّةٍ تَغْزُو فِي سَبِيلِ اللهِ تَعَالَى.,އަބޫ ހުރައިރާ ރިވާ ކުރެއްވިއެވެ: ރަސޫލު ﷲ ﷺ ޙަދީޘް ކުރެއްވިއެވެ: ”ﷲގެ މަގުގައި (ޖިހާދަށް) ނުކުންނަ މީހަކަށް ﷲ ވަނީ ކަށަވަރުކޮށް ދެއްވާފައެވެ.“ މި ރިވާޔަތް ނިމެނީ މިފަދައިންނެވެ: ”ﷲ ތަޢާލާގެ މަގުގައި ހަނގުރާމައަށް ނުކުންނަ އެއްވެސް ލަޝްކަރެއްގެ ފަހަތުން ނުގޮސް (ރަށުގައި) ތިމަން ނަބިއްޔާ ނީންނެވީމުހެވެ.“,b36
صحيح مسلم,1878a,حَدَّثَنَا سَعِيدُ بْنُ مَنْصُورٍ، حَدَّثَنَا خَالِدُ بْنُ عَبْدِ اللهِ الْوَاسِطِيُّ، عَنْ سُهَيْلِ بْنِ أَبِي صَالِحٍ، عَنْ أَبِيهِ، عَنْ أَبِي هُرَيْرَةَ قَالَ: قِيلَ لِلنَّبِيِّ ﷺ: مَا يَعْدِلُ الْجِهَادَ فِي سَبِيلِ اللهِ عَزَّ وَجَلَّ؟ قَالَ: لَا تَسْتَطِيعُونَهُ. قَالَ: فَأَعَادُوا عَلَيْهِ مَرَّتَيْنِ أَوْ ثَلَاثًا، كُلُّ ذَلِكَ يَقُولُ: لَا تَسْتَطِيعُونَهُ. وَقَالَ فِي الثَّالِثَةِ: مَثَلُ الْمُجَاهِدِ فِي سَبِيلِ اللهِ كَمَثَلِ الصَّائِمِ الْقَائِمِ الْقَانِتِ بِآيَاتِ اللهِ، لَا يَفْتُرُ مِنْ صِيَامٍ وَلَا صَلَاةٍ، حَتَّى يَرْجِعَ الْمُجَاهِدُ فِي سَبِيلِ اللهِ تَعَالَى.,އަބޫ ހުރައިރާ ރިވާ ކުރެއްވިއެވެ: ނަބިއްޔާ ﷺ އަށް ދެންނެވުނެވެ: (ސަވާބުގެ ގޮތުން) ﷲ ޢައްޒަ ވަޖައްލަގެ މަގުގައި ޖިހާދު ކުރުމާ އެއްވަރުގެ އަމަލެއް ތިމަންނައަށް ދައްކަވާށެވެ. ނަބިއްޔާ ޙަދީޘް ކުރެއްވިއެވެ: ”ތިޔަބައިމީހުންނަކަށް އެ ކަމެއް ކުޅަދާނަވެގެން ނުވެއެވެ.“ ދެން އެބައިމީހުން އެފަދައިން ދެތިން ފަހަރަކު ތަކުރާރުކޮށް ނަބިއްޔާ ގާތު އެހިއެވެ. ކޮންމެ ފަހަރަކުވެސް ނަބިއްޔާ ޙަދީޘް ކުރެއްވިއެވެ: ”ތިޔަބައިމީހުންނަކަށް އެ ކަމެއް ކުޅަދާނަވެގެން ނުވެއެވެ.“ އަދި ތިން ވަނަ ފަހަރުގައި ނަބިއްޔާ ޙަދީޘް ކުރެއްވިއެވެ: ”ﷲގެ މަގުގައި ޖިހާދު ކުރާ މީހާގެ މިސާލަކީ، އެ މުޖާހިދު އެނބުރި އަތުވެއްޖައުމަށް ދާންދެން ހުއްޓާނުލައި ރޯދަހިފާ، ﷲގެ އާޔަތްތަކަށް ކިޔަމަންތެރިވެ، ނަމާދުކޮށް އުޅޭ މީހާގެ މިސާލެވެ.“,b36
صحيح مسلم,1878b,حَدَّثَنَا قُتَيْبَةُ بْنُ سَعِيدٍ، حَدَّثَنَا أَبُو عَوَانَةَ. (ح) وَحَدَّثَنِي زُهَيْرُ بْنُ حَرْبٍ، حَدَّثَنَا جَرِيرٌ. (ح) وَحَدَّثَنَا أَبُو بَكْرِ بْنُ أَبِي شَيْبَةَ، حَدَّثَنَا أَبُو مُعَاوِيَةَ، كُلُّهُمْ عَنْ سُهَيْلٍ بِهَذَا الْإِسْنَادِ نَحْوَهُ.,ކުރީގެ ޙަދީޘާ އެއްގޮތަކަށް ރިވާވެފައިވެއެވެ.,b36
صحيح مسلم,193a,حَدَّثَنَا أَبُو كَامِلٍ فُضَيْلُ بْنُ حُسَيْنٍ الْجَحْدَرِيُّ، وَمُحَمَّدُ بْنُ عُبَيْدٍ الْغُبَرِيُّ، وَاللَّفْظُ لِأَبِي كَامِلٍ، قَالَا: حَدَّثَنَا أَبُو عَوَانَةَ، عَنْ قَتَادَةَ، عَنْ أَنَسِ بْنِ مَالِكٍ قَالَ: قَالَ رَسُولُ اللهِ ﷺ: يَجْمَعُ اللهُ النَّاسَ يَوْمَ الْقِيَامَةِ فَيَهْتَمُّونَ لِذَلِكَ - وَقَالَ ابْنُ عُبَيْدٍ: فَيُلْهَمُونَ لِذَلِكَ - فَيَقُولُونَ: لَوِ اسْتَشْفَعْنَا عَلَى رَبِّنَا حَتَّى يُرِيحَنَا مِنْ مَكَانِنَا هَذَا. قَالَ: فَيَأْتُونَ آدَمَ ﷺ فَيَقُولُونَ: أَنْتَ آدَمُ أَبُو الْخَلْقِ، خَلَقَكَ اللهُ بِيَدِهِ وَنَفَخَ فِيكَ مِنْ رُوحِهِ، وَأَمَرَ الْمَلَائِكَةَ فَسَجَدُوا لَكَ، اشْفَعْ لَنَا عِنْدَ رَبِّكَ حَتَّى يُرِيحَنَا مِنْ مَكَانِنَا هَذَا، فَيَقُولُ: لَسْتُ هُنَاكُمْ، فَيَذْكُرُ خَطِيئَتَهُ الَّتِي أَصَابَ فَيَسْتَحْيِي رَبَّهُ مِنْهَا، وَلَكِنِ ائْتُوا نُوحًا أَوَّلَ رَسُولٍ بَعَثَهُ اللهُ، قَالَ: فَيَأْتُونَ نُوحًا ﷺ فَيَقُولُ: لَسْتُ هُنَاكُمْ، فَيَذْكُرُ خَطِيئَتَهُ الَّتِي أَصَابَ، فَيَسْتَحْيِي رَبَّهُ مِنْهَا، وَلَكِنِ ائْتُوا إِبْرَاهِيمَ ﷺ الَّذِي اتَّخَذَهُ اللهُ خَلِيلًا، فَيَأْتُونَ إِبْرَاهِيمَ ﷺ فَيَقُولُ: لَسْتُ هُنَاكُمْ، وَيَذْكُرُ خَطِيئَتَهُ الَّتِي أَصَابَ فَيَسْتَحْيِي رَبَّهُ مِنْهَا، وَلَكِنِ ائْتُوا مُوسَى ﷺ الَّذِي كَلَّمَهُ اللهُ وَأَعْطَاهُ التَّوْرَاةَ، قَالَ: فَيَأْتُونَ مُوسَى عَلَيْهِ السَّلَامُ، فَيَقُولُ: لَسْتُ هُنَاكُمْ، وَيَذْكُرُ خَطِيئَتَهُ الَّتِي أَصَابَ فَيَسْتَحْيِي رَبَّهُ مِنْهَا، وَلَكِنِ ائْتُوا عِيسَى رُوحَ اللهِ وَكَلِمَتَهُ، فَيَأْتُونَ عِيسَى رُوحَ اللهِ وَكَلِمَتَهُ، فَيَقُولُ: لَسْتُ هُنَاكُمْ، وَلَكِنِ ائْتُوا مُحَمَّدًا ﷺ عَبْدًا قَدْ غُفِرَ لَهُ مَا تَقَدَّمَ مِنْ ذَنْبِهِ وَمَا تَأَخَّرَ، قَالَ: قَالَ رَسُولُ اللهِ ﷺ: فَيَأْتُونِي فَأَسْتَأْذِنُ عَلَى رَبِّي، فَيُؤْذَنُ لِي فَإِذَا أَنَا رَأَيْتُهُ وَقَعْتُ سَاجِدًا، فَيَدَعُنِي مَا شَاءَ اللهُ، فَيُقَالُ: يَا مُحَمَّدُ، ارْفَعْ رَأْسَكَ، قُلْ تُسْمَعْ، سَلْ تُعْطَهْ، اشْفَعْ تُشَفَّعْ، فَأَرْفَعُ رَأْسِي فَأَحْمَدُ رَبِّي بِتَحْمِيدٍ يُعَلِّمُنِيهِ رَبِّي، ثُمَّ أَشْفَعُ فَيَحُدُّ لِي حَدًّا، فَأُخْرِجُهُمْ مِنَ النَّارِ وَأُدْخِلُهُمُ الْجَنَّةَ، ثُمَّ أَعُودُ فَأَقَعُ سَاجِدًا فَيَدَعُنِي مَا شَاءَ اللهُ أَنْ يَدَعَنِي، ثُمَّ يُقَالُ: ارْفَعْ يَا مُحَمَّدُ، قُلْ تُسْمَعْ، سَلْ تُعْطَهْ، اشْفَعْ تُشَفَّعْ، فَأَرْفَعُ رَأْسِي فَأَحْمَدُ رَبِّي بِتَحْمِيدٍ يُعَلِّمُنِيهِ، ثُمَّ أَشْفَعُ، فَيَحُدُّ لِي حَدًّا فَأُخْرِجُهُمْ مِنَ النَّارِ وَأُدْخِلُهُمُ الْجَنَّةَ، قَالَ: فَلَا أَدْرِي فِي الثَّالِثَةِ، أَوْ فِي الرَّابِعَةِ قَالَ: فَأَقُولُ: يَا رَبِّ، مَا بَقِيَ فِي النَّارِ إِلَّا مَنْ حَبَسَهُ الْقُرْآنُ أَيْ وَجَبَ عَلَيْهِ الْخُلُودُ، قَالَ ابْنُ عُبَيْدٍ فِي رِوَايَتِهِ: قَالَ قَتَادَةُ: أَيْ وَجَبَ عَلَيْهِ الْخُلُودُ.,އަނަސް ބިން މާލިކު ރިވާ ކުރެއްވިއެވެ: ރަސޫލު ﷲ ﷺ ޙަދީޘް ކުރެއްވިއެވެ: ”ގިޔާމަތް ދުވަހު ﷲ މީސްތަކުން އެއްކުރައްވާނެއެވެ. ދެން އޭގެ ސަބަބުން އެބައިމީހުން ކަންބޮޑުވެގެން ގޮސް ދަންނަވާނެއެވެ: މި ތަނުން ސަލާމަތް ކޮށްދެއްވުމަށް އެދި ތިމަންގެ ރައްބުގެ ހަޒްރަތުގައި ޝަފާޢަތްތެރިވުމަށް މީހަކު ގާތު ދަންނަވަމާތޯއެވެ. ދެން އާދަމު ﷺ އަރިހަށް އައިސް ދަންނަވާނެއެވެ: ތިބާއީ އާދަމުގެފާނެވެ. އިންސާނުންގެ ބައްޕާފުޅެވެ. ﷲ ތިބާ އުފެއްދެވީ އެ އިލާހުގެ އަތްޕުޅުންނެވެ. އަދި އެ އިލާހުގެ (ތިބާއަށް ޓަކައި އުފެއްދެވި) ފުރާނައެއް އެޅުއްވުމަށް ތިބާއަށް ފުމެލެއްވިއެވެ. އަދި އެ އިލާހު އަމުރުފުޅު ކުރެއްވުމުން މަލާއިކަތުން ތިބާއަށް ސަޖިދަ ކުރިއެވެ. ވީމާ ތިމަންމެން މި ތަނުން ސަލާމަތް ކޮށްދެއްވުމަށް އެދި ތިބާގެ ރައްބުގެ ހަޒްރަތުގައި ޝަފާޢަތްތެރިވާށެވެ. ދެން އާދަމުގެފާނު ދަންނަވާނެއެވެ: ތިމަން ކަލޭގެފާނީ ތިކަމަށް އެކަށީގެންވާ ބޭކަލެއް ނޫނެކީމެވެ. އަދި އެކަލޭގެފާނަށް ކުރެވުނު ކުށް ހަނދުމަ ކުރައްވާފައި، އެކަމުގެ ސަބަބުން އެކަލޭގެފާނުގެ ރައްބުގެ ހަޒްރަތުގައި ލަދުފުޅު ގަންނަވާނެއެވެ. އަދި ދަންނަވާނެއެވެ: އެހެނެއްކަމަކު ނޫޙުގެފާނު އަރިހަށް ދާށެވެ. އެކަލޭގެފާނީ ﷲ ފޮނުއްވި އެންމެ ފުރަތަމަ ރަސޫލާއެވެ. ދެން އެބައިމީހުން ނޫޙު ﷺ އަރިހަށް ދިޔުމުން އެކަލޭގެފާނު ދަންނަވާނެއެވެ: ތިމަން ކަލޭގެފާނީ ތިކަމަށް އެކަށީގެންވާ ބޭކަލެއް ނޫނެކީމެވެ. އަދި އެކަލޭގެފާނަށް ކުރެވުނު ކުށް ހަނދުމަ ކުރައްވާފައި، އެކަމުގެ ސަބަބުން އެކަލޭގެފާނުގެ ރައްބުގެ ހަޒްރަތުގައި ލަދުފުޅު ގަންނަވާނެއެވެ. އަދި ދަންނަވާނެއެވެ: ދަންނަވާނެއެވެ: އިބްރާހީމް ﷺ އަރިހަށް ދާށެވެ. ﷲ އެކަލޭގެފާނު ޚަލީލެއް ގޮތުގައި ނެންނެގިވެއެވެ. ދެން އެބައިމީހުން އިބްރާހީމް ﷺ އަރިހަށް ދިޔުމުން އެކަލޭގެފާނު ދަންނަވާނެއެވެ: ތިމަން ކަލޭގެފާނީ ތިކަމަށް އެކަށީގެންވާ ބޭކަލެއް ނޫނެކީމެވެ. އަދި އެކަލޭގެފާނަށް ކުރެވުނު ކުށް ހަނދުމަ ކުރައްވާފައި، އެކަމުގެ ސަބަބުން އެކަލޭގެފާނުގެ ރައްބުގެ ހަޒްރަތުގައި ލަދުފުޅު ގަންނަވާނެއެވެ. އަދި ދަންނަވާނެއެވެ: އެހެނެއްކަމަކު މޫސާ ﷺ އަރިހަށް ދާށެވެ. ﷲ އެކަލޭގެފާނަށް (މެދުވެރިއެއް ނެތި) ބަސް ވަހީ ކުރައްވައި، ތައުރާތު ދެއްވިއެވެ. ދެން އެބައިމީހުން މޫސާ ﷺ އަރިހަށް ދިޔުމުން އެކަލޭގެފާނު ދަންނަވާނެއެވެ: ތިމަން ކަލޭގެފާނީ ތިކަމަށް އެކަށީގެންވާ ބޭކަލެއް ނޫނެކީމެވެ. އަދި އެކަލޭގެފާނަށް ކުރެވުނު ކުށް ހަނދުމަ ކުރައްވާފައި، އެކަމުގެ ސަބަބުން އެކަލޭގެފާނުގެ ރައްބުގެ ހަޒްރަތުގައި ލަދުފުޅު ގަންނަވާނެއެވެ. އަދި ދަންނަވާނެއެވެ: އެހެނެއްކަމަކު ޢީސާގެފާނު އަރިހަށް ދާށެވެ. އެކަލޭގެފާނީ ﷲގެ (ލެއްވި) ފުރާނަފުޅަކާއި، (ވުޖޫދުވެވަޑައިގަތުމަށް ވަހީ ކުރެއްވި) ކަލިމަފުޅެކެވެ. ދެން ﷲގެ (ލެއްވި) ފުރާނަފުޅަކާއި، (ވުޖޫދުވެވަޑައިގަތުމަށް ވަހީ ކުރެއްވި) ކަލިމަފުޅު ޢީސާގެފާނު އަރިހަށް އެބައިމީހުން ދިޔުމުން އެކަލޭގެފާނު ދަންނަވާނެއެވެ: ތިމަން ކަލޭގެފާނީ ތިކަމަށް އެކަށީގެންވާ ބޭކަލެއް ނޫނެކީމެވެ. އެހެނެއްކަމަކު މުޙައްމަދު ﷺ އަރިހަށް ދާށެވެ. ހަމަކަށަވަރުން އެކަލޭގެފާނުގެ އިސްވެދިޔަ ފާފަތަކާއި، ފަހުން އަންނާނެ ފާފަތައް ވަނީ ފުއްސެވިފައެވެ. ދެން އެބައިމީހުން ތިމަން ނަބިއްޔާގެ އަރިހަށް އަންނާނެއެވެ. އަދި ތިމަން ނަބިއްޔާގެ ރައްބުގެ ހަޒްރަތުގައި ހުއްދައަށް އެދުމުން، ތިމަން ނަބިއްޔާއަށް ހުއްދަ ދެވޭނެއެވެ. އަދި އެ އިލާހު ފެނިވަޑައިގަތުމުން ތިމަން ނަބިއްޔާ ސަޖިދައަށް ވެއްޓިވަޑައިގަންނަވާނަމެވެ. އަދި ﷲ އިރާދަފުޅު ކުރެއްވިހައި ހިނދަކު ތިމަން ނަބިއްޔާ އެ ގޮތް މަތީ ހުންނަވަން އެ އިލާހު ދޫކުރައްވާނެއެވެ. އެއަށްފަހު ވަހީ ކުރައްވާނެއެވެ: އޭ މުޙައްމަދުގެފާނެވެ. އިސްތަށިފުޅު އުފުއްލަވާށެވެ. އަދި ވިދާޅުވާށެވެ. އިބަ ނަބިއްޔާގެ ބަސްފުޅު އެހޭނެއެވެ. އަދި އެދިލައްވާށެވެ. އިބަ ނަބިއްޔާއަށް އެ ކަމެއް ދެވޭނެއެވެ. އަދި ޝަފާޢަތްތެރިވާށެވެ. އިބަ ނަބިއްޔާގެ ޝަފާޢަތް ގަބޫލު ކުރެއްވޭނެއެވެ. ދެން ތިމަން ނަބިއްޔާގެ އިސްތަށިފުޅު އުފުއްލަވާނަމެވެ. އަދި ތިމަން ނަބިއްޔާގެ ރައްބު އުނގަންނަވައި ދެއްވައި ޙަމްދަކުން ތިމަން ނަބިއްޔާގެ ރައްބަށް ޙަމްދު ކުރައްވާނަމެވެ. އެއަށްފަހު ތިމަން ނަބިއްޔާ ޝަފާޢަތްތެރިވެ، (ވަކިވަރަކަށް) ތިމަން ނަބިއްޔާއަށް ހައްދެއް ކަނޑައެޅުއްވޭނެއެވެ. އަދި ތިމަން ނަބިއްޔާ އެ ބަޔަކު ނަރަކައިން ނެރުއްވާ ސުވަރުގެއަށް ވައްދަވާނަމެވެ. އެއަށްފަހު އެނބުރި ވަޑައިގެން އަނެއްކާވެސް ތިމަން ނަބިއްޔާ ސަޖިދައަށް ވެއްޓިވަޑައިގަންނަވާނަމެވެ. އަދި ﷲ އިރާދަފުޅު ކުރެއްވިހައި ހިނދަކު ތިމަން ނަބިއްޔާ އެ ގޮތް މަތީ ހުންނަވަން އެ އިލާހު ދޫކުރައްވާނެއެވެ. އެއަށްފަހު ވަހީ ކުރައްވާނެއެވެ: އޭ މުޙައްމަދުގެފާނެވެ. އިސްތަށިފުޅު އުފުއްލަވާށެވެ. އަދި ވިދާޅުވާށެވެ. އިބަ ނަބިއްޔާގެ ބަސްފުޅު އެހޭނެއެވެ. އަދި އެދިލައްވާށެވެ. އިބަ ނަބިއްޔާއަށް އެ ކަމެއް ދެވޭނެއެވެ. އަދި ޝަފާޢަތްތެރިވާށެވެ. އިބަ ނަބިއްޔާގެ ޝަފާޢަތް ގަބޫލު ކުރެއްވޭނެއެވެ. ދެން ތިމަން ނަބިއްޔާގެ އިސްތަށިފުޅު އުފުއްލަވާނަމެވެ. އަދި ތިމަން ނަބިއްޔާގެ ރައްބު އުނގަންނަވައި ދެއްވައި ޙަމްދަކުން ތިމަން ނަބިއްޔާގެ ރައްބަށް ޙަމްދު ކުރައްވާނަމެވެ. އެއަށްފަހު ތިމަން ނަބިއްޔާ ޝަފާޢަތްތެރިވެ، (ވަކިވަރަކަށް) ތިމަން ނަބިއްޔާއަށް ހައްދެއް ކަނޑައެޅުއްވޭނެއެވެ. އަދި ތިމަން ނަބިއްޔާ އެ ބަޔަކު ނަރަކައިން ނެރުއްވާ ސުވަރުގެއަށް ވައްދަވާނަމެވެ.“ ރާވީ ދެންނެވިއެވެ: ދެން ތިންވަނަ ނޫނީ ހަތަރުވަނަ ފަހަރަކު ކަމެއް ތިމަންނައަކަށް ނޭންގެއެވެ. ނަބިއްޔާ ޙަދީޘް ކުރެއްވިއެވެ: ތިމަން ނަބިއްޔާ ދަންނަވާނަމެވެ: ”އޭ އަޅުގެ ރައްބެވެ. ގުރްއާން ބަންދު ކުރި ބަޔަކު ފިޔަވައި ބާކީ އެކަކުވެސް ނުވެއެވެ.“ (ގަތާދާ ދެންނެވިއެވެ:) އެބަހީ ނަރަކައިގައި އަބަދުމެ ދެމިތިބުން ވާޖިބު (ކަމަށް އެ ފޮތުގައި ޚަބަދު ދެވިފައިވާ ބަޔަކު ފިޔަވައެވެ.),b44
صحيح مسلم,193b,وَحَدَّثَنَا مُحَمَّدُ بْنُ الْمُثَنَّى، وَمُحَمَّدُ بْنُ بَشَّارٍ قَالَا: حَدَّثَنَا ابْنُ أَبِي عَدِيٍّ، عَنْ سَعِيدٍ، عَنْ قَتَادَةَ، عَنْ أَنَسٍ قَالَ: قَالَ رَسُولُ اللهِ ﷺ: يَجْتَمِعُ الْمُؤْمِنُونَ يَوْمَ الْقِيَامَةِ فَيَهْتَمُّونَ بِذَلِكَ - أَوْ يُلْهَمُونَ ذَلِكَ - بِمِثْلِ حَدِيثِ أَبِي عَوَانَةَ. وَقَالَ فِي الْحَدِيثِ: ثُمَّ آتِيهِ الرَّابِعَةَ - أَوْ أَعُودُ الرَّابِعَةَ -، فَأَقُولُ: يَا رَبِّ، مَا بَقِيَ إِلَّا مَنْ حَبَسَهُ الْقُرْآنُ,އަނަސް ރިވާ ކުރެއްވިއެވެ: ރަސޫލު ﷲ ﷺ ޙަދީޘް ކުރެއްވިއެވެ: ”ގިޔާމަތް ދުވަހު މީސްތަކުން އެއްވެގަންނާނެއެވެ. ދެން އޭގެ ސަބަބުން އެބައިމީހުން ކަންބޮޑުވެގެންދާނެވެ.“ ދެން ކުރީގެ ޙަދީޘާ އެއްފަދައިން ރިވާވިއެވެ. އަދި މި ޙަދީޘްގައި ވަނީ މިފަދައިންނެވެ: ”ދެން ހަތަރުވަނަ ފަހަރު އެ އިލާހުގެ ހަޒްރަތަށް އެނބުރި ވަޑައިގެން ތިމަން ނަބިއްޔާ ދަންނަވާނަމެވެ: އޭ އަޅުގެ ރައްބެވެ. ގުރްއާން ބަންދު ކުރި ބަޔަކު ފިޔަވައި ބާކީ އެކަކުވެސް ނުވެއެވެ.“ (އެބަހީ ނަރަކައިގައި އަބަދުމެ ދެމިތިބުން ވާޖިބުކަމަށް އެ ފޮތުގައި ޚަބަދު ދެވިފައިވާ ބަޔަކު ފިޔަވައެވެ.),b44
صحيح مسلم,193c,حَدَّثَنَا مُحَمَّدُ بْنُ الْمُثَنَّى، حَدَّثَنَا مُعَاذُ بْنُ هِشَامٍ قَالَ: حَدَّثَنِي أَبِي، عَنْ قَتَادَةَ، عَنْ أَنَسِ بْنِ مَالِكٍ أَنَّ نَبِيَّ اللهِ ﷺ قَالَ: يَجْمَعُ اللهُ الْمُؤْمِنِينَ يَوْمَ الْقِيَامَةِ فَيُلْهَمُونَ لِذَلِكَ، بِمِثْلِ حَدِيثِهِمَا، وَذَكَرَ فِي الرَّابِعَةِ: فَأَقُولُ: يَا رَبِّ، مَا بَقِيَ فِي النَّارِ إِلَّا مَنْ حَبَسَهُ الْقُرْآنُ، أَيْ: وَجَبَ عَلَيْهِ الْخُلُودُ.,އަނަސް ބިން މާލިކު ރިވާ ކުރެއްވިއެވެ: ނަބިއްޔާ ﷲ ﷺ ޙަދީޘް ކުރެއްވިއެވެ: ”ގިޔާމަތް ދުވަހު ﷲ މީސްތަކުން އެއްކުރައްވާނެއެވެ. ދެން އޭގެ ސަބަބުން އެބައިމީހުން ކަންބޮޑުވެގެންދާނެވެ.“ ދެން ކުރީގެ ޙަދީޘާ އެއްފަދައިން ރިވާވިއެވެ. އަދި ހަތަރުވަނަ ފަހަރުގައި ރިވާވެގެން ވެއެވެ: ތިމަން ނަބިއްޔާ ޙަދީޘް ކުރައްވާނަމެވެ: ”ދެން ހަތަރުވަނަ ފަހަރު އެ އިލާހުގެ ހަޒްރަތަށް އެނބުރި ވަޑައިގެން ދަންނަވާނަމެވެ: އޭ އަޅުގެ ރައްބެވެ. ގުރްއާން ބަންދު ކުރި ބަޔަކު ފިޔަވައި ބާކީ އެކަކުވެސް ނުވެއެވެ.“ އެބަހީ: ނަރަކައިގައި އަބަދުމެ ދެމިތިބުން ވާޖިބުކަމަށް އެ ފޮތުގައި ޚަބަދު ދެވިފައިވާ ބަޔަކު ފިޔަވައެވެ.,b44
صحيح مسلم,193d,وَحَدَّثَنَا مُحَمَّدُ بْنُ مِنْهَالٍ الضَّرِيرُ، حَدَّثَنَا يَزِيدُ بْنُ زُرَيْعٍ، حَدَّثَنَا سَعِيدُ بْنُ أَبِي عَرُوبَةَ، وَهِشَامٌ صَاحِبُ الدَّسْتُوَائِيِّ، عَنْ قَتَادَةَ، عَنْ أَنَسِ بْنِ مَالِكٍ قَالَ: قَالَ رَسُولُ اللهِ ﷺ. (ح) وَحَدَّثَنِي أَبُو غَسَّانَ الْمِسْمَعِيُّ، وَمُحَمَّدُ بْنُ الْمُثَنَّى قَالَا: حَدَّثَنَا مُعَاذٌ، وَهُوَ ابْنُ هِشَامٍ، قَالَ: حَدَّثَنِي أَبِي، عَنْ قَتَادَةَ، حَدَّثَنَا أَنَسُ بْنُ مَالِكٍ أَنَّ النَّبِيَّ ﷺ قَالَ: يَخْرُجُ مِنَ النَّارِ مَنْ قَالَ: لَا إِلَهَ إِلَّا اللهُ، وَكَانَ فِي قَلْبِهِ مِنَ الْخَيْرِ مَا يَزِنُ شَعِيرَةً، ثُمَّ يَخْرُجُ مِنَ النَّارِ مَنْ قَالَ: لَا إِلَهَ إِلَّا اللهُ، وَكَانَ فِي قَلْبِهِ مِنَ الْخَيْرِ مَا يَزِنُ بُرَّةً، ثُمَّ يَخْرُجُ مِنَ النَّارِ مَنْ قَالَ: لَا إِلَهَ إِلَّا اللهُ، وَكَانَ فِي قَلْبِهِ مِنَ الْخَيْرِ مَا يَزِنُ ذَرَّةً. زَادَ ابْنُ مِنْهَالٍ فِي رِوَايَتِهِ: قَالَ يَزِيدُ: فَلَقِيتُ شُعْبَةَ فَحَدَّثْتُهُ بِالْحَدِيثِ، فَقَالَ شُعْبَةُ: حَدَّثَنَا بِهِ قَتَادَةُ، عَنْ أَنَسِ بْنِ مَالِكٍ، عَنِ النَّبِيِّ ﷺ بِالْحَدِيثِ، إِلَّا أَنَّ شُعْبَةَ جَعَلَ مَكَانَ الذَّرَّةِ: ذُرَةً. قَالَ يَزِيدُ: صَحَّفَ فِيهَا أَبُو بِسْطَامَ.,އަނަސް ބިން މާލިކު ރިވާ ކުރެއްވިއެވެ: ނަބިއްޔާ ﷺ ޙަދީޘް ކުރެއްވިއެވެ: ”لا إله إلا الله ކިޔައި، އެ މީހެއްގެ ހިތުގައި ހިމަގޮދަން އޮށްޓަރެއްގެ މިންވަރަށް ހެޔޮކަން (އެބަހީ: އީމާންކަން) ހުރެއްޖެ މީހަކު ނަރަކައިން ނުކުންނާނެއެވެ. އެއަށްފަހު لا إله إلا الله ކިޔައި، އެ މީހެއްގެ ހިތުގައި ގޮދަން އޮށްޓަރެއްގެ މިންވަރަށް ހެޔޮކަން ހުރެއްޖެ މީހަކު ނަރަކައިން ނުކުންނާނެއެވެ. އެއަށްފަހު لا إله إلا الله ކިޔައި، އެ މީހެއްގެ ހިތުގައި ޛައްރެގެ މިންވަރަށް ހެޔޮކަން ހުރެއްޖެ މީހަކު ނަރަކައިން ނުކުންނާނެއެވެ.“,b44
صحيح مسلم,193e,حَدَّثَنَا أَبُو الرَّبِيعِ الْعَتَكِيُّ، حَدَّثَنَا حَمَّادُ بْنُ زَيْدٍ، حَدَّثَنَا مَعْبَدُ بْنُ هِلَالٍ الْعَنَزِيُّ، (ح) وَحَدَّثَنَاهُ سَعِيدُ بْنُ مَنْصُورٍ، وَاللَّفْظُ لَهُ، حَدَّثَنَا حَمَّادُ بْنُ زَيْدٍ، حَدَّثَنَا مَعْبَدُ بْنُ هِلَالٍ الْعَنَزِيُّ قَالَ: انْطَلَقْنَا إِلَى أَنَسِ بْنِ مَالِكٍ وَتَشَفَّعْنَا بِثَابِتٍ، فَانْتَهَيْنَا إِلَيْهِ وَهُوَ يُصَلِّي الضُّحَى، فَاسْتَأْذَنَ لَنَا ثَابِتٌ فَدَخَلْنَا عَلَيْهِ، وَأَجْلَسَ ثَابِتًا مَعَهُ عَلَى سَرِيرِهِ، فَقَالَ لَهُ: يَا أَبَا حَمْزَةَ، إِنَّ إِخْوَانَكَ مِنْ أَهْلِ الْبَصْرَةِ يَسْأَلُونَكَ أَنْ تُحَدِّثَهُمْ حَدِيثَ الشَّفَاعَةِ. قَالَ: حَدَّثَنَا مُحَمَّدٌ ﷺ قَالَ: إِذَا كَانَ يَوْمُ الْقِيَامَةِ مَاجَ النَّاسُ بَعْضُهُمْ إِلَى بَعْضٍ، فَيَأْتُونَ آدَمَ فَيَقُولُونَ لَهُ: اشْفَعْ لِذُرِّيَّتِكَ، فَيَقُولُ: لَسْتُ لَهَا، وَلَكِنْ عَلَيْكُمْ بِإِبْرَاهِيمَ عَلَيْهِ السَّلَامُ، فَإِنَّهُ خَلِيلُ اللهِ، فَيَأْتُونَ إِبْرَاهِيمَ، فَيَقُولُ: لَسْتُ لَهَا، وَلَكِنْ عَلَيْكُمْ بِمُوسَى عَلَيْهِ السَّلَامُ فَإِنَّهُ كَلِيمُ اللهِ، فَيُؤْتَى مُوسَى فَيَقُولُ: لَسْتُ لَهَا، وَلَكِنْ عَلَيْكُمْ بِعِيسَى عَلَيْهِ السَّلَامُ فَإِنَّهُ رُوحُ اللهِ وَكَلِمَتُهُ، فَيُؤْتَى عِيسَى فَيَقُولُ: لَسْتُ لَهَا، وَلَكِنْ عَلَيْكُمْ بِمُحَمَّدٍ ﷺ، فَأُوتَى، فَأَقُولُ: أَنَا لَهَا، فَأَنْطَلِقُ فَأَسْتَأْذِنُ عَلَى رَبِّي فَيُؤْذَنُ لِي، فَأَقُومُ بَيْنَ يَدَيْهِ، فَأَحْمَدُهُ بِمَحَامِدَ لَا أَقْدِرُ عَلَيْهِ الْآنَ يُلْهِمُنِيهِ اللهُ، ثُمَّ أَخِرُّ لَهُ سَاجِدًا، فَيُقَالُ لِي: يَا مُحَمَّدُ، ارْفَعْ رَأْسَكَ، وَقُلْ يُسْمَعْ لَكَ، وَسَلْ تُعْطَهْ، وَاشْفَعْ تُشَفَّعْ، فَأَقُولُ: رَبِّ، أُمَّتِي أُمَّتِي، فَيُقَالُ: انْطَلِقْ، فَمَنْ كَانَ فِي قَلْبِهِ مِثْقَالُ حَبَّةٍ مِنْ بُرَّةٍ أَوْ شَعِيرَةٍ مِنْ إِيمَانٍ، فَأَخْرِجْهُ مِنْهَا، فَأَنْطَلِقُ فَأَفْعَلُ، ثُمَّ أَرْجِعُ إِلَى رَبِّي، فَأَحْمَدُهُ بِتِلْكَ الْمَحَامِدِ، ثُمَّ أَخِرُّ لَهُ سَاجِدًا، فَيُقَالُ لِي: يَا مُحَمَّدُ، ارْفَعْ رَأْسَكَ، وَقُلْ يُسْمَعْ لَكَ، وَسَلْ تُعْطَهْ، وَاشْفَعْ تُشَفَّعْ، فَأَقُولُ: أُمَّتِي أُمَّتِي، فَيُقَالُ لِي: انْطَلِقْ، فَمَنْ كَانَ فِي قَلْبِهِ مِثْقَالُ حَبَّةٍ مِنْ خَرْدَلٍ مِنْ إِيمَانٍ، فَأَخْرِجْهُ مِنْهَا، فَأَنْطَلِقُ، فَأَفْعَلُ، ثُمَّ أَعُودُ إِلَى رَبِّي فَأَحْمَدُهُ بِتِلْكَ الْمَحَامِدِ، ثُمَّ أَخِرُّ لَهُ سَاجِدًا، فَيُقَالُ لِي: يَا مُحَمَّدُ، ارْفَعْ رَأْسَكَ، وَقُلْ يُسْمَعْ لَكَ، وَسَلْ تُعْطَهْ، وَاشْفَعْ تُشَفَّعْ، فَأَقُولُ: يَا رَبِّ أُمَّتِي أُمَّتِي، فَيُقَالُ لِي: انْطَلِقْ، فَمَنْ كَانَ فِي قَلْبِهِ أَدْنَى أَدْنَى أَدْنَى مِنْ مِثْقَالِ حَبَّةٍ مِنْ خَرْدَلٍ مِنْ إِيمَانٍ فَأَخْرِجْهُ مِنَ النَّارِ، فَأَنْطَلِقُ فَأَفْعَلُ. هَذَا حَدِيثُ أَنَسٍ الَّذِي أَنْبَأَنَا بِهِ، فَخَرَجْنَا مِنْ عِنْدِهِ، فَلَمَّا كُنَّا بِظَهْرِ الْجَبَّانِ قُلْنَا: لَوْ مِلْنَا إِلَى الْحَسَنِ، فَسَلَّمْنَا عَلَيْهِ وَهُوَ مُسْتَخْفٍ فِي دَارِ أَبِي خَلِيفَةَ قَالَ: فَدَخَلْنَا عَلَيْهِ، فَسَلَّمْنَا عَلَيْهِ، فَقُلْنَا: يَا أَبَا سَعِيدٍ، جِئْنَا مِنْ عِنْدِ أَخِيكَ أَبِي حَمْزَةَ، فَلَمْ نَسْمَعْ مِثْلَ حَدِيثٍ حَدَّثَنَاهُ فِي الشَّفَاعَةِ، قَالَ: هِيهِ، فَحَدَّثْنَاهُ الْحَدِيثَ فَقَالَ: هِيهِ، قُلْنَا: مَا زَادَنَا، قَالَ: قَدْ حَدَّثَنَا بِهِ مُنْذُ عِشْرِينَ سَنَةً وَهُوَ يَوْمَئِذٍ جَمِيعٌ، وَلَقَدْ تَرَكَ شَيْئًا مَا أَدْرِي أَنَسِيَ الشَّيْخُ أَوْ كَرِهَ أَنْ يُحَدِّثَكُمْ فَتَتَّكِلُوا، قُلْنَا لَهُ: حَدِّثْنَا، فَضَحِكَ وَقَالَ: { خُلِقَ الإِنْسَانُ مِنْ عَجَلٍ } مَا ذَكَرْتُ لَكُمْ هَذَا إِلَّا وَأَنَا أُرِيدُ أَنْ أُحَدِّثَكُمُوهُ: ثُمَّ أَرْجِعُ إِلَى رَبِّي فِي الرَّابِعَةِ فَأَحْمَدُهُ بِتِلْكَ الْمَحَامِدِ، ثُمَّ أَخِرُّ لَهُ سَاجِدًا، فَيُقَالُ لِي: يَا مُحَمَّدُ، ارْفَعْ رَأْسَكَ، وَقُلْ يُسْمَعْ لَكَ، وَسَلْ تُعْطَ، وَاشْفَعْ تُشَفَّعْ، فَأَقُولُ: يَا رَبِّ، ائْذَنْ لِي فِيمَنْ قَالَ: لَا إِلَهَ إِلَّا اللهُ، قَالَ: لَيْسَ ذَاكَ لَكَ - أَوْ قَالَ: لَيْسَ ذَاكَ إِلَيْكَ - وَلَكِنْ وَعِزَّتِي وَكِبْرِيَائِي وَعَظَمَتِي وَجِبْرِيَائِي لَأُخْرِجَنَّ مَنْ قَالَ: لَا إِلَهَ إِلَّا اللهُ. قَالَ: فَأَشْهَدُ عَلَى الْحَسَنِ أَنَّهُ حَدَّثَنَا بِهِ، أَنَّهُ سَمِعَ أَنَسَ بْنَ مَالِكٍ - أُرَاهُ قَالَ: قَبْلَ عِشْرِينَ سَنَةً -، وَهُوَ يَوْمَئِذٍ جَمِيعٌ.,އަނަސް ބިން މާލިކު ރިވާ ކުރެއްވިއެވެ: މުޙައްމަދު ﷺ ތިމަންމެންނަށް ޙަދީޘް ކުރެއްވިއެވެ: ”ގިޔާމަތް ދުވަހު މީސްތަކުން އެއްބަޔަކު އަނެއްބަޔަކާ ރާޅުތަކެއް ފަދައިން އެއްވެގެން ދާނެއެވެ. ދެން އެބައިމީހުން އާދަމުގެފާނު އަރިހަށް އައިސް ދަންނަވާނެއެވެ: ތިބާގެ ދަރިފަސްކޮޅަށް ޝަފާޢަތްތެރިވާށެވެ. ދެން އާދަމުގެފާނު ދަންނަވާނެއެވެ: ތިމަން ކަލޭގެފާނީ ތިކަމަށް އެކަށީގެންވާ ބޭކަލެއް ނޫނެކީމެވެ. އެހެނެއްކަމަކު އިބްރާހީމް ޢަލައިހިއްސަލާމް އަރިހަށް ދާށެވެ. އެހެނީ ހަމަކަށަވަރުން އެކަލޭގެފާނީ ﷲގެ ޚަލީލެވެ. ދެން އެބައިމީހުން އިބްރާހީމްގެފާނު އަރިހަށް ދިޔުމުން އެކަލޭގެފާނު ދަންނަވާނެއެވެ: ހަމަކަށަވަރުން ތިމަން ކަލޭގެފާނީ ތިކަމަށް އެކަށީގެންވާ ބޭކަލެއް ނޫނެކީމެވެ. އެހެނެއްކަމަކު މޫސާގެ ޢަލައިހިއްސަލާމް އަރިހަށް ދާށެވެ. އެހެނީ ހަމަކަށަވަރުން އެކަލޭގެފާނީ (މެދުވެރިއެއް ނެތި) ﷲ ބަސް ވަހީ ބޭކަލެކެވެ. ދެން އެބައިމީހުން މޫސާގެފާނު އަރިހަށް ދިޔުމުން އެކަލޭގެފާނު ދަންނަވާނެއެވެ: ހަމަކަށަވަރުން ތިމަން ކަލޭގެފާނީ ތިކަމަށް އެކަށީގެންވާ ބޭކަލެއް ނޫނެކީމެވެ. އެހެނެއްކަމަކު ޢީސާ ޢަލައިހިއްސަލާމް އަރިހަށް ދާށެވެ. އެހެނީ ހަމަކަށަވަރުން އެކަލޭގެފާނީ ﷲގެ (ލެއްވި) ފުރާނަފުޅަކާއި، (ވުޖޫދުވެވަޑައިގަތުމަށް ވަހީ ކުރެއްވި) ކަލިމަފުޅެކެވެ. ދެން އެބައިމީހުން ޢީސާގެފާނު އަރިހަށް ދިޔުމުން އެކަލޭގެފާނު ދަންނަވާނެއެވެ: ތިމަން ކަލޭގެފާނީ ތިކަމަށް އެކަށީގެންވާ ބޭކަލެއް ނޫނެކީމެވެ. އެހެނެއްކަމަކު މުޙައްމަދު ﷺ އަރިހަށް ދާށެވެ. ދެން އެބައިމީހުން ތިމަން ނަބިއްޔާގެ އަރިހަށް އަންނާނެއެވެ. ތިމަން ނަބިއްޔާ ޙަދީޘް ކުރައްވާނަމެވެ: ތިމަން ނަބިއްޔާ ތި ކަމެއް ކުރައްވާނަމެވެ. އަދި ތިމަން ނަބިއްޔާގެ ރައްބުގެ ހަޒްރަތަށް ވަޑައިގެން ހުއްދައަށް އެދުމުން، ތިމަން ނަބިއްޔާއަށް ހުއްދަ ދެވޭނެއެވެ. ދެން އެ އިލާހުގެ ކުރިފުޅު މައްޗަށް ވަޑައިގެން، ﷲ އިލްހާމު ކުރައްވާނެ ޙަމްދުތަކަކުން އެ އިލާހަށް ޙަމްދު ކުރައްވާނަމެވެ. މި ވަގުތު އެ ޙަމްދުތަކެއް ތިމަން ނަބިއްޔާއަކަށް ކުރެވޭކަށް ނެތެވެ. އެއަށްފަހު އެ އިލާހަށް ސަޖިދައަށް ވެއްޓިވަޑައިގަންނަވާނަމެވެ. ދެން އެ އިލާހު ވަހީ ކުރައްވާނެއެވެ: އޭ މުޙައްމަދުގެފާނެވެ. އިސްތަށިފުޅު އުފުއްލަވާށެވެ. އަދި ވިދާޅުވާށެވެ. އިބަ ނަބިއްޔާގެ ބަސްފުޅު އެހޭނެއެވެ. އަދި އެދިލައްވާށެވެ. އިބަ ނަބިއްޔާއަށް އެ ކަމެއް ދެވޭނެއެވެ. އަދި ޝަފާޢަތްތެރިވާށެވެ. އިބަ ނަބިއްޔާގެ ޝަފާޢަތް ގަބޫލު ކުރެއްވޭނެއެވެ. ދެން ތިމަން ނަބިއްޔާ ދަންނަވާނަމެވެ: އަޅުގެ ރައްބެވެ. ތިމަން ނަބިއްޔާގެ އުއްމަތެވެ. ތިމަން ނަބިއްޔާގެ އުއްމަތެވެ. ދެން ވަހީ ކުރެއްވޭނެއެވެ: ވަޑައިގެން އެ މީހެއްގެ ހިތުގައި ގޮދަން ނުވަތަ ހިމަގޮދަން އޮށްޓަރެއްގެ މިންވަރަށް އީމާންކަން ހުރެއްޖެ މީހަކު އެ ނަރަކައިން ނެރޭށެވެ. އަދި ތިމަން ނަބިއްޔާ ވަޑައިގެން އެ ކަމެއް ކުރައްވާނަމެވެ. ދެން ތިމަން ނަބިއްޔާގެ ރައްބުގެ ހަޒްރަތަށް އެނބުރި ވަޑައިގެން އަނެއްކާވެސް އެ ގޮތަށް ޙަމްދު ކުރެއްވުމަށް ފަހު، އެ އިލާހަށް ސަޖިދައަށް ވެއްޓިވަޑައިގަންނަވާނަމެވެ. ދެން އެ އިލާހު ވަހީ ކުރައްވާނެއެވެ: އޭ މުޙައްމަދުގެފާނެވެ. އިސްތަށިފުޅު އުފުއްލަވާށެވެ. އަދި ވިދާޅުވާށެވެ. އިބަ ނަބިއްޔާގެ ބަސްފުޅު އެހޭނެއެވެ. އަދި އެދިލައްވާށެވެ. އިބަ ނަބިއްޔާއަށް އެ ކަމެއް ދެވޭނެއެވެ. އަދި ޝަފާޢަތްތެރިވާށެވެ. އިބަ ނަބިއްޔާގެ ޝަފާޢަތް ގަބޫލު ކުރެއްވޭނެއެވެ. ދެން ތިމަން ނަބިއްޔާ ދަންނަވާނަމެވެ: އޭ އަޅުގެ ރައްބެވެ. ތިމަން ނަބިއްޔާގެ އުއްމަތެވެ. ތިމަން ނަބިއްޔާގެ އުއްމަތެވެ. ދެން ވަހީ ކުރެއްވޭނެއެވެ: ވަޑައިގެން އެ މީހެއްގެ ހިތުގައި ރެވި އޮށްޓަރެއްގެ މިންވަރަށް އީމާންކަން ހުރެއްޖެ މީހަކު އެ ނަރަކައިން ނެރޭށެވެ. އަދި ތިމަން ނަބިއްޔާ ވަޑައިގެން އެ ކަމެއް ކުރައްވާނަމެވެ. ދެން ތިމަން ނަބިއްޔާގެ ރައްބުގެ ހަޒްރަތަށް އެނބުރި ވަޑައިގެން އަނެއްކާވެސް އެ ގޮތަށް ޙަމްދު ކުރެއްވުމަށް ފަހު، އެ އިލާހަށް ސަޖިދައަށް ވެއްޓިވަޑައިގަންނަވާނަމެވެ. ދެން އެ އިލާހު ވަހީ ކުރައްވާނެއެވެ: އޭ މުޙައްމަދުގެފާނެވެ. އިސްތަށިފުޅު އުފުއްލަވާށެވެ. އަދި ވިދާޅުވާށެވެ. އިބަ ނަބިއްޔާގެ ބަސްފުޅު އެހޭނެއެވެ. އަދި އެދިލައްވާށެވެ. އިބަ ނަބިއްޔާއަށް އެ ކަމެއް ދެވޭނެއެވެ. އަދި ޝަފާޢަތްތެރިވާށެވެ. އިބަ ނަބިއްޔާގެ ޝަފާޢަތް ގަބޫލު ކުރެއްވޭނެއެވެ. ދެން ތިމަން ނަބިއްޔާ ދަންނަވާނަމެވެ: އޭ އަޅުގެ ރައްބެވެ. ތިމަން ނަބިއްޔާގެ އުއްމަތެވެ. ތިމަން ނަބިއްޔާގެ އުއްމަތެވެ. ދެން ވަހީ ކުރެއްވޭނެއެވެ: ވަޑައިގެން އެ މީހެއްގެ ހިތުގައި އެންމެ އެންމެ އެންމެ ކުޑަކުޑަ ރެވި އޮށްޓަރެއްގެ މިންވަރަށް އީމާންކަން ހުރެއްޖެ މީހަކު ނަރަކައިން ނެރޭށެވެ. އަދި ތިމަން ނަބިއްޔާ ވަޑައިގެން އެ ކަމެއް ކުރައްވާނަމެވެ. ދެން ހަތަރުވަނަ ފަހަރަށް ތިމަން ނަބިއްޔާގެ ރައްބުގެ ހަޒްރަތަށް އެނބުރި ވަޑައިގެން އަނެއްކާވެސް އެ ގޮތަށް ޙަމްދު ކުރެއްވުމަށް ފަހު، އެ އިލާހަށް ސަޖިދައަށް ވެއްޓިވަޑައިގަންނަވާނަމެވެ. ދެން އެ އިލާހު ވަހީ ކުރައްވާނެއެވެ: އޭ މުޙައްމަދުގެފާނެވެ. އިސްތަށިފުޅު އުފުއްލަވާށެވެ. އަދި ވިދާޅުވާށެވެ. އިބަ ނަބިއްޔާގެ ބަސްފުޅު އެހޭނެއެވެ. އަދި އެދިލައްވާށެވެ. އިބަ ނަބިއްޔާއަށް އެ ކަމެއް ދެވޭނެއެވެ. އަދި ޝަފާޢަތްތެރިވާށެވެ. އިބަ ނަބިއްޔާގެ ޝަފާޢަތް ގަބޫލު ކުރެއްވޭނެއެވެ. ދެން ތިމަން ނަބިއްޔާ ދަންނަވާނަމެވެ: އޭ އަޅުގެ ރައްބެވެ. لا إله إلا الله ކިޔައިފި މީހަކު (ނެރުމަށް) ތިމަން ނަބިއްޔާއަށް ހުއްދަ ދެއްވާށެވެ. ދެން އެ އިލާހު ވަހީ ކުރައްވާނެއެވެ: އެއީ އިބަ ނަބިއްޔާއަށް އޮތް ކަމެއް ނޫނެކެވެ. އެހެނެއްކަމަކު ތިމަން އިލާހުގެ ޢީއްޒަތާއި ޖަލާލަތާއި މަތިވެރިވަންތަކަމާއި ގަދަފަދަވަންތަކަން ގަންދީ ވަހީ ކުރައްވަމެވެ. ހަމަކަށަވަރުން لا إله إلا الله ކިޔައިފި މީހަކު ނަރަކައިން ނެރުއްވާނަމެވެ.“,b44
صحيح مسلم,2041b,عَنْ أَنَسٍ، قَالَ دَعَا رَسُولَ اللَّهِ ﷺ رَجُلٌ فَانْطَلَقْتُ مَعَهُ فَجِيءَ بِمَرَقَةٍ فِيهَا دُبَّاءٌ فَجَعَلَ رَسُولُ اللَّهِ ﷺ يَأْكُلُ مِنْ ذَلِكَ الدُّبَّاءِ وَيُعْجِبُهُ - قَالَ - فَلَمَّا رَأَيْتُ ذَلِكَ جَعَلْتُ أُلْقِيهِ إِلَيْهِ وَلاَ أَطْعَمُهُ . قَالَ فَقَالَ أَنَسٌ فَمَا زِلْتُ بَعْدُ يُعْجِبُنِي الدُّبَّاءُ .,އަނަސްބިން މާލިކް ރަޟިޔަﷲޢަންހު ރިވާކުރެއްވި މިޙަދީޘްގައިވެއެވެ. ތިމަންކަލޭގެފާނު އެއްދުވަހެއްގައި މާތްނަބިއްޔާ ޞައްލަﷲ ޢަލައިހިވަސައްލަމަ އަރިހުގައި ފަރިއްކޮޅެއްގައި ބައިވެރިވީމެވެ. އެހިނދު އެކަލޭގެފާނު ދުއްބާއު ( ބަރަބޯ ޒާތުގެ މޭވާއެއް) މާ ގަޔާވެވަޑައިގެން ފަރިއްކުޅުއްވިއެވެ. އަނަސްބިން މާލިކް ރަޟިޔަﷲޢަންހު ދެންނެވިއެވެ. ﷲ ގަންދީ ބުނަމެވެ. އެދުވަހަށްފަހުގައި ތިމަންކަލޭގެފާނު ދުއްބާއު ފަރިއްކުޅުއްވުން ދޫކޮށެއް ނުލައްވަމެވެ.,
صحيح مسلم,2203a,"عَنْ أَبِي، الْعَلاَءِ أَنَّ عُثْمَانَ بْنَ أَبِي الْعَاصِ، أَتَى النَّبِيَّ ﷺ فَقَالَ يَا رَسُولَ اللَّهِ إِنَّ الشَّيْطَانَ قَدْ حَالَ بَيْنِي وَبَيْنَ صَلاَتِي وَقِرَاءَتِي يَلْبِسُهَا عَلَىَّ . فَقَالَ رَسُولُ اللَّهِ ﷺ "" ذَاكَ شَيْطَانٌ يُقَالُ لَهُ خِنْزِبٌ فَإِذَا أَحْسَسْتَهُ فَتَعَوَّذْ بِاللَّهِ مِنْهُ وَاتْفِلْ عَلَى يَسَارِكَ ثَلاَثًا "" . قَالَ فَفَعَلْتُ ذَلِكَ فَأَذْهَبَهُ اللَّهُ عَنِّي .","މާތް ﷲ ރުއްސުންލެއްވި ޢުޘްމާން ބުން އަބިލް ޢާޞް، ރަސޫލާ (ޞައްލަ ﷲ ޢަލައިހި ވަސައްލަމަ) ގެ އަރިއަހަށް ވަޑައިގެން ދެންނެވިއެވެ."" ﷲ ގެ ރަސޫލާ އެވެ!"" އަޅުގަނޑާއި، އަޅުގަނޑުގެ ނަމާދާއި ކިޔެވުމާ ދެމެދަށް ޝައިތާނާ ވަދެ، އޮޅުވައިލައެވެ. ފަހެ ރަސޫލާ (ޞައްލަ ﷲ ޢަލައިހި ވަސައްލަމަ) ޙަދީޘް ކުރެއްވިއެވެ. "" އެއީ ޚިންޒަބެވެ ކިޔުނު ޝައިޠާނެކެވެ. ފަހެ ތިބާއަށް އޭތީގެ އިޙުސާސް ވެއްޖެ ނަމަ "" أَعُوذُ بِاللهِ مِنَ الشَّيطَانِ الرَّجِيمُ ކިޔައި، ގައިގެ ވާތް ފަރާތަށް (މެޔަށް) ދުލުކުރިން ކުޅު ބުރާ ގޮތަށް ތިން ފަހަރު ފުމެލާށެވެ!"" ޢުޘްމާން ބުން އަބިލް ޢާޞް ވިދާޅުވިއެވެ. ""ތިމަންނާ މި ގޮތަށް ކަންތައް ކުރުމުން ނަމާދުގައި މެދުވެރިވާ ވަސްވާހުގެ ކަންތައް، މާތް ﷲ ތިމަންނާ އާ ދުރުކޮށްދެއްވައިފިއެވެ.""",
صحيح مسلم,2215a,حَدَّثَنَا مُحَمَّدُ بْنُ رُمْحِ بْنِ الْمُهَاجِرِ، أَخْبَرَنَا اللَّيْثُ، عَنْ عُقَيْلٍ، عَنِ ابْنِ شِهَابٍ، أَخْبَرَنِي أَبُو سَلَمَةَ بْنُ عَبْدِ الرَّحْمَنِ وَسَعِيدُ بْنُ الْمُسَيِّبِ أَنَّ أَبَا هُرَيْرَةَ أَخْبَرَهُمَا أَنَّهُ سَمِعَ رَسُولَ اللهِ ﷺ يَقُولُ: إِنَّ فِي الْحَبَّةِ السَّوْدَاءِ شِفَاءً مِنْ كُلِّ دَاءٍ إِلَّا السَّامَ. وَالسَّامُ الْمَوْتُ، وَالْحَبَّةُ السَّوْدَاءُ الشُّونِيزُ.,އަބޫ ހުރައިރާ ރިވާ ކުރެއްވިއެވެ: ރަސޫލު ﷲ ﷺ ޙަދީޘް ކުރައްވަނިކޮށް ތިމަން އަޑު އެހީމެވެ: ”ހަމަކަށަވަރުން ކަޅުދިރީގައި ސާއްމު ފިޔަވާ ކޮންމެ ބައްޔަކަށް ޝިފާވެއެވެ.“ (ޙަދީޘްގެ ރާވީއެއް ކަމަށްވާ އިބްނު ޝިހާބު ވިދާޅުވިއެވެ:) އަދި ސާއްމަކީ މަރެވެ. އަދި ކަޅުދިރިއަކީ ޝޫނީޒެވެ. (ނޯޓު: އޭރު އެ ޒަމާނުގައި ކަޅުދިރި މަޝްހޫރުވެފައިވަނީ އެ ނަމުންނެވެ.),
صحيح مسلم,2215b,وَحَدَّثَنِيهِ أَبُو الطَّاهِرِ وَحَرْمَلَةُ قَالَا: أَخْبَرَنَا ابْنُ وَهْبٍ، أَخْبَرَنِي يُونُسُ، عَنِ ابْنِ شِهَابٍ، عَنْ سَعِيدِ بْنِ الْمُسَيِّبِ، عَنْ أَبِي هُرَيْرَةَ، عَنِ النَّبِيِّ ﷺ.,ކުރީގެ ޙަދީޘާ އެއްގޮތަކަށް ރިވާވެފައިވެއެވެ.,
صحيح مسلم,2215c,"(ح) وَحَدَّثَنَا أَبُو بَكْرِ بْنُ أَبِي شَيْبَةَ وَعَمْرٌو النَّاقِدُ وَزُهَيْرُ بْنُ حَرْبٍ وَابْنُ أَبِي عُمَرَ، قَالُوا: حَدَّثَنَا سُفْيَانُ بْنُ عُيَيْنَةَ. (ح) وَحَدَّثَنَا عَبْدُ بْنُ حُمَيْدٍ، أَخْبَرَنَا عَبْدُ الرَّزَّاقِ، أَخْبَرَنَا مَعْمَرٌ. (ح) وَحَدَّثَنَا عَبْدُ اللهِ بْنُ عَبْدِ الرَّحْمَنِ الدَّارِمِيُّ، أَخْبَرَنَا أَبُو الْيَمَانِ، أَخْبَرَنَا شُعَيْبٌ - كُلُّهُمْ عَنِ الزُّهْرِيِّ، عَنْ أَبِي سَلَمَةَ، عَنْ أَبِي هُرَيْرَةَ، عَنِ النَّبِيِّ ﷺ - بِمِثْلِ حَدِيثِ عَقِيلٍ وَفِي حَدِيثِ سُفْيَانَ وَيُونُسَ "" الْحَبَّةُ السَّوْدَاءُ ""، وَلَمْ يَقُلِ ""الشُّونِيزُ"".",ކުރީގެ ޙަދީޘާ އެއްގޮތަކަށް ރިވާވެފައިވެއެވެ. އަދި މި ރިވާޔަތުގައި ޝޫނީޒު އައިސްފައެއް ނުވެއެވެ.,
صحيح مسلم,2308a,حَدَّثَنَا مَنْصُورُ بْنُ أَبِي مُزَاحِمٍ، حَدَّثَنَا إِبْرَاهِيمُ يَعْنِي ابْنَ سَعْدٍ، عَنِ الزُّهْرِيِّ. (ح) وَحَدَّثَنِي أَبُو عِمْرَانَ مُحَمَّدُ بْنُ جَعْفَرِ بْنِ زِيَادٍ (وَاللَّفْظُ لَهُ)، أَخْبَرَنَا إِبْرَاهِيمُ، عَنِ ابْنِ شِهَابٍ، عَنْ عُبَيْدِ اللهِ بْنِ عَبْدِ اللهِ بْنِ عُتْبَةَ بْنِ مَسْعُودٍ، عَنِ ابْنِ عَبَّاسٍ قَالَ: كَانَ رَسُولُ اللهِ ﷺ أَجْوَدَ النَّاسِ بِالْخَيْرِ، وَكَانَ أَجْوَدَ مَا يَكُونُ فِي شَهْرِ رَمَضَانَ، إِنَّ جِبْرِيلَ عَلَيْهِ السَّلَامُ كَانَ يَلْقَاهُ فِي كُلِّ سَنَةٍ فِي رَمَضَانَ حَتَّى يَنْسَلِخَ، فَيَعْرِضُ عَلَيْهِ رَسُولُ اللهِ ﷺ الْقُرْآنَ، فَإِذَا لَقِيَهُ جِبْرِيلُ كَانَ رَسُولُ اللهِ ﷺ أَجْوَدَ بِالْخَيْرِ مِنَ الرِّيحِ الْمُرْسَلَةِ.,އިބްނު ޢައްބާސް ރިވާ ކުރެއްވިއެވެ: މީސްތަކުންގެ ތެރެއިން ހެޔޮ ކަންކަމައިގެން އެންމެ ދީލަތިވެގެން ވަނީ ރަސޫލު ﷲ ﷺ އެވެ. އަދި ނަބިއްޔާ އެންމެ ދީލަތިވެގެން ވަނީ ރަމަޟާން މަހުގައެވެ. ހަމަކަށަވަރުން ކޮންމެ އަހަރަކު ރަމަޟާން މަސް ނިމެންދެން އެ މަހު ޖިބްރީލު ނަބިއްޔާއާ ބައްދަލު ކުރައްވައި، ރަސޫލު ﷲ ﷺ ޖިބްރީލަށް ގުރްއާން (އެއްކޮށް) ކިޔަވައި ވިދާޅުވެދެއްވައެވެ. އަދި ރަސޫލު ﷲ ﷺ ޖިބްރީލާ ބައްދަލު ކުރައްވައި ހިނދު، (ވާރެ ވިލާގަނޑަކައިގެން) ފޮނުއްވެވުނު ވައިރޯޅިއަކަށް ވުރެ ރަސޫލު ﷲ ﷺ ހެޔޮ ކަންކަމައިގެން ދީލަތިވެގެންވެއެވެ.,b6
صحيح مسلم,2308b,وَحَدَّثَنَاهُ أَبُو كُرَيْبٍ، حَدَّثَنَا ابْنُ مُبَارَكٍ، عَنْ يُونُسَ. (ح) وَحَدَّثَنَا عَبْدُ بْنُ حُمَيْدٍ، أَخْبَرَنَا عَبْدُ الرَّزَّاقِ، أَخْبَرَنَا مَعْمَرٌ - كِلَاهُمَا عَنِ الزُّهْرِيِّ بِهَذَا الْإِسْنَادِ نَحْوَهُ.,ކުރީގެ ޙަދީޘާ އެއްގޮތަކަށް ރިވާވެފައިވެއެވެ.,b6
صحيح مسلم,233a,حَدَّثَنَا يَحْيَى بْنُ أَيُّوبَ ، وَقُتَيْبَةُ بْنُ سَعِيدٍ ، وَعَلِيُّ بْنُ حُجْرٍ كُلُّهُمْ ، عَنْ إِسْمَاعِيلَ . قَالَ ابْنُ أَيُّوبَ : حَدَّثَنَا إِسْمَاعِيلُ بْنُ جَعْفَرٍ ، أَخْبَرَنِي الْعَلَاءُ بْنُ عَبْدِ الرَّحْمَنِ بْنِ يَعْقُوبَ مَوْلَى الْحُرَقَةِ ، عَنْ أَبِيهِ ، عَنْ أَبِي هُرَيْرَةَ أَنَّ رَسُولَ اللهِ صَلَّى اللهُ عَلَيْهِ وَسَلَّمَ قَالَ : الصَّلَاةُ الْخَمْسُ ، وَالْجُمُعَةُ إِلَى الْجُمُعَةِ ، كَفَّارَةٌ لِمَا بَيْنَهُنَّ مَا لَمْ تُغْشَ الْكَبَائِرُ .,އަބޫ ހުރައިރާ رَضِيَ اللَّهُ عَنْهُ ރިވާ ކުރެއްވިއެވެ: ރަސޫލު ﷲ ﷺ ޙަދީޘް ކުރެއްވިއެވެ: ”ފަރުޟު ފަސް ނަމާދާއި، އެއް ހުކުރު ނަމާދުން އަނެއް ހުކުރު ނަމާދުން، އެ ދެމެދުގައި ހިނގައިދިޔަ ފާފަތައް ފުއްސެވޭނެއެވެ. އެއީ ބޮޑެތި ފާފަތަކުގައި ނުހޭކޭހައި ހިނދަކުއެވެ.”,
صحيح مسلم,233b,حَدَّثَنِي أَبُو الطَّاهِرِ ، وَهَارُونُ بْنُ سَعِيدٍ الْأَيْلِيُّ قَالَا : أَخْبَرَنَا ابْنُ وَهْبٍ ، عَنْ أَبِي صَخْرٍ أَنَّ عُمَرَ بْنَ إِسْحَاقَ مَوْلَى زَائِدَةَ حَدَّثَهُ عَنْ أَبِيهِ ، عَنْ أَبِي هُرَيْرَةَ أَنَّ رَسُولَ اللهِ صَلَّى اللهُ عَلَيْهِ وَسَلَّمَ كَانَ يَقُولُ : الصَّلَوَاتُ الْخَمْسُ ، وَالْجُمُعَةُ إِلَى الْجُمُعَةِ ، وَرَمَضَانُ إِلَى رَمَضَانَ ، مُكَفِّرَاتٌ مَا بَيْنَهُنَّ إِذَا اجْتَنَبَ الْكَبَائِرَ .,އަބޫ ހުރައިރާ رَضِيَ اللَّهُ عَنْهُ ރިވާ ކުރެއްވިއެވެ: ރަސޫލު ﷲ ﷺ ޙަދީޘް ކުރެއްވިއެވެ: ”ފަރުޟު ފަސް ނަމާދާއި، އެއް ހުކުރު ނަމާދުން އަނެއް ހުކުރު ނަމާދާއި، އެއް ރަމަޟާން މަހުން އަނެއް ރަމަޟާން މަހަކީ، އެ ދެމެދުގައި ހިނގައިދިޔަ ފާފަތައް ފުއްސެވޭނޭ ކަންކަމެވެ. އެއީ ބޮޑެތި ފާފަތަކުން ދުރުވެގެންފި ނަމައެވެ.“,
صحيح مسلم,2447d,"أَنَّ عَائِشَةَ، زَوْجَ النَّبِيِّ ﷺ قَالَتْ قَالَ رَسُولُ اللَّهِ ﷺ "" يَا عَائِشُ هَذَا جِبْرِيلُ يَقْرَأُ عَلَيْكِ السَّلاَمَ "" . قَالَتْ فَقُلْتُ وَعَلَيْهِ السَّلاَمُ وَرَحْمَةُ اللَّهِ . قَالَتْ وَهُوَ يَرَى مَا لاَ أَرَى .",އޭ! ޢައިޝް އެވެ. މިހުންނެވީ ޖިބުރީލްގެފާނެވެ. އެކަލޭގެފާނު ކަމަނާއަށް ސާލާމް ވިދާޅުވެއެވެ. އެކަމަނާ މިފަދައިން ޖަވާބު ދެއްވައެވެ:(ވަ ޢަލައިހިއްސަލާމް ވަރަޙްމަތުﷲ) އެކަލޭގެފާނަށްވެސް ﷲ ގެ ހަޒްރަތުން ސަލާމާއި ރަޙްމަތް ހުއްޓެވެ.,
صحيح مسلم,2481a,"عَنْ أَنَسٍ، قَالَ دَخَلَ النَّبِيُّ صلى الله عليه وسلم عَلَيْنَا وَمَا هُوَ إِلاَّ أَنَا وَأُمِّي وَأُمُّ حَرَامٍ خَالَتِي فَقَالَتْ أُمِّي يَا رَسُولَ اللَّهِ خُوَيْدِمُكَ ادْعُ اللَّهَ لَهُ - قَالَ - فَدَعَا لِي بِكُلِّ خَيْرٍ وَكَانَ فِي آخِرِ مَا دَعَا لِي بِهِ أَنْ قَالَ ‏ ""‏ اللَّهُمَّ أَكْثِرْ مَالَهُ وَوَلَدَهُ وَبَارِكْ لَهُ فِيهِ ‏""‏ ‏.‏",އޭ ﷲ އެވެ. އޭނާގެ މުދަލާއި ދަރިން އިތުރުކޮށްދެއްވާށިއެވެ. އަދި އެ ކަންކަމުގައި އޭނާއަށް ބަރަކާތް ލައްވާށިއެވެ.,
صحيح مسلم,2653b,"كَتَبَ اللَّهُ مَقَادِيرَ الْخَلاَئِقِ قَبْلَ أَنْ يَخْلُقَ السَّمَوَاتِ وَالأَرْضَ بِخَمْسِينَ أَلْفَ سَنَةٍ - قَالَ - وَعَرْشُهُ عَلَى الْمَاءِ "" .","""އުޑުތަކާއި ބިން ޚަލްގުކުރެއްވުމުގެ ފަންސާސް ހާސް އަހަރު ކުރިން ޚަލްގުތަކުންގެ މިންވަރުތައް ﷲ ލިޔުއްވިއެވެ.""",
صحيح مسلم,2706a,"كَانَ رَسُولُ اللَّهِ صلى الله عليه وسلم يَقُولُ ‏ ""‏ اللَّهُمَّ إِنِّي أَعُوذُ بِكَ مِنَ الْعَجْزِ وَالْكَسَلِ وَالْجُبْنِ وَالْهَرَمِ وَالْبُخْلِ وَأَعُوذُ بِكَ مِنْ عَذَابِ الْقَبْرِ وَمِنْ فِتْنَةِ الْمَحْيَا وَالْمَمَاتِ ‏""‏ ‏.‏",އޭ ﷲ އެވެ. ހަމަކަށަވަރުން ނުކުޅެދުންތެރިކަމުންނާއި، ކަންނެތްކަމުންނާއި، ފިނޑިކަމުންނާއި، މުސްކުޅިކަމުންނާއި، ދަހިވެތިކަމުން، މި އަޅާ އިބަ އިލާހުގެ ހަޒްރަތުން ރައްކާތެރިކަން އެދެމެވެ. އަދި ގަބުރުގެ އަޒާބުން އިބަ އިލާހުގެ ހަޒްރަތުން ރައްކާތެރިކަން އެދެމެވެ. އަދި ދިރިހުރުމާއި މަރުވުމުގެ ފިތުނައިން އިބަ އިލާހުގެ ހަޒްރަތުން ރައްކާތެރިކަން އެދެމެވެ.,
صحيح مسلم,2725a,"عَنْ عَلِيٍّ، قَالَ قَالَ لِي رَسُولُ اللَّهِ صلى الله عليه وسلم ‏ ""‏ قُلِ اللَّهُمَّ اهْدِنِي وَسَدِّدْنِي وَاذْكُرْ بِالْهُدَى هِدَايَتَكَ الطَّرِيقَ وَالسَّدَادِ سَدَادَ السَّهْمِ ‏""‏ ‏.‏",އޭ ﷲ އެވެ. މި އަޅާއަށް ހިދާޔަތް ދައްކަވާ، މި އަޅާ ސީދާކުރައްވާށިއެވެ.,
صحيح مسلم,2725b,"قَالَ لِي رَسُولُ اللَّهِ صلى الله عليه وسلم ‏ ""‏ قُلِ اللَّهُمَّ إِنِّي أَسْأَلُكَ الْهُدَى وَالسَّدَادَ ‏""‏ ‏.‏",އޭ ﷲ އެވެ. ހަމަކަށަވަރުން އިބަ އިލާހުގެ ހަޒްރަތުން ހިދާޔަތާއި ސީދާކަމަށް އެދި މި އަޅާ ދަންނަވަމެވެ. ,
صحيح مسلم,2760a,حَدَّثَنَا عُثْمَانُ بْنُ أَبِي شَيْبَةَ وَإِسْحَاقُ بْنُ إِبْرَاهِيمَ قَالَ إِسْحَاقُ : أَخْبَرَنَا ، وَقَالَ عُثْمَانُ : حَدَّثَنَا جَرِيرٌ ، عَنِ الْأَعْمَشِ ، عَنْ أَبِي وَائِلٍ ، عَنْ عَبْدِ اللهِ قَالَ : قَالَ رَسُولُ اللهِ صَلَّى اللهُ عَلَيْهِ وَسَلَّمَ : لَيْسَ أَحَدٌ أَحَبَّ إِلَيْهِ الْمَدْحُ مِنَ اللهِ ، مِنْ أَجْلِ ذَلِكَ مَدَحَ نَفْسَهُ ، وَلَيْسَ أَحَدٌ أَغْيَرَ مِنَ اللهِ مِنْ أَجْلِ ذَلِكَ حَرَّمَ الْفَوَاحِشَ .,ނަބިއްޔާ ﷺ ޙަދީޘްކުރައްވާފައިވެއެވެ. (لَيْسَ أَحَدٌ أَحَبَّ إِلَيْهِ الْمَدْحُ مِنْ اللَّهِ مِنْ أَجْلِ ذَلِكَ مَدَحَ نَفْسَهُ) މާނައީ: “އެއްވެސް މީހަކު ﷲ (ސުބުޙާނަހޫ ވަތަޢާލާ)އަށް ވުރެ ބޮޑަށް މަދަޙަ(ޘަނާ)އަށް ލޯބިނުކުރައްވައެވެ. އެކަމުގެ ސަބަބުން އެ އިލާހުގެ ނަފުސަށް މަދަޙަ ވަހީކުރައްވާފައިވެއެވެ.” متفق عليه(رواه البخاري: (4922، 6968) و رواه مسلم و هذا لفظه (2760)),
صحيح مسلم,287d,حَدَّثَنَا يَحْيَى بْنُ يَحْيَى التَّمِيمِيُّ وَأَبُو بَكْرِ بْنُ أَبِي شَيْبَةَ وَعَمْرٌو النَّاقِدُ وَزُهَيْرُ بْنُ حَرْبٍ وَابْنُ أَبِي عُمَرَ (وَاللَّفْظُ لِزُهَيْرٍ)، قَالَ يَحْيَى: أَخْبَرَنَا، وَقَالَ الْآخَرُونَ: حَدَّثَنَا سُفْيَانُ بْنُ عُيَيْنَةَ، عَنِ الزُّهْرِيِّ، عَنْ عُبَيْدِ اللهِ بْنِ عَبْدِ اللهِ، عَنْ أُمِّ قَيْسٍ بِنْتِ مِحْصَنٍ أُخْتِ عُكَّاشَةَ بْنِ مِحْصَنٍ قَالَتْ: دَخَلْتُ بِابْنٍ لِي عَلَى رَسُولِ اللهِ ﷺ لَمْ يَأْكُلِ الطَّعَامَ، فَبَالَ عَلَيْهِ فَدَعَا بِمَاءٍ فَرَشَّهُ. قَالَتْ: وَدَخَلْتُ عَلَيْهِ بِابْنٍ لِي قَدْ أَعْلَقْتُ عَلَيْهِ مِنَ الْعُذْرَةِ، فَقَالَ: عَلَامَ تَدْغَرْنَ أَوْلَادَكُنَّ بِهَذَا الْعِلَاقِ؟ عَلَيْكُنَّ بِهَذَا الْعُودِ الْهِنْدِيِّ فَإِنَّ فِيهِ سَبْعَةَ أَشْفِيَةٍ، مِنْهَا ذَاتُ الْجَنْبِ يُسْعَطُ مِنَ الْعُذْرَةِ وَيُلَدُّ مِنْ ذَاتِ الْجَنْبِ.,ޢުއްކާޝާ ބިން މިޙްޞަންގެ އުޚްތު، އުއްމު ގައިސް ބިންތި މިޙްޞަން ރިވާ ކުރެއްވިއެވެ: ތިމަން ކަމަނާގެ ފިރިހެން ކުޑަ ކުއްޖަކު ގޮވައިގެން، ރަސޫލު ﷲ ﷺ ގެ އަރިހަށް އަތުވީމެވެ. އެ ކުއްޖާ އަދި އޭރު ކާކަށް ނުފަށައެވެ. ފަހެ ނަބިއްޔާގެ (އުނގުފުޅު) މައްޗަށް އެ ކުއްޖާ ކުޑަކަމުގޮސްފިއެވެ. ދެން ފެން ގެނައުމަށް އަންގަވާފައި ނަބިއްޔާ އެ ތަނުގައި ފެން ބުރުވާލެއްވިއެވެ. އެ ކަމަނާ (އިތުރަށް) ވިދާޅުވިއެވެ: ނަބިއްޔާގެ އަރިހަށް ދިޔައީ، ތިމަން ކަމަނާގެ ކުއްޖާއަށް ޓޮންސިލައިޓިސް ޖެހުމުގެ ސަބަބުން، އެ ކުއްޖާގެ ޓޮންސިލްތަކުގައި ތިމަން ކަމަނާ ފިއްތައިގެން ހުއްޓައެވެ. ނަބިއްޔާ ޙަދީޘް ކުރެއްވިއެވެ: ”ތިޔަ ކަނބަލުންގެ ދަރިންގެ ޓޮންސިލްތަކުގައި ތި ގޮތަށް ފިއްތައިގެން ތިޔަ އަނިޔާ ކުރަނީ ކީއްވެތޯއެވެ؟ ތިޔަ ކަނބަލުންގެ މައްޗަށް އޮތީ މި އިންޑިޔާ ގުސްޠު ބޭނުން ކުރުމެވެ. އެހެނީ ހަމަކަށަވަރުން އޭގައި ހަތް ޝިފާއެއް ލެއްވިގެންވެއެވެ. އޭގެ ތެރެއިން ޕްލިއުރިސީއަށް ޝިފާ ހިމެނެއެވެ. ޓޮންސިލައިޓިސަށް ފަރުވާ ކުރުމަށް އޭތި ނޭފަތަށް ދަމާލާނީއެވެ. އަދި ޕްލިއުރިސީއަށް ފަރުވާ ކުރުމަށް އޭތި ކޮލުދަތްތައް ކައިރީގައި ހާކާލާނީއެވެ.“,
صحيح مسلم,2888a,- حَدَّثَنِي أَبُو كَامِلٍ فُضَيْلُ بْنُ حُسَيْنٍ الْجَحْدَرِيُّ، حَدَّثَنَا حَمَّادُ بْنُ زَيْدٍ، عَنْ أَيُّوبَ، وَيُونُسَ، عَنِ الْحَسَنِ، عَنِ الْأَحْنَفِ بْنِ قَيْسٍ قَالَ: خَرَجْتُ وَأَنَا أُرِيدُ هَذَا الرَّجُلَ، فَلَقِيَنِي أَبُو بَكْرَةَ فَقَالَ: أَيْنَ تُرِيدُ يَا أَحْنَفُ؟ قَالَ: قُلْتُ: أُرِيدُ نَصْرَ ابْنِ عَمِّ رَسُولِ اللهِ ﷺ، (يَعْنِي عَلِيًّا). قَالَ: فَقَالَ لِي: يَا أَحْنَفُ، ارْجِعْ فَإِنِّي سَمِعْتُ رَسُولَ اللهِ ﷺ يَقُولُ: إِذَا تَوَاجَهَ الْمُسْلِمَانِ بِسَيْفَيْهِمَا فَالْقَاتِلُ وَالْمَقْتُولُ فِي النَّارِ. قَالَ: فَقُلْتُ: أَوْ قِيلَ: يَا رَسُولَ اللهِ، هَذَا الْقَاتِلُ فَمَا بَالُ الْمَقْتُولِ؟ قَالَ: إِنَّهُ قَدْ أَرَادَ قَتْلَ صَاحِبِهِ.,އަލްއަޙްނަފު ބިން ގައިސް ރިވާ ކުރެއްވިއެވެ: މިވެނި މީހަކަށް (ޢަލީ ބިން އަބީ ޠާލިބަށް ނަޞްރު ދިނުމަށް) ތިމަން ނުކުތީމެވެ. ދެން އަބޫ ބަކްރާ ތިމަންނައާ ބައްދަލުވެގެން ދެންނެވިއެވެ: އޭ އަޙްނަފެވެ. ދާން ބޭނުންވަނީ ކޮންތަނަކަށްތޯއެވެ؟ ތިމަން ދެންނެވީމެވެ: ރަސޫލު ﷲ ﷺ ގެ ބޮޑުބޭބެގެ ދަރިފުޅު (ޢަލީއަށް) ނަޞްރު ދިނުމަށެވެ. އެކަލޭގެފާނު ދެންނެވިއެވެ: އޭ އަޙްނަފެވެ. (ތިކަން ނުކޮށް) އެނބުރި ދާށެވެ. އެހެނީ ހަމަކަށަވަރުން ރަސޫލު ﷲ ﷺ ޙަދީޘް ކުރައްވަނިކޮށް ތިމަން އަޑު އެހީމެވެ: ”ކަނޑި ހިފައިގެން ދެ މުސްލިމަކު އެކަކު އަނެކަކާ ދިމާކޮށްފި ނަމަ، ފަހެ މަރާ މީހާއާއި މަރާލެވުނު މީހާއާ ދެ މީހުންވެސް ވާނީ ނަރަކައިގައެވެ.“ ތިމަން ދެންނެވީމެވެ: އޭ ﷲގެ ރަސޫލާއެވެ. މިއީ މަރާލި މީހާ (ގެ ޖަޒާއެވެ.) ފަހެ މަރާލެވުނު މީހާއަށްވީ ކިހިނެއްތޯއެވެ؟ ނަބިއްޔާ ޙަދީޘް ކުރެއްވިއެވެ: ”އޭނާއާއެކު އުޅުނު މީހާ މަރާލަން އޭނާ ބޭނުންވިކަން ކަށަވަރެވެ.“,b31
صحيح مسلم,2888b,وَحَدَّثَنَاهُ أَحْمَدُ بْنُ عَبْدَةَ الضَّبِّيُّ، حَدَّثَنَا حَمَّادٌ، عَنْ أَيُّوبَ، وَيُونُسَ، وَالْمُعَلَّى بْنِ زِيَادٍ، عَنِ الْحَسَنِ، عَنِ الْأَحْنَفِ بْنِ قَيْسٍ، عَنْ أَبِي بَكْرَةَ قَالَ: قَالَ رَسُولُ اللهِ ﷺ: إِذَا الْتَقَى الْمُسْلِمَانِ بِسَيْفَيْهِمَا فَالْقَاتِلُ وَالْمَقْتُولُ فِي النَّارِ.,އަބޫ ބަކްރާ ރިވާ ކުރެއްވިއެވެ: ރަސޫލު ﷲ ﷺ ޙަދީޘް ކުރެއްވިއެވެ: ”ކަނޑި ހިފައިގެން ދެ މުސްލިމަކު ބައްދަލުވެއްޖެ ނަމަ، ފަހެ މަރާ މީހާއާއި މަރާލެވުނު މީހާއާ ދެ މީހުންވެސް ވާނީ ނަރަކައިގައެވެ.“,b31
صحيح مسلم,2888c,وَحَدَّثَنِي حَجَّاجُ بْنُ الشَّاعِرِ، حَدَّثَنَا عَبْدُ الرَّزَّاقِ مِنْ كِتَابِهِ أَخْبَرَنَا مَعْمَرٌ، عَنْ أَيُّوبَ بِهَذَا الْإِسْنَادِ نَحْوَ حَدِيثِ أَبِي كَامِلٍ، عَنْ حَمَّادٍ إِلَى آخِرِهِ.,ކުރީގެ ޙަދީޘާ އެއްގޮތަކަށް ރިވާވެފައިވެއެވެ.,b31
صحيح مسلم,28a,حَدَّثَنَا دَاوُدُ بْنُ رُشَيْدٍ ، حَدَّثَنَا الْوَلِيدُ - يَعْنِي : ابْنَ مُسْلِمٍ - ، عَنِ ابْنِ جَابِرٍ قَالَ : حَدَّثَنِي عُمَيْرُ بْنُ هَانِئٍ قَالَ : حَدَّثَنِي جُنَادَةُ بْنُ أَبِي أُمَيَّةَ ، حَدَّثَنَا عُبَادَةُ بْنُ الصَّامِتِ قَالَ : قَالَ رَسُولُ اللهِ صَلَّى اللهُ عَلَيْهِ وَسَلَّمَ : مَنْ قَالَ : أَشْهَدُ أَنْ لَا إِلَهَ إِلَّا اللهُ وَحْدَهُ لَا شَرِيكَ لَهُ وَأَنَّ مُحَمَّدًا عَبْدُهُ وَرَسُولُهُ ، وَأَنَّ عِيسَى عَبْدُ اللهِ وَابْنُ أَمَتِهِ وَكَلِمَتُهُ أَلْقَاهَا إِلَى مَرْيَمَ وَرُوحٌ مِنْهُ ، وَأَنَّ الْجَنَّةَ حَقٌّ ، وَأَنَّ النَّارَ حَقٌّ أَدْخَلَهُ اللهُ مِنْ أَيِّ أَبْوَابِ الْجَنَّةِ الثَّمَانِيَةِ شَاءَ .,"ޢުބާދާ ބިން ޞާމިތު رَضِيَ اللَّهُ عَنْهُ ރިވާ ކުރެއްވިއެވެ: ރަސޫލު ﷺ ޙަދީޘް ކުރެއްވިއެވެ: ""ﷲ ފިޔަވައި (އަޅުކަން ޙައްގުވާ) އެހެން އެއްވެސް އިލާހަކު ނުވެ، އެ އިލާހީ އެއްކައުވަންތަ ޝަރީކަކު ނުވާ އިލާހު ކަމަށާއި، މުޙައްމަދުގެފާނީ ﷲގެ އަޅާއާއި ރަސޫލާ ކަމަށް ހެކިވެ، އަދި ޢީސާގެފާނީ ﷲގެ އަޅާ ކަމަށާއި، އެކެލޭގެފާނީ އެކަލޭގެފާނުގެ މަންމާފުޅުގެ ދަރިކަލެއް ކަމަށާއި، އެކަލޭގެފާނީ މަރިޔަމްގެފާނާ ހަމައަށް ﷲ ފޮނުއްވެވި އެ އިލާހުގެ ބަސްފުޅެއް ކަމަށާއި، އެކަލޭގެފާނީ ﷲ ގެ ހަޒްރަތުން ލެއްވުނު ފުރާނަފުޅެއް ކަމަށް ހެކިވެ، އަދި ސުވަރުގެއަކީ ޙައްގު ތެދުކަމަށް ހެކިވެ، އަދި ނަރަކައަކީ ޙައްގު ތެދުކަމަށް ތިމަން ހެކިވަމޭ ބުނެފި މީހަކަށް، ފަހެ ސުވަރުގޭގެ އަށް ދޮރުކޮޅުތަކު ތެރެއިން އޭނާ ބޭނުން ދޮރުކޮޅަކުން ﷲ އޭނާ ސުވަރުގެ ވައްދަވާނެއެވެ.""",
صحيح مسلم,28b,وَحَدَّثَنِي أَحْمَدُ بْنُ إِبْرَاهِيمَ الدَّوْرَقِيُّ ، حَدَّثَنَا مُبَشِّرُ بْنُ إِسْمَاعِيلَ ، عَنِ الْأَوْزَاعِيِّ ، عَنْ عُمَيْرِ بْنِ هَانِئٍ فِي هَذَا الْإِسْنَادِ بِمِثْلِهِ ، غَيْرَ أَنَّهُ قَالَ : أَدْخَلَهُ اللهُ الْجَنَّةَ عَلَى مَا كَانَ مِنْ عَمَلٍ ، وَلَمْ يَذْكُرْ : مِنْ أَيِّ أَبْوَابِ الْجَنَّةِ الثَّمَانِيَةِ شَاءَ .,ކުރީގެ ޙަދީޘާ އެއްގޮތަކަށް ރިވާވެފައިވެއެވެ. އެކަމަކު މި ޙަދީޘްގައި ވަނީ މިފަދައިންނެވެ: އެ މީހަކަށް ކުރެވުނު އަމަލަތައް (މަދުވިކަމުގައި ވިޔަސް) އެއާއެކުވެސް (މެއެވެ.) އަދި މިފަދައިން ޙަދީޘްގައި ޒިކުރެއް ނުކުރައްވައެވެ: ސުވަރުގޭގެ އަށް ދޮރުކޮޅުތަކު ތެރެއިން އޭނާ ބޭނުން ދޮރުކޮޅަކުންނެވެ.,
صحيح مسلم,2948a,"حَدَّثَنَا يَحْيَى بْنُ يَحْيَى، أَخْبَرَنَا حَمَّادُ بْنُ زَيْدٍ، عَنْ مُعَلَّى بْنِ زِيَادٍ، عَنْ مُعَاوِيَةَ بْنِ، قُرَّةَ عَنْ مَعْقِلِ بْنِ يَسَارٍ، أَنَّ رَسُولَ اللَّهِ ﷺ ح وَحَدَّثَنَاهُ قُتَيْبَةُ بْنُ سَعِيدٍ، حَدَّثَنَا حَمَّادٌ، عَنِ الْمُعَلَّى بْنِ زِيَادٍ، رَدَّهُ إِلَى مُعَاوِيَةَ بْنِ قُرَّةَ رَدَّهُ إِلَى مَعْقِلِ بْنِ يَسَارٍ رَدَّهُ إِلَى النَّبِيِّ ﷺ قَالَ "" الْعِبَادَةُ فِي الْهَرْجِ كَهِجْرَةٍ إِلَىَّ "" .","މަޢްގިލި ބުނު ޔަސާރި އަރިހުން، ނަބިއްޔާ ﷺَ ޙަދީޘް ކުރެއްވިޔޭ: ""އަލްހަރްޖު (ގަތުލާއި ގިނަގުނަ ފިތުނަ) ގައި އަޅުކަން ކުރުމަކީ ތިމަންކަލޭގެފާނު ގާތަށް ހިޖުރަ ކުރުންފަދައެވެ.""",
صحيح مسلم,3017a,حَدَّثَنِي أَبُو خَيْثَمَةَ زُهَيْرُ بْنُ حَرْبٍ، وَمُحَمَّدُ بْنُ الْمُثَنَّى (وَاللَّفْظُ لِابْنِ الْمُثَنَّى)، قَالَا: حَدَّثَنَا عَبْدُ الرَّحْمَنِ، (وَهُوَ ابْنُ مَهْدِيٍّ)، حَدَّثَنَا سُفْيَانُ، عَنْ قَيْسِ بْنِ مُسْلِمٍ، عَنْ طَارِقِ بْنِ شِهَابٍ: أَنَّ الْيَهُودَ قَالُوا لِعُمَرَ: إِنَّكُمْ تَقْرَؤُونَ آيَةً، لَوْ أُنْزِلَتْ فِينَا لَاتَّخَذْنَا ذَلِكَ الْيَوْمَ عِيدًا. فَقَالَ عُمَرُ: إِنِّي لَأَعْلَمُ حَيْثُ أُنْزِلَتْ، وَأَيَّ يَوْمٍ أُنْزِلَتْ، وَأَيْنَ رَسُولُ اللهِ ﷺ حَيْثُ أُنْزِلَتْ، أُنْزِلَتْ بِعَرَفَةَ، وَرَسُولُ اللهِ ﷺ وَاقِفٌ بِعَرَفَةَ. قَالَ سُفْيَانُ: أَشُكُّ، كَانَ يَوْمَ جُمُعَةٍ أَمْ لَا، يَعْنِي: { الْيَوْمَ أَكْمَلْتُ لَكُمْ دِينَكُمْ وَأَتْمَمْتُ عَلَيْكُمْ نِعْمَتِي }.,ޠާރިގު ބިން ޝިހާބު ރިވާ ކުރެއްވިއެވެ: ޔަހޫދީން ޢުމަރަށް ދެންނެވިއެވެ: ހަމަކަށަވަރުން ތިޔަބައިމީހުންގެ ފޮތުގައިވާ އާޔަތެއް ތިޔަބައިމީހުން ކިޔަވައި ހަދައެވެ. ތިމަންމެންގެ މައްޗަށް އެ އާޔަތް ބާވައިލެވުނު ނަމަ، އެ ދުވަސް ޢީދެއްގެ ގޮތުގައި ނެގީމުސްކަން ކަށަވަރެވެ. ޢުމަރު ދެންނެވިއެވެ: ހަމަކަށަވަރުން އެ އާޔަތް ބާވައިލެއްވުނު ވަގުތާއި ދުވަހާ، އަދި ބާވައިލެއްވުނު ހިނދު ރަސޫލު ﷲ ﷺ ހުންނެވި ތަން ވެސް ތިމަން ދެނެހުރީމެވެ. ބާވައިލެއްވުނީ އަރަފާތުގައެވެ. އަދި ރަސޫލު ﷲ ﷺ ހުންނެވީ އަރަފާތުގައެވެ.,b45
صحيح مسلم,3017b,حَدَّثَنَا أَبُو بَكْرِ بْنُ أَبِي شَيْبَةَ، وَأَبُو كُرَيْبٍ (وَاللَّفْظُ لِأَبِي بَكْرٍ)، قَالَ: حَدَّثَنَا عَبْدُ اللهِ بْنُ إِدْرِيسَ، عَنْ أَبِيهِ، عَنْ قَيْسِ بْنِ مُسْلِمٍ، عَنْ طَارِقِ بْنِ شِهَابٍ قَالَ: قَالَتِ الْيَهُودُ لِعُمَرَ: لَوْ عَلَيْنَا مَعْشَرَ يَهُودَ نَزَلَتْ هَذِهِ الْآيَةُ: { الْيَوْمَ أَكْمَلْتُ لَكُمْ دِينَكُمْ وَأَتْمَمْتُ عَلَيْكُمْ نِعْمَتِي وَرَضِيتُ لَكُمُ الإِسْلامَ دِينًا } نَعْلَمُ الْيَوْمَ الَّذِي أُنْزِلَتْ فِيهِ، لَاتَّخَذْنَا ذَلِكَ الْيَوْمَ عِيدًا. قَالَ: فَقَالَ عُمَرُ: فَقَدْ عَلِمْتُ الْيَوْمَ الَّذِي أُنْزِلَتْ فِيهِ وَالسَّاعَةَ، وَأَيْنَ رَسُولُ اللهِ ﷺ حِينَ نَزَلَتْ، نَزَلَتْ لَيْلَةَ جَمْعٍ، وَنَحْنُ مَعَ رَسُولِ اللهِ ﷺ بِعَرَفَاتٍ.,ޠާރިގު ބިން ޝިހާބު ރިވާ ކުރެއްވިއެވެ: ޔަހޫދީން ޢުމަރަށް ދެންނެވިއެވެ: ދެންނެވިއެވެ: ތިމަންމެން ޔަހޫދީންގެ މައްޗަށް މި އާޔަތް ބާވައިލެވުނު ނަމަ، ❞މިއަދު، ތިޔަބައިމީހުންގެ ދީން ތިޔަބައިމީހުންނަށް ޓަކައި ތިމަން އިލާހު ފުރިހަމަކޮށް ދެއްވައިފީމެވެ. އަދި ތިޔަބައިމީހުންގެ މައްޗަށް ތިމަން އިލާހުގެ ނިޢުމަތް ފުރިހަމަކޮށް ދެއްވައިފީމެވެ. އަދި އިސްލާމް ތިޔަބައިމީހުންނަށް ދީނެއް ކަމުގައި ތިމަން އިލާހު ރުހިވޮޑިގެންފީމެވެ.❝ އަދި އެ ބާވައިލެއްވުނު ދުވަސް އިނގުނު ނަމަ، އެ ދުވަސް ޢީދެއްގެ ގޮތުގައި ނެގީމުސްކަން ކަށަވަރެވެ. އެކަލޭގެފާނު ދެންނެވިއެވެ: ހަމަކަށަވަރުން އެ އާޔަތް ބާވައިލެވުނު ދުވަހާއި ގަޑިއާ، ބާވައިލެއްވުނު ހިނދު ރަސޫލު ﷲ ﷺ ހުންނެވި ތަން ވެސް ތިމަން ދެނެހުރީމެވެ. ބާވައިލެއްވުނީ ޖަމްޢުގެ މުޒްދަލިފާގެ ރޭގައެވެ. އަދި އެ ވަގުތު ތިމަންމެންވީ ރަސޫލު ﷲ ﷺ ގެ އަރިހު އަރަފާތުގައެވެ.,b45
صحيح مسلم,3017c,وَحَدَّثَنِي عَبْدُ بْنُ حُمَيْدٍ، أَخْبَرَنَا جَعْفَرُ بْنُ عَوْنٍ، أَخْبَرَنَا أَبُو عُمَيْسٍ، عَنْ قَيْسِ بْنِ مُسْلِمٍ، عَنْ طَارِقِ بْنِ شِهَابٍ قَالَ: جَاءَ رَجُلٌ مِنَ الْيَهُودِ إِلَى عُمَرَ فَقَالَ: يَا أَمِيرَ الْمُؤْمِنِينَ، آيَةٌ فِي كِتَابِكُمْ تَقْرَؤُونَهَا لَوْ عَلَيْنَا نَزَلَتْ مَعْشَرَ الْيَهُودِ، لَاتَّخَذْنَا ذَلِكَ الْيَوْمَ عِيدًا. قَالَ: وَأَيُّ آيَةٍ؟ قَالَ: { الْيَوْمَ أَكْمَلْتُ لَكُمْ دِينَكُمْ وَأَتْمَمْتُ عَلَيْكُمْ نِعْمَتِي وَرَضِيتُ لَكُمُ الإِسْلامَ دِينًا } فَقَالَ عُمَرُ: إِنِّي لَأَعْلَمُ الْيَوْمَ الَّذِي نَزَلَتْ فِيهِ، وَالْمَكَانَ الَّذِي نَزَلَتْ فِيهِ، نَزَلَتْ عَلَى رَسُولِ اللهِ ﷺ بِعَرَفَاتٍ فِي يَوْمِ جُمُعَةٍ.,ޠާރިގު ބިން ޝިހާބު ރިވާ ކުރެއްވިއެވެ: ޔަހޫދީންގެ ތެރެއިން މީހަކު ޢުމަރުގެ އަރިހަށް އައިސް ދެންނެވިއެވެ: އޭ އަމީރުލް މުއުމިނީނެވެ. ތިޔަބައިމީހުންގެ ފޮތުގައިވާ އާޔަތެއް ތިޔަބައިމީހުން ކިޔަވައި ހަދައެވެ. ތިމަންމެން ޔަހޫދީންގެ މައްޗަށް އެ އާޔަތް ބާވައިލެވުނު ނަމަ، އެ ދުވަސް ޢީދެއްގެ ގޮތުގައި ނެގީމުސްކަން ކަށަވަރެވެ. އެކަލޭގެފާނު ދެންނެވިއެވެ: ކޮން އާޔަތެއްތޯއެވެ؟ އޭނަ ދެންނެވިއެވެ: ❞މިއަދު، ތިޔަބައިމީހުންގެ ދީން ތިޔަބައިމީހުންނަށް ޓަކައި ތިމަން އިލާހު ފުރިހަމަކޮށް ދެއްވައިފީމެވެ. އަދި ތިޔަބައިމީހުންގެ މައްޗަށް ތިމަން އިލާހުގެ ނިޢުމަތް ފުރިހަމަކޮށް ދެއްވައިފީމެވެ. އަދި އިސްލާމް ތިޔަބައިމީހުންނަށް ދީނެއް ކަމުގައި ތިމަން އިލާހު ރުހިވޮޑިގެންފީމެވެ.❝ ޢުމަރު ދެންނެވިއެވެ: ހަމަކަށަވަރުން އެ އާޔަތް ބާވައިލެއްވުނު ދުވަހާއި ތަން ތިމަން ދެނެހުރީމެވެ. ބާވައިލެއްވުނީ ރަސޫލު ﷲ ﷺ އަރަފާތުގައި ހުންނަވިކޮށް ހުކުރު ދުވަހެއްގައެވެ.,b45
صحيح مسلم,35a,حَدَّثَنَا عُبَيْدُ اللهِ بْنُ سَعِيدٍ، وَعَبْدُ بْنُ حُمَيْدٍ قَالَا: حَدَّثَنَا أَبُو عَامِرٍ الْعَقَدِيُّ، حَدَّثَنَا سُلَيْمَانُ بْنُ بِلَالٍ، عَنْ عَبْدِ اللهِ بْنِ دِينَارٍ، عَنْ أَبِي صَالِحٍ، عَنْ أَبِي هُرَيْرَةَ عَنِ النَّبِيِّ ﷺ قَالَ: الْإِيمَانُ بِضْعٌ وَسَبْعُونَ شُعْبَةً، وَالْحَيَاءُ شُعْبَةٌ مِنَ الْإِيمَانِ.,އަބޫ ޙުރައިރާ ރިވާ ކުރެއްވިއެވެ: ނަބިއްޔާ ﷺ ޙަދީޘް ކުރެއްވިއެވެ: ”އީމާންކަން، ހަތްދިހަ އެތައް ގޮތްޕަކަށް (އެބަހީ: ބަޔަކަށް) ބެހިގެންވެއެވެ. އަދި ލަދުވެތިކަމަކީ އީމާންކަމުގެ ތެރެއިންވާ ގޮތްޕެކެވެ.“,b9
صحيح مسلم,35b,حَدَّثَنَا زُهَيْرُ بْنُ حَرْبٍ، حَدَّثَنَا جَرِيرٌ، عَنْ سُهَيْلٍ، عَنْ عَبْدِ اللهِ بْنِ دِينَارٍ، عَنْ أَبِي صَالِحٍ، عَنْ أَبِي هُرَيْرَةَ قَالَ: قَالَ رَسُولُ اللهِ ﷺ: الْإِيمَانُ بِضْعٌ وَسَبْعُونَ أَوْ بِضْعٌ وَسِتُّونَ شُعْبَةً، فَأَفْضَلُهَا قَوْلُ لَا إِلَهَ إِلَّا اللهُ، وَأَدْنَاهَا إِمَاطَةُ الْأَذَى عَنِ الطَّرِيقِ، وَالْحَيَاءُ شُعْبَةٌ مِنَ الْإِيمَانِ.,އަބޫ ޙުރައިރާ ރިވާ ކުރެއްވިއެވެ: ރަސޫލު ﷲ ﷺ ޙަދީޘް ކުރެއްވިއެވެ: ”އީމާންކަން، ހަތްދިހަ ނުވަތަ ފަސްދޮޅަސް އެތައް ގޮތްޕަކަށް (އެބަހީ: ބަޔަކަށް) ބެހިގެންވެއެވެ. އަދި އޭގެ އެންމެ ހެޔޮވެގެންވަނީ لَا إِلَهَ إِلَّا اللهُ (ﷲ ފިޔަވައި އަޅުކަން ޙައްގުވާ އެހެން އެއްވެސް އިލާހަކު ނުވާ ކަމަށް) ބުނުމެވެ. އަދި އޭގެ އެންމެ ކުޑަ މިންވަރަކީ (މީސްތަކުންނަށް) އުނދަގޫވާ ފަދަ އެއްޗެއް މަގުމަތިން ނަގައި ދުރު ކުރުމެވެ. އަދި ލަދުވެތިކަމަކީ އީމާންކަމުގެ ތެރެއިންވާ ގޮތްޕެކެވެ.“,b9
صحيح مسلم,36a,حَدَّثَنَا أَبُو بَكْرِ بْنُ أَبِي شَيْبَةَ، وَعَمْرٌو النَّاقِدُ، وَزُهَيْرُ بْنُ حَرْبٍ قَالُوا: حَدَّثَنَا سُفْيَانُ بْنُ عُيَيْنَةَ، عَنِ الزُّهْرِيِّ، عَنْ سَالِمٍ، عَنْ أَبِيهِ سَمِعَ النَّبِيُّ ﷺ رَجُلًا يَعِظُ أَخَاهُ فِي الْحَيَاءِ، فَقَالَ: الْحَيَاءُ مِنَ الْإِيمَانِ.,ޢަބްދު ﷲ ބިން ޢުމަރު ރިވާ ކުރެއްވިއެވެ: އަންޞާރުންގެ މީހަކު، އޭނާގެ އަޚާ ލަދުވެތި ވާތީ އެކަމާ (ދެކޮޅަށް) ވާހަކަ ދައްކާ އަޑު، ނަބިއްޔާ ﷲ ﷺ އަށް އިވިވަޑައިގަތެވެ. ދެން ޙަދީޘް ކުރެއްވިއެވެ: ”އޭނާ (އެ ގޮތް މަތީ) ދޫކޮށްލާށެވެ. އެހެނީ ހަމަކަށަވަރުން ލަދުވެތިކަމަކީ އީމާންކަމުގެ ތެރެއިންވާ ކަމެކެވެ.“,b24
صحيح مسلم,36b,حَدَّثَنَا عَبْدُ بْنُ حُمَيْدٍ، حَدَّثَنَا عَبْدُ الرَّزَّاقِ، أَخْبَرَنَا مَعْمَرٌ، عَنِ الزُّهْرِيِّ بِهَذَا الْإِسْنَادِ، وَقَالَ: مَرَّ بِرَجُلٍ مِنَ الْأَنْصَارِ يَعِظُ أَخَاهُ.,ކުރީގެ ރިިވާޔަތް އައިސްފައި ވެއެވެ. އަދި މި ޙަދީޘްގައި ވަނީ މި ފަދައިންނެވެ: އަންޞާރުންގެ މީހަކު، އޭނާގެ އަޚާ (ލަދުވެތި ވާތީ އެކަމާ ދެކޮޅަށް) ނަސޭހަތް ދެނިކޮށް، ނަބިއްޔާ އެބައިމީހުން ކައިރިންލާފައި ވަޑައިގަތެވެ.,b24
صحيح مسلم,431a,"عَنْ جَابِرِ بْنِ سَمُرَةَ، قَالَ كُنَّا إِذَا صَلَّيْنَا مَعَ رَسُولِ اللَّهِ ﷺ قُلْنَا السَّلاَمُ عَلَيْكُمْ وَرَحْمَةُ اللَّهِ السَّلاَمُ عَلَيْكُمْ وَرَحْمَةُ اللَّهِ . وَأَشَارَ بِيَدِهِ إِلَى الْجَانِبَيْنِ فَقَالَ رَسُولُ اللَّهِ ﷺ "" عَلاَمَ تُومِئُونَ بِأَيْدِيكُمْ كَأَنَّهَا أَذْنَابُ خَيْلٍ شُمُسٍ إِنَّمَا يَكْفِي أَحَدَكُمْ أَنْ يَضَعَ يَدَهُ عَلَى فَخِذِهِ ثُمَّ يُسَلِّمُ عَلَى أَخِيهِ مَنْ عَلَى يَمِينِهِ وَشِمَالِهِ "" .",ޖާބިރު ބިން ސަމުރާގެ އަރިހުން ރިވާވެގެންވެއެވެ: ތިމަންމެން ރަސޫލު ﷲ ﷺ ގެ އަރިހު ނަމާދުކުރި އިރު، السَّلامُ علَيْكُم ورَحْمَةُ اللهِ، السَّلامُ علَيْكُم ورَحْمَةُ (މިފަދައިން ބުނެ) އަތުން ދެ ފަރާތަށް އިޝާރަތްކޮށް ހެދީމެވެ. ފަހެ ރަސޫލު ﷲ ﷺ ޙަދީޘް ކުރެއްވިއެވެ: މަޑުން ނުހުރެވޭ އަސްތަކެއްގެ ނިގޫތައް ފަދައިން، ތިޔަބައިމީހުންގެ އަތްތަކުން ތިޔަ އިޝާރަތް ކުރަނީ ކޮން އެއްޗަކަށްހެއްޔެވެ؟ ތިޔައިގެ ތެރެއިން މީހަކު ހަމައެކަނި އޭނާގެ އަތް ފަލަމަސްގަނޑު މަތީގައި ބޭއްވުމަށް ފަހު، އޭނާގެ ކަނާތް ފަރާތާއި ވާތް ފަރާތުގައިވާ އޭނަގެ އަޚާއަށް ސަލާމް ދިނުމުން ފުދޭނެއެވެ.,
صحيح مسلم,43a,حَدَّثَنَا إِسْحَاقُ بْنُ إِبْرَاهِيمَ، وَمُحَمَّدُ بْنُ يَحْيَى بْنِ أَبِي عُمَرَ، وَمُحَمَّدُ بْنُ بَشَّارٍ جَمِيعًا، عَنِ الثَّقَفِيِّ قَالَ ابْنُ أَبِي عُمَرَ: حَدَّثَنَا عَبْدُ الْوَهَّابِ، عَنْ أَيُّوبَ، عَنْ أَبِي قِلَابَةَ، عَنْ أَنَسٍ، عَنِ النَّبِيِّ ﷺ قَالَ: ثَلَاثٌ مَنْ كُنَّ فِيهِ وَجَدَ بِهِنَّ حَلَاوَةَ الْإِيمَانِ: مَنْ كَانَ اللهُ وَرَسُولُهُ أَحَبَّ إِلَيْهِ مِمَّا سِوَاهُمَا، وَأَنْ يُحِبَّ الْمَرْءَ لَا يُحِبُّهُ إِلَّا لِلهِ، وَأَنْ يَكْرَهَ أَنْ يَعُودَ فِي الْكُفْرِ بَعْدَ أَنْ أَنْقَذَهُ اللهُ مِنْهُ، كَمَا يَكْرَهُ أَنْ يُقْذَفَ فِي النَّارِ.,އަނަސް ރިވާ ކުރެއްވިއެވެ: ނަބިއްޔާ ﷺ ޙަދީޘް ކުރެއްވިއެވެ: ”އެ މީހެއްގެ ކިބައިގައި ތިން (ސިފައެއް) ހުރެއްޖެ މީހަކަށް އެކަމުގެ ސަބަބުން އީމާންކަމުގެ ފޮނިކަން (އެބަހީ: އުފާވެރިކަން) ލިބޭނެއެވެ. އެއީ އެހެން ހުރިހާ ކަމަކަށްވުރެ ބޮޑަށް ﷲ އާއި އެ އިލާހުގެ ރަސޫލާ ދެކެ ލޯބިވުމެވެ. އަދި އޭނާ މީހަކު ދެކެ ލޯބި ވާއިރު، ހަމައެކަނި ﷲ އަށްޓަކައި އެ މީހަކު ދެކެ ލޯބިވުމެވެ. އަދި އޭނާ އަލިފާންގަނޑަކަށް އެއްލައިލެވެން ނަފުރަތު ކުރާ ފަދައިން، ﷲ އޭނާ ސަލާމަތް ކުރުމަށް ފަހު ކުފުރަށް އެނބުރި ދިޔުމަށް އޭނާ ނަފުރަތު ކުރުމެވެ.“,b16
صحيح مسلم,43b,حَدَّثَنَا مُحَمَّدُ بْنُ الْمُثَنَّى، وَابْنُ بَشَّارٍ قَالَا: حَدَّثَنَا مُحَمَّدُ بْنُ جَعْفَرٍ، حَدَّثَنَا شُعْبَةُ قَالَ: سَمِعْتُ قَتَادَةَ يُحَدِّثُ عَنْ أَنَسٍ قَالَ: قَالَ رَسُولُ اللهِ ﷺ: ثَلَاثٌ مَنْ كُنَّ فِيهِ وَجَدَ طَعْمَ الْإِيمَانِ: مَنْ كَانَ يُحِبُّ الْمَرْءَ لَا يُحِبُّهُ إِلَّا لِلهِ، وَمَنْ كَانَ اللهُ وَرَسُولُهُ أَحَبَّ إِلَيْهِ مِمَّا سِوَاهُمَا، وَمَنْ كَانَ أَنْ يُلْقَى فِي النَّارِ أَحَبَّ إِلَيْهِ مِنْ أَنْ يَرْجِعَ فِي الْكُفْرِ بَعْدَ أَنْ أَنْقَذَهُ اللهُ مِنْهُ.,އަނަސް ރިވާ ކުރެއްވިއެވެ: ނަބިއްޔާ ﷺ ޙަދީޘް ކުރެއްވިއެވެ: ”އެ މީހެއްގެ ކިބައިގައި ތިން (ސިފައެއް) ހުރެއްޖެ މީހަކަށް އެކަމުގެ ސަބަބުން އީމާންކަމުގެ ފޮނިކަން (އެބަހީ: އުފާވެރިކަން) ލިބޭނެއެވެ. އެއީ އޭނާ މީހަކު ދެކެ ލޯބި ވާއިރު، ހަމައެކަނި ﷲ އަށްޓަކައި އެ މީހަކު ދެކެ ލޯބިވުމެވެ. އަދި އެހެން ހުރިހާ ކަމަކަށްވުރެ ބޮޑަށް ﷲ އާއި އެ އިލާހުގެ ރަސޫލާ ދެކެ ލޯބިވުމެވެ. އަދި އޭނާ އަލިފާންގަނޑަކަށް އެއްލައިލެވެން ނަފުރަތު ކުރާ ފަދައިން، ﷲ އޭނާ ސަލާމަތް ކުރުމަށް ފަހު ކުފުރަށް އެނބުރި ދިޔުމަށް އޭނާ ނަފުރަތު ކުރުމެވެ.“,b16
صحيح مسلم,448a,وَحَدَّثَنَا قُتَيْبَةُ بْنُ سَعِيدٍ، وَأَبُو بَكْرِ بْنُ أَبِي شَيْبَةَ، وَإِسْحَاقُ بْنُ إِبْرَاهِيمَ، كُلُّهُمْ عَنْ جَرِيرٍ. قَالَ أَبُو بَكْرٍ: حَدَّثَنَا جَرِيرُ بْنُ عَبْدِ الْحَمِيدِ، عَنْ مُوسَى بْنِ أَبِي عَائِشَةَ، عَنْ سَعِيدِ بْنِ جُبَيْرٍ، عَنِ ابْنِ عَبَّاسٍ فِي قَوْلِهِ عَزَّ وَجَلَّ: { لا تُحَرِّكْ بِهِ لِسَانَكَ } قَالَ: كَانَ النَّبِيُّ ﷺ إِذَا نَزَلَ عَلَيْهِ جِبْرِيلُ بِالْوَحْيِ كَانَ مِمَّا يُحَرِّكُ بِهِ لِسَانَهُ وَشَفَتَيْهِ فَيَشْتَدُّ عَلَيْهِ فَكَانَ ذَلِكَ يُعْرَفُ مِنْهُ، فَأَنْزَلَ اللهُ تَعَالَى: { لا تُحَرِّكْ بِهِ لِسَانَكَ لِتَعْجَلَ بِهِ } أَخْذَهُ { إِنَّ عَلَيْنَا جَمْعَهُ وَقُرْآنَهُ } إِنَّ عَلَيْنَا أَنْ نَجْمَعَهُ فِي صَدْرِكَ { وَقُرْآنَهُ } فَتَقْرَأَهُ { فَإِذَا قَرَأْنَاهُ فَاتَّبِعْ قُرْآنَهُ }، قَالَ: أَنْزَلْنَاهُ فَاسْتَمِعْ لَهُ { إِنَّ عَلَيْنَا بَيَانَهُ } أَنْ نُبَيِّنَهُ بِلِسَانِكَ. فَكَانَ إِذَا أَتَاهُ جِبْرِيلُ أَطْرَقَ، فَإِذَا ذَهَبَ قَرَأَهُ كَمَا وَعَدَهُ اللهُ.,❞އެ ގުރްއާން (އަވަހަށް ދަސްކުރެއްވުމަށް) ކަލޭގެފާނުގެ ދޫފުޅު، އެ ގުރްއާނައިގެން ޙަރަކާތް ނުކުރައްވާށެވެ.❝ ﷲޢައްޒަ ވަޖައްލަގެ މި ވަހީ ބަސްފުޅާ ބެހޭ ގޮތުން އިބްނު ޢައްބާސް رَضِيَ اللَّهُ عَنْهُمَا ރިވާ ކުރެއްވިއެވެ: ނަބިއްޔާ ﷺ ގެ އަރިހަށް ވަހީއައިގެން ޖިބްރީލު ވަޑައިގަންނަވާ ހިނދު، (އެ ގުރްއާނައިގެން) ނަބިއްޔާގެ ދޫފުޅާއި ތުންފަތްކޮޅު ހަރަކާތް ކުރައްވައެވެ. އަދި ވަހީ ލިބިވަޑައިގެންނެވީ ބުރަކަމާއެކީގައެވެ. ނަބިއްޔާގެ އަރިހުން އެކަން އެނގެން ހުއްޓެވެ. ދެން ﷲ ތަޢާލާ މި އާޔަތް ބާވައިލެއްވިއެވެ: ❞އެ ގުރްއާން އަވަހަށް (ދަސްކުރެއްވުމަށް) ކަލޭގެފާނުގެ ދޫފުޅު، އެ ގުރްއާނައިގެން ޙަރަކާތް ނުކުރައްވާށެވެ.❝ (މި އާޔަތާ ބެހޭ ގޮތުން) އިބްނު ޢައްބާސް ވިދާޅުވިއެވެ: އެބަހީ ދަސްކުރެއްވުން (އަވަސް ކުރެއްވުމަށެވެ.) ❞ހަމަކަށަވަރުން އެ ގުރްއާން (ކަލޭގެފާނުގެ ހިތްޕުޅުގައި) އެއްކުރެއްވުމާއި، އެ ކިޔަވައި ވިދާޅުވުމުގެ (ކުޅަދާނަކަން) ދެއްވުމަކީ، ތިމަން އިލާހަށް އޮތް ކެމެވެ.❝ (މި އާޔަތާ ބެހޭ ގޮތުން) އިބްނު ޢައްބާސް ވިދާޅުވިއެވެ: އެބަހީ އިބަ ނަބިއްޔާއަށް ޓަކައި، އިބަ ނަބިއްޔާގެ ހިތްޕުޅުގައި އެ ގުރްއާން ﷲ އެއްކުރައްވައިގެން އިބަ ނަބިއްޔާ ކިޔަވާ ވިދާޅުވާނެއެވެ. ❞ފަހެ ތިމަން އިލާހު އެ ގުރްއާން ކިޔައިވައިދެއްވާ ހިނދު، ކަލޭގެފާނު (ހަނުހުންނަވައިގެން) އެ ކިޔަވައިދެއްވުމާ ތަބާވެވަޑައިގަންނަވާށެވެ.❝ (މި އާޔަތާ ބެހޭ ގޮތުން) އިބްނު ޢައްބާސް ވިދާޅުވިއެވެ: އެބަހީ އެ ގުރްއާން ބާވައިލެއްވުމުން އެއަށް ކަނުލައި އަޑުއައްސަވާށެވެ. ❞ދެން ހަމަކަށަވަރުން އެ ގުރްއާން ބަޔާންކޮށްދެއްވުން ވަނީވެސް ތިމަން އިލާހަށެވެ.❝ (މި އާޔަތާ ބެހޭ ގޮތުން) އިބްނު ޢައްބާސް ވިދާޅުވިއެވެ: އެބަހީ ހަމަކަށަވަރުން އިބަ ނަބިއްޔާގެ ދޫފުޅުމަތިން އެ ގުރްއާން ބަޔާންކޮށްދެއްވުން ވަނީވެސް ތިމަން އިލާހަށެވެ. އެއަށްފަހު ނަބިއްޔާގެ އަރިހަށް ޖިބްރީލު ޢަލައިހިއްސަލާމް ވަޑައިގަންނަވާ ހިނދު، ނަބިއްޔާ ކަނުލައި އަޑުއައްސަވައެވެ. ދެން ޖިބްރީލު ވަޑައިގެން ދިޔުމަށް ފަހު، ﷲ ނަބިއްޔާއަށް ވަޢުދުވެވަޑައިގެންނެވި ފަދައިން ނަބިއްޔާ އެ ގުރްއާން ކިޔަވައި ވިދާޅުވެއެވެ.,b5
صحيح مسلم,448b,حَدَّثَنَا قُتَيْبَةُ بْنُ سَعِيدٍ، حَدَّثَنَا أَبُو عَوَانَةَ، عَنْ مُوسَى بْنِ أَبِي عَائِشَةَ، عَنْ سَعِيدِ بْنِ جُبَيْرٍ، عَنِ ابْنِ عَبَّاسٍ فِي قَوْلِهِ: { لا تُحَرِّكْ بِهِ لِسَانَكَ لِتَعْجَلَ بِهِ } قَالَ: كَانَ النَّبِيُّ ﷺ يُعَالِجُ مِنَ التَّنْزِيلِ شِدَّةً، كَانَ يُحَرِّكُ شَفَتَيْهِ. فَقَالَ لِيَ ابْنُ عَبَّاسٍ: أَنَا أُحَرِّكُهُمَا كَمَا كَانَ رَسُولُ اللهِ ﷺ يُحَرِّكُهُمَا، فَقَالَ سَعِيدٌ: أَنَا أُحَرِّكُهُمَا كَمَا كَانَ ابْنُ عَبَّاسٍ يُحَرِّكُهُمَا، فَحَرَّكَ شَفَتَيْهِ، فَأَنْزَلَ اللهُ تَعَالَى { لا تُحَرِّكْ بِهِ لِسَانَكَ لِتَعْجَلَ بِهِ * إِنَّ عَلَيْنَا جَمْعَهُ وَقُرْآنَهُ } قَالَ: جَمْعَهُ فِي صَدْرِكَ ثُمَّ تَقْرَؤُهُ { فَإِذَا قَرَأْنَاهُ فَاتَّبِعْ قُرْآنَهُ } قَالَ: فَاسْتَمِعْ وَأَنْصِتْ، ثُمَّ إِنَّ عَلَيْنَا أَنْ تَقْرَأَهُ. قَالَ: فَكَانَ رَسُولُ اللهِ ﷺ إِذَا أَتَاهُ جِبْرِيلُ اسْتَمَعَ، فَإِذَا انْطَلَقَ جِبْرِيلُ قَرَأَهُ النَّبِيُّ ﷺ كَمَا أَقْرَأَهُ.,❞އެ ގުރްއާން އަވަހަށް ދަސްކުރެއްވުމަށް ކަލޭގެފާނުގެ ދޫފުޅު، އެ ގުރްއާނައިގެން ޙަރަކާތް ނުކުރައްވާށެވެ.❝ ﷲގެ މި ވަހީ ބަސްފުޅާ ބެހޭ ގޮތުން އިބްނު ޢައްބާސް ރިވާ ކުރެއްވިއެވެ: ނަބިއްޔާ ﷺ ވަހީ ލިބިވަޑައިގެންނެވީ ބުރަކަމާއެކީގައެވެ. އަދި (ހިތުދަސް ނުވެދާނެތީވެ، ވަޙި ބާވައިލެއްވުމުން ދިޔަ ހިނދު) އެ ކިޔަވައި ވިދާޅުވުމައިގެން ނަބިއްޔާގެ ތުންފަތްކޮޅު ހަރަކާތް ކުރައްވައެވެ. –އިބްނު ޢައްބާސް (މި ވާހަކަ ކިޔައިދެއްވަމުން) ވިދާޅުވިއެވެ: ފަހެ ރަސޫލު ﷲ ﷺ ތުންފަތްކޮޅު ހަރަކާތް ކުރައްވި ފަދައިން، ތިޔަބައިމިހުންނަށް ދެއްކުމަށް ޓަކައި ތިމަންނަވެސް މި ހަރަކާތް ކުރަނީއެވެ. (އަދި އިބްނު ޢައްބާސްގެ އަރިހުން ރިވާ ކުރެއްވި ސައީދު ބިން ޖުބައިރުވެސް އެފަދައިން ކަންކުރެއްވިއެވެ.)- އެއަށްފަހު ﷲ ތަޢާލާ ވަހީ ބާވައިލެއްވިއެވެ: ❞އެ ގުރްއާން އަވަހަށް ދަސްކުރެއްވުމަށް ކަލޭގެފާނުގެ ދޫފުޅު، އެ ގުރްއާނައިގެން ޙަރަކާތް ނުކުރައްވާށެވެ. ހަމަކަށަވަރުން އެ ގުރްއާން (ކަލޭގެފާނުގެ ހިތްޕުޅުގައި) އެއްކުރެއްވުމާއި، އެ ކިޔަވައި ވިދާޅުވުމުގެ (ކުޅަދާނަކަން) ދެއްވުމަކީ، ތިމަން އިލާހަށް އޮތް ކެމެވެ.❝ (މި އާޔަތާ ބެހޭ ގޮތުން) އިބްނު ޢައްބާސް ވިދާޅުވިއެވެ: އެބަހީ އިބަ ނަބިއްޔާއަށް ޓަކައި، އިބަ ނަބިއްޔާގެ ހިތްޕުޅުގައި އެ ގުރްއާން ﷲ އެއްކުރައްވައިގެން އިބަ ނަބިއްޔާ ކިޔަވާ ވިދާޅުވާނެއެވެ. ❞ފަހެ ތިމަން އިލާހު އެ ގުރްއާން ކިޔައިވައިދެއްވާ ހިނދު، ކަލޭގެފާނު (ހަނުހުންނަވައިގެން) އެ ކިޔަވައިދެއްވުމާ ތަބާވެވަޑައިގަންނަވާށެވެ.❝ (މި އާޔަތާ ބެހޭ ގޮތުން) އިބްނު ޢައްބާސް ވިދާޅުވިއެވެ: އެބަހީ ހަނުހުންނަވައިގެން ކަނުލައި އަޑުއައްސަވާށެވެ. ދެން އިބަ ނަބިއްޔާ އެ ގުރްއާން ކިޔަވައި ވިދާޅުވުމުގެ (ކުޅަދާނަކަށް) ދެއްވުމަކީ ވެސް ތިމަން އިލާހަށް އޮތް ކަމެކެވެ. އެއަށްފަހު ރަސޫލު ﷲ ﷺ ގެ އަރިހަށް ޖިބްރީލު ވަޑައިގަންނަވާ ހިނދު، ނަބިއްޔާ ކަނުލައި އަޑުއައްސަވައެވެ. ދެން ޖިބްރީލު ވަޑައިގެން ދިޔުމަށް ފަހު، ނަބިއްޔާ ﷺ އަށް ކިޔަވައި ވިދާޅުވަން ޖެއްސެވުނު ފަދައިން އެ ގުރްއާން ކިޔަވައި ވިދާޅުވެއެވެ.,b5
صحيح مسلم,44a,وَحَدَّثَنِي زُهَيْرُ بْنُ حَرْبٍ، حَدَّثَنَا إِسْمَاعِيلُ ابْنُ عُلَيَّةَ، (ح) وَحَدَّثَنَا شَيْبَانُ بْنُ أَبِي شَيْبَةَ، حَدَّثَنَا عَبْدُ الْوَارِثِ كِلَاهُمَا، عَنْ عَبْدِ الْعَزِيزِ، عَنْ أَنَسٍ قَالَ: قَالَ رَسُولُ اللهِ ﷺ: لَا يُؤْمِنُ عَبْدٌ - وَفِي حَدِيثِ عَبْدِ الْوَارِثِ: الرَّجُلُ - حَتَّى أَكُونَ أَحَبَّ إِلَيْهِ مِنْ أَهْلِهِ وَمَالِهِ وَالنَّاسِ أَجْمَعِينَ.,އަނަސް ރިވާ ކުރެއްވިއެވެ: ރަސޫލު ﷲ ﷺ ޙަދީޘް ކުރެއްވިއެވެ: ”އެ މީހެއްގެ އާއިލާއާއި، މުދަލާއި އަދި އެންމެހައި މީސްތަކުންނަށްވުރެ ބޮޑަށް ތިމަން ނަބިއްޔާ ދެކެ ލޯބިކޮށްފުމަށް ދާންދެން، އެއްވެސް އަޅަކު (ނުވަތަ މީހަކު، ޙަގީގީ ފުރިހަމަ ގޮތުގައި) އީމާންވީ ކަމުގައެއް ނުވާނެއެވެ.“,b15
صحيح مسلم,44b,حَدَّثَنَا مُحَمَّدُ بْنُ الْمُثَنَّى وَابْنُ بَشَّارٍ قَالَا: حَدَّثَنَا مُحَمَّدُ بْنُ جَعْفَرٍ، حَدَّثَنَا شُعْبَةُ قَالَ: سَمِعْتُ قَتَادَةَ يُحَدِّثُ عَنْ أَنَسِ بْنِ مَالِكٍ قَالَ: قَالَ رَسُولُ اللهِ ﷺ: لَا يُؤْمِنُ أَحَدُكُمْ حَتَّى أَكُونَ أَحَبَّ إِلَيْهِ مِنْ وَلَدِهِ وَوَالِدِهِ وَالنَّاسِ أَجْمَعِينَ.,އަނަސް ބިން މާލިކު ރިވާ ކުރެއްވިއެވެ: ރަސޫލު ﷲ ﷺ ޙަދީޘް ކުރެއްވިއެވެ: ”އެ މީހެއްގެ އާއިލާއާއި، މުދަލާއި އަދި އެންމެހައި މީސްތަކުންނަށްވުރެ ބޮޑަށް ތިމަން ނަބިއްޔާ ދެކެ ލޯބިކޮށްފުމަށް ދާންދެން، ތިޔަބައިމީހުންގެ ތެރެއިން އެކަކު ވެސް (ޙަގީގީ ފުރިހަމަ ގޮތުގައި) އީމާންވީ ކަމުގައެއް ނުވާނެއެވެ.“,b15
صحيح مسلم,45a,حَدَّثَنَا مُحَمَّدُ بْنُ الْمُثَنَّى، وَابْنُ بَشَّارٍ قَالَا: حَدَّثَنَا مُحَمَّدُ بْنُ جَعْفَرٍ، حَدَّثَنَا شُعْبَةُ قَالَ: سَمِعْتُ قَتَادَةَ يُحَدِّثُ عَنْ أَنَسِ بْنِ مَالِكٍ عَنِ النَّبِيِّ ﷺ قَالَ: لَا يُؤْمِنُ أَحَدُكُمْ حَتَّى يُحِبَّ لِأَخِيهِ، أَوْ قَالَ: لِجَارِهِ، مَا يُحِبُّ لِنَفْسِهِ.,އަނަސް ބިން މާލިކު ރިވާ ކުރެއްވިއެވެ: ނަބިއްޔާ ﷺ ޙަދީޘް ކުރެއްވިއެވެ: ”ތިބާގެ އަމިއްލަ ނަފްސަށް ލޯބި ކުރާ ކަންތައް ތިބާގެ އަޚާއަށް (ނުވަތަ އަވައްޓެރިއާއަށް) ވެސް ލިބުމަށް ލޯބިކޮށްފުމަށް ދާންދެން، ތިޔަބައިމީހުންގެ ތެރެއިން އެކަކުވެސް (ޙަގީގީ ފުރިހަމަ ގޮތުގައި) އީމާންވީ ކަމުގައެއް ނުވާނެއެވެ.“,b13
صحيح مسلم,45b,وَحَدَّثَنِي زُهَيْرُ بْنُ حَرْبٍ، حَدَّثَنَا يَحْيَى بْنُ سَعِيدٍ، عَنْ حُسَيْنٍ الْمُعَلِّمِ، عَنْ قَتَادَةَ، عَنْ أَنَسٍ، عَنِ النَّبِيِّ ﷺ قَالَ: وَالَّذِي نَفْسِي بِيَدِهِ لَا يُؤْمِنُ عَبْدٌ حَتَّى يُحِبَّ لِجَارِهِ، أَوْ قَالَ: لِأَخِيهِ، مَا يُحِبُّ لِنَفْسِهِ.,އަނަސް ބިން މާލިކު ރިވާ ކުރެއްވިއެވެ: ނަބިއްޔާ ﷺ ޙަދީޘް ކުރެއްވިއެވެ: ”ތިމަން ނަބިއްޔާގެ ނަފްސުފުޅު އެ ފަރާތެއްގެ އަތްޕުޅުގައިވާ ފަރާތް ގަންދީ ބުނަމެވެ. އެ މީހެއްގެ އަމިއްލަ ނަފްސަށް ލޯބި ކުރާ ކަންތައް އޭނާގެ އަވައްޓެރިއާއަށް (ނުވަތަ އަޚާއަށް) ވެސް ލިބުމަށް ލޯބިކޮށްފުމަށް ދާންދެން، އެއްވެސް އަޅަކު (ޙަގީގީ ފުރިހަމަ ގޮތުގައި) އީމާންވީ ކަމުގައެއް ނުވާނެއެވެ.“,b13
صحيح مسلم,525a,حَدَّثَنَا أَبُو بَكْرِ بْنُ أَبِي شَيْبَةَ، حَدَّثَنَا أَبُو الْأَحْوَصِ، عَنْ أَبِي إِسْحَاقَ، عَنِ الْبَرَاءِ بْنِ عَازِبٍ قَالَ: صَلَّيْتُ مَعَ النَّبِيِّ ﷺ إِلَى بَيْتِ الْمَقْدِسِ سِتَّةَ عَشَرَ شَهْرًا، حَتَّى نَزَلَتِ الْآيَةُ الَّتِي فِي الْبَقَرَةِ { وَحَيْثُ مَا كُنْتُمْ فَوَلُّوا وُجُوهَكُمْ شَطْرَهُ } فَنَزَلَتْ بَعْدَ مَا صَلَّى النَّبِيُّ ﷺ، فَانْطَلَقَ رَجُلٌ مِنَ الْقَوْمِ فَمَرَّ بِنَاسٍ مِنَ الْأَنْصَارِ وَهُمْ يُصَلُّونَ فَحَدَّثَهُمْ، فَوَلَّوْا وُجُوهَهُمْ قِبَلَ الْبَيْتِ.,އަލްބަރާއު ބިން ޢާޒިބު ރިވާ ކުރެއްވިއެވެ: ސޯޅަ މަސްދުވަސް ވަންދެން ބައިތުލް މަގްދިސާ ދިމާލަށް ނަބިއްޔާ ﷺ ގެ އަރިހު ތިމަންމެން ނަމާދު ކުރީމެވެ. އެއީ ބަގަރާ ސޫރަތުގައި މިވާ އާޔަތް ބާވައިލެވުމަށް ދާންދެނެވެ: ❞އަދި ތިޔަބައިމީހުންވީ ކޮންމެ ތާކުމެ އެ ދިމާލަށް މޫނުތައް ކުރިމަތި ކުރާށެވެ.❝ އެ އާޔަތް ބާވައިލެވުނީ ނަބިއްޔާ ﷺ ނަމާދު ކުރެއްވުމަށް ފަހުގައެވެ. ދެން މީސްތަކުންގެ ތެރެއިން މީހަކު ނުކުމެ، ނަމާދު( ބައިތުލް މަގްދިސާ ކުރިމަތިލައިގެން ތިބި) އަންޞާރުންގެ ބަޔަކު ކައިރިންލައިފާ ދިޔައެވެ. އަދި އޭނާ އެބައިމީހުންނާ ވާހަކަ ދެއްކުމުން އެބައިމީހުން ކަޢުބާއާ ދިމާލަށް އެނބުރުނެވެ.,b40
صحيح مسلم,525b,حَدَّثَنَا مُحَمَّدُ بْنُ الْمُثَنَّى، حَدَّثَنَا يَحْيَى، عَنْ سُفْيَانَ، حَدَّثَنِي أَبُو إِسْحَاقَ قَالَ: سَمِعْتُ الْبَرَاءَ رَضِيَ اللهُ عَنْهُ قَالَ: صَلَّيْنَا مَعَ النَّبِيِّ ﷺ نَحْوَ بَيْتِ الْمَقْدِسِ سِتَّةَ عَشَرَ، أَوْ سَبْعَةَ عَشَرَ شَهْرًا، ثُمَّ صَرَفَهُ نَحْوَ الْقِبْلَةِ.,އަލްބަރާއު ބިން ޢާޒިބު رَضِيَ اللَّهُ عَنْهُ ރިވާ ކުރެއްވިއެވެ: ސޯޅަ ނުވަތަ ސަތާރަ މަސްދުވަސް ވަންދެން ބައިތުލް މަގްދިސާ ދިމާލަށް ނަބިއްޔާ ﷺ ގެ އަރިހު ތިމަންމެން ނަމާދު ކުރީމެވެ. އެއަށްފަހު (ގެފުޅުގެ) ގިބްލައާ ދިމާލަށް އެ އިލާހު ނަބިއްޔާ ކުރިމަތި ކުރެއްވިއެވެ.,b40
صحيح مسلم,55a,حَدَّثَنَا مُحَمَّدُ بْنُ عَبَّادٍ الْمَكِّيُّ، حَدَّثَنَا سُفْيَانُ قَالَ: قُلْتُ لِسُهَيْلٍ: إِنَّ عَمْرًا، حَدَّثَنَا عَنِ الْقَعْقَاعِ، عَنْ أَبِيكَ، قَالَ: وَرَجَوْتُ أَنْ يُسْقِطَ عَنِّي رَجُلًا، قَالَ: فَقَالَ: سَمِعْتُهُ مِنَ الَّذِي سَمِعَهُ مِنْهُ أَبِي كَانَ صَدِيقًا لَهُ بِالشَّامِ، ثُمَّ حَدَّثَنَا سُفْيَانُ، عَنْ سُهَيْلٍ، عَنْ عَطَاءِ بْنِ يَزِيدَ، عَنْ تَمِيمٍ الدَّارِيِّ أَنَّ النَّبِيَّ ﷺ قَالَ: الدِّينُ النَّصِيحَةُ، قُلْنَا: لِمَنْ؟ قَالَ: لِلهِ وَلِكِتَابِهِ وَلِرَسُولِهِ وَلِأَئِمَّةِ الْمُسْلِمِينَ وَعَامَّتِهِمْ.,ތަމީމު އައްދާރީ ރިވާ ކުރެއްވިއެވެ: ނަބިއްޔާ ﷺ ޙަދީޘް ކުރެއްވިއެވެ: ”ދީނަކީ ނަސޭހަތެވެ.“ (އެބަހީ: އިޚްލާޞްތެރި ވުމެވެ.) ތިމަންމެން (ޞަޙާބީން) ދެންނެވީމެވެ: ކޮން ބަޔަކަށްތޯއެވެ؟ ނަބިއްޔާ ޙަދީޘް ކުރެއްވިއެވެ: ”ﷲ އަށާއި، އެ އިލާހުގެ ފޮތަށާއި، އެ އިލާހުގެ ރަސޫލާއަށާއި، އަދި މުސްލިމުންގެ ވެރިންނަށާއި، އެބައިމީހުންގެ އާންމުންނަށެވެ.“,
صحيح مسلم,59a,حَدَّثَنَا يَحْيَى بْنُ أَيُّوبَ، وَقُتَيْبَةُ بْنُ سَعِيدٍ - وَاللَّفْظُ لِيَحْيَى - قَالَا: حَدَّثَنَا إِسْمَاعِيلُ بْنُ جَعْفَرٍ قَالَ: أَخْبَرَنِي أَبُو سُهَيْلٍ نَافِعُ بْنُ مَالِكِ بْنِ أَبِي عَامِرٍ، عَنْ أَبِيهِ، عَنْ أَبِي هُرَيْرَةَ أَنَّ رَسُولَ اللهِ ﷺ قَالَ: آيَةُ الْمُنَافِقِ ثَلَاثٌ: إِذَا حَدَّثَ كَذَبَ، وَإِذَا وَعَدَ أَخْلَفَ، وَإِذَا ائْتُمِنَ خَانَ.,އަބޫ ހުރައިރާ ރިވާ ކުރެއްވިއެވެ: ރަސޫލު ﷲ ﷺ ޙަދީޘް ކުރެއްވިއެވެ: ”މުނާފިގެއްގެ ތިން އަލާމާތެއް ވެއެވެ. އޭނާ ވާހަކައެއް ދައްކައިފި ނަމަ، ދޮގު ހަދާނެއެވެ. އަދި ވަޢުދެއް ވެއްޖެ ނަމަ، ޚިލާފު ވާނެއެވެ. އަދި އަމާނާތެއް ހަވާލު ކުރެވިއްޖެ ނަމަ، ޚިޔާނާތްތެރި ވާނެއެވެ.“,b33
صحيح مسلم,59b,حَدَّثَنَا أَبُو بَكْرِ بْنُ إِسْحَاقَ، أَخْبَرَنَا ابْنُ أَبِي مَرْيَمَ، أَخْبَرَنَا مُحَمَّدُ بْنُ جَعْفَرٍ قَالَ: أَخْبَرَنِي الْعَلَاءُ بْنُ عَبْدِ الرَّحْمَنِ بْنِ يَعْقُوبَ مَوْلَى الْحُرَقَةِ، عَنْ أَبِيهِ، عَنْ أَبِي هُرَيْرَةَ قَالَ: قَالَ رَسُولُ اللهِ ﷺ: مِنْ عَلَامَاتِ الْمُنَافِقِ ثَلَاثَةٌ: إِذَا حَدَّثَ كَذَبَ، وَإِذَا وَعَدَ أَخْلَفَ، وَإِذَا ائْتُمِنَ خَانَ.,އަބޫ ހުރައިރާ ރިވާ ކުރެއްވިއެވެ: ރަސޫލު ﷲ ﷺ ޙަދީޘް ކުރެއްވިއެވެ: ”މުނާފިގެއްގެ ތިން އަލާމާތެއް ވެއެވެ. އޭނާ ވާހަކައެއް ދައްކައިފި ނަމަ، ދޮގު ހަދާނެއެވެ. އަދި ވަޢުދެއް ވެއްޖެ ނަމަ، ޚިލާފު ވާނެއެވެ. އަދި އަމާނާތެއް ހަވާލު ކުރެވިއްޖެ ނަމަ، ޚިޔާނާތްތެރި ވާނެއެވެ.“,b33
صحيح مسلم,59c,حَدَّثَنَا عُقْبَةُ بْنُ مُكْرَمٍ الْعَمِّيُّ، حَدَّثَنَا يَحْيَى بْنُ مُحَمَّدِ بْنِ قَيْسٍ أَبُو زُكَيْرٍ قَالَ: سَمِعْتُ الْعَلَاءَ بْنَ عَبْدِ الرَّحْمَنِ يُحَدِّثُ بِهَذَا الْإِسْنَادِ، وَقَالَ: آيَةُ الْمُنَافِقِ ثَلَاثٌ، وَإِنْ صَامَ وَصَلَّى وَزَعَمَ أَنَّهُ مُسْلِمٌ,(ކުރީގެ ޙަދީޘްގެ އިތުރަށް ރިވާވެގެން ވެއެވެ:) ”މުނާފިގެއްގެ ތިން އަލާމާތެއް ވެއެވެ. އަދި އޭނާ ރޯދަ ހިފައި، ނަމާދުކޮށް، އޭނާއަކީ މުސްލިމެއް ކަމުގައި ދަޢުވާ ކުރިކަމުގައި ވިޔަސްމެއެވެ.“,b33
صحيح مسلم,59d,وَحَدَّثَنِي أَبُو نَصْرٍ التَّمَّارُ، وَعَبْدُ الْأَعْلَى بْنُ حَمَّادٍ قَالَا: حَدَّثَنَا حَمَّادُ بْنُ سَلَمَةَ، عَنْ دَاوُدَ بْنِ أَبِي هِنْدٍ، عَنْ سَعِيدِ بْنِ الْمُسَيِّبِ، عَنْ أَبِي هُرَيْرَةَ قَالَ: قَالَ رَسُولُ اللهِ ﷺ بِمِثْلِ حَدِيثِ يَحْيَى بْنِ مُحَمَّدٍ، عَنِ الْعَلَاءِ، ذَكَرَ فِيهِ: وَإِنْ صَامَ وَصَلَّى، وَزَعَمَ أَنَّهُ مُسْلِمٌ.,(ކުރީގެ ޙަދީޘްގެ އިތުރަށް ރިވާވެގެން ވެއެވެ:) ”އަދ އޭނާ ރޯދަ ހިފައި، ނަމާދުކޮށް، އޭނާއަކީ މުސްލިމެއް ކަމުގައި ދަޢުވާ ކުރިކަމުގައި ވިޔަސްމެއެވެ.“,b33
صحيح مسلم,64a,حَدَّثَنَا مُحَمَّدُ بْنُ بَكَّارِ بْنِ الرَّيَّانِ، وَعَوْنُ بْنُ سَلَّامٍ قَالَا: حَدَّثَنَا مُحَمَّدُ بْنُ طَلْحَةَ، (ح) وَحَدَّثَنَا مُحَمَّدُ بْنُ الْمُثَنَّى، حَدَّثَنَا عَبْدُ الرَّحْمَنِ بْنُ مَهْدِيٍّ، حَدَّثَنَا ح سُفْيَانُ، وَحَدَّثَنَا مُحَمَّدُ بْنُ الْمُثَنَّى، حَدَّثَنَا مُحَمَّدُ بْنُ جَعْفَرٍ، حَدَّثَنَا شُعْبَةُ كُلُّهُمْ، عَنْ زُبَيْدٍ، عَنْ أَبِي وَائِلٍ، عَنْ عَبْدِ اللهِ بْنِ مَسْعُودٍ قَالَ: قَالَ رَسُولُ اللهِ ﷺ: سِبَابُ الْمُسْلِمِ فُسُوقٌ، وَقِتَالُهُ كُفْرٌ. قَالَ زُبَيْدٌ: فَقُلْتُ لِأَبِي وَائِلٍ: أَنْتَ سَمِعْتَهُ مِنْ عَبْدِ اللهِ يَرْوِيهِ عَنْ رَسُولِ اللهِ ﷺ؟ قَالَ: نَعَمْ. وَلَيْسَ فِي حَدِيثِ شُعْبَةَ قَوْلُ زُبَيْدٍ لِأَبِي وَائِلٍ.,ޢަބްދު ﷲ ބިން މަސްޢޫދު ރިވާ ކުރެއްވިއެވެ: ރަސޫލު ﷲ ﷺ ޙަދީޘް ކުރެއްވިއެވެ: ”މުސްލިމަކަށް ހުތުރު އެއްޗެހި ގޮވުމަކީ ފާސިގުކަމެކެވެ. އަދި އޭނާއާ ތަޅާފޮޅުމަކީ ކުރުމަކީ ކުފުރެކެވެ.“,b48
صحيح مسلم,64b,حَدَّثَنَا أَبُو بَكْرِ بْنُ أَبِي شَيْبَةَ وَابْنُ الْمُثَنَّى، عَنْ مُحَمَّدِ بْنِ جَعْفَرٍ، عَنْ شُعْبَةَ، عَنْ مَنْصُورٍ، (ح) وَحَدَّثَنَا ابْنُ نُمَيْرٍ، حَدَّثَنَا عَفَّانُ، حَدَّثَنَا شُعْبَةُ، عَنِ الْأَعْمَشِ كِلَاهُمَا، عَنْ أَبِي وَائِلٍ، عَنْ عَبْدِ اللهِ، عَنِ النَّبِيِّ ﷺ بِمِثْلِهِ.,ކުރީގެ ޙަދީޘާ އެއްގޮތަކަށް ރިވާވެފައިވެއެވެ.,b48
صحيح مسلم,74a,حَدَّثَنَا مُحَمَّدُ بْنُ الْمُثَنَّى، حَدَّثَنَا عَبْدُ الرَّحْمَنِ بْنُ مَهْدِيٍّ، عَنْ شُعْبَةَ، عَنْ عَبْدِ اللهِ بْنِ عَبْدِ اللهِ بْنِ جَبْرٍ قَالَ: سَمِعْتُ أَنَسًا قَالَ: قَالَ رَسُولُ اللهِ ﷺ: آيَةُ الْمُنَافِقِ بُغْضُ الْأَنْصَارِ، وَآيَةُ الْمُؤْمِنِ حُبُّ الْأَنْصَارِ.,އަނަސް ރިވާ ކުރެއްވިއެވެ: ރަސޫލު ﷲ ﷺ ޙަދީޘް ކުރެއްވިއެވެ: ”މުނާފިގެއްގެ އަލާމާތަކީ އަންޞާރުން ދެކެ ނަފުރަތު ކުރުމެވެ. އަދި މުއުމިނެއްގެ އަލާމާތަކީ އަންޞާރުން ދެކެ ލޯބިވުމެވެ.“,b17
صحيح مسلم,74b,حَدَّثَنَا يَحْيَى بْنُ حَبِيبٍ الْحَارِثِيُّ، حَدَّثَنَا خَالِدٌ - يَعْنِي: ابْنَ الْحَارِثِ، حَدَّثَنَا شُعْبَةُ، عَنْ عَبْدِ اللهِ بْنِ عَبْدِ اللهِ، عَنْ أَنَسٍ، عَنِ النَّبِيِّ ﷺ أَنَّهُ قَالَ: حُبُّ الْأَنْصَارِ آيَةُ الْإِيمَانِ، وَبُغْضُهُمْ آيَةُ النِّفَاقِ.,އަނަސް ރިވާ ކުރެއްވިއެވެ: ނަބިއްޔާ ﷺ ޙަދީޘް ކުރެއްވިއެވެ: ”އީމާންކަމުގެ އަލާމާތަކީ އަންޞާރުން ދެކެ ލޯބިވުމެވެ. އަދި މުނާފިގުކަމުގެ އަލާމާތަކީ އެބައިމީހުން ދެކެ ނަފުރަތު ކުރުމެވެ.“,b17
صحيح مسلم,759a,حَدَّثَنَا يَحْيَى بْنُ يَحْيَى قَالَ: قَرَأْتُ عَلَى مَالِكٍ، عَنِ ابْنِ شِهَابٍ، عَنْ حُمَيْدِ بْنِ عَبْدِ الرَّحْمَنِ، عَنْ أَبِي هُرَيْرَةَ أَنَّ رَسُولَ اللهِ ﷺ قَالَ: مَنْ قَامَ رَمَضَانَ إِيمَانًا وَاحْتِسَابًا غُفِرَ لَهُ مَا تَقَدَّمَ مِنْ ذَنْبِهِ.,އަބޫ ހުރައިރާ ރިވާ ކުރެއްވިއެވެ: ރަސޫލު ﷲ ﷺ ޙަދީޘް ކުރެއްވިއެވެ: ”އީމާންތެރިކަމާއެކު އަދި ސަވާބަށް އެދޭ ހާލު، ރަމަޟާން މަހު ރޭއަޅުކަންކޮށްފި މީހަކަށް، އޭނާގެ އިސްވެދިޔަ ފާފަތައް ފުއްސެވޭނެއެވެ.“,b35
صحيح مسلم,759b,وَحَدَّثَنَا عَبْدُ بْنُ حُمَيْدٍ، أَخْبَرَنَا عَبْدُ الرَّزَّاقِ، أَخْبَرَنَا مَعْمَرٌ، عَنِ الزُّهْرِيِّ، عَنْ أَبِي سَلَمَةَ، عَنْ أَبِي هُرَيْرَةَ قَالَ: كَانَ رَسُولُ اللهِ ﷺ يُرَغِّبُ فِي قِيَامِ رَمَضَانَ مِنْ غَيْرِ أَنْ يَأْمُرَهُمْ فِيهِ بِعَزِيمَةٍ فَيَقُولُ: مَنْ قَامَ رَمَضَانَ إِيمَانًا وَاحْتِسَابًا غُفِرَ لَهُ مَا تَقَدَّمَ مِنْ ذَنْبِهِ. فَتُوُفِّيَ رَسُولُ اللهِ ﷺ وَالْأَمْرُ عَلَى ذَلِكَ، ثُمَّ كَانَ الْأَمْرُ عَلَى ذَلِكَ فِي خِلَافَةِ أَبِي بَكْرٍ وَصَدْرًا مِنْ خِلَافَةِ عُمَرَ عَلَى ذَلِكَ.,އަބޫ ހުރައިރާ ރިވާ ކުރެއްވިއެވެ: ރަމަޟާން މަހު ރޭއަޅުކަން ކުރުމަށް ރަސޫލު ﷲ ﷺ ބާރުއަޅުއްވައެވެ. އެއީ ވާޖިބު ކަމެއް ގޮތުގައި އަމުރު ކުރުމަކާ ނުލައެވެ. ފަހެ އެކަލޭގެފާނު ޙަދީޘް ކުރައްވައެވެ: ”އީމާންތެރިކަމާއެކު އަދި ސަވާބަށް އެދޭ ހާލު، ރަމަޟާން މަހު ރޯދަ ހިފައިފި މީހަކަށް، އޭނާގެ އިސްވެދިޔަ ފާފަތައް ފުއްސެވޭނެއެވެ. އަދި އީމާންތެރިކަމާއެކު އަދި ސަވާބަށް އެދޭ ހާލު ލައިލަތުލް ގަދްރި ވިލޭރޭގައި ރޭއަޅުކަންކޮށްފި މީހަކަށް، އޭނާގެ އިސްވެދިޔަ ފާފަތައް ފުއްސެވޭނެއެވެ.“ (އިބްނު ޝިހާބު އައްޒުހްރީ ވިދާޅުވިއެވެ:) ފަހެ ރަސޫލު ﷲ ﷺ އަވަހާރަވި އިރު ކަން އޮތީ އެ ގޮތުގެ މަތީގައެވެ. (އެބަހީ: މީސްތަކުން ވަކިވަކިންނާއި ކުދި ޖަމާއަތްތަށް ހަދައިގެން ތަރާވީސް ކުރިއެވެ.) އަދި އަބޫ ބަކުރުގެ ޚިލާފަތުގައި ވެސް ކަން އޮތީ އެ ގޮތުގެ މަތީގައެވެ. އަދި ޢުމަރުގެ ޚިލާފަތުގެ ކުރީކޮޅުގައިވެސް އޮތީ އެ ގޮތުގެ މަތީގައެވެ.,b35
صحيح مسلم,760a,وَحَدَّثَنِي زُهَيْرُ بْنُ حَرْبٍ، حَدَّثَنَا مُعَاذُ بْنُ هِشَامٍ، حَدَّثَنِي أَبِي، عَنْ يَحْيَى بْنِ أَبِي كَثِيرٍ قَالَ: حَدَّثَنَا أَبُو سَلَمَةَ بْنُ عَبْدِ الرَّحْمَنِ أَنَّ أَبَا هُرَيْرَةَ حَدَّثَهُمْ أَنَّ رَسُولَ اللهِ ﷺ قَالَ: مَنْ صَامَ رَمَضَانَ إِيمَانًا وَاحْتِسَابًا غُفِرَ لَهُ مَا تَقَدَّمَ مِنْ ذَنْبِهِ. وَمَنْ قَامَ لَيْلَةَ الْقَدْرِ إِيمَانًا وَاحْتِسَابًا غُفِرَ لَهُ مَا تَقَدَّمَ مِنْ ذَنْبِهِ.,އަބޫ ހުރައިރާ ރިވާ ކުރެއްވިއެވެ: ރަސޫލު ﷲ ﷺ ޙަދީޘް ކުރެއްވިއެވެ: ”އީމާންތެރިކަމާއެކު އަދި ސަވާބަށް އެދޭ ހާލު، ރަމަޟާން މަހު ރޯދަ ހިފައިފި މީހަކަށް، އޭނާގެ އިސްވެދިޔަ ފާފަތައް ފުއްސެވޭނެއެވެ. އަދި އީމާންތެރިކަމާއެކު އަދި ސަވާބަށް އެދޭ ހާލު ލައިލަތުލް ގަދްރި ވިލޭރޭގައި ރޭއަޅުކަންކޮށްފި މީހަކަށް، އޭނާގެ އިސްވެދިޔަ ފާފަތައް ފުއްސެވޭނެއެވެ.“,b35
صحيح مسلم,760b,حَدَّثَنِي مُحَمَّدُ بْنُ رَافِعٍ، حَدَّثَنَا شَبَابَةُ، حَدَّثَنِي وَرْقَاءُ، عَنْ أَبِي الزِّنَادِ، عَنِ الْأَعْرَجِ، عَنْ أَبِي هُرَيْرَةَ عَنِ النَّبِيِّ ﷺ قَالَ: مَنْ يَقُمْ لَيْلَةَ الْقَدْرِ فَيُوَافِقُهَا - أُرَاهُ قَالَ - إِيمَانًا وَاحْتِسَابًا غُفِرَ لَهُ.,"އަބޫ ހުރައިރާ ރިވާ ކުރެއްވިއެވެ: ނަބިއްޔާ ﷺ ޙަދީޘް ކުރެއްވިއެވެ: ”އީމާންތެރިކަމާއެކު އަދި ސަވާބަށް އެދޭ ހާލު، ލައިލަތުލް ގަދްރި ވިލޭރޭގައި ރޭއަޅުކަން ކުރާ މީހަކަށް، އޭނާގެ އިސްވެދިޔަ ފާފަތައް ފުއްސެވޭނެއެވެ.“
//
""އީމާންވެހުރެ، (ﷲގެ ހަޒްރަތުން) ޘަވާބާއި ދަރުމައަށް އެދޭ ހާލު ގަދްރި ވިލޭރޭ ގިޔާމް(ރޭއަޅުކަ އަޅުކަން) ކޮށްފި މީހާ (ދަންނާށެވެ.) އޭނާގެ އިސްވެ ގޮސްފައިވާ (ކުދިފާފަތައް ފޮހެވިގެންދާނެއެވެ.""",b35
صحيح مسلم,785a,وَحَدَّثَنِي حَرْمَلَةُ بْنُ يَحْيَى، وَمُحَمَّدُ بْنُ سَلَمَةَ الْمُرَادِيُّ قَالَا: حَدَّثَنَا ابْنُ وَهْبٍ، عَنْ يُونُسَ، عَنِ ابْنِ شِهَابٍ قَالَ: أَخْبَرَنِي عُرْوَةُ بْنُ الزُّبَيْرِ أَنَّ عَائِشَةَ زَوْجَ النَّبِيِّ ﷺ أَخْبَرَتْهُ أَنَّ الْحَوْلَاءَ بِنْتَ تُوَيْتِ بْنِ حَبِيبِ بْنِ أَسَدِ بْنِ عَبْدِ الْعُزَّى مَرَّتْ بِهَا وَعِنْدَهَا رَسُولُ اللهِ ﷺ. فَقُلْتُ: هَذِهِ الْحَوْلَاءُ بِنْتُ تُوَيْتٍ، وَزَعَمُوا أَنَّهَا لَا تَنَامُ اللَّيْلَ! فَقَالَ رَسُولُ اللهِ ﷺ: لَا تَنَامُ اللَّيْلَ! خُذُوا مِنَ الْعَمَلِ مَا تُطِيقُونَ. فَوَاللهِ لَا يَسْأَمُ اللهُ حَتَّى تَسْأَمُوا.,ނަބިއްޔާ ﷺ ގެ އަނބިކަނބަލުން ޢާއިޝާ ރިވާ ކުރެއްވިއެވެ: ތިމަން ކަމަނާ އަރިހު ރަސޫލު ﷲ ﷺ ހުންނަވަނިކޮށް، އަލްޙައުލާ ބިންތި ތުވައިތި ބިން ޙަބީބު ބިން އަސަދި ބިން ޢަބްދުލް ޢުއްޒާ، ތިމަން ކަމަނާ ގާތުންލާފައި ހިނގައްޖެއެވެ. ތިމަން ކަމަނާ ދެންނެވީމެވެ: މިއީ އަލްޙައުލާ ބިންތި ތުވައިތެވެ. އަދި މީހުން ބުނާ ގޮތުގައި އެ ކަމަނާ ރޭގަނޑަކު ނުނިދައެވެ. ނަބިއްޔާ ޙަދީޘް ކުރެއްވިއެވެ: ”އެ ކަމަނާ ރޭގަނޑަކު ނުނިދައެވެ؟ ތިޔަބައިމީހުންނަށް ކުރެވޭވަރު އަމަލުތައް ނަގާށެވެ. އެހެނީ ﷲ ގަންދީ ބުނަމެވެ. ތިޔަބައިމީހުން ފޫހިވެގެން ދިޔައެއްކަމަކު، ﷲ ނުވާހުއްޓެވެ.“,b20
صحيح مسلم,785b,حَدَّثَنَا أَبُو بَكْرِ بْنُ أَبِي شَيْبَةَ، وَأَبُو كُرَيْبٍ قَالَا: حَدَّثَنَا أَبُو أُسَامَةَ، عَنْ هِشَامِ بْنِ عُرْوَةَ (ح) وَحَدَّثَنِي زُهَيْرُ بْنُ حَرْبٍ - وَاللَّفْظُ لَهُ - حَدَّثَنَا يَحْيَى بْنُ سَعِيدٍ، عَنْ هِشَامٍ قَالَ: أَخْبَرَنِي أَبِي، عَنْ عَائِشَةَ قَالَتْ: دَخَلَ عَلَيَّ رَسُولُ اللهِ ﷺ وَعِنْدِي امْرَأَةٌ. فَقَالَ: مَنْ هَذِهِ؟ فَقُلْتُ: امْرَأَةٌ لَا تَنَامُ، تُصَلِّي. قَالَ: عَلَيْكُمْ مِنَ الْعَمَلِ مَا تُطِيقُونَ. فَوَاللهِ لَا يَمَلُّ اللهُ حَتَّى تَمَلُّوا وَكَانَ أَحَبَّ الدِّينِ إِلَيْهِ مَا دَاوَمَ عَلَيْهِ صَاحِبُهُ. وَفِي حَدِيثِ أَبِي أُسَامَةَ: أَنَّهَا امْرَأَةٌ مِنْ بَنِي أَسَدٍ.,ޢާއިޝާ ރިވާ ކުރެއްވިއެވެ: ތިމަން ކަމަނާ އަރިހު އަންހެނަކު އިންނަވިކޮށް، ރަސޫލު ﷲ ﷺ ތިމަން ކަމަނާ ގާތަށް ވަދެވަޑައިގެންނެވިއެވެ. އަދި ޙަދީޘް ކުރެއްވިއެވެ: ”މިއީ ކާކުތޯއެވެ؟“ ތިމަން ކަމަނާ ދެންނެވީމެވެ: ރޭގަނޑު ނުނިދާ ނަމާދު ކުރާ އަންހެނެކެވެ. ނަބިއްޔާ ޙަދީޘް ކުރެއްވިއެވެ: ”ތިޔަބައިމީހުންގެ މައްޗަށް އޮތީ، ތިޔަބައިމީހުންނަށް ކުރެވޭ ވަރުގެ އަމަލުތައް ކުރުމެވެ. އެހެނީ ﷲ ގަންދީ ބުނަމެވެ. ތިޔަބައިމީހުން ފޫހިވެގެން ދިޔައެއްކަމަކު، ﷲ ނުވާހުއްޓެވެ. އަދި ދީނުގައި އެ އިލާހަށް އެންމެ ލޮބުވެތިކަން ބޮޑު ކަމަކީ، އޭގެ މަތީ އެ މީހަކު ދެމިހުރެ ކުރާ ކަމެކެވެ.“ އަދި އަބޫ އުސާމާ ރިވާ ކުރެއްވި ޙަދީޘްގައި ވަނީ: އެއީ ބަނީ އަސަދު ވަންހައިގެ އަންހެނެއް ކަމަށެވެ.,b20
صحيح مسلم,804a,اقْرَءُوا الْقُرْآنَ فَإِنَّهُ يَأْتِي يَوْمَ الْقِيَامَةِ شَفِيعًا لأَصْحَابِهِ,ތިޔަބައިމީހުން ގުރްއާން ކިޔަވާށެވެ. އެހެނީ ހަމަކަށަވަރުން ގިޔާމާތް ދުވަހު، އޭގެ އަހުލުވެރިންނަށް ޝަފާއަތްތެރިވާން އެ ގުރްއާން އަންނާނެއެވެ.,
صحيح مسلم,83a,وَحَدَّثَنَا مَنْصُورُ بْنُ أَبِي مُزَاحِمٍ، حَدَّثَنَا إِبْرَاهِيمُ بْنُ سَعْدٍ، (ح) حَدَّثَنِي مُحَمَّدُ بْنُ جَعْفَرِ بْنِ زِيَادٍ، أَخْبَرَنَا إِبْرَاهِيمُ - يَعْنِي: ابْنَ سَعْدٍ، عَنِ ابْنِ شِهَابٍ، عَنْ سَعِيدِ بْنِ الْمُسَيِّبِ، عَنْ أَبِي هُرَيْرَةَ قَالَ: سُئِلَ رَسُولُ اللهِ ﷺ أَيُّ الْأَعْمَالِ أَفْضَلُ؟ قَالَ: إِيمَانٌ بِاللهِ، قَالَ: ثُمَّ مَاذَا؟ قَالَ: الْجِهَادُ فِي سَبِيلِ اللهِ، قَالَ: ثُمَّ مَاذَا؟ قَالَ: حَجٌّ مَبْرُورٌ. وَفِي رِوَايَةِ مُحَمَّدِ بْنِ جَعْفَرٍ قَالَ: إِيمَانٌ بِاللهِ وَرَسُولِهِ.,އަބޫ ހުރައިރާ ރިވާ ކުރެއްވިއެވެ: ނަބިއްޔާ ﷺ އަށް ސުވާލު ކުރެއްވުނެވެ: އެންމެ ހެޔޮވެގެންވާ އަމަލަކީ ކޮބައިތޯއެވެ؟ ނަބިއްޔާ ޙަދީޘް ކުރެއްވިއެވެ: ”ﷲ އަށް އީމާންވުމެވެ.“ (ނަބިއްޔާއަށް) ދެންނެވުނެވެ: އެއަށްފަހު ކޮންކަމެއްތޯއެވެ؟ ނަބިއްޔާ ޙަދީޘް ކުރެއްވިއެވެ: ”ﷲގެ މަގުގައި ޖިހާދު ކުރުމެވެ.“ (ނަބިއްޔާއަށް) ދެންނެވުނެވެ: އެއަށްފަހު ކޮންކަމެއްތޯއެވެ؟ ނަބިއްޔާ ޙަދީޘް ކުރެއްވިއެވެ: ”ގަބޫލު ކުރެވިގެންވާ ފުރިހަމަ ޙައްޖެވެ.“,b26
صحيح مسلم,83b,وَحَدَّثَنِيهِ مُحَمَّدُ بْنُ رَافِعٍ، وَعَبْدُ بْنُ حُمَيْدٍ، عَنْ عَبْدِ الرَّزَّاقِ، أَخْبَرَنَا مَعْمَرٌ، عَنِ الزُّهْرِيِّ بِهَذَا الْإِسْنَادِ مِثْلَهُ.,ކުރީގެ ޙަދީޘާ އެއްގޮތަށް ރިވާވެގެން ވެއެވެ.,b26
صحيح مسلم,854a,وَحَدَّثَنِي حَرْمَلَةُ بْنُ يَحْيَى ، أَخْبَرَنَا ابْنُ وَهْبٍ ، أَخْبَرَنِي يُونُسُ ، عَنِ ابْنِ شِهَابٍ ، أَخْبَرَنِي عَبْدُ الرَّحْمَنِ الْأَعْرَجُ ، أَنَّهُ سَمِعَ أَبَا هُرَيْرَةَ يَقُولُ: قَالَ رَسُولُ اللهِ صَلَّى اللهُ عَلَيْهِ وَسَلَّمَ: خَيْرُ يَوْمٍ طَلَعَتْ عَلَيْهِ الشَّمْسُ يَوْمُ الْجُمُعَةِ . فِيهِ خُلِقَ آدَمُ . وَفِيهِ أُدْخِلَ الْجَنَّةَ. وَفِيهِ أُخْرِجَ مِنْهَا .,އަބޫ ހުރައިރާ رَضِيَ اللَّهُ عَنْهُ ރިވާ ކުރެއްވިއެވެ: ރަސޫލު ﷲ ﷺ ޙަދީޘް ކުރެއްވިއެވެ: ”އިރު އަރާ އެންމެ މާތް ދުވަހަކީ ހުކުރު ދުވަހެވެ. އެ ދުވަހު އާދަމްގެފާނު ޚަލްގުކުރެވުނެވެ. އަދި އެ ދުވަހު އެކަލޭގެފާނު ސުވަރުގެ ވެއްދެވުނެވެ. އަދި އެ ދުވަހު އެކަލޭގެފާނު އެ ތަނުން ނެރެވުނެވެ.“,
صحيح مسلم,854b,وَحَدَّثَنَا قُتَيْبَةُ بْنُ سَعِيدٍ ، حَدَّثَنَا الْمُغِيرَةُ يَعْنِي : الْحِزَامِيَّ ، عَنْ أَبِي الزِّنَادِ ، عَنِ الْأَعْرَجِ ، عَنْ أَبِي هُرَيْرَةَ أَنَّ النَّبِيَّ صَلَّى اللهُ عَلَيْهِ وَسَلَّمَ قَالَ: خَيْرُ يَوْمٍ طَلَعَتْ عَلَيْهِ الشَّمْسُ ، يَوْمُ الْجُمُعَةِ ، فِيهِ خُلِقَ آدَمُ ، وَفِيهِ أُدْخِلَ الْجَنَّةَ ، وَفِيهِ أُخْرِجَ مِنْهَا ، وَلَا تَقُومُ السَّاعَةُ إِلَّا فِي يَوْمِ الْجُمُعَةِ .,އަބޫ ހުރައިރާ رَضِيَ اللَّهُ عَنْهُ ރިވާ ކުރެއްވިއެވެ: ނަބިއްޔާ ﷺ ޙަދީޘް ކުރެއްވިއެވެ: ”އިރު އަރާ އެންމެ މާތް ދުވަހަކީ ހުކުރު ދުވަހެވެ. އެ ދުވަހު އާދަމްގެފާނު ޚަލްގުކުރެވުނެވެ. އަދި އެ ދުވަހު އެކަލޭގެފާނު ސުވަރުގެ ވެއްދެވުނެވެ. އަދި އެ ދުވަހު އެކަލޭގެފާނު އެ ތަނުން ނެރެވުނެވެ. އަދި ހުކުރު ދުވަހެއްގައި މެނުވީ ގިޔާމަތް ވެގެން ނުދާނެއެވެ.“,
صحيح مسلم,857b,وَحَدَّثَنَا يَحْيَى بْنُ يَحْيَى، وَأَبُو بَكْرِ بْنُ أَبِي شَيْبَةَ، وَأَبُو كُرَيْبٍ - قَالَ يَحْيَى: أَخْبَرَنَا. وَقَالَ الْآخَرَانِ: حَدَّثَنَا أَبُو مُعَاوِيَةَ -، عَنِ الْأَعْمَشِ، عَنْ أَبِي صَالِحٍ، عَنْ أَبِي هُرَيْرَةَ قَالَ: قَالَ رَسُولُ اللهِ ﷺ: مَنْ تَوَضَّأَ فَأَحْسَنَ الْوُضُوءَ. ثُمَّ أَتَى الْجُمُعَةَ فَاسْتَمَعَ وَأَنْصَتَ. غُفِرَ لَهُ مَا بَيْنَهُ وَبَيْنَ الْجُمُعَةِ. وَزِيَادَةُ ثَلَاثَةِ أَيَّامٍ. وَمَنْ مَسَّ الْحَصَى فَقَدْ لَغَا.,އަބޫ ހުރައިރާ ރިވާ ކުރެއްވިއެވެ: ރަސޫލު ﷲ ﷺ ޙަދީޘް ކުރެއްވިއެވެ: ”އެންމެ ފުރިހަމަ ގޮތުގައި ވުޟޫ ކުރުމަށް ފަހު، ހުކުރަށް ހާޒިރުވެ ވާހަކަ ދެއްކުމެއް ނެތި ރަނގަޅަށް ކަނުލައި އަޑުއަހައިފި ނަމަ، ފަހެ އެ ހުކުރާ ދެން އަންނަން އޮތް ހުކުރާ ދެމެދުގައި ފާފަ ފުއްސެވޭނެއެވެ. އަދި އޭގެ އިތުރަށް ވެސް ތިން ދުވަހު ފާފަ ފުއްސެވޭނެއެވެ. އަދި (ހުކުރު ކުރިއަށް ދަނިކޮށް) ކުދި ހިލަކޮޅުތަކުގައި އަތްލައި (ކުޅެ) ހަދައިފި މީހާ، ފަހެ ބޭކާރު ބާޠިލު ވާހަކަ ދެއްކިފަދަކަން ކަށަވަރެވެ.”,
صحيح مسلم,907a,حَدَّثَنَا سُوَيْدُ بْنُ سَعِيدٍ، حَدَّثَنَا حَفْصُ بْنُ مَيْسَرَةَ، حَدَّثَنِي زَيْدُ بْنُ أَسْلَمَ، عَنْ عَطَاءِ بْنِ يَسَارٍ، عَنِ ابْنِ عَبَّاسٍ قَالَ: انْكَسَفَتِ الشَّمْسُ عَلَى عَهْدِ رَسُولِ اللهِ ﷺ، فَصَلَّى رَسُولُ اللهِ ﷺ وَالنَّاسُ مَعَهُ، فَقَامَ قِيَامًا طَوِيلًا قَدْرَ نَحْوِ سُورَةِ الْبَقَرَةِ، ثُمَّ رَكَعَ رُكُوعًا طَوِيلًا، ثُمَّ رَفَعَ فَقَامَ قِيَامًا طَوِيلًا، وَهُوَ دُونَ الْقِيَامِ الْأَوَّلِ، ثُمَّ رَكَعَ رُكُوعًا طَوِيلًا، وَهُوَ دُونَ الرُّكُوعِ الْأَوَّلِ، ثُمَّ سَجَدَ، ثُمَّ قَامَ قِيَامًا طَوِيلًا، وَهُوَ دُونَ الْقِيَامِ الْأَوَّلِ، ثُمَّ رَكَعَ رُكُوعًا طَوِيلًا، وَهُوَ دُونَ الرُّكُوعِ الْأَوَّلِ، ثُمَّ رَفَعَ، فَقَامَ قِيَامًا طَوِيلًا، وَهُوَ دُونَ الْقِيَامِ الْأَوَّلِ، ثُمَّ رَكَعَ رُكُوعًا طَوِيلًا، وَهُوَ دُونَ الرُّكُوعِ الْأَوَّلِ، ثُمَّ سَجَدَ، ثُمَّ انْصَرَفَ، وَقَدِ انْجَلَتِ الشَّمْسُ. فَقَالَ: إِنَّ الشَّمْسَ وَالْقَمَرَ آيَتَانِ مِنْ آيَاتِ اللهِ، لَا يَنْكَسِفَانِ لِمَوْتِ أَحَدٍ وَلَا لِحَيَاتِهِ، فَإِذَا رَأَيْتُمْ ذَلِكَ فَاذْكُرُوا اللهَ، قَالُوا: يَا رَسُولَ اللهِ، رَأَيْنَاكَ تَنَاوَلْتَ شَيْئًا فِي مَقَامِكَ هَذَا، ثُمَّ رَأَيْنَاكَ كَفَفْتَ، فَقَالَ: إِنِّي رَأَيْتُ الْجَنَّةَ، فَتَنَاوَلْتُ مِنْهَا عُنْقُودًا، وَلَوْ أَخَذْتُهُ لَأَكَلْتُمْ مِنْهُ مَا بَقِيَتِ الدُّنْيَا، وَرَأَيْتُ النَّارَ، فَلَمْ أَرَ كَالْيَوْمِ مَنْظَرًا قَطُّ. وَرَأَيْتُ أَكْثَرَ أَهْلِهَا النِّسَاءَ، قَالُوا: بِمَ يَا رَسُولَ اللهِ؟ قَالَ: بِكُفْرِهِنَّ، قِيلَ: أَيَكْفُرْنَ بِاللهِ؟ قَالَ: بِكُفْرِ الْعَشِيرِ، وَبِكُفْرِ الْإِحْسَانِ، لَوْ أَحْسَنْتَ إِلَى إِحْدَاهُنَّ الدَّهْرَ، ثُمَّ رَأَتْ مِنْكَ شَيْئًا، قَالَتْ: مَا رَأَيْتُ مِنْكَ خَيْرًا قَطُّ.,ޢަބްދު ﷲ ބިން ޢައްބާސް ރިވާ ކުރެއްވިއެވެ: ރަސޫލު ﷲ ﷺ ގެ ޒަމާނުގައި އިރުކޭތަ ހިފިއެވެ. ދެން ރަސޫލު ﷲ ﷺ މީސްތަކުންނައިގެން (އިރުކޭތަ) ނަމާދު ކުރެއްވިއެވެ. ބަގަރާ ސޫރަތް ކިޔޭ ވަރަށް ގިނައިރު ވަންދެން ނަބިއްޔާ ތެދުވެވަޑައިގެން ހުންނެވިއެވެ. އެއަށްފަހު ވަރަށް ގިނައިރު ވަންދެން ރުކޫޢު ކުރެއްވިއެވެ. ދެން (އިޢުތިދާލުގައި) ފުރަތަމަ ފަހަރަށް ވުރެ ކުރުކޮށް ނަމަވެސް ގިނައިރު ވަންދެން ތެދުވެވަޑައިގެން ހުންނެވިއެވެ. ދެން ފުރަތަމަ ރުކޫޢަށް ވުރެ ކުރުކޮށް ނަމަވެސް ގިނައިރު ވަންދެން ރުކޫޢު ކުރެއްވިއެވެ. ދެން (ދެ ފަހަރު) ސަޖިދަ ކުރެއްވިއެވެ. އެއަށްފަހު (ދެވަނަ ރަކުޢަތުގައި) ހަމަ އެފަދައިން ފުރަތަމަ ފަހަރަށް ވުރެ ކުރުކޮށް ނަމަވެސް ގިނައިރު ވަންދެން ތެދުވެވަޑައިގަނެ ރުކޫޢުކޮށް ސަޖިދަ ކުރެއްވިއެވެ. އަދި ނަމާދުން އަވަދިވަޑައިގަތެވެ. އޭރު (ކޭތަ ނިމިގެން) އިރުފެންނަށް ހުއްޓެވެ. ދެން ނަބިއްޔާ ﷺ ޙަދީޘް ކުރެއްވިއެވެ: ”ހަމަކަށަވަރުން އިރާއި ހަނދަކީ ﷲގެ އާޔަތްތަކު ތެރެއިންވާ ދެ އާޔަތެވެ. އެއްވެސް މީހެއްގެ މަރުވުމާއި ދިރުމަކަށް އެ ދޭތި ކޭތަ ނުހިފައެވެ. ފަހެ ތިޔަބައިމީހުންނަށް އެ (ކޭތަ ހިފާ) ތަން ފެނިއްޖެ ނަމަ ﷲ ޒިކުރު ކުރާށެވެ.“ އެބައިމީހުން ދެންނެވިއެވެ: އޭ ﷲގެ ރަސޫލާއެވެ. އިބަ ނަބިއްޔާ ތިޔަ ހުންނެވި ތަނުން އެއްޗެއް ނަންގަވަން އުޅުއްވިކަމާއި، އެއަށްފަހު (އެކަން ނުކޮށް) ހުއްޓުނު ތިމަންމެން ދުށީމެވެ. ނަބިއްޔާ ﷺ ޙަދީޘް ކުރެއްވިއެވެ: ”ހަމަކަށަވަރުން ތިމަން ނަބިއްޔާއަށް ސުވަރުގެ ފެނިވަޑައިގަތެވެ. ދެން އެ ތަނުން މޭވާ ކޯންޏެއް ނަންގަވަން އުޅުނީމުއެވެ. އަދި އެ ނެގުނު ނަމަ، ދުނިޔެ ދެމިހުރިހާ ދުވަހަކު ތިޔަބައިމީހުން އޭގެން ކެވުނީސްކަން ކަށަވަރެވެ. އަދި ތިމަން ނަބިއްޔާއަށް ނަރަކަ ފެނިވަޑައިގަތެވެ. އަދި މިއަދު ފެނުނުފަދަ މަންޒަރެއް ދުވަހަކުވެސް ތިމަން ނަބިއްޔާ ނުދެކެމުއެވެ. އަދި އެ ތަނުގެ އަހުލުވެރިންގެ ތެރެއިން ގިނައީ އަންހެނުންކަން ތިމަން ނަބިއްޔާ ދެކުނީމުއެވެ.“ އެބައިމީހުން ދެންނެވިއެވެ: އޭ ﷲގެ ރަސޫލާއެވެ. އެއީ ކީއްވެގެންތޯއެވެ؟ ނަބިއްޔާ ޙަދީޘް ކުރެއްވިއެވެ: އެއީ އެ ކަނބަލުން ކުފުރުވެ އުޅުމުގެ ސަބަބުންނެވެ.“ ނަބިއްޔާއަށް ދެންނެވުނެވެ: އެ ކަނބަލުން ކުފުރު ވަނީ ﷲ އަށްތޯއެވެ؟ ނަބިއްޔާ ޙަދީޘް ކުރެއްވިއެވެ: ”އެ ކަނބަލުން ފިރިންނަށް ކުފުރުވެ އުޅުމުގެ ސަބަބުންނެވެ. އަދި އިޙުސާންތެރިކަމަށް ކުފުރުވެ އުޅުމުގެ ސަބަބުންނެވެ. ތިބާ އެއިން އަންހެނަކަށް މުޅި އުމުރުދުވަހު އިޙުސާންތެރިވެ (އެންމެ ރަނގަޅަށް ކަންތައްކޮށްދީ) އުޅުނަކަސް، އެ ކަނބުލޭގެއަށް ތިބާގެ ކިބައިން (ނޭދެވޭ) ކަމެއް ފެނިއްޖެ ނަމަ ބުނާނެއެވެ: ދުވަހަކުވެސް ތިބާގެ ކިބައިން ހެވެއް ނުދެކެމެވެ.“,b29
صحيح مسلم,907b,وَحَدَّثَنَاهُ مُحَمَّدُ بْنُ رَافِعٍ، حَدَّثَنَا إِسْحَاقُ - يَعْنِي: ابْنَ عِيسَى - أَخْبَرَنَا مَالِكٌ، عَنْ زَيْدِ بْنِ أَسْلَمَ، فِي هَذَا الْإِسْنَادِ بِمِثْلِهِ، غَيْرَ أَنَّهُ قَالَ: ثُمَّ رَأَيْنَاكَ تَكَعْكَعْتَ.,ކުރީގެ ޙަދީޘާ އެއްގޮތަކަށް ރިވާވެފައިވެއެވެ. މި ޙަދީޘްގައި ވަނީ މިފަދައިންނެވެ: އެއަށްފަހު އިބަނަބިއްޔާ ފަހަތަށް ޖެހިވަޑަިގަތްތަން ތިމަންމެން ދުށީމެވެ.,b29
صحيح مسلم,938a,وَحَدَّثَنَا حَسَنُ بْنُ الرَّبِيعِ، حَدَّثَنَا ابْنُ إِدْرِيسَ، عَنْ هِشَامٍ، عَنْ حَفْصَةَ، عَنْ أُمِّ عَطِيَّةَ أَنَّ رَسُولَ اللهِ ﷺ قَالَ: لَا تُحِدُّ امْرَأَةٌ عَلَى مَيِّتٍ فَوْقَ ثَلَاثٍ، إِلَّا عَلَى زَوْجٍ أَرْبَعَةَ أَشْهُرٍ وَعَشْرًا، وَلَا تَلْبَسُ ثَوْبًا مَصْبُوغًا إِلَّا ثَوْبَ عَصْبٍ، وَلَا تَكْتَحِلُ، وَلَا تَمَسُّ طِيبًا إِلَّا إِذَا طَهُرَتْ، نُبْذَةً مِنْ قُسْطٍ أَوْ أَظْفَارٍ.,އުއްމު ޢަޠިއްޔާ ރިވާ ކުރެއްވިއެވެ: ރަސޫލު ﷲ ﷺ ޙަދީޘް ކުރެއްވިއެވެ: ”މީހަކު މަރުވުމުން، ތިން ދުވަހަށް ވުރެ ގިނަ ދުވަހު އަންހެނަކު އިޙްދާދުގައި އިނދެގެން ނުވާނެއެވެ. އެއީ ފިރިމީހާ މަރުވުމުން ހަތަރު މަސްދުވަހާއި ދިހަ ދުވަސް މެނުވީއެވެ. އަދި ޢަޞަބުގެ (އެބަހީ: ޒީނަތްތެރި ކަމެއް ނުވާ ކުލަކުލައިގެ ޔާނުން ފަހާފައިވާ) ހެދުމެއް ފިޔަވައި ކުލަޖައްސާފައިވާ އެއްވެސް ހެދުމެއް އެ ކަނބުލޭގެ ލައިގެން ނުވާނެއެވެ. އަދި އަނދުން އަޅައިގެން ނުވާނެއެވެ. އަދި ހުވަނދުގައި އަތްލައިގެން ނުވާނެއެވެ. އެއީ އެ ކަނބުލޭގެ ޙައިޟުވުމުން ތާހިރުވެގަންނަ ހިނދުގައި މެނުވީއެވެ. ފަހެ އެ ހިނދު ގުސްޠާއި އަޠްފަރުން އެތިކޮޅެއް ބޭނުން ކުރެވިދާނެއެވެ.“ (ނޯޓު: އިޙްދާދަކީ އަންހެނެއްގެ ގާތްތިމާގެ މީހަކު ނުވަތަ ފިރިމީހާ ނިޔާވުމުން، އެ އަންހެނާ ވަކި މުއްދަތެއް ވަންދެން ގޭގައި މަޑުކޮށްގެން ހުރެ އަދި އެހެން މީހަކާ ނީންދެ ހުރެ، ރީތި ފޭރާން ލުމާއި ގަހަނާ ލުމާއި މޭކްއަޕް ކުރުމާއި މީރުވަސް ދުވާ އެއްޗެހި ބޭނުން ކުރުމުން މަނާވެގަތުމެވެ. ފިރިމީހާ ނިޔާވުމުން ހަތަރު މަސްދުވަހާއި ދިހަ ދުވަސްވަންދެން އިޙްދާދުގައި އިނުން އަންހެނުންނަށް ވާޖިބެވެ. ނޫނީ ބަނޑުބޮޑު ނަމަ ވިހުމަށް ދާންދެން އިޙްދާދުގައި އިނުން ވާޖިބެވެ. އަދި ފިރިމީހާ ނޫން މިހަކު ނިޔާވެއްޖެ ނަމަ އަންހެނަކު އިޙްދާދުގައި އިނުން ވާޖިބެއް ނޫނެވެ. އެހެނަސް އެ އަންހެނާ އިޙްދާދުގައި އިންނަ ނަމަ ތިން ދުވަހަށް ވުރެ ގިނަދުވަހު އިނދެގެން ނުވާނެވެ.):,
صحيح مسلم,938b,وَحَدَّثَنَاهُ أَبُو بَكْرِ بْنُ أَبِي شَيْبَةَ، حَدَّثَنَا عَبْدُ اللهِ بْنُ نُمَيْرٍ. (ح)، وَحَدَّثَنَا عَمْرٌو النَّاقِدُ، حَدَّثَنَا يَزِيدُ بْنُ هَارُونَ، كِلَاهُمَا عَنْ هِشَامٍ بِهَذَا الْإِسْنَادِ، وَقَالَا: عِنْدَ أَدْنَى طُهْرِهَا نُبْذَةً مِنْ قُسْطٍ وَأَظْفَارٍ.,ކުރީގެ ޙަދީޘާ އެއްގޮތަކަށް ރިވާވެފައިވެއެވެ. އަދި މި ރިވާޔަތުގައި ވަނީ މިފަދައިންނެވެ: ”އެއީ އެ ކަނބުލޭގެ ޙައިޟުވުމުން ތާހިރުވެގަންނަ ހިނދުގައި (މެނުވީއެވެ.) ފަހެ އެ ހިނދު ގުސްޠާއި އަޠްފަރުން އެތިކޮޅެއް ބޭނުން ކުރެވިދާނެއެވެ.“,
صحيح مسلم,938c,وَحَدَّثَنِي أَبُو الرَّبِيعِ الزَّهْرَانِيُّ، حَدَّثَنَا حَمَّادٌ، حَدَّثَنَا أَيُّوبُ، عَنْ حَفْصَةَ، عَنْ أُمِّ عَطِيَّةَ قَالَتْ: كُنَّا نُنْهَى أَنْ نُحِدَّ عَلَى مَيِّتٍ فَوْقَ ثَلَاثٍ، إِلَّا عَلَى زَوْجٍ أَرْبَعَةَ أَشْهُرٍ وَعَشْرًا، وَلَا نَكْتَحِلُ، وَلَا نَتَطَيَّبُ، وَلَا نَلْبَسُ ثَوْبًا مَصْبُوغًا، وَقَدْ رُخِّصَ لِلْمَرْأَةِ فِي طُهْرِهَا إِذَا اغْتَسَلَتْ إِحْدَانَا مِنْ مَحِيضِهَا فِي نُبْذَةٍ مِنْ قُسْطٍ وَأَظْفَارٍ.,އުއްމު ޢަޠިއްޔާ ރިވާ ކުރެއްވިއެވެ: މީހަކު މަރުވުމުން، ތިން ދުވަހަށް ވުރެ ގިނަ ދުވަހު އިޙްދާދުގައި އިނުން ތިމަން އަންހެނުންނަށް ނަހީ ކުރެވުނެވެ. އެއީ ފިރިމީހާ މަރުވުމުން ހަތަރު މަސްދުވަހާއި ދިހަ ދުވަސް މެނުވީއެވެ. އަދި ތިމަންމެންނަށް އަނދުނެއް ނޭޅެއެވެ. އަދި ހުވަނދެއްވެސް ބޭނުމެއް ނުކުރެވެއެވެ. އަދި ކުލަޖައްސާފައިވާ އެއްވެސް ހެދުމެއް ނުލެވެއެވެ. އަދި އަންހެނާ ޙައިޟުވުމުން ތާހިރުވެގަންނަ ހިނދު (ހުވަނދު ލުމުގައި) ލުއިފަސޭހަ ކުރެވުނެވެ. ފަހެ އެ ހިނދު ގުސްޠާއި އަޠްފަރުން އެތިކޮޅެއް ބޭނުން ކުރެވިދާނެއެވެ. (ނޯޓު: އިޙްދާދަކީ އަންހެނެއްގެ ގާތްތިމާގެ މީހަކު ނުވަތަ ފިރިމީހާ ނިޔާވުމުން، އެ އަންހެނާ ވަކި މުއްދަތެއް ވަންދެން ގޭގައި މަޑުކޮށްގެން ހުރެ އަދި އެހެން މީހަކާ ނީންދެ ހުރެ، ރީތި ފޭރާން ލުމާއި ގަހަނާ ލުމާއި މޭކްއަޕް ކުރުމާއި މީރުވަސް ދުވާ އެއްޗެހި ބޭނުން ކުރުމުން މަނާވެގަތުމެވެ. ފިރިމީހާ ނިޔާވުމުން ހަތަރު މަސްދުވަހާއި ދިހަ ދުވަސްވަންދެން އިޙްދާދުގައި އިނުން އަންހެނުންނަށް ވާޖިބެވެ. ނޫނީ ބަނޑުބޮޑު ނަމަ ވިހުމަށް ދާންދެން އިޙްދާދުގައި އިނުން ވާޖިބެވެ. އަދި ފިރިމީހާ ނޫން މިހަކު ނިޔާވެއްޖެ ނަމަ އަންހެނަކު އިޙްދާދުގައި އިނުން ވާޖިބެއް ނޫނެވެ. އެހެނަސް އެ އަންހެނާ އިޙްދާދުގައި އިންނަ ނަމަ ތިން ދުވަހަށް ވުރެ ގިނަދުވަހު އިނދެގެން ނުވާނެވެ.),
صحيح مسلم,945a,وَحَدَّثَنِي أَبُو الطَّاهِرِ، وَحَرْمَلَةُ بْنُ يَحْيَى، وَهَارُونُ بْنُ سَعِيدٍ الْأَيْلِيُّ، - وَاللَّفْظُ لِهَارُونَ، وَحَرْمَلَةَ - - قَالَ هَارُونُ: حَدَّثَنَا، وَقَالَ الْآخَرَانِ: أَخْبَرَنَا ابْنُ وَهْبٍ - أَخْبَرَنِي يُونُسُ، عَنِ ابْنِ شِهَابٍ قَالَ: حَدَّثَنِي عَبْدُ الرَّحْمَنِ بْنُ هُرْمُزَ الْأَعْرَجُ، أَنَّ أَبَا هُرَيْرَةَ قَالَ: قَالَ رَسُولُ اللهِ ﷺ: مَنْ شَهِدَ الْجِنَازَةَ حَتَّى يُصَلَّى عَلَيْهَا فَلَهُ قِيرَاطٌ، وَمَنْ شَهِدَهَا حَتَّى تُدْفَنَ فَلَهُ قِيرَاطَانِ قِيلَ: وَمَا الْقِيرَاطَانِ، قَالَ: مِثْلُ الْجَبَلَيْنِ الْعَظِيمَيْنِ. انْتَهَى حَدِيثُ أَبِي الطَّاهِرِ، وَزَادَ الْآخَرَانِ قَالَ ابْنُ شِهَابٍ: قَالَ سَالِمُ بْنُ عَبْدِ اللهِ بْنِ عُمَرَ: وَكَانَ ابْنُ عُمَرَ يُصَلِّي عَلَيْهَا، ثُمَّ يَنْصَرِفُ، فَلَمَّا بَلَغَهُ حَدِيثُ أَبِي هُرَيْرَةَ، قَالَ: لَقَدْ ضَيَّعْنَا قَرَارِيطَ كَثِيرَةً.,އަބޫ ހުރައިރާ رَضِيَ اللَّهُ عَنْهُ ރިވާ ކުރެއްވިއެވެ: ރަސޫލު ﷲ ﷺ ޙަދީޘް ކުރެއްވިއެވެ: ”(މައްޔިތާގެ) މައްޗަށް ނަމާދު ކުރެވުމަށް ދާންދެން ޖަނާޒާގައި ބައިވެރިވެއްޖެ މީހަކަށް ގީރާޠެއްގެ ސަވާބު ލިބިގެންވެއެވެ. އަދި އެ (މައްޔިތާ) ވަޅުލުމަށް ދާންދެން ބައިވެރިވެއްޖެ މީހަކަށް ދެ ގީރާޠް ލިބިގެންވެއެވެ.“ ނަބިއްޔާއަށް ދެންނެވުނެވެ: ދެ ގީރާޠަކީ ކިހާވަރެއްތޯއެވެ؟ ނަބިއްޔާ ޙާދީޘް ކުރެއްވިއެވެ: ”ބޮޑު ދެ ފަރުބަދައާ އެއްވަރުވެގެން ވެއެވެ.“ (މި ޙަދީޘް މި ނިމުނީއެވެ.) އަދި ސާލިމް ބިން ޢަބްދު ﷲ ބިން ޢުމަރު ވިދާޅުވިއެވެ: އިބްނު ޢުމަރު ޖަނާޒާގައި ނާމަދު ކުރެއްވުމަށް ފަހު (ވަޅު ނުލަނީސް) ވަކިވެވަޑައިގަންނަވައެވެ. ދެން އަބޫ ހުރައިރާގެ ޙަދީޘް އެކަލޭގެފާނަށް ފޯރުމަށް ފަހު ދެންނެވިއެވެ: ވަރަށް ގިނަ ގީރާތުގެ (ސަވާބު) ތިމަންމެން ފަރުވާކުޑަ ކުރެވި ގެއްލުވާލެވިއްޖެކަން ކަށަވަރެވެ.,b47
صحيح مسلم,945b,وَحَدَّثَنَاهُ أَبُو بَكْرِ بْنُ أَبِي شَيْبَةَ، حَدَّثَنَا عَبْدُ الْأَعْلَى، (ح) وَحَدَّثَنَا ابْنُ رَافِعٍ، وَعَبْدُ بْنُ حُمَيْدٍ، عَنْ عَبْدِ الرَّزَّاقِ، كِلَاهُمَا عَنْ مَعْمَرٍ، عَنِ الزُّهْرِيِّ، عَنْ سَعِيدِ بْنِ الْمُسَيِّبِ، عَنْ أَبِي هُرَيْرَةَ، عَنِ النَّبِيِّ ﷺ إِلَى قَوْلِهِ: الْجَبَلَيْنِ الْعَظِيمَيْنِ، وَلَمْ يَذْكُرَا مَا بَعْدَهُ، وَفِي حَدِيثِ عَبْدِ الْأَعْلَى: حَتَّى يُفْرَغَ مِنْهَا، وَفِي حَدِيثِ عَبْدِ الرَّزَّاقِ: حَتَّى تُوضَعَ فِي اللَّحْدِ.,(ކުރީގެ ޙަދީޘް) މި ހިސާބަށް ރިވާ ކުރެއްވިއެވެ: ބޮޑު ދެ ފަރުބަދައާ އެއްވަރުވެގެން ވެއެވެ. އަދި އޭގެ ފަހުން ޙަދީޘްގައި އައި ބަސްފުޅު ރިވާ ނުކުރައްވައެވެ. އަދި ޢަބްދުލް އަޢުލާގެ ޙަދީޘްގައި ވަނީ: އެ (މައްޔިތާ ވަޅުލައި) ނިމުމަށް ދާންދެނެވެ. އަދި ޢަބްދުއް ރައްޒާގުގެ ޙަދީޘްގައި ވަނީ: ކަށްވަޅަށް ލެވުމަށް ދާންދެނެވެ.,b47
صحيح مسلم,945c,وَحَدَّثَنِي عَبْدُ الْمَلِكِ بْنُ شُعَيْبِ بْنِ اللَّيْثِ، حَدَّثَنِي أَبِي، عَنْ جَدِّي قَالَ: حَدَّثَنِي عُقَيْلُ بْنُ خَالِدٍ، عَنِ ابْنِ شِهَابٍ أَنَّهُ قَالَ: حَدَّثَنِي رِجَالٌ، عَنْ أَبِي هُرَيْرَةَ عَنِ النَّبِيِّ ﷺ بِمِثْلِ حَدِيثِ مَعْمَرٍ، وَقَالَ: وَمَنِ اتَّبَعَهَا حَتَّى تُدْفَنَ.,ކުރީގެ ޙަދީޘާ އެއްފަދައިން ރިވާ ކުރެއްވިއެވެ. އަދި (އިތުރަށް) ވިދާޅުވިއެވެ: އަދި (މައްޔިތާ) ވަޅުލެވުމަށް ދާންދެން ޖަނާޒާގައި ބައިވެރިވެއްޖެ މީހާ.,b47
صحيح مسلم,945d,وَحَدَّثَنِي مُحَمَّدُ بْنُ حَاتِمٍ، حَدَّثَنَا بَهْزٌ، حَدَّثَنَا وُهَيْبٌ، حَدَّثَنِي سُهَيْلٌ، عَنْ أَبِيهِ، عَنْ أَبِي هُرَيْرَةَ، عَنِ النَّبِيِّ ﷺ قَالَ: مَنْ صَلَّى عَلَى جِنَازَةٍ، وَلَمْ يَتْبَعْهَا فَلَهُ قِيرَاطٌ، فَإِنْ تَبِعَهَا فَلَهُ قِيرَاطَانِ، قِيلَ: وَمَا الْقِيرَاطَانِ؟ قَالَ: أَصْغَرُهُمَا مِثْلُ أُحُدٍ.,އަބޫ ހުރައިރާ ރިވާ ކުރެއްވިއެވެ: ނަބިއްޔާ ﷺ ޙަދީޘް ކުރެއްވިއެވެ: ”ޖަނާޒާއެއްގައި ނަމާދު ކުރުމަށް ފަހު، (މައްޔިތާ ވަޅުލެވެން) އޭގައި ބައިވެރި ނުވެއްޖެ މީހަކަށް ގީރާޠެއްގެ ސަވާބު ލިބިގެންވެއެވެ. އަދި އެ (މައްޔިތާ) ވަޅުލުމަށް ދާންދެން ބައިވެރިވެއްޖެ މީހަކަށް ދެ ގީރާޠް ލިބިގެންވެއެވެ.“ ނަބިއްޔާއަށް ދެންނެވުނެވެ: ދެ ގީރާޠަކީ ކިހާވަރެއްތޯއެވެ؟ ނަބިއްޔާ ޙާދީޘް ކުރެއްވިއެވެ: ”އެ ދޭތީގެ އެންމެ ކުޑަ މިންވަރު ޢުހުދު ފަރުބަދައާ އެއްވަރުވެގެން ވެއެވެ.“,b47
صحيح مسلم,945e,حَدَّثَنَا شَيْبَانُ بْنُ فَرُّوخَ، حَدَّثَنَا جَرِيرٌ، - يَعْنِي: ابْنَ حَازِمٍ - حَدَّثَنَا نَافِعٌ قَالَ: قِيلَ لِابْنِ عُمَرَ: إِنَّ أَبَا هُرَيْرَةَ يَقُولُ: سَمِعْتُ رَسُولَ اللهِ ﷺ يَقُولُ: مَنْ تَبِعَ جِنَازَةً فَلَهُ قِيرَاطٌ مِنَ الْأَجْرِ فَقَالَ ابْنُ عُمَرَ: أَكْثَرَ عَلَيْنَا أَبُو هُرَيْرَةَ، فَبَعَثَ إِلَى عَائِشَةَ، فَسَأَلَهَا فَصَدَّقَتْ أَبَا هُرَيْرَةَ فَقَالَ ابْنُ عُمَرَ: لَقَدْ فَرَّطْنَا فِي قَرَارِيطَ كَثِيرَةٍ.,އިބްނު ޢުމަރު ގާތު މިފަދައިން ދެންނެވުނެވެ: ހަމަކަށަވަރުން އަބޫ ހުރައިރާ ވިދާޅުވެއެވެ: ރަސޫލު ﷲ ﷺ ޙަދީޘް ކުރައްވަނިކޮށް ތިމަން އަޑު އެހީމެވެ: ޖަނާޒާއެއްގައި ބައިވެރިވެއްޖެ މީހަކަށް ގީރާޠެއްގެ ސަވާބު ލިބިގެންވެއެވެ. އިބްނު ޢުމަރު ދެންނެވިއެވެ: ތިމަންމެންނަށް އަބޫ ހުރައިރާ އެ ދައްކަވަނީ ހާދަހައި ބޮޑު ސަވާބެއްގެ ވާހަކައެކެވެ. ދެން އެކަލޭގެފާނު ޢާއިޝާ ގާތު އެ ވާހަކަ އަހަން މީހަކު ފޮނުއްވިއެވެ. އަދި އަބޫ ހުރައިރާ (ކުރިން ދެއްކެވި ވާހަކަ) އެ ކަމަނާ ތެދުކުރެއްވިއެވެ. ދެން އިބްނު ޢުމަރު ދެންނެވިއެވެ: ވަރަށް ގިނަ ގީރާތުގެ (ސަވާބު) ތިމަންމެން ފަރުވާކުޑަ ކުރެވި ގެއްލުވާލެވިއްޖެކަން ކަށަވަރެވެ.,b47
صحيح مسلم,945f,حَدَّثَنِي مُحَمَّدُ بْنُ حَاتِمٍ، حَدَّثَنَا يَحْيَى بْنُ سَعِيدٍ، عَنْ يَزِيدَ بْنِ كَيْسَانَ، حَدَّثَنِي أَبُو حَازِمٍ، عَنْ أَبِي هُرَيْرَةَ، عَنِ النَّبِيِّ ﷺ، قَالَ: مَنْ صَلَّى عَلَى جِنَازَةٍ فَلَهُ قِيرَاطٌ، وَمَنِ اتَّبَعَهَا حَتَّى تُوضَعَ فِي الْقَبْرِ فَقِيرَاطَانِ، قَالَ: قُلْتُ: يَا أَبَا هُرَيْرَةَ، وَمَا الْقِيرَاطُ؟ قَالَ: مِثْلُ أُحُدٍ.,އަބޫ ހުރައިރާ ރިވާ ކުރެއްވިއެވެ: ނަބިއްޔާ ﷺ ޙަދީޘް ކުރެއްވިއެވެ: ”ޖަނާޒާއެއްގައި ނަމާދުކޮށްފި މީހަކަށް ގީރާޠެއްގެ ސަވާބު ލިބިގެންވެއެވެ. އަދި އެ (މައްޔިތާ) ކަށްވަޅަށް ލެވުމަށް ދާންދެން ބައިވެރިވެއްޖެ މީހަކަށް ދެ ގީރާޠް ލިބިގެންވެއެވެ.“ އަބޫ ހުރައިރާއަށް ދެންނެވުނެވެ: އޭ އަބޫ ހުރައިރާއެވެ. ދެ ގީރާޠަކީ ކިހާވަރެއްތޯއެވެ؟ އެކަލޭގެފާނު ދެންނެވިއެވެ: ”ޢުހުދު ފަރުބަދައާ އެއްވަރުވެގެން ވެއެވެ.“,b47
صحيح مسلم,945g,وَحَدَّثَنِي مُحَمَّدُ بْنُ عَبْدِ اللهِ بْنِ نُمَيْرٍ، حَدَّثَنَا عَبْدُ اللهِ بْنُ يَزِيدَ، حَدَّثَنِي حَيْوَةُ، حَدَّثَنِي أَبُو صَخْرٍ، عَنْ يَزِيدَ بْنِ عَبْدِ اللهِ بْنِ قُسَيْطٍ، أَنَّهُ حَدَّثَهُ: أَنَّ دَاوُدَ بْنَ عَامِرِ بْنِ سَعْدِ بْنِ أَبِي وَقَّاصٍ حَدَّثَهُ عَنْ أَبِيهِ أَنَّهُ كَانَ قَاعِدًا عِنْدَ عَبْدِ اللهِ بْنِ عُمَرَ إِذْ طَلَعَ خَبَّابٌ صَاحِبُ الْمَقْصُورَةِ، فَقَالَ: يَا عَبْدَ اللهِ بْنَ عُمَرَ أَلَا تَسْمَعُ مَا يَقُولُ أَبُو هُرَيْرَةَ أَنَّهُ سَمِعَ رَسُولَ اللهِ ﷺ يَقُولُ: مَنْ خَرَجَ مَعَ جِنَازَةٍ مِنْ بَيْتِهَا، وَصَلَّى عَلَيْهَا، ثُمَّ تَبِعَهَا حَتَّى تُدْفَنَ كَانَ لَهُ قِيرَاطَانِ مِنْ أَجْرٍ، كُلُّ قِيرَاطٍ مِثْلُ أُحُدٍ، وَمَنْ صَلَّى عَلَيْهَا، ثُمَّ رَجَعَ كَانَ لَهُ مِنَ الْأَجْرِ مِثْلُ أُحُدٍ. فَأَرْسَلَ ابْنُ عُمَرَ خَبَّابًا إِلَى عَائِشَةَ يَسْأَلُهَا عَنْ قَوْلِ أَبِي هُرَيْرَةَ، ثُمَّ يَرْجِعُ إِلَيْهِ، فَيُخْبِرُهُ مَا قَالَتْ، وَأَخَذَ ابْنُ عُمَرَ قَبْضَةً مِنْ حَصْبَاءِ الْمَسْجِدِ يُقَلِّبُهَا فِي يَدِهِ حَتَّى رَجَعَ إِلَيْهِ الرَّسُولُ، فَقَالَ: قَالَتْ عَائِشَةُ: صَدَقَ أَبُو هُرَيْرَةَ، فَضَرَبَ ابْنُ عُمَرَ بِالْحَصَى الَّذِي كَانَ فِي يَدِهِ الْأَرْضَ، ثُمَّ قَالَ لَقَدْ فَرَّطْنَا فِي قَرَارِيطَ كَثِيرَةٍ.,ކިއްލާއެއްގެ ވެރިޔާ ކަމަށްވާ ޚައްބާބު، ޢަބްދު ﷲ ބިން ޢުމަރުގެ އަރިހަށް އައިސް ދެންނެވިއެވެ: އޭ ޢަބްދު ﷲ ބިން ޢުމަރެވެ. އަބޫ ހުރައިރާ ވިދާޅުވާ އެއްޗެއް ތިބާ އަޑުނާއްސަވަމުތޯއެވެ؟ އެކަލޭގެފާނު ރަސޫލު ﷲ ﷺ ޙަދީޘް ކުރައްވަނިކޮށް އަޑުއެއްސެވި ކަމަށް ވިދާޅުވެއެވެ: ޖަނާޒާ ނުކުންނަ ތަކުން ނުކުމެ، (މައްޔިތާގެ) މައްޗަށް ނަމާދުކޮށް، އަދި ވަޅުލެވިއްޖައުމަށް ދާންދެން ޖަނާޒާގައި ބައިވެރިވެއްޖެ މީހަކަށް ދެ ގީ ގީރާޠެއްގެ ސަވާބު ލިބިގެންވެއެވެ. ކޮންމެ ގީރާޠެއް ޢުޙުދު ފަރުބަދައާ އެއްވަރުވެގެން ވެއެވެ. އަދި އެ ޖަނާޒާގައި ނަމާދު ކުރުމަށް ފަހު، (ވަޅުލުމުގެ ކުރިން ވަކިވެގެން) އެނބުރި އަތުވެއްޖެ މީހަކަށް ސަވާބުގެ ގޮތުން ޢުހުދު ފަރުބަދައާ އެއްވަރުގެ ގީރާޠެއް ލިބިގެން ވެއެވެ. ދެން އިބްނު ޢުމަރު، އަބޫ ހުރައިރާ ދެއްކެވި ވާހަކައާމެދު ސުވާލު ކުރަން ޢާއިޝާ ގާތަށް ޚައްބާބު ފޮނުއްވިއެވެ. އަދި އޭނާ އެނބުރި އަންނަން ދެން، މިސްކިތުގައި ހުރި ހިލަކޮޅުތަކެއް އިބްނު ޢުމަރު ނަންގަވާފައި އަތުގައި އަނބުރާލެއްވިއެވެ. ޚައްބާބު އައިސް ދެންނެވިއެވެ: ޢާއިޝާ ވިދާޅުވިއެވެ: އަބޫ ހުރައިރާ ތެދުހަދައިދިއެވެ. ދެން އިބްނު ޢުމަރުގެ އަތުގައި ހުރި ހިލަކޮޅުތައް ނަގައި ބިމަށް ޖެހިއެވެ. އަދި ދެންނެވިއެވެ: (ކުރިން ދެއްކެވި ވާހަކަ) އެ ކަމަނާ ތެދުކުރެއްވިއެވެ. ދެން އިބްނު ޢުމަރު ދެންނެވިއެވެ: ވަރަށް ގިނަ ގީރާތުގެ (ސަވާބު) ތިމަންމެން ފަރުވާކުޑަ ކުރެވި ގެއްލުވާލެވިއްޖެކަން ކަށަވަރެވެ.,b47
صحيح مسلم,9a,وَحَدَّثَنَا أَبُو بَكْرِ بْنُ أَبِي شَيْبَةَ، وَزُهَيْرُ بْنُ حَرْبٍ جَمِيعًا، عَنِ ابْنِ عُلَيَّةَ قَالَ زُهَيْرٌ: حَدَّثَنَا إِسْمَاعِيلُ بْنُ إِبْرَاهِيمَ، عَنْ أَبِي حَيَّانَ، عَنْ أَبِي زُرْعَةَ بْنِ عَمْرِو بْنِ جَرِيرٍ، عَنْ أَبِي هُرَيْرَةَ قَالَ: كَانَ رَسُولُ اللهِ ﷺ يَوْمًا بَارِزًا لِلنَّاسِ، فَأَتَاهُ رَجُلٌ فَقَالَ: يَا رَسُولَ اللهِ، مَا الْإِيمَانُ؟ قَالَ: أَنْ تُؤْمِنَ بِاللهِ، وَمَلَائِكَتِهِ، وَكِتَابِهِ، وَلِقَائِهِ، وَرُسُلِهِ، وَتُؤْمِنَ بِالْبَعْثِ الْآخِرِ، قَالَ: يَا رَسُولَ اللهِ، مَا الْإِسْلَامُ؟ قَالَ: الْإِسْلَامُ أَنْ تَعْبُدَ اللهَ وَلَا تُشْرِكَ بِهِ شَيْئًا، وَتُقِيمَ الصَّلَاةَ الْمَكْتُوبَةَ، وَتُؤَدِّيَ الزَّكَاةَ الْمَفْرُوضَةَ، وَتَصُومَ رَمَضَانَ، قَالَ: يَا رَسُولَ اللهِ، مَا الْإِحْسَانُ؟ قَالَ: أَنْ تَعْبُدَ اللهَ كَأَنَّكَ تَرَاهُ، فَإِنَّكَ إِنْ لَا تَرَاهُ فَإِنَّهُ يَرَاكَ، قَالَ: يَا رَسُولَ اللهِ، مَتَى السَّاعَةُ؟ قَالَ: مَا الْمَسْؤُولُ عَنْهَا بِأَعْلَمَ مِنَ السَّائِلِ، وَلَكِنْ سَأُحَدِّثُكَ عَنْ أَشْرَاطِهَا، إِذَا وَلَدَتِ الْأَمَةُ رَبَّهَا فَذَاكَ مِنْ أَشْرَاطِهَا، وَإِذَا كَانَتِ الْعُرَاةُ الْحُفَاةُ رُؤُوسَ النَّاسِ فَذَاكَ مِنْ أَشْرَاطِهَا، وَإِذَا تَطَاوَلَ رِعَاءُ الْبَهْمِ فِي الْبُنْيَانِ فَذَاكَ مِنْ أَشْرَاطِهَا، فِي خَمْسٍ لَا يَعْلَمُهُنَّ إِلَّا اللهُ، ثُمَّ تَلَا ﷺ: { إِنَّ اللهَ عِنْدَهُ عِلْمُ السَّاعَةِ وَيُنَزِّلُ الْغَيْثَ وَيَعْلَمُ مَا فِي الْأَرْحَامِ وَمَا تَدْرِي نَفْسٌ مَاذَا تَكْسِبُ غَدًا وَمَا تَدْرِي نَفْسٌ بِأَيِّ أَرْضٍ تَمُوتُ إِنَّ اللهَ عَلِيمٌ خَبِيرٌ } قَالَ: ثُمَّ أَدْبَرَ الرَّجُلُ، فَقَالَ رَسُولُ اللهِ ﷺ: رُدُّوا عَلَيَّ الرَّجُلَ، فَأَخَذُوا لِيَرُدُّوهُ، فَلَمْ يَرَوْا شَيْئًا، فَقَالَ رَسُولُ اللهِ ﷺ: هَذَا جِبْرِيلُ، جَاءَ لِيُعَلِّمَ النَّاسَ دِينَهُمْ.,އަބޫ ހުރައިރާ ރިވާ ކުރެއްވިއެވެ: އެއް ދުވަހަކު ރަސޫލު ﷲ ﷺ މީސްތަކުންގެ ތެރޭގައި ފާޅުވެ ހުންނަވަނިކޮށް، ނަބިއްޔާގެ އަރިހަށް މީހަކު އައިސް ދެންނެވިއެވެ: އޭ ﷲ ގެ ރަސުލާއެވެ. އީމާންކަމަކީ ކޮބައިތޯއެވެ؟ ނަބިއްޔާ ޙަދީޘް ކުރެއްވިއެވެ: ”އީމާންކަމަކީ ތިބާ ﷲ އަށާއި، އެ އިލާހުގެ މަލާއިކަތުންނަށާއި، އެ އިލާހުގެ ފޮތަށާއި، އެ އިލާހާ ބައްދަލުވާނެ ކަމަށާއި، އެ އިލާހުގެ ރަސޫލުންނަށާއި، އަދި ފަހުން އަލުން ދިރުއްވޭނެކަމަށް އީމާންވުމެވެ.“ އޭނާ ދެންނެވިއެވެ: އޭ ﷲ ގެ ރަސުލާއެވެ. އިސްލާމްކަމީ ކޮބައިތޯއެވެ؟ ނަބިއްޔާ ޙަދީޘް ކުރެއްވިއެވެ: ”އިސްލާމްކަމަކީ ތިބާ ﷲ އަށް އަޅުކަންކޮށް، އެ އިލާހާ އެއްވެސް ފަރާތެއް ޝަރީކު ނުކުރުމެވެ. އަދި ފަރުޟު ފަސް ނަމާދު ގާއިމުކޮށް، ފަރުޟުވެގެންވާ (މުދަލު) ޒަކާތް ދީ، ރަމަޟާން މަހު ރޯދަ ހިފުމެވެ.“ އޭނާ ދެންނެވިއެވެ: އޭ ﷲ ގެ ރަސުލާއެވެ. އިޙުސާންކަމަކީ ކޮބައިތޯއެވެ؟ ނަބިއްޔާ ޙަދީޘް ކުރެއްވިއެވެ: ”އެއީ ތިބާ ﷲ ފެނިހުރެ އަޅުކަން ކުރާނެ ފަދައިން އެ އިލާއަށް އަޅުކަން ކުރުމެވެ. އަދި ތިބާއަށް އެ އިލާހު ނުފެނުނު ކަމުގައި ވިޔަސް، ހަމަކަށަވަރުން އެ އިލާހު ތިބާއަށް ބައްލަވާ ވޮޑިގެންވެއެވެ.“ އޭނާ ދެންނެވިއެވެ: އޭ ﷲ ގެ ރަސުލާއެވެ. ގިޔާމަތް ވާނީ ކޮންއިރަކުތޯއެވެ؟ ނަބިއްޔާ ޙަދީޘް ކުރެއްވިއެވެ: ”އެކަމާ ބެހޭ ގޮތުން ސުވާލު ކުރި ފަރާތަށް ވުރެ ބޮޑަށް، ސުވާލު ކުރެވުނު ފަރާތް އެނގިގެން ނުވެއެވެ. (އެބަހީ: ދެ މީހުން ކުރެ އެކަކަށް ވެސް އެނގިގެން ނުވެއެވެ.) އެހެނަސް، އޭގެ އަލާމާތްތަކާ ބެހޭ ގޮތުން ތިބާއަށް ކިޔައިދެއްވާނަމެވެ. އެއީ އަޅު އަންހެނަކު ދަރިއެއް ވިހައިގެން، (އެ ލިބުނު ދަރި) އެ އަޅު އަންހެނާގެ ސާހިބާއަށް ވެއްޖެ ހިނދު، އެއީ އޭގެ ޢަލާމަތްތަކު ތެރޭ ހިމެނޭ ކަމެކެވެ. އަދި ހުސްފަޔާ އޮރިޔާންކަންމަތީ އުޅުނު މީހުން، މީސްތަކުންގެ އިސްވެރިންކަމުގައި ވެއްޖެ ހިނދު، އެއީ އޭގެ ޢަލާމަތްތަކު ތެރޭ ހިމެނޭ ކަމެކެވެ. އަދި ކަޅު ޖަމަލުތައް ހުއިހައްޕާ އުޅުނު މީހުން، އިމާރާތްތައް އުސް ކުރުމުގައި ވާދަކޮށްފި ހިނދު، އެއީ އޭގެ ޢަލާމަތްތަކު ތެރޭ ހިމެނޭ ކަމެކެވެ. (ގިޔާމަތް ވާނެ ވަގުތުގެ ޢިލްމަކީ) ﷲ ފިޔަވައި އެއްވެސް ފަރާތަކަށް ނޭނގޭނެ ފަސް ކަމެއްގެ ތެރެއިންވާ ކަމެކެވެ.“ ދެން ނަބިއްޔާ ﷺ މި އާޔަތް ކިޔަވައި ވިދާޅުވިއެވެ: ❞ހަމަކަށަވަރުން ގިޔާމަތް ވާނެ ވަގުތުގެ ޢިލްމު ވަނީ (ހަމައެކަނި) ﷲ ގެ ހަޒްރަތުގައެވެ. އަދި އެ އިލާހު ވާރޭ ވެއްސަވައެވެ. އަދި ރަޙިމުތަކުގައިވާ ތަކެތި އެ އިލާހު ދެނެވޮޑިގެން ވެއެވެ. އަދި އެއްވެސް ނަފްސަކަށް، އެ ނަފްސެއް މާދަމާ ހޯދައިގަންނާނީ ކޮން ކަމެއްކަން ނޭނގޭނެއެވެ. އަދި އެއްވެސް ނަފްސަކަށް، އެ ނަފްސެއް މަރުވާނީ ކޮން ބިމެއްގައި ކަމެއް ނޭނގޭނެއެވެ. ހަމަކަށަވަރުން ﷲ އީ މޮޅަށް ދެނެވޮޑިގެންވާ ޚަބީރުވަންތަ އިލާހެވެ.❝ އެއަށްފަހު އެ މީހާ އެނބުރި ހިނގައްޖެއެވެ. ރަސޫލު ﷺ ޙަދީޘް ކުރެއްވިއެވެ: ”އެ މީހާ ތިމަން ނަބިއްޔާ އަރިހަށް އެނބުރި ގެންނާށެވެ.“ ދެން އެ މީހާ އެނބުރި ގެނައުމަށް މީސްތަކުން އުޅުނެވެ. އެކަމަކު އެބައިމީހުންނަށް އެއްވެސް އެއްޗެއް ނުފެނުނެވެ. ދެން ރަސޫލު ﷲ ﷺ ޙަދީޘް ކުރެއްވިއެވެ: ”އެއީ ޖިބްރީލެވެ. އެކަލޭގެފާނު އެ ވަޑައިގަތީ، މީސްތަކުންނަށް އެބައިމީހުންގެ ދީން ދަސްކޮށްދެއްވުމަށެވެ.“,b50
صحيح مسلم,9b,حَدَّثَنَا مُحَمَّدُ بْنُ عَبْدِ اللهِ بْنِ نُمَيْرٍ، حَدَّثَنَا مُحَمَّدُ بْنُ بِشْرٍ، حَدَّثَنَا أَبُو حَيَّانَ التَّيْمِيُّ بِهَذَا الْإِسْنَادِ مِثْلَهُ، غَيْرَ أَنَّ فِي رِوَايَتِهِ إِذَا وَلَدَتِ الْأَمَةُ بَعْلَهَا يَعْنِي السَّرَارِيَّ.,ކުރީގެ ޙަދީޘާ އެއްފަދައިން ރިވާ ކުރެއްވިއެވެ. ތަފާތަކީ މި ރިވާޔަތުގައި ވަނީ: އަޅު އަންހެނަކު ދަރިއެއް ވިހައިގެން، (އެ ލިބުނު ދަރި) އެ އަޅު އަންހެނާގެ ސާހިބާއަށް ވެއްޖެ ހިނދެވެ. އެބަހީ ހަނގުރާމައިގައި ލިބޭ އަޅުންނެވެ.,b50