bodyAR,bodyDV
حِصْنُ المُسْلِمِ مِنْ أَذْكَارِ الكِتَابِ وَالسُّنَّةِ,ޙިޞްނުލް މުސްލިމް - ޤުރްއާނާއި ސުންނަތުގެ ޛިކުރުތަކުން މުސްލިމްމީހާގެ ކިއްލާ
الفقير إلى اللَّهِ تعالى,ﷲ ތަޢާލާއަށް ފަޤީރުވެގެންވާ އަޅާ
د. سَعِيدُ بْنُ عَلِيِّ بْنِ وَهْفٍ القَحْطَانِيُّ,ޑ. ސަޢީދު ބްނު ޢަލީ ބްނު ވަހްފު އަލް-ޤަޙްޠާނީ
بسم الله الرحمن الرحيم,"(بسم الله الرحمن الرحيم)
 ރަޙްމާންވަންތަ ރަޙީމްވަންތަ ﷲ ގެ ނަންފުޅުން ފަށަމެވެ."
المقدمة,މުޤައްދިމާ
إِنَّ الحَمْدَ للَّهِ، نَحْمَدُهُ، وَنَسْتَعِينُهُ، وَنَسْتَغْفِرُهُ، وَنَعُوذُ بِاللَّهِ مِنْ شُرُورِ أَنْفُسِنَا، وَسَيِّئَاتِ أَعْمَالِنَا، مَنْ يَهْدِهِ اللَّهُ فَلَا مُضِلَّ لَهُ، وَمَنْ يُضْلِلْ فَلَا هَادِيَ لَهُ، وَأَشْهَدُ أَنْ لَا إِلَهَ إِلَّا اللَّهُ وَحْدَهُ لَا شَرِيكَ لَهُ،,ހަމަކަށަވަރުން އެންމެހާ ޙަމްދެއްހުރީ ﷲ އަށެވެ. އަޅަމެން އެއިލާހުއަށް ޙަމްދުކުރަމެވެ. އަދި އެއިލާހުގެ ޙަޟްރަތުން އެހީތެރިކަމަށް އެދެމެވެ. އަދި އެއިލާހުގެ ޙަޟްރަތުން ފާފަފުއްސެވުމަށް އެދެމެވެ. އަދި އަޅަމެންގެ ނަފްސުތަކުގެ ނުބައިކަމުންނާއި، އަޅަމެންގެ ނުބައި ޢަމަލުތަކުގެ ނުބައިކަމުން ރައްކާތެރިކޮށްދެއްވުމަށް ﷲ ގެ ޙަޟްރަތުން އެދެމެވެ. ﷲ ތެދުމަގު ދައްކަވާ މީހަކު މަގުފުރައްދާނޭ އެކަކުވެސް ނުވެއެވެ. އަދި އެއިލާހު މަގުފުރައްދަވައިފި މީހަކަށް ތެދުމަގު ދެއްކޭނެ މީހަކު ނުވެއެވެ. އަދި ﷲ މެނުވީ ޙައްޤުވެގެން އަޅުކަންވެވޭ އިލާހަކު ނުވާކަމަށް އަޅު ހެކިވަމެވެ. އެއިލާހު އެއްކައުވަންތައެވެ. އެއިލާހުއަށް އެއްވެސް ޝަރީކަކު ނުވެއެވެ.
وَأَشْهَدُ أَنَّ مُحَمَّدًا عَبْدُهُ وَرَسُولُهُ، صَلَّى اللَّهُ عَلَيْهِ وَعَلَى آلِهِ وَأَصْحَابِهِ، وَمَنْ تَبِعَهُمْ بِإِحْسَانٍ إِلَى يَوْمِ الدِّينِ، وَسَلَّمَ تَسْلِيمًَا كَثِيرًَا، أَمَّا بَعْدُ:,އަދި މުޙައްމަދުގެފާނީ އެއިލާހުގެ އަޅާ އަދި ރަސޫލާ ކަމަށް އަޅު ހެކިވަމެވެ. އެކަލޭގެފާނަށާއި، އެކަލޭގެފާނުގެ އާލުންނާއި އަޞްޙާބުންނާއި، ޤިޔާމަތްދުވަހާ ހަމައަށް އިޙްސާންތެރިކަމާއެކު އެބޭކަލުންނަށް ތަބަޢަވީހާ ބައެއްގެ މައްޗަށް ﷲ ޞަލަވާތާއި ގިނަގުނަ ސަލާމް ލައްވާށިއެވެ. އެއަށްފަހު ދަންނައެވެ:
فَهَذَا مُخْتَصَرٌ اخْتَصَرْتُهُ مِنْ كِتَابِي: الذِّكْرُ وَالدُّعَاءُ وَالعِلَاجُ بِالرُّقَى مِنَ الكِتَابِ وَالسُّنَّةِ [1] اخْتَصَرْتُ فِيهِ قِسْمَ الأَذْكَارِ؛ لِيَكُونَ خَفِيفَ الحَمْلِ فِي الأَسْفَارِ.,ފަހެ މިއީ އަހަރެންގެ ފޮތް: (ޤުރްއާނާއި ސުންނަތުން ޛިކުރާއި ދުޢާ އަދި ރުޤްޔާއިން ފަރުވާ) [1] މިއިން ޚުލާޞާކުރި ފޮތެކެވެ. ޛިކުރުތަކުގެ ބައި އަހަރެން މީގައި ޚުލާޞާކޮށްލީމެވެ. އެއީ ދަތުރުތަކުގައި ލުއިކޮށް އުފުލޭ ފޮތެއްކަމުގައި ވުމަށެވެ.
[1] وقد طبع الأصل المذكور، وللَّه الحمد، مع تخريج أحاديثه تخريجًا موسعًا في أربعة مجلدات. حصن المسلم في المجلد الأول والثاني منها.,[1] ނަންގަނެވިފައިވާ އަޞްލުފޮތްވަނީ މިހާރު ޗާޕުކުރެވިފައެވެ. ﷲ އަށް ޙަމްދުހުއްޓެވެ. އެއީ އެ ފޮތުގެ ޙަދީޘްތައް ފުޅާކޮށް ނެރެ ތަޚްރީޖުކޮށްގެން ހަތަރު މުޖައްލަދުގައެވެ. ޙިޞްނުލް މުސްލިމް ފޮތްވަނީ އޭގެ ފުރަތަމަ އަދި ދެވަނަ މުޖައްލަދުގައެވެ.
وَقَدِ اقْتَصَرْتُ عَلَى مَتْنِ الذِّكْرِ، وَاكْتَفَيْتُ فِي تَخْرِيجِهِ بِذِكْرِ مَصْدَرٍ أَوْ مَصْدَرَيْنِ مِمَّا وُجِدَ فِي الأَصْلِ، وَمَنْ أَرَادَ مَعْرِفَةَ الصَّحَابِيِّ أَوْ زِيَادَةً فِي التَّخِرِيجِ فَعَلَيْهِ بِالرُّجُوعِ إِلَى الأَصْلِ،,އަހަރެން މީގައި ހަމައެކަނި ޛިކުރުގެ މަތަނު ގެނައުމުގެ މައްޗަށް ހަނިކޮށްލީމެވެ. އަދި އެ ޛިކުރެއް ތަޚްރީޖުކުރުމުގައި، އަޞްލު ފޮތުގައި އޮތް އެކެއް ނުވަތަ ދެ މަޞްދަރެއް ގެނެސްގެން ފުއްދާލީމެވެ. (ޛިކުރު އައިސްފައިވާ ޙަދީޘް ރިވާކުރި) ޞަޙާބީ ނުވަތަ ތަޚުރީޖު އިތުރަށް ހޯދަން ބޭނުން މީހަކު ފަހެ އަޞްލު ފޮތަށް ރުޖޫޢަވާށެވެ.
وَأَسْأَلُ اللَّهَ عزَّ وجلَّ بِأَسْمَائِهِ الحُسْنَى، وَصِفَاتِهِ العُلَا أَنْ يَجْعَلَهُ خَالِصًَا لِوَجْهِهِ الكَرِيمِ، وَأَنْ يَنْفَعَنِي بِهِ فِي حَيَاتِي، وَبَعْدَ مَمَاتِي، وَأَنْ يَنْفَعَ بِهِ مَنْ قَرَأَهُ، أَوْ طَبَعَهُ، أَوْ كَانَ سَبَبًا فِي نَشْرِهِ؛ إِنَّهُ سُبْحَانَهُ وَلِيُّ ذَلِكَ، وَالقَادِرُ عَلَيْهِ.,އަދި އަހަރެން، ﷲ ޢައްޒަ ވަޖައްލަގެ ރިވެތިވެގެންވާ އިސްމުފުޅުތަކާއި، މަތިވެރިވެގެންވާ ޞިފަފުޅުތައް މެދުވެރިކޮށް އެއިލާހުގެ ޙަޟްރަތުން އެދެނީ: އެއިލާހުގެ މާތްވެގެންވާ ވަޖްހުފުޅަށް ޚާލިޞްވެގެންވާ ފޮތެއްކަމުގައި މި ފޮތް ލެއްވުމަށެވެ. އަދި އަހަރެން ދިރިހުއްޓާ އަދި މަރުވުމަށްފަހުވެސް އެއިން އަހަރެންނަށް ފައިދާކޮށްދެއްވާ، އަދި އެ ފޮތް ކިޔައިފި، ނުވަތަ ޗާޕުކޮށް، ނުވަތަ ފޮތް ފަތުރަން ސަބަބެއްކަމުގައިވި ކޮންމެ މީހަކަށް އެއިން މަންފާކޮށްދެއްވުމަށެވެ. ހަމަކަށަވަރުން އެއިލާހު ސުބްޙާނަހޫއީ އެކަމުގެ ވަލީވެރި ފަރާތެވެ. އަދި އެކަމަށް ކުޅަދުންވަންތަ ފަރާތެވެ.
وَصَلَّى اللَّهُ وَسَلَّمَ عَلَى نَبِيِّنَا مُحَمَّدٍ، وَعَلَى آلِهِ وَأَصْحَابِهِ، وَمَنْ تَبِعَهُمْ بِإِحْسَانٍ إِلَى يَوْمِ الدِّيْنِ,އަހަރުމެންގެ ނަބިއްޔާ މުޙައްމަދުގެފާނާއި، އެކަލޭގެފާނުގެ އާލުންނާއި އެކަލޭގެފާނުގެ ޞަޙާބީންނާއި، ޤިޔާމަތްދުވަހާ ހަމައަށް އިޙްސާންތެރިކަމާއެކު އެބޭކަލުންނަށް ތަބަޢަވީހާ ބަޔަކަށް ﷲ ޞަލަވާތާއި ސަލާމް ލައްވާށިއެވެ.
المؤلف,މުއައްލިފު
حرر في شهر صفر 1409هـ,ލިޔެ އެކުލަވާލީ ހިޖުރައިން 1409 ވަނަ އަހަރުގެ ޞަފަރު މަހުގައި
فَضْلُ الذِّكِر,ޛިކުރުކުރުމުގެ މާތްކަން
قَالَ اللَّهُ تَعَالَى:,الله ތަޢާލާ ވަޙީކުރެއްވިއެވެ:
﴿فَٱذۡكُرُونِيٓ أَذۡكُرۡكُمۡ وَٱشۡكُرُواْ لِي وَلَا تَكۡفُرُونِ 152﴾[2]،,"﴿فَٱذۡكُرُونِيٓ أَذۡكُرۡكُمۡ وَٱشۡكُرُواْ لِي وَلَا تَكۡفُرُونِ 152﴾
 މާނައީ: ""ފަހެ ތިޔަބައިމީހުން ތިމަންއިލާހު ހަނދުމަ ކުރާށެވެ! އޭރުން ތިމަންއިލާހު ތިޔަބައިމީހުން ހަނދުމަކުރައްވާ ހުށީމެވެ. އަދި ތިމަންއިލާހަށް ތިޔަބައިމީހުން ޝުކުރުކުރާށެވެ! އަދި ތިމަންއިލާހަށް ތިޔަބައިމީހުން ކާފަރު ނުވާށެވެ!"" [2]."
[2] سورة البقرة: 152 .,[2] އަލް-ބަޤަރާ ސޫރަތް: 152.
﴿يَٰٓأَيُّهَا ٱلَّذِينَ ءَامَنُواْ ٱذۡكُرُواْ ٱللَّهَ ذِكۡرٗا كَثِيرٗا41﴾[3]،,"﴿يَٰٓأَيُّهَا ٱلَّذِينَ ءَامَنُواْ ٱذۡكُرُواْ ٱللَّهَ ذِكۡرٗا كَثِيرٗا41﴾
 މާނައީ: ""އޭ އީމާންވެއްޖެ މީސްތަކުންނެވެ. ތިޔަބައިމީހުން ގިނަވެގެންވާ ހަނދުމަކުރުމަކުން ﷲ ހަނދުމަކޮށް ޛިކުރުކުރާށެވެ."" [3]."
[3] سورة الأحزاب: 41 .,[3] އަލް-އަޙްޒާބު ސޫރަތް: 41.
﴿...وَالذَّاكِرِينَ اللَّهَ كَثِيراً وَالذَّاكِرَاتِ أَعَدَّ اللَّهُ لَهُم مَّغْفِرَةً وَأَجْراً عَظِيماً﴾[4]،,"﴿...وَالذَّاكِرِينَ اللَّهَ كَثِيراً وَالذَّاكِرَاتِ أَعَدَّ اللَّهُ لَهُم مَّغْفِرَةً وَأَجْراً عَظِيماً﴾
 މާނައީ: ""....އަދި ގިނަގިނައިން ﷲ ހަނދުމަކޮށް ޛިކުރުކުރާ ފިރިހެނުންނާއި، ޛިކުރުކުރާ އަންހެނުންނާއި، އެ އެންމެންނަށް ޓަކައި ﷲ ފާފަ ފުއްސެވުމާއި، ބޮޑުވެގެންވާ ދަރުމަ ތައްޔާރު ކުރެއްވިއެވެ."" [4]."
[4] سورة الأحزاب: 35 .,[4] އަލް-އަޙްޒާބު ސޫރަތް: 35.
﴿وَٱذۡكُر رَّبَّكَ فِي نَفۡسِكَ تَضَرُّعٗا وَخِيفَةٗ وَدُونَ ٱلۡجَهۡرِ مِنَ ٱلۡقَوۡلِ بِٱلۡغُدُوِّ وَٱلۡأٓصَالِ وَلَا تَكُن مِّنَ ٱلۡغَٰفِلِينَ 205﴾[5]،,"﴿وَٱذۡكُر رَّبَّكَ فِي نَفۡسِكَ تَضَرُّعٗا وَخِيفَةٗ وَدُونَ ٱلۡجَهۡرِ مِنَ ٱلۡقَوۡلِ بِٱلۡغُدُوِّ وَٱلۡأٓصَالِ وَلَا تَكُن مِّنَ ٱلۡغَٰفِلِينَ 205﴾
 މާނައީ: ""އަދި މަޑުމޮޅިވެ، ބިރުވެތިވާ ހާލުގައި، އަދި ބަސްބުނުމުގެ ތެރެއިން އަޑުހަރުކުރުމަށްވުރެ މަޑުން، ހެނދުނާއި ހަވީރުގެ ވަޤުތު ތަކުގައި ކަލޭގެފާނުގެ ހިތްޕުޅުން ކަލޭގެފާނުގެ ރައްބު ހަނދުމަ ކުރައްވާށެވެ. އަދި ޣާފިލު ވެގެންވާ މީހުންގެ ތެރެއިން ކަލޭގެފާނު ވެވަޑައިނުގަންނަވާށެވެ."" [5]."
[5] سورة الأعراف: 205 .,[5] އަލް-އަޢުރާފު ސޫރަތް: 205.
وَقَالَ النَّبِيُّ ﷺ:,އަދި ނަބިއްޔާ ﷺ ޙަދީޘްކުރެއްވިއެވެ:
«مَثَلُ الَّذِي يَذْكُرُ رَبَّهُ، وَالَّذِي لَا يَذْكُرُ ربَّهُ، مَثَلُ الحَيِّ وَالمَيِّتِ»[6]،,“އެމީހަކުގެ ވެރި ރައްބު ހަނދުމަކުރާ މީހާއާއި، ވެރި ރައްބު ހަނދުމަނުކުރާ މީހާގެ މިޘާލަކީ ދިރިހުރި މީހަކާއި މަރުވެފައިވާ މީހެއްގެ މިޘާލެވެ.” [6]
[6] البخاري مع الفتح (11/208) برقم (6407)، ومسلم (1/539) برقم (779) بلفظ: «مَثَلُ البَيْتِ الذي يُذْكَرُ اللَّهُ فِيهِ، وَالبَيْتِ الذي لا يُذْكَرُ اللَّهُ فِيهِ، مَثَلُ الحَيِّ وَالمَيِّتِ».,"[6] ރިވާކުރެވިގެންވަނީ އަލް-ފަތުޙުއާއި އެކު އަލް-ބުޚާރީވާ ފޮތުގެ: 11/208 ގައި، ނަމްބަރު 6407 ގައި، އަދި މުސްލިމު 1/539 ގައި، ނަމްބަރު 779 ގައެވެ. އެއީ މި ލަފްޒުންނެވެ: ""އެ ގެޔެއްގައި ﷲ ހަނދުމަކުރެވި ޛިކުރުކުރެވޭ ގެޔަކާއި، ﷲ ގެ ޛިކުރު ނުކުރެވޭ ގެޔެއްގެ މިޘާލީ: ދިރިހުރި މީހަކާއި މަރުވެފައިވާ މީހެއްގެ މިޘާލެވެ."""
وَقَالَ النَّبِيُّ ﷺ:,އަދި ނަބިއްޔާ ﷺ ޙަދީޘްކުރެއްވިއެވެ:
«أَلَا أُنبِّئُكُم بِخَيْرِ أَعْمَالِكُمْ، وَأَزْكَاهَا عِنْدَ مَلِيكِكُمْ، وَأَرْفَعِهَا فِي دَرَجَاتِكُمْ، وَخَيْرٍ لَكُمْ مِنْ إِنْفَاقِ الذَّهَبِ وَالوَرِقِ، وَخَيْرٍ لَكُمْ مِنْ أَنْ تَلْقَوْا عَدُوَّكُمْ فَتَضْرِبُوا أَعْنَاقَهُمْ وَيَضْرِبُوا أَعْنَاقِكُم؟» قَالُوا بَلَى. «ذِكْرُ اللَّهِ تَعَالَى»[7]،,"""ދަންނާށެވެ! ތިޔަބައިމީހުންގެ ޢަމަލުތަކުން އެންމެ ހެޔޮވެގެންވާ، އަދި ތިޔަބައިމީހުންގެ ވެރި ރަސްކަލާނގެ ޙަޟްރަތުގައި އެންމެ ޠާޙިރުވެގެންވާ، އަދި ތިޔަބައިމީހުންގެ ދަރަޖަތަކުގައި އެންމެ މަތިވެރިވެގެންވާ، އަދި ރަނާއި ރިހި ހޭދަކުރުމަށްވުރެވެސް ތިޔަބައިމީހުންނަށް ހެޔޮވެގެންވާ، އަދި ތިޔަބައިމީހުންގެ ޢަދުއްވުންނާ ބައްދަލުވެ، ތިޔަބައިމީހުން އެމީހުންގެ ކަނދުރާތަކުގައި ޖަހާ ޤަތުލުކޮށް އަދި އެމީހުން ތިޔަބައިމީހުންގެ ކަނދުރާތަކުގައި ޖަހާ ޤަތުލުކުރުމަށްވުރެވެސް ތިޔަބައިމީހުންނަށް ހެޔޮވެގެންވާ ޢަމަލަކީ ކޮބައިކަން ތިމަންކަލޭގެފާނު ތިޔަބައިމީހުންނަށް ޚަބަރުދެއްވަންހެއްޔެވެ؟"" އެބޭކަލުން ދެންނެވިއެވެ: ""އާދޭހެވެ."" (ޙަދީޘްކުރެއްވިއެވެ) ""ﷲ ތަޢާލާގެ މަތިން ހަނދުމަކޮށް ޛިކުރުކުރުމެވެ."" [7]."
[7] الترمذي (5/459) برقم (3377)، وابن ماجه (2/124) برقم (3790)، وانظر: صحيح ابن ماجه (2/316)، وصحيح الترمذي (3/139).,[7] ރިވާކުރެއްވީ އައް-ތިރްމިޛީ 5/459 ގެ ނަމްބަރު 3377 ގައި، އަދި އިބްނު މާޖާ 2/124 ގެ ނަމްބަރު 3790 ގައެވެ. އަދި ޞަޙީޙު އިބްނު މާޖާ 2/316 އާއި، ޞަޙީޙު އައް-ތިރްމިޛީ 3/139 ބައްލަވާށެވެ.
وَقَالَ ﷺ :,އަދިވެސް އެކަލޭގެފާނު ﷺ ޙަދީޘް ކުރެއްވިއެވެ:
«يَقُولُ اللَّهُ تَعَالَى: أَنَا عِنْدَ ظَنِّ عَبْدِي بِي، وَأَنَا مَعَهُ إِذَا ذَكَرَنِي، فَإِنْ ذَكَرَنِي فِي نَفْسِهِ، ذَكَرْتُهُ فِي نَفْسِي، وَإِنْ ذَكَرَنِي فِي مَلَأٍ ، ذَكَرْتُهُ فِي مَلَأٍ خَيْرٍ مِنْهُمْ، وَإِنْ تَقَرَّبَ إِلَيَّ شِبْرًا، تَقَرَّبْتُ إِلَيْهِ ذِرَاعًا، وَإِنْ تَقَرَّبَ إِلَيَّ ذِرَاعًا، تَقَرَّبْتُ إِلَيْهِ بَاعًا، وَإِنْ أَتَانِي يَمْشِي أَتَيْتُهُ هَرْوَلَةً»[8]،,"""ﷲ ތަޢާލާ ވަޙީކުރައްވައެވެ: ""ތިމަންއިލާހު ވޮޑިގެންވަނީ ތިމަންއިލާހުގެ އަޅާ ތިމަންއިލާހާމެދުގައި ހީކުރާ ގޮތަށެވެ. އަދި އޭނާ ތިމަންއިލާހުގެ މަތިން ހަނދުމަކޮށް ޛިކުރުކޮށްފިނަމަ، ތިމަންއިލާހުވަނީ އޭނާއާ އެކުގައެވެ. ދެންފަހެ އޭނާގެ ނަފްސުގައި ތިމަންއިލާހުގެ މަތިން ހަނދުމަކޮށްފިނަމަ، ތިމަންއިލާހުގެ ނަފްސުފުޅުގައި އޭނާގެ މަތިން ހަނދުމަކުރައްވާނަމެވެ. ބަޔަކުމީހުންގެ ތެރޭގައި އޭނާ ތިމަންއިލާހު ހަނދުމަކޮށްފިނަމަ؛ އެމީހުންނަށްވުރެ މާ ހެޔޮވެގެންވާ ބަޔަކުގެ ތެރޭގައި ތިމަންއިލާހު އޭނާގެ މަތިން ހަނދުމަކުރައްވަމެވެ. އަދި އޭނާ ތިމަންއިލާހާ ކައިވަތެއްގެ މިންވަރު ކައިރިވެއްޖެނަމަ، ތިމަންއިލާހު އޭނާއާ މުށެއްގެ މިންވަރު ކުއްތަންވެވޮޑިގަންނަވަމެވެ. އަދި އޭނާ ތިމަންއިލާހާ މުށެއްހައިތަން ކައިރިވެއްޖެނަމަ؛ ތިމަންއިލާހު 'ބޮމަ' ނުވަތަ ބަމައެއްހައިތަން (ދެ އަތް ދެ ފަރާތަށް ދަމާލީމާ އެއް އަތުން އަނެއް އަތުކޮޅާ ހަމައަށް ހުނަން ދިގުމިން) ތިމަންއިލާހު އޭނާއާ ކުއްތަންވެވޮޑިގަންނަވަމެވެ. އަދި އޭނާ ތިމަންއިލާހުގެ ޙަޟްރަތަށް ހިނގާފައި އައިސްފިނަމަ، ތިމަންއިލާހު އަވަސްހިނގުމުގައި އޭނާގެ ގާތަށް ވަޑައިގަންނަވަމެވެ."" [8]."
[8] البخاري (8/171) برقم (7405)، ومسلم (4/2061) برقم (2675)، واللفظ للبخاري.,[8] ރިވާކުރެއްވީ އަލް-ބުޚާރީ 8/171 ގެ ނަމްބަރު 7405 ގައި، އަދި މުސްލިމް 4/2061 ގެ ނަމްބަރު 2675 ގައެވެ. އަދި މިއީ ބުޚާރީގެ ލަފްޒެވެ.
وَعَنْ عَبْدِ اللَّهِ بْنِ بُسْرٍ رضي الله عنه أَنَّ رَجُلاً قَالَ: يَا رَسُولَ اللَّهِ، إِنَّ شَرَائِعَ الإِسْلَامِ قَدْ كَثُرَتْ عَليَّ، فَأَخْبِرْنِي بِشَيْءٍ أَتَشَبَّثُ بِهِ. قَالَ:,"އަދި ޢަބްދު ﷲ ބްނު ބުސްރު رضي الله عنه ގެ އަރިހުން ރިވާވެގެންވާ ގޮތުގައި، މީހަކު ދެންނެވިއެވެ: ""އޭ ﷲ ގެ ރަސޫލެވެ! ހަމަކަށަވަރުން އިސްލާމްދީނުގެ ޝަރީޢަތްތައް (ޝަރުޢުކުރެވިގެންވާ ކަންކަން) އަހަރެންގެ މައްޗަށް ގިނަވެއްޖެއެވެ. ފަހެ އަހަރެން އޭގައި އެލިގެން ހިފަހައްޓަންވީ ކަމެއްގެ ޚަބަރުދެއްވާށެވެ."" ޙަދީޘްކުރެއްވިއެވެ:"
«لَا يَزَالُ لِسَانُكَ رَطْبًا مِنْ ذِكْرِ اللَّهِ»[9]،,"""ﷲ ހަނދުމަކޮށް ޛިކުރުކުމުގައި ތިބާގެ ދޫ ތެތްކޮށް ދަމަހައްޓާހުށިކަމެވެ."" [9]."
[9] الترمذي (5/458) برقم (3375)، وابن ماجه (2/1246) برقم (3793)، وصححه الألباني في: صحيح الترمذي (3/139)، وصحيح ابن ماجه (2/317).,[9] ރިވާކުރެއްވީ އައް-ތިރްމިޛީ 5/458 ގެ ނަމްބަރު 3375 ގައި، އަދި އިބްނު މާޖާ 2/1246 ގެ ނަމްބަރު 3793 ގައެވެ. އަދި ޞަޙީޙު އައް-ތިރްމީޛީގެ 3/139 ގައި، އަދި ޞަޙީޙު އިބްނު މާޖާގެ 2/317 ގައި އަލް-އަލްބާނީވަނީ އެ ޙަދީޘް ޞައްޙަކުރައްވާފައެވެ.
وَقَالَ ﷺ:,އަދިވެސް އެކަލޭގެފާނު ﷺ ޙަދީޘް ކުރެއްވިއެވެ:
«مَنْ قَرَأَ حَرْفًا مِنْ كِتَابِ اللَّهِ فَلَهُ بِهِ حَسَنَةٌ، وَالحَسَنَةُ بِعَشْرِ أَمْثَالِهَا، لَا أَقُولُ: ﴿الــم﴾ حَرْفٌ، وَلَكِنْ: أَلِفٌ حَرْفٌ، وَلَامٌ حَرْفٌ، وَمِيْمٌ حَرْفٌ»[10].,"""ﷲ ގެ ފޮތުން އަކުރެއް ކިޔައިފި މީހަކަށް، އޭގެ ސަބަބުން ފަހެ ހެޔޮކަމެއްވެއެވެ. އަދި ކޮންމެ ހެޔޮކަމެއް އޭގެ ދިހަ ގުނަހުއްޓެވެ. ތިމަންކަލޭގެފާނު ﴿ الم﴾ އަކީ އަކުރެއްކަމުގައި ވިދާޅުނުވަމެވެ. އެކަމަކު އަލިފަކީ އަކުރެކެވެ. ލާމަކީ އަކުރެކެވެ. އަދި މީމަކީ އަކުރެކެވެ."" [10]."
[10] الترمذي (5/75) برقم (2910)، وصححه الألباني: صحيح الترمذي (3/9)، وصحيح الجامع الصغير (5/340).,[10] ރިވާކުރެއްވީ އައް-ތިރްމިޛީ 5/75 ގެ ނަމްބަރު 2910 ގައެވެ. އަދި ޞަޙީޙުއް-ތިރްމިޛީ 9/3 ގައި، އަދި ޞަޙީޙުލް-ޖާމިޢުއް-ޞަޣީރު 5/340 ގައި އަލް-އަލްބާނީ އެ ޙަދީޘް ޞައްޙަކުރެއްވިއެވެ.
وَعَنْ عُقْبَةَ بْنِ عَامِرٍ رضي الله عنه قَالَ: خَرَجَ رَسُولُ اللَّهِ ﷺ وَنَحْنُ فِي الصُّفَّةِ، فَقَالَ:,"އަދި ޢުޤްބާ ބްނު ޢާމިރު رضي الله عنه ވިދާޅުވިކަމަށް ރިވާވެގެންވެއެވެ: އަހަރުމެން ""އައް-ޞުއްފާ"" ގައި ތިއްބާ، ﷲ ގެ ރަސޫލާ ﷺ ނިކުމެވަޑައިގެންނެވިއެވެ. އަދި ޙަދީޘްކުރެއްވިއެވެ:"
«أَيُّكُمْ يُحِبُّ أَنْ يَغْدُوَ كُلَّ يَوْمٍ إِلَى بُطْحَانَ، أَوْ إِلَى العَقِيقِ، فَيَأْتيَ مِنْهُ بِنَاقَتَيْنِ كَوْمَاوَيْنِ فِي غَيْرِ إِثْمٍ وَلَا قَطِيعَةِ رَحِمٍ؟»,"""ކޮންމެ ދުވަހަކު ހެނދުނާ (މަދީނާގެ ވާދީއެއްކަމުގައިވާ) ބުޠްޙާނަށް، ނުވަތަ ޢަޤީޤަށް ގޮސް، ދެން އެއްވެސް ފާފައެއް އަދި ރަޙިމުގެ ގުޅުން ކެނޑުމެއް ނުވާގޮތުގައި އެތަނުން، ގޮންގަނޑު ބޮޑު ދެ ޖަމަލު ހިފައިގެން އައުމަށް ލޯބިކުރަނީ ތިޔަބައިމީހުންކުރެ ކާކު ހެއްޔެވެ؟"""
فَقُلْنَا: يَا رَسُولَ اللَّهِ نُحِبُّ ذَلِكَ، قَالَ:,"ދެން އަހަރުމެން ދެންނެވީމެވެ: ""އޭ ﷲ ގެ ރަސޫލެވެ! އަހަރުމެން އެކަމަށް ލޯބިކުރަމެވެ."" ޙަދީޘްކުރެއްވިއެވެ:"
«أَفَلَا يَغْدُو أَحَدُكُمْ إِلَى المَسْجِدِ فَيَعْلَمَ، أَوْ يَقْرَأَ آيَتَيْنِ مِنْ كِتَابِ اللَّهِ عز وجل خَيْرٌ لَهُ مِنْ نَاقَتَيْنِ، وَثَلاثٌ خَيْرٌ لَهُ مِنْ ثَلَاثٍ، وَأَرْبَعٌ خَيْرٌ لَهُ مِنْ أَرْبَعٍ، وَمِنْ أَعْدَادِهِنَّ مِنَ الإِبِلِ»[11].,"""ފަހެ ތިޔަބައިމީހުންކުރެ މީހަކު މިސްކިތަށް ހެނދުނާ ގޮސް، ދެން ﷲ ޢައްޒަ ވަޖައްލަގެ ފޮތުން ދެ އާޔަތް ދެނެގަނެ ނުވަތަ ކިޔަވައި ނުލާނަން ހެެއްޔެވެ؟ (ފަހެ އެކަންތައް) ދެ ޖަމަލަށްވުރެ އޭނާއަށް މާ ހެޔޮވެގެންވެއެވެ. އަދި ތިން އާޔަތް، ތިން ޖަމަލަށްވުރެ، އަދި ހަތަރު އާޔަތް ހަތަރު ޖަމަލަށްވުރެ، އަދި (އެއަށްވުރެ ގިނަ އާޔަތް) އެ ޢަދަދަށްވާ ޖަމަލަށްވުރެ އޭނާއަށް ހެޔޮވެގެންވެއެވެ."" [11]."
[11] مسلم (1/553) برقم (803).,[11] ރިވާކުރެއްވީ މުސްލިމް 1/553 ގެ ނަމްބަރު 803 ގައެވެ.
وَقَالَﷺ:,އަދިވެސް އެކަލޭގެފާނު ﷺ ޙަދީޘްކުރެއްވިއެވެ:
«مَنْ قَعَدَ مَقْعَدًَا لَمْ يَذْكُرِ اللَّهَ فِيهِ، كَانَتْ عَلَيْهِ مِنَ اللَّهِ تِرَةٌ، وَمَنِ اضْطَجَعَ مَضْجِعًا لَمْ يَذْكُرِ اللَّهَ فِيهِ كَانَتْ عَلَيْهِ مِنَ اللَّهِ تِرَةٌ»[12].,"""އެ އިށީންނުމެއްގައި ﷲ ހަނދުމަކޮށް ޛިކުރު ނުކުރާ އިށީންނުމެއް (ނުވަތަ މަޖްލީހެއްގައި) އިށީންދެއްޖެ މީހާ؛ ﷲ ގެ ޙަޟްރަތުން އޭނާގެ މައްޗަށް އުނިކަމެއް ހުއްޓެވެ. އަދި އޮށޯތުމެއްގައި ﷲ ހަނދުމަކޮށް ޛިކުރުނުކުރާ އޮށޯތުމެއް އޮށޯވެއްޖެ މީހާ؛ އޭނާގެ މައްޗަށް ﷲ ގެ ޙަޟްރަތުންވާ އުނިކަމެއް ވެއެވެ."" [12]."
[12] أبو داود (4/264) برقم (4856)، وغيره، وانظر: صحيح الجامع (5/342).,[12] ރިވާކުރެއްވީ އަބޫ ދާވޫދު 4/264 ގެ ނަމްބަރު 4856 ގައި، އަދި އެހެން ބޭފުޅުންނެވެ. އަދި ޞަޙީޙުލް-ޖާމިޢުގެ 5/342 ބައްލަވާށެވެ.
وقالﷺ:,އަދިވެސް އެކަލޭގެފާނު ﷺ ޙަދީޘްކުރެއްވިއެވެ:
«مَا جَلَسَ قَوْمٌ مَجْلِسًَا لَمْ يَذْكُرُوا اللَّهَ فِيهِ، وَلَمْ يُصَلُّوا عَلَى نَبِيِّهِمْ إِلَّا كَانَ عَلَيْهِمْ تِرَةً، فَإِنْ شَاءَ عذَّبَهُمْ، وَإِنْ شَاءَ غَفَرَ لَهُمْ»[13].,"""ބަޔަކުމީހުން އެ މަޖްލީހެއްގައި ﷲ ހަނދުމަކޮށް ޛިކުރުނުކުރާ ގޮތަށް، އަދި އެމީހުންގެ ނަބިއްޔާގެ މައްޗަށް ޞަލަވާތްވެސް ނުކިޔަވާ ގޮތަށް މަޖްލީހެއްގައި އިށީންދެއްޖެނަމަ؛ އެ މީހުންނަށް ހުރި އުނިކަމެއް އަދި ހިތްދަތިކަމެއް ކަމުގައި އެ މަޖްލީސްވެގެން މެނުވީ ނުވެއެވެ. ދެންފަހެ އެކަލާނގެ އެދިވޮޑިގެންނެވިނަމަ އެމީހުންނަށް ޢަޛާބުދެއްވައެވެ. އަދި އެކަލާނގެ އެދިވޮޑިގެންނެވިނަމަ އެމީހުންނަށް ފާފަފުއްސަވައެވެ."" [13]."
[13] الترمذي (5/461) برقم (3380)، وانظر: صحيح الترمذي (3/ 140).,[13] ރިވާކުރެއްވީ އައް-ތިރްމިޛީ 5/461 ގެ ނަމްބަރު 3380 ގައެވެ. އަދި ޞަޙީޙުއް-ތިރްމިޛީގެ 3/140 ބައްލަވާށެވެ.
وَقَالَﷺ:,އަދިވެސް އެކަލޭގެފާނު ﷺ ޙަދީޘްކުރެއްވިއެވެ:
«مَا مِنْ قَوْمٍ يَقُومُونَ مِنْ مَجْلِسٍ لَا يَذْكُرُونَ اللَّهَ فِيهِ إِلَّا قَامُوا عَنْ مِثْلِ جِيفَةِ حِمَارٍ، وَكَانَ لهُمْ حَسْرةً»[14].,"""އެއްވެސް ބަޔަކު، އެ މަޖްލީހެއްގައި ﷲ ގެ ޛިކުރުނުކޮށް މަޖްލީހަކުން ތެދުވެއްޖެނަމަ؛ ޙިމާރެއްގެ މުޅަމަސްގަނޑެއް ކައިރިން ތެދުވި ފަދައިން މެނުވީ ނުވެއެވެ. އަދި އެ މަޖްލީސްވާހުށީ އެމީހުންނަށް ހުރި ހިތްދަތި ސަހަރޯވެރިކަމަކަށެވެ."" [14]."
[14] أبو داود (4/264) برقم (4855)، وأحمد (2/389) برقم (10680) وانظر: صحيح الجامع (5/176).,[14] ރިވާކުރެއްވީ އަބޫ ދާވޫދު 4/264 ގެ ނަމްބަރު 4855 ގައި، އަދި އަޙްމަދު 2/389 ގެ ނަމްބަރު 10680 ގައެވެ. އަދި ޞަޙީޙުލް-ޖާމިޢު 5/176 ބައްލަވާށެވެ.
1. أَذْكَارُ الاسْـــتِيقَاظِ مِنَ النَّـــومِ,1. ނިދާ ހޭލައިގެން ކިޔާ ޛިކުރުތައް
«الحَمْدُ للَّهِ الَّذِي أَحْيَانَا بَعْدَ مَا أَمَاتَنَا، وَإِلَيْهِ النُّشُورُ»[15].,"«الحَمْدُ للَّهِ الَّذِي أَحْيَانَا بَعْدَ مَا أَمَاتَنَا، وَإِلَيْهِ النُّشُورُ»
 މާނައީ: ""އަހަރުމެން މަރުގެންނެވުމަށް ފަހު ދިރުއްވި ﷲ އަށް ޙަމްދުހުއްޓެވެ. އަދި އެނބުރި ދިޔުންވަނީ އެއިލާހުގެ ޙަޟްރަތަށެވެ."" [15]."
[15] البخاري مع الفتح (11/113) برقم (6314) ومسلم (4/2083) برقم (2711).,[15] ރިވާކުރެއްވީ އަލް-ބުޚާރީ، ފަތުޙުލް-ބާރީއާއެކުވާ ފޮތުގެ 11/113 ގެ ނަމްބަރު 6314 ގައި، އަދި މުސްލިމް 4/2083 ގެ ނަމްބަރު 2711 ގައެވެ.
الحَمْدُ للَّهِ الَّذِي أَحْيَانَا بَعْدَ مَا أَمَاتَنَا، وَإِلَيْهِ النُّشُور,އަލްޙަމްދު ލިއްލާހިއް ލަޛީ އަޙްޔާނާ ބަޢްދަ މާ އަމާތަނާ ވައިލައިހިއް ނުޝޫރު
«لَا إِلَهَ إِلَّا اللَّهُ وَحْدَهُ لَا شَريكَ لَهُ، لَهُ المُلْكُ وَلَهُ الحَمْدُ، وَهُوَ عَلَى كُلِّ شَيْءٍ قَدِيرٌ، سُبْحَانَ اللَّهِ، وَالحَمْدُ للَّهِ، وَلَا إِلَهَ إِلَّا اللَّهُ، وَاللَّهُ أَكبَرُ، وَلَا حَوْلَ وَلَا قُوَّةَ إِلَّا بِاللَّهِ العَلِيِّ العَظِيمِ، رَبِّ اغْفرْ لِي»[16].,"«لَا إِلَهَ إِلَّا اللَّهُ وَحْدَهُ لَا شَريكَ لَهُ، لَهُ المُلْكُ وَلَهُ الحَمْدُ، وَهُوَ عَلَى كُلِّ شَيْءٍ قَدِيرٌ، سُبْحَانَ اللَّهِ، وَالحَمْدُ للَّهِ، وَلَا إِلَهَ إِلَّا اللَّهُ، وَاللَّهُ أَكبَرُ، وَلَا حَوْلَ وَلَا قُوَّةَ إِلَّا بِاللَّهِ العَلِيِّ العَظِيمِ، رَبِّ اغْفرْ لِي»
 މާނައީ: ""ﷲ މެނުވީ (އަޅުކަންވެވުން ޙައްޤުވެގެންވާ) އެހެން އެއްވެސް އިލާހަކު ނުވެއެވެ. އެ އިލާހު އެއްކައުވަންތައެވެ. އެ އިލާހަށް އެއްވެސް ޝަރީކަކު ނުވެއެވެ. އެންމެހާ ރަސްކަމެއްވަނީ އެ އިލާހަށެވެ. އަދި ހުރިހާ ޙަމްދެއްވަނީ، އެ އިލާހަށެވެ. އަދި ކޮންމެ ކަމެއްގެ މައްޗަށް އެ އިލާހު ކުޅަދުންވަންތަވެވޮޑިގެންވެއެވެ. ﷲ (ހުރިހާ ޢައިބަކާއި އުނިކަމުން) ހުސްޠާހިރުވެ ވޮޑިގެންވެއެވެ. އަދި (އެންމެހާ) ޙަމްދެއް ވަނީ ﷲ އަށެވެ. އަދި ﷲ މެނުވީ އަޅުކަންވެވުން ޙައްޤުވެގެންވާ އެހެން އެއްވެސް އިލާހަކު ނުވެއެވެ. އަދި އެންމެ ބޮޑީ ﷲ އެވެ. އަދި އެއްވެސް އާރަކާއި ބާރެއް ﷲ ގެ ޙަޟްރަތުން މެނުވީ ނުވެއެވެ. އަޅުގެ ރައްބެވެ! މި އަޅާގެ ފާފަފުއްސަވާށިއެވެ!"" [16]."
[16] «مَنْ قَالَ ذَٰلِكَ غُفِرَ لَهُ، فَإِنْ دَعَا اسْتُجِيبَ لَهُ، فَإِنْ قَامَ فَتَوَضَّأَ ثُمَّ صَلَّى قُبِلَتْ صَلَاتُهُ». البخاري مع الفتح (3/39) برقم (1154) وغيره، واللفظ لابن ماجه، انظر: صحيح ابن ماجه (2/335).,"[16] ""އެހެން ކިޔައިފި މީހާގެ ފާފަފުއްސެވިއްޖެއެވެ. އަދި އޭނާ ދުޢާކޮށްފިނަމަ، އިޖާބަކުރެވޭނެއެވެ. އަދި އޭނާ ތެދުވެ ވުޟޫކޮށް ދެން ނަމާދުކޮށްފިނަމަ، އޭނާގެ ނަމާދުވެސް ޤަބޫލުކުރެވޭ ހުއްޓެވެ."" ރިވާކުރެއްވީ އަލް-ބުޚާރީ، އަލް-ފަތުޙުއާ އެއްކޮށްވާ ފޮތުގެ 3/39 ގެ ނަމްބަރު 1154 ގައި އަދި އެހެން ބޭފުޅުންނެވެ. އަދި މިއީ އިބްނު މާޖާގެ ލަފްޒެވެ. ޞަޙީޙު އިބްނު މާޖާ 2/335 ބައްލަވާށެވެ."
لَا إِلَهَ إِلَّا اللَّهُ وَحْدَهُ لَا شَريكَ لَهُ، لَهُ المُلْكُ وَلَهُ الحَمْدُ، وَهُوَ عَلَى كُلِّ شَيْءٍ قَدِيرٌ، سُبْحَانَ اللَّهِ، وَالحَمْدُ للَّهِ، وَلَا إِلَهَ إِلَّا اللَّهُ، وَاللَّهُ أَكبَرُ، وَلَا حَوْلَ وَلَا قُوَّةَ إِلَّا بِاللَّهِ العَلِيِّ العَظِيمِ، رَبِّ اغْفرْ لِي,ލާއިލާހަ އިއްލައްލޯހު ވަޙްދަހޫ ލާ ޝަރީކަ ލަހް، ލަހުލް މުލްކު ވަލަހުލް ޙަމްދު، ވަހުވަ ޢަލާ ކުއްލި ޝައިއިން ޤަދީރް، ސުބްޙާނަ ﷲ، ވަލްޙަމްދު ލިއްލާހި، ވަލާއިލާހަ އިއްލައްލޯހު، ވައްލޯހު އަކްބަރު، ވަލާ ޙައުލަ ވަލާ ޤުއްވަތަ އިއްލާ ބިއްލާހިލް ޢަލިއްޔިލް ޢަޡީމް، ރައްބިޣްފިރްލީ
«الحَمْدُ لِلَّهِ الَّذِي عَافَانِي فِي جَسَدِي، وَرَدَّ عَلَيَّ رُوحِي، وَأَذِنَ لِي بِذِكْرِهِ»[17].,"«الحَمْدُ لِلَّهِ الَّذِي عَافَانِي فِي جَسَدِي، وَرَدَّ عَلَيَّ رُوحِي، وَأَذِنَ لِي بِذِكْرِهِ»
 މާނައީ: ""މި އަޅާގެ ހަށިގަނޑަށް ޢާފިޔަތު ދެއްވާ، އަދި މި އަޅާގެ ފުރާނަ މި އަޅާއަށް އަނބުރާ ރައްދުކުރައްވާ، އެ އިިލާހަށް ޛިކުރުކުމުގެ އިޛްނަ މި އަޅާއަށް ދެއްވި ﷲ އަށް ޙަމްދުހުއްޓެވެ."" [17]."
[17] الترمذي(5/473) برقم (3401)، وانظر: صحيح الترمذي (3/144).,[17] ރިވާކުރެއްވީ އައް-ތިރްމިޛީ 5/473 ގެ ނަމްބަރު 3401 ގައެވެ. އަދި ޞަޙީޙުއް-ތިރްމިޛީގެ 3/144 ބައްލަވާށެވެ.
الحَمْدُ لِلَّهِ الَّذِي عَافَانِي فِي جَسَدِي، وَرَدَّ عَلَيَّ رُوحِي، وَأَذِنَ لِي بِذِكْرِه,އަލްޙަމްދު ލިއްލާހިއްލަޛީ ޢާފާނީ ފީ ޖަސަދީ، ވަރައްދަ ޢަލައްޔަ ރޫޙީ، ވައަޛިނަ ލީ ބިޛިކްރިހް
﴿إِنَّ فِي خَلۡقِ ٱلسَّمَٰوَٰتِ وَٱلۡأَرۡضِ وَٱخۡتِلَٰفِ ٱلَّيۡلِ وَٱلنَّهَارِ لَأٓيَٰتٖ لِّأُوْلِي ٱلۡأَلۡبَٰبِ 190,"﴿إِنَّ فِي خَلۡقِ ٱلسَّمَٰوَٰتِ وَٱلۡأَرۡضِ وَٱخۡتِلَٰفِ ٱلَّيۡلِ وَٱلنَّهَارِ لَأٓيَٰتٖ لِّأُوْلِي ٱلۡأَلۡبَٰبِ
 މާނައީ: ""ހަމަކަށަވަރުން އުޑުތަކާއި ބިން ހެއްދެވުމުގައްޔާއި ރޭދުވާ ތަފާތުވުމުގައި، ބުއްދީގެ އަހުލުވެރިންނަށް ކަށަވަރުވެގެންހުރި ހެކިތަކެއްވެއެވެ."""
ٱلَّذِينَ يَذۡكُرُونَ ٱللَّهَ قِيَٰمٗا وَقُعُودٗا وَعَلَىٰ جُنُوبِهِمۡ وَيَتَفَكَّرُونَ فِي خَلۡقِ ٱلسَّمَٰوَٰتِ وَٱلۡأَرۡضِ رَبَّنَا مَا خَلَقۡتَ هَٰذَا بَٰطِلٗا سُبۡحَٰنَكَ فَقِنَا عَذَابَ ٱلنَّارِ 191,"ٱلَّذِينَ يَذۡكُرُونَ ٱللَّهَ قِيَٰمٗا وَقُعُودٗا وَعَلَىٰ جُنُوبِهِمۡ وَيَتَفَكَّرُونَ فِي خَلۡقِ ٱلسَّمَٰوَٰتِ وَٱلۡأَرۡضِ رَبَّنَا مَا خَلَقۡتَ هَٰذَا بَٰطِلٗا سُبۡحَٰنَكَ فَقِنَا عَذَابَ ٱلنَّارِ
 މާނައީ: ""އެ މީހުންނީ، ކޮޅަށް ތިބެގެންނާއި، އިށީންދެ ތިބެގެންނާއި، އޮށޯވެ ތިބެގެން، ﷲ ހަނދުމަކޮށް، އުޑުތަކާއި ބިން ހެއްދެވުމާމެދު، ފިކުރުކޮށް އުޅޭ މީހުންނެވެ. (އެ މީހުން ދަންނަވާނެއެވެ.) އަޅަމެންގެ ރައްބެވެ. އިބަ އިލާހު މިތަކެތި ބާޠިލު ގޮތެއްގައި ނުހައްދަވައެވެ. އިބަ އިލާހުގެ ހުސްޠާހިރުވަންތަކަމާއެވެ. ފަހެ ނަރަކައިގެ ޢަޛާބުން އަޅަމެން ދިންނަވާށިއެވެ."""
رَبَّنَآ إِنَّكَ مَن تُدۡخِلِ ٱلنَّارَ فَقَدۡ أَخۡزَيۡتَهُۥۖ وَمَا لِلظَّٰلِمِينَ مِنۡ أَنصَارٖ 192,"رَبَّنَآ إِنَّكَ مَن تُدۡخِلِ ٱلنَّارَ فَقَدۡ أَخۡزَيۡتَهُۥۖ وَمَا لِلظَّٰلِمِينَ مِنۡ أَنصَارٖ
 މާނައީ: ""އަޅަމެންގެ ރައްބެވެ. ހަމަކަށަވަރުން އިބަ އިލާހު ނަރަކައަށް ވައްދަވައިފިމީހާ، ފަހެ އިބަ އިލާހު އެ މީހަކު ނިކަމެތި ކުރައްވައިފިކަން ކަށަވަރެވެ. އަނިޔާވެރިންނަށް ނަޞްރު ދޭނެ އެއްވެސް ބަޔަކު ނުވެއެވެ."""
رَّبَّنَآ إِنَّنَا سَمِعۡنَا مُنَادِيٗا يُنَادِي لِلۡإِيمَٰنِ أَنۡ ءَامِنُواْ بِرَبِّكُمۡ فَـَٔامَنَّاۚ رَبَّنَا فَٱغۡفِرۡ لَنَا ذُنُوبَنَا وَكَفِّرۡ عَنَّا سَيِّـَٔاتِنَا وَتَوَفَّنَا مَعَ ٱلۡأَبۡرَارِ 193,"رَّبَّنَآ إِنَّنَا سَمِعۡنَا مُنَادِيٗا يُنَادِي لِلۡإِيمَٰنِ أَنۡ ءَامِنُواْ بِرَبِّكُمۡ فَـَٔامَنَّاۚ رَبَّنَا فَٱغۡفِرۡ لَنَا ذُنُوبَنَا وَكَفِّرۡ عَنَّا سَيِّـَٔاتِنَا وَتَوَفَّنَا مَعَ ٱلۡأَبۡرَارِ
 މާނައީ: ""އަޅަމެންގެ ރައްބެވެ. އީމާން ވުމަށް ގޮވާލައްވާ ބޭކަލަކު ތިޔަބައިމީހުންގެ ރައްބަށް އީމާން ވާށޭ ގޮވާލައްވާ އަޑު، ހަމަކަށަވަރުން އަޅަމެން އެހީމުއެވެ. ދެން، އަޅަމެން އީމާން ވީމުއެވެ. އަޅަމެންގެ ރައްބެވެ. ފަހެ އަޅަމެންނަށް އަޅަމެންގެ ފާފަތައް ފުއްސަވާނދޭވެ. އަދި އަޅަމެންގެ ކިބައިން އަޅަމެންގެ ކުށްތައް ޢަފޫކުރައްވާށިއެވެ. އަދި ހެޔޮލަފާ މީހުންނާއެކު އަޅަމެން މަރުގަންނަވާށިއެވެ."""
رَبَّنَا وَءَاتِنَا مَا وَعَدتَّنَا عَلَىٰ رُسُلِكَ وَلَا تُخۡزِنَا يَوۡمَ ٱلۡقِيَٰمَةِۖ إِنَّكَ لَا تُخۡلِفُ ٱلۡمِيعَادَ 194,"رَبَّنَا وَءَاتِنَا مَا وَعَدتَّنَا عَلَىٰ رُسُلِكَ وَلَا تُخۡزِنَا يَوۡمَ ٱلۡقِيَٰمَةِۖ إِنَّكَ لَا تُخۡلِفُ ٱلۡمِيعَادَ
 މާނައީ: ""އަޅަމެންގެ ރައްބެވެ! އިބައިލާހުގެ ރަސޫލާންގެ ދޫފުޅުމަތީން އަޅަމެންނަށް ވަޢުދު ކުރައްވާފައިވާ ކަންތައް، އަޅަމެންނަށް ދެއްވާނދޭވެ! އަދި، ޤިޔާމަތް ދުވަހުން އަޅަމެން ނިކަމެތި ނުކުރައްވާށިއެވެ! ހަމަކަށަވަރުން، އިބައިލާހު، ވަޢުދާ ޚިލާފުވެ ނުގަންނަވަތެވެ."
فَٱسۡتَجَابَ لَهُمۡ رَبُّهُمۡ أَنِّي لَآ أُضِيعُ عَمَلَ عَٰمِلٖ مِّنكُم مِّن ذَكَرٍ أَوۡ أُنثَىٰۖ بَعۡضُكُم مِّنۢ بَعۡضٖۖ فَٱلَّذِينَ هَاجَرُواْ وَأُخۡرِجُواْ مِن دِيَٰرِهِمۡ وَأُوذُواْ فِي سَبِيلِي وَقَٰتَلُواْ وَقُتِلُواْ لَأُكَفِّرَنَّ عَنۡهُمۡ سَيِّـَٔاتِهِمۡ وَلَأُدۡخِلَنَّهُمۡ جَنَّٰتٖ تَجۡرِي مِن تَحۡتِهَا ٱلۡأَنۡهَٰرُ ثَوَابٗا مِّنۡ عِندِ ٱللَّهِۚ وَٱللَّهُ عِندَهُۥ حُسۡنُ ٱلثَّوَابِ 195,"فَٱسۡتَجَابَ لَهُمۡ رَبُّهُمۡ أَنِّي لَآ أُضِيعُ عَمَلَ عَٰمِلٖ مِّنكُم مِّن ذَكَرٍ أَوۡ أُنثَىٰۖ بَعۡضُكُم مِّنۢ بَعۡضٖۖ فَٱلَّذِينَ هَاجَرُواْ وَأُخۡرِجُواْ مِن دِيَٰرِهِمۡ وَأُوذُواْ فِي سَبِيلِي وَقَٰتَلُواْ وَقُتِلُواْ لَأُكَفِّرَنَّ عَنۡهُمۡ سَيِّـَٔاتِهِمۡ وَلَأُدۡخِلَنَّهُمۡ جَنَّٰتٖ تَجۡرِي مِن تَحۡتِهَا ٱلۡأَنۡهَٰرُ ثَوَابٗا مِّنۡ عِندِ ٱللَّهِۚ وَٱللَّهُ عِندَهُۥ حُسۡنُ ٱلثَّوَابِ
 މާނައީ: ""ދެން އެބައިމީހުންގެ ރައްބު، އެބައިމީހުންގެ ދުޢާ އިޖާބަ ކުރެއްވިއެވެ. ހަމަކަށަވަރުން، ތިޔަބައިމީހުންގެ ތެރެއިން ފިރިހެނުންކުރެ ނުވަތަ އަންހެނުންކުރެ، ޢަމަލު ކުރާ މީހެއްގެ ޢަމަލު، ތިމަންއިލާހު ގެއްލެނި ނުކުރައްވާހުށީމެވެ. ތިޔަބައިމީހުންކުރެ އެއްބަޔަކުވަނީ، އަނެއްބަޔެއްގެ ކިބައިންނެވެ. ފަހެ، އެބައިމީހުން ހިޖުރަ ކޮށް އެއުރެންގެ ގޮވަތިގެދޮރުން ނެރެވި، ތިމަންއިލާހު މަގުގައި އެބައިމީހުންނަށް އުނދަގޫލިބި، ހަނގުރާމަކޮށް، އަދި ޤަތުލު ވީ މީހުންގެ ކިބައިން އެބައިމީހުންގެ ކުށްފާފަތައް ހަމަކަށަވަރުން ތިމަންއިލާހު ފުއްސަވާހުށީމެވެ. އަދި އެތަންތަނުގެ ދަށުން ކޯރުތައް ހިނގަހިނގާ ހުންނަ ސުވަރުގެތަކަށް ހަމަކަށަވަރުން، ތިމަންއިލާހު އެބައިމީހުން ވައްދަވާހުށީމެވެ. ﷲގެ ޙަޟްރަތުން ލިބޭ ޘަވާބެއްގެ ގޮތުގައެވެ. ރިވެތިވެގެންވާ ޘަވާބު ވަނީ ﷲ ގެ ޙަޟްރަތުގައެވެ."""
لَا يَغُرَّنَّكَ تَقَلُّبُ ٱلَّذِينَ كَفَرُواْ فِي ٱلۡبِلَٰدِ 196,"لَا يَغُرَّنَّكَ تَقَلُّبُ ٱلَّذِينَ كَفَرُواْ فِي ٱلۡبِلَٰدِ
 މާނައީ: ""ކާފަރުވި މީހުން ރަށްތަކުގައި އެގޮތްމިގޮތަށް އުޅޭއުޅުން، ކަލޭގެފާނު ހެއްލުންތެރި ކުރުވިޔަ ނުދޭހުށިކަމެވެ!"""
مَتَٰعٞ قَلِيلٞ ثُمَّ مَأۡوَىٰهُمۡ جَهَنَّمُۖ وَبِئۡسَ ٱلۡمِهَادُ 197,"مَتَٰعٞ قَلِيلٞ ثُمَّ مَأۡوَىٰهُمۡ جَهَنَّمُۖ وَبِئۡسَ ٱلۡمِهَادُ
 މާނައީ: ""އެއީ ކުޑަކުޑަ ވަޤުތީ އަރާމެކެވެ. ދެން، އެބައިމީހުން ތިބެނިވި ތަނަކީ ނަރަކައެވެ. އަދި އެ ތަންމަތީގެ ހުރި ނުބައިކަމާއެވެ!"""
لَٰكِنِ ٱلَّذِينَ ٱتَّقَوۡاْ رَبَّهُمۡ لَهُمۡ جَنَّٰتٞ تَجۡرِي مِن تَحۡتِهَا ٱلۡأَنۡهَٰرُ خَٰلِدِينَ فِيهَا نُزُلٗا مِّنۡ عِندِ ٱللَّهِۗ وَمَا عِندَ ٱللَّهِ خَيۡرٞ لِّلۡأَبۡرَارِ 198,"لَٰكِنِ ٱلَّذِينَ ٱتَّقَوۡاْ رَبَّهُمۡ لَهُمۡ جَنَّٰتٞ تَجۡرِي مِن تَحۡتِهَا ٱلۡأَنۡهَٰرُ خَٰلِدِينَ فِيهَا نُزُلٗا مِّنۡ عِندِ ٱللَّهِۗ وَمَا عِندَ ٱللَّهِ خَيۡرٞ لِّلۡأَبۡرَارِ
 މާނައީ: ""އެހެނެއްކަމަކު އެބައިމީހުންގެ ރައްބަށް ތަޤުވާވެރިވި މީހުންނަށް، އެތަންތަނުގެ ދަށުން ކޯރުތައް ހިނގަހިނގާ ހުންނަ ސުވަރުގެތައް ހުށްޓެވެ. އެތަންތަނުގައި، އެބައިމީހުން ދެމިތިބޭ ޙާލުގައެވެ. ﷲގެ ޙަޟްރަތުން ލިބޭ ޝަރަފެއްގެ ގޮތުގައެވެ. ﷲގެ ޙަޟްރަތުގައިވާ ކަންތައް ހެޔޮލަފާ މީހުންނަށް، މާހެޔޮވެގެން ވެއެވެ."""
وَإِنَّ مِنۡ أَهۡلِ ٱلۡكِتَٰبِ لَمَن يُؤۡمِنُ بِٱللَّهِ وَمَآ أُنزِلَ إِلَيۡكُمۡ وَمَآ أُنزِلَ إِلَيۡهِمۡ خَٰشِعِينَ لِلَّهِ لَا يَشۡتَرُونَ بِـَٔايَٰتِ ٱللَّهِ ثَمَنٗا قَلِيلًاۚ أُوْلَٰٓئِكَ لَهُمۡ أَجۡرُهُمۡ عِندَ رَبِّهِمۡۗ إِنَّ ٱللَّهَ سَرِيعُ ٱلۡحِسَابِ 199,"وَإِنَّ مِنۡ أَهۡلِ ٱلۡكِتَٰبِ لَمَن يُؤۡمِنُ بِٱللَّهِ وَمَآ أُنزِلَ إِلَيۡكُمۡ وَمَآ أُنزِلَ إِلَيۡهِمۡ خَٰشِعِينَ لِلَّهِ لَا يَشۡتَرُونَ بِـَٔايَٰتِ ٱللَّهِ ثَمَنٗا قَلِيلًاۚ أُوْلَٰٓئِكَ لَهُمۡ أَجۡرُهُمۡ عِندَ رَبِّهِمۡۗ إِنَّ ٱللَّهَ سَرِيعُ ٱلۡحِسَابِ
 މާނައީ: ""ހަމަކަށަވަރުން، ﷲއަށް އީމާންވާ، އަދި، ތިޔަބައިމީހުންނަށް ބާވައިލެއްވި ފޮތަށާއި، އެބައިމީހުންނަށް ބާވައިލެއްވި ފޮތަށް އީމާންވާ މީހުން، ފޮތުގެ އަހުލުވެރިންގެ ތެރެއިންވާކަން ކަށަވަރެވެ. އެބައިމީހުން ﷲ އަށް ޚުޝޫއަތްތެރިވެގެންވާ ޙާލުގައެވެ. ﷲ ގެ އާޔަތްތަކަށް އެއުރެން ކުޑައަގެއް ނުގަނެތެވެ. އެބައިމީހުންގެ ރައްބުގެ ޙަޟްރަތުގައި، އެބައިމީހުންގެ ދަރުމަ އެބައިމީހުންނަށް ހުށްޓެވެ. ހަމަކަށަވަރުން، ﷲ އީ، ޙިސާބު ބެއްލެވުން އަވަސްވެވޮޑިގެންވާ އިލާހެވެ."""
يَٰٓأَيُّهَا ٱلَّذِينَ ءَامَنُواْ ٱصۡبِرُواْ وَصَابِرُواْ وَرَابِطُواْ وَٱتَّقُواْ ٱللَّهَ لَعَلَّكُمۡ تُفۡلِحُونَ 200﴾,"يَٰٓأَيُّهَا ٱلَّذِينَ ءَامَنُواْ ٱصۡبِرُواْ وَصَابِرُواْ وَرَابِطُواْ وَٱتَّقُواْ ٱللَّهَ لَعَلَّكُمۡ تُفۡلِحُونَ 200﴾
 މާނައީ: ""އޭ އީމާންވެއްޖެ މީސްތަކުންނޭވެ! ތިޔަބައިމީހުން ކެތްކުރާށެވެ! އަދި، (ދުޝްމަނުންނާ ހަނގުރާމަ ކުރުމުގައި އެބައިމީހުންނަށްވުރެ ބޮޑަށް) ތިޔަބައިމީހުން ކެތްތެރިވާށެވެ! އަދި، ދުޝްމަނުން އަތުވެދާނޭ މަގުތަކަށް ބަލަބަލާ ޖިހާދު ކުރުމަށް ތައްޔާރީގައި ތިބޭށެވެ! އަދި، ތިޔަބައިމީހުން ﷲ އަށް ތަޤުވާވެރިވާށެވެ! (އެއީ) ތިޔަބައިމީހުން ދިންނަވައި ކާމިޔާބު ލިބުމަށްޓަކައެވެ."""
[آل عمران: 190-200] [18].,[އާލު ޢިމްރާނު: 190-200] [18].
[18] البخاري مع الفتح (8/337) برقم (4569)، ومسلم (1/530) برقم (256).,[18] ރިވާކުރެއްވީ އަލް-ބުޚާރީ، ފަތުޙުލް-ބާރީއާއެކުވާ ފޮތުގެ 8 /337 ގެ ނަމްބަރު 4569 ގައި، އަދި މުސްލިމް 1/530 ގެ ނަމްބަރު 2711 ގައެވެ.
2. دُعَاءُ لُبْسِ الثَّوْبِ,2. ހެދުން ލާއިރު ކިޔާ ދުޢާ
«الحَمْدُ للَّهِ الَّذِي كَسَانِي هَذَا (الثَّوْبَ) وَرَزَقَنِيهِ مِنْ غَيْرِ حَوْلٍ مِنِّي وَلَّا قُوَّة...»[19].,"«الحَمْدُ للَّهِ الَّذِي كَسَانِي هَذَا (الثَّوْبَ) وَرَزَقَنِيهِ مِنْ غَيْرِ حَوْلٍ مِنِّي وَلَّا قُوَّة...»
 މާނައީ: ""މިއަޅާ މިހެދުން ލައްވާ، އަދި މިއަޅާގެ އެއްވެސް އާރެއް އަދި ބާރެއް ނެތި މިއަޅާއަށް މި ހެދުން ރިޒްޤުކުރެއްވި ﷲ އަށް ޙަމްދުހުއްޓެވެ."" [19]."
[19] أخرجه أهل السنن إلا النسائي: أبو داود برقم (4023)، والترمذي برقم (3458)، وابن ماجه برقم (3285)، وحسنه الألباني في: إرواء الغليل (47/7).,[19] މި ޙަދީޘް ނެރުއްވީ އައް-ނަސާއީ ފިޔަވައި ދެން ސުނަނު ފޮތްތަކުގެ އަހުލުވެރިންނެވެ: އަބޫ ދާވޫދު ނަމްބަރު 4023 ގައި، އަދި އައް-ތިރްމިޛީ ނަމްބަރު 3458 ގައި، އަދި އިބްނު މާޖާ ނަމްބަރު 3285 ގައެވެ. އަދި އަލް-އަލްބާނީ، އިރްވާއުލް-ޣަލީލު 47/7 ގައި ޙަސަން ކުރެއްވިއެވެ.
الحَمْدُ للَّهِ الَّذِي كَسَانِي هَذَا (الثَّوْبَ) وَرَزَقَنِيهِ مِنْ غَيْرِ حَوْلٍ مِنِّي وَلَّا قُوَّة,އަލްޙަމްދު ލިއްލާހިއްލަޛީ ކަސާނީ ހާޛައްޘައުބަ ވަރަޒަޤަނީހި މިން ޣައިރި ޙައުލިން މިއްނީ ވަލާ ޤުއްވަހް
3. دُعَاءُ لُبْسِ الثَّوْبِ الجَدِيدِ,3. އައު ހެދުން ލާއިރު ކިޔާ ދުޢާ
«اللَّهُمَّ لَكَ الحَمْدُ أَنْتَ كَسَوْتَنِيهِ، أَسْأَلُكَ مِنْ خَيْرِهِ وَخَيْرِ مَا صُنِعَ لَهُ، وَأَعُوذُ بِكَ مِنْ شَرِّهِ وَشَرِّ مَا صُنِعَ لَهُ»[20].,"«اللَّهُمَّ لَكَ الحَمْدُ أَنْتَ كَسَوْتَنِيهِ، أَسْأَلُكَ مِنْ خَيْرِهِ وَخَيْرِ مَا صُنِعَ لَهُ، وَأَعُوذُ بِكَ مِنْ شَرِّهِ وَشَرِّ مَا صُنِعَ لَهُ»
 މާނައީ: “އޭ ﷲ އެވެ! އިބައިލާހަށް ޙަމްދު ހުއްޓެވެ. މިއަޅާ ހެދުން ލައްވައިދެއްވީ އިބައިލާހެވެ. އޭގެ ހެޔޮކަމާއި، އެކަމަށްޓަކައި އެ ހެދުން އުފެއްދުނު ހެޔޮކަން ދެއްވުމަށް އިބައިލާހުގެ ޙަޟްރަތުން އެދެމެވެ. އަދި އޭގެ ނުބައިކަމާއި، އެކަމަށްޓަކައި އެ ހެދުން އުފެއްދުނު ކަންތަކުގެ ނުބައިކަމުން ރައްކާތެރިކޮށްދެއްވުމަށް އިބައިލާހުގެ ޙަޟްރަތުން އެދެމެވެ."" [20]."
[20] أبو داود برقم (4020)، والترمذي برقم (1767)، والبغوي (12/40)، وانظر: مختصر شمائل الترمذي للألباني (ص47).,[20] ރިވާކުރެއްވީ އަބޫ ދާވޫދު ނަމްބަރު 4020 ގައި، އަދި އައް-ތިރްމިޛީ ނަމްބަރު 1767 ގައި، އަދި އަލް-ބަޣަވީ 12/40 ގައެވެ. އަދި އަލް-އަލްބާނީގެ މުޚްތަޞަރު ޝަމާއިލުއް-ތިރްމިޛީ ޞ 47 ބައްލަވާށެވެ.
اللَّهُمَّ لَكَ الحَمْدُ أَنْتَ كَسَوْتَنِيهِ، أَسْأَلُكَ مِنْ خَيْرِهِ وَخَيْرِ مَا صُنِعَ لَهُ، وَأَعُوذُ بِكَ مِنْ شَرِّهِ وَشَرِّ مَا صُنِعَ لَه,އައްލޯހުންމަ ލަކަލްޙަމްދު އަންތަ ކަސައުތަނީހި، އަސްއަލުކަ މިން ޚައިރިހި ވަޚައިރި މާ ޞުނިޢަ ލަހު، ވައަޢޫޛު ބިކަ މިން ޝައްރިހި ވަޝައްރި މާ ޞުނިޢަ ލަހް
4. الدُّعَاءُ لِمَنْ لَبِسَ ثَوْبًا جَدِيدًا,4. އައު ހެދުމެއް ލީ މީހަކަށް ކޮށްދޭނެ ދުޢާ
«تُبْلِي وَيُخْلِفُ اللَّهُ تَعَالَى»[21].,"«تُبْلِي وَيُخْلِفُ اللَّهُ تَعَالَى»
 މާނައީ: ""ތިބާ (ތި ހެދުން ލުމުގެ ނިޢުމަތުގައި ދެމިހުރެ) ބާކުރާށިއެވެ. އަދި ﷲ (އެއަށްވުރެ ރަނގަޅު ހެޔޮ) ބަދަލު ދެއްވާނެއެވެ."" [21]."
[21] أخرجه أبو داود (4/41) برقم (4020)، وانظر: صحيح أبي داود (2/760).,[21] މި ޙަދީޘް ނެރުއްވީ އަބޫ ދާވޫދު 4/41 ގެ ނަމްބަރު 4020 ގައެވެ. އަދި ޞަޙީޙު އަބީ ދާވޫދުގެ 2/760 ބައްލަވާށެވެ.
تُبْلِي وَيُخْلِفُ اللَّهُ تَعَالَى,ތުބްލީ ވަ ޔުޚްލިފުއްލޯހު ތަޢާލާ
«اِلبَسْ جَدِيدًا، وَعِشْ حَمِيدًا، وَمُتْ شَهِيدًا»[22].,"«اِلبَسْ جَدِيدًا، وَعِشْ حَمِيدًا، وَمُتْ شَهِيدًا»
 މާނައީ: ""އައު ހެދުން ލާށެވެ. އަދި ޙަމްދުކުރާ، ޙަމްދުތަޢުރީފު ލިބެނިވި މީހެއްގެ ގޮތުގައި ދިރިއުޅޭށެވެ. އަދި ޝަހީދެއްގެ ގޮތުގައި މަރުވާށެވެ."" [22]."
[22] ابن ماجه (2/1178) برقم (3558)، والبغوي (41/12)، وانظر: صحيح ابن ماجه (275/2).,[22] ރިވާކުރެއްވީ އިބްނު މާޖާ 2/1178 ގެ ނަމްބަރު 3558 ގައި، އަދި އަލް-ބަޣަވީ 41/12 ގައެވެ. އަދި ޞަޙީޙު އިބްނު މާޖާގެ 275/2 ބައްލަވާށެވެ.
اِلبَسْ جَدِيدًا، وَعِشْ حَمِيدًا، وَمُتْ شَهِيدًا,އިލްބަސް ޖަދީދަން، ވަޢިޝް ޙަމީދަން، ވަމުތު ޝަހީދަން
5. مَا يَقُولُ إِذَا وَضَعَ ثوَبَهُ,5. އޭނާގެ ހެދުން ބާލާހިނދު ކިޔާނެ ދުޢާ
«بِسْمِ اللَّه»[23].,"«بِسْمِ اللَّه»
 މާނައީ : ""ﷲ ގެ އިސްމުފުޅުން (މި ހެދުން ބާލަމެވެ.)"" [23]."
[23] الترمذي (2/505) برقم (606)، وغيره، وانظر: إرواء الغليل برقم (50)، وصحيح الجامع (203/ 3).,[23] ރިވާކުރެއްވީ އައް-ތިރްމިޛީ 2/505 ގެ ނަމްބަރު 606 ގައި އަދި އެހެން ބޭކަލުންނެވެ. އަދި އިރްވާއުލް-ޣަލީލުގެ ނަމްބަރު: 50 އާއި، ޞަޙީޙުލް-ޖާމިޢުގެ 3/203 ބައްލަވާށެވެ.
بِسْمِ اللَّه,ބިސްމިއްލާހް
6. دُعَاءُ دُخُولِ الخَلاءِ,6- ފާޚާނާއަށް ވަންނައިރު ކިޔާ ދުޢާ
«[بِسْمِ اللَّهِ] اللَّهُمَّ إِنِّي أَعُوذُ بِكَ مِنَ الخُبْثِ وَالخَبَائِثِ»[24].,"«[بِسْمِ اللَّهِ] اللَّهُمَّ إِنِّي أَعُوذُ بِكَ مِنَ الخُبْثِ وَالخَبَائِثِ»
 މާނައީ: ""ﷲ ގެ ނަންފުޅުންނެވެ. އޭ ﷲ އެވެ. ފިރިހެން ޝައިޠާނުންނާއި އަންހެން ޝައިޠާނުންގެ ކިބައިން ރައްކާތެރިކޮށްދެއްވުމަށް އެދި އިބަ އިލާހުގެ ޙަޟްރަތަށް މިއަޅާ ދަންނަވަމެވެ."" [24]."
[24] أخرجه البخاري (1/ 45) برقم (142)، ومسلم (1/ 283) برقم (375)، وزيادة: «بِسْمِ اللَّهِ» في أوله أخرجها سعيد بن منصور. انظر فتح الباري (1/ 244).,[24] މި ޙަދީޘް ނެރުއްވީ އަލް-ބުޚާރީ 45/1 ގެ ނަމްބަރު 142 ގައި، އަދި މުސްލިމް 283/1 ގެ ނަމްބަރު 375 ގައެވެ. އަދި އެ ދުޢާގެ ކުރީކޮޅުގައި އިތުރަށްވާ بسم الله ގެ ލަފްޒު ނެރުއްވީ ސަޢީދު ބްނު މަންޞޫރެވެ. ފަތުޙުލް-ބާރީގެ 244/1 ބައްލަވާށެވެ.
[بِسْمِ اللَّهِ] اللَّهُمَّ إِنِّي أَعُوذُ بِكَ مِنَ الخُبْثِ وَالخَبَائِث,ބިސްމިއްލާހި، އައްލޯހުއްމަ އިންނީ އަޢޫޛު ބިކަ މިނަލް ޚުބްޘި ވަލް ޚަބާއިޘް
7. دُعَاءُ الخُرُوجِ مِنَ الخَلاءِ,7. ފާޚާނާއިން ނިކުންނައިރު ކިޔާ ދުޢާ
«غُفْرَانَكَ»[25].,"«غُفْرَانَكَ»
 މާނައީ: ""އިބައިލާހުގެ ފުއްސެވުމަށް އެދެމެވެ."" [25]."
[25] أخرجه أصحاب السنن إلا النسائي فأخرجه في عمل اليوم والليلة، برقم (79)، أبو داود برقم (30)، والترمذي برقم (7)، وابن ماجه برقم (300)، وصححه الألباني في صحيح سنن أبي داود (1/19).,[25] މި ޙަދީޘް ނެރުއްވީ އައް-ނަސާއީ ފިޔަވައި ދެން ސުނަނު ފޮތްތަކުގެ އަހުލުވެރިންނެވެ. އެގޮތުން އައް-ނަސާއީ މި ޙަދީޘް ނެރުއްވީ ޢަމަލުލް-ޔައުމި ވައް-ލައިލާ ފޮތުގެ ނަމްބަރު 79 ގައި، (އަދި) އަބޫ ދާވޫދު ނަމްބަރު 30 ގައި، އަދި އައް-ތިރްމިޛީ ނަމްބަރު 7 ގައި، އަދި އިބްނު މާޖާ ނަމްބަރު 300 ގައެވެ. އަދި ޞަޙީޙު ސުނަނު އަބީ ދާވޫދު 1/19 ގައި އަލް-އަލްބާނީ ޞައްޙަކުރެއްވިއެވެ.
غُفْرَانَك,ޣުފްރާނަކް
8. الذِّكْرُ قَبْلَ الوُضُوءِ,8. ވުޟޫކުރުމުގެ ކުރިން ކިޔާ ޛިކުރު
«بِسْمِ اللَّهِ»[26].,"«بِسْمِ اللَّهِ»
 މާނައީ : ""ﷲ ގެ އިސްމުފުޅުން ފަށަމެވެ."" [26]."
[26] أبو داود برقم (101)، وابن ماجه برقم (397)، وأحمد برقم (9418)، وانظر إرواء الغليل (1/122).,[26] ރިވާކުރެއްވީ އަބޫ ދާވޫދު، ނަމްބަރު 101 ގައި، އަދި އިބްނު މާޖާ ނަމްބަރު 397 ގައި، އަދި އަޙްމަދު ނަމްބަރު 9418 ގައެވެ. އަދި އިރްވާއުލް-ޣަލީލުގެ 1/122 ބައްލަވާށެވެ.
بِسْمِ اللَّه,ބިސްމިއްލާހް
9. الذِّكْرُ بَعْدَ الفَرَاغِ مِنَ الوُضُوءِ,9. ވުޟޫކޮށް އަވަދިވެ ނިމުމުން ކިޔާ ޛިކުރު
«أَشْهَدُ أَنْ لَا إِلَهَ إِلَّا اللَّهُ وَحْدَهُ لَا شَرِيكَ لَهُ وَأَشْهَدُ أَنَّ مُحَمَّدًا عَبْدُهُ وَرَسُولُهُ..»[27].,"«أَشْهَدُ أَنْ لَا إِلَهَ إِلَّا اللَّهُ وَحْدَهُ لَا شَرِيكَ لَهُ وَأَشْهَدُ أَنَّ مُحَمَّدًا عَبْدُهُ وَرَسُولُهُ..»
 މާނައީ: ""الله ފިޔަވައި ޙައްޤުވެގެން އަޅުކަންވެވޭ އެހެން އެއްވެސް އިލާހެއް ނުވާކަމަށާއި، އެއިލާހު އެއްކައުވަންތަކަމަށާއި، އެ އިލާހަށް ޝަރީކަކު ނުވާކަމަށް އަޅު ހެކިވަމެވެ. އަދި މުޙައްމަދުގެފާނީ އެ އިލާހުގެ އަޅާ އަދި ރަސޫލާކަމަށް އަޅު ހެކިވަމެވެ..."" [27]."
[27] مسلم (1/209) برقم (234).,[27] ރިވާކުރެއްވީ މުސްލިމް 1/209 ގެ ނަމްބަރު 234 ގައެވެ.
أَشْهَدُ أَنْ لَا إِلَهَ إِلَّا اللَّهُ وَحْدَهُ لَا شَرِيكَ لَهُ وَأَشْهَدُ أَنَّ مُحَمَّدًا عَبْدُهُ وَرَسُولُه,އަޝްހަދު އައްލާ އިލާހަ އިއްލައްލޯހު ވަޙްދަހޫ ލާ ޝަރީކަ ލަހް، ވައަޝްހަދު އައްނަ މުޙައްމަދަން ޢަބްދުހޫ ވަރަސޫލުހް
«اللَّهُمَّ اجْعَلْنِي مِنَ التَّوَّابِينَ وَاجْعَلْنِي مِنَ المُتَطَهِّرِينَ»[28].,"«اللَّهُمَّ اجْعَلْنِي مِنَ التَّوَّابِينَ وَاجْعَلْنِي مِنَ المُتَطَهِّرِينَ»
 މާނައީ: ""އޭ ﷲ އެވެ! ގިނަގިނައިން ތައުބާވާ މީހުންގެ ތެރޭގައި މި އަޅާ ލައްވާށިއެވެ. އަދި ޠާހިރުވެގަންނަ މީހުންގެ ތެރޭގައި މި އަޅާ ލައްވާށިއެވެ."" [28]."
[28] الترمذي (1/78) برقم (55)، وانظر: صحيح الترمذي (1/18).,[28] ރިވާކުރެއްވީ އައް-ތިރްމިޛީ 1/78 ގެ ނަމްބަރު 55 ގައެވެ. އަދި ޞަޙީޙުއް-ތިރްމިޛީގެ 1/18 ބައްލަވާށެވެ.
اللَّهُمَّ اجْعَلْنِي مِنَ التَّوَّابِينَ وَاجْعَلْنِي مِنَ المُتَطَهِّرِين,އައްލޯހުންމަ ޖްޢަލްނީ މިނައްތައްވާބީނަ ވަޖްޢަލްނީ މިނަލް މުތަޠައްހިރީން
«سُبْحانَكَ اللَّهُمَّ وَبِحَمْدِكَ، أَشْهَدُ أَنْ لَا إِلَهَ إِلَّا أَنْتَ، أَسْتَغْفِرُكَ وَأَتوبُ إِلَيْكَ»[29].,"«سُبْحانَكَ اللَّهُمَّ وَبِحَمْدِكَ، أَشْهَدُ أَنْ لَا إِلَهَ إِلَّا أَنْتَ، أَسْتَغْفِرُكَ وَأَتوبُ إِلَيْكَ»
 މާނައީ: ""އިބައިލާހުގެ ހުސްޠާހިރުވަންތަކަމާއެވެ. އޭ ﷲ އެވެ. އިބައިލާހަށް ޙަމްދުކުރުމާ އެކުގައެވެ. އިބައިލާހު ފިޔަވައި ޙައްޤުވެގެން އަޅުކަންވެވޭ އިލާހަކު ނުވާކަމަށް އަޅު ހެކިވަމެވެ. އިބައިލާހުގެ ޙަޟްރަތުން އަޅު ފާފަފުއްސެވުމަށް އެދެމެވެ. އަދި އިބައިލާހަށް ތައުބާވަމެވެ."" [29]."
[29] النسائي في عمل اليوم والليلة (ص173)، وانظر: إرواء الغليل (1/135) و(3/94).,[29] ރިވާކުރެއްވީ އައް-ނަސާއީ، ޢަމަލުލް-ޔައުމި ވައް-ލައިލާގެ ޞ 173 ގައެވެ. އަދި އިރްވާއުލް-ޣަލީލުގެ 1/135 އާއި 3/94 ބައްލަވާށެވެ.
سُبْحانَكَ اللَّهُمَّ وَبِحَمْدِكَ، أَشْهَدُ أَنْ لَا إِلَهَ إِلَّا أَنْتَ، أَسْتَغْفِرُكَ وَأَتوبُ إِلَيْك,ސުބްޙާނަކައްލޯހުންމަ ވަބިޙަމްދިކަ، އަޝްހަދު އައްލާ އިލާހަ އިއްލާ އަންތަ، އަސްތަޣްފިރުކަ ވައަތޫބު އިލައިކް
10. الذِّكْرُ عِنْدَ الخُرُوجِ مِنَ المَنْزِلِ,10. ގެއިން ނިކުންނައިރު ކިޔާ ޛިކުރު
«بِسْمِ اللَّهِ، تَوَكَّلْتُ عَلَى اللَّهِ، وَلَا حَوْلَ وَلَا قُوَّةَ إِلَّّا بِاللَّهِ»[30].,"«بِسْمِ اللَّهِ، تَوَكَّلْتُ عَلَى اللَّهِ، وَلَا حَوْلَ وَلَا قُوَّةَ إِلَّّا بِاللَّهِ»
 މާނައީ: ""ﷲ ގެ ނަންފުޅުން އަޅު (ނިކުންނަމެވެ.) ﷲ އަށް އަޅު ވަކީލުކޮށްފީމެވެ. އެއްވެސް އާރަކާއި ބާރެއް ﷲ ގެ ޙަޟްރަތުން މެނުވީ ނުވެއެވެ."" [30]."
[30] أبو داود (4/325) برقم (5095)، والترمذي (5/490) برقم (3426)، وانظر: صحيح الترمذي (3/151).,[30] ރިވާކުރެއްވީ އަބޫ ދާވޫދު 4/325 ގެ ނަމްބަރު 5095 ގައި، އަދި އައް-ތިރްމިޛީ 5/490 ގެ ނަމްބަރު 3426 ގައެވެ. އަދި ޞަޙީޙުއް-ތިރްމިޛީގެ 3/151 ބައްލަވާށެވެ.
بِسْمِ اللَّهِ، تَوَكَّلْتُ عَلَى اللَّهِ، وَلَا حَوْلَ وَلَا قُوَّةَ إِلَّّا بِاللَّه,ބިސްމިއްލާހި، ތަވައްކަލްތު ޢަލައްލޯހި، ވަލާ ޙައުލަ ވަލާ ޤުއްވަތަ އިއްލާ ބިއްލާހި
«اللَّهُمَّ إِنِّي أَعُوذُ بِكَ أَنْ أَضِلَّ، أَوْ أُضَلَّ، أَوْ أَزِلَّ، أَوْ أُزَلَّ، أَوْ أَظْلِمَ، أَوْ أُظْلَمَ، أَوْ أَجْهَلَ، أَوْ يُجْهَلَ عَلَيَّ»[31].,"«اللَّهُمَّ إِنِّي أَعُوذُ بِكَ أَنْ أَضِلَّ، أَوْ أُضَلَّ، أَوْ أَزِلَّ، أَوْ أُزَلَّ، أَوْ أَظْلِمَ، أَوْ أُظْلَمَ، أَوْ أَجْهَلَ، أَوْ يُجْهَلَ عَلَيَّ»
 މާނައީ: ""އޭ ﷲ އެވެ! ހަމަކަށަވަރުން މިއަޅާ (އެހެން މީހުން) މަގުފުރެއްދުމުން ނުވަތަ މިއަޅާ މަގުފުރެދިގެން ދިޔުމުން، ނުވަތަ ކައްސާލުމާއި ނުވަތަ ކައްސާލެވުމުން، ނުވަތަ އަނިޔާވެރިވުމުން ނުވަތަ އަނިޔާ ލިބުމުން، ނުވަތަ ޖާހިލުކޮށް އުޅުމާއި ނުވަތަ މިއަޅާއާ ދެކޮޅަށް ޖާހިލުކޮށް ކަންތައް ކުރެވުމުން އިބައިލާހުގެ ޙަޟްރަތުން ރައްކާތެރިކަމަށް އެދެމެވެ."" [31]."
[31] أهل السنن: أبو داود برقم (5094)، والترمذي برقم (3427)، والنسائي برقم (5501)، وابن ماجه برقم (3884)، وانظر: صحيح الترمذي (3/152)، وصحيح ابن ماجه (2/336).,[31] ރިވާކުރެއްވީ ސުނަނުގެ އަހުލުވެރިންނެވެ: އަބޫ ދާވޫދު ނަމްބަރު 5094 ގައި، އަދި އައް-ތިރްމިޛީ، ނަމްބަރު 3427 ގައި، އަދި އައް-ނަސާއީ، ނަމްބަރު 5501 ގައި، އަދި އިބްނު މާޖާ، ނަމްބަރު 3884 ގައެވެ. އަދި ޞަޙީޙުއް-ތިރްމިޛީގެ 3/152 އާއި، ޞަޙީޙު އިބްނު މާޖާގެ 2/336 ބައްލަވާށެވެ.
اللَّهُمَّ إِنِّي أَعُوذُ بِكَ أَنْ أَضِلَّ، أَوْ أُضَلَّ، أَوْ أَزِلَّ، أَوْ أُزَلَّ، أَوْ أَظْلِمَ، أَوْ أُظْلَمَ، أَوْ أَجْهَلَ، أَوْ يُجْهَلَ عَلَي,އައްލޯހުންމަ އިންނީ އަޢޫޛު ބިކަ އަން އަޟިއްލަ، އައު އުޟައްލަ، އައު އަޒިއްލަ، އައު އުޒައްލަ، އައު އަޡްލިމަ، އައު އުޡްލަމަ، އައު އަޖްހަލަ، އައު ޔުޖްހަލަ ޢަލައްޔަ
11. الذِّكْرُ عِندَ دُخُولِ المَنْزِلِ,11. ގެއަށް ވަންނައިރު ކިޔާ ޛިކުރު
«بِسْمِ اللَّهِ وَلَجْنَا، وَبِسْمِ اللَّهِ خَرَجْنَا، وَعَلَى اللَّهِ رَبِّنَا تَوَكَّلْنَا، ثُمَّ لِيُسَلِّمْ عَلَى أَهْلِهِ»[32].,"«بِسْمِ اللَّهِ وَلَجْنَا، وَبِسْمِ اللَّهِ خَرَجْنَا، وَعَلَى اللَّهِ رَبِّنَا تَوَكَّلْنَا»
 މާނައީ: ""ﷲގެ އިސްމުފުޅުން އަހަރުމެން ވަނީމެވެ. އަދި ﷲ ގެ އިސްމުފުޅުން އަހަރުމެން ނިކުތީމެވެ. އަދި އަހަރުމެންގެ ވެރި ރައްބު ﷲ އަށް އަހަރުމެން ވަކީލުކުރަމެވެ.”
 ދެން ގޭގެ އަހުލުވެރީންނަށް އޭނާ ސަލާމްކުރާހުށިކަމެވެ. [32]."
[32] أخرجه أبو داود (4/325) برقم (5096)، وحسّن إسناده العلامة ابن باز في تحفة الأخيار (ص28)، وفي الصحيح: «إِذَا دَخَلَ الرَّجُلُ بَيْتَهُ فَذَكَرَ اللَّهَ عِندَ دُخُولِهِ، وَعِندَ طَعَامِهِ، قَالَ الشَّيْطَانُ: لَا مَبِيتَ لَكُمْ، وَلَا عَشَاءَ»، مسلم برقم (2018).,"[32] މި ޙަދީޘް ނެރުއްވީ އަބޫ ދާވޫދު 4/325 ގެ ނަމްބަރު 5096 ގައެވެ. އަދި އަލް-ޢައްލާމާ އިބްނު ބާޒު، ތުޙްފަތުލް-އަޚްޔާރުގެ ޞ 28 ގައި މީގެ ސަނަދު ޙަސަނުކުރެއްވިއެވެ. އަދި ޞަޙީޙުގައިވެއެވެ: ""މީހާ އޭނާގެ ގެއަށް ވަދެ، ދެންފަހެ އޭނާ ވަންނަހިނދު، އަދި އޭނާގެ ކާތަކެތި ކައިރީގައި ﷲ ގެ މަތިން ހަނދުމަކޮށް ޛިކުރުކޮށްފިނަމަ، ޝައިޠާނާ ބުނާނެއެވެ: ކަލޭމެންނަށް މިރޭ ރޭގަނޑު ހޭދަކުރާނެ ތަނެއް، އަދި ރޭގަނޑު ކެއުމެއްވެސް (މި ގެޔަކުން) ނެތެވެ."" ރިވާކުރެއްވީ މުސްލިމް ނަމްބަރު 2018 ގައެވެ."
بِسْمِ اللَّهِ وَلَجْنَا، وَبِسْمِ اللَّهِ خَرَجْنَا، وَعَلَى اللَّهِ رَبِّنَا تَوَكَّلْنَا,ބިސްމިއްލާހި ވަލަޖްނާ، ވަބިސްމިއްލާހި ޚަރަޖްނާ، ވަޢަލައްލޯހި ރައްބިނާ ތަވައްކަލްނާ
12. دُعَاءُ الذَّهَابِ إِلَى المَسْجِدِ,12. މިސްކިތަށް ދަމުން ކިޔާ ދުޢާ
«اللَّهُمَّ اجْعَلْ فِي قَلْبِي نُورًا، وَفِي لِسَانِي نُورًا، وَفِي سَمْعِي نُورًا، وَفِي بَصَرِي نُورًا، وَمِنْ فَوْقِي نُورًا، وَمِنْ تَحْتِي نُورًا، وَعَنْ يَمِينِي نُورًا، وَعَنْ شِمَالِي نُورًا، وَمِنْ أَمَامِي نُورًا، وَمِنْ خَلْفِي نُورًا، وَاجْعَلْ فِي نَفْسِي نُورًا، وَأَعْظِمْ لِي نُورًا، وَعَظِّمْ لِي نُورًا، وَاجْعَلْ لِي نُورًا، وَاجْعَلْنِي نُورًا، اللَّهُمَّ أَعْطِنِي نُورًا، وَاجْعَلْ فِي عَصَبِي نُورًا، وَفِي لَحْمِي نُورًا، وَفِي دَمِي نُورًا، وَفِي شَعْرِي نُورًا، وَفِي بَشَرِي نُورًا»[33].,"«اللَّهُمَّ اجْعَلْ فِي قَلْبِي نُورًا، وَفِي لِسَانِي نُورًا، وَفِي سَمْعِي نُورًا، وَفِي بَصَرِي نُورًا، وَمِنْ فَوْقِي نُورًا، وَمِنْ تَحْتِي نُورًا، وَعَنْ يَمِينِي نُورًا، وَعَنْ شِمَالِي نُورًا، وَمِنْ أَمَامِي نُورًا، وَمِنْ خَلْفِي نُورًا، وَاجْعَلْ فِي نَفْسِي نُورًا، وَأَعْظِمْ لِي نُورًا، وَعَظِّمْ لِي نُورًا، وَاجْعَلْ لِي نُورًا، وَاجْعَلْنِي نُورًا، اللَّهُمَّ أَعْطِنِي نُورًا، وَاجْعَلْ فِي عَصَبِي نُورًا، وَفِي لَحْمِي نُورًا، وَفِي دَمِي نُورًا، وَفِي شَعْرِي نُورًا، وَفِي بَشَرِي نُورًا»
 މާނައީ: ""އޭ ﷲ އެވެ! މި އަޅާގެ ހިތުގައި ނޫރެއް ލައްވާށިއެވެ! އަދި މި އަޅާގެ ދުލުގައި ނޫރެއް، އަދި މި އަޅާގެ އަޑުއެހުމުގައި ނޫރެއް، އަދި މި އަޅާގެ ފެނުމުގައި ނޫރެއް، އަދި މި އަޅާގެ މަތިން ނޫރެއް، އަދި މި އަޅާގެ ތިރިން ނޫރެއް، އަދި މި އަޅާގެ ކަނާތްފަރާތުން ނޫރެއް، އަދި މި އަޅާގެ ވާތްފަރާތުން ނޫރެއް، އަދި މި އަޅާގެ ކުރިމަތިން ނޫރެއް، އަދި މި އަޅާގެ ފަހަތުން ނޫރެއް ލައްވާށިއެވެ! އަދި މި އަޅާގެ ނަފްސުގައި ނޫރެއް ލައްވާށިއެވެ! އަދި މި އަޅާއަށްޓަކައި ނޫރެއް ބޮޑުކޮށްދެއްވާށިއެވެ! އަދި މި އަޅާއަށް ނޫރެއް މަތިކޮށްދެއްވާށިއެވެ! އަދި މި އަޅާއަށް ނޫރެއް ލައްވާށިއެވެ! އަދި މި އަޅާއީ ނޫރެއްކަމުގައި ލައްވާށިއެވެ! އޭ ﷲ އެވެ! މި އަޅާއަށް ނޫރެއް ދެއްވާށިއެވެ! އަދި މި އަޅާގެ ނާރުގައި ނޫރެއް، އަދި މި އަޅާގެ މަސްތަކުގައި ނޫރެއް، އަދި މި އަޅާގެ ލޭގައި ނޫރެއް، އަދި މި އަޅާގެ އިސްތަށީގައި ނޫރެއް، އަދި މި އަޅާގެ ހަންގަނޑުގައި ނޫރެއް ލައްވާށިއެވެ!"" [33]."
[33] انظر جميع هذه الألفاظ في البخاري (11/116) برقم (3166)، ومسلم (1/526) برقم (529) و(530) و(763).,[33] މި ހުރިހާ ލަފްޒުތަކެއް އަލް-ބުޚާރީ 11/116 ގެ ނަމްބަރު 3166 ގައި، އަދި މުސްލިމް 1/526 ގެ ނަމްބަރު 529، 530 އަދި 763 ގައި ބައްލަވާށެވެ.
اللَّهُمَّ اجْعَلْ فِي قَلْبِي نُورًا، وَفِي لِسَانِي نُورًا، وَفِي سَمْعِي نُورًا، وَفِي بَصَرِي نُورًا، وَمِنْ فَوْقِي نُورًا، وَمِنْ تَحْتِي نُورًا، وَعَنْ يَمِينِي نُورًا، وَعَنْ شِمَالِي نُورًا، وَمِنْ أَمَامِي نُورًا، وَمِنْ خَلْفِي نُورًا، وَاجْعَلْ فِي نَفْسِي نُورًا، وَأَعْظِمْ لِي نُورًا، وَعَظِّمْ لِي نُورًا، وَاجْعَلْ لِي نُورًا، وَاجْعَلْنِي نُورًا، اللَّهُمَّ أَعْطِنِي نُورًا، وَاجْعَلْ فِي عَصَبِي نُورًا، وَفِي لَحْمِي نُورًا، وَفِي دَمِي نُورًا، وَفِي شَعْرِي نُورًا، وَفِي بَشَرِي نُورًا,އައްލޯހުންމަ ޖްޢަލް ފީ ޤަލްބީ ނޫރަން، ވަފީ ލިސާނީ ނޫރަން، ވަފީ ސަމްޢީ ނޫރަން، ވަފީ ބަޞަރީ ނޫރަން، ވަމިން ފައުޤީ ނޫރަން، ވަމިން ތަޙްތީ ނޫރަން، ވަޢަން ޔަމީނީ ނޫރަން، ވަޢަން ޝިމާލީ ނޫރަން، ވަމިން އަމާމީ ނޫރަން، ވަމިން ޚަލްފީ ނޫރަން، ވަޖްޢަލް ފީ ނަފްސީ ނޫރަން، ވައަޢުޡިމް ލީ ނޫރަން، ވަޢައްޡިމް ލީ ނޫރަން، ވަޖްޢަލް ލީ ނޫރަން، ވަޖްޢަލްނީ ނޫރަން، އައްލޯހުންމަ އަޢްޠިނީ ނޫރަން، ވަޖްޢަލް ފީ ޢަޞަބީ ނޫރަން، ވަފީ ލަޙްމީ ނޫރަން، ވަފީ ދަމީ ނޫރަން، ވަފީ ޝަޢްރީ ނޫރަން، ވަފީ ބަޝަރީ ނޫރަން
«اللَّهُمَّ اجْعَلْ لِي نُورًا فِي قَبْرِي... وَنُورًا فِي عِظَامِي»[34] «وَزِدْنِي نُورًا، وَزِدْنِي نُورًا، وَزِدْنِي نُورًا»[35] «وَهَبْ لِي نُورًا عَلَى نُورٍ»[36].,"«اللَّهُمَّ اجْعَلْ لِي نُورًا فِي قَبْرِي... وَنُورًا فِي عِظَامِي» «وَزِدْنِي نُورًا، وَزِدْنِي نُورًا، وَزِدْنِي نُورًا» «وَهَبْ لِي نُورًا عَلَى نُورٍ»
 މާނައީ: ""އޭ ﷲ އެވެ! މި އަޅާއަށްޓަކައި މި އަޅާގެ ކައްވަޅުގައި ނޫރެއް ލައްވާށިއެވެ... އަދި މި އަޅާގެ ކަށިތަކުގައި ނޫރެއްލައްވާށިއެވެ!"" [34] ""އަދި މި އަޅާއަށް ނޫރެއް އިތުރުކޮށްދެއްވާށިއެވެ! އަދި މި އަޅާއަށް ނޫރެއް އިތުރުކޮށްދެއްވާށިއެވެ! އަދި މި އަޅާއަށް ނޫރެއް އިތުރުކޮށްދެއްވާށިއެވެ!"" [35] ""އަދި މި އަޅާއަށް ނޫރެއްގެ މައްޗަށް ނޫރެއް ދެއްވާށިއެވެ."" [36]."
[34] الترمذي (5/483) برقم (3419).,[34] މި ޙަދީޘް ނެރުއްވީ އައް-ތިރްމިޛީ 5/483 ގެ ނަމްބަރު 3419 ގައެވެ.
[35] أخرجه البخاري في الأدب المفرد، برقم (695) (ص258) وصحح إسناده الألباني في صحيح الأدب المفرد برقم (536).,[35] މި ޙަދީޘް ނެރުއްވީ އަލް-ބުޚާރީ، އަލް-އަދަބުލް މުފްރަދުގެ ނަމްބަރު 695. ޞ 258 ގައެވެ. އަދި އަލް-އަލްބާނީވަނީ ޞަޙީޙުލް-އަދަބުލް މުފްރަދުގައި ނަމްބަރު 536 ގައި އޭގެ ސަނަދު ޞައްޙަކުރައްވާފައެވެ.
[36] ذكره ابن حجر في فتح الباري، وعزاه إلى ابن أبي عاصم في كتاب الدعاء، انظر الفتح (11/118) وقال: فاجتمع من اختلاف الروايات خمس وعشرون خصلة.,[36] މި ރިވާޔަތް ޛިކުރުކުރެއްވީ އިބްނު ޙަޖަރުގެ ފަތުޙުލް-ބާރީގައެވެ. އަދި އިބްނު އަބީ ޢާޞިމަށް، އެކަލޭގެފާނު ފޮތްކަމުގައިވާ ކިތާބުއް-ދުޢާއުއަށް ނިސްބަތްކުރެއްވިއެވެ. އަދި އަލް-ފަތުޙުގެ 11/118 ބައްލަވާށެވެ. އަދި ވިދާޅުވިއެެވެ: އެހެންކަމުން ރިވާޔަތްތައް ޚިލާފުވެ ތަފާތުވެގެން އެވަނީ ފަންސަވީސް ޞިފަ ޖަމަޢަވެފައެވެ.
اللَّهُمَّ اجْعَلْ لِي نُورًا فِي قَبْرِي... وَنُورًا فِي عِظَامِي، وَزِدْنِي نُورًا، وَزِدْنِي نُورًا، وَزِدْنِي نُورًا، وَهَبْ لِي نُورًا عَلَى نُور,އައްލޯހުންމަ ޖްޢަލް ލީ ނޫރަން ފީ ޤަބްރީ... ވަނޫރަން ފީ ޢިޡާމީ، ވަޒިދްނީ ނޫރަން، ވަޒިދްނީ ނޫރަން، ވަޒިދްނީ ނޫރަން، ވަހަބް ލީ ނޫރަން ޢަލާ ނޫރް
13. دُعَاءُ دُخُولِ المَسْجِدِ,13. މިސްކިތަށް ވަންނައިރު ކިޔާ ދުޢާ
(يَبْدَأُ بِرِجْلِهِ اليُمْنَى)[37]، وَيَقُولُ:,އޭނާ ވަންނަން އިސްކުރާނީ ކަނާތު ފަޔެވެ. [37]، އަދި މިހެން ކިޔާނީއެވެ:
«أَعُوذُ بِاللَّهِ العَظِيمِ، وَبِوَجْهِهِ الكَرِيمِ، وَسُلْطَانِهِ القَدِيمِ، مِنَ الشَّيْطَانِ الرَّجِيمِ»[38],"«أَعُوذُ بِاللَّهِ العَظِيمِ، وَبِوَجْهِهِ الكَرِيمِ، وَسُلْطَانِهِ القَدِيمِ، مِنَ الشَّيْطَانِ الرَّجِيمِ»
 މާނައީ: ""މަތިވެރި ﷲ ގެ ޙަޟްރަތުން، އަދި އެކަލާނގެ މާތްވެގެންވާ މޫނުފުޅާއި، އެ އިލާހު އިސްވެގެންވާ ބާރު މެދުވެރިކޮށް: ލަޢުނަތް ލެއްވި ރަޙްމަތުން ފައްސާލެވިގެންވާ ޝައިޠާނާގެ ކިބައިން ރައްކާތެރިކޮށްދެއްވުމަށް އެދެމެވެ."" [38]"
[37] لقول أنس بن مالك رضي الله عنه: «مِنَ السُّنَّةِ إِذَا دَخَلْتَ المَسْجِدَ أَنْ تَبدأَ بِرِجْلِكَ اليُمْنَى، وَإِذَا خَرَجْتَ أَنْ تَبدأَ بِرِجْلِكَ اليُسْرَى»، أخرجه الحاكم (1/218)، وصححه على شرط مسلم، ووافقه الذهبي، وأخرجه البيهقي (2/442)، وحسنه الألباني في سلسلة الأحاديث الصحيحة (5/ 624) برقم (2478).,"[37] އެއީ އަނަސް ބްނު މާލިކު رضي الله عنه ގެ ބަސްފުޅަށްޓަކައެވެ: ""ތިބާ މިސްކިތަށް ވަންނަހިނދު ކަނާތު ފައި އިސްކޮށް، އަދި ނިކުންނަހިނދު ވާތު ފައި އިސްކުރުމަކީ، ސުންނަތުގެ ތެރެއިންވާ ކަމެކެވެ."" މި ރިވާޔަތް ނެރުއްވީ އަލް-ޙާކިމު 1/218 ގައެވެ. އަދި މުސްލިމުގެ ޝަރުޠުގެ މަތިން ޞައްޙަކުރެއްވިއެވެ. އަދި އައް-ޛަހަބީވެސް އެއަށް އެއްބަސްވެވަޑައިގަތެވެ. އަދި އަލް-ބައިހަޤީވެސް 2/442 ގައި ނެރުއްވިއެވެ. އަދި ސިލްސިލަތުލް-އަޙާދީޘިއް-ޞަޙީޙާ 624/5 ގެ ނަމްބަރު 2478 ގައި އަލް-އަލްބާނީ ޞައްޙަކުރެއްވިއެވެ."
[38] أبو داود برقم (466)، وانظر: صحيح الجامع برقم (4591).,[38] ރިވާކުރެއްވީ އަބޫ ދާވޫދު، ނަމްބަރު 466 ގައެވެ. އަދި ޞަޙީޙުލް-ޖާމިޢުގެ ނަމްބަރު 4591 ބައްލަވާށެވެ.
أَعُوذُ بِاللَّهِ العَظِيمِ، وَبِوَجْهِهِ الكَرِيمِ، وَسُلْطَانِهِ القَدِيمِ، مِنَ الشَّيْطَانِ الرَّجِيم,އަޢޫޛު ބިއްލާހިލް ޢަޡީމް، ވަބިވަޖްހިހިލް ކަރީމް، ވަސުލްޠާނިހިލް ޤަދީމް، މިނައްޝައިޠާނިއް ރަޖީމް
«بِسْمِ اللَّهِ، وَالصَّلَاةُ»[39] «وَالسَّلَامُ عَلَى رَسُولِ اللَّهِ»[40],"""«بِسْمِ اللَّهِ، وَالصَّلَاةُ» «وَالسَّلَامُ عَلَى رَسُولِ اللَّهِ»
 މާނައީ: ""ﷲ ގެ އިސްމުފުޅުން ފަށަމެވެ. އަދި ﷲ ގެ ރަސޫލާގެ މައްޗަށް ޞަލަވާތާއި [39] ސަލާމް ހުއްޓެވެ."" [40]"
[39] رواه ابن السني برقم (88)، وحسنه الألباني في الثمر المستطاب، (ص607).,[39] ރިވާކުރެއްވީ އިބްނުއް-ސުންނީ، ނަމްބަރު 88 ގައެވެ. އަދި އައް-ޘަމަރުލް މުސްތަޠާބު ފޮތުގެ ޞ 607 ގައި އަލް-އަލްބާނީ މި ރިވާޔަތް ޙަސަން ކުރެއްވިއެވެ.
[40] أبو داود (1/126) برقم (465)، وانظر: صحيح الجامع (1/528).,[40] ރިވާކުރެއްވީ އަބޫ ދާވޫދު 1/126 ގެ ނަމްބަރު 456 ގައެވެ. އަދި ޞަޙީޙުލް-ޖާމިޢުގެ 1/528 ބައްލަވާށެވެ.
بِسْمِ اللَّهِ، وَالصَّلَاةُ وَالسَّلَامُ عَلَى رَسُولِ اللَّه,ބިސްމިއްލާހި، ވައްޞަލާތު ވައްސަލާމު ޢަލާ ރަސޫލިއްލާހް
«اللَّهُمَّ افْتَحْ لِي أَبْوَابَ رَحْمَتِكَ»[41].,"«اللَّهُمَّ افْتَحْ لِي أَبْوَابَ رَحْمَتِكَ»
 މާނައީ: ""އޭ ﷲ އެވެ! އިބަ އިލާހުގެ ރަޙުމަތުގެ ދޮރުކޮޅުތައް މިއަޅާއަށްޓަކައި ހުޅުވާދެއްވާށިއެވެ."" [41]."
[41] مسلم (1/494) برقم (713)، وفي سنن ابن ماجه من حديث فاطمة رضي الله عنها: «اللَّهُمَّ اغْفِرْ لِي ذُنُوبِي، وَافْتَحْ لِي أَبْوَابَ رَحْمَتِكَ»، وصححه الألباني لشواهده. انظر: صحيح ابن ماجه (1/128) برقم (129).,"[41] ރިވާކުރެއްވީ މުސްލިމް 1/494 ގެ ނަމްބަރު 713 ގައެވެ. އަދި ސުނަނު އިބްނު މާޖާގައި ފާޠިމާ رضي الله عنها ގެ ޙަދީޘްގައިވެއެވެ: 
 «اللَّهُمَّ اغْفِرْ لِي ذُنُوبِي، وَافْتَحْ لِي أَبْوَابَ رَحْمَتِكَ»
 މާނައީ: ""އޭ ﷲ އެވެ! މި އަޅާއަށްޓަކައި މި އަޅާގެ ފާފަފުއްސަވާދެއްވާށިއެވެ. އަދި އިބައިލާހުގެ ރަޙްމަތުގެ ދޮރުކޮޅުތައް މި އަޅާއަށްޓަކައި ހުޅުވާދެއްވާށިއެވެ."" އަދި އަލް-އަލްބާނީ އެ ޙަދީޘަށް ހެކިދޭ ޝާހިދުތަކަށް ބިނާކޮށް ޞައްޙަކުރެއްވިއެވެ. ޞަޙީޙު އިބްނު މާޖާގެ 1/128 ގެ ނަމްބަރު 129 ބައްލަވާށެވެ."
اللَّهُمَّ افْتَحْ لِي أَبْوَابَ رَحْمَتِك,އައްލޯހުންމަފްތަޙް ލީ އަބްވާބަ ރަޙްމަތިކް
14. دُعَاءُ الخُرُوجِ مِنَ المَسْجِدِ,14. މިސްކިތުން ނިކުންނައިރު ކިޔާ ދުޢާ
(يَبْدَأُ بِرِجْلِهِ اليُسْرَى)[42] وَيَقُولُ:,އޭނާ ނިކުންނަން އިސްކުރާނީ ވާތު ފަޔެވެ. [42] އަދި މިހެން ކިޔާނީއެވެ:
«بِسْمِ اللَّهِ وَالصَّلَاةُ وَالسَّلَامُ عَلَى رَسُولِ اللَّهِ،,"«بِسْمِ اللَّهِ وَالصَّلَاةُ وَالسَّلَامُ عَلَى رَسُولِ اللَّهِ،
 މާނައީ: ""ﷲ ގެ އިސްމުފުޅުން ފަށަމެވެ. އަދި ޞަލަވާތާއި ސަލާމްހުރީ ﷲ ގެ ރަސޫލާއަށެވެ."""
[42] الحاكم (1/218)، والبيهقي (2/442)، وحسنه الألباني في سلسلة الأحاديث الصحيحة (5/624) برقم (2478)، وتقدم تخريجه.,[42] ރިވާކުރެއްވީ އަލް-ޙާކިމު 1/218 ގައި، އަދި އަލް-ބައިހަޤީ 2/442 ގައެވެ. އަދި ސިލްސިލަތުލް-އަޙާދީޘިއް-ޞަޙީޙާ 5/624 ގެ ނަމްބަރު 2478 ގައި އަލް-އަލްބާނީ މި ރިވާޔަތް ޙަސަން ކުރެއްވިއެވެ. އަދި މި ޙަދީޘް ތަޚްރީޖުކޮށް ނެރުން އިސްވެގޮސްފިއެވެ.
بِسْمِ اللَّهِ وَالصَّلَاةُ وَالسَّلَامُ عَلَى رَسُولِ اللَّه,ބިސްމިއްލާހި ވައްޞަލާތު ވައްސަލާމު ޢަލާ ރަސޫލިއްލާހް
اللَّهُمَّ إِنِّي أَسْأَلُكَ مِنْ فَضْلِك،,"""اللَّهُمَّ إِنِّي أَسْأَلُكَ مِنْ فَضْلِك،""
 މާނައީ: ""އޭ ﷲ އެވެ! އިބައިލާހުގެ ފަޟްލަވަންތަކަން ދެއްވުމަށް މިއަޅާ އެދި ދަންނަވަމެވެ."""
اللَّهُمَّ إِنِّي أَسْأَلُكَ مِنْ فَضْلِك,އައްލޯހުންމަ އިންނީ އަސްއަލުކަ މިން ފަޟްލިކަ
اللَّهُمَّ اعْصِمْنِي مِنَ الشَّيْطَانِ الرَّجِيمِ»[43].,"""اللَّهُمَّ اعْصِمْنِي مِنَ الشَّيْطَانِ الرَّجِيمِ»
 މާނައީ: ""އޭ ﷲ އެވެ! ލަޢުނަތްލެއްވި، ރަޙްމަތުން ފައްސާލެވިގެންވާ ޝައިޠާނާގެ ފުށުން މި އަޅާ ރައްކާތެރިކޮށްދެއްވާށިއެވެ."" [43]."""
[43] انظر تخريج روايات الحديث السابق في دعاء دخول المسجد، رقم (20) وزيادة: «اللَّهُمَّ اعْصِمْنِي مِنَ الشَّيْطَانِ الرَّجِيمِ» لابن ماجه. انظر: صحيح ابن ماجه (1/129).,[43] މިސްކިތަށް ވަންނައިރު ކިޔާ ދުޢާގައި، އިސްވެދިޔަ ޙަދީޘްގެ ރިވާޔަތްތަކުގެ ތަޚްރީޖުތައް ބައްލަވާށެވެ. ނަމްބަރު 20 ގައެވެ. އަދި އިތުރަށްވާ «اللَّهُمَّ اعْصِمْنِي مِنَ الشَّيْطَانِ الرَّجِيمِ» (އޭ ﷲ އެވެ! ލަޢުނަތްލެއްވި ރަޙްމަތުން ފައްސާލެވިގެންވާ ޝައިޠާނާގެ ފުށުން މި އަޅާ ރައްކާތެރިކޮށްދެއްވާށިއެވެ.) މިއީ އިބްނު މާޖާ ރިވާކުރެއްވި ބައެކެވެ. ޞަޙީޙު އިބްނު މާޖާގެ 1/129 ބައްލަވާށެވެ.
اللَّهُمَّ اعْصِمْنِي مِنَ الشَّيْطَانِ الرَّجِيم,އައްލޯހުންމަ ޢްޞިމްނީ މިނައް ޝައިޠާނިއް ރަޖީމް
15. أَذكَارُ الأَذَانِ,15. ބަންގީގެ ޛިކުރުތައް
يَقُولُ مِثْلَ مَا يَقُولُ المُؤَذِّنُ إِلَّا فِي (حَيَّ عَلَى الصَّلَاةِ وَحَيَّ عَلَى الفَلَاحِ) فَيقُولُ:,ބަންގި ގޮވާ މީހާ ކިޔާ ގޮތަށް އޭނާ ކިޔާނީއެވެ. އެއީ (حَيَّ عَلَى الصَّلَاةِ، حَيَّ عَلَى الفَلَاحِ) ފިޔަވައެވެ. އެތަނުގައި ފަހެ އޭނާ ކިޔާނީ:
«لَا حَوْلَ وَلَا قُوَّةَ إِلَّا بِاللَّهِ»[44].,"«لَا حَوْلَ وَلَا قُوَّةَ إِلَّا بِاللَّهِ»
 މާނައީ: ""އެއްވެސް އާރަކާއި ބާރެއް ﷲ ގެ ޙަޟްރަތުން މެނުވީ ނުވެއެވެ."" [44]."
[44] البخاري (1/152) برقم (611) و (613)، ومسلم (1/288) برقم (383).,[44] ރިވާކުރެއްވީ އަލް-ބުޚާރީ 1/152 ގެ ނަމްބަރު 613 ގައި، އަދި މުސްލިމް 1/288 ގެ ނަމްބަރު 383 ގައެވެ.
لَا حَوْلَ وَلَا قُوَّةَ إِلَّا بِاللَّه,ލާ ޙައުލަ ވަލާ ޤުއްވަތަ އިއްލާ ބިއްލާހް
يَقُولُ:,އޭނާ ކިޔާނީ:
«وَأَنَا أَشْهَدُ أَنْ لَا إِلَهَ إِلَّا اللَّهُ وَحْدَهُ لَا شَرِيكَ لَهُ وَأَنَّ مُحَمَّدًا عَبْدُهُ وَرَسُولُهُ، رَضِيتُ بِاللَّهِ رَبًَّا، وَبِمُحَمَّدٍ رَسُولًا، وَبِالإِسْلَامِ دِينًَا»[45],"«وَأَنَا أَشْهَدُ أَنْ لَا إِلَهَ إِلَّا اللَّهُ وَحْدَهُ لَا شَرِيكَ لَهُ وَأَنَّ مُحَمَّدًا عَبْدُهُ وَرَسُولُهُ، رَضِيتُ بِاللَّهِ رَبًَّا، وَبِمُحَمَّدٍ رَسُولًا، وَبِالإِسْلَامِ دِينًَا»
 މާނައީ: ""އަދި الله ފިޔަވައި ޙައްޤު އެހެން އެއްވެސް އިލާހެއް ނެތްކަމަށާއި، އެ އިލާހު އެއްކައުވަންތަކަމަށާއި، ބައިވެރިއެއް ނެތްކަމަށާއި، މުޙައްމަދުގެފާނީ އެ އިލާހުގެ އަޅާ އަދި ރަސޫލާ ކަމުގައި އަޅު ހެކިވަމެވެ. ﷲ އީ ރައްބު ކަމުގައި، އަދި މުޙައްމަދުގެފާނީ ރަސޫލާކަމުގައި، އަދި ދީނަކީ އިސްލާމްދީންކަމަށް އަހަރެން ރުހި ޤަބޫލުވަމެވެ."" [45]"
[45] مسلم (1/290) برقم (386).,[45] ރިވާކުރެއްވީ މުސްލިމް 1/290 ގެ ނަމްބަރު 386 ގައެވެ.
وَأَنَا أَشْهَدُ أَنْ لَا إِلَهَ إِلَّا اللَّهُ وَحْدَهُ لَا شَرِيكَ لَهُ وَأَنَّ مُحَمَّدًا عَبْدُهُ وَرَسُولُهُ، رَضِيتُ بِاللَّهِ رَبًَّا، وَبِمُحَمَّدٍ رَسُولًا، وَبِالإِسْلَامِ دِينًَا,ވައަނަ އަޝްހަދު އައްލާ އިލާހަ އިއްލައްލޯހު ވަޙްދަހޫ ލާ ޝަރީކަ ލަހޫ ވައައްނަ މުޙައްމަދަން ޢަބްދުހޫ ވަރަސޫލުހް، ރަޟީތު ބިއްލާހި ރައްބަން، ވަބިމުޙައްމަދިން ރަސޫލަން، ވަބިލްއިސްލާމި ދީނަން
(يَقُولُ ذَلِكَ عَقِبَ تَشَهُّدِ المُؤَذِّنِ)[46].,އޭނާ އެހެން ކިޔާނީ ބަންގިގޮވާ މީހާ ޝަހާދަތް ކިޔުމުން އެއާ ވިއްދައިގެންނެވެ. [46].
[46] ابن خزيمة (1/220).,[46] ރިވާކުރެއްވީ އިބްނު ޚުޒައިމާ 1/220 ގައެވެ.
(يُصَلِّي عَلَى النَّبِيِّ ﷺ بَعْدَ فَرَاغِهِ مِنْ إِجَابَةِ المُؤَذِّنِ)[47].,މުދިމަށް އިޖާބަދީ ނިންމުމަށްފަހު، ދެން އޭނާ ނަބިއްޔާ ﷺ ގެ މައްޗަށް ޞަލަވާތް ކިޔަވާނީއެވެ. [47].
[47] مسلم (1/288) برقم (384).,[47] ރިވާކުރެއްވީ މުސްލިމް 1/288 ގެ ނަމްބަރު 384 ގައެވެ.
يَقُولُ:,އޭނާ ކިޔާނީ:
«اللَّهُمَّ رَبَّ هَذِهِ الدَّعْوَةِ التَّامَّةِ، وَالصَّلَاةِ القَائِمَةِ، آتِ مُحَمَّدًا الوَسِيلَةَ وَالفَضِيلَةَ، وَابْعَثْهُ مَقَامًَا مَحمُودًا الَّذِي وَعَدْتَهُ، [إِنَّكَ لَا تُخْلِفُ المِيعَادَ]»[48].,"«اللَّهُمَّ رَبَّ هَذِهِ الدَّعْوَةِ التَّامَّةِ، وَالصَّلَاةِ القَائِمَةِ، آتِ مُحَمَّدًا الوَسِيلَةَ وَالفَضِيلَةَ، وَابْعَثْهُ مَقَامًَا مَحمُودًا الَّذِي وَعَدْتَهُ، [إِنَّكَ لَا تُخْلِفُ المِيعَادَ]»
 މާނައީ: ""އޭ ﷲ އެވެ! މި ފުރިހަމަ ގޮވާލުމާއި، ޤާއިމުކުރެވޭ ނަމާދުގެ ވެރި ރައްބެވެ! މުޙައްމަދުގެފާނަށް ވަސީލަތާއި މަތިވެރިކަން ދެއްވާށިއެވެ! އަދި އިބައިލާހު އެކަލޭގެފާނަށް ވަޢުދުވެވޮޑިގެންނެވި، ޙަމްދުލިބިގެންވާ މަޤާމަށް އެކަލޭގެފާނު ފޯރުކޮށްދެއްވާށިއެވެ. ހަމަކަށަވަރުން އިބައިލާހު ވަޢުދާ ޚިލާފުވެވޮޑިގެން ނުވެތެވެ."" [48]."
[48] البخاري (1/152) برقم (614)، وما بين المعقوفين للبيهقي (1/410)، وحسَّن إسناده العلامة عبد العزيز بن باز رحمه الله في تحفة الأخيار (ص38).,[48] ރިވާކުރެއްވީ އަލް-ބުޚާރީ 1/152 ގެ ނަމްބަރު 614 ގައެވެ. އަދި ދެ ބުރެކެޓުގައިވާ ބައި އެއީ އަލް-ބައިހަޤީ 1/410 ގައި ރިވާކުރެއްވި ބައެކެވެ. އަދި އަލް-ޢައްލާމާ ޢަބްދުލް-ޢަޒީޒު ބްނު ބާޒު رحمه الله، ތުޙްފަތުލް-އަޚްޔާރު ޞ 38 ގައި އެ ޙަދީޘްގެ ސަނަދު ޙަސަނު ކުރެއްވިއެވެ.
اللَّهُمَّ رَبَّ هَذِهِ الدَّعْوَةِ التَّامَّةِ، وَالصَّلَاةِ القَائِمَةِ، آتِ مُحَمَّدًا الوَسِيلَةَ وَالفَضِيلَةَ، وَابْعَثْهُ مَقَامًَا مَحمُودًا الَّذِي وَعَدْتَهُ، [إِنَّكَ لَا تُخْلِفُ المِيعَاد],އައްލޯހުންމަ ރައްބަ ހާޛިހިއް ދަޢުވަތިއް ތާންމަހް، ވައްޞަލާތިލް ޤާއިމަހް، އާތި މުޙައްމަދަނިލް ވަސީލަތަ ވަލްފަޟީލަހް، ވަބްޢަޘްހު މަޤާމަން މަޙްމޫދަނިއްލަޛީ ވަޢައްތަހް، އިންނަކަ ލާ ތުޚްލިފުލް މީޢާދް
(يَدْعُو لِنَفسِهِ بَيْنَ الَأذَانِ وَالإِقَامَةِ فَإِنَّ الدُّعَاءَ حِينَئِذٍ لَا يُرَدُّ)[49].,އޭނާގެ އަމިއްލަ ނަފްސަށް ބަންގިއާއި ޤަމަތުގެ ދެމެދުގައި ދުޢާކުރާނީއެވެ. އެހެނީ އެ ވަޤުތު ކުރާ ދުޢާ ރައްދު ނުކުރެވެއެވެ. [49].
[49] الترمذي برقم (3594) و (3595)، وأبو داود برقم (525)، وأحمد برقم (12200)، وانظر: إرواء الغليل (1/262).,[49] ރިވާކުރެއްވީ އައް-ތިރްމިޛީ، ނަމްބަރު 3594 އަދި 3595 ގައި، އަދި އަބޫ ދާވޫދު ނަމްބަރު 525 ގައި، އަދި އަޙްމަދު ނަމްބަރު 12200 ގައެވެ. އަދި އިރްވާއުލް-ޣަލީލުގެ 1/262 ބައްލަވާށެވެ.
16. دُعَاءُ الاسْتِفْتَاحِ,16. ދުޢާއުލް-އިސްތިފްތާޙު (ނަމާދު ހުޅުވާލާ ދުޢާ)
«اللَّهُمَّ بَاعِدْ بَيْنِي وَبَيْنَ خَطَايَايَ كَمَا بَاعَدْتَ بَيْنَ المَشْرِقِ وَالمَغْرِبِ، اللَّهُمَّ نَقِّنِي مِنْ خَطَايَايَ كَمَا يُنَقَّى الثَّوْبُ الأَبْيَضُ مِنَ الدَّنَسِ، اللَّهُمَّ اغْسِلْني مِنْ خَطَايَايَ، بِالثَّلْجِ وَالماءِ وَالبَرَدِ»[50].,"«اللَّهُمَّ بَاعِدْ بَيْنِي وَبَيْنَ خَطَايَايَ كَمَا بَاعَدْتَ بَيْنَ المَشْرِقِ وَالمَغْرِبِ، اللَّهُمَّ نَقِّنِي مِنْ خَطَايَايَ كَمَا يُنَقَّى الثَّوْبُ الأَبْيَضُ مِنَ الدَّنَسِ، اللَّهُمَّ اغْسِلْني مِنْ خَطَايَايَ، بِالثَّلْجِ وَالماءِ وَالبَرَدِ»
 މާނައީ: ""އޭ ﷲ އެވެ! މަޝްރިޤާއި މަޣްރިބާ ދޭތެރެ އިބަ އިލާހު ދުރުކުރެއްވި ފަދައިން، މިއަޅާއާއި މިއަޅާގެ ކުށްފާފަތަކާ ދޭތެރެ ދުރުކޮށްދެއްވާށިއެވެ! އޭ ﷲ އެވެ! ހުދު ހެދުމެއް ހަޑި މިލައިން ސާފުކުރެވޭ ފަދައިން، މިއަޅާގެ ކުށްފާފަތަކުން މިއަޅާ ސާފުޠާހިރުކޮށްދެއްވާށިއެވެ! އޭ ﷲ އެވެ! ސުނޯއާއި، ފެނާއި، ގަނޑުފެނުން މިއަޅާގެ ކުށްފާފަތަކުން މިއަޅާ ދޮވެދެއްވާށިއެވެ!"" [50]."
[50] البخاري (1/181) برقم (744)، ومسلم (1/419) برقم (598).,[50] ރިވާކުރެއްވީ އަލް-ބުޚާރީ 1/181 ގެ ނަމްބަރު 744 ގައި، އަދި މުސްލިމް 1/419 ގެ ނަމްބަރު 598 ގައެވެ.
اللَّهُمَّ بَاعِدْ بَيْنِي وَبَيْنَ خَطَايَايَ كَمَا بَاعَدْتَ بَيْنَ المَشْرِقِ وَالمَغْرِبِ، اللَّهُمَّ نَقِّنِي مِنْ خَطَايَايَ كَمَا يُنَقَّى الثَّوْبُ الأَبْيَضُ مِنَ الدَّنَسِ، اللَّهُمَّ اغْسِلْني مِنْ خَطَايَايَ، بِالثَّلْجِ وَالماءِ وَالبَرَد,އައްލޯހުންމަ ބާޢިދް ބައިނީ ވަބައިނަ ޚަޠާޔާޔަ ކަމާ ބާޢަދްތަ ބައިނަލް މަޝްރިޤި ވަލްމަޣްރިބް، އައްލޯހުންމަ ނައްޤިނީ މިން ޚަޠާޔާޔަ ކަމާ ޔުނައްޤައް ޘައުބުލް އަބްޔަޟު މިނައް ދަނަސް، އައްލޯހުންމަޣްސިލްނީ މިން ޚަޠާޔާޔަ، ބިއްޘަލްޖި ވަލްމާއި ވަލްބަރަދް
«سُبْحانَكَ اللَّهُمَّ وَبِحَمْدِكَ، وَتَبارَكَ اسْمُكَ، وَتَعَالَى جَدُّكَ، وَلَا إِلَهَ غَيْرُكَ»[51].,"«سُبْحانَكَ اللَّهُمَّ وَبِحَمْدِكَ، وَتَبارَكَ اسْمُكَ، وَتَعَالَى جَدُّكَ، وَلَا إِلَهَ غَيْرُكَ»
 މާނައީ: ""އިބަ އިލާހުގެ ހުސްޠާހިރުވަންތަކަމާއެވެ! އޭ ﷲ އެވެ! އަދި އިބަ އިލާހަށް އެންމެހާ ޙަމްދެއް ހުއްޓެވެ. އަދި އިބަ އިލާހުގެ ނަންފުޅު ބަރަކާތްތެރިވެގެންވެއެވެ. އަދި އިބަ އިލާހުގެ އަރަހުށިކަން މަތިވެރިވެގެންވެއެވެ. އަދި އިބަ އިލާހު ފިޔަވައި (އަޅުކަންވެވުން ޙައްޤުވެގެންވާ) އެހެން އެއްވެސް އިލާހަކު ނުވެއެވެ."" [51]."
[51] مسلم برقم (399)، وأصحاب السنن الأربعة: أبو داود برقم (775)، والترمذي برقم (243)، وابن ماجه برقم (806)، والنسائي برقم (899)، وانظر: صحيح الترمذي (1/77)، وصحيح ابن ماجه (1/135).,[51] ރިވާކުރެއްވީ މުސްލިމް ނަމްބަރު 399 ގައި، އަދި ހަތަރު ސުނަނުގެ އަހުލުވެރިންނެވެ: އަބޫ ދާވޫދު ނަމްބަރު 775 ގައި، އަދި އައް-ތިރްމިޛީ، ނަމްބަރު 243 ގައި، އަދި އިބްނު މާޖާ ނަމްބަރު 806 ގައި، އަދި އައް-ނަސައީ ނަމްބަރު 899 ގައެވެ. އަދި ޞަޙީޙުއް-ތިރްމިޛީގެ 1/77 އާއި، ޞަޙީޙު އިބްނު މާޖާގެ 1/77 ބައްލަވާށެވެ.
سُبْحانَكَ اللَّهُمَّ وَبِحَمْدِكَ، وَتَبارَكَ اسْمُكَ، وَتَعَالَى جَدُّكَ، وَلَا إِلَهَ غَيْرُك,ސުބްޙާނަކައް ލޯހުންމަ ވަބިޙަމްދިކަ، ވަތަބާރަކަސްމުކަ، ވަތަޢާލާ ޖައްދުކަ، ވަލާ އިލާހަ ޣައިރުކް.
«وَجَّهْتُ وَجْهِيَ لِلَّذِي فَطَرَ السَّمَوَاتِ وَالأَرْضَ حَنِيفًَا وَمَا أَنَا مِنَ المُشْرِكِينَ، إِنَّ صَلَاتِي، وَنُسُكِي، وَمَحْيَايَ، وَمَمَاتِي لِلَّهِ رَبِّ العَالَمِينَ، لَا شَرِيكَ لَهُ وَبِذَلِكَ أُمِرْتُ وَأَنَا مِنَ المُسْلِمِينَ، اللَّهُمَّ أَنْتَ المَلِكُ لَا إِلَهَ إِلَّا أَنْتَ، أَنْتَ رَبِّي وَأَنَا عَبْدُكَ، ظَلَمْتُ نَفْسِي وَاعْتَرَفْتُ بِذَنْبِي فَاغْفِرْ لِي ذُنُوبي جَمِيعًَا إِنَّهُ لَا يَغْفِرُ الذُّنوبَ إِلَّا أَنْتَ، وَاهْدِنِي لِأَحْسَنِ الأَخْلاقِ لَا يَهْدِي لِأَحْسَنِها إِلَّا أَنْتَ، وَاصْرِفْ عَنِّي سَيِّئَهَا، لَا يَصْرِفُ عَنِّي سَيِّئَهَا إِلَّا أَنْتَ، لَبَّيْكَ وَسَعْدَيْكَ، وَالخَيْرُ كُلُّهُ بِيَدَيْكَ، وَالشَّرُّ لَيْسَ إِلَيْكَ، أَنَا بِكَ وَإِلَيْكَ، تَبارَكْتَ وَتَعَالَيْتَ، أَسْتَغْفِرُكَ وَأَتوبُ إِلَيْكَ»[52].,"«وَجَّهْتُ وَجْهِيَ لِلَّذِي فَطَرَ السَّمَوَاتِ وَالأَرْضَ حَنِيفًَا وَمَا أَنَا مِنَ المُشْرِكِينَ، إِنَّ صَلَاتِي، وَنُسُكِي، وَمَحْيَايَ، وَمَمَاتِي لِلَّهِ رَبِّ العَالَمِينَ، لَا شَرِيكَ لَهُ وَبِذَلِكَ أُمِرْتُ وَأَنَا مِنَ المُسْلِمِينَ، اللَّهُمَّ أَنْتَ المَلِكُ لَا إِلَهَ إِلَّا أَنْتَ، أَنْتَ رَبِّي وَأَنَا عَبْدُكَ، ظَلَمْتُ نَفْسِي وَاعْتَرَفْتُ بِذَنْبِي فَاغْفِرْ لِي ذُنُوبي جَمِيعًَا إِنَّهُ لَا يَغْفِرُ الذُّنوبَ إِلَّا أَنْتَ، وَاهْدِنِي لِأَحْسَنِ الأَخْلاقِ لَا يَهْدِي لِأَحْسَنِها إِلَّا أَنْتَ، وَاصْرِفْ عَنِّي سَيِّئَهَا، لَا يَصْرِفُ عَنِّي سَيِّئَهَا إِلَّا أَنْتَ، لَبَّيْكَ وَسَعْدَيْكَ، وَالخَيْرُ كُلُّهُ بِيَدَيْكَ، وَالشَّرُّ لَيْسَ إِلَيْكَ، أَنَا بِكَ وَإِلَيْكَ، تَبارَكْتَ وَتَعَالَيْتَ، أَسْتَغْفِرُكَ وَأَتوبُ إِلَيْكَ»
 މާނައީ: ""އުޑުތަކާއި ބިން ނެތުމުގެ ތެރެއިން ހެއްދެވި ފަރާތަށް، (ބާޠިލު ދީންތަކާއި ޢަޤީދާތައް ދޫކޮށް) އެއްކިބާވެހުރެ، މި އަޅާގެ މޫނު ކުރިމަތިކުރަމެވެ. އަދި މި އަޅާ މުޝްރިކުންގެ ތެރެއިން ނުވަމެވެ. ހަމަކަށަވަރުން މި އަޅާގެ ނަމާދާއި، މި އަޅާގެ ޤުރުބާނާއި، މި އަޅާގެ ދިރިހުރުމާއި، މި އަޅާގެ މަރުވުން މިލްކުވެވޮޑިގެންވަނީ ޢާލަމްތަކުގެ ވެރި ރައްބު ﷲ އަށެވެ. އެ އިލާހަށް އެއްވެސް ބައިވެރިޔަކު ނުވެއެވެ. މި އަޅާއަށް އަމުރު ކުރެވިގެންވަނީ އެފަދައިންނެވެ. އަދި މި އަޅާވަނީ މުސްލިމުންގެ ތެރެއިންނެވެ. އޭ ﷲ އެވެ! އިބައިލާހީ ރަސްވަންތަ އިލާހެވެ. އިބައިލާހު މެނުވީ އަޅުކަންވެވުން ޙައްޤުވެގެންވާ އެހެން އެއްވެސް އިލާހަކު ނުވެއެވެ. އިބައިލާހީ މި އަޅާގެ ރައްބެވެ. އަދި މި އަޅާއީ އިބައިލާހުގެ އަޅަކީމެވެ. މި އަޅާގެ ނަފްސަށް މި އަޅާ އަނިޔާވެރިވެއްޖައީމެވެ. އަދި މި އަޅާގެ ފާފަތަކަށް މި އަޅާ އިޢުތިރާފުވެއްޖައީމެވެ. ފަހެ މި އަޅާގެ ހުރިހާ ފާފައެއް މި އަޅާއަށް ފުއްސަވާށިއެވެ! ހަމަކަށަވަރުން އިބައިލާހު ފިޔަވައި ފާފަތައް ފުއްސަވާދެއްވާނެ އެހެން އެއްވެސް ފަރާތެއް ނުވެއެވެ. އަދި ރިވެތި އަޚުލާޤަށް މި އަޅާއަށް މަގުދައްކަވާށިއެވެ! އިބައިލާހު ފިޔަވައި އެފަދަ ރިވެތި އަޚުލާޤަކަށް މަގުދެއްކޭނެ އެހެން އެއްވެސް ފަރާތެއް ނުވެއެވެ. އަދި ނުބައި އަޚުލާގުން މި އަޅާގެ ކިބައިން ދުރުކޮށްދެއްވާށިއެވެ! އިބައިލާހު ފިޔަވައި ނުބައި އަޚްލާޤު މި އަޅާގެ ކިބައިން ދުރުކޮށްދެވޭނެ އެހެން ފަރާތެއް ނުވެއެވެ. މި އަޅާ އިބައިލާހަށް އިޖާބައަކަށްފަހު އިޖާބައެއް ދެމެވެ. އަދި އިބައިލާހަށް (ކިޔަމަންވުމުގައި) އުފަލަކަށްފަހު އުފަލެއްކުރަމެވެ. އަދި އެންމެހާ ހެޔޮކަމެއްވަނީ އިބައިލާހުގެ ދެ އަތްޕުޅުގައެވެ. އަދި ނުބައި އެއްވެސްކަމެއް އިބައިލާހުގެ ޙަޟްރަތަށް ނިސްބަތްވެގެން ނުވެއެވެ. މި އަޅާ ވަނީ އިބައިލާހުގެ ޙަޟްރަތުން އަދި އިބަ އިލާހުގެ ޙަޟްރަތަށެވެ. (އެބަހީ: އިބައިލާހުގެ ނިޢުމަތްތަކުން ވުޖޫދުގައިވެ ދިރިއުޅެ އަދި އިބައިލާހުގެ ޙަޟްރަތަށް އެނބުރި ދާނޭ މީހަކީމެވެ.) އިބައިލާހު ބަރަކާތްތެރިވެވޮޑިގެންވެ މަތިވެރިވެވޮޑިގެންވަމުއެވެ. އިބައިލާހުގެ ޙަޟްރަތަށް މި އަޅާ ފާފަފުއްސެވުމަށް އެދި ދަންނަވާ، އަދި އިބައިލާހަށް ތައުބާވަމެވެ."" [52]."
[52] أخرجه مسلم (1/534) برقم (771).,[52] މި ޙަދީޘް ނެރުއްވީ މުސްލިމް 1/534 ގެ، ނަމްބަރު 771 ގައެވެ.
وَجَّهْتُ وَجْهِيَ لِلَّذِي فَطَرَ السَّمَوَاتِ وَالأَرْضَ حَنِيفًَا وَمَا أَنَا مِنَ المُشْرِكِينَ، إِنَّ صَلَاتِي، وَنُسُكِي، وَمَحْيَايَ، وَمَمَاتِي لِلَّهِ رَبِّ العَالَمِينَ، لَا شَرِيكَ لَهُ وَبِذَلِكَ أُمِرْتُ وَأَنَا مِنَ المُسْلِمِينَ، اللَّهُمَّ أَنْتَ المَلِكُ لَا إِلَهَ إِلَّا أَنْتَ، أَنْتَ رَبِّي وَأَنَا عَبْدُكَ، ظَلَمْتُ نَفْسِي وَاعْتَرَفْتُ بِذَنْبِي فَاغْفِرْ لِي ذُنُوبي جَمِيعًَا إِنَّهُ لَا يَغْفِرُ الذُّنوبَ إِلَّا أَنْتَ، وَاهْدِنِي لِأَحْسَنِ الأَخْلاقِ لَا يَهْدِي لِأَحْسَنِها إِلَّا أَنْتَ، وَاصْرِفْ عَنِّي سَيِّئَهَا، لَا يَصْرِفُ عَنِّي سَيِّئَهَا إِلَّا أَنْتَ، لَبَّيْكَ وَسَعْدَيْكَ، وَالخَيْرُ كُلُّهُ بِيَـدَيْكَ، وَالشَّرُّ لَيْسَ إِلَيْكَ، أَنَا بِكَ وَإِلَيْكَ، تَبارَكْتَ وَتَعَالَيْتَ، أَسْتَغْفِرُكَ وَأَتوبُ إِلَيْك,ވައްޖަހްތު ވަޖްހިޔަ ލިއްލަޛީ ފަޠަރައް ސަމާވާތި ވަލްއަރްޟަ ޙަނީފަން ވަމާ އަނަ މިނަލް މުޝްރިކީން، އިންނަ ޞަލާތީ، ވަނުސުކީ، ވަމަޙްޔާޔަ، ވަމަމާތީ ލިއްލާހި ރައްބިލް ޢާލަމީން، ލާ ޝަރީކަ ލަހޫ ވަބިޛާލިކަ އުމިރްތު ވައަނަ މިނަލް މުސްލިމީން، އައްލޯހުންމަ އަންތަލް މަލިކު ލާ އިލާހަ އިއްލާ އަންތަ، އަންތަ ރައްބީ ވައަނަ ޢަބްދުކަ، ޡަލަމްތު ނަފްސީ ވަޢްތަރަފްތު ބިޛަންބީ ފަޣްފިރް ލީ ޛުނޫބީ ޖަމީޢަން އިންނަހޫ ލާ ޔަޣްފިރުއް ޛުނޫބަ އިއްލާ އަންތަ، ވަހްދިނީ ލިއަޙްސަނިލް އަޚްލާޤި ލާ ޔަހްދީ ލިއަޙްސަނިހާ އިއްލާ އަންތަ، ވަޞްރިފް ޢަންނީ ސައްޔިއަހާ، ލާ ޔަޞްރިފު ޢަންނީ ސައްޔިއަހާ އިއްލާ އަންތަ، ލައްބައިކަ ވަސަޢްދައިކަ، ވަލްޚައިރު ކުއްލުހޫ ބިޔަދައިކަ، ވައްޝައްރު ލައިސަ އިލައިކަ، އަނަ ބިކަ ވައިލައިކަ، ތަބާރަކްތަ ވަތަޢާލައިތަ، އަސްތަޣްފިރުކަ ވައަތޫބު އިލައިކް
«اللَّهُمَّ رَبَّ جِبْرَائِيلَ، وَمِيْكَائِيلَ، وَإِسْرَافِيلَ، فَاطِرَ السَّمَوَاتِ وَالأَرْضِ، عَالِمَ الغَيْبِ وَالشَّهَادَةِ أَنْتَ تَحْكُمُ بَيْنَ عِبَادِكَ فِيمَا كَانُوا فِيهِ يَخْتَلِفُونَ، اهْدِنِي لِمَا اخْتُلِفَ فِيهِ مِنَ الحَقِّ بِإِذْنِكَ إِنَّكَ تَهْدِي مَنْ تَشَاءُ إِلَى صِرَاطٍ مُسْتَقيمٍ»[53].,"«اللَّهُمَّ رَبَّ جِبْرَائِيلَ، وَمِيْكَائِيلَ، وَإِسْرَافِيلَ، فَاطِرَ السَّمَوَاتِ وَالأَرْضِ، عَالِمَ الغَيْبِ وَالشَّهَادَةِ أَنْتَ تَحْكُمُ بَيْنَ عِبَادِكَ فِيمَا كَانُوا فِيهِ يَخْتَلِفُونَ، اهْدِنِي لِمَا اخْتُلِفَ فِيهِ مِنَ الحَقِّ بِإِذْنِكَ إِنَّكَ تَهْدِي مَنْ تَشَاءُ إِلَى صِرَاطٍ مُسْتَقيمٍ»
 މާނައީ: ""އޭ ﷲ އެވެ! ޖިބްރާއީލާއި، މީކާއީލާއި، އިސްރާފީލްގެ ވެރި ރައްބެވެ! އުޑުތަކާއި ބިން ނެތުމުގެ ތެރެއިން ހެއްދެވި އިލާހެވެ! ޣައިބުގެ ނުފެންނަ ކަންތަކާއި ފެންނަހައި ކަންތައް ދެނެވޮޑިގެންވާ އިލާހެވެ! އިބައިލާހުގެ އަޅުތަކުން ދެބަސްވެ ޚިލާފުވި ކަންތަކުގައި އެމީހުންގެ މެދުގައި ޙުކުމްކުރައްވާނީ އިބައިލާހެވެ. ޙައްޤުގެ ތެރެއިން އެކަންކަމާމެދު ދެބަސްވެވިފައިވާ ކަންތައްތަކަށް އިބައިލާހުގެ އިޛްނަފުޅާއެކު މި އަޅާއަށް ހިދާޔަތް ދައްކަވާށިއެވެ! ހަމަކަށަވަރުން އިބައިލާހު އެދިވޮޑިގަންނަވާ މީހަކަށް ސީދާވެގެންވާ މަގަށް ހިދާޔަތް ދައްކަވަމުއެވެ."" [53]."
[53] أخرجه مسلم (1/534) برقم (770).,[53] މި ޙަދީޘް ނެރުއްވީ މުސްލިމް 1/534 ގެ ނަމްބަރު 770 ގައެވެ.
اللَّهُمَّ رَبَّ جِبْرَائِيلَ، وَمِيْكَائِيلَ، وَإِسْرَافِيلَ، فَاطِرَ السَّمَوَاتِ وَالأَرْضِ، عَالِمَ الغَيْبِ وَالشَّهَادَةِ أَنْتَ تَحْكُمُ بَيْنَ عِبَادِكَ فِيمَا كَانُوا فِيهِ يَخْتَلِفُونَ، اهْدِنِي لِمَا اخْتُلِفَ فِيهِ مِنَ الحَقِّ بِإِذْنِكَ إِنَّكَ تَهْدِي مَنْ تَشَاءُ إِلَى صِرَاطٍ مُسْتَقيم,އައްލޯހުންމަ ރައްބަ ޖިބްރާއީލަ، ވަމީކާއީލަ، ވައިސްރާފީލަ، ފާޠިރައް ސަމާވާތި ވަލްއަރްޟި، އާލިމަލް ޣައިބި ވައްޝަހާދަތި އަންތަ ތަޙްކުމު ބައިނަ ޢިބާދިކަ ފީމާ ކާނޫ ފީހި ޔަޚްތަލިފޫން، އިހްދިނީ ލިމަޚްތުލިފަ ފީހި މިނަލް ޙައްޤި ބިއިޛްނިކަ އިންނަކަ ތަހްދީ މަން ތަޝާއު އިލާ ޞިރާޠިން މުސްތަޤީމް
«اللَّهُ أَكْبَرُ كَبِيرًَا، اللَّهُ أَكْبَرُ كَبِيرًا، اللَّهُ أَكْبَرُ كَبِيرًا، وَالحَمْدُ لِلَّهِ كَثيرًا، وَالحَمْدُ لِلَّهِ كَثيرًا، وَالحَمْدُ لِلَّهِ كَثيرًا، وَسُبْحَانَ اللَّهِ بُكْرَةً وَأَصِيلًا»,"«اللَّهُ أَكْبَرُ كَبِيرًَا، اللَّهُ أَكْبَرُ كَبِيرًا، اللَّهُ أَكْبَرُ كَبِيرًا، وَالحَمْدُ لِلَّهِ كَثيرًا، وَالحَمْدُ لِلَّهِ كَثيرًا، وَالحَمْدُ لِلَّهِ كَثيرًا، وَسُبْحَانَ اللَّهِ بُكْرَةً وَأَصِيلًا»
 މާނައީ: ""ބޮޑުވެގެންވާ ބޮޑުވުމަކުން އެންމެބޮޑީ ﷲ އެވެ. (ނުވަތަ އެންމެ ބޮޑުވެގެންވާ ތަކްބީރު ކިޔުމުން އަޅު ﷲ އަށް ތަކްބީރު ކިޔަމެވެ.) ބޮޑުވެގެންވާ ބޮޑުވުމަކުން އެންމެބޮޑީ ﷲ އެވެ. ބޮޑުވެގެންވާ ބޮޑުވުމަކުން އެންމެބޮޑީ ﷲ އެވެ. އަދި ﷲ އަށް ގިނަވެގެންވާ ޙަމްދުހުއްޓެވެ. އަދި ﷲ އަށް ގިނަވެގެންވާ ޙަމްދުހުއްޓެވެ. އަދި ﷲ އަށް ގިނަވެގެންވާ ޙަމްދުހުއްޓެވެ. އަދި ހެނދުނާއި ހަވީރު ﷲ ގެ ހުސްޠާހިރުވަންތަކަން (ޘާބިތުކޮށް އިޤުރާރުވަމެވެ.)"
اللَّهُ أَكْبَرُ كَبِيرًَا، اللَّهُ أَكْبَرُ كَبِيرًا، اللَّهُ أَكْبَرُ كَبِيرًا، وَالحَمْدُ لِلَّهِ كَثيرًا، وَالحَمْدُ لِلَّهِ كَثيرًا، وَالحَمْدُ لِلَّهِ كَثيرًا، وَسُبْحَانَ اللَّهِ بُكْرَةً وَأَصِيلًا,އައްލޯހު އަކްބަރު ކަބީރާ، އައްލޯހު އަކްބަރު ކަބީރާ، އައްލޯހު އަކްބަރު ކަބީރާ، ވަލްޙަމްދު ލިއްލާހި ކަޘީރާ، ވަލްޙަމްދު ލިއްލާހި ކަޘީރާ، ވަލްޙަމްދު ލިއްލާހި ކަޘީރާ، ވަސުބްޙާނައްލޯހި ބުކްރަތަން ވައަޞީލާ
ثَلاثًا,ތިން ފަހަރު
«أَعُوذُ بِاللَّهِ مِنَ الشَّيْطَانِ: مِنْ نَفْخِهِ، وَنَفْثِهِ، وَهَمْزِهِ»[54].,"«أَعُوذُ بِاللَّهِ مِنَ الشَّيْطَانِ: مِنْ نَفْخِهِ، وَنَفْثِهِ، وَهَمْزِهِ»
 މާނައީ: ""ޝައިތާނާގެ ކިބައިން، -އޭނާގެ ފުމުމުންނާއި (އެބަހީ: އޭނާގެ ކިބުރުވެރި ކަމުންނާއި)، އޭނާ ކުޅުޖެހުމުންނާއި (އެބަހީ: އޭނާގެ ސިޙުރުވެރިކަމުންނާއި)، އޭނާ ކޮއްޓުމުން (އެބަހީ: އޭނާގެ ވަސްވާހުން) ރައްކާތެރި ކޮށްދެއްވުމަށް އެދި ﷲ ގެ ޙަޟްރަތަށް ދަންނަވަމެވެ."" [54]."
"[54] أخرجه أبو داود (1/203) برقم (764)، وابن ماجه (1/265) برقم (807)، وأحمد (4/85) برقم (16739)، وقال شعيب الأرناؤوط في تحقيقه لمسند: ""حسن لغيره""، وقال عبد القادر الأرناؤوط في تخريجه للكلم الطيب لابن تيمية برقم (78): ""وهو حديث صحيح بشواهده""، وذكره الألباني في صحيح الكلم الطيب برقم (62)، وأخرجه مسلم عن ابن عمر رضي الله عنهما بنحوه، وفيه قصة (1/420) برقم (601).","[54] މި ޙަދީޘް ނެރުއްވީ އަބޫ ދާވޫދު 1/203 ގެ ނަމްބަރު 764 ގައި، އަދި އިބްނު މާޖާ 1/265 ގެ ނަމްބަރު 807 ގައި، އަދި އަޙްމަދު 4/85 ގެ ނަމްބަރު 16739 ގައެވެ. މުސްނަދުގެ ތަޙްޤީޤުގައި ޝުޢައިބު އަލް-އަރްނައޫޠު މީގެ ސަނަދު ""ޙަސަނު ލިޣައިރިހީ"" ކަމަށް ބުނެފައިވެއެވެ. އަދި އިބްނު ތައިމިއްޔާގެ އަލް-ކަލިމުއް-ޠައްޔިބު ފޮތުގެ ތަޚްރީޖުގައި ނަމްބަރު 78 ގައި ޢަބްދުލް-ޤާދިރު އަލް-އަރްނައޫޠު ބަޔާންކުރިއެވެ: ""އެއީ އެ ޙަދީޘަށް ހެކިދެނިވި އެހެން ޝާހިދުތަކުން ޞައްޙަ ޙަދީޘެކެވެ."" އަދި އަލް-އަލްބާނީ، ޞަޙީޙުލް-ކަލިމުއް-ޠައްޔިބުގައި، ނަމްބަރު 62 ގައި އެ ޙަދީޘް ޛިކުރުކުރެއްވިއެވެ. އަދި މުސްލިމް، އިބްނު ޢުމަރު رضي الله عنهما ގެ އަރިހުން އެފަދަ ޙަދީޘެއް ނެރުއްވިއެވެ. އަދި އޭގައި ވާހަކައެއްވެސް އައިސްފައިވެއެވެ. އެއީ 1/420 ގެ ނަމްބަރު 601 ގައެވެ."
أَعُوذُ بِاللَّهِ مِنَ الشَّيْطَانِ: مِنْ نَفْخِهِ، وَنَفْثِهِ، وَهَمْزِه,އަޢޫޛު ބިއްލާހި މިނައް ޝައިޠާނި: މިން ނަފްޚިހީ، ވަނަފްޘިހީ، ވަހަމްޒިހް
«اللَّهُمَّ لَكَ الحَمْدُ[55]، أَنْتَ نُورُ السَّمَوَاتِ وَالأَرْضِ وَمَنْ فِيهِنَّ، وَلَكَ الحَمْدُ أَنْتَ قَيِّمُ السَّمَوَاتِ وَالأَرْضِ وَمَنْ فِيهِنَّ، [وَلَكَ الحَمْدُ أَنْتَ رَبُّ السَّمَوَاتِ وَالأَرْضِ وَمَنْ فِيهِنَّ] [وَلَكَ الحَمْدُ لَكَ مُلْكُ السَّمَوَاتِ وَالأَرْضِ وَمَنْ فِيهِنَّ] [وَلَكَ الحَمْدُ أَنْتَ مَلِكُ السَّمَوَاتِ وَالأَرْضِ] [وَلَكَ الحَمْدُ] [أَنْتَ الحَقُّ، وَوَعْدُكَ الحَقُّ، وَقَوْلُكَ الحَقُّ، وَلِقاؤُكَ الحَقُّ، وَالجَنَّةُ حَقٌّ، وَالنَّارُ حَقٌّ، وَالنَّبِيُّونَ حَقٌّ، وَمحَمَّدٌ ﷺ حَقٌّ، وَالسَّاعَةُ حَقٌّ] [اللَّهُمَّ لَكَ أَسْلَمتُ، وَعَلَيْكَ تَوَكَّلْتُ، وَبِكَ آمَنْتُ، وَإِلَيْكَ أَنَبْتُ، وَبِكَ خاصَمْتُ، وَإِلَيْكَ حاكَمْتُ. فَاغْفِرْ لِي مَا قَدَّمْتُ، وَمَا أَخَّرْتُ، وَمَا أَسْرَرْتُ، وَمَا أَعْلَنْتُ] [وَمَا أَنْتَ أَعْلَمُ بِهِ مِنِّي] [أَنْتَ المُقَدِّمُ، وَأَنْتَ المُؤَخِّرُ لَا إِلَهَ إِلَّا أَنْتَ] [أَنْتَ إِلَهِي لَا إِلَهَ إِلَّا أَنْتَ] [وَلَا حَوْلَ وَلَا قُوَّةَ إِلَّا بِاللَّهِ]»[56].,"«اللَّهُمَّ لَكَ الحَمْدُ، أَنْتَ نُورُ السَّمَوَاتِ وَالأَرْضِ وَمَنْ فِيهِنَّ، وَلَكَ الحَمْدُ أَنْتَ قَيِّمُ السَّمَوَاتِ وَالأَرْضِ وَمَنْ فِيهِنَّ، [وَلَكَ الحَمْدُ أَنْتَ رَبُّ السَّمَوَاتِ وَالأَرْضِ وَمَنْ فِيهِنَّ] [وَلَكَ الحَمْدُ لَكَ مُلْكُ السَّمَوَاتِ وَالأَرْضِ وَمَنْ فِيهِنَّ] [وَلَكَ الحَمْدُ أَنْتَ مَلِكُ السَّمَوَاتِ وَالأَرْضِ] [وَلَكَ الحَمْدُ] [أَنْتَ الحَقُّ، وَوَعْدُكَ الحَقُّ، وَقَوْلُكَ الحَقُّ، وَلِقاؤُكَ الحَقُّ، وَالجَنَّةُ حَقٌّ، وَالنَّارُ حَقٌّ، وَالنَّبِيُّونَ حَقٌّ، وَمحَمَّدٌ ﷺ حَقٌّ، وَالسَّاعَةُ حَقٌّ] [اللَّهُمَّ لَكَ أَسْلَمتُ، وَعَلَيْكَ تَوَكَّلْتُ، وَبِكَ آمَنْتُ، وَإِلَيْكَ أَنَبْتُ، وَبِكَ خاصَمْتُ، وَإِلَيْكَ حاكَمْتُ. فَاغْفِرْ لِي مَا قَدَّمْتُ، وَمَا أَخَّرْتُ، وَمَا أَسْرَرْتُ، وَمَا أَعْلَنْتُ] [وَمَا أَنْتَ أَعْلَمُ بِهِ مِنِّي] [أَنْتَ المُقَدِّمُ، وَأَنْتَ المُؤَخِّرُ لَا إِلَهَ إِلَّا أَنْتَ] [أَنْتَ إِلَهِي لَا إِلَهَ إِلَّا أَنْتَ] [وَلَا حَوْلَ وَلَا قُوَّةَ إِلَّا بِاللَّهِ]»
 މާނައީ: ""އޭ ﷲ އެވެ! އިބައިލާހަށް ޙަމްދުހުއްޓެވެ. [55] އިބައިލާހީ އުޑުތަކާއި، ބިމާއި އަދި އެ ތަންތަނުގައި ވާހައި ބައެއްގެ ނޫރެވެ. އަދި އިބައިލާހަށް ޙަމްދުހުއްޓެވެ. އިބައިލާހީ އުޑުތަކާއި، ބިމާއި އަދި އެ ތަންތަނުގައި ވާހައި ބައެއް ބެލެހެއްޓެވުމުގައި ޤާއިމުވެވޮޑިގެންވާ އިލާހެވެ. އަދި އިބައިލާހަށް ޙަމްދުހުއްޓެވެ. އިބައިލާހީ އުޑުތަކާއި، ބިމާއި އަދި އެ ތަންތަނުގައި ވާހައި ބައެއްގެ ރައްބެވެ. އަދިވެސް އިބައިލާހަށް ޙަމްދުހުއްޓެވެ. އިބައިލާހަށް އުޑުތަކާއި ބިމާއި އެތަންތަނުގައި ވާހާ އެއްޗެއްގެ މިލްކުވެރިކަން ލިބިވޮޑިގެންވެއެވެ. އަދިވެސް އިބައިލާހަށް ޙަމްދުހުއްޓެވެ. އިބައިލާހީ އުޑުތަކާއި ބިމުގެ ރަސްވަންތަ އިލާހެވެ. އަދިވެސް އިބައިލާހަށް ޙަމްދުހުއްޓެވެ. އިބައިލާހީ ޙައްޤެވެ. އަދި އިބައިލާހުގެ ވަޢުދުފުޅުވެސް ޙައްޤުވެގެންވެއެވެ. އަދި އިބައިލާހުގެ ބަސްފުޅަކީވެސް ޙައްޤެވެ. އަދި އިބައިލާހާ ބައްދަލުކުރުމަކީވެސް ޙައްޤެވެ. އަދި ސުވަރުގެއަކީ ޙައްޤެކެވެ. އަދި ނަރަކައަކީ ޙައްޤެކެވެ. އަދި ނަބިއްޔުންނަކީވެސް ޙައްޤެވެ. އަދި މުޙައްމަދު ﷺ އީ ޙައްޤެވެ. އަދި ޤިޔާމަތްވެސް ޙައްޤުވެގެންވެއެވެ. އޭ ﷲ އެވެ! މި އަޅާ ހަމައެކަނި އިބައިލާހަށް ބޯލަނބާ ކިޔަމަންވެއްޖައީމެވެ. އަދި ހަމައެކަނި އިބައިލާހާ މި އަޅާގެ ކަންތައްތައް ޙަވާލުކޮށް ވަކީލުކޮށްފީމެވެ. އަދި އިބައިލާހަށް އީމާންވެ، އިބައިލާހަށް ރުޖޫޢަވެއްޖައީމެވެ. (އެބަހީ: ތައުބާ ވެއްޖައީމެވެ.) އަދި އިބައިލާހު މެދުވެރިކޮށް (އެއިލާހުގެ ވާގިފުޅާއި އެހީތެރިކަމާއެކު ދުޝްމަނުންނާ) ދެކޮޅަށް ދިމާކުރަމެވެ. އަދި ހަމައެކަނި އިބަ އިލާހުގެ ޙަޟްރަތަށް މިއަޅާ ޙުކުމް އުފުލަމެވެ. ފަހެ މި އަޅާ އިސްކުޅަހާ ފާފަތަކާއި، ފަސްކުރިހާ ފާފައަކާއި، ސިއްރުކުރިހާ ފާފައަކާއި، އިޢުލާނުކޮށް ހާމަކޮށްކުރިހާ ފާފައެއްވެސް ފުއްސަވާށިއެވެ! އަދި މިއަޅާގެ ފުށުން އެކަންކަން އިބައިލާހު މޮޅަށް ދެނެވޮޑިގެންވާ ފާފަތައްވެސް ފުއްސަވާށިއެވެ. އިސްކުރައްވާ ފަރާތަކީ އިބައިލާހެވެ. އަދި ފަސްކުރައްވާ ފަރާތަކީވެސް އިބައިލާހެވެ. އިބައިލާހު ފިޔަވައި ޙައްޤުވެގެން އަޅުކަންވެވޭ އިިލާހަކު ނުވެއެވެ. އިބަ ﷲ އީ މި އަޅާގެ އިލާހެވެ. އިބައިލާހު ފިޔަވައި ޙައްޤުވެގެން އަޅުކަންވެވޭ އެހެން އެއްވެސް އިލާހަކު ނުވެއެވެ. އަދި އެއްވެސް އާރަކާއި ބާރެއް ﷲ ގެ ޙަޟްރަތުން މެނުވީ ނުވެއެވެ."" [56]."
[55] كان النبي ﷺ يقوله إذا قام من الليل يتهجد.,[55] ނަބިއްޔާ ﷺ ތަހައްޖުދުކޮށް ރޭއަޅުކަން ކުރައްވަން ރޭގަނޑު ތެދުވެވަޑައިގަންނަވާހިނދު އެހެން ކިޔުއްވައެވެ.
[56] البخاري مع الفتح (3/3) و(11/116) و(13/371) برقم (423) و(465) و(1120) و(6317) و(7385) و(7442) و(7499)، ومسلم مختصرًا بنحوه (1/532) برقم (769).,[56] ރިވާކުރެއްވީ އަލް-ބުޚާރީ، ފަތުޙުލް-ބާރީއާއެކުވާ ފޮތުގެ 3/3 އަދި 11/116 ގެ ނަމްބަރު 423، 465، 1120، 6317، 7385، 7442، އަދި 7499 ގައި، އަދި މުސްލިމް ކުރުކޮށް އެފަދަ ޙަދީޘެއް 1/532 ގެ ނަމްބަރު 769 ގައި ރިވާކުރެއްވިއެވެ.
اللَّهُمَّ لَكَ الحَمْدُ، أَنْتَ نُورُ السَّمَوَاتِ وَالأَرْضِ وَمَنْ فِيهِنَّ، وَلَكَ الحَمْدُ أَنْتَ قَيِّمُ السَّمَوَاتِ وَالأَرْضِ وَمَنْ فِيهِنَّ، [وَلَكَ الحَمْدُ أَنْتَ رَبُّ السَّمَوَاتِ وَالأَرْضِ وَمَنْ فِيهِنَّ] [وَلَكَ الحَمْدُ لَكَ مُلْكُ السَّمَوَاتِ وَالأَرْضِ وَمَنْ فِيهِنَّ] [وَلَكَ الحَمْدُ أَنْتَ مَلِكُ السَّمَوَاتِ وَالأَرْضِ] [وَلَكَ الحَمْدُ] [أَنْتَ الحَقُّ، وَوَعْدُكَ الحَقُّ، وَقَوْلُكَ الحَقُّ، وَلِقاؤُكَ الحَقُّ، وَالجَنَّةُ حَقٌّ، وَالنَّارُ حَقٌّ، وَالنَّبِيُّونَ حَقٌّ، وَمحَمَّدٌ ﷺ حَقٌّ، وَالسَّاعَةُ حَقٌّ] [اللَّهُمَّ لَكَ أَسْلَمتُ، وَعَلَيْكَ تَوَكَّلْتُ، وَبِكَ آمَنْتُ، وَإِلَيْكَ أَنَبْتُ، وَبِكَ خاصَمْتُ، وَإِلَيْكَ حاكَمْتُ. فَاغْفِرْ لِي مَا قَدَّمْتُ، وَمَا أَخَّرْتُ، وَمَا أَسْرَرْتُ، وَمَا أَعْلَنْتُ] [وَمَا أَنْتَ أَعْلَمُ بِهِ مِنِّي] [أَنْتَ المُقَدِّمُ، وَأَنْتَ المُؤَخِّرُ لَا إِلَهَ إِلَّا أَنْتَ] [أَنْتَ إِلَهِي لَا إِلَهَ إِلَّا أَنْتَ] [وَلَا حَوْلَ وَلَا قُوَّةَ إِلَّا بِاللَّه],އައްލޯހުންމަ ލަކަލް ޙަމްދު، އަންތަ ނޫރުއްސަމާވާތި ވަލްއަރްޟި ވަމަން ފީހިންނަ، ވަލަކަލް ޙަމްދު އަންތަ ޤައްޔިމުއް ސަމާވާތި ވަލްއަރްޟި ވަމަން ފީހިންނަ، ވަލަކަލް ޙަމްދު އަންތަ ރައްބުއް ސަމާވާތި ވަލްއަރްޟި ވަމަން ފީހިންނަ، ވަލަކަލް ޙަމްދު ލަކަ މުލްކުއް ސަމާވާތި ވަލްއަރްޟި ވަމަން ފީހިންނަ، ވަލަކަލް ޙަމްދު އަންތަ މަލިކުއް ސަމާވާތި ވަލްއަރްޟި، ވަލަކަލް ޙަމްދު، އަންތަލް ޙައްޤު، ވަވަޢުދުކަލް ޙައްޤު، ވަޤައުލުކަލް ޙައްޤު، ވަލިޤާއުކަލް ޙައްޤު، ވަލްޖައްނަތު ޙައްޤުން، ވަންނާރު ޙައްޤުން، ވަންނަބިއްޔޫނަ ޙައްޤުން، ވަމުޙައްމަދުން ޞައްލައްލޯހު ޢަލައިހި ވަސައްލަމަ ޙައްޤުން، ވައްސާޢަތު ޙައްޤުން، އައްލޯހުންމަ ލަކަ އަސްލަމްތު، ވަޢަލައިކަ ތަވައްކަލްތު، ވަބިކަ އާމަންތު، ވައިލައިކަ އަނަބްތު، ވަބިކަ ޚާޞަމްތު، ވައިލައިކަ ޙާކަމްތު. ފަޣްފިރް ލީ މާ ޤައްދަމްތު، ވަމާ އައްޚަރްތު، ވަމާ އަސްރަރްތު، ވަމާ އަޢުލަންތު، ވަމާ އަންތަ އަޢުލަމު ބިހީ މިންނީ، އަންތަލް މުޤައްދިމު، ވައަންތަލް މުއައްޚިރު، ލާ އިލާހަ އިއްލާ އަންތަ، އަންތަ އިލާހީ ލާ އިލާހަ އިއްލާ އަންތަ، ވަލާ ޙައުލަ ވަލާ ޤުއްވަތަ އިއްލާ ބިއްލާހް.
17. دُعَاءُ الرُّكُوعِ,17. ރުކޫޢުގައި ކިޔާ ދުޢާ
«سُبْحانَ رَبِّيَ العَظِيمِ».,"«سُبْحانَ رَبِّيَ العَظِيمِ». 
 މާނައީ: ""މިއަޅާގެ މަތިވެރި ރައްބުގެ ޙުސްޠާހިރުވަންތަކަމާއެވެ."""
سُبْحانَ رَبِّيَ العَظِيم,ސުބްޙާނަ ރައްބިޔަލް ޢަޡީމް
ثلاث مرَّاتٍ[57].,ތިންފަހަރު އެވެ. [57].
[57] أخرجه أهل السنن، وأحمد: أبو داود برقم (870)، والترمذي برقم (262)، والنسائي برقم (1007)، وابن ماجه برقم (897)، وأحمد برقم (3514)، وانظر: صحيح الترمذي (1/83).,[57] މި ޙަދީޘް ނެރުއްވީ ސުނަނު ފޮތްތަކުގެ އަހުލުވެރިންނާއި އަޙްމަދެވެ: އަބޫ ދާވޫދު ނަމްބަރު 870 ގައި، އަދި އައް-ތިރްމިޛީ ނަމްބަރު 262 ގައި، އަދި އައް-ނަސާއީ ނަމްބަރު 1007 ގައި، އަދި އިބްނު މާޖާ ނަމްބަރު 897 ގައި، އަދި އަޙްމަދު ނަމްބަރު 3514 ގައެވެ. އަދި ޞަޙީޙުއް-ތިރްމިޛީގެ 1/83 ބައްލަވާށެވެ.
«سُبْحَانَكَ اللَّهُمَّ رَبَّنَا وَبِحَمْدِكَ، اللَّهُمَّ اغْفِرْ لِي»[58].,"«سُبْحَانَكَ اللَّهُمَّ رَبَّنَا وَبِحَمْدِكَ، اللَّهُمَّ اغْفِرْ لِي»
 މާނައި: ""އިބަ އިލާހުގެ ހުސްޠާހިރުވަންތަކަމާއެވެ! އޭ ﷲ އެވެ! އަޅަމެންގެ ވެރި ރައްބެވެ! އިބަ އިލާހަށް އެންމެހާ ޙަމްދެއް ކުރުމާއެކުގައެވެ. އޭ ﷲ އެވެ! މިއަޅާއަށް (ފާފަ) ފުއްސަވާށިއެވެ!"" [58]."
[58] البخاري (1/ 99) برقم (794)، ومسلم (1/ 350) برقم (484).,[58] ރިވާކުރެއްވީ އަލް-ބުޚާރީ 99/1 ގެ ނަމްބަރު 794 ގައި، އަދި މުސްލިމް 350/1 ގެ ނަމްބަރު 484 ގައެވެ.
سُبْحَانَكَ اللَّهُمَّ رَبَّنَا وَبِحَمْدِكَ، اللَّهُمَّ اغْفِرْ لِي,ސުބްޙާނަކައްލޯހުންމަ ރައްބަނާ ވަބިޙަމްދިކަ، އައްލޯހުންމަޣްފިރް ލީ
«سُبُّوُحٌ، قُدُّوسٌ، رَبُّ المَلَائِكَةِ وَالرُّوحِ» [59].,"«سُبُّوُحٌ، قُدُّوسٌ، رَبُّ المَلَائِكَةِ وَالرُّوحِ»
 މާނައީ: ""ހުރިހާ އުނި ޞިފަތަކާއި ޢައިބުތަކުން ހުސްޠާހިރުވެގެންވާ އިލާހެވެ. ހުރިހާ ބަރަކާތްތެރި މާތް ޞިފަތައް ލިބިވޮޑިގެންވާ، އުނިކަމުން ހުސްދުރުވެގެންވާ މުޤައްދަސް އިލާހެވެ. މަލާއިކަތުންނާއި ރޫޙުގެ (ޖިބްރީލްގެ) ވެރި ރައްބެވެ."" [59]."
[59] مسلم (1/ 353) برقم (487)، وأبو داود (1/ 230) برقم (872).,[59] މި ޙަދީޘް ރިވާކުރެއްވީ މުސްލިމް 353/1 ގެ ނަމްބަރު 487 ގައި، އަދި އަބޫ ދާވޫދު 230/1 ގެ ނަމްބަރު 872 ގައެވެ.
سُبُّوُحٌ، قُدُّوسٌ، رَبُّ المَلَائِكَةِ وَالرُّوح,ސުއްބޫޙުން، ޤުއްދޫސުން، ރައްބުލް މަލާއިކަތި ވައްރޫޙް
«اللَّهُمَّ لَكَ رَكَعْتُ، وَبِكَ آمَنْتُ، وَلَكَ أَسْلَمْتُ، خَشَعَ لَكَ سَمْعِي، وَبَصَرِي، وَمُخِّي، وَعَظْمِي، وَعَصَبِي، [وَمَا استَقَلَّتْ بِهِ قَدَمِي]»[60].,"«اللَّهُمَّ لَكَ رَكَعْتُ، وَبِكَ آمَنْتُ، وَلَكَ أَسْلَمْتُ، خَشَعَ لَكَ سَمْعِي، وَبَصَرِي، وَمُخِّي، وَعَظْمِي، وَعَصَبِي، [وَمَا استَقَلَّتْ بِهِ قَدَمِي]»
 މާނައީ: ""އޭ ﷲ އެވެ! މި އަޅާ ހަމައެކަނި އިބައިލާހަށް ރުކޫޢުކޮށްފީމެވެ. އަދި އިބައިލާހަށް އީމާންވެ، އިބައިލާހަށް އިސްލާމްވެ ކިޔަމަންވެއްޖައީމެވެ. މި އަޅާގެ އިވުމާއި، ފެނުމާއި، މި އަޅާގެ ސިކުނޑިއާއި، މި އަޅާގެ ކައްޓާއި ނާރުތަކާއި، އަދި މި އަޅާގެ ފައިތިލަ އުފުއްލައިދިން އެއްޗެއް (އެބަހީ މުޅި ހަށިގަނޑު) އިބައިލާހަށް މަޑުމޮޅިވެ ޚުޝޫޢަތްތެރިވެއްޖެއެވެ."" [60]."
[60] مسلم (1/ 534) برقم (771)، والأربعة إلا ابن ماجه: أبو داود برقم (760) و(761)، والترمذي برقم (3421)، والنسائي برقم (1049)، وما بين المعقوفين لفظ ابن خزيمة برقم (607)، وابن حبان برقم (1901).,[60] ރިވާކުރެއްވީ މުސްލިމް 534/1 ގެ ނަމްބަރު 771 ގައި، އަދި އިބްނު މާޖާ ފިޔަވައި ސުނަނުގެ ހަތަރު ބޭކަލުންވެސްމެއެވެ: އަބޫ ދާވޫދު ނަމްބަރު 760 އަދި 761 ގައި، އަދި އައް-ތިރްމިޛީ ނަމްބަރު 3421 ގައި، އަދި އައް-ނަސާއީ ނަމްބަރު 1049 ގައެވެ. އަދި ބުރެކެޓްގައިވާ ލަފްޒަކީ، އިބްނު ޚުޒައިމާ ނަމްބަރު 607 ގައި، އަދި އިބްނު ޙިއްބާނު ނަމްބަރު 1901 ގައި ނެރުއްވި ލަފްޒެކެވެ.
اللَّهُمَّ لَكَ رَكَعْتُ، وَبِكَ آمَنْتُ، وَلَكَ أَسْلَمْتُ، خَشَعَ لَكَ سَمْعِي، وَبَصَرِي، وَمُخِّي، وَعَظْمِي، وَعَصَبِي، [وَمَا استَقَلَّتْ بِهِ قَدَمِي],އައްލޯހުންމަ ލަކަ ރަކަޢްތު، ވަބިކަ އާމަންތު، ވަލަކަ އަސްލަމްތު، ޚަޝަޢަ ލަކަ ސަމްޢީ، ވަބަޞަރީ، ވަމުއްޚީ، ވަޢަޡްމީ، ވަޢަޞަބީ، ވަމަސް ތަޤައްލަތު ބިހީ ޤަދަމީ
«سُبْحَانَ ذِي الجَبَرُوتِ، وَالمَلَكُوتِ، وَالكِبْرِيَاءِ، وَالعَظَمَةِ»[61].,"«سُبْحَانَ ذِي الجَبَرُوتِ، وَالمَلَكُوتِ، وَالكِبْرِيَاءِ، وَالعَظَمَةِ»
 މާނައީ: ""ގަދަފަދަކަމާއި، ރަސްކަމާއި، ކިބުރިޔާވަންތަ ބޮޑުކަމާއި، އަރަހުށި މަތިވެރިކަމުގެ ވެރި އިލާހުގެ ހުސްޠާހިރުވަންތަކަމާއެވެ!"" [61]."
[61] أبو داود (1/230) برقم (873)، والنسائي برقم (1131)، وأحمد برقم (23980)، وإسناده حسن.,[61] ރިވާކުރެއްވީ އަބޫ ދާވޫދު 1/230 ގެ ނަމްބަރު 873 ގައި، އަދި އައް-ނަސާއީ ނަމްބަރު 1131 ގައި، އަދި އަޙްމަދު ނަމްބަރު 23980 ގައެވެ. އަދި އެ ޙަދީޘްގެ ސަނަދު ޙަސަނު ދަރަޖައެވެ.
سُبْحَانَ ذِي الجَبَرُوتِ، وَالمَلَكُوتِ، وَالكِبْرِيَاءِ، وَالعَظَمَة,ސުބްޙާނަ ޛިލްޖަބަރޫތި، ވަލްމަލަކޫތި، ވަލްކިބްރިޔާއި، ވަލްޢަޡަމަހް
18. دُعَاءُ الرَّفْعِ مِنَ الرُّكُوعِ,18. ރުކޫޢުން ތެދުވާއިރު ކިޔާ ދުޢާ
«سَمِعَ اللَّهُ لِمَنْ حَمِدَهُ»[62].,"«سَمِعَ اللَّهُ لِمَنْ حَمِدَهُ»
 މާނައީ: ""ﷲ، އެ އިލާހަށް ޙަމްދުކުރި މީހާގެ އަޑުއައްސަވައިފިއެވެ."" [62]."
[62] البخاري مع الفتح (2/282) برقم (796).,[62] ރިވާކުރެއްވީ އަލް-ބުޚާރީ، ފަތުޙުލް-ބާރީއާއެކުވާ ފޮތުގެ 2/282 ގެ ނަމްބަރު 796 ގައެވެ.
سَمِعَ اللَّهُ لِمَنْ حَمِدَه,ސަމިޢައްލޯހު ލިމަން ޙަމިދަހް
«رَبَّنَا وَلَكَ الحَمْدُ، حَمْدًا كَثيرًا طَيِّبًا مُبارَكًا فِيهِ»[63].,"«رَبَّنَا وَلَكَ الحَمْدُ، حَمْدًا كَثيرًا طَيِّبًا مُبارَكًا فِيهِ»
 މާނައި: ""އަޅަމެންގެ ރައްބެވެ! އަދި ގިނަގުނަވެގެންވާ، ހެޔޮވެގެންވާ، އޭގައި ބަރަކާތް ހުރި ޙަމްދަކުން އިބަ އިލާހަށް ޙަމްދު ހުއްޓެވެ."" [63]."
[63] البخاري مع الفتح (2/284) برقم (796).,[63] ރިވާކުރެއްވީ އަލް-ބުޚާރީ، ފަތުޙުލް-ބާރީއާއެކުވާ ފޮތުގެ 2/284 ގެ ނަމްބަރު 796 ގައެވެ.
رَبَّنَا وَلَكَ الحَمْدُ، حَمْدًا كَثيرًا طَيِّبًا مُبارَكًا فِيه,ރައްބަނާ ވަލަކަލް ޙަމްދު، ޙަމްދަން ކަޘީރަން ޠައްޔިބަން މުބާރަކަން ފީހް
«مِلْءَ السَّمَوَاتِ وَمِلْءَ الأَرْضِ، وَمَا بَيْنَهُمَا، وَمِلْءَ مَا شِئْتَ مِنْ شَيءٍ بَعْدُ. أَهلَ الثَّناءِ وَالمَجْدِ، أَحَقُّ مَا قَالَ العَبْدُ، وَكُلُّنَا لَكَ عَبْدٌ، اللَّهُمَّ لَا مَانِعَ لِمَا أَعْطَيْتَ، وَلَا مُعْطِيَ لِمَا مَنَعْتَ، وَلَا يَنْفَعُ ذَا الجَدِّ مِنْكَ الجَدُّ»[64].,"«مِلْءَ السَّمَوَاتِ وَمِلْءَ الأَرْضِ، وَمَا بَيْنَهُمَا، وَمِلْءَ مَا شِئْتَ مِنْ شَيءٍ بَعْدُ. أَهلَ الثَّناءِ وَالمَجْدِ، أَحَقُّ مَا قَالَ العَبْدُ، وَكُلُّنَا لَكَ عَبْدٌ، اللَّهُمَّ لَا مَانِعَ لِمَا أَعْطَيْتَ، وَلَا مُعْطِيَ لِمَا مَنَعْتَ، وَلَا يَنْفَعُ ذَا الجَدِّ مِنْكَ الجَدُّ»
 މާނައީ: ""އުޑު ފުރޭވަރަށް، އަދި ބިމާއި، އެ ދެމެދުގައިވާހާ އެއްޗެއް ފުރޭވަރަށް، އަދި އެއަށްފަހުވެސް އިބައިލާހު އިރާދަކުރެއްވި އެއްޗެއް ފުރޭވަރަށް އިބައިލާހަށް ޙަމްދު ހުއްޓެވެ. އިބައިލާހުއީ ހުރިހާ ޘަނާއެއް ކިޔި، މަތިވެރިކުރެވުން އެންމެ ޙައްޤު އިލާހެވެ. އަޅާ ކިޔާ އެންމެ ޙައްޤު ބަސްތަކަކީ -އަދި އަޅަމެން އެންމެންނަކީ އިބައިލާހަށްވާ އަޅުންނެވެ.- (އެބަސްތަކަކީ): އޭ ﷲ އެވެ! އިބައިލާހު ދެއްވި އެއްޗެއް މަނާކުރާނޭ ފަރާތެއް ނުވެއެވެ. އަދި އިބައިލާހު މަނާކުރެއްވި އެއްޗެއް ދޭނޭ ފަރާތެއްވެސް ނުވެއެވެ. އަދި އެއްވެސް މަތިވެރި މޮޅުކަމެއްގެ ވެރިޔަކަށް އިބައިލާހުގެ ކިބައިން އެމަތިވެރިކަމަކުން ފައިދާއެއް ނުކުރާނެއެވެ."" [64]."
[64] مسلم (1/ 346) برقم (477).,[64] ރިވާކުރެއްވީ މުސްލިމް 346/1 ގެ ނަމްބަރު 477 ގައެވެ.
مِلْءَ السَّمَوَاتِ وَمِلْءَ الأَرْضِ، وَمَا بَيْنَهُمَا، وَمِلْءَ مَا شِئْتَ مِنْ شَيءٍ بَعْدُ. أَهلَ الثَّناءِ وَالمَجْدِ، أَحَقُّ مَا قَالَ العَبْدُ، وَكُلُّنَا لَكَ عَبْدٌ، اللَّهُمَّ لَا مَانِعَ لِمَا أَعْطَيْتَ، وَلَا مُعْطِيَ لِمَا مَنَعْتَ، وَلَا يَنْفَعُ ذَا الجَدِّ مِنْكَ الجَد,މިލްއައް ސަމާވާތި ވަމިލްއަލް އަރްޟި، ވަމާ ބައިނަހުމާ، ވަމިލްއަ މާ ޝިއުތަ މިން ޝައިއިން ބަޢުދު. އަހްލައް ޘަނާއި ވަލްމަޖްދް، އަޙައްޤު މާ ޤާލަލް ޢަބްދު، ވަކުއްލުނާ ލަކަ ޢަބްދް، އައްލޯހުންމަ ލާ މާނިޢަ ލިމާ އަޢުޠައިތަ، ވަލާ މުޢުޠިޔަ ލިމާ މަނަޢްތަ، ވަލާ ޔަންފަޢު ޛަލްޖައްދި މިންކަލްޖައްދް.
19. دُعَاءُ السُّجُودِ,19. ސަޖިދާގައި ކިޔާ ދުޢާ
«سُبْحَانَ رَبِّيَ الأَعْلَى»,"«سُبْحَانَ رَبِّيَ الأَعْلَى»
 މާނައީ: ""އެންމެ އުހުގައި މަތީގައިވާ އަޅުގެ ރައްބުގެ ހުސްޠާހިރުވަންތަކަމާއެވެ."""
سُبْحَانَ رَبِّيَ الأَعْلَى,ސުބްޙާނަ ރައްބިޔަލް އަޢްލާ
ثَلاثَ مَرَّاتٍ[65].,ތިންފަހަރު. [65].
[65] أخرجه أهل السنن، وأحمد: أبو داود برقم (870)، والترمذي برقم (262)، والنسائي برقم (1007)، وابن ماجه برقم (897)، وأحمد برقم (3514)، وانظر: صحيح الترمذي (1/83).,[65] މި ޙަދީޘް ނެރުއްވީ ސުނަނު ފޮތްތަކުގެ އަހުލުވެރިންނާއި އަޙްމަދެވެ: އަބޫ ދާވޫދު ނަމްބަރު 870 ގައި، އަދި އައް-ތިރްމިޛީ ނަމްބަރު 262 ގައި، އަދި އައް-ނަސާއީ ނަމްބަރު 1007 ގައި، އަދި އިބްނު މާޖާ ނަމްބަރު 897 ގައި، އަދި އަޙްމަދު ނަމްބަރު 3514 ގައެވެ. އަދި ޞަޙީޙުއް-ތިރްމިޛީގެ 1/83 ބައްލަވާށެވެ.
«سُبْحَانَكَ اللَّهُمَّ رَبَّنَا وَبِحَمْدِكَ، اللَّهُمَّ اغْفِرْ لِي» [66].,"«سُبْحَانَكَ اللَّهُمَّ رَبَّنَا وَبِحَمْدِكَ، اللَّهُمَّ اغْفِرْ لِي»
 މާނައި: ""އިބަ އިލާހުގެ ހުސްޠާހިރުވަންތަކަމާއެވެ! އޭ ﷲ އެވެ! އަޅަމެންގެ ވެރި ރައްބެވެ! އިބަ އިލާހަށް އެންމެހާ ޙަމްދެއް ކުރުމާއެކުގައެވެ. އޭ ﷲ އެވެ! މިއަޅާއަށް ފާފަ ފުއްސަވާށިއެވެ!"" [66]."
[66] البخاري برقم (794)، ومسلم برقم (484)، وتقدم برقم (34).,[66] ރިވާކުރެއްވީ އަލް-ބުޚާރީ ނަމްބަރު 794 ގައި، އަދި މުސްލިމް ނަމްބަރު 484 ގައެވެ. އަދި [34] ވަނަ ނަމްބަރުގެ ފުޓްނޯޓުގައި އިސްވެގޮސްފިއެވެ.
سُبْحَانَكَ اللَّهُمَّ رَبَّنَا وَبِحَمْدِكَ، اللَّهُمَّ اغْفِرْ لِي,ސުބްޙާނަކައްލޯހުންމަ ރައްބަނާ ވަބިޙަމްދިކަ، އައްލޯހުންމަޣްފިރް ލީ
«سُبُّوحٌ، قُدُّوسٌ، رَبُّ المَلَائِكَةِ وَالرُّوحِ» [67].,"«سُبُّوحٌ، قُدُّوسٌ، رَبُّ المَلَائِكَةِ وَالرُّوحِ»
 މާނައީ: ""ހުރިހާ އުނި ޞިފަތަކާއި ޢައިބުތަކުން ހުސްޠާހިރުވެގެންވާ އިލާހެވެ. ހުރިހާ ބަރަކާތްތެރި މާތް ޞިފަތައް ލިބިވޮޑިގެންވާ، އުނިކަމުން ހުސްދުރުވެގެންވާ އިލާހެވެ. މަލާއިކަތުންނާއި ރޫޙުގެ (ޖިބްރީލްގެ) ވެރި ރައްބެވެ."" [67]."
[67] مسلم (1/533) برقم (487)، وأبو داود برقم (872) وتقدم برقم (35).,[67] މި ޙަދީޘް ރިވާކުރެއްވީ މުސްލިމް ނަމްބަރު 487 ގައި، އަދި އަބޫ ދާވޫދު ނަމްބަރު 872 ގައެވެ. އަދި [35] ވަނަ ނަމްބަރުގެ ފުޓްނޯޓުގައި އިސްވެގޮސްފިއެވެ.
سُبُّوحٌ، قُدُّوسٌ، رَبُّ المَلَائِكَةِ وَالرُّوح,ސުއްބޫޙުން، ޤުއްދޫސުން، ރައްބުލް މަލާއިކަތި ވައްރޫޙް
«اللَّهُمَّ لَكَ سَجَدْتُ وَبِكَ آمَنْتُ، وَلَكَ أَسْلَمْتُ، سَجَدَ وَجْهِيَ لِلَّذِي خَلَقَهُ، وَصَوَّرَهُ، وَشَقَّ سَمْعَهُ وَبَصَرَهُ، تَبَارَكَ اللَّهُ أَحْسَنُ الخَالِقِينَ»[68].,"«اللَّهُمَّ لَكَ سَجَدْتُ وَبِكَ آمَنْتُ، وَلَكَ أَسْلَمْتُ، سَجَدَ وَجْهِيَ لِلَّذِي خَلَقَهُ، وَصَوَّرَهُ، وَشَقَّ سَمْعَهُ وَبَصَرَهُ، تَبَارَكَ اللَّهُ أَحْسَنُ الخَالِقِينَ»
 މާނައީ: ""އޭ ﷲ އެވެ! މި އަޅާ ހަމައެކަނި އިބައިލާހަށް ސަޖިދަކޮށްފީމެވެ. އަދި އިބައިލާހަށް އީމާންވެ، އިބައިލާހަށް އިސްލާމްވެ ކިޔަމަންވެއްޖައީމެވެ. މި އަޅާގެ މޫނު އުފައްދަވާ، ބުރުސޫރަކުރައްވާ، އެމޫނުގެ އިވުމާއި ފެނުން ފަޅުއްވާ ލެއްވި އިލާހަށް މި އަޅާގެ މޫނު ސަޖިދަކޮށްފިއެވެ. އެންމެ ރިވެތިކޮށް ޚަލްޤުކުރައްވާ ﷲ ބަރަކާތްތެރިވެވޮޑިގެންެފިއެވެ."" [68]."
[68] مسلم (1/534) برقم (771)، وغيره.,[68] ރިވާކުރެއްވީ މުސްލިމް 1/534 ގެ ނަމްބަރު 771 ގައެވެ. އަދި އެހެން ބޭކަލުންވެސްމެއެވެ.
اللَّهُمَّ لَكَ سَجَدْتُ وَبِكَ آمَنْتُ، وَلَكَ أَسْلَمْتُ، سَجَدَ وَجْهِيَ لِلَّذِي خَلَقَهُ، وَصَوَّرَهُ، وَشَقَّ سَمْعَهُ وَبَصَرَهُ، تَبَارَكَ اللَّهُ أَحْسَنُ الخَالِقِين,އައްލޯހުންމަ ލަކަ ސަޖަދްތު، ވަބިކަ އާމަންތު، ވަލަކަ އަސްލަމްތު، ސަޖަދަ ވަޖްހިޔަ ލިއްލަޛީ ޚަލަޤަހޫ، ވަޞައްވަރަހޫ، ވަޝައްޤަ ސަމްޢަހޫ ވަބަޞަރަހޫ، ތަބާރަކައްލޯހު ޢަޙްސަނުލް ޚާލިޤީން
«سُبْحَانَ ذِي الجَبَرُوتِ، وَالمَلَكُوتِ، وَالكِبْرِيَاءِ، وَالعَظَمَةِ»[69].,"«سُبْحَانَ ذِي الجَبَرُوتِ، وَالمَلَكُوتِ، وَالكِبْرِيَاءِ، وَالعَظَمَةِ»
 މާނައީ: ""ގަދަފަދަކަމާއި، ރަސްކަމާއި، ކިބުރިޔާވަންތަ ބޮޑުކަމާއި، މަތިވެރިކަމުގެ ވެރި އިލާހުގެ ހުސްޠާހިރުވަންތަކަމާއެވެ!"" [69]."
[69] أبو داود (1/230) برقم (873)، والنسائي برقم (1131)، وأحمد برقم (23980)، وصححه الألباني في صحيح أبي داود (1/166)، وتقدم تخريجه برقم (37).,[69] ރިވާކުރެއްވީ އަބޫ ދާވޫދު 1/230 ގެ ނަމްބަރު 873 ގައެވެ. އަދި އައް-ނަސާއީ ނަމްބަރު 1131 ގައި، އަދި އަޙްމަދު، ނަމްބަރު 23980 ގައެވެ. އަދި އަލް-އަލްބާނީވަނީ ޞަޙީޙު އަބީ ދާވޫދުގެ 1/166 ގައި މި ރިވާޔަތް ޞައްޙަކުރައްވާފައެވެ. އަދި [37] ވަނަ ނަމްބަރުގައި މި ރިވާޔަތް ތަޚްރީޖުކުރުން އިސްވެގޮސްފިއެވެ.
سُبْحَانَ ذِي الجَبَرُوتِ، وَالمَلَكُوتِ، وَالكِبْرِيَاءِ، وَالعَظَمَة,ސުބްޙާނަ ޛިލްޖަބަރޫތި، ވަލްމަލަކޫތި، ވަލްކިބްރިޔާއި، ވަލްޢަޡަމަހް
«اللَّهُمَّ اغْفِرْ لِي ذَنْبِي كُلَّهُ: دِقَّهُ وَجِلَّهُ، وَأَوَّلَهُ وَآخِرَهُ، وَعَلَانِيَّتَهُ وَسِرَّهُ»[70].,"«اللَّهُمَّ اغْفِرْ لِي ذَنْبِي كُلَّهُ: دِقَّهُ وَجِلَّهُ، وَأَوَّلَهُ وَآخِرَهُ، وَعَلَانِيَّتَهُ وَسِرَّهُ»
 މާނައީ: ""އޭ ﷲ އެވެ! މި އަޅާގެ ހުރިހާ ފާފައެއް ފުއްސަވާށިއެވެ! އޭގެ ކުދި ފާފަތަކާއި ބޮޑެތި ފާފަތަކާއި، ފުރަތަމަ ފާފައާއި އެންމެފަހުގެ ފާފައާއި، ފާޅުވެގެންވާ ފާފައާއި ސިއްރުވެގެންވާ ފާފަވެސްމެއެވެ."" [70]."
[70] مسلم (1/ 230) برقم (483).,[70] ރިވާކުރެއްވީ މުސްލިމް 1/230 ގެ ނަމްބަރު 483 ގައެވެ.
اللَّهُمَّ اغْفِرْ لِي ذَنْبِي كُلَّهُ: دِقَّهُ وَجِلَّهُ، وَأَوَّلَهُ وَآخِرَهُ، وَعَلَانِيَّتَهُ وَسِرَّه,އައްލޯހުންމަޣްފިރް ލީ ޛަންބީ ކުއްލަހް: ދިއްޤަހޫ ވަޖިއްލަހް، ވަ އައްވަލަހޫ ވަ އާޚިރަހް، ވަ ޢަލާނިއްޔަތަހޫ ވަ ސިއްރަހް
«اللَّهُمَّ إِنِّي أَعُوذُ بِرِضَاكَ مِنْ سَخَطِكَ، وَبِمُعَافَاتِكَ مِنْ عُقوبَتِكَ، وَأَعُوذُ بِكَ مِنْكَ، لَا أُحْصِي ثَنَاءً عَلَيْكَ، أَنْتَ كَمَا أَثْنَيْتَ عَلَى نَفْسِكَ»[71].,"«اللَّهُمَّ إِنِّي أَعُوذُ بِرِضَاكَ مِنْ سَخَطِكَ، وَبِمُعَافَاتِكَ مِنْ عُقوبَتِكَ، وَأَعُوذُ بِكَ مِنْكَ، لَا أُحْصِي ثَنَاءً عَلَيْكَ، أَنْتَ كَمَا أَثْنَيْتَ عَلَى نَفْسِكَ»
 މާނައީ: ""އޭ ﷲ އެވެ! އިބައިލާހުގެ ރުއްސެވުން މެދުވެރިކޮށް އިބައިލާހުގެ ކޯފާއިން ރައްކާތެރިކޮށްދެއްވުމަށް މިއަޅާ އެދި ދަންނަވަމެވެ. އަދި އިބައިލާހުގެ ޢަފޫކުރެއްވުން މެދުވެރިކޮށް، އިބައިލާހުގެ ޢުޤޫބާތުންވެސް ރައްކާތެރިކޮށްދެއްވުމަށް އެދި ދަންނަވަމެވެ. އަދި އިބައިލާހުގެ ޙަޟްރަތުން ރައްކާތެރިކޮށް ދެއްވުމަށް (އެބަހީ: އެއިލާހުގެ ޢަޛާބާއި ޢުޤޫބާތާއި ކޯފާއިން ރައްކާތެރިކޮށްދެއްވުމަށް) އިބައިލާހުގެ ޙަޟްރަތަށް ދަންނަވަމެވެ. އިބައިލާހުގެ މައްޗަށް ދަންނަވަންޖެހޭ ޘަނާ މިއަޅާއަށް ޢަދަދުނުކުރެވޭހާ ގިނައެވެ. އިބައިލާހު ވޮޑިގެންވަނީ އިބައިލާހުގެ އަމިއްލަ ނަފްސުފުޅަށް ޘަނާކިޔުއްވި ގޮތަށެވެ."" [71]."
[71] مسلم (1/352) برقم (486).,[71] ރިވާކުރެއްވީ މުސްލިމް 1/352 ގެ ނަމްބަރު 486 ގައެވެ.
اللَّهُمَّ إِنِّي أَعُوذُ بِرِضَاكَ مِنْ سَخَطِكَ، وَبِمُعَافَاتِكَ مِنْ عُقوبَتِكَ، وَأَعُوذُ بِكَ مِنْكَ، لَا أُحْصِي ثَنَاءً عَلَيْكَ، أَنْتَ كَمَا أَثْنَيْتَ عَلَى نَفْسِك,އައްލޯހުންމަ އިންނީ އަޢޫޛު ބިރިޟާކަ މިން ސަޚަޠިކަ، ވަބިމުޢާފާތިކަ މިން ޢުޤޫބަތިކަ، ވައަޢޫޛު ބިކަ މިންކަ، ލާ އުޙްޞީ ޘަނާއަން ޢަލައިކަ، އަންތަ ކަމާ އަޘްނައިތަ ޢަލާ ނަފްސިކް
20. دُعَاءُ الجلْسَةِ بَيْنَ السَّجْدَتَيْنِ,20. ދެ ސަޖިދަ ދެމެދުގައި އިނދެ ކިޔާ ދުޢާ
«رَبِّ اغْفِرْ لِي، رَبِّ اغْفِرْ لِي»[72].,"«رَبِّ اغْفِرْ لِي، رَبِّ اغْفِرْ لِي»
 މާނައީ: ""އަޅުގެ ވެރި ރައްބެވެ! މި އަޅާއަށް ފާފަފުއްސަވާށިއެވެ. އަޅުގެ ވެރި ރައްބެވެ! މި އަޅާއަށް ފާފަފުއްސަވާށިއެވެ."" [72]."
[72] أبو داود (1/231) برقم (874)، وابن ماجه برقم (897)، وانظر: صحيح ابن ماجه (1/148).,[72] ރިވާކުރެއްވީ އަބޫ ދާވޫދު 1/231 ގެ ނަމްބަރު 874 ގައި، އަދި އިބްނު މާޖާ ނަމްބަރު 897 ގައެވެ. އަދި ޞަޙީޙު އިބްނު މާޖާގެ 1/148 ބައްލަވާށެވެ.
رَبِّ اغْفِرْ لِي، رَبِّ اغْفِرْ لِي,ރައްބިޣްފިރް ލީ، ރައްބިޣްފިރް ލީ
«اللَّهُمَّ اغْفِرْ لِي، وَارْحَمْنِي، وَاهْدِنِي، وَاجْبُرْنِي، وَعَافِنِي، وَارْزُقْنِي، وَارْفَعْنِي»[73].,"«اللَّهُمَّ اغْفِرْ لِي، وَارْحَمْنِي، وَاهْدِنِي، وَاجْبُرْنِي، وَعَافِنِي، وَارْزُقْنِي، وَارْفَعْنِي»
 މާނައީ: ""އޭ ﷲ އެވެ! މި އަޅާއަށް ފާފަފުއްސަވާށިއެވެ! އަދި މި އަޅާއަށް ރަޙްމަތްލައްވާށިއެވެ! އަދި މި އަޅާއަށް ތެދުމަގާއި ހިދާޔަތް ދައްކަވާށިއެވެ! އަދި މި އަޅާގެ އުނިކަން ފޫބައްދަވާ އިޞްލާޙުކޮށްދެއްވާށިއެވެ! އަދި މި އަޅާއަށް ޢާފިޔަތު ދެއްވާށިއެވެ! އަދި މި އަޅާއަށް ރިޒްޤުދެއްވާށިއެވެ! އަދި މި އަޅާ އުފުއްލަވާ މަތިކުރައްވާށިއެވެ."" [73]."
[73] أخرجه أصحاب السنن إلا النسائي: أبو داود (1/231) برقم (850)، والترمذي برقم (284) و(285)، وابن ماجه برقم (898)، وانظر: صحيح الترمذي (1/90)، وصحيح ابن ماجه (1/148).,[73] ރިވާކުރެއްވީ އައް-ނަސާއީ ފިޔަވައި ދެން ތިބި ސުނަނުގެ އަހުލުވެރިންނެވެ: އަބޫ ދާވޫދު 1/231 ގެ ނަމްބަރު 850 ގައި، އަދި އައް-ތިރްމިޛީ، ނަމްބަރު 284 އަދި 285 ގައި، އަދި އިބްނު މާޖާ، ނަމްބަރު 898 ގައެވެ. އަދި ޞަޙީޙުއް-ތިރްމިޛީގެ 1/90 އާއި، ޞަޙީޙު އިބްނު މާޖާގެ 1/148 ބައްލަވާށެވެ.
اللَّهُمَّ اغْفِرْ لِي، وَارْحَمْنِي، وَاهْدِنِي، وَاجْبُرْنِي، وَعَافِنِي، وَارْزُقْنِي، وَارْفَعْنِي,އައްލޯހުންމަޣްފިރްލީ، ވަރްޙަމްނީ، ވަހްދިނީ، ވަޖްބުރްނީ، ވަޢާފިނީ، ވަރްޒުޤްނީ، ވަރްފަޢްނީ
21. دُعَاءُ سُجُودِ التِّلَاوَةِ,21. ތިލާވަތުގެ ސަޖިދާގައި ކިޔާ ދުޢާ
«سَجَدَ وَجْهِيَ لِلَّذِي خَلَقَهُ، وَشَقَّ سَمْعَهُ وَبَصَرَهُ بِحَوْلِهِ وَقُوَّتِهِ، فَتَبارَكَ اللَّهُ أَحْسَنُ الخَالِقِينَ»,"«سَجَدَ وَجْهِيَ لِلَّذِي خَلَقَهُ، وَشَقَّ سَمْعَهُ وَبَصَرَهُ بِحَوْلِهِ وَقُوَّتِهِ، فَتَبارَكَ اللَّهُ أَحْسَنُ الخَالِقِينَ»
 މާނައީ: ""މި އަޅާގެ މޫނު އުފައްދަވާ، އެ އިލާހުގެ އާރާއި ބާރުން އެ މޫނުގެ އިވުމާއި ފެނުން ފަޅުއްވާ ލެއްވި އިލާހަށް މި އަޅާގެ މޫނު ސަޖިދަކޮށްފިއެވެ. ފަހެ އެންމެ ރިވެތިކޮށް ޚަލްޤުކުރައްވާ ﷲ ބަރަކާތްތެރިވެވޮޑިގެންެފިއެވެ."""
سَجَدَ وَجْهِيَ لِلَّذِي خَلَقَهُ، وَشَقَّ سَمْعَهُ وَبَصَرَهُ بِحَوْلِهِ وَقُوَّتِهِ، فَتَبارَكَ اللَّهُ أَحْسَنُ الخَالِقِين,ސަޖަދަ ވަޖްހިޔަ ލިއްލަޛީ ޚަލަޤަހޫ، ވަޝައްޤަ ސަމްޢަހޫ ވަބަޞަރަހޫ ބިޙައުލިހީ ވަޤުއްވަތިހް، ފަތަބާރަކައްލޯހު އަޙްސަނުލް ޚާލިޤީން
[المؤمنون: 14] [74].,[އަލް-މުއުމިނޫން: 14] [74].
[74] الترمذي (2/474) برقم (3425)، وأحمد (6/30) برقم (24022)، والحاكم، وصححه ووافقه الذهبي (1/220) والزيادة له.,[74] ރިވާކުރެއްވީ އައް-ތިރްމިޛީ 2/474 ގެ ނަމްބަރު 3425 ގައި، އަދި އަޙްމަދު 6/30 ގެ ނަމްބަރު 24022 ގައި، އަދި އަލް-ޙާކިމުއެވެ. އަލް-ޙާކިމު 1/220 އެ ޙަދީޘް ޞައްޙަކުރައްވާ، އަދި އައް-ޛަހަބީވެސް އެއަށް އެއްބަސްވެވަޑައިގަތެވެ. އަދި އިތުރުކުރެވިގެންވާ ލަފްޒު އެއީ އެބޭފުޅާ ރިވާކުރެއްވި ލަފްޒެކެވެ.
«اللَّهُمَّ اكْتُبْ لِي بِهَا عِنْدَكَ أَجْرًا، وَضَعْ عَنِّي بِهَا وِزْرًا، وَاجْعَلْهَا لِي عِنْدَكَ ذُخْرًا، وَتَقَبَّلْهَا مِنِّي كَمَا تَقَبَّلْتَهَا مِنْ عَبْدِكَ دَاوُدَ»[75].,"«اللَّهُمَّ اكْتُبْ لِي بِهَا عِنْدَكَ أَجْرًا، وَضَعْ عَنِّي بِهَا وِزْرًا، وَاجْعَلْهَا لِي عِنْدَكَ ذُخْرًا، وَتَقَبَّلْهَا مِنِّي كَمَا تَقَبَّلْتَهَا مِنْ عَبْدِكَ دَاوُدَ»
 މާނައީ: ""އޭ ﷲ އެވެ! މި އަޅާއަށް މި ސަޖިދައިގެ ސަބަބުން އިބައިލާހުގެ ޙަޟްރަތުގައި އަޖުރެއް ލިޔުއްވާށިއެވެ! އަދި މި ސަޖިދައިގެ ސަބަބުން މި އަޅާގެ ކިބައިން ފާފައެއް ފުއްސަވާށިއެވެ! އަދި އިބަ ﷲ ގެ ޙަޟްރަތުގައި، މި އަޅާއަށްޓަކައި ފަހަށް ރައްކާކުރެވިފައިވާ ހެޔޮ ޢަމަލެއްކަމުގައި މި ސަޖިދަ ލައްވާށިއެވެ! އަދި އިބައިލާހުގެ އަޅާ ދާވޫދުގެފާނުގެ ކިބައިން މިސަޖިދަ ޤަބޫލުކުރެއްވިފަދައިން މި އަޅާގެ ކިބައިންވެސް މި ސަޖިދަ ޤަބޫލުކުރައްވާށިއެވެ."" [75]."
[75] الترمذي (2/473) برقم (579)، والحاكم وصححه ووافقه الذهبي (1/219).,[75] ރިވާކުރެއްވީ އައް-ތިރްމިޛީ 2/473 ގެ ނަމްބަރު 579 ގައެވެ. އަދި އަލް-ޙާކިމު އެ ޙަދީޘް ޞައްޙަކުރައްވާ، އަދި އައް-ޛަހަބީވެސް 1/219 ގައި އެއަށް އެއްބަސްވެވަޑައިގަތެވެ.
اللَّهُمَّ اكْتُبْ لِي بِهَا عِنْدَكَ أَجْرًا، وَضَعْ عَنِّي بِهَا وِزْرًا، وَاجْعَلْهَا لِي عِنْدَكَ ذُخْرًا، وَتَقَبَّلْهَا مِنِّي كَمَا تَقَبَّلْتَهَا مِنْ عَبْدِكَ دَاوُد,އައްލޯހުންމަކްތުބް ލީ ބިހާ ޢިންދަކަ އަޖްރާ، ވަޟަޢް ޢަންނީ ބިހާ ވިޒްރާ، ވަޖްޢަލްހާ ލީ ޢިންދަކަ ޛުޚްރާ، ވަތަޤައްބަލްހާ މިންނީ ކަމާ ތަޤައްބަލްތަހާ މިން ޢަބްދިކަ ދާވޫދް
22. التَّشَهُّدُ,22. އައް-ތަޙިއްޔާތުގެ ދުޢާ
«التَّحِيَّاتُ لِلَّهِ، وَالصَّلَواتُ، وَالطَّيِّبَاتُ، السَّلَامُ عَلَيْكَ أَيُّهَا النَّبِيُّ وَرَحْمَةُ اللَّهِ وَبَرَكَاتُهُ، السَّلَامُ عَلَيْنَا وَعَلَى عِبَادِ اللَّهِ الصَّالِحِينَ، أَشْهَدُ أَنْ لَا إِلَهَ إِلَّا اللَّهُ وَأَشْهَدُ أَنَّ مُحَمَّدًا عَبْدُهُ وَرَسولُهُ»[76].,"«التَّحِيَّاتُ لِلَّهِ، وَالصَّلَواتُ، وَالطَّيِّبَاتُ، السَّلَامُ عَلَيْكَ أَيُّهَا النَّبِيُّ وَرَحْمَةُ اللَّهِ وَبَرَكَاتُهُ، السَّلَامُ عَلَيْنَا وَعَلَى عِبَادِ اللَّهِ الصَّالِحِينَ، أَشْهَدُ أَنْ لَا إِلَهَ إِلَّا اللَّهُ وَأَشْهَدُ أَنَّ مُحَمَّدًا عَبْدُهُ وَرَسولُهُ»
 މާނައީ: ""ތަޙިއްޔާތުތަކާއި (ދުލުން ކުރެވޭ އެންމެހާ އަޅުކަންތަކާއި)، ޞަލަވާތުތަކާއި (ހަށިގަނޑުން ކުރެވޭ އެންމެހާ އަޅުކަންތަކާއި) އަދި ޠައްޔިބާތުތައް (މުދަލުން ކުރެވޭ އެންމެހާ އަޅުކަންތައް) ވަނީ، ﷲ އަށެވެ. އޭ ނަބިއްޔާއެވެ! ކަލޭގެފާނުގެ މައްޗަށް ﷲ ގެ ރަޙްމަތާއި، އެ އިލާހުގެ ބަރަކާތާއި، ސަލާމް ހުއްޓެވެ. އަދި އަޅަމެންގެ މައްޗަށާއި އަދި ﷲ ގެ އެންމެހާ ޞާލިޙު އަޅުތަކުންގެ މައްޗަށް ސަލާމް ހުއްޓެވެ. ﷲ މެނުވީ (އަޅުކަންވެވުން ޙައްޤުވެގެންވާ) އެހެން އެއްވެސް އިލާހަކު ނުވާކަމަށް މިއަޅާ ހެކިވަމެވެ. އަދި މުޙައްމަދުގެފާނީ، އެ އިލާހުގެ އަޅާ އަދި އެ އިލާހުގެ ރަސޫލާކަމުގައިވެސް މިއަޅާ ހެކިވަމެވެ."" [76]."
[76] البخاري مع الفتح (2/311) برقم (831)، ومسلم (1/301) برقم (402).,[76] ރިވާކުރެއްވީ އަލް-ބުޚާރީ، ފަތުޙުލް-ބާރީއާއެކުވާ ފޮތުގެ 2/311 ގެ ނަމްބަރު 831 ގައި، އަދި މުސްލިމް 1/301 ގެ ނަމްބަރު 402 ގައެވެ.
التَّحِيَّاتُ لِلَّهِ، وَالصَّلَواتُ، وَالطَّيِّبَاتُ، السَّلَامُ عَلَيْكَ أَيُّهَا النَّبِيُّ وَرَحْمَةُ اللَّهِ وَبَرَكَاتُهُ، السَّلَامُ عَلَيْنَا وَعَلَى عِبَادِ اللَّهِ الصَّالِحِينَ، أَشْهَدُ أَنْ لَا إِلَهَ إِلَّا اللَّهُ وَأَشْهَدُ أَنَّ مُحَمَّدًا عَبْدُهُ وَرَسولُه,އައްތަޙިއްޔާތު ލިއްލާހި، ވައްޞަލަވާތު، ވައްޠައްޔިބާތު، އައްސަލާމު ޢަލައިކަ އައްޔުހައް ނަބިއްޔު ވަރަޙްމަތުއްލޯހި ވަބަރަކާތުހް، އައްސަލާމު ޢަލައިނާ ވަޢަލާ ޢިބާދިއްލާހިއް ޞާލިޙީން، އަޝްހަދު އައްލާއިލާހަ އިއްލައްލޯހު، ވައަޝްހަދު އަންނަ މުޙައްމަދަން ޢަބްދުހޫ ވަރަސޫލުހް
23. الصَّلاةُ عَلَى النَّبيِّ ﷺ بَعْدَ التَّشَهُّدِ,23. އައް-ތަޙިއްޔާތަށް ފަހުގައި ނަބިއްޔާ ﷺ ގެ މައްޗަށް ކިޔަވާނެ ޞަލަވާތް
«اللَّهُمَّ صَلِّ عَلَى مُحَمَّدٍ، وَعَلَى آلِ مُحَمَّدٍ، كَمَا صَلَّيتَ عَلَى إِبْرَاهِيمَ، وَعَلَى آلِ إِبْرَاهِيمَ، إِنَّكَ حَمِيدٌ مَجِيدٌ، اللَّهُمَّ بَارِكْ عَلَى مُحَمَّدٍ وَعَلَى آلِ مُحَمَّدٍ، كَمَا بَارَكْتَ عَلَى إِبْرَاهِيمَ وَعَلَى آلِ إِبْرَاهِيمَ، إِنَّكَ حَمِيدٌ مَجِيدٌ»[77].,"«اللَّهُمَّ صَلِّ عَلَى مُحَمَّدٍ، وَعَلَى آلِ مُحَمَّدٍ، كَمَا صَلَّيتَ عَلَى إِبْرَاهِيمَ، وَعَلَى آلِ إِبْرَاهِيمَ، إِنَّكَ حَمِيدٌ مَجِيدٌ، اللَّهُمَّ بَارِكْ عَلَى مُحَمَّدٍ وَعَلَى آلِ مُحَمَّدٍ، كَمَا بَارَكْتَ عَلَى إِبْرَاهِيمَ وَعَلَى آلِ إِبْرَاهِيمَ، إِنَّكَ حَمِيدٌ مَجِيدٌ»
 މާނައީ: އޭ ﷲ އެވެ! މުޙައްމަދުގެފާނު މައްޗަށާއި އަދި މުޙައްމަދުގެފާނުގެ އާލުންގެ މައްޗަށް ޞަލަވާތް ލައްވާށިއެވެ! އެއީ އިބައިލާހު އިބްރާހީމުގެފާނަށާއި އިބްރާހީމުގެފާނު އާލުންގެ މައްޗަށް ޞަލަވާތް ލެއްވި ފަދައިންނެވެ. ހަމަކަށަވަރުން އިބައިލާހީ ޙަމްދުލިބިވޮޑިގެންވާ މާތްވަންތަ އިލާހެވެ. އޭ ﷲ އެވެ! މުޙައްމަދުގެފާނު މައްޗަށާއި، އަދި މުޙައްމަދުގެފާނުގެ އާލުންގެ މައްޗަށް ބަރަކާތް ލައްވާށިއެވެ! އެއީ އިބައިލާހު އިބްރާހީމްގެފާނަށާއި އިބްރާހީމުގެފާނުގެ އާލުންގެ މައްޗަށް ބަރަކާތް ލެއްވި ފަދައިންނެވެ. ހަމަކަށަވަރުން އިބައިލާހީ ޙަމްދުލިބިވޮޑިގެންވާ މާތްވަންތަ އިލާހެވެ."" [77]."
[77] البخاري مع الفتح (6/ 408) برقم (3370)، ومسلم برقم (406).,[77] ރިވާކުރެއްވީ އަލް-ބުޚާރީ، ފަތުޙުލް-ބާރީއާއެކުވާ ފޮތުގެ 408/6 ގެ ނަމްބަރު 3370 ގައި، އަދި މުސްލިމް ނަމްބަރު 406 ގައެވެ.
اللَّهُمَّ صَلِّ عَلَى مُحَمَّدٍ، وَعَلَى آلِ مُحَمَّدٍ، كَمَا صَلَّيتَ عَلَى إِبْرَاهِيمَ، وَعَلَى آلِ إِبْرَاهِيمَ، إِنَّكَ حَمِيدٌ مَجِيدٌ، اللَّهُمَّ بَارِكْ عَلَى مُحَمَّدٍ وَعَلَى آلِ مُحَمَّدٍ، كَمَا بَارَكْتَ عَلَى إِبْرَاهِيمَ وَعَلَى آلِ إِبْرَاهِيمَ، إِنَّكَ حَمِيدٌ مَجِيد,އައްލޯހުންމަ ޞައްލި ޢަލާ މުޙައްމަދިން، ވަ ޢަލާ އާލި މުޙައްމަދިން، ކަމާ ޞައްލައިތަ ޢަލާ އިބްރާހީމަ، ވަ ޢަލާ އާލި އިބްރާހީމަ، އިންނަކަ ޙަމީދުން މަޖީދް، އައްލޯހުންމަ ބާރިކް ޢަލާ މުޙައްމަދިން ވަ ޢަލާ އާލި މުޙައްމަދިން، ކަމާ ބާރަކްތަ ޢަލާ އިބްރާހީމަ ވަ ޢަލާ އާލި އިބްރާހީމަ، އިންނަކަ ޙަމީދުން މަޖީދް
«اللَّهُمَّ صَلِّ عَلَى مُحَمَّدٍ وَعَلَى أَزْوَاجِهِ وَذُرِّيَّتِهِ، كَمَا صَلَّيْتَ عَلَى آلِ إِبْرَاهِيمَ، وَبَارِكْ عَلَى مُحَمَّدٍ وَعَلَى أَزْواجِهِ وَذُرِّيَّتِهِ، كَمَا بَارَكْتَ عَلَى آلِ إِبْرَاهِيمَ، إِنَّكَ حَمِيدٌ مَجِيدٌ»[78].,"«اللَّهُمَّ صَلِّ عَلَى مُحَمَّدٍ وَعَلَى أَزْوَاجِهِ وَذُرِّيَّتِهِ، كَمَا صَلَّيْتَ عَلَى آلِ إِبْرَاهِيمَ، وَبَارِكْ عَلَى مُحَمَّدٍ وَعَلَى أَزْواجِهِ وَذُرِّيَّتِهِ، كَمَا بَارَكْتَ عَلَى آلِ إِبْرَاهِيمَ، إِنَّكَ حَمِيدٌ مَجِيدٌ»
 މާނައީ: ""އޭ ﷲ އެވެ! މުޙައްމަދުގެފާނު މައްޗަށާއި، އަދި އެކަލޭގެފާނުގެ އަނބިއަނބިކަނބަލުންނާއި ދަރިދަރިކަލުންގެ މައްޗަށް ޞަލަވާތް ލައްވާށިއެވެ! އެއީ އިބައިލާހު އިބްރާހީމުގެފާނުގެ އާލުންގެ މައްޗަށް ޞަލަވާތް ލެއްވި ފަދައިންނެވެ. އަދި މުޙައްމަދުގެފާނު މައްޗަށާއި، އަދި އެކަލޭގެފާނުގެ އަނބިއަނބިކަނބަލުންނާއި ދަރިދަރިކަލުންގެ މައްޗަށް ބަރަކާތް ލައްވާށިއެވެ! އެއީ އިބައިލާހު އިބްރާހީމްގެފާނުގެ އާލުންގެ މައްޗަށް ބަރަކާތް ލެއްވި ފަދައިންނެވެ. ހަމަކަށަވަރުން އިބައިލާހުއީ ޙަމްދުލިބިވޮޑިގެންވާ މާތްވަންތަ އިލާހެވެ."" [78]."
[78] البخاري مع الفتح (6/407) برقم (3369)، ومسلم (1/306) برقم (407)، واللفظ له.,[78] ރިވާކުރެއްވީ އަލް-ބުޚާރީ، ފަތުޙުލް-ބާރީއާއެކުވާ ފޮތުގެ 6/407 ގެ ނަމްބަރު 3369 ގައި، އަދި މުސްލިމް 1/306 ގެ ނަމްބަރު 407 ގައެވެ. އަދި މިއީ މުސްލިމްގެ ލަފްޒެވެ.
اللَّهُمَّ صَلِّ عَلَى مُحَمَّدٍ وَعَلَى أَزْوَاجِهِ وَذُرِّيَّتِهِ، كَمَا صَلَّيْتَ عَلَى آلِ إِبْرَاهِيمَ، وَبَارِكْ عَلَى مُحَمَّدٍ وَعَلَى أَزْواجِهِ وَذُرِّيَّتِهِ، كَمَا بَارَكْتَ عَلَى آلِ إِبْرَاهِيمَ، إِنَّكَ حَمِيدٌ مَجِيد,އައްލޯހުންމަ ޞައްލި ޢަލާ މުޙައްމަދިން ވަޢަލާ އަޒްވާޖިހީ ވަޛުއްރިއްޔަތިހީ، ކަމާ ޞައްލައިތަ ޢަލާ އާލި އިބްރާހީމް، ވަބާރިކް ޢަލާ މުޙައްމަދިން ވަޢަލާ އަޒްވާޖިހީ ވަޛުއްރިއްޔަތިހީ، ކަމާ ބާރަކްތަ ޢަލާ އާލި އިބްރާހީމަ، އިންނަކަ ޙަމީދުން މަޖީދް.
24. الدُّعَاءُ بَعْدَ التَّشَهُّدِ الأَخِيرِ قَبْلَ السَّلَامِ,24. ފަހު އައް-ތަޙިއްޔާތަށް ފަހުގައި ސަލާމްދިނުމުގެ ކުރިން ކިޔާނެ ދުޢާ
«اللَّهُــمَّ إِنِّي أَعُوذُ بِكَ مِنْ عَذَابِ القَبْرِ، وَمِنْ عَذَابِ جَهَنَّمَ، وَمِنْ فِتْنَةِ المَحْيَا وَالمَمَاتِ، وَمِنْ شَرِّ فِتْنَةِ المَسِيحِ الدَّجَّالِ»[79].,"«اللَّهُــمَّ إِنِّي أَعُوذُ بِكَ مِنْ عَذَابِ القَبْرِ، وَمِنْ عَذَابِ جَهَنَّمَ، وَمِنْ فِتْنَةِ المَحْيَا وَالمَمَاتِ، وَمِنْ شَرِّ فِتْنَةِ المَسِيحِ الدَّجَّالِ»
 މާނައީ: ""އޭ ﷲ އެވެ! ކަށްވަޅުގެ ޢަޛާބުންނާއި، ޖަހަންނަމައިގެ ޢަޛާބުންނާއި، ދިރިހުރުމާއި މަރުވުމުގެ ފިތުނައިންނާއި، އަލް-މަސީޙު އައް-ދައްޖާލުގެ ފިތުނައިގެ ނުބައިކަމުން ރައްކާތެރި ކޮށްދެއްވުމަށް އެދި އިބަ އިލާހަށް މިއަޅާ ދަންނަވަމެވެ."" [79]."
[79] البخاري (2/102) برقم (1377)، ومسلم (1/412) برقم (588)، واللفظ لمسلم.,[79] ރިވާކުރެއްވީ އަލް-ބުޚާރީ 2/102 ގެ ނަމްބަރު 1377 ގައި، އަދި މުސްލިމް 1/412 ގެ ނަމްބަރު 588 ގައެވެ. އަދި މިއީ މުސްލިމްގެ ލަފްޒެވެ.
اللَّهُــمَّ إِنِّي أَعُوذُ بِكَ مِنْ عَذَابِ القَبْرِ، وَمِنْ عَذَابِ جَهَنَّمَ، وَمِنْ فِتْنَةِ المَحْيَا وَالمَمَاتِ، وَمِنْ شَرِّ فِتْنَةِ المَسِيحِ الدَّجَّال,އައްލޯހުންމަ އިންނީ އަޢޫޛު ބިކަ މިން ޢަޛާބިލް ޤަބްރި، ވަމިން ޢަޛާބި ޖަހައްނަމަ، ވަމިން ފިތުނަތިލް މަޙްޔާ ވަލްމަމާތި، ވަމިން ޝައްރި ފިތުނަތިލް މަސީޙިއް ދައްޖާލް
«اللَّهُمَّ إِنِّي أَعُوذُ بِكَ مِنْ عَذَابِ القَبْرِ، وَأَعُوذُ بِكَ مِنْ فِتْنَةِ المَسِيحِ الدَّجَّالِ، وَأَعُوذُ بِكَ مِنْ فِتْنَةِ المَحْيَا وَالمَمَاتِ، اللَّهُمَّ إِنِّي أَعُوذُ بِكَ مِنَ المَأْثَمِ وَالمَغْرَمِ»[80].,"«اللَّهُمَّ إِنِّي أَعُوذُ بِكَ مِنْ عَذَابِ القَبْرِ، وَأَعُوذُ بِكَ مِنْ فِتْنَةِ المَسِيحِ الدَّجَّالِ، وَأَعُوذُ بِكَ مِنْ فِتْنَةِ المَحْيَا وَالمَمَاتِ، اللَّهُمَّ إِنِّي أَعُوذُ بِكَ مِنَ المَأْثَمِ وَالمَغْرَمِ»
 މާނައީ: ""އޭ ﷲ އެވެ! ކަށްވަޅުގެ ޢަޛާބުން ރައްކާތެރިކޮށްދެއްވުމަށް މިއަޅާ އިބައިލާހަށް ދަންނަވަމެވެ. އަދި އަލް-މަސީޙުއް ދައްޖާލުގެ ފިތުނައިން ރައްކާތެރި ކޮށްދެއްވުމަށްވެސް އިބައިލާހުގެ ޙަޟްރަތަށް ދަންނަވަމެވެ. އަދި ދިރިއުޅުމާއި މަރުވުމުގެ ފިތުނައިންވެސް މިއަޅާ ރައްކާތެރިކޮށްދެއްވާށިއެވެ. އޭ ﷲ އެވެ! ފާފަކުރުމުންނާއި ދަރަނިވެރިވުމުން ރައްކާތެރި ކޮށްދެއްވުމަށް އެދި އިބައިލާހުގެ ޙަޟްރަތަށް ދަންނަވަމެވެ."" [80]."
[80] البخاري (1/202) برقم (832)، ومسلم (1/412) برقم (587).,[80] ރިވާކުރެއްވީ އަލް-ބުޚާރީ 1/202 ގެ ނަމްބަރު 832 ގައި، އަދި މުސްލިމް 1/412 ގެ ނަމްބަރު 587 ގައެވެ.
اللَّهُمَّ إِنِّي أَعُوذُ بِكَ مِنْ عَذَابِ القَبْرِ، وَأَعُوذُ بِكَ مِنْ فِتْنَةِ المَسِيحِ الدَّجَّالِ، وَأَعُوذُ بِكَ مِنْ فِتْنَةِ المَحْيَا وَالمَمَاتِ، اللَّهُمَّ إِنِّي أَعُوذُ بِكَ مِنَ المَأْثَمِ وَالمَغْرَم,އައްލޯހުންމަ އިންނީ އަޢޫޛު ބިކަ މިން ޢަޛާބިލް ޤަބްރި، ވައަޢޫޛު ބިކަ މިން ފިތުނަތިލް މަސީޙިއް ދައްޖާލި، ވައަޢޫޛު ބިކަ މިން ފިތުނަތިލް މަޙްޔާ ވަލްމަމާތި، އައްލޯހުންމަ އިންނީ އަޢޫޛު ބިކަ މިނަލް މައުޘަމި ވަލްމަޣްރަމް
«اللَّهُمَّ إِنِّي ظَلَمْتُ نَفْسِي ظُلْمًا كَثِيرًا، وَلَا يَغْفِرُ الذُّنُوبَ إِلَّا أَنْتَ، فَاغْفِرْ لِي مَغْفِرَةً مِنْ عِنْدِكَ وَارْحَمْنِي، إِنَّكَ أَنْتَ الغَفُورُ الرَّحِيمُ»[81].,"«اللَّهُمَّ إِنِّي ظَلَمْتُ نَفْسِي ظُلْمًا كَثِيرًا، وَلَا يَغْفِرُ الذُّنُوبَ إِلَّا أَنْتَ، فَاغْفِرْ لِي مَغْفِرَةً مِنْ عِنْدِكَ وَارْحَمْنِي، إِنَّكَ أَنْتَ الغَفُورُ الرَّحِيمُ»
 މާނައީ: އޭ ﷲ އެވެ! ހަމަކަށަވަރުން މި އަޅާވަނީ މި އަޅާގެ އަމިއްލަ ނަފުސަށް ގިނަވެގެންވާ އަނިޔާވެރިވުމަކުން އަނިޔާވެރިވެފައެވެ. އަދި އިބައިލާހު ފިޔަވައި ފާފަތައް ފުއްސަވާނެ އެހެން އެއްވެސް ފަރާތެއް ނުވެއެވެ. ފަހެ އިބައިލާހުގެ ޙަޟްރަތުންވާ ފާފަފުއްސެވުމަކުން މި އަޅާއަށް ފާފަފުއްސަވާށިއެވެ! އަދި މި އަޅާއަށް ރަޙުމްކުރައްވާށިއެވެ. ހަމަކަށަވަރުން އިބައިލާހީ ގިނަގިނައިން ފާފަފުއްސަވާ އޯގާވަންތަ އިލާހެވެ."" [81]."
[81] البخاري (8/168) برقم (834)، ومسلم (4/2078) برقم (2705).,[81] ރިވާކުރެއްވީ އަލް-ބުޚާރީ 8/168 ގެ ނަމްބަރު 834 ގައި، އަދި މުސްލިމް 4/2078 ގެ ނަމްބަރު 2705 ގައެވެ.
اللَّهُمَّ إِنِّي ظَلَمْتُ نَفْسِي ظُلْمًا كَثِيرًا، وَلَا يَغْفِرُ الذُّنُوبَ إِلَّا أَنْتَ، فَاغْفِرْ لِي مَغْفِرَةً مِنْ عِنْدِكَ وَارْحَمْنِي، إِنَّكَ أَنْتَ الغَفُورُ الرَّحِيم,އައްލޯހުންމަ އިންނީ ޡަލަމްތު ނަފްސީ ޡުލްމަން ކަޘީރަން، ވަލާ ޔަޣްފިރުއް ޛުނޫބަ އިއްލާ އަންތަ، ފަޣްފިރް ލީ މަޣްފިރަތަން މިން ޢިންދިކަ ވަރްޙަމްނީ، އިންނަކަ އަންތަލް ޣަފޫރުއް ރަޙީމް
«اللَّهُمَّ اغْفِرْ لِي مَا قَدَّمْتُ، وَمَا أَخَّرْتُ، وَمَا أَسْرَرْتُ، وَمَا أَعْلَنْتُ، وَمَا أَسْرَفْتُ، وَمَا أَنْتَ أَعْلَمُ بِهِ مِنِّي، أَنْتَ المُقَدِّمُ، وَأَنْتَ المُؤَخِّرُ لَا إِلَهَ إِلَّا أَنْتَ»[82].,"«اللَّهُمَّ اغْفِرْ لِي مَا قَدَّمْتُ، وَمَا أَخَّرْتُ، وَمَا أَسْرَرْتُ، وَمَا أَعْلَنْتُ، وَمَا أَسْرَفْتُ، وَمَا أَنْتَ أَعْلَمُ بِهِ مِنِّي، أَنْتَ المُقَدِّمُ، وَأَنْتَ المُؤَخِّرُ لَا إِلَهَ إِلَّا أَنْتَ»
 މާނައީ: ""އޭ ﷲ އެވެ! މި އަޅާއަށް މި އަޅާ އިސްކުޅަހާ ފާފައަކާއި، ފަސްކުރިހާ ފާފައަކާއި، މި އަޅާ ސިއްރުކުރިހާ ފާފައަކާއި، ފާޅުގައި ކުރިހާ ފާފައަކާއި، އަދި މި އަޅާ އިސްރާފުކޮށް ހައްދުފަހަނަޅާ ވަރަށް ކޮށްފައިވާހާ ފާފައަކާއި، އަދި މި އަޅާއަށްވުރެ ބޮޑަށް އިބައިލާހު ދެނެވޮޑިގަންނަވާ ފާފަތައްވެސް މި އަޅާއަށް ފުއްސަވާށިއެވެ! އިބައިލާހީ އިސްކުރައްވާ ފަރާތެވެ. އަދި ފަސްކުރައްވާ ފަރާތަކީވެސް އިބައިލާހެވެ. އިބައިލާހު ފިޔަވައި އަޅުކަންވެވުން ޙައްޤުވެގެންވާ އެހެން އެއްވެސް އިލާހަކު ނުވެއެވެ."" [82]."
[82] مسلم (1/534) برقم (771).,[82] ރިވާކުރެއްވީ މުސްލިމް 1/534 ގެ ނަމްބަރު 771 ގައެވެ.
اللَّهُمَّ اغْفِرْ لِي مَا قَدَّمْتُ، وَمَا أَخَّرْتُ، وَمَا أَسْرَرْتُ، وَمَا أَعْلَنْتُ، وَمَا أَسْرَفْتُ، وَمَا أَنْتَ أَعْلَمُ بِهِ مِنِّي، أَنْتَ المُقَدِّمُ، وَأَنْتَ المُؤَخِّرُ لَا إِلَهَ إِلَّا أَنْت,އައްލޯހުންމަޣްފިރް ލީ މާ ޤައްދަމްތު، ވަމާ އައްޚަރްތު، ވަމާ އަސްރަރްތު، ވަމާ އަޢްލަންތު، ވަމާ އަސްރަފްތު، ވަމާ އަންތަ އަޢްލަމު ބިހީ މިންނީ، އަންތަލް މުޤައްދިމު، ވައަންތަލް މުއައްޚިރު، ލާއިލާހަ އިއްލާ އަންތަ
«اللَّهُمَّ أَعِنِّي عَلَى ذِكْرِكَ، وَشُكْرِكَ، وَحُسْنِ عِبادَتِكَ»[83].,"«اللَّهُمَّ أَعِنِّي عَلَى ذِكْرِكَ، وَشُكْرِكَ، وَحُسْنِ عِبادَتِكَ»
 މާނައީ: ""އޭ ﷲ އެވެ! އިބައިލާހު ހަނދުމަކޮށް ޛިކުރުކުރުމަށާއި، އިބައިލާހަށް ޝުކުރުކުރުމާއި، އަދި އިބައިލާހަށް ރިވެތިކޮށް އަޅުކަންކުރުމުގެ މައްޗަށް މިއަޅާއަށް ވާގިވެރިވެވޮޑިގަންނަވާނދޭވެ!"" [83]."
[83] أبو داود (2/86) برقم (1522)، والنسائي (3/53) برقم (2302)، وصححه الألباني في صحيح أبي داود (1/284).,[83] ރިވާކުރެއްވީ އަބޫ ދާވޫދު 2/86 ގެ ނަމްބަރު 1522 ގައި، އަދި އައް-ނަސާއީ 3/53 ގެ ނަމްބަރު 2302 ގައެވެ. އަދި އަލް-އަލްބާނީވަނީ ޞަޙީޙު އަބީ ދާވޫދުގެ 1/284 ގައި މި ރިވާޔަތް ޞައްޙަކުރައްވާފައެވެ.
اللَّهُمَّ أَعِنِّي عَلَى ذِكْرِكَ، وَشُكْرِكَ، وَحُسْنِ عِبادَتِك,އައްލޯހުންމަ އަޢިންނީ ޢަލާ ޛިކްރިކަ، ވަ ޝުކްރިކަ، ވަ ޙުސްނި ޢިބާދަތިކް
«اللَّهُمَّ إِنِّي أَعُوذُ بِكَ مِنَ البُخْلِ، وَأَعُوذُ بِكَ مِنَ الجُبْنِ، وَأَعُوذُ بِكَ مِنْ أَنْ أُرَدَّ إِلَى أَرْذَلِ العُمُرِ، وَأَعُوذُ بِكَ مِنْ فِتْنَةِ الدُّنْيَا وَعَذَابِ القَبْرِ»[84].,"«اللَّهُمَّ إِنِّي أَعُوذُ بِكَ مِنَ البُخْلِ، وَأَعُوذُ بِكَ مِنَ الجُبْنِ، وَأَعُوذُ بِكَ مِنْ أَنْ أُرَدَّ إِلَى أَرْذَلِ العُمُرِ، وَأَعُوذُ بِكَ مِنْ فِتْنَةِ الدُّنْيَا وَعَذَابِ القَبْرِ»
 މާނައީ: ""އޭ ﷲ އެވެ! ދަހިވެތިކަމުން ރައްކާތެރިކޮށް ދެއްވުމަށް މި އަޅާ އިބައިލާހުގެ ޙަޟްރަތުން އެދެމެވެ. އަދި ފިނޑިކަމުން ރައްކާތެރިކޮށްދެއްވުމަށްވެސް މި އަޅާ އިބައިލާހުގެ ޙަޟްރަތުން އެދެމެވެ. އަދި އެންމެ ނިކަމެތި މުސްކުޅި ޢުމުރަށް މި އަޅާ ރައްދުކުރެވުމުން ރައްކާތެރިކޮށްދެއްވުމަށް މި އަޅާ އިބައިލާހުގެ ޙަޟްރަތުން އެދި ދަންނަވަމެވެ. އަދި ދުނިޔޭގެ ފިތުނައާއި، ކަށްވަޅުގެ ޢަޛާބުން ރައްކާތެރިކޮށްދެއްވުމަށް އިބައިލާހުގެ ޙަޟްރަތަށް އެދި ދަންނަވަމެވެ."" [84]."
[84] البخاري مع الفتح (6/35) برقم (2822) و(6390).,[84] ރިވާކުރެއްވީ އަލް-ބުޚާރީ، ފަތުޙުލް-ބާރީއާއެކުވާ ފޮތުގެ 6/35 ގެ ނަމްބަރު 2822 އަދި 6390 ގައެވެ.
اللَّهُمَّ إِنِّي أَعُوذُ بِكَ مِنَ البُخْلِ، وَأَعُوذُ بِكَ مِنَ الجُبْنِ، وَأَعُوذُ بِكَ مِنْ أَنْ أُرَدَّ إِلَى أَرْذَلِ العُمُرِ، وَأَعُوذُ بِكَ مِنْ فِتْنَةِ الدُّنْيَا وَعَذَابِ القَبْر,އައްލޯހުންމަ އިންނީ އަޢޫޛު ބިކަ މިނަލް ބުޚްލި، ވަ އަޢޫޛު ބިކަ މިނަލް ޖުބްނި، ވަ އަޢޫޛު ބިކަ މިން އަން އުރައްދަ އިލާ އަރްޛަލިލް ޢުމުރި، ވަ އަޢޫޛު ބިކަ މިން ފިތުނަތިއް ދުންޔާ ވަ ޢަޛާބިލް ޤަބްރް
«اللَّهُمَّ إِنِّي أَسْأَلُكَ الجَنَّةَ وَأَعُوذُ بِكَ مِنَ النَّارِ»[85].,"«اللَّهُمَّ إِنِّي أَسْأَلُكَ الجَنَّةَ وَأَعُوذُ بِكَ مِنَ النَّارِ»
 މާނައީ: ""އޭ ﷲ އެވެ! އަޅު އިބައިލާހުގެ ޙަޟްރަތުން ސުވަރުގެއަށް އެދި ދަންނަވަމެވެ. އަދި ނަރަކައިން ރައްކާތެރިކޮށްދެއްވުމަށްވެސް އެދި ދަންނަވަމެވެ."" [85]."
[85] أبو داود برقم (792)، وابن ماجه برقم (910)، وانظر: صحيح ابن ماجه (2/328).,[85] ރިވާކުރެއްވީ އަބޫ ދާވޫދު ނަމްބަރު 792 ގައި، އަދި އިބްނު މާޖާ ނަމްބަރު 910 ގައެވެ. އަދި ޞަޙީޙު އިބްނު މާޖާގެ 2/328 ބައްލަވާށެވެ.
اللَّهُمَّ إِنِّي أَسْأَلُكَ الجَنَّةَ وَأَعُوذُ بِكَ مِنَ النَّار,އައްލޯހުންމަ އިންނީ އަސްއަލުކަލް ޖަންނަތަ ވައަޢޫޛު ބިކަ މިނަންނާރް
«اللَّهُمَّ بِعِلْمِكَ الغَيْبَ وَقُدْرَتِكَ عَلَى الخَلقِ أَحْيِنِي مَا عَلِمْتَ الحَيَاةَ خَيْرًا لِي، وَتَوَفَّنِي إِذَا عَلِمْتَ الْوَفَاةَ خَيْرًا لِي، اللَّهُمَّ إِنِّي أَسْأَلُكَ خَشْيَتَكَ فِي الغَيْبِ وَالشَّهَادَةِ، وَأَسْأَلُكَ كَلِمَةَ الحَقِّ فِي الرِّضَا وَالغَضَبِ، وَأَسْأَلُكَ القَصْدَ فِي الغِنَى وَالفَقْرِ، وَأَسْأَلُكَ نَعِيمًا لَا يَنْفَدُ، وَأَسْأَلُكَ قُرَّةَ عَيْنٍ لَا تَنْقَطِعُ، وَأَسْأَلُكَ الرِّضَا بَعْدَ القَضَاءِ، وَأَسْأَلُكَ بَرْدَ العَيْشِ بَعْدَ المَوْتِ، وَأَسْأَلُكَ لَذَّةَ النَّظَرِ إِلَى وَجْهِكَ، وَالشَّوْقَ إِلَى لِقَائِكَ فِي غَيرِ ضَرَّاءَ مُضِرَّةٍ، وَلَا فِتْنَةٍ مُضِلَّةٍ، اللَّهُمَّ زَيِّنَا بِزِينَةِ الإِيمَانِ، وَاجْعَلْنَا هُدَاةً مُهْتَدِينَ»[86].,"«اللَّهُمَّ بِعِلْمِكَ الغَيْبَ وَقُدْرَتِكَ عَلَى الخَلقِ أَحْيِنِي مَا عَلِمْتَ الحَيَاةَ خَيْرًا لِي، وَتَوَفَّنِي إِذَا عَلِمْتَ الْوَفَاةَ خَيْرًا لِي، اللَّهُمَّ إِنِّي أَسْأَلُكَ خَشْيَتَكَ فِي الغَيْبِ وَالشَّهَادَةِ، وَأَسْأَلُكَ كَلِمَةَ الحَقِّ فِي الرِّضَا وَالغَضَبِ، وَأَسْأَلُكَ القَصْدَ فِي الغِنَى وَالفَقْرِ، وَأَسْأَلُكَ نَعِيمًا لَا يَنْفَدُ، وَأَسْأَلُكَ قُرَّةَ عَيْنٍ لَا تَنْقَطِعُ، وَأَسْأَلُكَ الرِّضَا بَعْدَ القَضَاءِ، وَأَسْأَلُكَ بَرْدَ العَيْشِ بَعْدَ المَوْتِ، وَأَسْأَلُكَ لَذَّةَ النَّظَرِ إِلَى وَجْهِكَ، وَالشَّوْقَ إِلَى لِقَائِكَ فِي غَيرِ ضَرَّاءَ مُضِرَّةٍ، وَلَا فِتْنَةٍ مُضِلَّةٍ، اللَّهُمَّ زَيِّنَا بِزِينَةِ الإِيمَانِ، وَاجْعَلْنَا هُدَاةً مُهْتَدِينَ»
 މާނައީ: ""އޭ ﷲ އެވެ! އިބައިލާހު ޣައިބު ދެނެވޮޑިގެންވާ ކަމުންނާއި، ޚަލްޤުތަކުންގެ މައްޗަށް ކުޅަދުންވަންތަވެ ވޮޑިގެންވާކަން މެދުވެރިކޮށް (ދަންނަވަމެވެ.) މި އަޅާ ދިރިހުރުން މި އަޅާއަށްޓަކައި ހެޔޮވެގެންވާކަމަށް އިބައިލާހު ދެނެވޮޑިގެންވާހާ ހިނދަކު މި އަޅާ ދިރިލަހައްޓަވާށިއެވެ! އަދި މަރުވުން މި އަޅާއަށްޓަކައި ހެޔޮވެގެންވާކަމަށް އިބައިލާހު ދެނެވޮޑިގެންވަނީނަމަ، މި އަޅާގެ މަރުގަންނަވާށިއެވެ! އޭ ﷲ އެވެ! ހަމަކަށަވަރުން ނުފެންނަތަނާއި ފެންނަތަނުގައި އިބައިލާހަށް ބިރުވެތިވުމުގެ ޞިފަ ދެއްވުމަށް އަޅު އެދި ދަންނަވަމެވެ. އަދި ރުހުމާއި ރުޅިއައުމުގައިވެސް ޙައްޤު ބަސްބުނުމަށް (ތައުފީޤުދެއްވުމަށް) މި އަޅާ އެދި ދަންނަވަމެވެ. އަދި ތަނަވަސްކަމާއި ފަޤީރުކަމުގައި މެދުމިންވުން ދެއްވުމަށް އެދި ދަންނަވަމެވެ. އަދި ނެތިހުސްވުމެއް ނުވާ ނިޢުމަތް ދެއްވުމަށް މި އަޅާ އެދެމެވެ. އަދި މެދުކެނޑުމެއްނުވާ ލޮލުގެ ފިނިކަން ދެއްވުމަށްވެސް އެދި ދަންނަވަމެވެ. އަދި ނިޔާކަނޑައެޅުމަށްފަހު (މިންވަރުފުޅަށް) ރުހުން ދެއްވުމަށް އެދި އިބައިލާހުގެ ޙަޟްރަތުން ދަންނަވަމެވެ. އަދި މަރުވުމަށް ފަހު އަރާމު ފިނި ދިރިއުޅުން ދެއްވުމަށް އެދި އިބައިލާހުގެ ޙަޟްރަތަށް ދަންނަވަމެވެ. އަދި އިބައިލާހުގެ މޫނުފުޅަށް ބެލުމުގެ ލައްޒަތާއި، އަދި ގެއްލުންދެނިވި އުނދަގުލެއް އަދި މަގުފުރައްދަނިވި ފިތުނައެއްގައި ނުވެ، އިބައިލާހާ ބައްދަލުކުރުމުގެ ޝައުޤުވެރިިކަން ދެއްވުމަށްވެސް އެދި ދަންނަވަމެވެ. އޭ ﷲ އެވެ! އީމާންކަމުގެ ޒީނަތްތެރިކަމުން އަޅަމެން ޒީނަތްތެރިކޮށްދެއްވާށިއެވެ. އަދި ތެދުމަގު ލިބިގެންވާ، ތެދުމަގުދައްކާ ބަޔަކުކަމުގައި އަޅަމެން ލައްވާށިއެވެ."" [86]."
[86] النسائي (3/54) (55) برقم (1304)، وأحمد (4/364) برقم (21666)، وصححه الألباني في صحيح النسائي (1/281).,[86] ރިވާކުރެއްވީ އައް-ނަސާއީ 3/54 ގެ ނަމްބަރު 1304 ގައި، އަދި އަޙްމަދު 4/364 ގެ ނަމްބަރު 21666 ގައެވެ. އަދިޞަޙީޙުއް-ނަސާއީގެ 1/281 ގައި އަލް-އަލްބާނީ އެ ރިވާޔަތް ޞައްޙަކުރެއްވިއެވެ.
اللَّهُمَّ بِعِلْمِكَ الغَيْبَ وَقُدْرَتِكَ عَلَى الخَلقِ أَحْيِنِي مَا عَلِمْتَ الحَيَاةَ خَيْرًا لِي، وَتَوَفَّنِي إِذَا عَلِمْتَ الْوَفَاةَ خَيْرًا لِي، اللَّهُمَّ إِنِّي أَسْأَلُكَ خَشْيَتَكَ فِي الغَيْبِ وَالشَّهَادَةِ، وَأَسْأَلُكَ كَلِمَةَ الحَقِّ فِي الرِّضَا وَالغَضَبِ، وَأَسْأَلُكَ القَصْدَ فِي الغِنَى وَالفَقْرِ، وَأَسْأَلُكَ نَعِيمًا لَا يَنْفَدُ، وَأَسْأَلُكَ قُرَّةَ عَيْنٍ لَا تَنْقَطِعُ، وَأَسْأَلُكَ الرِّضَا بَعْدَ القَضَاءِ، وَأَسْـأَلُكَ بَرْدَ العَيْشِ بَعْدَ المَوْتِ، وَأَسْأَلُكَ لَذَّةَ النَّظَرِ إِلَى وَجْهِكَ، وَالشَّوْقَ إِلَى لِقَائِكَ فِي غَيرِ ضَرَّاءَ مُضِرَّةٍ، وَلَا فِتْنَةٍ مُضِلَّةٍ، اللَّهُمَّ زَيِّنَا بِزِينَةِ الإِيمَانِ، وَاجْعَلْنَا هُدَاةً مُهْتَدِين,އައްލޯހުންމަ ބިޢިލްމިކަލް ޣައިބަ، ވަޤުދްރަތިކަ ޢަލަލް ޚަލްޤި، އަޙްޔިނީ މާ ޢަލިމްތަލް ޙަޔާތަ ޚައިރައް ލީ، ވަތަވައްފަނީ އިޛާ ޢަލިމްތަލް ވަފާތަ ޚައިރައް ލީ، އައްލޯހުންމަ އިންނީ އަސްއަލުކަ ޚަޝްޔަތަކަ ފިލް ޣައިބި ވައްޝަހާދަހް، ވައަސްއަލުކަ ކަލިމަތަލް ޙައްޤި ފިއް ރިޟާ ވަލްޣަޟަބް، ވައަސްއަލުކަލް ޤަޞްދަ ފިލް ޣިނާ ވަލްފަޤްރް، ވައަސްއަލުކަ ނަޢީމައް ލާ ޔަންފަދު، ވައަސްއަލުކަ ޤުއްރަތަ ޢައިނިއް ލާ ތަންޤަޠިޢު، ވައަސްއަލުކައް ރިޟާ ބަޢުދަލް ޤަޟާ، ވައަސްއަލުކަ ބަރްދަލް ޢައިޝި ބަޢުދަލް މައުތި، ވައަސްއަލުކަ ލައްޛަތައް ނަޡަރި އިލާ ވަޖްހިކަ، ވައްޝައުޤަ އިލާ ލިޤާއިކަ، ފީ ޣައިރި ޟައްރާއަ މުޟިއްރަހް، ވަލާ ފިތުނަތިން މުޟިއްލަހް، އައްލޯހުންމަ ޒައްޔިންނާ ބިޒީނަތިލް އީމާން، ވަޖްޢަލްނާ ހުދާތަން މުހްތަދީން
«اللَّهُمَّ إِنِّي أَسْأَلُكَ يَا أَللَّهُ بِأَنَّكَ الوَاحِدُ الأَحَدُ الصَّمَدُ الَّذِي لَمْ يَلِدْ وَلَمْ يُولَدْ، وَلَمْ يَكُنْ لَهُ كُفُوًا أَحَدٌ، أَنْ تَغْفِرَ لِي ذُنُوبِي إِنَّكَ أَنْتَ الغَفُورُ الرَّحِّيمُ»[87].,"«اللَّهُمَّ إِنِّي أَسْأَلُكَ يَا أَللَّهُ بِأَنَّكَ الوَاحِدُ الأَحَدُ الصَّمَدُ الَّذِي لَمْ يَلِدْ وَلَمْ يُولَدْ، وَلَمْ يَكُنْ لَهُ كُفُوًا أَحَدٌ، أَنْ تَغْفِرَ لِي ذُنُوبِي إِنَّكَ أَنْتَ الغَفُورُ الرَّحِّيمُ»
 މާނައީ: ""އޭ ﷲ އެވެ! އިބައިލާހީ އުފަންނުކުރާ އަދި އެހެން ފަރާތަކަށް އުފަންވެވޮޑިގެންނުވާ، އަދި އެ ފަރާތަކާ އެއްފަދަ އެހެންއެއްވެސް ފަރާތެއްނުވާ، އެއްކައުވަންތަ، އެކަހެރިވެވޮޑިގެންވާ، އެފަރާތް އެހެން ފަރާތަކަށް ބޭނުންވެވޮޑިގެންނުވާ، އެ ފަރާތަށް އެހެންފަރާތްތަކުން ބޭނުންޖެހިގެންވާ ފަރާތްކަމުގައި އިބައިލާހު ވުން މެދުވެރިކޮށް މި އަޅާ މި އެދެނީ އަޅުގެ ފާފަތައް ފުއްސަވާދެއްވުމަށެވެ. ހަމަކަށަވަރުން އިބައިލާހީ ގިނަގިނައިން ފާފަފުއްސަވާ އޯގާވަންތަ އިލާހެވެ."" [87]."
[87] أخرجه النسائي، (3/ 52) برقم (1300) بلفظه، وأحمد (4/338) برقم (18974)، وصححه الألباني في صحيح النسائي (1/280).,[87] މި ޙަދީޘް ނެރުއްވީ އައް-ނަސާއީ 52/3 ގެ ނަމްބަރު 1300 ގައި މި ލަފްޒުންނެވެ. އަދި އަޙްމަދު 4/338 ގެ ނަމްބަރު 18974 ގައެވެ. އަދިޞަޙީޙުއް-ނަސާއީގެ 1/280 ގައި އަލް-އަލްބާނީ އެ ރިވާޔަތް ޞައްޙަކުރެއްވިއެވެ.
اللَّهُمَّ إِنِّي أَسْأَلُكَ يَا أَللَّهُ بِأَنَّكَ الوَاحِدُ الأَحَدُ الصَّمَدُ الَّذِي لَمْ يَلِدْ وَلَمْ يُولَدْ، وَلَمْ يَكُنْ لَهُ كُفُوًا أَحَدٌ، أَنْ تَغْفِرَ لِي ذُنُوبِي إِنَّكَ أَنْتَ الغَفُورُ الرَّحِّيم,އައްލޯހުންމަ އިންނީ އަސްއަލުކަ ޔާ އައްލޯހު ބިއަންނަކަލް ވާޙިދުލް އަޙަދުއް ޞަމަދުއްލަޛީ ލަމް ޔަލިދް ވަލަމް ޔޫލަދް، ވަލަމް ޔަކުއް ލަހޫ ކުފުވަން އަޙަދް، އަން ތަޣްފިރަ ލީ ޛުނޫބީ އިންނަކަ އަންތަލް ޣަފޫރުއް ރަޙީމް
«اللَّهُمَّ إِنِّي أَسْأَلُكَ بِأَنَّ لَكَ الحَمْدَ لَا إِلَهَ إِلَّا أَنْتَ وَحْدَكَ لَا شَرِيكَ لَكَ، المَنَّانُ، يَا بَدِيعَ السَّمَوَاتِ وَالأَرْضِ يَا ذَا الجَلَالِ وَالإِكْرَامِ، يَا حَيُّ يَا قَيُّومُ إِنِّي أَسْأَلُكَ الجَنَّةَ وَأَعُوذُ بِكَ مِنَ النَّارِ»[88].,"«اللَّهُمَّ إِنِّي أَسْأَلُكَ بِأَنَّ لَكَ الحَمْدَ لَا إِلَهَ إِلَّا أَنْتَ وَحْدَكَ لَا شَرِيكَ لَكَ، المَنَّانُ، يَا بَدِيعَ السَّمَوَاتِ وَالأَرْضِ يَا ذَا الجَلَالِ وَالإِكْرَامِ، يَا حَيُّ يَا قَيُّومُ إِنِّي أَسْأَلُكَ الجَنَّةَ وَأَعُوذُ بِكَ مِنَ النَّارِ»
 މާނައީ: ""އޭ ﷲ އެވެ! އިބައިލާހަށް ޙަމްދު ލިބިވޮޑިގެންވާކަމާއި، އިބައިލާހު ފިޔަވައި އަޅުކަންވެވުން ޙައްޤުވެގެންވާ އެހެން އެއްވެސް އިލާހަކު ނުވާކަމާއި، އިބައިލާހު އެއްކައުވަންތަވެ، އަދި އިބައިލާހަށް އެއްވެސް ޝަރީކަކުނުވާކަމާއި، ގިނަގިނައިން އިޙްސާންތެރިވެވޮޑިގެންވާ އިލާހުކަމުގައި އިބައިލާހުވުން މެދުވެރިކޮށް ދަންނަވަމެވެ. އޭ އުޑުތަކާއި ބިން ނެތުމުގެ ތެރެއިން އެންމެ ހެއްދެވި އިލާހެވެ! އޭ މަތިވެރިކަމާއި މާތްކަމުގެ ވެރި އިލާހެވެ! އޭ ދިރިދެމިވޮޑިގެންވާ އަބަދަށް ޤާއިމުވެވޮޑިގެންވާ އިލާހެވެ! ސުވަރުގެ ދެއްވުމަށް އެދި އިބަ ﷲ ގެ ޙަޟްރަތުން މި އަޅާ ދަންނަވަމެވެ. އަދި ނަރަކައިން ސަލާމަތްކޮށްދެއްވުމަށް އެދި އިބަ ﷲ ގެ ޙަޟްރަތުން ދަންނަވަމެވެ."" [88]."
[88] رواه أهل السنن: أبو داود برقم (1495)، والترمذي برقم (3544)، وابن ماجه برقم (3858)، والنسائي برقم (1299)، وانظر: صحيح ابن ماجه (2/329).,[88] ރިވާކުރެއްވީ ސުނަނުގެ އަހުލުވެރިންނެވެ: އަބޫ ދާވޫދު، ނަމްބަރު 1495 ގައި، އަދި އައް-ތިރްމިޛީ، ނަމްބަރު 3544 ގައި، އަދި އިބްނު މާޖާ، ނަމްބަރު 3858 ގައި، އަދި އައް-ނަސާއީ، ނަމްބަރު 1299 ގައެވެ. އަދި ޞަޙީޙު އިބްނު މާޖާގެ 2/329 ބައްލަވާށެވެ.
اللَّهُمَّ إِنِّي أَسْأَلُكَ بِأَنَّ لَكَ الحَمْدَ لَا إِلَهَ إِلَّا أَنْتَ وَحْدَكَ لَا شَرِيكَ لَكَ، المَنَّانُ، يَا بَدِيعَ السَّمَوَاتِ وَالأَرْضِ يَا ذَا الجَلَالِ وَالإِكْرَامِ، يَا حَيُّ يَا قَيُّومُ إِنِّي أَسْأَلُكَ الجَنَّةَ وَأَعُوذُ بِكَ مِنَ النَّار,އައްލޯހުންމަ އިންނީ އަސްއަލުކަ ބިއަންނަ ލަކަލް ޙަމްދް، ލާއިލާހަ އިއްލާ އަންތަ، ވަޙްދަކަ ލާ ޝަރީކަ ލަކަ، އަލްމަންނާނު، ޔާ ބަދީޢައް ސަމާވާތި ވަލްއަރްޟް، ޔާ ޛަލް ޖަލާލި ވަލްއިކްރާމް، ޔާ ޙައްޔު ޔާ ޤައްޔޫމު، އިންނީ އަސްއަލުކަލް ޖަންނަތަ، ވައަޢޫޛު ބިކަ މިނައް ނާރް
«اللَّهُمَّ إِنِّي أَسْأَلُكَ بِأَنَّي أَشْهَدُ أَنَّكَ أَنْتَ اللَّهُ لَا إِلَهَ إِلَّا أَنْتَ الأَحَدُ الصَّمَدُ الَّذِي لَمْ يَلِدْ وَلَمْ يُولَدْ وَلَمْ يَكُنْ لَهُ كُفُوًا أَحَدٌ»[89].,"«اللَّهُمَّ إِنِّي أَسْأَلُكَ بِأَنَّي أَشْهَدُ أَنَّكَ أَنْتَ اللَّهُ لَا إِلَهَ إِلَّا أَنْتَ الأَحَدُ الصَّمَدُ الَّذِي لَمْ يَلِدْ وَلَمْ يُولَدْ وَلَمْ يَكُنْ لَهُ كُفُوًا أَحَدٌ»
 މާނައީ: ""އޭ ﷲ އެވެ! އިބައިލާހީ އުފަންނުކުރާ އަދި އެހެން ފަރާތަކަށް އުފަންވެވޮޑިގެންނުވާ، އަދި އެ ފަރާތަކާ އެއްފަދަ އެހެންއެއްވެސް ފަރާތެއްނުވާ، އެއްކައުވަންތަ، އެކަހެރިވެވޮޑިގެންވާ، އެފަރާތް އެހެން ފަރާތަކަށް ބޭނުންވެވޮޑިގެންނުވާ، އެ ފަރާތަށް އެހެން ފަރާތްތަކުން ބޭނުންޖެހިގެންވެ، އިބައިލާހު ފިޔަވައި އަޅުކަންވެވުން ޙައްޤުވެގެންވާ އެހެން އެއްވެސް ފަރާތެއް ނުވާ ﷲ ކަމުގައި މި އަޅާ ހެކިވާކަން މެދުވެރިކޮށް މި އަޅާ މި އެދެނީ އަޅުގެ ފާފަތައް ފުއްސަވާދެއްވުމަށެވެ. ހަމަކަށަވަރުން އިބައިލާހީ ގިނަގިނައިން ފާފަފުއްސަވާ އޯގާވަންތަ އިލާހެވެ."" [89]."
[89] أبو داود (2/ 62) برقم (1493)، والترمذي (5/515) برقم (3475)، وابن ماجه (2/1267) برقم (3857)، والنسائي برقم (1300) بلفظه، وأحمد برقم (18974)، وصححه الألباني في صحيح النسائي (1/280)، وانظر: صحيح ابن ماجه (2/ 329)، وصحيح الترمذي (3/163).,[89] ރިވާކުރެއްވީ އަބޫ ދާވޫދު 62/2 ގެ ނަމްބަރު 1493 ގައި، އަދި އައް-ތިރްމިޛީ 5/515 ގެ ނަމްބަރު 3475 ގައި، އަދި އިބްނު މާޖާ 2/1267 ގެ ނަމްބަރު 3857 ގައި، އަދި އައް-ނަސާއީ ނަމްބަރު 1300 ގައެވެ. އަދި ޞަޙީޙު އިބްނު މާޖާގެ 329/2، އަދި ޞަޙީޙުއް-ތިރްމިޛީ 3/163 ބައްލަވާށެވެ.
اللَّهُمَّ إِنِّي أَسْأَلُكَ بِأَنَّي أَشْهَدُ أَنَّكَ أَنْتَ اللَّهُ لَا إِلَهَ إِلَّا أَنْتَ الأَحَدُ الصَّمَدُ الَّذِي لَمْ يَلِدْ وَلَمْ يُولَدْ وَلَمْ يَكُنْ لَهُ كُفُوًا أَحَد,އައްލޯހުންމަ އިންނީ އަސްއަލުކަ ބިއަންނީ އަޝްހަދު އަންނަކަ އަންތައްލޯހު، ލާއިލާހަ އިއްލާ އަންތަ، އަލްއަޙަދުއް ޞަމަދުއް ލަޛީ ލަމް ޔަލިދް ވަލަމް ޔޫލަދް، ވަލަމް ޔަކުއް ލަހޫ ކުފުވަން އަޙަދް
25. الأَذْكَارُ بَعْدَ السَّلَامِ مِنَ الصَّلَاةِ,25. ނަމާދުން ސަލާމް ދިނުމަށްފަހު ކިޔާ ޛިކުރުތައް
«أَسْتَغْفِرُ اللَّهَ,"«أَسْتَغْفِرُ اللَّهَ»
 ""މި އަޅާ ﷲ ގެ ޙަޟްރަތުން ފާފަފުއްސެވުމަށް އެދެމެވެ."""
أَسْتَغْفِرُ اللَّه,އަސްތަޣްފިރު ﷲ
(ثَلَاثًا),(ތިންފަހަރު)
اللَّهُمَّ أَنْتَ السَّلَامُ، وَمِنْكَ السَّلَامُ، تَبَارَكْتَ يَا ذَا الجَلَالِ وَالإِكْرَامِ»[90].,"«اللَّهُمَّ أَنْتَ السَّلَامُ، وَمِنْكَ السَّلَامُ، تَبَارَكْتَ يَا ذَا الجَلَالِ وَالإِكْرَامِ»
 މާނައީ: ""އޭ ﷲ އެވެ! އިބަ އިލާހުއީ ސަލާމަތްކަންދެއްވާ އައް-ސަލާމްއެވެ. އަދި ސަލާމަތްތެރިކަންވަނީ، އިބަ ﷲ ގެ ޙަޟްރަތުންނެވެ. އޭ ކީރިތިކަމާއި މާތްކަމުގެ ވެރި ފަރާތެވެ! އިބަ އިލާހު ބަރަކާތްތެރިވެ، މަތިވެރިވެވޮޑިގެންވެއެވެ."" [90]."
[90] مسلم (1/414) برقم (591).,[90] ރިވާކުރެއްވީ މުސްލިމް 1/414 ގެ ނަމްބަރު 591 ގައެވެ.
اللَّهُمَّ أَنْتَ السَّلَامُ، وَمِنْكَ السَّلَامُ، تَبَارَكْتَ يَا ذَا الجَلَالِ وَالإِكْرَام,އައްލޯހުންމަ އަންތައް ސަލާމު، ވަމިންކައް ސަލާމު، ތަބާރަކްތަ ޔާ ޛަލްޖަލާލި ވަލްއިކްރާމް
«لَا إِلَهَ إِلَّا اللَّهُ وَحْدَهُ لَا شَرِيكَ لَهُ، لَهُ المُلْكُ وَلَهُ الحَمْدُ وَهُوَ عَلَى كُلِّ شَيْءٍ قَدِيرٌ,"«لَا إِلَهَ إِلَّا اللَّهُ وَحْدَهُ لَا شَرِيكَ لَهُ، لَهُ المُلْكُ وَلَهُ الحَمْدُ وَهُوَ عَلَى كُلِّ شَيْءٍ قَدِيرٌ
 މާނައީ: ""ﷲ މެނުވީ (އަޅުކަންވެވުން ޙައްޤުވެގެންވާ) އެހެން އެއްވެސް އިލާހަކުނުވެއެވެ. އެ އިލާހު އެއްކައުވަންތައެވެ. އެ އިލާހަށް އެއްވެސް ޝަރީކަކު ބައިވެރިޔަކު ނުވެއެވެ. އެންމެހާ ރަސްކަމެއްވަނީ އެ އިލާހަށެވެ. އަދި ހުރިހާ ޙަމްދެއްވަނީ، އެ އިލާހަށެވެ. އަދި ކޮންމެ ކަމެއްގެ މައްޗަށް އެ އިލާހު ކުޅަދުންވަންތަވެވޮޑިގެންވެއެވެ."""
لَا إِلَهَ إِلَّا اللَّهُ وَحْدَهُ لَا شَرِيكَ لَهُ، لَهُ المُلْكُ وَلَهُ الحَمْدُ وَهُوَ عَلَى كُلِّ شَيْءٍ قَدِير,ލާ އިލާހަ އިއްލައްލޯހު ވަޙްދަހޫ ލާ ޝަރީކަ ލަހް، ލަހުލް މުލްކު ވަލަހުލް ޙަމްދު ވަހުވަ ޢަލާ ކުއްލި ޝައިއިން ޤަދީރް
[ثَلاثًا]،,[ތިން ފަހަރު]
اللَّهُمَّ لَا مَانِعَ لِمَا أَعْطَيْتَ، وَلَا مُعْطِيَ لِمَا مَنَعْتَ، وَلَا يَنْفَعُ ذَا الجَدِّ مِنْكَ الجَدُّ»[91].,"""اللَّهُمَّ لَا مَانِعَ لِمَا أَعْطَيْتَ، وَلَا مُعْطِيَ لِمَا مَنَعْتَ، وَلَا يَنْفَعُ ذَا الجَدِّ مِنْكَ الجَدُّ»
 މާނައީ: ""އޭ ﷲ އެވެ! އިބަ އިލާހު ދެއްވި އެއްޗެއް، މަނާކުރާނޭ ފަރާތެއް ނުވެއެވެ. އަދި އިބަ އިލާހު މަނާކުރެއްވި އެއްޗެއް، ދޭނޭ އެހެންފަރާތެއްވެސް ނުމެވެއެވެ. އަދި އެއްވެސް މަތިވެރި މޮޅުކަމެއްގެ ވެރިޔަކަށް އިބައިލާހުގެ ކިބައިން އެ މަތިވެރިކަމަކުން ފައިދާއެއް ނުކުރާނެއެވެ."" [91]."""
[91] البخاري (1/255) برقم (844)، ومسلم (1/414) برقم (593)، وما بين المعقوفين زيادة من البخاري برقم (6473).,[91] ރިވާކުރެއްވީ އަލް-ބުޚާރީ 1/255 ގެ ނަމްބަރު 844 ގައި، އަދި މުސްލިމް 1/414 ގެ ނަމްބަރު 593 ގައެވެ. އަދި ދެ ބުރެކެޓްގެ ދެމެދުގައިވާ ބަޔަކީ، އަލް-ބުޚާރީގެ ނަމްބަރު 6473 ގައި އިތުރަށްވާ ބައެކެވެ.
اللَّهُمَّ لَا مَانِعَ لِمَا أَعْطَيْتَ، وَلَا مُعْطِيَ لِمَا مَنَعْتَ، وَلَا يَنْفَعُ ذَا الجَدِّ مِنْكَ الجَد,އައްލޯހުންމަ ލާ މާނިޢަ ލިމާ އަޢްޠައިތަ، ވަލާ މުޢްޠިޔަ ލިމާ މަނަޢްތަ، ވަލާ ޔަންފަޢު ޛަލްޖައްދި މިންކަލް ޖައްދު
«لَا إِلَهَ إِلَّا اللَّهُ وَحْدَهُ لَا شَرِيكَ لَهُ، لَهُ المُلْكُ، وَلَهُ الحَمدُ، وَهُوَ عَلَى كُلِّ شَيْءٍ قَدِيرٌ، لَا حَوْلَ وَلَا قُوَّةَ إِلَّا بِاللَّهِ، لَا إِلَهَ إِلَّا اللَّهُ، وَلَا نَعْبُدُ إِلَّا إِيَّاهُ لَهُ النِّعْمَةُ وَلَهُ الفَضْلُ وَلَهُ الثَّنَاءُ الحَسَنُ، لَا إِلَهَ إِلَّا اللَّهُ مُخْلِصِينَ لَهُ الدِّينَ وَلَوْ كَرِهَ الكَافِرُونَ»[92].,"«لَا إِلَهَ إِلَّا اللَّهُ وَحْدَهُ لَا شَرِيكَ لَهُ، لَهُ المُلْكُ، وَلَهُ الحَمدُ، وَهُوَ عَلَى كُلِّ شَيْءٍ قَدِيرٌ، لَا حَوْلَ وَلَا قُوَّةَ إِلَّا بِاللَّهِ، لَا إِلَهَ إِلَّا اللَّهُ، وَلَا نَعْبُدُ إِلَّا إِيَّاهُ لَهُ النِّعْمَةُ وَلَهُ الفَضْلُ وَلَهُ الثَّنَاءُ الحَسَنُ، لَا إِلَهَ إِلَّا اللَّهُ مُخْلِصِينَ لَهُ الدِّينَ وَلَوْ كَرِهَ الكَافِرُونَ»
 މާނައީ: ""ﷲ މެނުވީ (އަޅުކަންވެވުން ޙައްޤުވެގެންވާ) އެހެން އެއްވެސް އިލާހަކުނުވެއެވެ. އެ އިލާހު އެއްކައުވަންތައެވެ. އެ އިލާހަށް އެއްވެސް ޝަރީކަކު ބައިވެރިއަކު ނުވެއެވެ. އެންމެހާ ރަސްކަމެއްވަނީ އެ އިލާހަށެވެ. އަދި ހުރިހާ ޙަމްދެއްވަނީ، އެ އިލާހަށެވެ. އަދި ކޮންމެ ކަމެއްގެ މައްޗަށް އެ އިލާހު ކުޅަދުންވަންތަވެވޮޑިގެންވެއެވެ. އެއްވެސް އާރަކާއި ބާރެއް ﷲ ގެ ޙަޟްރަތުން މެނުވީ ނުވެއެވެ. ﷲ މެނުވީ (އަޅުކަންވެވުން ޙައްޤުވެގެންވާ) އެހެން އެއްވެސް އިލާހަކު ނުވެއެވެ. އަދި އަޅަމެން އެ އިލާހަށް މެނުވީ އަޅުކަމެއް ނުކުރަމުއެވެ. ނިޢުމަތާއި، ދަރުމައާއި އަދި ރިވެތި ޘަނާވަނީ، ހަމައެކަނި އެ އިލާހަށެވެ. ﷲ މެނުވީ (އަޅުކަންވެވުން ޙައްޤުވެގެންވާ) އެހެން އެއްވެސް އިލާހަކު ނުވެއެވެ. އަދި ކާފަރުން ކިތަންމެ ނުރުހުނު ކަމުގައިވިޔަސް، އަޅަމެންނީ އެ އިލާހަށް އަޅުކަމާއި ދީން ޚާލިޞްކުރާ މީހުންނެވެ."" [92]."
[92] مسلم (1/415) برقم (594).,[92] ރިވާކުރެއްވީ މުސްލިމް 1/415 ގެ ނަމްބަރު 594 ގައެވެ.
لَا إِلَهَ إِلَّا اللَّهُ وَحْدَهُ لَا شَرِيكَ لَهُ، لَهُ المُلْكُ، وَلَهُ الحَمدُ، وَهُوَ عَلَى كُلِّ شَيْءٍ قَدِيرٌ، لَا حَوْلَ وَلَا قُوَّةَ إِلَّا بِاللَّهِ، لَا إِلَهَ إِلَّا اللَّهُ، وَلَا نَعْبُدُ إِلَّا إِيَّاهُ لَهُ النِّعْمَةُ وَلَهُ الفَضْلُ وَلَهُ الثَّنَاءُ الحَسَن، لَا إِلَهَ إِلَّا اللَّهُ مُخْلِصِينَ لَهُ الدِّينَ وَلَوْ كَرِهَ الكَافِرُون,ލާއިލާހަ އިއްލައްލޯހު ވަޙްދަހޫ ލާ ޝަރީކަ ލަހް، ލަހުލް މުލްކު، ވަލަހުލް ޙަމްދު، ވަހުވަ ޢަލާ ކުއްލި ޝައިއިން ޤަދީރް، ލާ ޙައުލަ ވަލާ ޤުއްވަތަ އިއްލާ ބިއްލާހް، ލާއިލާހަ އިއްލައްލޯހު، ވަލާ ނަޢްބުދު އިއްލާ އިއްޔާހް، ލަހުއް ނިޢުމަތު، ވަލަހުލް ފަޟްލު، ވަލަހުއް ޘަނާއުލް ޙަސަން، ލާ އިލާހަ އިއްލައްލޯހު މުޚްލިޞީނަ ލަހުއް ދީނަ ވަލައު ކަރިހަލް ކާފިރޫން
«سُبْحَانَ اللَّهِ، وَالحَمْدُ لِلَّهِ، وَاللَّهُ أَكْبَرُ,"«سُبْحَانَ اللَّهِ، وَالحَمْدُ لِلَّهِ، وَاللَّهُ أَكْبَرُ
 މާނައީ: ""ﷲ ގެ ހުސްޠާހިރުވަންތަކަމާއެވެ. އަދި ޙަމްދުހުރީ ﷲ އަށެވެ. އަދި އެންމެ ބޮޑީ ﷲ އެވެ."""
سُبْحَانَ اللَّهِ، وَالحَمْدُ لِلَّهِ، وَاللَّهُ أَكْبَر,ސުބްޙާނައްލޯހި، ވަލްޙަމްދު ލިއްލާހި، ވައްލޯހު އަކްބަރް
(ثلاثًا وثلاثين)،,(ތިރީސްތިން ފަހަރު)
لَا إِلَهَ إِلَّا اللَّهُ وَحْدَهُ لَا شَرِيكَ لَهُ، لَهُ المُلْكُ وَلَهُ الحَمْدُ وَهُوَ عَلَى كُلِّ شَيْءٍ قَدِيرٌ»[93].,"""«لَا إِلَهَ إِلَّا اللَّهُ وَحْدَهُ لَا شَرِيكَ لَهُ، لَهُ المُلْكُ وَلَهُ الحَمْدُ وَهُوَ عَلَى كُلِّ شَيْءٍ قَدِيرٌ»
 މާނައީ: ""ﷲ މެނުވީ (އަޅުކަންވެވުން ޙައްޤުވެގެންވާ) އެހެން އެއްވެސް އިލާހަކު ނުވެއެވެ. އެ އިލާހު އެއްކައުވަންތައެވެ. އެ އިލާހަށް އެއްވެސް ޝަރީކަކު ބައިވެރިއަކު ނުވެއެވެ. އެންމެހާ ރަސްކަމެއްވަނީ އެ އިލާހަށެވެ. އަދި ހުރިހާ ޙަމްދެއްވަނީ، އެ އިލާހަށެވެ. އަދި ކޮންމެ ކަމެއްގެ މައްޗަށް އެ އިލާހު ކުޅަދުންވަންތަވެވޮޑިގެންވެއެވެ."" [93]."""
[93] مسلم (1/418) برقم (597)، وفيه: «مَنْ قَالَ ذَلِكَ دُبُرَ كُلِّ صَلاةٍ غُفِرَتْ خَطَايَاهُ، وَإِنْ كَانَتْ مِثْلَ زَبَدِ البَحْرِ».,"[93] ރިވާކުރެއްވީ މުސްލިމް 1/418 ގެ ނަމްބަރު 597 ގައެވެ. އަދި އެ ރިވާޔަތުގައިވެއެވެ: ""ކޮންމެ ނަމާދެއްގެ ފަހުން އެހެން ކިޔައިފި މީހާގެ ފާފަތައް ކަނޑުގެ ފޮނުގަނޑު ފަދައިންވިޔަސް (އެހާ ގިނަވިޔަސް) ފުއްސެވޭހުއްޓެވެ."""
لَا إِلَهَ إِلَّا اللَّهُ وَحْدَهُ لَا شَرِيكَ لَهُ، لَهُ المُلْكُ وَلَهُ الحَمْدُ وَهُوَ عَلَى كُلِّ شَيْءٍ قَدِير,ލާ އިލާހަ އިއްލައްލޯހު ވަޙްދަހޫ ލާ ޝަރީކަ ލަހް، ލަހުލް މުލްކު ވަލަހުލް ޙަމްދު ވަހުވަ ޢަލާ ކުއްލި ޝައިއިން ޤަދީރް
﴿قُلۡ هُوَ ٱللَّهُ أَحَدٌ1,"﴿قُلۡ هُوَ ٱللَّهُ أَحَدٌ
 މާނައީ: ""ވިދާޅުވާށެވެ: އެއިލާހީ އެއްކައުވަންތަ ﷲ އެވެ."""
ٱللَّهُ ٱلصَّمَدُ2,"ٱللَّهُ ٱلصَّمَدُ
 މާނައީ: ""ﷲ އީ އައް-ޞަމަދުއެވެ. (އެބަހީ: އެންމެހާ ތަކެތި އެއިލާހަށް ބޭނުން ޖެހިފައިވާ، އަދި އެއްވެސް އެއްޗަކަށް އެއިލާހު ބޭނުންވެވޮޑިގެން ނުވާ އިލާހެވެ.)"""
لَمۡ يَلِدۡ وَلَمۡ يُولَدۡ3,"لَمۡ يَلِدۡ وَلَمۡ يُولَدۡ
 މާނައީ: ""އެ އިލާހަށް (އެއްވެސް ދަރިކަލެއް) އުފަންވެފައެއް ނުވެއެވެ. އަދި އެ އިލާހު (އެއްވެސް ފަރާތަކަށް) އުފަންވެވޮޑިގެންނެއް ނުވެއެވެ."""
وَلَمۡ يَكُن لَّهُۥ كُفُوًا أَحَدُۢ4﴾,"وَلَمۡ يَكُن لَّهُۥ كُفُوًا أَحَدُۢ﴾
 މާނައީ: ""އަދި އެއިލާހާ ކުފޫހަމަވާ، އެއްފަދަވާ އެހެން އެއްވެސް ފަރާތެއް ނުވެއެވެ."""
[الإخلاص: 1-4].,[އަލް-އިޚްލާޞް: 1-4].
﴿قُلۡ أَعُوذُ بِرَبِّ ٱلۡفَلَقِ1,"﴿قُلۡ أَعُوذُ بِرَبِّ ٱلۡفَلَقِ
 މާނައީ: ""ކަލޭގެފާނު ވިދާޅުވާށެވެ! ފަތިހުގެ ވެރި ރައްބުގެ ޙަޟްރަތުން ރައްކާތެރިކަން ލިބިގަންނަމެވެ."""
مِن شَرِّ مَا خَلَقَ2,"مِن شَرِّ مَا خَلَقَ
 މާނައީ: ""އެކަލާނގެ ހައްދަވާފައިވާހާ ތަކެތީގެ ނުބައިކަމުންނެވެ."""
وَمِن شَرِّ غَاسِقٍ إِذَا وَقَبَ3,"وَمِن شَرِّ غَاسِقٍ إِذَا وَقَبَ
 މާނައީ: ""އަދި ރޭގަނޑުގެ އަނދިރިކަން ގަދަވެގެންފިހިނދު، އެ ރޭގަނޑުގެ ނުބައިކަމުންވެސްމެއެވެ."""
وَمِن شَرِّ ٱلنَّفَّٰثَٰتِ فِي ٱلۡعُقَدِ4,"وَمِن شَرِّ ٱلنَّفَّٰثَٰتِ فِي ٱلۡعُقَدِ
 މާނައީ: ""އަދި ގޮށްގޮށަށް ފުމޭ މީހުން (އެބަހީ: ސިޙުރުހަދާމީހުން) ގެ ނުބައިކަމުންވެސްމެއެވެ."""
وَمِن شَرِّ حَاسِدٍ إِذَا حَسَدَ5﴾,"وَمِن شَرِّ حَاسِدٍ إِذَا حَسَدَ﴾
 މާނައީ: ""އަދި ޙަސަދަވެރިޔަކު ޙަސަދަވެރިވެއްޖެހިނދު، އޭނާގެ ނުބައިކަމުންވެސްމެއެވެ."""
[الفلق: 1-5].,[އަލް-ފަލަޤު: 1- 5].
﴿قُلۡ أَعُوذُ بِرَبِّ ٱلنَّاسِ1,"﴿قُلۡ أَعُوذُ بِرَبِّ ٱلنَّاسِ
 މާނައީ: ""ކަލޭގެފާނު ވިދާޅުވާށެވެ! މީސްތަކުންގެ ވެރިރައްބުގެ ޙަޟްރަތުން ރައްކާތެރިކަމަށް އެދެމެވެ."""
مَلِكِ ٱلنَّاسِ2,"مَلِكِ ٱلنَّاسِ
 މާނައީ: ""މީސްތަކުންގެ ރަސްވަންތަ ރަސްކަލާނގެއެވެ."""
إِلَٰهِ ٱلنَّاسِ3,"إِلَٰهِ ٱلنَّاسِ
 މާނައީ: ""މީސްތަކުންގެ އަޅުކަންކުރާ އިލާހެވެ."""
مِن شَرِّ ٱلۡوَسۡوَاسِ ٱلۡخَنَّاسِ4,"مِن شَرِّ ٱلۡوَسۡوَاسِ ٱلۡخَنَّاسِ
 މާނައީ: ""ފިލައިހުރެ ވަސްވާސްދޭ ޝައިޠާނާގެ ނުބައިކަމުންނެވެ."""
ٱلَّذِي يُوَسۡوِسُ فِي صُدُورِ ٱلنَّاسِ5,"ٱلَّذِي يُوَسۡوِسُ فِي صُدُورِ ٱلنَّاسِ
 މާނައީ: ""އެއީ މީސްތަކުންގެ ހިތްތަކުގައި ވަސްވާސް އުފައްދާ ޝައިޠާނެވެ."""
مِنَ ٱلۡجِنَّةِ وَٱلنَّاسِ6﴾,"مِنَ ٱلۡجِنَّةِ وَٱلنَّاسِ﴾
 މާނައީ: ""ޖިންނީންނާއި، މީސްތަކުންގެ ތެރެއިންވާ ޝައިޠާނުންގެ ކިބައިންނެވެ."""
[الناس: 1-6].,[އައް-ނާސް: 1- 6].
بَعْدَ كُلِّ صَلاَةٍ[94].,އެއީ ކޮންމެ ނަމާދަކަށް ފަހުގައެވެ. [94].
[94] أبو داود (2/86) برقم (1523)، والترمذي برقم (2903)، والنسائي (3/68) برقم (1335)، وانظر: صحيح الترمذي (2/8). والسور الثلاث يقال لها: المعوذات. انظر: فتح الباري (9/62).,"[94] ރިވާކުރެއްވީ އަބޫ ދާވޫދު 2/86 ގެ ނަމްބަރު 1523 ގައި، އަދި އައް-ތިރްމިޛީ ނަމްބަރު 2903 ގައި، އަދި އައް-ނަސާއީ 3/68 ގެ ނަމްބަރު 1335 ގައެވެ. އަދި ޞަޙީޙުއް-ތިރްމިޛީގެ 2/8 ބައްލަވާށެވެ. އެ ތިން ސޫރަތަށް ""އަލް-މުޢައްވިޛާތު"" އޭ ކިޔެއެވެ. ފަތުޙުލް-ބާރީގެ 9/62 ބައްލަވާށެވެ."
﴿ٱللَّهُ لَآ إِلَٰهَ إِلَّا هُوَ ٱلۡحَيُّ ٱلۡقَيُّومُۚ لَا تَأۡخُذُهُۥ سِنَةٞ وَلَا نَوۡمٞۚ لَّهُۥ مَا فِي ٱلسَّمَٰوَٰتِ وَمَا فِي ٱلۡأَرۡضِۗ مَن ذَا ٱلَّذِي يَشۡفَعُ عِندَهُۥٓ إِلَّا بِإِذۡنِهِۦۚ يَعۡلَمُ مَا بَيۡنَ أَيۡدِيهِمۡ وَمَا خَلۡفَهُمۡۖ وَلَا يُحِيطُونَ بِشَيۡءٖ مِّنۡ عِلۡمِهِۦٓ إِلَّا بِمَا شَآءَۚ وَسِعَ كُرۡسِيُّهُ ٱلسَّمَٰوَٰتِ وَٱلۡأَرۡضَۖ وَلَا يَـُٔودُهُۥ حِفۡظُهُمَاۚ وَهُوَ ٱلۡعَلِيُّ ٱلۡعَظِيمُ255﴾,"﴿ٱللَّهُ لَآ إِلَٰهَ إِلَّا هُوَ ٱلۡحَيُّ ٱلۡقَيُّومُۚ لَا تَأۡخُذُهُۥ سِنَةٞ وَلَا نَوۡمٞۚ لَّهُۥ مَا فِي ٱلسَّمَٰوَٰتِ وَمَا فِي ٱلۡأَرۡضِۗ مَن ذَا ٱلَّذِي يَشۡفَعُ عِندَهُۥٓ إِلَّا بِإِذۡنِهِۦۚ يَعۡلَمُ مَا بَيۡنَ أَيۡدِيهِمۡ وَمَا خَلۡفَهُمۡۖ وَلَا يُحِيطُونَ بِشَيۡءٖ مِّنۡ عِلۡمِهِۦٓ إِلَّا بِمَا شَآءَۚ وَسِعَ كُرۡسِيُّهُ ٱلسَّمَٰوَٰتِ وَٱلۡأَرۡضَۖ وَلَا يَـُٔودُهُۥ حِفۡظُهُمَاۚ وَهُوَ ٱلۡعَلِيُّ ٱلۡعَظِيمُ255﴾
 މާނައީ: ""ﷲ އީ، އެ އިލާހު ފިޔަވާ (އަޅުކަންކުރުން ޙައްޤުވާ) އެހެން އިލާހަކު ނުވާ އިލާހެވެ. ދިރިދެމިވޮޑިގެންވާ، ދާއިމަށް ޤާއިމުވެ ދެމިވޮޑިގެންވާ އިލާހެވެ. އަވަހާރަފުޅު އައުމެއް އަދި އަވަހާރަފުޅު ލެއްޕެވުމެއްވެސް އެއިލާހަކަށް ނުވެއެވެ. އުޑުތަކުގައި ވާހައި އެއްޗަކާއި، ބިމުގައި ވާހައި އެއްޗެއް މިލްކުވެވޮޑިގެގެންވަނީ އެއިލާހަށެވެ. އެއިލާހުގެ އިޛްނަފުޅާ ލައިގެން މެނުވީ، އެ އިލާހުގެ ޙަޟްރަތުގައި ޝަފާޢަތްތެރިވާނެ މީހަކީ ކާކު ހެއްޔެވެ؟ އެމީހުންގެ ކުރިން (އެބަހީ: ޚަލްޤުތަކުންގެ ކުރިން) އިސްވެގޮސްފައިވާހައި ކަމަކާއި، އެމީހުންގެ ފަހުން ވާނޭހާ ކަމެއްވެސް، އެއިލާހު ދެނެވޮޑިގެންވެއެވެ. އަދި އެއިލާހުގެ ޢިލްމުފުޅުގެ ތެރެއިން އެއިލާހު އިރާދަކުރެއްވިކަމެއް ފިޔަވާ، އެއްވެސް އެއްޗެއް އެމީހުންނަކަށް އެނގިގެންނެއް ނުވެއެވެ. އެއިލާހުގެ ކުރުސި، އުޑުތަކާއި ބިމުގެ އެންމެހާ ކަންކޮޅުތަކަށް ތަނަވަސް ވެގެންވެއެވެ. އަދި އެއުޑުތަކާއި ބިން ރައްކާތެރި ކުރައްވާ ހިފެހެއްޓެވުމަށް އެއިލާހުގެ ޙަޟްރަތަކަށް ކުޑަވެސް ބުރަކަމެއް ނުވެއެވެ. އަދި އެއިލާހީ މަތީގައި ވޮޑިގެންވާ، ހައިބަތުބޮޑުވެ މާތްވެގެންވާ އިލާހެވެ."""
[البقرة:255],[އަލް-ބަޤަރާ: 255]
عَقِبَ كلِّ صَلَاةٍ[95].,އެއީ ކޮންމެ ނަމާދެއް ނިންމާފައި ވިއްދައިގެންނެވެ. [95].
[95] «مَنْ قَرَأَهَا دُبُرَ كُلِّ صَلاةٍ لَمْ يَمْنَعْهُ مِنْ دُخُولِ الجَنَّةِ إِلَّا أَنْ يَمُوتَ». النسائي في عمل اليوم والليلة برقم (100)، وابن السني برقم (121)، وصححه الألباني في صحيح الجامع (5/339)، وسلسلة الأحاديث الصحيحة (2/697)، برقم (972).,"[95] ""ކޮންމެ ނަމާދެއްގެ ފަހުން އެ ތަން ކިޔަވައިފި މީހާ؛ މަރު ފިޔަވައި އޭނާ ސުވަރުގެ ވަނުން މަނާކުރާ ކަމެއް ނެތެވެ."" ރިވާކުރެއްވީ އައް-ނަސާއީ، ޢަމަލުލް-ޔައުމި ވައް-ލައިލާގެ ނަމްބަރު 100 ގައި، އަދި އިބްނުއް-ސުންނީ ނަމްބަރު 121 ގައެވެ. އަދި ޞަޙީޙުލް-ޖާމިޢުގެ 5/339 ގައި، އަދި ސިލްސިލަތުލް-އަޙާދީޘިއް-ޞަޙީޙާގެ 2/697 ގެ ނަމްބަރު 972 ގައި އަލް-އަލްބާނީ ޞައްޙަކުރެއްވިއެވެ."
«لَا إِلَهَ إِلَّا اللَّهُ وَحْدَهُ لَا شَرِيكَ لَهُ، لَهُ المُلْكُ وَلَهُ الحَمْدُ يُحْيِي وَيُمِيتُ وَهُوَ عَلَى كُلِّ شَيْءٍ قَدِيرٌ»,"«لَا إِلَهَ إِلَّا اللَّهُ وَحْدَهُ لَا شَرِيكَ لَهُ، لَهُ المُلْكُ وَلَهُ الحَمْدُ يُحْيِي وَيُمِيتُ وَهُوَ عَلَى كُلِّ شَيْءٍ قَدِيرٌ»
 މާނައީ: ""ﷲ މެނުވީ (އަޅުކަންވެވުން ޙައްޤުވެގެންވާ) އެހެން އެއްވެސް އިލާހަކު ނުވެއެވެ. އެ އިލާހު އެއްކައުވަންތައެވެ. އެ އިލާހަށް އެއްވެސް ޝަރީކަކު ބައިވެރިއަކު ނުވެއެވެ. އެންމެހާ ރަސްކަމެއްވަނީ އެ އިލާހަށެވެ. އަދި ހުރިހާ ޙަމްދެއްވަނީ، އެ އިލާހަށެވެ. އެއިލާހު ދިރުއްވާ، މަރުގަންނަވައެވެ. އަދި ކޮންމެ ކަމެއްގެ މައްޗަށް އެ އިލާހު ކުޅަދުންވަންތަވެވޮޑިގެންވެއެވެ."""
لَا إِلَهَ إِلَّا اللَّهُ وَحْدَهُ لَا شَرِيكَ لَهُ، لَهُ المُلْكُ وَلَهُ الحَمْدُ يُحْيِي وَيُمِيتُ وَهُوَ عَلَى كُلِّ شَيْءٍ قَدِير,ލާ އިލާހަ އިއްލައްލޯހު ވަޙްދަހޫ ލާ ޝަރީކަ ލަހް، ލަހުލް މުލްކު ވަލަހުލް ޙަމްދު، ޔުޙްޔީ ވަޔުމީތު ވަހުވަ ޢަލާ ކުއްލި ޝައިއިން ޤަދީރް
عَشْرَ مَرَّاتٍ بَعْدَ صَلَاةِ المَغْرِبِ وَالصُّبْحِ[96].,މަޣުރިބު ނަމާދާއި ފަތިސް ނަމާދުގެ ފަހުން ދިހަ ފަހަރު [96].
[96] رواه الترمذي (5/515) برقم (3474)، وأحمد (4/227) برقم (17990)، وانظر تخريجه في زاد المعاد (1/300).,[96] ރިވާކުރެއްވީ އައް-ތިރްމިޛީ، 5/515 ގެ ނަމްބަރު 3474 ގައި، އަދި އަޙްމަދު، 4/227 ގެ ނަމްބަރު 17990 ގައެވެ. އަދި ޒާދުލް-މަޢާދު 1/300 ގައިވާ އޭގެ ތަޚްރީޖު ބައްލަވާށެވެ.
«اللَّهُمَّ إِنِّي أَسْأَلُكَ عِلْمًا نافِعًا، وَرِزْقًا طَيِّبًا، وَعَمَلًا مُتَقَبَّلًا»,"«اللَّهُمَّ إِنِّي أَسْأَلُكَ عِلْمًا نافِعًا، وَرِزْقًا طَيِّبًا، وَعَمَلًا مُتَقَبَّلًا» 
 މާނައީ: ""އޭ ﷲ އެވެ! މި އަޅާ، އިބައިލާހުގެ ޙަޟްރަތުން ފައިދާކުރަނިވި ޢިލްމަކާއި، ހެޔޮ ރަނގަޅު ރިޒްޤަކާއި، ޤަބޫލުވެވޮޑިގެންވާ ޢަމަލެއް ދެއްވުމަށް އެދިދަންނަވަމެވެ."""
اللَّهُمَّ إِنِّي أَسْأَلُكَ عِلْمًا نافِعًا، وَرِزْقًا طَيِّبًا، وَعَمَلًا مُتَقَبَّلًا,އައްލޯހުންމަ އިންނީ އަސްއަލުކަ ޢިލްމަން ނާފިޢަން، ވަރިޒްޤަން ޠައްޔިބަން، ވަޢަމަލަން މުތަޤައްބަލަން
بَعْدَ السَّلامِ مِنْ صَلَاةِ الفَجْرِ[97].,ފަތިސް ނަމާދުން ސަލާމް ދިނުމަށްފަހުގައި. [97].
[97] ابن ماجه برقم (925)، والنسائي في عمل اليوم والليلة برقم (102)، وانظر: صحيح ابن ماجه (1/152)، ومجمع الزوائد (10/111)، وسيأتي برقم (95).,[97] ރިވާކުރެއްވީ އިބްނު މާޖާ ނަމްބަރު 925 ގައި، އަދި އައް-ނަސާއީ، ޢަމަލުލް-ޔައުމި ވައް-ލައިލާގެ ނަމްބަރު 102 ގައެވެ. އަދި ޞަޙީޙު އިބްނު މާޖާގެ 1/152، އަދި މަޖްމަޢުއް-ޒަވާއިދުގެ 10/111 ބައްލަވާށެވެ. އަދި އެ ރިވާޔަތް ނަމްބަރު 95 ގައި އަންނާނެއެވެ.
26. دُعَاءُ صَلَاةِ الاسْتِخَارَةِ,26. އިސްތިޚާރާ ނަމާދުގެ ދުޢާ
قَالَ جَابرُ بْنُ عَبْدِ اللَّهِ رَضِيَ اللَّهُ عَنْهُمَا: كَانَ رسُولُ اللَّهِ ﷺ يُعَلِّمُنَا الاسْتِخَارَةَ فِي الأُمُورِ كُلِّهَا كَمَا يُعَلِّمُنَا السُّورَةَ مِنَ القُرْآنِ، يَقُولُ:,ޖާބިރު ބްނު ޢަބްދި ﷲ رَضِيَ اللَّهُ عَنْهُمَا ވިދާޅުވިއެވެ: ﷲ ގެ ރަސޫލާ ﷺ އަހަރުމެންނަށް ޤުރްއާނުން ސޫރަތެއް އުނގަންނަވައިދެއްވާ ގޮތަށް، ހުރިހާ ކަންކަމުގައި އިސްތިޚާރާ ކުރަން އުނގަންނަވައިދެއްވައެވެ. ޙަދީޘްކުރައްވައެވެ:
«إِذَا هَمَّ أَحَدُكُمْ بِالأَمْرِ فَلْيَرْكَعْ رَكْعَتَيْنِ مِنْ غَيْرِ الفَرِيضَةِ، ثُمَّ لْيَقُلْ:,ތިޔަބައިމީހުންކުރެ މީހަކު ކަމެއްކުރަން ވިސްނާ ޤަޞްދުކުރާހިނދު، ފަހެ ފަރުޟު ނަމާދު ނޫން އެހެން (ސުންނަތް) ދެ ރަކްޢަތްކުރާށެވެ. ދެން ކިޔާހުށިކަމެވެ:
اللَّهُمَّ إِنِّي أَسْتَخِيرُكَ بِعِلْمِكَ، وَأَسْتَقْدِرُكَ بِقُدْرَتِكَ، وَأَسْأَلُكَ مِنْ فَضْلِكَ العَظِيمِ؛ فَإِنَّكَ تَقْدِرُ وَلَا أَقْدِرُ، وَتَعْلَمُ وَلَا أَعْلَمُ، وَأَنْتَ عَلَّامُ الغُيُوبِ، اللَّهُمَّ إِنْ كُنْتَ تَعْلَمُ أَنَّ هَذَا الأمْرَ - وَيُسَمِّي حَاجَتَهُ - خَيْرٌ لِي فِي دِينِي وَمَعَاشِي وَعَاقِبَةِ أَمْرِي – أَوْ قَالَ: عَاجِلِهِ وَآجِلِهِ - فَاقْدُرْهُ لِي وَيَسِّرْهُ لِي ثمَّ بَارِكْ لِي فِيهِ، وَإِنْ كُنْتَ تَعْلَمُ أَنَّ هَذَا الْأَمْرَ شَرٌّ لِي فِي دِينِي وَمَعَاشِي وَعَاقِبَةِ أَمْرِي – أَوْ قَالَ: عَاجِلِهِ وَآجِلِهِ – فَاصْرِفْهُ عَنِّي وَاصْرِفْنِي عَنْهُ وَاقْدُرْ لِيَ الْخَيْرَ حَيْثُ كَانَ، ثُمَّ أَرْضِنِي بِهِ»[98].,"اللَّهُمَّ إِنِّي أَسْتَخِيرُكَ بِعِلْمِكَ، وَأَسْتَقْدِرُكَ بِقُدْرَتِكَ، وَأَسْأَلُكَ مِنْ فَضْلِكَ العَظِيمِ؛ فَإِنَّكَ تَقْدِرُ وَلَا أَقْدِرُ، وَتَعْلَمُ وَلَا أَعْلَمُ، وَأَنْتَ عَلَّامُ الغُيُوبِ، اللَّهُمَّ إِنْ كُنْتَ تَعْلَمُ أَنَّ هَذَا الأمْرَ - وَيُسَمِّي حَاجَتَهُ - خَيْرٌ لِي فِي دِينِي وَمَعَاشِي وَعَاقِبَةِ أَمْرِي – أَوْ قَالَ: عَاجِلِهِ وَآجِلِهِ - فَاقْدُرْهُ لِي وَيَسِّرْهُ لِي ثمَّ بَارِكْ لِي فِيهِ، وَإِنْ كُنْتَ تَعْلَمُ أَنَّ هَذَا الْأَمْرَ شَرٌّ لِي فِي دِينِي وَمَعَاشِي وَعَاقِبَةِ أَمْرِي – أَوْ قَالَ: عَاجِلِهِ وَآجِلِهِ – فَاصْرِفْهُ عَنِّي وَاصْرِفْنِي عَنْهُ وَاقْدُرْ لِيَ الْخَيْرَ حَيْثُ كَانَ، ثُمَّ أَرْضِنِي بِهِ»
 މާނައީ: ""އޭ ﷲ އެވެ! މި އަޅާ އިބައިލާހުގެ ޢިލްމުފުޅު މެދުވެރިކޮށް އެންމެ ހެޔޮގޮތް ޚިޔާރުކޮށްދެއްވުމަށް އެދެމެވެ. އަދި އިބައިލާހުގެ ކުޅަދުންވަންތަކަން މެދުވެރިކޮށް (އެންމެ ހެޔޮގޮތަށް) ކުޅަދާނަކަން ދެއްވުމަށް އެދެމެވެ. އަދި އިބައިލާހުގެ ބޮޑުވެގެންވާ ދަރުމަވަންތަކަމުން ދެއްވުމަށް އެދެމެވެ. ފަހެ ހަމަކަށަވަރުން އިބައިލާހު (ހުރިހާ ކަމަކަށް) ކުޅަދުންވަންތައެވެ. އަދި މި އަޅާވަނީ ނުކުޅެދިގެންނެވެ. އަދި އިބައިލާހު (ހުރިހާ ކަމެއް) ދެނެވޮޑިގެންވަމުއެވެ. އަދި މި އަޅާ ނުދަންނަމެވެ. އަދި އިބައިލާހީ ޣައިބުގެ ކަންކަން މޮޅަށް ދެނެވޮޑިގެންވާ އިލާހެވެ. އޭ ﷲ އެވެ! މިކަމަކީ -މިތަނުގައި އޭނާގެ ޙާޖަތް ނަންގަންނާނީއެވެ.- މި އަޅާގެ ދީނާއި، މި އަޅާގެ ދިރިއުޅުމާއި، މި އަޅާގެ ކަންތަކުގެ ނަތީޖާގެ ގޮތުން -ނުވަތަ ޙަދީޘްކުރެއްވިއެވެ: އަވަހަށް ވާން އޮތްގޮތާއި ފަހުން ވާން އޮތްގޮތަށް ބަލާއިރު- މި އަޅާއަށް ހެޔޮކަމެއްކަމުގައި އިބައިލާހު ދެނެވޮޑިގެންވަނީނަމަ، ފަހެ މިކަންތައް މި އަޅާއަށް މިންވަރުކޮށްދެއްވާ، އަދި މި ކަންތައް މި އަޅާއަށް ފަސޭހަކޮށްދެއްވާށިއެވެ! ދެން މިކަމުގައި މި އަޅާއަށް ބަރަކާތްލައްވާށިއެވެ! އަދި ހަމަކަށަވަރުން މިކަމަކީ މި އަޅާގެ ދީނާއި، މި އަޅާގެ ދިރިއުޅުމާއި، މި އަޅާގެ ކަންތަކުގެ ނަތީޖާގެގޮތުން -ނުވަތަ ޙަދީޘްކުރެއްވިއެވެ: އަވަހަށް ވާން އޮތްގޮތާއި ފަހުން ވާން އޮތްގޮތަށް ބަލާއިރު، މި އަޅާއަށް ނުބައިކަމެއް ކަމުގައި އިބައިލާހު ދެނެވޮޑިގެންވަނީނަމަ، ފަހެ މި އަޅާގެ ކިބައިން މި ކަންތައް ދުރުކޮށްދެއްވާ، އަދި މިކަންތަކުން މި އަޅާ ދުރުކޮށްދެއްވާށިއެވެ! އަދި ވީކޮންމެ ތަނަކުން ހެޔޮކަންތައް، މި އަޅާއަށް މިންވަރުކޮށްދެއްވާ، ދެން އެއަށްފަހު އެކަމަށް މި އަޅާ ރުހޭނެގޮތް މެދުވެރިކުރައްވާށިއެވެ!"" [98]"
[98] البخاري (7/ 162) برقم (1162).,[98] ރިވާކުރެއްވީ އަލް-ބުޚާރީ 162/7 ގެ ނަމްބަރު 1162 ގައެވެ.
اللَّهُمَّ إِنِّي أَسْتَخِيرُكَ بِعِلْمِكَ، وَأَسْتَقْدِرُكَ بِقُدْرَتِكَ، وَأَسْأَلُكَ مِنْ فَضْلِكَ العَظِيمِ؛ فَإِنَّكَ تَقْدِرُ وَلَا أَقْدِرُ، وَتَعْلَمُ وَلَا أَعْلَمُ، وَأَنْتَ عَلَّامُ الغُيُوبِ، اللَّهُمَّ إِنْ كُنْتَ تَعْلَمُ أَنَّ هَذَا الأمْرَ - وَيُسَمِّي حَاجَتَهُ - خَيْرٌ لِي فِي دِينِي وَمَعَاشِي وَعَاقِبَةِ أَمْرِي – أَوْ قَالَ: عَاجِلِهِ وَآجِلِهِ - فَاقْدُرْهُ لِي وَيَسِّرْهُ لِي ثمَّ بَارِكْ لِي فِيهِ، وَإِنْ كُنْتَ تَعْلَمُ أَنَّ هَذَا الْأَمْرَ شَرٌّ لِي فِي دِينِي وَمَعَاشِي وَعَاقِبَةِ أَمْرِي – أَوْ قَالَ: عَاجِلِهِ وَآجِلِهِ – فَاصْرِفْهُ عَنِّي وَاصْرِفْنِي عَنْهُ وَاقْدُرْ لِيَ الْخَيْرَ حَيْثُ كَانَ، ثُمَّ أَرْضِنِي بِه,އައްލޯހުންމަ އިންނީ އަސްތަޚީރުކަ ބިޢިލްމިކަ، ވައަސްތަޤްދިރުކަ ބިޤުދްރަތިކަ، ވައަސްއަލުކަ މިން ފަޟްލިކަލް ޢަޡީމް؛ ފައިންނަކަ ތަޤްދިރު ވަލާ އަޤްދިރު، ވަތަޢުލަމު ވަލާ އަޢުލަމު، ވައަންތަ ޢައްލާމުލް ޣުޔޫބް، އައްލޯހުންމަ އިން ކުންތަ ތަޢްލަމު އައްނަ ހާޛަލް އަމްރަ -މިތަނުގައި އޭނާގެ ޙާޖަތް ނަންގަނެފައި- ޚައިރުއް ލީ ފީ ދީނީ ވަމަޢާޝީ ވަޢާޤިބަތި އަމްރީ - ނުވަތަ ޙަދީޘްކުރެއްވި: ޢާޖިލިހީ ވައާޖިލިހް - ފަޤްދުރްހު ލީ ވަޔައްސިރްހު ލީ ޘުންމަ ބާރިކް ލީ ފީހް، ވައިން ކުންތަ ތަޢްލަމު އައްނަ ހާޛަލް އަމްރަ ޝައްރުއް ލީ ފީ ދީނީ ވަމަޢާޝީ ވަޢާޤިބަތި އަމްރީ - ނުވަތަ ޙަދީޘްކުރެއްވި: ޢާޖިލިހީ ވައާޖިލިހް - ފަޞްރިފްހު ޢަންނީ ވަޞްރިފްނީ ޢަންހު ވަޤްދުރް ލިޔަލް ޚައިރަ ޙައިޘު ކާނަ، ޘުންމަ އަރްޟިނީ ބިހް
وَمَا نَدِمَ مَنِ اسْتَخَارَ الخَالِقَ، وَشَاوَرَ المَخْلُوقِينَ المُؤْمِنِينَ وَتَثَبَّتَ فِي أَمْرِهِ، فَقَدْ قَالَ اللَّهُ سبحانه وتعالى:,ޚާލިޤުވަންތަ އިލާހުގެ ޙަޟްރަތުން އެންމެ ހެޔޮގޮތް ޚިޔާރުކޮށްދެއްވުމަށް އިސްތިޚާރާކޮށް، އަދި މުއުމިނު މަޚްލޫޤުންނާ މަޝްވަރާކޮށް، އޭނާގެ ކަންތަކުގައި (އަވަސްއަރުވާނުލައި) ޘާބިތުކޮށް ކަށަވަރުކޮށްފި މީހަކު ހިތާމަކޮށްފައި ނުވެއެވެ. ފަހެ ހަމަކަށަވަރުން ﷲ ސުބްޙާނަހޫ ވަތަޢާލާ ވަޙީކުރެއްވިއެވެ:
﴿...وَشَاوِرۡهُمۡ فِي ٱلۡأَمۡرِۖ فَإِذَا عَزَمۡتَ فَتَوَكَّلۡ عَلَى ٱللَّهِ...﴾ [99].,"﴿...وَشَاوِرۡهُمۡ فِي ٱلۡأَمۡرِۖ فَإِذَا عَزَمۡتَ فَتَوَكَّلۡ عَلَى ٱللَّهِ...﴾
 މާނައީ: ""...އަދި ކަންކަމުގައި ކަލޭގެފާނު އެމީހުންނާ މަޝްވަރާކުރައްވާށެވެ! ދެން (ކަމަކާމެދު) ކަލޭގެފާނު ޢަޒުމު ކަނޑައަޅުއްވައިފިނަމަ، ފަހެ ކަލޭގެފާނު ﷲ އަށް ވަކީލުކުރައްވާށެވެ!.."" [99]."
[99] سورة آل عمران: 159 .,[99] އާލު ޢިމްރާނު ސޫރަތް: 159.
27. أَذْكَارُ الصَّبَاحِ وَالمَسَاءِ,27. ހެނދުނާއި ހަވީރުގެ ޛިކުރުތައް
«الحَمْدُ لِلَّهِ وَحْدَهُ، وَالصَّلَاةُ وَالسَّلَامُ عَلَى مَنْ لَا نَبِيَّ بَعْدَهُ»[100].,ޙަމްދުހުރީ ހަމައެކަނި އެއްކައުވަންތަ ﷲ އަށެވެ. ޞަލަވާތާއި ސަލާމް ހުރީ އެކަލޭގެފާނަށްފަހު އެހެން ނަބިއްޔެއް ނުވާ ކަލޭގެފާނުގެ މައްޗަށެވެ. [100].
[100] عن أنس يرفعه: «‌لَأَنْ أَقْعُدَ مَعَ قَوْمٍ يَذْكُرُونَ اللَّهَ تَعَالَى مِنْ صَلاةِ الْغَدَاةِ حَتَّى تَطْلُعَ الشَّمْسُ أَحَبُّ إِلَيَّ مِنْ أَنْ أُعْتِقَ أَرْبَعَةً مِنْ وَلَدِ إِسْمَاعِيلَ، وَلَأَنْ أَقْعُدَ مَعَ قَوْمٍ يَذْكُرُونَ اللَّهَ مِنْ صَلاةِ الْعَصْرِ إِلَى أَنْ تَغْرُبَ الشَّمْسُ أَحَبُّ إِلَيَّ مِنْ أَنْ أُعْتِقَ أَرْبَعَةً». أبو داود برقم (3667)، وحسنه الألباني في صحيح أبي داود (2/698).,"[100] އަނަސްގެ އަރިހުން މަރްފޫޢުކޮށް (ނަބިއްޔާ ﷺ އަށް ނިސްބަތްކުރައްވާ) ރިވާކުރެއްވިއެވެ: ""ފަތިސް ނަމާދުން ފަށައިގެން އިރު އަރައިފުމަށް ދާންދެން ﷲ ތަޢާލާގެ މަތިން ހަނދުމަކޮށް ޛިކުރުކުރަން ތިބި ބަޔަކާއެކު ތިމަންކަލޭގެފާނު އިށީންދެވަޑައިގެން އިންނެވުން، އިސްމާޢީލުގެފާނުގެ ދަރިފަސްކޮޅުން ހަތަރު އަޅުން މިނިވަންކުރެއްވުމަށް ވުރެވެސް ތިމަންކަލޭގެފާނަށް ލޮބުވެތިކަން ބޮޑެވެ. އަދި ޢަޞްރު ނަމާދުން ފަށައިގެން އިރު އޮއްސުމަށް ދާންދެން ﷲ ގެ މަތިން ހަނދުމަކޮށް ޛިކުރުކުރުމުގައި ތިބި ބަޔަކާއެކު ތިމަންކަލޭގެފާނު އިށީންދެވަޑައިގެން އިންނެވުންވެސް، ހަތަރު އަޅުން މިނިވަންކުރުމަށްވުރެ ތިމަންކަލޭގެފާނަށް ލޮބުވެތިކަން ބޮޑުވެގެންވެއެވެ."" ރިވާކުރެއްވީ އަބޫ ދާވޫދު، ނަމްބަރު 3667 ގައެވެ. އަދި ޞަޙީޙު އަބީ ދާވޫދުގެ 2/698 ގައި އަލް-އަލްބާނީ މި ޙަދީޘް ޙަސަނުކުރެއްވިއެވެ."
أَعُوذُ بِاللَّهِ مِنَ الشَّيطَانِ الرَّجِيمِ,"أَعُوذُ بِاللَّهِ مِنَ الشَّيطَانِ الرَّجِيمِ
 މާނައީ: ""ރަޙްމަތުން ބޭރުކުރެވިގެންވާ ޝައިޠާނާގެ ކިބައިން ރައްކާތެރިކޮށްދެއްވުމަށް ﷲ ގެ ޙަޟްރަތުގައި އަޅު އެދި ދަންނަވަމެވެ."""
﴿ٱللَّهُ لَآ إِلَٰهَ إِلَّا هُوَ ٱلۡحَيُّ ٱلۡقَيُّومُۚ لَا تَأۡخُذُهُۥ سِنَةٞ وَلَا نَوۡمٞۚ لَّهُۥ مَا فِي ٱلسَّمَٰوَٰتِ وَمَا فِي ٱلۡأَرۡضِۗ مَن ذَا ٱلَّذِي يَشۡفَعُ عِندَهُۥٓ إِلَّا بِإِذۡنِهِۦۚ يَعۡلَمُ مَا بَيۡنَ أَيۡدِيهِمۡ وَمَا خَلۡفَهُمۡۖ وَلَا يُحِيطُونَ بِشَيۡءٖ مِّنۡ عِلۡمِهِۦٓ إِلَّا بِمَا شَآءَۚ وَسِعَ كُرۡسِيُّهُ ٱلسَّمَٰوَٰتِ وَٱلۡأَرۡضَۖ وَلَا يَـُٔودُهُۥ حِفۡظُهُمَاۚ وَهُوَ ٱلۡعَلِيُّ ٱلۡعَظِيمُ255﴾,"﴿ٱللَّهُ لَآ إِلَٰهَ إِلَّا هُوَ ٱلۡحَيُّ ٱلۡقَيُّومُۚ لَا تَأۡخُذُهُۥ سِنَةٞ وَلَا نَوۡمٞۚ لَّهُۥ مَا فِي ٱلسَّمَٰوَٰتِ وَمَا فِي ٱلۡأَرۡضِۗ مَن ذَا ٱلَّذِي يَشۡفَعُ عِندَهُۥٓ إِلَّا بِإِذۡنِهِۦۚ يَعۡلَمُ مَا بَيۡنَ أَيۡدِيهِمۡ وَمَا خَلۡفَهُمۡۖ وَلَا يُحِيطُونَ بِشَيۡءٖ مِّنۡ عِلۡمِهِۦٓ إِلَّا بِمَا شَآءَۚ وَسِعَ كُرۡسِيُّهُ ٱلسَّمَٰوَٰتِ وَٱلۡأَرۡضَۖ وَلَا يَـُٔودُهُۥ حِفۡظُهُمَاۚ وَهُوَ ٱلۡعَلِيُّ ٱلۡعَظِيم﴾
 މާނައީ: ""ﷲ އީ، އެ އިލާހު ފިޔަވާ (އަޅުކަންކުރުން ޙައްޤުވާ) އެހެން އިލާހަކު ނުވާ އިލާހެވެ. ދިރިދެމިވޮޑިގެންވާ، ދާއިމަށް ޤާއިމުވެ ދެމިވޮޑިގެންވާ އިލާހެވެ. އަވަހާރަފުޅު އައުމެއް އަދި އަވަހާރަފުޅު ލެއްޕެވުމެއްވެސް އެއިލާހަކަށް ނުވެއެވެ. އުޑުތަކުގައި ވާހައި އެއްޗަކާއި، ބިމުގައި ވާހައި އެއްޗެއް މިލްކުވެވޮޑިގެގެންވަނީ އެއިލާހަށެވެ. އެއިލާހުގެ އިޛްނަފުޅާ ލައިގެން މެނުވީ، އެ އިލާހުގެ ޙަޟްރަތުގައި ޝަފާޢަތްތެރިވާނެ މީހަކީ ކާކު ހެއްޔެވެ؟ އެމީހުންގެ ކުރިން (އެބަހީ: ޚަލްޤުތަކުންގެ ކުރިން) އިސްވެގޮސްފައިވާހައި ކަމަކާއި، އެމީހުންގެ ފަހުން ވާނޭހާ ކަމެއްވެސް، އެއިލާހު ދެނެވޮޑިގެންވެއެވެ. އަދި އެއިލާހުގެ ޢިލްމުފުޅުގެ ތެރެއިން އެއިލާހު އިރާދަކުރެއްވިކަމެއް ފިޔަވާ، އެއްވެސް އެއްޗެއް އެމީހުންނަކަށް އެނގިގެންނެއް ނުވެއެވެ. އެއިލާހުގެ ކުރުސި، އުޑުތަކާއި ބިމުގެ އެންމެހާ ކަންކޮޅުތަކަށް ތަނަވަސް ވެގެންވެއެވެ. އަދި އެއުޑުތަކާއި ބިން ރައްކާތެރި ކުރައްވާ ހިފެހެއްޓެވުމަށް އެއިލާހުގެ ޙަޟްރަތަކަށް ކުޑަވެސް ބުރަކަމެއް ނުވެއެވެ. އަދި އެއިލާހީ މަތީގައި ވޮޑިގެންވާ، ހައިބަތުބޮޑުވެ މަތިވެރިވެގެންވާ އިލާހެވެ."""
[البقرة:255][101].,[އަލް-ބަޤަރާ: 255] [101].
"[101] «مَن قَالَهَا حِينَ يُصْبِحُ أُجِيرَ مِنَ الجِنِّ حَتَّى يُمْسِي، وَمَن قَالَهَا حِينَ يُمْسِي أُجِيرَ مِنْهُمْ حَتَّى يُصْبِح». أخرجه الحاكم (1/562)، وصححه الألباني في صحيح الترغيب والترهيب (1/273)، وعزاه إلى النسائي، والطبراني، وقال: ""إسناد الطبراني جيد"".","[101] ""ފަތިސްވާހިނދު އެހެން ކިޔައިފި މީހާ، ހަވީރުވެއްޖައުމަށް ދާންދެން ޖިންނީންގެ ކިބައިން ރައްކާތެރިކުރެވޭ ހުއްޓެވެ. އަދި ހަވީރުވާހިނދު އެހެން ކިޔައިފި މީހާ، ފަތިސްވެއްޖައުމަށް ދާންދެން އެމީހުންގެ ކިބައިން ރައްކާތެރިކުރެވޭ ހުއްޓެވެ."" މި ޙަދީޘް ނެރުއްވީ އަލް-ޙާކިމު 1/562 ގައެވެ. އަދި ޞަޙީޙުއް-ތަރްޣީބު ވައް-ތަރްހީބުގެ 1/273 ގައި އަލް-އަލްބާނީ މި ޙަދީޘް ޞައްޙަކުރެއްވިއެވެ. އަދި އައް-ނަސާއީ އާއި، އައް-ޠަބަރާނީއަށް ނިސްބަތްކުރައްވާފައި ވިދާޅުވިއެވެ: ""އައް-ޠަބަރާނީގެ ސަނަދުގެ ރަނގަޅެވެ."""
﴿قُلۡ هُوَ ٱللَّهُ أَحَدٌ1,"﴿قُلۡ هُوَ ٱللَّهُ أَحَدٌ
 މާނައީ: ""ކަލޭގެފާނު ވިދާޅުވާށެވެ! އެއީ އެއްކައުވަންތަ اللَّهއެވެ."
ٱللَّهُ ٱلصَّمَدُ2,"ٱللَّهُ ٱلصَّمَدُ
 މާނައީ: ""ﷲ އީ އައް-ޞަމަދުއެވެ. (އެބަހީ: އެންމެހާ ތަކެތި އެއިލާހަށް ބޭނުން ޖެހިފައިވާ، އަދި އެއްވެސް އެއްޗަކަށް އެއިލާހު ބޭނުންވެވޮޑިގެން ނުވާ އިލާހެވެ.)"""
لَمۡ يَلِدۡ وَلَمۡ يُولَدۡ3,"لَمۡ يَلِدۡ وَلَمۡ يُولَدۡ
 މާނައީ: ""އެއިލާހަށް (އެއްވެސް ދަރިކަލެއް) އުފަންވެފައެއް ނުވެއެވެ. އަދި އެއިލާހު (އެއްވެސް ފަރާތަކަށް) އުފަންވެވޮޑިގެންނެއް ނުވެއެވެ."""
وَلَمۡ يَكُن لَّهُۥ كُفُوًا أَحَدُۢ4﴾,"وَلَمۡ يَكُن لَّهُۥ كُفُوًا أَحَدُۢ﴾
 މާނައީ: ""އަދި އެއިލާހާ ކުފޫހަމަވާ، އެއްފަދަވާ އެހެން އެއްވެސް ފަރާތެއް ނުވެއެވެ."""
[الإخلاص: 1-4].,[އަލް-އިޚްލާޞް: 1-4].
﴿قُلۡ أَعُوذُ بِرَبِّ ٱلۡفَلَقِ1,"﴿قُلۡ أَعُوذُ بِرَبِّ ٱلۡفَلَقِ
 މާނައީ: ""ކަލޭގެފާނު ވިދާޅުވާށެވެ! ފަތިހުގެ ވެރި ރައްބުގެ ޙަޟްރަތުން ރައްކާތެރިކަން ލިބިގަންނަމެވެ."""
مِن شَرِّ مَا خَلَقَ2,"مِن شَرِّ مَا خَلَقَ
 މާނައީ: ""އެއިލާހު ހައްދަވާފައިވާހާ ތަކެތީގެ ނުބައިކަމުންނެވެ."""
وَمِن شَرِّ غَاسِقٍ إِذَا وَقَبَ3,"وَمِن شَرِّ غَاسِقٍ إِذَا وَقَبَ
 މާނައީ: ""އަދި ރޭގަނޑުގެ އަނދިރިކަން ގަދަވެގެންފިހިނދު، އެ ރޭގަނޑުގެ ނުބައިކަމުންވެސްމެއެވެ."""
وَمِن شَرِّ ٱلنَّفَّٰثَٰتِ فِي ٱلۡعُقَدِ4,"وَمِن شَرِّ ٱلنَّفَّٰثَٰتِ فِي ٱلۡعُقَدِ
 މާނައީ: ""އަދި ގޮށްތަކަށް ފުމޭ މީހުން (އެބަހީ: ސިޙުރުހަދާމީހުން) ގެ ނުބައިކަމުންވެސްމެއެވެ."""
وَمِن شَرِّ حَاسِدٍ إِذَا حَسَدَ5﴾,"وَمِن شَرِّ حَاسِدٍ إِذَا حَسَدَ﴾
 މާނައީ: ""އަދި ޙަސަދަވެރިޔަކު ޙަސަދަވެރިވެއްޖެހިނދު، އޭނާގެ ނުބައިކަމުންވެސްމެއެވެ."""
[الفلق: 1-5].,[އަލް-ފަލަޤު: 1- 5].
﴿قُلۡ أَعُوذُ بِرَبِّ ٱلنَّاسِ1,"﴿قُلۡ أَعُوذُ بِرَبِّ ٱلنَّاسِ
 މާނައީ: ""ކަލޭގެފާނު ވިދާޅުވާށެވެ! މީސްތަކުންގެ ވެރިރައްބުގެ ޙަޟްރަތުން ރައްކާތެރިކަމަށް އެދެމެވެ."""
مَلِكِ ٱلنَّاسِ2,"مَلِكِ ٱلنَّاسِ
 މާނައީ: ""މީސްތަކުންގެ ރަސްވަންތަ ރަސްކަލާނގެއެވެ."""
إِلَٰهِ ٱلنَّاسِ3,"إِلَٰهِ ٱلنَّاسِ
 މާނައީ: ""މީސްތަކުންގެ އަޅުކަންކުރާ އިލާހެވެ."""
مِن شَرِّ ٱلۡوَسۡوَاسِ ٱلۡخَنَّاسِ4,"مِن شَرِّ ٱلۡوَسۡوَاسِ ٱلۡخَنَّاسِ
 މާނައީ: ""ފިލައިހުރެ ވަސްވާސްދޭ ޝައިޠާނާގެ ނުބައިކަމުންނެވެ."""
ٱلَّذِي يُوَسۡوِسُ فِي صُدُورِ ٱلنَّاسِ5,"ٱلَّذِي يُوَسۡوِسُ فِي صُدُورِ ٱلنَّاسِ
 މާނައީ: ""އެއީ މީސްތަކުންގެ ހިތްތަކުގައި ވަސްވާސް އުފައްދާ ޝައިޠާނެވެ."""
مِنَ ٱلۡجِنَّةِ وَٱلنَّاسِ6﴾,"مِنَ ٱلۡجِنَّةِ وَٱلنَّاسِ﴾
 މާނައީ: ""ޖިންނީންނާއި، މީސްތަކުންގެ ތެރެއިންވާ ޝައިޠާނުންގެ ކިބައިންނެވެ."""
[الناس: 1-6],[އައް-ނާސް: 1- 6]
(ثَلاثَ مَرَّاتٍ)[102].,(ތިންފަހަރު އެވެ.) [102].
[102] «مَنْ قَالَهَا ثَلاثَ مَرَّاتٍ حِينَ يُصْبِحُ وَحِينَ يُمْسِي كَفَتْهُ مِنْ كُلِّ شَيْءٍ». أخرجه أبو داود (4/322) برقم (5082)، والترمذي، (5/567) برقم (3575)، وانظر: صحيح الترمذي (3/182).,"[102] ""ހެނދުނުވާހިނދު އަދި ހަވީރުވާހިނދު ތިންފަހަރު އެ ސޫރަތްތައް ކިޔައިފި މީހާ، ކޮންމެ ކަމަކުން އެ ސޫރަތްތައް އޭނާއަށް ފުއްދާދޭނެއެވެ."" މި ޙަދީޘް ނެރުއްވީ އަބޫ ދާވޫދު 4/322 ގެ ނަމްބަރު 5082 ގައި، އަދި އައް-ތިރްމިޛީ 5/567 ގެ ނަމްބަރު 3575 ގައެވެ. އަދި ޞަޙީޙުއް-ތިރްމިޛީގެ 3/182 ބައްލަވާށެވެ."
«أَصْبَحْنَا وَأَصْبَحَ المُلْكُ لِلَّهِ، وَالحَمْدُ لِلَّهِ، لَا إِلَهَ إلَّا اللَّهُ وَحْدَهُ لَا شَرِيكَ لَهُ، لَهُ الْمُلْكُ وَلَهُ الحَمْدُ وَهُوَ عَلَى كُلِّ شَيْءٍ قَدِيرٌ، رَبِّ أَسْأَلُكَ خَيْرَ مَا فِي هَذَا اليَوْمِ وَخَيرَ مَا بَعْدَهُ، وَأَعُوذُ بِكَ مِنْ شَرِّ مَا فِي هَذَا اليَوْمِ وَشَرِّ مَا بَعْدَهُ، رَبِّ أَعُوذُ بِكَ مِنَ الكَسَلِ وَسُوءِ الكِبَرِ، رَبِّ أَعُوذُ بِكَ مِنْ عَذَابٍ فِي النَّارِ وَعَذَابٍ فِي القَبْرِ» [103].,"«أَصْبَحْنَا وَأَصْبَحَ المُلْكُ لِلَّهِ، وَالحَمْدُ لِلَّهِ، لَا إِلَهَ إلَّا اللَّهُ وَحْدَهُ لَا شَرِيكَ لَهُ، لَهُ الْمُلْكُ وَلَهُ الحَمْدُ وَهُوَ عَلَى كُلِّ شَيْءٍ قَدِيرٌ، رَبِّ أَسْأَلُكَ خَيْرَ مَا فِي هَذَا اليَوْمِ وَخَيرَ مَا بَعْدَهُ، وَأَعُوذُ بِكَ مِنْ شَرِّ مَا فِي هَذَا اليَوْمِ وَشَرِّ مَا بَعْدَهُ، رَبِّ أَعُوذُ بِكَ مِنَ الكَسَلِ وَسُوءِ الكِبَرِ، رَبِّ أَعُوذُ بِكَ مِنْ عَذَابٍ فِي النَّارِ وَعَذَابٍ فِي القَبْرِ»
 މާނައީ: ""އަޅަމެން ހެނދުނުކޮށްފީމުއެވެ. އަދި (އެންމެހާ) ވެރިކަމެއް ﷲ އަށްޓަކައި ހެނދުނުކޮށްފިއެވެ. އަދި ހުރިހާ ޙަމްދެއްވަނީ ﷲ އަށެވެ. ﷲ މެނުވީ އަޅުކަންވެވުން ޙައްޤުވެގެންވާ އެހެން އެއްވެސް އިލާހަކު ނުވެއެވެ. އެ އިލާހު އެއްކައުވަންތައެވެ. އެ އިލާހަށް އެއްވެސް ބައިވެރިޔަކު ނުވެއެވެ. ހުރިހާ ވެރިކަމަކާއި ހުރިހާ ޙަމްދެއް ލިބިވޮޑިގެންވަނީ އެ އިލާހަށެވެ. އަދި ހުރިހާ ކަމެއްގެ މައްޗަށް އެ އިލާހު ކުޅަދުންވަންތަވެވޮޑިގެންވެއެވެ. އަޅުގެ ރައްބެވެ! މިއަދުގައި ވާހައި ހެޔޮކަމަކާއި އޭގެ ފަހުންވާ ހެޔޮކަމެއް ދެއްވުމަށް އެދި މި އަޅާ އިބައިލާހުގެ ޙަޟްރަތުން ދަންނަވަމެވެ. އަދި މިއަދުގައި ވާހައި ނުބައިކަމަކުންނާއި އޭގެ ފަހުންވާ ނުބައިކަމަކުން ރައްކާތެރި ކޮށްދެއްވުމަށްވެސް އެދި މި އަޅާ އިބައިލާހުގެ ޙަޟްރަތުން ދަންނަވަމެވެ. އޭ އަޅުގެ ރައްބެވެ! ކަންނެތްކަމާއި މުސްކުޅިކަމުގެ ނުބައި ޙާލަތުން ރައްކާތެރިކޮށްދެއްވުމަށް އެދި މި އަޅާ އިބައިލާހުގެ ޙަޟްރަތުން ދަންނަވަމެވެ. އަޅުގެ ރައްބެވެ! ނަރަކައިގެ ޢަޛާބުންނާއި ކަށްވަޅުގެ ޢަޛާބުން މިއަޅާ ރައްކާތެރިކޮށްދެއްވާށިއެވެ."" [103]."
[103] مسلم (4/2088) برقم (2723).,[103] ރިވާކުރެއްވީ މުސްލިމް 4/2088 ގެ ނަމްބަރު 2723 ގައެވެ.
أَصْبَحْنَا وَأَصْبَحَ المُلْكُ لِلَّهِ، وَالحَمْدُ لِلَّهِ، لَا إِلَهَ إلَّا اللَّهُ وَحْدَهُ لَا شَرِيكَ لَهُ، لَهُ الْمُلْكُ وَلَهُ الحَمْدُ وَهُوَ عَلَى كُلِّ شَيْءٍ قَدِيرٌ، رَبِّ أَسْأَلُكَ خَيْرَ مَا فِي هَذَا اليَوْمِ وَخَيرَ مَا بَعْدَهُ، وَأَعُوذُ بِكَ مِنْ شَرِّ مَا فِي هَذَا اليَوْمِ وَشَرِّ مَا بَعْدَهُ، رَبِّ أَعُوذُ بِكَ مِنَ الكَسَلِ وَسُوءِ الكِبَرِ، رَبِّ أَعُوذُ بِكَ مِنْ عَذَابٍ فِي النَّارِ وَعَذَابٍ فِي القَبْر,އަޞްބަޙްނާ ވައަޞްބަޙަލް މުލްކު ލިއްލާހި، ވަލްޙަމްދު ލިއްލާހި، ލާއިލާހަ އިއްލައްލޯހު ވަޙްދަހޫ ލާ ޝަރީކަ ލަހް، ލަހުލް މުލްކު، ވަލަހުލް ޙަމްދު، ވަހުވަ ޢަލާ ކުއްލި ޝައިއިން ޤަދީރް، ރައްބި އަސްއަލުކަ ޚައިރަ މާ ފީ ހާޛަލް ޔައުމި ވަޚައިރަ މާ ބަޢްދަހް، ވައަޢޫޛު ބިކަ މިން ޝައްރި މާ ފީ ހާޛަލް ޔައުމި ވަޝައްރި މާ ބަޢްދަހް، ރައްބި އަޢޫޛު ބިކަ މިނަލް ކަސަލި ވަސޫއިލް ކިބަރް، ރައްބި އަޢޫޛު ބިކަ މިން ޢަޛާބިން ފިއް ނާރި ވަޢަޛާބިން ފިލް ޤަބްރު
وإذا أمسى قال:,އަދި ހަވީރުވެއްޖެނަމަ ކިޔާނީ:
«أَمْسَيْنَا وَأَمْسَى الْمُلْكُ لِلَّهِ، وَالحَمْدُ لِلَّهِ، لَا إِلَهَ إلَّا اللَّهُ وَحْدَهُ لَا شَرِيكَ لَهُ، لَهُ الْمُلْكُ وَلَهُ الحَمْدُ وَهُوَ عَلَى كُلِّ شَيْءٍ قَدِيرٌ، رَبِّ أَسْأَلُكَ خَيْرَ مَا فِي هَذِهِ اللَّيْلَةِ، وَخَيْرَ مَا بَعْدَهَا، وَأَعُوذُ بِكَ مِنْ شَرِّ مَا فِي هَذِهِ اللَّيْلَةِ، وَشَرِّ مَا بَعْدَهَا، رَبِّ أَعُوذُ بِكَ مِنَ الكَسَلِ وَسُوءِ الكِبَرِ، رَبِّ أَعُوذُ بِكَ مِنْ عَذَابٍ فِي النَّارِ وَعَذَابٍ فِي القَبْرِ» [104].,"""«أَمْسَيْنَا وَأَمْسَى الْمُلْكُ لِلَّهِ، وَالحَمْدُ لِلَّهِ، لَا إِلَهَ إلَّا اللَّهُ وَحْدَهُ لَا شَرِيكَ لَهُ، لَهُ الْمُلْكُ وَلَهُ الحَمْدُ وَهُوَ عَلَى كُلِّ شَيْءٍ قَدِيرٌ، رَبِّ أَسْأَلُكَ خَيْرَ مَا فِي هَذِهِ اللَّيْلَةِ، وَخَيْرَ مَا بَعْدَهَا، وَأَعُوذُ بِكَ مِنْ شَرِّ مَا فِي هَذِهِ اللَّيْلَةِ، وَشَرِّ مَا بَعْدَهَا، رَبِّ أَعُوذُ بِكَ مِنَ الكَسَلِ وَسُوءِ الكِبَرِ، رَبِّ أَعُوذُ بِكَ مِنْ عَذَابٍ فِي النَّارِ وَعَذَابٍ فِي القَبْرِ»
 މާނައީ: ""އަޅަމެން ހަވީރުކޮށްފީމުއެވެ. އަދި (އެންމެހާ) ވެރިކަމެއް ﷲ އަށްޓަކައި ހަވީރުކޮށްފިއެވެ. އަދި ހުރިހާ ޙަމްދެއްވަނީ ﷲ އަށެވެ. ﷲ މެނުވީ އަޅުކަންވެވުން ޙައްޤުވެގެންވާ އެހެން އެއްވެސް އިލާހަކު ނުވެއެވެ. އެ އިލާހު އެއްކައުވަންތައެވެ. އެ އިލާހަށް އެއްވެސް ބައިވެރިޔަކު ނުވެއެވެ. ހުރިހާ ވެރިކަމަކާއި ހުރިހާ ޙަމްދެއް ލިބިވޮޑިގެންވަނީ އެ އިލާހަށެވެ. އަދި ހުރިހާ ކަމެއްގެ މައްޗަށް އެ އިލާހު ކުޅަދުންވަންތަވެވޮޑިގެންވެއެވެ. އަޅުގެ ރައްބެވެ! މި ރޭގައި ވާހައި ހެޔޮކަމަކާއި އޭގެ ފަހުންވާ ހެޔޮކަމެއް ދެއްވުމަށް އެދި މި އަޅާ އިބައިލާހުގެ ޙަޟްރަތުން ދަންނަވަމެވެ. އަދި މިރޭގައި ވާހައި ނުބައިކަމަކުންނާއި އޭގެ ފަހުންވާ ނުބައިކަމަކުން ރައްކާތެރި ކޮށްދެއްވުމަށްވެސް އެދި މި އަޅާ އިބައިލާހުގެ ޙަޟްރަތުން ދަންނަވަމެވެ. އޭ އަޅުގެ ރައްބެވެ! ކަންނެތްކަމާއި މުސްކުޅިކަމުގެ ނުބައި ޙާލަތުން ރައްކާތެރިކޮށްދެއްވުމަށް އެދި މި އަޅާ އިބައިލާހުގެ ޙަޟްރަތުން ދަންނަވަމެވެ. އަޅުގެ ރައްބެވެ! ނަރަކައިގެ ޢަޛާބުންނާއި ކަށްވަޅުގެ ޢަޛާބުން މިއަޅާ ރައްކާތެރިކޮށްދެއްވާށިއެވެ."" [104]."""
[104] المرجع السابق.,[104] އިސްވެދިޔަ މަރުޖިޢު.
أَمْسَيْنَا وَأَمْسَى الْمُلْكُ لِلَّهِ، وَالحَمْدُ لِلَّهِ، لَا إِلَهَ إلَّا اللَّهُ وَحْدَهُ لَا شَرِيكَ لَهُ، لَهُ الْمُلْكُ وَلَهُ الحَمْدُ وَهُوَ عَلَى كُلِّ شَيْءٍ قَدِيرٌ، رَبِّ أَسْأَلُكَ خَيْرَ مَا فِي هَذِهِ اللَّيْلَةِ، وَخَيْرَ مَا بَعْدَهَا، وَأَعُوذُ بِكَ مِنْ شَرِّ مَا فِي هَذِهِ اللَّيْلَةِ، وَشَرِّ مَا بَعْدَهَا، رَبِّ أَعُوذُ بِكَ مِنَ الكَسَلِ وَسُوءِ الكِبَرِ، رَبِّ أَعُوذُ بِكَ مِنْ عَذَابٍ فِي النَّارِ وَعَذَابٍ فِي القَبْرِ,އަމްސައިނާ ވައަމްސަލް މުލްކު ލިއްލާހި، ވަލްޙަމްދު ލިއްލާހި، ލާ އިލާހަ އިއްލައްލޯހު ވަޙްދަހޫ ލާ ޝަރީކަ ލަހޫ، ލަހުލް މުލްކު ވަލަހުލް ޙަމްދު ވަހުވަ ޢަލާ ކުއްލި ޝައިއިން ޤަދީރު، ރައްބި އަސްއަލުކަ ޚައިރަ މާ ފީ ހާޛިހިއް ލައިލަތި، ވަޚައިރަ މާ ބަޢްދަހާ، ވައަޢޫޛު ބިކަ މިން ޝައްރި މާ ފީ ހާޛިހިއް ލައިލަތި، ވަޝައްރި މާ ބަޢްދަހާ، ރައްބި އަޢޫޛު ބިކަ މިނަލް ކަސަލި ވަސޫއިލް ކިބަރި، ރައްބި އަޢޫޛު ބިކަ މިން ޢަޛާބިން ފިންނާރި ވަޢަޛާބިން ފިލް ޤަބްރި.
«اللَّهُمَّ بِكَ أَصْبَحْنَا، وَبِكَ أَمْسَيْنَا، وَبِكَ نَحْيَا، وَبِكَ نَمُوتُ وَإِلَيْكَ النُّشُورُ» [105].,"«اللَّهُمَّ بِكَ أَصْبَحْنَا، وَبِكَ أَمْسَيْنَا، وَبِكَ نَحْيَا، وَبِكَ نَمُوتُ وَإِلَيْكَ النُّشُورُ»
 މާނައީ: ""އޭ ﷲ އެވެ! އަޅަމެން ހެނދުނުކުރީ އިބައިލާހުގެ ވާގިފުޅާއި ރައްކާތެރިކަމާއެކުގައެވެ. އަދި އަޅަމެން ހަވީރުކުރީ އިބައިލާހުގެ ވާގިފުޅާއި ރައްކާތެރިކަމާ އެކުގައެވެ. އަދި އަޅަމެން ދިރިހުންނަނީވެސް އިބައިލާހުގެ ވާގިފުޅާއި ރައްކާތެރިކަމާ އެކުގައެވެ. އަދި އަޅަމެން މަރުވަނީވެސް އިބައިލާހުގެ ރައްކާތެރިކަމާއި ވާގިފުޅުންނެވެ. އަދި އަޅަމެން އަލުން ދިރުއްވިގެން އެނބުރި ދިޔުންވަނީ އިބައިލާހުގެ ޙަޟްރަތަށެވެ."" [105]"
[105] الترمذي (5/466) برقم (3391)، وانظر: صحيح الترمذي (3/142).,[105] ރިވާކުރެއްވީ އައް-ތިރްމިޛީ 5/466 ގެ ނަމްބަރު 3391 ގައެވެ. އަދި ޞަޙީޙުއް-ތިރްމިޛީގެ 3/142 ބައްލަވާށެވެ.
اللَّهُمَّ بِكَ أَصْبَحْنَا، وَبِكَ أَمْسَيْنَا، وَبِكَ نَحْيَا، وَبِكَ نَمُوتُ وَإِلَيْكَ النُّشُور,އައްލޯހުންމަ ބިކަ އަޞްބަޙްނާ، ވަބިކަ އަމްސައިނާ، ވަބިކަ ނަޙްޔާ، ވަބިކަ ނަމޫތު ވަ އިލައިކަން ނުޝޫރް
وإذا أمسى قال:,އަދި ހަވީރުވެއްޖެނަމަ ކިޔާނީ:
«اللَّهُمَّ بِكَ أَمْسَيْنَا، وَبِكَ أَصْبَحْنَا، وَبِكَ نَحْيَا، وَبِكَ نَمُوتُ، وَإِلَيْكَ الْمَصِيرُ» [106].,"""«اللَّهُمَّ بِكَ أَمْسَيْنَا، وَبِكَ أَصْبَحْنَا، وَبِكَ نَحْيَا، وَبِكَ نَمُوتُ، وَإِلَيْكَ الْمَصِيرُ»
 މާނައީ: ""އޭ ﷲ އެވެ! އަޅަމެން ހަވީރުކުރީ އިބައިލާހުގެ ވާގިފުޅާއި ރައްކާތެރިކަމާއެކުގައިއެވެ. އަދި އަޅަމެން ހެނދުނުކުރީ އިބައިލާހުގެ ވާގިފުޅާއި ރައްކާތެރިކަމާ އެކުގައިއެވެ. އަދި އަޅަމެން ދިރިހުންނަނީވެސް އިބައިލާހުގެ ވާގިފުޅާއި ރައްކާތެރިކަމާ އެކުގައިއެވެ. އަދި އަޅަމެން މަރުވަނީވެސް އިބައިލާހުގެ ރައްކާތެރިކަމާއި ވާގިފުޅުންނެވެ. އަދި އަޅަމެން އެނބުރި ދިޔުންވަނީ އިބައިލާހުގެ ޙަޟްރަތަށެވެ."" [106]"""
[106] المرجع السابق.,[106] އިސްވެދިޔަ މަރުޖިޢު.
اللَّهُمَّ بِكَ أَمْسَيْنَا، وَبِكَ أَصْبَحْنَا، وَبِكَ نَحْيَا، وَبِكَ نَمُوتُ، وَإِلَيْكَ الْمَصِير,އައްލޯހުންމަ ބިކަ އަމްސައިނާ، ވަބިކަ އަޞްބަޙްނާ، ވަބިކަ ނަޙްޔާ، ވަބިކަ ނަމޫތު، ވަ އިލައިކަލް މަޞީރް
«اللَّهُمَّ أَنْتَ رَبِّي لَا إِلَهَ إِلَّا أَنْتَ، خَلَقْتَنِي وَأَنَا عَبْدُكَ، وَأَنَا عَلَى عَهْدِكَ وَوَعْدِكَ مَا اسْتَطَعْتُ، أَعُوذُ بِكَ مِنْ شَرِّ مَا صَنَعْتُ، أَبُوءُ[107] لَكَ بِنِعْمَتِكَ عَلَيَّ، وَأَبُوءُ بِذَنْبِي فَاغْفِرْ لِي فَإِنَّهُ لَا يَغْفِرُ الذُّنُوبَ إِلَّا أَنْتَ»[108].,"«اللَّهُمَّ أَنْتَ رَبِّي لَا إِلَهَ إِلَّا أَنْتَ، خَلَقْتَنِي وَأَنَا عَبْدُكَ، وَأَنَا عَلَى عَهْدِكَ وَوَعْدِكَ مَا اسْتَطَعْتُ، أَعُوذُ بِكَ مِنْ شَرِّ مَا صَنَعْتُ، أَبُوءُ[107] لَكَ بِنِعْمَتِكَ عَلَيَّ، وَأَبُوءُ بِذَنْبِي فَاغْفِرْ لِي فَإِنَّهُ لَا يَغْفِرُ الذُّنُوبَ إِلَّا أَنْتَ»
 މާނައީ: ""އޭ ﷲ އެވެ! އިބަ އިލާހީ މިއަޅާގެ ރައްބެވެ. އިބަ އިލާހު ފިޔަވާ އަޅުކަންވެވުން ޙައްޤުވެގެންވާ އެހެން އެއްވެސް އިލާހަކުނުވެއެވެ. އިބަ އިލާހު މިއަޅާ ޚަލްޤުކުރެއްވިއެވެ. އަދި މިއަޅާއަކީ އިބަ އިލާހުގެ އަޅަކީމެވެ. އަދި މިއަޅާއަށް ކުޅަދާނަވީ މިންވަރަކުން މިއަޅާ މިހުރީ އިބަ އިލާހުގެ ޢަހުދާއި ވަޢުދުގެ މަތީގައެވެ. މިއަޅާއަށް ކުރެވިފައިވާ ކަންތައްތަކުގެ ނުބައިކަމުން ރައްކާތެރިކޮށްދެއްވުމަށް މިއަޅާ އިބަ އިލާހުގެ ޙަޟްރަތުން އެދި ދަންނަވަމެވެ. މިއަޅާގެ މައްޗަށްވާ އިބަ އިލާހުގެ ނިޢުމަތަށް މިއަޅާ އިޢުތިރާފުވަމެވެ. އަދި މިއަޅާގެ ފާފަތަކަށްވެސް މިއަޅާ އިޢުތިރާފުވަމެވެ. ފަހެ މިއަޅާއަށް ފާފަފުއްސަވާށިއެވެ. އެހެނީ ހަމަކަށަވަރުން އިބަ އިލާހު ފިޔަވާ ފާފަފުއްސަވާދެވޭނެ އެހެން ފަރާތެއް ނުވެއެވެ."" [108]"
[107] أقر وأعترف.,[107] أَبُوءُ: އެބަހީ: (ފާފަތަކަށް) އިޤުރާރުވެ އިޢުތިރާފުވަމެވެ.
[108] «مَنْ قَالَهَا مُوقِنًا بِهَا حِينَ يُمْسِي، فَمَاتَ مِن لَيْلَتِهِ دَخَلَ الجَنَّةَ، وَكَذَلِكَ إِذَا أَصْبَحَ». أخرجه البخاري (7/150) برقم (6306).,"[108] ""ހަވީރުވާހިނދު އެއާމެދު (އެބަހީ: އެ ދުޢާގައިހުރި ބައިތަކާމެދު) ޔަޤީންކުރާ ޙާލު އެ ކިޔައިފި މީހާ؛ ދެން އެ ރޭ އޭނާ މަރުވެއްޖެނަމަ ސުވަރުގެ ވަންނަހުއްޓެވެ. އެފަދައިންމެ ހެނދުނުކުރާހިނދުވެސްމެއެވެ."" މި ޙަދީޘް ނެރުއްވީ އަލް-ބުޚާރީ 7/150 ގެ ނަމްބަރު 6306 ގައެވެ."
اللَّهُمَّ أَنْتَ رَبِّي لَا إِلَهَ إِلَّا أَنْتَ، خَلَقْتَنِي وَأَنَا عَبْدُكَ، وَأَنَا عَلَى عَهْدِكَ وَوَعْدِكَ مَا اسْتَطَعْتُ، أَعُوذُ بِكَ مِنْ شَرِّ مَا صَنَعْتُ، أَبُوءُ لَكَ بِنِعْمَتِكَ عَلَيَّ، وَأَبُوءُ بِذَنْبِي فَاغْفِرْ لِي فَإِنَّهُ لَا يَغْفِرُ الذُّنُوبَ إِلَّا أَنْت,އައްލޯހުންމަ އަންތަ ރައްބީ، ލާ އިލާހަ އިއްލާ އަންތަ، ޚަލަޤްތަނީ ވައަނަ ޢަބްދުކަ، ވައަނަ ޢަލާ ޢަހްދިކަ ވަވަޢްދިކަ މަސްތަޠަޢްތު، އަޢޫޛު ބިކަ މިން ޝައްރި މާ ޞަނަޢްތު، އަބޫއު ލަކަ ބިނިޢްމަތިކަ ޢަލައްޔަ، ވައަބޫއު ބިޛަންބީ ފަޣްފިރް ލީ، ފައިންނަހޫ ލާ ޔަޣްފިރުއް ޛުނޫބަ އިއްލާ އަންތަ
«اللَّهُمَّ إِنِّي أَصْبَحْتُ أُشْهِدُكَ، وَأُشْهِدُ حَمَلَةَ عَرْشِكَ، وَمَلَائِكَتِكَ، وَجَمِيعَ خَلْقِكَ، أَنَّكَ أَنْتَ اللَّهُ لَا إِلَهَ إِلَّا أَنْتَ وَحْدَكَ لَا شَرِيكَ لَكَ، وَأَنَّ مُحَمَّدًا عَبْدُكَ وَرَسُولُكَ»,"«اللَّهُمَّ إِنِّي أَصْبَحْتُ أُشْهِدُكَ، وَأُشْهِدُ حَمَلَةَ عَرْشِكَ، وَمَلَائِكَتِكَ، وَجَمِيعَ خَلْقِكَ، أَنَّكَ أَنْتَ اللَّهُ لَا إِلَهَ إِلَّا أَنْتَ وَحْدَكَ لَا شَرِيكَ لَكَ، وَأَنَّ مُحَمَّدًا عَبْدُكَ وَرَسُولُكَ»
 މާނައީ: އޭ ﷲ އެވެ! މި އަޅާ ހެނދުނުކުރީ: އިބައިލާހީ އިބައިލާހު ފިޔަވައި އަޅުކަންކުރުން ޙައްޤުވެގެންވާ އެހެން އެއްވެސް އިލާހަކު ނުވާ ﷲ ކަމާއި، އިބައިލާހު އެއްކުވަންތަވެ، އަދި އިބައިލާހަށް އެއްވެސް ޝަރީކަކު ނުވާކަމަށާއި، މުޙައްމަދުގެފާނީ އިބައިލާހުގެ އަޅާ އަދި ރަސޫލާކަމަށް، މި އަޅާ އިބައިލާހު ހެކިކޮށް، އަދި އިބައިލާހުގެ ޢަރްޝު އުފުއްލަވާ ބޭކަލުންނާއި، އިބައިލާހުގެ މަލާއިކަތުންނާއި، އިބައިލާހުގެ (ހުރިހާ) ޚަލްޤުތަކުންވެސް ހެކިކުރާ ޙާލުގައެވެ."""
اللَّهُمَّ إِنِّي أَصْبَحْتُ أُشْهِدُكَ، وَأُشْهِدُ حَمَلَةَ عَرْشِكَ، وَمَلَائِكَتِكَ، وَجَمِيعَ خَلْقِكَ، أَنَّكَ أَنْتَ اللَّهُ لَا إِلَهَ إِلَّا أَنْتَ وَحْدَكَ لَا شَرِيكَ لَكَ، وَأَنَّ مُحَمَّدًا عَبْدُكَ وَرَسُولُك,އައްލޯހުންމަ އިންނީ އަޞްބަޙްތު އުޝްހިދުކަ، ވަ އުޝްހިދު ޙަމަލަތަ ޢަރްޝިކަ، ވަ މަލާއިކަތަކަ، ވަ ޖަމީޢަ ޚަލްޤިކަ، އަންނަކަ އަންތައްލޯހު ލާ އިލާހަ އިއްލާ އަންތަ ވަޙްދަކަ ލާ ޝަރީކަ ލަކަ، ވަ އަންނަ މުޙައްމަދަން ޢަބްދުކަ ވަ ރަސޫލުކް
أَرْبَعَ مَرَّاتٍ [109].,ހަތަރު ފަހަރު. [109].
[109] «مَنْ قَالَهَا حِينَ يُصْبِحُ أَوْ يُمْسِي أَرْبَعَ مَرَّاتٍ، أَعْتَقَهُ اللَّهُ مِنَ النَّارِ». أخرجه أبو داود (4/317) برقم (5071)، والبخاري في الأدب المفرد برقم (1201)، والنسائي في عمل اليوم والليلة برقم (9)، وابن السني برقم (70)، وحسّن سماحة الشيخ ابن باز رحمه الله إسناد النسائي، وأبي داود في تحفة الأخيار (ص23).,"[109] ""ހެނދުނު ނުވަތަ ހަވީރުވާހިނދު ހަތަރުފަހަރު އެތަން ކިޔައިފި މީހާ، ﷲ އޭނާ ނަރަކައިން މުއްތިކުރައްވާނެއެވެ."" މި ޙަދީޘް ނެރުއްވީ އަބޫ ދާވޫދު 4/317 ގެ ނަމްބަރު 5071 ގައި، އަދި އަލް-ބުޚާރީ، އަލް-އަދަބުލް މުފްރަދުގެ ނަމްބަރު 1201 ގައި، އަދި އައް-ނަސާއީ ޢަމަލުލް ޔައުމި ވައް-ލައިލާގެ ނަމްބަރު 9 ގައި، އަދި އިބްނުއް-ސުންނީ ނަމްބަރު 70 ގައެވެ. އަދި ތުޙްފަތުލް-އަޚްޔާރު ފޮތުގެ ޞ 23 ގައި ސަމާޙަތުއް-ޝައިޚު އިބްނު ބާޒު رحمه الله، އައް-ނަސާއީ އާއި އަބޫ ދާވޫދު ރިވާކުރެއްވި ސަނަދު ޙަސަނުކުރެއްވިއެވެ."
وإذا أمسى قال:,އަދި ހަވީރުވުމުން ކިޔާނީ:
«اللَّهُمَّ إِنِّي أَمْسَيْتُ أُشْهِدُكَ، وَأُشْهِدُ حَمَلَةَ عَرْشِكَ، وَمَلَائِكَتِكَ، وَجَمِيعَ خَلْقِكَ، أَنَّكَ أَنْتَ اللَّهُ لَا إِلَهَ إِلَّا أَنْتَ وَحْدَكَ لَا شَرِيكَ لَكَ، وَأَنَّ مُحَمَّدًا عَبْدُكَ وَرَسُولُكَ»,"""«اللَّهُمَّ إِنِّي أَمْسَيْتُ أُشْهِدُكَ، وَأُشْهِدُ حَمَلَةَ عَرْشِكَ، وَمَلَائِكَتِكَ، وَجَمِيعَ خَلْقِكَ، أَنَّكَ أَنْتَ اللَّهُ لَا إِلَهَ إِلَّا أَنْتَ وَحْدَكَ لَا شَرِيكَ لَكَ، وَأَنَّ مُحَمَّدًا عَبْدُكَ وَرَسُولُكَ»
 މާނައީ: އޭ ﷲ އެވެ! މި އަޅާ ހަވީރުކުރީ: އިބައިލާހީ އިބައިލާހު ފިޔަވައި އަޅުކަންކުރުން ޙައްޤުވެގެންވާ އެހެން އެއްވެސް އިލާހަކު ނުވާ ﷲ ކަމާއި، އިބައިލާހު އެއްކައުވަންތަވެ، އަދި އިބައިލާހަށް އެއްވެސް ޝަރީކަކު ނުވާކަމަށާއި، މުޙައްމަދުގެފާނީ އިބައިލާހުގެ އަޅާ އަދި ރަސޫލާކަމަށް، މި އަޅާ އިބައިލާހު ހެކިކޮށް، އަދި އިބައިލާހުގެ ޢަރްޝު އުފުއްލަވާ ބޭކަލުންނާއި، އިބައިލާހުގެ މަލާއިކަތުންނާއި، އިބައިލާހުގެ (ހުރިހާ) ޚަލްޤުތަކުންވެސް ހެކިކުރާ ޙާލުގައިއެވެ."""
اللَّهُمَّ إِنِّي أَمْسَيْتُ أُشْهِدُكَ، وَأُشْهِدُ حَمَلَةَ عَرْشِكَ، وَمَلَائِكَتِكَ، وَجَمِيعَ خَلْقِكَ، أَنَّكَ أَنْتَ اللَّهُ لَا إِلَهَ إِلَّا أَنْتَ وَحْدَكَ لَا شَرِيكَ لَكَ، وَأَنَّ مُحَمَّدًا عَبْدُكَ وَرَسُولُك,އައްލޯހުންމަ އިންނީ އަމްސައިތު އުޝްހިދުކަ، ވަ އުޝްހިދު ޙަމަލަތަ ޢަރްޝިކަ، ވަ މަލާއިކަތަކަ، ވަ ޖަމީޢަ ޚަލްޤިކަ، އަންނަކަ އަންތައްލޯހު ލާ އިލާހަ އިއްލާ އަންތަ ވަޙްދަކަ ލާ ޝަރީކަ ލަކަ، ވަ އަންނަ މުޙައްމަދަން ޢަބްދުކަ ވަ ރަސޫލުކް
أَرْبَعَ مَرَّاتٍ [110].,ހަތަރު ފަހަރު [110].
[110] المرجع السابق.,[110] އިސްވެދިޔަ މަރުޖިޢު.
«اللَّهُمَّ مَا أَصْبَحَ بِي مِنْ نِعْمَةٍ أَوْ بِأَحَدٍ مِنْ خَلْقِكَ فَمِنْكَ وَحْدَكَ لَا شَرِيكَ لَكَ، فَلَكَ الحَمْدُ وَلَكَ الشُّكْرُ» [111].,"«اللَّهُمَّ مَا أَصْبَحَ بِي مِنْ نِعْمَةٍ أَوْ بِأَحَدٍ مِنْ خَلْقِكَ فَمِنْكَ وَحْدَكَ لَا شَرِيكَ لَكَ، فَلَكَ الحَمْدُ وَلَكَ الشُّكْرُ»
 މާނައީ: ""އޭ ﷲ އެވެ! މިއަޅާގެ ކިބައިގައި ނުވަތަ އިބައިލާހުގެ މަޚްލޫޤުންކުރެ މަޚްލޫޤެއްގެ ކިބައިގައި އެއްވެސް ނިޢުމަތެއް ހެނދުނުކޮށްފިނަމަ، ފަހެ އެ ނިޢުމަތެއްވަނީ އެއްކައުވަންތަ އިބައިލާހުގެ ޙަޟްރަތުންނެވެ. އިބައިލާހަށް އެއްވެސް ބައިވެރިއަކު ނުވެއެވެ. ފަހެ އިބައިލާހަށް ޙަމްދުހުއްޓެވެ. އަދި އިބައިލާހަށް ޝުކުރު ހުއްޓެވެ."" [111]"
[111] «مَنْ قَالَهَا حِينَ يُصْبِحُ فَقَدْ أَدَّى شُكْرَ يَوْمِهِ، وَمَنْ قَالَهَا حِينَ يُمْسِي فَقَدْ أَدَّى شُكْرَ لَيْلَتِهِ». أخرجه أبو داود (4/ 318) برقم (5075)، والنسائي في عمل اليوم والليلة برقم (7)، وابن السني برقم (41)، وابن حبان، ((موارد)) برقم (2361)، وحسَّن ابن باز رحمه الله إسناده في تحفة الأخيار (ص24).,"[111] ""ހެނދުނުވާހިނދު އެހެން ކިޔައިފި މީހާ ފަހެ ހަމަކަށަވަރުން އެ ދުވަހުގެ ޝުކުރު އަދާކޮށްފިއެވެ. އަދި ހަވީރުވާހިނދު އެހެން ކިޔައިފި މީހާ؛ ފަހެ އެ ރޭގެ ޝުކުރު އަދާކޮށްފިއެވެ."" މި ޙަދީޘް ނެރުއްވީ އަބޫ ދާވޫދު 318/4 ގެ ނަމްބަރު 5075 ގައި، އަދި އައް-ނަސާއީ، ޢަމަލުލް-ޔައުމި ވައް-ލައިލާގެ ނަމްބަރު 7 ގައި، އަދި އިބްނުއް-ސުންނީ ނަމްބަރު 41 ގައި، އަދި އިބްނު ޙިއްބާނު ""މަވާރިދު"" ގެ ނަމްބަރު 2361 ގައެވެ. އަދި ތުޙްފަތުލް-އަޚްޔާރު ޞ 24 ގައި އިބްނު ބާޒު رحمه الله ވަނީ އޭގެ ސަނަދު ޙަސަނުކުރައްވާފައެވެ."
اللَّهُمَّ مَا أَصْبَحَ بِي مِنْ نِعْمَةٍ أَوْ بِأَحَدٍ مِنْ خَلْقِكَ فَمِنْكَ وَحْدَكَ لَا شَرِيكَ لَكَ، فَلَكَ الحَمْدُ وَلَكَ الشُّكْر,އައްލޯހުންމަ މާ އަޞްބަޙަ ބީ މިން ނިޢްމަތިން އައު ބިއަޙަދިން މިން ޚަލްޤިކަ ފަމިންކަ ވަޙްދަކަ ލާ ޝަރީކަ ލަކަ، ފަލަކަލް ޙަމްދު ވަލަކައް ޝުކްރު
وإذا أمسى قال:,އަދި ހަވީރުވެއްޖެނަމަ ކިޔާނީ:
«اللَّهُمَّ مَا أَمْسَى بِي مِنْ نِعْمَةٍ أَوْ بِأَحَدٍ مِنْ خَلْقِكَ فَمِنْكَ وَحْدَكَ لَا شَرِيكَ لَكَ، فَلَكَ الحَمْدُ وَلَكَ الشُّكْرُ»[112].,"«اللَّهُمَّ مَا أَمْسَى بِي مِنْ نِعْمَةٍ أَوْ بِأَحَدٍ مِنْ خَلْقِكَ فَمِنْكَ وَحْدَكَ لَا شَرِيكَ لَكَ، فَلَكَ الحَمْدُ وَلَكَ الشُّكْرُ»
 މާނައީ: ""އޭ ﷲ އެވެ! މިއަޅާގެ ކިބައިގައި ނުވަތަ އިބައިލާހުގެ މަޚްލޫޤުންކުރެ މަޚްލޫޤެއްގެ ކިބައިގައި އެއްވެސް ނިޢުމަތެއް ހަވީރުކޮށްފިނަމަ، ފަހެ އެ ނިޢުމަތެއްވަނީ އެއްކައުވަންތަ އިބައިލާހުގެ ޙަޟްރަތުންނެވެ. އިބައިލާހަށް އެއްވެސް ބައިވެރިއަކު ނުވެއެވެ. ފަހެ އިބައިލާހަށް ޙަމްދުހުއްޓެވެ. އަދި އިބައިލާހަށް ޝުކުރު ހުއްޓެވެ."" [112]."""
[112] المرجع السابق.,[112] އިސްވެދިޔަ މަރުޖިޢު.
اللَّهُمَّ مَا أَمْسَى بِي مِنْ نِعْمَةٍ أَوْ بِأَحَدٍ مِنْ خَلْقِكَ فَمِنْكَ وَحْدَكَ لَا شَرِيكَ لَكَ، فَلَكَ الحَمْدُ وَلَكَ الشُّكْر,އައްލޯހުންމަ މާ އަމްސާ ބީ މިން ނިޢްމަތިން އައު ބިއަޙަދިން މިން ޚަލްޤިކަ ފަމިންކަ ވަޙްދަކަ ލާ ޝަރީކަ ލަކަ، ފަލަކަލް ޙަމްދު ވަލަކައް ޝުކްރު
«اللَّهُمَّ عَافِنِي فِي بَدَنِي، اللَّهُمَّ عَافِنِي فِي سَمْعِي، اللَّهُمَّ عَافِنِي فِي بَصَرِي، لَا إِلَهَ إِلَّا أَنْتَ، اللَّهُمَّ إِنِّي أَعُوذُ بِكَ مِنَ الكُفْرِ، وَالفَقْرِ، وَأَعُوذُ بِكَ مِنْ عَذَابِ القَبْرِ، لَا إِلَهَ إِلَّا أَنْتَ»,"«اللَّهُمَّ عَافِنِي فِي بَدَنِي، اللَّهُمَّ عَافِنِي فِي سَمْعِي، اللَّهُمَّ عَافِنِي فِي بَصَرِي، لَا إِلَهَ إِلَّا أَنْتَ، اللَّهُمَّ إِنِّي أَعُوذُ بِكَ مِنَ الكُفْرِ، وَالفَقْرِ، وَأَعُوذُ بِكَ مِنْ عَذَابِ القَبْرِ، لَا إِلَهَ إِلَّا أَنْتَ»
 މާނައީ: ""އޭ ﷲ އެވެ! މި އަޅާގެ ހަށިގަނޑުގައި ޢާފިޔަތު ލައްވާށިއެވެ! އޭ ﷲ އެވެ! މި އަޅާގެ އިވުމުގައިވެސް ޢާފިޔަތު ލައްވާށިއެވެ! އޭ ﷲ އެވެ! މި އަޅާގެ ފެނުމުގައިވެސް ޢާފިިޔަތު ލައްވާށިއެވެ! އިބައިލާހު މެނުވީ ޙައްޤުވެގެން އަޅުކަންވެވޭ އިލާހަކު ނުވެއެވެ. އޭ ﷲ އެވެ! ކާފަރުކަމުންނާއި ފަޤީރުކަމުން ރައްކާތެރި ކޮށްދެއްވުމަށް މި އަޅާ އިބައިލާހުގެ ޙަޟްރަތުން އެދިދަންނަވަމެވެ. އަދި ކަށްވަޅުގެ ޢަޛާބުން ރައްކާތެރިކޮށްދެއްވުމަށްވެސް މި އަޅާ އިބަ ﷲ ގެ ޙަޟްރަތުން އެދިދަންނަވަމެވެ. އިބައިލާހު ފިޔަވައި އަޅުކަންވެވުން ޙައްޤުވެގެންވާ އެހެން އެއްވެސް އިލާހަކު ނުވެއެވެ."""
اللَّهُمَّ عَافِنِي فِي بَدَنِي، اللَّهُمَّ عَافِنِي فِي سَمْعِي، اللَّهُمَّ عَافِنِي فِي بَصَرِي، لَا إِلَهَ إِلَّا أَنْتَ، اللَّهُمَّ إِنِّي أَعُوذُ بِكَ مِنَ الكُفْرِ، وَالفَقْرِ، وَأَعُوذُ بِكَ مِنْ عَذَابِ القَبْرِ، لَا إِلَهَ إِلَّا أَنْت,އައްލޯހުންމަ ޢާފިނީ ފީ ބަދަނީ، އައްލޯހުންމަ ޢާފިނީ ފީ ސަމްޢީ، އައްލޯހުންމަ ޢާފިނީ ފީ ބަޞަރީ، ލާ އިލާހަ އިއްލާ އަންތަ، އައްލޯހުންމަ އިންނީ އަޢޫޛު ބިކަ މިނަލް ކުފްރި، ވަލް ފަޤްރި، ވަ އަޢޫޛު ބިކަ މިން ޢަޛާބިލް ޤަބްރި، ލާ އިލާހަ އިއްލާ އަންތަ
ثلاثَ مرَّاتٍ[113].,ތިންފަހަރު. [113].
[113] أبو داود (4/324) برقم (5092)، وأحمد (5/42) برقم (20430)، والنسائي في عمل اليوم والليلة برقم (22)، وابن السني برقم (69)، والبخاري في الأدب المفرد برقم (701)، وحسّن العلامة ابن باز رحمه الله إسناده في تحفة الأخيار (ص26).,[113] ރިވާކުރެއްވީ އަބޫ ދާވޫދު 4/324 ގެ ނަމްބަރު 5092 ގައި، އަދި އަޙްމަދު 5/42 ގެ ނަމްބަރު 20430 ގައި، އަދި އައް-ނަސާއީ ޢަމަލުލް-ޔައުމި ވައް-ލައިލާގެ ނަމްބަރު 22 ގައި، އަދި އިބްނުއް-ސުންނީ ނަމްބަރު 69 ގައި، އަދި އަލް-ބުޚާރީ، އަލް-އަދަބުލް މުފްރަދުގެ ނަމްބަރު 701 ގައެވެ. އަދި އަލް-ޢައްލާމާ އިބްނު ބާޒު رحمه الله ތުޙްފަތުލް-އަޚްޔާރު ފޮތުގެ ޞ 26 ގައި އޭގެ ސަނަދު ޙަސަނުކުރެއްވިއެވެ.
«حَسْبِيَ اللَّهُ لَا إِلَهَ إِلَّا هُوَ عَلَيهِ تَوَكَّلتُ وَهُوَ رَبُّ العَرْشِ العَظِيمِ»,"«حَسْبِيَ اللَّهُ لَا إِلَهَ إِلَّا هُوَ عَلَيهِ تَوَكَّلتُ وَهُوَ رَبُّ العَرْشِ العَظِيمِ»
 މާނައީ: ""މިއަޅާއަށް ﷲ ފުދެއެވެ. އެ އިލާހު ފިޔަވާ އަޅުކަންވެވުން ޙައްޤުވެގެންވާ އެހެން އެއްވެސް އިލާހަކު ނުވެއެވެ. މިއަޅާ ވަކީލުކުރަނީ ހަމައެކަނި އެއިލާހަށެވެ. އަދި އެ އިލާހީ މަތިވެރި ޢަރްޝުގެ ވެރި ރައްބެވެ."""
حَسْبِيَ اللَّهُ لَا إِلَهَ إِلَّا هُوَ عَلَيهِ تَوَكَّلتُ وَهُوَ رَبُّ العَرْشِ العَظِيم,ޙަސްބިޔައްލޯހު، ލާ އިލާހަ އިއްލާ ހުވަ، ޢަލައިހި ތަވައްކަލްތު، ވަހުވަ ރައްބުލް ޢަރްޝިލް ޢަޡީމް
سَبْعَ مَرَّاتٍ[114].,ހަތް ފަހަރު. [114].
[114] «مَنْ قَالَهَا حِينَ يُصْبِحُ وَحِينَ يُمْسِي سَبْعَ مَرَّاتٍ كَفَاهُ اللَّهُ مَا أَهَمَّهُ مِنْ أَمْرِ الدُّنْيَا وَالْآخِرَةِ». أخرجه ابن السني برقم (71) مرفوعًا، وأبو داود موقوفًا (4/ 321) برقم (5081)، وصحّح إسناده شعيب وعبدالقادر الأرناؤوط. انظر: زاد المعاد (2/376) .,"[114] ""ހެނދުނުވާހިނދު އަދި ހަވީރުވާހިނދު ހަތްފަހަރު އެހެން ކިޔައިފި މީހާ، ދުނިޔެއާއި އާޚިރަތުގެ ކަންކަމުން އޭނާ ކަންބޮޑުވެ ވިސްނާހާ ކަމެއް ﷲ އޭނާއަށް ފުއްދަވާދެއްވާނެއެވެ."" މި ޙަދީޘް ނެރުއްވީ އިބްނުއް-ސުންނީ ނަމްބަރު 71 ގައި މަރްފޫޢުކޮށް (ނަބިއްޔާ ﷺ އަށް ނިސްބަތްކޮށްގެން)، އަދި އަބޫ ދާވޫދު 321/4 ގެ ނަމްބަރު 5081 ގައި މައުޤޫފުކޮށް (ޞަޙާބީއަކަށް ނިސްބަތްކޮށްގެންނެވެ.) އަދި ޝުޢައިބު އާއި ޢަބްދުލް-ޤާދިރު އަލް-އަރްނައޫޠު އޭގެ ސަނަދު ޞައްޙަކުރިއެވެ. ޒާދުލް-މަޢާދުގެ 2/376 ބައްލަވާށެވެ."
«اللَّهُمَّ إِنِّي أَسْأَلُكَ العَفْوَ وَالعَافِيَةَ فِي الدُّنْيَا وَالآخِرَةِ، اللَّهُمَّ إِنِّي أَسْأَلُكَ العَفْوَ وَالعَافِيَةَ: فِي دِينِي وَدُنْيَايَ وَأَهْلِي، وَمَالِي، اللَّهُمَّ اسْتُرْ عَوْرَاتِي، وَآمِنْ رَوْعَاتِي، اللَّهُمَّ احْفَظْنِي مِنْ بَينِ يَدَيَّ، وَمِنْ خَلْفِي، وَعَنْ يَمِينِي، وَعَنْ شِمَالِي، وَمِنْ فَوْقِي، وَأَعُوذُ بِعَظَمَتِكَ أَنْ أُغْتَالَ مِنْ تَحْتِي»[115].,"«اللَّهُمَّ إِنِّي أَسْأَلُكَ العَفْوَ وَالعَافِيَةَ فِي الدُّنْيَا وَالآخِرَةِ، اللَّهُمَّ إِنِّي أَسْأَلُكَ العَفْوَ وَالعَافِيَةَ: فِي دِينِي وَدُنْيَايَ وَأَهْلِي، وَمَالِي، اللَّهُمَّ اسْتُرْ عَوْرَاتِي، وَآمِنْ رَوْعَاتِي، اللَّهُمَّ احْفَظْنِي مِنْ بَينِ يَدَيَّ، وَمِنْ خَلْفِي، وَعَنْ يَمِينِي، وَعَنْ شِمَالِي، وَمِنْ فَوْقِي، وَأَعُوذُ بِعَظَمَتِكَ أَنْ أُغْتَالَ مِنْ تَحْتِي»
 މާނައީ: ""އޭ ﷲ އެވެ! މިއަޅާ، އިބަ އިލާހުގެ ޙަޟްރަތުން ދުނިޔެއާއި އާޚިރަތުގައި ޢަފޫކުރެއްވުމަށާއި ޢާފިޔަތަށް އެދި ދަންނަވަމެވެ. އޭ ﷲ އެވެ! މިއަޅާގެ ދީނާއި ދުނިޔޭގައި، އަދި މިއަޅާގެ އަހުލުވެރިންނާއި މުދަލުގައި ޢަފޫކުރެއްވުމަށާއި ޢާފިޔަތަށް އެދި މި އަޅާ އިބައިލާހުގެ ޙަޟްރަތަށް އެދި ދަންނަވަމެވެ. އޭ ﷲ އެވެ! މިއަޅާގެ ޢައިބުތައް ވަންހަނާކޮށްދެއްވާނދޭވެ! އަދި މި އަޅާ ބިރުގަންނަ ކަންކަމުން މި އަޅާއަށް އަމާންކަން ދެއްވާނދޭވެ! އޭ ﷲ އެވެ! މި އަޅާގެ ކުރިމަތިންނާއި، މި އަޅާގެ ފުރަގަހުންނާއި، މި އަޅާގެ ކަނާތްފަރާތުންނާއި، މި އަޅާގެ ވާތްފަރާތުންނާއި މި އަޅާގެ މަތިން މި އަޅާ ރައްކާތެރިކޮށްދެއްވާނދޭވެ! އަދި ކުއްލިއަކަށް މި އަޅާގެ ދަށުން މިއަޅާ ޖަހައިގަނެވި ހަލާކުވެގެން ދިޔުމުން ރައްކާތެރިކޮށްދެއްވުމަށް އެދި އިބައިލާހުގެ މަތިވެރިކަން މެދުވެރިކޮށް ދަންނަވަމެވެ."" [115]."
[115] أبو داود برقم (5074)، وابن ماجه برقم (3871)، وانظر: صحيح ابن ماجه (2/332).,[115] ރިވާކުރެއްވީ އަބޫ ދާވޫދު ނަމްބަރު 5074 ގައި، އަދި އިބްނު މާޖާ ނަމްބަރު 3871 ގައެވެ. އަދި ޞަޙީޙު އިބްނު މާޖާގެ 2/332 ބައްލަވާށެވެ.
اللَّهُمَّ إِنِّي أَسْأَلُكَ العَفْوَ وَالعَافِيَةَ فِي الدُّنْيَا وَالآخِرَةِ، اللَّهُمَّ إِنِّي أَسْأَلُكَ العَفْوَ وَالعَافِيَةَ: فِي دِينِي وَدُنْيَايَ وَأَهْلِي، وَمَالِي، اللَّهُمَّ اسْتُرْ عَوْرَاتِي، وَآمِنْ رَوْعَاتِي، اللَّهُمَّ احْفَظْنِي مِنْ بَينِ يَدَيَّ، وَمِنْ خَلْفِي، وَعَنْ يَمِينِي، وَعَنْ شِمَالِي، وَمِنْ فَوْقِي، وَأَعُوذُ بِعَظَمَتِكَ أَنْ أُغْتَالَ مِنْ تَحْتِي,އައްލޯހުންމަ އިންނީ އަސްއަލުކަލް ޢަފްވަ ވަލްޢާފިޔަތަ ފިއް ދުންޔާ ވަލްއާޚިރަހް، އައްލޯހުންމަ އިންނީ އަސްއަލުކަލް ޢަފްވަ ވަލްޢާފިޔަތަ: ފީ ދީނީ ވަދުންޔާޔަ ވައަހްލީ، ވަމާލީ، އައްލޯހުންމަސްތުރް ޢައުރާތީ، ވައާމިން ރައުޢާތީ، އައްލޯހުންމަޙްފަޡްނީ މިން ބައިނި ޔަދައްޔަ، ވަމިން ޚަލްފީ، ވަޢަން ޔަމީނީ، ވަޢަން ޝިމާލީ، ވަމިން ފައުޤީ، ވައަޢޫޛު ބިޢަޡަމަތިކަ އަން އުޣްތާލަ މިން ތަޙްތީ
«اللَّهُمَّ عَالِمَ الغَيْبِ وَالشَّهَادَةِ فَاطِرَ السَّمَوَاتِ وَالأَرْضِ، رَبَّ كُلِّ شَيْءٍ وَمَلِيكَهُ، أَشْهَدُ أَنْ لَا إِلَهَ إِلَّا أَنْتَ، أَعُوذُ بِكَ مِنْ شَرِّ نَفْسِي، وَمِنْ شَرِّ الشَّيْطانِ وَشَرَكِهِ، وَأَنْ أَقْتَرِفَ عَلَى نَفْسِي سُوءًا، أَوْ أَجُرَّهُ إِلَى مُسْلِمٍ»[116].,"«اللَّهُمَّ عَالِمَ الغَيْبِ وَالشَّهَادَةِ فَاطِرَ السَّمَوَاتِ وَالأَرْضِ، رَبَّ كُلِّ شَيْءٍ وَمَلِيكَهُ، أَشْهَدُ أَنْ لَا إِلَهَ إِلَّا أَنْتَ، أَعُوذُ بِكَ مِنْ شَرِّ نَفْسِي، وَمِنْ شَرِّ الشَّيْطانِ وَشَرَكِهِ، وَأَنْ أَقْتَرِفَ عَلَى نَفْسِي سُوءًا، أَوْ أَجُرَّهُ إِلَى مُسْلِمٍ»
 މާނައީ: ""އޭ ﷲ އެވެ! ޣައިބުގައިވާ ކަންތަކާއި ފެންނަހައި ކަމެއް ދެނެވޮޑިގެންވާ އިލާހެވެ! އުޑުތަކާއި ބިން ނެތުމުގެ ތެރެއިން ހެއްދެވި އިލާހެވެ! ހުރިހާ އެއްޗެއްގެ ވެރި ރައްބު އަދި އެތަކެތީގެ މިލްކުވެރި އިލާހެވެ! އިބައިލާހު ފިޔަވައި އަޅުކަންވެވުން ޙައްޤުވެގެންވާ އެހެން އެއްވެސް އިލާހަކު ނުވާކަމަށް މި އަޅާ ހެކިވަމެވެ. މި އަޅާގެ ނަފްސުގެ ނުބައިކަމާއި، ޝައިތާނާގެ ނުބައިކަމާއި، އެ ޝައިތާނާގެ ކެހިވެރި މަޅިތަކުން (ނުވަތަ ﷲ އާ ޝަރީކުކުރުމަށް ލައިދޭ ވަސްވާހުން) ރައްކާތެރިކޮށްދެއްވުމަށް އެދި އިބައިލާހުގެ ޙަޟްރަތުން ދަންނަވަމެވެ. އަދި މި އަޅާގެ އަމިއްލަ ނަފްސުގެ މައްޗަށް ނުބައިކަމަކަށް އަރައިގަތުމުން ނުވަތަ ނުބައިކަމެއް މުސްލިމެއްގެ ގާތަށް ގެންދިޔުމުން ރައްކާތެރިކޮށްދެއްވުމަށް އެދި އިބައިލާހުގެ ޙަޟްރަތުން ދަންނަވަމެވެ."" [116]."
[116] الترمذي برقم (3392)، وأبو داود برقم (5067)، وانظر: صحيح الترمذي (3/142).,[116] ރިވާކުރެއްވީ އައް-ތިރްމިޛީ ނަމްބަރު 3392 ގައި، އަދި އަބޫ ދާވޫދު ނަމްބަރު 5067 ގައެވެ. އަދި ޞަޙީޙުއް-ތިރްމިޛީގެ 3/142 ބައްލަވާށެވެ.
اللَّهُمَّ عَالِمَ الغَيْبِ وَالشَّهَادَةِ فَاطِرَ السَّمَوَاتِ وَالأَرْضِ، رَبَّ كُلِّ شَيْءٍ وَمَلِيكَهُ، أَشْهَدُ أَنْ لَا إِلَهَ إِلَّا أَنْتَ، أَعُوذُ بِكَ مِنْ شَرِّ نَفْسِي، وَمِنْ شَرِّ الشَّيْطانِ وَشَرَكِهِ، وَأَنْ أَقْتَرِفَ عَلَى نَفْسِي سُوءًا، أَوْ أَجُرَّهُ إِلَى مُسْلِم,އައްލޯހުންމަ ޢާލިމަލް ޣައިބި ވައްޝަހާދަތި، ފާޠިރައް ސަމާވާތި ވަލްއަރްޟި، ރައްބަ ކުއްލި ޝައިއިން ވަމަލީކަހޫ، އަޝްހަދު އައްލާ އިލާހަ އިއްލާ އަންތަ، އަޢޫޛު ބިކަ މިން ޝައްރި ނަފްސީ، ވަމިން ޝައްރިއް ޝައިޠާނި ވަޝަރަކިހި، ވައަން އަޤްތަރިފަ ޢަލާ ނަފްސީ ސޫއަން، އައު އަޖުއްރަހޫ އިލާ މުސްލިމް
«بِسْمِ اللَّهِ الَّذِي لَا يَضُرُّ مَعَ اسْمِهِ شَيْءٌ فِي الأَرْضِ وَلَا فِي السَّمَاءِ وَهُوَ السَّمِيعُ العَلِيمُ»,"«بِسْمِ اللَّهِ الَّذِي لَا يَضُرُّ مَعَ اسْمِهِ شَيْءٌ فِي الأَرْضِ وَلَا فِي السَّمَاءِ وَهُوَ السَّمِيعُ العَلِيمُ»
 މާނައީ: ""އެއިލާހުގެ އިސްމުފުޅުން ބިމުގައި އަދި އުޑުގައިވެސް އެއްވެސް އެއްޗަކަށް ގެއްލުމެއް ނުދެވޭނެ ﷲ ގެ އިސްމުފުޅުން (އެހީއާއި ރައްކާތެރިކަން ލިބިގަންނަމެވެ.) އަދި އެއިލާހުއީ މޮޅަށް އައްސަވާވޮޑިގެންވާ ދެނެވޮޑިގެންވާ އިލާހެވެ."""
بِسْمِ اللَّهِ الَّذِي لَا يَضُرُّ مَعَ اسْمِهِ شَيْءٌ فِي الأَرْضِ وَلَا فِي السَّمَاءِ وَهُوَ السَّمِيعُ العَلِيم,ބިސްމިއްލާހިއް ލަޛީ ލާ ޔަޟުއްރު މަޢަސްމިހި ޝައިއުން ފިލް އަރްޟި ވަލާ ފިއް ސަމާއި ވަހުވައް ސަމީޢުލް ޢަލީމް
ثَلاثَ مرَّاتٍ[117].,ތިން ފަހަރު [117].
[117] «مَنْ قَالَهَا ثَلاثًا إِذَا أَصْبَحَ، وَثَلاثًا إِذَا أَمْسَى لَمْ يَضُرَّهُ شَيْءٌ». أخرجه أبو داود (4/ 323) برقم (5088)، والترمذي (5/ 465) برقم (3388)، وابن ماجه برقم (3869)، وأحمد برقم (446). وانظر: صحيح ابن ماجه (2/332)، وحسَّن إسناده العلامة ابن باز رحمه الله في تحفة الأخيار (ص39).,"[117] ""ހެނދުނުވާހިނދު ތިންފަހަރު، އަދި ހަވީރުވާހިނދު ތިންފަހަރު އެހެން ކިޔައިފި މީހާއަށް އެއްވެސް އެއްޗެއް ގެއްލުމެއް ނުދެވޭނެއެވެ."" މި ޙަދީޘް ނެރުއްވީ އަބޫ ދާވޫދު 323/4 ގެ ނަމްބަރު 5088 ގައި، އަދި އައް-ތިރްމިޛީ 465/5 ގެ ނަމްބަރު 3388 ގައި، އަދި އިބްނު މާޖާ ނަމްބަރު 3869 ގައި، އަދި އަޙްމަދު ނަމްބަރު 446 ގައެވެ. އަދި ޞަޙީޙު އިބްނު މާޖާގެ 2/332 ބައްލަވާށެވެ. އަދި އަލް-ޢައްލާމާ އިބްނު ބާޒު رحمه الله، ތުޙްފަތުލް-އަޚްޔާރުގެ ޞ 39 ގައި ވަނީ އެ ޙަދީޘްގެ ސަނަދު ޙަސަނުކުރައްވާފައެވެ."
«رَضِيتُ بِاللَّهِ رَبًَّا، وَبِالإِسْلَامِ دِينًا، وَبِمُحَمَّدٍ ﷺ نَبِيًّا»,"«رَضِيتُ بِاللَّهِ رَبًَّا، وَبِالإِسْلَامِ دِينًا، وَبِمُحَمَّدٍ ﷺ نَبِيًّا»
 މާނައީ: ""ﷲ އީ ރައްބުކަމުގައި، އަދި އިސްލާމްދީން އެއީ ދީންކަމުގައި، އަދި މުޙައްމަދު ﷺ އީ ނަބިއްޔާ ކަމުގައި މިއަޅާ ރުހިއްޖައީމެވެ."""
رَضِيتُ بِاللَّهِ رَبًَّا، وَبِالإِسْلَامِ دِينًا، وَبِمُحَمَّدٍ ﷺ نَبِيًّا,ރަޟީތު ބިއްލާހި ރައްބަން، ވަބިލް އިސްލާމި ދީނަން، ވަބިމުޙައްމަދިން ޞައްލައްލޯހު ޢަލައިހި ވަސައްލަމަ ނަބިއްޔާ
ثَلاثَ مرَّاتٍ[118].,ތިންފަހަރު. [118].
[118] «مَنْ قَالَهَا ثَلاثًا حِينَ يُصْبِحُ، وَثَلاثًا حِينَ يُمْسِي كَانَ حَقًّا عَلَى اللَّهِ أَنْ يُرْضِيهِ يَوْمَ الْقِيَامَةِ». أحمد (4/337) برقم (18967)، والنسائي في عمل اليوم والليلة برقم (4)، وابن السني برقم (68)، وأبو داود (4/318) برقم (1531)، والترمذي (5/465) برقم (3389)، وحسّنه ابن باز رحمه الله في تحفة الأخيار (ص39).,"[118] ""ހެނދުނުވާހިނދު ތިންފަހަރު، އަދި ހަވީރުވާހިނދު ތިންފަހަރު އެހެން ކިޔައިފި މީހާ، ޤިޔާމަތްދުވަހު އޭނާ ރުހޭނެގޮތް މެދުވެރިކުރެއްވުން ﷲ ގެ މައްޗަށްވާ ޙައްޤެއްކަމުގައިވެއެވެ."" ރިވާކުރެއްވީ އަޙްމަދު 4/337 ގެ ނަމްބަރު 18967 ގައި، އަދި އައް-ނަސާއީ ޢަމަލުލް-ޔައުމި ވައް-ލައިލާގެ ނަމްބަރު 4 ގައި، އަދި އިބްނުއް ސުންނީ ނަމްބަރު 68 ގައި، އަދި އަބޫ ދާވޫދު 4/318 ގެ ނަމްބަރު 1531 ގައި، އަދި އައް-ތިރްމިޛީ 5/465 ގެ ނަމްބަރު 3389 ގައެވެ. އަދި ތުޙްފަތުލް-އަޚްޔާރު ފޮތުގެ ޞ 39 ގައި އިބްނު ބާޒު رحمه الله އެ ޙަދީޘް ޙަސަނުކުރެއްވިއެވެ."
«يَا حَيُّ يَا قَيُّومُ بِرَحْمَتِكَ أَسْتَغيثُ أَصْلِحْ لِي شَأْنِيَ كُلَّهُ وَلَا تَكِلْنِي إِلَى نَفْسِي طَرْفَةَ عَيْنٍ»[119].,"«يَا حَيُّ يَا قَيُّومُ بِرَحْمَتِكَ أَسْتَغيثُ أَصْلِحْ لِي شَأْنِيَ كُلَّهُ وَلَا تَكِلْنِي إِلَى نَفْسِي طَرْفَةَ عَيْنٍ»
 މާނައީ: ""އޭ ދިރިދެމިވޮޑިގެންވާ އިލާހެވެ! އޭ ތާއަބަދަށް ޤާއިމުވެވޮޑިގެންވާ އިލާހެވެ! އިބައިލާހުގެ ރަޙްމަތުން މި އަޅާ ވާތްގާއި މަދަދަށް އެދި ދަންނަވަމެވެ. މި އަޅާގެ ހުރިހާކަމެއް މި އަޅާއަށްޓަކައި އިޞްލާހު ކޮށްދެއްވާށިއެވެ! އަދި ކަޅި ހިންގާލާހާ ހިނދުކޮޅަކަށްވެސް މި އަޅާ، މި އަޅާގެ ނަފްސަށް ހަވާލުނުކުރައްވާށިއެވެ!"" [119]"
[119] الحاكم وصححه، ووافقه الذهبي (1/545)، وانظر: صحيح الترغيب والترهيب (1/273).,[119] އަލް-ޙާކިމު އެ ޙަދީޘް ރިވާކުރައްވާ އަދި ޞައްޙަކުރެއްވިއެވެ. އަދި އައް-ޛަހަބީ އެއްބަސްވެ ވަޑައިގަތެވެ. 1/545 ގައެވެ. އަދި ޞަޙީޙުއް-ތަރްޣީބު ވައް-ތަރްހީބުގެ 1/273 ބައްލަވާށެވެ.
يَا حَيُّ يَا قَيُّومُ بِرَحْمَتِكَ أَسْتَغيثُ أَصْلِحْ لِي شَأْنِيَ كُلَّهُ وَلَا تَكِلْنِي إِلَى نَفْسِي طَرْفَةَ عَيْن,ޔާ ޙައްޔު ޔާ ޤައްޔޫމު ބިރަޙްމަތިކަ އަސްތަޣީޘު އަޞްލިޙް ލީ ޝައްނީ ކުއްލަހް، ވަލާ ތަކިލްނީ އިލާ ނަފްސީ ޠަރްފަތަ ޢައިން
«أَصْبَحْنَا وَأَصْبَحَ المُلْكُ لِلَّهِ رَبِّ العَالَمِينَ، اللَّهُـمَّ إِنِّي أَسْأَلُكَ خَيْرَ هَذَا اليَوْمِ: فَتْحَهُ، وَنَصْرَهُ، وَنورَهُ، وَبَرَكَتَهُ، وَهُدَاهُ، وَأَعُوذُ بِكَ مِنْ شَرِّ مَا فِيهِ وَشَرِّ مَا بَعْدَهُ» [120].,"«أَصْبَحْنَا وَأَصْبَحَ المُلْكُ لِلَّهِ رَبِّ العَالَمِينَ، اللَّهُـمَّ إِنِّي أَسْأَلُكَ خَيْرَ هَذَا اليَوْمِ: فَتْحَهُ، وَنَصْرَهُ، وَنورَهُ، وَبَرَكَتَهُ، وَهُدَاهُ، وَأَعُوذُ بِكَ مِنْ شَرِّ مَا فِيهِ وَشَرِّ مَا بَعْدَهُ»
 މާނައީ: ""އަޅަމެން ހެނދުނުކޮށްފީމުއެވެ. އަދި އެންމެހާ ވެރިކަމެއް ޢާލަމްތަކުގެވެރި ރައްބު ﷲ އަށްޓަކައި ހެނދުނުކޮށްފިއެވެ. އޭ ﷲ އެވެ! ހަމަކަށަވަރުން މި އަޅާ، އިބަ ﷲ ގެ ޙަޟްރަތުން މި ދުވަހުގެ ހެޔޮކަންދެއްވުމަށް އެދިދަންނަވަމެވެ. މި ދުވަހުގެ ފަތަޙައާއި، ނަޞްރާއި، ނޫރާއި، ބަރަކާތާއި އަދި މި ދުވަހުގެ ހިދާޔަތެވެ. އަދި މި އަޅާ، އިބަ ﷲ ގެ ޙަޟްރަތުން މި ދުވަހުގައިވާ ނުބައިކަމުންނާއި، މިއަދަށްފަހުގައިވާ ނުބައިކަމުން ރައްކާތެރިކޮށްދެއްވުމަށް އެދި ދަންނަވަމެވެ."" [120]."
[120] أبو داود (4/322) برقم (5084)، وحسن إسناده شعيب وعبد القادر الأرناؤوط في تحقيق زاد المعاد (2/373).,[120] ރިވާކުރެއްވީ އަބޫ ދާވޫދު 4/322 ގެ ނަމްބަރު 5084 ގައެވެ. އަދި ޒާދުލް-މަޢާދު ފޮތުގެ ތަޙްޤީޤުގައި 2/373 ގައި ޝުޢައިބު އާއި ޢަބްދުލް-ޤާދިރު އަލް-އަރްނައޫޠުވަނީ އެ ޙަދީޘްގެ ސަނަދު ޙަސަނުކޮށްފައެވެ.
أَصْبَحْنَا وَأَصْبَحَ المُلْكُ لِلَّهِ رَبِّ العَالَمِينَ، اللَّهُـمَّ إِنِّي أَسْأَلُكَ خَيْرَ هَذَا اليَوْمِ: فَتْحَهُ، وَنَصْرَهُ، وَنورَهُ، وَبَرَكَتَهُ، وَهُدَاهُ، وَأَعُوذُ بِكَ مِنْ شَرِّ مَا فِيهِ وَشَرِّ مَا بَعْدَه,އަޞްބަޙްނާ ވައަޞްބަޙަލް މުލްކު ލިއްލާހި ރައްބިލް ޢާލަމީން، އައްލޯހުންމަ އިންނީ އަސްއަލުކަ ޚައިރަ ހާޛަލް ޔައުމި: ފަތުޙަހޫ، ވަނަޞްރަހޫ، ވަނޫރަހޫ، ވަބަރަކަތަހޫ، ވަހުދާހް، ވައަޢޫޛު ބިކަ މިން ޝައްރި މާ ފީހި ވަޝައްރި މާ ބަޢްދަހް
وإذا أمسى قال:,އަދި ހަވީރުވުމުން ކިޔާނީ:
«أَمْسَيْنَا وَأَمْسَى المُلْكُ لِلَّهِ رَبِّ العَالَمِينَ، اللَّهُمَّ إِنِّي أَسْأَلُكَ خَيْرَ هَذِهِ اللَّيْلَةِ: فَتْحَهَا، وَنَصْرَهَا، وَنُورَهَا، وَبَرَكَتَهَا، وَهُدَاهَا، وَأَعُوذُ بِكَ مِنْ شَرِّ مَا فِيهَا، وَشَرِّ مَا بَعْدَهَا» [121].,"""«أَمْسَيْنَا وَأَمْسَى المُلْكُ لِلَّهِ رَبِّ العَالَمِينَ، اللَّهُمَّ إِنِّي أَسْأَلُكَ خَيْرَ هَذِهِ اللَّيْلَةِ: فَتْحَهَا، وَنَصْرَهَا، وَنُورَهَا، وَبَرَكَتَهَا، وَهُدَاهَا، وَأَعُوذُ بِكَ مِنْ شَرِّ مَا فِيهَا، وَشَرِّ مَا بَعْدَهَا»
 މާނައީ: ""އަޅަމެން ހަވީރުކޮށްފީމެވެ. އަދި ހުރިހާ ރަސްކަމެއްވެސް ޢާލަމްތަކުގެ ވެރި ރައްބު ﷲ އަށްޓަކައި ހަވީރުކޮށްފިއެވެ. އޭ ﷲ އެވެ! ހަމަކަށަވަރުން މި އަޅާ، އިބަ ﷲ ގެ ޙަޟްރަތުން މި ރޭގެ ހެޔޮކަންދެއްވުމަށް އެދިދަންނަވަމެވެ. މި ރޭގެ ފަތަޙައާއި، ނަޞްރާއި، ނޫރާއި، ބަރަކާތާއި އަދި މި ރޭގެ ހިދާޔަތެވެ. އަދި މި އަޅާ، އިބަ ﷲ ގެ ޙަޟްރަތުން މި ރޭގައިވާ ނުބައިކަމުންނާއި، މިރެޔަށްފަހުގައިވާ ނުބައިކަމުން ރައްކާތެރިކޮށްދެއްވުމަށް އެދި ދަންނަވަމެވެ."" [121]."""
[121] المرجع السابق.,[121] އިސްވެދިޔަ މަރުޖިޢު.
أَمْسَيْنَا وَأَمْسَى المُلْكُ لِلَّهِ رَبِّ العَالَمِينَ، اللَّهُمَّ إِنِّي أَسْأَلُكَ خَيْرَ هَذِهِ اللَّيْلَةِ: فَتْحَهَا، وَنَصْرَهَا، وَنُورَهَا، وَبَرَكَتَهَا، وَهُدَاهَا، وَأَعُوذُ بِكَ مِنْ شَرِّ مَا فِيهَا، وَشَرِّ مَا بَعْدَهَا,އަމްސައިނާ ވައަމްސަލް މުލްކު ލިއްލާހި ރައްބިލް ޢާލަމީން، އައްލޯހުންމަ އިންނީ އަސްއަލުކަ ޚައިރަ ހާޛިހިއް ލައިލަހް: ފަތުޙަހާ، ވަނަޞްރަހާ، ވަނޫރަހާ، ވަބަރަކަތަހާ، ވަހުދާހާ، ވައަޢޫޛު ބިކަ މިން ޝައްރި މާ ފީހާ ވަޝައްރި މާ ބަޢުދަހާ
«أَصْبَحْنا عَلَى فِطْرَةِ الإِسْلَامِ، وَعَلَى كَلِمَةِ الإِخْلاَصِ، وَعَلَى دِينِ نَبِيِّنَا مُحَمَّدٍ ﷺ، وَعَلَى مِلَّةِ أَبِينَا إِبْرَاهِيمَ، حَنِيفًا مُسْلِمًا وَمَا كَانَ مِنَ المُشرِكِينَ» [122].,"«أَصْبَحْنا عَلَى فِطْرَةِ الإِسْلَامِ، وَعَلَى كَلِمَةِ الإِخْلاَصِ، وَعَلَى دِينِ نَبِيِّنَا مُحَمَّدٍ ﷺ، وَعَلَى مِلَّةِ أَبِينَا إِبْرَاهِيمَ، حَنِيفًا مُسْلِمًا وَمَا كَانَ مِنَ المُشرِكِينَ»
 މާނައީ: ""އިސްލާމްދީނުގެ ފިޠުރަތުގެ މައްޗަށާއި، އިޚްލާޞުގެ ކަލިމައިގެ (ޝަހާދަތުގެ ކަލިމައިގެ) މައްޗަށާއި، އަޅަމެންގެ ނަބިއްޔާ މުޙައްމަދު ﷺ ގެ ދީނުގެ މައްޗަށާއި އަދި އަޅަމެންގެ ބައްޕަ އިބްރާހީމްގެފާނުގެ މިއްލަތުގެ މައްޗަށް އަޅަމެން ހެނދުނުކޮށްފީމުއެވެ. އެކަލޭގެފާނަކީ ހުރިހާ ބާޠިލު ޢަޤީދާތަކަކުން އެއްކިބާވެގެން (ﷲ އަށް) ބޯލަނބައިގެންވާ ބޭކަލެކެވެ. އަދި މުޝްރިކުންގެ ތެރެއިން އެކަލޭގެފާނު ވެވަޑައިނުގަންނަވަތެވެ."" [122]."
[122] أحمد (3/406) و(407) برقم (15360) و(15563)، وابن السني في عمل اليوم والليلة، برقم (34)، وانظر: صحيح الجامع (4/209).,[122] ރިވާކުރެއްވީ އަޙްމަދު 3/406 ގެ ނަމްބަރު 15360 އަދި 15563 ގައި، އަދި އިބްނުއް-ސުންނީ ޢަމަލުލް-ޔައުމި ވައް-ލައިލާގެ ނަމްބަރު 34 ގައެވެ. އަދި ޞަޙީޙުލް-ޖާމިޢުގެ 4/209 ބައްލަވާށެވެ.
أَصْبَحْنا عَلَى فِطْرَةِ الإِسْلَامِ، وَعَلَى كَلِمَةِ الإِخْلاَصِ، وَعَلَى دِينِ نَبِيِّنَا مُحَمَّدٍ ﷺ، وَعَلَى مِلَّةِ أَبِينَا إِبْرَاهِيمَ، حَنِيفًا مُسْلِمًا وَمَا كَانَ مِنَ المُشرِكِين,އަޞްބަޙްނާ ޢަލާ ފިޠްރަތިލް އިސްލާމް، ވަޢަލާ ކަލިމަތިލް އިޚްލާޞް، ވަޢަލާ ދީނި ނަބިއްޔިނާ މުޙައްމަދިން ޞައްލައްލޯހު ޢަލައިހި ވަސައްލަމަ، ވަޢަލާ މިއްލަތި އަބީނާ އިބްރާހީމަ، ޙަނީފަން މުސްލިމަން ވަމާ ކާނަ މިނަލް މުޝްރިކީން
وإذا أمسى قال:,އަދި ހަވީރުވުމުން ކިޔާނީ:
«أَمْسَيْنَا عَلَى فِطْرَةِ الإِسْلَامِ، وَعَلَى كَلِمَةِ الإِخْلاَصِ، وَعَلَى دِينِ نَبِيِّنَا مُحَمَّدٍ ﷺ، وَعَلَى مِلَّةِ أَبِينَا إِبْرَاهِيمَ، حَنِيفًا مُسْلِمًا وَمَا كَانَ مِنَ المُشرِكِينَ» [123].,"«أَمْسَيْنَا عَلَى فِطْرَةِ الإِسْلَامِ، وَعَلَى كَلِمَةِ الإِخْلاَصِ، وَعَلَى دِينِ نَبِيِّنَا مُحَمَّدٍ ﷺ، وَعَلَى مِلَّةِ أَبِينَا إِبْرَاهِيمَ، حَنِيفًا مُسْلِمًا وَمَا كَانَ مِنَ المُشرِكِينَ»
 މާނައީ: ""އިސްލާމްދީނުގެ ފިޠުރަތުގެ މައްޗަށާއި، އިޚްލާޞުގެ ކަލިމައިގެ (ޝަހާދަތުގެ ކަލިމައިގެ) މައްޗަށާއި، އަޅަމެންގެ ނަބިއްޔާ މުޙައްމަދު ﷺ ގެ ދީނުގެ މައްޗަށާއި އަދި އަޅަމެންގެ ބައްޕަ އިބްރާހީމްގެފާނުގެ މިއްލަތުގެ މައްޗަށް އަޅަމެން ހަވީރުކޮށްފީމުއެވެ. އެކަލޭގެފާނަކީ ހުރިހާ ބާޠިލު ޢަޤީދާތަކަކުން އެއްކިބާވެގެން (ﷲ އަށް) ބޯލަނބައިގެންވާ ބޭކަލެކެވެ. އަދި މުޝްރިކުންގެ ތެރެއިން އެކަލޭގެފާނު ވެވަޑައިނުގަންނަވަތެވެ."" [123]."
[123] المرجع السابق.,[123] އިސްވެދިޔަ މަރްޖިޢު.
أَمْسَيْنَا عَلَى فِطْرَةِ الإِسْلَامِ، وَعَلَى كَلِمَةِ الإِخْلاَصِ، وَعَلَى دِينِ نَبِيِّنَا مُحَمَّدٍ ﷺ، وَعَلَى مِلَّةِ أَبِينَا إِبْرَاهِيمَ، حَنِيفًا مُسْلِمًا وَمَا كَانَ مِنَ المُشرِكِين,އަމްސައިނާ ޢަލާ ފިޠްރަތިލް އިސްލާމް، ވަޢަލާ ކަލިމަތިލް އިޚްލާޞް، ވަޢަލާ ދީނި ނަބިއްޔިނާ މުޙައްމަދިން ޞައްލައްލޯހު ޢަލައިހި ވަސައްލަމަ، ވަޢަލާ މިއްލަތި އަބީނާ އިބްރާހީމަ، ޙަނީފަން މުސްލިމަން ވަމާ ކާނަ މިނަލް މުޝްރިކީން
«سُبْحَانَ اللَّهِ وَبِحَمْدِهِ»,"«سُبْحَانَ اللَّهِ وَبِحَمْدِهِ»
 މާނައީ: ""ﷲ ހުސްޠާހިރުވަންތައެވެ. އެކަލާނގެއަށް ޙަމްދުކުރުމާ އެކުގައެވެ."""
سُبْحَانَ اللَّهِ وَبِحَمْدِه,ސުބްޙާނައްލޯހި ވަބިޙަމްދިހް
مِائَةَ مرَّةٍ[124].,ސަތޭކަ ފަހަރު. [124].
[124] «مَنْ قَالَهَا مِائَةَ مَرَّةٍ حِينَ يُصْبِحُ وَحِينَ يُمْسِي لَمْ يَأْتِ أَحَدٌ يَوْمَ الْقِيَامَةِ بِأَفْضَلَ مِمَّا جَاءَ بِهِ إِلَّا أَحَدٌ قَالَ مِثْلَ مَا قَالَ أَوْ زَادَ عَلَيْهِ». مسلم (4/2071) برقم (2692).,"[124] ""ހެނދުނުވާހިނދު އަދި ހަވީރުވާހިނދު ސަތޭކަފަހަރު އެހެން ކިޔައިފި މީހާ، ޤިޔާމަތްދުވަހު އޭނާ ގެނައި ކަންތަކަށްވުރެ މޮޅު ހެޔޮ ކަމެއް ހިފައިގެން އެހެން މީހަކު ނާންނާނެއެވެ. އޭނާ ކީފަދައިން ކީ، ނުވަތަ އެއަށްވުރެ އިތުރުކޮށްފި މީހަކު ނޫނީއެވެ."" ރިވާކުރެއްވީ މުސްލިމް ނަމްބަރު 2692 ގައެވެ."
«لَا إِلَهَ إِلَّا اللَّهُ وَحْدَهُ لَا شَرِيكَ لَهُ، لَهُ الْمُلْكُ وَلَهُ الحَمْدُ، وَهُوَ عَلَى كُلِّ شَيْءٍ قَدِيرٌ»,"«لَا إِلَهَ إِلَّا اللَّهُ وَحْدَهُ لَا شَرِيكَ لَهُ، لَهُ الْمُلْكُ وَلَهُ الحَمْدُ، وَهُوَ عَلَى كُلِّ شَيْءٍ قَدِيرٌ»
 މާނައީ: ""ﷲ މެނުވީ (އަޅުކަންވެވުން ޙައްޤުވެގެންވާ) އެހެން އެއްވެސް އިލާހަކު ނުވެއެވެ. އެ އިލާހު އެއްކައުވަންތައެވެ. އެ އިލާހަށް އެއްވެސް ޝަރީކަކު ބައިވެރިޔަކު ނުވެއެވެ. އެންމެހާ ރަސްކަމެއްވަނީ އެ އިލާހަށެވެ. އަދި ހުރިހާ ޙަމްދެއްވަނީ، އެ އިލާހަށެވެ. އަދި ކޮންމެ ކަމެއްގެ މައްޗަށް އެ އިލާހު ކުޅަދުންވަންތަވެވޮޑިގެންވެއެވެ."""
لَا إِلَهَ إِلَّا اللَّهُ وَحْدَهُ لَا شَرِيكَ لَهُ، لَهُ الْمُلْكُ وَلَهُ الحَمْدُ، وَهُوَ عَلَى كُلِّ شَيْءٍ قَدِير,ލާ އިލާހަ އިއްލައްލޯހު ވަޙްދަހޫ ލާ ޝަރީކަ ލަހް، ލަހުލް މުލްކު ވަލަހުލް ޙަމްދު، ވަހުވަ ޢަލާ ކުއްލި ޝައިއިން ޤަދީރް
عشرَ مرَّات[125]، أَوْ مرَّةً واحدةً عِنْدَ الكَسَلِ[126].,ދިހަފަހަރު [125]، ނުވަތަ ކަންނެތްވެއްޖެނަމަ އެއްފަހަރު. [126].
[125] النسائي في عمل اليوم والليلة برقم (24)، وانظر: صحيح الترغيب والترهيب (1/272)، وتحفة الأخيار لابن باز رحمه الله (ص44)، وانظر فضلها في (ص146) حديث رقم (255).,[125] ރިވާކުރެއްވީ އައް-ނަސާއީ، ޢަމަލުލް-ޔައުމި ވައް-ލައިލާގެ ނަމްބަރު 24 ގައެވެ. އަދި ޞަޙީޙުއް-ތަރްޣީބު ވައް-ތަރްހީބުގެ 1/272 އަދި އިބްނު ބާޒު رحمه اللهގެ ތުޙްފަތުލް-އަޚްޔާރުގެ ޞ 44 ބައްލަވާށެވެ. އަދި އެ ޛިކުރުގެ މާތްކަމާއި ހެޔޮކަމާ ބެހޭގޮތުން ޞ 146 ގެ ޙަދީޘް ނަމްބަރު 255 ބައްލަވާށެވެ.
[126] أبو داود برقم (5077)، وابن ماجه برقم (3798)، وأحمد برقم (8719)، وانظر: صحيح الترغيب والترهيب (1/270)، وصحيح أبي داود (3/957)، وصحيح ابن ماجه (2/331)، وزاد المعاد (2/377).,[126] ރިވާކުރެއްވީ އަބޫ ދާވޫދު ނަމްބަރު 5077 ގައި، އަދި އިބްނު މާޖާ ނަމްބަރު 3798 ގައި، އަދި އަޙްމަދު ނަމްބަރު 8791 ގައެވެ. އަދި ޞަޙީޙުއް-ތަރްޣީބު ވައް-ތަރްހީބުގެ 1/270 އާއި، ޞަޙީޙު އަބީ ދާވޫދުގެ 3/957 އާއި، ޞަޙީޙު އިބްނު މާޖާގެ 2/331 އާއި، ޒާދުލް-މަޢާދުގެ 2/377 ބައްލަވާށެވެ.
«لَا إِلَهَ إِلَّا اللَّهُ، وَحْدَهُ لَا شَرِيكَ لَهُ، لَهُ المُلْكُ وَلَهُ الحَمْدُ وَهُوَ عَلَى كُلِّ شَيْءٍ قَدِيرٌ»,"«لَا إِلَهَ إِلَّا اللَّهُ، وَحْدَهُ لَا شَرِيكَ لَهُ، لَهُ المُلْكُ وَلَهُ الحَمْدُ وَهُوَ عَلَى كُلِّ شَيْءٍ قَدِيرٌ»
 މާނައީ: ""ﷲ މެނުވީ (އަޅުކަންވެވުން ޙައްޤުވެގެންވާ) އެހެން އެއްވެސް އިލާހަކުނުވެއެވެ. އެ އިލާހު އެއްކައުވަންތައެވެ. އެ އިލާހަށް އެއްވެސް ޝަރީކަކު ބައިވެރިއަކު ނުވެއެވެ. އެންމެހާ ރަސްކަމެއްވަނީ އެ އިލާހަށެވެ. އަދި ހުރިހާ ޙަމްދެއްވަނީ، އެ އިލާހަށެވެ. އަދި ކޮންމެ ކަމެއްގެ މައްޗަށް އެ އިލާހު ކުޅަދުންވަންތަވެވޮޑިގެންވެއެވެ."""
لَا إِلَهَ إِلَّا اللَّهُ، وَحْدَهُ لَا شَرِيكَ لَهُ، لَهُ المُلْكُ وَلَهُ الحَمْدُ وَهُوَ عَلَى كُلِّ شَيْءٍ قَدِير,ލާ އިލާހަ އިއްލައްލޯހު، ވަޙްދަހު ލާ ޝަރީކަ ލަހް، ލަހުލް މުލްކު ވަލަހުލް ޙަމްދު ވަހުވަ ޢަލާ ކުއްލި ޝައިއިން ޤަދީރް
مِائَةَ مرَّةٍ إذا أَصْبَحَ[127].,ހެނދުނުވާހިނދު ސަތޭކަ ފަހަރު. [127].
[127] «مَنْ قَالَهَا مِائَةَ مَرَّةٍ فِي يَوْمٍ كَانَتْ لَهُ عَدْلَ عَشْرِ رِقَابٍ، وَكُتِبَ لَهُ مِائَةُ حَسَنَةٍ، وَمُحِيَتْ عَنْهُ مِائَةُ سَيِّئَةٍ، وَكَانَتْ لَهُ حِرْزًا مِنَ الشَّيْطَانِ يَوْمَهُ ذَٰلِكَ حَتَّى يُمْسِي، وَلَمْ يَأْتِ أَحَدٌ بِأَفْضَلَ مِمَّا جَاءَ بِهِ إِلَّا أَحَدٌ عَمِلَ أَكْثَرَ مِنْ ذَٰلِكَ». البخاري (4/ 95) برقم (3293)، ومسلم (4/ 2071) برقم (2691).,"[127] ""ދުވާލަކު ސަތޭކަ ފަހަރު އެހެން ކިޔައިފި މީހާއަށް، ދިހަ އަޅުން މިނިވަންކުރުމާ އެއްވަރުގެ އަޖުރު ހުއްޓެވެ. އަދި އޭނާއަށްޓަކައި ސަތޭކަ ހެޔޮކަން ލިޔެވި، ސަތޭކަ ނުބައިކަން އޭނާގެ ކިބައިން ފޮހެވިގެން ދެއެވެ. އަދި ހަވީރުވެއްޖައުމަށް ދާންދެން ޝައިޠާނާގެ ފުށުން ހުރި ރައްކާތެރިކަމެއްކަމުގައި އެ ޛިކުރު އޭނާއަށްވާ ހުއްޓެވެ. އަދި އެއަށްވުރެ ގިނައިން ޢަމަލުކޮށް (އެހެން ކިޔައިފި) މީހަކު މެނުވީ އެއްވެސް މީހަކު އޭނާކުރިވަރަށްވުރެ ހެޔޮ މަތިވެރިކަމެއް ނުގެނެވޭހުއްޓެވެ."" ރިވާކުރެއްވީ އަލް-ބުޚާރީ 95/4 ގެ ނަމްބަރު 3293 ގައި، އަދި މުސްލިމް 2071/4 ގެ ނަމްްބަރު 2691 ގައެވެ."
«سُبْحَانَ اللَّهِ وَبِحَمْدِهِ: عَدَدَ خَلْقِهِ، وَرِضَا نَفْسِهِ، وَزِنَةَ عَرْشِهِ، وَمِدَادَ كَلِمَاتِهِ»,"«سُبْحَانَ اللَّهِ وَبِحَمْدِهِ: عَدَدَ خَلْقِهِ، وَرِضَا نَفْسِهِ، وَزِنَةَ عَرْشِهِ، وَمِدَادَ كَلِمَاتِهِ»
 މާނައީ: ""ﷲ އަށް ޙަމްދު ކުރުމާއެކު އެ އިލާހު ހުސްޠާހިރު ކުރަމެވެ: އެއީ އެ އިލާހުގެ ޚަލްޤުތަކުންގެ ޢަދަދަށެވެ. އަދި އެ އިލާހުގެ ނަފްސުފުޅަށް ރުހިވޮޑިގެންވާ މިންވަރަށެވެ. އަދި އެ އިލާހުގެ ޢަރްޝުގެ ބަރުދަނާ އެއްވަރަށެވެ. އަދި އެ އިލާހުގެ ކަލިމަފުޅުތަކުގެ ދެއްޔާ އެއްވަރަށެވެ."""
سُبْحَانَ اللَّهِ وَبِحَمْدِهِ: عَدَدَ خَلْقِهِ، وَرِضَا نَفْسِهِ، وَزِنَةَ عَرْشِهِ، وَمِدَادَ كَلِمَاتِه,ސުބްޙާނައްލޯހި ވަބިޙަމްދިހީ: ޢަދަދަ ޚަލްޤިހީ، ވަރިޟާ ނަފްސިހީ، ވަޒިނަތަ ޢަރުޝިހީ، ވަމިދާދަ ކަލިމާތިހް
ثَلاثَ مَرَّاتٍ إِذا أَصْبَحَ[128].,ހެނދުނުވާހިނދު ތިން ފަހަރު. [128].
[128] مسلم (4/2090) برقم (2726).,[128] ރިވާކުރެއްވީ މުސްލިމް 4/2090 ގެ ނަމްބަރު 2726 ގައެވެ.
«اللَّهُمَّ إِنِّي أَسْأَلُكَ عِلْمًا نَافِعًا، وَرِزْقًا طَيِّبًا، وَعَمَلًا مُتَقَبَّلًا»,"«اللَّهُمَّ إِنِّي أَسْأَلُكَ عِلْمًا نَافِعًا، وَرِزْقًا طَيِّبًا، وَعَمَلًا مُتَقَبَّلًا»
 މާނައީ: ""އޭ ﷲ އެވެ! މި އަޅާ، އިބައިލާހުގެ ޙަޟްރަތުން ފައިދާކުރަނިވި ޢިލްމަކާއި، ހެޔޮ ރަނގަޅު ރިޒްޤަކާއި، ޤަބޫލުކުރެވިގެންވާ ޢަމަލެއް ދެއްވުމަށް އެދިދަންނަވަމެވެ."""
اللَّهُمَّ إِنِّي أَسْأَلُكَ عِلْمًا نَافِعًا، وَرِزْقًا طَيِّبًا، وَعَمَلًا مُتَقَبَّلًا,އައްލޯހުންމަ އިންނީ އަސްއަލުކަ ޢިލްމަން ނާފިޢަން، ވަ ރިޒްޤަން ޠައްޔިބަން، ވަ ޢަމަލަން މުތަޤައްބަލަން
إِذا أَصْبَحَ[129].,ހެނދުނުވާހިނދު. [129].
[129] أخرجه ابن السني في عمل اليوم والليلة برقم (54)، وابن ماجه برقم (925)، وحسّن إسناده عبد القادر وشعيب الأرناؤوط في تحقيق زاد المعاد (2/375) وتقدم برقم (73).,[129] ނެރުއްވީ އިބްނުއް-ސުންނީ، ޢަމަލުލް-ޔައުމި ވައް-ލައިލާގެ ނަމްބަރު 54 ގައި، އަދި އިބްނު މާޖާ ނަމްބަރު 925 ގައެވެ. އަދި ޒާދުލް-މަޢާދު ފޮތުގެ ތަޙްޤީޤުގައި 2/375 ގައި ޝުޢައިބު އާއި ޢަބްދުލް-ޤާދިރު އަލް-އަރްނައޫޠުވަނީ އެ ޙަދީޘްގެ ސަނަދު ޙަސަނުކޮށްފައެވެ. އަދި [73] ވަނަ ނަމްބަރުގައި އިސްވެގޮސްފިއެވެ.
«أَسْتَغْفِرُ اللَّهَ وَأَتُوبُ إِلَيْهِ»,"«أَسْتَغْفِرُ اللَّهَ وَأَتُوبُ إِلَيْهِ»
 މާނައީ: ""މި އަޅާ، ﷲ ގެ ޙަޟްރަތުން ފާފަފުއްސެވުމަށް އެދެމެވެ. އަދި އެ އިލާހުގެ ޙަޟްރަތަށް މި އަޅާ ތައުބާވަމެވެ."""
أَسْتَغْفِرُ اللَّهَ وَأَتُوبُ إِلَيْه,އަސްތަޣްފިރުއްލޯހަ ވައަތޫބު އިލައިހް
مِائَةَ مَرَّةٍ فِي اليَوْمِ[130].,ދުވާލަކު ސަތޭކަ ފަހަރު. [130].
[130] البخاري مع الفتح (11/101) برقم (6307)، ومسلم (4/2075) برقم (2702).,[130] ރިވާކުރެއްވީ އަލް-ބުޚާރީ، ފަތުޙުލް-ބާރީއާއެކުވާ ފޮތުގެ 11/101 ގެ ނަމްބަރު 6307 ގައި، އަދި މުސްލިމް 4/2075 ގެ ނަމްބަރު 2702 ގައެވެ.
«أَعُوذُ بِكَلِمَاتِ اللَّهِ التَّامَّاتِ مِنْ شَرِّ مَا خَلَقَ»,"«أَعُوذُ بِكَلِمَاتِ اللَّهِ التَّامَّاتِ مِنْ شَرِّ مَا خَلَقَ»
 މާނައީ: ""ﷲ ގެ ފުރިހަމަވެގެންވާ ކަލިމަފުޅުތަކުން، އެ އިލާހު ޚަލްޤުކުރެއްވި ކޮންމެ ނުބަޔަކުން ރައްކާތެރިކޮށްދެއްވުމަށް މިއަޅާ އެދެމެވެ."""
أَعُوذُ بِكَلِمَاتِ اللَّهِ التَّامَّاتِ مِنْ شَرِّ مَا خَلَق,އަޢޫޛު ބިކަލިމާތިއް ލާހިއް ތާއްމާތި މިން ޝައްރި މާ ޚަލަޤް
ثَلاثَ مَرَّاتٍ إِذَا أَمْسَى[131].,ހަވީރުވާހިނދު ތިން ފަހަރު. [131].
[131] «مَنْ قَالَهَا حِينَ يُمْسِي ثَلاثَ مَرَّاتٍ لَمْ تَضُرَّهُ حُمَّةُ تِلْكَ اللَّيْلَةِ». أخرجه أحمد (2/290) برقم (7898)، والنسائي في عمل اليوم والليلة برقم (590)، وابن السني برقم (68)، وانظر: صحيح الترمذي (3/187)، وصحيح ابن ماجه (2/266)، وتحفة الأخيار لابن باز (ص45).,"[131] ""ހަވީރުވާހިނދު ތިންފަހަރު އެހެން ކިޔައިފި މީހާއަށް އެ ރޭ ވިހަޔަކުން ގެއްލުމެއް ނުވާނެއެވެ."" މި ޙަދީޘް ނެރުއްވީ އަޙްމަދު 2/290 ގެ ނަމްބަރު 7898 ގައި، އަދި އައްނަސާއީ ޢަމަލުލް-ޔައުމި ވައް-ލައިލާގެ ނަމްބަރު 590 ގައި، އަދި އިބްނުއް-ސުންނީ ނަމްބަރު 68 ގައެވެ. އަދި ޞަޙީޙުއް-ތިރްމިޛީގެ 3/187 އާއި، ޞަޙީޙު އިބްނު މާޖާގެ 2/266 އާއި، އިބްނު ބާޒުގެ ތުޙްފަތުލް-އަޚްޔާރުގެ ޞ 45 ބައްލަވާށެވެ."
«اللَّهُمَّ صَلِّ وَسَلِّمْ عَلَى نَبَيِّنَا مُحَمَّدٍ»,"«اللَّهُمَّ صَلِّ وَسَلِّمْ عَلَى نَبَيِّنَا مُحَمَّدٍ»
 މާނައީ: ""އޭ ﷲ އެވެ! އަޅަމެންގެ ނަބިއްޔާ، މުޙައްމަދުގެފާނުގެ މައްޗަށް ޞަލަވާތާއި ސަލާމްލައްވާނދޭވެ!"""
اللَّهُمَّ صَلِّ وَسَلِّمْ عَلَى نَبَيِّنَا مُحَمَّد,އައްލޯހުންމަ ޞައްލި ވަސައްލިމް ޢަލާ ނަބިއްޔިނާ މުޙައްމަދް
عَشْرَ مَرَّاتٍ[132].,ދިހަ ފަހަރު. [132].
[132] «مَنْ صَلَّى عَلَيَّ حِينَ يُصْبِحُ عَشْرًا، وَحِينَ يُمْسِي عَشْرًا، أَدْرَكَتْهُ شَفَاعَتِي يَوْمَ الْقِيَامَةِ». أخرجه الطبراني بإسنادين: أحدهما جيد، انظر: مجمع الزوائد (10/120)، وصحيح الترغيب والترهيب (1/273).,"[132] ""ހެނދުނުވާހިނދު ދިހަ ފަހަރު، އަދި ހަވީރުވާހިނދު ދިހަ ފަހަރު ތިމަންކަލޭގެފާނުގެ މައްޗަށް ޞަލަވާތް ކިޔަވައިފި މީހާއަށް ޤިޔާމަތްދުވަހު ތިމަންކަލޭގެފާނުގެ ޝަފާޢަތް ލިބޭހުއްޓެވެ."" މި ޙަދީޘް ނެރުއްވީ އައް-ޠަބަރާނީ ދެ ސަނަދަކުންނެވެ. އެތަނުން އެއް ސަނަދު ރަނގަޅެވެ. މަޖްމަޢުއް-ޒަވާއިދުގެ 10/120 އާއި، ޞަޙީޙުއް-ތަރްޣީބު ވައް-ތަރްހީބުގެ 1/273 ބައްލަވާށެވެ."
28. أَذْكَارُ النَّوْمِ,28. ނިދާއިރު ކިޔާ ޛިކުރުތައް
(يَجْمَعُ كَفَّيْهِ ثُمَّ يَنْفُثُ فِيهِمَا فَيَقْرَأُ فِيهِمَا:,އޭނާގެ ދެ އަތްތިލަ ޖަމަޢަކޮށްފައި، ދެން ދެ އަތްތިލައަށް ފުމެލާފައި، ދެ އަތްތިލައަށް (ދެ އަތްތިލައިގެ ތެރެއަށް) މިހެން ކިޔަވާނީއެވެ:
﴿قُلۡ هُوَ ٱللَّهُ أَحَدٌ1,"﴿قُلۡ هُوَ ٱللَّهُ أَحَدٌ
 މާނައީ: ""ވިދާޅުވާށެވެ: އެ އިލާހީ އެއްކައުވަންތަ ﷲ އެވެ."""
ٱللَّهُ ٱلصَّمَدُ2,"ٱللَّهُ ٱلصَّمَدُ
 މާނައީ: ""ﷲ އީ އައް-ޞަމަދުއެވެ. (އެބަހީ: އެންމެހާ ތަކެތި އެއިލާހަށް ބޭނުން ޖެހިފައިވާ، އަދި އެއްވެސް އެއްޗަކަށް އެއިލާހު ބޭނުންވެވޮޑިގެން ނުވާ އިލާހެވެ.)"""
لَمۡ يَلِدۡ وَلَمۡ يُولَدۡ3,"لَمۡ يَلِدۡ وَلَمۡ يُولَدۡ
 މާނައީ: ""އެ އިލާހަށް (އެއްވެސް ދަރިކަލެއް) އުފަންވެފައެއް ނުވެއެވެ. އަދި އެއިލާހު (އެއްވެސް ފަރާތަކަށް) އުފަންވެވޮޑިގެންނެއް ނުވެއެވެ."""
وَلَمۡ يَكُن لَّهُۥ كُفُوًا أَحَدُۢ4﴾,"وَلَمۡ يَكُن لَّهُۥ كُفُوًا أَحَدُۢ﴾
 މާނައީ: ""އަދި އެއިލާހާ ކުފޫހަމަވާ، އެއްފަދަވާ އެހެން އެއްވެސް ފަރާތެއް ނުވެއެވެ."""
[الإخلاص: 1-4].,[އަލް-އިޚްލާޞް: 1-4].
﴿قُلۡ أَعُوذُ بِرَبِّ ٱلۡفَلَقِ1,"﴿قُلۡ أَعُوذُ بِرَبِّ ٱلۡفَلَقِ
 މާނައީ: ""ކަލޭގެފާނު ވިދާޅުވާށެވެ! ފަތިހުގެ ވެރި ރައްބުގެ ޙަޟްރަތުން ރައްކާތެރިކަން ލިބިގަންނަމެވެ."""
مِن شَرِّ مَا خَلَقَ2,"مِن شَرِّ مَا خَلَقَ
 މާނައީ: ""އެކަލާނގެ ހައްދަވާފައިވާހާ ތަކެތީގެ ނުބައިކަމުންނެވެ."""
وَمِن شَرِّ غَاسِقٍ إِذَا وَقَبَ3,"وَمِن شَرِّ غَاسِقٍ إِذَا وَقَبَ
 މާނައީ: ""އެކަލާނގެ ހައްދަވާފައިވާހާ ތަކެތީގެ ނުބައިކަމުންނެވެ."""
وَمِن شَرِّ ٱلنَّفَّٰثَٰتِ فِي ٱلۡعُقَدِ4,"وَمِن شَرِّ ٱلنَّفَّٰثَٰتِ فِي ٱلۡعُقَدِ
 މާނައީ: ""އަދި ގޮށްތަކަށްފުމޭ މީހުން (އެބަހީ: ސިޙުރުހަދާމީހުން) ގެ ނުބައިކަމުންވެސްމެއެވެ."""
وَمِن شَرِّ حَاسِدٍ إِذَا حَسَدَ5﴾,"وَمِن شَرِّ حَاسِدٍ إِذَا حَسَدَ﴾
 މާނައީ: ""އަދި ޙަސަދަވެރިޔަކު ޙަސަދަވެރިވެއްޖެހިނދު، އޭނާގެ ނުބައިކަމުންވެސްމެއެވެ."""
[الفلق: 1-5].,[އަލް-ފަލަޤު: 1- 5].
﴿قُلۡ أَعُوذُ بِرَبِّ ٱلنَّاسِ1,"﴿قُلۡ أَعُوذُ بِرَبِّ ٱلنَّاسِ
 މާނައީ: ""ކަލޭގެފާނު ވިދާޅުވާށެވެ! މީސްތަކުންގެ ވެރިރައްބުގެ ޙަޟްރަތުން ރައްކާތެރިކަމަށް އެދެމެވެ."""
مَلِكِ ٱلنَّاسِ2,"مَلِكِ ٱلنَّاسِ
 މާނައީ: ""މީސްތަކުންގެ ރަސްވަންތަ ރަސްކަލާނގެއެވެ."""
إِلَٰهِ ٱلنَّاسِ3,"إِلَٰهِ ٱلنَّاسِ
 މާނައީ: ""މީސްތަކުންގެ އަޅުކަންކުރާ އިލާހެވެ."""
مِن شَرِّ ٱلۡوَسۡوَاسِ ٱلۡخَنَّاسِ4,"مِن شَرِّ ٱلۡوَسۡوَاسِ ٱلۡخَنَّاسِ
 މާނައީ: ""ފިލައިހުރެ ވަސްވާސްދޭ ޝައިޠާނާގެ ނުބައިކަމުންނެވެ."""
ٱلَّذِي يُوَسۡوِسُ فِي صُدُورِ ٱلنَّاسِ5,"ٱلَّذِي يُوَسۡوِسُ فِي صُدُورِ ٱلنَّاسِ
 މާނައީ: ""އެއީ މީސްތަކުންގެ ހިތްތަކުގައި ވަސްވާސް އުފައްދާ ޝައިޠާނެވެ."""
مِنَ ٱلۡجِنَّةِ وَٱلنَّاسِ6﴾,"مِنَ ٱلۡجِنَّةِ وَٱلنَّاسِ﴾
 މާނައީ: ""ޖިންނީންނާއި، މީސްތަކުންގެ ތެރެއިންވާ ޝައިޠާނުންގެ ކިބައިންނެވެ."""
[الناس: 1-6],[އައްނާސް: 1- 6]
ثُمَّ يَمْسَحُ بِهِمَا مَا اسْتَطَاعَ مِنْ جَسَدِهِ يَبْدَأُ بِهِمَا عَلَى رَأْسِهِ وَوَجْهِهِ وَمَا أَقبَلَ مِنْ جَسَدِهِ) (يفعلُ ذلك ثَلاثَ مَرَّاتٍ)[133].,ދެން އޭނާގެ ހަށިގަނޑުން އޭނާއަށް ކުޅަދާނަވީހާ ޙިސާބެއްގައި ދެ އަތުން ފިރުމާލާނީއެވެ. ފަށާނީ އޭނާގެ ބޮލާއި މޫނާއި، އޭނާގެ ހަށިގަނޑުން ކުރިމަތީގައިވާ ބައިންނެވެ. (ތިންފަހަރު އެފަދައިން ކަންތައްކުރާނީއެވެ.) [133].
[133] البخاري مع الفتح (9/62) برقم (5017)، ومسلم برقم (2192).,[133] ރިވާކުރެއްވީ އަލް-ބުޚާރީ، ފަތުޙުލް-ބާރީއާއެކުވާ ފޮތުގެ 9/62 ގެ ނަމްބަރު 5017 ގައި، އަދި މުސްލިމް ނަމްބަރު 2912 ގައެވެ.
﴿ٱللَّهُ لَآ إِلَٰهَ إِلَّا هُوَ ٱلۡحَيُّ ٱلۡقَيُّومُۚ لَا تَأۡخُذُهُۥ سِنَةٞ وَلَا نَوۡمٞۚ لَّهُۥ مَا فِي ٱلسَّمَٰوَٰتِ وَمَا فِي ٱلۡأَرۡضِۗ مَن ذَا ٱلَّذِي يَشۡفَعُ عِندَهُۥٓ إِلَّا بِإِذۡنِهِۦۚ يَعۡلَمُ مَا بَيۡنَ أَيۡدِيهِمۡ وَمَا خَلۡفَهُمۡۖ وَلَا يُحِيطُونَ بِشَيۡءٖ مِّنۡ عِلۡمِهِۦٓ إِلَّا بِمَا شَآءَۚ وَسِعَ كُرۡسِيُّهُ ٱلسَّمَٰوَٰتِ وَٱلۡأَرۡضَۖ وَلَا يَـُٔودُهُۥ حِفۡظُهُمَاۚ وَهُوَ ٱلۡعَلِيُّ ٱلۡعَظِيمُ255﴾,"﴿ٱللَّهُ لَآ إِلَٰهَ إِلَّا هُوَ ٱلۡحَيُّ ٱلۡقَيُّومُۚ لَا تَأۡخُذُهُۥ سِنَةٞ وَلَا نَوۡمٞۚ لَّهُۥ مَا فِي ٱلسَّمَٰوَٰتِ وَمَا فِي ٱلۡأَرۡضِۗ مَن ذَا ٱلَّذِي يَشۡفَعُ عِندَهُۥٓ إِلَّا بِإِذۡنِهِۦۚ يَعۡلَمُ مَا بَيۡنَ أَيۡدِيهِمۡ وَمَا خَلۡفَهُمۡۖ وَلَا يُحِيطُونَ بِشَيۡءٖ مِّنۡ عِلۡمِهِۦٓ إِلَّا بِمَا شَآءَۚ وَسِعَ كُرۡسِيُّهُ ٱلسَّمَٰوَٰتِ وَٱلۡأَرۡضَۖ وَلَا يَـُٔودُهُۥ حِفۡظُهُمَاۚ وَهُوَ ٱلۡعَلِيُّ ٱلۡعَظِيمُ﴾
 މާނައީ: ""ﷲ އީ، އެ އިލާހު ފިޔަވާ (އަޅުކަންކުރުން ޙައްޤުވާ) އެހެން އިލާހަކު ނުވާ އިލާހެވެ. ދިރިދެމިވޮޑިގެންވާ، ދާއިމަށް ޤާއިމުވެ ދެމިވޮޑިގެންވާ އިލާހެވެ. އަވަހާރަފުޅު އައުމެއް އަދި އަވަހާރަފުޅު ލެއްޕެވުމެއްވެސް އެއިލާހަކަށް ނުވެއެވެ. އުޑުތަކުގައި ވާހައި އެއްޗަކާއި، ބިމުގައި ވާހައި އެއްޗެއް މިލްކުވެވޮޑިގެންވަނީ އެ އިލާހަށެވެ. އެއިލާހުގެ އިޛްނަފުޅާ ލައިގެން މެނުވީ، އެ އިލާހުގެ ޙަޟްރަތުގައި ޝަފާޢަތްތެރިވާނެ މީހަކީ ކާކު ހެއްޔެވެ؟ އެމީހުންގެ ކުރިން (އެބަހީ: ޚަލްޤުތަކުންގެ ކުރިން) އިސްވެގޮސްފައިވާހައި ކަމަކާއި، އެމީހުންގެ ފަހުން ވާނޭހާ ކަމެއްވެސް، އެއިލާހު ދެނެވޮޑިގެންވެއެވެ. އަދި އެއިލާހުގެ ޢިލްމުފުޅުގެ ތެރެއިން އެއިލާހު އިރާދަކުރެއްވިކަމެއް ފިޔަވާ، އެއްވެސް އެއްޗެއް އެމީހުންނަކަށް އެނގިގެންނެއް ނުވެއެވެ. އެއިލާހުގެ ކުރުސި، އުޑުތަކާއި ބިމުގެ އެންމެހާ ކަންކޮޅުތަކަށް ތަނަވަސް ވެގެންވެއެވެ. އަދި އެއުޑުތަކާއި ބިން ރައްކާތެރި ކުރައްވާ ހިފެހެއްޓެވުމަށް އެއިލާހުގެ ޙަޟްރަތަކަށް ކުޑަވެސް ބުރަކަމެއް ނުވެއެވެ. އަދި އެއިލާހީ މަތީގައި ވޮޑިގެންވާ، ހައިބަތުބޮޑުވެ މާތްވެގެންވާ އިލާހެވެ."""
[البقرة:255][134].,[އަލް-ބަޤަރާ: 255] [134].
[134] «مَنْ قَرَأَهَا إِذَا آوَى إِلَى فِرَاشِهِ فَإِنَّهُ لَنْ يَزَالَ عَلَيْهِ مِنَ اللَّهِ حَافِظٌ وَلَا يَقْرَبُهُ شَيْطَانٌ حَتَّى يُصْبِحَ». البخاري مع الفتح (4/487) برقم (2311).,"[134] ""އޭނާގެ ތަންމައްޗަށް ދާހިނދު އެހެން ކިޔައިފި މީހާ، ފަހެ ހަމަކަށަވަރުން ހެނދުނުވެއްޖައުމަށް ދާންދެން ﷲ ގެ ޙަޟްރަތުން އޭނާގެ މައްޗަށް ރައްކާތެރިކުރައްވާ ބޭކަލެއްވުން ފިލައިނުދާނެއެވެ. އަދި (ހެނދުނުވަންދެން) ޝައިޠާނެއް އޭނާއާ ގާތް ނުވާނެއެވެ."" ރިވާކުރެއްވީ އަލް-ބުޚާރީ، ފަތުޙުލް-ބާރީއާއެކުވާ ފޮތުގެ 4/487 ގެ ނަމްބަރު 2311 ގައެވެ."
﴿ءَامَنَ ٱلرَّسُولُ بِمَآ أُنزِلَ إِلَيۡهِ مِن رَّبِّهِۦ وَٱلۡمُؤۡمِنُونَۚ كُلٌّ ءَامَنَ بِٱللَّهِ وَمَلَٰٓئِكَتِهِۦ وَكُتُبِهِۦ وَرُسُلِهِۦ لَا نُفَرِّقُ بَيۡنَ أَحَدٖ مِّن رُّسُلِهِۦۚ وَقَالُواْ سَمِعۡنَا وَأَطَعۡنَاۖ غُفۡرَانَكَ رَبَّنَا وَإِلَيۡكَ ٱلۡمَصِيرُ285,"﴿ءَامَنَ ٱلرَّسُولُ بِمَآ أُنزِلَ إِلَيۡهِ مِن رَّبِّهِۦ وَٱلۡمُؤۡمِنُونَۚ كُلٌّ ءَامَنَ بِٱللَّهِ وَمَلَٰٓئِكَتِهِۦ وَكُتُبِهِۦ وَرُسُلِهِۦ لَا نُفَرِّقُ بَيۡنَ أَحَدٖ مِّن رُّسُلِهِۦۚ وَقَالُواْ سَمِعۡنَا وَأَطَعۡنَاۖ غُفۡرَانَكَ رَبَّنَا وَإِلَيۡكَ ٱلۡمَصِيرُ
 މާނައީ: ""ރަސޫލާއަށް، އެކަލޭގެފާނުގެ ރައްބުގެ ޙަޟްރަތުން ބާވައިލެއްވި އެއްޗަކަށް (އެބަހީ: ޤުރްއާނަށް) ރަސޫލާއާއި މުއުމިނުން އީމާން ވިއެވެ. އެ އެންމެންވެސް ﷲ އަށާއި އެ އިލާހުގެ މަލާއިކަތުންނާއި، އެ އިލާހު (ބާވައިލެއްވި) ފޮތްތަކާއި، އެ އިލާހު ފޮނުއްވި ރަސޫލުންނަށް އީމާން ވިއެވެ. (އެ މީހުން ބުނެއެވެ.) ތިމަންމެން، އެ އިލާހުގެ ރަސޫލުންގެ ތެރެއިން އެކަކާމެދުވެސް ތަފާތެއް ނުކުރަމުއެވެ. އަދި އެ މީހުން ބުންޏެވެ. ތިމަންމެން އަޑުއަހާ ކިޔަމަންވެއްޖައީމުއެވެ. އަޅަމެންގެ ރައްބެވެ. އަޅަމެންގެ ފާފަ ފުއްސަވައިފާނދޭވެ! އަދި އެނބުރި ދިޔުން ވަނީ، އިބަ އިލާހުގެ ޙަޟްރަތަށެވެ."""
لَا يُكَلِّفُ ٱللَّهُ نَفۡسًا إِلَّا وُسۡعَهَاۚ لَهَا مَا كَسَبَتۡ وَعَلَيۡهَا مَا ٱكۡتَسَبَتۡۗ رَبَّنَا لَا تُؤَاخِذۡنَآ إِن نَّسِينَآ أَوۡ أَخۡطَأۡنَاۚ رَبَّنَا وَلَا تَحۡمِلۡ عَلَيۡنَآ إِصۡرٗا كَمَا حَمَلۡتَهُۥ عَلَى ٱلَّذِينَ مِن قَبۡلِنَاۚ رَبَّنَا وَلَا تُحَمِّلۡنَا مَا لَا طَاقَةَ لَنَا بِهِۦۖ وَٱعۡفُ عَنَّا وَٱغۡفِرۡ لَنَا وَٱرۡحَمۡنَآۚ أَنتَ مَوۡلَىٰنَا فَٱنصُرۡنَا عَلَى ٱلۡقَوۡمِ ٱلۡكَٰفِرِينَ286﴾,"لَا يُكَلِّفُ ٱللَّهُ نَفۡسًا إِلَّا وُسۡعَهَاۚ لَهَا مَا كَسَبَتۡ وَعَلَيۡهَا مَا ٱكۡتَسَبَتۡۗ رَبَّنَا لَا تُؤَاخِذۡنَآ إِن نَّسِينَآ أَوۡ أَخۡطَأۡنَاۚ رَبَّنَا وَلَا تَحۡمِلۡ عَلَيۡنَآ إِصۡرٗا كَمَا حَمَلۡتَهُۥ عَلَى ٱلَّذِينَ مِن قَبۡلِنَاۚ رَبَّنَا وَلَا تُحَمِّلۡنَا مَا لَا طَاقَةَ لَنَا بِهِۦۖ وَٱعۡفُ عَنَّا وَٱغۡفِرۡ لَنَا وَٱرۡحَمۡنَآۚ أَنتَ مَوۡلَىٰنَا فَٱنصُرۡنَا عَلَى ٱلۡقَوۡمِ ٱلۡكَٰفِرِينَ﴾
 މާނައީ: ""ﷲ، އެއްވެސް ނަފްސަކަށް، އެ ނަފްސަކަށް ކުޅަދާނަވެގެންވާ ކަމަކަށް މެނުވީ ތަކްލީފެއް ނުޖައްސަވައެވެ. އެ ނަފްސެއް ހޯދި ހެޔޮކަމެއް (ގެ ޘަވާބު) އެ ނަފްސަކަށް ވެއެވެ. އަދި، އެ ނަފްސެއް ހޯދި ނުބައިކަމެއް (ގެ ޢުޤޫބާތް) އެ ނަފްސެއްގެ މައްޗަށްވެއެވެ. އަޅަމެންގެ ވެރިރައްބެވެ! އަޅަމެން ހަނދާންނެތިއްޖެނަމަ، ނުވަތަ، ޤަޞްދެއްނެތި އަޅަމެންނަށް ކުށެއް ވެވިއްޖެނަމަ (އެކަމަށް) އަޅަމެންނަށް ޢުޤޫބާތް ނުދެއްވާނދޭވެ! އަޅަމެންގެ ވެރިރައްބެވެ! އަޅަމެންގެ ކުރިންތިބި މީހުންނަށް އުފުލުމަށް ޖެއްސެވިފަދަ ބުރަކަމެއް އަޅަމެން އުފުލުމަށް ނުޖައްސަވާނދޭވެ! އަޅަމެންގެ ވެރިރައްބެވެ! އަޅަމެންނަށް އެކަމަކަށް ކުޅަދާނަވެގެން ނުވާކަމެއް އުފުލުމަށް އަޅަމެންނަށް ނުޖައްސަވާނދޭވެ! އަދި، އަޅަމެންނަށް ޢަފޫކުރައްވާނދޭވެ! އަދި، އަޅަމެންނަށް ފާފަފުއްސަވާނދޭވެ! އަދި، އަޅަމެންނަށް ރަޙްމަތްލައްވާނދޭވެ! އިބައިލާހީ އަޅަމެންގެ އެހީތެރިވަންތަ އިލާހެވެ. ފަހެ، ކާފަރުވެގެންވާ ޤައުމުގެ މައްޗަށް އަޅަމެންނަށް ނަޞްރުދެއްވާނދޭވެ!"""
[البقرة:285-286][135].,[އަލް-ބަޤަރާ: 285-286] [135].
[135] «مَنْ قَرَأَهُمَا فِي لَيْلَةٍ كَفَتَاهُ». البخاري مع الفتح (9/94) برقم (4008)، ومسلم (1/554) برقم (807).,"[135] ""ރޭގަނޑެއްގައި އެ ދެއާޔަތް ކިޔަވައިފި މީހާއަށް، އެ ދެ އާޔަތް (ހުރިހާ ނުބައިކަމަކުން ރައްކާތެރިކޮށްދިނުމަށް ނުވަތަ ރޭ އަޅުކަމުން ނުވަތަ އެހެން ދުޢާތަކުން ނުވަތަ އީމާންކަން އާކުރުމުން) ފުއްދައިދެތެވެ."" ރިވާކުރެއްވީ އަލް-ބުޚާރީ، ފަތުޙުލް-ބާރީއާއެކުވާ ފޮތުގެ 9/94 ގެ ނަމްބަރު 4008 ގައި، އަދި މުސްލިމް 1/554 ގެ ނަމްބަރު 807 ގައެވެ."
«بِاسْمِكَ[136] رَبِّي وَضَعْتُ جَنْبِي، وَبِكَ أَرْفَعُهُ، فَإِنْ أَمْسَكْتَ نَفْسِي فَارْحَمْهَا، وَإِنْ أَرْسَلْتَهَا فَاحْفَظْهَا، بِمَا تَحْفَظُ بِهِ عِبَادَكَ الصَّالِحِينَ»[137].,"«بِاسْمِكَ رَبِّي وَضَعْتُ جَنْبِي، وَبِكَ أَرْفَعُهُ، فَإِنْ أَمْسَكْتَ نَفْسِي فَارْحَمْهَا، وَإِنْ أَرْسَلْتَهَا فَاحْفَظْهَا، بِمَا تَحْفَظُ بِهِ عِبَادَكَ الصَّالِحِينَ»
 މާނައީ: ""އަޅުގެ ރައްބެވެ! [136] އިބަ ﷲ ގެ އިސްމުފުޅުން މި އަޅާގެ އަރިކަށި ބާއްވައިފީމެވެ. އަދި އިބައިލާހުގެ ވާގިފުޅާއެކު، އަރިކަށި އުފުއްލާހުށީމެވެ. ފަހެ އިބައިލާހު އަޅާގެ ފުރާނަ (އަނބުރައި ނުފޮނުއްވައި) ހިފަހައްޓަވައިފިނަމަ، ފަހެ އެ ފުރާނައަށް ރަޙުމްކުރައްވާށިއެވެ! އަދި އެ ފުރާނަ (އަލުން އަނބުރައި) ފޮނުއްވައިފިނަމަ، އިބައިލާހުގެ ޞާލިޙު އަޅުތަކުން ރައްކާތެރިކޮށްދެއްވާ ގޮތަކުން ފަހެ އެ ފުރާނަވެސް ރައްކާތެރިކޮށްދެއްވާށިއެވެ!"" [137]."
[136] «إِذَا قَامَ أَحَدُكُمْ مِنْ فِرَاشِهِ ثُمَّ رَجَعَ إِلَيْهِ فَلْيَنْفُضْهُ بِصَنِفَةِ إِزَارِهِ ثَلاَثَ مَرَّاتٍ، وَلْيُسَمِّي اللَّهَ؛ فَإِنَّهُ لَا يَدْرِي مَا خَلَفَهُ عَلَيْهِ بَعْدَهُ، وَإِذَا اضْطَجَعَ فَلْيَقُلْ:..» الحديث، [ومعنى بصَنِفة إزاره: طَرَفه مِمَّا يَلِي طُرَّته]. النهاية في غريب الحديث والأثر (صنف).,"[136] ""ތިޔަބައިމީހުންކުރެ މީހަކު އޭނާގެ ތަންމަތިން ތެދުވެ، ދެން އެއަށްފަހު އަލުން ތަންމައްޗަށް އެނބުރި އަތުވެއްޖެނަމަ، ފަހެ އޭނާގެ އިޒާރުގެ ފަސްބައިން ތިންފަހަރު ތަންމަތި ފޮޅައިލާށެވެ. އަދި ބިސްމި ﷲ ކިޔާށެވެ. އެހެނީ ހަމަކަށަވަރުން އޭނާއަށް ފަހުގައި އެތަނަށް އައީ ކޮންއެއްޗެއްކަމެއް އޭނާއަކަށް ނޭނގެއެވެ. ދެން ތަންމަތީގައި އޮށޯންނަހިނދު، ފަހެ މިހެން ކިޔާށެވެ:.."" މި ޙަދީޘެވެ. [ޙަދީޘްގައިވާ بصَنِفة إزاره: އެއީ އޭނާގެ އިޒާރުގެ ތިރީ ފަސްބައެވެ.] އެއީ އައް-ނިހާޔާ ފީ ޣަރީބިލް-ޙަދީޘި ވަލް-އަޘަރި ފޮތުގެ صنف ބައިގައެވެ."
[137] البخاري مع الفتح (11/126) برقم (6320)، ومسلم (4/2084) برقم (2714).,[137] ރިވާކުރެއްވީ އަލް-ބުޚާރީ، ފަތުޙުލް-ބާރީއާއެކުވާ ފޮތުގެ 11/126 ގެ ނަމްބަރު 6320 ގައި، އަދި މުސްލިމް 4/2084 ގެ ނަމްބަރު 2714 ގައެވެ.
بِاسْمِكَ رَبِّي وَضَعْتُ جَنْبِي، وَبِكَ أَرْفَعُهُ، فَإِنْ أَمْسَكْتَ نَفْسِي فَارْحَمْهَا، وَإِنْ أَرْسَلْتَهَا فَاحْفَظْهَا، بِمَا تَحْفَظُ بِهِ عِبَادَكَ الصَّالِحِين,ބިސްމިކަ ރައްބީ ވަޟަޢްތު ޖަންބީ، ވަބިކަ އަރްފަޢުހު، ފައިން އަމްސަކްތަ ނަފްސީ ފަރްޙަމްހާ، ވައިން އަރްސަލްތަހާ ފަޙްފަޡްހާ، ބިމާ ތަޙްފަޡު ބިހި ޢިބާދަކައް ޞާލިޙީން
«اللَّهُمَّ إِنَّكَ خَلَقْتَ نَفْسِي وَأَنْتَ تَوَفَّاهَا، لَكَ مَمَاتُهَا وَمَحْياهَا، إِنْ أَحْيَيْتَهَا فَاحْفَظْهَا، وَإِنْ أَمَتَّهَا فَاغْفِرْ لَهَا، اللَّهُمَّ إِنِّي أَسْأَلُكَ العَافِيَةَ»[138].,"«اللَّهُمَّ إِنَّكَ خَلَقْتَ نَفْسِي وَأَنْتَ تَوَفَّاهَا، لَكَ مَمَاتُهَا وَمَحْياهَا، إِنْ أَحْيَيْتَهَا فَاحْفَظْهَا، وَإِنْ أَمَتَّهَا فَاغْفِرْ لَهَا، اللَّهُمَّ إِنِّي أَسْأَلُكَ العَافِيَةَ»
 މާނައީ: ""އޭ ﷲ އެވެ! ހަމަކަށަވަރުން މި އަޅާގެ ނަފްސު ހެއްދެވީ އިބައިލާހެވެ. އަދި އެ ނަފްސު މަރުގަންނަވާހުށީވެސް ހަމަ އިބައިލާހެވެ. އެ ނަފްސުގެ މަރުވުމާއި ދިރުން މިލްކުވެގެންވަނީ އިބައިލާހަށެވެ. އިބައިލާހު އެ ނަފްސަށް ދިރުން ދެއްވައިފިނަމަ، ފަހެ އެ ނަފްސު ރައްކާތެރިކޮށްދެއްވާށިއެވެ! އަދި އިބައިލާހު އެ ނަފްސު މަރުގަންނަވައިފިނަމަ، ފަހެ އެ ނަފްސަށް ފާފަ ފުއްސަވާށިއެވެ! އޭ ﷲ އެވެ! މި އަޅާ އިބައިލާހުގެ ޙަޟްރަތުން ޢާފިޔަތަށް އެދި ދަންނަވަމެވެ."" [138]."
[138] أخرجه مسلم (4/2083) برقم (2712)، وأحمد بلفظه (2/79) برقم (5502).,[138] މި ޙަދީޘް ނެރުއްވީ މުސްލިމް 4/2083 ގެ ނަމްބަރު 2712 ގައި، އަދި އަޙްމަދުވެސް އެ ލަފްޒުން 2/79 ގެ ނަމްބަރު 5502 ގައެވެ.
اللَّهُمَّ إِنَّكَ خَلَقْتَ نَفْسِي وَأَنْتَ تَوَفَّاهَا، لَكَ مَمَاتُهَا وَمَحْياهَا، إِنْ أَحْيَيْتَهَا فَاحْفَظْهَا، وَإِنْ أَمَتَّهَا فَاغْفِرْ لَهَا، اللَّهُمَّ إِنِّي أَسْأَلُكَ العَافِيَة,އައްލޯހުންމަ އިންނަކަ ޚަލަޤްތަ ނަފްސީ ވަ އަންތަ ތަވައްފާހާ، ލަކަ މަމާތުހާ ވަ މަޙްޔާހާ، އިން އަޙްޔައިތަހާ ފަޙްފަޡްހާ، ވަ އިން އަމައްތަހާ ފަޣްފިރް ލަހާ، އައްލޯހުންމަ އިންނީ އަސްއަލުކަލް ޢާފިޔަހް
«اللَّهُمَّ قِنِي[139] عَذَابَكَ يَوْمَ تَبْعَثُ عِبَادَكَ»[140].,"«اللَّهُمَّ قِنِي عَذَابَكَ يَوْمَ تَبْعَثُ عِبَادَكَ»
 މާނައީ: ""އޭ ﷲ އެވެ! [139] އިބައިލާހުގެ އަޅުތަކުން އަލުން ދިރުއްވާ ދުވަހުގައި، އިބައިލާހުގެ ޢަޛާބުން އަޅު ރައްކާތެރިކޮށްދެއްވާށިއެވެ."" [140]."
[139] «كَانَ ﷺ إِذَا أَرَادَ أَنْ يَرْقُدَ وَضَعَ يَدَهُ الْيُمْنَى تَحْتَ خَدِّهِ، ثُمَّ يَقُولُ: ...» الحديث.,"[139] އެކަލޭގެފާނު ﷺ އަވަހާރަފުޅުލައްޕަވަން ޤަޞްދުކުރައްވާހިނދު، އެކަލޭގެފާނުގެ ކޯތާފަތްޕުޅުގެ ދަށުގައި އެކަލޭގެފާނުގެ ކަނާތްޕުޅު ބާއްވަވައެވެ. ދެން ވިދާޅުވެއެވެ..."" މި ޙަދީޘެވެ."
[140] أبو داود بلفظه (4/311) برقم (5045)، والترمذي برقم (3398)، وانظر: صحيح الترمذي (3/143)، وصحيح أبي داود (3/240).,[140] ރިވާކުރެއްވީ އަބޫ ދާވޫދު މި ލަފްޒުން 4/311 ގެ ނަމްބަރު 5045 ގައި، އަދި އައް-ތިރްމިޛީ ނަމްބަރު 3398 ގައެވެ. އަދި ޞަޙީޙުއް-ތިރްމިޛީގެ 3/143 އާއި، ޞަޙީހު އަބީ ދާވޫދުގެ 3/240 ބައްލަވާށެވެ.
اللَّهُمَّ قِنِي عَذَابَكَ يَوْمَ تَبْعَثُ عِبَادَك,އައްލޯހުންމަ ޤިނީ ޢަޛާބަކަ ޔައުމަ ތަބްޢަޘު ޢިބާދަކް
«بِاسْمِكَ اللَّهُمَّ أَمُوتُ وَأَحْيَا»[141].,"«بِاسْمِكَ اللَّهُمَّ أَمُوتُ وَأَحْيَا»
 މާނައީ: ""އޭ ﷲ އެވެ! މިއަޅާ މަރުވަނީ އަދި މިއަޅާ ދިރެނީވެސް އިބަ އިލާހުގެ އިސްމުފުޅުންނެވެ."" [141]."
[141] البخاري مع الفتح (11/113) برقم (6324)، ومسلم (4/2083) برقم (2711).,[141] ރިވާކުރެއްވީ އަލް-ބުޚާރީ، ފަތުޙުލް-ބާރީއާއެކުވާ ފޮތުގެ 11/113 ގެ ނަމްބަރު 6324 ގައި، އަދި މުސްލިމް 4/2083 ގެ ނަމްބަރު 2711 ގައެވެ.
بِاسْمِكَ اللَّهُمَّ أَمُوتُ وَأَحْيَا,ބިސްމިކައްލޯހުންމަ އަމޫތު ވައަޙްޔާ
«سُبْحَانَ اللَّهِ,"«سُبْحَانَ اللَّهِ
 މާނައީ: ""ﷲ ހުސްޠާހިރުވެގެންވެއެވެ."""
سُبْحَانَ اللَّه,ސުބްޙާނައްލޯހް
(ثَلاثًا وَثَلاثِينَ)،,(ތިރީސްތިން ފަހަރު)
وَالحَمْدُ لِلَّهِ,"وَالحَمْدُ لِلَّهِ
 މާނައީ: ""އަދި ﷲ އަށް ޙަމްދުހުއްޓެވެ."""
وَالحَمْدُ لِلَّه,ވަލްޙަމްދު ލިއްލާހް
(ثَلاثًا وَثَلاثِينَ)،,(ތިރީސްތިން ފަހަރު)
وَاللَّهُ أَكْبَرُ,"وَاللَّهُ أَكْبَرُ
 މާނައީ: ""އަދި އެންމެ ބޮޑީ ﷲ އެވެ."""
وَاللَّهُ أَكْبَر,ވަލްލޯހު އަކްބަރް
(أَرْبَعًا وَثَلاثِينَ)»[142].,ތިރީސް ހަތަރު ފަހަރު [142].
[142] «مَنْ قَالَ ذَٰلِكَ عِندَمَا يَأْوِي إِلَى فِرَاشِهِ كَانَ خَيْرًا لَهُ مِنْ خَادِمٍ». البخاري مع الفتح، (7/71) برقم (3705)، ومسلم (4/2091) برقم (2726).,"[142] ""އޭނާގެ ތަންމައްޗަށް ދާހިނދު އެހެން ކިޔައިފި މީހާ، އޭނާއަށް ޚާދިމަކު ވުމަށްވުރެ އެ ޛިކުރުތައް އޭނާއަށް މާ ހެޔޮވެގެންވެއެވެ."" ރިވާކުރެއްވީ އަލް-ބުޚާރީ، ފަތުޙުލް-ބާރީއާއެކުވާ ފޮތުގެ 7/71 ގެ ނަމްބަރު 3705 ގައި، އަދި މުސްލިމް 4/2091 ގެ ނަމްބަރު 2726 ގައެވެ."
«اللَّهُمَّ رَبَّ السَّمَوَاتِ السَّبْعِ وَرَبَّ الأَرْضِ، وَرَبَّ العَرْشِ العَظِيمِ، رَبَّنَا وَرَبَّ كُلِّ شَيْءٍ، فَالِقَ الحَبِّ وَالنَّوَى، وَمُنْزِلَ التَّوْرَاةِ وَالإِنْجِيلِ، وَالفُرْقَانِ، أَعُوذُ بِكَ مِنْ شَرِّ كُلِّ شَيْءٍ أَنْتَ آخِذٌ بِنَاصِيَتِهِ، اللَّهُمَّ أَنْتَ الأَوَّلُ فَلَيْسَ قَبْلَكَ شَيْءٌ، وَأَنْتَ الآخِرُ فَلَيسَ بَعْدَكَ شَيْءٌ، وَأَنْتَ الظَّاهِرُ فَلَيْسَ فَوْقَكَ شَيْءٌ، وَأَنْتَ البَاطِنُ فَلَيْسَ دُونَكَ شَيْءٌ، اقْضِ عَنَّا الدَّيْنَ وَأَغْنِنَا مِنَ الفَقْرِ»[143].,"«اللَّهُمَّ رَبَّ السَّمَوَاتِ السَّبْعِ وَرَبَّ الأَرْضِ، وَرَبَّ العَرْشِ العَظِيمِ، رَبَّنَا وَرَبَّ كُلِّ شَيْءٍ، فَالِقَ الحَبِّ وَالنَّوَى، وَمُنْزِلَ التَّوْرَاةِ وَالإِنْجِيلِ، وَالفُرْقَانِ، أَعُوذُ بِكَ مِنْ شَرِّ كُلِّ شَيْءٍ أَنْتَ آخِذٌ بِنَاصِيَتِهِ، اللَّهُمَّ أَنْتَ الأَوَّلُ فَلَيْسَ قَبْلَكَ شَيْءٌ، وَأَنْتَ الآخِرُ فَلَيسَ بَعْدَكَ شَيْءٌ، وَأَنْتَ الظَّاهِرُ فَلَيْسَ فَوْقَكَ شَيْءٌ، وَأَنْتَ البَاطِنُ فَلَيْسَ دُونَكَ شَيْءٌ، اقْضِ عَنَّا الدَّيْنَ وَأَغْنِنَا مِنَ الفَقْرِ»
 މާނައީ: ""އޭ ﷲ އެވެ! ހަތްއުޑުގެ ވެރި ރައްބެވެ! އަދި ބިމުގެ ވެރި ރައްބެވެ! އަދި މަތިވެރި ޢަރްޝުގެ ރައްބެވެ! އޭ އަޅަމެންގެ ރައްބެވެ! އަދި ހުރިހާ އެއްޗެއްގެ ރައްބެވެ! އޮށާއި އޮށްޓަރުން ގަސްފަޅުއްވާ އިލާހެވެ! އަދި ތައުރާތާއި، އިންޖީލާއި، ފުރްޤާނު (ޙައްޤާއި ބާޠިލު ވަކިކުރަނިވި ފޮތްކަމުގައިވާ ޤުރްއާން) ބާވައިލެއްވި ރައްބެވެ! އިބައިލާހު އެ އެއްޗެއްގެ ނިތްކުރީގައި ހިއްޕަވައިގެންވާ (އެބަހީ: އެއިލާހުގެ ބާރުގެ ދަށުގައިވާ) ކޮންމެ އެއްޗެއްގެ ނުބައިކަމުން މި އަޅާ ރައްކާތެރިކޮށްދެއްވުމަށް އެދި އިބައިލާހަށް ދަންނަވަމެވެ. އޭ ﷲ އެވެ! އިބައިލާހުއީ އެންމެފުރަތަމަ ވޮޑިގެންވީ ފަރާތެވެ. ފަހެ އިބައިލާހުގެ ކުރިން އެއްވެސް އެއްޗެއް ނުވެއެވެ. އަދި އިބައިލާހީ އެންމެފަހުން ވޮޑިގެންވާނެ ފަރާތެވެ. ފަހެ އިބައިލާހުގެ ފަހުން އެއްވެސް އެއްޗެއް ނުވާނެއެވެ. އަދި އިބައިލާހީ (ހެކިތަކާއި ބުރުހާނުން) ފާޅުވެވޮޑިގެންވާ އިލާހެވެ. (ނުވަތަ ހުރިހާ އެއްޗެއްގެ މައްޗަށް ވެރިވެވޮޑިގެންވާ ފަރާތެވެ.) އިބައިލާހުގެ މަތީގައި އެއްވެސް އެއްޗެއް ނުވެއެވެ. އަދި އިބައިލާހީ ވަންހަނާވެވޮޑިގެންވާ ފަރާތެވެ. އިބައިލާހުގެ ފަހަތްޕުޅުގައި (އިބައިލާހަށްވުރެ ބޮޑަށް) ފޮރުވިފައިވާ އެއްވެސް އެއްޗެއް ނުވެއެވެ. އަޅަމެންގެ ކިބައިން ދަރަނި އަދާކޮށްދެއްވާނދޭވެ! އަދި ފަޤީރުކަމުން އަޅަމެންނަށް ފުދުންތެރިކަން ދެއްވާނދޭވެ!"" [143]."
[143] مسلم (4/2084) برقم (2713).,[143] ރިވާކުރެއްވީ މުސްލިމް 4/2084 ގެ ނަމްބަރު 2713 ގައެވެ.
اللَّهُمَّ رَبَّ السَّمَوَاتِ السَّبْعِ وَرَبَّ الأَرْضِ، وَرَبَّ العَرْشِ العَظِيمِ، رَبَّنَا وَرَبَّ كُلِّ شَيْءٍ، فَالِقَ الحَبِّ وَالنَّوَى، وَمُنْزِلَ التَّوْرَاةِ وَالإِنْجِيلِ، وَالفُرْقَانِ، أَعُوذُ بِكَ مِنْ شَرِّ كُلِّ شَيْءٍ أَنْتَ آخِذٌ بِنَاصِيَتِهِ، اللَّهُمَّ أَنْتَ الأَوَّلُ فَلَيْسَ قَبْلَكَ شَيْءٌ، وَأَنْتَ الآخِرُ فَلَيسَ بَعْدَكَ شَيْءٌ، وَأَنْتَ الظَّاهِرُ فَلَيْسَ فَوْقَكَ شَيْءٌ، وَأَنْتَ البَاطِنُ فَلَيْسَ دُونَكَ شَيْءٌ، اقْضِ عَنَّا الدَّيْنَ وَأَغْنِنَا مِنَ الفَقْر,އައްލޯހުންމަ ރައްބައް ސަމާވާތިއް ސަބްޢި ވަރައްބަލް އަރްޟި، ވަރައްބަލް ޢަރްޝިލް ޢަޡީމް، ރައްބަނާ ވަރައްބަ ކުއްލި ޝައިން، ފާލިޤަލް ޙައްބި ވަންނަވާ، ވަމުންޒިލައް ތައުރާތި ވަލްއިންޖީލި، ވަލްފުރުޤާނި، އަޢޫޛު ބިކަ މިން ޝައްރި ކުއްލި ޝައިއިން އަންތަ އާޚިޛުން ބިނާޞިޔަތިހި، އައްލޯހުންމަ އަންތަލް އައްވަލު ފަލައިސަ ޤަބްލަކަ ޝައިއުން، ވައަންތަލް އާޚިރު ފަލައިސަ ބަޢްދަކަ ޝައިއުން، ވައަންތައް ޡާހިރު ފަލައިސަ ފައުޤަކަ ޝައިއުން، ވައަންތަލް ބާޠިނު ފަލައިސަ ދޫނަކަ ޝައިއުން، އިޤްޟި ޢަންނައް ދައިނަ ވައަޣްނިނާ މިނަލް ފަޤްރް
«الحَمْدُ لِلَّهِ الَّذِي أَطْعَمَنَا وَسَقَانَا، وَكَفَانَا، وَآوَانَا، فَكَمْ مِمَّنْ لَا كَافِيَ لَهُ وَلَا مُؤْوِيَ»[144].,"«الحَمْدُ لِلَّهِ الَّذِي أَطْعَمَنَا وَسَقَانَا، وَكَفَانَا، وَآوَانَا، فَكَمْ مِمَّنْ لَا كَافِيَ لَهُ وَلَا مُؤْوِيَ»
 މާނައީ: ""އަޅަމެންނަށް ކާންދެއްވާ، ބޯންދެއްވާ، އަޅަމެންނަށް ފުދުންތެރިކަންދެއްވާ އަދި އަޅަމެންނަށް ހިޔާވަހިކަންދެއްވި ﷲ އަށް ޙަމްދުހުއްޓެވެ. ފަހެ އެ މީހަކަށް ފުދުންތެރިކަންދޭނެ އަދި ހިޔާވަހިކަންދޭނެ ފަރާތެއް ނުވާ ކިތައްކިތައް މީހުންވޭ ހެއްޔެވެ!"" [144]."
[144] مسلم (4/2085) برقم (2715).,[144] ރިވާކުރެއްވީ މުސްލިމް 4/2085 ގެ ނަމްބަރު 2715 ގައެވެ.
الحَمْدُ لِلَّهِ الَّذِي أَطْعَمَنَا وَسَقَانَا، وَكَفَانَا، وَآوَانَا، فَكَمْ مِمَّنْ لَا كَافِيَ لَهُ وَلَا مُؤْوِي,އަލްޙަމްދު ލިއްލާހިއްލަޛީ އަޠުޢަމަނާ ވަސަޤާނާ ވަކަފާނާ ވައާވާނާ، ފަކަމް މިންމައް ލާ ކާފިޔަ ލަހޫ ވަލާ މުއުވީ
«اللَّهُمَّ عَالِمَ الغَيْبِ وَالشَّهَادَةِ فَاطِرَ السَّمَوَاتِ وَالأَرْضِ، رَبَّ كُلِّ شَيْءٍ وَمَلِيكَهُ، أَشْهَدُ أَنْ لَا إِلَهَ إِلَّا أَنْتَ، أَعُوذُ بِكَ مِنْ شَرِّ نَفْسِي، وَمِنْ شَرِّ الشَّيْطانِ وَشِرْكِهِ، وَأَنْ أَقْتَرِفَ عَلَى نَفْسِي سُوءًا، أَوْ أَجُرَّهُ إِلَى مُسْلِمٍ»[145].,"«اللَّهُمَّ عَالِمَ الغَيْبِ وَالشَّهَادَةِ فَاطِرَ السَّمَوَاتِ وَالأَرْضِ، رَبَّ كُلِّ شَيْءٍ وَمَلِيكَهُ، أَشْهَدُ أَنْ لَا إِلَهَ إِلَّا أَنْتَ، أَعُوذُ بِكَ مِنْ شَرِّ نَفْسِي، وَمِنْ شَرِّ الشَّيْطانِ وَشِرْكِهِ، وَأَنْ أَقْتَرِفَ عَلَى نَفْسِي سُوءًا، أَوْ أَجُرَّهُ إِلَى مُسْلِمٍ»
 މާނައީ: ""އޭ ﷲ އެވެ! ޣައިބުގައިވާ ކަންތަކާއި ފެންނަހައި ކަމެއް ދެނެވޮޑިގެންވާ އިލާހެވެ! ނެތުމުގެ ތެރެއިން އުޑުތަކާއި ބިން ހެއްދެވި އިލާހެވެ! ހުރިހާ އެއްޗެއްގެ ވެރި ރައްބު އަދި އެތަކެތީގެ މިލްކުވެރި އިލާހެވެ! އިބައިލާހު ފިޔަވައި އަޅުކަންވެވުން ޙައްޤުވެގެންވާ އެހެން އެއްވެސް އިލާހަކު ނުވާކަމަށް މި އަޅާ ހެކިވަމެވެ. މި އަޅާގެ ނަފްސުގެ ނުބައިކަމާއި، ޝައިޠާނާގެ ނުބައިކަމާއި، އެ ޝައިޠާނާގެ ކެހިވެރި މަޅިތަކުން (ނުވަތަ ﷲ އާ ޝަރީކުކުރުމަށް ލައިދޭ ވަސްވާހުން) ރައްކާތެރިކޮށްދެއްވުމަށް އެދި އިބައިލާހުގެ ޙަޟްރަތުން ދަންނަވަމެވެ. އަދި މި އަޅާގެ އަމިއްލަ ނަފްސުގެ މައްޗަށް ނުބައިކަމަކަށް އަރައިގަތުމުން ނުވަތަ ނުބައިކަމެއް މުސްލިމެއްގެ ގާތަށް ގެންދިޔުމުން ރައްކާތެރިކޮށްދެއްވުމަށް އެދި އިބައިލާހުގެ ޙަޟްރަތުން ދަންނަވަމެވެ."" [145]."
[145] أبو داود (4/317) برقم (5067)، والترمذي برقم (3629)، وانظر: صحيح الترمذي (3/142).,[145] ރިވާކުރެއްވީ އަބޫ ދާވޫދު 4/317 ގެ ނަމްބަރު 5067 ގައި، އަދި އައް-ތިރްމިޛީ ނަމްބަރު 3629 ގައެވެ. އަދި ޞަޙީޙުއް-ތިރްމިޛީގެ 3/142 ބައްލަވާށެވެ.
اللَّهُمَّ عَالِمَ الغَيْبِ وَالشَّهَادَةِ فَاطِرَ السَّمَوَاتِ وَالأَرْضِ، رَبَّ كُلِّ شَيْءٍ وَمَلِيكَهُ، أَشْهَدُ أَنْ لَا إِلَهَ إِلَّا أَنْتَ، أَعُوذُ بِكَ مِنْ شَرِّ نَفْسِي، وَمِنْ شَرِّ الشَّيْطانِ وَشِرْكِهِ، وَأَنْ أَقْتَرِفَ عَلَى نَفْسِي سُوءًا، أَوْ أَجُرَّهُ إِلَى مُسْلِم,އައްލޯހުންމަ ޢާލިމަލް ޣައިބި ވައްޝަހާދަތި ފާޠިރައް ސަމަވާތި ވަލްއަރްޟި، ރައްބަ ކުއްލި ޝައިއިން ވަމަލީކަހު، އަޝްހަދު އައްލާ އިލާހަ އިއްލާ އަންތަ، އަޢޫޛު ބިކަ މިން ޝައްރި ނަފްސީ، ވަމިން ޝައްރިއް ޝައިޠާނި ވަޝިރްކިހި، ވައަން އަޤްތަރިފަ ޢަލާ ނަފްސީ ސޫއަން، އައު އަޖުއްރަހޫ އިލާ މުސްލިމް
«يَقْرَأُ ﴿الــم﴾ تَنْزِيلَ السَّجْدَةِ، وَتَبَارَكَ الَّذي بِيَدِهِ المُلْكُ»[146].,އޭނާ، ﴿الــم﴾ تَنْزِيلَ السَّجْدَةِ (އައް-ސަޖްދާ ސޫރަތް) އަދި تَبَارَكَ الَّذي بِيَدِهِ المُلْكُ (އަލް-މުލްކު ސޫރަތް) ކިޔަވާނީއެވެ. [146].
[146] الترمذي برقم (3404)، والنسائي في عمل اليوم والليلة برقم (707)، وانظر: صحيح الجامع (4/255).,[146] ރިވާކުރެއްވީ އައް-ތިރްމިޛީ ނަމްބަރު 3404 ގައި، އަދި އައް-ނަސާއީ ޢަމަލުލް-ޔައުމި ވައް-ލައިލާގެ ނަމްބަރު 707 ގައެވެ. އަދި ޞަޙީޙުލް-ޖާމިޢުގެ 4/255 ބައްލަވާށެވެ.
«اللَّهُمَّ[147] أَسْلَمْتُ نَفْسِي إِلَيْكَ، وَفَوَّضْتُ أَمْرِي إِلَيْكَ، وَوَجَّهْتُ وَجْهِي إِلَيْكَ، وَأَلْجَأْتُ ظَهْرِي إِلَيْكَ، رَغْبَةً وَرَهْبَةً إِلَيْكَ، لَا مَلْجَأَ وَلَا مَنْجَا مِنْكَ إِلَّا إِلَيْكَ، آمَنْتُ بِكِتَابِكَ الَّذِي أَنْزَلْتَ، وَبِنَبِيِّكَ الَّذِي أَرْسَلْتَ»[148].,"«اللَّهُمَّ أَسْلَمْتُ نَفْسِي إِلَيْكَ، وَفَوَّضْتُ أَمْرِي إِلَيْكَ، وَوَجَّهْتُ وَجْهِي إِلَيْكَ، وَأَلْجَأْتُ ظَهْرِي إِلَيْكَ، رَغْبَةً وَرَهْبَةً إِلَيْكَ، لَا مَلْجَأَ وَلَا مَنْجَا مِنْكَ إِلَّا إِلَيْكَ، آمَنْتُ بِكِتَابِكَ الَّذِي أَنْزَلْتَ، وَبِنَبِيِّكَ الَّذِي أَرْسَلْتَ»
 މާނައީ: ""އޭ ﷲ އެވެ! [147] މި އަޅާގެ ނަފްސު އިބައިލާހަށް ކިޔަމަންކޮށް ބޯލަނބުވައިފީމެވެ. އަދި މި އަޅާގެ ކަންކަން އިބައިލާހާ ޙަވާލުކޮށްފީމެވެ. އަދި މި އަޅާގެ މޫނު އިބައިލާހަށް ކުރިމަތިކޮށްފީމެވެ. އަދި މި އަޅާގެ ބުރަކަށި އިބައިލާހަށް ބަރޯސާކުރުވައިފީމެވެ. އެއީ އިބައިލާހުގެ ރަޙްމަތަށް އުންމީދުކޮށް، އަދި (ޢަޛާބަށް) ބިރުވެތިވާ ޙާލުގައެވެ. އިބައިލާހުގެ ޙަޟްރަތުން (އެބަހީ: އެއިލާހުގެ ޢަޛާބުން) ރައްކާތެރިކަން ލިބިގަންނާނެ ތަނެއް، އަދި ނަޖާވާނެ ގޮތެއް، ހަމަ އިބައިލާހުގެ ޙަޟްރަތަށް (ގޮސް ދަންނަވައިގެން) މެނުވީ ނުވެއެވެ. އިބައިލާހު ބާވައިލެއްވި، އިބައިލާހުގެ ފޮތަށާއި، އިބައިލާހު ފޮނުއްވި، އިބައިލާހުގެ ނަބިއްޔާއަށް މި އަޅާ އީމާންވެއްޖައީމެވެ."" [148]."
[147] «إِذَا أَخَذْتَ مَضْجَعَكَ فَتَوَضَّأْ وَضُوءَكَ لِلصَّلَاةِ، ثُمَّ اضْطَجِعْ عَلَى شِقِّكَ الأَيْمَنِ، ثُمَّ قُلْ: ...» الحديث.,"[147] ""ތިބާގެ ތަންމަތި (އޮށޯތުމަށް ތައްޔާރުކޮށް) ނަގައިފިނަމަ، ފަހެ ނަމާދަށް ވުޟޫކުރާ ގޮތަށް ވުޟޫކުރާށެވެ. ދެން ތިބާގެ ކަނާތް ފަޅިއަށް އޮށޯންނާށެވެ. ދެން މިހެން ކިޔާށެވެ..."" މި ޙަދީޘެވެ."
[148] قال ﷺ لمن قال ذلك: «فَإِنْ مُتَّ مُتَّ عَلَى الفِطْرَةِ». البخاري مع الفتح (11/113) برقم (6313)، ومسلم (4/2081) برقم (2710).,"[148] އެފަދައިން ކީ މީހަކަށް، އެކަލޭގެފާނު ﷺ ޙަދީޘްކުރެއްވިއެވެ: ""ދެންފަހެ ތިބާ މަރުވެއްޖެނަމަ، މަރުވާހުށީ ފިޠުރަތުގެ މަތީގައެވެ."" ރިވާކުރެއްވީ އަލް-ބުޚާރީ، ފަތުޙުލް-ބާރީއާއެކުވާ ފޮތުގެ 11/113 ގެ ނަމްބަރު 6313 ގައި، އަދި މުސްލިމް 4/2081 ގެ ނަމްބަރު 2710 ގައެވެ."
اللَّهُمَّ أَسْلَمْتُ نَفْسِي إِلَيْكَ، وَفَوَّضْتُ أَمْرِي إِلَيْكَ، وَوَجَّهْتُ وَجْهِي إِلَيْكَ، وَأَلْجَأْتُ ظَهْرِي إِلَيْكَ، رَغْبَةً وَرَهْبَةً إِلَيْكَ، لَا مَلْجَأَ وَلَا مَنْجَا مِنْكَ إِلَّا إِلَيْكَ، آمَنْتُ بِكِتَابِكَ الَّذِي أَنْزَلْتَ، وَبِنَبِيِّكَ الَّذِي أَرْسَلْت,އައްލޯހުންމަ އަސްލަމްތު ނަފްސީ އިލައިކަ، ވަފައްވަޟްތު އަމްރީ އިލައިކަ، ވަވައްޖަހްތު ވަޖްހީ އިލައިކަ، ވައަލްޖައުތު ޡަހްރީ އިލައިކަ، ރަޣްބަތަން ވަރަހްބަތަން އިލައިކަ، ލާ މަލްޖައަ ވަލާ މަންޖާ މިންކަ އިއްލާ އިލައިކަ، އާމަންތު ބިކިތާބިކައްލަޛީ އަންޒަލްތަ، ވަބިނަބިއްޔިކައްލަޛީ އަރްސަލްތަ.
29. الدُّعَاءُ إِذَا تَقَلَّبَ لَيْلًا,29. ރޭގަނޑު (ނިދަން އޮވެ) އެނބުރި ފުރޮޅޭހިނދު ކިޔާ ދުޢާ
«لَا إِلَهَ إِلَّا اللَّهُ الوَاحِدُ القَهّارُ، رَبُّ السَّمَوَاتِ وَالأَرْضِ وَمَا بَيْنَهُمَا العَزيزُ الغَفَّارُ»[149].,"«لَا إِلَهَ إِلَّا اللَّهُ الوَاحِدُ القَهّارُ، رَبُّ السَّمَوَاتِ وَالأَرْضِ وَمَا بَيْنَهُمَا العَزيزُ الغَفَّارُ»
 މާނައީ: ""އެއްކައުވަންތަ، ބާރުވެރިވެވޮޑިގެންވާ ﷲ މެނުވީ އަޅުކަންވެވުން ޙައްޤުވެގެންވާ އެހެން އެއްވެސް އިލާހަކު ނުވެއެވެ. އުޑުތަކާއި، ބިމާއި އެ ދެމެދުގައިވާހައި އެއްޗެއްގެ ރައްބެވެ. ޢިއްޒަތްވަންތަ ގިނަގިނައިން ފާފަ ފުއްސަވާ އިލާހެވެ."" [149]."
[149] يقول ذلك إذا تقلب من جنب إلى جنب في الليل. أخرجه الحاكم، وصححه ووافقه الذهبي (1/540)، والنسائي في عمل اليوم والليلة برقم (202)، وابن السني برقم (757)، وانظر: صحيح الجامع (4/213).,[149] އެހެން ކިޔާނީ ރޭގަނޑުގައި، އެއްދިމާލުން އަނެއް ދިމާލަށް އެނބުރި ފުރޮޅޭހިނދުއެވެ. މި ޙަދީޘް އަލް-ޙާކިމު ނެރުއްވާ ޞައްޙަކުރެއްވިއެވެ. އަދި އައް-ޛަހަބީވެސް 1/540 ގައި އެއްބަސްވެލެއްވިއެވެ. އަދި އައް-ނަސާއީ ޢަމަލުލް-ޔައުމި ވައް-ލައިލާގެ ނަމްބަރު 202 ގައި، އަދި އިބްނުއް-ސުންނީ ނަމްބަރު 757 ގައިވެސް ރިވާކުރެއްވިއެވެ. ޞަޙީޙުލް-ޖާމިޢުގެ 4/213 ބައްލަވާށެވެ.
لَا إِلَهَ إِلَّا اللَّهُ الوَاحِدُ القَهّارُ، رَبُّ السَّمَوَاتِ وَالأَرْضِ وَمَا بَيْنَهُمَا العَزيزُ الغَفَّار,ލާ އިލާހަ އިއްލައްލޯހުލް ވާޙިދުލް ޤައްހާރު، ރައްބުއް ސަމާވާތި ވަލްއަރްޟި ވަމާ ބައިނަހުމަލް ޢަޒީޒުލް ޣައްފާރް
30. دُعَاءُ الفَزَعِ فِي النَّوْمِ وَمَنْ بُلِيَ بِالوَحْشَةِ,30. ނިދީގައި ސިހިގެންދާހިނދު އާއި، އެކަނިވެރިކަން އިޙްސާސްވުމުގެ އިމްތިޙާނު ޖެހިގެންވާ މީހާ ކުރާނޭ ދުޢާ
«أَعُوذُ بِكَلِمَاتِ اللَّهِ التَّامَّاتِ مِنْ غَضَبِهِ وَعِقَابِهِ، وَشَرِّ عِبَادِهِ، وَمِنْ هَمَزَاتِ الشَّياطِينِ وَأَنْ يَحْضُرُونِ»[150].,"«أَعُوذُ بِكَلِمَاتِ اللَّهِ التَّامَّاتِ مِنْ غَضَبِهِ وَعِقَابِهِ، وَشَرِّ عِبَادِهِ، وَمِنْ هَمَزَاتِ الشَّياطِينِ وَأَنْ يَحْضُرُونِ»
 މާނައީ: ""ﷲ ގެ ފުރިހަމަވެގެންވާ ކަލިމަފުޅުތައް މެދުވެރިކޮށް، އެ އިލާހުގެ ކޯފާޔާއި ޢުޤޫބާތުންނާއި، އެ އިލާހުގެ އަޅުތަކުންގެ ނުބައިކަމުންނާއި، ޝައިތާނުންގެ ވަސްވާސްތަކުން އަދި އެ ޝައިތާނުން (މި އަޅާގެ ގާތަށް) އައުމުން މި އަޅާ ރައްކާތެރިކަން ލިބިގަންނަމެވެ."" [150]."
[150] أبو داود (4/12) برقم (3893)، والترمذي برقم (3528)، وانظر: صحيح الترمذي (3/171).,[150] ރިވާކުރެއްވީ އަބޫ ދާވޫދު 4/12 ގެ ނަމްބަރު 3893 ގައި، އަދި އައް-ތިރްމިޛީ ނަމްބަރު 3528 ގައެވެ. އަދި ޞަޙީޙުއް-ތިރްމިޛީގެ 3/171 ބައްލަވާށެވެ.
أَعُوذُ بِكَلِمَاتِ اللَّهِ التَّامَّاتِ مِنْ غَضَبِهِ وَعِقَابِهِ، وَشَرِّ عِبَادِهِ، وَمِنْ هَمَزَاتِ الشَّياطِينِ وَأَنْ يَحْضُرُون,އަޢޫޛު ބިކަލިމާތިއްލާހިއް ތާއްމާތި މިން ޣަޟަބިހީ ވަޢިޤާބިހީ، ވަޝައްރި ޢިބާދިހީ، ވަމިން ހަމަޒާތިއް ޝަޔާޠީނި ވައަން ޔަޙްޟުރޫން
31. مَا يَفْعَلُ مَنْ رَأَى الرُّؤْيَا أَوِ الحُلْمَ,31. ނިދީގައި (ނުރުހޭ) ހުވަފެނެއް ފެނިއްޖެ މީހާ ކަންތައްކުރާނޭ ގޮތް
(يَنْفُثُ عَنْ يَسَارِهِ) (ثلاثًا)[151].,އޭނާގެ ވާތްފަރާތަށް ކުޅު އަންނަ ގޮތަށް ތިން ފަހަރު ފުމެލާނީއެވެ. [151].
[151] مسلم (4/1772) برقم (2261).,[151] ރިވާކުރެއްވީ މުސްލިމް 4/1772 ގެ ނަމްބަރު 2261 ގައެވެ.
(يَسْتَعِيذُ بِاللَّهِ مِنَ الشَّيطَانِ وَمِنْ شَرِّ مَا رَأَى) (ثَلَاثَ مَرَّاتٍ)[152].,ޝައިޠާނާގެ ކިބައިން އަދި އޭނާއަށް ފެނުނު ހުވަފެނުގެ ނުބައިކަމުން ރައްކާތެރިކޮށްދެއްވުމަށް ﷲ ގެ ޙަޟްރަތަށް އެދި ދަންނަވާނީއެވެ. އެއީ ތިންފަހަރުއެވެ. [152].
[152] مسلم (4/1772) (1773) برقم (2261) و(2262).,[152] ރިވާކުރެއްވީ މުސްލިމް 4/1772 ގެ ނަމްބަރު 2261 އަދި 2262 ގައެވެ.
أَعُوذُ بِاللَّهِ مِنَ الشَّيطَانِ الرَّجِيم,އަޢޫޛު ބިއްލާހި މިނައް ޝައިޠާނިއް ރަޖީމް
(لَا يُحَدِّثْ بِهَا أَحَدًا)[153].,އެއްވެސް މީހަކަށް އެ ހުވަފެން ކިޔާނުދޭހުއްޓެވެ. [153].
[153] مسلم (4/1772) برقم (2261) و(2263).,[153] ރިވާކުރެއްވީ މުސްލިމް 4/1772 ގެ ނަމްބަރު 2261 އަދި 2263 ގައެވެ.
(يَــتَحَوَّلُ عَنْ جَنْبِهِ الَّذِي كَانَ عَلَيْهِ)[154].,އޭނާ އޮތް އަރިކަށިނޫން އަނެއް އަރިކަށްޓަކަށް އެނބުރޭނީއެވެ. [154].
[154] مسلم (4/1773) برقم (2261).,[154] ރިވާކުރެއްވީ މުސްލިމް 4/1173 ގެ ނަމްބަރު 2261 ގައެވެ.
(يَقُومُ يُصَلِّي إِنْ أَرَادَ ذَلِكَ)[155].,އޭނާ ބޭނުންނަމަ، ތެދުވެ ނަމާދުކުރާނީއެވެ. [155].
[155] مسلم (4/1773) برقم (2263).,[155] ރިވާކުރެއްވީ މުސްލިމް 4/1773 ގެ ނަމްބަރު 2263 ގައެވެ.
32. دُعاءُ قُنُوتِ الوِتْرِ,32. ވިތުރިގެ ޤުނޫތުގައި ކިޔާ ދުޢާ
«اللَّهُمَّ اهْدِنِي فِيمَنْ هَدَيْتَ، وَعَافِنِي فِيمَنْ عَافَيْتَ، وَتَوَلَّنِي فِيمَنْ تَوَلَّيْتَ، وَبَارِكْ لِي فِيمَا أَعْطَيْتَ، وَقِنِي شَرَّ مَا قَضَيْتَ؛ فَإِنَّكَ تَقْضِي وَلَا يُقْضَى عَلَيْكَ، إِنَّهُ لَا يَذِلُّ مَنْ وَالَيْتَ، [وَلاَ يَعِزُّ مَنْ عَادَيْتَ]، تَبارَكْتَ رَبَّنا وَتَعَالَيْتَ»[156].,"«اللَّهُمَّ اهْدِنِي فِيمَنْ هَدَيْتَ، وَعَافِنِي فِيمَنْ عَافَيْتَ، وَتَوَلَّنِي فِيمَنْ تَوَلَّيْتَ، وَبَارِكْ لِي فِيمَا أَعْطَيْتَ، وَقِنِي شَرَّ مَا قَضَيْتَ؛ فَإِنَّكَ تَقْضِي وَلَا يُقْضَى عَلَيْكَ، إِنَّهُ لَا يَذِلُّ مَنْ وَالَيْتَ، [وَلاَ يَعِزُّ مَنْ عَادَيْتَ]، تَبارَكْتَ رَبَّنا وَتَعَالَيْتَ»
 މާނައީ: ""އޭ ﷲ އެވެ! އިބައިލާހު ތެދުމަގުދެއްކެވި މީހުންގެ ތެރޭގައި މި އަޅާއަށްވެސް ތެދުމަގުދައްކަވާނދޭވެ! އަދި އިބައިލާހު ޢާފިޔަތު ދެއްވި މީހުންގެ ތެރޭގައި މި އަޅާއަށްވެސް ޢާފިޔަތު ދެއްވާނދޭވެ! އަދި އިބައިލާހު، އެބަޔަކާ މުވާލާތުކުރައްވާ ވާގިދެއްވި މީހުންގެ ތެރޭގައި މި އަޅާއަށްވެސް މުވާލާތުކުރައްވާނދޭވެ! އަދި އިބައިލާހު ދެއްވި ތަކެތީގައި މި އަޅާއަށް ބަރަކާތްލައްވާނދޭވެ! އަދި އިބައިލާހު ނިޔާކަނޑައެޅުއްވި ކަންކަމުގެ ނުބައިކަމުން މި އަޅާ ރައްކާތެރިކޮށްދެއްވާނދޭވެ! ފަހެ އިބައިލާހު ނިޔާކަނޑައަޅުއްވައެވެ. އަދި އިބައިލާހުގެ މައްޗަށް ނިޔާކަނޑަނޭޅޭނެއެވެ. ހަމަކަށަވަރުން އިބައިލާހު މުވާލާތުކުރައްވާ ރަޙުމަތްތެރިވެވޮޑިގެންފި މީހަކު ނިކަމެތިނުވާހުއްޓެވެ. [އަދި އިބައިލާހު ޢަދާވާތްތެރިވެ ވޮޑިގެންފި މީހަކު ޢިއްޒަތްތެރިނުވާހުއްޓެވެ.] އަޅަމެންގެ ރައްބެވެ! އިބައިލާހު ބަރަކާތްތެރިވެވޮޑިގެން މަތިވެރިވެވޮޑިގެންފިއެވެ."" [156]."
[156] أخرجه أصحاب السنن الأربعة، وأحمد، والدارمي، والبيهقي: أبو داود برقم (1425)، والترمذي برقم (464)، والنسائي برقم (1744)، وابن ماجه برقم (1178)، وأحمد برقم (1718)، والدارمي برقم (1592)، والحاكم (3/172)، والبيهقي (2/209)، وما بين المعقوفين للبيهقي، وانظر: صحيح الترمذي (1/144)، وصحيح ابن ماجه (1/194)، وإرواء الغليل للألباني (2/172).,[156] މި ޙަދީޘް ނެރުއްވީ ހަތަރު ސުނަނު ފޮތްތަކުގެ އަހުލުވެރިންނާއި އަޙްމަދާއި، އައް-ދާރިމީއާއި، އަލް-ބައިހަޤީއެވެ: އަބޫ ދާވޫދު ނަމްބަރު 1425 ގައި، އަދި އައް-ތިރްމިޛީ ނަމްބަރު 464 ގައި، އަދި އައް-ނަސާއީ ނަމްބަރު 1744 ގައި، އަދި އިބްނު މާޖާ ނަމްބަރު 1178 ގައި، އަދި އަޙްމަދު ނަމްބަރު 1718 ގައި، އަދި އައް-ދާރިމީ ނަމްބަރު 1592 ގައި، އަދި އަލް-ޙާކިމު 3/172 ގައި، އަދި އަލް-ބައިހަޤީ 2/209 ގައެވެ. އަދި ދެ ބުރެކެޓްގައިވަނީ އަލް-ބައިހަޤީ ރިވާކުރެއްވި ބައެކެވެ. އަދި ޞަޙީޙުއް-ތިރްމިޛީގެ 1/144 އާއި، ޞަޙީޙު އިބްނު މާޖާގެ 1/194 އަދި އަލް-އަލްބާނީގެ އިރްވާއުލް-ޣަލީލުގެ 2/172 ބައްލަވާށެވެ.
اللَّهُمَّ اهْدِنِي فِيمَنْ هَدَيْتَ، وَعَافِنِي فِيمَنْ عَافَيْتَ، وَتَوَلَّنِي فِيمَنْ تَوَلَّيْتَ، وَبَارِكْ لِي فِيمَا أَعْطَيْتَ، وَقِنِي شَرَّ مَا قَضَيْتَ؛ فَإِنَّكَ تَقْضِي وَلَا يُقْضَى عَلَيْكَ، إِنَّهُ لَا يَذِلُّ مَنْ وَالَيْتَ، [وَلاَ يَعِزُّ مَنْ عَادَيْتَ]، تَبارَكْتَ رَبَّنا وَتَعَالَيْت,އައްލޯހުންމަހްދިނީ ފީމަން ހަދައިތަ، ވަޢާފިނީ ފީމަން ޢާފައިތަ، ވަތަވައްލަނީ ފީމަން ތަވައްލައިތަ، ވަބާރިކް ލީ ފީމާ އަޢްޠައިތަ، ވަޤިނީ ޝައްރަ މާ ޤަޟައިތަ؛ ފައިންނަކަ ތަޤްޟީ ވަލާ ޔުޤްޟާ ޢަލައިކަ، އިންނަހު ލާ ޔަޛިއްލު މަން ވާލައިތަ، ވަލާ ޔަޢިއްޒު މަން ޢާދައިތަ، ތަބާރަކްތަ ރައްބަނާ ވަތަޢާލައިތަ
«اللَّهُمَّ إِنِّي أَعُوذُ بِرِضَاكَ مِنْ سَخَطِكَ، وَبِمُعَافَاتِكَ مِنْ عُقُوبَتِكَ، وَأَعُوذُ بِكَ مِنْكَ، لَا أُحْصِي ثَنَاءً عَلَيْكَ، أَنْتَ كَمَا أَثْنَيْتَ عَلَى نَفْسِكَ»[157].,"«اللَّهُمَّ إِنِّي أَعُوذُ بِرِضَاكَ مِنْ سَخَطِكَ، وَبِمُعَافَاتِكَ مِنْ عُقُوبَتِكَ، وَأَعُوذُ بِكَ مِنْكَ، لَا أُحْصِي ثَنَاءً عَلَيْكَ، أَنْتَ كَمَا أَثْنَيْتَ عَلَى نَفْسِكَ»
 މާނައީ: ""އޭ ﷲ އެވެ! އިބައިލާހުގެ ރުއްސެވުން މެދުވެރިކޮށް އިބައިލާހުގެ ކޯފާއިން ރައްކާތެރިކޮށްދެއްވުމަށް މިއަޅާ އެދިދަންނަވަމެވެ. އަދި އިބައިލާހުގެ ޢަފޫކުރެއްވުން މެދުވެރިކޮށް، އިބައިލާހުގެ ޢުޤޫބާތުންވެސް ރައްކާތެރިކޮށްދެއްވުމަށް އެދިދަންނަވަމެވެ. އަދި އިބައިލާހުގެ ޙަޟްރަތުން ރައްކާތެރިކޮށް ދެއްވުމަށް (އެބަހީ: އެއިލާހުގެ ޢަޛާބާއި ޢުޤޫބާތާއި ކޯފާއިން ރައްކާތެރިކޮށްދެއްވުމަށް) އިބައިލާހުގެ ޙަޟްރަތަށް ދަންނަވަމެވެ. އިބައިލާހަށް ދަންނަވަންޖެހޭ ޘަނާ މިއަޅާއަށް ޢަދަދު ނުކުރެވޭހާ ގިނައެވެ. އިބައިލާހު ވޮޑިގެންވަނީ އިބައިލާހުގެ އަމިއްލަ ޛާތުފުޅަށް ޘަނާކިޔުއްވި ގޮތަށެވެ."" [157]."
[157] أخرجه أصحاب السنن الأربعة، وأحمد: أبو داود برقم (1427)، والترمذي برقم (3566)، والنسائي برقم (1746)، وابن ماجه برقم (1179)، وأحمد برقم (751). انظر: صحيح الترمذي (3/180)، وصحيح ابن ماجه (1/194)، والإرواء، (2/175).,[157] މި ޙަދީޘް ނެރުއްވީ ހަތަރު ސުނަނު ފޮތްތަކުގެ އަހުލުވެރިންނާއި އަޙްމަދެވެ: އަބޫ ދާވޫދު ނަމްބަރު 1427 ގައި، އަދި އައް-ތިރްމިޛީ ނަމްބަރު 3566 ގައި، އަދި އައް-ނަސާއީ ނަމްބަރު 1764 ގައި، އަދި އިބްނު މާޖާ ނަމްބަރު 1179 ގައި، އަދި އަޙްމަދު ނަމްބަރު 751 ގައެވެ. ޞަޙީޙުއް-ތިރްމިޛީގެ 3/180، އަދި ޞަޙީޙު އިބްނު މާޖާގެ 1/194 އާއި އަލް-އިރްވާއުގެ 2/175 ބައްލަވާށެވެ.
اللَّهُمَّ إِنِّي أَعُوذُ بِرِضَاكَ مِنْ سَخَطِكَ، وَبِمُعَافَاتِكَ مِنْ عُقُوبَتِكَ، وَأَعُوذُ بِكَ مِنْكَ، لَا أُحْصِي ثَنَاءً عَلَيْكَ، أَنْتَ كَمَا أَثْنَيْتَ عَلَى نَفْسِك,އައްލޯހުންމަ އިންނީ އަޢޫޛު ބިރިޟާކަ މިން ސަޚަޠިކަ، ވަބިމުޢާފާތިކަ މިން ޢުޤޫބަތިކަ، ވައަޢޫޛު ބިކަ މިންކަ، ލާ އުޙްޞީ ޘަނާއަން ޢަލައިކަ، އަންތަ ކަމާ އަޘްނައިތަ ޢަލާ ނަފްސިކް.
«اللَّهُمَّ إِيَّاكَ نعْبُدُ، وَلَكَ نُصَلِّي وَنَسْجُدُ، وَإِلَيْكَ نَسْعَى وَنَحْفِدُ، نَرْجُو رَحْمَتَكَ، وَنَخْشَى عَذَابَكَ، إِنَّ عَذَابَكَ بِالكَافِرِينَ مُلْحِقٌ، اللَّهُمَّ إِنَّا نَسْتَعِينُكَ، وَنَسْتَغْفِرُكَ، وَنُثْنِي عَلَيْكَ الخَيْرَ، وَلَا نَكْفُرُكَ، وَنُؤْمِنُ بِكَ، وَنَخْضَعُ لَكَ، وَنَخْلَعُ مَنْ يَكْفرُكَ»[158].,"«اللَّهُمَّ إِيَّاكَ نعْبُدُ، وَلَكَ نُصَلِّي وَنَسْجُدُ، وَإِلَيْكَ نَسْعَى وَنَحْفِدُ، نَرْجُو رَحْمَتَكَ، وَنَخْشَى عَذَابَكَ، إِنَّ عَذَابَكَ بِالكَافِرِينَ مُلْحِقٌ، اللَّهُمَّ إِنَّا نَسْتَعِينُكَ، وَنَسْتَغْفِرُكَ، وَنُثْنِي عَلَيْكَ الخَيْرَ، وَلَا نَكْفُرُكَ، وَنُؤْمِنُ بِكَ، وَنَخْضَعُ لَكَ، وَنَخْلَعُ مَنْ يَكْفرُكَ»
 މާނައީ: ""އޭ ﷲ އެވެ! އަޅަމެން އަޅުކަންކުރަނީ ހަމައެކަނި އިބައިލާހަށެވެ. އަދި އަޅަމެން ނަމާދުކުރަނީވެސް އަދި ސަޖިދަކުރަނީވެސް ހަމައެކަނި އިބައިލާހަށެވެ. އަދި އަޅަމެން ގަދައަޅައި އަވަސްވެގަންނަނީވެސް ހަމައެކަނި އިބައިލާހުގެ ޙަޟްރަތަށެވެ. އިބައިލާހުގެ ރަޙްމަތަށް އަޅަމެން އުންމީދުކުރަމުއެވެ. އަދި އިބައިލާހުގެ ޢަޛާބަށް ބިރުވެތިވަމުއެވެ. އިބައިލާހުގެ ޢަޛާބު ކާފަރުންނާ އަރާހަމަކުރާނޭކަން ކަށަވަރެވެ. އޭ ﷲ އެވެ! ހަމަކަށަވަރުން އަޅަމެން އިބައިލާހުގެ ޙަޟްރަތުން އެހީތެރިކަމަށް އެދެމެވެ. އަދި ފާފަފުއްސެވުމަށްވެސް އެދެމެވެ. އަދި އަޅަމެން އިބައިލާހަށް ހެޔޮރަނގަޅު ޘަނާ ކިޔަމެވެ. އަދި އަޅަމެން އިބައިލާހަށް ކާފަރެއް ނުވަމެވެ. އަދި އަޅަމެން އިބައިލާހަށް އީމާންވަމެވެ. އަދި އަޅަމެން އިބައިލާހަށް ހިތްތިރިކޮށް މަޑުމޮޅިވަމުއެވެ. އަދި އިބައިލާހަށް ކާފަރުވާމީހުންނާ އަޅަމެން ގުޅުން ކަނޑައިލަމުއެވެ."" [158]."
"[158] أخرجه البيهقي في السنن الكبرى، وصحَّح إسناده (2/211)، وقال الشيخ الألباني في إرواء الغليل: ""وهذا إسناد صحيح"" (2/170). وهو موقوف على عمر.",[158] މި ޙަދީޘް އައް-ސުނަނުލް-ކުބްރާގެ 2/211 ގައި އަލް-ބައިހަޤީ ނެރުއްވާ އަދި ސަނަދު ޞައްޙަކުރެއްވިއެވެ. އަދި އިރްވާއުލް-ޣަލީލުގައި އައް-ޝައިޚު އަލް-އަލްބާނީ ވިދާޅުވިއެވެ: މިއީ ޞައްޙަ ސަނަދެކެވެ. 2/170. އަދި އެއީ ޢުމަރުގެފާނާ ހަމައަށް މައުޤޫފުކޮށްވާ ބަސްފުޅެކެވެ.
اللَّهُمَّ إِيَّاكَ نعْبُدُ، وَلَكَ نُصَلِّي وَنَسْجُدُ، وَإِلَيْكَ نَسْعَى وَنَحْفِدُ، نَرْجُو رَحْمَتَكَ، وَنَخْشَى عَذَابَكَ، إِنَّ عَذَابَكَ بِالكَافِرِينَ مُلْحِقٌ، اللَّهُمَّ إِنَّا نَسْتَعِينُكَ، وَنَسْتَغْفِرُكَ، وَنُثْنِي عَلَيْكَ الخَيْرَ، وَلَا نَكْفُرُكَ، وَنُؤْمِنُ بِكَ، وَنَخْضَعُ لَكَ، وَنَخْلَعُ مَنْ يَكْفرُك,އައްލޯހުންމަ އިއްޔާކަ ނަޢްބުދު، ވަލަކަ ނުޞައްލީ ވަނަސްޖުދު، ވައިލައިކަ ނަސްޢާ ވަނަޙްފިދު، ނަރްޖޫ ރަޙްމަތަކަ، ވަނަޚްޝާ ޢަޛާބަކަ، އިންނަ ޢަޛާބަކަ ބިލްކާފިރީނަ މުލްޙިޤް، އައްލޯހުންމަ އިންނާ ނަސްތަޢީނުކަ، ވަނަސްތަޣްފިރުކަ، ވަނުޘްނީ ޢަލައިކަލް ޚައިރަ، ވަލާ ނަކްފުރުކަ، ވަނުއުމިނު ބިކަ، ވަނަޚްޟަޢު ލަކަ، ވަނަޚްލަޢު މަން ޔަކްފުރުކަ
33. الذِّكْرُ عَقِبَ السَّلَامِ مِنَ الوِتْرِ,33. ވިތުރިން ސަލާމްދިނުމާ ވިއްދައިގެން ކިޔާ ޛިކުރު
«سُبْحَانَ المَلِكِ القُدُّوسِ»,"«سُبْحَانَ المَلِكِ القُدُّوسِ»
 މާނައީ: ""(ހުރިހާ އުނިކަމަކާއި ޢައިބުން) ހުސްޠާހިރުވެ މާތްވެގެންވާ ރަސްވަންތަ އިލާހުގެ ހުސްޠާހިރުކަމާއެވެ."""
سُبْحَانَ المَلِكِ القُدُّوس,ސުބްޙާނަލް މަލިކިލް ޤުއްދޫސް
ثلاثَ مرَّاتٍ,ތިން ފަހަރު.
والثَّالِثَةُ يَجْهَرُ بها ويَمُدُّ بِهَا صَوتَهُ يَقُولُ:,އަދި ތިންވަނަ ފަހަރު އަޑުހަރުކޮށް، އަދި އަޑު ދަމައިލަމުން ކިޔާނީ:
«رَبِّ المَلَائِكَةِ وَالرُّوحِ»[159].,"«رَبِّ المَلَائِكَةِ وَالرُّوحِ»
 މާނައީ: ""މަލާއިކަތުންނާއި އައްރޫޙު (ޖިބްރީލްގެފާނުގެ) ރައްބެވެ."" [159]."
[159] رواه النسائي (3/244) برقم (1734)، والدارقطني (2/31)، وغيرهما، وما بين المعقوفين زيادة للدارقطني (2/31) برقم (2)، وإسناده صحيح. انظر: زاد المعاد بتحقيق شعيب الأرناؤوط وعبدالقادر الأرناؤوط (1/337).,[159] ރިވާކުރެއްވީ އައް-ނަސާއީގެ 3/244 ގެ ނަމްބަރު 1734 ގައި، އަދި އައް-ދާރަޤުޠްނީ 2/31 ގައި، އަދި އެހެން ބޭކަލުންނެވެ. އަދި ދެ ބުރެކެޓުގައިވަނީ އައް-ދާރަޤުޠްނީ 2/31 ގެ ނަމްބަރު 2 ގައި އިތުރަށްވާ ބައެކެވެ. އަދި އޭގެ ސަނަދު ޞައްޙައެވެ. އަދި ޝުޢައިބު އަލް-އަރްނާއޫޠު އާއި ޢަބްދުލް-ޤާދިރު އަލް-އަރްނާއޫޠުގެ ތަޙްޤީޤުން ޒާދުލް-މަޢާދުގެ 1/337 ބައްލަވާށެވެ.
رَبِّ المَلَائِكَةِ وَالرُّوح,ރައްބިލް މަލާއިކަތި ވައްރޫޙް
34. دُعَاءُ الهَمِّ وَالحُزْنِ,34. ކަންބޮޑުވެ ހާސްވުމުން އަދި ދެރަވެ ހިތާމަވެރިވުމުން ކުރާ ދުޢާ
«اللَّهُمَّ إِنِّي عَبْدُكَ، ابْنُ عَبْدِكَ، ابْنُ أَمَتِكَ، نَاصِيَتِي بِيَدِكَ، مَاضٍ فِيَّ حُكْمُكَ، عَدْلٌ فِيَّ قَضَاؤُكَ، أَسْأَلُكَ بِكُلِّ اسْمٍ هُوَ لَكَ، سَمَّيْتَ بِهِ نَفْسَكَ، أَوْ أَنْزَلْتَهُ فِي كِتَابِكَ، أَوْ عَلَّمْتَهُ أَحَدًا مِنْ خَلْقِكَ، أَوِ اسْتَأْثَرْتَ بِهِ فِي عِلْمِ الغَيْبِ عِنْدَكَ، أَنْ تَجْعَلَ القُرْآنَ رَبِيعَ قَلْبِي، وَنُورَ صَدْرِي، وَجَلَاءَ حُزْنِي، وَذَهَابَ هَمِّي»[160].,"«اللَّهُمَّ إِنِّي عَبْدُكَ، ابْنُ عَبْدِكَ، ابْنُ أَمَتِكَ، نَاصِيَتِي بِيَدِكَ، مَاضٍ فِيَّ حُكْمُكَ، عَدْلٌ فِيَّ قَضَاؤُكَ، أَسْأَلُكَ بِكُلِّ اسْمٍ هُوَ لَكَ، سَمَّيْتَ بِهِ نَفْسَكَ، أَوْ أَنْزَلْتَهُ فِي كِتَابِكَ، أَوْ عَلَّمْتَهُ أَحَدًا مِنْ خَلْقِكَ، أَوِ اسْتَأْثَرْتَ بِهِ فِي عِلْمِ الغَيْبِ عِنْدَكَ، أَنْ تَجْعَلَ القُرْآنَ رَبِيعَ قَلْبِي، وَنُورَ صَدْرِي، وَجَلَاءَ حُزْنِي، وَذَهَابَ هَمِّي»
 މާނައީ: ""އޭ ﷲ އެވެ! ހަމަކަށަވަރުން މި އަޅާއީ އިބައިލާހުގެ އަޅަކީމެވެ. އިބައިލާހުގެ ފިރިހެން އަޅާގެ ދަރިޔަކީމެވެ. އިބައިލާހުގެ އަންހެން އަޅާގެ ދަރިޔަކީމެވެ. މި އަޅާގެ ނިތްކުރި ވަނީ އިބައިލާހުގެ އަތްޕުޅުގައެވެ. އިބައިލާހުގެ ޙުކުމްފުޅު މި އަޅާގެ މައްޗަށް ތަންފީޒުވެގެން ވެއެވެ. އިބައިލާހުގެ ނިޔާފުޅު މި އަޅާއާމެދު ޢަދުލުވެރިވެގެން ވެއެވެ. އިބައިލާހަށް ނިސްބަތްވެގެންވާ ކޮންމެ ނަންފުޅެއް -އިބައިލާހުގެ އަމިއްލަ ނަފްސުފުޅަށް އިބައިލާހު ނަންދެއްވާފައިވާ، ނުވަތަ އިބައިލާހުގެ ފޮތުގައި ބާވައިލައްވާފައިވާ، ނުވަތަ އިބައިލާހުގެ ޚަލްޤުތަކުންގެ ތެރެއިން އެކަކަށްވެސް އުނގަންނަވައިދެއްވާފައިވާ، ނުވަތަ އިބައިލާހުގެ ޙަޟްރަތުގައި ޣައިބުގެ ޢިލްމުގައި (އެހެން މީހަކަށް ނާންގަވާ) އިބައިލާހަށް ޚާއްސަ ކުރައްވާފައިވާ ނަންފުޅެއްވިޔަސް- އެ ނަންފުޅެއް މެދުވެރިކޮށް މި އަޅާ ދަންނަވަމެވެ: ޤުރްއާނަކީ މި އަޅާގެ ހިތުގެ ބަހާރުކަމުގައި، އަދި މި އަޅާގެ މޭގެ ނޫރުކަމުގައި، އަދި މި އަޅާގެ ހިތާމަތައް ފިލުންކަމުގައި، އަދި މި އަޅާގެ ކަންބޮޑުވުން ދުރުކޮށްދޭ އެއްޗެއްކަމުގައި ލައްވާށިއެވެ."" [160]."
[160] أحمد (1/391) برقم (3712)، وصححه الألباني في سلسلة الأحاديث الصحيحة (1/337).,[160] ރިވާކުރެއްވީ އަޙްމަދު 1/391 ގެ ނަމްބަރު 3712 ގައެވެ. އަދި ސިލްސިލަތުލް-އަޙާދީޘިއް-ޞަޙީޙާ 1/337 ގައި އަލް-އަލްބާނީ މި ޙަދީޘް ޞައްޙަކުރެއްވިއެވެ.
اللَّهُمَّ إِنِّي عَبْدُكَ، ابْنُ عَبْدِكَ، ابْنُ أَمَتِكَ، نَاصِيَتِي بِيَدِكَ، مَاضٍ فِيَّ حُكْمُكَ، عَدْلٌ فِيَّ قَضَاؤُكَ، أَسْأَلُكَ بِكُلِّ اسْمٍ هُوَ لَكَ، سَمَّيْتَ بِهِ نَفْسَكَ، أَوْ أَنْزَلْتَهُ فِي كِتَابِكَ، أَوْ عَلَّمْتَهُ أَحَدًا مِنْ خَلْقِكَ، أَوِ اسْتَأْثَرْتَ بِهِ فِي عِلْمِ الغَيْبِ عِنْدَكَ، أَنْ تَجْعَلَ القُرْآنَ رَبِيعَ قَلْبِي، وَنُورَ صَدْرِي، وَجَلَاءَ حُزْنِي، وَذَهَابَ هَمِّي,އައްލޯހުންމަ އިންނީ ޢަބްދުކަ، އިބްނު ޢަބްދިކަ، އިބްނު އަމަތިކަ، ނާޞިޔަތީ ބިޔަދިކަ، މާޟިން ފިއްޔަ ޙުކްމުކަ، ޢަދްލުން ފިއްޔަ ޤަޟާއުކަ، އަސްއަލުކަ ބިކުއްލިސްމިން ހުވަ ލަކަ، ސައްމައިތަ ބިހި ނަފްސަކަ، އައު އަންޒަލްތަހޫ ފީ ކިތާބިކަ، އައު ޢައްލަމްތަހޫ އަޙަދަން މިން ޚަލްޤިކަ، އަވިސްތައުޘަރްތަ ބިހި ފީ ޢިލްމިލް ޣައިބި ޢިންދަކަ، އަން ތަޖްޢަލަލް ޤުރްއާނަ ރަބީޢަ ޤަލްބީ، ވަނޫރަ ޞަދްރީ، ވަޖަލާއަ ޙުޒްނީ، ވަޛަހާބަ ހައްމީ
«اللَّهُمَّ إِنِّي أَعُوذُ بِكَ مِنَ الهَمِّ وَالحَزَنِ، وَالعَجْزِ وَالكَسَلِ، وَالبُخْلِ وَالجُبْنِ، وَضَلَعِ الدَّيْنِ وَغَلَبَةِ الرِّجَالِ»[161].,"«اللَّهُمَّ إِنِّي أَعُوذُ بِكَ مِنَ الهَمِّ وَالحَزَنِ، وَالعَجْزِ وَالكَسَلِ، وَالبُخْلِ وَالجُبْنِ، وَضَلَعِ الدَّيْنِ وَغَلَبَةِ الرِّجَالِ»
 މާނައީ: ""އޭ ﷲ އެވެ! ކަންބޮޑުވެ ހާސްވުމާއި، ހިތާމައިންނާއި، ނުކުޅެދުމުންނާއި، ކަންނެތްކަމުންނާއި، ދަހިވެތިކަމުންނާއި، ފިނޑިކަމުންނާއި، ދަރަނީގެ ބުރައިންނާއި އަދި މީސްތަކުން މި އަޅާގެ މައްޗަށް ގަދަވެގަތުމުން ރައްކާތެރިކޮށްދެއްވުމަށް އިބައިލާހުގެ ޙަޟްރަތުން މި އަޅާ އެދިދަންނަވަމެވެ."" [161]."
[161] البخاري (7/158) برقم (2893)، كان الرسول ﷺ يكثر من هذا الدعاء. انظر: البخاري مع الفتح (11/173)، وسيأتي (ص89) برقم (137).,[161] ރިވާކުރެއްވީ އަލް-ބުޚާރީ 7/158 ގެ ނަމްބަރު 2893 ގައެވެ. ރަސޫލާ ﷺ މި ދުޢާކުރެއްވުން ގިނަކުރައްވައެވެ. އަލް-ބުޚާރީގެ ފަތުޙުލް-ބާރީއާއެކުވާ ފޮތުގެ 11/173 ބައްލަވާށެވެ. އަދި ޞ 89 ގެ ނަމްބަރު 137 ގައި އެ އަންނާނެއެވެ.
اللَّهُمَّ إِنِّي أَعُوذُ بِكَ مِنَ الهَمِّ وَالحَزَنِ، وَالعَجْزِ وَالكَسَلِ، وَالبُخْلِ وَالجُبْنِ، وَضَلَعِ الدَّيْنِ وَغَلَبَةِ الرِّجَال,އައްލޯހުންމަ އިންނީ އަޢޫޛު ބިކަ މިނަލް ހަންމި ވަލްޙަޒަނި، ވަލްޢަޖްޒި ވަލްކަސަލި، ވަލްބުޚްލި ވަލްޖުބްނި، ވަޟަލަޢިއް ދައިނި ވަޣަލަބަތިއް ރިޖާލް
35. دُعَاءُ الكَرْبِ,35. ހިތްނުތަނަވަސްވެ ގިލަންވެރިވުމުން ކުރާ ދުޢާ
«لَا إِلَهَ إِلَّا اللَّهُ العَظِيمُ الحَلِيمُ، لَا إِلَهَ إِلَّا اللَّهُ رَبُّ العَرْشِ العَظِيمِ، لَا إِلَهَ إِلَّا اللَّهُ رَبُّ السَّمَوَاتِ وَرَبُّ الأَرْضِ وَرَبُّ العَرْشِ الكَرِيمِ»[162].,"«لَا إِلَهَ إِلَّا اللَّهُ العَظِيمُ الحَلِيمُ، لَا إِلَهَ إِلَّا اللَّهُ رَبُّ العَرْشِ العَظِيمِ، لَا إِلَهَ إِلَّا اللَّهُ رَبُّ السَّمَوَاتِ وَرَبُّ الأَرْضِ وَرَبُّ العَرْشِ الكَرِيمِ»
 މާނައީ: ""މަތިވެރިވެ ޙިލްމުވެރިވެވޮޑިގެންވާ ﷲ މެނުވީ އަޅުކަންވެވުން ޙައްޤު އެހެން އެއްވެސް އިލާހަކު ނުވެއެވެ. މަތިވެރި ޢަރްޝުގެ ވެރި، ﷲ ފިޔަވައި އަޅުކަންވެވުން ޙައްޤުވެގެންވާ އެހެން އެއްވެސް އިލާހަކު ނުވެއެވެ. އުޑުތަކުގެ ވެރި ރައްބު، ބިމުގެ ވެރި ރައްބު އަދި މާތްވެގެންވާ ޢަރްޝުގެ ވެރި ރައްބު ކަމުގައިވާ ﷲ ފިޔަވައި އަޅުކަންވެވުން ޙައްޤުވެގެންވާ އެހެން އެއްވެސް އިލާހަކު ނުވެއެވެ."" [162]."
[162] البخاري (7/154) برقم (6345)، ومسلم (4/2092) برقم (2730).,[162] ރިވާކުރެއްވީ އަލް-ބުޚާރީ 7/154 ގެ ނަމްބަރު 6345 ގައި، އަދި މުސްލިމް 4/2092 ގެ ނަމްބަރު 2730 ގައެވެ.
لَا إِلَهَ إِلَّا اللَّهُ العَظِيمُ الحَلِيمُ، لَا إِلَهَ إِلَّا اللَّهُ رَبُّ العَرْشِ العَظِيمِ، لَا إِلَهَ إِلَّا اللَّهُ رَبُّ السَّمَوَاتِ وَرَبُّ الأَرْضِ وَرَبُّ العَرْشِ الكَرِيم,ލާ އިލާހަ އިއްލައްލޯހުލް ޢަޡީމުލް ޙަލީމް، ލާ އިލާހަ އިއްލައްލޯހު ރައްބުލް ޢަރްޝިލް ޢަޡީމް، ލާ އިލާހަ އިއްލައްލޯހު ރައްބުއް ސަމާވާތި ވަރައްބުލް އަރްޟި ވަރައްބުލް ޢަރްޝިލް ކަރީމް
«اللَّهُمَّ رَحْمَتَكَ أَرْجُو، فَلَا تَكِلْنِي إِلَى نَفْسِي طَرْفَةَ عَيْنٍ، وَأَصْلِحْ لِي شَأْنِي كُلَّهُ، لَا إِلَهَ إِلَّا أَنْتَ»[163].,"«اللَّهُمَّ رَحْمَتَكَ أَرْجُو، فَلَا تَكِلْنِي إِلَى نَفْسِي طَرْفَةَ عَيْنٍ، وَأَصْلِحْ لِي شَأْنِي كُلَّهُ، لَا إِلَهَ إِلَّا أَنْتَ»
 މާނައީ ""އޭ ﷲ އެވެ! މި އަޅާ އެދިއުއްމީދުކުރަނީ ހަމައެކަނި އިބަ ﷲ ގެ ރަޙްމަތަށެވެ. ފަހެ ކަޅި ހިންގާލާހާ ހިނދުކޮޅަކަށްވެސް މި އަޅާ މި އަޅާގެ ނަފްސާ ހަވާލުނުކުރައްވާނދޭވެ! އަދި މި އަޅާގެ ހުރިހާ ކަމެއް މި އަޅާއަށް އިޞްލާހުކޮށްދެއްވާނދޭވެ! އިބައިލާހު މެނުވީ ޙައްޤުވެގެން އަޅުކަންވެވޭ އެހެން އެއްވެސް އިލާހަކު ނުވެއެވެ."" [163]."
[163] أبو داود (4/324) برقم (5090)، وأحمد (5/42) برقم (20430)، وحسّنه الألباني في صحيح أبي داود (3/959).,[163] ރިވާކުރެއްވީ އަބޫ ދާވޫދު 4/324 ގެ ނަމްބަރު 5090 ގައި، އަދި އަޙްމަދު 5/42 ގެ ނަމްބަރު 20430 ގައެވެ. އަދި އަލް-އަލްބާނީވަނީ ޞަޙީޙު އަބީ ދާވޫދުގެ 3/959 ގައި މި ޙަދީޘް ޙަސަނުކުރައްވާފައެވެ.
اللَّهُمَّ رَحْمَتَكَ أَرْجُو، فَلَا تَكِلْنِي إِلَى نَفْسِي طَرْفَةَ عَيْنٍ، وَأَصْلِحْ لِي شَأْنِي كُلَّهُ، لَا إِلَهَ إِلَّا أَنْت,އައްލޯހުންމަ ރަޙްމަތަކަ އަރްޖޫ، ފަލާ ތަކިލްނީ އިލާ ނަފްސީ ޠަރްފަތަ ޢައިން، ވައަޞްލިޙް ލީ ޝައްނީ ކުއްލަހް، ލާ އިލާހަ އިއްލާ އަންތަ
«لَا إِلَهَ إِلَّا أَنْتَ سُبْحَانَكَ إِنِّي كُنْتُ مِنَ الظَّالِمِينَ»[164].,"«لَا إِلَهَ إِلَّا أَنْتَ سُبْحَانَكَ إِنِّي كُنْتُ مِنَ الظَّالِمِينَ»
 މާނައީ: ""އިބައިލާހު ފިޔަވައި އަޅުކަންވެވުން ޙައްޤުވެގެންވާ އެހެން އެއްވެސް އިލާހަކު ނުވެއެވެ. އިބައިލާހުގެ ހުސްޠާހިރުވަންތަކަމާއެވެ. ހަމަކަށަވަރުން މި އަޅާވަނީ އަނިޔާވެރިންގެ ތެރެއިންނެވެ."" [164]."
[164] الترمذي (5/529) برقم (3505)، والحاكم وصححه ووافقه الذهبي (1/505)، وانظر: صحيح الترمذي (3/168).,[164] ރިވާކުރެއްވީ އައް-ތިރްމިޛީ 5/529 ގެ ނަމްބަރު 3505 ގައެވެ. އަދި އަލް-ޙާކިމު 1/505 ގައި އެ ޙަދީޘް ނެރުއްވާ، ޞައްޙަކުރައްވާ، އަދި އައް-ޛަހަބީވެސް އެއަށް އެއްބަސްވެވަޑައިގަތެވެ. އަދި ޞަޙީޙުއް-ތިރްމިޛީގެ 3/168 ބައްލަވާށެވެ.
لَا إِلَهَ إِلَّا أَنْتَ سُبْحَانَكَ إِنِّي كُنْتُ مِنَ الظَّالِمِين,ލާ އިލާހަ އިއްލާ އަންތަ ސުބްޙާނަކަ އިންނީ ކުންތު މިނައް ޡާލިމީން
«اللَّهُ اللَّهُ رَبِّي لَا أُشْرِكُ بِهِ شَيْئًا»[165].,"«اللَّهُ اللَّهُ رَبِّي لَا أُشْرِكُ بِهِ شَيْئًا»
 މާނައީ: ""ﷲ އެވެ! ﷲ އީ މިއަޅާގެ ވެރި ރައްބެވެ. އެ އިލާހާ އެއްވެސް އެއްޗެއް މި އަޅާ ބައިވެރި ނުކުރަމެވެ."" [165]."
[165] أخرجه أبو داود (2/87) برقم (1525)، وابن ماجه برقم (3882)، وانظر: صحيح ابن ماجه (2/335).,[165] މި ޙަދީޘް ނެރުއްވީ އަބޫ ދާވޫދު 2/87 ގެ ނަމްބަރު 1525 ގައި، އަދި އިބްނު މާޖާ ނަމްބަރު 3882 ގައެވެ. އަދި ޞަޙީޙު އިބްނު މާޖާގެ 2/335 ބައްލަވާށެވެ.
اللَّهُ اللَّهُ رَبِّي لَا أُشْرِكُ بِهِ شَيْئًا,އައްލޯހު، އައްލޯހު ރައްބީ، ލާ އުޝްރިކު ބިހި ޝައިއާ
36. دُعَاءُ لِقَاءِ العَدُوِّ وَذِي السُّلْطَانِ,36. ދުޝްމަނަކާއި ބާރުހުރި ފަރާތަކާ ދިމާވާހިނދު ކުރާ ދުޢާ
«اللَّهُمَّ إِنَّا نَجْعَلُكَ فِي نُحُورِهِم، وَنَعُوذُ بِكَ مِنْ شُرُورِهِمْ»[166].,"«اللَّهُمَّ إِنَّا نَجْعَلُكَ فِي نُحُورِهِم، وَنَعُوذُ بِكَ مِنْ شُرُورِهِمْ»
 މާނައީ: ""އޭ ﷲ އެވެ! އެމީހުންގެ މޭތަކާ ދިމާލަށް އަޅަމެން އިބައިލާހު ކުރިމަތިކުރަމެވެ. (އެބަހީ: އަޅަމެންގެ ދިފާޢުގައި އިބައިލާހަށް ބަރޯސާވަމެވެ.) އަދި އެ މީހުންގެ ނުބައިތަކުން ރައްކާތެރިކޮށްދެއްވުމަށް އަޅަމެން އިބައިލާހުގެ ޙަޟްރަތުން އެދެމެވެ."" [166]."
[166] أبو داود (2/89) برقم (1537)، وصححه الحاكم ووافقه الذهبي (2/142).,[166] ރިވާކުރެއްވީ އަބޫ ދާވޫދު 2/89 ގެ ނަމްބަރު 1537 ގައެވެ. އަދި އަލް-ޙާކިމު 2/142 ގައި އެ ޙަދީޘް ޞައްޙަކުރައްވާ، އަދި އައް-ޛަހަބީވެސް އެއަށް އެއްބަސްވެވަޑައިގަތެވެ.
اللَّهُمَّ إِنَّا نَجْعَلُكَ فِي نُحُورِهِم، وَنَعُوذُ بِكَ مِنْ شُرُورِهِم,އައްލޯހުންމަ އިންނާ ނަޖްޢަލުކަ ފީ ނުޙޫރިހިމް، ވަނަޢޫޛު ބިކަ މިން ޝުރޫރިހިމް
«اللَّهُمَّ أَنْتَ عَضُدِي، وَأَنْتَ نَصِيرِي، بِكَ أَحُولُ وَبِكَ أَصُولُ، وَبِكَ أُقاتِلُ»[167].,"«اللَّهُمَّ أَنْتَ عَضُدِي، وَأَنْتَ نَصِيرِي، بِكَ أَحُولُ وَبِكَ أَصُولُ، وَبِكَ أُقاتِلُ»
 މާނައީ: ""އޭ ﷲ އެވެ! އިބައިލާހީ މިއަޅާގެ މުލައްދަނޑިއެވެ. (އެބަހީ: މި އަޅާގެ އެހީތެރިޔާއެވެ.) އަދި އިބައިލާހީ މި އަޅާއަށް ނަޞްރުދެއްވާ ފަރާތެވެ. މި އަޅާ (ދުޝްމަނުންނާ ދެކޮޅަށް) ޙަރަކާތްތެރިވެ ޙީލަތްހަދަނީ އިބައިލާހުގެ ވާގިފުޅުންނެވެ. އަދި މި އަޅާ (ދުޝްމަނުންނަށް) ހަމަލާދެނީވެސް ހަމައެކަނި އިބައިލާހުގެ ވާގިފުޅުންނެވެ. އަދި މި އަޅާ ހަނގުރާމަކުރަނީވެސް ހަމައެކަނި އިބައިލާހުގެ ވާގިފުޅުންނެވެ."" [167]."
[167] أبو داود (3/42) برقم (2632)، والترمذي (5/572) برقم (3584)، وانظر: صحيح الترمذي (3/183).,[167] ރިވާކުރެއްވީ އަބޫ ދާވޫދު 3/42 ގެ ނަމްބަރު 2632 ގައި، އަދި އައް-ތިރްމިޛީ 5/572 ގެ ނަމްބަރު 3584 ގައެވެ. އަދި ޞަޙީޙުއް-ތިރްމިޛީގެ 3/183 ބައްލަވާށެވެ.
اللَّهُمَّ أَنْتَ عَضُدِي، وَأَنْتَ نَصِيرِي، بِكَ أَحُولُ وَبِكَ أَصُولُ، وَبِكَ أُقاتِل,އައްލޯހުންމަ އަންތަ ޢަޟުދީ، ވަ އަންތަ ނަޞީރީ، ބިކަ އަޙޫލު ވަބިކަ އަޞޫލު، ވަބިކަ އުޤާތިލް
«حَسْبُنا اللَّهُ وَنِعْمَ الوَكِيلُ»[168].,"«حَسْبُنا اللَّهُ وَنِعْمَ الوَكِيلُ»
 މާނައީ: ""އަޅަމެންނަށް ﷲ ފުދެއެވެ. އަދި ވަކީލުކުރެވޭ ފަރާތެއްގެ ގޮތުގައި އެ އިލާހުގެ ހެޔޮކަމާއެވެ."" [168]."
[168] البخاري (5/172) برقم (4563).,[168] ރިވާކުރެއްވީ އަލް-ބުޚާރީ 5/172 ގެ ނަމްބަރު 4563 ގައެވެ.
حَسْبُنا اللَّهُ وَنِعْمَ الوَكِيل,ޙަސްބުނައްލޯހު ވަނިޢްމަލް ވަކީލް
37. دُعَاءُ مَنْ خَافَ ظُلْمَ السُّلْطَانِ,37. ސުލްޠާނުގެ އަނިޔާވެރިކަމަށް ބިރުގަނެއްޖެ މީހާ ކުރާ ދުޢާ
«اللَّهُمَّ ربَّ السَّمَوَاتِ السَّبْعِ، وَرَبَّ العَرْشِ العَظِيمِ، كُنْ لِي جَارًا مِنْ فُلَانِ بْنِ فُلَانٍ، وَأَحْزَابِهِ مِنْ خَلَائِقِكَ، أَنْ يَفْرُطَ عَلَيَّ أَحَدٌ مِنْهُمْ أَوْ يَطْغَى، عَزَّ جَارُكَ، وَجَلَّ ثَنَاؤُكَ، وَلَا إِلَهَ إِلَّا أَنْتَ»[169].,"«اللَّهُمَّ ربَّ السَّمَوَاتِ السَّبْعِ، وَرَبَّ العَرْشِ العَظِيمِ، كُنْ لِي جَارًا مِنْ فُلَانِ بْنِ فُلَانٍ، وَأَحْزَابِهِ مِنْ خَلَائِقِكَ، أَنْ يَفْرُطَ عَلَيَّ أَحَدٌ مِنْهُمْ أَوْ يَطْغَى، عَزَّ جَارُكَ، وَجَلَّ ثَنَاؤُكَ، وَلَا إِلَهَ إِلَّا أَنْتَ»
 މާނައީ: ""އޭ ﷲ އެވެ! ހަތްއުޑުގެ ރައްބެވެ! އަދި މަތިވެރި ޢަރްޝުގެ ރައްބެވެ! މިވެނިމީހެއްގެ ދަރި އެވެނިމީހާގެ ކިބައިން، އަދި އިބައިލާހުގެ މަޚްލޫޤުންގެ ތެރެއިންވާ އޭނާގެ ޖަމާޢަތްތަކުން އެއްވެސް މީހަކު މި އަޅާއަށް އަނިޔާވެރިވެ ނުވަތަ ޙައްދުފަހަނައެޅި ޢަމަލު ހިންގުމުން މި އަޅާ ރައްކާތެރިކޮށްދެއްވާ ފަރާތެއްކަމުގައި ވޮޑިގަންނަވާށިއެވެ! އިބައިލާހުގެ ޙިމާޔަތާއި ރައްކާތެރިކަމުގައިވާ މީހަކު ޢިއްޒަތްތެރިވެއްޖެއެވެ. އަދި އިބައިލާހުގެ ޘަނާ މަތިވެރިއެވެ. އަދި އިބައިލާހު ފިޔަވައި އަޅުކަން ޙައްޤުވެގެންވާ އެއްވެސް އިލާހަކު ނުވެއެވެ."" [169]."
[169] البخاري في الأدب المفرد برقم (707)، وصححه الألباني في صحيح الأدب المفرد برقم (545).,[169] ރިވާކުރެއްވީ އަލް-ބުޚާރީ، އަލް-އަދަބުލް މުފްރަދުގެ ނަމްބަރު 707 ގައެވެ. އަދި އަލް-އަލްބާނީވަނީ ޞަޙީޙުލް-އަދަބުލް-މުފްރަދުގެ ނަމްބަރު 545 ގައި އޭގެ ސަނަދު ޞައްޙަކުރައްވާފައެވެ.
اللَّهُمَّ ربَّ السَّمَوَاتِ السَّبْعِ، وَرَبَّ العَرْشِ العَظِيمِ، كُنْ لِي جَارًا مِنْ فُلَانِ بْنِ فُلَانٍ، وَأَحْزَابِهِ مِنْ خَلَائِقِكَ، أَنْ يَفْرُطَ عَلَيَّ أَحَدٌ مِنْهُمْ أَوْ يَطْغَى، عَزَّ جَارُكَ، وَجَلَّ ثَنَاؤُكَ، وَلَا إِلَهَ إِلَّا أَنْت,އައްލޯހުންމަ ރައްބައް ސަމާވާތިއް ސަބްޢި، ވަރައްބަލް ޢަރްޝިލް ޢަޡީމް، ކުން ލީ ޖާރަން މިން (މިތާގައި ގެއްލުންދީފާނޭކަމަށް ބިރުހީވާ މީހާގެ ނަން ގެންނާނީ)، ވައަޙްޒާބިހީ މިން ޚަލާއިޤިކަ، އަން ޔަފްރުޠަ ޢަލައްޔަ އަޙަދުން މިންހުމް އައު ޔަޠުޣާ، ޢައްޒަ ޖާރުކަ، ވަޖައްލަ ޘަނާއުކަ، ވަލާއިލާހަ އިއްލާ އަންތަ
«اللَّهُ أَكْبَرُ، اللَّهُ أَعَزُّ مِنْ خَلْقِهِ جَمِيعًا، اللَّهُ أَعَزُّ مِمَّا أَخَافُ وَأَحْذَرُ، أَعُوذُ بِاللَّهِ الَّذِي لَا إِلَهَ إِلَّا هُوَ، المُمْسِكِ السَّمَوَاتِ السَّبْعِ أَنْ يَقَعْنَ عَلَى الأَرْضِ إِلَّا بِإِذْنِهِ، مِنْ شَرِّ عَبْدِكَ فُلَانٍ، وَجُنُودِهِ وَأَتْبَاعِهِ وَأَشْيَاعِهِ، مِنَ الجِنِّ وَالإِنْسِ، اللَّهُمَّ كُنْ لِي جَارًا مِنْ شَرِّهِمْ، جَلَّ ثَنَاؤُكَ وَعَزَّ جَارُكَ، وَتَبَارَكَ اسْمُكَ، وَلَا إِلَهَ غَيْرُكَ»,"«اللَّهُ أَكْبَرُ، اللَّهُ أَعَزُّ مِنْ خَلْقِهِ جَمِيعًا، اللَّهُ أَعَزُّ مِمَّا أَخَافُ وَأَحْذَرُ، أَعُوذُ بِاللَّهِ الَّذِي لَا إِلَهَ إِلَّا هُوَ، المُمْسِكِ السَّمَوَاتِ السَّبْعِ أَنْ يَقَعْنَ عَلَى الأَرْضِ إِلَّا بِإِذْنِهِ، مِنْ شَرِّ عَبْدِكَ فُلَانٍ، وَجُنُودِهِ وَأَتْبَاعِهِ وَأَشْيَاعِهِ، مِنَ الجِنِّ وَالإِنْسِ، اللَّهُمَّ كُنْ لِي جَارًا مِنْ شَرِّهِمْ، جَلَّ ثَنَاؤُكَ وَعَزَّ جَارُكَ، وَتَبَارَكَ اسْمُكَ، وَلَا إِلَهَ غَيْرُكَ»
 މާނައީ: ""އެންމެ ބޮޑީ ﷲ އެވެ. ﷲ، އެ އިލާހުގެ ހުރިހާ މަޚްލޫޤުންނަށްވުރެ ޢިއްޒަތްތެރިވެވޮޑިގެންވެއެވެ. މި އަޅާ ބިރުގަނެ ޖެހިލުންވާ ހުރިހާ އެއްޗަކަށްވުރެ ﷲ މާ ޢިއްޒަތްތެރިކަން ބޮޑުވެގެންވެއެވެ. އިބައިލާހުގެ މިވެނި އެވެނި އަޅާގެ ނުބައިކަމުންނާއި، ޖިންނީންނާއި އިންސީންގެ ތެރެއިންވާ އޭނާގެ ލަޝްކަރާއި، އޭނާއަށް ތަބަޢަވާމީހުންނާއި އޭނާގެ ޖަމާޢަތްތަކުގެ ނުބައިކަމުން ރައްކާތެރިކޮށްދެއްވުމަށް، އެ އިލާހު ފިޔަވައި ޙައްޤުވެގެން އަޅުކަންވެވޭ އެހެން އެއްވެސް އިލާހަކުނުވާ ﷲ ގެ ޙަޟްރަތުން އެދެމެވެ. (އެ އިލާހީ) އެ އިލާހުގެ އިޛްނަފުޅާ ލައިގެން މެނުވީ، ބިންމައްޗަށް ހަތް އުޑު ވެއްޓުނަނުދީ ހިފަހައްޓަވާ އިލާހެވެ. އޭ ﷲ އެވެ! އެބައިމީހުންގެ ނުބައިކަމުން މި އަޅާއަށް ޙިމާޔަތްދެއްވާ ފަރާތެއްކަމުގައި ވޮޑިގަންނަވާށިއެވެ! އިބައިލާހުގެ ޘަނާ މަތިވެރިވެގެންވެއެވެ. އަދި އިބައިލާހުގެ ހިޔާވަހިކަން ލިބިގަންނަ މީހާ ޢިއްޒަތްތެރިވެގެންވެއެވެ. އަދި އިބައިލާހުގެ އިސްމުފުޅު ބަރަކާތްތެރިވެގެންވެއެވެ. އަދި އިބައިލާހު ފިޔަވައި އަޅުކަންވެވުން ޙައްޤުވެގެންވާ އެހެން އެއްވެސް އިލާހަކު ނުވެއެވެ."""
اللَّهُ أَكْبَرُ، اللَّهُ أَعَزُّ مِنْ خَلْقِهِ جَمِيعًا، اللَّهُ أَعَزُّ مِمَّا أَخَافُ وَأَحْذَرُ، أَعُوذُ بِاللَّهِ الَّذِي لَا إِلَهَ إِلَّا هُوَ، المُمْسِكِ السَّمَوَاتِ السَّبْعِ أَنْ يَقَعْنَ عَلَى الأَرْضِ إِلَّا بِإِذْنِهِ، مِنْ شَرِّ عَبْدِكَ فُلَانٍ، وَجُنُودِهِ وَأَتْبَاعِهِ وَأَشْيَاعِهِ، مِنَ الجِنِّ وَالإِنْسِ، اللَّهُمَّ كُنْ لِي جَارًا مِنْ شَرِّهِمْ، جَلَّ ثَنَاؤُكَ وَعَزَّ جَارُكَ، وَتَبَارَكَ اسْمُكَ، وَلَا إِلَهَ غَيْرُك,އައްލޯހު އަކްބަރު، އައްލޯހު އަޢައްޒު މިން ޚަލްޤިހީ ޖަމީޢަން، އައްލޯހު އަޢައްޒު މިންމާ އަޚާފު ވައަޙްޛަރު، އަޢޫޛު ބިއްލާހިއް ލަޛީ ލާ އިލާހަ އިއްލާ ހުވަ، އަލްމުމްސިކިއް ސަމާވާތިއް ސަބްޢި އަން ޔަޤަޢްނަ ޢަލަލް އަރްޟި އިއްލާ ބިއިޛްނިހް، މިން ޝައްރި ޢަބްދިކަ (މިތާ އެ މީހަކުގެ ނަން ގެންނާނީ)، ވަޖުނޫދިހީ ވައަތުބާޢިހީ ވައަޝްޔާޢިހީ، މިނަލް ޖިންނި ވަލްއިންސި، އައްލޯހުންމަ ކުން ލީ ޖާރަން މިން ޝައްރިހިމް، ޖައްލަ ޘަނާއުކަ ވަޢައްޒަ ޖާރުކަ، ވަތަބާރަކަސްމުކަ، ވަލާ އިލާހަ ޣައިރުކް
ثَلاثَ مَرَّاتٍ[170].,ތިންފަހަރު. [170].
[170] البخاري في الأدب المفرد برقم (708)، وصححه الألباني في صحيح الأدب المفرد برقم (546).,[170] ރިވާކުރެއްވީ އަލް-ބުޚާރީ، އަލް-އަދަބުލް-މުފްރަދުގެ ނަމްބަރު 708 ގައެވެ. އަދި އަލް-އަލްބާނީވަނީ ޞަޙީޙުލް-އަދަބުލް-މުފްރަދުގެ ނަމްބަރު 546 ގައި އޭގެ ސަނަދު ޞައްޙަކުރައްވާފައެވެ.
38. الدُّعَاءُ عَلَى العَدُوِّ,38. ޢަދުއްވުންގެ މައްޗަށްކުރާ ދުޢާ
«اللَّهُمَّ مُنْزِلَ الكِتَابِ، سَرِيعَ الحِسَابِ، اهْزِمِ الأَحْزَابَ، اللَّهُمَّ اهزِمْهُمْ وَزَلْزِلْهُمْ»[171].,"«اللَّهُمَّ مُنْزِلَ الكِتَابِ، سَرِيعَ الحِسَابِ، اهْزِمِ الأَحْزَابَ، اللَّهُمَّ اهزِمْهُمْ وَزَلْزِلْهُمْ»
 މާނައީ: ""އޭ ﷲ އެވެ! ފޮތް ބާވައިލައްވާ އިލާހެވެ! ހިސާބުބެއްލެވުމަށް އަވަސްވެވޮޑިގެންވާ އިލާހެވެ! (ދުޝްމަނުންގެ) ޖަމާޢަތްތައް ބަލިކުރައްވާނދޭވެ! އޭ ﷲ އެވެ! އެމީހުން ބަލިކުރައްވާ، އަދި އެމީހުންނަށް ގުޑުންގެންނަވާނދޭވެ!"" [171]."
[171] مسلم (3/1362) برقم (1742).,[171] ރިވާކުރެއްވީ މުސްލިމް 3/1362 ގެ ނަމްބަރު 1742 ގައެވެ.
اللَّهُمَّ مُنْزِلَ الكِتَابِ، سَرِيعَ الحِسَابِ، اهْزِمِ الأَحْزَابَ، اللَّهُمَّ اهزِمْهُمْ وَزَلْزِلْهُم,އައްލޯހުންމަ މުންޒިލަލް ކިތާބް، ސަރީޢަލް ޙިސާބް، އިހްޒިމިލް އަޙްޒާބް، އައްލޯހުންމަހްޒިމްހުމް ވަޒަލްޒިލްހުމް
39. مَا يَقُولُ مَنْ خَافَ قَوْمًا,39. ބަޔަކު މީހުންދެކެ ބިރުގަނެއްޖެ މީހާ ކިޔާނެ ދުޢާ
«اللَّهُمَّ اكْفِنِيهِمْ بِمَا شِئْتَ»[172].,"«اللَّهُمَّ اكْفِنِيهِمْ بِمَا شِئْتَ»
 މާނައީ: ""އޭ ﷲ އެވެ! އިބައިލާހު އެދިވޮޑިގަންނަވާ ގޮތަށް އެމީހުންގެ ކަންތައް މިއަޅާއަށް ހިންމަވާ ފުއްދަވާދެއްވާށިއެވެ."" [172]."
[172] مسلم (4/2300) برقم (3005).,[172] ރިވާކުރެއްވީ މުސްލިމް 4/2300 ގެ ނަމްބަރު 3005 ގައެވެ.
اللَّهُمَّ اكْفِنِيهِمْ بِمَا شِئْت,އައްލޯހުންމަކްފިނީހިމް ބިމާ ޝިއްތަ
40. دُعَاءُ مَنْ أَصَابَهُ وَسْوَسَةٌ فِي الإِيمَانِ,40. އީމާންކަމުގައި ވަސްވާހެއް ޖެހިފައިވާ މީހާ ކުރާނޭ ދުޢާ
(يَسْتَعِيذُ بِاللَّهِ)[173].,އޭނާ ﷲ ގެ ޙަޟްރަތުން ރައްކާތެރިކަމަށް އެދޭނީއެވެ. [173].
يقول:,އޭނާ ކިޔާނީ:
(أَعُوذُ بِاللَّهِ مِنَ الشَّيطَانِ الرَّجِيمِ).,"(أَعُوذُ بِاللَّهِ مِنَ الشَّيطَانِ الرَّجِيمِ)
 މާނައީ: ""ލަޢުނަތް ލެއްވިގެންވާ ޝައިޠާނާގެ ކިބައިން ރައްކާތެރިކޮށްދެއްވުމަށް ﷲ ގެ ޙަޟްރަތުން އެދެމެވެ."""
[173] البخاري مع الفتح (6/336) برقم (3276)، ومسلم (1/120) برقم (134).,[173] ރިވާކުރެއްވީ އަލް-ބުޚާރީ، ފަތުޙުލް-ބާރީއާއެކުވާ ފޮތުގެ 6/336 ގެ ނަމްބަރު 3276 ގައި، އަދި މުސްލިމް 1/120 ގެ ނަމްބަރު 134 ގައެވެ.
أَعُوذُ بِاللَّهِ مِنَ الشَّيطَانِ الرَّجِيم,އަޢޫޛު ބިއްލާހި މިނައް ޝައިޠާނިއް ރަޖީމް
(يَنْتَهِي عَمَّا وَسْوَسَ فِيهِ)[174].,އޭނާއަށް ވަސްވާސް ޖެހިގެން އުޅޭ ކަމެއް ހުއްޓާލާނީއެވެ. [174].
[174] البخاري مع الفتح (6/336) برقم (3276)، ومسلم (1/ 120) برقم (134).,[174] ރިވާކުރެއްވީ އަލް-ބުޚާރީ، ފަތުޙުލް-ބާރީއާއެކުވާ ފޮތުގެ 6/336 ގެ ނަމްބަރު 3276 ގައި، އަދި މުސްލިމް 1/120 ގެ ނަމްބަރު 134 ގައެވެ.
(يَقُولُ:,(އޭނާ ކިޔާނީ:
(آمَنْتُ بِاللَّهِ وَرُسُلِهِ))[175].,"(آمَنْتُ بِاللَّهِ وَرُسُلِهِ)
 މާނައީ: ""ﷲ އާއި އެއިލާހުގެ ރަސޫލުންނަށް މި އަޅާ އީމާންވެއްޖައީމެވެ."" [175]."
[175] مسلم (1 /119-120) برقم (134).,[175] ރިވާކުރެއްވީ މުސްލިމް 1/ 119-120 ގެ ނަމްބަރު 134 ގައެވެ.
آمَنْتُ بِاللَّهِ وَرُسُلِه,އާމަންތު ބިއްލާހި ވަރުސުލިހް
(يَقْرَأُ قَوْلَهُ تَعَالَى:,އޭނާ ﷲ ތަޢާލާގެ މި ބަސްފުޅު ކިޔަވާނީއެވެ:
﴿هُوَ ٱلۡأَوَّلُ وَٱلۡأٓخِرُ وَٱلظَّٰهِرُ وَٱلۡبَاطِنُۖ وَهُوَ بِكُلِّ شَيۡءٍ عَلِيمٌ 3﴾,"﴿هُوَ ٱلۡأَوَّلُ وَٱلۡأٓخِرُ وَٱلظَّٰهِرُ وَٱلۡبَاطِنُۖ وَهُوَ بِكُلِّ شَيۡءٍ عَلِيمٌ ﴾
 މާނައީ: ""އެ އިލާހީ އެންމެ ފުރަތަމައިން އިސްވެވޮޑިގެންވާ އިލާހެވެ. އަދި އެންމެ ފަހުން ފަސްވެވޮޑިގެންވާ އިލާހެވެ. އަދި (ހުރިހާ އެއްޗެއްގެ މަތީގައި އަދި ވެރިވެގެން) ވޮޑިގެންވާ އިލާހެވެ. (ނުވަތަ ހެކިތަކާއި ޢަލާމާތްތަކުން ފާޅުވެވޮޑިގެންވާ އިލާހެވެ.) އަދި (އެ އިލާހުގެ ޢިލްމުފުޅުން ހުރިހާ އެއްޗަކަށް ވުރެ) ގާތުގައި ވޮޑިގެންވާ އިލާހެވެ. (ނުވަތަ ފޮރުވި ވަންހަނާވެ ވޮޑިގެންވާ އިލާހެވެ.) އަދި އެއީ ކޮންމެ ކަމެއް މޮޅަށް ދެނެވޮޑިގެންވާ އިލާހެވެ."""
[الحديد: 3 ] [176].,[އަލް-ޙަދީދު: 3] [176].
[176] أبو داود (4/329) برقم (5110)، وحسنه الألباني في صحيح أبي داود (3/962).,[176] ރިވާކުރެއްވީ އަބޫ ދާވޫދު 4/329 ގެ ނަމްބަރު 5110 ގައެވެ. އަަދި އަލް-އަލްބާނީވަނީ ޞަޙީޙު އަބީ ދާވޫދުގެ 3/962 ގައި މި ޙަދީޘް ޙަސަނުކުރައްވާފައެވެ.
41. دُعَاءُ قَضَاءِ الدَّيْنِ,41. ދަރަނި އަދާކޮށްދެއްވުމަށް އެދި ކުރާ ދުޢާ
«اللَّهُمَّ اكْفِنِي بِحَلَالِكَ عَنْ حَرَامِكَ، وَأَغْنِنِي بِفَضْلِكِ عَمَّنْ سِوَاكَ»[177].,"«اللَّهُمَّ اكْفِنِي بِحَلَالِكَ عَنْ حَرَامِكَ، وَأَغْنِنِي بِفَضْلِكِ عَمَّنْ سِوَاكَ»
 މާނައީ: ""އޭ ﷲ އެވެ! އިބައިލާހު ޙަލާލުކުރެއްވި ތަކެތި މެދުވެރިކޮށް އިބައިލާހު ޙަރާމްކުރެއްވި ތަކެތިން މި އަޅާ (އެއްކިބާކުރައްވާ) ފުދުންތެރިކުރައްވާނދޭވެ! އަދި އިބައިލާހުގެ ފަޟްލަވަންތަކަމުން އިބައިލާހު ފިޔަވައި އެހެން ފަރާތްތަކުން (އެދުމުން) މި އަޅާއަށް ފުދުންތެރިކަން ދެއްވާނދޭވެ!"" [177]."
[177] الترمذي (5/560) برقم (3563)، وانظر: صحيح الترمذي (3/180).,[177] ރިވާކުރެއްވީ އައް-ތިރްމިޛީ 5/560 ގެ ނަމްބަރު 3563 ގައެވެ. އަދި ޞަޙީޙުއް-ތިރްމިޛީގެ 3/180 ބައްލަވާށެވެ.
اللَّهُمَّ اكْفِنِي بِحَلَالِكَ عَنْ حَرَامِكَ، وَأَغْنِنِي بِفَضْلِكِ عَمَّنْ سِوَاك,އައްލޯހުންމަކްފިނީ ބިޙަލާލިކަ ޢަން ޙަރާމިކަ، ވައަޣްނިނީ ބިފަޟްލިކަ ޢައްމަން ސިވާކް
«اللَّهُمَّ إِنِّي أَعُوذُ بِكَ مِنَ الهَمِّ وَالحَزَنِ، وَالعَجْزِ وَالكَسَلِ، وَالبُخْلِ وَالجُبْنِ، وَضَلَعِ الدَّيْنِ وَغَلَبَةِ الرِّجَالِ»[178].,"«اللَّهُمَّ إِنِّي أَعُوذُ بِكَ مِنَ الهَمِّ وَالحَزَنِ، وَالعَجْزِ وَالكَسَلِ، وَالبُخْلِ وَالجُبْنِ، وَضَلَعِ الدَّيْنِ وَغَلَبَةِ الرِّجَالِ»
 މާނައީ: ""އޭ ﷲ އެވެ! ކަންބޮޑުވެ ހާސްވުމާއި، ހިތާމައިންނާއި، ނުކުޅެދުމުންނާއި، ކަންނެތްކަމުންނާއި، ދަހިވެތިކަމުންނާއި، ފިނޑިކަމުންނާއި، ދަރަނީގެ ބުރައިންނާއި އަދި މީސްތަކުން މި އަޅާގެ މައްޗަށް ގަދަވެގަތުމުން ރައްކާތެރިކޮށްދެއްވުމަށް އިބައިލާހުގެ ޙަޟްރަތުން މި އަޅާ އެދިދަންނަވަމެވެ."" [178]."
[178] البخاري (7/158) برقم (2893)، وتقدم (ص83) برقم (121).,[178] ރިވާކުރެއްވީ އަލް-ބުޚާރީ 7/158 ގެ ނަމްބަރު 2893 ގައެވެ. އަދި ޞ 83 ގެ [121] ވަނަ ނަމްބަރުގެ ފުޓްނޯޓުގައި އިސްވެގޮސްފިއެވެ.
اللَّهُمَّ إِنِّي أَعُوذُ بِكَ مِنَ الهَمِّ وَالحَزَنِ، وَالعَجْزِ وَالكَسَلِ، وَالبُخْلِ وَالجُبْنِ، وَضَلَعِ الدَّيْنِ وَغَلَبَةِ الرِّجَال,އައްލޯހުންމަ އިންނީ އަޢޫޛު ބިކަ މިނަލް ހަންމި ވަލް ޙަޒަނި، ވަލް ޢަޖްޒި ވަލް ކަސަލި، ވަލް ބުޚްލި ވަލް ޖުބްނި، ވަޟަލަޢިއް ދައިނި ވަޣަލަބަތިއް ރިޖާލް
42. دُعَاءُ الوَسْوَسَةِ فِي الصَّلَاةِ وَالقِرَاءَةِ,42. ނަމާދުގައާއި ކިޔެވުމުގައި ވަސްވާސްތައް ޖެހުމުން ކުރާ ދުޢާ
«أَعُوذُ بِاللَّهِ مِنَ الشَّيطَانِ الرَّجِيمِ،,"«أَعُوذُ بِاللَّهِ مِنَ الشَّيطَانِ الرَّجِيمِ، 
 މާނައީ: ""(ﷲ ގެ ރަޙްމަތުން ދުރުކުރެވި) ފައްސާލެވިގެންވާ ޝައިޠާނާގެ ކިބައިން ރައްކާތެރިކޮށްދެއްވުމަށް ﷲ ގެ ޙަޟްރަތުން އެދެމެވެ."""
أَعُوذُ بِاللَّهِ مِنَ الشَّيطَانِ الرَّجِيم,އަޢޫޛު ބިއްލާހި މިނައް ޝައިޠާނިއް ރަޖީމް
وَاتْفُلْ عَلَى يَسَارِكَ (ثَلاثًا)»[179].,އަދި ތިބާގެ ވާތްފަރާތަށް ތިންފަހަރު ދުލުކުރިން ކުޅުކޮޅެއް ޖަހާށެވެ. [179].
[179] مسلم (4/1729) برقم (2203)، من حديث عثمان بن أبي العاص رضي الله عنه، وفيه ففعلت ذلك، فأذهبه اللَّه عني.,"[179] ރިވާކުރެއްވީ މުސްލިމު 4/1729 ގެ ނަމްބަރު 2203 ގައި، ޢުޘްމާނު ބްނު އަބިލް-ޢާޞް رضي الله عنه ގެ ޙަދީޘުންނެވެ. އަދި އެ ޙަދީޘްގައިވެއެވެ: ""ދެން ތިމަންނާ އެގޮތަށް ކަންތައް ކުރުމުން ﷲ އަހަރެންގެ ކިބައިން އެކަންތައް ދުރުކޮށްދެއްވިއެވެ."""
43. دُعَاءُ مَنِ اسْتَصْعَبَ عَلَيْهِ أَمْرٌ,43. ކަމެއް ދަތިވެ އުނދަގޫވެފައިވާ މީހާ ކުރާ ދުޢާ
«اللَّهُمَّ لَا سَهْلَ إِلَّا مَا جَعَلْتَهُ سَهْلاً، وَأَنْتَ تَجْعَلُ الحَزْنَ إِذَا شِئْتَ سَهْلاً»[180].,"«اللَّهُمَّ لَا سَهْلَ إِلَّا مَا جَعَلْتَهُ سَهْلاً، وَأَنْتَ تَجْعَلُ الحَزْنَ إِذَا شِئْتَ سَهْلاً»
 މާނައީ: ""އޭ ﷲ އެވެ! އިބައިލާހު ފަސޭހަކޮށްދެއްވި ކަމެއް މެނުވީ ފަސޭހަކަމެއް ނުވެއެވެ. އަދި އިބައިލާހު އެދިވޮޑިގަންނަވާހިނދު، ދަތި އުނދަގޫކަންތައް ފަސޭހަކަމެއްގެ ގޮތުގައި ލައްވައެވެ."" [180]."
"[180] رواه ابن حبان في صحيحه برقم (2427) (موارد)، وابن السني برقم (351)، وقال الحافظ: ""هذا حديث صحيح""، وصححه عبد القادر الأرناؤوط في تخريج الأذكار للنووي (ص106).","[180] ރިވާކުރެއްވީ އިބްނު ޙިއްބާނުގެ ޞަޙީޙުގައި ނަމްބަރު 2427 ގައެވެ. (މަވާރިދުގައެވެ.) އަދި އިބްނުއް-ސުންނީ ނަމްބަރު 351 ގައެވެ. އަދި އަލް-ޙާފިޡު ވިދާޅުވިއެވެ: ""މިއީ ޞައްޙަ ޙަދީޘެކެވެ."" އަދި އައް-ނަވަވީގެ އަލް-އަޛްކާރު ފޮތް ތަޚްރީޖުކުރުމުގައި ޞ 106 ގައި ޢަބްދުލް-ޤާދިރު އަލް-އަރްނާއޫޠުވަނީ އެ ޙަދީޘް ޞައްޙަކޮށްފައެވެ."
اللَّهُمَّ لَا سَهْلَ إِلَّا مَا جَعَلْتَهُ سَهْلاً، وَأَنْتَ تَجْعَلُ الحَزْنَ إِذَا شِئْتَ سَهْلا,އައްލޯހުންމަ ލާ ސަހްލަ އިއްލާ މާ ޖަޢަލްތަހޫ ސަހްލާ، ވައަންތަ ތަޖްޢަލުލް ޙަޒްނަ އިޛާ ޝިއުތަ ސަހްލާ
44. مَا يَقُولُ وَيَفْعَلُ مَنْ أَذْنَبَ ذَنْبًا,44. ފާފައެއް ކުރެވޭމީހާ ކިޔަންވީ ދުޢާ އަދި ކުރަންވީ ކަންތައް
«مَا مِنْ عَبْدٍ يُذنِبُ ذَنْبًا فَيُحْسِنُ الطُّهُورَ، ثُمَّ يَقُومُ فَيُصَلِّي رَكْعَتَيْنِ، ثُمَّ يَسْتَغْفِرُ اللَّهَ إِلَّا غَفَرَ اللَّهُ لَهُ»[181].,"""ފާފައެއް ކުރެވުމުން ފަހެ ރަނގަޅަށް ޠާހިރުވެ (ވުޟޫކޮށް)، ދެން ތެދުވެ ދެ ރަކުޢަތް ނަމާދެއްކޮށް، ﷲ އަށް ފާފަފުއްސެވުމަށް އެދި ދެންނެވުމުން، ﷲ އެ މީހަކަށް ފާފަ ފުއްސަވައިނުދެއްވާނެ ހަމަ އެއްވެސް އަޅަކު ނުވެއެވެ."" [181]."
[181] أبو داود (2/86) برقم (1521)، والترمذي (2/257) برقم (406)، وصححه الألباني في صحيح أبي داود (1/283).,[181] ރިވާކުރެއްވީ އަބޫ ދާވޫދު 2/86 ގެ ނަމްބަރު 1521 ގައި، އަދި އައް-ތިރްމިޛީ 2/257 ގެ ނަމްބަރު 406 ގައެވެ. އަދި އަލް-އަލްބާނީވަނީ ޞަޙީޙު އަބީ ދާވޫދުގެ 1/283 ގައި މި ރިވާޔަތް ޞައްޙަކުރައްވާފައެވެ.
45. دُعَاءُ طَرْدِ الشَّيطَانِ وَوَسَاوِسِهِ,45. ޝައިޠާނާއާއި އޭނާގެ ވަސްވާސްތައް ދުރުކޮށް ފައްސާލުމަށް ކުރާ ދުޢާ
(الاسْتِعَاذَةُ بِاللَّهِ مِنْهُ)[182].,ﷲ ގެ ޙަޟްރަތުން އެކަލޭގެ ކިބައިން ރައްކާތެރިކޮށްދެއްވުމަށް އެދުމެވެ. [182].
[182] أبو داود (1/203) برقم، وابن ماجه (1/265) برقم (807) وتقدم تخريجه برقم (31)، وانظر: سورة المؤمنون: [97-98].,[182] ރިވާކުރެއްވީ އަބޫ ދާވޫދު 1/203 ގައި، އަދި އިބްނު މާޖާ 1/265 ގެ ނަމްބަރު 807 ގައެވެ. އަދި [31] ވަނަ ނަމްބަރުގައި އެ ޙަދީޘް ތަޚްރީޖުކުރުން އިސްވެގޮސްފިއެވެ. އަދި އަލް-މުއުމިނޫން ސޫރަތުގެ 97-98 ބައްލަވާށެވެ.
أَعُوذُ بِاللَّهِ مِنَ الشَّيطَانِ الرَّجِيم,އަޢޫޛު ބިއްލާހި މިނައް ޝައިޠާނިއް ރަޖީމް
(الأَذَانُ)[183].,ބަންގި ގޮވުމެވެ. [183].
[183] مسلم (1/291) برقم (389)، والبخاري (1/151) برقم (608).,[183] ރިވާކުރެއްވީ މުސްލިމް 1/291 ގެ ނަމްބަރު 389 ގައި، އަދި އަލް-ބުޚާރީ 1/151 ގެ ނަމްބަރު 608 ގައެވެ.
(الأَذْكَارُ وَقِرَاءَةُ القُرْآنِ).,ޛިކުރުތައް ކިޔުމާއި ޤުރްއާން ކިޔެވުމެވެ.
«لَا تَجْعَلُوا بُيُوتَكُمْ مَقَابِرَ، إِنَّ الشَّيْطَانَ يَنْفِرُ مِنَ الْبَيْتِ الَّذِي تُقْرَأُ فِيهِ سُورَةُ الْبَقَرَةِ»[184].,"""ތިޔަބައިމީހުންގެ ގެތައް މަޤުބަރާތަކެއް ކަމުގައި ނުހަދާހުށިއެވެ. ހަމަކަށަވަރުން އެ ގެޔެއްގައި އަލް-ބަޤަރާ ސޫރަތް ކިޔެވޭ ގެޔަކުން ޝައިޠާނާ ނަފުރަތްތެރިވެ ދުރުވެއެވެ.""[184]."
[184] رواه مسلم (1/539) برقم (780).,[184] ރިވާކުރެއްވީ މުސްލިމް (1/539)، ނަމްބަރު (780) ގައެވެ.
ومما يطرد الشيطان أذكار الصباح والمساء، والنوم والاستيقاظ، وأذكار دخول المنزل والخروج منه، وأذكار دخول المسجد والخروج منه، وغير ذلك من الأذكار المشروعة، مثل: قراءة آية الكرسي عند النوم، والآيتين الأخيرتين من سورة البقرة، ومن قال:,އަދިވެސް ޝައިޠާނާ ފައްސާލަދޭނެ އެއްކަމަކީ: ހެނދުނާއި ހަވީރާއި، ނިދާއިރު އަދި ނިދާ ހޭލާއިރު ޛިކުރުތައް ކިޔުމާއި، ގެއަށް ވަދެ ނިކުތުމުގެ ޛިކުރުތަކާއި، މިސްކިތަށް ވަދެ ނިކުތުމުގެ ޛިކުރުތަކާއި އެނޫންވެސް ޝަރުޢުވެގެންވާ ޛިކުރުތައް ކިޔުމެވެ. މިޘާލަކަށް: ނިދާއިރު އާޔަތުލް-ކުރްސި ކިޔުމާއި، އަލް-ބަޤަރާ ސޫރަތުގެ ފަހު ދެ އާޔަތް ކިޔެވުމެވެ. އަދި:
لَا إِلٰهَ إِلَّا اللَّهُ وَحْدَهُ لَا شَرِيكَ لَهُ، لَهُ الْمُلْكُ وَلَهُ الْحَمْدُ، وَهُوَ عَلَىٰ كُلِّ شَيْءٍ قَدِيرٌ,"""لَا إِلٰهَ إِلَّا اللَّهُ وَحْدَهُ لَا شَرِيكَ لَهُ، لَهُ الْمُلْكُ وَلَهُ الْحَمْدُ، وَهُوَ عَلَىٰ كُلِّ شَيْءٍ قَدِيرٌ""
 މާނައީ: ""ﷲ މެނުވީ އަޅުކަންވެވުން ޙައްޤުވެގެންވާ އެހެން އެއްވެސް އިލާހަކު ނުވެއެވެ. އެ އިލާހު އެއްކައުވަންތައެވެ. އެ އިލާހަށް އެއްވެސް ބައިވެރިޔަކު ނުވެއެވެ. ވެރިކަންވަނީ އެ އިލާހަށެވެ. އަދި ޙަމްދުހުރީވެސް އެ އިލާހަށެވެ. އަދި އެ އިލާހީ ކޮންމެ ކަމެއްގެ މައްޗަށް ކުޅަދުންވަންތަވެގެންވާ އިލާހެވެ."""
لَا إِلٰهَ إِلَّا اللَّهُ وَحْدَهُ لَا شَرِيكَ لَهُ، لَهُ الْمُلْكُ وَلَهُ الْحَمْدُ، وَهُوَ عَلَىٰ كُلِّ شَيْءٍ قَدِير,ލާ އިލާހަ އިއްލައްލޯހު ވަޙްދަހޫ ލާ ޝަރީކަ ލަހް، ލަހުލް މުލްކު ވަލަހުލް ޙަމްދު، ވަހުވަ ޢަލާ ކުއްލި ޝައިއިން ޤަދީރް
مِائَةَ مَرَّةٍ، كانت له حرزًا من الشيطان يومه كله[185]،,ސަތޭކަ ފަހަރު ކިޔައިފި މީހާއަށް، މުޅި އެދުވަހު ޝައިޠާނާގެ ފުށުން ހުރި ރައްކާތެރިކަމެއްކަމުގައި އެ ޛިކުރު އޭނާއަށްވާ ހުއްޓެވެ. [185]،
وكذا الأذان يطرد الشيطان.,އަދި ހަމައެފަދައިން ބަންގި ގޮވުމަކީވެސް ޝައިޠާނާ ފައްސާލާ ކަމެކެވެ.
[185] رواه البخاري (4/126) برقم (3293).,[185] ރިވާކުރެއްވީ އަލް-ބުޚާރީ (4/126) ގެ ނަމްބަރު (3293) ގައެވެ.
46. الدُّعَاءُ حِينَمَا يَقَعُ مَا لَا يَرْضَاهُ أَوْ غُلِبَ عَلَى أَمْرِهِ,46. ނުރުހޭ ކަމެއް ދިމާވާހިނދު ނުވަތަ އޭނާގެ ކަންތަކުގެ މައްޗަށް ގަދަވެވި (އެކަމެއް ނުކުރެވޭ) ހިނދު ކުރާނޭ ދުޢާ
«قَدَرُ اللَّهُ وَمَا شَاءَ فَعَلَ»[186].,"«قَدَرُ اللَّهُ وَمَا شَاءَ فَعَلَ»
 މާނައީ: ""ﷲ މިންވަރުކޮށް ޤަދަރުކުރެއްވި ގޮތެވެ. އަދި އެ އިލާހު އެދިވޮޑިގަންނަވާ ގޮތަކަށް ކަންތައް ކުރައްވައެވެ"" [186]"
[186] «المُؤْمِنُ القَوِيُّ خَيْرٌ وَأَحَبُّ إِلَى اللَّهِ مِنَ المُؤْمِنِ الضَّعِيفِ، وَفِي كُلٍّ خَيْرٌ، احْرِصْ عَلَى مَا يَنْفَعُكَ، وَاسْتَعِنْ بِاللَّهِ وَلا تَعْجِزْ، وَإِنْ أَصَابَكَ شَيْءٌ فَلَا تَقُلْ: لَوْ أَنِّي فَعَلْتُ لَكَانَ كَذَا وَكَذَا، وَلَكِنْ قُلْ: قَدَرُ اللَّهِ وَمَا شَاءَ فَعَلَ، فَإِنَّ لَوْ تَفْتَحُ عَمَلَ الشَّيْطَانِ» مسلم (4/2052) برقم (2664).,"[186] ""ވަރުގަދަ މުއުމިނާ ބަލިކަށި މުއުމިނާއަށް ވުރެ ހެޔޮވެ، އަދި ﷲ ގެ ޙަޟްރަތަށް ލޮބުވެތިކަން ބޮޑުވެގެންވެއެވެ. އަދި ކޮންމެ މީހެއްގައިވެސް ހެޔޮކަންވެއެވެ. ތިބާއަށް ފައިދާ ކުރަނިވި ކަންތައްތައް ކުރަން ފަރުވާތެރިވެ ސަމާލުކަންދޭށެވެ. އަދި ﷲ ގެ ޙަޟްރަތުން އެހީތެރިކަމަށް އެދޭށެވެ. އަދި ނުކުޅެދި ނުގަންނާށެވެ. އަދި ތިބާއަށް (ދެރަ) ކަމެއް ދިމާވެއްޖެއްޔާ ފަހެ ""މިވެނިކަމެއް ތިމަންނައަށް ކުރެވުނު ނަމަ މިހެން އެހެން ވީހޭ"" ނުބުނާށެވެ. ނަމަވެސް ތިބާ ބުނާށެވެ: ""ﷲ ތަޤުދީރުކުރައްވާ މިންވަރު ކުރެއްވިގޮތެވެ. އަދި އެކަލާނގެ އެދިވޮޑިގަންނަވާ ގޮތަކަށް ކަންތައްކުރައްވައެވެ."" ފަހެ ""ނަމަ ކިޔުމަކީ"" ޝައިޠާނާގެ މަސައްކަތަށް ދޮރުހުޅުވާ ކަމެކެވެ."" ރިވާކުރެއްވީ މުސްލިމް 4/2052 ގެ ނަމްބަރު 2664 ގައެވެ."
قَدَرُ اللَّهُ وَمَا شَاءَ فَعَل,ޤަދަރުއްލޯހް ވަމާ ޝާއަ ފަޢަލް
47. تَهْنِئَةُ المَوْلُودِ لَهُ وَجَوَابُهُ,47. ދަރިޔަކު ލިބުނު މީހަކަށް ކިޔާނެ ތަހްނިޔާ އާއި އޭގެ ޖަވާބު
«بَارَكَ اللَّهُ لَكَ فِي المَوْهُوبِ لَكَ، وَشَكَرْتَ الوَاهِبَ، وَبَلَغَ أَشُدَّهُ، وَرُزِقْتَ بِرَّهُ»[187].,"«بَارَكَ اللَّهُ لَكَ فِي المَوْهُوبِ لَكَ، وَشَكَرْتَ الوَاهِبَ، وَبَلَغَ أَشُدَّهُ، وَرُزِقْتَ بِرَّهُ»
 މާނައީ: ""ތިބާއަށް ދެއްވުނު ދަރިފުޅުގެ ކިބައިގައި ﷲ ތިބާއަށް ބަރަކާތްލައްވާށިއެވެ! އަދި (އެދަރިފުޅު) ދެއްވި ފަރާތަށް ތިބާ ޝުކުރު އަދާކުރާހުށިކަމެވެ. އަދި އެ ކުއްޖާ ބޮޑުވެ ތަޞައްރުފު ފުދުމަށް ފޯރާހުށިއެވެ! އަދި އެ ކުއްޖާގެ ހެޔޮކަމާއި ކިޔަމަންތެރިކަން ތިބާއަށް މިންވަރުކުރައްވާށިއެވެ."" [187]."
[187] ذُكِرَ من كلام الحسن البصري. انظر: تحفة المودود لابن القيم (ص20)، وعزاه لابن المنذر في الأوسط.,[187] އަލް-ޙަސަނުލް-ބަޞްރީގެ ބަސްފުޅުން ޛިކުރުކުރެވިފައިވާ ބަހެކެވެ. އިބްނުލް-ޤައްޔިމުގެ ތުޙްފަތުލް-މައުދޫދު ފޮތުގެ ޞ 20 ބައްލަވާށެވެ. އަދި އަލް-އަވްސަޠުގައި އިބްނުލް-މުންޛިރުވެސް އެފަދައިން ނިސްބަތްކުރެއްވިއެވެ.
بَارَكَ اللَّهُ لَكَ فِي المَوْهُوبِ لَكَ، وَشَكَرْتَ الوَاهِبَ، وَبَلَغَ أَشُدَّهُ، وَرُزِقْتَ بِرَّه,ބާރަކައްލޯހު ލަކަ ފިލްމައުހޫބި ލަކަ، ވަޝަކަރްތަލް ވާހިބަ، ވަބަލަޣަ އަޝުއްދަހޫ، ވަރުޒިޤްތަ ބިއްރަހް
وَيَرُدُّ عَلَيْهِ الْمُهَــــــنَّأُ فَيَقُولُ:,އަދި ތަހުނިޔާ ކިޔުނު މީހާ އޭނާއަށް ރައްދުދެމުން ކިޔާނީ މިހެންނެވެ:
«بَارَكَ اللَّهُ لَكَ وَبَارَكَ عَلَيْكَ، وَجَزَاكَ اللَّهُ خَيْرًا، وَرَزَقَكَ اللَّهُ مِثْلَهُ، وَأَجْزَلَ ثَوَابَكَ»[188].,"«بَارَكَ اللَّهُ لَكَ وَبَارَكَ عَلَيْكَ، وَجَزَاكَ اللَّهُ خَيْرًا، وَرَزَقَكَ اللَّهُ مِثْلَهُ، وَأَجْزَلَ ثَوَابَكَ»
 މާނައީ: ""ﷲ ތިބާއަށް ބަރަކާތްލައްވާ، އަދި ތިބާގެ މައްޗަށް ބަރަކާތްލައްވާށިއެވެ! އަދި ﷲ ތިބާއަށް ހެޔޮޖަޒާދެއްވާށިއެވެ! އަދި ﷲ ތިބާއަށްވެސް އެފަދަ ދަރިއަކު ރިޒްޤުކުރައްވާށިއެވެ! އަދި ތިބާގެ ޘަވާބު ގިނަކޮށްދެއްވާށިއެވެ!"" [188]."
[188] قاله النووي في الأذكار (ص349)، وانظر: صحيح الأذكار للنووي، لسليم الهلالي (2/713)، وتمام التخريج في الذكر والدعاء والعلاج بالرقى للمؤلف (1/416).,[188] އެފަދައިން ވިދާޅުވެފައިވަނީ އަލް-އަޛްކާރު ފޮތުގެ ޞ 349 ގައި އައް-ނަވަވީއެވެ. އަދި ސަލީމު އަލް-ހިލާލީގެ، ޞަޙީޙުލް-އަޛްކާރު ލިއް-ނަވަވީގެ 2/713 އާއި، ފުރިހަމަ ތަޚްރީޖު، މުއައްލިފުގެ ފޮތްކަމުގައިވާ އައް-ޛިކުރު ވަލް-ޢިލާޖު ބިއް-ރުޤާގެ 1/416 ބައްލަވާށެވެ.
بَارَكَ اللَّهُ لَكَ وَبَارَكَ عَلَيْكَ، وَجَزَاكَ اللَّهُ خَيْرًا، وَرَزَقَكَ اللَّهُ مِثْلَهُ، وَأَجْزَلَ ثَوَابَك,ބާރަކައްލޯހު ލަކަ ވަބާރަކަ ޢަލައިކަ، ވަޖަޒާކައްލޯހު ޚައިރަން، ވަރަޒަޤަކައްލޯހު މިޘްލަހޫ، ވައަޖްޒަލަ ޘަވާބަކް
48. ما يُعوَّذُ بِهِ الأَوْلاَدُ,48. ދަރިންނަށް ރައްކާތެރިކަން ދެއްވުމަށް އެދި ކިޔާ ދުޢާ
كَانَ رَسُولُ اللَّهِ ﷺ يُعَوِّذُ الحَسَنَ وَالحُسَينَ رضي الله عنهما,ﷲ ގެ ރަސޫލާ ﷺ، އަލް-ޙަސަނު އާއި އަލް-ޙުސައިނު رضي الله عنهما ރައްކާތެރިކޮށްދެއްވުމަށް މިހެން ދުޢާކުރައްވައެވެ:
«أُعِيذُكُمَا بِكَلِمَاتِ اللَّهِ التَّامَّةِ مِنْ كُلِّ شَيْطَانٍ وَهَامَّةٍ، وَمِنْ كُلِّ عَيْنٍ لَامَّةٍ»[189].,"«أُعِيذُكُمَا بِكَلِمَاتِ اللَّهِ التَّامَّةِ مِنْ كُلِّ شَيْطَانٍ وَهَامَّةٍ، وَمِنْ كُلِّ عَيْنٍ لَامَّةٍ»
 މާނައީ: ""ﷲ ގެ ފުރިހަމަވެގެންވާ ކަލިމަފުޅުތައް މެދުވެރިކޮށް ކޮންމެ ޝައިޠާނަކާއި، ވިހަލާ ސޫތްޕަކާއި، އެސްފީނާ ޖައްސަނިވި ކޮންމެ ލޮލަކުން ތިޔަ ދެ ކުދިން ރައްކާތެރިކޮށްދެއްވުމަށް މި އަޅާ އެދެމެވެ."" [189]"
[189] البخاري (4/119) برقم (3371)، من حديث ابن عباس رضي الله عنهما.,[189] ރިވާކުރެއްވީ އަލް-ބުޚާރީ 4/119 ގެ ނަމްބަރު 3371 ގައި، އިބްނު ޢައްބާސް رضي الله عنهما ގެ ޙަދީޘުންނެވެ.
أُعِيذُكُمَا بِكَلِمَاتِ اللَّهِ التَّامَّةِ مِنْ كُلِّ شَيْطَانٍ وَهَامَّةٍ، وَمِنْ كُلِّ عَيْنٍ لَامَّة,އުޢީޛުކުމާ ބިކަލިމާތިލްލާހިއް ތާއްމަތި، މިން ކުއްލި ޝައިޠާނިން ވަހާއްމަހް، ވަމިން ކުއްލި ޢައިނިއް ލާއްމަހް.
49. الدُّعَاءُ لِلْمَرِيضِ فِي عِيَادَتِهِ,49. ބަލިމީހާއަށް ޒިޔާރަތްކުރާއިރު އޭނާއަށް ކޮށްދޭނެ ދުޢާ
«لَا بأْسَ طَهُورٌ إِنْ شَاءَ اللَّهُ»[190].,"«لَا بأْسَ طَهُورٌ إِنْ شَاءَ اللَّهُ»
 މާނައީ: ""ތިޔައީ އެއްވެސް ކަމެއް ނޫނެވެ. ﷲ އިރާދަކުރެއްވިއްޔާ (ފާފަތަކުން) ޠާހިރުކޮށްދިނުމެކެވެ."" [190]."
[190] البخاري مع الفتح (10/118) برقم (3616).,[190] ރިވާކުރެއްވީ އަލް-ބުޚާރީ، ފަތުޙުލް-ބާރީއާއެކުވާ ފޮތުގެ 10/118 ގެ ނަމްބަރު 3616 ގައެވެ.
لَا بأْسَ طَهُورٌ إِنْ شَاءَ اللَّه,ލާ ބައުސަ ޠަހޫރުން އިންޝާއައްލޯހް
«أَسْأَلُ اللَّهَ العَظِيمَ رَبَّ العَرْشِ العَظِيمِ أَنْ يَشْفيَكَ»,"«أَسْأَلُ اللَّهَ العَظِيمَ رَبَّ العَرْشِ العَظِيمِ أَنْ يَشْفيَكَ»
 މާނައީ: ""މަތިވެރި ޢަރްޝުގެ ވެރި، އަރަހުށި ﷲ ގެ ޙަޟްރަތުން ތިބާއަށް ޝިފާދެއްވުމަށް އެދި މި އަޅާ ދަންނަވަމެވެ."""
أَسْأَلُ اللَّهَ العَظِيمَ رَبَّ العَرْشِ العَظِيمِ أَنْ يَشْفيَك,އަސްއަލުއްލޯހަލް ޢަޡީމް، ރައްބަލް ޢަރްޝިލް ޢަޡީމް، އަން ޔަޝްފިޔަކް
سَبْعَ مَرَّاتٍ[191].,ހަތް ފަހަރު. [191].
[191] «مَا مِنْ عَبْدٍ مُسْلِمٍ يَعُودُ مَرِيضًا لَمْ يَحْضُرْ أَجَلُهُ فَيَقُولُ سَبْعَ مَرَّاتٍ...إلَّا عُوفِيَ». أخرجه الترمذي برقم (2083)، وأبو داود برقم (3106)، وانظر: صحيح الترمذي (2/210)، وصحيح الجامع (5/180).,"[191] ""އެމީހެއްގެ އަޖަލު ނުޖެހޭ ބަލިމީހެއްގެ ގާތަށް އެއްވެސް މުސްލިމު އަޅަކު ޒިޔާރަތްކޮށް، ދެން (އިސްވެދިޔަ ދުޢާ) ހަތްފަހަރު ކިޔައިފިނިނަމަ، އެމީހަކުގެ ބަލި ފަސޭހަވެގެން މެނުވީ ނުވެއެވެ."" މި ޙަދީޘް ނެރުއްވީ އައް-ތިރްމިޛީ ނަމްބަރު 2083 ގައި، އަދި އަބޫ ދާވޫދު ނަމްބަރު 3106 ގައެވެ. އަދި ޞަޙީޙުއް-ތިރްމިޛީގެ 2/210 އާއި، ޞަޙީޙުލް-ޖާމިޢުގެ 5/180 ބައްލަވާށެވެ."
50. فَضْلُ عِيَادَةِ المَرِيضِ,50. ބަލިމީހާއަށް ޒިޔާރަތްކުރުމުގެ މާތްކަން
قَالَ النَّبِيُّ ﷺ:,ނަބިއްޔާ ﷺ ޙަދީޘްކުރައްވާފައިވެއެވެ:
«إِذَا عَادَ الرَّجُلُ أَخَاهُ الْمُسْلِمَ مَشَى فِي خِرَافَةِ الجَنَّةِ حَتَّى يَجْلِسَ، فَإِذَا جَلَسَ غَمَرَتْهُ الرَّحْمَةُ، فَإِنْ كَانَ غُدْوَةً صَلَّى عَلَيْهِ سَبْعُونَ أَلْفَ مَلَكٍ حَتَّى يُمْسِيَ، وَإِنْ كَانَ مَسَاءً صَلَّى عَلَيْهِ سَبْعُونَ أَلْفَ مَلَكٍ حَتَّى يُصْبِحَ»[192].,"""މީހާ، އޭނާގެ މުސްލިމު އަޚާއަށް ޒިޔާރަތްކުރާހިނދު، އޭނާ އިށީންދެއްޖައުމަށް ދާންދެން އޭނާ ހިނގަމުން އެދަނީ ސުވަރުގޭގެ މޭވާ ބިނުމުގައެވެ. ދެންފަހެ (ބަލިމީހާގެ ގާތުގައި) އޭނާ އިށީންނަ ހިނދު، ރަޙްމަތް އޭނާ ފޮރުވައިލައެވެ. ފަހެ އެއީ ހެނދުނު ވަޤުތުކަމުގައިވާނަމަ، ހަވީރުވަންދެން ހަތްދިހަ ހާސް މަލާއިކަތުން އޭނާއަށް ޞަލަވާތް ލައްވަތެވެ. (ރަޙްމަތް ލެއްވުމަށް ދުޢާކުރައްވަތެވެ.) އަދި އެއީ ހަވީރުކަމުގައިވާނަމަ، ހެނދުނުވަންދެން ހަތްދިހަ ހާސް މަލާއިކަތުން އޭނާއަށް ޞަލަވާތް ލައްވަތެވެ. (ރަޙްމަތް ލެއްވުމަށް ދުޢާކުރައްވަތެވެ.)"" [192]."
[192] رواه الترمذي برقم (969)، وابن ماجه برقم (1442)، وأحمد برقم (975)، وانظر: صحيح ابن ماجه (1/244) وصحيح الترمذي (1/286)، وصححه أيضًا أحمد شاكر.,[192] ރިވާކުރެއްވީ އައް-ތިރްމިޛީ ނަމްބަރު 969 ގައި، އަދި އިބްނު މާޖާ ނަމްބަރު 1442 ގައި، އަދި އަޙްމަދު ނަމްބަރު 975 ގައެވެ. އަދި ޞަޙީޙު އިބްނު މާޖާ 1/244 އާއި، ޞަޙީޙު އައް-ތިރްމިޛީ 1/286 ބައްލަވާށެވެ. އަދި އަޙްމަދު ޝާކިރުވެސް އެ ޙަދީޘް ޞައްޙަކުރެއްވިއެވެ.
51. دُعَاءُ المَرِيضِ الَّذِي يَئِسَ مِنْ حَيَاتِهِ,51. ދިރިހުންނާނޭކަމާމެދު އުއްމީދު ކެނޑިފައިވާ ބަލިމީހާ ކުރާނޭ ދުޢާ
«اللَّهُمَّ اغْفِرْ لِي، وَارْحَمْنِي، وَأَلْحِقْنِي بِالرَّفِيقِ الأَعْلَى»[193].,"«اللَّهُمَّ اغْفِرْ لِي، وَارْحَمْنِي، وَأَلْحِقْنِي بِالرَّفِيقِ الأَعْلَى»
 މާނައީ: "" އޭ ﷲ އެވެ! މި އަޅާއަށް ފާފަ ފުއްސަވާ ރަޙްމަތްލައްވާށިއެވެ! އަދި އެންމެ މަތިވެރި އެކުވެރިންނާ މި އަޅާ ގުޅުއްވާދެއްވާށިއެވެ."" [193]."
[193] البخاري (7/10) برقم (4435)، ومسلم (4/1893) برقم (2444).,[193] ރިވާކުރެއްވީ އަލް-ބުޚާރީ 7/10 ގެ ނަމްބަރު 4435 ގައި، އަދި މުސްލިމް 4/1839 ގެ ނަމްބަރު 2444 ގައެވެ.
اللَّهُمَّ اغْفِرْ لِي، وَارْحَمْنِي، وَأَلْحِقْنِي بِالرَّفِيقِ الأَعْلَى,އައްލޯހުންމަޣްފިރް ލީ، ވަރްޙަމްނީ، ވައަލްޙިޤްނީ ބިއްރަފީޤިލް އަޢްލާ
جَعَلَ النَّبِيُّ ﷺ عِنْدَ مَوْتِهِ يُدْخِلُ يَدَيْهِ فِي المَاءِ فَيَمْسَحُ بِهِمَا وَجْهَهُ، وَيَقُولُ:,ނަބިއްޔާ ﷺ އަވަހާރަވުމާ ގާތުގައި އޮންނަވާ، އެކަލޭގެފާނުގެ ދެ އަތްޕުޅު ފެނަށް ލައްވާ، ދެން މޫނުފުޅުގައި ދެ އަތްޕުޅު ބީއްސަވަމުން ކިޔުއްވަން ފެއްޓެވިއެވެ:
«لَا إِلَهَ إِلَّا اللَّهُ,"«لَا إِلَهَ إِلَّا اللَّهُ
 މާނައީ: ""ﷲ މެނުވީ ޙައްޤުވެގެން އަޅުކަންވެވޭ އިލާހަކު ނުވެއެވެ."""
لَا إِلَهَ إِلَّا اللَّه,ލާ އިލާހަ އިއްލައްލޯހް
إِنَّ لِلْمَوْتِ سَكَرَاتٍ»[194].,"""إِنَّ لِلْمَوْتِ سَكَرَاتٍ»
 މާނައީ: ""ހަމަކަށަވަރުން މަރަށް (ވަރުގަދަ) ސަކަރާތެއްވެއެވެ."" [194]."""
[194] البخاري مع الفتح (8/144) برقم (4449)، وفي الحديث ذكر السواك.,[194] ރިވާކުރެއްވީ އަލް-ބުޚާރީ، ފަތުޙުލް-ބާރީއާއެކުވާ ފޮތުގެ 8/144 ގެ ނަމްބަރު 4449 ގައެވެ. އަދި އެ ޙަދީޘްގައި ސިވާކު ކުރެއްވިކަމަށް ނަންގަނެވިގެންވެއެވެ.
«لَا إِلَهَ إِلَّا اللَّهُ وَاللَّهُ أَكْبَرُ، لَا إِلَهَ إِلَّا اللَّهُ وَحْدَهُ، لَا إِلَهَ إِلَّا اللَّهُ وَحْدَهُ لَا شَرِيكَ لَهُ، لَا إِلَهَ إِلَّا اللَّهُ لَهُ المُلْكُ وَلَهُ الحَمْدُ، لَا إِلَهَ إِلَّا اللَّهُ وَلَا حَوْلَ وَلَا قُوَّةَ إِلَّا بِاللَّهِ»[195].,"«لَا إِلَهَ إِلَّا اللَّهُ وَاللَّهُ أَكْبَرُ، لَا إِلَهَ إِلَّا اللَّهُ وَحْدَهُ، لَا إِلَهَ إِلَّا اللَّهُ وَحْدَهُ لَا شَرِيكَ لَهُ، لَا إِلَهَ إِلَّا اللَّهُ لَهُ المُلْكُ وَلَهُ الحَمْدُ، لَا إِلَهَ إِلَّا اللَّهُ وَلَا حَوْلَ وَلَا قُوَّةَ إِلَّا بِاللَّهِ»
 މާނައީ: ""ﷲ މެނުވީ އަޅުކަންވެވުން ޙައްޤުވެގެންވާ އިލާހަކު ނުވެއެވެ. އަދި އެންމެ ބޮޑީ ﷲ އެވެ. ﷲ މެނުވީ އަޅުކަންވެވުން ޙައްޤު އެހެން އިލާހަކު ނުވެއެވެ. އެ އިލާހު އެއްކައުވަންތައެވެ. ﷲ މެނުވީ އަޅުކަންވެވުން ޙައްޤުވެގެންވާ އެހެން އެއްވެސް އިލާހަކު ނުވެއެވެ. އެ އިލާހު އެއްކައުވަންތައެވެ. އެ އިލާހަށް އެއްވެސް ބައިވެރިޔަކު ނުވެއެވެ. ﷲ މެނުވީ އަޅުކަންވެވުން ޙައްޤުވެގެންވާ އެހެން އެއްވެސް އިލާހަކު ނުވެއެވެ. އެންމެހާ ވެރިކަމެއްވަނީ އެ އިލާހަށެވެ. އަދި އެންމެހާ ޙަމްދެއް ލިބިވޮޑިގެންވަނީ އެ އިލާހަށެވެ. ﷲ މެނުވީ އަޅުކަންވެވުން ޙައްޤުވެގެންވާ އެހެން އެއްވެސް އިލާހަކު ނުވެއެވެ. އަދި އެއްވެސް އާރަކާއި ބާރެއް ﷲ ގެ ޙަޟްރަތުން މެނުވީ ނުވެއެވެ."" [195]."
[195] أخرجه الترمذي برقم (3430)، وابن ماجه برقم (3794)، وصححه الألباني، انظر: صحيح الترمذي (3/152)، وصحيح ابن ماجه (2/317).,[195] މި ޙަދީޘް ނެރުއްވީ އައް-ތިރްމިޛީ ނަމްބަރު 3430 ގައި، އަދި އިބްނު މާޖާ ނަމްބަރު 3794 ގައެވެ. އަދި އަލް-އަލްބާނީ މި ޙަދީޘް ޞައްޙަކުރެއްވިއެވެ. ޞަޙީޙު އައް-ތިރްމީޛީގެ 3/152 އަދި ޞަޙީޙު އިބްނު މާޖާގެ 2/317 ބައްލަވާށެވެ.
لَا إِلَهَ إِلَّا اللَّهُ وَاللَّهُ أَكْبَرُ، لَا إِلَهَ إِلَّا اللَّهُ وَحْدَهُ، لَا إِلَهَ إِلَّا اللَّهُ وَحْدَهُ لَا شَرِيكَ لَهُ، لَا إِلَهَ إِلَّا اللَّهُ لَهُ المُلْكُ وَلَهُ الحَمْدُ، لَا إِلَهَ إِلَّا اللَّهُ وَلَا حَوْلَ وَلَا قُوَّةَ إِلَّا بِاللَّه,ލާ އިލާހަ އިއްލައްލޯހު ވައްލޯހު އަކްބަރް، ލާ އިލާހަ އިއްލައްލޯހު ވަޙްދަހް، ލާ އިލާހަ އިއްލައްލޯހު ވަޙްދަހޫ ލާ ޝަރީކަ ލަހް، ލާ އިލާހަ އިއްލައްލޯހު ލަހުލް މުލްކު ވަލަހުލް ޙަމްދް، ލާ އިލާހަ އިއްލައްލޯހު ވަލާ ޙައުލަ ވަލާ ޤުއްވަތަ އިއްލާ ބިއްލާހް
52. تَلْقِينُ المُحْتَضَرِ,52. މަރަށް ޙާޟިރުވެފައިވާ މީހަށް ޝަހާދަތް ލައިދިނުން
«مَنْ كَانَ آخِرُ كَلَامِهِ,«އެމީހެއްގެ އެންމެ ފަހު ބަހަކީ
لَا إِلَهَ إِلَّا اللَّهُ,"""لَا إِلَهَ إِلَّا اللَّهُ""
 މާނައީ: ""ﷲ މެނުވީ ޙައްޤުވެގެން އަޅުކަންވެވޭ އެހެން އިލާހަކު ނުވެއެވެ."""
لَا إِلَهَ إِلَّا اللَّه,ލާ އިލާހަ އިއްލައްލޯހު
دَخَلَ الجَنَّة»[196].,"ކަމުގައި ވެއްޖެ މީހާ ސުވަރުގެ ވަދެއްޖެއެވެ."" [196]."
[196] أبو داود (3/190) برقم (3116)، وانظر: صحيح الجامع (5/432).,[196] ރިވާކުރެއްވީ އަބޫ ދާވޫދު 3/190 ގެ ނަމްބަރު 3116 ގައެވެ. އަދި ޞަޙީޙުލް-ޖާމިޢުގެ 5/432 ބައްލަވާށެވެ.
53. دُعَاءُ مَن أُصِيبَ بِمُصِيبَةٍ,53. މުޞީބާތެއް ލައިގަނެފައިވާ މީހާ ކުރާ ދުޢާ
«إِنَّا لِلَّهِ وَإِنَّا إِلَيْهِ رَاجِعُونَ، اللَّهُمَّ أْجُرْنِي فِي مُصِيبَتِي، وَأَخْلِفْ لِي خَيْرًَا مِنْهَا»[197].,"«إِنَّا لِلَّهِ وَإِنَّا إِلَيْهِ رَاجِعُونَ، اللَّهُمَّ أْجُرْنِي فِي مُصِيبَتِي، وَأَخْلِفْ لِي خَيْرًَا مِنْهَا»
 މާނައީ: ""ހަމަކަށަވަރުން އަޅަމެން މިލްކުވެގެންވަނީ ﷲ އަށެވެ. އަދި ހަމަކަށަވަރުން އަޅަމެން އެނބުރި ދާނީވެސް އެކަލާނގެ ޙަޟްރަތަށެވެ. އޭ ﷲ އެވެ! މި އަޅާއަށް ޖެހުނު މުޞީބާތުގައި މި އަޅާއަށް އަޖުރު ދެއްވާށިއެވެ! އަދި މި އަޅާއަށް އޭގެ ބަދަލުގައި އެއަށްވުރެ ހެޔޮގޮތެއް މިންވަރުކޮށްދެއްވާށިއެވެ."" [197]."
[197] مسلم (2/632) برقم (918).,[197] ރިވާކުރެއްވީ މުސްލިމް 2/632 ގެ ނަމްބަރު 918 ގައެވެ.
إِنَّا لِلَّهِ وَإِنَّا إِلَيْهِ رَاجِعُونَ، اللَّهُمَّ أْجُرْنِي فِي مُصِيبَتِي، وَأَخْلِفْ لِي خَيْرًَا مِنْهَا,އިންނާ ލިއްލާހި ވައިންނާ އިލައިހި ރާޖިޢޫން، އައްލޯހުންމައްޖުރްނީ ފީ މުޞީބަތީ، ވައަޚްލިފް ލީ ޚައިރަން މިންހާ
54. الدُّعَاءُ عِنْدَ إِغْمَاضِ المَيِّتِ,54. މައްޔިތާގެ ލޯ މަރައިލަދެމުން ކޮށްދޭނެ ދުޢާ
«اللَّهُمَّ اغْفِرْ لِفُلَانٍ (بِاسْمِهِ) وَارْفَعْ دَرَجَتَهُ فِي المَهْدِيِّينَ، وَاخْلُفْهُ فِي عَقِبِهِ فِي الغَابِرِينَ، وَاغْفِرْ لَنَا وَلَهُ يَا رَبَّ العَالَمِينَ، وَافْسَحْ لَهُ فِي قَبْرِهِ، وَنَوِّرْ لَهُ فِيهِ»[198].,"«اللَّهُمَّ اغْفِرْ لِفُلَانٍ (بِاسْمِهِ) وَارْفَعْ دَرَجَتَهُ فِي المَهْدِيِّينَ، وَاخْلُفْهُ فِي عَقِبِهِ فِي الغَابِرِينَ، وَاغْفِرْ لَنَا وَلَهُ يَا رَبَّ العَالَمِينَ، وَافْسَحْ لَهُ فِي قَبْرِهِ، وَنَوِّرْ لَهُ فِيهِ»
 މާނައީ: ""އޭ ﷲ އެވެ! މިވެނި މީހަކަށް ފާފަ ފުއްސަވާނދޭވެ! (އެމީހެއްގެ ނަންގަންނާނީއެވެ.) އަދި ތެދުމަގުދެއްވިގެންވާ މީސްތަކުންގެ ތެރޭގައި އޭނާގެ ދަރަޖަ އުފުއްލަވާނދޭވެ! އަދި ފަހަތަށް ދޫކޮށްފައިވާ މީހުންގެ ތެރޭގައި އޭނާގެ ފަހަތުން ބަދަލެއް ލައްވާނދޭވެ! އޭ ޢާލަމްތަކުގެ ވެރި ރައްބެވެ! އަޅަމެންނަށާއި އޭނާއަށް ފާފަ ފުއްސަވާނދޭވެ! އަދި އޭނާއަށް އޭނާގެ ކަށްވަޅުގައި ތަނަވަސްކޮށްދެއްވާނދޭވެ! އަދި އޭނާއަށް އެތަން އަލިކޮށްދެއްވާނދޭވެ!"" [198]."
[198] مسلم (2/634) برقم (920).,[198] ރިވާކުރެއްވީ މުސްލިމް 2/634 ގެ ނަމްބަރު 920 ގައެވެ.
اللَّهُمَّ اغْفِرْ لِفُلَانٍ (بِاسْمِهِ) وَارْفَعْ دَرَجَتَهُ فِي المَهْدِيِّينَ، وَاخْلُفْهُ فِي عَقِبِهِ فِي الغَابِرِينَ، وَاغْفِرْ لَنَا وَلَهُ يَا رَبَّ العَالَمِينَ، وَافْسَحْ لَهُ فِي قَبْرِهِ، وَنَوِّرْ لَهُ فِيه,އައްލޯހުންމަޣްފިރް ލި (މިތަނުގައި އެ މީހަކުގެ ނަން ގަންނާނީ) ވަރްފަޢް ދަރަޖަތަހޫ ފިލް މަހްދިއްޔީން، ވަޚްލުފްހު ފީ ޢަޤިބިހީ ފިލް ޣާބިރީން، ވަޣްފިރް ލަނާ ވަލަހޫ ޔާ ރައްބަލް ޢާލަމީން، ވަފްސަޙް ލަހޫ ފީ ޤަބްރިހީ، ވަނައްވިރް ލަހޫ ފީހް
55. الدُّعَاءُ لِلمَيِّتِ فِي الصَّلَاةِ عَلَيْهِ,55. މައްޔިތާގެ މައްޗަށް ކަށުނަމާދު ކުރާއިރު ކޮށްދޭނެ ދުޢާ
«اللَّهُمَّ اغْفِرْ لَهُ وَارْحَمْهُ، وَعَافِهِ، وَاعْفُ عَنْهُ، وَأَكْرِمْ نُزُلَهُ، وَوَسِّعْ مُدْخَلَهُ، وَاغْسِلْهُ بِالمَاءِ وَالثَّلْجِ وَالبَرَدِ، وَنَقِّهِ مِنَ الخَطَايَا كَمَا نَقَّيْتَ الثَّوْبَ الأَبْيَضَ مِنَ الدَّنَسِ، وَأَبْدِلْهُ دَارًا خَيْرًا مِنْ دَارِهِ، وَأَهْلاً خَيْرًا مِنْ أَهْلِهِ، وَزَوْجًَا خَيًْرا مِنْ زَوْجِهِ، وَأَدْخِلْهُ الجَنَّةَ، وَأَعِذْهُ مِنْ عَذَابِ القَبْرِ [وَعَذَابِ النَّارِ]»[199].,"«اللَّهُمَّ اغْفِرْ لَهُ وَارْحَمْهُ، وَعَافِهِ، وَاعْفُ عَنْهُ، وَأَكْرِمْ نُزُلَهُ، وَوَسِّعْ مُدْخَلَهُ، وَاغْسِلْهُ بِالمَاءِ وَالثَّلْجِ وَالبَرَدِ، وَنَقِّهِ مِنَ الخَطَايَا كَمَا نَقَّيْتَ الثَّوْبَ الأَبْيَضَ مِنَ الدَّنَسِ، وَأَبْدِلْهُ دَارًا خَيْرًا مِنْ دَارِهِ، وَأَهْلاً خَيْرًا مِنْ أَهْلِهِ، وَزَوْجًَا خَيًْرا مِنْ زَوْجِهِ، وَأَدْخِلْهُ الجَنَّةَ، وَأَعِذْهُ مِنْ عَذَابِ القَبْرِ [وَعَذَابِ النَّارِ]»
 މާނައީ: ""އޭ ﷲ އެވެ! އޭނާއަށް ފާފުއްސަވާ ރަޙްމަތްލައްވާށިއެވެ. އަދި އޭނާއަށް ޢާފިޔަތުދެއްވާ، ޢަފޫކުރައްވާށިއެވެ. އަދި އޭނާ ފައިބާ މަޤާމު މާތްކުރައްވާ، އޭނާ ވަންނަތަން ތަނަވަސްކުރައްވާށިއެވެ. އަދި ފެނާއި ގަނޑުފެނާއި ސުނޯއިން އޭނާ ދޮވެދެއްވާށިއެވެ. އަދި ހުދު ހެދުމަކުން ހަޑިތައް އިބައިލާހު ސާފުކުރައްވާ ގޮތަށް، ކުށްފާފަތަކުން އޭނާ ސާފުކުރައްވާށިއެވެ. އަދި އޭނާގެ ގޮވެއްޗަށްވުރެ ހެޔޮވެގެންވާ ގޮވެއްޗަކަށް އޭނާ ބަދަލުކުރައްވާށިއެވެ. އަދި އޭނާގެ އަހުލުންނަށްވުރެ ހެޔޮވެގެންވާ އަހުލުންތަކެއް، އަދި އޭނާގެ އަނބިމީހާއަށްވުރެ ހެޔޮވެގެންވާ އަތްނބެއް ބަދަލުގައި ދެއްވާށިއެވެ. އަދި އޭނާ ސުވަރުގެ ވައްދަވާ، ޤަބުރުގެ ޢަޛާބުން އަދި ނަރަކައިގެ ޢަޛާބުން ދިންނަވާށިއެވެ."" [199]."
[199] مسلم (2/663) برقم (963).,[199] ރިވާކުރެއްވީ މުސްލިމް 2/663 ގެ ނަމްބަރު 963 ގައެވެ.
اللَّهُمَّ اغْفِرْ لَهُ وَارْحَمْهُ، وَعَافِهِ، وَاعْفُ عَنْهُ، وَأَكْرِمْ نُزُلَهُ، وَوَسِّعْ مُدْخَلَهُ، وَاغْسِلْهُ بِالمَاءِ وَالثَّلْجِ وَالبَرَدِ، وَنَقِّهِ مِنَ الخَطَايَا كَمَا نَقَّيْتَ الثَّوْبَ الأَبْيَضَ مِنَ الدَّنَسِ، وَأَبْدِلْهُ دَارًا خَيْرًا مِنْ دَارِهِ، وَأَهْلاً خَيْرًا مِنْ أَهْلِهِ، وَزَوْجًَا خَيًْرا مِنْ زَوْجِهِ، وَأَدْخِلْهُ الجَنَّةَ، وَأَعِذْهُ مِنْ عَذَابِ القَبْرِ [وَعَذَابِ النَّار],އައްލޯހުންމަޣްފިރް ލަހޫ ވަރްޙަމްހު، ވަޢާފިހީ، ވަޢްފު ޢަންހު، ވައަކްރިމް ނުޒުލަހޫ، ވަވައްސިޢް މުދްޚަލަހޫ، ވަޣްސިލްހު ބިލްމާއި ވައްޘަލްޖި ވަލްބަރަދި، ވަނައްޤިހި މިނަލް ޚަޠާޔާ ކަމާ ނައްޤައިތައް ޘައުބަލް އަބްޔަޟަ މިނައް ދަނަސް، ވައަބްދިލްހު ދާރަން ޚައިރަން މިން ދާރިހީ، ވައަހްލަން ޚައިރަން މިން އަހްލިހީ، ވަޒައުޖަން ޚައިރަން މިން ޒައުޖިހީ، ވައަދްޚިލްހުލް ޖައްނަތަ، ވައަޢިޛްހު މިން ޢަޛާބިލް ޤަބްރި، ވަޢަޛާބިން ނާރް.
«اللَّهُمَّ اغْفِرْ لِحَيِّنَا وَمَيِّتِنَا، وَشَاهِدِنَا وَغَائِبِنَا، وَصَغِيرِنَا وَكَبِيرِنَا، وَذَكَرِنَا وَأُنْثَانَا، اللَّهُمَّ مَنْ أَحْيَيْتَهُ مِنَّا فَأَحْيِهِ عَلَى الإِسْلَامِ، وَمَنْ تَوَفَّيْتَهُ مِنَّا فَتَوَفَّهُ عَلَى الإِيمَانِ، اللَّهُمَّ لَا تَحْرِمْنَا أَجْرَهُ، وَلَا تُضِلَّنَا بَعْدَهُ»[200].,"«اللَّهُمَّ اغْفِرْ لِحَيِّنَا وَمَيِّتِنَا، وَشَاهِدِنَا وَغَائِبِنَا، وَصَغِيرِنَا وَكَبِيرِنَا، وَذَكَرِنَا وَأُنْثَانَا، اللَّهُمَّ مَنْ أَحْيَيْتَهُ مِنَّا فَأَحْيِهِ عَلَى الإِسْلَامِ، وَمَنْ تَوَفَّيْتَهُ مِنَّا فَتَوَفَّهُ عَلَى الإِيمَانِ، اللَّهُمَّ لَا تَحْرِمْنَا أَجْرَهُ، وَلَا تُضِلَّنَا بَعْدَهُ»
 މާނައީ: ""އޭ ﷲ އެވެ! އަޅަމެންގެ ތެރެއިން ދިރިހުރި މީހާއާއި މަރުވެފައިވާ މީހާއަށާއި، ޙާޒިރުވެހުރި މީހާއަށާއި ނެތް މީހާއަށާއި، ކުޑަކުއްޖާއާއި ބޮޑުމީހާއާއި، ފިރިހެނާއާއި އަންހެނާއަށްވެސް ފާފަފުއްސަވާށިއެވެ. އޭ ﷲ އެވެ! އަޅަމެންގެ ތެރެއިން އިބައިލާހު ދިރިލަހައްޓަވާ މީހަކުނަމަ ފަހެ އިސްލާމްކަމުގެ މަތީގައި އޭނާ ދިރިލަހައްޓަވާށިއެވެ. އަދި އަޅަމެންގެ ތެރެއިން އިބައިލާހު މަރުގެންނަވާ މީހާ؛ ފަހެ އީމާންކަމުގެ މަތީގައި އޭނާ މަރުގެންނަވާށިއެވެ. އޭ ﷲ އެވެ! އޭނާގެ އަޖުރުން އަޅަމެން މަޙުރޫމް ނުކުރައްވާށިއެވެ. އަދި އޭނާގެ ފަހުން އަޅަމެން މަގުނުފުރައްދަވާށިއެވެ."" [200]."
[200] أبو داود برقم (3201)، والترمذي برقم (1024)، والنسائي برقم (1985)، وابن ماجه (1/480) برقم (1498)، وأحمد (2/368) برقم (8809)، وانظر: صحيح ابن ماجه (1/251).,[200] ރިވާކުރެއްވީ އަބޫ ދާވޫދު ނަމްބަރު 3201 ގައި، އަދި އައް-ތިރްމިޛީ، ނަމްބަރު 1024 ގައި، އަދި އައް-ނަސާއީ ނަމްބަރު 1985 ގައި، އަދި އިބްނު މާޖާ 1/480 ގެ ނަމްބަރު 1498 ގައި، އަދި އަޙްމަދު 2/368 ގެ ނަމްބަރު 8809 ގައެވެ. އަދި ޞަޙީޙު އިބްނު މާޖާގެ 1/251 ބައްލަވާށެވެ.
اللَّهُمَّ اغْفِرْ لِحَيِّنَا وَمَيِّتِنَا، وَشَاهِدِنَا وَغَائِبِنَا، وَصَغِيرِنَا وَكَبِيرِنَا، وَذَكَرِنَا وَأُنْثَانَا، اللَّهُمَّ مَنْ أَحْيَيْتَهُ مِنَّا فَأَحْيِهِ عَلَى الإِسْلَامِ، وَمَنْ تَوَفَّيْتَهُ مِنَّا فَتَوَفَّهُ عَلَى الإِيمَانِ، اللَّهُمَّ لَا تَحْرِمْنَا أَجْرَهُ، وَلَا تُضِلَّنَا بَعْدَه,އައްލޯހުންމަޣްފިރް ލިޙައްޔިނާ ވަމައްޔިތިނާ، ވަޝާހިދިނާ ވަޣާއިބިނާ، ވަޞަޣީރިނާ ވަކަބީރިނާ، ވަޛަކަރިނާ ވައުންޘާނާ، އައްލޯހުންމަ މަން އަޙްޔައިތަހޫ މިންނާ ފައަޙްޔިހީ ޢަލަލް އިސްލާމް، ވަމަން ތަވައްފައިތަހޫ މިންނާ ފަތަވައްފަހޫ ޢަލަލް އީމާން، އައްލޯހުންމަ ލާ ތަޙްރިމްނާ އަޖްރަހޫ، ވަލާ ތުޟިއްލަނާ ބަޢުދަހް
«اللَّهُمَّ إِنَّ فُلَانَ بْنَ فُلَانٍ فِي ذِمَّتِكَ، وَحَبْلِ جِوَارِكَ، فَقِهِ مِنْ فِتْنَةِ القَبْرِ، وَعَذَابِ النَّارِ، وَأَنْتَ أَهْلُ الوَفَاءِ وَالحَقِّ، فَاغْفِرْ لَهُ وَارْحَمْهُ إِنَّكَ أَنْتَ الغَفُورُ الرَّحيمُ»[201].,"«اللَّهُمَّ إِنَّ فُلَانَ بْنَ فُلَانٍ فِي ذِمَّتِكَ، وَحَبْلِ جِوَارِكَ، فَقِهِ مِنْ فِتْنَةِ القَبْرِ، وَعَذَابِ النَّارِ، وَأَنْتَ أَهْلُ الوَفَاءِ وَالحَقِّ، فَاغْفِرْ لَهُ وَارْحَمْهُ إِنَّكَ أَنْتَ الغَفُورُ الرَّحيمُ»
 މާނައީ: ""އޭ ﷲ އެވެ! ހަމަކަށަވަރުން މިވެނި މީހެއްގެ ދަރި، އެވެނި މީހަކު (މިތަނުގައި އެ މީހަކުގެ ނަން ގެންނާނީ) ވަނީ އިބައިލާހުގެ ޙަވާލުގައެވެ. އަދި އިބައިލާހުގެ ހިޔާވަހިކަމުގެ ވާ ފަށުގައެވެ. ފަހެ ކަށްވަޅުގެ ފިތުނައިންނާއި ނަރަކައިގެ ޢަޛާބުން އޭނާ ސަލާމަތްކޮށްދެއްވާށިއެވެ! އަދި އިބައިލާހީ ވަފާތެރިކަމާއި ޙައްޤަށް އަހުލުވެރިވެގެންވާ އިލާހެވެ. ފަހެ އޭނާއަށް ފާފަ ފުއްސަވާ ރަޙުމަތް ލައްވާށިއެވެ! ހަމަކަށަވަރުން އިބަލާހީ ފާފަ ފުއްސަވާ ރަޙުމްކުރެއްވުން ބޮޑު އިލާހެވެ."" [201]."
[201] أخرجه ابن ماجه برقم (1499)، انظر: صحيح ابن ماجه (1/251)، ورواه أبو داود (3/211) برقم (3202).,[201] މި ޙަދީޘް ނެރުއްވީ އިބްނު މާޖާ ނަމްބަރު 1499 ގައެވެ. އަދި ޞަޙީޙު އިބްނު މާޖާގެ 1/251 ބައްލަވާށެވެ. އަދި އަބޫ ދާވޫދުވެސް 3/211 ގެ ނަމްބަރު 3202 އެ ޙަދީޘް ރިވާކުރެއްވިއެވެ.
اللَّهُمَّ إِنَّ فُلَانَ بْنَ فُلَانٍ فِي ذِمَّتِكَ، وَحَبْلِ جِوَارِكَ، فَقِهِ مِنْ فِتْنَةِ القَبْرِ، وَعَذَابِ النَّارِ، وَأَنْتَ أَهْلُ الوَفَاءِ وَالحَقِّ، فَاغْفِرْ لَهُ وَارْحَمْهُ إِنَّكَ أَنْتَ الغَفُورُ الرَّحيم,އައްލޯހުންމަ އިންނަ (މިތަނުގައި އޭނާގެ ނަން ގެންނާނީ) ޛިއްމަތިކަ، ވަ ޙަބްލި ޖިވާރިކަ، ފަޤިހީ މިން ފިތުނަތިލް ޤަބްރި، ވަ ޢަޛާބިން ނާރި، ވަ އަންތަ އަހްލުލް ވަފާއި ވަލް ޙައްޤި، ފަޣްފިރް ލަހޫ ވަރްޙަމްހު އިންނަކަ އަންތަލް ޣަފޫރުއް ރަޙީމް.
«اللَّهُمَّ عَبْدُكَ وَابْنُ أَمَتِكَ احْتَاجَ إِلَى رَحْمَتِكَ، وَأَنْتَ غَنِيٌّ عَنْ عَذَابِهِ، إِنْ كَانَ مُحْسِنًا فَزِدْ فِي حَسَنَاتِهِ، وَإِنْ كَانَ مُسِيئًا فَتَجَاوَزْ عَنْهُ»[202].,"«اللَّهُمَّ عَبْدُكَ وَابْنُ أَمَتِكَ احْتَاجَ إِلَى رَحْمَتِكَ، وَأَنْتَ غَنِيٌّ عَنْ عَذَابِهِ، إِنْ كَانَ مُحْسِنًا فَزِدْ فِي حَسَنَاتِهِ، وَإِنْ كَانَ مُسِيئًا فَتَجَاوَزْ عَنْهُ»
 މާނައީ: ""އޭ ﷲ އެވެ! އިބައިލާހުގެ އަޅާ، އަދި އިބައިލާހުގެ އަންހެންއަޅާގެ ދަރި އިބައިލާހުގެ ރަޙުމަތަށް ބޭނުންޖެހިއްޖެއެވެ. އަދި އިބައިލާހު އޭނާއަށް ޢަޛާބުދެއްވުމާ ނުލައިވެސް ފުދިވޮޑިގެންވެއެވެ. އޭނާއަކީ ހެޔޮ ޢަމަލުކޮށްފައިވާ އިޙުސާންތެރިއެއް ކަމުގައިވާނަމަ، ފަހެ އޭނާގެ ހެޔޮކަންތައް އިތުރުކޮށްދެއްވާށިއެވެ! އަދި އޭނާއަކީ ފާފަވެރިއެއްކަމުގައި ވާނަމަ، ފަހެ އޭނާއަށް ޢަފޫކުރައްވާށިއެވެ."" [202]."
[202] أخرجه الحاكم وصححه ووافقه الذهبي (1/359)، وانظر: أحكام الجنائز للألباني (ص125).,[202] އަލް-ޙާކިމު އެ ޙަދީޘް ނެރުއްވާ ޞައްޙަކުރެއްވިއެވެ. އަދި އައް-ޛަހަބީ އެއްބަސްވެ ވަޑައިގަތެވެ. 1/359 ގައެވެ. އަދި އަލް-އަލްބާނީގެ އަޙްކާމުލް-ޖަނާއިޒުގެ ޞ 125 ބައްލަވާށެވެ.
اللَّهُمَّ عَبْدُكَ وَابْنُ أَمَتِكَ احْتَاجَ إِلَى رَحْمَتِكَ، وَأَنْتَ غَنِيٌّ عَنْ عَذَابِهِ، إِنْ كَانَ مُحْسِنًا فَزِدْ فِي حَسَنَاتِهِ، وَإِنْ كَانَ مُسِيئًا فَتَجَاوَزْ عَنْه,އައްލޯހުންމަ ޢަބްދުކަ ވަބްނު އަމަތިކަ އިޙްތާޖަ އިލާ ރަޙްމަތިކަ، ވައަންތަ ޣަނިއްޔުން ޢަން ޢަޛާބިހް، އިން ކާނަ މުޙްސިނަން ފަޒިދް ފީ ޙަސަނާތިހް، ވައިން ކާނަ މުސީއަން ފަތަޖާވަޒް ޢަންހް
56. الدُّعَاءُ لِلْفَرَطِ فِي الصَّلاةِ عَلَيْهِ,56. ކުޑަކުއްޖާގެ މައްޗަށް ކަށު ނަމާދުކުރާއިރު އެކުއްޖާއަށް ކޮށްދޭނެ ދުޢާ
«اللَّهُمَّ أَعِذْهُ مِنْ عَذَابِ القَبْرِ»[203].,"«اللَّهُمَّ أَعِذْهُ مِنْ عَذَابِ القَبْرِ»
 މާނައީ: ""އޭ ﷲ އެވެ! ކަށްވަޅުގެ ޢަޛާުބުން އޭނާ ރައްކާތެރިކުރައްވާށިއެވެ."" [203]."
[203] (قال سعيد بن المسيب: صلَّيتُ وراء أبي هريرة رضي الله عنه على صبيٍّ لم يعمل خطيئة قَطُّ، فسمعته يقول..) الحديث. أخرجه مالك في الموطأ (1/288)، وابن أبي شيبة في المصنف (3/217)، والبيهقي (4/9)، وصحح إسناده شعيب الأرناؤوط في تحقيقه لشرح السنة للبغوي (5/357).,"[203] ސަޢީދު ބްނުލް-މުސައްޔަބު ވިދާޅުވިއެވެ: ""އަހަރެން އަބޫ ހުރައިރާ رضي الله عنه ގެ ފަހަތްޕުޅުގައި، ދުވަހަކުވެސް ފާފައެއް ކޮށްފައި ނުވާ ކުޑަކުއްޖެއްގެ މައްޗަށް ކަށުނަމާދު ކުރީމެވެ. ދެން އެކަލޭގެފާނު މިހެން ކިޔުއްވަނިކޮށް އަހަރެންނަށް އަޑުއިވުނެވެ..."" މިޙަދީޘެވެ. މި ޙަދީޘް ނެރުއްވީ މާލިކު، އަލް-މުވައްޠައު 1/288 ގައި، އަދި އިބްނު އަބީ ޝައިބާގެ އަލް-މުޞައްނަފުގެ 3/217 ގައި، އަދި އަލް-ބައިހަޤީ 4/9 ގައެވެ. އަދި އަލް-ބަޣަވީގެ ޝަރްޙުއް-ސުންނާގެ ތަޙްޤީޤުގެ 5/357 ގައި ޝުޢައިބު އަލް-އަރްނާއޫޠު އޭގެ ސަނަދު ޞައްޙަކުރިއެވެ."
اللَّهُمَّ أَعِذْهُ مِنْ عَذَابِ القَبْر,އައްލޯހުންމަ އަޢިޛްހު މިން ޢަޛާބިލް ޤަބްރު
وإن قال:,އަދި އޭނާ މިހެން ކީނަމަވެސް:
«اللَّهُمَّ اجْعَلْهُ فَرَطًا وَذُخْرًا لِوَالِدَيْهِ، وَشَفِيعًا مُجَابًا، اللَّهُمَّ ثَقِّلْ بِهِ مَوَازِينَهُمَا، وَأَعْظِمْ بِهِ أُجورَهُمَا، وَأَلْحِقْهُ بِصَالِحِ المُؤْمِنِينَ، وَاجْعَلْهُ فِي كَفَالَةِ إِبْرَاهِيمَ، وَقِهِ بِرَحْمَتِكَ عَذَابَ الجَحِيمِ، وَأَبْدِلْهُ دَارًا خَيْرًا مِنْ دَارِهِ، وَأَهْلًا خَيْرًا مِنْ أَهْلِهِ، اللَّهُمَّ اغْفِرْ لِأَسْلَافِنَا، وَأَفْرَاطِنَا، وَمَنْ سَبَقَنَا بِالإِيمَانِ»,"«اللَّهُمَّ اجْعَلْهُ فَرَطًا وَذُخْرًا لِوَالِدَيْهِ، وَشَفِيعًا مُجَابًا، اللَّهُمَّ ثَقِّلْ بِهِ مَوَازِينَهُمَا، وَأَعْظِمْ بِهِ أُجورَهُمَا، وَأَلْحِقْهُ بِصَالِحِ المُؤْمِنِينَ، وَاجْعَلْهُ فِي كَفَالَةِ إِبْرَاهِيمَ، وَقِهِ بِرَحْمَتِكَ عَذَابَ الجَحِيمِ، وَأَبْدِلْهُ دَارًا خَيْرًا مِنْ دَارِهِ، وَأَهْلًا خَيْرًا مِنْ أَهْلِهِ، اللَّهُمَّ اغْفِرْ لِأَسْلَافِنَا، وَأَفْرَاطِنَا، وَمَنْ سَبَقَنَا بِالإِيمَانِ»
 މާނައީ: ""އޭ ﷲ އެވެ! އެކުއްޖާއަކީ އޭނާގެ މައިންބަފައިންނަށްޓަކައި ކުރިއަށް ނެރެވުނު ރައްކާކުރެވިގެންވާ އަޖުރެއްކަމުގައި ލައްވާނދޭވެ! އަދި ޝަފާޢަތް ޤަބޫލުވެވޭ ޝަފާޢަތްތެރިއެއް ކަމުގައި ލައްވާނދޭވެ! އޭ ﷲ އެވެ! އެކުއްޖާގެ ސަބަބުން އެ ދެމީހުންގެ ތިލަފަތް ބަރުކޮށްދެއްވާނދޭވެ! އަދި އެކުއްޖާގެ ސަބަބުން އެ ދެމީހުންގެ އަޖުރު މަތިވެރިކޮށްދެއްވާނދޭވެ! އަދި އިސްވެދިޔަ ޞާލިޙު މުއުމިނުންނާ އެކުއްޖާ ބައްދަލުކޮށްދެއްވާނދޭވެ! އަދި އިބްރާހީމްގެފާނުގެ ބެލެހެއްޓެވުމުގެ ދަށުގައި އެކުއްޖާ ލައްވާނދޭވެ! އަދި އިބައިލާހުގެ ރަޙުމަތުން އެކުއްޖާ ނަރަކައިގެ ޢަޛާބުން ދިންނަވާނދޭވެ. އަދި އޭނާގެ ގޮވެއްޗަށްވުރެ ރަނގަޅު ގޮވެއްޗަކަށް، އަދި އޭނާގެ އަހުލުންނަށްވުރެ ހެޔޮ ރަނގަޅު އަހުލުންތަކަކަށް އެކުއްޖާ ބަދަލުކޮށްދެއްވާށިއެވެ. އޭ ﷲ އެވެ! އަޅެމެންގެ ކުރިން އިސްވެދިޔަ ކާބަފައިންނާއި، އަޅަމެންގެ ކުޑަކުދިންނާއި، އީމާންކަމުގައި އަޅަމެންގެ ކުރިއަރާ ދިޔަ މީހުންނަށްވެސް ފާފަފުއްސަވާށިއެވެ."""
اللَّهُمَّ اجْعَلْهُ فَرَطًا وَذُخْرًا لِوَالِدَيْهِ، وَشَفِيعًا مُجَابًا، اللَّهُمَّ ثَقِّلْ بِهِ مَوَازِينَهُمَا، وَأَعْظِمْ بِهِ أُجورَهُمَا، وَأَلْحِقْهُ بِصَالِحِ المُؤْمِنِينَ، وَاجْعَلْهُ فِي كَفَالَةِ إِبْرَاهِيمَ، وَقِهِ بِرَحْمَتِكَ عَذَابَ الجَحِيمِ، وَأَبْدِلْهُ دَارًا خَيْرًا مِنْ دَارِهِ، وَأَهْلًا خَيْرًا مِنْ أَهْلِهِ، اللَّهُمَّ اغْفِرْ لِأَسْلَافِنَا، وَأَفْرَاطِنَا، وَمَنْ سَبَقَنَا بِالإِيمَان,އައްލޯހުންމަޖްޢަލްހު ފަރަޠަން، ވަޛުޚްރައް ލިވާލިދައިހި، ވަޝަފީޢަން މުޖާބަން، އައްލޯހުންމަ ޘައްޤިލް ބިހީ މަވާޒީނަހުމާ، ވައަޢްޡިމް ބިހީ އުޖޫރަހުމާ، ވައަލްޙިޤްހު ބިޞާލިޙިލް މުއުމީން، ވަޖްޢަލްހު ފީ ކަފާލަތި އިބްރާހީމް، ވަޤިހީ ބިރަޙްމަތިކަ ޢަޛާބަލް ޖަޙީމް، ވައަބްދިލްހު ދާރަން ޚައިރަން މިން ދާރިހީ، ވައަހްލަން ޚައިރަން މިން އަހްލިހީ، އައްލޯހުންމަޣްފިރް ލިއަސްލާފިނާ، ވައަފްރާޠިނާ، ވަމަން ސަބަޤަނާ ބިލްއީމާން
فَحَسَنٌ[204].,މިހެން ކީ ކަމުގައިވިޔަސް ފަހެ ރަނގަޅެވެ. [204].
[204] انظر: المغني لابن قدامة (3/416)، والدروس المهمة لعامة الأمة، للشيخ عبد العزيز بن عبد الله بن باز رحمه الله (ص15).,[204] އިބްނު ޤުދާމާގެ އަލް-މުޣްނީގެ 3/416 އަދި ޝެއިޚު ޢަބްދުލް-ޢަޒީޒު ބްނު ޢަބްދި ﷲ ބްނު ބާޒު رحمه الله ގެ އައް-ދުރޫސުލް-މުހިއްމާ ލިޢާއްމަތިލް-އުއްމާ ގެ ޞ 15 ބައްލަވާށެވެ.
«اللَّهُمَّ اجْعَلْهُ لَنَا فَرَطًا، وَسَلَفًا، وَأَجْرًا»[205].,"«اللَّهُمَّ اجْعَلْهُ لَنَا فَرَطًا، وَسَلَفًا، وَأَجْرًا»
 މާނައީ: ""އޭ ﷲ އެވެ! އެ ކުއްޖާއަކީ އަޅަމެންނަށް (މެހުމާންދާރީއަށްޓަކައި) ކުރިންގޮސްފައިވާ ކުއްޖެއްކަމުގައި، އަދި އަޅަމެންނަށް (އިސްތިޤުބާލުގައި) އިސްވެގޮސްފައިވާ ކުއްޖެއްކަމުގައާއި، އަޖުރެއް ކަމުގައި ލައްވާށިއެވެ!"" [205]."
[205] كان الحسن يقرأ على الطفل بفاتحة الكتاب، ويقول... الحديث. أخرجه البغوي في شرح السنة (5/357)، وعبدالرزاق برقم (6588)، وعلقه البخاري في كتاب الجنائز (65) باب قراءة فاتحة الكتاب على الجنازة (2/113)، قبل الحديث رقم (1335).,[205] އަލް-ޙަސަނު ކުޑަކުއްޖާގެ މައްޗަށް (ކަށު ނަމާދުގައި) ފާތިޙާ ސޫރަތް ކިޔަވާވިދާޅުވެ، އަދި މިހެން ކިޔުއްވައެވެ... މި ޙަދީޘެވެ. މި ރިވާޔަތް ނެރުއްވީ އަލް-ބަޣަވީ ޝަރްޙުއް-ސުންނާ 5/357 ގައި، އަދި ޢަބްދުއް-ރައްޒާޤު ނަމްބަރު 6588 ގައެވެ. އަދި އަލް-ބުޚާރީ، ކިތާބުލް-ޖަނާއިޒު 65 ގައި، ޖަނާޒާގެ މައްޗަށް ފާތިޙަތުލް-ކިތާބު (އަލް-ފާތިޙާ ސޫރަތް) ކިޔެވުން ބަޔާންވި ބާބު 2/113 ގެ، ޙަދީޘް ނަމްބަރު 1335 ގެ ކުރިން މުޢައްލަޤުކޮށެވެ.
اللَّهُمَّ اجْعَلْهُ لَنَا فَرَطًا، وَسَلَفًا، وَأَجْرًا,އައްލޯހުންމަޖްޢަލްހު ލަނާ ފަރަޠަން، ވަސަލަފަން، ވައަޖްރާ
57. دُعَاءُ التَّعْزِيَةِ,57. ތަޢުޒިޔާ ކިޔުމުގައި ކުރާ ދުޢާ
«إِنَّ للَّهِ مَا أَخَذَ، وَلَهُ مَا أَعْطَى، وَكُلُّ شَيْءٍ عِنْدَهُ بِأَجَلٍ مُسَمَّى... فَلْتَصْبِرْ وَلْتَحْتَسِبْ»[206].,"«إِنَّ للَّهِ مَا أَخَذَ، وَلَهُ مَا أَعْطَى، وَكُلُّ شَيْءٍ عِنْدَهُ بِأَجَلٍ مُسَمَّى... فَلْتَصْبِرْ وَلْتَحْتَسِبْ»
 މާނައީ: ""ހަމަކަށަވަރުން ﷲ ހިއްޕެވި އެއްޗެއްވަނީ އެ އިލާހަށެވެ. އަދި އެ އިލާހު ދެއްވި އެއްޗެއްވެސް ވަނީ އެ އިލާހަށެވެ. އަދި ކޮންމެ އެއްޗެއްވެސްވަނީ އެ އިލާހުގެ ޙަޟްރަތުގައި ކަނޑައެޅިގެންވާ ވަކި އަޖަލަކަށެވެ...ފަހެ އެހެންކަމުން ތިބާ ކެތްކުރާށެވެ. އަދި އަޖުރަށް އެދި އުއްމީދުކުރާށެވެ."" [206]."
[206] البخاري (2/80) برقم (1284)، ومسلم (2/636) برقم (923).,[206] ރިވާކުރެއްވީ އަލް-ބުޚާރީ 2/80 ގެ ނަމްބަރު 1284 ގައި، އަދި މުސްލިމް 2/636 ގެ ނަމްބަރު 923 ގައެވެ.
إِنَّ للَّهِ مَا أَخَذَ، وَلَهُ مَا أَعْطَى، وَكُلُّ شَيْءٍ عِنْدَهُ بِأَجَلٍ مُسَمَّى... فَلْتَصْبِرْ وَلْتَحْتَسِب,އިންނަ ލިއްލާހި މާ އަޚަޛަ، ވަލަހޫ މާ އަޢްޠާ، ވަކުއްލު ޝައިއިން ޢިންދަހޫ ބިއަޖަލިން މުސައްމާ... ފަލްތަޞްބިރް ވަލްތަޙްތަސިބް
وَإِنْ قَالَ:,އަދި އޭނާ މިހެން ކީނަމަވެސް:
«أَعْظَمَ اللَّهُ أَجْرَكَ، وَأَحْسَنَ عَزَاءَكَ، وَغَفَرَ لِمَيِّتِكَ»,"«أَعْظَمَ اللَّهُ أَجْرَكَ، وَأَحْسَنَ عَزَاءَكَ، وَغَفَرَ لِمَيِّتِكَ»
 މާނައީ: ""ﷲ ތިބާގެ އަޖުރު މަތިވެރި ކުރައްވާށިއެވެ! އަދި އެކަލާނގެ ތިބާގެ ކެތްތެރިކަމާއި ހިތްވަރު ރިވެތިކޮށްދެއްވާށިއެވެ! އަދި ތިބާގެ މައްޔިތާއަށް ފާފަ ފުއްސަވާދެއްވާށިއެވެ!"""
أَعْظَمَ اللَّهُ أَجْرَكَ، وَأَحْسَنَ عَزَاءَكَ، وَغَفَرَ لِمَيِّتِك,އަޢްޡަމައްލޯހު އަޖްރަކަ، ވަ އަޙްސަނަ ޢަޒާއަކަ، ވަ ޣަފަރަ ލިމައްޔިތިކް
فَحَسَنٌ[207].,ހަމަ އެންމެ ރަނގަޅެވެ. [207].
[207] الأذكار للنووي (ص126).,[207] އައް-ނަވަވީގެ އަލް-އަޛްކާރު ފޮތުގެ ޞ 126 ގައެވެ.
58. الدُّعَاءُ عِنْدَ إِدْخَالِ الميِّتِ القَبْرَ,58. މައްޔިތާ ޤަބުރު ތެރެއަށް ލާއިރު ކިޔާ ދުޢާ
«بِسْمِ اللَّهِ وَعَلَى سُنَّةِ رَسُولِ اللَّهِ»[208].,"«بِسْمِ اللَّهِ وَعَلَى سُنَّةِ رَسُولِ اللَّهِ»
 މާނައީ: ""ﷲ ގެ އިސްމުފުޅުންނެވެ. އަދި ﷲ ގެ ރަސޫލާގެ ސުންނަތުގެ މަތީގައެވެ."" [208]."
[208] أبو داود (3/314) برقم (3215) بسند صحيح، وأحمد برقم (5234) ورقم (4812) بلفظ: «بِسْمِ اللَّهِ، وَعَلَى مِلَّةِ رَسُولِ اللَّهِ»، وسنده صحيح.,"[208] ރިވާކުރެއްވީ އަބޫ ދާވޫދު 3/314 ގެ ނަމްބަރު 3215 ގައި ޞައްޙަ ސަނަދަކުންނެވެ. އަދި އަޙްމަދު ނަމްބަރު 4812 ގައި މި ލަފްޒުންނެވެ: «بِسْمِ اللَّهِ، وَعَلَى مِلَّةِ رَسُولِ اللَّهِ» މާނައީ: ""ﷲ ގެ އިސްމުފުޅުންނެވެ. އަދި ﷲ ގެ ރަސޫލާގެ މިއްލަތުގެ މަތީގައެވެ."" އޭގެ ސަނަދު ޞައްޙައެވެ."
بِسْمِ اللَّهِ وَعَلَى سُنَّةِ رَسُولِ اللَّه,ބިސްމިއްލާހި ވަޢަލާ ސުންނަތި ރަސޫލިއްލާހް
59. الدُّعَاءُ بَعْدَ دَفْنِ المَيِّتِ,59. މައްޔިތާ ވަޅުލުމަށްފަހު ކިޔާ ދުޢާ
«اللَّهُمَّ اغْفِرْ لَهُ، اللَّهُمَّ ثَبِّتْهُ»[209].,"«اللَّهُمَّ اغْفِرْ لَهُ، اللَّهُمَّ ثَبِّتْهُ»
 މާނައީ: ""އޭ ﷲ އެވެ! އޭނާއަށް ފާފުއްސަވާށިއެވެ. އޭ ﷲ އެވެ! އޭނާ ޘާބިތުކޮށްދެއްވާށިއެވެ."" [209]."
[209] كان النبي ﷺ إذا فرغ من دفن الميت وقف عليه وقال: «اسْتَغْفِرُوا لِأَخِيكُمْ، وَسَلُوا لَهُ التَّثْبِيتَ؛ فَإِنَّهُ الْآنَ يُسْأَلُ». أبو داود (3/315) برقم (3223) والحاكم وصححه، ووافقه الذهبي (1/370).,"[209] ނަބިއްޔާ ﷺ، މައްޔިތާ ވަޅުލާ ނިންމަވާހިނދު އެ ޤަބުރުގެ ކައިރީގައި ހުއްޓިވަޑައިގެން ޙަދީޘްކުރައްވައެވެ: ""ތިޔަބައިމީހުންގެ އަޚާއަށް ފާފަ ފުއްސަވައިދެއްވުމަށް އެދި ދުޢާކުރާށެވެ. އަދި އޭނާއަށް ޘާބިތުކަން ދެއްވުމަށްވެސް އެދި ދަންނަވާށެވެ. ފަހެ ހަމަކަށަވަރުން މިހާރު އޭނާއާ ސުވާލުކުރެވެނީއެވެ."" ރިވާކުރެއްވީ އަބޫ ދާވޫދު 3/315 ގެ ނަމްބަރު 3223 ގައެވެ. އަދި އަލް-ޙާކިމު 1/370 ގައި ރިވާކުރައްވާ އަދި ޞައްޙަ ކުރެއްވިއެވެ. އަދި އައް-ޛަހަބީ އެއަށް އެއްބަސްވެވަޑައިގެންނެވިއެވެ."
اللَّهُمَّ اغْفِرْ لَهُ، اللَّهُمَّ ثَبِّتْه,އައްލޯހުންމަޣްފިރް ލަހް، އައްލޯހުންމަ ޘައްބިތުހް
60. دُعَاءُ زِيَارَةِ القُبُورِ,60. ޤަބުރުތަކަށް ޒިޔާރަތްކުރާއިރު ކިޔާ ދުޢާ
«السَّلاَمُ عَلَيْكُمْ أَهْلَ الدِّيَارِ، مِنَ المُؤْمِنِينَ وَالمُسْلِمِينَ، وَإِنَّا إِنْ شَاءَ اللَّهُ بِكُمْ لَاحِقُونَ، [وَيَرْحَمُ اللَّهُ المُسْتَقدِمِينَ مِنَّا وَالمُسْتأْخِرِينَ] أَسْاَلُ اللَّهَ لَنَا وَلَكُمُ العَافِيَةَ»[210].,"«السَّلاَمُ عَلَيْكُمْ أَهْلَ الدِّيَارِ، مِنَ المُؤْمِنِينَ وَالمُسْلِمِينَ، وَإِنَّا إِنْ شَاءَ اللَّهُ بِكُمْ لَاحِقُونَ، [وَيَرْحَمُ اللَّهُ المُسْتَقدِمِينَ مِنَّا وَالمُسْتأْخِرِينَ] أَسْاَلُ اللَّهَ لَنَا وَلَكُمُ العَافِيَةَ»
 މާނައީ: އޭ މުއުމިނުންނާއި މުސްލިމުންގެ ތެރެއިންވާ މި މަހާނަތަކުގެ އަހުލުވެރިންނޭވެ! ތިޔަބައިމީހުންގެ މައްޗަށް ސަލާމްހުއްޓެވެ. އަދި ހަމަކަށަވަރުން އަހަރުމެންނީ ﷲ އިރާދަކުރެއްވިއްޔާ ތިޔަބައިމީހުންނާ އަރާހަމަކުރާނޭ ބައެކެވެ. އަދި އަހަރުމެންގެ ތެރެއިން ކުރިން ދިޔަމީހުންނަށާއި ފަހުން ދާނެ މީހުންނަށް ﷲ ރަޙްމަތްލައްވާށިއެވެ! ﷲ ގެ ޙަޟްރަތުން އަހަރުމެންނަށާއި ތިޔަބައިމީހުންނަށް ޢާފިޔަތު ދެއްވުމަށް އެދި ދަންނަވަމެވެ."" [210]."
[210] مسلم (2/671) برقم (975)، وابن ماجه (1/494)، واللفظ له برقم (1547) عن بريدة رضي الله عنه، وما بين المعقوفين من حديث عائشة رضي الله عنها عند مسلم (2/671) برقم (975).,[210] ރިވާކުރެއްވީ މުސްލިމް 2/671 ގެ ނަމްބަރު 975 ގައި، އަދި އިބްނު މާޖާ 1/494 ގައެވެ. އަދި މިއީ ބުރައިދާ رضي الله عنه ގެ އަރިހުން އިބްނު މާޖާ ނަމްބަރު 1547 ގައި ރިވާކުރެއްވި ލަފްޒެވެ. އަދި ދެ ބުރެކެޓްގެ ތެރޭގައިވާ ބަޔަކީ ޢާއިޝާ رضي الله عنها ގެ ޙަދީޘުން، މުސްލިމް 2/671 ގެ ނަމްބަރު 975 ގައި ރިވާކުރެއްވި ބައެކެވެ.
السَّلاَمُ عَلَيْكُمْ أَهْلَ الدِّيَارِ، مِنَ المُؤْمِنِينَ وَالمُسْلِمِينَ، وَإِنَّا إِنْ شَاءَ اللَّهُ بِكُمْ لَاحِقُونَ، [وَيَرْحَمُ اللَّهُ المُسْتَقدِمِينَ مِنَّا وَالمُسْتأْخِرِينَ] أَسْاَلُ اللَّهَ لَنَا وَلَكُمُ العَافِيَة,އައްސަލާމު ޢަލައިކުމް އަހުލައްދިޔާރި، މިނަލް މުއުމިނީނަ ވަލް މުސްލިމީން، ވައިންނާ އިންޝާއައްލޯހު ބިކުމް ލާޙިޤޫން، ވަޔަރްޙަމުއްލޯހުލް މުސްތަޤްދިމީނަ މިންނާ ވަލް މުސްތައްޚިރީން، އަސްއަލުއްލޯހަ ލަނާ ވަލަކުމުލް ޢާފިޔަހް
61. دُعَاءُ الرِّيحِ,61. ވައި ގަދަވާހިނދު ކިޔާ ދުޢާ
«اللَّهُمَّ إِنِّي أَسْأَلُكَ خَيْرَهَا، وَأَعُوذُ بِكَ مِنْ شَرِّهَا»[211].,"«اللَّهُمَّ إِنِّي أَسْأَلُكَ خَيْرَهَا، وَأَعُوذُ بِكَ مِنْ شَرِّهَا»
 މާނައީ: ""އޭ ﷲ އެވެ! އޭގެ ހެޔޮކަން ދެއްވުމަށް މި އަޅާ އިބައިލާހުގެ ޙަޟްރަތަށް ދަންނަވަމެވެ. އަދި އޭގެ ނުބައިކަމުން ރައްކާތެރިކޮށްދެއްވުމަށްވެސް މި އަޅާ އިބައިލާހުގެ ޙަޟްރަތަށް ދަންނަވަމެވެ.""[211]."
[211] أخرجه أبو داود (4/326) برقم (5099)، وابن ماجه (2/1228) برقم (3727)، وانظر: صحيح ابن ماجه (2/305).,[211] ރިވާކުރެއްވީ އަބޫ ދާވޫދު 4/326 ގެ ނަމްބަރު 5099 ގައި، އަދި އިބްނު މާޖާ 2/1228 ގެ ނަމްބަރު 3727 ގައެވެ. އަދި ޞަޙީޙު އިބްނު މާޖާގެ 2/305 ބައްލަވާށެވެ.
اللَّهُمَّ إِنِّي أَسْأَلُكَ خَيْرَهَا، وَأَعُوذُ بِكَ مِنْ شَرِّهَا,އައްލޯހުންމަ އިންނީ އަސްއަލުކަ ޚައިރަހާ، ވަ އަޢޫޛު ބިކަ މިން ޝައްރިހާ
«اللَّهُمَّ إِنِّي أَسْأَلُكَ خَيْرَهَا، وَخَيْرَ مَا فِيهَا، وَخَيْرَ مَا أُرْسِلَتْ بِهِ، وَأَعُوذُ بِكَ مِنْ شَرِّهَا، وَشَرِّ مَا فِيهَا، وَشَرِّ مَا أُرْسِلَتْ بِهِ»[212].,"«اللَّهُمَّ إِنِّي أَسْأَلُكَ خَيْرَهَا، وَخَيْرَ مَا فِيهَا، وَخَيْرَ مَا أُرْسِلَتْ بِهِ، وَأَعُوذُ بِكَ مِنْ شَرِّهَا، وَشَرِّ مَا فِيهَا، وَشَرِّ مَا أُرْسِلَتْ بِهِ»
 މާނައީ: ""އޭ ﷲ އެވެ! އޭގެ ހެޔޮކަމާއި، އޭގައި އެކުލެވިގެންވާ ހެޔޮކަމާއި، އެކަމަކާއެކު އެ ވައި ފޮނުއްވުނު ހެޔޮކަން ދެއްވުމަށް މި އަޅާ އިބައިލާހުގެ ޙަޟްރަތުން އެދެމެވެ. އަދި އޭގެ ނުބައިކަމާއި، އޭގައި އެކުލެވިގެންވާ ނުބައިކަމާއި، އެކަމަކާއެކު އެ ވައި ފޮނުއްވުނު ނުބައި ކަންތަކުން ރައްކާތެރިކޮށްދެއްވުމަށް މިއަޅާ އިބައިލާހުގެ ޙަޟްރަތުން އެދެމެވެ."" [212]."
[212] مسلم، واللفظ له (2/666) برقم (899)، والبخاري (4/76) برقم (3206) و(4829).,[212] ރިވާކުރެއްވީ މުސްލިމްއެވެ. އަދި މިއީ މުސްލިމް ލަފްޒެވެ. އެއީ 2/666 ގެ ނަމްބަރު 899 ގައި، އަދި އަލް-ބުޚާރީ 4/76 ގެ ނަމްބަރު 3206 އަދި 4829 ގައެވެ.
اللَّهُمَّ إِنِّي أَسْأَلُكَ خَيْرَهَا، وَخَيْرَ مَا فِيهَا، وَخَيْرَ مَا أُرْسِلَتْ بِهِ، وَأَعُوذُ بِكَ مِنْ شَرِّهَا، وَشَرِّ مَا فِيهَا، وَشَرِّ مَا أُرْسِلَتْ بِه,އައްލޯހުންމަ އިންނީ އަސްއަލުކަ ޚައިރަހާ، ވަޚައިރަ މާ ފީހާ، ވަޚައިރަ މާ އުރްސިލަތު ބިހް، ވައަޢޫޛު ބިކަ މިން ޝައްރިހާ، ވަޝައްރި މާ ފީހާ، ވަޝައްރި މާ އުރްސިލަތު ބިހް
62. دُعَاءُ الرَّعْدِ,62. ގުގުރާހިނދު ކިޔާ ދުޢާ
«سُبْحَانَ الَّذِي يُسَبِّحُ الرَّعْدُ بِحَمْدِهِ وَالمَلَائِكَةُ مِنْ خِيفَتِهِ»[213].,"«سُبْحَانَ الَّذِي يُسَبِّحُ الرَّعْدُ بِحَمْدِهِ وَالمَلَائِكَةُ مِنْ خِيفَتِهِ»
 މާނައީ: ""އެފަރާތަކަށް ޙަމްދުކުރަމުން ގުގުރި ތަސްބީޙަކިޔާ، އަދި މަލާއިކަތުންވެސް އެފަރާތަށް ބިރުވެތިވެގެން ތަސްބީޙަ ކިޔުއްވާ އިލާހުގެ ހުސްޠާހިރުވަންތަކަމާއެވެ."" [213]."
"[213] كان عبد الله بن الزبير رضي الله عنهما إذا سمع الرعد ترك الحديث وقال:... الحديث، الموطأ (2/992)، وقال الألباني في صحيح الكلم الطيب (157): ""صحيح الإسناد موقوفًا"".","[213] ޢަބްދު ﷲ ބްނުއް-ޒުބައިރު رضي الله عنهما އަށް ގުގުރީގެ އަޑުއިވިވަޑައިގަންނަވާހިނދު ވާހަކަދެއްކެވުން ދޫކޮށްލައްވާފައި މިހެން ކިޔުއްވައެވެ... މި ޙަދީޘެވެ. އަލް-މުވައްޠައުގެ 2/992 ގައެވެ. އަދި ޞަޙީޙުލް-ކަލިމުއް-ޠައްޔިބުގެ 157 ގައި އަލް-އަލްބާނީ ވިދާޅުވިއެވެ: ""މައުޤޫފުކޮށް ޞައްޙަވެގެންވާ ސަނަދެކެވެ."""
سُبْحَانَ الَّذِي يُسَبِّحُ الرَّعْدُ بِحَمْدِهِ وَالمَلَائِكَةُ مِنْ خِيفَتِه,ސުބްޙާނައްލަޛީ ޔުސައްބިޙުއް ރަޢްދު ބިޙަމްދިހީ ވަލްމަލާއިކަތު މިން ޚީފަތިހް
63. مِنْ أَدْعِيَةِ الاسْتِسْقَاءِ,63. ވާރޭވެއްސަވާ ފެންދެއްވުމަށް އެދި ކުރާ ދުޢާތަކުގެ ތެރެއިން
«اللَّهُمَّ اسْقِنَا غَيْثًا مُغِيثًا مَرِيئًا مَرِيعًا، نَافِعًا غَيْرَ ضَارٍّ، عَاجِلًا غَيْرَ آجِلٍ»[214].,"«اللَّهُمَّ اسْقِنَا غَيْثًا مُغِيثًا مَرِيئًا مَرِيعًا، نَافِعًا غَيْرَ ضَارٍّ، عَاجِلًا غَيْرَ آجِلٍ»
 މާނައީ: ""އޭ ﷲ އެވެ! އަޅަމެންނަށް އެހީދެނިވި، ހެޔޮ ރަނގަޅު، ތިޔާގިކުރަނިވި، ގެއްލުމެއް ނެތް ފައިދާހުރި، ލަސްނުވެ އަވަސްވާ ވާރެޔަކުން ފެންދެއްވާށިއެވެ."" [214]."
[214] أبو داود (1/303) برقم (1171)، وصححه الألباني في صحيح أبي داود (1/216).,[214] ރިވާކުރެއްވީ އަބޫ ދާވޫދު 1/303 ގެ ނަމްބަރު 1171 ގައެވެ. އަދި އަލް-އަލްބާނީވަނީ ޞަޙީޙު އަބީ ދާވޫދުގެ 1/216 ގައި މި ރިވާޔަތް ޞައްޙަކުރައްވާފައެވެ.
اللَّهُمَّ اسْقِنَا غَيْثًا مُغِيثًا مَرِيئًا مَرِيعًا، نَافِعًا غَيْرَ ضَارٍّ، عَاجِلًا غَيْرَ آجِل,އައްލޯހުންމަސްޤިނާ ޣައިޘަން މުޣީޘަން މަރީއަން މަރީޢަން، ނާފިޢަން ޣައިރަ ޟާއްރިން، ޢާޖިލަން ޣައިރަ އާޖިލް
«اللَّهُمَّ أَغِثْنَا، اللَّهُمَّ أَغِثْنَا، اللَّهُمَّ أَغِثْنَا»[215].,"«اللَّهُمَّ أَغِثْنَا، اللَّهُمَّ أَغِثْنَا، اللَّهُمَّ أَغِثْنَا»
 މާނައީ: ""އޭ ﷲ އެވެ! އަޅަމެންނަށް ވާރޭވެއްސަވާށިއެވެ! އޭ ﷲ އެވެ! އަޅަމެންނަށް ވާރޭވެއްސަވާށިއެވެ! އޭ ﷲ އެވެ! އަޅަމެންނަށް ވާރޭވެއްސަވާށިއެވެ!"" [215]."
[215] البخاري (1/224) برقم (1014)، ومسلم (2/613) برقم (897).,[215] ރިވާކުރެއްވީ އަލް-ބުޚާރީ 1/224 ގެ ނަމްބަރު 1014 ގައި، އަދި މުސްލިމް 2/613 ގެ ނަމްބަރު 897 ގައެވެ.
اللَّهُمَّ أَغِثْنَا، اللَّهُمَّ أَغِثْنَا، اللَّهُمَّ أَغِثْنَا,އައްލޯހުންމަ އަޣިޘްނާ، އައްލޯހުންމަ އަޣިޘްނާ، އައްލޯހުންމަ އަޣިޘްނާ
«اللَّهُمَّ اسْقِ عِبَادَكَ، وَبَهَائِمَكَ، وَانْشُرْ رَحْمَتَكَ، وَأَحْيِي بَلَدَكَ المَيِّتَ»[216].,"«اللَّهُمَّ اسْقِ عِبَادَكَ، وَبَهَائِمَكَ، وَانْشُرْ رَحْمَتَكَ، وَأَحْيِي بَلَدَكَ المَيِّتَ»
 މާނައީ: ""އޭ ﷲ އެވެ! އިބައިލާހުގެ އަޅުތަކުންނާއި ޖަނަވާރުތަކަށް ފެންދެއްވާ، އިބައިލާހުގެ ރަޙްމަތް ފަތުރުއްވަވާ، އަދި އިބައިލާހުގެ މަރުވެފައިވާ ރަށަށް ދިރުންދެއްވާށިއެވެ."" [216]."
[216] أبو داود (1/305) برقم (1178)، وحسنه الألباني في صحيح أبي داود (1/218).,[216] ރިވާކުރެއްވީ އަބޫ ދާވޫދު 1/305 ގެ ނަމްބަރު 1178 ގައެވެ. އަަދި އަލް-އަލްބާނީވަނީ ޞަޙީޙު އަބީ ދާވޫދުގެ 1/218 ގައި މި ޙަދީޘް ޙަސަނުކުރައްވާފައެވެ.
اللَّهُمَّ اسْقِ عِبَادَكَ، وَبَهَائِمَكَ، وَانْشُرْ رَحْمَتَكَ، وَأَحْيِي بَلَدَكَ المَيِّت,އައްލޯހުންމަސްޤި ޢިބާދަކަ، ވަބަހާއިމަކަ، ވަންޝުރް ރަޙްމަތަކަ، ވައަޙްޔި ބަލަދަކަލް މައްޔިތަ
64. الدُّعَاءُ إِذَا رَأَى المَطَرَ,64. ވާރޭ ވެހޭތަން ފެންނަހިނދު ކިޔާ ދުޢާ
«اللَّهُمَّ صَيِّبًا نَافِعًا»[217].,"«اللَّهُمَّ صَيِّبًا نَافِعًا»
 މާނައީ: ""އޭ ﷲ އެވެ! ފައިދާހުރި ބޯ ވާރޭއެއްކަމުގައި ލައްވާށިއެވެ."" [217]."
[217] البخاري مع الفتح (2/518) برقم (1032).,[217] ރިވާކުރެއްވީ އަލް-ބުޚާރީ، ފަތުޙުލް-ބާރީއާއެކުވާ ފޮތުގެ 2/518 ގެ ނަމްބަރު 1032 ގައެވެ.
اللَّهُمَّ صَيِّبًا نَافِعًا,އައްލޯހުންމަ ޞައްޔިބަން ނާފިޢަން
65. الذِّكْرُ بَعْدَ نُزُولِ المَطَرِ,65. ވާރޭ ވެހި ހުއްޓާލުމުން ކިޔާ ޛިކުރު
«مُطِرْنَا بِفَضْلِ اللَّهِ وَرَحْمَتِهِ»[218].,"«مُطِرْنَا بِفَضْلِ اللَّهِ وَرَحْمَتِهِ»
 މާނައީ: ""އަހަރުމެންނަށް ވާރޭ ވެހުނީ ﷲ ގެ ފަޟްލަވަންތަކަމާއި އެއިލާހުގެ ރަޙްމަތުންނެވެ."" [218]."
[218] البخاري (1/205) برقم (846)، ومسلم (1/83) برقم (71).,[218] ރިވާކުރެއްވީ އަލް-ބުޚާރީ 1/205 ގެ ނަމްބަރު 846 ގައި، އަދި މުސްލިމް 1/83 ގެ ނަމްބަރު 71 ގައެވެ.
مُطِرْنَا بِفَضْلِ اللَّهِ وَرَحْمَتِه,މުޠިރްނާ ބިފަޟްލިލްލާހި ވަރަޙްމަތިހް
66. مِنْ أَدْعِيَةِ الاسْتِصْحَاءِ,66. ވާރޭ ހުއްޓި އުޑުމަތި ސާފުވުމަށް އެދި ކުރާ ދުޢާތަކުގެ ތެރެއިން
«اللَّهُمَّ حَوَالَيْنَا وَلَا عَلَيْنَا، اللَّهُمَّ عَلَى الآكَامِ وَالظِّرَابِ، وَبُطُونِ الأَوْدِيَةِ، وَمَنَابِتِ الشَّجَرِ»[219].,"«اللَّهُمَّ حَوَالَيْنَا وَلَا عَلَيْنَا، اللَّهُمَّ عَلَى الآكَامِ وَالظِّرَابِ، وَبُطُونِ الأَوْدِيَةِ، وَمَنَابِتِ الشَّجَرِ»
 މާނައީ: ""އޭ ﷲ އެވެ! އަހަރުމެންގެ ވަށައިގެންނެވެ. (ވަށައިގެން ވާރޭވެއްސަވާށެވެ.) އަދި އަހަރުމެންގެ މައްޗަކަށް ނޫނެވެ. (އަހަރެމެންގެ މައްޗަށް ކޯފާއެއް ކާރިޘާއެއްގެ ގޮތުގައެއް ނޫނެވެ.) އޭ ﷲ އެވެ! އުސް ބިންތަކާއި ކުދި ފަރުބަދަތަކުގެ މައްޗަށާއި، ވާދީތަކުގެ އަޑިއަށާއި، ގަސްގަހާގެހި ފަޅާ ތަންތަނަށެވެ."" [219]."
[219] البخاري (1/224) برقم (933)، ومسلم (2/614) برقم (897).,[219] ރިވާކުރެއްވީ އަލް-ބުޚާރީ 1/224 ގެ ނަމްބަރު 1014 ގައި، އަދި މުސްލިމް 2/614 ގެ ނަމްބަރު 897 ގައެވެ.
اللَّهُمَّ حَوَالَيْنَا وَلَا عَلَيْنَا، اللَّهُمَّ عَلَى الآكَامِ وَالظِّرَابِ، وَبُطُونِ الأَوْدِيَةِ، وَمَنَابِتِ الشَّجَر,އައްލޯހުންމަ ޙަވާލައިނާ ވަލާ ޢަލައިނާ، އައްލޯހުންމަ ޢަލަލް އާކާމި ވައްޡިރާބި، ވަބުޠޫނިލް އައުދިޔަތި، ވަމަނާބިތިއް ޝަޖަރް
67. دُعَاءُ رُؤيَةِ الهِلَالِ,67. ހުޅެވިހަނދު ފެނުމުން ކިޔާ ދުޢާ
«اللَّهُ أَكْبَرُ، اللَّهُمَّ أَهِلَّهُ عَلَيْنَا بِالأَمْنِ وَالإِيمَانِ، وَالسَّلَامَةِ وَالإِسْلَامِ، وَالتَّوْفِيقِ لِمَا تُحِبُّ رَبَّنَا وَتَرْضَى، رَبُّنَا وَرَبُّكَ اللَّهُ»[220].,"«اللَّهُ أَكْبَرُ، اللَّهُمَّ أَهِلَّهُ عَلَيْنَا بِالأَمْنِ وَالإِيمَانِ، وَالسَّلَامَةِ وَالإِسْلَامِ، وَالتَّوْفِيقِ لِمَا تُحِبُّ رَبَّنَا وَتَرْضَى، رَبُّنَا وَرَبُّكَ اللَّهُ»
 މާނައީ: ""އެންމެ ބޮޑީ ﷲ އެވެ. އޭ ﷲ އެވެ! އަމާންކަމާއި އީމާންކަމާއެކު، ސަލާމަތްކަމާއި އިސްލާމްކަމާއެކު، އަދި -އަޅަމެންގެ ވެރި ރައްބެވެ!- އިބައިލާހު ލޯބިވެވޮޑިގެން އަދި ރުއްސަވާ ކަންކަމަށް ތައުފީޤު ދެއްވުމާއިއެކު، އެ ހަނދު އަޅަމެންގެ މައްޗަށް ފާޅުކޮށްދެއްވާށިއެވެ! (އޭ ހަނދާއެވެ.) އަހަރުމެންގެ ރައްބަކީ އަދި ތިބާގެ ރައްބަކީވެސް ﷲ އެވެ."" [220]."
[220] الترمذي (5/504) برقم (3451)، والدارمي بلفظه (1/336)، وانظر: صحيح الترمذي (3/157).,[220] ރިވާކުރެއްވީ އައް-ތިރްމިޛީ 5/504 ގެ ނަމްބަރު 3451 ގައި، އަދި އައް-ދާރިމީ މި ލަފްޒުން 1/336 ގައެވެ. އަދި ޞަޙީޙުއް-ތިރްމިޛީގެ 3/157 ބައްލަވާށެވެ.
اللَّهُ أَكْبَرُ، اللَّهُمَّ أَهِلَّهُ عَلَيْنَا بِالأَمْنِ وَالإِيمَانِ، وَالسَّلَامَةِ وَالإِسْلَامِ، وَالتَّوْفِيقِ لِمَا تُحِبُّ رَبَّنَا وَتَرْضَى، رَبُّنَا وَرَبُّكَ اللَّه,އައްލޯހު އަކްބަރް، އައްލޯހުންމަ އަހިއްލަހޫ ޢަލައިނާ ބިލްއަމްނި ވަލްއީމާން، ވައްސަލާމަތި ވަލްއިސްލާމް، ވައްތައުފީޤި ލިމާ ތުޙިއްބު ރައްބަނާ ވަތަރްޟާ، ރައްބުނާ ވަރައްބުކައްލޯހް
68. الدُّعَاءُ عِنْدَ إِفْطَارِ الصَّائِمِ,68. ރޯދަވެރިޔާ ރޯދަވީއްލާހިނދު ކިޔާ ދުޢާ
«ذَهَبَ الظَّمَأُ وَابْتَلَّتِ العُرُوقُ، وَثَبَتَ الأَجْرُ إِنْ شَاءَ اللَّهُ»[221].,"«ذَهَبَ الظَّمَأُ وَابْتَلَّتِ العُرُوقُ، وَثَبَتَ الأَجْرُ إِنْ شَاءَ اللَّهُ»
 މާނައީ: ""ކަރުހިއްކުން ފިލައިފިއެވެ. އަދި ނާރުތައް ތެމިއްޖެއެވެ. އަދި ﷲ އިރާދަކުރެއްވިއްޔާ އަޖުރު ޘާބިތުވެއްޖެއެވެ."" [221]."
[221] أخرجه أبو داود (2/306) برقم (2359)، وغيره. وانظر: صحيح الجامع (4/209).,[221] މި ޙަދީޘް ނެރުއްވީ އަބޫ ދާވޫދު 2/306 ގެ ނަމްބަރު 2359 ގައި، އަދި އެހެން ބޭފުޅުންނެވެ. އަދި ޞަޙީޙުލް-ޖާމިޢުގެ 4/209 ބައްލަވާށެވެ.
ذَهَبَ الظَّمَأُ وَابْتَلَّتِ العُرُوقُ، وَثَبَتَ الأَجْرُ إِنْ شَاءَ اللَّه,ޛަހަބައް ޡަމައު ވަބްތައްލަތިލް ޢުރޫޤު، ވަޘަބަތަލް އަޖްރު އިންޝާއައްލޯހް
«اللَّهُمَّ إِنِّي أَسْأَلُكَ بِرَحْمَتِكَ الَّتِي وَسِعَتْ كُلَّ شَيْءٍ أَنْ تَغْفِرَ لِي»[222].,"«اللَّهُمَّ إِنِّي أَسْأَلُكَ بِرَحْمَتِكَ الَّتِي وَسِعَتْ كُلَّ شَيْءٍ أَنْ تَغْفِرَ لِي»
 މާނައީ: ""އޭ ﷲ އެވެ! ކޮންމެ އެއްޗެއްގެ މައްޗަށް ތަނަވަސްވެގެންވާ އިބައިލާހުގެ ރަޙްމަތް މެދުވެރިކޮށް މި އަޅާއަށް ފާފަފުއްސަވާ ދެއްވުމަށް މި އަޅާ އިބައިލާހަށް ދަންނަވަމެވެ."" [222]."
[222] أخرجه ابن ماجه (1/557) برقم (1753) من دعاء عبد الله بن عمرو رضي الله عنهما، وحسنه الحافظ في تخريج الأذكار. انظر: شرح الأذكار (4/342).,[222] މި ޙަދީޘް ނެރުއްވީ އިބްނު މާޖާ 1/557 ގެ ނަމްބަރު 1753 ގައި، ޢަބްދު ﷲ ބްނު ޢަމްރު رضي الله عنهما ގެ ދުޢާއިންނެވެ. އަދި އަލް-އަޛްކާރު ފޮތުގެ ތަޚްރީޖުގައި އަލް-ޙާފިޡުވަނީ އެ ޙަދީޘް ޙަސަނުކުރައްވާފައެވެ. ޝަރްޙުލް-އަޛްކާރުގެ 4/342 ބައްލަވާށެވެ.
اللَّهُمَّ إِنِّي أَسْأَلُكَ بِرَحْمَتِكَ الَّتِي وَسِعَتْ كُلَّ شَيْءٍ أَنْ تَغْفِرَ لِي,އައްލޯހުންމަ އިންނީ އަސްއަލުކަ ބިރަޙްމަތިކައްލަތީ ވަސިޢަތު ކުއްލަ ޝައިއިން އަން ތަޣްފިރަ ލީ
69. الدُّعَاءُ قَبْلَ الطَّعَامِ,69. ކެއުމުގެ ކުރިން ކިޔާ ދުޢާ
«إِذَا أَكَلَ أَحَدُكُمْ طَعَامًا فَلْيَقُلْ:,"""ތިޔަބައިމީހުންކުރެ މީހަކު ކާއެއްޗެއް ކާނަމަ، ފަހެ ކިޔާހުށިކަމެވެ:"
بِسْمِ اللَّهِ،,"بِسْمِ اللَّهِ
 މާނައީ: ""ﷲ ގެ އިސްމުފުޅުން ފަށަމެވެ."""
بِسْمِ اللَّه,ބިސްމިއްލާހް
فَإِنْ نَسِيَ فِي أَوَّلِهِ فَلْيَقُلْ:,ދެންފަހެ ފަށައިގަންނަ ހިނދު އެހެން ކިޔަން ހަނދާން ނެތިއްޖެނަމަ މިހެން ކިޔާށެވެ:
بِسْمِ اللَّهِ فِي أَوَّلِهِ وَآخِرِهِ»[223].,"«بِسْمِ اللَّهِ فِي أَوَّلِهِ وَآخِرِهِ»
 މާނައީ: ""އޭގެ ފެށުމާއި ނިމުމުގައިވެސް ﷲ ގެ އިސްމުފުޅުން (އެހީއާއި ބަރަކާތް ހޯދަމެވެ.)"" [223]."
[223] أخرجه أبو داود (3/347) برقم (3767)، والترمذي (4/288) برقم (1858)، وانظر: صحيح الترمذي (2/167).,[223] މި ޙަދީޘް ނެރުއްވީ އަބޫ ދާވޫދު 3/347 ގެ ނަމްބަރު 3767 ގައި، އަދި އައް-ތިރްމިޛީ 4/288 ގެ ނަމްބަރު 1858 ގައެވެ. އަދި ޞަޙީޙުއް-ތިރްމިޛީގެ 2/167 ބައްލަވާށެވެ.
بِسْمِ اللَّهِ فِي أَوَّلِهِ وَآخِرِه,ބިސްމިއްލާހި ފީ އައްވަލިހީ ވަ އާޚިރިހް
«مَنْ أَطْعَمَهُ اللَّهُ الطَّعَامَ فَلْيَقُلْ:,«ﷲ އެމީހަކަށް ކާބޯތަކެތި ދެއްވައިފި މީހާ ފަހެ މިހެން ކިޔާށެވެ:
اللَّهُمَّ بَارِكْ لَنَا فِيهِ وَأَطْعِمْنَا خَيْرًا مِنْهُ،,"«اللَّهُمَّ بَارِكْ لَنَا فِيهِ وَأَطْعِمْنَا خَيْرًا مِنْهُ»
 މާނައީ: ""އޭ ﷲ އެވެ! އަޅަމެންނަށް އޭގައި ބަރަކާތް ލައްވާ، އަދި އެއަށްވުރެ ހެޔޮ ރަނގަޅު ތަކެތި ކާންދެއްވާށިއެވެ."""
اللَّهُمَّ بَارِكْ لَنَا فِيهِ وَأَطْعِمْنَا خَيْرًا مِنْه,އައްލޯހުންމަ ބާރިކް ލަނާ ފީހި ވަ އަޠްޢިމްނާ ޚައިރަން މިންހް
وَمَنْ سَقَاهُ اللَّهُ لَبَنًا فَلْيَقُلْ:,އަދި ﷲ އެމީހަކަށް ކިރު ދެއްވައިފި މީހާ ފަހެ ކިޔާހުށިކަމެވެ:
اللَّهُمَّ بَارِكْ لَنَا فِيهِ وَزِدْنَا مِنْهُ»[224].,"«اللَّهُمَّ بَارِكْ لَنَا فِيهِ وَزِدْنَا مِنْهُ»
 މާނައީ: ""އޭ ﷲ އެވެ! އަޅަމެންނަށް އޭގައި ބަރަކާތްލައްވާނދޭވެ! އަދި އަޅަމެންނަށް އެއިން އިތުރުކޮށްދެއްވާނދޭވެ!"" [224]."
[224] الترمذي (5/506) برقم (3455)، وانظر: صحيح الترمذي (3/158).,[224] ރިވާކުރެއްވީ އައް-ތިރްމިޛީ 5/506 ގެ ނަމްބަރު 3455 ގައެވެ. އަދި ޞަޙީޙުއް-ތިރްމިޛީގެ 3/158 ބައްލަވާށެވެ.
اللَّهُمَّ بَارِكْ لَنَا فِيهِ وَزِدْنَا مِنْه,އައްލޯހުންމަ ބާރިކް ލަނާ ފީހި ވަޒިދްނާ މިންހް
70. الدُّعَاءُ عِنْدَ الفَرَاغِ مِنَ الطَّعَامِ,70. ކައި ނިމުމުން ކިޔާ ދުޢާ
«الحَمْدُ لِلَّهِ الَّذِي أَطْعَمَنِي هَذَا، وَرَزَقَنِيهِ، مِنْ غَيْرِ حَوْلٍ مِنِّي وَلَا قُوَّةٍ»[225].,"«الحَمْدُ لِلَّهِ الَّذِي أَطْعَمَنِي هَذَا، وَرَزَقَنِيهِ، مِنْ غَيْرِ حَوْلٍ مِنِّي وَلَا قُوَّةٍ»
 މާނައީ: ""މި އަޅާއަށް މިތަކެތި ކާންދެއްވާ، އަދި މި އަޅާގެ އެއްވެސް އާރެއް އަދި ބާރެއް ނެތި އެތަކެތި ރިޒްޤުކުރެއްވި ﷲ އަށް ޙަމްދުހުއްޓެވެ."" [225]."
[225] أخرجه أصحاب السنن إلا النسائي: أبو داود برقم (4025)، والترمذي برقم (3458)، وابن ماجه برقم (3285)، وانظر صحيح الترمذي (3/159).,[225] ރިވާކުރެއްވީ އައް-ނަސާއީ ފިޔަވައި ދެން ތިބި ސުނަނުގެ އަހްލުވެރިންނެވެ: އަބޫ ދާވޫދު ނަމްބަރު 4025 ގައި، އަދި އައް-ތިރްމިޛީ، ނަމްބަރު 3458 ގައި، އަދި އިބްނު މާޖާ، ނަމްބަރު 3285 ގައެވެ. އަދި ޞަޙީޙުއް-ތިރްމިޛީގެ 3/159 ބައްލަވާށެވެ.
الحَمْدُ لِلَّهِ الَّذِي أَطْعَمَنِي هَذَا، وَرَزَقَنِيهِ، مِنْ غَيْرِ حَوْلٍ مِنِّي وَلَا قُوَّة,އަލްޙަމްދު ލިއްލާހިއް ލަޛީ އަޠުޢަމަނީ ހާޛާ، ވަ ރަޒަޤަނީހި، މިން ޣައިރި ޙައުލިން މިންނީ ވަލާ ޤުއްވަހް
«الْحَمْدُ لِلَّهِ حَمْدًا كَثِيرًا طَيِّبًا مُبَارَكًا فِيهِ، غَيْرَ [مَكْفِيٍّ وَلَا] مُوَدَّعٍ، وَلَا مُسْتَغْنَىً عَنْهُ رَبَّنَا»[226].,"«الْحَمْدُ لِلَّهِ حَمْدًا كَثِيرًا طَيِّبًا مُبَارَكًا فِيهِ، غَيْرَ [مَكْفِيٍّ وَلَا] مُوَدَّعٍ، وَلَا مُسْتَغْنَىً عَنْهُ رَبَّنَا»
 މާނައީ: ""ގިނަގުނަވެގެންވާ، ހެޔޮވެގެންވާ، އޭގައި ބަރަކާތް ހުރި، އަދި އެއިން ފުދުމެއް ނުވާ، އަދި ދޫކޮށްވެސް ނުލެވޭނެ އަދި އެއާ ނުލައި ފުދިނުގަނެވޭނެ ޙަމްދަކުން އިބަ އިލާހަށް ޙަމްދު ހުއްޓެވެ."" [226]."
[226] البخاري (6/214) برقم (5458)، والترمذي بلفظه (5/507) برقم (3456).,[226] ރިވާކުރެއްވީ އަލް-ބުޚާރީ 6/214 ގެ ނަމްބަރު 5458 ގައި، އަދި އައް-ތިރްމިޛީގެ ލަފްޒުން 5/507 ގެ ނަމްބަރު 3456 ގައެވެ.
الْحَمْدُ لِلَّهِ حَمْدًا كَثِيرًا طَيِّبًا مُبَارَكًا فِيهِ، غَيْرَ [مَكْفِيٍّ وَلَا] مُوَدَّعٍ، وَلَا مُسْتَغْنَىً عَنْهُ رَبَّنَا,އަލްޙަމްދު ލިއްލާހި ޙަމްދަން ކަޘީރަން ޠައްޔިބަން މުބާރަކަން ފީހި، ޣައިރަ މަކްފިއްޔިން ވަލާ މުވައްދަޢިން، ވަލާ މުސްތަޣްނަން ޢަންހު ރައްބަނާ
71. دُعَاءُ الضَّيْفِ لِصَاحِبِ الطَّعَامِ,71. މެހުމާނު އޭނާއަށް ކާންދޭ މީހާއަށް ކޮށްދޭނެ ދުޢާ
«اللَّهُمَّ بَارِكْ لَهُمْ فِيمَا رَزَقْتَهُم، وَاغْفِرْ لَهُمْ وَارْحَمْهُمْ»[227].,"«اللَّهُمَّ بَارِكْ لَهُمْ فِيمَا رَزَقْتَهُم، وَاغْفِرْ لَهُمْ وَارْحَمْهُمْ»
 މާނައީ: “އޭ ﷲ އެވެ! އިބައިލާހު އެމީހުންނަށް ދެއްވި އެއްޗެއްގައި އެމީހުންނަށް ބަރަކާތް ލައްވާށިއެވެ! އަދި އެއުރެންނަށް ފާފަފުއްސަވައި ރަޙްމަތްލައްވާށިއެވެ.” [227]."
[227] مسلم (3/1615) برقم (2042).,[227] ރިވާކުރެއްވީ މުސްލިމް 3/1615 ގެ ނަމްބަރު 2042 ގައެވެ.
اللَّهُمَّ بَارِكْ لَهُمْ فِيمَا رَزَقْتَهُم، وَاغْفِرْ لَهُمْ وَارْحَمْهُم,އައްލޯހުންމަ ބާރިކް ލަހުމް ފީމާ ރަޒަޤްތަހުމް، ވަޣްފިރް ލަހުމް ވަރްޙަމްހުމް
72. التَّعْرِيضُ بِالدُّعَاءُ لِطَلَبِ الطَّعَامِ أَوِ الشَّرَابِ,ަަ72. ކާއެއްޗެއް ނުވަތަ ބޯ އެއްޗެއް ދިނުމަށް އެދުމަށް ވަށްބަހުން ކުރެވޭނެ ދުޢާ
«اللَّهُمَّ أَطْعِمْ مَنْ أَطْعَمَنِي، وَاسْقِ مَنْ سَقَانِي»[228].,"«اللَّهُمَّ أَطْعِمْ مَنْ أَطْعَمَنِي، وَاسْقِ مَنْ سَقَانِي»
 މާނައީ: ""އޭ ﷲ އެވެ! މި އަޅާއަށް ކާންދިން މީހަކަށް ކާންދެއްވާށިއެވެ. އަދި މި އަޅާއަށް ބޯންދިން މީހަކަށް ބޯންދެއްވާށިއެވެ."" [228]."
[228] مسلم (3/1626) برقم (2055).,[228] ރިވާކުރެއްވީ މުސްލިމް 3/1626 ގެ ނަމްބަރު 2055 ގައެވެ.
اللَّهُمَّ أَطْعِمْ مَنْ أَطْعَمَنِي، وَاسْقِ مَنْ سَقَانِي,އައްލޯހުންމަ އަޠްޢިމް މަން އަޠްޢަމަނީ، ވަސްޤި މަން ސަޤާނީ
73. الدُّعَاءُ إِذَا أَفْطَرَ عِنْدَ أَهْلِ بَيْتٍ,73. ގެޔެއްގެ ބަޔަކު ގާތުގައި ރޯދަ ވީއްލާހިނދު ކިޔާ ދުޢާ
«أَفْطَرَ عِنْدَكُمُ الصَّائِمُونَ، وَأَكَلَ طَعَامَكُمُ الأَبْرَارُ، وَصَلَّتْ عَلَيْكُمُ المَلَائِكَةُ»[229].,"«أَفْطَرَ عِنْدَكُمُ الصَّائِمُونَ، وَأَكَلَ طَعَامَكُمُ الأَبْرَارُ، وَصَلَّتْ عَلَيْكُمُ المَلَائِكَةُ»
 މާނައީ: ""ރޯދަވެރިން ތިޔަބައިމީހުންގެ ގާތުގައި ރޯދަވީއްލާށިއެވެ. އަދި ހެޔޮ ރަނގަޅު މީހުން ތިޔަބައިމީހުންގެ ކާތަކެތި ކާށިއެވެ. އަދި މަލާއިކަތުން ތިޔަބައިމީހުންގެ މައްޗަށް ޞަލަވާތް ލައްވާށިއެވެ."" [229]."
[229] سنن أبي داود (3/367) برقم (3856)، وابن ماجه (1/556) برقم (1747)، والنسائي في عمل اليوم والليلة، برقم (296-298)، ونصّ على أنه ﷺ يقوله إذا أفطر عند أهل بيت، وصححه الألباني في صحيح أبي داود (2/730).,[229] ރިވާކުރެއްވީ އަބޫ ދާވޫދު 3/367 ގެ ނަމްބަރު 3856 ގައި، އަދި އިބްނު މާޖާ 1/556 ގެ ނަމްބަރު 1747 ގައި، އަދި އައް-ނަސާއީ ޢަމަލުލް-ޔައުމި ވައް-ލައިލާގެ ނަމްބަރު 296 - 298 ގައެވެ. އަދި ގެޔެއްގެ މީހުންގެ ކައިރީގައި އެކަލޭގެފާނު ﷺ ރޯދަވީއްލަވާހިނދު އެހެން ކިޔުއްވާ ކަމަށް ނައްޞުކޮށް ވިދާޅުވިއެވެ. އަދި އަލް-އަލްބާނީވަނީ ޞަޙީޙު އަބީ ދާވޫދުގެ 2/730 ގައި މި ރިވާޔަތް ޞައްޙަކުރައްވާފައެވެ.
أَفْطَرَ عِنْدَكُمُ الصَّائِمُونَ، وَأَكَلَ طَعَامَكُمُ الأَبْرَارُ، وَصَلَّتْ عَلَيْكُمُ المَلَائِكَة,އަފްޠަރަ ޢިންދަކުމުއް ޞާއިމޫން، ވައަކަލަ ޠަޢާމުކުމުލް އަބްރާރު، ވަޞައްލަތު ޢަލައިކުމުލް މަލާއިކަހް
74. دُعَاءُ الصَّائِمِ إِذَا حَضَرَ الطَّعَامُ وَلَمْ يُفْطِرْ,74. ރޯދަވެރިޔާގެ ގާތަށް ކާބޯތަކެތި ގެނެސްދެވި އެކަމަކު އޭނާ ރޯދަ ދޫކޮށްނުލިނަމަ ދުޢާ ކޮށްދިނުން
«إِذَا دُعِيَ أَحَدُكُمْ فَلْيُجِبْ، فَإِنْ كَانَ صَائِمًا فَلْيُصَلِّ، وَإِنْ كَانَ مُفْطِرًا فَلْيَطْعَمْ»[230]،,"""ތިޔަބައިމީހުންކުރެ މީހަކަށް (ކެއުމަކަށް) ދަޢުވަތުދެވޭހިނދު އިޖާބަދޭހުށިކަމެވެ. އޭނާ ރޯދައަށްހުރިނަމަ ޞަލަވާތް ކިޔަވާހުއްޓެވެ. (ހެޔޮ ދުޢާ ކޮށްދޭށެވެ.) އޭނާ ރޯދަވެރިޔަކު ކަމުގައި ނުވާނަމަ ފަހެ ކާހުށިކަމެވެ."" [230]."
وَمَعْنَى فَلْيُصَلِّ أَيْ: فَلْيَدْعُ.,ޞަލަވާތް ކިޔަވާހުށިކަމޭ ބުނުމުގެ މާނައަކީ: ދުޢާކޮށްދޭހުށިކަމެވެ.
[230] مسلم (2/1054) برقم (1150).,[230] ރިވާކުރެއްވީ މުސްލިމް 2/1054 ގެ ނަމްބަރު 1150 ގައެވެ.
75. مَا يَقُولُ الصَّائِمُ إِذَا سَابَّهُ أَحَدٌ,ަަ75. ރޯދަވެރިޔާއާ ދިމާލަށް މީހަކު ބަދުބަސްބުނެ އެއްޗެހިކިޔައިފިނަމަ ބުނަންވީ ބަސް
«إِنِّي صَائِمٌ، إِنِّي صَائِمٌ»[231].,"«إِنِّي صَائِمٌ، إِنِّي صَائِمٌ»
 ""އަހަރެން މިހުރީ ރޯދައަށެވެ. އަހަރެން މިހުރީ ރޯދައަށެވެ."" [231]."
[231] البخاري مع الفتح (4/103) برقم (1894)، ومسلم (2/806) برقم (1151).,[231] ރިވާކުރެއްވީ އަލް-ބުޚާރީ، ފަތުޙުލް-ބާރީއާއެކުވާ ފޮތުގެ 4/103 ގެ ނަމްބަރު 1894 ގައި، އަދި މުސްލިމް 2/806 ގެ ނަމްބަރު 1151 ގައެވެ.
76. الدُّعَاءُ عِنْدَ رُؤْيَةِ بَاكُورَةِ الثَّمَرِ,76. އެންމެ ފުރަތަމަ މޭވާ ނިކުންނަތަން ފެންނަހިނދު ކިޔާ ދުޢާ
«اللَّهُمَّ بَارِكْ لَنَا فِي ثَمَرِنَا، وَبَارِكْ لَنَا فِي مَدِينَتِنَا، وَبَارِكْ لَنَا فِي صَاعِنَا، وَبَارِكْ لَنَا فِي مُدِّنَا»[232].,"«اللَّهُمَّ بَارِكْ لَنَا فِي ثَمَرِنَا، وَبَارِكْ لَنَا فِي مَدِينَتِنَا، وَبَارِكْ لَنَا فِي صَاعِنَا، وَبَارِكْ لَنَا فِي مُدِّنَا»
 މާނައީ: ""އޭ ﷲ އެވެ! އަޅަމެންނަށް އަޅަމެންގެ މޭވާގައި ބަރަކާތްލައްވާނދޭވެ! އަދި އަޅަމެންނަށް އަޅަމެންގެ ރަށުގައި ބަރަކާތްލައްވާނދޭވެ! އަދި އަޅަމެންނަށް، އަޅަމެން މިނަން ގެންގުޅޭ ޞާޢު ނާޅީގައި ބަރަކާތްލައްވާނދޭވެ! އަދި އަޅަމެންނަށް އަޅަމެން މިނަން ގެންގުޅޭ މުއްދުގައި ބަރަކާތްލައްވާނދޭވެ!"" [232]."
[232] مسلم (2/1000) برقم (1373).,[232] ރިވާކުރެއްވީ މުސްލިމް 2/1000 ގެ ނަމްބަރު 1373 ގައެވެ.
اللَّهُمَّ بَارِكْ لَنَا فِي ثَمَرِنَا، وَبَارِكْ لَنَا فِي مَدِينَتِنَا، وَبَارِكْ لَنَا فِي صَاعِنَا، وَبَارِكْ لَنَا فِي مُدِّنَا,އައްލޯހުންމަ ބާރިކް ލަނާ ފީ ޘަމަރިނާ، ވަބާރިކް ލަނާ ފީ މަދީނަތިނާ، ވަބާރިކް ލަނާ ފީ ޞާޢިނާ، ވަބާރިކް ލަނާ ފީ މުއްދިނާ
77. دُعَاءُ العُطَاسِ,77. ކިނބިހި އެޅުމުން ކިޔާ ދުޢާ
«إِذَا عَطَسَ أَحَدُكُم فَلْيَقُلِ:,"""ތިޔަބައިމީހުންކުރެ މީހަކަށް ކިނބިއްސެއް އެޅިއްޖެނަމަ، ފަހެ މިހެން ކިޔާށެވެ:"
الحَمْدُ لِلَّهِ،,"الحَمْدُ لِلَّهِ
 މާނައީ: ""ﷲ އަށް ޙަމްދު ހުއްޓެވެ."""
الحَمْدُ لِلَّه,އަލްޙަމްދު ލިއްލާހް
وَلْيَقُلْ لَهُ أَخُوهُ أَوْ صَاحِبُهُ:,އޭނާގެ އަޚާ ނުވަތަ ރަޙްމަތްތެރިޔާ އޭނާއަށް މިހެން ބުނާހުށިކަމެވެ:
يَرْحَمُكَ اللَّهُ،,"يَرْحَمُكَ اللَّهُ
 ""ﷲ ތިބާއަށް ރަޙްމަތްލައްވާށިއެވެ."""
يَرْحَمُكَ اللَّه,ޔަރްޙަމުކައްލޯހް
فَإِذَا قَالَ لَهُ: يَرحَمُكَ اللَّهُ، فَلْيَقُلْ:,ދެންފަހެ އޭނާއަށް «يرحمك الله» (ﷲ ތިބާއަށް ރަޙްމަތްލައްވާށިއެވެ.) ބުނެފިނަމަ؛ މީނާ ބުނާހުށިކަމެވެ:
يَهْدِيكُمُ اللَّهُ وَيُصْلِحُ بَالَكُم»[233].,"«يَهْدِيكُمُ اللَّهُ وَيُصْلِحُ بَالَكُم»
 މާނައީ: ""ﷲ ތިޔަބައިމީހުންނަށް ހިދާޔަތުދެއްވާ، ކަންކަން އިޞްލާޙުކޮށްދެއްވާށިއެވެ."" [233]."
[233] البخاري (7/125) برقم (5870).,[233] ރިވާކުރެއްވީ އަލް-ބުޚާރީ 7/125 ގެ ނަމްބަރު 5870 ގައެވެ.
يَهْدِيكُمُ اللَّهُ وَيُصْلِحُ بَالَكُم,ޔަހްދީކުމުއްލޯހު ވަޔުޞްލިޙު ބާލަކުމް
78. مَا يُقَالُ لِلْكَافِرِ إِذَا عَطَسَ فَحَمِدَ اللهَ,78. ކާފަރަކު ކިނބިއްސެއް އަޅާފައި ﷲ އަށް ޙަމްދުކޮށްފިނަމަ ބުނާނޭ ބަސް
«يَهْدِيكُمُ اللَّهُ وَيُصْلِحُ بَالَكُمْ»[234].,"«يَهْدِيكُمُ اللَّهُ وَيُصْلِحُ بَالَكُمْ»
 މާނައީ: ""ﷲ ތިޔަބައިމީހުންނަށް ހިދާޔަތުދެއްވާ، ކަންކަން އިޞްލާޙުކޮށްދެއްވާށިއެވެ."" [234]."
[234] الترمذي (5/82) برقم (2741)، وأحمد (4/400) برقم (19586)، وأبو داود (4/308) برقم (5040)، وانظر: صحيح الترمذي (2/354).,[234] ރިވާކުރެއްވީ އައް-ތިރްމިޛީ 5/82 ގެ ނަމްބަރު 2741 ގައި، އަދި އަޙްމަދު 4/400 ގެ ނަމްބަރު 19586 ގައި، އަދި އަބޫ ދާވޫދު 4/308 ގެ ނަމްބަރު 5040 ގައެވެ. އަދި ޞަޙީޙުއް-ތިރްމިޛީގެ 2/354 ބައްލަވާށެވެ.
يَهْدِيكُمُ اللَّهُ وَيُصْلِحُ بَالَكُم,ޔަހްދީކުމުއްލޯހު ވަޔުޞްލިޙު ބާލަކުމް
79. الدُّعَاءُ لِلْمُتَزَوِّجِ,79. ކައިވެނިކުރި މީހާއަށް ކޮށްދޭނެ ދުޢާ
«بَارَكَ اللَّهُ لَكَ، وَبَارَكَ عَلَيْكَ، وَجَمَعَ بَيْنَكُمَا فِي خَيْرٍ»[235].,"«بَارَكَ اللَّهُ لَكَ، وَبَارَكَ عَلَيْكَ، وَجَمَعَ بَيْنَكُمَا فِي خَيْرٍ»
 މާނައީ: ""ﷲ ތިބާއަށް ބަރަކާތް ލައްވާ، އަދި ތިބާގެ މައްޗަށް ބަރަކާތް ލައްވާ، އަދި ހެޔޮކަމެއްގައި ތިޔަ ދެމީހުން ޖަމަޢަކުރައްވާށިއެވެ."" [235]."
[235] أخرجه أصحاب السنن إلا النسائي: أبو داود برقم (2130)، والترمذي برقم (1091)، وابن ماجه برقم (1905)، والنسائي في عمل اليوم والليلة برقم (259)، وانظر: صحيح الترمذي (1/316).,[235] ރިވާކުރެއްވީ އައް-ނަސާއީ ފިޔަވައި ދެން ތިބި ސުނަނުގެ އަހުލުވެރިންނެވެ: އަބޫ ދާވޫދު، ނަމްބަރު 2130 ގައި، އަދި އައް-ތިރްމިޛީ، ނަމްބަރު 1091 ގައި، އަދި އިބްނު މާޖާ، ނަމްބަރު 1905 ގައި، އަދި އައް-ނަސާއީ ޢަމަލުލް-ޔައުމި ވައް-ލައިލާގެ ނަމްބަރު 259 ގައެވެ. އަދި ޞަޙީޙުއް-ތިރްމިޛީގެ 1/316 ބައްލަވާށެވެ.
بَارَكَ اللَّهُ لَكَ، وَبَارَكَ عَلَيْكَ، وَجَمَعَ بَيْنَكُمَا فِي خَيْر,ބާރަކައްލޯހު ލަކަ، ވަބާރަކަ ޢަލައިކަ، ވަޖަމަޢަ ބައިނަކުމާ ފީ ޚައިރް
80. دُعَاءُ المُتَزَوِّجِ وَشِرَاءِ الدَّابَّةِ,80. ކައިވެނިކުރާ މީހާ އާއި، ސަވާރީއެއް ގަންނަ މީހާ ކުރާނެ ދުޢާ
إِذَا تَزَوَّجَ أَحَدُكُمُ امْرَأَةً، أَوْ إِذَا اشْتَرَى خَادِمًا فَلْيَقُلْ:,"""ތިޔަބައިމީހުންކުރެ މީހަކު އަންހެނަކާ ކައިވެނިކޮށްފިނަމަ، ނުވަތަ ޚާދިމަކު ގަނެފިނަމަ ފަހެ ކިޔާހުށިކަމެވެ:"
«اللَّهُمَّ إِنِّي أَسْأَلُكَ خَيْرَهَا، وَخَيْرَ مَا جَبَلْتَهَا عَلَيْهِ، وَأَعُوذُ بِكَ مِنْ شَرِّهَا، وَشَرِّ مَا جَبَلْتَهَا عَلَيْهِ،,"«اللَّهُمَّ إِنِّي أَسْأَلُكَ خَيْرَهَا، وَخَيْرَ مَا جَبَلْتَهَا عَلَيْهِ، وَأَعُوذُ بِكَ مِنْ شَرِّهَا، وَشَرِّ مَا جَبَلْتَهَا عَلَيْهِ،
 މާނައީ: ""އޭ ﷲ އެވެ! ހަމަކަށަވަރުން އެކަނބުލޭގެ ކިބައިގައިވާ ހެވަކާއި އަދި އެކަނބުލޭގެ ފިޠުރަތުގައި އިބައިލާހު ލެއްވި ހެޔޮކަމެއް ދެއްވުމަށް އިބައިލާހުގެ ޙަޟްރަތަށް ދަންނަވަމެވެ. އަދި އެކަނބުލޭގެ ކިބައިގައިވާ ނުބަޔަކާއި އެކަނބުލޭގެ ފިޠުރަތުގައި އިބައިލާހު ލެއްވި ނުބައިކަމަކުން ރައްކާތެރިކޮށްދެއްވުމަށް އެދި މި އަޅާ އިބައިލާހުގެ ޙަޟްރަތުން ދަންނަވަމެވެ."""
اللَّهُمَّ إِنِّي أَسْأَلُكَ خَيْرَهَا، وَخَيْرَ مَا جَبَلْتَهَا عَلَيْهِ، وَأَعُوذُ بِكَ مِنْ شَرِّهَا، وَشَرِّ مَا جَبَلْتَهَا عَلَيْه,އައްލޯހުންމަ އިންނީ އަސްއަލުކަ ޚައިރަހާ، ވަޚައިރަ މާ ޖަބަލްތަހާ ޢަލައިހި، ވައަޢޫޛު ބިކަ މިން ޝައްރިހާ، ވަޝައްރި މާ ޖަބަލްތަހާ ޢަލައިހް
وَإِذَا اشْتَرَى بَعِيرًا فَلْيَأْخُذْ بِذِرْوَةِ سَنَامِهِ وَلْيَقُلْ مِثْلَ ذَلِكَ»[236].,"އޭނާ ޖަމަލެއް ގަތްނަމަވެސް، އޭގެ ގޮންގަނޑު ކޮޅުގައި ހިފަހައްޓާފައި އެފަދައިން ކިޔާހުށިކަމެވެ."" [236]."
[236] أبو داود (2/248) برقم (2160)، وابن ماجه (1/617) برقم (1918)، وانظر: صحيح ابن ماجه (1/324).,[236] ރިވާކުރެއްވީ އަބޫ ދާވޫދު 2/248 ގެ ނަމްބަރު 2160 ގައި، އަދި އިބްނު މާޖާ 1/617 ގެ ނަމްބަރު 1918 ގައެވެ. އަދި ޞަޙީޙު އިބްނު މާޖާގެ 1/324 ބައްލަވާށެވެ.
81. الدُّعَاءُ قَبْلَ إِتْيَانِ الزَّوْجَةِ,81. އަނބިމީހާއާ އެއްދާންކުރުމުގެ ކުރިން ކިޔާ ދުޢާ
«بِسْمِ اللَّهِ، اللَّهُمَّ جَنِّبْنَا الشَّيْطَانَ، وَجَنِّبِ الشَّيْطَانَ مَا رَزَقْتَنَا»[237].,"«بِسْمِ اللَّهِ، اللَّهُمَّ جَنِّبْنَا الشَّيْطَانَ، وَجَنِّبِ الشَّيْطَانَ مَا رَزَقْتَنَا»
 މާނައީ: ""ﷲ ގެ އިސްމުޅުން ފަށަމެވެ. އޭ ﷲ އެވެ! ޝައިޠާނާ އަޅަމެންގެ ކިބައިން ދުރުކުރައްވާށިއެވެ. އަދި އިބައިލާހުގެ އަޅަމެންނަށް ދެއްވި ރިޒްޤުން (އެބަހީ ދަރިންގެ ކިބައިން) ވެސް ޝައިޠާނާ ދުރުކުރައްވާ އެއްކިބާކުރައްވާށިއެވެ."" [237]."
[237] البخاري (6/141) برقم (141)، ومسلم (2/1028) برقم (1434).,[237] ރިވާކުރެއްވީ އަލް-ބުޚާރީ 6/141 ގެ ނަމްބަރު 141 ގައި، އަދި މުސްލިމް 2/1028 ގެ ނަމްބަރު 1434 ގައެވެ.
بِسْمِ اللَّهِ، اللَّهُمَّ جَنِّبْنَا الشَّيْطَانَ، وَجَنِّبِ الشَّيْطَانَ مَا رَزَقْتَنَا,ބިސްމިއްލާހި، އައްލޯހުންމަ ޖަންނިބްނައް ޝައިޠާނަ، ވަޖަންނިބިއް ޝައިޠާނަ މާ ރަޒަޤްތަނާ
82. دُعَاءُ الغَضَبِ,82. ރުޅިއަންނަހިނދު ކިޔާ ދުޢާ
«أَعُوذُ بِاللَّهِ مِنَ الشَّيْطَانِ الرَّجِيمِ»[238].,"«أَعُوذُ بِاللَّهِ مِنَ الشَّيْطَانِ الرَّجِيمِ»
 މާނައީ: ""ﷲ ގެ ރަޙްމަތުން ދުރުކުރެވި ފައްސާލެވިގެންވާ ޝައިޠާނާގެ ކިބައިން ރައްކާތެރިކޮށްދެއްވުމަށް ﷲ ގެ ޙަޟްރަތުން އެދެމެވެ."" [238]."
[238] البخاري (7/99) برقم (3282)، ومسلم (4/2015) برقم (2610).,[238] ރިވާކުރެއްވީ އަލް-ބުޚާރީ 7/99 ގެ ނަމްބަރު 3282 ގައި، އަދި މުސްލިމް 4/2015 ގެ ނަމްބަރު 2610 ގައެވެ.
أَعُوذُ بِاللَّهِ مِنَ الشَّيْطَانِ الرَّجِيم,އަޢޫޛު ބިއްލާހި މިނައް ޝައިޠާނިއް ރަޖީމް
83. دُعَاءُ مَنْ رَأَى مُبْتَلَىً,83. އިމްތިޙާނުކުރެވި ބަލާއެއް ޖެހިފައިވާ މީހަކު ފެންނަ މީހާ ކުރާނޭ ދުޢާ
«الحَمْدُ لِلَّهِ الَّذِي عَافَانِي مِمَّا ابْتَلَاكَ بِهِ، وَفَضَّلَنِي عَلَى كَثِيرٍ مِمَّنْ خَلَقَ تَفْضِيلًا»[239].,"«الحَمْدُ لِلَّهِ الَّذِي عَافَانِي مِمَّا ابْتَلَاكَ بِهِ، وَفَضَّلَنِي عَلَى كَثِيرٍ مِمَّنْ خَلَقَ تَفْضِيلًا»
 މާނައީ: ""ތިބާ އިމްތިޙާނުކުރެއްވި ކަންތަކުން މި އަޅާއަށް ޢާފިޔަތުދެއްވާ، އަދި އެ އިލާހު އުފެއްދެވި އެތައް ބަޔަކުގެ މައްޗަށް މާތްކުރެއްވުމަކުން މި އަޅާ މާތްކުރެއްވި ﷲ އަށް ޙަމްދު ހުއްޓެވެ."" [239]."
[239] الترمذي (5/494) و(5/493) برقم (3432)، وانظر: صحيح الترمذي (3/153).,[239] ރިވާކުރެއްވީ އައް-ތިރްމިޛީ 5/494 އަދި 5/493 ގެ ނަމްބަރު 3432 ގައެވެ. އަދި ޞަޙީޙުއް-ތިރްމިޛީގެ 3/153 ބައްލަވާށެވެ.
الحَمْدُ لِلَّهِ الَّذِي عَافَانِي مِمَّا ابْتَلَاكَ بِهِ، وَفَضَّلَنِي عَلَى كَثِيرٍ مِمَّنْ خَلَقَ تَفْضِيلًا,އަލްޙަމްދު ލިއްލާހިއްލަޛީ ޢާފާނީ މިންމަބްތަލާކަ ބިހީ، ވަފައްޟަލަނީ ޢަލާ ކަޘީރިން މިންމަން ޚަލަޤަ ތަފްޟީލާ
84. مَا يُقَالُ فِي المَجْلِسِ,84. މަޖްލީސްގައި އިނދެގެން ކިޔާނެ ދުޢާ
عَنِ ابْنِ عُمَرَ رضي الله عنه قَاَلَ: كَانَ يُعَدُّ لِرَسُولِ اللَّهِ ﷺ فِي المَجْلِسِ الوَاحِدِ مِائَةُ مَرَّةٍ مِنْ قَبْلِ أَنْ يَقُومَ:,"އިބްނު ޢުމަރު رضي الله عنه ގެ އަރިހުން ރިވާވެގެންވެއެވެ. ވިދާޅުވިއެވެ: ""އެންމެ މަޖްލީހެއްގައިވެސް ﷲ ގެ ރަސޫލާ ﷺ ތެދުވެވަޑައިގަތުމުގެ ކުރިން ސަތޭކަ ފަހަރު މިހެން ކިޔުއްވާކަން ޢަދަދުކުރެވެއެވެ:"
«رَبِّ اغْفِرْ لِي، وَتُبْ عَلَيَّ، إِنَّكَ أَنْتَ التَّوَّابُ الغَفُورُ»[240].,"ާ«رَبِّ اغْفِرْ لِي، وَتُبْ عَلَيَّ، إِنَّكَ أَنْتَ التَّوَّابُ الغَفُورُ»
 މާނައީ: ""އަޅުގެ ވެރި ރައްބެވެ! މި އަޅާއަށް ފާފަ ފުއްސަވާ، މި އަޅާއަށް ތައުބާ ލައްވާށިއެވެ! ހަމަކަށަވަރުން އިބައިލާހީ ގިނަގިނައިން ތައުބާލައްވާ ފާފަ ފުއްސަވާ އިލާހެވެ."" [240]."
[240] الترمذي برقم (3434)، وابن ماجه برقم (3814)، وانظر: صحيح الترمذي (3/153)، وصحيح ابن ماجه (2/321)، ولفظه للترمذي.,[240] ރިވާކުރެއްވީ އައް-ތިރްމިޛީ ނަމްބަރު 3434 ގައި، އަދި އިބްނު މާޖާ ނަމްބަރު 3814 ގައެވެ. އަދި ޞަޙީޙު އައް-ތިރްމީޛީގެ 3/153 އާއި، ޞަޙީޙު އިބްނު މާޖާގެ 2/321 ބައްލަވާށެވެ. އަދި މިއީ އައް-ތިރްމިޛީގެ ލަފްޒެވެ.
رَبِّ اغْفِرْ لِي، وَتُبْ عَلَيَّ، إِنَّكَ أَنْتَ التَّوَّابُ الغَفُور,ރައްބިޣްފިރް ލީ، ވަތުބް ޢަލައްޔަ، އިންނަކަ އަންތައް ތައްވާބުލް ޣަފޫރު
85. كَفَّارَةُ المَجْلِسِ,85. މަޖްލިސްގެ ކައްފާރާ (މަޖްލީހެއްގައި ކުރެވުނު ފާފަތައް ފުއްސެވުމަށް ނިންމާލަމުން ކިޔާ ދުޢާ)
«سُبْحَانَكَ اللَّهُمَّ وَبِحَمْدِكَ، أَشْهَدُ أَنْ لَا إِلَهَ إِلَّا أَنْتَ، أَسْتَغْفِرُكَ وَأَتُوبُ إِلَيْكَ»[241].,"«سُبْحَانَكَ اللَّهُمَّ وَبِحَمْدِكَ، أَشْهَدُ أَنْ لَا إِلَهَ إِلَّا أَنْتَ، أَسْتَغْفِرُكَ وَأَتُوبُ إِلَيْكَ»
 މާނައީ: ""އިބައިލާހު ހުސްޠާހިރުވަންތައެވެ. އޭ ﷲ އެވެ. އިބައިލާހަށް ޙަމްދުކުރުމާ އެކުގައެވެ. އިބައިލާހު ފިޔަވައި ޙައްޤުވެގެން އަޅުކަންވެވޭ އިލާހަކު ނުވާކަމަށް އަޅު ހެކިވަމެވެ. އިބައިލާހުގެ ޙަޟްރަތުން އަޅު ފާފަފުއްސެވުމަށް އެދެމެވެ. އަދި އިބައިލާހަށް ތައުބާވަމެވެ."" [241]."
[241] أصحاب السنن: أبو داود برقم (4858)، والترمذي برقم (3433)، والنسائي برقم (1344)، وانظر صحيح الترمذي (3/153)، وقد ثبت أن عائشة رضي الله عنها قالت: «مَا جَلَسَ رَسُولُ اللَّهِ ﷺ مَجْلِسًا، وَلَا تَلا قُرْآنًا، وَلَا صَلَّى صَلَاةً إِلَّا خَتَمَ ذَٰلِكَ بِكَلِمَاتٍ...» الحديث، أخرجه النسائي في عمل اليوم والليلة برقم (308)، وأحمد (6/77) برقم (24486)، وصححه الدكتور فاروق حمادة في تحقيقه لعمل اليوم والليلة للنسائي (ص273).,"[241] ރިވާކުރެއްވީ ސުނަނުގެ ފޮތްތަކުގެ އަހުލުވެރިންނެވެ: އަބޫ ދާވޫދު ނަމްބަރު 4858 ގައި، އަދި އައް-ތިރްމިޛީ ނަމްބަރު 3433 ގައި، އަދި އައް-ނަސާއީ ނަމްބަރު 1344 ގައެވެ. އަދި ޞަޙީޙުއް-ތިރްމިޛީގެ 3/153 ބައްލަވާށެވެ. އަދި ޢާއިޝާ رضي الله عنها ވިދާޅުވިކަމަށް ޘާބިތުވެފައިވެއެވެ: ""ﷲ ގެ ރަސޫލާ ﷺ އެއްވެސް މަޖްލީހެއްގައި އިށީންދެވަޑައިގަންނަވައިފިނަމަ، އަދި ޤުރްއާން ކިޔަވާވިދާޅުވިނަމަ، އަދި ނަމާދެއް ކުރައްވައިފިނަމަ، ނިންމަވާލަމުން މި ބަސްފުޅުތައް ވިދާޅުނުވެ ނުދެއެވެ..."" މި ޙަދީޘެވެ. މި ޙަދީޘް ނެރުއްވީ އައް-ނަސާއީ ޢަމަލުލް-ޔައުމި ވައް-ލައިލާގެ ނަމްބަރު 308 ގައި، އަދި އަޙްމަދު 6/77 ގެ ނަމްބަރު 24486 ގައެވެ. އަދި އައް-ނަސާއީގެ ޢަމަލުލް-ޔައުމި ވައް-ލައިލާ ފޮތުގެ ތަޙްޤީޤުގެ ޞ 273 ގައި ޑޮކްޓަރ ފާރޫޤު ޙަމާދާވަނީ އެ ޙަދީޘް ޞައްޙަކޮށްފައެވެ."
سُبْحَانَكَ اللَّهُمَّ وَبِحَمْدِكَ، أَشْهَدُ أَنْ لَا إِلَهَ إِلَّا أَنْتَ، أَسْتَغْفِرُكَ وَأَتُوبُ إِلَيْك,ސުބްޙާނަކައްލޯހުންމަ ވަބިޙަމްދިކަ، އަޝްހަދު އައްލާ އިލާހަ އިއްލާ އަންތަ، އަސްތަޣްފިރުކަ ވައަތޫބު އިލައިކް
86. الدُّعَاءُ لِمَنْ قَالَ غَفَرَ اللهُ لَكَ,86. ﷲ ތިބާއަށް ފާފަފުއްސަވާށިއޭ ބުނި މީހަކަށް ކޮށްދޭނެ ދުޢާ
«وَلَكَ»[242].,"«وَلَكَ»
 މާނައީ: ""އަދި ތިބާއަށްވެސްމެއެވެ."" [242]."
[242] أحمد (5/82) برقم (20778)، والنسائي في عمل اليوم والليلة (ص218) برقم (421)، تحقيق الدكتور فاروق حمادة.,[242] ރިވާކުރެއްވީ އަޙްމަދު 5/82 ގެ ނަމްބަރު 20778 ގައި، އަދި އައް-ނަސާއީ ޢަމަލުލް-ޔައުމި ވައް-ލައިލާގެ ޞ 281 ގެ ނަމްބަރު 421 ގައެވެ. އެއީ ޑޮކްޓަރު ފާރޫޤު ޙަމާދާގެ ތަޙްޤީޤުންނެވެ.
وَلَك,ވަލަކަ
87. الدُّعَاءُ لِمَنْ صَنَعَ إِلَيْكَ مَعْرُوفًا,87. ތިބާއަށް ހެޔޮކަމެއް ކޮށްދީފި މީހަކަށް ކޮށްދޭނެ ދުޢާ
«جَزَاكَ اللَّهُ خَيْرًا»[243].,"«جَزَاكَ اللَّهُ خَيْرًا»
 މާނައީ: ""ތިބާއަށް ﷲ ހެޔޮ ޖަޒާ ދެއްވާށިއެވެ."" [243]."
[243] أخرجه الترمذي برقم (2035)، وانظر: صحيح الجامع (6244) وصحيح الترمذي (2/200).,[243] މި ޙަދީޘް ނެރުއްވީ އައް-ތިރްމިޛީ ނަމްބަރު 2035 ގައެވެ. އަދި ޞަޙީޙުލް-ޖާމިޢުގެ 6244 އާއި، ޞަޙީޙުއް-ތިރްމިޛީގެ 2/200 ބައްލަވާށެވެ.
جَزَاكَ اللَّهُ خَيْرًا,ޖަޒާކައްލޯހު ޚައިރާ
88. مَا يَعْصِمُ اللَّهُ بِهِ مِنَ الدَّجَّالِ,88. އެކަމެއް މެދުވެރިކޮށް ﷲ، ދައްޖާލުގެ ކިބައިން ރައްކާތެރިކޮށްދެއްވުމަށް ކުރަންވީ ކަންތައް
«مَنْ حَفِظَ عَشْرَ آيَاتٍ مِنْ أَوَّلِ سُورَةِ الكَهْفِ عُصِمَ مِنَ الدَّجَّالِ»[244]،,"""އަލް-ކަހްފު ސޫރަތުގެ ފެށޭކޮޅުން ދިހަ އާޔަތް ދަސްކޮށްފި މީހާ ދައްޖާލުގެ ކިބައިން ރައްކާތެރިކުރެވޭ ހުއްޓެވެ."" [244]."
وَالاسْتِعَاذَةُ بِاللَّهِ مِنْ فِتْنَتِهِ عَقِبَ التَّشَهُّدِ الأَخِيرِ مِنْ كُلِّ صَلَاةٍ[245].,އަދި ކޮންމެ ނަމާދެއްގެ ފަހު އައްތަޙިއްޔާތާ ވިއްދައިގެން އޭނާގެ ފިތުނައިން ރައްކާތެރިކޮށްދެއްވުމަށް ﷲ ގެ ޙަޟްރަތުން އެދުމެވެ. [245].
[245] انظر: حديث رقم (55)، وحديث (56) (ص41) من هذا الكتاب.,[245] މި ފޮތުގެ ޞ 41 ގެ ޙަދީޘް ނަމްބަރު 55 އަދި ޙަދީޘް 56 ބައްލަވާށެވެ.
[244] مسلم (1/555) برقم (809)، وفي رواية: من آخر الكهف (1/556) برقم (809).,"[244] ރިވާކުރެއްވީ މުސްލިމް 1/555 ގެ ނަމްބަރު 809 ގައެވެ. އަދި އެހެން ރިވާޔަތެއްގައިވަނީ: ""އަލް-ކަހްފު ސޫރަތުގެ ނިމޭކޮޅުންނެވެ."" 1/556 ގެ ނަމްބަރު 809 ގައެވެ."
89. الدُّعَاءُ لِمَنْ قَالَ: إِنِّي أُحِبُّكَ فِي اللَّهِ,89. ﷲ އަށްޓަކައި އަހަރެން ތިބާ ދެކޭ ލޯބިވެޔޭ ބުނެފި މީހަކަށް ކޮށްދޭނެ ދުޢާ
«أَحَبَّكَ الَّذِي أَحْبَبْتَنِي لَهُ»[246].,"«أَحَبَّكَ الَّذِي أَحْبَبْتَنِي لَهُ»
 މާނައީ: ""އެ ފަރާތަކަށްޓަކައި ތިބާ އަހަރެންދެކެ ލޯބިވީ ފަރާތް ތިބާދެކެ ލޯބިވެވޮޑިގަންނަވާށިއެވެ."" [246]."
[246] أخرجه أبو داود (4/333) برقم (5125)، وحسّنه الألباني في صحيح سنن أبي داود (3/965).,[246] މި ޙަދީޘް ނެރުއްވީ އަބޫ ދާވޫދު 4/333 ގެ ނަމްބަރު 5125 ގައެވެ. އަަދި އަލް-އަލްބާނީވަނީ ޞަޙީޙު ސުނަނު އަބީ ދާވޫދުގެ 3/965 ގައި މި ޙަދީޘް ޙަސަނުކުރައްވާފައެވެ.
أَحَبَّكَ الَّذِي أَحْبَبْتَنِي لَه,އަޙައްބަކައް ލަޛީ އަޙްބަބްތަނީ ލަހް
90. الدُّعَاءُ لِمَنْ عَرَضَ عَلَيْكَ مَالَهُ,90. އެމީހެއްގެ މުދާ ތިބާއަށް ހުށަހަޅައިފި މީހަކަށް ކޮށްދޭނެ ދުޢާ
«بَارَكَ اللَّهُ لَكَ فِي أَهْلِكَ وَمَالِكَ»[247].,"«بَارَكَ اللَّهُ لَكَ فِي أَهْلِكَ وَمَالِكَ»
 މާނައީ: ""ތިބާގެ އަހުލުންނާއި ތިބާގެ މުދަލުގައި ﷲ ތިބާއަށް ބަރަކާތްލައްވާށިއެވެ."" [247]."
[247] البخاري مع الفتح (4/288) برقم (2049).,[247] ރިވާކުރެއްވީ އަލް-ބުޚާރީ، ފަތުޙުލް-ބާރީއާއެކުވާ ފޮތުގެ 4/288 ގެ ނަމްބަރު 2049 ގައެވެ.
بَارَكَ اللَّهُ لَكَ فِي أَهْلِكَ وَمَالِك,ބާރަކައްލޯހު ލަކަ ފީ އަހްލިކަ ވަމާލިކް
91. الدُّعَاءُ لِمَنْ أَقْرَضَ عِنْدَ القَضَاءِ,91. ދަރަނި އަދާކުރާއިރު ދަރަނި ދިން ފަރާތަށް ކޮށްދޭނެ ދުޢާ
«بارَكَ اللَّهُ لَكَ فِي أَهْلِكَ وَمَالِكَ، إِنَّمَا جَزَاءُ السَّلَفِ الحَمْدُ وَالأَدَاءُ»[248].,"«بارَكَ اللَّهُ لَكَ فِي أَهْلِكَ وَمَالِكَ، إِنَّمَا جَزَاءُ السَّلَفِ الحَمْدُ وَالأَدَاءُ»
 މާނައީ: ""ތިބާގެ އަހުލުންނާއި ތިބާގެ މުދަލުގައި ﷲ ތިބާއަށް ބަރަކާތްލައްވާށިއެވެ. ދަރަނި ދިނުމުގެ ޖަޒާކަން ކަށަވަރީ ޙަމްދު ޝުކުރުކޮށް ދަރަނި އަދާކޮށްދިނުމެވެ."" [248]."
[248] أخرجه النسائي في عمل اليوم والليلة (ص300)، وابن ماجه (2/809) برقم (2424)، وانظر: صحيح ابن ماجه (2/55).,[248] މި ޙަދީޘް ނެރުއްވީ އައް-ނަސާއީ ޢަމަލުލް-ޔައުމި ވައް-ލައިލާގެ ޞ 300 ގައި، އަދި އިބްނު މާޖާ 2/809 ގެ ނަމްބަރު 2424 ގައެވެ. އަދި ޞަޙީޙު އިބްނު މާޖާގެ 2/55 ބައްލަވާށެވެ.
بَارَكَ اللَّهُ لَكَ فِي أَهْلِكَ وَمَالِك,ބާރަކައްލޯހު ލަކަ ފީ އަހްލިކަ ވަމާލިކް
92. دُعَاءُ الخَوْفِ مِنَ الشِّرْكِ,92. ޝިރުކަށް ބިރުން ކުރާ ދުޢާ
«اللَّهُمَّ إِنِّي أَعُوذُ بِكَ أَنْ أُشْرِكَ بِكَ وَأَنَا أَعْلَمُ، وَأَسْتَغْفِرُكَ لِمَا لَا أَعْلَمُ»[249].,"«اللَّهُمَّ إِنِّي أَعُوذُ بِكَ أَنْ أُشْرِكَ بِكَ وَأَنَا أَعْلَمُ، وَأَسْتَغْفِرُكَ لِمَا لَا أَعْلَمُ»
 މާނައީ: ""އޭ ﷲ އެވެ! މިއަޅާ ދެނެހުރެ ޙާލު އިބައިލާހާ އެއްޗެއް ބައިވެރިކޮށް ޝަރީކު ކުރުމުން މިއަޅާ އިބައިލާހުގެ ޙަޟްރަތުން ރައްކާތެރިކަމަށް އެދެމެވެ. އަދި މިއަޅާއަށް އެނގިގެންނުވާ ކަންކަމުގެ ފާފަ ފުއްސަވާދެއްވުމަށް އިބައިލާހުގެ ޙަޟްރަތުން އެދެމެވެ."" [249]."
[249] أحمد (4/403) برقم (19606)، والأدب المفرد للبخاري برقم (716)، وانظر: صحيح الجامع (3/233)، وصحيح الترغيب والترهيب للألباني (1/19).,[249] ރިވާކުރެއްވީ އަޙްމަދު 4/403 ގެ ނަމްބަރު 19606 ގައި، އަދި އަލް-ބުޚާރީގެ އަލް-އަދަބުލް-މުފްރަދުގެ ނަމްބަރު 716 ގައެވެ. އަދި ޞަޙީޙުލް-ޖާމިޢުގެ 3/233 އާއި، އަލް-އަލްބާނީގެ ޞަޙީޙުއް-ތަރްޣީބު ވައް-ތަރްހީބުގެ 1/19 ބައްލަވާށެވެ.
اللَّهُمَّ إِنِّي أَعُوذُ بِكَ أَنْ أُشْرِكَ بِكَ وَأَنَا أَعْلَمُ، وَأَسْتَغْفِرُكَ لِمَا لَا أَعْلَم,އައްލޯހުންމަ އިންނީ އަޢޫޛު ބިކަ އަން އުޝްރިކަ ބިކަ ވަ އަނަ އަޢްލަމް، ވަ އަސްތަޣްފިރުކަ ލިމާ ލާ އަޢްލަމް
93. الدُّعَاءُ لِمَنْ قَالَ بَارَكَ اللَّهُ فِيكَ,93. ތިބާއާ ދިމާލަށް (ﷲ ތިބާއަށް ބަރަކާތް ލައްވާށިއޭ) ބުނެފި މީހަކަށް ކޮށްދޭނެ ދުޢާ
«وَفِيكَ بَارَكَ اللَّهُ»[250].,"«وَفِيكَ بَارَكَ اللَّهُ»
 މާނައީ: ""އަދި ތިބާގެ ކިބައިގައިވެސް ﷲ ބަރަކާތްލައްވާށިއެވެ."" [250]."
[250] أخرجه ابن السني (ص138) برقم (278)، وانظر: الوابل الصيب لابن القيم (ص304)، تحقيق بشير محمد عيون.,[250] މި ޙަދީޘް ނެރުއްވީ އިބްނުއް-ސުންނީ ޞ 138 ގެ ނަމްބަރު 278 ގައެވެ. އަދި ބަޝީރު މުޙައްމަދު ޢުޔޫން ތަޙްޤީޤުކޮށްފައިވާ، އިބްނުލް-ޤައްޔިމުގެ އަލް-ވާބިލުއް ޞައްޔިބުގެ ޞ 304 ބައްލަވާށެވެ.
وَفِيكَ بَارَكَ اللَّه,ވަފީކަ ބާރަކައްލޯހް
94. دُعَاءُ كَرَاهِيَةِ الطِّيَرَةِ,94. ސުންޕާކަމެއް ޖެހިދާނޭކަމަށް ޤަބޫލުކުރެވުމާމެދު ނުރުހުންވުމުން ކުރާ ދުޢާ
«اللَّهُمَّ لَا طَيْرَ إِلَّا طَيْرُكَ، وَلَا خَيْرَ إِلَّا خَيْرُكَ، وَلَا إِلَهَ غَيْرُكَ»[251].,"«اللَّهُمَّ لَا طَيْرَ إِلَّا طَيْرُكَ، وَلَا خَيْرَ إِلَّا خَيْرُكَ، وَلَا إِلَهَ غَيْرُكَ»
 މާނައީ: ""އޭ ﷲ އެވެ! އިބައިލާހު ލެއްވި ސުންޕާކަމެއް މެނުވީ އެއްވެސް ސުންޕާކަމެއް ނުވެއެވެ. އަދި އިބައިލާހު ލެއްވި ހެޔޮކަމެއް މެނުވީ އެއްވެސް ހެޔޮކަމެއް ނުވެއެވެ. އަދި އިބައިލާހު މެނުވީ އަޅުކަންވެވުން ޙައްޤުވެގެންވާ އެއްވެސް އިލާހެއް ނުވެއެވެ."" [251]."
[251] أحمد (2/220) برقم (7045)، وابن السني برقم (292)، وصححه الألباني في سلسلة الأحاديث الصحيحة (3/54) برقم (1065)، أما الفأل فكان يعجب النبي ﷺ؛ ولهذا سمع من رجل كلمة طيبة فأعجبته فقال: «أَخَذْنَا فَأْلَكَ مِنْ فِيكَ»، أبو داود برقم (3719)، وأحمد برقم (9040)، وصححه الألباني في سلسلة الأحاديث الصحيحة (2/363)، عند أبي الشيخ في أخلاق النبي ﷺ (ص270).,"[251] ރިވާކުރެއްވީ އަޙްމަދު 2/220 ގެ ނަމްބަރު 7045 ގައި، އަދި އިބްނުއް-ސުންނީ ނަމްބަރު 292 ގައެވެ. އަދި ސިލްސިލަތުލް-އަޙާދީޘިއް-ޞަޙީޙާ 3/54 ގެ ނަމްބަރު 1065 އަލް-އަލްބާނީ މި ޙަދީޘް ޞައްޙަކުރެއްވިއެވެ. ދެންފަހެ ހެޔޮފާލެއް ކަމުގައި ދެކުމަކީ ނަބިއްޔާ ﷺ ހިތްޕުޅާކުރައްވާ ކަމެކެވެ. މިހެންވެ މީހަކު ހެޔޮ ރަނގަޅު ބަހެއް ބުނި އަޑުއިވިވަޑައިގެން އެކަލޭގެފާނު ހިތްޕުޅާވެ ޙަދީޘްކުރެއްވިއެވެ: ""ތިބާގެ އަނގައިން ތިބާ ދިން ހެޔޮފާލު އަހަރުމެން ނަގައިފީމުއެވެ."" ރިވާކުރެއްވީ އަބޫ ދާވޫދު ނަމްބަރު 3719 ގައި، އަދި އަޙްމަދު ނަމްބަރު 9040 ގައެވެ. އަދި ސިލްސިލަތުލް-އަޙާދީޘިއް-ޞަޙީޙާ 2/363 ގައި އަލް-އަލްބާނީ އެ ޙަދީޘް ޞައްޙަކުރެއްވިއެވެ. އަދި އަޚްލާޤުއް-ނަބިއްޔު ފޮތުގެ ޞ 270 ގައި އަބުއް-ޝެއިޚުވެސް ރިވާކުރެއްވިއެވެ."
اللَّهُمَّ لَا طَيْرَ إِلَّا طَيْرُكَ، وَلَا خَيْرَ إِلَّا خَيْرُكَ، وَلَا إِلَهَ غَيْرُك,އައްލޯހުންމަ ލާ ޠައިރަ އިއްލާ ޠައިރުކަ، ވަލާ ޚައިރަ އިއްލާ ޚައިރުކަ، ވަލާ އިލާހަ ޣައިރުކް
95. دُعَاءُ الرُّكُوبِ,95. ސަވާރީ އުޅަނދުފަހަރަށް އަރަމުން ކިޔާ ދުޢާ
«بِسْمِ اللَّهِ، وَالحَمْدُ للَّهِ,"«بِسْمِ اللَّهِ، وَالحَمْدُ للَّهِ
 މާނައީ: ""ﷲ ގެ އިސްމުފުޅުން ސަވާރުވަމެވެ. އަދި ﷲ އަށް ޙަމްދުހުއްޓެވެ."""
بِسْمِ اللَّهِ، وَالحَمْدُ للَّه,ބިސްމިއްލާހި، ވަލްޙަމްދު ލިލްލާހް
﴿سُبْحَانَ الَّذِي سَخَّرَ لَنَا هَذَا وَمَا كُنَّا لَهُ مُقْرِنِينَ,"﴿سُبْحَانَ الَّذِي سَخَّرَ لَنَا هَذَا وَمَا كُنَّا لَهُ مُقْرِنِينَ
 މާނައީ: ""މި ސަވާރީ ކިޔަމަންތެރިކުރެވޭ ބަޔެއްކަމުގައި އަޅަމެން ނުވާ ޙާލު މި ސަވާރީ އަޅަމެންނަށް ކިޔަމަންތެރިކޮށްދެއްވި ފަރާތުގެ ޙުސްޠާހިރުވަންތަކަމާއެވެ!"""
سُبْحَانَ الَّذِي سَخَّرَ لَنَا هَذَا وَمَا كُنَّا لَهُ مُقْرِنِين,ސުބްޙާނައް ލަޛީ ސައްޚަރަ ލަނާ ހާޛާ ވަމާ ކުންނާ ލަހޫ މުޤްރިނީން
وَإِنَّا إِلَى رَبِّنَا لَمُنقَلِبُونَ﴾،,"وَإِنَّا إِلَى رَبِّنَا لَمُنقَلِبُونَ﴾
 މާނައީ: ""އަދި އަޅަމެންނީ އަޅަމެންގެ ވެރި ރައްބުގެ ޙަޟްރަތަށް އެނބުރި ދާނޭ ބައެއްކަން ކަށަވަރެވެ."""
وَإِنَّا إِلَى رَبِّنَا لَمُنقَلِبُون,ވައިންނާ އިލާ ރައްބިނާ ލަމުންޤަލިބޫން
الحَمْدُ لِلَّهِ، الحَمْدُ لِلَّهِ، الحَمْدُ لِلَّهِ، اللَّهُ أَكْبَرُ، اللَّهُ أَكْبَرُ، اللَّهُ أَكْبَرُ، سُبْحَانَكَ اللَّهُمَّ إِنِّي ظَلَمْتُ نَفْسِي فَاغْفِرْ لِي؛ فَإِنَّهُ لَا يَغْفِرُ الذُّنُوبَ إِلَّا أَنْتَ»[252].,"الحَمْدُ لِلَّهِ، الحَمْدُ لِلَّهِ، الحَمْدُ لِلَّهِ، اللَّهُ أَكْبَرُ، اللَّهُ أَكْبَرُ، اللَّهُ أَكْبَرُ، سُبْحَانَكَ اللَّهُمَّ إِنِّي ظَلَمْتُ نَفْسِي فَاغْفِرْ لِي؛ فَإِنَّهُ لَا يَغْفِرُ الذُّنُوبَ إِلَّا أَنْتَ»
 މާނައީ: ""ޙަމްދުހުރީ ﷲ އަށެވެ. ޙަމްދުހުރީ ﷲ އަށެވެ. ޙަމްދުހުރީ ﷲ އަށެވެ. އެންމެ ބޮޑީ ﷲ އެވެ. އެންމެ ބޮޑީ ﷲ އެވެ. އެންމެ ބޮޑީ ﷲ އެވެ. އިބައިލާހުގެ ހުސްޠާހިރުވަންތަކަމާއެވެ. އޭ ﷲ އެވެ! ހަަމަކަށަވަރުން މިއަޅާގެ ނަފްސަށް އަނިޔާވެރިވެއްޖައީމެވެ. ފަހެ މި އަޅާއަށް ފާފަފުއްސަވާށިއެވެ. ފަހެ ހަމަކަށަވަރުން އިބައިލާހު ފިޔަވައި އެހެން ފަރާތެއް ފާފަ ނުފުއްސަވައެވެ."" [252]."
[252] أبو داود (3/34) برقم (2602)، والترمذي (5/501) برقم (3446)، وانظر: صحيح الترمذي (3/156)، سورة الزخرف [13- 14].,[252] ރިވާކުރެއްވީ އަބޫ ދާވޫދު 3/34 ގެ ނަމްބަރު 2602 ގައި، އަދި އައް-ތިރްމިޛީ 5/501 ގެ ނަމްބަރު 3446 ގައެވެ. އަދި ޞަޙީޙުއް-ތިރްމިޛީގެ 3/156 އަދި އައް-ޒުޚްރުފު ސޫރަތް 13-14 ބައްލަވާށެވެ.
الحَمْدُ لِلَّهِ، الحَمْدُ لِلَّهِ، الحَمْدُ لِلَّهِ، اللَّهُ أَكْبَرُ، اللَّهُ أَكْبَرُ، اللَّهُ أَكْبَرُ، سُبْحَانَكَ اللَّهُمَّ إِنِّي ظَلَمْتُ نَفْسِي فَاغْفِرْ لِي؛ فَإِنَّهُ لَا يَغْفِرُ الذُّنُوبَ إِلَّا أَنْت,އަލްޙަމްދު ލިއްލާހި، އަލްޙަމްދު ލިއްލާހި، އަލްޙަމްދު ލިއްލާހި، އައްލޯހު އަކްބަރު، އައްލޯހު އަކްބަރު، އައްލޯހު އަކްބަރު، ސުބްޙާނަކައްލޯހުންމަ އިންނީ ޡަލަމްތު ނަފްސީ ފަޣްފިރް ލީ؛ ފައިންނަހޫ ލާ ޔަޣްފިރުއް ޛުނޫބަ އިއްލާ އަންތަ
96. دُعَاءُ السَّفَرِ,96. ދަތުރު ދުޢާ
«اللَّهُ أَكْبَرُ، اللَّهُ أَكْبَرُ، اللَّهُ أَكْبَرُ،,"«اللَّهُ أَكْبَرُ، اللَّهُ أَكْبَرُ، اللَّهُ أَكْبَرُ،
 މާނައީ: ""އެންމެ ބޮޑީ ﷲ އެވެ. އެންމެ ބޮޑީ ﷲ އެވެ. އެންމެ ބޮޑީ ﷲ އެވެ."
اللَّهُ أَكْبَرُ، اللَّهُ أَكْبَرُ، اللَّهُ أَكْبَر,އައްލޯހު އަކްބަރު، އައްލޯހު އަކްބަރު، އައްލޯހު އަކްބަރް
سُبْحَانَ الَّذِي سَخَّرَ لَنَا هَذَا وَمَا كُنَّا لَهُ مُقْرِنِينَ,"سُبْحَانَ الَّذِي سَخَّرَ لَنَا هَذَا وَمَا كُنَّا لَهُ مُقْرِنِينَ
 މާނައީ: ""މި ސަވާރީ ކިޔަމަންތެރިކުރެވޭ ބަޔެއްކަމުގައި އަޅަމެން ނުވާ ޙާލު މި ސަވާރީ އަޅަމެންނަށް ކިޔަމަންތެރިކޮށްދެއްވި ފަރާތުގެ ޙުސްޠާހިރުވަންތަކަމާއެވެ!"""
سُبْحَانَ الَّذِي سَخَّرَ لَنَا هَذَا وَمَا كُنَّا لَهُ مُقْرِنِين,ސުބްޙާނައް ލަޛީ ސައްޚަރަ ލަނާ ހާޛާ ވަމާ ކުންނާ ލަހޫ މުޤްރިނީން
وَإِنَّا إِلَى رَبِّنَا لَمُنقَلِبُونَ،,"وَإِنَّا إِلَى رَبِّنَا لَمُنقَلِبُونَ،
 މާނައީ: ""އަދި އަޅަމެންނީ އަޅަމެންގެ ވެރި ރައްބުގެ ޙަޟްރަތަށް އެނބުރި ދާނޭ ބައެއްކަން ކަށަވަރެވެ."""
وَإِنَّا إِلَى رَبِّنَا لَمُنقَلِبُون,ވައިންނާ އިލާ ރައްބިނާ ލަމުންޤަލިބޫން
اللَّهُمَّ إِنّا نَسْأَلُكَ فِي سَفَرِنَا هَذَا البِرَّ وَالتَّقْوَى، وَمِنَ العَمَلِ مَا تَرْضَى، اللَّهُمَّ هَوِّنْ عَلَيْنَا سَفَرَنَا هَذَا وَاطْوِ عَنَّا بُعْدَهُ، اللَّهُمَّ أَنْتَ الصَّاحِبُ فِي السَّفَرِ، وَالخَليفَةُ فِي الأَهْلِ، اللَّهُمَّ إِنِّي أَعُوذُ بِكَ مِنْ وَعْثَاءِ السَّفَرِ، وَكَآبَةِ المَنْظَرِ، وَسُوءِ المُنْقَلَبِ فِي المَالِ وَالأَهْلِ»،,"اللَّهُمَّ إِنّا نَسْأَلُكَ فِي سَفَرِنَا هَذَا البِرَّ وَالتَّقْوَى، وَمِنَ العَمَلِ مَا تَرْضَى، اللَّهُمَّ هَوِّنْ عَلَيْنَا سَفَرَنَا هَذَا وَاطْوِ عَنَّا بُعْدَهُ، اللَّهُمَّ أَنْتَ الصَّاحِبُ فِي السَّفَرِ، وَالخَليفَةُ فِي الأَهْلِ، اللَّهُمَّ إِنِّي أَعُوذُ بِكَ مِنْ وَعْثَاءِ السَّفَرِ، وَكَآبَةِ المَنْظَرِ، وَسُوءِ المُنْقَلَبِ فِي المَالِ وَالأَهْلِ»
 މާނައީ: ""އޭ ﷲ އެވެ! އަޅަމެންގެ މި ދަތުރުގައި ހެޔޮކަމާއި ތަޤުވާވެރިކަން ދެއްވުމަށް، އަދި ޢަމަލުތަކުން އިބައިލާހު ރުއްސަވާ ޢަމަލަށް އެދެމެވެ. އޭ ﷲ އެވެ! އަޅަމެންގެ މި ދަތުރު އަޅަމެންނަށް ލުއިފަސޭހަ ކޮށްދެއްވާށިއެވެ. އަދި ދަތުރުގެ ދިގުކަން އަޅަމެންގެ ކިބައިން އޮޅާލައްވާ ކައިރިކުރައްވާށިއެވެ. އޭ ﷲ އެވެ! އިބައިލާހީ ދަތުރުގައި އެކުގައިވާ ޞާޙިބެވެ. އަދި މިއަޅާގެ އަހުލުވެރިންނަށްވާ ޚަލީފާއަކީ (އެމީހުންގެ ކަންކަން ބެލެހެއްޓެވުމަށް ބަދަލުގައި ހަވާލުވާ ފަހަތަށް ދޫކުރާ ފަރާތަކީވެސް) އިބައިލާހެވެ. އޭ ﷲ އެވެ! ދަތުރުގެ އުނދަގޫކަމާއި، ހިތާމަކުރުވަނިވި މަންޒަރުން، އަދި މުދަލާއި އަހުލުވެރިންގެ ތެރެއަށް އަންނަ ނުބައި ބަދަލަކުން ރައްކާތެރިކޮށްދެއްވުމަށް އިބައިލާހުގެ ޙަޟްރަތުން އެދި ދަންނަވަމެވެ.”"
اللَّهُمَّ إِنّا نَسْأَلُكَ فِي سَفَرِنَا هَذَا البِرَّ وَالتَّقْوَى، وَمِنَ العَمَلِ مَا تَرْضَى، اللَّهُمَّ هَوِّنْ عَلَيْنَا سَفَرَنَا هَذَا وَاطْوِ عَنَّا بُعْدَهُ، اللَّهُمَّ أَنْتَ الصَّاحِبُ فِي السَّفَرِ، وَالخَليفَةُ فِي الأَهْلِ، اللَّهُمَّ إِنِّي أَعُوذُ بِكَ مِنْ وَعْثَاءِ السَّفَرِ، وَكَآبَةِ المَنْظَرِ، وَسُوءِ المُنْقَلَبِ فِي المَالِ وَالأَهْل,އައްލޯހުންމަ އިންނާ ނަސްއަލުކަ ފީ ސަފަރިނާ ހާޛަލްބިއްރަ ވައްތަޤްވާ، ވަމިނަލް ޢަމަލި މާ ތަރްޟާ، އައްލޯހުންމަ ހައްވިން ޢަލައިނާ ސަފަރަނާ ހާޛާ ވަޠްވި ޢަންނާ ބުޢްދަހް، އައްލޯހުންމަ އަންތައް ޞާޙިބު ފިއްސަފަރް، ވަލްޚަލީފަތު ފިލްއަހްލް، އައްލޯހުންމަ އިންނީ އަޢޫޛު ބިކަ މިން ވަޢްޘާއިއް ސަފަރް، ވަކައާބަތިލް މަންޡަރް، ވަސޫއިލް މުންޤަލަބި ފިލްމާލި ވަލްއަހްލް
وإذا رَجَعَ قَالَهُنَّ وَزَادَ فِيهِنَّ:,އަދި ދަތުރު ނިންމާފައި އެނބުރި އަންނަމުން އިސްވެދިޔަ ދުޢާގެ ކިޔާފައި އަދި އިތުރުކުރާނީ މިހެންނެވެ:
«آيِبُونَ، تائِبُونَ، عَابِدُونَ، لِرَبِّنَا حَامِدُونَ»[253].,"«آيِبُونَ، تائِبُونَ، عَابِدُونَ، لِرَبِّنَا حَامِدُونَ»
 މާނައީ: “އަޅަމެން އެނބުރި މިއަންނަނީ، ތައުބާވާ މީހުންގެ ގޮތުގައި، އަޅުވެރި މީހުންގެ ގޮތުގައި، އަޅަމެންގެ ވެރި ރައްބަށް ޙަމްދުކުރާ މީހުންގެ ގޮތުގައެވެ."" [253]."
[253] مسلم (2/978) برقم (1342).,[253] ރިވާކުރެއްވީ މުސްލިމް 2/978 ގެ ނަމްބަރު 1342 ގައެވެ.
آيِبُونَ، تائِبُونَ، عَابِدُونَ، لِرَبِّنَا حَامِدُون,އާޔިބޫނަ، ތާއިބޫނަ، ޢާބިދޫނަ، ލިރައްބިނާ ޙާމިދޫން
97. دُعاءُ دُخُولِ القريَةِ أَوِ البَلْدَةِ,97. ރަށަކަށް ނުވަތަ ޤައުމަކަށް ވަންނަމުން ކިޔާ ދުޢާ
«اللَّهُمَّ رَبَّ السَّمَوَاتِ السَّبْعِ وَمَا أَظْلَلْنَ، وَرَبَّ الأَرَضِينَ السَّبْعِ وَمَا أَقْلَلْنَ، وَرَبَّ الشَّياطِينِ وَمَا أَضْلَلْنَ، وَرَبَّ الرِّيَاحِ وَمَا ذَرَيْنَ، أَسْأَلُكَ خَيْرَ هَذِهِ القَرْيَةِ، وَخَيْرَ أَهْلِهَا، وَخَيْرَ مَا فِيهَا، وَأَعُوذُ بِكَ مِنْ شَرِّهَا، وَشَرِّ أَهْلِهَا، وَشَرِّ مَا فِيهَا»[254].,"«اللَّهُمَّ رَبَّ السَّمَوَاتِ السَّبْعِ وَمَا أَظْلَلْنَ، وَرَبَّ الأَرَضِينَ السَّبْعِ وَمَا أَقْلَلْنَ، وَرَبَّ الشَّياطِينِ وَمَا أَضْلَلْنَ، وَرَبَّ الرِّيَاحِ وَمَا ذَرَيْنَ، أَسْأَلُكَ خَيْرَ هَذِهِ القَرْيَةِ، وَخَيْرَ أَهْلِهَا، وَخَيْرَ مَا فِيهَا، وَأَعُوذُ بِكَ مِنْ شَرِّهَا، وَشَرِّ أَهْلِهَا، وَشَرِّ مَا فِيهَا»
 މާނައީ: ""އޭ ﷲ އެވެ! ހަތްއުޑާއި، އެ އުޑުތައް ހިޔާވަހިކަންދިން ހުރިހާ އެއްޗެއްގެ ރައްބެވެ! އަދި ހަތްބިމާއި، އެ ބިންތައް އުފުލި ހުރިހާ އެއްޗެއްގެ ރައްބެވެ! އަދި ޝައިޠާނުންނާއި، އެޝައިޠާނުން މަގުފުރެއްދި ހުރިހާ ބައެއްގެ ރައްބެވެ! އަދި ވަޔާއި، އެ ވައި ބުރުވާލި ހުރިހާ އެއްޗެއްގެ ރައްބެވެ! މިރަށުގެ ހެޔޮކަމާއި، މިރަށުގެ އަހުލުވެރިންގެ ހެޔޮކަމާއި، މިރަށުގައި ވާހައި އެއްޗެއްގެ ހެވަށް އެދި މި އަޅާ އިބައިލާހުގެ ޙަޟްރަތަށް ދަންނަވަމެވެ. އަދި މި ރަށުގެ ނުބައިކަމާއި، މިރަށުގެ އަހުލުވެރިންގެ ނުބައިކަމާއި، މިރަށުގައި ވާހައި އެއްޗެއްގެ ނުބައިކަމުން ރައްކާތެރިކޮށްދެއްވުމަށް އިބައިލާހުގެ ޙަޟްރަތަށް ދަންނަވަމެވެ."" [254]."
"[254] الحاكم وصححه ووافقه الذهبي (2/100)، وابن السني برقم (524)، وحسّنه الحافظ في تخريج الأذكار (5/154)، قال العلامة ابن باز رحمه الله: ""ورواه النسائي بإسناد حسن"". انظر: تحفة الأخيار (ص37).","[254] ރިވާކުރެއްވީ އަލް-ޙާކިމުއެވެ. އަދި އެ ޙަދީޘް 2/100 ގައި ޞައްޙަކުރައްވާ، އަދި އައް-ޛަހަބީވެސް އެއްބަސްވެލެއްވިއެވެ. އަދި އިބްނުއް-ސުންނީ ނަމްބަރު 524 ގައެވެ. އަދި އަލް-ޙާފިޡު، އަލް-އަޛްކާރު ފޮތުގެ ތަޚްރީޖުގެ 5/154 ގައި މި ޙަދީޘް ޙަސަނުކުރެއްވިއެވެ. އަދި އަލް-ޢައްލާމާ އިބްނު ބާޒު رحمه الله ވިދާޅުވިއެވެ: ""އަދި އައް-ނަސާއީ ޙަސަނު ސަނަދަކުން މި ޙަދީޘް ރިވާކުރެއްވިއެވެ."" ތުޙްފަތުލް-އަޚްޔާރުގެ ޞ 37 ބައްލަވާށެވެ."
اللَّهُمَّ رَبَّ السَّمَوَاتِ السَّبْعِ وَمَا أَظْلَلْنَ، وَرَبَّ الأَرَضِينَ السَّبْعِ وَمَا أَقْلَلْنَ، وَرَبَّ الشَّياطِينِ وَمَا أَضْلَلْنَ، وَرَبَّ الرِّيَاحِ وَمَا ذَرَيْنَ، أَسْأَلُكَ خَيْرَ هَذِهِ القَرْيَةِ، وَخَيْرَ أَهْلِهَا، وَخَيْرَ مَا فِيهَا، وَأَعُوذُ بِكَ مِنْ شَرِّهَا، وَشَرِّ أَهْلِهَا، وَشَرِّ مَا فِيهَا,އައްލޯހުންމަ ރައްބައް ސަމާވާތިއް ސަބްޢި ވަމާ އަޡްލަލްނަ، ވަރައްބަލް އަރަޟީނައް ސަބްޢި ވަމާ އަޤްލަލްނަ، ވަރައްބައް ޝަޔާޠީނި ވަމާ އަޟްލަލްނަ، ވަރައްބައް ރިޔާޙި ވަމާ ޛަރައިނަ، އަސްއަލުކަ ޚައިރަ ހާޛިހިލް ޤަރްޔަތި، ވަޚައިރަ އަހްލިހާ، ވަޚައިރަ މާ ފީހާ، ވައަޢޫޛު ބިކަ މިން ޝައްރިހާ، ވަޝައްރި އަހްލިހާ، ވަޝައްރި މާ ފީހާ.
98. دُعاءُ دُخُولِ السُّوقِ,98. ބާޒާރަށް ވަންނައިރު ކިޔާ ދުޢާ
«لَا إِلَهَ إِلَّا اللَّهُ وَحْدَهُ لَا شَرِيكَ لَهُ، لَهُ المُلْكُ، وَلَهُ الحَمْدُ، يُحْيِي وَيُمِيتُ، وَهُوَ حَيٌّ لَا يَمُوتُ، بِيَدِهِ الخَيْرُ، وَهُوَ عَلَى كُلِّ شَيْءٍ قَدِيرٌ»[255].,"«لَا إِلَهَ إِلَّا اللَّهُ وَحْدَهُ لَا شَرِيكَ لَهُ، لَهُ المُلْكُ، وَلَهُ الحَمْدُ، يُحْيِي وَيُمِيتُ، وَهُوَ حَيٌّ لَا يَمُوتُ، بِيَدِهِ الخَيْرُ، وَهُوَ عَلَى كُلِّ شَيْءٍ قَدِيرٌ»
 މާނައީ: ""ﷲ މެނުވީ (އަޅުކަންވެވުން ޙައްޤުވެގެންވާ) އެހެން އެއްވެސް އިލާހަކު ނުވެއެވެ. އެ އިލާހު އެއްކައުވަންތައެވެ. އެ އިލާހަށް އެއްވެސް ޝަރީކަކު ބައިވެރިއަކު ނުވެއެވެ. އެންމެހާ ރަސްކަމެއްވަނީ އެ އިލާހަށެވެ. އަދި ހުރިހާ ޙަމްދެއްވަނީ، އެ އިލާހަށެވެ. އެއިލާހު ދިރުއްވާ، މަރުގަންނަވައެވެ. އަދި އެއިލާހު އަވަހާރަނުވެ ދިރިދެމިވޮޑިގެންވެއެވެ. އެންމެހާ ހެޔޮކަމެއްވަނީ އެ އިލާހުގެ އަތްޕުޅުގައެވެ. އަދި އެއިލާހު ކޮންމެ ކަމެއްގެ މައްޗަށް ކުޅަދުންވަންތައެވެ."" [255]."
[255] الترمذي برقم (3428)، وابن ماجه (5/291) برقم (3860)، والحاكم (1/538)، وحسنه الألباني في صحيح ابن ماجه (2/21)، وفي صحيح الترمذي (3/152).,[255] ރިވާކުރެއްވީ އައް-ތިރްމިޛީ ނަމްބަރު 3428 ގައި، އަދި އިބްނު މާޖާ 5/291 ގެ ނަމްބަރު 3860 ގައި، އަދި އަލް-ޙާކިމު 1/538 ގައެވެ. އަދި ޞަޙީޙު އިބްނު މާޖާގެ 2/21 ގައާއި ޞަޙީޙު އައް-ތިރްމީޛީގެ 3/152 ގައި އަލް-އަލްބާނީ އެ ޙަދީޘް ޙަސަނުކުރެއްވިއެވެ.
لَا إِلَهَ إِلَّا اللَّهُ وَحْدَهُ لَا شَرِيكَ لَهُ، لَهُ المُلْكُ، وَلَهُ الحَمْدُ، يُحْيِي وَيُمِيتُ، وَهُوَ حَيٌّ لَا يَمُوتُ، بِيَدِهِ الخَيْرُ، وَهُوَ عَلَى كُلِّ شَيْءٍ قَدِير,ލާ އިލާހަ އިއްލައްލޯހު ވަޙްދަހޫ ލާ ޝަރީކަ ލަހް، ލަހުލް މުލްކު، ވަލަހުލް ޙަމްދު، ޔުޙްޔީ ވަޔުމީތު، ވަހުވަ ޙައްޔުން ލާ ޔަމޫތު، ބިޔަދިހިލް ޚައިރު، ވަހުވަ ޢަލާ ކުއްލި ޝައިއިން ޤަދީރް
99. الدُّعَاءُ إِذَا تَعِسَ المَرْكُوبُ,99. ސަވާރީ އަޅައިގަނެގެން ވެއްޓިއްޖެނަމަ ކުރާ ދުޢާ
«بِسْمِ اللَّهِ»[256].,"«بِسْمِ اللَّهِ»
 މާނައީ : ""ﷲ ގެ އިސްމުފުޅުން ބަރަކާތް ހޯދަމެވެ."" [256]."
[256] أبو داود (4/296) برقم (4982)، وصححه الألباني في صحيح أبي داود (3/941).,[256] ރިވާކުރެއްވީ އަބޫ ދާވޫދު 4/296 ގެ ނަމްބަރު 4982 ގައެވެ. އަދި އަލް-އަލްބާނީވަނީ ޞަޙީޙު އަބީ ދާވޫދުގެ 3/941 ގައި މި ރިވާޔަތް ޞައްޙަކުރައްވާފައެވެ.
بِسْمِ اللَّه,ބިސްމިއްލާހް
100. دُعَاءُ المُسَافِرِ لِلْمُقيمِ,100. ދަތުރުވެރިޔާ ރަށުގައި ޤާއިމުވެގެން ހުރި މީހާއަށް ކޮށްދޭނެ ދުޢާ
«أَسْتَوْدِعُكُمُ اللَّهَ الَّذِي لَا تَضِيعُ وَدَائِعُهُ»[257].,"«أَسْتَوْدِعُكُمُ اللَّهَ الَّذِي لَا تَضِيعُ وَدَائِعُهُ»
 މާނައީ: ""އެ އިލާހުއާ ޙަވާލުކުރެވޭ އަމާނާތްތައް ގެއްލިގެން ނުދާނޭ އިލާހުކަމުގައިވާ ﷲ އަށް ތިޔަބައިމީހުން ޙަވާލުކުރަމެވެ."" [257]."
[257] أحمد (2/403) برقم (9230)، وابن ماجه (2/943) برقم (2825)، وانظر: صحيح ابن ماجه (2/133).,[257] ރިވާކުރެއްވީ އަޙްމަދު 2/403 ގެ ނަމްބަރު 9230 ގައި، އަދި އިބްނު މާޖާ 2/943 ގެ ނަމްބަރު 2825 ގައެވެ. އަދި ޞަޙީޙު އިބްނު މާޖާގެ 2/133 ބައްލަވާށެވެ.
أَسْتَوْدِعُكُمُ اللَّهَ الَّذِي لَا تَضِيعُ وَدَائِعُه,އަސްތަވްދިޢުކުމުއްލޯހުއް ލަޛީ ލާ ތަޟީޢު ވަދާއިޢުހް
101. دُعَاءُ المُقِيمِ لِلْمُسَافِرِ,101. ރަށުގައި ޤާއިމުވެގެން ހުރި މީހާ ދަތުރުވެރިޔާއަށް ކޮށްދޭނެ ދުޢާ
«أَسْتَوْدِعُ اللَّهَ دِينَكَ، وَأَمَانَتَكَ، وَخَوَاتِيمَ عَمَلِكَ»[258].,"«أَسْتَوْدِعُ اللَّهَ دِينَكَ، وَأَمَانَتَكَ، وَخَوَاتِيمَ عَمَلِكَ»
 މާނައީ: “ތިބާގެ ދީނާއި، ތިބާގެ އަމާނަތާއި، ތިބާގެ ޢަމަލުތަކުގެ ނިމުންތައް، ﷲ އާ އަހަރެން ޙަވާލުކުރަމެވެ."" [258]."
[258] أحمد (2/7) برقم (4524)، والترمذي (5/499) برقم (3443)، وصححه الألباني في صحيح سنن الترمذي (3/419).,[258] ރިވާކުރެއްވީ އަޙްމަދު 2/7 ގެ ނަމްބަރު 4524 ގައި، އަދި އައް-ތިރްމިޛީ 5/499 ގެ ނަމްބަރު 3443 ގައެވެ. އަދި އަލް-އަލްބާނީވަނީ ޞަޙީޙު ސުނަނި އަބީ ދާވޫދުގެ 3/419 ގައި މި ރިވާޔަތް ޞައްޙަކުރައްވާފައެވެ.
أَسْتَوْدِعُ اللَّهَ دِينَكَ، وَأَمَانَتَكَ، وَخَوَاتِيمَ عَمَلِك,އަސްތައުދިޢުއްލޯހަ ދީނަކަ، ވަ އަމާނަތަކަ، ވަ ޚަވާތީމަ ޢަމަލިކް
«زَوَّدَكَ اللَّهُ التَّقْوَى، وَغَفَرَ ذَنْبَكَ، وَيَسَّرَ لَكَ الخَيْرَ حَيْثُ ما كُنْتَ»[259].,"«زَوَّدَكَ اللَّهُ التَّقْوَى، وَغَفَرَ ذَنْبَكَ، وَيَسَّرَ لَكَ الخَيْرَ حَيْثُ ما كُنْتَ»
 މާނައީ: ""ﷲ ތިބާގެ ކޮއްތުކަމުގައި ތަޤުވާވެރިކަން ލައްވާ، ތިބާގެ ފާފަ ފުއްސަވާ، އަދި ތިބާވީ ކޮންމެ ތަނެއްގައި ތިބާއަށް ހެޔޮކަން ފަހިކުރައްވާށިއެވެ."" [259]."
[259] الترمذي برقم (3444)، وانظر: صحيح الترمذي (3/155).,[259] ރިވާކުރެއްވީ އައް-ތިރްމިޛީ ނަމްބަރު 3444 ގައެވެ. އަދި ޞަޙީޙުއް-ތިރްމިޛީގެ 3/155 ބައްލަވާށެވެ.
زَوَّدَكَ اللَّهُ التَّقْوَى، وَغَفَرَ ذَنْبَكَ، وَيَسَّرَ لَكَ الخَيْرَ حَيْثُ ما كُنْت,ޒައްވަދަކައްލޯހުއް ތަޤްވާ، ވަޣަފަރަ ޛަމްބަކަ، ވަޔައްސަރަ ލަކަލް ޚައިރަ ޙައިޘު މާ ކުންތަ
102. التَّكبيرُ والتَّسبِيحُ في سَيْرِ السَّفَرِ,102. ދަތުރުމަތީގައި ތަކްބީރާއި ތަސްބީޙަ ކިޔުން
قَالَ جَابِرٌ رضي الله عنه:,ޖާބިރު رضي الله عنه ވިދާޅުވިއެވެ:
«كُنَّا إِذَا صَعَدْنَا كَبَّرْنَا،,"""އަހަރުމެން (ދަތުރުމަތީގައި) ތަނަކަށް މައްޗަށް އަރާނަމަ، ތަކްބީރު (الله أكبر) ކިޔަމެވެ،"""
يقول:,އޭނާ ކިޔާނީ:
(اللَّهُ أَكْبَرُ),"اللَّهُ أَكْبَرُ
 މާނައީ: ""އެންމެ ބޮޑީ ﷲ އެވެ."""
اللَّهُ أَكْبَر,އައްލޯހު އަކްބަރް
وَإِذَا نَزَلْنَا سَبَّحْنَا»[260].,"އަދި ތިރިއަށް ފައިބާނަމަ ތަސްބީޙަ (سبحان الله) ކިޔަމެވެ."" [260]."
يقول:,އޭނާ ކިޔާނީ:
(سُبْحَانَ اللَّهِ),"(سُبْحَانَ اللَّهِ)
 މާނައީ: ﷲ ގެ ހުސްޠާހިރުވަންތަކަމާއެވެ."
[260] البخاري مع الفتح (6/135) برقم (2993).,[260] ރިވާކުރެއްވީ އަލް-ބުޚާރީ، ފަތުޙުލް-ބާރީއާއެކުވާ ފޮތުގެ 6/135 ގެ ނަމްބަރު 2993 ގައެވެ.
سُبْحَانَ اللَّه,ސުބްޙާނައްލޯހި
103. دُعاءُ المُسَافِرِ إِذَا أَسْحَرَ,103. ދަތުރުވެރިޔާ ހާރުދަން ވަޤުތުވާހިނދު ކިޔާ ދުޢާ
«سَمَّعَ سَامِعٌ بِحَمْدِ اللَّهِ، وَحُسْنِ بَلَائِهِ عَلَيْنَا، رَبَّنَا صاحِبْنَا، وَأَفْضِلْ عَلَيْنَا، عَائِذًا بِاللَّهِ مِنَ النَّارِ»[261].,"«سَمَّعَ سَامِعٌ بِحَمْدِ اللَّهِ، وَحُسْنِ بَلَائِهِ عَلَيْنَا، رَبَّنَا صاحِبْنَا، وَأَفْضِلْ عَلَيْنَا، عَائِذًا بِاللَّهِ مِنَ النَّارِ»
 މާނައީ: ""ﷲ އަށް ޙަމްދުކޮށް، އަދި އެ އިލާހު އަޅަމެންނަށް ދެއްވި ރިވެތި ނިޢުމަަތްތަކަށް (އަޅަމެން އިޢުތިރާފުވެ ޝުކުރުކުރާ އަޑު) އަޑުއަހާ މީހަކު އަޑުއިއްވާ ފޯރުކޮށްދޭށެވެ. އަޅަމެންގެ ވެރި ރައްބެވެ! އަޅަމެންނާއެކު ވޮޑިގަންނަވާށިއެވެ. އަދި އަޅަމެންގެ މައްޗަށް ފަޟްލަވަންތަކަން ދެއްވާށިއެވެ. ﷲ ގެ ޙަޟްރަތުން ނަރަކައިން ރައްކާތެރިކޮށްދެއްވުމަށް އެދޭ ޙާލުގައެވެ."" [261]."
[261] مسلم (4/2086) برقم (2718)، ومعنى سَمَّعَ سَامِعٌ: أي شهد شاهدٌ على حمدنا للَّه تعالى على نعمه، وحسن بلائه. ومعنى سَمَّعَ سامِعٌ: بلَّغ سامع قولي هذا لغيره، وقال مثله تنبيهًا على الذكر في السحر والدعاء. شرح النووي على صحيح مسلم (17/39).,[261] ރިވާކުރެއްވީ މުސްލިމު 4/2086 ގެ ނަމްބަރު 2718 ގައެވެ. އަދި سَمِعَ سَامِعٌ ގެ މާނައަކީ: ﷲ ތަޢާލާ އަޅަމެންނަށް ދެއްވި ނިޢުމަތްތަކާއި، އެއިލާހު ރިވެތި އިމްތިޙާނުތަކަށް އަޅަމެން އެއިލާހުއަށް ޙަމްދުކުރާކަމަށް ހެކިވާ މީހަކު ހެކިވެއްޖެއެވެ. އަދި سَمَّعَ سامِعٌ ނަމަ އޭގެ މާނައަކީ: އަހަރެންގެ މި ބަސް އަޑުއަހާ މީހަކު އެހެން މީހަކަށް ފޯރުކޮށްދީ، އަދި އެފަދައިން ބުނެފިއެވެ. އެއީ ހާރުދަމު ވަޤުތުގައި ޛިކުރުކޮށް ދުޢާކުރުމަށް ސަމާލުކުރުވުމަށެވެ. މިހެން ޝަރަޙަކޮށްފައިވަނީ އައް-ނަވަވީގެ ޞަޙީޙު މުސްލިމްގެ ޝަރަޙާގެ 17/39 ގައެވެ.
سَمَّعَ سَامِعٌ بِحَمْدِ اللَّهِ، وَحُسْنِ بَلَائِهِ عَلَيْنَا، رَبَّنَا صاحِبْنَا، وَأَفْضِلْ عَلَيْنَا، عَائِذًا بِاللَّهِ مِنَ النَّار,ސައްމަޢަ ސާމިޢުން ބިޙަމްދިއްލާހި، ވަޙުސްނި ބަލާއިހި ޢަލައިނާ، ރައްބަނާ ޞާޙިބްނާ، ވައަފްޟިލް ޢަލައިނާ، ޢާއިޛަން ބިއްލާހި މިނައްނާރް
104. الدُّعَاءُ إِذَا نَزَلَ مَنْزِلًا فِي سَفَرٍ أَوْ غَيْرِهِ,104. ދަތުރެއްގައި ނުވަތަ އެހެން ގޮތަކަށްވިޔަސް ތަނަކަށް ފައިބާހިނދު ކިޔާ ދުޢާ
«أَعُوذُ بِكَلِمَاتِ اللَّهِ التَّامَّاتِ مِنْ شَرِّ مَا خَلَقَ»[262].,"«أَعُوذُ بِكَلِمَاتِ اللَّهِ التَّامَّاتِ مِنْ شَرِّ مَا خَلَقَ»
 މާނައީ: ""ﷲ ގެ ފުރިހަމަވެގެންވާ ކަލިމަފުޅުތަކުން، އެއިލާހު ޚަލްޤުކުރެއްވި ކޮންމެ ނުބަޔަކުން ރައްކާތެރިކޮށްދެއްވުމަށް މިއަޅާ އެދެމެވެ."" [262]."
[262] مسلم (4/2080) برقم (2709).,[262] ރިވާކުރެއްވީ މުސްލިމް 4/2080 ގެ ނަމްބަރު 2709 ގައެވެ.
أَعُوذُ بِكَلِمَاتِ اللَّهِ التَّامَّاتِ مِنْ شَرِّ مَا خَلَق,އަޢޫޛު ބިކަލިމާތިއްލާހިއް ތާއްމާތި މިން ޝައްރި މާ ޚަލަޤް
105. ذِكْرُ الرُّجُوعِ مِنَ السَّفَرِ,105. ދަތުރުން އެނބުރި އަންނަމުން ކިޔާ ޛިކުރު
«يُكَبِّرُ عَلَى كُلِّ شَرَفٍ ثَلَاثَ تَكْبِيرَاتٍ ثُمَّ يَقُولُ:,"""ކޮންމެ އުސްތަނެއްގެ މަތީގައި ތިންފަހަރު ތަކްބީރު ކިޔާނީއެވެ. ދެން އެއަށްފަހު ކިޔާނީ:"
لَا إِلَهَ إِلَّا اللَّهُ وَحْدَهُ لَا شَرِيكَ لَهُ، لَهُ المُلْكُ، وَلَهُ الحَمْدُ، وَهُوَ عَلَى كُلِّ شَيْءٍ قَدِيرٌ، آيِبُونَ، تَائِبُونَ، عَابِدُونَ، لِرَبِّنا حَامِدُونَ، صَدَقَ اللَّهُ وَعْدَهُ، وَنَصَرَ عَبْدَهُ، وَهَزَمَ الأَحْزابَ وَحْدَهُ»[263].,"لَا إِلَهَ إِلَّا اللَّهُ وَحْدَهُ لَا شَرِيكَ لَهُ، لَهُ المُلْكُ، وَلَهُ الحَمْدُ، وَهُوَ عَلَى كُلِّ شَيْءٍ قَدِيرٌ، آيِبُونَ، تَائِبُونَ، عَابِدُونَ، لِرَبِّنا حَامِدُونَ، صَدَقَ اللَّهُ وَعْدَهُ، وَنَصَرَ عَبْدَهُ، وَهَزَمَ الأَحْزابَ وَحْدَهُ»
 މާނައީ: ""ﷲ މެނުވީ ޙައްޤުވެގެން އަޅުކަންވެވޭ އިލާހަކު ނުވެއެވެ. އެއިލާހުގެ އެއްކައުވަންތައެވެ. އެއިލާހުއަށް އެއްވެސް ބައިވެރިޔަކު ނުވެއެވެ. ރަސްކަންވަނީ އެއިލާހުއަށެވެ. ޙަމްދުހުރީ އެއިލާހަށެވެ. އަދި ކޮންމެ ކަމެއްގެ މައްޗަށް އެއިލާހުގެ ކުޅަދުންވަންތަވެގެންވެއެވެ. އަޅަމެން އެނބުރި މިއަންނަނީ، ތައުބާވާ މީހުންގެ ގޮތުގައި، އަޅުވެރި މީހުންގެ ގޮތުގައި، އަޅަމެންގެ ވެރި ރައްބަށް ޙަމްދުކުރާ މީހުންގެ ގޮތުގައެވެ. ﷲ އެއިލާހުގެ ވަޢުދުފުޅު ފުރިހަަމަކުރެއްވިއެވެ. އަދި އެއިލާހު އަޅާއަށް ނަޞްރުދެއްވިއެވެ. އަދި އެއިލާހު ގިނިކަންޏާ ޖަމާޢަތްތައް ބަލިކުރެއްވިއެވެ."" [263]."
[263] كَانَ النَّبِيُّ ﷺ يَقُولُهُ إِذَا قَفَلَ مِنْ غَزْوٍ أَوْ حَجٍّ، البخاري (7/163) برقم (1797)، ومسلم (2/980) برقم (1344).,[263] ނަބިއްޔާ ﷺ، ހަނގުރާމަޔަކުން ނުވަތަ ޙައްޖަކުން އެނބުރި ވަޑައިގަންނަވާހިނދު އެހެން ކިޔުއްވައެވެ. ރިވާކުރެއްވީ އަލް-ބުޚާރީ 7/163 ގެ ނަމްބަރު 1797 ގައި، އަދި މުސްލިމް 2/980 ގެ ނަމްބަރު 1344 ގައެވެ.
لَا إِلَهَ إِلَّا اللَّهُ وَحْدَهُ لَا شَرِيكَ لَهُ، لَهُ المُلْكُ، وَلَهُ الحَمْدُ، وَهُوَ عَلَى كُلِّ شَيْءٍ قَدِيرٌ، آيِبُونَ، تَائِبُونَ، عَابِدُونَ، لِرَبِّنا حَامِدُونَ، صَدَقَ اللَّهُ وَعْدَهُ، وَنَصَرَ عَبْدَهُ، وَهَزَمَ الأَحْزابَ وَحْدَه,ލާއިލާހަ އިއްލައްލޯހު ވަޙްދަހޫ ލާ ޝަރީކަ ލަހް، ލަހުލް މުލްކު ވަލަހުލް ޙަމްދު، ވަހުވަ ޢަލާ ކުއްލި ޝަތްއިން ޤަދީރް، އާޔިބޫނަ، ތާއިބޫނަ ޢާބިދޫނަ، ލިރައްބިނާ ޙާމިދޫނަ، ޞަދަޤައްލޯހު ވަޢްދަހޫ، ވަނަޞަރަ ޢަބްދަހޫ، ވަހަޒަމަލް އަޙްޒާބަ ވަޙްދަހް
106. مَا يَقُولُ مَنْ أَتَاهُ أَمْرٌ يَسُرُّهُ أَوْ يَكْرَهُهُ,106. އުފާވާކަމެއް ނުވަތަ ނުރުހޭކަމެއް ދިމާވެއްޖެ މީހާ ކިޔަންވީ ދުޢާ
كَانَ النَّبِيُّ ﷺ إِذَا أَتَاهُ الأَمْرُ يَسُرُّهُ قَالَ:,ނަބިއްޔާ ﷺ އުފާފުޅުވާ ކަމެއް އަތުވެއްޖެނަމަ ވިދާޅުވެއެވެ:
«الحَمْدُ لِلَّهِ الَّذِي بِنِعْمَتِهِ تَتِمُّ الصَّالِحَاتُ»,"«الحَمْدُ لِلَّهِ الَّذِي بِنِعْمَتِهِ تَتِمُّ الصَّالِحَاتُ»
 މާނައީ: ""އެ އިލާހު ނިޢުމަތުން ޞާލިޙު ހެޔޮ ކަންކަން ފުރިހަމަވެގެންދާ ﷲ އަށް ޙަމްދުހުއްޓެވެ."""
الحَمْدُ لِلَّهِ الَّذِي بِنِعْمَتِهِ تَتِمُّ الصَّالِحَات,އަލްޙަމްދު ލިއްލާހިއް ލަޛީ ބިނިޢްމަތިހީ ތަތިންމުއް ޞާލިޙާތު
وَإِذَا أَتَاهُ الأَمْرُ يَكْرَهُهُ قَالَ:,އަދި އެކަލޭގެފާނު ނުރުހިވަޑައިގަންނަވާ ކަމެއް އަތުވެއްޖެނަމަ ވިދާޅުވެއެވެ:
«الحَمْدُ لِلَّهِ عَلَى كُلِّ حَالٍ»[264].,"«الحَمْدُ لِلَّهِ عَلَى كُلِّ حَالٍ»
 މާނައީ: ""ކޮންމެ ޙާލަތެއްގައިވެސް ﷲ އަށް ޙަމްދު ހުއްޓެވެ."" [264]."
[264] أخرجه ابن السني في عمل اليوم والليلة برقم (377)، والحاكم وصححه (1/499)، وصححه الألباني في صحيح الجامع (4/201).,[264] ރިވާކުރެއްވީ އިބްނުއް-ސުންނީ ޢަމަލުލް-ޔައުމި ވައް-ލައިލާގެ ނަމްބަރު 377 ގައެވެ. އަދި އަލް-ޙާކިމު 1/499 ގައި ރިވާކުރައްވާ ޞައްޙަކުރެއްވިއެވެ. އަދި ޞަޙީޙުލް-ޖާމިޢުގެ 4/201 އަލް-އަލްބާނީ މި ޙަދީޘް ޞައްޙަކުރެއްވިއެވެ.
الحَمْدُ لِلَّهِ عَلَى كُلِّ حَال,އަލްޙަމްދު ލިއްލާހި ޢަލާ ކުއްލި ޙާލް
107. فَضْــلُ الصَّــلَاةِ عَــلَى النَّبيِّ ﷺ,107. ނަބިއްޔާ ﷺ ގެ މައްޗަށް ޞަލަވާތްކިޔެވުމުގެ މާތްކަން
قَالَ النَّبِيُّ ﷺ:,ނަބިއްޔާ ﷺ ޙަދީޘްކުރެއްވިއެވެ:
«مَنْ صَلَّى عَلَيَّ صَلَاةً صَلَّى اللَّهُ عَلَيْهِ بِهَا عَشْرًا»[265].,"""ތިމަންކަލޭގެފާނުގެ މައްޗަށް އެއްފަހަރު ޞަލަވާތް ކިޔަވައިފި މީހަކަށް، ﷲ އޭގެ ސަބަބުން ދިހަ ޞަލަވާތް ލައްވަތެވެ."" [265]."
كأن يقول:,އެއީ މިފަދަ ގޮތަކަށް ކިޔުމެވެ:
(اللَّهُمَّ صَلِّ وَسَلِّمْ عَلَى نَبِيِّنَا مُحَمَّدٍ).,"اللَّهُمَّ صَلِّ وَسَلِّمْ عَلَى نَبِيِّنَا مُحَمَّدٍ
 މާނައީ: ""އޭ ﷲ އެވެ! އަޅަމެންގެ ނަބިއްޔާ މުޙައްމަދުގެފާނުގެ މައްޗަށް ޞަލަވާތާއި ސަލާމް ލައްވާށިއެވެ."""
[265] أخرجه مسلم (1/288) برقم (384).,[265] މި ޙަދީޘް ނެރުއްވީ މުސްލިމް 1/288 ގެ ނަމްބަރު 384 ގައެވެ.
اللَّهُمَّ صَلِّ وَسَلِّمْ عَلَى نَبِيِّنَا مُحَمَّد,އައްލޯހުންމަ ޞައްލި ވަސައްލިމް ޢަލާ ނަބިއްޔިނާ މުޙައްމަދް
وَقَالَ ﷺ:,އަދިވެސް އެކަލޭގެފާނު ﷺ ޙަދީޘް ކުރެއްވިއެވެ:
«لَا تَجْعَلُوا قَبْرِي عِيدًا وَصَلُّوا عَلَيَّ؛ فَإِنَّ صَلَاتَكُم تَبْلُغُنِي حَيْثُ كُنْتُمْ»[266].,"""ތިޔަބައިމީހުން ތިމަންކަލޭގެފާނުގެ ޤަބުރުފުޅު، ޢީދެއްގެ ގޮތުގައި ނުހަދާހުށިކަމެވެ. އަދި ތިމަންކަލޭގެފާނުގެ މައްޗަށް ޞަލަވާތް ކިޔަވާށެވެ. ފަހެ ހަމަކަށަވަރުން، ތިޔަބައިމީހުންވީ ކޮންމެ ތާކުން، ތިޔަބައިމީހުންގެ ޞަލަވާތް ތިމަންކަލޭގެފާނަށް ފޯރަތެވެ."" [266]."
[266] أبو داود (2/218) برقم (2044)، وأحمد (2/367) برقم (8804)، وصححه الألباني في صحيح أبي داود (2/383).,[266] ރިވާކުރެއްވީ އަބޫ ދާވޫދު 2/218 ގެ ނަމްބަރު 2044 ގައި، އަދި އަޙްމަދު 2/367 ގެ ނަމްބަރު 8804 ގައެވެ. އަދި އަލް-އަލްބާނީވަނީ ޞަޙީޙު އަބީ ދާވޫދުގެ 2/383 ގައި މި ރިވާޔަތް ޞައްޙަކުރައްވާފައެވެ.
وَقَالَ ﷺ:,އަދިވެސް އެކަލޭގެފާނު ﷺ ޙަދީޘް ކުރެއްވިއެވެ:
«البَخِيلُ مَنْ ذُكِرْتُ عِنْدَهُ فَلَمْ يُصَلِّ عَلَيَّ»[267].,"""ދަހިވެތި ބަޚީލުމީހަކީ އެމީހެއްގެ ގާތުގައި ތިމަންކަލޭގެފާނުގެ ނަންގަނެވި، ދެން ތިމަންކަލޭގެފާނުގެ މައްޗަށް ޞަލަވާތް ނުކިޔެވި މީހާއެވެ."" [267]."
[267] الترمذي (5/551) برقم (3546)، وغيره، وانظر: صحيح الجامع (3/25)، وصحيح الترمذي (3/177).,[267] ރިވާކުރެއްވީ އައް-ތިރްމިޛީ 5/551 ގެ ނަމްބަރު 3546 ގައެވެ. އަދި ޞަޙީޙުލް-ޖާމިޢުގެ 3/25 އާއި، ޞަޙީޙުއް-ތިރްމިޛީގެ 3/177 ބައްލަވާށެވެ.
وَقَالَ ﷺ:,އަދިވެސް އެކަލޭގެފާނު ﷺ ޙަދީޘް ކުރެއްވިއެވެ:
«إِنَّ لِلَّهِ مَلَائِكَةً سَيَّاحِينَ فِي الأَرْضِ يُبَلِّغُونِي مِنْ أُمَّتِي السَّلَامَ»[268].,"""ހަމަކަށަވަރުން ބިމުގައި ދަތުރުފަތުރުކޮށް އުޅޭ މަލާއިކަތުންތަކެއް ﷲ އަށްވެއެވެ. އެބޭކަލުން، ތިމަންކަލޭގެފާނުގެ އުއްމަތުގެ ފަރާތުން، ތިމަންކަލޭގެފާނަށް ސަލާމް ފޯރުކޮށްދެއްވަތެވެ."" [268]."
[268] النسائي (3/43) برقم (1282)، والحاكم (2/421)، وصححه الألباني في صحيح النسائي (1/274).,[268] ރިވާކުރެއްވީ އައް-ނަސާއީ 3/43 ގެ ނަމްބަރު 1282 ގައި، އަދި އަލް-ޙާކިމު 2/421 ގައެވެ. އަދިޞަޙީޙުއް-ނަސާއީގެ 1/274 ގައި އަލް-އަލްބާނީ އެ ރިވާޔަތް ޞައްޙަކުރެއްވިއެވެ.
وَقَالَ ﷺ:,އަދިވެސް އެކަލޭގެފާނު ﷺ ޙަދީޘް ކުރެއްވިއެވެ:
«مَا مِنْ أَحَدٍ يُسَلِّمُ عَلَيَّ إِلَّا رَدَّ اللَّهُ عَلَيَّ رُوحِيَ حَتَّى أَرُدَّ عَلَيْهِ السَّلَامَ»[269].,"""އެއްވެސް މީހަކު ތިމަންކަލޭގެފާނާ ސަލާމްކޮށްފިނަމަ، އޭނާއަށް ސަލާމްގެ ޖަވާބުދެއްވުމަށްޓަކައި ތިމަންކަލޭގެފާނުގެ ފުރާނަފުޅު ތިމަންކަލޭގެފާނަށް ﷲ އަނބުރާ ރައްދުކުރައްވައިގެން މެނުވީ ނުވެއެވެ."" [269]."
[269] أبو داود برقم (2041)، وحسنه الألباني في صحيح أبي داود (1/383).,[269] ރިވާކުރެއްވީ އަބޫ ދާވޫދު ނަމްބަރު 2041 ގައެވެ. އަަދި އަލް-އަލްބާނީވަނީ ޞަޙީޙު އަބީ ދާވޫދުގެ 1/383 ގައި މި ޙަދީޘް ޙަސަނުކުރައްވާފައެވެ.
108. إِفْشَاءُ السَّلَامِ,108. ސަލާމްކުރުން ފެތުރުން
قَالَ رَسُولُ اللَّهِ ﷺ:,ﷲ ގެ ރަސޫލާ ﷺ ޙަދީޘްކުރެއްވިއެވެ:
«لَا تَدْخُلُوا الجَنَّةَ حَتَّى تُؤْمِنُوا، وَلَا تُؤْمِنُوا حَتَّى تَحَابُّوا، أَوَلَا أَدُلُّكُم عَلَى شَيْءٍ إِذَا فَعَلْتُمُوهُ تَحَابَبْتُم، أَفْشُوا السَّلَامَ بَيْنَكُمْ»[270].,"""ތިޔަބައިމީހުން އީމާންވެއްޖައުމަށް ދާންދެން، ތިޔަބައިމީހުން ސުވަރުގެއަށް ނުވަންނާނެތެވެ. އަދި ތިޔަބައިމީހުން އެކަކު އަނެކަކު ދެކެ ލޯބިވެއްޖައުމަށް ދާންދެން، ތިޔަބައިމީހުން އީމާންވިކަމުގައި ނުވެއެވެ. ފަހެ ތިޔަބައިމީހުން އެ ކަމެއް ކޮށްފިނަމަ، ތިޔަބައިމީހުން އެކަކު އަނެކަކު ދެކެ ލޯބިވާނެ ކަމެއް، ތިމަންކަލޭގެފާނު ތިޔަބައިމީހުންނަށް ދައްކައިދެއްވަން ހެއްޔެވެ؟ ތިޔަބައިމީހުންގެ މެދުގައި ސަލާމްކުރުން ފަތުރާށެވެ.“ [270]."
[270] مسلم (1/74) برقم (54)، وأحمد برقم (1430)، واللفظ له، ولفظ مسلم: «لَا تَدْخُلُونَ...».,"[270] ރިވާކުރެއްވީ މުސްލިމް 1/74 ގެ ނަމްބަރު 54 ގައި، އަދި އަޙްމަދު ނަމްބަރު 1430 ގައެވެ. އަދި މިއީ އަޙްމަދުގެ ލަފްޒެވެ. މުސްލިމްގެ ލަފްޒުގައިވަނީ: ""ތިޔަބައިމީހުން ސުވަރުގެއަށް ނުވަންނާނެއެވެ..."""
«ثَلَاثٌ مَنْ جَمَعَهُنَّ فَقَدْ جَمَعَ الإِيمَانَ: الإِنْصَافُ مِنْ نَفْسِكَ، وَبَذْلُ السَّلَامِ لِلْعَالَمِ، وَالإِنْفَاقُ مِنَ الإِقْتَارِ»[271].,”ތިން ކަމެއް ޖަމަޢަކޮށްފި މީހާ، ފަހެ އީމާންކަން ޖަމަޢަކޮށްފިއެވެ: އެއީ އަމިއްލަ ނަފްސުގެ ކިބައިންވެސް އިންޞާފުވެރިވުމާއި، ޢާލަމުގެ އެންމެންނަށް ސަލާމް ފެތުރުމާއި، ފަޤީރުކަމުގެ ޙާލުގައި ވެސް ހޭދަކުރުމެވެ.“ [271].
[271] البخاري مع الفتح (1/82) برقم (28)، عن عمار رضي الله عنه موقوفًا معلقًا.,[271] ރިވާކުރެއްވީ އަލް-ބުޚާރީ، ފަތުޙުލް-ބާރީއާއެކުވާ ފޮތުގެ 1/82 ގެ ނަމްބަރު 28 ގައި، ޢައްމާރު رضي الله عنه ގެ އަރިހުން މުޢައްލަޤުކޮށް މައުޤޫފުކޮށެވެ.
وَعَنْ عَبْدِ اللَّهِ بْنِ عُمَرَ رَضِيَ اللَّهُ عَنْهُمَا: أنَّ رَجُلًا سَأَلَ النَّبِيَّ ﷺ أيُّ الْإِسْلَامِ خَيْرٌ قَالَ:,"އަދި ޢަބްދު ﷲ ބްނު ޢުމަރު رضي الله عنهما ގެ އަރިހުން ރިވާވެގެންވެއެވެ. މީހަކު ނަބިއްޔާ ﷺ އަރިހުން ސުވާލުކުރިއެވެ: ""އިސްލާމްކަމުން އެންމެ ހެޔޮވެގެންވަނީ ކޮންކަމެއް ހެއްޔެވެ؟"" އެކަލޭގެފާނު ޙަދީޘްކުރެއްވިއެވެ:"
«تُطْعِمُ الطَّعَامَ، وَتَقْرأُ السَّلَامَ عَلَى مَنْ عَرَفْتَ وَمَنْ لَمْ تَعْرِفْ»[272].,"“ތިބާ މީސްތަކުންނަށް ކާންދިނުމެވެ. އަދި ތިބާ ދަންނަ މީހުންނާއި ނުދަންނަ މީހުންނާވެސް ސަލާމްކުރުމެވެ."" [272]."
[272] البخاري مع الفتح (1/55) برقم (12)، ومسلم (1/65) برقم (39).,[272] ރިވާކުރެއްވީ އަލް-ބުޚާރީ، ފަތުޙުލް-ބާރީއާއެކުވާ ފޮތުގެ 1/55 ގެ ނަމްބަރު 12 ގައި، އަދި މުސްލިމް 1/65 ގެ ނަމްބަރު 39 ގައެވެ.
109. كَيْفَ يَرُدُّ السَّلَامَ عَلَى الكَافِرِ إِذَا سَلَّمَ,109. ކާފަރަކު ސަލާމްކޮށްފިނަމަ، އޭނާއަށް ރައްދުދޭނީ ކިހިނެއް
«إذَا سَلَّمَ عَلَيْكُمْ أَهْلُ الكِتَابِ فَقُولُوا: وَعَلَيْكُمْ»[273].,"""ފޮތުގެ އަހުލުވެރިން ތިޔަބައިމީހުންނާ ސަލާމްކޮށްފިނަމަ، ފަހެ ތިޔަބައިމީހުން ބުނާށެވެ: وَعَلَيْكُمْ (ތިޔަބައިމީހުންނަށްވެސް އެހެންނެވެ.)"" [273]."
[273] البخاري مع الفتح (11/42) برقم (6258)، ومسلم (4/1705) برقم (2163).,[273] ރިވާކުރެއްވީ އަލް-ބުޚާރީ، ފަތުޙުލް-ބާރީއާއެކުވާ ފޮތުގެ 11/42ގެ ނަމްބަރު 6258 ގައި، އަދި މުސްލިމް 4/1705 ގެ ނަމްބަރު 2163 ގައެވެ.
وَعَلَيْكُم,ވަޢަލައިކުމް
110. الدُّعاءُ عِنْدَ سَمَاعِ صِياحِ الدِّيكِ ونَهِيقِ الحِمَارِ,110. ހާ ގޮވާ އަޑާއި، ހިމާރު ހޭރޭ އަޑު އިވުމުން ދުޢާކުރުން
«إِذَا سَمِعْتُمْ صِيَاحَ الدِّيَكَةِ فَاسْأَلُوا اللَّهَ مِنْ فَضْلِهِ؛ فَإِنَّهَا رَأَتْ مَلَكًا،,"""ތިޔަބައިމީހުންނަށް ހާ ގޮވާ އަޑު އިވިއްޖެނަމަ، ފަހެ ﷲ ގެ ޙަޟްރަތުން އެއިލާހުގެ ފަޟްލަވަންތަކަމަށް އެދޭށެވެ. އެހެނީ އެސޮރަށް މަލާއިކަތެއް ފެނުނީއެވެ."""
كأن يقول:,އެއީ މިފަދަ ގޮތަކަށް ބުނުމެވެ:
(اللَّهُمَّ إِنِّي أَسْأَلُكَ مِنْ فَضْلِكَ),"(اللَّهُمَّ إِنِّي أَسْأَلُكَ مِنْ فَضْلِكَ)
 މާނައީ: ""އޭ ﷲ އެވެ! އިބައިލާހުގެ ފަޟްލަވަންތަކަން ދެއްވުމަށް މިއަޅާ އެދި ދަންނަވަމެވެ."""
اللَّهُمَّ إِنِّي أَسْأَلُكَ مِنْ فَضْلِك,އައްލޯހުންމަ އިންނީ އަސްއަލުކަ މިން ފަޟްލިކް
وَإِذَا سَمِعْتُمْ نَهِيقَ الحِمَارِ فَتَعَوَّذُوا بِاللَّهِ مِنَ الشَّيطَانِ؛ فَإِنَّهُ رَأَى شَيْطَانًا»[274].,"""އަދި ތިޔަބައިމީހުންނަށް ޙިމާރު ހޭރޭ އަޑުއިވިއްޖެނަމަ، ފަހެ ﷲ ގެ ޙަޟްރަތުން ޝައިޠާނާގެ ކިބައިން ރައްކާތެރިކޮށްދެއްވުމަށް އެދޭށެވެ. އެހެނީ ފަހެ އެސޮރަށް ޝައިޠާނެއް ފެނިއްޖެއެވެ."" [274]."
كأن يقول:,އެއީ މިފަދަ ގޮތަކަށް ބުނުމެވެ:
(أَعُوذُ بِاللَّهِ مِنَ الشَّيْطَانِ الرَّجِيمِ).,"(أَعُوذُ بِاللَّهِ مِنَ الشَّيْطَانِ الرَّجِيمِ)
 މާނައީ: ""ރަޙްމަތުން ބޭރުކުރެވިގެންވާ ޝައިޠާނާގެ ކިބައިން ރައްކާތެރިކޮށްދެއްވުމަށް ﷲ ގެ ޙަޟްރަތުގައި އަޅު އެދި ދަންނަވަމެވެ."""
[274] البخاري مع الفتح (6/350) برقم (3303)، ومسلم (4/2092) برقم (2729).,[274] ރިވާކުރެއްވީ އަލް-ބުޚާރީ، ފަތުޙުލް-ބާރީއާއެކުވާ ފޮތުގެ 6/350 ގެ ނަމްބަރު 3303 ގައި، އަދި މުސްލިމް 4/2092 ގެ ނަމްބަރު 2729 ގައެވެ.
أَعُوذُ بِاللَّهِ مِنَ الشَّيْطَانِ الرَّجِيم,އަޢޫޛު ބިއްލާހި މިނައްޝައިޠާނިއް ރަޖީމް
111. الدُّعَاءُ عِنْدَ سَمَاعِ نُبَاحِ الكِلَابِ بِاللَّيْلِ,111. ރޭގަނޑު ކުއްތާ ވައްވައް ޖަހާ އަޑުއިވުމުން ދުޢާ ކުރުން
«إِذَا سَمِعْتُمْ نُبَاحَ الكِلَابِ وَنَهِيقَ الحَمِيرِ بِاللَّيْلِ فَتَعَوَّذُوا بِاللَّهِ مِنْهُنَّ؛ فَإِنَّهُنَّ يَرَيْنَ مَا لَا تَرَوْنَ»[275].,"""ތިޔަބައިމީހުންނަށް ރޭގަނޑު ކުއްތާ ވައްވައް ޖަހާ އަޑާއި، ޙިމާރު ހޭރޭ އަޑު އިވިއްޖެނަމަ، ފަހެ ﷲ ގެ ޙަޟްރަތުން އެސޮރުމެންގެ ކިބައިން ރައްކާތެރިކަމަށް އެދޭށެވެ. އެހެނީ ހަމަކަށަވަރުން ތިޔަބައިމީހުންނަށް ނުފެންނަ ތަކެތި އެސޮރުމެންނަށް ފެނެއެވެ."" [275]."
كأن يقول:,އެއީ މިފަދަ ގޮތަކަށް ކިޔުމެވެ:
(أَعُوذُ بِاللَّهِ مِنَ الشَّيْطَانِ الرَّجِيمِ).,"(أَعُوذُ بِاللَّهِ مِنَ الشَّيْطَانِ الرَّجِيمِ)
 މާނައީ: ""ރަޙްމަތުން ބޭރުކުރެވިގެންވާ ޝައިޠާނާގެ ކިބައިން ރައްކާތެރިކޮށްދެއްވުމަށް ﷲ ގެ ޙަޟްރަތުގައި އަޅު އެދި ދަންނަވަމެވެ."""
[275] أبو داود (4/327) برقم (5105)، وأحمد (3/306) برقم (14283)، وصححه الألباني في صحيح أبي داود (3/961).,[275] ރިވާކުރެއްވީ އަބޫ ދާވޫދު 4/327 ގެ ނަމްބަރު 5105 ގައި، އަދި އަޙްމަދު 3/306 ގެ ނަމްބަރު 14283 ގައެވެ. އަދި އަލް-އަލްބާނީވަނީ ޞަޙީޙު އަބީ ދާވޫދުގެ 3/961 ގައި މި ރިވާޔަތް ޞައްޙަކުރައްވާފައެވެ.
أَعُوذُ بِاللَّهِ مِنَ الشَّيْطَانِ الرَّجِيم,އަޢޫޛު ބިއްލާހި މިނައް ޝައިޠާނިއް ރަޖީމް
112. الدُّعَاءُ لِمَنْ سَبَبْتَهُ,112. ތިބާ އެމީހަކާ ދިމާލަށް ބަދުބަސްބުނެ އެއްޗެހި ގޮވުނު މީހަކަށް ކޮށްދޭނެ ދުޢާ
قَالَ النَّبِيُّ ﷺ:,ނަބިއްޔާ ﷺ ޙަދީޘްކުރެއްވިއެވެ:
«اللَّهُمَّ فَأَيُّمَا مُؤْمِنٍ سَبَبْتُهُ فَاجْعَلْ ذَلِكَ لَهُ قُرْبَةً إِلَيْكَ يَوْمَ القِيَامَةِ»[276].,"«اللَّهُمَّ فَأَيُّمَا مُؤْمِنٍ سَبَبْتُهُ فَاجْعَلْ ذَلِكَ لَهُ قُرْبَةً إِلَيْكَ يَوْمَ القِيَامَةِ»
 މާނައީ: ""އޭ ﷲ އެވެ! މި އަޅާ އެމީހަކާ ދިމާލަށް އެއްޗެހި ގޮވާފައިވާ އެއްވެސް މުއުމިނަކުވާނަމަ، ފަހެ އެއީ ޤިޔާމަތްދުވަހު އިބައިލާހާ ކުއްތަންކޮށްދެނިވި ކަމެއްކަމުގައި އޭނާއަށް ލައްވާށިއެވެ."" [276]."
[276] البخاري مع الفتح (11/171) برقم (6361)، ومسلم (4/2007) برقم (396)، ولفظه: «فَاجْعَلْهَا لَهُ زَكَاةً وَرَحْمَةً».,"[276] ރިވާކުރެއްވީ އަލް-ބުޚާރީ، ފަތުޙުލް ބާރީއާއެކުވާ ފޮތުގެ 11/171 ގެ ނަމްބަރު 6361 ގައި، އަދި މުސްލިމް 4/2007 ގެ ނަމްބަރު 396 ގައެވެ. އަދި މުސްލިމްގެ ލަފްޒުގައިވަނީ: «فَاجْعَلْهَا لَهُ زَكَاةً وَرَحْمَةً» މާނައީ: ""ފަހެ އެއީ އޭނާއަށްހުރި ޠާހިރުކޮށްދިނުމެއް ކަމުގައި، އަދި ރަޙްމަތެއްކަމުގައި ލައްވާށިއެވެ."""
113. مَا يَقُولُ المُسْلِمُ إِذَا مَدَحَ المُسْلِمَ,113. މުސްލިމަކަށް މަދަޙަ ތަޢުރީފުކުރާއިރު މުސްލިމްމީހާ ކިޔަންވީ ކީކޭކަން
قَالَ النَّبِيُّ ﷺ:,ނަބިއްޔާ ﷺ ޙަދީޘްކުރެއްވިއެވެ:
«إِذَا كَانَ أَحَدُكُم مَادِحًا صَاحِبَهُ لَا مَحَالَةَ فَلْيَقُلْ: أَحْسِبُ فُلَانًا وَاللَّهُ حَسِيبُهُ، وَلَا أُزَكِّي عَلَى اللَّهِ أَحَدًا، أَحْسِبُهُ –إِنْ كَانَ يَعْلَمُ ذَاكَ – كَذَا وَكَذَا»[277].,"""ތިޔަބައިމީހުންކުރެ މިހަކު އޭނާގެ އެކުވެރިޔާއަށް ކޮންމެހެންވެސް މަދަޙަ ތަޢުރީފުކުރާނަމަ، ފަހެ ބުނާހުށިކަމެވެ: ""މިވެނި އެވެނި މީހަކާމެދު އަހަރެން ހީކުރަނީ -އަދި އޭނާގެ ޙިސާބު ބައްލަވާ ފަރާތަކީ ﷲ އެވެ. އަދި އަހަރެން ﷲ ގެ މައްޗަށް (އެއިލާހުގެ ޙަޟްރަތުގައި) އެއްވެސް މީހަކަށް ތަޒްކިޔާދީ ޠާހިރުނުކުރަމެވެ.- އަހަރެންނަށް ފެންނަ ގޮތުގައި -އޭނާއަށް އެކަމެއް އެމީހަކުގެ ފުށުން ހަމަ އެނގޭކަމުގައިވާނަމަ- އޭނާއަކީ މިވެނި އެވެނި ކަހަލަ މީހެކެވެ."" [277]."
[277] رواه مسلم (4/2296) برقم (3000).,[277] އެ ޙަދީޘް ރިވާކުރެއްވީ މުސްލިމް 4/2296 ގެ ނަމްބަރު 3000 ގައެވެ.
114. مَا يَقُولُ المُسْلِمُ إِذَا زُكِّيَ,114. މުސްލިމްމީހާއަށް ތަޒްކިޔާދެވި ތަޢުރީފުކުރެވިއްޖެނަމަ، ކިޔާނެ ދުޢާ
«اللَّهُمَّ لَا تُؤَاخِذْنِي بِمَا يَقُولُونَ، وَاغْفِرْ لِي مَا لَا يَعْلَمُونَ، [وَاجْعَلْنِي خَيْرًا مِمَّا يَظُّنُّونَ]»[278].,"«اللَّهُمَّ لَا تُؤَاخِذْنِي بِمَا يَقُولُونَ، وَاغْفِرْ لِي مَا لَا يَعْلَمُونَ، [وَاجْعَلْنِي خَيْرًا مِمَّا يَظُّنُّونَ]»
 މާނައީ: ""އޭ ﷲ އެވެ! އެމީހުން އެކިޔާ ތަކެތީގެ ސަބަބުން މި އަޅާ ނުހިއްޕަވާށިއެވެ. އަދި އެމީހުންނަށް ނޭނގޭ ކަންތައް އިބައިލާހު މި އަޅާއަށް ފުއްސަވާދެއްވާށިއެވެ. އަދި އެމީހުން އެ ހީކުރާގޮތަށްވުރެ ރަނގަޅަށް މި އަޅާ ލައްވާށިއެވެ."" [278]."
[278] البخاري في الأدب المفرد برقم (761)، وصحح إسناده الألباني في صحيح الأدب المفرد برقم (585)، وما بين المعقوفين زيادة للبيهقي في شعب الإيمان (4/228) من طريق آخر.,[278] ރިވާކުރެއްވީ އަލް-ބުޚާރީ، އަލް-އަދަބުލް މުފްރަދުގެ ނަމްބަރު 761 ގައެވެ. އަދި އަލް-އަލްބާނީވަނީ ޞަޙީޙުލް-އަދަބުލް މުފްރަދުގެ ނަމްބަރު 536 ގައި އޭގެ ސަނަދު ޞައްޙަކުރައްވާފައެވެ. އަދި ދެ ބުރެކެޓް ދޭތެރޭގައިވާ ޢިބާރާތަކީ، އަލް-ބައިހަޤީ ޝުޢަބުލް-އީމާން 4/228 ގައި އެހެން މަގަކުން އިތުރަށް ރިވާކުރެއްވި ޢިބާރާތެކެވެ.
اللَّهُمَّ لَا تُؤَاخِذْنِي بِمَا يَقُولُونَ، وَاغْفِرْ لِي مَا لَا يَعْلَمُونَ، [وَاجْعَلْنِي خَيْرًا مِمَّا يَظُّنُّون],އައްލޯހުންމަ ލާ ތުއާޚިޛްނީ ބިމާ ޔަޤޫލޫން، ވަޣްފިރް ލީ މާ ލާ ޔަޢްލަމޫން، ވަޖްޢަލްނީ ޚައިރަން މިންމާ ޔަޡުއްނޫން
115. كَيْفَ يُلَبِّي المُحْرِمُ فِي الحَجِّ أَوِ العُمْرَةِ,115. އިޙްރާމް ބަނދެގެން ހުރި މީހާ ޙައްޖު ނުވަތަ ޢުމްރާގައި ތަލްބިޔާ ކިޔާނީ ކިހިނެއްކަން
«لَبَّيْكَ اللَّهُمَّ لَبَّيْكَ، لَبَّيْكَ لَا شَرِيكَ لَكَ لَبَّيْكَ، إِنَّ الحَمْدَ، وَالنِّعْمَةَ، لَكَ وَالمُلْكَ، لَا شَرِيكَ لَكَ»[279].,"«لَبَّيْكَ اللَّهُمَّ لَبَّيْكَ، لَبَّيْكَ لَا شَرِيكَ لَكَ لَبَّيْكَ، إِنَّ الحَمْدَ، وَالنِّعْمَةَ، لَكَ وَالمُلْكَ، لَا شَرِيكَ لَكَ»
 މާނައީ: ""އިބައިލާހަށް އިޖާބަދީފީމެވެ. އޭ ﷲ އެވެ. އިބައިލާހަށް އިޖާބައަކަށް ފަހު އިޖާބަދީފީމެވެ. އިބައިލާހަށް އެއްވެސް ޝަރީކަކު ނުވެއެވެ. އިބައިލާހަށް އިޖާބަދީފީމެވެ. އެންމެހާ ޙަމްދާއި ނިޢުމަތް އަދި ރަސްކަން ލިބިގެންވަނީ އިބައިލާހަށެވެ. އިބައިލާހަށް އެއްވެސް ބައިވެރިޔަކު ނުވެއެވެ."" [279]."
[279] البخاري مع الفتح (3/408) برقم (1549)، ومسلم (2/841) برقم (1184).,[279] ރިވާކުރެއްވީ އަލް-ބުޚާރީ، ފަތުޙުލް-ބާރީއާއެކުވާ ފޮތުގެ 3/408 ގެ ނަމްބަރު 1549 ގައި، އަދި މުސްލިމް 2/841 ގެ ނަމްބަރު 1184 ގައެވެ.
لَبَّيْكَ اللَّهُمَّ لَبَّيْكَ، لَبَّيْكَ لَا شَرِيكَ لَكَ لَبَّيْكَ، إِنَّ الحَمْدَ، وَالنِّعْمَةَ، لَكَ وَالمُلْكَ، لَا شَرِيكَ لَك,ލައްބައިކައްލޯހުންމަ ލައްބައިކަ، ލައްބައިކަ ލާ ޝަރީކަ ލަކަ ލައްބައިކަ، އިންނަލް ޙަމްދަ، ވައް ނިޢްމަތަ، ލަކަ ވަލް މުލްކް، ލާ ޝަރީކަ ލަކް
116. التَّكْبِيرُ إِذَا أَتَى الحَجَرَ الأَسْوَدَ,116. ޙަޖަރުލް-އަސްވަދުގެ ކައިރިއަށް އާދެވުމުން ތަކްބީރު ކިޔުން
«طَافَ النَّبيُّ ﷺ بِالْبَيْتِ عَلَى بَعِيرٍ كُلَّمَا أَتَى الرُّكْنَ أَشَارَ إِلَيْهِ بِشَيْءٍ عِنْدَهُ وَكَبَّرَ»[280].,"""ނަބިއްޔާ ﷺ ގެފުޅު ވަށައިގެން ޖަމަލެއްގެ މަތީގައި ޠަވާފުކުރެއްވިއެވެ. ރުކުނަށް (އެބަހީ: ޙަޖަރުލް-އަސްވަދަށް) އެކަލޭގެފާނަށް ވަޑައިގެންނެވޭ ކޮންމެ ފަހަރަކު އެކަލޭގެފާނުގެ އަރިހުގައިވާ އެއްޗަކުން އެއަށް އިޝާރާތްކުރައްވާ ތަކްބީރު (اَللهُ أَكْبَر) ކިޔުއްވައެވެ."" [280]."
[280] البخاري مع الفتح (3/476) برقم (1613)، والمراد بالشيء: المحجن. انظر: البخاري مع الفتح (3/472).,[280] ރިވާކުރެއްވީ އަލް-ބުޚާރީ، ފަތުޙުލް-ބާރީއާއެކުވާ ފޮތުގެ 3/476 ގެ ނަމްބަރު 1613 ގައެވެ. އަދި އެތަނުގައި އެކަލޭގެފާނުގެ އަރިހުގައިވާ އެއްޗެކޭ ބުނުމުގެ މުރާދަކީ: އަސާކޮޅެވެ. އަލް-ބުޚާރީ ފަތުޙުލް-ބާރީއާއެކުވާ ފޮތުގެ 3/472 ބައްލަވާށެވެ.
117. الدُّعَاءُ بَيْنَ الرُّكْنِ اليَمَانِيِّ وَالحَجَرِ الأَسْوَدِ,117. ރުކްނުލް-ޔަމާނީ އާއި ޙަޖަރުލް-އަސްވަދާ ދެމެދުގައި ކުރާ ދުޢާ
﴿...رَبَّنَآ ءَاتِنَا فِي ٱلدُّنۡيَا حَسَنَةٗ وَفِي ٱلۡأٓخِرَةِ حَسَنَةٗ وَقِنَا عَذَابَ ٱلنَّارِ﴾[281].,"﴿...رَبَّنَآ ءَاتِنَا فِي ٱلدُّنۡيَا حَسَنَةٗ وَفِي ٱلۡأٓخِرَةِ حَسَنَةٗ وَقِنَا عَذَابَ ٱلنَّارِ﴾
 މާނައީ: ""...އަޅަމެންގެ ރައްބެވެ! ދުނިޔޭގައި ހެޔޮކަން އަދި އާޚިރަތުގައިވެސް ހެޔޮކަން އަޅަމެންނަށް ދެއްވާނދޭވެ! އަދި ނަރަކައިގެ ޢަޛާބުން އަޅަމެން ދިންނަވާނދޭވެ!"" [281]."
[281] أبو داود (2/179) برقم (1894)، وأحمد (3/411) برقم (15398)، والبغوي في شرح السنة (7/128)، وحسنه الألباني في صحيح أبي داود، (1/354)، سورة البقرة [201].,[281] ރިވާކުރެއްވީ އަބޫ ދާވޫދު 2/179 ގެ ނަމްބަރު 1894 ގައި، އަދި އަޙްމަދު 3/411 ގެ ނަމްބަރު 15398 ގައި، އަދި އަލް-ބަޣަވީ ޝަރްޙުއް-ސުންނައިގެ 7/128 ގައެވެ. އަދި އަލް-އަލްބާނީވަނީ ޞަޙީޙު އަބީ ދާވޫދުގެ 1/354 ގައި މި ޙަދީޘް ޙަސަނުކުރައްވާފައެވެ. އަލް-ބަޤަރާ ސޫރަތުގެ [201] ވަނަ އާޔަތެވެ.
رَبَّنَآ ءَاتِنَا فِي ٱلدُّنۡيَا حَسَنَةٗ وَفِي ٱلۡأٓخِرَةِ حَسَنَةٗ وَقِنَا عَذَابَ ٱلنَّار,ރައްބަނާ އާތިނާ ފިއް ދުންޔާ ޙަސަނަތަން ވަފިލް އާޚިރަތި ޙަސަނަތަން ވަޤިނާ ޢަޛާބައް ނާރް
118. دُعَاءُ الوُقُوفِ عَلَى الصَّفَا وَالمَرْوَةِ,118. ޞަފާއާއި މަރްވާގެ މަތީގައި ހުއްޓިހުރެގެން ކުރާ ދުޢާ
لَمَّا دَنَا النَّبِيُّ ﷺ مِنَ الصَّفَا قَرَأَ:,ނަބިއްޔާ ﷺ (ސަޢުޔުކުރެއްވުމުގައި) ޞަފާ އާ ގާތްވެވަޑައިގަންނަވާހިނދު ކިޔަވާވިދާޅުވެއެވެ:
«إِنَّ الصَّفَا وَالْمَرْوَةَ مِنْ شَعَآئِرِ اللَّهِ...، أَبْدَأُ بِمَا بَدَأَ اللَّهُ بِهِ»,"«إِنَّ الصَّفَا وَالْمَرْوَةَ مِنْ شَعَآئِرِ اللَّهِ...، أَبْدَأُ بِمَا بَدَأَ اللَّهُ بِهِ»
 މާނައީ: ""ހަމަކަށަވަރުން ޞަފާއާއި މަރުވާވަނީ ﷲ ގެ ޝިޢާރުތަކުގެ ތެރެއިންނެވެ..."" ﷲ ފައްޓަވާފައިވާ ކަންތަކުން މި އަޅާވެސް ފަށަމެވެ."""
إِنَّ الصَّفَا وَالْمَرْوَةَ مِنْ شَعَآئِرِ اللَّهِ...، أَبْدَأُ بِمَا بَدَأَ اللَّهُ بِه,އިންނައް ޞަފާ ވަލްމަރްވަތަ މިން ޝަޢާއިރިއްލާހް...، އަބްދައު ބިމާ ބަދައައްލޯހު ބިހް
فَبَدَأَ بِالصَّفَا فَرَقِيَ عَلَيْهِ حَتَّى رَأَى البَيْتَ، فَاسْتَقْبَلَ القِبْلَةَ، فَوَحَّدَ اللَّهَ وَكبَّرَهُ وَقَالَ:,ދެން އެކަލޭގެފާނު ޞަފާ ފަރުބަދައިން ފައްޓަވާ، ގެފުޅު ފެނިވަޑައިގެންފުމަށް ދާންދެން އެ ފަރުބަދައިގެ މައްޗަށް އަރައިވަޑައިގަނެއެވެ. ދެން އެކަލޭގެފާނު ޤިބްލައަށް ކުރިމަތިލައްވާ، ﷲ ތައުޙީދުކޮށް (އެބަހީ: لَا إِلَهَ إِلَّا اللَّهُ ކިޔުއްވާ) އަދި ތަކްބީރު (الله أكبر ކިޔުއްވާ) ދެން ވިދާޅުވެއެވެ:
«لَا إِلَهَ إِلَّا اللَّهُ وَحْدَهُ لَا شَرِيكَ لَهُ، لَهُ المُلْكُ وَلَهُ الحَمْدُ وَهُوَ عَلَى كُلِّ شَيْءٍ قَدِيرٌ، لَا إِلَهَ إِلَّا اللَّهُ وَحْدَهُ، أَنْجَزَ وَعْدَهُ، وَنَصَرَ عَبْدَهُ، وَهَزَمَ الأَحْزَابَ وَحْدَهُ،,"«لَا إِلَهَ إِلَّا اللَّهُ وَحْدَهُ لَا شَرِيكَ لَهُ، لَهُ المُلْكُ وَلَهُ الحَمْدُ وَهُوَ عَلَى كُلِّ شَيْءٍ قَدِيرٌ، لَا إِلَهَ إِلَّا اللَّهُ وَحْدَهُ، أَنْجَزَ وَعْدَهُ، وَنَصَرَ عَبْدَهُ، وَهَزَمَ الأَحْزَابَ وَحْدَهُ،
 މާނައީ: ""ﷲ މެނުވީ ޙައްޤުވެގެން އަޅުކަންވެވޭ އިލާހެއް ނުވެއެވެ. އެއިލާހުގެ އެއްކައުވަންތައެވެ. އެއިލާހުއަށް އެއްވެސް ބައިވެރިޔަކު ނުވެއެވެ. ރަސްކަންވަނީ އެއިލާހުއަށެވެ. ޙަމްދުހުރީ އެއިލާހުއަށެވެ. އަދި ކޮންމެ ކަމެއްގެ މައްޗަށް އެއިލާހުގެ ކުޅަދުންވަންތަވެގެންވެއެވެ. ﷲ ފިޔަވައި ޙައްޤުވެގެން އަޅުކަންވެވޭ އިލާހަކު ނުވެއެވެ. އެއިލާހުގެ އެއްކައުވަންތައެވެ. އެއިލާހުގެ ވަޢުދުފުޅު ފުރިހަަމަކުރެއްވިއެވެ. އަދި އެއިލާހުގެ އަޅާއަށް ނަޞްރުދެއްވިއެވެ. އަދި އެއިލާހުގެ އެކަނި ޖަމާޢަތްތައް ބަލިކުރެއްވިއެވެ."""
لَا إِلَهَ إِلَّا اللَّهُ وَحْدَهُ لَا شَرِيكَ لَهُ، لَهُ المُلْكُ وَلَهُ الحَمْدُ وَهُوَ عَلَى كُلِّ شَيْءٍ قَدِيرٌ، لَا إِلَهَ إِلَّا اللَّهُ وَحْدَهُ، أَنْجَزَ وَعْدَهُ، وَنَصَرَ عَبْدَهُ، وَهَزَمَ الأَحْزَابَ وَحْدَه,ލާ އިލާހަ އިއްލައްލޯހު ވަޙްދަހޫ ލާ ޝަރީކަ ލަހް، ލަހުލް މުލްކު ވަލަހުލް ޙަމްދު ވަހުވަ ޢަލާ ކުއްލި ޝައިއިން ޤަދީރް، ލާ އިލާހަ އިއްލައްލޯހު ވަޙްދަހް، އަންޖަޒަ ވަޢްދަހޫ، ވަނަޞަރަ ޢަބްދަހޫ، ވަހަޒަމަލް އަޙްޒާބަ ވަޙްދަހް
ثُمَّ دَعَا بَيْنَ ذلكَ، قَالَ مِثْلَ هَذَا ثَلَاثَ مَرَّاتٍ»,ދެން އެ ދެމެދުގައި ދުޢާކުރެއްވިއެވެ. މިފަދައިން ތިންފަހަރު ވިދާޅުވިއެވެ.
الحَدِيثُ. وَفِيهِ: فَفَعَلَ عَلَى المَرْوَةِ كَمَا فَعَلَ عَلَى الصَّفَا[282].,މި ޙަދީޘެވެ. އަދި އޭގައިވެއެވެ: އަދި މަރްވާ ފަރުބަދައިގެ މަތީގައިވެސް ހަމަ ޞަފާ ފަރުބަދައިގެ މަތީގައި އެކަލޭގެފާނުގެ ކަންތައް ކުރެއްވި ގޮތަށް ކަންތައްކުރެއްވިއެވެ. [282].
[282] مسلم (2/888) برقم (1218) سورة البقرة: رقم 158.,[282] ރިވާކުރެއްވީ މުސްލިމް 2/888 ގެ ނަމްބަރު 1218 ގައެވެ. އަލް-ބަޤަރާ ސޫރަތުގެ އާޔަތް ނަމްބަރު 158 ގައެވެ.
119. الدُّعَاءُ يَوْمَ عَرَفَةَ,119. ޢަރަފާތްދުވަހު ކުރާ ދުޢާ
قَالَ النَّبِيُّ ﷺ:,ނަބިއްޔާ ﷺ ޙަދީޘްކުރެއްވިއެވެ:
«خَيْرُ الدُّعَاءِ دُعَاءُ يَوْمِ عَرَفَةَ، وَخَيْرُ مَا قُلْتُ أَنَا وَالنَّبيُّونَ مِنْ قَبْلِي:,"""އެންމެ ހެޔޮވެގެންވާ ދުޢާއަކީ ޢަރަފާތްދުވަހުގެ ދުޢާއެވެ. އަދި ތިމަންކަލޭގެފާނާއި ތިމަންކަލޭގެފާނުގެ ކުރިން އުޅުއްވި ނަބިއްޔުން ވިދާޅުވި އެންމެ ހެޔޮ ބަސްފުޅަކީ:"
لَا إِلَهَ إِلَّا اللَّهُ وَحْدَهُ لَا شَرِيكَ لَهُ، لَهُ المُلْكُ وَلَهُ الحَمْدُ وَهُوَ عَلَى كُلِّ شَيْءٍ قَدِيرٌ»[283].,"لَا إِلَهَ إِلَّا اللَّهُ وَحْدَهُ لَا شَرِيكَ لَهُ، لَهُ المُلْكُ وَلَهُ الحَمْدُ وَهُوَ عَلَى كُلِّ شَيْءٍ قَدِيرٌ»
 މާނައީ: ""ﷲ މެނުވީ (އަޅުކަންވެވުން ޙައްޤުވެގެންވާ) އެހެން އެއްވެސް އިލާހަކުނުވެއެވެ. އެ އިލާހު އެއްކައުވަންތައެވެ. އެ އިލާހަށް އެއްވެސް ޝަރީކަކު ބައިވެރިއަކު ނުވެއެވެ. އެންމެހާ ރަސްކަމެއްވަނީ އެ އިލާހަށެވެ. އަދި ހުރިހާ ޙަމްދެއްވަނީ، އެ އިލާހަށެވެ. އަދި ކޮންމެ ކަމެއްގެ މައްޗަށް އެ އިލާހު ކުޅަދުންވަންތަވެވޮޑިގެންވެއެވެ."" [283]."
[283] الترمذي برقم (3585)، وحسنه الألباني في صحيح الترمذي (3/184)، وفي سلسلة الأحاديث الصحيحة (4/6).,[283] ރިވާކުރެއްވީ އައް-ތިރްމިޛީ ނަމްބަރު 3585 ގައެވެ. އަދި ޞަޙީޙުއް-ތިރްމިޛީގެ 3/184 އާއި، ސިލްސިލަތުލް-އަޙާދީޘިއް-ޞަޙީޙާ ގެ 4/6 ގައި އަލް-އަލްބާނީ މި ޙަދީޘް ޙަސަނުކުރެއްވިއެވެ.
لَا إِلَهَ إِلَّا اللَّهُ وَحْدَهُ لَا شَرِيكَ لَهُ، لَهُ المُلْكُ وَلَهُ الحَمْدُ وَهُوَ عَلَى كُلِّ شَيْءٍ قَدِير,ލާ އިލާހަ އިއްލައްލޯހު ވަޙްދަހޫ ލާ ޝަރީކަ ލަހް، ލަހުލް މުލްކު ވަލަހުލް ޙަމްދު ވަހުވަ ޢަލާ ކުއްލި ޝައިއިން ޤަދީރް
120. الذِّكْرُ عِنْدَ المَشْعَرِ الحَرَامِ,120. އަލް-މަޝްޢަރުލް-ޙަރާމް (މުޒްދަލިފާގައި) ޛިކުރުކުރުން
«رَكِبَ النَّبِيُّ ﷺ القَصْوَاءَ حَتَّى أَتَى المَشْعَرَ الحَرَامَ فَاسْتَقْبَلَ القِبْلَةَ (فَدَعَاهُ، وَكَبَّرَهُ، وَهَللَّهُ، وَوَحَّدَهُ) فَلَمْ يَزَلْ وَاقِفًا حَتَّى أَسْفَرَ جِدًَّا فَدَفَعَ قَبْلَ أَنْ تَطْلُعَ الشَّمسُ»[284].,"""ނަބިއްޔާ ﷺ، އަލް-މަޝްޢަރުލް-ޙަރާމަށް (މުޒްދަލިފާއަށް) ވަޑައިގެންފުމަށް ދާންދެން، އަލް-ގަޞްވާއޭ ކިޔޭ ޖަމަލުކޮޅަށް ސަވާރުވެގެން ވަޑައިގަތެވެ. ދެން ޤިބްލައަށް ކުރިމަތިލައްވާ، ދެން އެއިލާހަށް ދުޢާކުރައްވާ، ތަކްބީރު ކިޔުއްވާ، ތަހްލީލު (لَا إِلَهَ إِلاَّ اللهُ) ކިޔުއްވާ އެއިލާހުގެ އެއްކައުވަންތަ ކުރެއްވިއެވެ. ދެން ވަރަށް އަލިވެއްޖައުމަށް ދާންދެން އެކަލޭގެފާނު ކޮޅަށްހުންނަވާފައި، ދެން އިރު އެރުމުގެ ކުރިން ދޫކުރައްވާ ވަޑައިގަތެވެ."" [284]."
[284] مسلم (2/891) برقم (1218).,[284] ރިވާކުރެއްވީ މުސްލިމް 2/891 ގެ ނަމްބަރު 1218 ގައެވެ.
121. التَّكْبِيرُ عِنْدَ رَمْي ِ الجِمَارِ مَعَ كُلِّ حَصَاةٍ,121. ޖަމްރާތަކަށް ހިލަ އުކާއިރު ކޮންމެ ހިލަކޮޅަކާއެކު ތަކްބީރު ކިޔުން
«يُكَبِّرُ كُلَّمَا رَمَى بِحَصَاةٍ عِنْدَ الجِمَارِ الثَّلَاثِ، ثُمَّ يَتَقَدَّمُ، ويَقِفُ يَدْعُو مُسْتَقْبِلَ القِبلَةِ، رَافِعًا يَدَيْهِ بَعْدَ الجَمْرَةِ الأُولَى وَالثَّانِيَةِ، أَمَّا جَمْرَةُ العَقَبَةِ فَيَرْمِيهَا وَيُكَبِّرُ عِنْدَ كُلِّ حَصَاةٍ وَيَنْصَرِفُ وَلَا يَقِفُ عِنْدَهَا»[285].,"""އެކަލޭގެފާނު ތިން ޖަމްރާގެ ކައިރީގައި، ހިލަކޮޅެއް އުއްކަވާ ކޮންމެ ފަހަރަކު ތަކްބީރު ކިޔުއްވައެވެ. ދެން ކުރިއަށް ޖެހިވަޑައިގަންނަވާ، ދެ އަތްޕުޅު އުފުއްލަވައިގެން ޤިބްލައަށް ކުރިމަތިލައްވައިގެން ދުޢާކުރެއްވުމުގައި ކޮޅަށް ހުންނަވައެވެ. އެއީ ފުރަތަމަ އަދި ދެވަނަ ޖަމްރާއަށް ފަހުއެވެ. ދެންފަހެ ޖަމްރަތުލް-ޢަޤަބާއަށް ބަލާއިރު، ފަހެ އެކަލޭގެފާނު އެ ޖަމްރާއަށް ހިލަ އުއްކަވާ، އަދި ކޮންމެ ހިލަކޮޅަކާއެކު ތަކްބީރު ކިޔުއްވާފައި، ދެން މަޑުނުކުރައްވާ އެނބުރި ވަޑައިގަންނަވައެވެ."" [285]."
[285] البخاري مع الفتح (3/583) برقم (1751)، وانظر لفظه هناك. والبخاري مع الفتح (3/583)، و(3/584)، و(3/581) برقم (1753)، ورواه مسلم أيضًا برقم (1218).,[285] ރިވާކުރެއްވީ އަލް-ބުޚާރީ، ފަތުޙުލް-ބާރީއާއެކުވާ ފޮތުގެ 3/583 ގެ ނަމްބަރު 1751 ގައެވެ. އަދި އެތަނުގައި މި ޙަދީޘްގެ ލަފްޒު ބައްލަވާއެވެ. އަދި އެއާއެކު އަލް-ބުޚާރީ ފަތުޙުލް-ބާރީއާއެކުވާ ފޮތުގެ 3/583، 3/584 އަދި 3/581 ގެ ނަމްބަރު 1753 ވެސް ބައްލަވާށެވެ. އަދި މުސްލިމްވެސް ނަމްބަރު 1218 ގައި މި ޙަދީޘް ރިވާކުރެއްވިއެވެ.
122. دُعَاءُ التَّعَجُّبِ وَالأَمْرِ السَّارِّ,122. ޢަޖައިބުވުމުން އަދި އުފާވާ ކަމެއް ދިމާވުމުން ކިޔާ ދުޢާ
«سُبْحَانَ اللَّهِ!»[286].,"«سُبْحَانَ اللَّهِ!»
 މާނައީ: ""ﷲ ގެ ހުސްޠާހިރުވަންތަކަމާއެވެ."" [286]."
[286] البخاري مع الفتح (1/210) و(390) و(414) برقم (115) و(3599) و(6218)، ومسلم (4/1857) برقم (1674).,[286] ރިވާކުރެއްވީ އަލް-ބުޚާރީ، ފަތުޙުލް-ބާރީއާއެކުވާ ފޮތުގެ 1/210، 390 އަދި 414 ގެ ނަމްބަރު 115، 3599 އަދި 6218 ގައި، އަދި މުސްލިމް 4/1857 ގެ ނަމްބަރު 1674 ގައެވެ.
سُبْحَانَ اللَّه,ސުބްޙާނައްލޯހް
«اللَّهُ أَكْبَرُ!»[287].,"«اللَّهُ أَكْبَرُ!»
 މާނައީ: ""އެންމެ ބޮޑީ ﷲ އެވެ!"" [287]."
[287] البخاري مع الفتح (8/441) برقم (4741) و(3062)، والترمذي برقم (2180)، والنسائي في الكبرى برقم (11185)، وانظر: صحيح الترمذي (2/103) و(2/235)، ومسند أحمد (5/218) برقم (21900).,[287] ރިވާކުރެއްވީ އަލް-ބުޚާރީ، ފަތުޙުލް-ބާރީއާއެކުވާ ފޮތުގެ 8/441 ގެ ނަމްބަރު 4741 އަދި 3062 ގައި، އަދި އައް-ތިރްމިޛީ ނަމްބަރު 2180 ގައި، އަދި އައް-ނަސާއީ އައް-ސުނަނުލް-ކުބްރާ ފޮތުގެ ނަމްބަރު 11185 ގައެވެ. އަދި ޞަޙީޙުއް-ތިރްމިޛީގެ 2/103 އާއި 2/235 އަދި މުސްނަދު އަޙްމަދުގެ 5/218 ގެ ނަމްބަރު 21900 ބައްލަވާށެވެ.
اللَّهُ أَكْبَر,އައްލޯހު އަކްބަރް
123. مَا يَفْعَلُ مَنْ أَتَاهُ أَمْرٌ يَسُرُّهُ,123. އުފާވާކަމެއްގެ ޚަބަރު އަންނަ މީހާ ކަންތައް ކުރަންވީ ގޮތް
«كَانَ النَّبيُّ ﷺ إِذَا أَتَاهُ أَمْرٌ يَسُرُّهُ أَوْ يُسَرُّ بِهِ خَرَّ سَاجِدًا شُكْرًا لِلَّهِ تَبَارَكَ وَتَعَالَى»[288].,"""ނަބިއްޔާ ﷺ އުފާފުޅުވާ ކަމެއް، ނުވަތަ އެކަމަކުން އުފާވެވޭނެ ކަމެއްގެ ޚަބަރު ލިބިވަޑައިގަންނަވާހިނދު ﷲ ތަބާރަކަ ވަތަޢާލާއަށް ޝުކުރުކުރެއްވުމުގެ ގޮތުން ސަޖިދައަށް ތިރިވެވަޑައިގަންނަވައެވެ."" [288]."
[288] رواه أهل السنن إلا النسائي: أبو داود برقم (2774)، والترمذي برقم (1578)، وابن ماجه برقم (1394)، انظر صحيح ابن ماجه (1/233)، وإرواء الغليل (2/226).,[288] ރިވާކުރެއްވީ އައް-ނަސާއީ ފިޔަވައި ސުނަނުގެ އަހުލުވެރިންނެވެ: އަބޫ ދާވޫދު، ނަމްބަރު 2774 ގައި، އަދި އައް-ތިރްމިޛީ، ނަމްބަރު 1578 ގައި، އަދި އިބްނު މާޖާ، ނަމްބަރު 1394 ގައެވެ. އަދި ޞަޙީޙު އިބްނު މާޖާގެ 1/233 އާއި އިރްވާއުލް-ޣަލީލުގެ 2/226 ބައްލަވާށެވެ.
124. مَا يَفْعَلُ وَيَقُولُ مَنْ أَحَسَّ وَجَعًا فِي جَسَدِهِ,124. ހަށިގަނޑުގައި ވޭނެއް އަޅާ ތަދެއް އިޙްސާސްވާ މީހާ ކުރަންވީ ކަމަކާއި ކިޔަންވީ ކިޔުން
«ضَعْ يَدَكَ عَلَى الَّذِي تَألَّمَ مِنْ جَسَدِكَ وَقُلْ:,"""ތިބާގެ ހަށިގަނޑުން ތަދުވާ ތަނެއްގައި ތިބާގެ އަތް އަޅާފައި، މިހެން ކިޔާށެވެ:"
بِسْمِ اللَّهِ،,"بِسْمِ اللَّهِ
 މާނައީ: ""ﷲ ގެ އިސްމުފުޅުން ވާތްގާއި ޝިފާ ހޯދަމެވެ."""
بِسْمِ اللَّه,ބިސްމިއްލާހް
ثَلَاثًا،,ތިން ފަހަރު،
وَقُلْ سَبْعَ مَرَّاتٍ:,އަދި ހަތްފަހަރު މިހެން ކިޔާށެވެ:
أَعُوذُ بِاللَّهِ وَقُدْرَتِهِ مِنْ شَرِّ مَا أَجِدُ وَأُحَاذِرُ»[289].,"أَعُوذُ بِاللَّهِ وَقُدْرَتِهِ مِنْ شَرِّ مَا أَجِدُ وَأُحَاذِرُ»
 މާނައީ: ""ﷲ ގެ ޙަޟްރަތުން އަދި އެއިލާހުގެ ކުޅަދުންވަންތަކަން މެދުވެރިކޮށް، އަހަރެންނަށް ފެންނަ އަދި ބިރުގަންނަ ކަންތަކުގެ ނުބައިކަމުން ރައްކާތެރިކޮށް ދެއްވުމަށް އެދެމެވެ."" [289]."
[289] مسلم (4/1728) برقم (2202).,[289] ރިވާކުރެއްވީ މުސްލިމް 4/1728 ގެ ނަމްބަރު 2202 ގައެވެ.
أَعُوذُ بِاللَّهِ وَقُدْرَتِهِ مِنْ شَرِّ مَا أَجِدُ وَأُحَاذِر,އަޢޫޛު ބިއްލާހި ވަޤުދްރަތިހީ މިން ޝައްރި މާ އަޖިދު ވައުޙާޛިރް
125. دُعَاءُ مَنْ خَشِيَ أَنْ يُصِيبَ شَيْئًا بِعَيْنِهِ,125. ތިމާގެ ފުށުން އެއްޗަކަށް އެސްފީނާ ޖެހިދާނޭކަމަށް ބިރުވެތިވާ މީހާ ކިޔާނެ ދުޢާ
«إِذَا رَأَى أَحَدُكُم مِنْ أَخِيهِ، أَوْ مِنْ نَفْسِهِ، أَوْ مِنْ مَالِهِ مَا يُعْجِبُهُ [فَلْيَدْعُ لَهُ بِالْبَرَكَةِ] فَإِنَّ العَيْنَ حَقٌّ»[290].,"“ތިޔަބައިމީހުންކުރެ މީހަކު އޭނާގެ އަޚާއާމެދު، ނުވަތަ އަމިއްލަ ނަފްސާމެދު، ނުވަތަ އޭނާގެ މުދަލާމެދު ކަމުދާ ކަމެއް ފެނިއްޖެނަމަ، ފަހެ [ބަރަކާތްލެއްވުން އެދި އޭނާއަށް ދުޢާކުރާހުށިކަމެވެ]. ފަހެ ހަމަކަށަވަރުން އެސްފީނާއަކީ ޙަޤީޤަތެކެވެ."" [290]."
[290] مسند أحمد (4/447) برقم (15700)، وابن ماجه برقم (3508)، ومالك (3/118-119)، وصححه الألباني في صحيح الجامع (1/212)، وانظر تحقيق زاد المعاد للأرناؤوط (4/170).,[290] ރިވާކުރެއްވީ އަޙްމަދު 4/447 ގެ ނަމްބަރު 15700 ގައި، އަދި އިބްނު މާޖާގެ ނަމްބަރު 3508 ގައި، އަދި މާލިކު 3/ 118-119 ގައެވެ. އަދި ޞަޙީޙުލް-ޖާމިޢުގެ 1/212 ގައި އަލް-އަލްބާނީ މި ޙަދީޘް ޞައްޙަކުރެއްވިއެވެ. އަދި އަލް-އަރްނާއޫޠުގެ ޒާދުލް-މަޢާދުގެ ތަޙްޤީޤު 4/170 ބައްލަވާށެވެ.
126. مَا يُقَالُ عِنْدَ الفَزَعِ,126. ބިރުގަނެ ސިހޭހިނދު ކިޔާ ބަސް
«لَا إِلَهَ إِلَّا اللَّهُ!»[291].,"«لَا إِلَهَ إِلَّا اللَّهُ!»
 މާނައީ: ""ﷲ މެނުވީ ޙައްޤުވެގެން އަޅުކަންވެވޭ އިލާހަކު ނުވެއެވެ."" [291]."
[291] البخاري مع الفتح (6/381) برقم (3346)، ومسلم (4/2208) برقم (2880).,[291] ރިވާކުރެއްވީ އަލް-ބުޚާރީ، ފަތުޙުލް-ބާރީއާއެކުވާ ފޮތުގެ 6/381 ގެ ނަމްބަރު 3346 ގައި، އަދި މުސްލިމް 4/2208 ގެ ނަމްބަރު 2880 ގައެވެ.
لَا إِلَهَ إِلَّا اللَّه,ލާ އިލާހަ އިއްލައްލޯހް
127. مَا يَقُولُ عِنْدَ الذَّبْحِ أَوِ النَّحْرِ,127. ޛަބަޙަކޮށް ކަތިލާހިނދު ކިޔަންވީ ދުޢާ
«بِسْمِ اللَّهِ وَاللَّهُ أَكْبَرُ [اللَّهُمَّ مِنْكَ وَلَكَ] اللَّهُمَّ تَقَبَّلْ مِنِّي»[292].,"«بِسْمِ اللَّهِ وَاللَّهُ أَكْبَرُ [اللَّهُمَّ مِنْكَ وَلَكَ] اللَّهُمَّ تَقَبَّلْ مِنِّي»
 މާނައީ: ""ﷲ ގެ އިސްމުފުޅުން ކަތިލަމެވެ. އަދި އެންމެ ބޮޑީ ﷲ އެވެ. އޭ ﷲ އެވެ! (މި ޤުރުބާނީވަނީ) އިބައިލާހުގެ ޙަޟްރަތުން އަދި އިބައިލާހުގެ ޙަޟްރަތަށެވެ. އޭ ﷲ އެވެ! މި އަޅާގެ ފުށުން ޤަބޫލުކުރައްވާށިއެވެ."" [292]."
[292] مسلم (3/1557) برقم (1967)، والبيهقي (9/287) وما بين المعقوفين للبيهقي (9/287) وغيره، والجملة الأخيرة سقتها بالمعنى من رواية مسلم.,[292] ރިވާކުރެއްވީ މުސްލިމް 3/1557 ގެ ނަމްބަރު 1967 ގައި، އަދި އަލް-ބައިހަޤީ 9/287 ގައެވެ. އަދި ބުރެކެޓްގައިވާ ބަޔަކީ އަލް-ބައިހަޤީ 9/287 ގައި އަދި އެހެން ބޭފުޅުން ރިވާކުރެއްވި ބައެކެވެ. އަދި ފަހު ޖުމްލައަކީ މުސްލިމްގެ ރިވާޔަތުން މާނައިގެ ގޮތުން އަހަރެން ގެނައި ބައެކެވެ.
بِسْمِ اللَّهِ وَاللَّهُ أَكْبَرُ [اللَّهُمَّ مِنْكَ وَلَكَ] اللَّهُمَّ تَقَبَّلْ مِنِّي,ބިސްމިއްލާހި، ވައްލޯހު އަކްބަރު، އައްލޯހުންމަ މިންކަ ވަލަކަ، އައްލޯހުންމަ ތަޤައްބަލް މިންނީ
128. مَا يَقُولُ لِرَدِّ كَيْدِ مَرَدَةِ الشَّيَاطِينِ,128. މާރިދު ޝައިޠާނުންގެ މަކަރާއި ރޭވުން ދުރުކުރަން ކިޔާނޭ ކިޔުން
«أَعُوذُ بكَلِمَاتِ اللَّهِ التَّامَّاتِ الَّتِي لَا يُجَاوِزُهُنَّ بَرٌّ وَلَا فَاجِرٌ: مِنْ شَرِّ مَا خَلَقَ، وَبَرَأَ وَذَرَأَ، وَمِنْ شَرِّ مَا يَنْزِلُ مِنَ السَّمَاءِ، وَمِنْ شَرِّ مَا يَعْرُجُ فيهَا، وَمِنْ شَرِّ مَا ذَرَأَ فِي الأَرْضِ، وَمِنْ شَرِّ مَا يَخْرُجُ مِنْهَا، وَمِنْ شَرِّ فِتَنِ اللَّيْلِ وَالنَّهَارِ، وَمِنْ شَرِّ كُلِّ طَارِقٍ إِلَّا طَارِقًا يَطْرُقُ بِخَيْرٍ يَا رَحْمَنُ»[293].,"«أَعُوذُ بكَلِمَاتِ اللَّهِ التَّامَّاتِ الَّتِي لَا يُجَاوِزُهُنَّ بَرٌّ وَلَا فَاجِرٌ: مِنْ شَرِّ مَا خَلَقَ، وَبَرَأَ وَذَرَأَ، وَمِنْ شَرِّ مَا يَنْزِلُ مِنَ السَّمَاءِ، وَمِنْ شَرِّ مَا يَعْرُجُ فيهَا، وَمِنْ شَرِّ مَا ذَرَأَ فِي الأَرْضِ، وَمِنْ شَرِّ مَا يَخْرُجُ مِنْهَا، وَمِنْ شَرِّ فِتَنِ اللَّيْلِ وَالنَّهَارِ، وَمِنْ شَرِّ كُلِّ طَارِقٍ إِلَّا طَارِقًا يَطْرُقُ بِخَيْرٍ يَا رَحْمَنُ»
 މާނައީ: ""ހެޔޮލަފާ މީހަކަށްވެސް އަދި ނުބައި ފާޖިރު މީހަކަށްވެސް، އެ ކަލިމަފުޅުތައް ފަހަނައަޅައި ނުދެވޭ، ﷲ ގެ ފުރިހަމަ ކަލިމަފުޅުތައް މެދުވެރިކޮށް، އެ އިލާހު ޚަލްޤުކުރައްވާ، ނެރުއްވާ، ހެއްދެވި ކޮންމެ އެއްޗެއްގެ ނުބައިކަމުންނާއި، އުޑުން ފައިބާ ކޮންމެ އެއްޗެއްގެ ނުބައިކަމުންނާއި، އުޑަށް އަރައިގެންދާ ކޮންމެ އެއްޗެއްގެ ނުބައިކަމުންނާއި، އަދި ބިންމަތީގައި އެ އިލާހު އުފައްދަވާ ލެއްވި ކޮންމެ އެއްޗެއްގެ ނުބައިކަމުންނާއި، އަދި އެ ބިމުން ނިކުންނަ ކޮންމެ އެއްޗެއްގެ ނުބައިކަމުންނާއި، އަދި ރޭގަނޑާއި ދުވާލުގެ ފިތުނަތަކުގެ ނުބައިކަމުންނާއި، އަދި ހެޔޮކަމަކާގެން ރޭގަނޑު އައިސް ޓަކިޖަހާ ފަރާތެއް ފިޔަވައި ރޭގަނޑު އަންނަ ކޮންމެ ކަމެއް (ނުވަތަ މީހެއް އަދި އެއްޗެއްގެ) ނުބައިކަމުން މި އަޅާ ރައްކާތެރިކަން އެދެމެވެ. އޭ ރަޙްމާނުވަންތަ އިލާހެވެ."" [293]."
[293] أحمد (3/419) برقم (15461) بإسناد صحيح، وابن السني برقم (637)، وصحح إسناده الأرناؤوط في تخريجه للطحاوية (ص133)، وانظر: مجمع الزوائد (10/127).,[293] ރިވާކުރެއްވީ އަޙްމަދު 3/419 ގެ ނަމްބަރު 15461 ގައި ޞައްޙަ ސަނަދަކުންނެވެ. އަދި އިބްނުއް ސުންނީ ނަމްބަރު 637 ގައެވެ. އަދި އައް-ޠަޙާވިއްޔާގެ ތަޚްރީޖުގެ ޞ 133 ގައި އަލް-އަރްނާއޫޠު އޭގެ ސަނަދު ޞައްޙަކުރިއެވެ. އަދި މަޖްމަޢުއް-ޒަވާއިދުގެ 10/127 ބައްލަވާށެވެ.
أَعُوذُ بكَلِمَاتِ اللَّهِ التَّامَّاتِ الَّتِي لَا يُجَاوِزُهُنَّ بَرٌّ وَلَا فَاجِرٌ: مِنْ شَرِّ مَا خَلَقَ، وَبَرَأَ وَذَرَأَ، وَمِنْ شَرِّ مَا يَنْزِلُ مِنَ السَّمَاءِ، وَمِنْ شَرِّ مَا يَعْرُجُ فيهَا، وَمِنْ شَرِّ مَا ذَرَأَ فِي الأَرْضِ، وَمِنْ شَرِّ مَا يَخْرُجُ مِنْهَا، وَمِنْ شَرِّ فِتَنِ اللَّيْلِ وَالنَّهَارِ، وَمِنْ شَرِّ كُلِّ طَارِقٍ إِلَّا طَارِقًا يَطْرُقُ بِخَيْرٍ يَا رَحْمَن,އަޢޫޛު ބިކަލިމާތިއްލާހިއް ތާއްމާތިއް ލަތީ ލާ ޔުޖާވިޒުހުންނަ ބައްރުން ވަލާ ފާޖިރުން: މިން ޝައްރި މާ ޚަލަޤަ، ވަބަރައަ ވަޛަރައަ، ވަމިން ޝައްރި މާ ޔަންޒިލު މިނައް ސަމާއި، ވަމިން ޝައްރި މާ ޔަޢްރުޖު ފީހާ، ވަމިން ޝައްރި މާ ޛަރައަ ފިލްއަރްޟި، ވަމިން ޝައްރި މާ ޔަޚްރުޖު މިންހާ، ވަމިން ޝައްރި ފިތަނިއް ލައިލި ވަންނަހާރި، ވަމިން ޝައްރި ކުއްލި ޠާރިޤިން އިއްލާ ޠާރިޤަން ޔަޠްރުޤު ބިޚައިރިން ޔާ ރަޙްމާން
129. الاستِغْفَارُ والتَّوبَةُ,129. ފާފަފުއްސެވުމަށް އެދުމާއި ތައުބާވުން
قَالَ رَسُولُ اللَّهِ ﷺ:,ﷲ ގެ ރަސޫލާ ﷺ ޙަދީޘްކުރެއްވިއެވެ:
«وَاللَّهِ إِنِّي لأَسْتَغفِرُ اللَّهَ وَأَتُوبُ إِلَيْهِ فِي اليَوْمِ أَكْثَرَ مِنْ سَبْعِينَ مَرَّةٍ»[294].,"""ﷲ ގަންދީ ބުނަމެވެ! ތިމަންކަލޭގެފާނު ދުވާލަކު ހަތްދިހަޔަށްވުރެ ގިނަ ފަހަރު ﷲ ގެ ޙަޟްރަތުން ފާފަފުއްސެވުމަށް އެދި އަދި އެއިލާހުގެ ޙަޟްރަތަށް ތައުބާވަމެވެ."" [294]."
[294] البخاري مع الفتح (11/101) برقم (6307).,[294] ރިވާކުރެއްވީ އަލް-ބުޚާރީ، ފަތުޙުލް-ބާރީއާއެކުވާ ފޮތުގެ 11/101 ގެ ނަމްބަރު 6307 ގައެވެ.
وَقَالَ ﷺ:,އަދިވެސް އެކަލޭގެފާނު ﷺ ޙަދީޘް ކުރެއްވިއެވެ:
«يَا أَيُّهَا النَّاسُ تُوبُوا إِلَى اللَّهِ فَإِنِّي أَتُوبُ فِي اليَوْمِ إِلَيْهِ مِائَةَ مَرَّةٍ»[295].,"""އޭ މީސްތަކުންނޭވެ! ތިޔަބައިމީހުން ﷲ އަށް ތައުބާވާށެވެ. ފަހެ ހަމަކަށަވަރުން ތިމަންކަލޭގެފާނު ދުވަހަކު ސަތޭކަ ފަހަރު އެކަލާނގެ ޙަޟްރަތަށް ތައުބާވެލައްވަމެވެ."" [295]."
[295] مسلم (4/2076) برقم (2702).,[295] ރިވާކުރެއްވީ މުސްލިމް 4/2076 ގެ ނަމްބަރު 2702 ގައެވެ.
وَقَالَ ﷺ:,އަދިވެސް އެކަލޭގެފާނު ﷺ ޙަދީޘް ކުރެއްވިއެވެ:
«مَنْ قَالَ:,«މިހެން ކިޔައިފި މީހާ:
أَسْتَغْفِرُ اللَّهَ العَظيمَ الَّذِي لَا إِلَهَ إِلَّا هُوَ الحَيُّ القَيُّوُمُ وَأَتُوبُ إِلَيهِ،,"أَسْتَغْفِرُ اللَّهَ العَظيمَ الَّذِي لَا إِلَهَ إِلَّا هُوَ الحَيُّ القَيُّوُمُ وَأَتُوبُ إِلَيهِ
 މާނައީ: ""އެ އިލާހު ފިޔަވައި ޙައްޤުވެގެން އަޅުކަންވެވޭ އެހެން އެއްވެސް އިލާހަކު ނުވާ، ދިރިދެމިވޮޑިގެންވާ، އަބަދަށް ޤާއިމުވެވޮޑިގެންވާ، މަތިވެރި މާތް ﷲ ގެ ޙަޟްރަތުން އަޅުގެ ފާފަފުއްސެވުމަށް އެދެމެވެ. އަދި އެއިލާހުގެ ޙަޟްރަތަށް ތައުބާވަމެވެ."""
أَسْتَغْفِرُ اللَّهَ العَظيمَ الَّذِي لَا إِلَهَ إِلَّا هُوَ الحَيُّ القَيُّوُمُ وَأَتُوبُ إِلَيه,އަސްތަޣްފިރުއްލޯހަލް ޢަޡީމައް ލަޛީ ލާ އިލާހަ އިއްލާ ހުވަލް ޙައްޔުލް ޤައްޔޫމު ވައަތޫބު އިލައިހް
غَفَرَ اللَّهُ لَهُ وَإِنْ كَانَ فَرَّ مِنَ الزَّحْفِ»[296].,ހަނގުރާމައިން ފިލައި ރައްކާވެފައި ހުރިނަމަވެސް ﷲ އޭނާއަށް ފާފަފުއްސަވާދެއްވާނެއެވެ.» [296].
[296] أبو داود (2/85) برقم (1517)، والترمذي (5/569) برقم (3577)، والحاكم وصححه ووافقه الذهبي (1/511) وصححه الألباني، انظر: صحيح الترمذي (3/182) وجامع الأصول لأحاديث الرسول ﷺ (4/389-390) بتحقيق الأرناؤوط.,[296] ރިވާކުރެއްވީ އަބޫ ދާވޫދު 2/85 ގެ ނަމްބަރު 1517 ގައި، އަދި އައް-ތިރްމިޛީ 5/569 ގެ ނަމްބަރު 3577 ގައެވެ. އަދި އަލް-ޙާކިމު 1/511 ގައި އެ ޙަދީޘް ނެރުއްވާ، ޞައްޙަކުރައްވާ، އަދި އައް-ޛަހަބީވެސް އެއަށް އެއްބަސްވެވަޑައިގަތެވެ. ޞަޙީޙުއް-ތިރްމިޛީގެ 3/182 އަދި އަލް-އަރްނާއޫޠުގެ ޠަޙްޤީޤުން ޖާމިޢުލް-އުޞޫލި ލިއަޙާދީޘިއް-ރަސޫލި ﷺ ގެ 4/ 389-390 ބައްލަވާށެވެ.
وَقَالَ ﷺ:,އަދިވެސް އެކަލޭގެފާނު ﷺ ޙަދީޘް ކުރެއްވިއެވެ:
«أَقْرَبُ مَا يَكُونُ الرَّبُّ مِنَ العَبْدِ فِي جَوْفِ اللَّيْلِ الآخِرِ فَإِنِ اسْتَطَعْتَ أَنْ تَكُونَ مِمَّنْ يَذْكُرُ اللَّهَ فِي تِلْكَ السَّاعَةِ فَكُنْ»[297].,"""ރައްބު އަޅާއާ އެންމެ ކުއްތަންވެވޮޑިގެންވަނީ ރޭގަނޑުގެ އެންމެ ފަހުބައިގައެވެ. ފަހެ އެ ވަޤުތުގައި ﷲ ގެ ހަނދުމަކޮށް ޛިކުރުކުރާ މީހުންގެ ތެރޭގައި ތިބާވާން ކުޅަދާނަވެއްޖެނަމަ، ފަހެ ތިބާ ވާހުށިކަމެވެ."" [297]."
[297] الترمذي برقم (3579)، والنسائي (1/279) برقم (572)، والحاكم (1/309)، وانظر: صحيح الترمذي (3/183، وجامع الأصول بتحقيق الأرناؤوط (4/144).,[297] ރިވާކުރެއްވީ އައް-ތިރްމިޛީ ނަމްބަރު 3579 ގައި، އަދި އައް-ނަސާއީ 1/279 ގެ ނަމްބަރު 572 ގައި، އަދި އަލް-ޙާކިމު 1/309 ގައެވެ. އަދި ޞަޙީޙުއް-ތިރްމިޛީގެ 3/183 އަދި އަލް-އަރްނާއޫޠުގެ ޖާމިޢުލް-އުޞޫލުގެ ތަޙްޤީޤުގެ 4/144 ބައްލަވާށެވެ.
وَقَالَ ﷺ:,އަދިވެސް އެކަލޭގެފާނު ﷺ ޙަދީޘް ކުރެއްވިއެވެ:
«أَقْرَبُ مَا يَكُونُ العَبْدُ مِنْ رَبِّهِ وَهُوَ سَاجِدٌ فَأَكثِرُوا الدُّعَاءَ»[298].,"""އަޅާ އޭނާގެ ވެރި ރައްބާ އެންމެ ކައިރިވެގެންވަނީ، އޭނާ ސަޖިދާގައި އޮންނަ ޙާލަތުގައެވެ. އެހެންކަމުން ތިޔަބައިމީހުން (ސަޖިދާގައި) ދުޢާކުރުން ގިނަކުރާށެވެ."" [298]."
[298] مسلم (1/350) برقم (482).,[298] ރިވާކުރެއްވީ މުސްލިމް 1/350 ގެ ނަމްބަރު 482 ގައެވެ.
وَقَالَ ﷺ:,އަދިވެސް އެކަލޭގެފާނު ﷺ ޙަދީޘް ކުރެއްވިއެވެ:
«إِنَّهُ لَيُغَانُ عَلَى قَلْبِي وَإِنِّي لأَسْتَغْفِرُ اللَّهَ فِي اليَوْمِ مِائَةَ مَرَّةٍ»[299].,"""ހަމަކަށަވަރުން ތިމަންކަލޭގެފާނު ހިތް ފަރުދާވެއެވެ. އަދި ތިމަންކަލޭގެފާނު ދުވާލަކު ސަތޭކަ ފަހަރު ﷲ ގެ ޙަޟްރަތުން ފާފަފުއްސެވުމަށް އެދި ދަންނަވަމެވެ."" [299]."
[299] أخرجه مسلم (4/2075) برقم (2702)، قال ابن الأثير: «لَيُغَانُ عَلَى قَلْبِي»، أي ليُغطَّى ويُغشى، والمراد به: السهو؛ لأنه كان ﷺ لا يزال في مزيد من الذكر والقربة ودوام المراقبة، فإذا سها عن شيء منها في بعض الأوقات، أو نسي، عَدَّهُ ذَنباً على نفسه، ففزع إلى الاستغفار. انظر: جامع الأصول (4/386).,[299] މި ޙަދީޘް ނެރުއްވީ މުސްލިމް 4/2075 ގެ ނަމްބަރު 2702 ގައެވެ. އިބްނުލް-އަޘީރު ވިދާޅުވިއެވެ: «لَيُغَانُ عَلَى قَلْبِي» އެބަހީ: ހިތްޕުޅު ފަރުދާކުރެވި ފޮރުވާލެވޭ ވާހަކައެވެ. އޭގެ މުރާދަކީ: ހަނދުމަނެތި ޣާފިލުވުމެވެ. އެހެނީ އެކަލޭގެފާނު ޛިކުރުކުރައްވާ، ކުއްތަންވެވަޑައިގަތުމާއި (ކުށެއް ކުރެވޭތޯ) ބަލަބަލާ ފާރައަށް ހުންނެވުން އިތުރުކުރެއްވުމުގައި ދެމިހުންނަވައެވެ. ދެންފަހެ ބައެއް ވަޤުތުތަކުގައި އެއިން ކަމަކާމެދު އެކަލޭގެފާނުގެ ސަމާލުކަން ގެއްލި ނުވަތަ ހަނދުމަފުޅު ނެތިއްޖެނަމަ، އެއީ އެކަލޭގެފާނުގެ ނަފްސުފުޅަށް ކުރެވުނު ކުށެއްގެ ގޮތުގައި ބައްލަވައެވެ. އެހެންވެގެން ފާފަފުއްސެވުމަށް އެދިވަޑައިގަންވަން އަވަސްވެލައްވައެވެ. ޖާމިޢުލް-އުޞޫލުގެ 4/386 ބައްލަވާށެވެ.
130. فَضْلُ التَّسْبِيحِ وَالتَّحْمِِيدِ، وَالتَّهْلِيلِ، وَالتَّكْبِيرِ,130. ތަސްބީޙައާއި، ޙަމްދުކުރުމާއި، ތަހްލީލުކިޔުމާއި، ތަކްބީރު ކިޔުމުގެ މާތްކަން
قَالَ ﷺ:,އެކަލޭގެފާނު ﷺ ޙަދީޘްކުރެއްވިއެވެ:
«مَنْ قَالَ:,«މިހެން ކިޔައިފި މީހާ:
سُبْحَانَ اللَّهِ وَبِحَمْدِهِ,"سُبْحَانَ اللَّهِ وَبِحَمْدِهِ 
 މާނައީ: ""ﷲ ހުސްޠާހިރުވަންތައެވެ. އެކަލާނގެއަށް ޙަމްދުކުރުމާ އެކުއެވެ."""
سُبْحَانَ اللَّهِ وَبِحَمْدِه,ސުބްޙާނައްލޯހި ވަބިޙަމްދިހް
فِي يَوْمٍ مِائَةَ مَرَّةٍ حُطَّتْ خَطَايَاهُ وَلَوْ كَانَتْ مِثْلَ زَبَدِ البَحْر»[300].,"ދުވާލަކު ސަތޭކަ ފަހަރު (އެހެން ކިޔައިފި މީހާ)؛ އޭނާގެ ފާފަތައް ކަނޑުގެ ފޮނު ފަދައިން (އެހާ ގިނަވިނަމަވެސް) ފުހެވިގެންދެއެވެ."" [300]."
[300] البخاري (7/168) برقم (6405)، ومسلم (4/2071) برقم (2691)، وانظر: فضل من قالها مائة مرة إذا أصبح وإذا أمسى (ص65) من هذا الكتاب.,[300] ރިވާކުރެއްވީ އަލް-ބުޚާރީ 7/168 ގެ ނަމްބަރު 6405 ގައި، އަދި މުސްލިމް 4/2071 ގެ ނަމްބަރު 2691 ގައެވެ. އަދި ހެނދުނާއި ހަވީރު ސަތޭކަ ފަހަރު އެހެން ކިޔާ މީހާގެ މާތްކަމާމެދު މި ފޮތުގެ ޞ 65 ބައްލަވާށެވެ.
وَقَالَ ﷺ:,އަދިވެސް އެކަލޭގެފާނު ﷺ ޙަދީޘް ކުރެއްވިއެވެ:
«مَنْ قَالَ:,«މީހަކު މިހެން ކިޔައިފިނަމަ:»
لَا إِلَهَ إِلَّا اللَّهُ وَحْدَهُ لَا شَرِيكَ لَهُ، لَهُ المُلْكُ، وَلَهُ الحَمْدُ، وَهُوَ عَلَى كُلِّ شَيْءٍ قَدِيرٌ,"""لَا إِلَهَ إِلَّا اللَّهُ وَحْدَهُ لَا شَرِيكَ لَهُ، لَهُ المُلْكُ، وَلَهُ الحَمْدُ، وَهُوَ عَلَى كُلِّ شَيْءٍ قَدِيرٌ
 މާނައީ: ""ﷲ މެނުވީ (އަޅުކަންވެވުން ޙައްޤުވެގެންވާ) އެހެން އެއްވެސް އިލާހަކުނުވެއެވެ. އެއިލާހު އެއްކައުވަންތައެވެ. އެ އިލާހަށް އެއްވެސް ޝަރީކަކު ބައިވެރިއަކު ނުވެއެވެ. އެންމެހާ ރަސްކަމެއްވަނީ އެ އިލާހަށެވެ. އަދި ހުރިހާ ޙަމްދެއްވަނީ، އެ އިލާހަށެވެ. އަދި ކޮންމެ ކަމެއްގެ މައްޗަށް އެ އިލާހު ކުޅަދުންވަންތަވެވޮޑިގެންވެއެވެ."""""
لَا إِلَهَ إِلَّا اللَّهُ وَحْدَهُ لَا شَرِيكَ لَهُ، لَهُ المُلْكُ، وَلَهُ الحَمْدُ، وَهُوَ عَلَى كُلِّ شَيْءٍ قَدِير,ލާ އިލާހަ އިއްލައްލޯހު ވަޙްދަހޫ ލާ ޝަރީކަ ލަހު، ލަހުލް މުލްކު، ވަލަހުލް ޙަމްދު، ވަހުވަ ޢަލާ ކުއްލި ޝައިއިން ޤަދީރް
عَشْرَ مِرَارٍ، كَانَ كَمَنْ أَعْتَقَ أَرْبَعَةَ أَنْفُسٍ مِنْ وَلَدِ إِسْمَاعِيلَ»[301].,"މިހެން ދިހަ ފަހަރު ކިޔައިފި މީހާ؛ އިސްމާޢީލުގެފާނުގެ ދަރިފަސްކޮޅުން ހަތަރު އަޅުން މިނިވަންކުރި މީހެއްފަދައެވެ."" [301]."
[301] البخاري (7/67) برقم (6404)، ومسلم بلفظه (4/2071) برقم (2693) وانظر: فضل من قالها في اليوم مائة مرة. الدعاء رقم (93) (ص66) من هذا الكتاب.,[301] ރިވާކުރެއްވީ އަލް-ބުޚާރީ 7/67 ގެ ނަމްބަރު 6404 ގައި، އަދި މުސްލިމްގެ ލަފްޒުން 4/2071 ގެ ނަމްބަރު 2693 ގައެވެ. އަދި ދުވާލަކު ސަތޭކަ ފަހަރު އެހެން ކިޔާ މީހާގެ މާތްކަމާމެދު މި ފޮތުގެ ޞ 66 ގެ ދުޢާ ނަމްބަރު 93 ބައްލަވާށެވެ.
وَقَالَ ﷺ:,އަދިވެސް އެކަލޭގެފާނު ﷺ ޙަދީޘް ކުރެއްވިއެވެ:
«كَلِمَتَانِ خَفِيفَتَانِ عَلَى اللِّسَانِ، ثَقِيلَتَانِ فِي المِيزَانِ، حَبِيبَتَانِ إِلَى الرَّحْمَنِ:,ދޫ މައްޗަށް ލުއި، ތިލަފަތުގައި ބަރު، ރަޙްމާނުވަންތަ އިލާހުގެ ޙަޟްރަތަށް ލޮބުވެތިވެގެންވާ ދެ ކަލިމައެއްވެއެވެ. އެއީ:
سُبْحَانَ اللَّهِ وَبِحَمْدِهِ، سُبْحانَ اللَّهِ العَظِيمِ»[302].,"سُبْحَانَ اللَّهِ وَبِحَمْدِهِ، سُبْحانَ اللَّهِ العَظِيمِ»
 މާނައީ: ﷲ ހުސްޠާހިރުވެގެންވެއެވެ. އެއިލާހުއަށް ޙަމްދުކުރުމާ އެކުގައެވެ. މަތިވެރި ﷲ ގެ ހުސްޠާހިރުވަންތަކަމާއެވެ!"" [302]."
[302] البخاري (7/168) برقم (6404)، ومسلم (4/2072) برقم (2694).,[302] ރިވާކުރެއްވީ އަލް-ބުޚާރީ 7/168 ގެ ނަމްބަރު 6404 ގައި، އަދި މުސްލިމް 4/2072 ގެ ނަމްބަރު 2694 ގައެވެ.
سُبْحَانَ اللَّهِ وَبِحَمْدِهِ، سُبْحانَ اللَّهِ العَظِيم,ސުބްޙާނައްލޯހި ވަބިޙަމްދިހި، ސުބްޙާނައްލޯހިލް ޢަޡީމް
وَقَالَ ﷺ:,އަދިވެސް އެކަލޭގެފާނު ﷺ ޙަދީޘް ކުރެއްވިއެވެ:
«لَأَنْ أَقُولَ:,«ތިމަންކަލޭގެފާނު މިހެން ވިދާޅުވުމަކީ:
سُبْحَانَ اللَّهِ، وَالحَمْدُ لِلَّهِ، وَلَا إِلَهَ إِلَّا اللَّهُ، وَاللَّهُ أَكْبَرُ،,"""سُبْحَانَ اللَّهِ، وَالحَمْدُ لِلَّهِ، وَلَا إِلَهَ إِلَّا اللَّهُ، وَاللَّهُ أَكْبَرُ،""
 މާނައީ: ""ﷲ ގެ ހުސްޠާހިރުވަންތަކަމާއެވެ! އަދި ﷲ އަށް ޙަމްދުހުއްޓެވެ. އަދި ﷲ މެނުވީ ޙައްޤުވެގެން އަޅުކަމެއްވެވޭ އެހެން އިލާހަކު ނުވެއެވެ. އަދި އެންމެ ބޮޑީ ﷲ އެވެ."""
سُبْحَانَ اللَّهِ، وَالحَمْدُ لِلَّهِ، وَلَا إِلَهَ إِلَّا اللَّهُ، وَاللَّهُ أَكْبَر,ސުބްޙާނައްލޯހި، ވަލްޙަމްދު ލިއްލާހި، ވަލާ އިލާހަ އިއްލައްލޯހު، ވައްލޯހު އަކްބަރު
أَحَبُّ إِلَيَّ مِمَّا طَلَعَتْ عَلَيْهِ الشَّمسُ»[303].,"އިރު އޭގެ މައްޗަށް އެރި ހުރިހާ ތަކެއްޗަކަށްވުރެ ތިމަންކަލޭގެފާނަށް މިކަން ލޮބުވެތިކަން ބޮޑުވެގެންވާ ކަމެކެވެ."" [303]."
[303] مسلم (4/2072) برقم (2695).,[303] ރިވާކުރެއްވީ މުސްލިމް 4/2072 ގެ ނަމްބަރު 2695 ގައެވެ.
وَقَالَ ﷺ:,އަދިވެސް އެކަލޭގެފާނު ﷺ ޙަދީޘް ކުރެއްވިއެވެ:
«أَيَعْجِزُ أَحَدُكُم أَنْ يَكْسِبَ كُلَّ يَوْمٍ أَلْفَ حَسَنَةٍ»,"""ތިޔަބައިމީހުންކުރެ މީހަކު ކޮންމެ ދުވަހަކު އެއްހާސް ހެޔޮކަން ހޯދައިގަންނަން ނުކުޅެދިގެންވޭހެއްޔެވެ؟"""
فَسَأَلَهُ سَائِلٌ مِنْ جُلَسَائِهِ كَيْفَ يَكْسِبُ أَحَدُنَا أَلْفَ حَسَنَةٍ؟ قَالَ:,"ދެން އެކަލޭގެފާނާއެކު އިށީންދެގެން ތިބި މީހުންގެ ތެރެއިން މީހަކު ސުވާލުކުރިއެވެ: ""އަހަރުމެންގެ ތެރެއިން މީހަކު އެއްހާސް ހެޔޮކަން ހޯދައިގަންނާނީ ކިހިނަކުންތޯއެވެ؟"" ޙަދީޘްކުރެއްވިއެވެ:"
«يُسَبِّحُ مِائَةَ تَسْبِيحَةٍ، فَيُكتَبُ لَهُ أَلْفُ حَسَنَةٍ أَوْ يُحَطُّ عَنْهُ أَلْفُ خَطِيئَةٍ»[304].,"""އޭނާ ސަތޭކަ ފަހަރު ތަސްބީޙަ ކިޔާނީއެވެ. އޭރުން އޭނާއަށް އެއްހާސް ހެޔޮކަން ލިޔުއްވޭހުއްޓެވެ. ނުވަތަ އެއްހާސް ފާފަ އޭނާގެ ކިބައިން ފުއްސެވޭނެތެވެ."" [304]."
[304] مسلم (4/2073) برقم (2698).,[304] ރިވާކުރެއްވީ މުސްލިމް 4/2073 ގެ ނަމްބަރު 2698 ގައެވެ.
سُبْحَانَ اللَّه,ސުބްޙާނައްލޯހް
«مَنْ قَالَ:,"ަ""«މިހެން ކިޔައިފި މީހަަކަށް: """
سُبْحَانَ اللَّهِ العَظِيمِ وَبِحَمْدِهِ,"سُبْحَانَ اللَّهِ العَظِيمِ وَبِحَمْدِهِ. 
 މާނައީ: ""މަތިވެރިވަންތަ ﷲ ހުސްޠާހިރުވަންތައެވެ. އެކަލާނގެއަށް ޙަމްދުކުރުމާ އެކުގައެވެ."""
سُبْحَانَ اللَّهِ العَظِيمِ وَبِحَمْدِه,ސުބްޙާނައްލޯހިލް ޢަޡީމި ވަބިޙަމްދިހް
غُرِسَتْ لَهُ نَخْلَةٌ فِي الجَنَّةِ»[305].,"ސުވަރުގޭގައި އޭނާއަށް ކަދުރު ރުކެއް އިންދޭނެތެވެ."" [305]."
[305] أخرجه، الترمذي (5/511) برقم (3464)، والحاكم (1/501)، وصححه ووافقه الذهبي، وانظر: صحيح الجامع (5/531)، وصحيح الترمذي (3/160).,[305] މި ޙަދީޘް ނެރުއްވީ އައް-ތިރްމިޛީ 5/511 ގެ ނަމްބަރު 3464 ގައެވެ. އަދި އަލް-ޙާކިމު 1/501 ގައި އެ ޙަދީޘް ނެރުއްވާ، ޞައްޙަކުރައްވާ، އަދި އައް-ޛަހަބީވެސް އެއަށް އެއްބަސްވެވަޑައިގަތެވެ. އަދި ޞަޙީޙުލް-ޖާމިޢުގެ 5/531 އާއި، ޞަޙީޙުއް-ތިރްމިޛީގެ 3/160 ބައްލަވާށެވެ.
وَقَالَ ﷺ:,އަދިވެސް އެކަލޭގެފާނު ﷺ ޙަދީަަަަަަަަަަަަަަަަަަަަަަަަަަަަަަޘް ކުރެއްވިއެވެ:
«يَا عَبْدَ اللَّهِ بْنَ قَيْسٍ أَلَا أَدُلُّكَ عَلَى كَنْزٍ مِنْ كُنُوزِ الجَنَّةِ؟»,"ަަަަަަަަަަަަަަަ""އޭ ޢަބްދު ﷲ ބްނު ޤައިސެވެ! ސުވަރުގޭގެ ކަންޒުތަކުން ކަންޒަކަށް ތިމަންކަލޭގެފާނު ތިބާއަށް މަގުދައްކައިދެއްވަން ހެއްޔެވެ؟"""
فَقُلْتُ: بَلَى يَا رَسُولَ اللَّهِ، قَالَ:,"ދެން އަހަރެން ދެންވީމެވެ: ""އޭ ﷲ ގެ ރަސޫލާއެވެ! އާދޭހެވެ."" އެކަލޭގެފާނު ޙަދީޘްކުރެއްވިއެވެ:"
«قُلْ:,«ކިޔާށެވެ:
لَا حَوْلَ وَلَا قُوَّةَ إِلَّا بِاللَّهِ»[306].,"لَا حَوْلَ وَلَا قُوَّةَ إِلَّا بِاللَّهِ»
 މާނައީ: ""އެއްވެސް އާރަކާއި ބާރެއް ﷲ ގެ ޙަޟްރަތުން މެނުވީ ނުވެއެވެ."" [306]."
[306] البخاري مع الفتح (11/213) برقم (4206)، ومسلم (4/ 2076) برقم (2704).,[306] ރިވާކުރެއްވީ އަލް-ބުޚާރީ، ފަތުޙުލް-ބާރީއާއެކުވާ ފޮތުގެ 11/213 ގެ ނަމްބަރު 4206 ގައި، އަދި މުސްލިމް 4/2076 ގެ ނަމްބަރު 2704 ގައެވެ.
لَا حَوْلَ وَلَا قُوَّةَ إِلَّا بِاللَّه,ލާ ޙައުލަ ވަލާ ޤުއްވަތަ އިއްލާ ބިއްލާހް
وَقَالَ ﷺ:,އަދިވެސް އެކަލޭގެފާނު ﷺ ޙަދީޘް ކުރެއްވިއެވެ:
«أَحَبُّ الكَلَامِ إِلَى اللَّهِ أَرْبَعٌ:,"""ﷲ ގެ ޙަޟްރަތަށް އެންމެ ލޮބުވެތިވެގެންވާ ބަސްތަކަކީ ހަތަރު ބަހެކެވެ:"
سُبْحَانَ اللَّهِ، وَالحَمْدُ لِلَّهِ، وَلَا إِلَهَ إِلَّا اللَّهُ، وَاللَّهُ أَكْبَرُ،,"""سُبْحَانَ اللَّهِ، وَالحَمْدُ لِلَّهِ، وَلَا إِلَهَ إِلَّا اللَّهُ، وَاللَّهُ أَكْبَرُ،""
 މާނައީ: ""ﷲ ގެ ހުސްޠާހިރުވަންތަކަމާއެވެ! އަދި ﷲ އަށް ޙަމްދުހުއްޓެވެ. އަދި ﷲ މެނުވީ ޙައްޤުވެގެން އަޅުކަމެއްވެވޭ އެހެން އިލާހަކު ނުވެއެވެ. އަދި އެންމެ ބޮޑީ ﷲ އެވެ."""
سُبْحَانَ اللَّهِ، وَالحَمْدُ لِلَّهِ، وَلَا إِلَهَ إِلَّا اللَّهُ، وَاللَّهُ أَكْبَر,ސުބްޙާނައްލޯހި، ވަލްޙަމްދު ލިއްލާހި، ވަލާއިލާހަ އިއްލައްލޯހު، ވައްލޯހު އަކްބަރު
لَا يَضُرُّكَ بِأَيِّهِنَّ بَدَأتَ»[307].,"""އެއިން ކޮންމެ ކަލިމައަކުން ތިބާ ފެށިނަމަވެސް ތިބާއަކަށް ގެއްލުމެއް ނެތެވެ.» [307]."
[307] مسلم (3/1685) برقم (2137).,[307] ރިވާކުރެއްވީ މުސްލިމް 3/1685 ގެ ނަމްބަރު 2137 ގައެވެ.
جَاءَ أَعْرَابِيٌّ إِلَى رَسُولِ اللَّهِ ﷺ فَقَالَ: عَلِّمْنِي كَلامًا أَقُولُهُ: قَالَ:,"އަޢުރާބީއަކު ﷲ ގެ ރަސޫލާ ﷺ ގެ އަރިހަށް އައިސް ދެންނެވިއެވެ: ""އަހަރެން ކިޔަންވީ އެއްޗެއް އުނގަންނަވައިދެއްވާށެވެ."" އެކަލޭގެފާނު ޙަދީޘްކުރެއްވިއެވެ:"
«قُلْ:,«ތިބާ ކިޔާށެވެ:
لَا إِلَهَ إِلَّا اللَّهُ وَحْدَهُ لَا شَرِيكَ لَهُ، اللَّهُ أَكْبَرُ كَبِيرًا، وَالحَمْدُ لِلَّهِ كَثِيرًا، سُبْحَانَ اللَّهِ رَبِّ العَالَمِينَ، لَا حَوْلَ وَلَا قُوَّةَ إِلَّا بِاللَّهِ العَزِيزِ الحَكِيمِ»,"لَا إِلَهَ إِلَّا اللَّهُ وَحْدَهُ لَا شَرِيكَ لَهُ، اللَّهُ أَكْبَرُ كَبِيرًا، وَالحَمْدُ لِلَّهِ كَثِيرًا، سُبْحَانَ اللَّهِ رَبِّ العَالَمِينَ، لَا حَوْلَ وَلَا قُوَّةَ إِلَّا بِاللَّهِ العَزِيزِ الحَكِيمِ»
 މާނައީ: ""ﷲ މެނުވީ އަޅުކަންވެވުން ޙައްޤުވެގެންވާ އެހެން އެއްވެސް އިލާހަކު ނުވެއެވެ. އެ އިލާހު އެއްކައުވަންތައެވެ. އެ އިލާހަށް އެއްވެސް ބައިވެރިއަކު ނުވެއެވެ. ބޮޑުވެގެންވާ ތަކްބީރު ކިޔުމަކުން ﷲ އަށް ތަކްބީރު ކިޔަމެވެ. އަދި ގިނަވެގެންވާ ޙަމްދަކުން ﷲ އަށް ޙަމްދުކުރަމެވެ. ޢާލަމްތަކުގެ ވެރި ރައްބު ﷲ ގެ ހުސްޠާހިރުވަންތަކަމާއެވެ! އެއްވެސް އާރަކާއި ބާރެއް، ޢިއްޒަތްވަންތަ ޙިކްމަތްވަންތަ ﷲ ގެ ޙަޟްރަތުން މެނުވީ ނުވެއެވެ."""
لَا إِلَهَ إِلَّا اللَّهُ وَحْدَهُ لَا شَرِيكَ لَهُ، اللَّهُ أَكْبَرُ كَبِيرًا، وَالحَمْدُ لِلَّهِ كَثِيرًا، سُبْحَانَ اللَّهِ رَبِّ العَالَمِينَ، لَا حَوْلَ وَلَا قُوَّةَ إِلَّا بِاللَّهِ العَزِيزِ الحَكِيم,ލާ އިލާހަ އިއްލައްލޯހު ވަޙްދަހޫ ލާ ޝަރީކަ ލަހް، އައްލޯހު އަކްބަރު ކަބީރާ، ވަލްޙަމްދު ލިއްލާހި ކަޘީރާ، ސުބްޙާނައްލޯހި ރައްބިލް ޢާލަމީން، ލާ ޙައުލަ ވަލާ ޤުއްވަތަ އިއްލާ ބިއްލާހިލް ޢަޒީޒިލް ޙަކީމް
قَالَ: فَهَؤُلَاءِ لِرَبِّي، فَمَا لِي؟ قَالَ:,"އޭނާ ދަންނަވައިފިއެވެ: ""ފަހެ މިއީ ތިމަންގެ ވެރި ރައްބަށްވާ ކަލިމަތަކެކެވެ. ދެންފަހެ ތިމަންނާއަށްވަނީ ކޮން އެއްޗެއްތޯއެވެ؟"" އެކަލޭގެފާނު ޙަދީޘްކުރެއްވިއެވެ:"
«قُلْ:,«ތިބާ ކިޔާށެވެ:
اللَّهُمَّ اغْفِرْ لِي، وَارْحَمْنِي، وَاهْدِنِي، وَارْزُقْنِي»[308].,"«اللَّهُمَّ اغْفِرْ لِي، وَارْحَمْنِي، وَاهْدِنِي، وَارْزُقْنِي»
 މާނައީ: ""އޭ ﷲ އެވެ! މިއަޅާއަށް ފާފަފުއްސަވާށިއެވެ! އަދި މިއަޅާއަށް ރަޙްމަތްލައްވާށިއެވެ! އަދި މިއަޅާއަށް ތެދުމަގުދައްކަވާށިއެވެ! އަދި މިއަޅާއަށް ރިޒްޤުދެއްވާށިއެވެ."" [308]."
[308] مسلم (4/ 2072) برقم (2696) وزاد أبو داود (1/ 220) برقم (832): فلما ولَّى الأعرابي قال النبي ﷺ: «لَقَدْ مَلَأَ يَدَهُ مِنَ الخَيْرِ».,"[308] ރިވާކުރެއްވީ މުސްލިމް 2072/4 ގެ ނަމްބަރު 2696 ގައެވެ. އަދި އަބޫ ދާވޫދު 220/1 ގެ ނަމްބަރު 832 ގައި އިތުރުކުރެއްވިއެވެ: ""ދެން އެ އަޢުރާބީ މީހާ ފުރަގަސްދީ ދިޔަހިނދު ނަބިއްޔާ ﷺ ޙަދީޘްކުރެއްވިއެވެ: ""ހަމަކަށަވަރުން އޭނާގެ އަތް ހެޔޮކަމުން ފުރާލައިފިއެވެ."""
اللَّهُمَّ اغْفِرْ لِي، وَارْحَمْنِي، وَاهْدِنِي، وَارْزُقْنِي,އައްލޯހުންމަޣްފިރް ލީ، ވަރްޙަމްނީ، ވަހްދިނީ، ވަރްޒުޤްނީ
كَانَ الرَّجُلُ إِذَا أَسْلَمَ عَلَّمَهُ النَّبيُّ ﷺ الصَّلَاةَ ثُمَّ أَمَرَهُ أَنْ يَدْعُوَ بِهَؤُلَاءِ الكَلِمَاتِ:,މީހާ އިސްލާމްވާހިނދު ނަބިއްޔާ ﷺ އޭނާއަށް ނަމާދުކުރާނޭ ގޮތް އުނގަންނަވައިދެއްވާ، ދެން މި ކަލިމަތަކުން ދުޢާކުރުމަށް އޭނާއަށް އަމުރުކުރައްވައެވެ:
«اللَّهُمَّ اغْفِرِ لِي، وَارْحَمْنِي، وَاهْدِنِي، وَعَافِنِي وَارْزُقْنِي»[309].,"«اللَّهُمَّ اغْفِرِ لِي، وَارْحَمْنِي، وَاهْدِنِي، وَعَافِنِي وَارْزُقْنِي»
 މާނައީ: ""އޭ ﷲ އެވެ! މި އަޅާއަށް ފާފަފުއްސަވާށިއެވެ! އަދި މި އަޅާއަށް ރަޙްމަތްލައްވާށިއެވެ! އަދި މި އަޅާއަށް ތެދުމަގުދައްކަވާށިއެވެ! އަދި މި އަޅާއަށް ޢާފިޔަތު ދެއްވާށިއެވެ! އަދި މި އަޅާއަށް ރިޒްޤުދެއްވާށިއެވެ!"" [309]."
[309] مسلم (4/ 2073) برقم (3697) وفي رواية له أيضًا: «فَإِنَّ هَؤُلَاءِ يَجْمَعُونَ لَكَ دُنْيَاكَ وَآخِرَتَكَ».,"[309] ރިވާކުރެއްވީ މުސްލިމް 2073/4 ގެ ނަމްބަރު 3697 ގައެވެ. އަދި ހަމަ މުސްލިމްގެ އެހެން ރިވާޔަތެއްގައިވެއެވެ: ""ފަހެ ހަމަކަށަވަރުން މި ބަސްތައް ތިބާއަށް ތިބާގެ ދުނިޔެއާއި އާޚިރަތްވެސް ޖަމަޢަކޮށްދޭނެއެވެ."""
اللَّهُمَّ اغْفِرِ لِي، وَارْحَمْنِي، وَاهْدِنِي، وَعَافِنِي وَارْزُقْنِي,އައްލޯހުންމަޣްފިރް ލީ، ވަރްޙަމްނީ، ވަހްދިނީ، ވަޢާފިނީ، ވަރްޒުޤްނީ
«إِنَّ أَفْضَلَ الدُّعَاءِ,"""ހަމަކަށަވަތުން އެންމެ ހެޔޮވެގެންވާ ދުޢާއަކީ"
الحَمْدُ لِلَّهِ،,"الحَمْدُ لِلَّهِ
 މާނައީ: ""ޙަމްދުހުރީ ﷲ އަށެވެ."""
الحَمْدُ لِلَّه,އަލްޙަމްދު ލިއްލާހް
وَأَفْضَلَ الذِّكْرِ,އަދި އެންމެ މާތް މަތިވެރި ޛިކުރަކީ:
لَا إِلَهَ إِلَّا اللَّهُ»[310].,"«لَا إِلَهَ إِلَّا اللَّهُ»
 މާނައީ: ""ﷲ މެނުވީ ޙައްޤުވެގެން އަޅުކަންވެވޭ އިލާހަކު ނުވެއެވެ."" [310]."
[310] الترمذي (5/462) برقم (3383)، وابن ماجه (2/1249) برقم (3800)، والحاكم (1/503)، وصححه ووافقه الذهبي، وانظر: صحيح الجامع (1/362).,[310] ރިވާކުރެއްވީ އައް-ތިރްމިޛީ 5/462 ގެ ނަމްބަރު 3383 ގައި، އަދި އިބްނު މާޖާ 2/1249 ގެ ނަމްބަރު 3800 ގައެވެ. އަދި އަލް-ޙާކިމު 1/503 ގައި އެ ޙަދީޘް ނެރުއްވާ، ޞައްޙަކުރައްވާ، އަދި އައް-ޛަހަބީވެސް އެއަށް އެއްބަސްވެވަޑައިގަތެވެ. އަދި ޞަޙީޙުލް-ޖާމިޢުގެ 1/362 ބައްލަވާށެވެ.
لَا إِلَهَ إِلَّا اللَّه,ލާއިލާހަ އިއްލައްލޯހު
«البَاقِيَاتُ الصَّالِحَاتُ:,(ޤުރްއާނުގައިވާ) البَاقِيَاتُ الصَّالِحَاتُ (ދެމިހުންނަނިވި ޞާލިޙު ޢަމަލުތަކަކީ)
سُبْحَانَ اللَّهِ، وَالحَمْدُ لِلَّهِ، وَلَا إِلَهَ إِلَّا اللَّهُ، وَاللَّهُ أَكْبَرُ، وَلَا حَوْلَ وَلَا قُوَّةَ إِلَّا بِاللَّه»[311].,"سُبْحَانَ اللَّهِ، وَالحَمْدُ لِلَّهِ، وَلَا إِلَهَ إِلَّا اللَّهُ، وَاللَّهُ أَكْبَرُ، وَلَا حَوْلَ وَلَا قُوَّةَ إِلَّا بِاللَّه»
 މާނައީ: ""ﷲ ގެ ހުސްޠާހިރުވަންތަކަމާއެވެ. އަދި ﷲ އަށް ޙަމްދުހުއްޓެވެ. އަދި ﷲ މެނުވީ ޙައްޤުވެގެން އަޅުކަންވެވޭ އިލާހަކު ނުވެއެވެ. އަދި އެންމެ ބޮޑީ ﷲ އެވެ. އަދި އެއްވެސް އާރަކާއި ބާރެއް ﷲ ގެ ޙަޟްރަތުން މެނުވީ ނުވެއެވެ."" [311]."
[311] أحمد برقم (513) بترتيب أحمد شاكر، وانظر: مجمع الزوائد (1/297) وعزاه ابن حجر في بلوغ المرام من رواية أبي سعيد إلى النسائي [في الكبرى] برقم (10617) وقال: صححه ابن حبان برقم (840)، والحاكم (1/541).,[311] ރިވާކުރެއްވީ އަޙްމަދު ޝާކިރުގެ ތަރުތީބުން، އަޙްމަދު (ގެ މުސްނަދުގައި) ނަމްބަރު 513 ގައެވެ. އަދި މަޖްމަޢުއް-ޒަވާއިދުގެ 1/297 ބައްލަވާށެވެ. އަދި އިބްނު ޙަޖަރު، ބުލޫޣުލް-މަރާމުގައި އަބޫ ސަޢީދުގެ ރިވާޔަތް އައް-ނަސާއީގެ އަލް-ކުބްރާ ފޮތުގެ ނަމްބަރު 10617 އަށް ނިސްބަތްކުރައްވާ ވިދާޅުވިއެވެ: އިބްނު ޙިއްބާނު ނަމްބަރު 840 ގައި، އަދި އަލް-ޙާކިމު 1/541 ގައި އެ ޙަދީޘް ޞައްޙަކުރެއްވިއެވެ.
سُبْحَانَ اللَّهِ، وَالحَمْدُ لِلَّهِ، وَلَا إِلَهَ إِلَّا اللَّهُ، وَاللَّهُ أَكْبَرُ، وَلَا حَوْلَ وَلَا قُوَّةَ إِلَّا بِاللَّه,ސުބްޙާނައްލޯހި، ވަލްޙަމްދު ލިއްލާހި، ވަލާ އިލާހަ އިއްލައްލޯހު، ވައްލޯހު އަކްބަރު، ވަލާ ޙައުލަ ވަލާ ޤުއްވަތަ އިއްލާ ބިއްލާހް
131. كَيْفَ كَانَ النَّبيُّ ﷺ يُسَبِّحُ؟,131. ނަބިއްޔާ ﷺ ތަސްބީޙަ ކިޔުއްވަމުން ގެންދެވީ ކިހިނެއް ހެއްޔެވެ؟
عَنْ عَبْدِ اللَّهِ بْنِ عَمْرٍو رضي الله عنهما قَالَ:,ޢަބްދު ﷲ ބްނު ޢަމްރު رضي الله عنهما ގެ އަރިހުން ރިވާވެގެންވެއެވެ. ވިދާޅުވިއެވެ:
«رَأَيْتُ النَّبيَّ ﷺ يَعْقِدُ التَّسْبِيحَ» وفي زيادةٍ: «بِيَمِينِهِ»[312].,"""ނަބިއްޔާ ﷺ ތަސްބީޙަ ގުނުއްވަނިކޮށް އަހަރެންނަށް ފެނުނެވެ."" އެހެން ރިވާޔަތެއްގައި އިތުރަށްވެއެވެ: ""އެކަލޭގެފާނުގެ ކަނާތްޕުޅުންނެވެ."" [312]."
[312] أخرجه أبو داود بلفظه (2/81) برقم (1502)، والترمذي (5/521) برقم (3486)، وانظر: صحيح الجامع (4/271) برقم (4865)، وصححه الألباني في صحيح سنن أبي داود (1/411).,[312] މި ޙަދީޘް ނެރުއްވީ އަބޫ ދާވޫދު މި ލަފްޒުން 2/81 ގެ ނަމްބަރު 1502 ގައި، އަދި އައް-ތިރްމިޛީ 5/521 ގެ ނަމްބަރު 3486 ގައެވެ. އަދި ޞަޙީޙުލް-ޖާމިޢުގެ 4/271 ގެ ނަމްބަރު 4865 ބައްލަވާށެވެ. އަދި އަލް-އަލްބާނީވަނީ ޞަޙީޙު ސުނަނި އަބީ ދާވޫދުގެ 1/411 ގައި މި ރިވާޔަތް ޞައްޙަކުރައްވާފައެވެ.
132. مِنْ أَنْوَاعِ الخَيْرِ وَالآدَابِ الجَامِعَةِ,132. ހެޔޮކަމުގެ އެކި ވައްތަރުތަކާއި ޝާމިލުވަނިވި އަދަބުތަކުގެ ތެރެއިން
قَالَ النَّبِيُّ ﷺ:,ނަބިއްޔާ ﷺ ޙަދީޘްކުރެއްވިއެވެ:
«إِذَا كَانَ جُنْحُ اللَّيْلِ – أَوْ أَمْسَيْتُم – فَكُفُّوا صِبْيَانَـكُم، فَإِنَّ الشَّيَاطِينَ تَنْتَشِرُ حِينَئِذٍ، فَإِذَا ذَهَبَ سَاعَةٌ مِنَ اللَّيلِ فَخَلُّوهُمْ، وَأَغْلِقُوا الأَبْوَابَ وَاذْكُرُوا اسْمَ اللَّهِ؛ فَإِنَّ الشَّيطَانَ لَا يَفْتَحُ بَابًا مُغلَقًا، وَأَوْكُوا قِرَبَكُمْ، وَاذْكُرُوا اسْمَ اللَّهِ، وَخَمِّرُوا آنِيَتَكُم، وَاذْكُرُوا اسْمَ اللَّهِ، وَلَوْ أَنْ تَعْرُضُوا عَلَيْهَا شَيْئًا، وَأَطْفِئُوا مَصَابِيحَكُمْ»[313].,"""ރޭގަނޑުގެ އަނދިރިކަން ވެރިވެގެން އަންނަހިނދު -ނުވަތަ (އިރުއޮއްސޭއަތަށް) ހަވީރުވާހިނދު- ފަހެ ތިޔަބައިމީހުންގެ ޅަދަރިންތައް (ގޭގައި) ހިފަހައްޓާށެވެ. އެހެނީ ހަމަކަށަވަރުން އެ ދަނޑިވަޅު ޝައިޠާނުންތައް ފެތުރިގަނެތެވެ. ދެންފަހެ ރޭގަނޑުން ސާޢަތެއް، ގަޑިއެއް ގޮސްފިނަމަ އެ ކުދިން ދޫކޮށްލާށެވެ. އަދި ﷲ ގެ އިސްމުފުޅު ނަންގަނެފައި، ދޮރުތައް ލައްޕާށެވެ. އެހެނީ (އެގޮތަށް) ލެއްޕިފައިވާ ދޮރެއް ޝައިޠާނާ ނުހުޅުވާނެއެވެ. އަދި ތިޔަބައިމީހުން ﷲ ގެ އިސްމުފުޅު ނަންގަނެ، ފެންހަންތަކުގެ ތުން އައްސާށެވެ. އަދި ﷲ ގެ އިސްމުފުޅު ނަންގަނެފައި ތިޔަބައިމީހުންގެ ކަންވާރުތަކުގެ މަތި ޖަހާށެވެ. (މަތިނެތްނަމަ) ހުރަހަށް (ދަނޑިކޮޅެއްފަދަ) އެއްޗެއް ބާއްވައިގެން ވިޔަސްމެއެވެ. އަދި ބައްތިތައް ނިއްވައިލާށެވެ."" [313]."
[313] البخاري مع الفتح (10/ 88) برقم (5623)، ومسلم (3/ 1595) برقم (2012).,[313] ރިވާކުރެއްވީ އަލް-ބުޚާރީ، ފަތުޙުލް-ބާރީއާއެކުވާ ފޮތުގެ 88/10 ގެ ނަމްބަރު 5623 ގައި، އަދި މުސްލިމް 1595/3 ގެ ނަމްބަރު 2012 ގައެވެ.
وَصَلَّى اللَّهُ وَسَلَّمَ وَبَارَكَ عَلَى نَبِيِّنَا مُحَمَّدٍ وَعَلَى آلِهِ وَأَصْحَابِهِ أَجْمَعِينَ.,"وَصَلَّى اللَّهُ وَسَلَّمَ وَبَارَكَ عَلَى نَبِيِّنَا مُحَمَّدٍ وَعَلَى آلِهِ وَأَصْحَابِهِ أَجْمَعِينَ.
 އަހަރުމެންގެ ނަބިއްޔާ މުޙައްމަދުގެފާނަށާއި، އެކަލޭގެފާނުގެ އާލުންނާއި، އެކަލޭގެފާނުގެ އެންމެހާ އަޞްޙާބުންނަށް ﷲ ޞަލަވާތާއި ސަލާމާއި ބަރަކާތް ލައްވާށިއެވެ."