bodyAR,bodyDV
الرسالة الثانية: في حُكْمِ الِاسْتِغاثَةِ بِالنَّبِيِّ ﷺ,ދެވަނަ ރިސާލާ: ނަބިއްޔާ ﷺ ގެ ކިބައިން ވާތްގަށް އެދުމުގެ ޙުކުމާމެދު
الحمد لله، والصلاة والسلام على رسول الله، وعلى آله وأصحابه ومن اهتدى بهداه.,ޙަމްދުހުރީ ﷲ އަށެވެ. އަދި ޞަލަވާތާއި ސަލާމް ހުރީ ﷲ ގެ ރަސޫލާއަށެވެ. އަދި އެކަލޭގެފާނުގެ އާލުންނަށާއި، އެކަލޭގެފާނުގެ އަޞްޙާބުންނަށާއި، އެކަލޭގެފާނުގެ ތެދުމަގުން ތެދުމަގު ލިބިގަތް ބަޔަކަށެވެ.
أما بعد: فقد نشرت صحيفة المجتمع الكويتية في عددها ١٥، الصادر ١٩/ ٤/ ١٣٩٠ هـ أبياتًا تحت عنوان: (في ذكرى المولد النبوي الشريف)، وكانت هذه أبيات تتضمن الاستغاثة بالنبي ﷺ، والاستنصار به؛ لإدراك الأمة ونصرها وتخليصها مما وقعت فيه من التفرق والاختلاف، بإمضاء مَن سمَّت نفسها: (آمنة)، وهذا نص من الأبيات المشار إليها:,"އެއަށްފަހު ދަންނައެވެ: ހިޖުރައިން 19 / 4 / 1390ހ އަހަރު ޕަބްލިޝްކޮށްފައިވާ: ""އަލްމުޖްތަމަޢުލް ކުވައިތިއްޔާ"" ނޫހުގެ ޢަދަދު 15 ގައި، 'ޝަރަފުވެރި ޢީދު މީލާދުގެ ޛިކުރާގައި' ގެ ސުރުޚީ ދަށުން ޅެންބައިތުތަކެއް ވަނީ ޝާއިޢުކޮށް ފަތުރާފައިއެވެ. މި ޅެންބައިތުތަކުގައި ނަބިއްޔާ ﷺގެ އަރިހުން ވާތްގަށް އެދުމާއި، އެކަލޭގެފާނު މެދުވެރިކޮށް ނަޞްރަށް އެދުން ހިމެނިފައިއެވެ. އެއީ އުއްމަތް ވެއްޓިފައިވާ ބައިބައިވުމާއި އިޚްތިލާފުން ސަލާމަތްކޮށްދީ، ނަޞްރުލިބި، އުއްމަތާ އަރާހަމަކުރުމަށްޓަކައިއެވެ. މި ބައިތުތައް ލައިދީފައިވަނީ ""އާމިނަތު"" އޭ ކިޔުނު މީހެކެވެ. އިޝާރާތްކުރެވުނު ބައިތުތައް އޭގެ ނައްޞުން މިވަނީއެވެ:"
يا رسول الله أدرك عالمًا... يشعل الحرب ويصلى مـن لظاها,"يا رسول الله أدرك عالمًا... يشعل الحرب ويصلى مـن لظاها
 (އޭ ﷲ ގެ ރަސޫލާއެވެ. ހަނގުރާމައިގެ ހުޅުގަނޑު ރޯކޮށް، އޭގެ އަނގުރު އަލިފާނަށް ވެއްޓިފައިވާ ޢާލަމަކާ އަރާހަމަކުރައްވާ ހިއްޕަވާށިއެވެ.)"
يا رسول الله أدرك أمـة... في ظلام الشك قـد طـال سراها,"يا رسول الله أدرك أمـة... في ظلام الشك قـد طـال سراها
 (އޭ ﷲ ގެ ރަސޫލާއެވެ! ޝައްކުގެ އަނދިރިކަމުގެ ތެރޭގައިވެ، އެ އަނދިރިގަނޑުގައި ހިނގުން ދިގުލާފައިވާ އުއްމަތާ އަރާހަމަކުރައްވާށެވެ.)"
يا رسول الله أدرك أمـة... في متاهات الأسى ضاعت رؤاها,"يا رسول الله أدرك أمـة... في متاهات الأسى ضاعت رؤاها
 (އޭ ﷲ ގެ ރަސޫލާއެވެ! ހިތާމައިގެ ވާދީގައި، ފެނުން ގެއްލިގޮސްފައިވާ އުއްމަތާ އަރާހަމަކުރައްވާށެވެ.)"
إلى أن قالت:,އެހެންގޮސް އެކަނބުލޭގެ ކިޔެވެ:
عجل النصر كما عجلتـه... يوم بدر حين ناديت الإله,"عجل النصر كما عجلتـه... يوم بدر حين ناديت الإله
 (ބަދުރު ހަނގުރާމައިގެ ދުވަހު ކަލޭގެފާނު، އިލާހަށް ދަންނަވައިގެން ނަޞްރު އަވަސްކުރެއްވި ގޮތަށް ނަޞްރު އަވަސްކުރައްވާށިއެވެ.)"
فاستحال الذل نصرًا رائعًا... إن لله جــنــودًا لا تـراهـا,"فاستحال الذل نصرًا رائعًا... إن لله جــنــودًا لا تـراهـا
 (ދެން އޭރުން ނިކަމެތިކަން، ކުޅަދާނަ ނަޞްރަކަށް ބަދަލުވެގެން ގޮސްދާނެއެވެ. ހަމަކަށަވަރުން ތިބާއަށް ނުފެންނަ ލަޝްކަރެއް ﷲ އަށް ލިބިވޮޑިގެންވެއެވެ.)"
(هكذا تُوجِّه هذه الكاتبة نداءها واستغاثتها إلى الرسول ﷺ، طالبةً منه إدراك الأمة بتعجيل النصر، ناسية ـ أو جاهلة ـ أن النصر بيد الله وحده، وليس بيد النبي ﷺ ولا غيره من المخلوقات، كما قال الله سبحانه في كتابه المبين:,މިގޮތަށް މި ލިޔުންތެރިޔާގެ ނިދާއާއި ވާގިއެދުން ރަސޫލާ ﷺ އަށް އަމާޒުކޮށް ޤަޞްދުކުރިއެވެ. އުއްމަތަށް ނަޞްރު ދެއްވުން އަވަސްކޮށްދިނުމަށް އެކަލޭގެފާނުގެ އަރިހުން އެދޭ ޙާލުގައިއެވެ. އެއީ ނަޞްރުދެއްވުން ނަބިއްޔާ ﷺގެ އަތްޕުޅަކު، އަދި އެހެން އެއްވެސް މަޚްލޫޤެއްގެ އަތަކުވެސް ނުވާކަމާއި، ނަޞްރުދެއްވުންވަނީ ހަމައެކަނި ﷲ ގެ އަތްޕުޅުގައިކަމާމެދު އެކަނބުލޭގެ ހަނދާންނެތިގެން -ނުވަތަ އެކަމާމެދު ޖާހިލުވެގެންވާ- ޙާލުގައިއެވެ. އެއީ ﷲ ސުބްޙާނަހޫ އެކަލާނގެ ބަޔާންވެގެންވާ ފޮތުގައި ވަޙީކުރެއްވި ފަދައިންނެވެ:
﴿...وَمَا النَّصْرُ إِلَّا مِنْ عِنْدِ اللَّهِ الْعَزِيزِ الْحَكِيمِ﴾,(...ޢަޒީޒުވަންތަ، ޙަކީމްވަންތަ، ﷲ ގެ ޙަޟްރަތުން މެނުވީ، ނަޞްރު ލިބުމެއް ނުވެއެވެ.)
[آل عمران: 126]،,[އާލް ޢިމްރާން: 126]
وقال جل جلاله:,އަދި އެކަލާނގެ -ޖައްލަ ޖަލާލުހޫ- ވަޙީކުރެއްވިއެވެ:
﴿إِنْ يَنْصُرْكُمُ اللَّهُ فَلَا غَالِبَ لَكُمْ وَإِنْ يَخْذُلْكُمْ فَمَنْ ذَا الَّذِي يَنْصُرُكُمْ مِنْ بَعْدِهِ...﴾,(ﷲ، ތިޔަބައިމީހުންނަށް ނަޞްރު ދެއްވާނަމަ، ފަހެ ތިޔަބައިމީހުން ބަލިކުރެވޭނޭ އެއްވެސް ފަރާތެއް ނުވެއެވެ. އަދި އެއިލާހު ތިޔަބައިމީހުންނަށް ނަޞްރު ނުދެއްވައިފިނަމަ، އެއަށްފަހު ތިޔަބައިމީހުންނަށް ނަޞްރު ދޭނީ ފަހެ ކާކު ހެއްޔެވެ!...)
[آل عمران: 160].,[އާލް ޢިމްރާން: 160]
وهذا العمل من الدعاء والاستغاثة هو: صرفٌ لنوع من أنواع العبادة لغير الله تعالى؛,މި ޢަމަލަކީ ދުޢާކޮށް ވާތްގަށް އެދުމުގެ ތެރެއިންވާ ކަމެކެވެ. (އަދި) އެއީ: އަޅުކަމުގެ ވައްތަރުތަކުން ވައްތަރެއް ﷲ ތަޢާލާ ފިޔަވައި އެހެން ފަރާތަކަށް އަނބުރާލުމެވެ.
وقد عُلم بالنص والإجماع: أن ذلك لا يجوز، وأن الله ـ سبحانه ـ خلقَ الخلقَ ليعبدوه، وأرسل الرسلَ وأنزل الكتب لبيان تلك العبادة والدعوة إليها، كما قال سبحانه:,ނައްޞުންނާއި އިޖްމާޢުން އެނގިގެންވަނީ: އެކަން ހުއްދަވެގެން ނުވާނޭކަމާއި، އަދި ﷲ ސުބްޙާނަހޫ ޚަލްޤުތަކުން އުފެއްދެވީ އެމީހުން އެކަލާނގެއަށް އަޅުކަންކުރަންކަމާއި، އަދި އެކަލާނގެ ރަސޫލުން ފޮނުއްވާ، ފޮތްތައް ބާވައިލެއްވީ އެ އަޅުކަން ބަޔާންކުރައްވާ، އަދި އެކަމަށް ދަޢުވަތުދެއްވުމަށްކަމެވެ. އެއީ އެކަލާނގެ ވަޙީކުރެއްވި ފަދައިންނެވެ:
﴿وَمَا خَلَقْتُ الْجِنَّ وَالْإِنْسَ إِلَّا لِيَعْبُدُونِ56﴾,(ތިމަން އިލާހަށް (އެއްކައުވަންތަކޮށް) އަޅުކަންކުރުމަށް މެނުވީ، ތިމަން އިލާހު ޖިންނީންނާއި، އިންސީން ނަހައްދަވަމެވެ.)
[الذاريات: 56]،,[އައްޛާރިޔާތު: 56]
وقال تعالى:,އަދިވެސް އެކަލާނގެ ވަޙީކުރެއްވިއެވެ:
﴿وَلَقَدْ بَعَثْنَا فِي كُلِّ أُمَّةٍ رَسُولًا أَنِ اُعْبُدُوا اللَّهَ وَاجْتَنِبُوا الطَّاغُوتَ...﴾,(ހަމަކަށަވަރުން، ތިމަންއިލާހު ކޮންމެ އުއްމަތެއްގައި ރަސޫލަކު ފޮނުއްވީމެވެ. އެއީ، ތިޔަބައިމީހުން اللَّه އަށް އަޅުކަންކުރުމަށާއި، ޠާޣޫތުންނާ އެއްކިބާވުމަށް އެންގެވުމަށެވެ...)
[النحل: 36]،,[އައްނަޙްލު: 36]
وقال تعالى:,އަދިވެސް ﷲ ތަޢާލާ ވަޙީކުރެއްވިއެވެ:
﴿وَمَا أَرْسَلْنَا مِنْ قَبْلِكَ مِنْ رَسُولٍ إِلَّا نُوحِي إِلَيْهِ أَنَّهُ لَا إِلَهَ إِلَّا أَنَا فَاعْبُدُونِ 25﴾,(ހަމަކަށަވަރުން، ތިމަންއިލާހު މެނުވީ (ޙައްޤުވެގެން އަޅުކަންވެވޭ) އިލާހަކު ނުވާކަމަށް އެބޭކަލަކަށް ވަޙީނުކުރައްވާ އެއްވެސް ރަސޫލަކު، ކަލޭގެފާނުގެ ކުރިންވެސް ތިމަންއިލާހު ނުފޮނުއްވަމެވެ. ފަހެ، ތިޔަބައިމީހުން (ހަމައެކަނި) ތިމަންއިލާހަށް އަޅުކަން ކުރާށެވެ!)
[الأنبياء: 25]،,[އަލްއަންބިޔާއު: 25]
وقال جل جلاله:,އަދިވެސް އެކަލާނގެ -ޖައްލަ ޖަލާލުހޫ- ވަޙީކުރެއްވިއެވެ:
﴿الر كِتَابٌ أُحْكِمَتْ آيَاتُهُ ثُمَّ فُصِّلَتْ مِنْ لَدُنْ حَكِيمٍ خَبِيرٍ1﴾,(ا ل ر .(މިއީ) ފޮތެކެވެ. އެ ފޮތުގެ އާޔަތްތައް ފުރިހަމަކުރެވި، ދެން ޙިކްމަތްވަންތަ، ޚަބަރު ލިބިވޮޑިގެންވާ ފަރާތެއްގެ ޙަޟްރަތުން ތަފްޞީލުކުރެވިފައިވެއެވެ.
﴿أَلَّا تَعْبُدُوا إِلَّا اللَّهَ إِنَّنِي لَكُمْ مِنْهُ نَذِيرٌ وَبَشِيرٌ2﴾,(އެއީ) ތިޔަބައިމީހުން اللَّه އަށް މެނުވީ، އަޅުކަން ނުކުރުމަށެވެ. ހަމަކަށަވަރުން، ތިމަންކަލޭގެފާނީ، އެކަލާނގެ ޙަޟްރަތުން ތިޔަބައިމީހުންނަށްވާ އިންޛާރުދޭ އަދި ހެޔޮ ޚަބަރުދޭ މީހެކެވެ.)
[هود: 1، 2].,[ހޫދު: 1-2]
فأوضح تعالى في هذه الآيات المحكَمات أنه لم يَخلق الثقلين إلا ليعبدوه وحده، لا شريك له، وبيَّن أنه أرسل الرسل عليهم الصلاة والسلام للأمر بهذه العبادة، والنهي عن ضدها، وأخبر عز ولجل أنه أحكمَ آيات كتابه وفصَّلها لئلا يُعبد غيره سبحانه.,ފަހެ ﷲ ތަޢާލާ މި މުޙްކަމު ފުރިހަމަ އާޔަތްތަކުގައި ބަޔާންކުރައްވާފައި އެވަނީ: އެކަލާނގެއަށް އެއްވެސް ޝަރީކަކު ނުލާ އެކަލާނގެއަށް އެކަނި އަޅުކަންކުރުމަށް މެނުވީ އެކަލާނގެ ޖިންނީންނާއި އިންސީން ނުއުފައްދަވާކަމެވެ. އަދި އެކަލާނގެ ރަސޫލުން عليهم الصلاة والسلام ފޮނުއްވީ މި އަޅުކަމަށް އަމުރުކުރައްވާ، އަދި އޭގެ އިދިކޮޅު ނަހީކުރެއްވުމަށް ކަމުގައި ބަޔާންކުރެއްވިއެވެ. އަދި އެކަލާނގެ ޢައްޒަ ވަޖައްލަ، އެކަލާނގެ ފޮތުގެ އާޔަތްތައް ފުރިހަމަކުރައްވާ، ތަފްޞީލުކުރެއްވީ؛ އެކަލާނގެ ސުބްޙާނަހޫ ފިޔަވައި އެހެން ފަރާތަކަށް އަޅުކަން ނުކުރެވުމަށް ކަމުގައިކަމަށް ޚަބަރުދެއްވިއެވެ.
ومعلوم أن العبادة تعني: توحيد الله وطاعته، بامتثال أوامره وترك نواهيه، وقد أمر الله وأخبر بذلك في آيات كثيرة، منها: قوله سبحانه:,އަދި އެނގިގެންވާކަމަކީ އަޅުކަމުގެ މާނައަކީ: ﷲ ގެ އަމުރުފުޅުތަކަށް ޢަމަލުކޮށް، އެކަލާނގެ ނަހީކުރެއްވި ކަންކަން ދޫކޮށްލައިގެން، އެކަލާނގެ އެއްކައުވަންތަކޮށް އެކަލާނގެއަށް ކިޔަމަންވުންކަމެވެ. ގިނަގުނަ އާޔަތްތަކެއްގައި ﷲ ތަޢާލާވަނީ އެކަމަށް އަމުރުކުރައްވާ، އަދި އެ ޚަބަރުދެއްވާފައިއެވެ. އޭގެ ތެރޭގައި: އެކަލާނގެ މި ބަސްފުޅުވެއެވެ:
﴿وَمَا أُمِرُوا إِلَّا لِيَعْبُدُوا اللَّهَ مُخْلِصِينَ لَهُ الدِّينَ حُنَفَاءَ...﴾,(އަދި ބާޠިލު މަގުން އެއްކިބާވެ ތިބެ، اللَّه އަށް އަޅުކަން ޚާލިޞްކުރާ ޙާލު އެކަލާނގެއަށް އަޅުކަންކުރުމަށް މެނުވީ އެއުރެންނަށް އަމުރުކުރެވިގެން ނުވެތެވެ...)
[البينة: 5]،,[އަލްބައްޔިނާ: 5]
وقوله عز وجل:,އަދި އެކަލާނގެ ޢައްޒަ ވަޖައްލަގެ މިބަސްފުޅެވެ:
﴿وَقَضَى رَبُّكَ أَلَّا تَعْبُدُوا إِلَّا إِيَّاهُ...﴾,(އެކަލާނގެއަށް މެނުވީ، ތިޔަބައިމީހުން އަޅުކަން ނުކުޅައުމަށް ކަލޭގެފާނުގެ ވެރި ރައްބު ނިޔާ ކަނޑައަޅުއްވާ އެންގެވިއެވެ...)
[الإسراء: 23]،,[އަލްއިސްރާއު: 23]
وقوله سبحانه:,އަދި އެކަލާނގެ މި ބަސްފުޅެވެ:
﴿إِنَّآ أَنزَلۡنَآ إِلَيۡكَ ٱلۡكِتَٰبَ بِٱلۡحَقِّ فَٱعۡبُدِ ٱللَّهَ مُخۡلِصٗا لَّهُ ٱلدِّينَ2﴾,(ހަމަކަށަވަރުން ތިމަން އިލާހު ކަލޭގެފާނުގެ މައްޗަށް ފޮތް ބާވައިލެއްވީ ޙައްޤު ގޮތުގައިއެވެ. ފަހެ ﷲ އަށް ދީން ޚާލިސްކުރާ ހާލު، ކަލޭގެފާނު އެ އިލާހަށް އަޅުކަން ކުރައްވާށެވެ.
﴿ أَلَا لِلَّهِ ٱلدِّينُ ٱلۡخَالِصُۚ وَٱلَّذِينَ ٱتَّخَذُواْ مِن دُونِهِۦٓ أَوۡلِيَآءَ مَا نَعۡبُدُهُمۡ إِلَّا لِيُقَرِّبُونَآ إِلَى ٱللَّهِ زُلۡفَىٰٓ إِنَّ ٱللَّهَ يَحۡكُمُ بَيۡنَهُمۡ فِي مَا هُمۡ فِيهِ يَخۡتَلِفُونَۗ إِنَّ ٱللَّهَ لَا يَهۡدِي مَنۡ هُوَ كَٰذِبٞ كَفَّارٞ3﴾,(ދަންނާށެވެ. ޚާލިސް ވެގެންވާ ދީން ވަނީ ﷲ އަށެވެ. އަދި އެ އިލާހު ފިޔަވާ އެހީތެރިންތަކެއް ނެގި މީހުން (ބުންޏެވެ:) ﷲ ގެ ޙަޟްރަތަށް ތިމަންމެން ކުއްތަން ކޮށްދިނުމަށް މެނުވީ، ތިމަންމެން އެ ފަރާތްތަކަށް އަޅުކަމެއް ނުކުރަމުއެވެ. ހަމަކަށަވަރުން އެ މީހުން އެކަމާމެދު ޚިލާފުވެގެން އުޅޭކަންތަކާ ދޭތެރޭގައި ﷲ، އެ މީހުންގެ މެދުގައި ޙުކުމް ކުރައްވާނެއެވެ. ހަމަކަށަވަރުން ދޮގުހަދާ ކާފަރުވުން ބޮޑު މީހަކަށް ﷲ ތެދުމަގެއް ނުދައްކަވާނެއެވެ.)
[الزُّمَر: 2-3].,[އައްޒުމަރު: 2-3]
والآيات في هذا المعنى كثيرة، وكلها تدل على وجوب إخلاص العبادة لله وحده، وترك عبادة ما سواه من الأنبياء وغيرهم.,މި މާނައިގައިވާ އާޔަތްތައް ގިނަވެގެންވެއެވެ. އެ ހުރިހާ އާޔަތްތަކެއްވެސް ދަލީލުކުރަނީ ﷲ އަށް އެކަނި އަޅުކަން ޚާލިޞްކުރުމަށާއި، އެކަލާނގެ ފިޔަވައި ނަބިއްޔުންނާއި އެހެން ފަރާތްތަކަށް އަޅުކަންކުރުން ދޫކޮށްލުމަށެވެ.
ولا ريب أن الدعاء مِن أهم أنواع العبادة وأجمعها، فوَجب إخلاصه لله وحده، كما قال عز وجل:,ޝައްކެއް ނެތް ގޮތުގައި، ދުޢާއަކީ އަޅުކަމުގެ ބާވަތްތަކުން އެންމެ މުހިއްމު އަދި އަޅުކަން އެންމެ ޖަމަޢަވާ އެއް ބާވަތެވެ. އެހެންކަމުން ދުޢާކުރުން ﷲ އަށް އެކަނި ޚާލިޞްކުރުން ވާޖިބުވެގެންވެއެވެ. އެއީ އެކަލާނގެ ޢައްޒަ ވަޖައްލަ ވަޙީކުރެއްވި ގޮތަށެވެ:
﴿فَادْعُوا اللَّهَ مُخْلِصِينَ لَهُ الدِّينَ وَلَوْ كَرِهَ الْكَافِرُونَ14﴾,(ފަހެ، ތިޔަބައިމީހުން ދީން ޚާލިޞްކުރާ ޙާލު ﷲ އަށް ދުޢާކުރާށެވެ. ކާފަރުން ކިތަންމެ ނުރުހުނުކަމުގައި ވިޔަސްމެއެވެ.)
[غافر: 14]،,[ޣާފިރު: 14]
وقال عز وجل:,އަދިވެސް އެކަލާނގެ ޢައްޒަ ވަޖައްލަ ވަޙީކުރެއްވިއެވެ:
﴿وَأَنَّ الْمَسَاجِدَ لِلَّهِ فَلَا تَدْعُوا مَعَ اللَّهِ أَحَدًا18﴾,(އަދި މިސްކިތްތައް ވަނީ اللَّهއަށެވެ. ފަހެ، ތިޔަބައިމީހުން اللَّهއާއެކު އެހެން އެއްވެސް ފަރާތަކަށް ދުޢާ ނުކުރާހުށިކަމެވެ!)
[الجن: 18]،,[އަލްޖިންނު: 18]
وهذا التوجيه بإفراد الله بالدعاء يَعم جميع المخلوقات من الأنبياء وغيرهم؛ وقوله:,ދުޢާކުރުމުގައި ﷲ އެއްކައުވަންތަކުރުމަށްވާ މި އިރުޝާދުގައި، ހުރިހާ މަޚްލޫޤުންވެސް، ނަބިއްޔުންނާއި އެހެން ފަރާތްތައްވެސް ޢާއްމުވެއެވެ. އަދި އެކަލާނގެ މިބަސްފުޅު:
﴿وَلَا تَدْعُ مِنْ دُونِ اللَّهِ مَا لَا يَنْفَعُكَ وَلَا يَضُرُّكَ فَإِن فَعَلۡتَ فَإِنَّكَ إِذٗا مِّنَ ٱلظَّٰلِمِينَ106﴾,(އަދި ﷲ ފިޔަވާ ތިބާއަށް މަންފާއެއް ނުދެވޭ، އަދި ތިބާއަށް ގެއްލުމެއްވެސް ނުދެވޭ ތަކެއްޗަށް، ތިބާ ދުޢާނުކުރާށެވެ. ފަހެ ތިބާ އެހެން ކަންތައްކޮށްފިނަމަ؛ ހަމަކަށަވަރުން އޭރުން ތިބާ ވާހުށީ އަނިޔާވެރިވި މީހުންގެ ތެރެއިންނެވެ.)
[يونس: 106]،,[ޔޫނުސް: 106]،
وهذا خطاب للنبي ﷺ، ومعلوم أن الله سبحانه قد عصمه من الشرك، وإنما المراد من ذلك تحذير غيرَه، ثم قال جل جلاله:,މިއީ ނަބިއްޔާ ﷺ އަށްވާ ޚިޠާބެކެވެ. އަދި އެނގިގެންވާކަމަކީ ﷲ ސުބްޙާނަހޫ، އެކަލޭގެފާނު ޝިރުކުން ރައްކާތެރިކުރައްވާފައިވާ ކަމެވެ. އެ ބަސްފުޅުގެ މުރާދުކަން ކަށަވަރީ: އެހެން މީހުންނަށް އެކަމުގެ އިންޛާރުދެއްވުމެވެ. ދެން އެއަށްފަހު އެކަލާނގެ ޖައްލަ ޖަލާލުހޫ ވަޙީކުރެއްވިއެވެ:
﴿وَلَا تَدۡعُ مِن دُونِ ٱللَّهِ مَا لَا يَنفَعُكَ وَلَا يَضُرُّكَ فَإِنْ فَعَلْتَ فَإِنَّكَ إِذًا مِنَ الظَّالِمِينَ106﴾,(އަދި ﷲ ފިޔަވާ ތިބާއަށް މަންފާއެއް ނުދެވޭ، އަދި ތިބާއަށް ގެއްލުމެއްވެސް ނުދެވޭ ތަކެއްޗަށް، ތިބާ ދުޢާނުކުރާށެވެ. ފަހެ ތިބާ އެހެން ކަންތައްކޮށްފިނަމަ؛ ހަމަކަށަވަރުން އޭރުން ތިބާ ވާހުށީ އަނިޔާވެރިވި މީހުންގެ ތެރެއިންނެވެ.)
[يونس: 106]،,[ޔޫނުސް: 106]،
وهذا خطاب للنبي ﷺ، والمراد منه: تحذير غيره؛ لأنه معلوم أن الله سبحانه وتعالى قد عصم رسوله من الشرك، ثم أغلظ الله تعالى في النهي والتحذير؛ فقال:,މިއީ ނަބިއްޔާ ﷺ އަށްވާ ޚިޠާބެކެވެ. އަދި އޭގައި މުރާދުކުރެވިގެންވަނީ އެކަލޭގެފާނު ފިޔަވައި އެހެން މީހުންވެ. އެހެނީ އެނގިގެންވާކަމަކީ ﷲ ސުބްޙާނަހޫ ވަތަޢާލާ، އެކަލާނގެ ރަސޫލާ ޝިރުކުން ރައްކާތެރިކުރައްވާފައިވާ ކަމެވެ. ދެން ނަހީކުރެއްވުމާއި އިންޛާރުދެއްވުމުގައި ﷲ ތަޢާލާ ހަރުކަށިކޮށް ބަސްފުޅު ގެންނަވާ ވަޙީކުރެއްވިއެވެ:
﴿...فَإِنْ فَعَلْتَ فَإِنَّكَ إِذًا مِنَ الظَّالِمِينَ﴾,(...ފަހެ ތިބާ އެހެން ކަންތައްކޮށްފިނަމަ؛ ހަމަކަށަވަރުން އޭރުން ތިބާ ވާހުށީ އަނިޔާވެރިވި މީހުންގެ ތެރެއިންނެވެ.)
والظلم إذا أطلق فإنه يراد به: الشرك الأكبر، كما قال تعالى:,އަނިޔާވެރިކަން މުޠުލަޤުކޮށް (ޤުރްއާނުގައި) އައިސްފިނަމަ ފަހެ އެއިން މުރާދުކުރެވެނީ: ބޮޑު ޝިރުކެވެ. އެއީ ﷲ ތަޢާލާ ވަޙީކުރެއްވިފަދައިންނެވެ:
﴿...وَالْكَافِرُونَ هُمُ الظَّالِمُونَ﴾,(...އަދި ކާފަރުންނީ ހަމަ އަނިޔާވެރިންނެވެ.)
[البقرة: 254],[އަލްބަޤަރާ: 254]
وقال تعالى:,އަދިވެސް އެކަލާނގެ ވަޙީކުރެއްވިއެވެ:
﴿...إِنَّ الشِّرْكَ لَظُلْمٌ عَظِيمٌ﴾,(...ހަމަކަށަވަރުން ޝިރުކަކީ ބޮޑުވެގެންވާ އަނިޔާއެކެވެ.)
[لقمان: 13].,[ލުޤްމާނު: 13]
فلئن كان سيد ولد آدم عليه الصلاة والسلام لو دعا غير الله يكون من الظالمين، فكيف بغيره؟!.,ދެންފަހެ އާދަމުގެ ދަރިންގެ ސާހިބާ عليه الصلاة والسلام، ﷲ ފިޔަވައި އެހެން ފަރާތަކަށް ދުޢާކުރެއްވިނަމަ އެކަލޭގެފާނުވެސް އަނިޔާވެރިންގެ ތެރެއިންވާނޭނަމަ؛ ދެން އެހެން މީހުން އަދި ކޮންފަދަހެއްޔެވެ!؟
فعُلم بهذه الآيات وغيرها أن دعاء غير الله ـ من الأموات والأشجار والأصنام وغيرها ـ شرك بالله عز وجل، ومنافاة لتوحيد الله بالعبادة التي هي الغرض من خلق الله الثقلين، وإرسال الرسل، وإنزال الكتب، ومعارض لمعنى: لا إله إلا الله؛ التي تنفي العبادة عن غير الله، وتُثبتها لله وحده، كما قال الله سبحانه وتعالى:,އެހެންކަމުން މި އާޔަތްތަކުންނާއި އެހެން އާޔަތްތަކުން އެނގިގެންދަނީ: ﷲ ފިޔަވައި މައްޔިތުންނާއި، ގަސްގަހާގެއްސާއި، ބުދުތަކާއި އެނޫންވެސް ތަކެއްޗަށް ދުޢާކުރުމީ ﷲ ޢައްޒަ ވަޖައްލައާ ކުރެވޭ ޝިރުކެއްކަމެވެ. އަދި އިންސީންނާއި ޖިންނީން އެ މަޤްޞަދަކަށްޓަކައި ހެއްދެވުނު، އަދި ރަސޫލުން ފޮނުއްވެވި، ފޮތްތައް ބާވައިލެއްވުނު މަޤްޞަދުކަމުގައިވާ: އަޅުކަންކުރުމުގައި ﷲ އެއްކައުވަންތަކުރުން ނަފީކުރާ ކަމެއްކަމެވެ. އަދި لا إله إلا الله ގެ މާނައާ ފުށުއަރާކަމެއް ކަމެވެ. އެ ކަލިމައަކީ ﷲ ފިޔަވައި އެހެން ފަރާތްތަކުން އަޅުކަން ނަފީކޮށް، ހަމައެކަނި ﷲ އަށް އަޅުކަން ޘާބިތުކުރާ ކަލިމައެކެވެ. އެއީ ﷲ ސުބްޙާނަހޫ ވަތަޢާލާ ވަޙީކުރެއްވި ގޮތަށެވެ:
﴿ذَٰلِكَ بِأَنَّ ٱللَّهَ هُوَ ٱلۡحَقُّ وَأَنَّ مَا يَدۡعُونَ مِن دُونِهِۦ هُوَ ٱلۡبَٰطِلُ وَأَنَّ ٱللَّهَ هُوَ ٱلۡعَلِيُّ ٱلۡكَبِيرُ62﴾,(އެހެނީ ހަމަކަށަވަރުން ﷲ އީ، ޙައްޤުވަންތަ އިލާހެވެ. އަދި ހަމަކަށަވަރުން އެ އިލާހު ފިޔަވާ، އެ މީހުން ދުޢާކުރާ ތަކެއްޗަކީ، އެއީ ބާޠިލު ތަކެއްޗެވެ. އަދި ހަމަކަށަވަރުން ﷲ އީ މަތިވެރިވަންތަ، ބޮޑުވެގެންވާ އިލާހެވެ.)
[الحج: 62].,[އަލްޙައްޖު: 62]
وهذا هو أصلُ الدين وأساس الملة، ولا تصح العبادات إلا بعد صحة هذا الأصل، كما قال تعالى:,ދީނުގެ އަޞްލަކީ، އަދި މިއްލަތުގެ އަސާސަކީ މިއެވެ. މި އަޞްލު ޞައްޙަވުމަށް ފަހުގައި މެނުވީ އަޅުކަންތައް ޞައްޙަ ނުވާނެއެވެ. އެއީ ﷲ ތަޢާލާ ވަޙީކުރެއްވިފަދައިންނެވެ:
﴿وَلَقَدْ أُوحِيَ إِلَيْكَ وَإِلَى الَّذِينَ مِنْ قَبْلِكَ لَئِنْ أَشْرَكْتَ لَيَحْبَطَنَّ عَمَلُكَ وَلَتَكُونَنَّ مِنَ الْخَاسِرِينَ65﴾,(ހަމަކަށަވަރުން ކަލޭގެފާނަށާއި، ކަލޭގެފާނުގެ ކުރީގެ ރަސޫލުންނަށް ވަހީ ކުރެއްވުނެވެ: ކަލޭގެފާނު ޝަރީކު ކުރައްވައިފިނަމަ، ކަލޭގެފާނުގެ ޢަމަލުތައް ބާޠިލު ވެއްޖައީސްކަން ކަށަވަރެވެ. އަދި އޭރުން ކަލޭގެފާނު ވާހުށީ ގެއްލެނިވެގެންވާ މީހުންގެ ތެރެއިންކަން ކަށަވަރެވެ.)
[الزُّمَر: 65]،,[އައްޒުމަރު: 65]
وقال سبحانه وتعالى:,އަދިވެސް ﷲ ސުބްޙާނަހޫ ވަތަޢާލާ ވަޙީކުރެއްވިއެވެ:
﴿...وَلَوْ أَشْرَكُوا لَحَبِطَ عَنْهُمْ مَا كَانُوا يَعْمَلُونَ﴾,(...އެ ބޭކަލުންވެސް ޝަރީކުކުރެއްވިނަމަ، އެ ބޭކަލުން ކޮށްއުޅުއްވި ޢަމަލުތައް ބާޠިލު ވީސްކަން ކަށަވަރެވެ.)
[الأنعام: 88].,[އަލްއަންޢާމު: 88]
ومما سبق يتبين أن لدين الإسلام، وشهادة: (أن لا إله إلا الله) أصلين عظيمين:,އިސްވެދިޔަ ވާހަކަތަކުން ބަޔާންވެގެންދަނީ: އިސްލާމްދީނަށް، އަދި لا إله إلا الله އަށް ހެކިވުމަށް ބޮޑުވެގެންވާ ދެ އަޞްލެއްވާ ކަމެވެ:
أحدهما: ألا يُعبد إلا الله وحده، لا شريك له؛ فمَن دعا الأموات من الأنبياء وغيرهم، أو دعا الأصنام، أو الأشجار، أو الأحجار، أو غيرها من المخلوقات، أو استغاث بهم، أو تقرب إليهم بالذبائح والنذور، أو صلى لهم، أو سجد لهم؛ فقد اتخذهم أربابًا من دون الله، وجعلهم أندادًا له سبحانه وتعالى، وناقض ونافى معنى لا إله إلا الله.,އޭގެ އެއްކަމަކީ: ހަމައެކަނި ﷲ އަށް މެނުވީ އަޅުކަން ނުކުރެވުމެވެ. އެކަލާނގެއަށް އެއްވެސް ޝަރީކަކު ނުވެއެވެ. ދެންފަހެ ނަބިއްޔުންނާއި އެހެންވެސް މައްޔިތުންނަށް ދުޢާކޮށްފި މީހާ، ނުވަތަ ބުދުތަކަށް، ނުވަތަ ގަސްގަހާގެއްސަށް، ނުވަތަ ހިލަހިލަޔަށް، ނުވަތަ އެނޫންވެސް މަޚްލޫޤުންނަށް ދުޢާކޮށްފި މީހާ، ނުވަތަ އެ ފަރާތްތަކުން ވާތްގަށް އެދި ގޮވައިފި މީހާ، ނުވަތަ ޤުރުބާންކުރެވޭ ކަތިލުންތަކާއި ނަދުރުތައް ބުނެގެން އެ ފަރާތްތަކާ ކުއްތަންވެއްޖެ މީހާ، ނުވަތަ އެ ފަރާތްތަކަށް ނަމާދުކޮށް ނުވަތަ ސަޖިދަކޮށްފި މީހާ؛ ފަހެ ﷲ ފިޔަވައި ރައްބުންތަކެއްގެ ގޮތުގައި އެ ފަރާތްތައް ނަގައިފިކަން ކަށަވަރެވެ. އަދި އެކަލާނގެ ސުބްޙާނަހޫ ވަތަޢާލާއަށް ވާ ޝަރީކުންތަކެއްގެ ގޮތުގައި އޭނާ އެ ފަރާތްތައް ހަދައިފިއެވެ. އަދި لا إله إلا الله ގެ މާނަ ނަފީކޮށް ގެއްލުވާލައިފިއެވެ.
الثاني: ألا يُعبد الله تعالى إلا بشريعة نبيه ورسوله ﷺ، فمن ابتدع في الدين ما لم يأذن به الله؛ لم يُحقق معنى شهادة أن محمدًا رسول الله، ولا ينفعه عمله ولا يقبل منه، قال الله جل جلاله:,ދެވަނައީ: ﷲ ތަޢާލާގެ ނަބިއްޔާ އަދި ރަސޫލާ ﷺގެ ޝަރީޢަތުން މެނުވީ އެކަލާނގެއަށް އަޅުކަންކުރެވިގެން ނުވުމެވެ. ދެންފަހެ ﷲ އިޛްނަ ދެއްވާފައި ނުވާކަމެއް ދީނުގެ ތެރެއަށް އަލަށް އުފައްދައިފި މީހާ؛ محمد رسول الله އަށް ހެކިވުމުގެ މާނަ ޘާބިތެއްނުކުރެއެވެ. އަދި އޭނާގެ ޢަމަލުން އޭނާއަށް ފައިދާއެއް ނުކުރާނެއެވެ. އަދި އޭނާގެ ކިބައިން ޤަބޫލުވެސް ނުކުރެއްވޭހުއްޓެވެ. ﷲ ޖައްލަ ޖަލާލުހޫ ވަޙީކުރެއްވިއެވެ:
﴿وَقَدِمْنَا إِلَى مَا عَمِلُوا مِنْ عَمَلٍ فَجَعَلْنَاهُ هَبَاءً مَنْثُورًا23﴾,(އަދި ޢަމަލުގެ ތެރެއިން އެ މީހުން ކުރި ކަންތަކަށް، ތިމަން އިލާހު ބައްލަވައި، އެ ޢަމަލުތައް ވަޔާބުރައިގެންދާ ކުނޑިފުއްތަކެއް ފަދައިން ލައްވާހުށީމެވެ.)
[الفرقان: 23]،,[އަލްފުރްޤާނު: 23]
والمقصود بالأعمال المذكورة في الآية: أعمال مَن مات على الشرك بالله عز وجل،,އާޔަތުގައި ޛިކުރުކުރެވިގެންވާ ޢަމަލުތަކުގެ މަޤްޞަދަކީ: ﷲ ޢައްޒަ ވަޖައްލައާ ޝަރީކު ކުރުމުގެ މަތީގައި މަރުވާ މީހާގެ ޢަމަލުތަކެވެ.
ويدخل فيها أيضًا: الأعمال المبتدَعة التي لم يأذن بها الله، فإنها تكون يوم القيامة هباءً منثورًا، لكونها لم توافق شرعه المطهَّر، كما قال النبي ﷺ:,އަދި، ﷲ އެ ކަންކަމަށް އިޛްނަ ދެއްވާފައި ނުވާ ބިދުޢަވެރި ޢަމަލުތައްވެސް އޭގެ ތެރެއަށް ވަދެއެވެ. އެގޮތުން އެ ޢަމަލުތައް ޤިޔާމަތްދުވަހު ވާހުށީ ވިއްސިވިހާލެވިގެންދާނޭ ކުނޑިތަކެއް ކަމުގައިއެވެ. އެއީ ޠާހިރުވެގެންވާ ޝަރީޢަތާ އެ ޢަމަލުތައް ދިމާނުވުމުންނެވެ. އެއީ ނަބިއްޔާ ﷺ ޙަދީޘްކުރެއްވި ގޮތަށެވެ:
«مَنْ أَحْدَثَ فِي أَمْرِنَا هَذَا مَا لَيْسَ مِنْهُ فَهُوَ رَدٌّ».,"""އަހަރުމެންގެ މި ދީނުގެ ތެރެއަށް އޭގައި ނެތް އެއްޗެއް އުފައްދައިފި މީހަކު، ފަހެ އެ ކަމެއް ވަނީ އެމީހެއްގެ މައްޗަށް ރައްދުކުރެވިގެންނެވެ."""
متفق على صحته.,އޭގެ ޞައްޙަކަމާމެދު އެއްބަސްވެވިގެންވާ ޙަދީޘެކެވެ. (ބުޚާރީއާއި މުސްލިމް ނެރުއްވާ އެއްބަސްވެވިފައިވާ ޙަދީޘެކެވެ.)
وخلاصة القول: أن هذه الكاتبة قد وجهت استغاثتها ودعاءها للرسول ﷺ، وأعرضت عن رب العالمين، الذي بيده النصر والضر والنفع، وليس بيد غيره شيء من ذلك.,ޚުލާޞާ ބަހަކީ: މި ލިޔުންތެރިޔާ އެވަނީ އެކަނބުލޭގެ ވާތްގަށް އެދުމާއި ދުޢާކުރުން ރަސޫލާ ﷺ އަށް އަމާޒުކޮށްފައިއެވެ. އަދި ނަޞްރުދެއްވުމާއި، ފައިދާއާއި ގެއްލުން ދެއްވުން އެ ފަރާތެއްގެ އަތްޕުޅުގައިވާ: ޢާލަމްތަކުގެ ވެރި ރައްބަށް ފުރަގަސްދީފައިއެވެ. އެއިން އެއްވެސް ކަމެއް އެކަލާނގެ ފިޔަވައި އެހެން ފަރާތެއްގެ އަތުގައި ނުވެއެވެ.
ولا شك أن هذا ظلم عظيم وخيم، وقد أمر الله ـ عز وجل ـ بدعائه سبحانه، ووعد من يدعوه بالاستجابة، وتوعد من استكبر عن ذلك بدخول جهنم، كما قال عز وجل:,އެއްވެސް ޝައްކެއް ނެތްގޮތުގައި މިއީ ބޮޑުވެގެންވާ ނުބައިވެގެންވާ އަނިޔާއެކެވެ. ﷲ ޢައްޒަ ވަޖައްލަވަނީ އެކަލާނގެއަށް ދުޢާކުރުމަށް އަމުރުކުރައްވާ، އަދި އެކަލާނގެއަށް ދުޢާކުރާ މީހަކަށް އިޖާބަކުރައްވާނޭކަމަށް ވަޢުދުވެވޮޑިގެންފައިއެވެ. އަދި އެކަން ކުރަން ކިބުރުވެރިވެ ބޮޑާވާ މީހާ ޖަހަންނަމައަށް ވައްދަވާނޭކަމުގެ ވަޢީދުގެ ބަސް އެކަލާނގެ އިއްވެވިއެވެ. އެއީ އެކަލާނގެ ޢައްޒަ ވަޖައްލަ ވަޙީކުރެއްވި ފަދައިންނެވެ:
﴿وَقَالَ رَبُّكُمُ ادْعُونِي أَسْتَجِبْ لَكُمْ إِنَّ الَّذِينَ يَسْتَكْبِرُونَ عَنْ عِبَادَتِي سَيَدْخُلُونَ جَهَنَّمَ دَاخِرِينَ﴾,(އަދި ތިޔަބައިމީހުންގެ ވެރި ރައްބު ވަޙީކުރެއްވިއެވެ. ތިޔަބައިމީހުން ތިމަންއިލާހަށް ދުޢާކުރާށެވެ! ތިމަންއިލާހު ތިޔަބައިމީހުންގެ ދުޢާ އިޖާބަކުރައްވާހުށީމެވެ. ހަމަކަށަވަރުން، ތިމަންއިލާހަށް (ދުޢާކޮށް) އަޅުކަން ކުރުމަށް ކިބުރުވެރިވެގަންނަ މީހުން (ދަންނާށެވެ!) ނިކަންހުރެ ނިކަމެތިވެގެންވާ ޙާލު، އެއުރެން ނަރަކަޔަށް ވަންނާނެތެވެ.)
[غافر: 60]،,[ޣާފިރު: 60]،
أي: صاغرين ذليلين،,އެބަހީ: ކުޑަކުރެވި ނިކަމެވިވެގެންވާ ބައެއްގެ ގޮތުގައިއެވެ.
فدلت هذه الآية الكريمة على أن الدعاء عبادة، وأن من استكبر عنه مأواه جهنم، فإذا كانت هذه حال من استكبر عن دعاء الله، فكيف تكون حال من دعا غيره، وأعرض عنه، وهو سبحانه القريب، المالك لكل شيء، والقادر على كل شيء، كما قال سبحانه:,އެހެންކަމުން މި މާތް އާޔަތުން ދަލީލުކުރީ: ދުޢާކުރުމަކީ އަޅުކަމެއް ކަމުގައިއެވެ. އަދި ދުޢާގެ އަޅުކަންކުރަން ބޮޑާވެގަންނަ މީހާ އުޅޭނެތަނަކީ ޖަހަންނަމުކަމުގައިއެވެ. ﷲ އަށް ދުޢާކުރުމުން ބޮޑާވެގަންނަ މީހާގެ ޙާލަތަކީ މިއީނަމަ؛ ދެންފަހެ އެކަލާނގެ ފިޔަވައި އެހެން ފަރާތަކަށް ދުޢާކޮށް، އެކަލާނގެއަށް ފުރަގަސްދޭ މީހާގެ ޙާލަތުވާނީ ކޮންފަދައަކުންހެއްޔެވެ! އެއީ އެކަލާނގެއީ (އަޅުތަކުންނާ) ކުއްތަންވެވޮޑިގެންވާ، ކޮންމެ ކަމެއް މިލްކުވެގެންވާ، ކޮންމެކަމެއްގެ މައްޗަށް ކުޅަދުންވަންތަވެގެންވާ އިލާހުކަމުގައި ވުމާއެކުގައިއެވެ. އެއީ އެކަލާނގެ ސުބްޙާނަހޫ ވަޙީކުރެއްވި ގޮތަށެވެ:
﴿وَإِذَا سَأَلَكَ عِبَادِي عَنِّي فَإِنِّي قَرِيبٌ أُجِيبُ دَعْوَةَ الدَّاعِ إِذَا دَعَانِ فَلْيَسْتَجِيبُوا لِي وَلْيُؤْمِنُوا بِي لَعَلَّهُمْ يَرْشُدُونَ 186﴾,(އަދި ތިމަންއިލާހާ މެދު، ތިމަންއިލާހުގެ އަޅުން ކަލޭގެފާނާ ސުވާލުކޮށްފިނަމަ (ކަލޭގެފާނު ވިދާޅުވާށެވެ!) ފަހެ ހަމަކަށަވަރުން ތިމަންއިލާހީ (އެބައިމީހުންނާ) ކުއްތަންވެވޮޑިގެންވާ އިލާހެވެ. ތިމަންއިލާހުގެ ޙަޟްރަތަށް ދުޢާކުރުމުން، ދުޢާކުރި މީހާގެ ދުޢާ ތިމަންއިލާހު އިޖާބަކުރައްވަމެވެ. ފަހެ އެބައިމީހުން ތިމަންއިލާހަށް (ކިޔަމަންވުމުގައި) އިޖާބަދޭށެވެ! އަދި ތިމަންއިލާހަށް އީމާންވާށެވެ! (އެއީ) އެބައިމީހުންނަށް ތެދުމަގު ލިބުމަށްޓަކައެވެ.)
[البقرة: 186]،,[އަލްބަޤަރާ: 186]،
وقد أخبر الرسول ﷺ في الحديث الصحيح أن الدعاء هو العبادة، وقال لابن عمه عبد الله بن عباس رضي الله عنهما:,ދުޢާއަކީ އަޅުކަންކަމުގައި ރަސޫލާ ﷺ ވަނީ ޞައްޙަ ޙަދީޘްގައި ޚަބަރުދެއްވާފައިއެވެ. އަދި އެކަލޭގެފާނުގެ ބޮޑުބޭބެގެ ދަރިކަލުން، ޢަބްދު ﷲ ބްނު ޢައްބާސް رضي الله عنهما އަށް ޙަދީޘްކުރެއްވިއެވެ:
«احْفَظِ اللهَ يَحْفَظْكَ، احْفَظِ اللهَ تَجِدْهُ تُجَاهَكَ، إِذَا سَأَلْتَ فَاسْأَلِ اللهَ، وَإِذَا اسْتَعْنَتَ فَاسْتَعِنْ بِاللهِ».,"""ތިބާ ﷲ އަށް (އެކަލާނގެ އަމުރުފުޅުތަކާއި ނަހީތަކަށް) ރައްކާތެރިވާށެވެ. އޭރުން އެކަލާނގެ ތިބާ ރައްކާތެރިކުރައްވާނެއެވެ. ތިބާ ﷲ އަށް ރައްކާތެރިވާށެވެ. އޭރުން ތިބާއަށް ތިބާގެ ކުރިމަތިން އެކަލާނގެ (ރައްކާތެރިކުރެއްވުމާއި ބެލެހެއްޓެވުން) ފެންނާނެތެވެ. ތިބާ ކަމަކު ސުވާލުކޮށް އެދޭނަމަ ﷲ ގެ ޙަޟްރަތަށް އެދި ދަންނަވާށެވެ. އަދި ތިބާ އެހީތެރިކަމަށް އެދޭނަމަ ﷲ ގެ ޙަޟްރަތުން އެހީތެރިކަމަށް އެދޭށެވެ."""
أخرجه الترمذي وغيره.,މި ޙަދީޘް ނެރުއްވީ އައްތިރްމިޛީ އާއި އެހެން ބޭަކަލުންނެވެ.
وقال ﷺ:,އަދިވެސް އެކަލޭގެފާނު ﷺ ޙަދީޘް ކުރެއްވިއެވެ:
«مَنْ مَاتَ وَهُوَ يَدْعُو لِلهِ نِدًّا؛ دَخَلَ النَّارَ».,"""ﷲ އަށް ޝަރީކަކު ލައިގެން ދުޢާކުރާ ޙާލުހުރެ މަރުވެއްޖެ މީހާ ވަންނަހުށީ ނަރަކައަށެވެ."""
رواه البخاري،,ރިވާކުރެއްވީ އަލްބުޚާރީއެވެ.
وفي الصحيحين عن النبي ﷺ أنه سُئل: أي الذنب أعظم؟ قال:,އަދިވެސް ދެ ޞަޙީޙުގައިވެއެވެ. ނަބިއްޔާ ﷺގެ އަރިހުން ސުވާލުކުރެވުނެވެ: އެންމެ ބޮޑުވެގެންވާ ފާފައަކީ ކޮބައިތޯއެވެ؟ އެކަލޭގެފާނު ޙަދީޘްކުރެއްވިއެވެ:
«أَنْ تَجْعَلَ لِلهِ نِدًّا وَهُوَ خَلَقَكَ».,"""ﷲ ތިބާ ޚަލްޤުކުރައްވާފައި ވަނިކޮށް ތިބާ އެކަލާނގެއަށް 'ނިއްދެއް' (ޝަރީކަކު) ލުމެވެ."""
والند: هو النظير والمثيل، فكل من دعا غير الله، أو استغاث به أو نذر له، أو ذبح له، أو صرف له شيئًا من العبادة سوى ما تقدم؛ فقد اتخذه ندًّا، سواء كان نبيًّا، أو وليًّا، أو ملكًا، أو جنيًّا، أو صنمًا، أو غير ذلك من المخلوقات.,ނިއްދު އަކީ: އެއްފަދަ އެއްހަމަ އެއްޗެކެވެ. ދެންފަހެ ﷲ ފިޔަވައި އެހެން ފަރާތަކަށް ދުޢާކޮށްފި ކޮންމެ މީހަކު، ނުވަތަ އެކަލާނގެ ފިޔަވައި އެ ފަރާތަކުން ވާތްގަށް އެދި، ނުވަތަ ނަދުރު ބުނެ، ނުވަތަ އެ ފަރާތަކަށް ޤުރުބާންކޮށް ކަތިލާ، ނުވަތަ އިސްވެދިޔަ ކަންކަން ނޫން އެހެން އަޅުކަމެއްވެސް އެ ފަރާތަކަށް އަނބުރާލައިފި މީހާ؛ ފަހެ އެވަނީ އެ ފަރާތެއް ނިއްދެއް ކަމުގައި ނަގާފައިއެވެ. އެއީ ނަބިއްޔެއް ވިޔަސް، ނުވަތަ ވަލީވެރިއެއް ވިޔަސް، ނުވަތަ މަލާއިކަތެއް ވިޔަސް، ނުވަތަ ޖިންނިއެއް ވިޔަސް، ނުވަތަ ބުދެއްވިޔަސް، ނުވަތަ އެނޫން މަޚްލޫޤެއްވިޔަސްމެއެވެ.
وهنا قد يقول قائل: فما حكم سؤال الحي الحاضر بما يَقدر عليه، والاستعانة به في الأمور الحسية التي يقدر عليها؛,މިތަނުގައި ބުނާ މީހަކު ބުނެފާނެއެވެ: އެހެންވިއްޔާ ކުޅަދާނަކަންހުރި، ދިރިހުރި މިހެއްގެ ކިބައިން އޭނާއަށް ކުޅަދާނަވެގެންވާ ކަމަކަށް އެދި ސުވާލުކޮށް، އަދި އޭނާއަށް ކުޅަދާނަވާ ޙިއްސީ ކަންކަމުގައި އެހީއަށް އެދުމުގެ ޙުކުމަކީ ކޮބައިހެއްޔެވެ؟
والجواب: أن هذا ليس ذلك من الشرك، بل من الأمور العادية الجائزة بين المسلمين، كما قال تعالى في قصة موسى:,ޖަވާބަކީ: މިކަން ޝިރުކުގެ ތެރެއިން ނުވެއެވެ. ކިއެއްތަ، އެއީ މުސްލިމުންގެ މެދުގައި ހުއްދަވެގެންވާ ހަމަ ޢާދައިގެ ކަންކަމުގެ ތެރެއިންވާ ކަމެކެވެ. އެއީ މޫސާގެފާނުގެ ވާހަކާގައި ﷲ ތަޢާލާ ވަޙީކުރެއްވި ގޮތަށެވެ:
﴿...فَاسْتَغَاثَهُ الَّذِي مِنْ شِيعَتِهِ عَلَى الَّذِي مِنْ عَدُوِّهِ...﴾,(....ފަހެ އެކަލޭގެފާނުގެ އަދުއްވުންގެ ތެރެއިންވާ މީހާއާ ދެކޮޅަށް އެކަލޭގެފާނުގެ ބައިގެ މީހާއަށް ވާގިދެއްވުން އެދި އެކަލޭގެފާނަށް އޭނާ ގޮވައިލިއެވެ...)
[القصص: 15]،,[އަލްޤަޞަޞް: 15]
وكما قال تعالى في قصة موسى أيضًا:,އަދިވެސް މޫސާގެފާނުގެ ވާހަކައިގައި އެކަލާނގެ ވަޙީކުރެއްވި ފަދައިންނެވެ:
﴿فَخَرَجَ مِنْهَا خَائِفًا يَتَرَقَّبُ...﴾,(ފަހެ އެކަލޭގެފާނު ބިރުވެތިވެގެންވާ ޙާލު، (އަތުވެދާނެ ނުރައްކަލަކަށް) ބަލަބަލާ ފާރައަށް ހުންނަވާ ރަށުން ނުކުމެވަޑައިގެންނެވިއެވެ...)
[القصص: 21]،,[އަލްޤަޞަޞް: 21]
وكما يستغيث الإنسان بأصحابه في الحرب، وغيره من الأمور التي تَعرض للناس، ويحتاجون فيها إلى بعضهم.,އަދި އެއީ އިންސާނާ، ހަނގުރާމައިގެ ޙާލަތުގައި، އަދި އެނޫންވެސް މީސްތަކުންނަށް ހުށަހެޅޭ، އަދި އެއްބަޔަކު އަނެއްބަޔަކުގެ އެހީއަށް ޙާޖަތްޖެހޭ ކަންކަމުގައި އެކުވެރިންގެ ގާތުން ވާތްގަށް އެދޭ ގޮތަށެވެ.
وقد أمر اللهُ نبيه ﷺ أن يُخبر أمته أنه لا يملك لأحد نفعًا ولا ضرًّا، فقال سبحانه وتعالى:,ﷲ ތަޢާލާވަނީ، އެކަލާނގެ ނަބިއްޔާ ﷺ އަށް އެއްވެސް މީހަކަށް ފައިދާއެއް އަދި ގެއްލުމެއް ދިނުމުގެ ބާރު މިލްކުވެގެން ނުވާކަމުގެ ޚަބަރު އެކަލޭގެފާނުގެ އުއްމަތަށް ދެއްވުމަށް އަމުރުކުރައްވާފައިއެވެ. އެގޮތުން ﷲ ސުބްޙާނަހޫ ވަތަޢާލާ ވަޙީކުރެއްވިއެވެ:
﴿قُلْ إِنَّمَا أَدْعُو رَبِّي وَلَا أُشْرِكُ بِهِ أَحَدًا21,(ކަލޭގެފާނު ވިދާޅުވާށެވެ. ތިމަންކަލޭގެފާނު ދުޢާ ކުރައްވާކަން ކަށަވަރީ، ތިމަންކަލޭގެފާނުގެ ރައްބަށެވެ. އަދި ތިމަންކަލޭގެފާނު އެއްވެސް ފަރާތެއް އެ އިލާހާ ޝަރީކެއް ނުކުރައްވަމެވެ.
قُلْ إِنِّي لَا أَمْلِكُ لَكُمْ ضَرًّا وَلَا رَشَدًا22﴾,ކަލޭގެފާނު ވިދާޅުވާށެވެ. ހަމަކަށަވަރުން ތިޔަބައިމީހުންނަށް ގެއްލުމެއް ދިނުމެއްވެސް، އަދި ތެދުމަގެއް ދެއްކުމެއްވެސް، ތިމަންކަލޭގެފާނަކަށް މިލްކުވެގެނެއް ނުވެއެވެ.)
[الجن: 21، 22]،,[އަލްޖިންނު: 21، 22]
وقال تعالى:,އަދިވެސް އެކަލާނގެ ވަޙީކުރެއްވިއެވެ:
﴿قُلْ لَا أَمْلِكُ لِنَفْسِي نَفْعًا وَلَا ضَرًّا إِلَّا مَا شَاءَ اللَّهُ وَلَوْ كُنْتُ أَعْلَمُ الْغَيْبَ لَاسْتَكْثَرْتُ مِنَ الْخَيْرِ وَمَا مَسَّنِيَ السُّوءُ إِنْ أَنَا إِلَّا نَذِيرٌ وَبَشِيرٌ لِقَوْمٍ يُؤْمِنُونَ188﴾,(ކަލޭގެފާނު ވިދާޅުވާށެވެ. ﷲ އިރާދަ ކުރެއްވި ކަމެއްމެނުވީ ތިމަންކަލޭގެފާނުގެ އަމިއްލަ ނަފްސަށް މަންފާއެއް، ނުވަތަ ގެއްލުމެއް ލިބިގަތުމުގެ ބާރު، ތިމަންކަލޭގެފާނަށް މިލްކު ވެގެނެއް ނުވެއެވެ. އަދި ތިމަންކަލޭގެފާނަށް ޣައިބު އެނގިވަޑައިގަންނަވާ ކަމުގައި ވީނަމަ، ތިމަންކަލޭގެފާނު (ދުނިޔަވީ މޮޅާއި) ހެޔޮ ގިނަކުރެއްވީމުހެވެ. އަދި ނުބައިކަމެއް ތިމަންކަލޭގެފާނުންގައި ނުބީހުނީހެވެ. އިންޛާރުދެއްވާ ބޭކަލަކު ކަމުގައްޔާއި، އީމާންވާ ބަޔަކަށް އުފާވެރިކަމުގެ ޚަބަރު ދެއްވާ ބޭކަލަކު ކަމުގައި މެނުވީ، ތިމަންކަލޭގެފާނު ނުވަމެވެ.)
[الأعراف: 188].,[އަލްއަޢުރާފު: 188]
والآيات في هذا المعنى كثيرة.,މި މާނައިގައިވާ އާޔަތްތައް ގިނަވެގެންވެއެވެ.
ومن المعلوم أن النبي ﷺ لا يدعو إلا ربه، كما ثبت عنه أنه كان في يوم بدر يستغيث بالله، ويستنصره على عدوه، ويلح في ذلك، ويقول: «يا رب! أنجز لي ما وعدتني». حتى قال الصديق الأكبر أبو بكر رضي الله عنه: حسبك يا رسول الله، فإن الله منجزٌ لك ما وعدك، وأنزل الله سبحانه في ذلك قوله تعالى:,"އަދި އެނގިގެންވާކަމަކީ: ނަބިއްޔާ ﷺ އެކަލޭގެފާނުގެ ވެރި ރައްބަށް މެނުވީ ދުޢާ ނުކުރައްވާކަމެވެ. އެއީ ބަދުރު ހަނގުރާމައިގެ ދުވަހުގައި އެކަލޭގެފާނު ﷲ ގެ ޙަޟްރަތުން ވާތްގަށް އެދިވަޑައިގެން، އަދި އެކަލޭގެފާނުގެ ޢަދުއްވުންގެ މައްޗަށް ނަޞްރުދެއްވުމަށް އެދި ދަންނަވާ، އެކަމުގައި އެކަލޭގެފާނު އާދޭސް ދެންނެވިކަން ޘާބިތުވެގެންވާ ގޮތަށެވެ. އެކަލޭގެފާނު ދުޢާކުރެއްވިއެވެ: ""އޭ އަޅުގެ ވެރި ރައްބެވެ! އިބައިލާހު މިއަޅާއަށް ވަޢުދުކުރެއްވި ކަންތައް ފުރިހަމަކޮށްދެއްވާށިއެވެ."" އެހެންގޮސް އައްޞިއްދީޤުލް އަކްބަރު އަބޫބަކުރު رضي الله عنه މިހެން ވިދާޅުވެއްޖައުމަށް ދާންދެނެވެ: ""އޭ ﷲ ގެ ރަސޫލާއެވެ! ފުދިވަޑައިގެންފިއެވެ. ފަހެ ހަމަކަށަވަރުން ﷲ ކަލޭގެފާނަށް ވަޢުދުވެވަޑައިގެންނެވި ކަންތައް ކަލޭގެފާނަށް ފުއްދަވާ ދެއްވާނެތެވެ."" އެކަމުގައި ﷲ ތަޢާލާގެ މި ބަސްފުޅު ބާވައިލެއްވުނެވެ:"
﴿إِذۡ تَسۡتَغِيثُونَ رَبَّكُمۡ فَٱسۡتَجَابَ لَكُمۡ أَنِّي مُمِدُّكُم بِأَلۡفٖ مِّنَ ٱلۡمَلَٰٓئِكَةِ مُرۡدِفِينَ9﴾,(ތިޔަބައިމީހުންގެ ރައްބުގެ ޙަޟްރަތަށް އެހީއާއި ވާތްގަށް އެދި ތިޔަބައިމީހުން ދެންނެވިހިނދުއެވެ. ދެން އެ އިލާހު ތިޔަބައިމީހުންނަށް އިޖާބަ ދެއްވާ އެންގެވިއެވެ: ހަމަކަށަވަރުން މަލާއިކަތުންގެ ހާހަކުން ތިމަން އިލާހު ތިޔަބައިމީހުންނަށް މަދަދު ދެއްވާނަމެވެ. އެކަކަށް ފަހު އަނެކަކު އަންނަ ގޮތުގައެވެ.)
[الأنفال: 9]،,[އަލްއަންފާލު: 9]
فذكرهم سبحانه في هذه الآيات استغاثتهم، وأخبر أنه استجاب لهم فأمدَّهم بالملائكة؛ للتبشير بالنصر، والطمأنينة، وبيَّن سبحانه أن النصر ليس من الملائكة، وإنما هو النصر من عنده، فقال تعالى:,ފަހެ އެކަލާނގެ ސުބްޙާނަހޫ އެވަނީ މި އާޔަތްތަކުގައި އެމީހުން ވާތްގަށް އެދުނު ވާހަކަ ޛިކުރުކުރައްވާ، ދެން އެކަލާނގެ އެމީހުންނަށް އިޖާބަދެއްވިކަމަށް ޚަބަރުދެއްވާފައިއެވެ. ދެން ނަޞްރުގެ ހެޔޮ ޚަބަރުދެއްވުމަށާއި، ހިތްހަމަޖެހުން ދެއްވުމަށް އެކަލާނގެ މަލާއިކަތުން މެދުވެރިކުރައްވާ އެމީހުންނަށް މަދަދުދެއްވިއެވެ. އަދި އެކަލާނގެ ސުބްޙާނަހޫ ބަޔާންކުރައްވާފައި އެވަނީ ނަޞްރުވަނީ މަލާއިކަތުންގެ ފުށަކުން ނޫންކަމަށެވެ. އެކަމަކު ނަޞްރުވާކަން ކަށަވަރީ ހަމައެކަނި އެކަލާނގެ ޙަޟްރަތުންނެވެ. އެގޮތުން ﷲ ތަޢާލާ ވަޙީކުރެއްވިއެވެ:
﴿وَمَا النَّصْرُ إِلَّا مِنْ عِنْدِ اللَّهِ...﴾,(އަދި ﷲ ގެ ޙަޟްރަތުން މެނުވީ ނަޞްރު ލިބުމެއް ނުވެއެވެ...)
[آل عمران: 126]،,[އާލްޢިމްރާން: 126]
وقال جل جلاله:,އަދި އެކަލާނގެ -ޖައްލަ ޖަލާލުހޫ- ވަޙީކުރެއްވިއެވެ:
﴿وَلَقَدْ نَصَرَكُمُ اللَّهُ بِبَدْرٍ وَأَنْتُمْ أَذِلَّةٌ فَاتَّقُوا اللَّهَ لَعَلَّكُمْ تَشْكُرُونَ123﴾,(އަދި ތިޔަބައިމީހުން ނިކަމެތި ޙާލުގައި ވަނިކޮށް، ހަމަކަށަވަރުން ބަދުރުގައި ﷲ ތިޔަބައިމީހުންނަށް ނަޞްރުދެއްވިއެވެ. ފަހެ ތިޔަބައިމީހުން ﷲ އަށް ތަޤުވާވެރިވާށެވެ! (އެއީ) ތިޔަބައިމީހުން ޝުކުރުވެރިވުމަށްޓަކައެވެ.)
[آل عمران: 123].,[އާލްޢިމްރާން: 123]
فبين تعالى في هذه الآية أنه سبحانه هو الناصر لهم يوم بدر، فعلم بذلك أن ما أعطاهم من السلاح والقوة، وما أمدهم به من الملائكة، كل ذلك من أسباب النصر والتبشير والطمأنينة، وليس النصر منها، بل هو من عند الله وحده،,ފަހެ ﷲ ތަޢާލާ މި އާޔަތުގައި ބަޔާންކުރައްވާފައިވަނީ: ބަދުރުގެ ދުވަހުގައި އެމީހުންނަށް ނަޞްރުދެއްވި ފަރާތަކީ އެކަލާނގެ ސުބްޙާނަހޫ ކަމެވެ. އެއިން އެނގިގެންދަނީ އެކަލާނގެ އެމީހުންނަށް ދެއްވި ހަތިޔާރާއި ބާރާއި، އަދި އެމީހުންނަށް މަދަދުގެ ގޮތުގައި ފޯރުކޮށްދެއްވި މަލާއިކަތުންނާއި، އެ ހުރިހާ ކަންކަމަކީ ނަޞްރާއި، ހެޔޮ ޚަބަރުދެއްވުމާއި، ހިތްހަމަޖެހުމުގެ ސަބަބުތަކުގެ ތެރޭގައިވާ ކަންކަން ކަމެވެ. އެކަމަކު ނަޞްރު ލިބެނީކީ އެ ކަންކަމަކުން ނޫނެވެ. ކިއެއްތަ، ނަޞްރު ލިބެނީ ހަމައެކަނި ﷲ ގެ ޙަޟްރަތުންނެވެ.
فكيف تجرؤ هذه الكاتبة أو غيرها بأن توجه استغاثتها وطلبها النصر من النبي ﷺ ، وتُعرض عن رب العالمين، المالك لكل شيء والقادر على كل شيء؟!,ދެންފަހެ މި ލިޔުންތެރިޔާ ނުވަތަ އެހެން މީހަކުވިޔަސް، ކޮންމެ ކަމެއްގެ މިލްކުވެރިކަން ލިބިގެންވާ، އަދި ކޮންމެ ކަމަކަށް ކުޅަދުންވަންތަ، ޢާލަމްތަކުގެ ވެރި ރައްބަށް ފުރަގަސްދޭ ޙާލު، އޭނާގެ ވާތްގަށް އެދުމާއި ނަޞްރަށް އެދުން؛ ނަބިއްޔާ ﷺ އަށް އަނބުރާލަން ޖެހިލުންކުޑަވެ ކުރިމަތިލީ ކިހިނަކުންހެއްޔެވެ!؟
لا شك أن هذا من أقبح الجهل، بل من أعظم الشرك، فالواجب على الكاتبة أن تتوب إلى الله ـ سبحانه ـ توبةً نصوحًا، والتوبة النصوح هي المشتملة على عدة أمور، هي:,އެއްވެސް ޝައްކެއް ނެތް ގޮތުގައި، މިއީ އެންމެ ހުތުރުވެގެންވާ ޖާހިލުކަމެވެ. ކިއެއްތަ، އެންމެ ބޮޑެތި ޝިރުކުގެ ތެރެއިންވާ ކަމެކެވެ. އެހެންކަމުން ލިޔުންތެރިޔާގެ މައްޗަށް ވާޖިބުވެގެންވަނީ ﷲ -ސުބްޙާނަހޫ- އަށް ނަޞޫޙު ތައުބާއަކުން ތައުބާވުމެވެ. އަދި ނަޞޫޙު ތައުބާއަކީ އެތައް ކަމެއް އޭގައި ހިމެނިގެންވާ ތައުބާއެވެ. އެ ކަންކަމަކީ:
الأول: الندم على ما وقع منها.,ފުރަތަމައަށް: އެ ކަނބުލޭގެ ފުށުންވީ ކަންތަކުގެ މައްޗަށް ހިތާމަކުރުމެވެ.
الثاني: الإقلاع عما وقع منها،,ދެވަނައަށް: އެކަނބުލޭގެ ފުށުން ދިމާވި ކަންތައް ދޫކޮށްލުމެވެ.
والثالث: العزم على عدم العود إليه، تعظيمًا لله وإخلاصًا له، وامتثالًا لأمره، وحذرًا مما نهى عنه، هذه هي التوبة النصوح،,ތިންވަނައަށް: އެފަދަ ކަމަކަށް އަނބުރާ ރުޖޫޢަ ނުވުމަށް ޢަޒުމްކަނޑައެޅުމެވެ. އެއީ ﷲ އަށް މަތިވެރިކޮށް މާތްކޮށް ހިތުމުގެ ގޮތުން، އަދި އެކަލާނގެއަށް އިޚްލާޞްތެރިވެ، އެކަލާނގެ އަމުރުފުޅަށް ބޯލަނބާ، އެކަލާނގެ ނަހީކުރެއްވި ކަންތަކުން ދުރުވެ އެއްކިބާވުމުގެ ގޮތުންނެވެ. ނަޞޫޙު ތައުބާއަކީ މިއެވެ.
وهناك أمر رابع خاص بما إذا كانت الإساءة في حق المخلوقين وهو: الرابع: رد الحق إلى مستحقه، أو تحلله منه.,އެ ކުރެވުނު ކަމަކީ މަޚްލޫޤުންގެ ޙައްޤުގައި ކުރެވުނު ނުބައިކަމެއްނަމަ އަދި ހަތަރުވަނަ ޚާއްޞަކަމެއްވެސް އެއަށް އިތުރުވެއެވެ. އެއީ: ހަތަރުވަނައަށް: ޙައްޤު، އެ ޙައްޤުވާ ފަރާތަށް އަނބުރާ ރައްދުކޮށް، ނުވަތަ އޭނާގެ ފުށުން ހިތް ޙަލާލު ހޯދުމެވެ.
وقد أمر الله عبادَه بالتوبة، ووعدهم قبولَها، كما قال تعالى:,ﷲ ވަނީ އެކަލާނގެ އަޅުތަކުންނަށް ތައުބާވުމަށް އަމުރުކުރައްވާފައިއެވެ. އަދި ތައުބާ ޤަބޫލުކުރައްވާނޭކަމަށް އެކަލާނގެ އެމީހުންނަށް ވަޢުދުވެވޮޑިގެންނެވިއެވެ. އެއީ ﷲ ތަޢާލާ ވަޙީކުރެއްވި ފަދައިންނެވެ:
﴿وَتُوبُوا إِلَى اللَّهِ جَمِيعًا أَيُّهَ الْمُؤْمِنُونَ لَعَلَّكُمْ تُفْلِحُونَ31﴾,(...އޭ މުއުމިނުންނޭވެ. ތިޔަބައިމީހުން އެންމެން ﷲ އަށް ތައުބާ ވާށެވެ. (އެއީ) ތިޔަބައިމީހުން ކާމިޔާބުވޭތޯއެވެ.)
[النور: 31]،,[އައްނޫރު: 31].
وقال في حق النصارى:,ނަޞާރާއިންގެ ޙައްޤުގައި އެކަލާނގެ ވަޙީކުރެއްވިއެވެ:
﴿أَفَلَا يَتُوبُونَ إِلَى اللَّهِ وَيَسْتَغْفِرُونَهُ وَاللَّهُ غَفُورٌ رَحِيمٌ74﴾,(ފަހެ އެ މީހުން ﷲ އަށް ތައުބާވެ، އަދި ފާފަ ފުއްސެވުން އެދި އެ އިލާހުގެ ޙަޟްރަތަށް ނުދަންނަވާނަން ހެއްޔެވެ؟ ފަހެ ﷲ އީ، ގިނަގިނައިން ފާފަ ފުއްސަވާ ރަޙީމްވަންތަ އިލާހެވެ.)
[المائدة: 74]،,[އަލްމާއިދާ: 74].
وقال تعالى:,އަދިވެސް އެކަލާނގެ ވަޙީކުރެއްވިއެވެ:
﴿وَالَّذِينَ لَا يَدْعُونَ مَعَ اللَّهِ إِلَهًا آخَرَ وَلَا يَقْتُلُونَ النَّفْسَ الَّتِي حَرَّمَ اللَّهُ إِلَّا بِالْحَقِّ وَلَا يَزْنُونَ وَمَنْ يَفْعَلْ ذَلِكَ يَلْقَ أَثَامًا68,(އެ މީހުންނީ ﷲ އާއެކު އެހެން އިލާހަކަށް ގޮވައި ނުހަދާމީހުންނެވެ. އަދި ﷲ، ޙަރާމް ކުރައްވާފައިވާ ނަފްސެއް، ޙައްޤަކާ ލައިގެން މެނުވީ، ޤަތުލުނުކުރާ މީހުންނެވެ. އަދި ޒިނޭ ނުކުރާ މީހުންނެވެ. އެއިން ކަމެއްކޮށްފިމީހާ (އެ ކަމުގެ) ޢުޤޫބާތާ ބައްދަލުކުރާނެތެވެ.
يُضَاعَفْ لَهُ الْعَذَابُ يَوْمَ الْقِيَامَةِ وَيَخْلُدْ فِيهِ مُهَانًا69,އެ މީހަކަށް ޤިޔާމަތް ދުވަހުން ޢަޛާބު ގިނަގުނަ ކުރެވޭނެއެވެ. އަދި އިހާނެތިކަން ލިބިގެންވާ ޙާލު އެ ޢަޛާބުގައި، އެ މީހަކު ދެމިހުންނާނެއެވެ.
إِلَّا مَنْ تَابَ وَآمَنَ وَعَمِلَ عَمَلًا صَالِحًا فَأُولَئِكَ يُبَدِّلُ اللَّهُ سَيِّئَاتِهِمْ حَسَنَاتٍ وَكَانَ اللَّهُ غَفُورًا رَحِيمًا70﴾,ތައުބާވެ، އީމާންވެ، ޞާލިޙު ޢަމަލުކުޅަ މީހަކު މެނުވީއެވެ. ފަހެ އެ މީހުންނާމެދު (ދަންނާށެވެ.) ﷲ، އެ މީހުންގެ ނުބައި ކަންތައް، ހެޔޮކަންތަކަށް ބަދަލު ކުރައްވާނެއެވެ. ގިނަގިނައިން ފާފަ ފުއްސަވާ، ރަޙީމްވަންތަ އިލާހަކު ކަމުގައި ﷲ ވޮޑިގެންވެއެވެ.)
[الفرقان: 68-70]،,[އަލްފުރްޤާނު: 68-70]
وقال تعالى:,އަދިވެސް ﷲ ތަޢާލާ ވަޙީކުރެއްވިއެވެ:
﴿وَهُوَ الَّذِي يَقْبَلُ التَّوْبَةَ عَنْ عِبَادِهِ وَيَعْفُو عَنِ السَّيِّئَاتِ وَيَعْلَمُ مَا تَفْعَلُونَ25﴾,(އެ އިލާހީ، އެ އިލާހުގެ އަޅުތަކުންގެ ކިބައިން ތައުބާ ޤަބޫލު ކުރައްވާ، ނުބައިކަންތައް ޢަފޫކުރައްވާ އިލާހެވެ. އަދި ތިޔަބައިމީހުންކުރާ ކަންތައްތައް، އެ އިލާހު ދެނެވޮޑިގެންވެއެވެ.)
[الشورى: 25].,[އައްޝޫރާ: 25]
وصح عن رسول الله ﷺ أنه قال:,އަދި ﷲ ގެ ރަސޫލާ ﷺ ޙަދީޘްކުރެއްވިކަމަށް އެކަލޭގެފާނުގެ އަރިހުން ޞައްޙަވެގެންވެއެވެ:
«الإِسْلَامُ يَهْدِمُ مَا كَانَ قَبْلَهُ، وَالتَّوْبَةُ تَجُبُّ مَا كَانَ قَبْلَهَا».,"""އިސްލާމްވުމުން އޭގެ ކުރިންވީ (ނުބައި ކަންކަން) ފުނޑާލައެވެ. އަދި ތައުބާވުމުން އޭގެ ކުރިންވީ (އުރެދުމާއި ފާފަތައް) ފުހެލާ ފޮރުވާލައެވެ."""
وقد حررت هذه الكلمات الموجزة؛ لِعظم خطر الشرك، وكونه أعظم الذنوب، وخشية الاغترار بما صدر من هذه الكاتبة، ولوجوب النصح لله ولعباده.,އަހަރެން މި ޚުލާޞާ ކަލިމަތައް ލިޔުނީ: ޝިރުކުގެ ނުރައްކާ ބޮޑުކަމަށްޓަކައިއެވެ. އަދި އެއީ އެންމެ ބޮޑު ފާފަކަމުފައިވާތީއެވެ. އަދި މި ލިޔުންތެރިޔާގެ ކިބައިން އެ ފާޅުވި ކަންތަކާމެދު ހެއްލިގެންގޮސްދާނޭކަމުގެ ބިރަށްޓަކައިއެވެ. އަދި ﷲ އާއި އެކަލާނގެ އަޅުތަކުންނަށް އިޚްލާޞްތެރިވެ ނަޞޭޙަތްތެރިވުމުގެ ގޮތުންނެވެ.
وأسأل الله جل جلاله أن ينفع بها، وأن يُصلح أحوالنا وأحوال المسلمين جميعًا، وأن يَمنَّ علينا جميعًا بالفقه في الدين، والثبات عليه، ويُعيذنا والمسلمين من شرور أنفسنا وسيئات أعمالنا إنه وليُّ ذلك والقادر عليه.,އަދި އަހަރެން ﷲ -ޖައްލަ ޖަލާލުހޫ- ގެ ޙަޟްރަތުން އެދެނީ މި ބަސްތަކުން މަންފާކޮށްދެއްވާ، އަދި އަހަރުމެންނާއި މުސްލިމު އެންމެންގެ ޙާލަތު އިޞްލާޙުކޮށް ދެއްވުމަށެވެ. އަދި ދީނުގައި ފިޤުހުވެރިވުމާއި، ދީން މަތީގައި ޘާބިތުވުމުގެ ނިޢުމަތް އަޅަމެން އެންމެންނަށް ދެއްވާ، އަޅަމެންނާއި އަދި މުސްލިމުން، އަޅަމެންގެ ނަފްސުތަކުގެ ނުބައިކަމުންނާއި، ޢަމަލުތަކުގެ ނުބައިކަމުން ރައްކާތެރިކޮށްދެއްވުމަށެވެ. ހަމަކަށަވަރުން އެކަލާނގެއީ އެކަންކަމުގެ ވަލީވެރި، އަދި އެކަމަށް ކުޅަދުންވަންތަ އިލާހެވެ.
وصلى الله وسلم وبارك على عبده ورسوله نبينا محمد وآله وصحبه.,"ﷲ އެކަލާނގެ އަޅާ އަދި ރަސޫލާކަމުގައިވާ، އަހަރުމެންގެ ނަބިއްޔާ މުޙައްމަދުގެފާނަށާއި، އެކަލޭގެފާނުގެ އާލުންނާއި އަޞްޙާބުންނަށް ޞަލަވާތާއި ސަލާމާއި ބަރަކާތް ލައްވާށިއެވެ.
 وصلى الله وسلم وبارك على عبده ورسوله نبينا محمد وآله وصحبه."
الرسالة الثالثة,ތިންވަނަ ރިސާލާ
في حُكْمِ الاستِغَاثَةِ بِالْجِنِّ وَالشَّيَاطِينِ وَالنَّذْرِ لَهُمْ,ޖިންނީންނާއި ޝައިޠާނުންގެ ކިބައިން ވާތްގަށް އެދުމާއި އެވެރިންނަށް ނަދުރު ބުނުމުގެ ޙުކުމާމެދު
من عبد العزيز بن عبد الله بن باز إلى مَن يراه من المسلمين، وفقني الله وإياهم للتمسك بدينه، والثبات عليه آمين.,ޢަބްދުލް ޢަޒީޒު ބްނު ޢަބްދު ﷲ ބްނު ބާޒުގެ ފަރާތުން، މުސްލިމުންގެ ތެރެއިން މި ރިސާލާ ފެންނަ ބަޔަކަށް، ﷲ އަހަރެންނަށާއި އެމީހުންނަށް އެކަލާނގެ ދީނުގައި ހިފަހައްޓާ، ދީން މަތީ ޘާބިތުވުމުގެ ތައުފީޤުދެއްވާށިއެވެ. އާމީން.
السلام عليكم ورحمة الله وبركاته.,"السلام عليكم ورحمة الله وبركاته.
 ތިޔަބައިމީހުންގެ މައްޗަށް ސަލާމްހުއްޓެވެ. އަދި ﷲ ގެ ރަޙްމަތާއި އެކަލާނގެ ބަރަކާތްތައްވެސް ހުއްޓެވެ."
أما بعد: فقد سألني بعض الإخوان عما يفعله بعض الجُهال؛ من دعاء غير الله سبحانه، والاستنجاد به في المهمات؛ كدعاء الجن والاستغاثة بهم، والنذر لهم، والذبح لهم.,އެއަށްފަހު ދަންނައެވެ: ބައެއް ޖާހިލުންކުރާ ކަމެއް ކަމުގައިވާ: ބޮޑެތި މުހިއްމު ކަންތައް ލައިގަންނަހިނދު؛ ﷲ ސުބްޙާނަހޫ ފިޔަވައި އެހެން ފަރާތްތަކަށް ދުޢާކޮށް، އެ ފަރާތެއްގެ ކިބައިން އެހީއާއި ސަލާމަތަށް އެދުން؛ މިސާލަކަށް ޖިންނީންނަށް ދުޢާކޮށް އެމީހުންގެ ކިބައިން ވާތްގަށް އެދި، އެމީހުންނަށް ނަދުރު ބުނެ، ޤުރުބާންކޮށް ކަތިލުންފަދަ ކަންކަމާ ބެހޭގޮތުން ބައެއް އަޚުން އަހަރެންނާ ސުވާލުކޮށްފިއެވެ.
ومن ذلك أيضًا قول بعضهم: (يا سبعة)، أي: سبعة من رؤساء الجن خذوه، اكسروا عظامه، اشربوا دمه، مثِّلوا به، يا سبعة افعلوا به كذا،,"އެފަދަ ކަންކަމުގެ ތެރޭގައި: އޭގެ ބައެއް މީހުން ކިޔާ އުޅޭ މި ބަސްވެސްވެއެވެ: ""އޭ ސަބްޢާއޭ -އެބަހީ: ޖިންނީންގެ ބޮޑުންގެ ތެރެއިން ހިމެނޭ ހަތް އެއްޗާއޭ- (މިވެނި އެވެނި މީހަކު) ހިފައިގަންނާށޭ، އަދި އޭނާގެ ކަށިތައް ބިންދާލާށޭ، އަދި އޭނާގެ ލޭ ބޯށޭ، އަދި އޭނާގެ ގުނަވަންތައް ތަފާތުވާގޮތަށް ބުރިބުރިކޮށްލާށޭ، އޭ ސަބްޢާ (ހަތް މީހުންނޭ) އޭނާއާމެދު އެހެން ކަންތައްކުރާށޭއެވެ."""
أو قول بعضهم: (خذوه يا جن الظهيرة، يا جن العصر)، وهذا يوجد كثيرًا في بعض الجهات الجنوبية، ومما يَلتحق بهذا الأمر: دعاء الأموات من الأنبياء والصالحين وغيرهم، ودعاء الملائكة والاستغاثة بهم،,"ނުވަތަ އޭގެ ބައެއް މީހުން ކިޔާއުޅޭ އެއްޗެއް ކަމުގައިވާ: ""އޭ މެންދުރު ދަޅައިގެ ޖިންނީންތަކާއޭ، އޭނާ ގެންދާށޭ، އޭ ޢަޞްރު ދަޅައިގެ ޖިންނީންތަކާއޭ"" މިއެވެ. މިއީ ދެކުނުގެ ބައެއް ސަރަޙައްދުތަކުގައި ގިނައިން އޮންނަ ކަމެކެވެ. މިއާ ގުޅިގެންދާ ކަމަކީ: ނަބިއްޔުންނާއި ޞާލިޙުންނާއި އެހެންވެސް މައްޔިތުންނަށް ދުޢާކުރުމާއި، މަލާއިކަތުންނަށް ދުޢާކޮށް އެ ފަރާތްތަކުގެ ކިބައިން ވާތްގަަށް އެދުމެވެ."
فهذا كله وأشباهه واقع مِن كثير ممن ينتسب إلى الإسلام، جهلًا منه، وتقليدًا لمن قَبله، وربما سهَّل بعضهم في ذلك واحتج بقوله: هذا شيء يجري على اللسان، لا نقصده ولا نعتقده.,"ފަހެ، ޖާހިލުކަމާހުރެ، އަދި ކުރީގައި އުޅުނު މީހުންނަށް ތަޤްލީދުކޮށްގެން، އިސްލާމްދީނަށް ނިސްބަތްވެގެން ތިބި ގިނަބަޔަކުގެ ފުށުން މިހުރިހާ ކަންކަމާއި، މިއާ ވައްތަރުވެގެންވާ ކަންކަންވެސް ފާޅުވެ ހިނގަމުންދެއެވެ. އަދި ފަހަރެއްގައި، އޭގެ ތެރެއިން ބަޔަކު މީހުން އެއީ އާދައިގެ ފަސޭހަކަމަކަށް ހަދާލާފައި، ""މިއީ ހަމަ ދޫ މަތިން ބުނެލެވޭ ބަސްތަކެކޭ، އަހަރުމެން އެއަށް ޤަޞްދެއް ނުކުރަމޭ، އަދި އެހެން ޤަބޫލެއްވެސް ނުކުރަމޭ"" މިހެން ބުނެ ޙުއްޖަތް ދައްކާފާނެއެވެ."
وسألني أيضًا: عن حكم مناكحة من عُرف بهذه الأعمال، وذبائحهم، والصلاة عليهم، وخلفهم، وعن تصديق المشعوذين والعرافين؛ كمن يدعي معرفة المرض وأسبابه بمجرد إشرافه على شيء مما مس جسدَ المريض؛ كالعمامة والسراويل والخمار وأشباه ذلك.,އަދިވެސް އަހަރެންނާ ސުވާލުކުރެވުނު އަނެއްކަމަކީ: މިފަދަ ޢަމަލުތައް ކުރާކަން އެނގިގެންވާ މީހުންނާ ކައިވެނިކުރުމާއި، އެމީހުން ކަތިލާ ތަކެތި ކެއުމާއި، އެމީހުންގެ މައްޗަށް ކަށު ނަމާދުކުރުމާއި، އެމީހުން ފަހަތު ނަމާދުކުރުމުގެ ޙުކުމާ މެދުގައިއެވެ. އަދި ސިޙުރުވެރިންނާއި ފާލުބަލާ ބުރަންމާނީން؛ މިސާލަކަށް ބަލިމީހާގެ ހަށިގަނޑުގައި ބީހިފައިވާ ފަގުޑިއެއް، ނުވަތަ ހަރުވާޅެއް، ނުވަތަ ބުރުގަލެއް އަދި އެފަދަ އެއްޗެއް ހަމަ ބަލާލާފައި، ޖެހިފައި ހުރި ބައްޔާއި އަދި ބަލީގެ ސަބަބުތައް އެނގޭކަމަށް ދަޢުވާކުރާ މީހާފަދަ މީހުން ތެދުކުރުމުގެ ޙުކުމާމެދުވެސް އޭނާ އަހަރެންގެ ގާތުން ސުވާލުކުރިއެވެ.
والجواب: الحمد لله وحده والصلاة والسلام على من لا نبي بعده، وعلى آله وصحبه ومن اهتدى بهم إلى يوم الدين.,ޖަވާބުގައި ބުނަމެވެ: ޙަމްދުހުރީ ހަމައެކަނި ﷲ އަށެވެ. އަދި ޞަލަވާތާއި ސަލާމްހުރީ އެކަލޭގެފާނަށް ފަހު ނަބިއްޔެއް ނުވާ ކަލޭގެފާނަށެވެ. އަދި އެކަލޭގެފާނުގެ އާލުންނާއި، އަޞްޙާބުންނާއި، ޤިޔާމަތްދުވަހާ ހަމައަށް އެބޭކަލުންގެ ތެދުމަގުން ހިދާޔަތް ލިބިގަތްހާ ބަޔަކަށްވެސްމެއެވެ.
أما بعد: فإن الله سبحانه وتعالى قد خلق الثقلين ليعبدوه، دون كل ما سواه، وليخصوه بالدعاء والاستغاثة، والذبح والنذر وسائر العبادات، وقد بعث الرسل بذلك، وأمرهم به، وأنزل الكتب السماوية التي أعظمها القرآن الكريم ببيان ذلك والدعوة إليه، وتحذير الناس من الشرك بالله وعبادة غيره،,އެއަށްފަހު ދަންނައެވެ: ފަހެ ހަމަކަށަވަރުން ﷲ ސުބްޙާނަހޫ ވަތަޢާލާ، އިންސީންނާއި ޖިންނީން އުފެއްދެވީ؛ އެކަލާނގެ ފިޔަވައި އެހެން ފަރާތްތައް ދޫކޮށް، (ހަމައެކަނި) އެކަލާނގެއަށް އަޅުކަންކުރުމަށާއި، ދުޢާކުރުމާއި ވާތްގަށް އެދުމާއި، ޛަބަޙަކުރުމާއި، ނަދުރު ބުނުމާއި އެހެން ހުރިހާ އަޅުކަންތައްވެސް އެކަލާނގެއަށް ޚާއްޞަކުރުމަށްޓަކައިއެވެ. އަދި އެކަލާނގެ އެކަމާގެން ރަސޫލުން ފޮނުއްވާ، އެބޭކަލުންނަށް އެކަމަށް އަމުރުކުރައްވާ، ސަމާވީ ފޮތްތައް -އޭގެ އެންމެ މާތް ފޮތްކަމުގައި ޤުރްއާނުލް ކަރީމް ހިމެނޭހެން- ބާވައިލެއްވީ: އެކަންތައް ބަޔާންކުރައްވާ، އަދި އެކަމަށް ގޮވާލައްވާ، އަދި ﷲ އާ ޝަރީކުކުރުމާއި އެކަލާނގެ ފިޔަވައި އެހެން ފަރާތަކަށް އަޅުކަންކުރުމާމެދު މީސްތަކުންނަށް އިންޛާރު ދެއްވުމަށްޓަކައިއެވެ.
وهذا هو أصل الأصول وأساس الملة والدين، وهو معنى شهادة أن لا إله إلا الله، وحقيقة: لا معبود بحق إلا الله، فهي تنفي الألوهية والعبادة لغير الله، وتثبتها - أي: العبادة- لله وحده، دون ما سواه من سائر المخلوقات،,މިއީ އަޞްލުތަކުގެ އަޞްލު، އަދި މިއްލަތާއި ދީނުގެ އަސާސެވެ. އަދި لا إله إلا الله އަށް ހެކިވުމުގެ މާނައަކީވެސް އެޔެވެ. އަދި ﷲ ފިޔަވައި ޙައްޤުވެގެން އަޅުކަންވެވޭ އެހެން އެއްވެސް އިލާހެއް ނުވެޔޭ ބުނުމުގެ ޙަޤީޤަތަކީވެސް އެޔެވެ. އެގޮތުން އެކަލިމައިން، ﷲ ފިޔަވައި އެހެން ފަރާތަކަށް އަޅުކަންކޮށް، އިލާހުވަންތަކަން ދިނުން ނަފީކޮށްފައި، ﷲ ފިޔަވައި އެހެން ހުރިހާ މަޚްލޫޤުންތައް ދޫކޮށް ހަމައެކަނި އެކަލާނގެއަށް އަޅުކަން ޘާބިތުކުރެއެވެ.
والأدلة على هذا من كتاب الله وسنة رسوله ﷺ كثيرة جدًّا، منها: قوله جل جلاله:,ﷲ ގެ ފޮތާއި، އެކަލާނގެ ރަސޫލާ ﷺ ގެ ސުންނަތުން މިކަމުގެ މައްޗަށްވާ ދަލީލުތައް ވަރަށްވެސް ގިނަވެގެންވެއެވެ. އޭގެ ތެރޭގައި: އެކަލާނގެ -ޖައްލަ ޖަލާލުހޫ- ގެ މި ބަސްފުޅުވެއެވެ:
﴿وَمَا خَلَقْتُ الْجِنَّ وَالْإِنْسَ إِلَّا لِيَعْبُدُونِ56﴾,(ތިމަން އިލާހަށް (އެއްކައުވަންތަކޮށް) އަޅުކަންކުރުމަށް މެނުވީ، ތިމަން އިލާހު ޖިންނީންނާއި، އިންސީން ނަހައްދަވަމެވެ.)
[الذاريات: 56]،,[އައްޛާރިޔާތު: 56]
وقوله سبحانه:,އަދި އެކަލާނގެ ސުބްޙާނަހޫ ގެ މިބަސްފުޅެވެ:
﴿وَقَضَى رَبُّكَ أَلَّا تَعْبُدُوا إِلَّا إِيَّاهُ...﴾,(އެކަލާނގެއަށް މެނުވީ، ތިޔަބައިމީހުން އަޅުކަން ނުކުޅައުމަށް ކަލޭގެފާނުގެ ވެރި ރައްބު ނިޔާ ކަނޑައަޅުއްވާ އެންގެވިއެވެ...)
[الإسراء: 23]،,[އަލްއިސްރާއު: 23]
وقوله تعالى:,އަދި ﷲ ތަޢާލާގެ މި ބަސްފުޅެވެ:
﴿وَمَا أُمِرُوا إِلَّا لِيَعْبُدُوا اللَّهَ مُخْلِصِينَ لَهُ الدِّينَ حُنَفَاءَ...﴾,(އަދި ބާޠިލު މަގުން އެއްކިބާވެ ތިބެ، اللَّه އަށް އަޅުކަން ޚާލިޞްކުރާ ޙާލު އެކަލާނގެއަށް އަޅުކަންކުރުމަށް މެނުވީ އެއުރެންނަށް އަމުރުކުރެވިގެން ނުވެތެވެ...)
[البينة: 5]،,[އަލްބައްޔިނާ: 5]
وقوله تعالى:,އަދި އެކަލާނގެ މި ބަސްފުޅެވެ:
﴿وَقَالَ رَبُّكُمُ ادْعُونِي أَسْتَجِبْ لَكُمْ إِنَّ الَّذِينَ يَسْتَكْبِرُونَ عَنْ عِبَادَتِي سَيَدْخُلُونَ جَهَنَّمَ دَاخِرِينَ60﴾,(އަދި ތިޔަބައިމީހުންގެ ވެރި ރައްބު ވަޙީކުރެއްވިއެވެ. ތިޔަބައިމީހުން ތިމަންއިލާހަށް ދުޢާކުރާށެވެ! ތިމަންއިލާހު ތިޔަބައިމީހުންގެ ދުޢާ އިޖާބަކުރައްވާހުށީމެވެ. ހަމަކަށަވަރުން، ތިމަންއިލާހަށް (ދުޢާކޮށް) އަޅުކަން ކުރުމަށް ކިބުރުވެރިވެގަންނަ މީހުން (ދަންނާށެވެ!) ނިކަންހުރެ ނިކަމެތިވެގެންވާ ޙާލު، އެއުރެން ނަރަކަޔަށް ވަންނާނެތެވެ.)
[غافر: 60]،,[ޣާފިރު: 60]،
وقال تعالى:,އަދިވެސް އެކަލާނގެ ވަޙީކުރެއްވިއެވެ:
﴿وَإِذَا سَأَلَكَ عِبَادِي عَنِّي فَإِنِّي قَرِيبٌ أُجِيبُ دَعْوَةَ الدَّاعِ إِذَا دَعَانِ...﴾,(އަދި ތިމަންއިލާހާ މެދު، ތިމަންއިލާހުގެ އަޅުން ކަލޭގެފާނާ ސުވާލުކޮށްފިނަމަ (ކަލޭގެފާނު ވިދާޅުވާށެވެ!) ފަހެ ހަމަކަށަވަރުން ތިމަންއިލާހީ (އެބައިމީހުންނާ) ކުއްތަންވެވޮޑިގެންވާ އިލާހެވެ. ތިމަންއިލާހުގެ ޙަޟްރަތަށް ދުޢާކުރުމުން، ދުޢާކުރި މީހާގެ ދުޢާ ތިމަންއިލާހު އިޖާބަކުރައްވަމެވެ...)
[البقرة: 186].,[އަލްބަޤަރާ: 186]،
فَبَيَّن سبحانه في هذه الآيات أنه خلق الثقلين لعبادته، وأنه قضى - أي: أمر وأوصى- عباده في محكم القرآن، وعلى لسان الرسول عليه الصلاة والسلام، ألا يُعبد إلا ربهم،,ފަހެ، އެކަލާނގެ ސުބްޙާނަހޫ މި އާޔަތްތަކުގައި ބަޔާންކުރެއްވީ އެކަލާނގެ އިންސީންނާއި ޖިންނީން އުފެއްދެވީ އެކަލާނގެއަށް އަޅުކަންކުރުމަށް ކަމުގައިއެވެ. އަދި ޤުރްއާނުގެ މުޙްކަމު ފުރިހަމަ ސާފު އާޔަތްތަކުގައި، އަދި ރަސޫލާ عليه الصلاة والسلام ގެ ދޫފުޅު މަތިން އެކަލާނގެ އަޅުތަކުންގެ މައްޗަށް ނިޔާ ކަނޑައެޅުއްވީ -އެބަހީ: އަމުރުކުރައްވާ ވަޞިއްޔަތްކުރެއްވީ- އެމީހުންގެ ވެރި ރައްބަށް މެނުވީ އަޅުކަން ކުރެވިގެން ނުވާނޭކަމުގައިއެވެ.
وأوضح ـ جل وعلا ـ أن الدعاء عبادة عظيمة، مَن استكبر عنها دخل النار، وأمرَ عبادَه أن يدعوه وحده، وأخبر أنه قريب يجيب دعوتهم، فوجب على جميع العباد أن يخصوا ربهم بالدعاء؛ لأنه نوع من العبادة التي خُلقوا لها، وأُمروا بها، وقال جل جلاله:,އަދި އެކަލާނގެ -ޖައްލަ ވަޢަލާ- ސާފުކޮށް ބަޔާންކުރެއްވީ ދުޢާއަކީ ބޮޑުވެގެންވާ އަޅުކަމެއް ކަމުގައިއެވެ. އެކަމާމެދު ބޮޑާވެ ކިބުރުވެރިވެއްޖެ މީހާ ނަރަކައަށް ވަންނަ ހުއްޓެވެ. އަދި އެކަލާނގެ އަޅުތަކުންނަށް އަމުރުކުރެއްވީ ހަމައެކަނި އެކަލާނގެއަށް އެމީހުން ދުޢާކުރުމަށެވެ. އަދި އެކަލާނގެ އެމީހުންނާ ކުއްތަންވެވޮޑިގެންވެ، އެމީހުންގެ ދުޢާ އިޖާބަކުރައްވާނެ ކަމުގައި ޚަބަރުދެއްވިއެވެ. އެހެންކަމުން ހުރިހާ އަޅުތަކުންގެ މައްޗަށް ވާޖިބުވެގެންވަނީ: ދުޢާކުރުން އެމީހުންގެ ވެރި ރައްބަށް ޚާއްޞަކުރުމެވެ. އެހެނީ އެއީ އެމީހުން އެކަމަކަށްޓަކައި އުފެއްދެވުނު، އަދި އެމީހުން އެކަމެއް ކުރުމަށް އަމުރުކުރެވުނު އަޅުކަމުގެ ބާވަތެކެވެ. ﷲ -ޖައްލަ ޖަލާލުހޫ- ވަޙީކުރެއްވިއެވެ:
﴿قُلْ إِنَّ صَلَاتِي وَنُسُكِي وَمَحْيَايَ وَمَمَاتِي لِلَّهِ رَبِّ الْعَالَمِينَ162,(ކަލޭގެފާނު ވިދާޅުވާށެވެ: ހަމަކަށަވަރުން ތިމަންކަލޭގެފާނުގެ ނަމާދާއި، ތިމަންކަލޭގެފާނުގެ ޤުރުބާން ކުރެއްވުމާއި، ތިމަންކަލޭގެފާނުގެ ދިރިހުންނެވުމާއި، ތިމަންކަލޭގެފާނުގެ އަވަހާރަވުންވަނީ، ޢާލަމްތަކުގެ ވެރި ރައްބު ﷲ އަށެވެ.
لَا شَرِيكَ لَهُ وَبِذَلِكَ أُمِرْتُ وَأَنَا أَوَّلُ الْمُسْلِمِينَ163﴾,އެ އިލާހަށް އެއްވެސް ޝަރީކަކު ނުވެއެވެ. އަދި ތިމަންކަލޭގެފާނަށް އަމުރުކުރެއްވިގެންވަނީ އެ ގޮތަށެވެ. އަދި ތިމަންކަލޭގެފާނީ (މި އުއްމަތުގެ) މުސްލިމުންކުރެ، އެންމެ ފުރަތަމަ މީހާއެވެ.)
[الأنعام: 162، 163].,[އަލްއަންޢާމު: 162،163]
فأمر الله نبيَّه ﷺ أن يُخبر الناس أن صلاته ونسكه -وهو: الذبح-، ومحياه ومماته؛ لله رب العالمين لا شريك له، وبناء على ذلك: فمن ذبح لغير الله فقد أشرك بالله، كما لو صلى لغير الله؛ لأن الله سبحانه جعل الصلاة والذبح قرينين، وأخبر أنهما لله وحده لا شريك له،,ފަހެ ﷲ އެކަލާނގެ ނަބިއްޔާ ﷺ އަށް އަމުރުކުރައްވާފައިވަނީ އެކަލޭގެފާނުގެ ނަމާދާއި ނުސުކު -އެބަހީ: ކަތިލުން- އަދި އެކަލޭގެފާނުގެ ދިރިހުރުމާއި މަރުވުންވެސްވަނީ؛ އެއްވެސް ޝަރީކަކު އެކަލާނގެއަށް ނުވާ ޢާލަމްތަކުގެ ވެރި ރައްބު ﷲ އަށްކަމުގައި ކަމަށް މީސްތަކުންނަށް ޚަބަރުދެއްވުމަށެވެ. އެކަމުގެ މައްޗަށް ބިނާކޮށް؛ ފަހެ ﷲ ފިޔަވައި އެހެން ފަރާތަކަށް ޤުރުބާންކޮށް ކަތިލައިފި މީހާ ފަހެ ﷲ އާ ޝަރީކުކޮށްފިއެވެ. އެއީ އޭނާ ﷲ ފިޔަވައި އެހެން ފަރާތަކަށް ނަމާދުކުރުމާ އެއްގޮތަށެވެ. އެހެނީ ﷲ ސުބްޙާނަހޫ، ނަމާދާއި ކަތިލުން އެކީ ގުޅިގެންވާ ގޮތަށް އެވަނީ ލައްވާފައިއެވެ. އަދި އެ ދެކަންތައްވަނީ ހަމައެކަނި ﷲ އަށް ކަމުގައި ޚަބަރުދެއްވިއެވެ. އެކަލާނގެއަށް އެއްވެސް ބައިވެރިޔަކު ނުލައެވެ.
فمن ذبح لغير الله من الجن والملائكة والأموات وغيرهم، يتقرب إليهم بذلك، فهو كمَن صَلى لغير الله. وفي الحديث الصحيح أن النبي عليه الصلاة والسلام قال:,އެހެންކަމުން ﷲ ފިޔަވައި ޖިންނީންނާއި، މަލާއިކަތުންނާއި، މައްޔިތުންނާއި، އެނޫން މީހުންނަށް ޤުރުބާންކޮށް ކަތިލައި، އެކަން ކޮށްގެން އެ ފަރާތްތަކާ އޭނާ ކުއްތަންވެއްޖެނަމަ؛ ފަހެ އޭނާ ﷲ ފިޔަވައި އެހެން ފަރާތަކަށް ނަމާދުކުރި މީހެއް ފަދައެވެ. އަދި ޞައްޙަ ޙަދީޘްގައި، ނަބިއްޔާ عليه الصلاة والسلام ޙަދީޘްކުރެއްވިކަމަށް ވެއެވެ:
«لَعَنَ اللهُ مَنْ ذَبَحَ لِغَيْرِ اللهِ».,"""ﷲ ފިޔަވައި އެހެން ފަރާތަކަށް ކަތިލައިފި މީހާއަށް ﷲ ލަޢުނަތްލައްވާށިއެވެ."""
وأخرج الإمام أحمد بسند حسن عن طارق بن شهاب رضي الله عنه عن النبي ﷺ أنه قال:,އަދި އިމާމް އަޙްމަދު، ޙަސަނު ސަނަދަކުން، ޠާރިޤު ބްނު ޝިހާބު رضي الله عنه ގެ އަރިހުން، ނަބިއްޔާ ﷺ ޙަދީޘްކުރެއްވިކަމަށް ނެރުއްވިއެވެ:
«مرَّ رَجُلَانِ عَلَى قَومٍ لَهُم صَنَمٌ لَا يَجُوزُهُ أَحَدٌ حَتَّى يُقرِّبَ لَهُ شَيئًا، فَقَالُوا لِأَحَدِهِمَا: قَرِّبْ. قَالَ: لَيسَ عِندِي شَيءٌ أَقَرِّبُهُ، قَالُوا: قَرِّبْ وَلَوْ ذَبَابًا، فَقَرَّبَ ذُبَابًا، فَخَلُّوا سَبِيلَهُ، فَدَخَلَ النَّارَ، وَقَالُوا لِلآخَرِ: قَرِّبْ. قَالَ: مَا كُنْتُ لِأُقَرِّبَ لِأَحَدٍ شَيْئًا دُونَ اللهِ جَلَّ جَلَالُهُ، فَضَرَبُوا عُنُقَه، فَدَخَلَ الجَنَّةَ».,"""އެމީހުންނަށް ބުދެއް ލިބިގެންވާ ބަޔަކު މީހުންގެ ކައިރިން ލާފައި ދެ މީހަކު ހުރަސްކޮށް ދިޔައެވެ. އެ ބުދަށް އެއްޗެއް ޤުރުބާން ކޮށްފުމަށް ދާންދެން އެމީހުން އެއްވެސް މީހަކު ދިޔަނުދެއެވެ. ދެން އެތަނުން އެކަކަށް އެމީހުން ބުނެފިއެވެ: ""ޤުރުބާންކުރާށެވެ."" އޭނާ ބުނެފިއެވެ: ""އަހަރެންގެ އަތުގައި ޤުރުބާންކުރާކަށް އެއްޗެއް ނެތެވެ."" އެމީހުން ބުންޏެވެ: ""މެއްސެއްވިޔަސް ޤުރުބާންކުރާށެވެ."" ދެން އޭނާ މެއްސެއް ޤުރުބާންކުރިއެވެ. ދެން އެމީހުން އޭނާ ދިޔުމަށް ދޫކޮށްލިއެވެ. ދެންފަހެ އޭނާ ވަނީ ނަރަކައަށެވެ. އަނެއް މީހާއަށް އެމީހުން ބުނެފިއެވެ: ""ޤުރުބާންކުރާށެވެ."" އޭނާ ބުންޏެވެ: ""ﷲ -ޖައްލަ ޖަލާލުހޫ- ފިޔަވައި އެހެން ފަރާތަކަށް އެއްވެސް އެއްޗެއް ޤުރުބާންކުރާނޭ މީހަކު ކަމުގައި އަހަރެން ނުވަމުއެވެ."" ދެން އެމީހުން އޭނާގެ ކަނދުރާ ކަނޑާލިއެވެ. ދެންފަހެ އޭނާ ވަނީ ސުވަރުގެއަށެވެ."""
فإذا كان مَن تقرب إلى الصنم ونحوه بالذباب ونحوه يكون مشركًا، يستحق دخول النار، فكيف بمن يدعو الجن والملائكة والأولياء وكيف بمن يستغيث بهم، ويَنذر لهم، ويتقرب إليهم بالذبائح، يرجو بذلك حفظ ماله، أو شفاء مريضه، أو سلامة دوابه وزرعه، وكيف بمن يفعل ذلك خوفًا من شر الجن، أو ما أشبه ذلك؟!، لا شك أن من فعل هذا وأشباهه أَولى بأن يكون مشركًا، مستحقًّا لدخول النار من هذا الرجل الذي قرَّب الذبابَ للصنم.,އެހެންކަމުން ބުދަށް އަދި އެފަދަ އެއްޗަކަށް މެއްސެއްފަދަ އެއްޗެއް ޤުރުބާންކޮށްފި މީހާވެސް ނަރަކައަށް ވަނުން ޙައްޤު މުޝްރިކަކަށް ވާނަމަ؛ ދެންފަހެ ޖިންނީންނާއި މަލާއިކަތުންނާއި ވަލީވެރިންނަށް ދުޢާކޮށް އުޅޭ މީހާ އަދި ކޮންފަދަހެއްޔެވެ!؟ އަދި އެ ފަރާތްތަކުން ވާތްގަށް އެދި، ނަދުރު ބުނެ، އޭނާގެ މުދާ ރައްކާކުރުމަށް، ނުވަތަ ބަލިމީހާއަށް ޝިފާ ދިނުމަށް، ނުވަތަ އޭނާގެ ސަވާރީތަކާއި ދަނޑުގޮވާން ސަލާމަތްވުމަށް އެދިގެން ޤުރުބާންތައް ކަތިލައިގެން އެ ފަރާތްތަކާ ކުއްތަންވެގަންނަ މީހާ އަދި ކޮންފަދަހެއްޔެވެ!؟ އަދި ޖިންނީންގެ ފަރާތުން ލިބިދާނެ ނުބަޔަކަށް ބިރުން، ނުވަތަ އެފަދަކަމަކާ ހެދި އެހެން ކަންތައްކުރާ މީހާ ކޮންފަދަހެއްޔެވެ!؟ ޝައްކެއް ނެތް ގޮތުގައި، މިހެން އަދި މިފަދަ ކަންކަން ކުރާ މީހާ، ބުދަށް މެހި ޤުރުބާންކުރި މި މީހާއަށްވުރެ، ނަރަކައަށް ވަނުން ޙައްޤުވެގެންވާ މުޝްރިކަކަށްވުން މާ އައުލާވެގެންވެއެވެ.
ومما ورد في ذلك ـ أيضًا ـ قوله جل جلاله:,އަދިވެސް އެކަމުގައި އައިސްފައިވާ ނައްޞުތަކުގެ ތެރޭގައި: އެކަލާނގެ -ޖައްލަ ޖަލާލުހޫ- ގެ މިބަސްފުޅުވެއެވެ:
﴿إِنَّآ أَنزَلۡنَآ إِلَيۡكَ ٱلۡكِتَٰبَ بِٱلۡحَقِّ فَٱعۡبُدِ ٱللَّهَ مُخۡلِصٗا لَّهُ ٱلدِّينَ2,(ހަމަކަށަވަރުން ތިމަން އިލާހު ކަލޭގެފާނުގެ މައްޗަށް ފޮތް ބާވައިލެއްވީ ޙައްޤު ގޮތުގައިއެވެ. ފަހެ ﷲ އަށް ދީން ޚާލިސްކުރާ ހާލު، ކަލޭގެފާނު އެ އިލާހަށް އަޅުކަން ކުރައްވާށެވެ.
أَلَا لِلَّهِ ٱلدِّينُ ٱلۡخَالِصُۚ وَٱلَّذِينَ ٱتَّخَذُواْ مِن دُونِهِۦٓ أَوۡلِيَآءَ مَا نَعۡبُدُهُمۡ إِلَّا لِيُقَرِّبُونَآ إِلَى ٱللَّهِ زُلۡفَىٰٓ إِنَّ ٱللَّهَ يَحۡكُمُ بَيۡنَهُمۡ فِي مَا هُمۡ فِيهِ يَخۡتَلِفُونَۗ إِنَّ ٱللَّهَ لَا يَهۡدِي مَنۡ هُوَ كَٰذِبٞ كَفَّارٞ3﴾,(ދަންނާށެވެ. ޚާލިސް ވެގެންވާ ދީން ވަނީ ﷲ އަށެވެ. އަދި އެ އިލާހު ފިޔަވާ އެހީތެރިންތަކެއް ނެގި މީހުން (ބުންޏެވެ:) ﷲ ގެ ޙަޟްރަތަށް ތިމަންމެން ކުއްތަން ކޮށްދިނުމަށް މެނުވީ، ތިމަންމެން އެ ފަރާތްތަކަށް އަޅުކަމެއް ނުކުރަމުއެވެ. ހަމަކަށަވަރުން އެ މީހުން އެކަމާމެދު ޚިލާފުވެގެން އުޅޭކަންތަކާ ދޭތެރޭގައި ﷲ، އެ މީހުންގެ މެދުގައި ޙުކުމް ކުރައްވާނެއެވެ. ހަމަކަށަވަރުން ދޮގުހަދާ ކާފަރުވުން ބޮޑު މީހަކަށް ﷲ ތެދުމަގެއް ނުދައްކަވާނެއެވެ.)
[الزُّمَر: 1-3]،,[އައްޒުމަރު: 2-3]
وقال تعالى:,އަދިވެސް ﷲ ތަޢާލާ ވަޙީކުރެއްވިއެވެ:
﴿وَيَعْبُدُونَ مِنْ دُونِ اللَّهِ مَا لَا يَضُرُّهُمْ وَلَا يَنْفَعُهُمْ وَيَقُولُونَ هَؤُلَاءِ شُفَعَاؤُنَا عِنْدَ اللَّهِ قُلْ أَتُنَبِّئُونَ اللَّهَ بِمَا لَا يَعْلَمُ فِي السَّمَاوَاتِ وَلَا فِي الْأَرْضِ سُبْحَانَهُ وَتَعَالَى عَمَّا يُشْرِكُونَ18﴾,(އެއުރެން اللَّه ފިޔަވައި އަޅުކަންކުރަނީ، އެއުރެންނަށް ގެއްލުމެއްވެސް ނުދެވޭ، އަދި އެއުރެންނަށް މަންފާއެއްވެސް ނުދެވޭ ތަކެއްޗަށެވެ. އަދި އެއުރެން ބުނެތެވެ. މި ފަރާތްތަކަކީ ﷲ ގެ ޙަޟްރަތުގައި ތިމަންމެންނަށް ޝަފާޢަތްތެރިވާނޭ ފަރާތްތަކެކެވެ. ކަލޭގެފާނު ވިދާޅުވާށެވެ! އުޑުތަކުގައިވެސް، އަދި ބިމުގައިވެސް اللَّه ދެނެވޮޑިގެންނުވާ ކަމެއްގެ ވާހަކައިން ތިޔަބައިމީހުން އެކަލާނގެއަށް ޚަބަރުދެނީހެއްޔެވެ؟ އެއުރެން އެ ޝަރީކުކުރާ ތަކެތިން އެކަލާނގެ ހުސްޠާހިރުވެ މަތިވެރިވެވޮޑިގެންވެއެވެ.)
[يونس: 18].,[ޔޫނުސް: 18]
فأخبر الله سبحانه في هاتين الآيتين، أن المشركين اتخذوا من دونه أولياء من المخلوقات، يَعبدونهم معه بالخوف، والرجاء والذبح، والنذر والدعاء ونحو ذلك، زاعمين أن أولئك الأولياء يُقَرَّبون مَن عبدهم إلى الله، ويشفعون لم عنده، ثم أكذبهم الله سبحانه، وأوضح باطلهم، وسماهم كذبةً وكفارًا ومشركين، ونزَّه نفسَه عن شركهم، فقال جل وعلا:,ފަހެ ﷲ ތަޢާލާ މި ދެ އާޔަތުގައި ޚަބަރުދެއްވާފައި އެވަނީ: މުޝްރިކުން އެކަލާނގެ ފިޔަވައި މަޚްލޫޤުންތަކެއް އެހީތެރި ވަލީވެރި ފަރާތްތަކެއްގެ ގޮތުގައި ނެގިކަމަށެވެ. ބިރުވެތިވެގެންނާއި، (ރަޙްމަތާއި ފުއްސެވުމަށް) އެދި އުއްމީދުކޮށްގެންނާއި، ކަތިލައިގެންނާއި، ނަދުރު ބުނެގެންނާއި، ދުޢާކޮށްގެން އަދި އެފަދަ ކަންކަން ކޮށްގެން އެކަލާނގެއާއެކު އެ ފަރާތްތަކަށް އެމީހުން އަޅުކަންކުރެއެވެ. އެއީ އެ ވަލީވެރި ފަރާތްތަކަށް އަޅުކަންކޮށްފި މީހަކު ﷲ އާ ކުއްތަންކޮށްދީ، އެކަލާނގެ ޙަޟްރަތުގައި އެ ފަރާތްތައް އޭނާއަށް ޝަފާޢަތްތެރިވާނޭކަމަށް ދަޢުވާކޮށްގެންނެވެ. ދެން ﷲ ސުބްޙާނަހޫ އެމީހުން ދޮގުކުރައްވާ، އަދި އެމީހުންގެ ބާޠިލު ހާމަކުރެއްވިއެވެ. އަދި އެމީހުންނީ ދޮގުވެރިންތަކެއްކަމަށް، އަދި ކާފަރުންތަކެއްކަމަށް އަދި މުޝްރިކުންތަކެއްކަމަށް ނަންދެއްވިއެވެ. އަދި އެމީހުންގެ ޝިރުކުން އެކަލާނގެ ނަފްސުފުޅު ހުސްދުރުކުރެއްވިއެވެ. އެގޮތުން އެކަލާނގެ -ޖައްލަ ޖަލާލުހޫ- ވަޙީކުރެއްވިއެވެ:
﴿...سُبْحَانَهُ وَتَعَالَى عَمَّا يُشْرِكُونَ﴾,(... އެއުރެން އެ ޝަރީކުކުރާ ތަކެތިން އެކަލާނގެ ހުސްޠާހިރުވެ މަތިވެރިވެވޮޑިގެންވެއެވެ.)
[النحل: 1].,[އައްނަޙްލު: 1]
فعُلم بذلك أن من اتخذ ملكًا، أو نبيًّا أو جنيًّا أو شجرًا أو حجرًا يدعوه مع الله، ويستغيث به، ويتقرب إليه، بالنذر والذبح، رجاء شفاعته عند الله، وتقريبه لديه، أو رجاء شفاء المريض، أو حفظ المال، أو سلامة الغائب، أو ما شابه ذلك؛ فقد وقع في هذا الشرك العظيم، والبلاء الوخيم، الذي قال الله فيه:,ފަހެ އެއިން އެނގިގެންދަނީ މަލާއިކަތެއް، ނުވަތަ ނަބިއްޔެއް، ނުވަތަ ޖިންނިއެއް، ނުވަތަ ގަހެއް، ނުވަތަ ހިލައެއް ނަގައިގެން ﷲ އާއެކު އެ ފަރާތަކަށް ނުވަތަ އެ އެއްޗަކަށް ދުޢާކޮށް، ވާތްގަށް އެދި، އެ ފަރާތަކަށް ނަދުރު ބުނެގެން އަދި ކަތިލައިގެން، ﷲ ގެ ޙަޟްރަތުގައި އެ ފަރާތެއް އޭނާއަށް ޝަފާޢަތްތެރިވެ، އޭނާ ކުއްތަންކޮށްދޭނެކަމަށް އުއްމީދުކޮށްގެން، ނުވަތަ ބަލިމީހަކަށް ޝިފާއަށް އެދިގެން، ނުވަތަ މުދާ ރައްކާކުރުމަށް، ނުވަތަ ދުރުގައި ގެއްލިގެންވާ މީހަކު ސަލާމަތްވެގެންވުމަށް އެދިގެން، ނުވަތަ އެއާ ވައްތަރުވެއްޖެ ކަމަކަށްޓަކައި އެ ފަރާތަކާ ކުއްތަންވާ މީހާ؛ ފަހެ ކަށަވަރުންވެސް އޭނާ އެވަނީ ބޮޑުވެގެންވާ މި ޝިރުކަށް، މި ނުބައިކަން ބޮޑު ބަލާވެރިކަމަށް ވެއްޓިފައިއެވެ. އެއީ ﷲ ތަޢާލާ އެއާމެދު މިހެން ވަޙީކުރެއްވި ކަންތަކެވެ:
﴿إِنَّ اللَّهَ لَا يَغْفِرُ أَنْ يُشْرَكَ بِهِ وَيَغْفِرُ مَا دُونَ ذَلِكَ لِمَنْ يَشَاءُ وَمَنْ يُشْرِكْ بِاللَّهِ فَقَدِ افْتَرَى إِثْمًا عَظِيمًا48﴾,(ހަމަކަށަވަރުން ﷲ، އެ އިލާހަށް ޝަރީކު ކުރެވުމެއް ނުފުއްސަވައެވެ. އަދި އެ ނޫން ފާފަތައް، އެ އިލާހު އިރާދަކުރައްވާ މީހަކަށް ފުއްސަވައެވެ. އަދި ﷲ އަށް ޝަރީކު ކުރާ މީހާ، ފަހެ ބޮޑުވެގެންވާ ދޮގު ފާފައެއް އުފައްދައިފިކަން ކަށަވަރެވެ.)
[النساء: 48]،,[އައްނިސާއު: 48]
وقال تعالى:,އަދިވެސް އެކަލާނގެ ވަޙީކުރެއްވިއެވެ:
﴿إِنَّهُ مَنْ يُشْرِكْ بِاللَّهِ فَقَدْ حَرَّمَ اللَّهُ عَلَيْهِ الْجَنَّةَ وَمَأْوَاهُ النَّارُ وَمَا لِلظَّالِمِينَ مِنْ أَنْصَارٍ72﴾,(ހަމަކަށަވަރުން ﷲ އަށް ޝަރީކުކުރާ މީހާ (ދަންނާށެވެ.) ފަހެ ހަމަކަށަވަރުން ﷲ، އެ މީހާގެ މައްޗަށް ސުވަރުގެ ޙަރާމްކުރެއްވިއެވެ. އަދި އެ މީހަކު އުޅޭނެ ތަނަކީ ނަރަކައެވެ. އަދި އަނިޔާވެރިންނަށް (އެބަހީ: ޝަރީކުކުރި މީހުންނަށް) ނަޞްރު ދޭނޭ އެއްވެސް ބަޔަކު ނުވެއެވެ.)
[المائدة: 72].,[އަލްމާއިދާ: 72]
والشفاعة إنما تَحصل يوم القيامة لأهل التوحيد والإخلاص، لا لأهل الشرك، كما قال النبي ﷺ لَمَّا قيل له: يا رسول الله، مَن أسعدُ الناس بشفاعتك؟ قال:,"ޤިޔާމަތްދުވަހު ޝަފާޢަތް ޙާޞިލުވާނީ ހަމައެކަނި ތައުޙީދާއި އިޚްލާޞްތެރިކަމުގެ އަހުލުވެރިންނަށެވެ. ޝިރުކުގެ އަހުލުވެރިންނަކަށް ނޫނެވެ. އެއީ ނަބިއްޔާ ﷺ ޙަދީޘްކުރެއްވި ފަދައިންނެވެ. އެއީ އެކަލޭގެފާނަށް މިހެން ދެންނެވުނު ހިނދެއެވެ: ""އޭ ﷲ ގެ ރަސޫލާއެވެ. މީސްތަކުންގެ ތެރެއިން ކަލޭގެފާނުގެ ޝަފާޢަތުން އެންމެ ބާއްޖަވެރިވެގެންވަނީ ކާކުތޯއެވެ؟"" ޙަދީޘްކުރެއްވިއެވެ:"
«مَنْ قَالَ: لَا إِلَهَ إِلَّا اللهُ خَالِصًا مِنْ قَلْبِهِ».,"""އެމީހެއްގެ ހިތުން އިޚްލާޞްތެރިވެގެން لَا إِلَهَ إِلَّا اللهُ ކިޔައިފި މީހާއެވެ."""
وقال صلى الله عليه وسلم:,އަދިވެސް އެކަލޭގެފާނު ﷺ ޙަދީޘްކުރެއްވިއެވެ:
«لِكُلِّ نَبِيٍّ دَعْوَةٌ مُسْتَجَابَةٌ، فَتَعَجَّلَ كُلُّ نَبِيٍ دَعْوَتَهُ، وَإِنِّي اخْتَـبَأْتُ دَعْوَتِي شَفَاعَةً لِأُمَّتِي يَومَ القِيَامَةِ، فَهِيَ نَائِلَةٌ إِنْ شَاءَ اللهِ مَن مَاتَ مِنْ أُمَّتِي لَا يُشْرِكُ بِاللهِ شَيْئًا».,"""ކޮންެމެ ނަބިއްޔަކަށް އިޖާބަވެވިގެންވާ ދުޢާއެއް ލިބިގެންވެއެވެ. ދެންފަހެ ކޮންމެ ނަބިއްޔަކު، އެ ނަބިއްޔަކަށް ލިބިގެންވާ ދުޢާއާމެދު އަވަސްވެލެއްވިއެވެ. އަދި ތިމަންކަލޭގެފާނުގެ ދުޢާ، ޤިޔާމަތްދުވަހު ތިމަންކަލޭގެފާނުގެ އުއްމަތަށް ހުރި ޝަފާޢަތެއްގެ ގޮތުގައި ފަހަށް ރައްކާކުރެއްވީމެވެ. ފަހެ ތިމަންކަލޭގެފާނުގެ އުއްމަތުން، ﷲ އާ އެއްވެސް އެއްޗެއް ޝަރީކު ނުކުރާ ޙާލު މަރުވެއްޖެ މީހަކަށް އެ ޝަފާޢަތް إن شاء الله ލިބޭހުއްޓެވެ."""
وكان المشركون الأولون يؤمنون بأن الله ربهم وخالقهم ورازقهم، وإنما تعلقوا على الأنبياء والأولياء والملائكة والأشجار والأحجار وأشباه ذلك، يرجون شفاعتهم عند الله، وتقريبهم لديه، كما سبق في الآيات،,އިހުގައި އުޅުނު މުޝްރިކުން؛ ﷲ އީ އެމީހުންގެ ވެރި ރައްބުކަމުގައި، އަދި އުފެއްދެވި ޚާލިޤުކަމުގައި، އަދި ރިޒްޤުދެއްވާ ފަރާތްކަމުގައި އީމާންވެއެވެ. އެކަމަކު އެމީހުން ނަބިއްޔުންނާއި، ވަލީވެރިންނާއި، މަލާއިކަތުންނާއި، ގަސްގަހާގެއްސާއި، ހިލަތަކާއި އެފަދަ ތަކެއްޗާއި ފަރާތްތަކުން ﷲ ގެ ޙަޟްރަތުގައި އެމީހުންނަށް ޝަފާޢަތްތެރިވުމަށް، އަދި އެކަލާނގެ ޙަޟްރަތުގައި އެ ފަރާތްތައް ކުއްތަންވެގެންވާތީވެ، އެ ފަރާތްތަކުގައި އެލިގަތީއެވެ. އެއީ އިސްވެދިޔަ އާޔަތްތަކުގައި ބަޔާންވި ފަދައިންނެވެ.
فلم يَعذرهم الله بذلك، بل أنكر الله عليهم في كتابه العظيم، وسمَّاهم كفارًا ومشركين، وأكذَبَهم في زعمهم أن هذه الآلهة تشفع لهم وتقربهم إلى الله زلفى، ولم يعذرهم رسو الله ﷺ، بل وقاتلهم الرسول ﷺ على هذا الشرك حتى يُخلصوا العبادة لله وحده، عملًا بقوله سبحانه:,ދެންފަހެ އޭގެ ސަބަބުން ﷲ އެމީހުންނަށް ޢުޛުރެއް ނުދެއްވައެވެ. ކިއެއްތަ، އެކަލާނގެ މަތިވެރިވެގެންވާ ފޮތުގައި އެމީހުންނަށް އިންކާރު ކުރައްވާ، އެމީހުންނީ ކާފަރުންކަމުގައި އަދި މުޝްރިކުންކަމުގައި ނަންދެއްވާ، އަދި މި އިލާހުންތައް ﷲ ގެ ޙަޟްރަތުގައި އެމީހުންނަށްޓަކައި ޝަފާޢަތްތެރިވެ، ކުއްތަންކޮށްދޭކަމަށް ކުރާ ދަޢުވާ ދޮގުކުރެއްވިއެވެ. އަދި ﷲ ގެ ރަސޫލާ ﷺ އެމީހުންނަށް ޢުޛުރެއް ނުދެއްވައެވެ. ކިއެއްތަ، މި ޝިރުކުގެ މައްޗަށް އެމީހުންނާ ދެކޮޅަށް ހަނގުރާމަކުރެއްވިއެވެ. އެއީ އެމީހުން އަޅުކަން ﷲ އަށް އެކަނި ޚާލިޞްކޮށްފުމަށް ދާންދެނެވެ. އެއީ އެކަލާނގެ ސުބްޙާނަހޫގެ މި ބަސްފުޅަށް ޢަމަލުކުރެއްވުމުގެ ގޮތުންނެވެ:
﴿وَقَاتِلُوهُمْ حَتَّى لَا تَكُونَ فِتْنَةٌ وَيَكُونَ الدِّينُ لِلَّهِ...﴾,(އަދި ފިތުނަވެރިކަން (އެބަހީ: ޝިރުކާއި ﷲގެ ދީނުން މީސްތަކުން އެއްކިބާކުރުވުން) ނެތިއްޖައުމަށް ދާންދެން އަދި ދީން، ﷲ އަށް ޚާލިޞްވެއްޖައުމަށް ދާންދެން ތިޔަބައިމީހުން އެބައިމީހުންނާ ހަނގުރާމަކުރާށެވެ!..)
[البقرة: 193].,[އަލްބަޤަރާ: 193]
وقال الرسول ﷺ:,އަދި ރަސޫލާ ﷺ ޙަދީޘް ކުރެއްވިއެވެ:
«أُمِرْتُ أَنْ أُقَاتِلَ النَّاسَ حَتَّى يَشْهَدُوا أَنْ لَا إِلهَ إِلَّا اللهُ وَأَنَّ مُحَمَّدًا رَسُولُ اللهِ، وَيُقِيمُوا الصَّلَاةَ، وَيُؤتُوا الزَّكَاةَ، فَإِذَا فَعَلُوا ذَلِكَ عَصَمُوا مِنِّي دِمَاءَهُم وَأَمْوَالَهُمْ إِلَّا بِحَقِّ الإِسْلَامِ، وَحِسَابُهُم عَلَى اللهِ».,"""މީސްތަކުން ﷲ މެނުވީ ޙައްޤުވެގެން އަޅުކަންވެވޭ އިލާހަކު ނުވާކަމަށާއި، މުޙައްމަދުގެފާނީ ﷲ ގެ ރަސޫލާކަމަށް ހެކިވެ، ނަމާދު ޤާއިމުކޮށް، ޒަކާތް ދީފުމަށް ދާންދެން އެމީހުންނާ ދެކޮޅަށް ހަނގުރާމަކުރުމަށް ތިމަންކަލޭގެފާނަށް އަމުރުވެވިގެންވެއެވެ. ދެންފަހެ އެމީހުން އެ ކަންކަން ކޮށްފިނަމަ އެމީހުންގެ ލެޔާއި މުދާތައް ތިމަންކަލޭގެފާނުގެ ކިބައިން ރައްކާކޮށްފިއެވެ. އިސްލާމްދީނުގެ ޙައްޤެއްވާ ކަމެއްގައި މެނުވީއެވެ. އަދި އެމީހުންގެ ޙިސާބު ބެއްލެވުންވަނީ ﷲ އަށެވެ."""
ومعنى قوله ﷺ:,އަދި އެކަލޭގެފާނު ﷺ ގެ މި ބަސްފުޅުގެ މާނައަކީ:
«حَتَّى يَشْهَدُوا أَن لَا إِلهَ إِلَّا اللهُ»,"""އެމީހުން لَا إِلهَ إِلَّا اللهُ އަށް (ﷲ މެނުވީ ޙައްޤުވެގެން އަޅުކަންވެވޭ އިލާހަކު ނުވާކަމަށް) ހެކިވެއްޖައުމަށް ދާންދެން."""
أي: حتى يخصوا الله بالعبادة، دون كل ما سواه.,އެބަހީ: އަޅުކަން ކުރުމުގައި، ﷲ ފިޔަވައި އެހެން ފަރާތްތައް ދޫކޮށް، އެކަލާނގެއަށް ޚާއްޞަކޮށްފުމަށް ދާންދެނެވެ.
ولقد كان المشركون يخافون من الجن ويعوذون بهم، فأنزل الله تعالى في ذلك قوله:,މުޝްރިކުން ޖިންނީންދެކެ ބިރުގަންނަ ކަމުގައިވިއެވެ. އަދި ޖިންނީންގެ ކިބައިން ރައްކަލަށް އެމީހުން އެދެއެވެ. ދެން އެކަމާމެދު ﷲ ތަޢާލާގެ މި ބަސްފުޅު ބާވައިލެއްވިއެވެ:
﴿وَأَنَّهُ كَانَ رِجَالٌ مِنَ الْإِنْسِ يَعُوذُونَ بِرِجَالٍ مِنَ الْجِنِّ فَزَادُوهُمْ رَهَقًا6﴾,(އަދި އިންސީންގެ ތެރެއިން ފިރިހެންބަޔަކު، ޖިންނީންގެ ތެރެއިން ފިރިހެންބަޔެއްގެ ކިބައިން ރައްކާތެރިކަމަށް އެދޭކަމުގައިވިއެވެ. ފަހެ (އެ ކަމުގެ ސަބަބުން) އެ މީހުންނަށް (އެބަހީ: ޖިންނީންނަށް) އެ މީހުން (އެބަހީ: އިންސީން) ކާފަރުކަމާއި ބޮޑާކަން އިތުރުކުރިއެވެ.)
[الجن: 6].,[އަލްޖިންނު: 6]
قال أهل التفسير في الآية الكريمة: معنى قوله:,މި މާތް އާޔަތާމެދު ތަފްސީރުގެ އަހުލުވެރިން ވިދާޅުވިއެވެ. އެކަލާނގެ މި ބަސްފުޅުގެ މާނައީ:
﴿...فَزَادُوهُمْ رَهَقًا﴾,"﴿...فَزَادُوهُمْ رَهَقًا﴾
 (...ފަހެ އެ ޖިންނީން އެމީހުންނަށް ރަހަޤު އިތުރުކުރިއެވެ)"
أي: ذعرًا وخوفًا؛ لأن الجن تتعاظم في نفسها وتتكبر، إذا رأت الإنس يَستعيذون بها، وعند ذلك يزدادون لهم إخافةً وإذعارًا، حتى يُكثروا من عبادتهم، واللجوء إليهم.,އެބަހީ: ބިރުވެރިކަމާއި ނާމާންކަން އިތުރުކުރިއެވެ. އެހެނީ އިންސީން ޖިންނީންގެ ކިބައިން ރައްކާތެރިކަމަށް އެދޭތަން ފެނިއްޖެނަމަ؛ ޖިންނީން މަތިވެގަނެ ބޮޑާވެގަނެއެވެ. އަދި އެހިނދު އިންސީންނަށް ހައްތަހާ ބިރުވެރިކަމާއި ނާމާންކަން އިތުރުކުރެއެވެ. އެއީ ޖިންނީންނަށް އަޅުކަންކުރުން ގިނަކޮށް، ޖިންނީންގެ ގާތުން ޙިމާޔަތަށް އެދުން ގިނަކުރުވުމަށެވެ.
وقد عوَّض الله المسلمين عن ذلك الاستعاذة به سبحانه، وبكلماته التامّة، وأنزل في ذلك قوله جل جلاله:,އަދި ﷲ، މުސްލިމުންނަށް އޭގެ ބަދަލުގައި އެކަލާނގެ ސުބްޙާނަހޫގެ ޙަޟްރަތުން، އަދި އެކަލާނގެ ފުރިހަމަވެގެންވާ ކަލިމަފުޅުތަކުން ރައްކާތެރިކަމަށް އެދުން ކަނޑައެޅުއްވިއެވެ. އަދި އެކަމުގައި ﷲ -ޖައްލަ ޖަލާލުހޫ- ގެ މި ބަސްފުޅު ބާވައިލެއްވިއެވެ:
﴿وَإِمَّا يَنْزَغَنَّكَ مِنَ الشَّيْطَانِ نَزْغٌ فَاسْتَعِذْ بِاللَّهِ إِنَّهُ سَمِيعٌ عَلِيمٌ200﴾,(އަދި ހަމަކަށަވަރުން ޝައިތާނާގެ ފުށުން ވަސްވާސްތެރިކަމެއް ތިބާއަށް ލައިގަންނަމަ، ﷲ ގެ ރައްކާތެރިކަމަށް އެދޭށެވެ. ހަމަކަށަވަރުން އެ އިލާހީ، މޮޅަށް އައްސަވާވޮޑިގެންވާ މޮޅަށް ދެނެވޮޑިގަންނަވާ އިލާހެވެ.)
[الأعراف: 200]،,[އަލްއަޢުރާފު: 200]
وقوله جل جلاله:,އަދި އެކަލާނގެ ޖައްލަ ޖަލާލުހޫގެ މި ބަސްފުޅެވެ:
﴿قُلْ أَعُوذُ بِرَبِّ الْفَلَقِ1﴾،,(ކަލޭގެފާނު ވިދާޅުވާށެވެ! ފަތިހުގެ ވެރިރައްބުގެ ޙަޟްރަތުން ރައްކާތެރިކަން ލިބިގަންނަމެވެ.)
وصح عن النبي ﷺ أنه قال:,އަދި ނަބިއްޔާ ﷺ މިހެން ޙަދީޘްކުރެއްވިކަމަށް ޞައްޙަވެގެންވެއެވެ:
«مَنْ نَزَلَ مَنْزِلًا فَقَالَ: (أَعُوذُ بِكَلِمَاتِ اللهِ التَّامَّاتِ مِنْ شَرِّ مَا خَلَقَ)؛ لَم يَضُرَّهُ شَيءٌ حَتَّى يَرْتَحِلَ مِنْ مَنْزِلِهِ ذَلِكَ».,"""ތަނަކަށް ފައިބާ، ދެން: أَعُوذُ بِكَلِمَاتِ اللهِ التَّامَّاتِ مِن شَرِّ ما خَلَقَ (ﷲ ގެ ފުރިހަމަވެގެންވާ ކަލިމަފުޅުތަކުން، އެކަލާނގެ ޚަލްޤުކުރެއްވި ކޮންމެ ނުބަޔަކުން ރައްކާތެރިކޮށްދެއްވުމަށް މިއަޅާ އެދެމެވެ.) މިހެން ކިޔައިފި މީހާ؛ އޭނާގެ އެ މަންޒިލުން ގޮސްފުމަށް ދާންދެން އެއްވެސް އެއްޗަކަށް އޭނާއަށް ގެއްލުމެއް ނުދެވޭނެއެވެ."""
ومما تقدم من الآيات والأحاديث، يَعلم طالب النجاة، والراغب في الحفاظ على دينه، والسلامة من الشرك، دقيقه وجليله؛ أن التعلق بالأموات والملائكة والجن وغيرهم من المخلوقات، ودعاءهم والاستعاذة بهم ونحو ذلك؛ مِن عمل أهل الجاهلية المشركين، ومِن أقبح الشرك بالله سبحانه، فالواجب تركه، والحذر من ذلك، والتواصي بتركه، والإنكار على مَن فعله.,ނަޖާވުން ހޯދައިގަންނަ މީހާ، އަދި އޭނާގެ ދީނަށް ރައްކާތެރިވުމަށާއި، އަދި ޝިރުކު -އޭގެ ވަންހަނާ ނާޒުކު ވައްތަރާއި ފާޅުވެ ބޮޑުވެގެންވާ ވައްތަރުން- ސަލާމަތްވުމަށް ދަހިވެތިވާ މީހާއަށް އިސްވެދިޔަ އާޔަތްތަކާއި ޙަދީޘްތަކުން އެނގިގެންދާނީ: މައްޔިތުންނާއި މަލާއިކަތުންނާއި ޖިންނީންނާއި އެހެންވެސް މަޚްލޫޤުންނަށް (ބަރޯސާވެގެން) އެލިގެންވެ، އެ ފަރާތްތަކަށް ދުޢާކޮށް ރައްކާތެރިކަމަށް އެދުމާއި އެފަދަ ކަންކަމަކީ؛ ޖާހިލިއްޔަތުގެ އަހުލުވެރި މުޝްރިކުންގެ ޢަމަލެއްކަމާއި، ﷲ ސުބްޙާނަހޫއާ ކުރެވޭ އެންމެ ހުތުރު އެއް ޝިރުކުކަމެވެ. ފަހެ ވާޖިބުވެގެންވަނީ އެ ކަންކަން ދޫކޮށްލާ، އެ ކަންކަމާމެދު ހުށިޔާރުވެ ސަމާލުވެ، އެ ކަންކަން ދޫކޮށްލުމަށް އެއްބަޔަކު އަނެއްބަޔަކަށް ވަޞިއްޔަތްކޮށް، އެފަދަ ކަންކަން ކޮށްފި މީހަކަށް އިންކާރު ކުރުމެވެ.
وَأما مَن عُرف من الناس بهذه الأعمال الشركية: فإنه لم تَجز مناكحته، وَلَا أكل ذبيحته، ولا الصلاة عليه، وَلَا الصلاة خلفه، حتى يُعلن التوبة إلى الله سبحانه من ذلك، ويخلص الدعاء والعبادة لله وحده، والدعاء هو العبادة، بل مخها، كما قال النبي ﷺ:,ދެންފަހެ މި ޝިރުކީ ޢަމަލުތައް ކުރާކަމަށް މީސްތަކުންގެ ތެރެއިން އެނގިގެންވާ މީހެއްނަމަ؛ ފަހެ އޭނާއާ ކައިވެނިކުރުން ހުއްދަވެގެން ނުވެއެވެ. އަދި އޭނާ ކަތިލާ މަސް ކެއުމާއި، އޭނާގެ މައްޗަށް ކަށު ނަމާދުކުރުމާއި، އޭނާގެ ފަހަތުގައި ނަމާދުކުރުންވެސް ހުއްދަވެގެން ނުވެއެވެ. އެއީ އޭނާ އެ ކަންކަމުން ﷲ ސުބްޙާނަހޫ އަށް ތައުބާވިކަމަށް އިޢުލާނުކޮށް، ހަމައެކަނި ﷲ އަށް ދުޢާއާއި އަޅުކަން ޚާލިޞްކޮށްފުމަށް ދާންދެނެވެ. ދުޢާއަކީ އަޅުކަމެވެ. ކިއެއްތަ، އަޅުކަމުގެ މަދެވެ. އެއީ ނަބިއްޔާ ﷺ ޙަދީޘްކުރެއްވި ފަދައިންނެވެ:
«الدُّعَاءُ هُوَ العِبَادَةُ».,"""ދުޢާއަކީ އެއީ އަޅުކަމެވެ."""
وروي عنه ﷺ في لفظ آخر أنه قال:,އަދި އެހެން ލަފްޒެއްގައި، ނަބިއްޔާ ﷺ ޙަދީޘްކުރެއްވިކަމަށް ރިވާކުރެވުނެވެ:
«الدُّعَاءُ مُخُّ العِبَادَةِ».,"""ދުޢާ އަކީ އަޅުކަމުގެ މަދެވެ."""
أما مناكحة المشركين: فقد قال الله تعالى:,ދެންފަހެ މުޝްރިކުންނާ ކައިވެނިކުރުން ދަންނައެވެ، ﷲ ތަޢާލާ ވަޙީކުރެއްވިއެވެ:
﴿وَلَا تَنْكِحُوا الْمُشْرِكَاتِ حَتَّى يُؤْمِنَّ وَلَأَمَةٌ مُؤْمِنَةٌ خَيْرٌ مِنْ مُشْرِكَةٍ وَلَوْ أَعْجَبَتْكُمْ وَلَا تُنْكِحُوا الْمُشْرِكِينَ حَتَّى يُؤْمِنُوا وَلَعَبْدٌ مُؤْمِنٌ خَيْرٌ مِنْ مُشْرِكٍ وَلَوْ أَعْجَبَكُمْ أُولَئِكَ يَدْعُونَ إِلَى النَّارِ وَاللَّهُ يَدْعُو إِلَى الْجَنَّةِ وَالْمَغْفِرَةِ بِإِذْنِهِ وَيُبَيِّنُ آيَاتِهِ لِلنَّاسِ لَعَلَّهُمْ يَتَذَكَّرُونَ221﴾,(މުޝްރިކު އަންހެނުންނާ ތިޔަބައިމީހުން ކައިވެނި ނުކުރާ ހުށިކަމެވެ! (އެއީ) އެ އަންހެންތަކުން އީމާންވެއްޖައުމަށް ދާންދެނެވެ. ތިޔަބައިމީހުން ހިތާވާ ކަމުގައިވިޔަސް، ހަމަކަށަވަރުން މުއުމިނު އަޅުއަންހެނަކުވެސް މުޝްރިކު އަންހެނަކަށް ވުރެ މާރަނގަޅެވެ. އަދި (މުއުމިނު އަންހެނުން) މުޝްރިކު ފިރިހެނުންނާ ތިޔަބައިމީހުން ކައިވެނިކޮށް ނުދޭށެވެ! (އެއީ) އެބައިމީހުން އީމާންވެއްޖައުމަށް ދާންދެނެވެ. ތިޔަބައިމީހުން އެމީހަކާ ރުހި ޤަބޫލު ވިޔަސް، ހަމަކަށަވަރުން މުއުމިނު ފިރިހެން އަޅަކުވެސް މުޝްރިކު ފިރިހެނަކަށް ވުރެ މާރަނގަޅެވެ. އެބައިމީހުން އެ ގޮވަނީ ނަރަކައަށް ވަނުމަށެވެ. ﷲ ގޮވައިލައްވަނީ އެއިލާހުގެ އިޛުނަފުޅުން ތިޔަބައިމީހުން ސުވަރުގެއަށާއި ފާފަފުއްސެވުމުގެ ތެރެއަށް ވަނުމަށެވެ. އަދި އެއިލާހުގެ އާޔަތްތައް މީސްތަކުންނަށް ބަޔާންކޮށްދެއްވަނީ އެބައިމީހުން ހަނދުމަކުރުމަށްޓަކައެވެ.)
[البقرة: 221]،,[އަލްބަޤަރާ: 221]
فنهى الله سبحانه المسلمين عن التزوج بالمشركات، من عُبَّاد الأوثان والجن والملائكة وغير ذلك، حتى يؤمن بإخلاص العبادة لله وحده، وتصديق الرسول ﷺ فيما جاء به، واتباع سبيله، ونهى عن تزويج المشركين بالنساء المسلمات، حتى يؤمنوا بإخلاص العبادة لله وحده، وتصديق الرسول ﷺ، واتباعه.,ފަހެ ﷲ ސުބްޙާނަހޫ އެވަނީ: ބުދުތަކާއި ޖިންނީންނާއި މަލާއިކަތުންނާއި އެހެން ތަކެއްޗަށް އަޅުކަންކުރާ މުޝްރިކު އަންހެނުންނާ ކައިވެނިކުރުން މުސްލިމުން ފިރިހެނުންނަށް ނަހީކުރައްވާފައިއެވެ. އެއީ އެ އަންހެންތަކުން ހަމައެކަނި ﷲ އަށް އަޅުކަން އިޚްލާޞްތެރިކޮށް، ރަސޫލާ ﷺ ގެންނެވި ކަންތަކުގައި އެކަލޭގެފާނުގެ ތެދުކޮށް، އެކަލޭގެފާނުގެ މަގަށް ތަބަޢަވެގެން އީމާންވެއްޖައުމަށް ދާންދެނެވެ. އަދި މުޝްރިކު ފިރިހެނުން، މުސްލިމު އަންހެނުންނާ ކައިވެނިކުރުންވެސް ނަހީކުރެއްވިއެވެ. އެއީ ﷲ އަށް އެކަނި އަޅުކަން އިޚްލާޞްތެރިކޮށް، ރަސޫލާ ﷺ ތެދުކޮށް އެކަލޭގެފާނަށް ތަބަޢަވެގެން އީމާންވެއްޖައުމަށް ދާންދެނެވެ.
وأخبر سبحانه أن الأمَة المؤمنة خير من الحرة المشركة، ولو أعجبت من ينظر إليها، ويسمع كلامها، بجمالها وحُسن كلامها، وأن العبد المؤمن خير من الحر المشرك، ولو أعجب سامعه والناظر إليه، بجماله وفصاحته وشجاعته وغير ذلك، ثم أوضح أسباب هذا التفضيل بقوله سبحانه:,އަދި އެކަލާނގެ ސުބްޙާނަހޫ ޚަބަރުދެއްވާފައިވަނީ: މުއުމިނު އަޅު އަންހެނަކުވެސް، މުޝްރިކު މިނިވަން އަންހެނަކަށްވުރެ ހެޔޮވެގެންވާ ކަމުގައިއެވެ. އެއީ އެ އަންހެނަކު ފެންނަ މީހާ، އަދި އެ އަންހެނާގެ ވާހަކަ އަޑުއިވޭ މީހާއަށް، އެކަނބުލޭގެ ރީތިކަމާއި ވާހަކައިގެ ހިތްގައިމުކަމާހުރެ އާޝޯޚުކޮށްލިޔަސްމެއެވެ. އަދި މުއުމިނު އަޅު ފިރިހެނެއްވެސް، މުޝްރިކުން މިނިވަން ފިރިހެނަކަށްވުރެ ހެޔޮވެގެންވާ ކަމުގައިއެވެ. އެއީ އޭނާގެ އަޑުއަހާ، އަދި އޭނާ ފެންނަ މީހާއަށް، އޭނާގެ ރީތިކަމާއި، ފަޞާޙާތްތެރިކަމާއި، ހިތްވަރުގަދަކަމާއި އެފަދަ ކަންކަމާހުރެ ޢަޖައިބުވިޔަސްމެއެވެ. ދެން މި ގޮތަށް ހެޔޮވެ އިތުރުވެގެންވީ ސަބަބުތައް، އެކަލާނގެ ސުބްޙާނަހޫގެ މި ބަސްފުޅުން ބަޔާންކުރެއްވިއެވެ:
﴿...أُولَئِكَ يَدْعُونَ إِلَى النَّارِ...﴾,(...އެމީހުން ދަޢުވަތުދީ ގޮވާލަނީ ނަރަކައަށެވެ...)
[البقرة: 221].,[އަލްބަޤަރާ: 221]
يعني بذلك: المشركين والمشركات؛ لأنهم من دعاة النار بأقوالهم وأعمالهم وسيرتهم وأخلاقهم، أما المؤمنون والمؤمنات فهُم من دعاة الجنة بأخلاقهم وأعمالهم وسيرتهم، فكيف يستوي هؤلاء وهؤلاء!,އެއިން އެ މާނަކުރައްވަނީ: މުޝްރިކު ފިރިހެނުންނާއި މުޝްރިކު އަންހެނުންގެ ވާހަކައެވެ. އެހެނީ އެމީހުންނީ އެމީހުންގެ ބަސްތަކާއި، ޢަމަލުތަކާއި، އުޅޭއުޅުމާއި، އަޚްލާޤުން ނަރަކައަށް ގޮވާލާ ބައެކެވެ. އަނެއްކޮޅުން މުއުމިނު ފިރިހެނުންނާއި މުއުމިނު އަންހެނުންނީ، އެމީހުންގެ އަޚްލާޤާއި، އެމީހުންގެ ޢަމަލުތަކާއި، އުޅޭއުޅުމުން ސުވަރުގެއަށް ގޮވާލާ ބައެކެވެ. ދެންފަހެ މި މީހުންނާއި، ދެން ތިބި މީހުންނާ ހަމަހަމަވާނީ ކިހިނަކުންހެއްޔެވެ!؟
وأما الصلاة على المشركين: فقد قال جل وعلا في شأن المنافقين:,ދެންފަހެ މުޝްރިކުންގެ މައްޗަށް ކަށު ނަމާދުކުރުމަށް ބަލާއިރު، ފަހެ މުނާފިޤުންނާމެދުގައި އެކަލާނގެ -ޖައްލަ ވަޢަލާ- ވަޙީކުރެއްވިއެވެ:
﴿وَلَا تُصَلِّ عَلَى أَحَدٍ مِنْهُمْ مَاتَ أَبَدًا وَلَا تَقُمْ عَلَى قَبْرِهِ إِنَّهُمْ كَفَرُوا بِاللَّهِ وَرَسُولِهِ وَمَاتُوا وَهُمْ فَاسِقُونَ84﴾,(އެ މީހުންގެ ތެރެއިން މަރުވި އެއްވެސް މީހެއްގެ މައްޗަށް ކަލޭގެފާނު ދުވަހަކުވެސް ކަށުނަމާދު ނުކުރައްވާށެވެ. އަދި އެ މީހެއްގެ މަހާނަދޮށުގައިވެސް ކަލޭގެފާނު ހުއްޓިވަޑައިގެން ނުހުންނަވާށެވެ. ހަމަކަށަވަރުން އެ މީހުން ﷲ އަށާއި، އެ އިލާހުގެ ރަސޫލާއަށް ކާފަރުވިއެވެ. އަދި އެ މީހުން މަރުވީ، ފާސިޤުން ކަމުގައިވާ ޙާލުގައެވެ.)
[التوبة: 84]،,[އައްތައުބާ: 84]
فأوضح جل وعلا في هذه الآية الكريمة أن المنافق والكافر لا يُصَلَّى عليهما؛ لكفرهما بالله ورسوله، وهكذا لا يُصَلَّى خلفَهما، ولا يُجعلان أئمة للمسلمين؛ لكفرهما وعدم أمانتهما، وللعداوة العظيمة التي بينهما وبين المسلمين، ولأنهما ليسَا مِن أهل الصلاة والعبادة؛ لأن الكفر والشرك لا يبقى معهما عمل، نسأل الله العافية من ذلك.,ފަހެ އެކަލާނގެ -ޖައްލަ ވަޢަލާ- މި މާތްވެގެންވާ އާޔަތުގައި ސާފުކޮށް ބަޔާންކުރެއްވީ: މުނާފިޤުމީހާއާއި ކާފަރުމީހާގެ މައްޗަށް ކަށު ނަމާދު ނުކުރެވޭނެކަމެވެ. އެއީ އެ ދެމީހުން ﷲ އާއި އެކަލާނގެ ރަސޫލާއަށް ކާފަރުވެގެން ވުމުންނެވެ. މިފަދައިންމެ، އެ ދެމީހުންގެ ފަހަތުގައިވެސް ނަމާދު ނުކުރެވޭނެއެވެ. އަދި މުސްލިމުންނަށް ހުރި އިމާމުންކަމުގައި އެ ދެމީހުން ނުހެދޭހުއްޓެވެ. އެއީ އެ ދެމީހުން ކާފަރުވެގެންވުމުން، އަދި އަމާނާތްތެރިކަމެއް ނެތުމުން، އަދި މުސްލިމުންނާ އެ ދެމީހުންނާ މެދުގައި އޮންނަ ބޮޑުވެގެންވާ ޢަދާވާތްތެރިކަމަށްޓަކައިއެވެ. އަދި އެ ދެމީހުންނީ ނަމާދާއި އަޅުކަމުގެ އަހުލުވެރިންނެއް ނޫނެވެ. އެހެނީ ކުފުރާއި ޝިރުކަކީ އެއާއެކު ދެން (ހެޔޮ) ޢަމަލެއް ބާކިކޮށް ނުދޭ ދެކަމެވެ. އަހަރުމެން ﷲ ގެ ޙަޟްރަތުން އެދެނީ އެއިން ޢާފިޔަތު ދެއްވުމަށެވެ.
وأما أكل ذبائح المشركين: فقد قال جل جلاله مبيناً تحريم الميتة وذبائح المشركين:,ދެން މުޝްރިކުން ކަތިލާ ތަކެތި ކެއުމަށް ބަލާއިރު، ފަހެ މުޅަ މަހާއި، މުޝްރިކުން ކަތިލާ މަސް ޙަރާމްވެގެންވާކަން ބަޔާންކުރައްވާ އެކަލާނގެ -ޖައްލަ ޖަލާލުހޫ- ވަޙީކުރެއްވިއެވެ:
﴿وَلَا تَأْكُلُوا مِمَّا لَمْ يُذْكَرِ اسْمُ اللَّهِ عَلَيْهِ وَإِنَّهُ لَفِسْقٌ وَإِنَّ الشَّيَاطِينَ لَيُوحُونَ إِلَى أَوْلِيَائِهِمْ لِيُجَادِلُوكُمْ وَإِنْ أَطَعْتُمُوهُمْ إِنَّكُمْ لَمُشْرِكُونَ121﴾,((ކަތިލާހިނދު) އެ އެއްޗެއްގެ މައްޗަށް، ﷲ ގެ އިސްމުފުޅު ނަންނުގަނެވިވާ އެއްޗަކުން ތިޔަބައިމީހުން ނުކާށެވެ! ހަމަކަށަވަރުން އެ ތަކެތިން ކެއުމަކީ، އުރެދުމެއްކަން ކަށަވަރެވެ. އަދި ހަމަކަށަވަރުން ތިޔަބައިމީހުންނާ ޖަދަލުކުރުމަށް ޝައިތާނުން އެ މީހުންގެ ވާގިވެރިންނަށް ވަސްވާސް ދޭނެއެވެ. ތިޔަބައިމީހުން، އެ މީހުންނަށް ކިޔަމަންވެއްޖެނަމަ ހަމަކަށަވަރުން ތިޔަބައިމީހުންނަކީ ވެސް، މުޝްރިކުންކަން ކަށަވަރެވެ.)
[الأنعام: 121]،,[އަލްއަންޢާމު: 121]
فنهى جل جلاله المسلمين عن أكل الميتة وذبيحة المشرك؛ لأنه نجس، فذبيحته في حُكم الميتة، ولو ذكرَ اسم الله عليها؛ لأن التسمية منه باطلة لَا أثر لها؛ لأنها عبادة، والشرك يحبط العبادة ويبطلها، حتى يتوب المشرك إلى الله سبحانه،,ފަހެ އެކަލާނގެ -ޖައްލަ ޖަލާލުހޫ- އެވަނީ މުޅަތަކެއްޗާއި މުޝްރިކުން ކަތިލާ ތަކެތި ކެއުން މުސްލިމުންނަށް ނަހީކުރައްވާފައިއެވެ. އެހެނީ އެއީ ނަޖިހެކެވެ. އެގޮތުން އޭނާ ކަތިލާ އެއްޗެއްވަނީ މުޅަ މަހުގެ ޙުކުމްގައިއެވެ. އޭގެ މައްޗަށް ﷲ ގެ އިސްމުފުޅު ނަންގަތަސް މެއެވެ. އެހެނީ އޭނާގެ ފުށުން ބިސްމި ކިޔުމަކީ އެއްވެސް އަސަރެއް އޭގައި ނެތް ބާޠިލު ކަމެކެވެ. ޝިރުކަކީ އަޅުކަން ބާޠިލުކޮށް ގެއްލުވާލާ ކަމެކެވެ. ޝިރުކު ކުރާ މީހާ ﷲ ސުބްޙާނަހޫ ވަތަޢާލާއަށް ތައުބާވެއްޖައުމަށް ދާންދެނެވެ.
وإنما أباح جل جلاله طعام أهل الكتاب في قوله سبحانه:,އެކަލާނގެ -ޖައްލަ ޖަލާލުހޫ- ފޮތުގެ އަހުލުވެރިންގެ ކާބޯތަކެތި، އެކަލާނގެ ސުބްޙާނަހޫގެ މި ބަސްފުޅުގައި ހުއްދަކުރެއްވީ:
﴿...وَطَعَامُ الَّذِينَ أُوتُوا الْكِتَابَ حِلٌّ لَكُمْ وَطَعَامُكُمْ حِلٌّ لَهُمْ...﴾,(...އަދި ފޮތް ލިބުނު މީހުންގެ ކާނާ ތިޔަބައިމީހުންނަށް ޙަލާލު ވެގެންވެއެވެ. އަދި ތިޔަބައިމީހުންގެ ކާނާ އެ މީހުންނަށް ޙަލާލު ވެގެންވެއެވެ...)
[المائدة: 5]،,[އަލްމާއިދާ: 5].
لأنهم ينتسبون إلى دين سماوي، ويزعمون أنهم من أتباع موسى وعيسى، وإن كانوا في ذلك كاذبين، وقد نسخ الله دينهم وأبطله ببعث محمد ﷺ إلى الناس عامّة، ولكن الله جل وعلا أحل لنا طعام أهل الكتاب ونساءهم؛ لحكمة بالغة وأسرار مَرعية، قد وضحها أهل العلم، بخلاف المشركين من عُبَّاد الأوثان والأموات، من الأنبياء والأولياء وغيرهم؛ لأن دينهم لا أصل له، ولا شبهة فيه، بل هو باطل من أساسه، فكانت ذبيحة أهله ميتة، ولا يباح أكلها.,އެހެނީ އެމީހުުންނީ ސަމާވީ ދީނަކަށް ނިސްބަތްވެ، އަދި މޫސާގެފާނާއި ޢީސާގެފާނަށް ތަބަޢަވީ މީހުންގެ ތެރެއިންވާ ބައެއްކަމަށް ދަޢުވާކުރާ ބައެއްކަމުގައި ވުމުންނެވެ. އެކަމުގައި އެމީހުން ދޮގުވެރިން ކަމުގައިވިޔަސްމެއެވެ. ﷲ ތަޢާލާވަނީ މުޙައްމަދު ﷺ ހުރިހާ މީސްތަކުންގެ ގާތަށް ފޮނުއްވައިގެން އެމީހުންގެ ދީން މަންސޫޚަ ކުރައްވާ، ބާޠިލުކުރައްވާފައިއެވެ. ނަމަވެސް ﷲ -ޖައްލަ ވަޢަލާ- ފޮތުގެ އަހުލުވެރިންގެ ކާބޯތަކެއްޗާއި އެމީހުންގެ އަންހެނުން އަހަރުމެންނަށް ހުއްދަކުރެއްވިއެވެ. އެއީ ބޮޑުވެގެންވާ ޙިކްމަތަކަށްޓަކައި، އަދި ރިޢާޔަތްކުރެއްވިފައިވާ ސިއްރުތަކަކަށްޓަކައިއެވެ. ޢިލްމުގެ އަހުލުވެރިންވަނީ އެކަންކަން ބަޔާންކުރައްވާފައިއެވެ. އެއީ ބުދުތަކާއި، މައްޔިތުންގެ ތެރެއިންވާ ނަބިއްޔުންނާއި ވަލީވެރިންނާއި އެހެން މީހުންނަށް އަޅުކަންކުރާ މުޝްރިކުންނާ ޚިލާފަށެވެ. އެހެނީ އެމީހުންގެ ދީނަކީ އެއަށް އެއްވެސް އަޞްލެއް އަދި ޝުބުހައެއް ނުވާ ދީނެކެވެ. ކިއެއްތަ، އޭގެ އަސާސުން އެ ވަނީ ބާޠިލުވެގެންނެވެ. ދެން އެ ދީނުގެ އަހުލުވެރިންގެ ކަތިލުން މުޅަ އެއްޗެއްކަމުގައިވިއެވެ. އަދި އެ ކެއުން ހުއްދަވެގެން ނުވެއެވެ.
وأما قول الشخص لمن يُخاطبه: (جن أصابك)، (جن أخذك)، (شيطان طار بك)، وما أشبه ذلك، فهذا من باب السب والشتم، وذلك لا يجوز بين المسلمين، كسائر أنواع السب والشتم، وليس ذلك من باب الشرك، إلا أن يكون قائل ذلك يعتقد أن الجن يتصرفون في الناس بغير إذن الله ومشيئته،,"ދެންފަހެ މުޚާޠަބުކުރާ މީހަކާ ދިމާލަށް: ""ތިޔަހުރީ ޖިންނިއެއް އަވަލާފަޔޭ"" ""ޖިންނިއެއް ތިބާ ޖަހައިގަތީއޭ""، ""ޝައިޠާނެއް ތިބާ ގޮވައިގެން އުދުހިގަތީއޭ""، އަދި މިއާ ވައްތަރު ޢިބާރާތްތައް ބުނުމަކީ؛ ބަދުބަސްބުނެ އެއްޗެހި ގޮވުމުގެ ބާބުގައިވާ ކަންތަކެކެވެ. އަދި އެއީ ބަދުބަސްބުނެ އެއްޗެހި ގޮވުމުގެ އެހެން ހުރިހާ ބަސްތައް ފަދައިން، މުސްލިމުންގެ މެދުގައި ކުރުން ހުއްދަކަމެއް ނޫނެވެ. އެކަމަކު އެއީ ޝިރުކުގެ ބާބުގައިވާ ކަމެއް ނޫނެވެ. އެހެން ބުނާ މީހާ، ﷲ ގެ އިޛްނަފުޅާއި އިރާދައާއި ނުލާ ޖިންނީން މީސްތަކުންގެ ތެރޭގައި ބާރުފޯރުކޮށް އުޅޭކަމަށް ޤަބޫލުކުރާނަމަ މެނުވީއެވެ."
فمَن اعتقد ذلك في الجن أو غيرهم من المخلوقات، فهو كافر بهذا الاعتقاد؛ لأن الله سبحانه هو المالك لكل شيء، والقادر على كل شيء، وهو النافع الضار، ولا يوجد شيء إلا بإذنه ومشيئته وقدره السابق، كما قال جل جلاله آمرًا نبيه ﷺ أن يخبر الناس بهذا الأصل العظيم:,ދެންފަހެ ޖިންނީންނާމެދު، ނުވަތަ އެނޫން މަޚްލޫޤުންނާމެދުވެސް އެގޮތަށް އިޢުތިޤާދުކޮށް ޤަބޫލުކޮށްފި މީހާއީ؛ ފަހެ މި ޤަބޫލުކުރުމުގެ ސަބަބުން ކާފަރެކެވެ. އެހެނީ ﷲ ސުބްޙާނަހޫ އެއީ ކޮންމެ އެއްޗެއް މިލްކުވެވޮޑިގެންވާ، އަދި ކޮންމެ ކަމަކަށް ކުޅަދުންވަންތަވެގެންވާ އިލާހެވެ. އަދި ފައިިދާ ކޮށްދެއްވާ، ގެއްލުންދެއްވާ ފަރާތަކީވެސް އެއީއެވެ. އަދި އެކަލާނގެ އިޛްނަފުޅާއި، މަޝީއަތާއި، އެކަލާނގެ އިސްވެ ތަޤުދީރުކުރެއްވުމާ ލައިގެން މެނުވީ އެއްވެސް އެއްޗެއް ވުޖޫދު ނުވެއެވެ. އެއީ މި ބޮޑުވެގެންވާ އަޞްލުގެ ޚަބަރު މީސްތަކުންނަށް ދެއްވުމަށް އެކަލާނގެ -ޖައްލަ ޖަލާލުހޫ-، އެކަލާނގެ ނަބިއްޔާ ﷺ އަށް އަމުރުކުރައްވާ ވަޙީކުރެއްވިގޮތަށެވެ:
﴿قُلْ لَا أَمْلِكُ لِنَفْسِي نَفْعًا وَلَا ضَرًّا إِلَّا مَا شَاءَ اللَّهُ وَلَوْ كُنْتُ أَعْلَمُ الْغَيْبَ لَاسْتَكْثَرْتُ مِنَ الْخَيْرِ وَمَا مَسَّنِيَ السُّوءُ إِنْ أَنَا إِلَّا نَذِيرٌ وَبَشِيرٌ لِقَوْمٍ يُؤْمِنُونَ188﴾,(ކަލޭގެފާނު ވިދާޅުވާށެވެ. ﷲ އިރާދަ ކުރެއްވި ކަމެއްމެނުވީ ތިމަންކަލޭގެފާނުގެ އަމިއްލަ ނަފްސަށް މަންފާއެއް، ނުވަތަ ގެއްލުމެއް ލިބިގަތުމުގެ ބާރު، ތިމަންކަލޭގެފާނަށް މިލްކު ވެގެނެއް ނުވެއެވެ. އަދި ތިމަންކަލޭގެފާނަށް ޣައިބު އެނގިވަޑައިގަންނަވާ ކަމުގައި ވީނަމަ، ތިމަންކަލޭގެފާނު (ދުނިޔަވީ މޮޅާއި) ހެޔޮ ގިނަކުރެއްވީމުހެވެ. އަދި ނުބައިކަމެއް ތިމަންކަލޭގެފާނުގައި ނުބީހުނީހެވެ. އިންޛާރުދެއްވާ ބޭކަލަކު ކަމުގައްޔާއި، އީމާންވާ ބަޔަކަށް އުފާވެރިކަމުގެ ޚަބަރު ދެއްވާ ބޭކަލަކު ކަމުގައި މެނުވީ، ތިމަންކަލޭގެފާނު ނުވަމެވެ.)
[الأعراف: 188]،,[އަލްއަޢުރާފު: 188]
فإذَا كان سيِّد الخلق وأفضلهم عليه الصلاة والسلام لا يملك لنفسه نفعًا ولا ضرًّا، إلا ما شاء الله، فكيف بغيره من الخلق؟! والآيات في هذا المعنى كثيرة.,ދެންފަހެ ޚަލްޤުތަކުންގެ ސާހިބާ، އަދި ޚަލްޤުތަކުންގެ ތެރެއިން އެންމެ މާތްވެގެންވާ ކަލޭގެފާނު عليه الصلاة والسلام ވެސް، ﷲ އިރާދަކުރެއްވި ކަމެއް މެނުވީ، އެކަލޭގެފާނުގެ އަމިއްލަ ނަފްސަށް ފައިދާއެއް އަދި ގެއްލުމެއްވެސް މިލްކުވެގެން ނުވާހިނދު؛ ދެން އެނޫން ޚަލްޤުތަކުންނާ މެދުގައި އަދި ކޮންފަދަހެއްޔެވެ!؟ މި މާނާގައިވާ އާޔަތްތައް ގިނަވެގެންވެއެވެ.
وأما سؤال العَرَّافين والمشعوذين والمنجمين وأشباههم، ممن يتعاطى الأخبار عن المغيبات، فهو منكر لا يجوز، وتصديقهم أشد وأنكر، بل هو مِن شعب الكفر؛ لقول النبي ﷺ:,ދެންފަހެ، ޣައިބުގައިވާ ކަންކަމުން ޚަބަރުދިނުމުގައި އުޅޭ؛ ފާލުބަލާ މީހުންނާއި، ސިޙުރުވެރިންނާއި، ނުޖޫމީ ބުރައްމާނީންނާއި އެފަދަ މީހުންނާ ކަންކަމުގައި ސުވާލުކޮށް އެހުމަކީ، ހުއްދަވެގެން ނުވާ މުންކަރެކެވެ. އަދި އެމީހުން ތެދުކުރުމަކީ އެއަށްވުރެވެސް ގަދަވެގެންވާ، މުންކަރުކަން ބޮޑު ކަމެކެވެ. ކިއެއްތަ، އެއީ ކުފުރުގެ ކަފިތަކުގެ ތެރޭގައިވާ ކަމެކެވެ. ނަބިއްޔާ ﷺގެ މި ބަސްފުޅަށްޓަކައިއެވެ:
«مَنْ أَتَى عَرَّافًا فَسَأَلَهُ عَنْ شَيءٍ؛ لَمْ تُقْبَلْ لَهُ صَلَاةٌ أَرْبَعِينَ يَومًا».,"""ޢައްރާފެއް (ކަހީނެއް ނުވަތަ ފާލުބަލާ މީހެއް) ގެ ގާތަށް ގޮސް، ކަމަކާމެދު އޭނާގެ ގާތުން ސުވާލުކޮށްފި މީހާ؛ ސާޅީސް ދުވަހުގެ ނަމާދު އޭނާގެ ކިބައިން ޤަބޫލު ނުކުރެވޭހުއްޓެވެ."""
رواه مسلم في صحيحه،,ރިވާކުރެއްވީ މުސްލިމު އެކަލޭގެފާނުގެ ޞަޙީޙުގައިއެވެ.
وفي صحيحه ـ أيضًا ـ عن معاوية بن الحكم السلمي رضي الله عنه:,އަދިވެސް އެކަލޭގެފާނުގެ ޞަޙީޙުގައި، މުޢާވިޔާ ބްނުލް ޙަކަމު އައްސުލަމީ رضي الله عنه ގެ އަރިހުން ރިވާވެގެންވެއެވެ:
«أَنَّ النَّبيَّ ﷺ نَهَى عَنْ إِتْيَانِ الكُهَّانِ وَسُؤَالِهِم».,"""ކާހިނުންގެ ގާތަށް ދިޔުމާއި، އެމީހުންގެ ގާތުން ކަންކަމުގައި ސުވާލުކޮށް އެހުން ނަބިއްޔާ ﷺ ނަހީކުރެއްވިއެވެ."""
وأخرج أهل السنن عن النبي ﷺ أنه قال:,އަދި ސުނަނު ފޮތްތަކުގެ އަހުލުވެރިން، ނަބިއްޔާ ﷺ ޙަދީޘްކުރެއްވިކަމަށް ނެރުއްވިއެވެ:
«مَنْ أَتَى كَاهِنًا، فَصَدَّقَهُ بِمَا يَقُولُ؛ فَقَدْ كَفَرَ بِمَا أُنْزِلَ عَلَى مُحَمَّدٍ ﷺ».,"""ކާހިނެއްގެ ގާތަށް ގޮސް، ދެން އޭނާ ބުނާ އެއްޗެއް ތެދުކޮށްފި މީހާ؛ ފަހެ ހަމަކަށަވަރުން މުޙައްމަދު ﷺ ގެ މައްޗަށް ބާވައިލެއްވުނު އެއްޗަކަށް ކާފަރުވެއްޖެއެވެ."""
والأحاديث في هذا المعنى كثيرة.,މި މާނައިގައިވާ ޙަދީޘްތައް ގިނަވެގެންވެއެވެ.
فالواجب على المسلمين: الحذر من سؤال الكهنة والعرافين، وسائر المشعوذين، المشتغلين بالإخبار عن المغيبات، والتلبيس على المسلمين، سواء كان باسم الطب أو غيره، لما تقدم من نهي النبي ﷺ عن ذلك، وتحذيره منه،,އެހެންކަމުން މުސްލިމުންގެ މައްޗަށް ވާޖިބުވެގެންވަނީ: ކާހިނުންނާއި ފާލުބަލާ މީހުންނާއި، އެނޫންވެސް، ޣައިބުގައިވާ ކަންކަމުގެ ޚަބަރުދީ، މުސްލިމުންނަށް އޮޅުވާލުމުގައި އުޅޭ ސިޙުރުވެރި ހާހޫރަވެރިންގެ ގާތުން ސުވާލުކުރުމާމެދު ސަމާލުވެ ދުރުވުމެވެ. އެއީ (ޑޮކްޓަރީ) ބޭސްވެރިކަމުގެ ނަމުގައި ނުވަތަ އެހެން ނަމެއްގައިވިޔަސްމެއެވެ. އެއީ އިސްވެދިޔަ ފަދައިން، ނަބިއްޔާ ﷺ އެކަން ނަހީކުރައްވާ، އެކަމާމެދު އިންޛާރުދެއްވާފައި ވުމުންނެވެ.
ويدخل في ذلك: ما يدعيه بعض الناس باسم الطب، من الأمور الغيبية، إذا شم عمامة المريض، أو خمار المريضة، أو نحو ذلك، قال: هذا المريض أو هذه المريضة فعل كذا، وصنع كذا، من أمور الغيب التي ليس في عمامة المريض ونحوها دلالة عليها، وإنما القصد من ذلك التلبيس على العامة، حتى يقولوا: إنه عارف بالطب، وأنواع المرض وأسبابه، وربما أعطاهم شيئًا من الأدوية، ولربما صادف ذلك الشفاء بقدر الله، فظنوا أنه بأسباب دوائه،,"އަދި އޭގެ ތެރެއަށް ވަންނަ އަނެއްކަމަކީ: ބޭސެވެރިކަމުގެ ނަމުގައި ބައެއް މީހުން ދަޢުވާކުރާ ޣައިބުގެ ކަމެއްކަމުގައިވާ: ބަލިމީހާގެ ފަގުޑި، ނުވަތަ ބަލި އަންހެނާގެ ބުރުގާގެ ވަސް ބަލާލާފައި ""މި ބަލި ފިރިހެނާ ނުވަތަ ބަލި އަންހެނާ މިވެނި ކަމެއް ކުރިޔޭ، އެވެނި ގޮތެއް ހެދިޔޭ"" ބުނުންފަދަ، ބަލިމީހާގެ ފަގުޑީގައި އަދި އެފަދަ އެއްޗެއްގައި އެކަމަށް އެއްވެސް ދަލީލެއް ނެތް ކަންކަމުގެ ވާހަކަ ދެއްކުމެވެ. އެކަމުގެ ޤަޞްދަކަށް ވާކަން ކަށަވަރީ: ޢާއްމު މީސްތަކުންނަށް އޮޅުވާލުމެވެ. އެއީ އޭނާއަކީ ބޭސްވެރިކަމާއި، ބަލިބަލީގެ ވައްތަރުތަކާއި ސަބަބުތައް ދަންނަ މީހެއްކަމަށް އެމީހުން ލައްވާ ބުނުވުމަށެވެ. ފަހަރެއްގައި އޭނާ އެމީހުންނަށް ބޭސްތަކެއް ދީވެސްފާނެއެވެ. އަދި ފަހަރެއްގައި ﷲ ގެ ޤަދަރާއި މިންވަރުން އެކަމުގައި އިއްތިފާޤުން ޝިފާ ލިބުންވެސް ދިމާވެދާނެއެވެ. ދެން އެމީހުން ހީކުރަނީ އެއީ އޭނާގެ ބޭސްފަރުވާތަކުގެ ސަބަބުން ވީ ކަމެއްކަމުގައިއެވެ."
وربما كان المرض بأسباب بعض الجن والشياطين، الذين يخدمون ذلك المدعي للطب، ويُخبرونه عن بعض المغيبات التي يطلعون عليها، فيعتمد على ذلك، ويُرضي الجن والشياطين بما يناسبهم من العبادة، فيرتفعون عن ذلك المريض، ويتركون ما قد تلبسوا به معه من الأذى، وهذا شيء معروف عن الجن والشياطين ومن يستخدمهم.,އަދި ފަހަރެއްގައި، އެ ބައްޔަކީ: ބޭސްފަރުވާ ކުރަނީކަމަށް ދަޢުވާކުރާ އެހެރަ މީހާއަށް ޚިދުމަތްކޮށްދޭ ބައެއް ޖިންނީންނާއި ޝައިޠާނުންގެ ސަބަބުންވާ ބައްޔެއްކަމުގައިވެސް ވެދާނެއެވެ. އަދި އެ ޖިންނީން ހޯދައިގަންނަ ބައެއް ޣައިބުގެ ކަންކަމުން އޭނާއަށް ޚަބަރުދެއެވެ. ދެން އޭނާ އެކަމަށް ބަރޯސާވެ، އެ ޖިންނީންނާއި ޝައިޠާނުންނަށް ކަމުދާ އަޅުކަމެއް (އެ މީހުންނަށް އަނބުރާލައިގެން) ރުއްސައެވެ. ދެން އެ ބަލިމީހާގެ ކިބައިން އެ ޖިންނީންތައް އުފުލި، އޭނާއަށް ޖައްސަމުންދިޔަ ދުއްތުރާތައް ދޫކޮށްލައެވެ. މިއީ ޖިންނީންނާއި ޝައިޠާނުންނާއި، އަދި އެވެރިން ލައްވާ ޚިދުމަތްކުރުވާ މީހުންގެ ކިބައިން އެނގިގެންވާ ކަމެކެވެ.
والواجب على المسلمين أيضًا: الحذر من ذلك، والتواصي بتركه، والاعتماد على الله سبحانه، والتوكل عليه في كل الأمور، ولا بأس بتعاطي الرقى الشرعية والأدوية المباحة، والعلاج عند الأطباء الذين يستعملون الكشف على المريض، والتأكد من مرضه، بالأسباب الحسية والمعقولة، وقد صح عن النبي ﷺ أنه قال:,އަދިވެސް މުސްލިމުންގެ މައްޗަށް ވާޖިބުވެގެންވަނީ: އެކަމާމެދު ހުށިޔާރުވެ ސަމާލުވެ، އެފަދަ ކަންކަން ކުރުން ދޫކޮށްލުމަށް އެއްބަޔަކު އަނެއްބަޔަކަށް ވަޞިއްޔަތްކޮށް، ﷲ ސުބްޙާނަހޫ ވަތަޢާލާއަށް ބަރޯސާވެ، އަދި ހުރިހާ ކަމެއްގައި އެކަލާނގެއަށް ވަކީލުކުރުމެވެ. އަދި ޝަރުޢީ ރުޤްޔާތަކާއި، ހުއްދަ ފަރުވާތަކާއި، އަދި ޙިއްސީ ހަމަޖެހޭ ސަބަބުތަކުން ބަލިމީހާގެ ޙާލަތު ޗެކުކޮށް، އޭނާގެ ބަލި ބަލާ ދެނެގަންނަ ޑޮކްޓަރުންގެ ގާތުން ފަރުވާ ހޯދުން އެއީ މައްސަލައެއް ނޫނެވެ. ނަބިއްޔާ ﷺ ޙަދީޘްކުރެއްވިކަމަށް ޞައްޙަވެގެންވެއެވެ:
«مَا أَنْزَلَ اللهُ دَاءً إِلَّا أَنْزَلَ لَهُ شِفَاءً، عَلِمَهُ مَنْ علِمه، وَجَهِلَهُ مَنْ جَهِلَهُ».,"""އެ ބައްޔަކަށް ޝިފާއެއް ނުވާ ގޮތަށް ﷲ އެއްވެސް ބައްޔެއް ބާވައިނުލައްވަތެވެ. އެ ޝިފާ އެނގުނު މީހަކަށް އެނގުނީއެވެ. ނޭނގުނު މީހަކަށް ނޭނގުނީއެވެ."""
وقال ﷺ:,އަދިވެސް އެކަލޭގެފާނު ﷺ ޙަދީޘް ކުރެއްވިއެވެ:
«لِكُلِّ دَاءٍ دَوَاءٌ، فإِذَا أُصِيبَ دَوَاءٌ الدَّاءَ بََرَأَ بِإِذْنِ اللهِ».,"""ކޮންމެ ބައްޔަކަށް ބޭސްފަރުވާވެއެވެ. ދެންފަހެ އެ ބައްޔެއްގެ ފަރުވާއާ ދިމާވެއްޖެނަމަ ﷲ ގެ އިޛްނަފުޅާއެކު ބަލި ފަސޭހަވެއެވެ."""
وقال ﷺ:,އަދިވެސް އެކަލޭގެފާނު ﷺ ޙަދީޘް ކުރެއްވިއެވެ:
«عِبَادَ اللهِ، تَدَاوَوا وَلَا تَدَاوَوا بِحَرَامٍ».,"""ﷲ ގެ އަޅުތަކުންނޭވެ! ތިޔަބައިމީހުން ބޭސް ފަރުވާ ކުރާށެވެ. އަދި ޙަރާމް އެއްޗަކުން ފަރުވާ ނުކުރާށެވެ."""
والأحاديث في هذا المعنى كثيرة.,މި މާނައިގައިވާ ޙަދީޘްތައް ގިނަވެގެންވެއެވެ.
فنسأل الله جل جلاله أن يصلح أحوال المسلمين جميعًا، ويشفي قلوبهم وأبدانهم من كل سوء، ويجمعهم على الهدى، ويعيذنا وإياهم من مضلات الفتن، ومن طاعة الشيطان وأوليائه، إنه على كل شيء قدير، ولا حول ولا قوة إلا بالله العلي العظيم.,ފަހެ އަހަރުމެން ﷲ -ޖައްލަ ޖަލާލުހޫ- ގެ ޙަޟްރަތުން އެދި ދަންނަވަނީ: ހުރިހާ މުސްލިމުންގެ ޙާލަތު ރަނގަޅުކޮށްދެއްވާ، އެމީހުންގެ ހިތްތަކާއި ހަށިތައް ކޮންމެ ނުބައިކަމަކުން ޝިފާދެއްވާ، ތެދުމަގުގެ މައްޗަށް އެމީހުން ޖަމަޢަކުރައްވާ، މަގުފުރައްދަނިވި ފިތުނަތަކުންނާއި، ޝައިޠާނާއާއި އޭނާގެ އެކުވެރި އެހީތެރިންނަށް ކިޔަމަންވުމުން އަހަރުމެންނާއި އެމީހުން ރައްކާތެރިކޮށްދެއްވުމަށެވެ. ހަމަކަށަވަރުން އެކަލާނގެ ކޮންމެ ކަމެއްގެ މައްޗަށް ކުޅަދުންވަންތަވެގެންވެއެވެ. އަދި އެއްވެސް އާރަކާއި ބާރެއް، މަތިވެރިވަންތަ، މާތްވަންތަ ﷲ ގެ ޙަޟްރަތުން މެނުވީ ނުވެއެވެ.
وصلى الله وسلم وبارك على عبده ورسوله نبينا محمد وآله وصحبه.,"ﷲ އެކަލާނގެ އަޅާ އަދި ރަސޫލާކަމުގައިވާ، އަހަރުމެންގެ ނަބިއްޔާ މުޙައްމަދުގެފާނަށާއި، އެކަލޭގެފާނުގެ އާލުންނާއި އަޞްޙާބުންނަށް ޞަލަވާތާއި ސަލާމާއި ބަރަކާތް ލައްވާށިއެވެ.
 وصلى الله وسلم وبارك على عبده ورسوله نبينا محمد وآله وصحبه."
الرسالة الرابعة:,ހަތަރުވަނަ ރިސާލާ:
في حُكْمِ التَّعَبُّدِ بِالْأَوْرَادِ الْبِدْعِيَّةِ وَالشِّرْكِيَّةِ,ބިދުޢަވެރި އަދި ޝިރުކީ ވިރުދުތަކުން އަޅުކަންކުރުމުގެ ޙުކުމާމެދު
مِن عبد العزيز بن عبد الله بن باز إلى حضرة الأخ المكرَّم (.........)، وفَّقه الله لكل خير، آمين.,ޢަބްދުލް ޢަޒީޒު ބްނު ޢަބްދު ﷲ ބްނު ބާޒުގެ ފަރާތުން، އިޙްތިރާމް ލިބިގެންވާ އަޚު (......) އަށް، ﷲ އޭނާއަށް ކޮންމެ ހެވަކަށް ތައުފީޤުދެއްވާށި. އާމީން.
سلام عليكم ورحمة الله وبركاته.,ތިޔަބައިމީހުންގެ މައްޗަށް ސަލާމް ހުއްޓެވެ. އަދި ﷲ ގެ ރަޙްމަތާއި އެކަލާނގެ ބަރަކާތް ހުއްޓެވެ.
أَمَّا بَعْدُ: فقد وصل إليَّ كتابكم الكريم، وَصلكم الله بهداه، وما تضمنه من الإفادة أنه يوجد في بلادكم أناس متمسكون بأوراد ما أنزل الله بها من سلطان، منها ما هو بدعي، ومنها ما هو شركي، ويَنسبون ذلك إلى أمير المؤمنين: علي بن أبي طالب رضي الله عنه وغيره،,އެއަށްފަހު ދަންނައެވެ: ތިޔަބައިމީހުންގެ ޤަދަރުވެރި ސިޓީ އަހަރެންނަށް ފޯރައިފިއެވެ. -ﷲ އެކަލާނގެ ހިދާޔަތް ތިޔަބައިމީހުންނަށް ފޯރުކޮށްދެއްވާށިއެވެ- އަދި ތިޔަބައިީހުންގެ ރަށުގައި، ﷲ އެއަށް އެއްވެސް ޙުއްޖަތެއް ބާވައިލައްވާފައި ނުވާ ވިރުދުތަކެއްގައި ހިފަހައްޓައިގެން ތިބި ބަޔަކު ވާކަމަށް ދިން މަޢުލޫމާތުވެސް ފޯރައިފިއެވެ. އެ ވިރުދުތަކުގެ ތެރޭގައި ބިދުޢީ ތަކެއްޗާއި، އަދި އޭގެ ތެރޭގައި ޝިރުކީ ތަކެތިވެސް ވާކަމަށެވެ. އަދި އެމީހުން އެތަކެތި ނިސްބަތްކުރަނީ އަމީރުލް މުއުމިނީން: ޢަލީ ބްނު އަބީ ޠާލިބު رضي الله عنه އާއި އެހެން ބޭކަލުންނަށް ކަމުގައިއެވެ.
ويقرءون تلك الأوراد في مجالس الذكر، أو في المساجد بعد صلاة المغرب، زاعمين أنها قُربة إلى الله، كقولهم: بحق الله، رجالَ الله، أعينونا بعون الله، وكونوا عوننا بالله.,"އަދި ޛިކުރުގެ މަޖްލީސްތަކުގައި، ނުވަތަ މިސްކިތްތަކުގައި މަޣުރިބު ނަމާދަށް ފަހުގައި އެމީހުން އެތަކެތި ކިޔަވާ ކަމުގައިއެވެ. އެއީ ﷲ އަށް ކުއްތަންވުމަށް ކުރެވޭ ކަމެއްކަމަށް ދަޢުވާކޮށްގެންނެވެ. އެއީ އެމީހުން ކިޔާ މިފަދަ ބަސްތަކެވެ: ""ﷲ ގެ ޙައްޤުފުޅުން، ﷲ ގެ މީހުންނޭވެ! ﷲ ގެ އެހީއިން އަހަރުމެންނަށް އެހީވާށެވެ. އަދި ﷲ ގެ ޙަޟްރަތުން އަހަރުމެންގެ އެހީތެރިން ކަމުގައިވާށެވެ."""
وكقولهم: يا أقطاب، ويا أسياد، أجيبوا يا ذوي الأمداد فينا، واشفعوا لله، هذا عبدكم واقف، وعلى بابكم عاكف، ومن تقصيره خائف، أغثنا يا رسول الله، وما لي غيركم أذهب، ومنكم يحصل المَطلب، وأنتم أهل الله، بحمزة سيد الشهداء، ومَن منكم لنا مددًا، أغثنا يا رسول الله.,"އަދި އެމީހުން ކިޔާ މިފަދަ ބަސްތަކެވެ: ""އޭ ޤުޠުބުންނޭވެ! އޭ ސާހިބުންނޭވެ! އަހަރުމެންގެ ތެރޭގައި މަދަދަށް ބޭނުންވާ މީހުންނަށް އިޖާބަދެއްވާށެވެ! އަދި ﷲ ގެ ޙަޟްރަތުގައި ޝަފާޢަތްތެރިވާށެވެ. ތިޔަބޭފުޅުންގެ އަޅާ މިހުރީ ކޮޅަށެވެ. ތިޔަބޭފުޅުންގެ ދޮރާށިދޮށުގައި އިޢުތިކާފަށެވެ. އަދި ފަރުވާކުޑަކުރެވުނުކަމަށް ބިރުވެތިވެގެންނެވެ. އޭ ﷲ ގެ ރަސޫލާއެވެ! އަޅަމެންނަށް ވާގިދެއްވާށެވެ! ތިޔަބޭފުޅުން ފިޔަވައި އަހަރެން ދާނޭ އެހެން ތަނެއް ނެތެވެ. އަދި ބޭނުންވާ ކަންތައް ޙާޞިލުވާނީ ހަމައެކަނި ތިޔަ ބޭފުޅުންގެ އަރިހުންނެވެ! ތިޔައީ ﷲ ގެ އަހުލުންނެވެ. ޝަހީދުންގެ ސާހިބާ ޙަމްޒާގެ ކިބައިން، އަދިވެސް ތިޔަބޭފުޅުންގެ ތެރެއިން އަހަރުމެންނަށް ހުރި މަދަދެއްކަމުގައި ވާނޭ ބޭކަލުންގެ ކިބައިންނެވެ. އޭ ﷲ ގެ ރަސޫލާއެވެ! އަޅަމެންނަށް ވާގިދެއްވާށެވެ."""
وكقولهم: اللهم صل على من جعلته سببًا لانشقاق أسرارك الجبروتية وانفلاقًا لأنوارك الرحمانية، فصار نائبًا عن الحضرة الربانية، وخليفة أسرارك الذاتية.,"އަދިވެސް އެމީހުން ކިޔާ މިބަސް ފަދައިންނެވެ: ""އޭ ﷲ އެވެ! އިބައިލާހުގެ ޖަބަރޫތީ ސިއްރުތައް ފަޅައިގެން ދިޔުމަށް، އަދި އިބައިލާހުގެ ރަޙުމާނީ ނޫރުތައް ފަޅައިގެން ދިޔުމަށް ސަބަބެއްކަމުގައި އިބަ އިލާހު ލައްވާ، ދެން އިބައިލާހުގެ ރައްބާނީ ޙަޟްރަތުންވާ ނައިބެއްކަމުގައި، އަދި އިބައިލާހުގެ ޒާތީ ސިއްރުފުޅުތަކުގެ ޚަލީފާއެއްކަމުގައި ލެއްވި ފަރާތަށް ޞަލަވާތް ލައްވާށިއެވެ."""
ورغبتكم في بيان ما هو بدعة، وما هو شرك، وهل تصح الصلاة خلف الإمام الذي يدعوا بهذا الدعاء، كل ذلك كان معلومًا؟.,އަދި އެއާއެކު، ބިދުޢައަކީ ކޮބައިކަމާއި، ޝިރުކަކީ ކޮބައިކަމާއި، އެ ހުރިހާ ކަމެއް އެނގޭ ޙާލު، މި ދުޢާކުރާ އިމާމެއްގެ ފަހަތުގައި ކުރާ ނަމާދު ޞައްޙަވެގެންތޯ ބަޔާންވެގެންވުމަށް ތިޔަބައިމީހުން އެދޭކަމަށްވެސް އޭގައިވެއެވެ.
والجواب: الحمد لله وحده، والصلاة والسلام على من لا نبي بعده، وعلى آله وصحبه، ومن اهتدى بهداه إلى يوم الدين.,ޖަވާބުގައި ބުނަމެވެ: ޙަމްދުހުރީ ހަމައެކަނި ﷲ އަށެވެ. އަދި ޞަލަވާތާއި ސަލާމްހުރީ އެކަލޭގެފާނަށް ފަހު ނަބިއްޔެއް ނުވާ ކަލޭގެފާނަށެވެ. އަދި އެކަލޭގެފާނުގެ އާލުންނާއި، އަޞްޙާބުންނާއި، ޤިޔާމަތްދުވަހާ ހަމައަށް އެކަލޭގެފާނުގެ ތެދުމަގުން ހިދާޔަތް ލިބިގަތްހާ ބަޔަކަށްވެސްމެއެވެ.
أَمَّا بَعْدُ: فاعلم ـ وفقك الله ـ أن الله سبحانه إنما خلق الخلق وأرسل الرسل عليهم الصلاة والسلام ليُعبد وحده لَا شريك له، دون كل ما سواه، كما قال تعالى:,އެއަށްފަހު ބުނަމެވެ: ދަންނާށެވެ! -ﷲ ތިބާއަށް ތައުފީޤުދެއްވާށިއެވެ- ﷲ ސުބްޙާނަހޫ ޚަލްޤުތަކުން އުފައްދަވާ، ރަސޫލުން عليهم الصلاة والسلام ފޮނުއްވީ އެކަލާނގެއަށް ޝަރީކަކު ނުލައި، އެކަލާނގެ ފިޔަވައި އެހެން ފަރާތްތައް ދޫކޮށް، ހަމައެކަނި އެކަލާނގެއަށް އަޅުކަންކުރެވިގެން ވުމަށެވެ. އެއީ ﷲ ތަޢާލާ ވަޙީކުރެއްވި ފަދައިންނެވެ:
﴿وَمَا خَلَقْتُ الْجِنَّ وَالْإِنْسَ إِلَّا لِيَعْبُدُونِ56﴾,(ތިމަން އިލާހަށް (އެއްކައުވަންތަކޮށް) އަޅުކަންކުރުމަށް މެނުވީ، ތިމަން އިލާހު ޖިންނީންނާއި، އިންސީން ނަހައްދަވަމެވެ.)
[الذاريات: 56].,[އައްޛާރިޔާތު: 56]
والعبادة -كما سبق بيانها- هي: طاعته سبحانه وطاعة رسوله محمد ﷺ؛ بفعل ما أمر الله به ورسوله، وترك ما نهى الله ورسوله عنه، عن إيمان بالله ورسوله، وإخلاص لله في العمل، مع غاية الحب لله، وكمال الذل له وحده تعالى دون سواه؛ كما قال تعالى:,އަޅުކަމަކީ -އިސްވެ ބަޔާންވި ފަދައިން-: އެކަލާނގެއަށް ކިޔަމަންވުމާއި، އެކަލާނގެ ރަސޫލާ މުޙައްމަދު ﷺ އަށް ކިޔަމަންވުމެވެ. އެއީ ﷲ އާއި އެކަލާނގެ ރަސޫލާ އަމުރުކުރެއްވި ކަންކަން ކޮށް، އަދި ﷲ އާއި އެކަލާނގެ ރަސޫލާ ނަހީކުރެއްވި ކަންކަން ދޫކޮށްލައިގެންނެވެ. އަދި ﷲ އާއި އެކަލާނގެ ރަސޫލާއަށް އީމާންވެގެން، އަދި ޢަމަލުކުރުމުގައި ﷲ އަށް އިޚްލާޞްތެރިވެގެންނެވެ. އެއީ ﷲ ދެކެ އިންތިހާއަށް ލޯބިވުމާއި، އެހެން ހުރިހާ ފަރާތްތައް ދޫކޮށް އެކަލާނގެއަށް އިންތިހާއަށް ނިކަމެތިވެގެންވުމާ އެކުގައިއެވެ. ﷲ ތަޢާލާ ވަޙީކުރެއްވި ގޮތަށެވެ:
﴿وَقَضَى رَبُّكَ أَلَّا تَعْبُدُوا إِلَّا إِيَّاهُ...﴾,(އެކަލާނގެއަށް މެނުވީ، ތިޔަބައިމީހުން އަޅުކަން ނުކުޅައުމަށް ކަލޭގެފާނުގެ ވެރި ރައްބު ނިޔާ ކަނޑައަޅުއްވާ އެންގެވިއެވެ...)
[الإسراء: 23],[އަލްއިސްރާއު: 23]
أي: أمر وأوصى بأن يُعبد وحده،,އެބަހީ: އެކަލާނގެއަށް އެކަނި އަޅުކަންކުރުމަށް އެކަލާނގެ އަމުރުކުރައްވާ ވަޞިއްޔަތް ކުރެއްވިއެވެ.
وقال تعالى:,އަދިވެސް ﷲ ތަޢާލާ ވަޙީކުރެއްވިއެވެ:
﴿الْحَمْدُ لِلَّهِ رَبِّ الْعَالَمِينَ2,(ޙަމްދުހުރީ ޢާލަމްތަކުގެ ވެރި ރައްބު، ﷲ އަށެވެ.
الرَّحْمَنِ الرَّحِيمِ3,ރަޙްމާނުވަންތަ ރަޙީމްވަންތަ (ނުހަނު ރަޙުމްކުރެއްވުން ބޮޑުވެގެންވާ) އިލާހެވެ.
مَالِكِ يَوْمِ الدِّينِ4,ޤިޔާމަތްދުވަހުގެ ވެރި ރަސްކަލާނގެއެވެ.
إِيَّاكَ نَعْبُدُ وَإِيَّاكَ نَسْتَعِينُ5﴾,އަޅަމެން އަޅުކަންކުރަނީ ހަމައެކަނި އިބައިލާހަށެވެ. އަދި އަޅަމެން ވާގި އެދެނީވެސް ހަމައެކަނި އިބައިލާހުގެ ޙަޟްރަތުންނެވެ.)
[الفاتحة: 2-5]،,[އަލްފާތިޙާ: 2-5]
فأبان الله سبحانه وتعالى بهذه الآيات: أنه هو المستحق لأن يُعبد وحده، ويُستعان به وحده. وقال جل جلاله:,ފަހެ ﷲ ސުބްޙާނަހޫ ވަތަޢާލާ މި އާޔަތްތަކުން ބަޔާންކުރެއްވީ: ހަމައެކަނި އަޅުކަންކުރެވުމަށް، އަދި ހަމައެކަނި އެހީއަށް އެދެވިގެންވުމަށް ޙައްޤުވެގެންވާ ފަރާތަކީ އެކަލާނގެ ކަމުގައިއެވެ. އަދިވެސް އެކަލާނގެ -ޖައްލަ ޖަލާލުހޫ- ވަޙީކުރެއްވިއެވެ:
﴿إِنَّآ أَنزَلۡنَآ إِلَيۡكَ ٱلۡكِتَٰبَ بِٱلۡحَقِّ فَٱعۡبُدِ ٱللَّهَ مُخۡلِصٗا لَّهُ ٱلدِّينَ2,(ހަމަކަށަވަރުން ތިމަން އިލާހު ކަލޭގެފާނުގެ މައްޗަށް ފޮތް ބާވައިލެއްވީ ޙައްޤު ގޮތުގައިއެވެ. ފަހެ ﷲ އަށް ދީން ޚާލިސްކުރާ ހާލު، ކަލޭގެފާނު އެ އިލާހަށް އަޅުކަން ކުރައްވާށެވެ.
أَلَا لِلَّهِ ٱلدِّينُ ٱلۡخَالِصُۚ...﴾,ދަންނާށެވެ! ޚާލިޞްވެގެންވާ ދީންވަނީ ﷲ އަށެވެ...)
[الزُّمَر: 2- 3]،,[އައްޒުމަރު: 2-3]
وقال تعالى:,އަދިވެސް އެކަލާނގެ ވަޙީކުރެއްވިއެވެ:
﴿فَادْعُوا اللَّهَ مُخْلِصِينَ لَهُ الدِّينَ وَلَوْ كَرِهَ الْكَافِرُونَ14﴾,(ފަހެ، ތިޔަބައިމީހުން ދީން ޚާލިޞްކުރާ ޙާލު ﷲ އަށް ދުޢާކުރާށެވެ. ކާފަރުން ކިތަންމެ ނުރުހުނުކަމުގައި ވިޔަސްމެއެވެ.)
[غافر: 14]،,[ޣާފިރު: 14]
وقال تعالى:,އަދިވެސް އެކަލާނގެ ވަޙީކުރެއްވިއެވެ:
﴿وَأَنَّ الْمَسَاجِدَ لِلَّهِ فَلَا تَدْعُوا مَعَ اللَّهِ أَحَدًا18﴾,(އަދި މިސްކިތްތައް ވަނީ اللَّه އަށެވެ. ފަހެ، ތިޔަބައިމީހުން اللَّه އާއެކު އެހެން އެއްވެސް ފަރާތަކަށް ދުޢާ ނުކުރާހުށިކަމެވެ!)
[الجن: 18]،,[އަލްޖިންނު: 18]
والآيات في هذا المعنى كثيرة، وكلها تدل على وجوب إفراد الله بالعبادة.,މި މާނައިގައިވާ އާޔަތްތައް ގިނަވެގެންވެއެވެ. އެ ހުރިހާ އާޔަތްތައްވެސް ދަލީލުކުރަނީ އަޅުކަމުގައި ﷲ އެއްކައުވަންތަކުރުން ވާޖިބުވެގެންވާކަމަށެވެ.
ومعلوم أن الدعاء بأنواعه من العبادة، فلا يجوز لأحد من الناس أن يدعو إِلَّا ربَّه، ولا يستعين ولا يستغيث إلا به، عملًا بهذه الآيات الكريمة، وما جاء في معناها.,އެނގިގެންވާކަމަކީ: ދުޢާގެ ހުރިހާ ވައްތަރެއްވަނީ އަޅުކަމުގެ ތެރެއިންކަމެވެ. އެހެންކަމުން މީސްތަކުންގެ ތެރެއިން އެކަކުވެސް، އޭނާގެ ވެރި ރައްބަށް މެނުވީ ދުޢާކުރުން، އަދި އެކަލާނގެ ޙަޟްރަތުން މެނުވީ ވާތްގާއި އެހީތެރިކަމަށް އެދުން ހުއްދަވެގެން ނުވެއެވެ. އެއީ މި މާތްވެގެންވާ އާޔަތްތަކާއި، މި މާނައިގައި އައިސްފައިވާ އާޔަތްތަކަށް ޢަމަލުކުރުމުގެ ގޮތުންނެވެ.
وهذا فيما عدا الأمور العادية، والأسباب الحسية، التي يَقدر عليها المخلوق الحي الحاضر، فإن تلك ليست من العبادة، بل يجوز بالنص والإجماع أن يستعين الإنسان بالإنسان الحي القادر، في الأمور العادية التي يقدر عليها؛ كأن يستعين به أو يستغيث به في دفع شر ولده أو خادمه أو كلبه وما أشبه ذلك،,މިއީ ޙާޟިރުވެ ދިރިހުރި މަޚްލޫޤެއް، އެކަންކަމަށް ކުޅަދާނަވެގެންވާ ޢާދައިގެ ކަންކަމާއި، ޙިއްސީ ސަބަބުތައް ފިޔަވައިއެވެ. ފަހެ އެ ކަންކަމަކީ އަޅުކަމުގެ ތެރޭގައިވާ ކަންކަމެއް ނޫނެވެ. ކިއެއްތަ، އިންސާނާއަށް ކުޅަދާނަވެގެންވާ އާދައިގެ ކަންކަމުގައި، ކުޅަދާނަކަންހުރި ދިރިހުރި އިންސާނެއްގެ ކިބައިން އެހެން އިންސާނަކު އެހީހޯދުން ނައްޞުންނާއި އިޖްމާޢުން ހުއްދަވެގެންވެއެވެ. މިސާލަކަށް: މީހާގެ ދަރިން ނުވަތަ ޚާދިމުގެ ނުވަތަ ކުއްތާގެ ނުވަތަ އެއާ ވައްތަރު އެއްޗެއްގެ ނުބައިކަން ދުރުކުރަންވެގެން އެހެން މީހެއްގެ ކިބައިން އެހީއަށް ނުވަތަ ވާތްގަށް އެދުމެވެ.
وكأن يستعين الإنسان بالإنسان الحي الحاضر القادر، أو الغائب، بواسطة الأسباب الحسية كالمكاتبة ونحوها في بناء بيته، أو إصلاح سيارته، أو ما أشبه ذلك،,އަދި މިސާލަކަށް، ކުޅަދާނަކަންހުރި ދިރިހުރި ޙާޟިރުވެހުރި އިންސާނެއް، ނުވަތަ ޙާޟިރުވެ ނެތް މީހެއްގެ ކިބައިންވެސް ސިޓީބިޓީ ލިޔުންފަދަ ޙިއްސީ ސަބަބުތަކެއް މެދުވެރިކޮށްގެން؛ އޭނާގެ ގެ ބިނާކުރުމުގައި، ނުވަތަ ކާރު މަރާމާތުކުރުމުގައި، ނުވަތަ އެއާ އެއްފަދަ ކަންކަމުގައި އެހީއަށް އެދުމެވެ.
ومن ذلك: استغاثة الإنسان بأصحابه في الجهاد والحرب، ونحو ذلك.,އަދިވެސް އޭގެ ތެރޭގައި: ޖިހާދުގައާއި، ހަނގުރާމަކުރުމާއި އެފަދަ ކަންކަމުގައި އިންސާނާ އޭނާގެ އެކުވެރިންގެ ކިބައިން ވާގިހޯދުންވެއެވެ.
ومن هذا الباب قول الله تعالى في قصة موسى عليه الصلاة والسلام:,އަދިވެސް މި ބާބުގެ ތެރޭގައި: މޫސާ عليه الصلاة والسلام ގެ ވާހަކައިގައި ﷲ ތަޢާލާ ވަޙީކުރެއްވި ބަސްފުޅުވެއެވެ:
﴿...فَاسْتَغَاثَهُ الَّذِي مِنْ شِيعَتِهِ عَلَى الَّذِي مِنْ عَدُوِّهِ...﴾,(....ފަހެ އެކަލޭގެފާނުގެ އަދުއްވުންގެ ތެރެއިންވާ މީހާއާ ދެކޮޅަށް އެކަލޭގެފާނުގެ ބައިގެ މީހާއަށް ވާގިދެއްވުން އެދި އެކަލޭގެފާނަށް އޭނާ ގޮވައިލިއެވެ...)
[القصص: 15].,[އަލްޤަޞަޞް: 15]
فَأَمَّا الاستغاثة بالأموات، والجن والملائكة، والأشجار والأحجار: فذلك من الشرك الأكبر، وهو من جنس عمل المشركين الأولين مع آلهتهم؛ كالعزى واللات وغيرهما، وهكذا الاستغاثة والاستعانة بمن يعتقد فيهم الولاية من الأحياء فيما لا يقدر عليه إلا الله؛ كشفاء المرضى، وهداية القلوب، ودخول الجنة، والنجاة من النار، وأشباه ذلك.,ދެންފަހެ މައްޔިތުންނާއި، ޖިންނީންނާއި، މަލާއިކަތުންނާއި، ގަސްގަހާގެއްސާއި، ހިލަހިލައިން ވާތްގަށް އެދުން ދަންނައެވެ! އެކަންވަނީ ބޮޑު ޝިރުކުގެ ތެރެއިންނެވެ. އަދި އެއީ އިހުގެ މުޝްރިކުން އެމީހުންގެ އިލާހުންކަމުގައިވާ: އަލްޢުއްޒާއާއި އައްލާތުއާއި އެހެން ފަރާތްތަކާމެދު ކުރި ކަންތަކުގެ ޖިންސުގެ ކަމެކެވެ. އެފަދައިންމެ، ﷲ މެނުވީ އެކަމަކަށް ކުޅަދުންވަންތަވެގެން ނުވާ ކަންކަމުގައި، ދިރިހުރި މީހުންގެ ތެރެއިން ވަލިއްޔުންކަމުގައި އެމީހުންނާމެދު އިޢުތިޤާދުކުރެވޭ މީހުންގެ ފުށުން ވާތްގާއި އެހީއަށް އެދުންވެސް މީގައި ހިމެނެއެވެ. މިސާލަކަށް: ބަލިމީހުންނަށް ޝިފާދެއްވުމަށާއި، ހިތްތަކަށް ހިދާޔަތް ދެއްކެވުމާއި، ސުވަރުގެ ވެއްދެވުމާއި، ނަރަަކައިން ނަޖާކުރެއްވުމާއި އެއާ ވައްތަރު ކަންކަމެވެ.
والآيات السابقات وما جاء في معناها من الآيات والأحاديث: كلها تدل على وجوب توجيه القلوب إلى الله في جميع الأمور، وإخلاص العبادة لله وحده؛ لأن العباد خُلقوا لذلك، وبه أُمروا -كما سبق في الآيات-، وكما في قوله سبحانه:,އިސްވެދިޔަ އާޔަތްތަކާއި، އަދި އެ މާނައިގައި އައިސްފައިވާ ހުރިހާ އާޔަތްތަކާއި ޙަދީޘްތަކުން ދަލީލުކުރަނީ: ހުރިހާ ކަމެއްގައި ހިތްތައް ﷲ އަށް ކުރިމަތިކުރުވުމާއި، ހަމައެކަނި ﷲ އަށް އަޅުކަން ޚާލިޞްކުރުން ވާޖިބުވެގެންވުމުގެ މައްޗަށެވެ. އެހެނީ އަޅުތަކުން އުފެއްދެވުނީ އެކަމަށެވެ. އަދި -އިސްވެދިޔަ އާޔަތްތަކުގައި ދިޔަ ގޮތަށް- އެމީހުންނަށް އަމުރުކުރެވުނީވެސް އެކަމަށެވެ. އެއީ އެކަލާނގެ ސުބްޙާނަހޫގެ މި ބަސްފުޅުގައިވާ ގޮތަށެވެ:
﴿وَاعْبُدُوا اللَّهَ وَلَا تُشْرِكُوا بِهِ شَيْئًا...﴾,(...އަދި ތިޔަބައިމީހުން ﷲ އަށް އަޅުކަންކުރާށެވެ. އަދި އެކަލާނގެއާ އެއްވެސް އެއްޗެއް ޝަރީކު ނުކުރާށެވެ...)
[النساء: 36]،,[އައްނިސާއު: 36].
وقوله سبحانه:,އަދި އެކަލާނގެ ސުބްޙާނަހޫ ގެ މިބަސްފުޅެވެ:
﴿وَمَا أُمِرُوا إِلَّا لِيَعْبُدُوا اللَّهَ مُخْلِصِينَ لَهُ الدِّينَ...﴾,(އަދި ބާޠިލު މަގުން އެއްކިބާވެ ތިބެ، اللَّه އަށް އަޅުކަން ޚާލިޞްކުރާ ޙާލު އެކަލާނގެއަށް އަޅުކަންކުރުމަށް މެނުވީ އެއުރެންނަށް އަމުރުކުރެވިގެން ނުވެތެވެ...)
[البينة: 5]،,[އަލްބައްޔިނާ: 5]
وقول النبي ﷺ في حديث معاذ رضي الله عنه:,އަދި މުޢާޛު رضي الله عنه ގެ ޙަދީޘްގައި ނަބިއްޔާ ﷺ ޙަދީޘްކުރެއްވި ބަސްފުޅުގައިވާ ގޮތަށެވެ:
«حَقُّ اللهِ عَلَى العِبَادِ أَنْ يَعْبُدُوهُ وَلَا يُشْرِكُوا بِهِ شَيْئًا».,"""އަޅުތަކުންގެ މައްޗަށްވާ ﷲ ގެ ޙައްޤުފުޅަކީ: އެމީހުން އެކަލާނގެއަށް އަޅުކަންކޮށް، އަދި އެއްވެސް އެއްޗެއް އެކަލާނގެއާ ޝަރީކުކޮށް ބައިވެރި ނުކުރުމެވެ."""
متفق على صحته،,އޭގެ ޞައްޙަކަމާމެދު އެއްބަސްވެވިގެންވާ ޙަދީޘެކެވެ. (ބުޚާރީއާއި މުސްލިމް ނެރުއްވާ އެއްބަސްވެވިފައިވާ ޙަދީޘެކެވެ.)
وقوله ﷺ في حديث ابن مسعود رضي الله عنه:,އަދި އިބްނު މަސްޢޫދު رضي الله عنه ގެ ޙަދީޘްގައި، އެކަލޭގެފާނު ﷺ ޙަދީޘްކުރެއްވި ބަސްފުޅެވެ:
«مَنْ مَاتَ وَهُوَ يَدْعُو لِلهِ نِدًّا؛ دَخَلَ النَّارَ».,"""ﷲ އަށް ޝަރީކަކު ވާކަމަށް ދަޢުވާކުރާ ޙާލުހުރެ މަރުވެއްޖެ މީހާ ވަންނަހުށީ ނަރަކައަށެވެ."""
رواه البخاري.,ރިވާކުރެއްވީ އަލްބުޚާރީއެވެ.
وفي الصحيحين من حديث ابن عباس رضي الله عنهما أن النبي ﷺ لَمَّا بعث معاذًا إلى اليمن قال له:,އަދި ދެ ޞަޙީޙުގައި، އިބްނު ޢައްބާސް رضي الله عنهما ގެ ޙަދީޘްގައިވެއެވެ. ނަބިއްޔާ ﷺ، މުޢާޛުގެފާނު ޔަމަނަށް ފޮނުއްވިހިނދު އެކަލޭގެފާނަށް ޙަދީޘްކުރެއްވިއެވެ:
«إِنَّكَ تَأْتِي قَومًا أَهْلَ كِتَابٍ، فَلْيَكُنْ أَوَّلَ مَا تَدْعُوهُم إِلَيهِ شَهَادَةِ أَنْ لَا إِلهَ إِلَّا اللهُ».,"""ހަމަކަށަވަރުން ތިބާ ތިޔަ ދަނީ ފޮތުގެ އަހުލުވެރި ބައެއްގެ ގާތަށެވެ. ފަހެ ތިބާ އެމީހުންނަށް ގޮވާލާ ފުރަތަމަ ކަމެއްކަމުގައި: ﷲ ފިޔަވައި ޙައްޤުވެގެން އަޅުކަންވެވޭ އެހެން އެއްވެސް އިލާހަކު ނުވާކަމަށް ހެކިވުންކަމުގައި ހަދާހުށިކަމެވެ."""
وفي لفظ:,އަދި އެހެން ލަފްޡެއްގައި ވެއެވެ:
«اُدْعُهُمْ إِلَى شَهَادَةِ أَنْ لَا إِلهَ إِلَّا اللهُ وَأَنِّي رَسُولُ اللهِ».,"""ﷲ ފިޔަވައި ޙައްޤުވެގެން އަޅުކަންވެވޭ އިލާހަކު ނުވާކަމަށާއި، ތިމަންކަލޭގެފާނީ ﷲ ގެ ރަސޫލާކަމަށް ހެކިވުމަށް ތިބާ އެމީހުންނަށް ގޮވާލާށެވެ."""
وفي رواية للبخاري:,އަދި ބުޚާރީގައިވާ އެހެން ރިވާޔަތެއްގައިވެއެވެ:
«فَلْيَكُنْ أَوَّلَ مَا تَدْعُوهُم إِلَى أَنْ يُوَحِّدُوا اللهَ».,"""ފަހެ ތިބާ އެމީހުންނަށް ގޮވާލާ އެންމެ ފުރަތަމަ ކަމެއްގެ ގޮތުގައި އެމީހުން ﷲ އެއްކައުވަންތަ ކުރުންކަމުގައި ހަދާހުށިކަމެވެ."""
وفي صحيح مسلم عن طارق بن أشيم الأشجعي رضي الله عنه أن النبي ﷺ قال:,އަދި ޞަޙީޙު މުސްލިމްގައި، ޠާރިޤު ބްނު އަޝްޔަމު އަލްއަޝްޖަޢީ رضي الله عنه ގެ އަރިހުން، ނަބިއްޔާ ﷺ ޙަދީޘްކުރެއްވިކަމަށް ވެއެވެ:
«مَنْ قَالَ: لَا إِلهَ إِلَّا اللهُ، وَكَفَرَ بِمَا يُعْبَدُ مِن دُونِ اللهِ؛ حَرُمَ مَالُهُ وُدَمُهُ، وَحِسَابُهُ عَلَى اللهِ جَلَّ جَلَالُهُ».,"""لَا إِلهَ إِلَّا اللهُ ކިޔާ، އަދި ﷲ ފިޔަވައި އަޅުކަންވެވޭ ފަރާތްތަކަށް ކާފަރުވެއްޖެ މީހާ؛ އޭނާގެ މުދަލާއި ލޭ ޙަރާމްވެއްޖެއެވެ. އަދި އޭނާގެ ޙިސާބު ބެއްލެވުންވަނީ ﷲ -ޖައްލަ ޖަލާލުހޫ- އަށެވެ."""
والأحاديث في هذا المعنى كثيرة.,މި މާނައިގައިވާ ޙަދީޘްތައް ގިނަވެގެންވެއެވެ.
وهذا التوحيد هو أصل دين الإسلام، وهو أساس الملة، وهو رأس الأمر، وأهم الفرائض، وهو الحكمة في خلق الثقلين، والحكمة في إرسال الرسل جميعًا عليهم الصلاة والسلام، كما تقدمت الآيات الدالة على ذلك، ومنها: قوله سبحانه:,މި ތައުޙީދަކީ: އިސްލާމްދީނުގެ އަޞްލެވެ. އަދި މިއްލަތުގެ އަސާސެވެ. އަދި އެއީ އެންމެ އިސް ކަންތައް، އަދި އެންމެ މުހިއްމު ފަރުޟެވެ. އަދި އިންސީންނާއި ޖިންނީން އުފެއްދެވުމުގެ ޙިކުމަތެވެ. އަދި ރަސޫލުން ފޮނުއްވުމުގެ ޙިކުމަތްވެސްމެއެވެ. އެއީ އިސްވެދިޔަ އެކަމަށް ދަލީލުކުރާ އާޔަތްތަކުގައިވާ ގޮތަށެވެ. އޭގެ ތެރޭގައި: ﷲ ސުބްޙާނަހޫގެ މި ބަސްފުޅުވެއެވެ:
﴿وَمَا خَلَقْتُ الْجِنَّ وَالْإِنْسَ إِلَّا لِيَعْبُدُونِ56﴾,(ތިމަން އިލާހަށް (އެއްކައުވަންތަކޮށް) އަޅުކަންކުރުމަށް މެނުވީ، ތިމަން އިލާހު ޖިންނީންނާއި، އިންސީން ނަހައްދަވަމެވެ.)
[الذاريات: 56]،,[އައްޛާރިޔާތު: 56]
ومن الأدلة على ذلك ـ أيضًا ـ: قوله جل جلاله:,އަދިވެސް އެކަމަށްވާ ދަލީލުތަކުގެ ތެރޭގައި: އެކަލާނގެ -ޖައްލަ ޖަލާލުހޫ- ގެ މި ބަސްފުޅުވެއެވެ:
﴿وَلَقَدْ بَعَثْنَا فِي كُلِّ أُمَّةٍ رَسُولًا أَنِ اُعْبُدُوا اللَّهَ وَاجْتَنِبُوا الطَّاغُوتَ...﴾,(ހަމަކަށަވަރުން، ތިމަންއިލާހު ކޮންމެ އުއްމަތެއްގައި ރަސޫލަކު ފޮނުއްވީމެވެ. އެއީ، ތިޔަބައިމީހުން اللَّه އަށް އަޅުކަންކުރުމަށާއި، ޠާޣޫތުންނާ އެއްކިބާވުމަށް އެންގެވުމަށެވެ...)
[النحل: 36]،,[އައްނަޙްލު: 36]
وقوله سبحانه وتعالى:,އަދި އެކަލާނގެ ސުބްޙާނަހޫ ވަތަޢާލާގެ މިބަސްފުޅެވެ:
﴿وَمَا أَرْسَلْنَا مِنْ قَبْلِكَ مِنْ رَسُولٍ إِلَّا نُوحِي إِلَيْهِ أَنَّهُ لَا إِلَهَ إِلَّا أَنَا فَاعْبُدُونِ25﴾,(ހަމަކަށަވަރުން، ތިމަންއިލާހު މެނުވީ (ޙައްޤުވެގެން އަޅުކަންވެވޭ) އިލާހަކު ނުވާކަމަށް އެބޭކަލަކަށް ވަޙީނުކުރައްވާ އެއްވެސް ރަސޫލަކު، ކަލޭގެފާނުގެ ކުރިންވެސް ތިމަންއިލާހު ނުފޮނުއްވަމެވެ. ފަހެ، ތިޔަބައިމީހުން (ހަމައެކަނި) ތިމަންއިލާހަށް އަޅުކަން ކުރާށެވެ!)
[الأنبياء: 25].,[އަލްއަންބިޔާއު: 25]
وقال جل جلاله عن نوح وهود وصالح وشعيب عليهم الصلاة والسلام، أنهم قالوا لقومهم:,އަދި ނޫޙު، ހޫދު، ޞާލިޙު އަދި ޝުޢައިބު عليهم الصلاة والسلام، އެބޭކަލުންގެ ޤައުމަށް ވިދާޅުވިކަމަށް ﷲ -ޖައްލަ ޖަލާލުހޫ- ވަޙީކުރެއްވިއެވެ:
﴿...اعْبُدُوا اللَّهَ مَا لَكُمْ مِنْ إِلَهٍ غَيْرُهُ...﴾,(...ތިޔަބައިމީހުން ﷲ އަށް އަޅުކަންކުރާށެވެ. އެ އިލާހު ފިޔަވައި އެހެން އިލާހެއް ތިޔަބައިމީހުންނަކަށް ނުވެއެވެ..)
[الأعراف: 59]،,[އަލްއަޢުރާފު : 59]
وهذه دعوة الرسل جميعًا، كما دلت على ذلك الآيتان السابقتان، وقد اعترف أعداء الرسل بأن الرسل أمروهم بإفراد الله بالعبادة، وخلع الآلهة المعبودة من دونه، كما قال جل جلاله في قصة عاد، أنهم قالوا لهود عليه الصلاة والسلام:,އިސްވެދިޔަ ދެ އާޔަތުން އެކަމަށް ދަލީލުކުރި ފަދައިން މިއީ ހުރިހާ ރަސޫލުންގެ ދަޢުވަތެވެ. އަދި ރަސޫލުންގެ ޢަދުއްވުންވެސްވަނީ، އަޅުކަމުގައި ﷲ އެއްކައުވަންތަކުރުމަށާއި، އެކަލާނގެ ފިޔަވައި އަޅުކަންވެވޭ އިލާހުންތައް ދޫކޮށްލުމަށް ރަސޫލުން އެމީހުންނަށް އަމުރުކުރެއްވިކަމަށް އިޢުތިރާފުވެފައިއެވެ. އެއީ ޢާދުބާގައިގެ މީހުންގެ ވާހަކައިގައި އެކަލާނގެ -ޖައްލަ ޖަލާލުހޫ- ވަޙީކުރެއްވި ގޮތަށެވެ. އެއީ އެމީހުން ހޫދު عليه الصلاة والسلام އަށް ބުނިކަމަށެވެ:
﴿...أَجِئْتَنَا لِنَعْبُدَ اللَّهَ وَحْدَهُ وَنَذَرَ مَا كَانَ يَعْبُدُ آبَاؤُنَا...﴾,(...ތިބާ އަހަރުމެންގެ ގާތަށް ތިޔަ އައީ، ހަމައެކަނި ﷲ އަށް އަހަރުމެން އަޅުކަން ކުރުމަށާއި، އަހަރުމެންގެ ކާބަފައިން އަޅުކަންކޮށް އުޅުނު ތަކެތި އަހަރުމެން ދޫކޮށްލުމަށް އަމުރުކުރުމަށްހެއްޔެވެ؟...)
[الأعراف: 70]،,[އަލްއަޢުރާފު: 70]
وقال سبحانه وتعالى عن قريش لَمَّا دعاهم نبينا محمد ﷺ إلى إفراد الله بالعبادة، وترك ما يعبدون من دونه من الملائكة والأولياء والأصنام والأشجار، وغير ذلك:,އަދި އަހަރުމެންގެ ނަބިއްޔާ މުޙައްމަދު ﷺ، ޤުރައިޝުންނަށް ﷲ އެއްކައުވަންތަކޮށް އަޅުކަންކުރުމަށާއި، އެކަލާނގެ ފިޔަވައި އެމީހުން އަޅުކަން ކުރަމުންދިޔަ މަލާއިކަތުންނާއި، ވަލިއްޔުންނާއި، ބުދުތަކާއި، ގަސްގަހާގެއްސާއި އެނޫން ތަކެތި ދޫކޮށްލުމަށް ގޮވާލެއްވުމުން އެމީހުން ބުނި ކަމަށް ﷲ ސުބްޙާނަހޫ ވަތަޢާލާ ވަޙީކުރެއްވިއެވެ:
﴿أَجَعَلَ الْآلِهَةَ إِلَهًا وَاحِدًا إِنَّ هَذَا لَشَيْءٌ عُجَابٌ5﴾,(އޭނާ ހުރިހާ އިލާހުން އެއް އިލާހަކަށް ހެދީހެއްޔެވެ؟ ހަމަކަށަވަރުން މިއީ ނުހަނު އަޖާއިބު ވާފަދަ ކަމެއްކަން ކަށަވަރެވެ.)
[ص: 5]،,[ޞާދު: 5]
وقال سبحانه وتعالى عنهم:,އަދިވެސް އެމީހުންނާމެދު ﷲ ސުބްޙާނަހޫ ވަތަޢާލާ ވަޙީކުރެއްވިއެވެ:
﴿إِنَّهُمْ كَانُوا إِذَا قِيلَ لَهُمْ لَا إِلَهَ إِلَّا اللَّهُ يَسْتَكْبِرُونَ35,(ހަމަކަށަވަރުން ﷲ މެނުވީ (އަޅުކަންކުރުން ޙައްޤުވެގެންވާ) އިލާހަކު ނުވާކަމަށް އެ މީހުންނަށް ބުނެވިއްޖެނަމަ އެ މީހުން ބޮޑާވެގަންނަކަމުގައިވިއެވެ.
وَيَقُولُونَ أَئِنَّا لَتَارِكُوٓاْ ءَالِهَتِنَا لِشَاعِرٖ مَّجۡنُونِۭ36﴾,އަދި އެ މީހުން ބުނެއެވެ. ހަމަކަށަވަރުން މޮޔަވެފައިވާ ޅެންވެރިޔެއްގެ ބަހަށް، ތިމަންމެންގެ އިލާހުންތައް ތިމަންމެން ދޫކޮށްލާނެހެއްޔެވެ؟)
[الصافات: 35- 36]،,[އައްޞާއްފާތު: 35-36]
والآيات الدالة على هذا المعنى كثيرة.,މި މާނައިގެ މައްޗަށް ދަލީލުކުރާ އާޔަތްތައް ގިނަވެގެންވެއެވެ.
ومما ذكرناه من الآيات والأحاديث: يتضح لك ـ وفَّقني الله وإياك للفقه في الدين، والبصيرة بحق رب العالمين ـ أن هذه الأدعية وأنواع الاستغاثة -التي بينتها في سؤالك-، كلها من أنواع الشرك الأكبر؛ لأنها عبادة لغير الله، وطلب لأمور لا يقدر عليها سواه، من الأموات والغائبين، وذلك أقبح من شرك الأولين؛ لأن الأولين إنما يشركون في حال الرخاء،,-ﷲ އަހަރެންނާއި ތިބާއަށް ދީނުގައި ފިޤުހުވެރިވުމާއި، ޢާލަމްތަކުގެ ވެރި ރައްބުގެ ޙައްޤުފުޅު ފެނި ދެނެގަތުމަށް ތައުފީޤުދެއްވާށިއެވެ- އަހަރުމެން މި ބަޔާންކުރި އާޔަތްތަކާއި ޙަދީޘްތަކުން ތިބާއަށް ސާފުވެގެންދާނީ: ތިބާގެ ސުވާލުގައި ތިޔަ ބަޔާންކުރި ދުޢާތަކާއި އެކިކަހަލަ ވާތްގަށް އެދޭ ޢިބާރާތްތަކަކީ، ހުސް ބޮޑު ޝިރުކުގެ ވައްތަރުތަކުގެ ތެރޭގައި ހިމެނޭ ތަކެތި ކަމުގައިއެވެ. އެހެނީ އެއީ ﷲ ފިޔަވައި އެހެން ފަރާތަކަށް އަޅުކަންކުރުމެވެ. އަދި އެކަލާނގެ ފިޔަވައި އެހެން ފަރާތަކަށް ކުޅަދާނަވެގެން ނުވާ ކަންކަމުގައި، މައްޔިތުންނާއި ޣައިބުގައިވާ ފަރާތްތަކުން އެދުމެވެ. އެއީ އެންމެ އިހު އުޅުނު މީހުންގެ ޝިރުކަށްވުރެވެސް ހުތުރުވެގެންވާ ކަމެކެވެ. އެހެނީ އިހުގައި އުޅުނު މީހުން ޝިރުކުކޮށް އުޅުނީ ތަނަވަސްކަމާއި ފަސޭހަ ޙާލުގައިއެވެ.
وأما في حال الشدائد فيُخلصون لله العبادة؛ لأنهم يعلمون أنه ـ سبحانه ـ هو القادر على تخليصهم من الشدة دون غيره، كما قال تعالى في كتابه المبين عن أولئك المشركين:,ދެންފަހެ ދަތި އުނދަގޫ ކަންކަން ލައިގަންނަ ޙާލަތުގައި، އެމީހުން ﷲ އަށް އަޅުކަން ޚާލިޞްކުރެއެވެ. އެހެނީ ދަތި އުނދަގޫކަމުން އެމީހުން ސަލާމަތްކޮށްދެއްވަން ކުޅަދުންވަންތަވެގެންވަނީ އެހެން ފަރާތްތައް ދޫކޮށް ހަމައެކަނި އެކަލާނގެ ސުބްޙާނަހޫ ކަން އެމީހުން ދަނެއެވެ. އެއީ އެ މުޝްރިކުންނާ މެދުގައި ﷲ ތަޢާލާ އެކަލާނގެ ބަޔާންވެގެންވާ ފޮތުގައި ވަޙީކުރެއްވި ގޮތަށެވެ:
﴿فَإِذَا رَكِبُواْ فِي ٱلۡفُلۡكِ دَعَوُاْ ٱللَّهَ مُخۡلِصِينَ لَهُ ٱلدِّينَ فَلَمَّا نَجَّىٰهُمۡ إِلَى ٱلۡبَرِّ إِذَا هُمۡ يُشۡرِكُونَ65﴾,(ފަހެ އެ މީހުން ނަވަށް އަރާ ދުއްވާހިނދު، ދީން ޚާލިސްކޮށްގެން ﷲ އަށް ދުޢާ ކުރެއެވެ. ދެން އެ އިލާހު އެ މީހުން ސަލާމަތް ކުރައްވާ އެއްގަމަށް ގެންނެވުމުން، އެހާރުން އެ މީހުން (އަނެއްކާވެސް އެ އިލާހާ) ޝިރްކު ކުރެއެވެ.)
[العنكبوت: 65]،,[އަލްޢަންކަބޫތު: 65]
وقال سبحانه وتعالى يخاطبهم في آية أخرى:,އަދިވެސް އެކަލާނގެ ސުބްޙާނަހޫ ވަތަޢާލާ އެހެން އާޔަތެއްގައި އެމީހުންނާ މުޚާޠަބުކުރައްވާ ވަޙީކުރެއްވިއެވެ:
﴿وَإِذَا مَسَّكُمُ ٱلضُّرُّ فِي ٱلۡبَحۡرِ ضَلَّ مَن تَدۡعُونَ إِلَّآ إِيَّاهُۖ فَلَمَّا نَجَّىٰكُمۡ إِلَى ٱلۡبَرِّ أَعۡرَضۡتُمۡۚ وَكَانَ ٱلۡإِنسَٰنُ كَفُورًا67﴾,(އަދި ކަނޑުމަތީގައި ތިޔަބައިމީހުންނަށް ގެއްލުން (ދަތިޙާލު) ޖެހިއްޖެހިނދަކު، އެކަލާނގެ ފިޔަވައި ތިޔަބައިމީހުން ދުޢާކޮށް ގޮވާ އުޅުނު ފަރާތްތައް ގެއްލިދެއެވެ. ދެންފަހެ އެ އިލާހު ތިޔަބައިމީހުން ސަލާމަތް ކުރައްވާ، އެއްގަމަށް ގެންނަވައިފިހިނދު ތިޔަބައިމީހުން ފުރަގަސްދެއެވެ. އިންސާނާ ވަނީ (ނިޢުމަތަށް) ކުފުރުވުން ބޮޑު މީހެއްކަމުގައިއެވެ.)
[الإسراء: 67].,[އަލްއިސްރާއު: 67]
فإن قال قائل من هؤلاء المشركين المتأخرين: إنا لا نقصد أن أولئك يفيدون بأنفسهم، ويشفون مرضانا بأنفسهم، أو ينفعونا بأنفسهم، أو يضرونا بأنفسهم، وإنما نقصد شفاعتهم إلى الله تعالى في ذلك؟,"ދެންފަހެ ފަހުޒަމާނުގެ މުޝްރިކުންގެ ތެރެއިން މީހަކު މިހެން ބުނެފިނަމަ: ""އަހަރުމެން އެ ފަރާތްތައް އަމިއްލައަށް ފައިދާ ކޮށްދޭކަމަށް، އަދި އަމިއްލައަށް އަހަރުމެންގެ ބަލިމީހުންނަށް ޝިފާދޭކަމަށް، ނުވަތަ އަމިއްލަ ނަފްސުތަކުން ފައިދާދީ ނުވަތަ ގެއްލުންދޭ ކަމަށް ޤަޞްދެއް ނުކުރަމެވެ. އެކަމަކު އަހަރުމެން ޤަޞްދުކުރާކަން ކަށަވަރީ އެކަންކަމުގައި އެ ފަރާތްތައް ﷲ ތަޢާލާގެ ޙަޟްރަތުގައި ޝަފާޢަތްތެރިވުމެވެ."""
فالجواب: أن يقال له: إن هذا هو مقصد الكفار الأولين ومرادهم، وليس مرادهم أن آلهتهم تخلق أو ترزق، أو تنفع أو تضر بنفسها، فإن ذلك يبطله ما ذكره الله عنهم في القرآن، وأنهم أرادوا شفاعتهم وجاههم، وتقريبهم إلى الله زلفى، كما قال سبحانه وتعالى:,ފަހެ މީގެ ޖަވާބަކީ މިހެން ބުނެވުމެވެ: ކުރިން އުޅުނު ކާފަރުންގެ މަޤްޞަދަކީ އަދި މުރާދަކީވެސް ހަމަ މިއެވެ. އެމީހުންގެ މުރާދަކީ އެމީހުންގެ އިލާހުންތައް ތަކެތި އުފައްދަވާ ނުވަތަ ރިޒްޤުދެއްވާ، ނުވަތަ އަމިއްލައަށް ފައިދާ ނުވަތަ ގެއްލުން ދިނުން ކަމުގައިއެއް ނުވެއެވެ. ފަހެ އެމީހުންނާމެދު ﷲ ޤުރްއާނުގައި އަންގަވާފައިވާ އާޔަތްތަކުން އެކަން ބާޠިލުވެއެވެ. އެމީހުންވެސް އެދުނީ އެ ފަރާތްތަކުގެ ޝަފާޢަތާއި ޖާހެވެ. އަދި ﷲ އާ ކުއްތަންވެގެންވާ މަޤާމަކަށް އެމީހުން ގާތްކޮށްދިނުމަށެވެ. އެއީ އެކަލާނގެ ސުބްޙާނަހޫ ވަތަޢާލާ ވަޙީކުރެއްވި ގޮތަށެވެ:
﴿وَيَعۡبُدُونَ مِن دُونِ ٱللَّهِ مَا لَا يَضُرُّهُمۡ وَلَا يَنفَعُهُمۡ وَيَقُولُونَ هَٰٓؤُلَآءِ شُفَعَٰٓؤُنَا عِندَ ٱللَّهِ...﴾,(އެއުރެން اللَّه ފިޔަވައި އަޅުކަންކުރަނީ، އެއުރެންނަށް ގެއްލުމެއްވެސް ނުދެވޭ، އަދި އެއުރެންނަށް މަންފާއެއްވެސް ނުދެވޭ ތަކެއްޗަށެވެ. އަދި އެއުރެން ބުނެތެވެ. މި ފަރާތްތަކަކީ ﷲ ގެ ޙަޟްރަތުގައި ތިމަންމެންނަށް ޝަފާޢަތްތެރިވާނޭ ފަރާތްތަކެކެވެ...)
[يونس: 18]،,[ޔޫނުސް: 18]
فرد الله عليهم ذلك بقوله:,ދެން ﷲ ގެ މިބަސްފުޅުން އެމީހުންނަށް ރައްދުދެއްވިއެވެ:
﴿...قُلۡ أَتُنَبِّـُٔونَ ٱللَّهَ بِمَا لَا يَعۡلَمُ فِي ٱلسَّمَٰوَٰتِ وَلَا فِي ٱلۡأَرۡضِۚ سُبۡحَٰنَهُۥ وَتَعَٰلَىٰ عَمَّا يُشۡرِكُونَ﴾,(...ކަލޭގެފާނު ވިދާޅުވާށެވެ! އުޑުތަކުގައިވެސް، އަދި ބިމުގައިވެސް اللَّه ދެނެވޮޑިގެންނުވާ ކަމެއްގެ ވާހަކައިން ތިޔަބައިމީހުން އެކަލާނގެއަށް ޚަބަރުދެނީހެއްޔެވެ؟ އެއުރެން އެ ޝަރީކުކުރާ ތަކެތިން އެކަލާނގެ ހުސްޠާހިރުވެ މަތިވެރިވެވޮޑިގެންވެއެވެ.)
[يونس: 18]،,[ޔޫނުސް: 18]
فأبان سبحانه أنه لا يَعلم في السماوات ولا في الأرض شفيعًا عنده على الوجه الذي يقصده المشركون، وما لا يَعلم الله وجوده لا وجود له؛ لأنه سبحانه لا يخفى عليه شيء.,ފަހެ އެކަލާނގެ ބަޔާންކުރައްވާފައި އެވަނީ: މުޝްރިކުން އެ ޤަޞްދުކުރާ ގޮތަށް އެކަލާނގެ ޙަޟްރަތުގައި ޝަފާޢަތްތެރިވާނޭ ފަރާތެއް އުޑުތަކުގައިވެސް އަދި ބިމުގައިވެސް ވާކަން އެކަލާނގެ ދެނެވޮޑިގެންނުވާކަމަށެވެ. އަދި އެ އެއްޗެއް ވުޖޫދުވެގެންވާކަން ﷲ ދެނެވޮޑިގެން ނުވާ އެއްޗެއް އެއީ ވުޖޫދުގައިވާ އެއްޗެއް ނޫނެވެ. އެހެނީ އެކަލާނގެ ސުބްޙާނަހޫ އަށް އެއްވެސް އެއްޗެއް ފޮރުވި ވަންހަނާވެގެން ނުވެއެވެ.
وقال تعالى:,އަދިވެސް އެކަލާނގެ ވަޙީކުރެއްވިއެވެ:
﴿تَنزِيلُ ٱلۡكِتَٰبِ مِنَ ٱللَّهِ ٱلۡعَزِيزِ ٱلۡحَكِيمِ 1,(ފޮތް ބާވައިލެއްވުނީ ޢަޒީޒުވަންތަ ޙަކީމްވަންތަ ﷲ ގެ ޙަޟްރަތުންނެވެ.
إِنَّآ أَنزَلۡنَآ إِلَيۡكَ ٱلۡكِتَٰبَ بِٱلۡحَقِّ فَٱعۡبُدِ ٱللَّهَ مُخۡلِصٗا لَّهُ ٱلدِّينَ2,ހަމަކަށަވަރުން ތިމަން އިލާހު ކަލޭގެފާނުގެ މައްޗަށް ފޮތް ބާވައިލެއްވީ ޙައްޤު ގޮތުގައިއެވެ. ފަހެ ﷲ އަށް ދީން ޚާލިސްކުރާ ހާލު، ކަލޭގެފާނު އެ އިލާހަށް އަޅުކަން ކުރައްވާށެވެ.
أَلَا لِلَّهِ ٱلدِّينُ ٱلۡخَالِصُۚ وَٱلَّذِينَ ٱتَّخَذُواْ مِن دُونِهِۦٓ أَوۡلِيَآءَ مَا نَعۡبُدُهُمۡ إِلَّا لِيُقَرِّبُونَآ إِلَى ٱللَّهِ زُلۡفَىٰٓ إِنَّ ٱللَّهَ يَحۡكُمُ بَيۡنَهُمۡ فِي مَا هُمۡ فِيهِ يَخۡتَلِفُونَۗ إِنَّ ٱللَّهَ لَا يَهۡدِي مَنۡ هُوَ كَٰذِبٞ كَفَّارٞ3﴾,ދަންނާށެވެ. ޚާލިސް ވެގެންވާ ދީން ވަނީ ﷲ އަށެވެ. އަދި އެ އިލާހު ފިޔަވާ އެހީތެރިންތަކެއް ނެގި މީހުން (ބުންޏެވެ:) ﷲ ގެ ޙަޟްރަތަށް ތިމަންމެން ކުއްތަން ކޮށްދިނުމަށް މެނުވީ، ތިމަންމެން އެ ފަރާތްތަކަށް އަޅުކަމެއް ނުކުރަމުއެވެ. ހަމަކަށަވަރުން އެ މީހުން އެކަމާމެދު ޚިލާފުވެގެން އުޅޭކަންތަކާ ދޭތެރޭގައި ﷲ، އެ މީހުންގެ މެދުގައި ޙުކުމް ކުރައްވާނެއެވެ. ހަމަކަށަވަރުން ދޮގުހަދާ ކާފަރުވުން ބޮޑު މީހަކަށް ﷲ ތެދުމަގެއް ނުދައްކަވާނެއެވެ.)
[الزُّمَر: 1-3].,[އައްޒުމަރު: 1-3]
ومعنى الدين هنا: العبادة، وهي: طاعة الله وطاعة رسوله ﷺ -كما سلف-، ويدخل فيها: الدعاء والاستغاثة، والخوف والرجاء، والذبح والنذر، كما يدخل فيها: الصلاة والصوم، وغير ذلك مما أمر به الله ورسوله.,މިތަނުގައި ދީނުގެ މާނައަކީ: އަޅުކަމެވެ. އެއީ: އިސްވެދިޔަ ގޮތަށް؛ ﷲ އަށް ކިޔަމަންވުމާއި، އެކަލާނގެ ރަސޫލާ ﷺ އަށް ކިޔަމަންވުމެވެ. އަދި އޭގެ ތެރެއަށް: ދުޢާކުރުމާއި، ވާތްގަށް އެދުމާއި، ބިރުވެތިވުމާއި (ރަޙްމަތަށް) އުންމީދުކުރުމާއި، ޤުރުބާންކޮށް ކަތިލުމާއި، ނަދުރު ބުނުންވެސް ވަދެއެވެ. އެއީ ނަމާދާއި، ރޯދައާއި އެނޫންވެސް ﷲ އާއި އެކަލާނގެ ރަސޫލާ އަމުރުކުރެއްވި ކަންކަން އޭގެ ތެރެއަށް ވަންނަ ގޮތަށެވެ.
فأبان سبحانه أن العبادة له وحده، وأنه يجب على العباد إخلاصها له جل جلاله؛ لأن أمره للنبي ﷺ بإخلاص العبادة له، أمر لجميع أبناء هذه الأمة.,އެހެންކަމުން އެކަލާނގެ ސުބްޙާނަހޫ ބަޔާންކުރައްވާފައި އެވަނީ: އަޅުކަންވަނީ ހަމައެކަނި އެކަލާނގެއަށް ކަމުގައިއެވެ. އަދި އެކަލާނގެ -ޖައްލަ ޖަލާލުހޫ- އަށް އަޅުކަން ޚާލިޞްކުރުން އަޅުތަކުންގެ މައްޗަށް ވާޖިބުވެގެންވާ ކަމުގައިއެވެ. އެހެނީ އެކަލާނގެއަށް އަޅުކަން ޚާލިޞްކުރުމަށް އެކަލާނގެ ނަބިއްޔާ ﷺ އަށް ކުރެއްވި އަމުރަކީ: މި އުއްމަތުގެ ހުރިހާ ދަރިންނަށްވެސްވާ އަމުރުފުޅެކެވެ.
ثم بين الله عز وجل بعد ذلك عن الكفار فقال:,ދެން އެއަށްފަހުގައި ﷲ ޢައްޒަ ވަޖައްލަ ކާފަރުންގެ ކަންކަން ބަޔާންކުރައްވާ ވަޙީކުރެއްވިއެވެ:
﴿وَٱلَّذِينَ ٱتَّخَذُواْ مِن دُونِهِۦٓ أَوۡلِيَآءَ مَا نَعۡبُدُهُمۡ إِلَّا لِيُقَرِّبُونَآ إِلَى ٱللَّهِ زُلۡفَىٰٓ﴾,(އެކަލާނގެ ފިޔަވައި ވާގިދޭ ވަލީވެރިންތަކެއް ނެގި މީހުން (ބުނެއެވެ.) ﷲ ގެ ޙަޟްރަތަށް ތިމަންމެން ކުއްތަންކޮށްދިނުމަށް މެނުވީ، ތިމަންމެން އެ ފަރާތްތަކަށް އަޅުކަމެއް ނުކުރަމުއެވެ...)
[الزُّمَر: 3].,[އައްޒުމަރު: 3]
فرد الله عليهم بقوله سبحانه:,ދެން ﷲ ސުބްޙާނަހޫގެ މި ބަސްފުޅުން އެމީހުންގެ މައްޗަށް ރައްދުދެއްވިއެވެ:
﴿...إِنَّ ٱللَّهَ يَحۡكُمُ بَيۡنَهُمۡ فِي مَا هُمۡ فِيهِ يَخۡتَلِفُونَۗ إِنَّ ٱللَّهَ لَا يَهۡدِي مَنۡ هُوَ كَٰذِبٞ كَفَّارٞ﴾,(...ހަމަކަށަވަރުން އެ މީހުން އެކަމާމެދު ޚިލާފުވެގެން އުޅޭ ކަންތަކާމެދު ﷲ، އެ މީހުންގެ މެދުގައި ޙުކުމް ކުރައްވާނެއެވެ. ހަމަކަށަވަރުން ދޮގުހަދާ ކާފަރުވުން ބޮޑު މީހަކަށް ﷲ ތެދުމަގެއް ނުދައްކަވާނެއެވެ.)
[الزُّمَر: 3]،,[އައްޒުމަރު: 3]
فأخبر الله سبحانه في هذه الآية الكريمة: أن الكفار ما عبدوا الأولياء من دونه إلا ليقربوهم إلى الله زلفى؛ وهذا هو مقصد الكفار قديمًا وحديثًا، وقد أبطل الله ذلك بقوله تعالى:,ފަހެ ﷲ ސުބްޙާނަހޫ، މި މާތް އާޔަތުގައި ޚަބަރުދެއްވާފައި އެވަނީ: ﷲ ގެ ޙަޟްރަތަށް ކުއްތަންކޮށްދިނުމަށް އެދިގެން މެނުވީ ކާފަރުންވެސް އެ ވަލިއްޔުންތަކަށް އަޅުކަން ނުކުރާ ކަމުގައިއެވެ. މިއީ އިހާއި ފަހުގެވެސް ކާފަރުންގެ މަޤްޞަދެވެ. ﷲ ތަޢާލާވަނީ އެކަލާނގެ މި ބަސްފުޅުން އެކަން ބާޠިލުކުރައްވާފައިއެވެ:
﴿...إِنَّ ٱللَّهَ يَحۡكُمُ بَيۡنَهُمۡ فِي مَا هُمۡ فِيهِ يَخۡتَلِفُونَۗ إِنَّ ٱللَّهَ لَا يَهۡدِي مَنۡ هُوَ كَٰذِبٞ كَفَّارٞ﴾,(...ހަމަކަށަވަރުން އެ މީހުން އެކަމާމެދު ޚިލާފުވެގެން އުޅޭ ކަންތަކާމެދު ﷲ، އެ މީހުންގެ މެދުގައި ޙުކުމް ކުރައްވާނެއެވެ. ހަމަކަށަވަރުން ދޮގުހަދާ ކާފަރުވުން ބޮޑު މީހަކަށް ﷲ ތެދުމަގެއް ނުދައްކަވާނެއެވެ.)
[الزُّمَر: 3]،,[އައްޒުމަރު: 3]
فأوضح الله سبحانه: كذبهم في زعمهم أن آلهتهم تقربهم إلى الله زلفى، وكفرهم بما صرفوا لها من العبادة، وبذلك يَعلم كل من له أدنى تمييز أن الكفار الأولين إنما كان كفرهم باتخاذهم الأنبياء والأولياء، والأشجار والأحجار، وغير ذلك من المخلوقات؛ شفعاء بينهم وبين الله،,ފަހެ، އެމީހުންގެ އިލާހުންތައް އެމީހުން ﷲ އާ ކުއްތަންކޮށްދޭކަމަށް ކުރި ދަޢުވާގެ ދޮގުކަމާއި، އަދި އެ ފަރާތްތަކަށް އަޅުކަން އަނބުރާލުމުން އެމީހުން ކާފަރުވެގެންވާކަން ﷲ ސުބްޙާނަހޫ އެވަނީ ސާފުކޮށް ބަޔާންކުރައްވާފައިއެވެ. ހެޔޮނުބައި ކިރިޔާވެސް ވަކިވާ މީހަކަށް އެއިން އެނގިގެންދާނީ: އިހު އުޅުނު ކާފަރުންގެ ކާފަރުކަންވެސްވީ؛ ނަބިއްޔުންނާއި ވަލިއްޔުންނާއި، ގަސްގަހާގެއްސާއި، ހިލަތަކާއި އެނޫންވެސް މަޚްލޫޤުން އެއީ ﷲ އާއި އެމީހުންނާ ދޭތެރޭ ޝަފާޢަތްތެރިވާ ބައެއްގެ ގޮތުގައި ނެގުމުން ކަމުގައިއެވެ.
واعتقادهم أنهم يَقضون حوائجهم من دون إذنه ورضاه سبحانه وتعالى، كما تشفع الوزراء عند الملوك، فقاسوه جل جلاله على الملوك والزعماء،,އަދި އެކަލާނގެ ސުބްޙާނަހޫ ވަތަޢާލާގެ އިޛްނަފުޅާއި ރުއްސެވުމާއި ނުލައި އެ ފަރާތްތައް އެމީހުންގެ ޙާޖަތްތައް ފުއްދައިދޭކަމަށް އެމީހުން ޤަބޫލުކުރުމުންނެވެ. އެއީ ވަޒީރުން، ރަސްރަސްކަލުންގެ ގާތުގައި ޝަފާޢަތްތެރިވާ ގޮތަށެވެ. ފަހެ އެމީހުން އެކަލާނގެ -ޖައްލަ ޖަލާލުހޫ- ރަސްރަސްކަލުންނާއި ޒަޢީމުންގެ މައްޗަށް އަޅާކިޔާ ޤިޔާސްކުރިއެވެ.
وقالوا: كما أن مَن له حاجة إلى الملك والزعيم يتشفع إليه بخواصه ووزرائه، فهكذا نحن نتقرب إلى الله بعبادة أنبيائه وأوليائه، وهذا من أبطل الباطل؛ لأنه سبحانه لا شبيه له، ولا يقاس بخلقه، ولا يَشفع أحد عنده إلا بإذنه في الشفاعة، ولا يأذن إلا لأهل التوحيد، وهو سبحانه وتعالى على كل شيء قدير، وبكل شيء عليم، وهو أرحم الراحمين، لا يخشى أحدًا ولا يخافه؛ لأنه سبحانه هو القاهر فوق عباده، والمتصرف فيهم كيف يشاء،,އަދި އެމީހުން ބުންޏެވެ: ރަސްކަލެއް އަދި ޒަޢީމެއްގެ ގާތަށް ޙާޖަތެއް ދަންނަވަން ބޭނުންވާ މީހާ؛ އެ ރަސްކަލެއްގެ ޚާއްޞަ އަރިސް މީހުންނާއި ވަޒީރުންގެ ޝަފާޢަތް ހޯދާ ގޮތަށް، އަހަރުމެންވެސް ﷲ ގެ ނަބިއްޔުންނާއި ވަލީވެރިންނަށް އަޅުކަންކޮށްގެން އެކަލާނގެއާ ކުއްތަންވާނީއެވެ. މިއީ އެންމެ ބޮޑު އެއް ބާޠިލު ކަންތަކެވެ. އެހެނީ އެކަލާނގެ ސުބްޙާނަހޫ އާ އެއްފަދަ އެއްޗެއް ނުވެއެވެ. އަދި އެކަލާނގެ ޚަލްޤުތަކުންނާ އެކަލާނގެ އަޅާކިޔާ ޤިޔާސް ނުކުރެވޭނެއެވެ. އަދި ޝަފާޢަތްތެރިވުމަށް އެކަލާނގެ ހުއްދަދެއްވާފައިވާ ފަރާތެއް މެނުވީ އެކަކުވެސް އެކަލާނގެ ޙަޟްރަތުގައި ޝަފާޢަތްތެރި ނުވެވެއެވެ. އަދި ތައުޙީދުގެ އަހުލުވެރިންނަށް މެނުވީ އެކަލާނގެ އިޛްނަ ނުދެއްވައެވެ. އަދި އެކަލާނގެ ސުބްޙާނަހޫ ވަތަޢާލާ ކޮންމެ ކަމެއްގެ މައްޗަށް ކުޅަދުންވަންތަވެގެންވެއެވެ. އަދި ކޮންމެ އެއްޗެއް ދެނެވޮޑިގެންވެއެވެ. އަދި އެކަލާނގެއީ ރަޙުމްކުރާ ފަރާތްތަކުގެ ތެރެއިން އެންމެ ރަޙުމްކުރެއްވުން ބޮޑު ފަރާތެވެ. އެއްވެސް ފަރާތެއްދެކެ އެކަލާނގެ ބިރުފުޅުވެތިނުލައްވައެވެ. އެހެނީ އެކަލާނގެ ސުބްޙާނަހޫ އެއީ އެކަލާނގެ އަޅުތަކުންގެ މަތީގައި، ގަދަވެވޮޑިގެންވާ، އަދި އެކަލާނގެ އެދިވޮޑިގެންނެވި ގޮތަކަށް އެމީހުންނާ މެދުގައި ކަންތައް ކުރައްވާ އިލާހެވެ.
بخلاف الملوك والزعماء، فإنهم لا يقدرون على كل شيء، فلذلك يحتاجون إلى من يعينهم على ما قد يعجزون عنه؛ من وزرائهم وخواصهم وجنودهم، كما يحتاجون إلى تبليغهم حاجات من لا يعلمون حاجته، فيحتاجون إلى من يستعطفهم ويسترضيهم من وزرائهم وخواصهم،,އެއީ ރަސްރަސްކަލުންނާއި ޒަޢީމުންނާ ޚިލާފަށެވެ. އެހެނީ އެމީހުންނީ ކޮންމެ ކަމެއްކުރަން ކުޅަދާނަ ބައެއް ނޫނެވެ. އެހެންވެގެން އެމީހުން ނުކުޅެދޭ ކަންތައް ކުރަން އެމީހުންނަށް އެހީވެދޭނެ، ވަޒީރުންނާއި، އަރިސް މީހުންނާއި، ސިފައިންނަށް ޙާޖަތް ޖެހެއެވެ. ހަމައެފަދައިން އެމީހަކު ޙާޖަތްޖެހިގެން ވާކަން އެމީހުންނަށް ނޭނގޭ މީހުންގެ ޚަބަރު އެމީހުންނަށް ފޯރުކޮށްދޭނެ މީހުންނަށްވެސް ބޭނުންޖެހެއެވެ. އަދި ވަޒީރުންނާއި އަރިސްމީހުންގެ ތެރެއިން، އެ ރަސްރަސްކަލުންނާއި ޒަޢީމުންގެ ހަމްދަރުދީވުމާއި ރުހުން ހޯދާނޭ މީހުންވެސް ބޭނުންވެއެވެ.
أما الرب عز وجل فهو سبحانه غني عن جميع خلقه، وهو أرحم بهم من أمهاتهم، وهو الحاكم العدل، يضع الأِياء في مواضعها، على مقتضى حكمته وعمله وقدرته، فلا يجوز أن يقاس بخلقه بوجه من الوجوه،,އަނެއްކޮޅުން ރައްބު ޢައްޒަ ވަޖައްލައަށް ބަލާއިރު، ފަހެ އެކަލާނގެ ސުބްޙާނަހޫއީ އެކަލާނގެ ހުރިހާ ޚަލްޤުތަކުންނާ ނުލާ ފުދިވޮޑިގެންވާ އިލާހެވެ. އަދި އެމީހުންގެ މައިންނަށް ވުރެވެސް ބޮޑަށް އެކަލާނގެ އެމީހުންނަށް ރަޙުމްކުރައްވައެވެ. އަދި އެކަލާނގެއީ ޢަދުލުވެރިވެވޮޑިގެންވާ ޙުކުމްކުރައްވާ އިލާހެވެ. އެކަލާނގެ ޙިކްމަތްފުޅާއި، ޢިލްމުފުޅާއި، ކުޅަދުންވަންތަކަން ނިޔާކުރާ ގޮތަށް ތަކެތި އޭގެ (ޙައްޤު މުނާސަބު) މަޤާމުތަކަށް އެކަލާނގެ ލައްވައެވެ. އެހެންކަމުން އެއްވެސް ގޮތަކުން އެކަލާނގެ ޚަލްޤުތަކުންނާ އެކަލާނގެ ޤިޔާސްކޮށް އަޅާކިޔުން ހުއްދަވެގެން ނުވެއެވެ.
ولهذا أوضح سبحانه في كتابه: أن المشركين قد أقروا بأنه الخالق الرازق المدبر، وأنه هو الذي يجيب المضطر، ويكشف السوء، ويحيي ويميت، إلى غير ذلك من أفعاله سبحانه.,މިހެންވެ އެކަލާނގެ ސުބްޙާނަހޫ އެކަލާނގެ ފޮތުގައި ޞަރީޙަކޮށް ބަޔާންކުރައްވާފައި ވަނީ: އެކަލާނގެއީ ޚަލްޤުކުރައްވާ، ރިޒްޤުދެއްވާ، ތަދްބީރުކޮށް ހިންގަވާ ފަރާތްކަމާއި، އަދި އެކަލާނގެ ދަތި ޙާލުގައި ޖެހިފައިވާ މީހާއަށް އިޖާބަދެއްވާކަމާއި، ނުބައިކަން ކަޝްފުކުރައްވާ، ދިރުއްވާ އަދި މަރުގަންނަވާކަމާއި، އަދި އެނޫންވެސް އެކަލާނގެ ސުބްޙާނަހޫ ކުރައްވާ މިފަދަ ކަންކަމަށް މުޝްރިކުން އިޤުރާރުވިކަމުގައިއެވެ.
ولقد كانت الخصومة بين المشركين وبين الرسل في إخلاص العبادة لله وحده، كما قال جل جلاله:,އަދި މުޝްރިކުންނާއި ރަސޫލުންނާ ދެމެދު ދެބަސްވުމާއި ޚިލާފުވުން އޮތީ އަޅުކަން ހަމައެކަނި ﷲ އަށް ޚާލިޞްކުރުމުގައިއެވެ. އެއީ އެކަލާނގެ -ޖައްލަ ޖަލާލުހޫ- ވަޙީކުރެއްވި ގޮތަށެވެ:
﴿َوَلَئِن سَأَلۡتَهُم مَّنۡ خَلَقَهُمۡ لَيَقُولُنَّ ٱللَّهُ...﴾,(އެއުރެން ހެއްދެވީ ކާކުތޯ، އެއުރެންނާ ކަލޭގެފާނު ސުވާލުކުރައްވައިފިނަމަ، އެއުރެން ބުނާނެކަން ކަށަވަރެވެ. اللَّه އެވެ...)
[الزُّخرُف: 87]،,[އައްޒުޚްރުފު: 87]
وقال تعالى:,އަދިވެސް އެކަލާނގެ ވަޙީކުރެއްވިއެވެ:
﴿قُلۡ مَن يَرۡزُقُكُم مِّنَ ٱلسَّمَآءِ وَٱلۡأَرۡضِ أَمَّن يَمۡلِكُ ٱلسَّمۡعَ وَٱلۡأَبۡصَٰرَ وَمَن يُخۡرِجُ ٱلۡحَيَّ مِنَ ٱلۡمَيِّتِ وَيُخۡرِجُ ٱلۡمَيِّتَ مِنَ ٱلۡحَيِّ وَمَن يُدَبِّرُ ٱلۡأَمۡرَۚ فَسَيَقُولُونَ ٱللَّهُۚ فَقُلۡ أَفَلَا تَتَّقُونَ31﴾,(ކަލޭގެފާނު ވިދާޅުވާށެވެ: އުޑުންނާއި ބިމުން ތިޔަބައިމީހުންނަށް ރިޒްޤު ދެއްވަނީ ކޮން ފަރާތެއްހެއްޔެވެ؟ ނުވަތަ އިވުމާއި ފެނުން މިލްކު ވެގެންވަނީ ކޮން ފަރާތަކަށްހެއްޔެވެ؟ އަދި މަރުވެފައިވާ ތަކެތިން ދިރޭތަކެތި ނެރުއްވައި، ދިރޭތަކެތިން މަރުވެފައިވާ ތަކެތި ނެރުއްވަނީ ކޮން ފަރާތެއްހެއްޔެވެ؟ އަދި އެންމެހާ ކަންތައް ތަދްބީރު ކުރައްވަނީ ކޮން ފަރާތެއްހެއްޔެވެ؟ ފަހެ އެ މީހުން ބުނާނެއެވެ: ﷲ އެވެ. ދެން ކަލޭގެފާނު ވިދާޅުވާށެވެ: ފަހެ ތިޔަބައިމީހުން (އެ އިލާހަށް) ތަޤުވާވެރި ނުވާނަންހެއްޔެވެ؟)
[يونس: 31]،,[ޔޫނުސް: 31]
والآيات في هذا المعنى كثيرة.,މި މާނައިގައިވާ އާޔަތްތައް ގިނަވެގެންވެއެވެ.
وقد سبق: ذكر الآيات الدالة على أن النزاع بين الرسل وبين الأمم، إنما هو في إخلاص العبادة لله وحده، كقوله سبحانه:,ރަސޫލުންނާއި އުއްމަތްތަކާ ދެމެދު ދެބަސްވުމާއި ޚިލާފު އޮތްކަން ކަށަވަރީ ﷲ އަށް އެކަނި އަޅުކަން ޚާލިޞްކުރުމާ މެދުގައިކަމަށް ދަލީލުކުރާ އާޔަތްތައް އިސްވެ ބަޔާންވެއްޖެއެވެ. އެއީ އެކަލާނގެ ސުބްޙާނަހޫގެ މި ބަސްފުޅުފަދައިންނެވެ:
﴿وَلَقَدۡ بَعَثۡنَا فِي كُلِّ أُمَّةٖ رَّسُولًا أَنِ ٱعۡبُدُواْ ٱللَّهَ وَٱجۡتَنِبُواْ ٱلطَّٰغُوتَ...﴾,(ހަމަކަށަވަރުން، ތިމަންއިލާހު ކޮންމެ އުއްމަތެއްގައި ރަސޫލަކު ފޮނުއްވީމެވެ. އެއީ، ތިޔަބައިމީހުން اللَّه އަށް އަޅުކަންކުރުމަށާއި، ޠާޣޫތުންނާ އެއްކިބާވުމަށް އެންގެވުމަށެވެ...)
[النحل: 36]،,[އައްނަޙްލު: 36]
وما جاء في معناها من الآيات.,އަދިވެސް އެ މާނައިގައި އައިސްފައިވާ އާޔަތްތަކެވެ.
وبَيَّن سبحانه في مواضع كثيرة من كتابه الكريم شأن الشفاعة، فقال تعالى:,އަދި އެކަލާނގެ ސުބްޙާނަހޫގެ މާތްވެގެންވާ ފޮތުގެ އެތައް ތަނެއްގައި ޝަފާޢަތުގެ ވާހަކަ ބަޔާންކުރެއްވިއެވެ. އެގޮތުން އެކަލާނގެ ވަޙީކުރެއްވިއެވެ:
﴿َ...مَن ذَا ٱلَّذِي يَشۡفَعُ عِندَهُۥٓ إِلَّا بِإِذۡنِهِ...﴾,(...އެއިލާހުގެ އިޛުނަފުޅާ ނުލާ އެއިލާހުގެ ޙަޟްރަތުގައި ޝަފާޢަތްތެރިވެވޭނީ ކޮން ފަރާތަކަށް ހެއްޔެވެ!..)
[البقرة: 255]،,[އަލްބަޤަރާ: 255]
وقال عز وجل:,އަދިވެސް އެކަލާނގެ ޢައްޒަ ވަޖައްލަ ވަޙީކުރެއްވިއެވެ:
﴿وَكَم مِّن مَّلَكٖ فِي ٱلسَّمَٰوَٰتِ لَا تُغۡنِي شَفَٰعَتُهُمۡ شَيۡـًٔا إِلَّا مِنۢ بَعۡدِ أَن يَأۡذَنَ ٱللَّهُ لِمَن يَشَآءُ وَيَرۡضَىٰٓ26﴾,(އަދި ﷲ އިރާދަކުރައްވާ މީހަކަށް އެ އިލާހުގެ އިޛްނަ ދެއްވާ ރުހިވޮޑިގަތުމަށް ފަހުގައި މެނުވީ، އެ މީހުންގެ ޝަފާޢަތުން އެއްވެސްކަމެއް ފުއްދައިނުދޭ ކިތައްކިތައް މަލާއިކަތުން އުޑުތަކުގައި ވޭހެއްޔެވެ؟)
[النجم: 26].,[އައްނަޖްމު: 26].
وقال في وصف الملائكة:,އަދިވެސް މަލާއިކަތުން ޞިފަކުރައްވާ އެކަލާނގެ ވަޙީކުރެއްވިއެވެ:
﴿...وَلَا يَشۡفَعُونَ إِلَّا لِمَنِ ٱرۡتَضَىٰ وَهُم مِّنۡ خَشۡيَتِهِۦ مُشۡفِقُونَ﴾,(...އަދި އެކަލާނގެ ރުހިވޮޑިގެންވާ އަޅަކަށް މެނުވީ، އެބޭކަލުން ޝަފާޢަތްތެރިއެއް ނުވާނެތެވެ. އަދި އެބޭކަލުން ތިއްބަވާނީ، އެކަލާނގެ ހައިބަވަންތަކަމަށް ބިރުވެތިވެގެންނެވެ.)
[الأنبياء: 28].,[އަލްއަންބިޔާއު: 28]
وأخبر جل جلاله أنه لا يرضى من عباده الكفر، وإنما يرضى منهم الشكر، والشكر هو توحيده والعمل بطاعته، فقال تعالى:,އަދި އެކަލާނގެ -ޖައްލަ ޖަލާލުހޫ- ޚަބަރުދެއްވާފައިވަނީ، އެކަލާނގެ އަޅުތަކުންގެ ކިބައިން ކުފުރަށް އެކަލާނގެ ނުރުއްސަވާކަމެވެ. އެކަލާނގެ އެމީހުންގެ ފުށުން ރުއްސަވާކަން ކަށަވަރީ ޝުކުރުވެރިވެގެންވުމަށެވެ. އަދި ޝުކުރުވެރިވުމަކީ: އެކަލާނގެ އެއްކައުވަންތަކޮށް، އަދި އެކަލާނގެ އަށް ކިޔަމަންތެރިވެގެން ޢަމަލުކުރުމެވެ. އެގޮތުން އެކަލާނގެ ތަޢާލާ ވަޙީކުރެއްވިއެވެ:
﴿إِن تَكۡفُرُواْ فَإِنَّ ٱللَّهَ غَنِيٌّ عَنكُمۡۖ وَلَا يَرۡضَىٰ لِعِبَادِهِ ٱلۡكُفۡرَۖ وَإِن تَشۡكُرُواْ يَرۡضَهُ لَكُمۡ...﴾,(ތިޔަބައިމީހުން ކާފަރު ވާނަމަ، ފަހެ ﷲ އީ، ތިޔަބައިމީހުންނާ ނުލައި، ފުދިވޮޑިގެންވާ އިލާހެވެ. އަދި އެ އިލާހުގެ އަޅުންނަށް ކާފަރުކަމަށް އެ އިލާހު ނުރުއްސަވައެވެ. އަދި ތިޔަބައިމީހުން ޝުކުރުކުރާނަމަ، އެ އިލާހު އެ ކަމަށް ތިޔަބައިމީހުންނަށް ރުހިވޮޑިގެންވެއެވެ...)
[الزُّمَر: 7].,[އައްޒުމަރު: 7]
وروى البخاري في صحيحه عن أبي هريرة رضي الله عنه أنه قال: يا رسول الله! مَن أسعد الناس بشفاعتك؟ قال:,"އަދި އަލްބުޚާރީ އެކަލޭގެފާނުގެ ޞަޙީޙުގައި އަބޫ ހުރައިރާ رضي الله عنه ވިދާޅުވިކަމަށް ރިވާކުރެއްވިއެވެ: ""އޭ ﷲ ގެ ރަސޫލާއެވެ! ކަލޭގެފާނުގެ ޝަފާޢަތުން އެންމެ ބާއްޖަވެރިވެގެންވާ މީހަކީ ކޮބައިތޯއެވެ؟"" އެކަލޭގެފާނު ޙަދީޘްކުރެއްވިއެވެ:"
«مَنْ قَالَ: لَا إِلهَ إِلَّا اللهُ خَالِصًا مِنْ قَلْبِهِ».,"""އެމީހެއްގެ ހިތުން އިޚްލާޞްތެރިވެގެން لَا إِلَهَ إِلَّا اللهُ ކިޔައިފި މީހާއެވެ."""
أو قال:,ނުވަތަ ޙަދީޘްކުރެއްވިއެވެ:
«مِنْ نَفْسِهِ».,"""އެމީހެއްގެ ނަފްސުން (އިޚްލާޞްތެރިވެގެންވާ ޙާލު)..."""
وفي الصحيح عن أنس رضي الله عنه عن النبي ﷺ أنه قال:,އަދިވެސް ޞަޙީޙުގައި އަނަސް رضي الله عنه ގެ އަރިހުން ރިވާވެގެންވެއެވެ: ނަބިއްޔާ ﷺ ޙަދީޘްކުރެއްވިކަމަށް ރިވާކުރެއްވިއެވެ:
«لِكُلِّ نَبِيٍّ دَعْوَةٌ مُسْتَجَابَةٌ، فَتَعَجَّلَ كُلُّ نَبِيٍّ دَعْوَتَهُ، وَإِنِّي اخْتَبَأْتُ دَعْوَتِي شَفَاعَةً لِأُمَّتِي يَوْمَ الْقِيَامَةِ، فَهِيَ نَائِلَةٌ إِنْ شَاءَ اللَّهُ مَنْ مَاتَ مِنْ أُمَّتِي لَا يُشْرِكُ بِاللَّهِ شَيْئًا».,"""ކޮންެމެ ނަބިއްޔަކަށް އިޖާބަވެވިގެންވާ ދުޢާއެއް ލިބިގެންވެއެވެ. ދެންފަހެ ކޮންމެ ނަބިއްޔަކު، އެ ނަބިއްޔަކަށް ލިބިގެންވާ ދުޢާއާއިގެން އަވަސްވެލެއްވިއެވެ. އަދި ތިމަންކަލޭގެފާނުގެ ދުޢާ، ޤިޔާމަތްދުވަހު ތިމަންކަލޭގެފާނުގެ އުއްމަތަށް ހުރި ޝަފާޢަތެއްގެ ގޮތުގައި ފަހަށް ރައްކާކުރެއްވީމެވެ. ފަހެ ތިމަންކަލޭގެފާނުގެ އުއްމަތުން، ﷲ އާ އެއްވެސް އެއްޗެއް ޝަރީކު ނުކުރާ ޙާލު މަރުވެއްޖެ މީހަކަށް އެ ޝަފާޢަތް إن شاء الله ލިބޭހުއްޓެވެ."""
والأحاديث في هذا المعنى كثيرة.,މި މާނައިގައިވާ ޙަދީޘްތައް ގިނަވެގެންވެއެވެ.
وجميع ما ذكرنا من الآيات والأحاديث يدل على أن العبادة حق الله وحده، وأنه لا يجوز صرف شيء منها لغير الله، لا للأنبياء ولا لغيرهم، وأن الشفاعة مِلك لله جل جلاله، كما قال سبحانه:,އަހަރުމެން މި ނަންގަތް ހުރިހާ އާޔަތްތަކާއި ޙަދީޘްތައް ދަލީލުކުރަނީ: އަޅުކަމަކީ ހަމައެކަނި ﷲ ގެ ޙައްޤުފުޅެއް ކަމުގައިއެވެ. އަދި އެއިން އެއްވެސް ކަމެއް ﷲ ފިޔަވައި އެހެން ފަރާތަކަށް، ނަބިއްޔުންނަށްވެސް އެނޫން ބަޔަކަށްވިޔަސް އަނބުރާލުން ހުއްދަވެގެން ނުވާކަމެވެ. އަދި ޝަފާޢަތަކީ އެކަލާނގެ -ޖައްލަ ޖަލާލުހޫ-ގެ މިލްކެއްކަމެވެ. އެއީ އެކަލާނގެ ސުބްޙާނަހޫ ވަޙީކުރެއްވި ފަދައިންނެވެ:
﴿قُل لِّلَّهِ ٱلشَّفَٰعَةُ جَمِيعٗا...﴾,(ކަލޭގެފާނު ވިދާޅުވާށެވެ. ޝަފާޢަތްތެރިވުން އެކުއެކީ ވަނީ ﷲ އަށެވެ...)
[الزُّمَر: 44],[އައްޒުމަރު: 44]
ولا يستحقها أحد إلا بعد إذنه للشافع، ورضاه عن المشفوع فيه، وهو سبحانه لا يرضى إلا التوحيد -كما سبق-.,އަދި ޝަފާޢަތްތެރިވާ މީހާއަށް އެކަލާނގެ އިޛްނަދެއްވާ، އަދި ޝަފާޢަތްތެރިވެވޭ މީހާއަށް އެކަލާނގެ ރުއްސެވުމަށްފަހު މެނުވީ އެއްވެސް މީހަކަށް ޝަފާޢަތް ޙައްޤުވެގެން ނުވެއެވެ. އަދި އިސްވެދިޔަ ގޮތަށް، ތައުޙީދަށް މެނުވީ އެކަލާނގެ ސުބްޙާނަހޫ ނުރުއްސަވައެވެ.
وبناء عليه: فإن المشركين لا حظ لهم في الشفاعة، وقد أوضح الله هذا في قوله تعالى:,އެކަމުގެ މައްޗަށް ބިނާކޮށް: ފަހެ މުޝްރިކުންނަށް ޝަފާޢަތުން އެއްވެސް ނަޞީބެއް ނުވެއެވެ. ﷲ ތަޢާލާގެ މި ބަސްފުޅުގައި އެކަން ސާފުކޮށްދެއްވިއެވެ:
﴿فَمَا تَنفَعُهُمۡ شَفَٰعَةُ ٱلشَّٰفِعِينَ 48﴾,(ފަހެ ޝަފާޢަތްތެރިވާ މީހުންގެ ޝަފާޢަތަކުން، އެ މީހުންނަށް މަންފާއެއް ނުކުރާނެތެވެ.)
[المُدَّثر: 48]،,[އަލްމުއްދައްޘިރު: 48]
وقال تعالى:,އަދިވެސް އެކަލާނގެ ވަޙީކުރެއްވިއެވެ:
﴿...مَا لِلظَّٰلِمِينَ مِنۡ حَمِيمٖ وَلَا شَفِيعٖ يُطَاعُ﴾,(...(އެ ދުވަހުން) އަނިޔާވެރިންނަކަށް ރަޙުމަތްތެރިޔަކު އަދި ކިޔަމަންވެވޭނެ ޝަފާޢަތްތެރިޔަކުވެސް ނުވެއެވެ.)
[غافر: 18].,[ޣާފިރު: 18]
ومعلوم أن الظلم عند الإطلاق هو الشرك بالله، كما قال تعالى:,އެނގިގެންވާކަމަކީ: އަނިޔާވެރިކަން މުޠުލަޤުކޮށް އައިސްފިނަމަ އެއީ ﷲ އާ ޝިރުކު ކުރުމެވެ. އެއީ އެކަލާނގެ ތަޢާލާ ވަޙީކުރެއްވި ގޮތަށެވެ:
﴿...وَٱلۡكَٰفِرُونَ هُمُ ٱلظَّٰلِمُونَ﴾,(...އަދި ކާފަރުންނީ ހަމަ އަނިޔާވެރިންނެވެ.)
[البقرة: 254]،,[އަލްބަޤަރާ: 254]
وقال تعالى:,އަދިވެސް ﷲ ތަޢާލާ ވަޙީކުރެއްވިއެވެ:
﴿...إِنَّ ٱلشِّرۡكَ لَظُلۡمٌ عَظِيمٞ﴾,(...ހަމަކަށަވަރުން ޝިރުކަކީ ބޮޑުވެގެންވާ އަނިޔާއެކެވެ.)
[لقمان: 13].,[ލުޤްމާނު: 13]
أما ما ذكرته في السؤال: من قول بعض الصوفية في المساجد وغيرها: اللهم صل على من جعلته سببًا لانشقاق أسرارك الجبروتية، وانفلاقًا لأنوارك الرحمانية، فصار نائبًا عن الحضرة الربانية، وخليفة أسرارك الذاتية.. إلخ.,"ދެންފަހެ ތިބާގެ ސުވާލުގައި ނަންގަތް ކަންތައް ކަމުގައިވާ: ބައެއް ޞޫފީން މިސްކިތްތަކާއި އެހެން ތަންތާގައި: اللهم صل على من جعلته سببًا لانشقاق أسرارك الجبروتية، وانفلاقًا لأنوارك الرحمانية، فصار نائبًا عن الحضرة الربانية، وخليفة أسرارك الذاتية
 (އޭ ﷲ އެވެ! އިބައިލާހުގެ ޖަބަރޫތީ ސިއްރުތައް ފަޅައިގެން ދިޔުމަށް، އަދި އިބައިލާހުގެ ރަޙުމާނީ ނޫރުތައް ފަޅައިގެން ދިޔުމަށް ސަބަބެއްކަމުގައި އިބަ އިލާހު ލައްވާ، ދެން އިބައިލާހުގެ ރައްބާނީ ޙަޟްރަތުންވާ ނައިބެއްކަމުގައި، އަދި އިބައިލާހުގެ ޒާތީ ސިއްރުފުޅުތަކުގެ ޚަލީފާއެއްކަމުގައި ލެއްވި ފަރާތަށް ޞަލަވާތް ލައްވާށިއެވެ.) މިހެން ކިޔުމާމެދު ދަންނައެވެ:"
فالجواب: أن يقال: إن هذا الكلام وأشباهه من جملة التكلف والتنطع؛ الذي حذر منه نبينا محمد ﷺ؛ فيما رواه مسلم في الصحيح عن عبد الله بن مسعود رضي الله عنه، قال رسول الله ﷺ:,ފަހެ ޖަވާބަކީ: މި ބަސްތަކާއި މިއާ ވައްތަރު ތަކެއްޗަކީ: އަހަރުމެންގެ ނަބިއްޔާ މުޙައްމަދު ﷺ އެކަމަކާމެދު އިންޛާރުދެއްވާފައިވާ: ގަދަކަމުން ތަކްލީފުޖެހިގެން އުޅުމާއި ޙައްދުފަހަނައަޅާ ދިޔުމުގެ ތެރޭގައި ހިމެނޭ ކަންކަމެވެ. އެއީ މުސްލިމްގެ ޞަޙީޙުގައި، ޢަބްދު ﷲ ބްނު މަސްޢޫދު رضي الله عنه ގެ އަރިހުން ރިވާކުރެއްވި ބަސްފުޅުގައިއެވެ: ﷲ ގެ ރަސޫލާ ﷺ ޙަދީޘްކުރެއްވިއެވެ:
«هَلَكَ المُتَنَطِّعُونَ» قَالَهَا ثَلَاثًا.,"""ޙައްދުފަހަނައަޅައިގެން، (ބަހާއި ޢަމަލުގައި) މާ މަތިވެގެންނަން އުޅޭ މީހުން ހަލާކުވެއްޖެއެވެ."" ތިންފަހަރު އެހެން ޙަދީޘްކުރެއްވިއެވެ."
قال الإمام الخطابي رحمه الله:,އިމާމް ޚައްޠާބީ رحمه الله ވިދާޅުވިއެވެ:
المتنطع: المتعمق في الشيء، المتكلف البحث عنه؛ على مذاهب أهل الكلام الداخلين فيما لا يعنيهم، الخائضين فيما لا تبلغه عقولهم.,المتنطع 'މުތަނައްޠިޢު' އަކީ: އެއީ އެމީހުންނަށް މުހިއްމުކަމެއް ނެތް އަދި ޤަޞްދު ނުކުރެވޭ ކަންތަކުގެ ތެރެއަށް ވަދެގަނެ، އެމީހުންގެ ބުއްދިތައް އެއަށް ނުފޯރާ ކަންތަކުގައި ވާހަކަތައް ދައްކާ އުޅޭ ކަލާމްގެ އަހުލުވެރިންގެ މަޛްހަބުުތަކުގެ މަތީގައި؛ ކަމެއްގައި މާ ފުނަށްގޮސް، އެ ހޯދަން ގަދަކަމުން އުޅޭ މީހާއެވެ.
وقال أبو السعادات ابن الأثير:,އަބުއް ސަޢާދާތު އިބްނުލް އަޘީރު ވިދާޅުވިއެވެ:
هم المتعمقون المغالون في الكلام، المتكلمون بأقصى حلوقهم، مأخوذ من النطع وهو الغار الأعلى من الفم، ثم استُعمل في كل متعمق قولًا وفعلًا.,"""އެއީ ވާހަކައިގައި މާ ފުނަށްގޮސް، މާ މަތިވެގަންނަން އުޅޭ، ކަރުގެ އެންމެ އެތެރެއިން ވާހަކަދައްކާ މީހުންނެވެ. އެ ބަސް ނެގިފައިވަނީ: 'އައްނަޠްޢު' އިންނެވެ. އެއީ އަނގައިގެ އެންމެ މަތީގައިވާ އަޑިގަނޑެވެ. ދެން އެއަށްފަހު ބަހާއި ޢަމަލުގައި މާ ފުނަށް ދާން އުޅޭ ކޮންމެ މީހަކަށްވެސް އެ ބަސް ބޭނުން ކުރެވުނެވެ."""
وبما ذكره هذان الإمامان من أئمة اللغة، يتضح لك ولكل من له أدنى بصيرة، أن هذه الكيفية في الصلاة والسلام على نبينا وسيدنا رسول الله ﷺ؛ من جملة التكلف والتنطع المنهي عنه.,ބަހުގެ އިމާމުންގެ ތެރެއިންވާ މި ދެ އިމާމުން ޛިކުރުކުރެއްވި ކަންތަކުން ތިބާއަށާއި އަދި ބަޞީރަތެއް ކިރިޔާވެސް ހުރި މީހަކަށް ސާފުވެގެންދާނީ: އަހަރުމެންގެ ނަބިއްޔާ އަދި ސާހިބާ: ﷲ ގެ ރަސޫލާ ﷺ އަށް ޞަލަވާތާއި ސަލާމް ލެއްވުމަށް ދުޢާކުރުމުގައިވާ މި ގޮތްގަނޑަކީ: ނަހީވެގެންވާ ގޮތަށް ގަދަކަމުން ތަކުލީފުޖެހިގެން، މާ ފުނަށް ޙައްދުފަހަނައަޅައިގެން ދިޔުމުގެ ތެރެއިންވާ ކަމެއް ކަމެވެ.
والمشروع للمسلم في هذا الباب أن يتحرى الكيفية الثابتة عن رسول الله ﷺ في صفة الصلاة والسلام عليه، وفي ذلك غنية عن غيره.,މި ބާބުގައި މުސްލިމް މީހާއަށް ޝަރުޢުވެގެންވަނީ: ﷲ ގެ ރަސޫލާ ﷺ އަށް ޞަލަވާތާއި ސަލާމް ލެއްވުން އެދި ދުޢާކުރުމުގައި އެކަލޭގެފާނުގެ އަރިހުން ޘާބިތުވެގެންވާ ކައިފިއްޔަތުގައި ހިފުމަށް ސަމާލުވެ ފަރުވާތެރިވުމެވެ. އޭގައި އެހެން ގޮތްތަކަށް ނުގޮސް ފުދުންތެރިކަންވެއެވެ.
ومن ذلك: ما رواه البخاري ومسلم في الصحيحين عن كعب بن عجرة رضي الله عنه، أن الصحابة رضي الله عنهما قالوا: يا رسول الله! أمرنا الله أن نصلي عليك؛ فكيف نصلي عليك؟ فقال:,"އޭގެ ތެރޭގައި: އަލްބުޚާރީ އާއި މުސްލިމްގެ ދެ ޞަޙީޙުގައި، ކަޢުބު ބްނު ޢުޖްރާ رضي الله عنه ގެ އަރިހުން ރިވާކުރެއްވި ބަސްފުޅުވެއެވެ: އެއީ ޞަޙާބީން رضي الله عنهم ދެންނެވިކަމަށެވެ: ""އޭ ﷲ ގެ ރަސޫލާއެވެ! ކަލޭގެފާނުގެ މައްޗަށް ޞަލަވާތް ކިޔެވުމަށް ﷲ ވަނީ އަހަރުމެންނަށް އަމުރުކުރައްވާފައިއެވެ. ފަހެ އަހަރުމެން ކަލޭގެފާނަށް ޞަލަވާތް ކިޔަވާނީ ކިހިނެއްތޯއެވެ؟"" ދެން އެކަލޭގެފާނު ޙަދީޘްކުރެއްވިއެވެ:"
«قُولُوا: اللَّهُمَّ صَلِّ عَلَى مُحَمَّدٍ وَعَلَى آلِ مُحَمَّدٍ كَمَا صَلَّيْتَ عَلَى إِبرَاهِيمَ وَعَلَى آلِ إِبرَاهِيمَ، إِنَّكَ حَمِيدٌ مَجِيدٌ، وَبَارِكْ عَلَى مُحَمَّدٍ وَعَلَى آلِ مُحَمَّدٍ كَمَا بَارَكْتَ عَلَى إِبرَاهِيمَ وَعَلَى آلِ إِبرَاهِيمَ إِنَّكَ حَمِيدٌ مَجِيدٌ».,"""ތިޔަބައިމީހުން ކިޔާށެވެ: «اللَّهُمَّ صَلِّ عَلَى مُحَمَّدٍ وَعَلَى آلِ مُحَمَّدٍ، كَمَا صَلَّيْتَ عَلَى إبراهيم، وعلى آلِ إِبْرَاهِيمَ، إِنَّكَ حَمِيدٌ مَجِيدٌ، وَبَارِكْ عَلَى مُحَمَّدٍ وَعَلَى آلِ مُحَمَّدٍ، كَمَا بَارَكْتَ عَلَى إبراهيم، وعلى آلِ إِبْرَاهِيمَ، إِنَّكَ حَمِيدٌ مَجِيدٌ».
 (އޭ ﷲ! މުޙައްމަދުގެފާނު މައްޗަށާއި އަދި މުޙައްމަދުގެފާނުގެ އާލުންގެ މައްޗަށް ޞަލަވާތް ލައްވާށިއެވެ! އެއީ އިބައިލާހު އިބްރާހީމުގެފާނަށާއި އެކަލޭގެފާނުގެ އާލުންގެ މައްޗަށް ޞަލަވާތް ލެއްވި ފަދައިންނެވެ. ހަމަކަށަވަރުން އިބައިލާހުއީ ޙަމްދުލިބިވޮޑިގެންވާ މާތްވަންތަ އިލާހެވެ. އަދި މުޙައްމަދުގެފާނު މައްޗަށާއި، އަދި މުޙައްމަދުގެފާނުގެ އާލުންގެ މައްޗަށް ބަރަކާތް ލައްވާށިއެވެ! އެއީ އިބައިލާހު އިބްރާހީމްގެފާނަށާއި އެކަލޭގެފާނުގެ އާލުންގެ މައްޗަށް ބަރަކާތް ލެއްވި ފަދައިންނެވެ. ހަމަކަށަވަރުން އިބައިލާހުއީ ޙަމްދުލިބިވޮޑިގެންވާ މާތްވަންތަ އިލާހެވެ.)"
وفي الصحيحين عن أبي حُميد الساعدي رضي الله عنه: أنهم قالوا: يا رسول الله! كيف نصلي عليك؟ قال:,"އަދިވެސް ދެ ޞަޙީޙުގައި، އަބޫ ޙުމައިދު އައްސާޢިދީ رضي الله عنه ގެ އަރިހުން ރިވާވެގެންވެއެވެ: އެބޭކަލުން ދެންނެވިއެވެ: ""އޭ ﷲ ގެ ރަސޫލާއެވެ! އަހަރުމެން ކަލޭގެފާނުގެ މައްޗަށް ޞަލަވާތް ކިޔަވާނީ ކިހިނެއްތޯއެވެ؟"" އެކަލޭގެފާނު ޙަދީޘްކުރެއްވިއެވެ:"
«قُولُوا: اللَّهُمَّ صَلِّ عَلَى مُحَمَّدٍ وَعَلَى أَزْوَاجِهِ وَذُرِّيَّتِهِ كَمَا صَلَّيْتَ عَلَى آلِ إِبرَاهِيمَ، وَبَارِكْ عَلَى مُحَمَّدٍ وَعَلَى أَزْوَاجِهِ وَذُرِّيَّتِهِ كَمَا بَارَكْتَ عَلَى آلِ إِبرَاهِيمَ، إِنَّكَ حَمِيدٌ مَجِيدٌ».,"""ތިޔަބައިމީހުން ކިޔާށެވެ: «اللَّهُمَّ صَلِّ عَلَى مُحَمَّدٍ وَعَلَى أَزْوَاجِهِ وَذُرِّيَّتِهِ كَمَا صَلَّيْتَ عَلَى آلِ إِبرَاهِيمَ، وَبَارِكْ عَلَى مُحَمَّدٍ وَعَلَى أَزْوَاجِهِ وَذُرِّيَّتِهِ كَمَا بَارَكْتَ عَلَى آلِ إِبرَاهِيمَ، إِنَّكَ حَمِيدٌ مَجِيدٌ».
 (އޭ ﷲ އެވެ! މުޙައްމަދުގެފާނު މައްޗަށާއި، އަދި އެކަލޭގެފާނުގެ އަނބިއަނބިކަނބަލުންނާއި ދަރިދަރިކަލުންގެ މައްޗަށް ޞަލަވާތް ލައްވާށިއެވެ! އެއީ އިބައިލާހު އިބްރާހީމުގެފާނުގެ އާލުންގެ މައްޗަށް ޞަލަވާތް ލެއްވި ފަދައިންނެވެ. އަދި މުޙައްމަދުގެފާނު މައްޗަށާއި، އަދި އެކަލޭގެފާނުގެ އަނބިއަނބިކަނބަލުންނާއި ދަރިދަރިކަލުންގެ މައްޗަށް ބަރަކާތް ލައްވާށިއެވެ! އެއީ އިބައިލާހު އިބްރާހީމްގެފާނުގެ އާލުންގެ މައްޗަށް ބަރަކާތް ލެއްވި ފަދައިންނެވެ. ހަމަކަށަވަރުން އިބައިލާހުއީ ޙަމްދުލިބިވޮޑިގެންވާ މާތްވަންތަ އިލާހެވެ.)"
وفي صحيح مسلم عن أبي مسعود الأنصاري رضي الله عنه قال: قال بشير بن سعد: يا رسول الله! أمرَنا الله أن نصلي عليك؛ فكيف نصلي عليك؟ فسكتَ ثم قال:,"އަދި ޞަޙީޙު މުސްލިމްގައި، އަބޫ މަސްޢޫދު އަލްއަންޞާރީ رضي الله عنه ވިދާޅުވިކަމަށް އައިސްފައިވެއެވެ: ބަޝީރު ބްނު ސަޢުދު ދެންނެވިއެވެ: ""އޭ ﷲ ގެ ރަސޫލާއެވެ! ކަލޭގެފާނުގެ މައްޗަށް ޞަލަވާތް ކިޔެވުމަށް ﷲ ވަނީ އަހަރުމެންނަށް އަމުރުކުރައްވާފައިއެވެ. ފަހެ އަހަރުމެން ކަލޭގެފާނުގެ މައްޗަށް ޞަލަވާތް ކިޔަވާނީ ކިހިނެއްތޯއެވެ؟"" އެހިނދު އެކަލޭގެފާނު ހަނުހުންނެވިއެވެ. ދެން ޙަދީޘްކުރެއްވިއެވެ:"
«قُولُوا: اللَّهُمَّ صَلِّ عَلَى مُحَمَّدٍ وَعَلَى آلِ مُحَمَّدٍ؛ كَمَا صَلَّيْتَ عَلَى آلِ إِبرَاهِيمَ، وَبَارِكْ عَلَى مُحَمَّدٍ وَعَلَى آلِ مُحَمَّدٍ؛ كَمَا بَارَكْتَ عَلَى آلِ إِبرَاهِيمَ فِي العَالَمِينَ، إِنَّكَ حَمِيدٌ مَجِيدٌ، وَالسَّلَامُ كَمَا عَلِمتُم».,"""ތިޔަބައިމީހުން ކިޔާށެވެ: «اللَّهُمَّ صَلِّ عَلَى مُحَمَّدٍ وَعَلَى آلِ مُحَمَّدٍ؛ كَمَا صَلَّيْتَ عَلَى آلِ إِبرَاهِيمَ، وَبَارِكْ عَلَى مُحَمَّدٍ وَعَلَى آلِ مُحَمَّدٍ؛ كَمَا بَارَكْتَ عَلَى آلِ إِبرَاهِيمَ فِي العَالَمِينَ، إِنَّكَ حَمِيدٌ مَجِيدٌ».
 (އޭ ﷲ އެވެ! މުޙައްމަދުގެފާނު މައްޗަށާއި އަދި މުޙައްމަދުގެފާނުގެ އާލުންގެ މައްޗަށް ޞަލަވާތް ލައްވާށިއެވެ! އެއީ އިބައިލާހު އިބްރާހީމުގެފާނުގެ އާލުންގެ މައްޗަށް ޞަލަވާތް ލެއްވި ފަދައިންނެވެ. އަދި މުޙައްމަދުގެފާނު މައްޗަށާއި، އަދި މުޙައްމަދުގެފާނުގެ އާލުންގެ މައްޗަށް ބަރަކާތް ލައްވާށިއެވެ! އެއީ ޢާލަމްތަކުގެ ތެރޭގައި އިބައިލާހު އިބްރާހީމްގެފާނުގެ އާލުންގެ މައްޗަށް ބަރަކާތް ލެއްވި ފަދައިންނެވެ. ހަމަކަށަވަރުން އިބަ އިލާހުއީ ޙަމްދުލިބިވޮޑިގެންވާ މާތްވަންތަ އިލާހެވެ.) 
 އަދި ސަލާމްލެއްވުން އެދި ދެންނެވުންވަނީ ތިޔަބައިމީހުންނަށް އެނގިގެންވާ ގޮތަށެވެ."""
فهذه الألفاظ وأشباهها وغيرها -مما ثبت عن النبي ﷺ- هي التي ينبغي للمسلم أن يستعملها في صلاته وسلامه على رسول الله ﷺ؛ لأن الرسول ﷺ هو أعلم الناس بما يليق أن يُستعمل في حقه، كما أنه أعلم الناس بما ينبغي أن يُستعمل في حق ربه من الألفاظ.,މި ލަފްޒުތަކާއި، މިއާ ވައްތަރު ލަފްޒުތަކާއި، އަދި އެނޫންވެސް ނަބިއްޔާ ﷺގެ އަރިހުން ޘާބިތުވެގެންވާ ލަފްޒުތަކަކީ: މުސްލިމްއަޅާ ﷲ ގެ ރަސޫލާ ﷺގެ މައްޗަށް ޞަލަވާތާއި ސަލާމް ލެއްވުމަށް އެދި ދުޢާކުރުމުގައި ބޭނުންކުރަން ޖެހޭނެ ލަފްޒުތަކެވެ. އެހެނީ ރަސޫލާ ﷺ ޙައްޤުފުޅުގައި ބޭނުންކުރެވުން ލާއިޤުވެ އެކަށޭނެ ބަސްތައް އެންމެ ބޮޑަށް ދެނެވަޑައިގަންނަވަނީ އެކަލޭގެފާނެވެ. އެފަދައިންމެ، އެކަލޭގެފާނުގެ ވެރި ރައްބުގެ ޙައްޤުފުޅުގައި ބޭނުންކުރެވޭނެ ލަފްޒުތައްވެސް މީސްތަކުންގެ ތެރެއިން އެންމެ ބޮޑަށް ދެނެވަޑައިގަންނަވަނީ އެކަލޭގެފާނެވެ.
أما الألفاظ المتكلفة والمحدَثة، والألفاظ المحتملة لمعنى غير صحيح؛ كالألفاظ التي ذُكرت في السؤال، فإنه لا ينبغي استعمالها؛ لما فيها من التكلف، ولكونها قد تُفسَّر بمعانٍ باطلة، مع كونها مخالفة للألفاظ التي اختارها رسول الله ﷺ وأرشد إليها أمته، وهو أعلم الخلق وأنصحهم وأبعدهم عن التكلف، عليه من ربه أفضل الصلاة والسلام.,ދެންފަހެ ގަދަކަމުން ގެނެސްފައިވާ އަދި އަލަށް އުފައްދާފައިވާ ލަފްޒުތަކާއި، ޞައްޙަ ނޫން މާނައެއް އެއިން ނެގުމުގެ ފުރުސަތު އޮންނަ ލަފްޒުތައް -މިސާލަކަށް ސުވާލުގައި ޛިކުރުކުރެވިގެންވާފަދަ ލަފްޒުތައް- ފަހެ އެ ލަފްޒުތައް ބޭނުންކުރުމަކީ އެދެވިގެންވާ ކަމެއް ނޫނެވެ. އެއީ އޭގައި ގަދަކަމުން ތަކްލީފު ޖެހިގެންވުން ވާތީއެވެ. އަދި އެއީ ބާޠިލު މާނަތަކުން ތަފްސީރު ކުރެވިދާނޭ ލަފްޒުތަކަކަށް ވާތީއެވެ. އެއީ ﷲ ގެ ރަސޫލާ ﷺ އިޚްތިޔާރުކުރައްވާ، އަދި އެކަލޭގެފާނުގެ އުއްމަތަށް އެއަށް އިރުޝާދުދެއްވި ލަފްޒުތަކާ އެލަފްޒުތައް ޚިލާފުވުމާވެސް އެކުގައިއެވެ. ޚަލްޤުތަކުންގެ ތެރެއިން އެންމެ ބޮޑަށް ދެނެވަޑައިގެންވާ، އަދި އެންމެ ނަޞޭޙަތްތެރި، އަދި ތަކްލީފުން އުޅުމުން އެންމެ ދުރުވެގެންވާ ބޭކަލަކީ އެކަލޭގެފާނެވެ. އެކަލޭގެފާނުގެ ވެރި ރައްބުގެ ޙަޟްރަތުން އެންމެ ހެޔޮވެގެންވާ ޞަލަވާތާއި ސަލާމް އެކަލޭގެފާނަށް ހުއްޓެވެ.
هذا وأرجو أن يكون فيما ذكرناه من الأدلة في بيان حقيقة التوحيد، وحقيقة الشرك، والفرق بين ما كان عليه المشركون الأولون، والمشركون المتأخرون في هذا الباب، وفي بيان كيفية الصلاة المشروعة على رسول الله ﷺ كفاية ومقنع لطالب الحق.,މިއެވެ. ތައުޙީދުގެ ހަޤީޤަތާއި، ޝިރުކުގެ ޙަޤީޤަތް ބަޔާންކުރުމުގައި، އަދި އިހުގެ މުޝްރިކުންނާއި، ފަހުގެ މުޝްރިކުން މި ބާބުގައި ތިބި ގޮތުގެ ތަފާތާއި، އަދި ﷲ ގެ ރަސޫލާ ﷺ ގެ މައްޗަށް ޝަރުޢުވެގެންވާ ޞަލަވާތް ކިޔެވުމުގައި އަހަރުމެން މި ބަޔާންކުރި ދަލީލުތަކުގައި: ޙައްޤު ހޯދާ މީހަކަށް ފުދޭނެ މިންވަރު އަދި ރުހި ޤަބޫލުކުރެވޭނެ މިންވަރު ވާނޭކަމަށް އުއްމީދުކުރަމެވެ.
أما من لا رغبة له في معرفة الحق؛ فهذا تابع لهواه، قال الله جل جلاله:,ދެންފަހެ ޙައްޤު ދެނެގަންނަން އެއްވެސް ޝައުޤުވެރިކަމެއް އަދި ދަހިވެތިކަމެއް ނެތް މީހާ؛ ފަހެ މީނާއީ އޭނާގެ އަމިއްލަ އެދުމަށް ތަބަޢަވާ މީހެކެވެ. ﷲ -ޖައްލަ ޖަލާލުހޫ- ވަޙީކުރެއްވިއެވެ:
﴿فَإِن لَّمۡ يَسۡتَجِيبُواْ لَكَ فَٱعۡلَمۡ أَنَّمَا يَتَّبِعُونَ أَهۡوَآءَهُمۡۚ وَمَنۡ أَضَلُّ مِمَّنِ ٱتَّبَعَ هَوَىٰهُ بِغَيۡرِ هُدٗى مِّنَ ٱللَّهِۚ إِنَّ ٱللَّهَ لَا يَهۡدِي ٱلۡقَوۡمَ ٱلظَّٰلِمِينَ50﴾,(ފަހެ އެމީހުން ކަލޭގެފާނަށް އިޖާބަ ނުދިންނަމަ ފަހެ ދެނެވަޑައިގަންނަވާށެވެ: ހަމަކަށަވަރުން އެމީހުން އެ ތަބަޢަވާކަން ކަށަވަރީ އެމީހުންގެ އަމިއްލަ އެދުންތަކަށެވެ. އަދި ﷲ ގެ ޙަޟްރަތުންވާ ތެދުމަގަކާ ނުލާ، އެ މީހެއްގެ އަމިއްލަ އެދުމަށް ތަބަޢަވީ މީހަކަށްވުރެ މަގުފުރެދުން ބޮޑީ ކާކުހެއްޔެވެ؟ ހަމަކަށަވަރުން އަނިޔާވެރި ބަޔަކަށް ﷲ ތެދުމަގެއް ނުދައްކަވާނެއެވެ.)
[القصص: 50].,[އަލްޤަޞަޞް: 50]
فَبَيَّن سبحانه في هذه الآية الكريمة: أن الناس بالنسبة إلى ما بعث الله به نبيَّه محمدًا ﷺ من الهدى ودين الحق قسمان:,ފަހެ އެކަލާނގެ ސުބްޙާނަހޫ މި މާތްވެގެންވާ އާޔަތުގައި ބަޔާންކުރެއްވީ: ﷲ އެކަލާނގެ ނަބިއްޔާ މުޙައްމަދު ﷺ އެކަމަކާގެން ފޮނުއްވި ތެދުމަގާއި ޙައްޤު ދީނާމެދު މީސްތަކުންގެ ނިސްބަތުން (އެމީހުން ކަންތައް ކުރި ގޮތަށް) ބަލާއިރު އެމީހުންވަނީ ދެ ބަޔަކަށެވެ:
أحدهما: مستجيب لله ولرسوله.,އެއް ބަޔަކީ: ﷲ އާއި އެކަލާނގެ ރަސޫލާއަށް އިޖާބަދިން މީހުންނެވެ.
والثاني: تابع لهواه؛ ثم أخبر سبحانه أنه لا أضل ممن اتبع هواه بغير هدًى من الله.,ދެވަނަ ބަޔަކީ: އަމިއްލަ އެދުމަށް ތަބަޢަވީ މީހުންނެވެ. ދެން އެއަށްފަހު އެކަލާނގެ ސުބްޙާނަހޫ ޚަބަރުދެއްވީ، ﷲ ގެ ޙަޟްރަތުންވާ ހިދާޔަތެއް ނެތި، އެމީހެއްގެ އަމިއްލަ އެދުމަށް ތަބަޢަވި މީހަކަށްވުރެ މަގުފުރެދުން ބޮޑުވެގެންވާ މީހަކު ނުވާކަމަށެވެ.
فنسأل الله ـ جل جلاله ـ العافية من اتباع الهوى، وأن يجعلنا وإياكم وسائر إخواننا من المستجيبين لله ولرسوله ﷺ، والمعظِّمين لشرعه، والمحذرين من كل ما يخالف شرعه من البدع والأهواء.. إنه جواد كريم.,އެހެންކަމުން އަހަރުމެން ﷲ -ޖައްލަ ޖަލާލުހޫ- ގެ ޙަޟްރަތުން އެދި ދަންނަވަނީ: އަމިއްލަ އެދުމަށް ތަބަޢަވުމުން އަޅަމެން ސަލާމަތްކޮށްދެއްވާ، އަދި އަޅަމެންނާއި، ތިޔަބައިމީހުންނާއި، އަދި އަޅަމެންގެ ހުރިހާ އަޚުންވެސް، ﷲ އާއި އެކަލާނގެ ރަސޫލާ ﷺ އަށް އިޖާބަދިން މީހުންގެ ތެރޭގައި، އަދި އެކަލާނގެ ޝަރުޢަށް ޤަދަރުކޮށް މާތްކޮށް ހިތާ މީހުންގެ ތެރޭގައި، އަދި އެކަލާނގެ ޝަރުޢާ ޚިލާފުވެގެންވާ ހުރިހާ ބިދުޢައަކާއި އަމިއްލަ އެދުންތަކާމެދު އިންޛާރުދޭ މީހުންގެ ތެރޭގައި ލެއްވުމަށެވެ....ހަމަކަށަވަރުން އެކަލާނގެއީ ނުހަނު ދީލަތިވަންތަ އޯގާވަންތަ މާތް އިލާހެވެ.
وصلى الله على عبده ورسوله؛ نبينا محمد وآله وأصحابه وأتباعه بإحسان إلى يوم الدين.,"ﷲ ތަޢާލާ، އެކަލާނގެ އަޅާ އަދި ރަސޫލާ ކަމުގައިވާ: އަހަރުމެންގެ ނަބިއްޔާ މުޙައްމަދުގެފާނަށާއި، އެކަލޭގެފާނުގެ އާލުންނާއި އަޞްޙާބުންނަށް އަދި ޤިޔާމަތް ދުވަހާ ހަމައަށް އިޙްސާންތެރިކަމާއެކު އެކަލޭގެފާނަށް ތަބަޢަވީހާ ބަޔަކަށް ޞަލަވާތާއި ސަލާމް ލައްވާށިއެވެ.
 وصلى الله على عبده ورسوله؛ نبينا محمد وآله وأصحابه وأتباعه بإحسان إلى يوم الدين."