bodyAR,bodyDV
الرسالة الخامسة:,ފަސްވަނަ ރިސާލާ:
حُكْمُ الْاِحْتِفَالِ بِالْمَوْلِدِ النَّبَوِيِّ وَغَيْرِهِ مِنَ الْمَوَالِدِ,އަލްމައުލިދުއް ނަބަވީ (ނަބިއްޔާގެ ޢީދު މީލާދު) އާއި އެހެނިހެން އުފަންދުވަސްތައް ފާހަގަކުރުމުގެ ޙުކުމް
الحمد لله، والصلاة والسلام على رسول الله، وعلى آله وصحبه ومن اهتدى بهداه.,ޙަމްދުހުރީ ﷲ އަށެވެ. އަދި ޞަލަވާތާއި ސަލާމް ހުރީ ﷲ ގެ ރަސޫލާއަށެވެ. އަދި އެކަލޭގެފާނުގެ އާލުންނަށާއި، އެކަލޭގެފާނުގެ އަޞްޙާބުންނަށާއި، އެކަލޭގެފާނުގެ ތެދުމަގުން ތެދުމަގު ލިބިގަތް ބަޔަކަށެވެ.
أَمَّا بَعْدُ: فقد تكرر السؤال من كثير عن حكم الاحتفال بمولد النبي ﷺ، والقيام له في أثناء ذلك، وإلقاء السلام عليه، وغير ذلك مما يُفعل في الموالد.,އެއަށް ފަހު ދަންނައެވެ: ނަބިއްޔާ ﷺގެ ޢީދު މީލާދު ފާހަގަކުރުމާއި، އެކަމުގެ ތެރޭގައި އެކަލޭގެފާނަށް (އިސްތިޤުބާލުކުރުމުގެ ގޮތުން) ކޮޅަށް ހުރުމާއި، އެކަލޭގެފާނަށް ސަލާމް ދެންނެވުމާއި، އެނޫންވެސް ޢީދު މީލާދުތަކުގައި ކުރާ ކަންކަން ކުރުމުގެ ޙުކުމާމެދު ގިނަ ބަޔަކުގެ ސުވާލު ތަކުރާރުވެއްޖެއެވެ.
والجواب أن يقال: لا يجوز الاحتفال بمولد الرسول ﷺ ولا غيره؛ لأن ذلك من البدع المحدَثة في الدين؛ لأن الرسول ﷺ لم يفعله، ولا خلفاؤه الراشدون، ولا غيرهم من الصحابة رضوان الله عليهم، ولا التابعون لهم بإحسان في القرون المفضلة، وهم أعلم الناس بالسُّنَّة، وأكمل حبًّا لرسول الله ﷺ، ومتابعة لشرعه ممن بعدهم،,ޖަވާބަކީ މިހެން ބުނުމެވެ: ރަސޫލާ ﷺގެ ޢީދު މީލާދު އަދި އެހެން މީހެއްގެ އުފަންދުވަސް ވެސް ފާހަގަކުރުން ހުއްދަވެގެން ނުވެއެވެ. އެހެނީ އެއީ ދީނުގައި އަލަށް އުފައްދާފައިވާ ބިދުޢަތަކުގެ ތެރެއިންވާ ކަމެކެވެ. އެހެނީ ރަސޫލާ ﷺ އެކަމެއް ނުކުރައްވައެވެ. އަދި އެކަލޭގެފާނުގެ ތެދުމަގު ލިބިވަޑައިގެންވި ޚަލީފާއިންވެސް، އަދި އެނޫން ޞަޙާބީން رضي الله عنهم ވެސް، އަދި ހެޔޮވެގެންވާ ޤަރުނުތަކުގައިވި އެބޭކަލުންނަށް އިޙްސާންތެރިކަމާއެކު ތަބަޢަވީ ބޭކަލުންވެސް ނުކުރައްވައެވެ. އެބޭކަލުންނީ އޭގެ ފަހުން އައި މީހުންނަށްވުރެ ބޮޑަށް ސުންނަތް ދެނެވަޑައިގަންނަވާ، އަދި ﷲ ގެ ރަސޫލާ ﷺ އަށް ލޯބިވުމާއި، އެކަލޭގެފާނުގެ ޝަރުޢަަށް ތަބަޢަވުން މާ ބޮޑަށް ފުރިހަމަވެގެންވާ ބޭކަލުންނެވެ.
وقد قال سبحانه وتعالى في كتابه المبين:,ﷲ ސުބްޙާނަހޫ ވަތަޢާލާ، އެކަލާނގެ ބަޔާންވެގެންވާ ފޮތުގައި ވަޙީކުރައްވާފައިވެއެވެ:
﴿...وَمَآ ءَاتَىٰكُمُ ٱلرَّسُولُ فَخُذُوهُ وَمَا نَهَىٰكُمۡ عَنۡهُ فَٱنتَهُواْ...﴾,(...އަދި ރަސޫލާ ތިޔަބައިމީހުންނަށް ގެނެސްދެއްވި ކޮންމެ އެއްޗެއްގައި، ފަހެ ތިޔަބައިމީހުން ހިފާށެވެ! އަދި އެކަލޭގެފާނު ތިޔަބައިމީހުންނަށް ނަހީކުރެއްވި ކޮންމެ ކަމަކުން، ފަހެ ތިޔަބައިމީހުން ދުރުވެގަންނާށެވެ!..)
[الحشر: 7].,[އަލްޙަޝްރު: 7]
وقال جل جلاله:,އަދި އެކަލާނގެ -ޖައްލަ ޖަލާލުހޫ- ވަޙީކުރެއްވިއެވެ:
﴿...فَلۡيَحۡذَرِ ٱلَّذِينَ يُخَالِفُونَ عَنۡ أَمۡرِهِۦٓ أَن تُصِيبَهُمۡ فِتۡنَةٌ أَوۡ يُصِيبَهُمۡ عَذَابٌ أَلِيمٌ﴾,(...ފަހެ އެކަލޭގެފާނުގެ އަމުރުފުޅާ ޚިލާފުވާ މީހުންނަށް ފިތުނައެއް ނުވަތަ ވޭންދެނިވި ޢަޛާބެއް ޖެހިދާނެކަމަށް، އެ މީހުން ހުށިޔާރުވެ ބިރުވެތިވާހުށިކަމެވެ.)
[النور: 63]،,[އައްނޫރު: 63].
وقال سبحانه:,އަދިވެސް ﷲ ސުބްޙާނަހޫ ވަޙީކުރެއްވިއެވެ:
﴿لَّقَدۡ كَانَ لَكُمۡ فِي رَسُولِ ٱللَّهِ أُسۡوَةٌ حَسَنَةٞ لِّمَن كَانَ يَرۡجُواْ ٱللَّهَ وَٱلۡيَوۡمَ ٱلۡأٓخِرَ وَذَكَرَ ٱللَّهَ كَثِيرٗا21﴾,(ހަމަކަށަވަރުން ﷲ ގެ ރަސޫލާގެ ކިބައިގައި ތިޔަބައިމީހުންނަށް ރިވެތިވެގެންވާ ނަމޫނާއެއް ވެއެވެ. (އެއީ) ﷲ އާއި އާޚިރަތަށް އެދޭ، ގިނަގިނައިން ﷲ ހަނދުމަކުރާ މީހަކަށެވެ.)
[الأحزاب: 21]،,[އަލްއަޙްޒާބު: 21].
وقال تعالى:,އަދިވެސް އެކަލާނގެ ވަޙީކުރެއްވިއެވެ:
﴿وَٱلسَّٰبِقُونَ ٱلۡأَوَّلُونَ مِنَ ٱلۡمُهَٰجِرِينَ وَٱلۡأَنصَارِ وَٱلَّذِينَ ٱتَّبَعُوهُم بِإِحۡسَٰنٖ رَّضِيَ ٱللَّهُ عَنۡهُمۡ وَرَضُواْ عَنۡهُ وَأَعَدَّ لَهُمۡ جَنَّٰتٖ تَجۡرِي تَحۡتَهَا ٱلۡأَنۡهَٰرُ خَٰلِدِينَ فِيهَآ أَبَدٗاۚ ذَٰلِكَ ٱلۡفَوۡزُ ٱلۡعَظِيمُ100﴾,(މުހާޖިރުންނާއި، އަންޞާރުންގެ ތެރެއިން ކުރިއަރާ ދިޔަ ބޭކަލުންނާއި، ހެޔޮގޮތުގައި އެ ބޭކަލުންނަށް ތަބަޢަވީ މީހުން (ދަންނާށެވެ.) ﷲ، އެ މީހުންނަށް ރުހިވޮޑިގެންފިއެވެ. އަދި އެ މީހުން އެ އިލާހަށް ރުހުނެވެ. އަދި އެ ތަންތާނގެ ދަށުން ކޯރުތައް ހިނގަހިނގާ ހުންނަ ބަގީޗާތައް، އެ އިލާހު އެ މީހުންނަށްޓަކައި ތައްޔާރު ކުރެއްވިއެވެ. އެ ތާނގައި، އެ މީހުން އަބަދަށް ދެމިތިބެނިވި ގޮތުގައެވެ. ބޮޑުވެގެންވާ ނަސީބު ލިބުމަކީ އެއީއެވެ.)
[التوبة: 100]،,[އައްތައުބާ: 100]
وقال تعالى:,އަދިވެސް ﷲ ތަޢާލާ ވަޙީކުރެއްވިއެވެ:
﴿...ٱلۡيَوۡمَ أَكۡمَلۡتُ لَكُمۡ دِينَكُمۡ وَأَتۡمَمۡتُ عَلَيۡكُمۡ نِعۡمَتِي وَرَضِيتُ لَكُمُ ٱلۡإِسۡلَٰمَ دِينٗا...﴾,(...މިއަދު ތިމަން އިލާހު، ތިޔަބައިމީހުންގެ ދީން ތިޔަބައިމީހުންނަށް ފުރިހަމަ ކޮށްދެއްވައިފީމެވެ. އަދި ތިމަން އިލާހުގެ ނިޢުމަތް، ތިޔަބައިމީހުންގެ މައްޗަށް ފުރިހަމަ ކޮށްދެއްވައިފީމެވެ. އަދި އިސްލާމްދީން ތިޔަބައިމީހުންނަށް ދީނެއްކަމުގައި، ތިމަން އިލާހު ރުހިވޮޑިގެންފީމެވެ...)
[المائدة: 3].,[އަލްމާއިދާ: 3]
والآيات في هذا المعنى كثيرة.,މި މާނައިގައިވާ އާޔަތްތައް ގިނަވެގެންވެއެވެ.
وقد ثبت عن النبي ﷺ أنه قال:,އަދި ނަބިއްޔާ ﷺ ޙަދީޘްކުރެއްވިކަމަށް ޘާބިތުވެގެންވެއެވެ:
«مَنْ أَحْدَثَ فِي أَمْرِنَا هَذَا مَا لَيْسَ مِنهُ فَهُوَ رَدٌّ».,"""އަހަރުމެންގެ މި ދީނުގެ ތެރެއަށް އޭގައި ނެތް އެއްޗެއް އުފައްދައިފި މީހަކު، ފަހެ އެ ކަމެއް ވަނީ ރައްދުކުރެވިގެންނެވެ."""
أي: مردود عليه،,އެބަހީ: އެމީހާގެ މައްޗަށް އަނބުރާ އެކަމެއް ރައްދުވެގެންވެއެވެ.
وقال في حديث آخر:,އެހެން ޙަދީޘެއްގައި އެކަލޭގެފާނު ޙަދީޘްކުރެއްވިއެވެ:
«عَلَيكُم بِسُنَّتِي وَسُنَّةِ الخُلَفَاءِ الرَّاشِدِينَ المَهْدِيَّينَ مِنْ بَعدِي، تَمَسَّكُوا بِهَا، وَعَضُّوا عَلَيهَا بِالنَّوَاجِذِ، وَإِيَّاكُمْ وَمُحْدَثَاتِ الأُمُورِ، فَإِنَّ كُلَّ مُحْدَثَةٍ بِدْعَةٌ وَكُلَّ بِدْعَةٍ ضَلَالةٌ».,"""ތިޔަބައިމީހުންގެ މައްޗަށްވަނީ ތިމަންކަލޭގެފާނުގެ ސުންނަތާއި، ތިމަންކަލޭގެފާނަށް ފަހު ތެދުމަގުގައިވާ ހިދާޔަތު ލިބިގެންވާ ޚަލީފާއިންގެ ސުންނަތެވެ. އޭގައި ތިޔަބައިމީހުން ހިފަހައްޓާހުށިކަމެވެ. އަދި ތިޔަބައިމީހުންގެ ކޮލު ދަތްތަކުން އޭގައި ދަތްއަޅާހުށިކަމެވެ. އަދި (ދީނުގެ ތެރެއަށް) އަލަށް އުފެއްދޭ ކަންކަމާމެދު ތިޔަބައިމީހުން ހުށިޔާރުވެ ޚަބަރުދާރުވާށެވެ. ފަހެ ހަމަކަށަވަރުން އަލަށް އުފެއްދޭ ކޮންމެ ކަމަކީ ބިދުޢައެކެވެ. އަދި ކޮންމެ ބިދުޢައަކީ މަގުފުރެދުމެކެވެ."""
ففي هذين الحديثين تحذير شديد من إحداث البدع، والعمل بها،,ފަހެ މި ދެ ޙަދީޘްގައި، ބިދުޢަތައް އުފައްދާ، އެއަށް ޢަމަލުކުރުމާމެދު ހަރުކަށިކޮށް އިންޛާރުދެވިގެންވެއެވެ.
وإحداث مثل هذه الموالد يُفهم منه أن الله سبحانه لم يُكمل الدين لهذه الأمة، وأن الرسول عليه الصلاة والسلام لم يُبلغ ما ينبغي للأمة أن تعمل به، حتى جاء هؤلاء المتأخرون، فأحدثوا في شرع الله ما لم يأذن به؛ زاعمين أن ذلك مما يقربهم إلى الله،,މިފަދަ ޢީދު މީލާތުތައް އުފެއްދުމުން އެއިން ދޭހަވަނީ ﷲ ސުބްޙާނަހޫ މި އުއްމަތަށް ދީން ފުރިހަމަކޮށް ނުދެއްވާ ކަމަށެވެ. އަދި އުއްމަތް އެއަށް ޢަމަލުކުރަން ޖެހޭ ކަންކަން ރަސޫލާ عليه الصلاة والسلام ފޯރުކޮށް ނުދެއްވާކަމަށެވެ. ފަހުން އައިސް މިއުޅޭ މީހުންތައް އައިސް، ﷲ އިޛްނަދެއްވާފައި ނުވާ ކަންތަކެއް އެކަލާނގެ ޝަރުޢުގެ ތެރެއަށް އަލަށް އުފައްދައިގެން އިތުރުކޮށްފުމަށް ދާންދެނެވެ. (އެމީހުން އެކަންކުރީ) އެކަމަކީ އެމީހުން ﷲ ގެ ޙަޟްރަތަށް ކުއްތަންކޮށްދޭނެ ކަމެއްކަމަށް ދަޢުވާކުރާ ޙާލުގައިއެވެ.
وهذا بلا شك فيه خطر عظيم، واعتراض على الله سبحانه وعلى رسوله ﷺ، والله سبحانه قد أكمل لعباده الدين، وأتم عليهم النعمة، والرسول صلى الله عليه وسلم قد بلغ البلاغ المبين، ولم يترك طريقًا يوصل إلى الجنة، ويباعد من النار إِلَّا بَيَّنه للأمّة، كما ثبت في الحديث الصحيح عن عبد الله بن عمرو رضي الله عنه قال: قال رسول الله ﷺ:,އެއްވެސް ޝައްކެއްނެތް ގޮތުގައި މިއީ ބޮޑުވެގެންވާ ނުރައްކަލެކެވެ. އަދި ﷲ ސުބްޙާނަހޫ އާއި އެކަލާނގެ ރަސޫލާ ﷺ އަށް އިޢުތިރާޟުކުރުން (އިންކާރުކޮށް ފުރަގަސްދިނުން) އޭގައިވާ ކަމެކެވެ. ހުސްޠާހިރުވަންތަ ﷲ ވަނީ އެކަލާނގެ އަޅުތަކުންނަށް ދީން ފުރިހަމަކޮށްދެއްވާ، އަދި އެމީހުންގެ މައްޗަށް ނިޢުމަތް ފުރިހަމަކުރައްވާފައިކަން ކަށަވަރެވެ. އަދި ރަސޫލާ ﷺ ވަނީ ބަޔާންވެގެންވާ ފޯރުކޮށްދެއްވުމުން ފޯރުކޮށްދެއްވާފައިކަން ގައިމެވެ. އަދި ސުވަރުގެއަށް ވާޞިލުކޮށްދޭނޭ، އަދި ނަރަކައިން ދުރުކޮށްދޭނެ މަގެއް، އެކަލޭގެފާނުގެ އުއްމަތަށް ބަޔާންކޮށްދެއްވާފައި މެނުވީ އެކަލޭގެފާނު ދޫކުރައްވާފައި ނުވެއެވެ. އެއީ ޞައްޙަ ޙަދީޘްގައި، ޢަބްދު ﷲ ބްނު ޢަމްރު رضي الله عنه ވިދާޅުވިކަމަށް ޘާބިތުވެގެންވާ ފަދައިންނެވެ: ﷲ ގެ ރަސޫލާ ﷺ ޙަދީޘްކުރެއްވިކަމަށެވެ:
«مَا بَعَثَ اللهُ مِن نَبِيٍ إِلَّا كَانَ حَقًّا عَلَيهِ أَن يَدُلَّ أُمَّتَهُ عَلَى خَيرِ مَا يَعْلَمُهُ لَهُم، وَيُنْذِرَهُمْ شَرَّ مَا يَعْلَمُهُ لَهُمْ».,"""ﷲ ފޮނުއްވި ކޮންމެ ނަބިއްޔަކު ވެސް، އެ ނަބިއްޔެއްގެ އުއްމަތަށް، އެ ނަބިއްޔަކަށް އެނގިވަޑައިގަންނަވާ ހެޔޮ ކަންކަމަށް މަގުދެއްކެވުމާއި، އެ ނަބިއްޔަކަށް އެނގިވަޑައިގަންނަވާ ނުބައި ކަންކަމާމެދު އިންޒާރުކުރެއްވުން އެ ނަބިއްޔެއްގެ މައްޗަށް ޙައްޤުވެގެންވާ ގޮތުގައި މެނުވީ އެއްވެސް ނަބިއްޔަކު އެކަލާނގެ ނުފޮނުއްވަތެވެ."""
رواه مسلم في صحيحه.,ރިވާކުރެއްވީ މުސްލިމު އެކަލޭގެފާނުގެ ޞަޙީޙުގައިއެވެ.
ومعلوم أن نبينا ﷺ هو أفضل الأنبياء وخاتمهم، وأكملهم بلاغًا ونصحًا، فلو كان الاحتفال بالموالد من الدين الذي يرضاه الله سبحانه لبَيَّنه الرسول ﷺ للأمَّة، أو فعله في حياته، أو فعله أصحابه رضي الله عنهم، فَلَمَّا لم يَقع شيء من ذلك عُلم أنه ليس من الإسلام في شيء، بل هو من المحدَثات التي حذَّر الرسول ﷺ منها أمته، كما تقدم ذكر ذلك في الأحاديث.,އަދި އެނގިގެންވާނޭ ފަދައިން، އަހަރުމެންގެ ނަބިއްޔާ ﷺ އީ ނަބިއްޔުންގެ ތެރެއިން އެންމެ ހެޔޮވެގެންވާ ކަލޭގެފާނެވެ. އަދި އެބޭކަލުން ޚަތިމުކުރައްވާ، އަދި ފޯރުކޮށްދެއްވުމާއި ނަޞޭޙަތްތެރިވުންވެސް އެންމެ ފުރިހަމަ ކަލޭގެފާނެވެ. ދެންފަހެ ޢީދު މީލާދުތައް ފާހަގަކުރުމަކީ: ﷲ ސުބްޙާނަހޫ އެކަމަށް ރުހިވޮޑިގެންވާ ދީނުގެ ތެރެއިންވާ ކަމެއްނަމަ؛ ރަސޫލާ ﷺ އުއްމަތަށް އެކަން ބަޔާންކޮށްދެއްވީހެވެ. ނުވަތަ އެކަލޭގެފާނުގެ ޙަޔާތްޕުޅުގައި އެކަން ކުރެއްވީހެވެ. ނުވަތަ އެކަލޭގެފާނުގެ އަޞްޙާބުން رضي الله عنهم އެފަދައިން ކަންތައް ކުރެއްވީހެވެ. ދެންފަހެ އެއިން އެއްވެސް ކަމެއް ހިނގާފައިނުވުމުން އެނގިގެންދަނީ؛ އެއީ އެއްވެސް ގޮތަކުން އިސްލާމްދީނުގައިވާ ކަމެއް ނޫންކަމެވެ. ކިއެއްތަ، އެއީ ރަސޫލާ ﷺ އެ ކަންކަމާމެދު އެކަލޭގެފާނުގެ އުއްމަތަށް އިންޛާރުދެއްވި، (ދީނުގެ ތެރެއަށް) އަލަށް ވެއްދޭ ކަންކަމުގެ ތެރެއިންވާ ކަމެއްކަމެވެ. އެއީ ޙަދީޘްތަކުގައި އިސްވެ ބަޔާންވި ފަދައިންނެވެ.
والآيات والأحاديث في هذا الباب كثيرة.,މި ބާބުގައިވާ އާޔަތްތަކާއި ޙަދީޘްތައް ގިނަވެގެންވެއެވެ.
وقد صرح جماعة من العلماء بإنكار الموالد، والتحذير منها؛ عملًا بالأدلة المذكورة وغيرها، وخالف بعض المتأخرين: فأجازها إذا لم تشتمل على شيء من المنكرات؛ كالغلو في رسول الله ﷺ، وكاختلاط النساء بالرجال، واستعمال آلات الملاهي، وغير ذلك مما ينكره الشرع المطهر، وظنوا أنها من البدع الحسنة.,ޢިލްމުވެރިންގެ ޖަމާޢަތެއްވަނީ ޢީދު މީލާދުތަކަށް އިންކާރުކުރައްވާ، އަދި އެއާމެދު ޞަރީޙަކޮށް އިންޛާރުދެއްވާފައިއެވެ. އެއީ ބަޔާންކުރެވުނު ދަލީލުތަކާއި އެހެން ދަލީލުތަކަށް ޢަމަލުކުރެއްވުމުގެ ގޮތުންނެވެ. އަދި ފަހުން އައިސް އުޅޭ ބައެއް މީހުން އެއާ ޚިލާފުވެ، މުންކަރާތުން ކަމެއް އޭގައި ނުހިމެނޭ ގޮތަށް އެކަން ކުރުން ހުއްދަކުރިއެވެ. މިސާލަކަށް: ﷲ ގެ ރަސޫލާ ﷺ އާމެދު (މަތިކޮށް މާތްކުރުމުގައި) ޙައްދުފަހަނައަޅާ ދިޔުމާއި، (ހިލޭ) އަންހެނުންނާއި ފިރިހެނުން މަސްހުނިވުމާއި، މިޔުޒިކު ސާމާނު ބޭނުންކުރުމާއި، އެނޫންވެސް ޠާހިރުވެގެންވާ ޝަރުޢު އެ ކަންކަމަށް އިންކާރުކުރާ ކަންކަން ނުހިމެނޭނަމައެވެ. އަދި (އޭރުން) އެވެރިން ހީކުރީ އެއީ ހެޔޮ ރަނގަޅު ބިދުޢަތަކުގެ ތެރެއިންވާ ކަމެއްކަމަށެވެ.
والقاعدة الشرعية: رد ما تنازع فيه الناس إلى كتاب الله وسنة رسوله محمد ﷺ، كما قال الله جل جلاله:,ޝަރުޢީ ޤަވާޢިދަކީ: މީސްތަކުން އެކަމެއްގައި ދެބަސްވެ ޚިލާފުވާ ކަމެއް، ﷲ ގެ ފޮތާއި އެކަލާނގެ ރަސޫލާ މުޙައްމަދު ﷺ ގެ ސުންނަތަށް ރައްދުކުރުމެވެ. އެއީ ﷲ -ޖައްލަ ޖަލާލުހޫ- ވަޙީކުރެއްވިފަދައިންނެވެ:
﴿يَٰٓأَيُّهَا ٱلَّذِينَ ءَامَنُوٓاْ أَطِيعُواْ ٱللَّهَ وَأَطِيعُواْ ٱلرَّسُولَ وَأُوْلِي ٱلۡأَمۡرِ مِنكُمۡۖ فَإِن تَنَٰزَعۡتُمۡ فِي شَيۡءٖ فَرُدُّوهُ إِلَى ٱللَّهِ وَٱلرَّسُولِ إِن كُنتُمۡ تُؤۡمِنُونَ بِٱللَّهِ وَٱلۡيَوۡمِ ٱلۡأٓخِرِۚ ذَٰلِكَ خَيۡرٞ وَأَحۡسَنُ تَأۡوِيلًا59﴾,(އޭ އީމާންވެއްޖެ މީސްތަކުންނެވެ. ތިޔަބައިމީހުން ﷲ އަށް ކިޔަމަންވާށެވެ. އަދި ރަސޫލާއަށާއި، ތިޔަބައިމީހުންގެ ތެރެއިންވާ ވެރިންނަށް ވެސް ކިޔަމަންވާށެވެ. ފަހެ ކަމަކާމެދު ތިޔަބައިމީހުން ދެބަސްވެއްޖެނަމަ، ﷲ އާއި ރަސޫލާއަށް އެ ކަމެއް ރައްދުކުރާށެވެ. (އެބަހީ: އެކަމާމެދު ﷲ އާއި އެ އިލާހުގެ ރަސޫލާގެ ޙުކުމް އޮތްގޮތެއް ބަލައި އެ ގޮތަށް ޢަމަލުކުރާށެވެ.) އެއީ ތިޔަބައިމީހުން ﷲ އާއި އާޚިރަތް ދުވަހަށް އީމާންވާ ކަމުގައި ވާނަމައެވެ. އެ ގޮތް ތިޔަބައިމީހުންނަށް ހެޔޮކަން ބޮޑެވެ. އަދި ނިމުމެއްގެ ގޮތުން ރީތިކަންވެސް ބޮޑުމެއެވެ.)
[النساء: 59]،,[އައްނިސާއު: 59].
وقال تعالى:,އަދިވެސް އެކަލާނގެ ވަޙީކުރެއްވިއެވެ:
﴿وَمَا ٱخۡتَلَفۡتُمۡ فِيهِ مِن شَيۡءٖ فَحُكۡمُهُۥٓ إِلَى ٱللَّهِ ...﴾,(އަދި ތިޔަބައިމީހުން އެ ކަމަކާމެދުގައި ޚިލާފުވާ ކޮންމެ ކަމެއްގެ ޙުކުމް ކުރެއްވުން ވަނީ، ﷲ އަށެވެ...)
[الشورى: 10].,[އައްޝޫރާ: 10]
وقد ردَدنا هذه المسألة: وهي: الاحتفال بالموالد إلى كتاب الله سبحانه، فوجدناه يأمرنا باتباع الرسول ﷺ فيما جاء به، ويحذرنا عما نهى عنه، ويخبرنا بأن الله سبحانه قد أكمل لهذه الأمة دينها، وليس هذا الاحتفال مما جاء به الرسول ﷺ؛ فيكون ليس من الدين الذي أكمله الله لنا، وأمرنا باتباع الرسول فيه.,އަދި އަހަރުމެން މި މައްސަލަ -އެ މައްސަލައަކީ: ޢީދު މީލާދުތައް ފާހަގަކުރުން- ﷲ ސުބްޙާނަހޫގެ ފޮތަށް ރައްދުކުރީމެވެ. ދެން އަހަރުމެންނަށް ފެނުނީ ރަސޫލާ ﷺ ގެންނެވި ކަންކަމަށް ތަބަޢަވުމަށް އެ ފޮތުން އަމުރުކުރައްވާ، އަދި އެކަލޭގެފާނުގެ ނަހީކުރެއްވި ކަންކަމާމެދު އަހަރުމެންނަށް އިންޛާރުދެއްވާ ތަނެވެ. އަދި އެ ފޮތުން އަހަރުމެންނަށް ޚަބަރުދެނީ: ﷲ ސުބްޙާނަހޫ މި އުއްމަތަށް، މި އުއްމަތުގެ ދީން ފުރިހަމަކޮށްދެއްވާފައިވާ ކަމެވެ. އަދި މިގޮތަށް ޢީދު މީލާދުތައް ފާހަގަކޮށް އިޙްތިފާލުކުރުމަކީ ރަސޫލާ ﷺ ގެންނެވި ކަންކަމުގެ ތެރޭގައިވާ ކަމެއް ނޫނެވެ. އެހިނދުން، ﷲ އަހަރުމެންނަށް ފުރިހަމަކޮށްދެއްވާ، އަދި އެ ކަމުގައި ރަސޫލާއަށް ތަބަޢަވުމަށް އަހަރުމެންނަށް އަމުރުކުރެއްވި ދީނުގެ ތެރެއިން އެ ކަންތައް ނުވެއެވެ.
وقد رددنا ذلك -أيضًا -: إلى سنة الرسول ﷺ؛ فلم نجد فيها أنه فعله، ولا أمر به، ولا فعله أصحابه رضي الله عنهم؛ فعلمنا بذلك أنه ليس من الدين، بل هو من البدع المحدَثة، ومن التشبه بأهل الكتاب من اليهود والنصارى في أعيادهم.,އަދި އަހަރުމެން އެކަންތައް ރަސޫލާ ﷺގެ ސުންނަތަށްވެސް ރައްދުކުރީމެވެ. ދެންފަހެ އެކަލޭގެފާނު އެކަންތައް ކުރެއްވިކަމެއް، އަދި އެކަމަށް އަމުރުކުރެއްވިކަމެއްވެސް، އަދި އެކަލޭގެފާނުގެ އަޞްޙާބުން ވެސް އެކަން ކުރެއްވިކަމެއް އަހަރުމެންނަކަށް ނުފެނުނެވެ. ދެން އެއިން އަހަރުމެންނަށް އެނގިގެންދިޔައީ އެއީ ދީނުގެ ތެރެއިންވާ ކަމެއް ނޫންކަމެވެ. ކިއެއްތަ، އެއީ އަލަށް އުފައްދާފައިވާ ބިދުޢަތަކުން ބިދުޢައެއް ކަމާއި، އަދި ފޮތުގެ އަހުލުވެރިން ކަމުގައިވާ ޔަހޫދީންނާއި ނަޞާރާއިންގެ ޢީދުތަކުގައި އެމީހުންނާ އެއްގޮތްވުމުގެ ތެރެއިންވާ ކަމެއްކަމެވެ.
وبذلك يتضح لكل من له أدنى بصيرة ورغبة في الحق، وإنصاف في طلبه: أن الاحتفال بالموالد ليس من دين الإسلام، بل هو من البدع المحدثات، التي أمر الله سبحانه ورسوله ﷺ بتركها والحذر منها،,އެމީހަކަށް ކިރިޔާވެސް ހެޔޮ ވިސްނުމެއް، އަދި ޙައްޤު ހޯދުމުގެ ދަހިވެތިކަމެއް އޮތް، އަދި ޙައްޤު ހޯދުމުގައި އިންސާފުވެރިކަން އޮތް މީހަކަށް އެއިން ސާފުވެގެންދަނީ: ޢީދު މީލާދުތައް (އުފަންދުވަސްތައް) ފާހަގަކުރުމީ އިސްލާމްދީނުގެ ތެރެއިންވާ ކަމެއް ނޫންކަމެވެ. ކިއެއްތަ، އެއީ ﷲ ސުބްޙާނަހޫ އާއި އެކަލާނގެ ރަސޫލާ ﷺ އެ ކަންކަން ދޫކޮށްލުމަށާއި، އެކަންކަމާމެދު ހުށިޔާރުވެ ސަމާލުވުމަށް އަމުރުކުރައްވާފައިވާ، އަލަށް އުފައްދާފައިވާ ބިދުޢަތަކުގެ ތެރެއިންވާ ކަމެކެވެ.
وأنه لا ينبغي للعاقل أن يغتر بكثرة من يفعله من الناس في سائر الأقطار، فإن الحق لا يُعرف بكثرة الفاعلين، وإنما يُعرف بالأدلة الشرعية، كما قال تعالى عن اليهود والنصارى:,އަދި ދުނިޔޭގެ އެކި ކަންކޮޅުތަކުގައި އެކަން ކުރަމުން އަންނަ މީހުންގެ ގިނަކަމާހުރެ، ބުއްދިވެރިޔާ ހެއްލިގެންގޮސްގެން ނުވާނެއެވެ. އެހެނީ ޙައްޤަކީ އެކަން ކުރާ މީހުންގެ ގިނަކަމަށް ބަލާފައި އެނގޭ އެއްޗެއް ނޫނެވެ. ޙައްޤު އެނގޭނީ ހަމައެކަނި ޝަރުޢީ ދަލީލުތަކުންނެވެ. އެއީ ޔަހޫދީންނާއި ނަޞާރާއިންނާމެދުގައި ﷲ ތަޢާލާ ވަޙީކުރެއްވިގޮތަށެވެ:
﴿وَقَالُواْ لَن يَدۡخُلَ ٱلۡجَنَّةَ إِلَّا مَن كَانَ هُودًا أَوۡ نَصَٰرَىٰۗ تِلۡكَ أَمَانِيُّهُمۡۗ قُلۡ هَاتُواْ بُرۡهَٰنَكُمۡ إِن كُنتُمۡ صَٰدِقِينَ111﴾,(އެބައިމީހުން ބުންޏެވެ. ޔަހޫދީއަކު ކަމުގައި ނުވަތަ ނަޞާރާއަކު ކަމުގައިވާ މީހަކު މެނުވީ ސުވަރުގެއަށް ނުވަންނާނެއެވެ. އެއީ، އެބައިމީހުންގެ (ދޮގު) އުންމީދުތަކެވެ. ކަލޭގެފާނު ވިދާޅުވާށެވެ! ތިޔަބައިމީހުންނީ ތެދުވެރިންކަމުގައިވާނަމަ، ތިޔަބައިމީހުން (އެކަމުގެ ހެއްކާއި) ބުރުހާނު ގެންނާށެވެ!)
[البقرة: 111]،,[އަލްބަޤަރާ: 111]
وقال تعالى:,އަދިވެސް އެކަލާނގެ ވަޙީކުރެއްވިއެވެ:
﴿وَإِنْ تُطِعْ أَكْثَرَ مَنْ فِي الْأَرْضِ يُضِلُّوكَ عَنْ سَبِيلِ اللَّهِ...﴾,(އަދި ބިމުގައިވާ ގިނަ މީހުންނަށް ކަލޭގެފާނު ކިޔަމަންވެ ވަޑައިގެންފިނަމަ، އެ މީހުން ﷲ ގެ މަގުން ކަލޭގެފާނު ފުރައްދައިފާނެތެވެ...)
[الأنعام: 116]،,[އަލްއަންޢާމު: 116]
ثم إن غالب هذه الاحتفالات بالموالد مع كونها بدعة لا تخلو من اشتمالها على منكرات أخرى؛ كاختلاط النساء بالرجال، واستعمال الأغاني والمعازف، وشرب المسكرات والمخدرات، وغير ذلك من الشرور،,ދެން އެއަށްފަހު ޢީދު މީލާދުތަކަކީ ބިދުޢައެއް ކަމުގައިވުމާއެކު، މީގެ ގިނަ ފާހަގަކުރުންތަކުގައި އެހެން މުންކަރާތްތައް ނުހިމެނި ނުދެއެވެ. އަންހެނުންނާއި ފިރިހެނުން މަސްހުނިވުމާއި، ލަވަޔާއި މިޔުޒިކު ސާމާނުތައް ބޭނުންކުރުމާއި، މަސްތުވާތަކެތި ބުއިމާއި އެނޫންވެސް އެފަދަ ނުބައި ކަންކަމެވެ.
وقد يقع فيها ما هو أعظم من ذلك، وهو الشرك الأكبر، وذلك بالغلو في رسول الله ﷺ أو غيره من الأولياء ودعائه والاستغاثة به، وطلبه المدد، واعتقاد أنه يعلم الغيب، ونحو ذلك من الأمور الكفرية التي يتعاطاها الكثير من الناس حين احتفالهم بمولد النبي ﷺ وغيره ممن يسمونهم بالأولياء، وقد صح عن رسول الله ﷺ أنه قال:,އަދި އެއަށްވުރެ މާ ބޮޑުވެގެންވާ ކަންތަކެއްވެސް އެ ޙަފްލާތަކުގެ ތެރޭގައި ހިނގާފާނެއެވެ. އެއީ ބޮޑު ޝިރުކެވެ. އެއީ ﷲ ގެ ރަސޫލާ ﷺ އާމެދު ނުވަތަ އެނޫން ވަލީވެރިންގެ ބަޔަކު މަތިކޮށްގެން ޙައްދުފަހަނައަޅާ، އަދި ވާތްގަށް އެދި ދަންނަވާ، މަދަދަށް އެދި، އެ ފަރާތަކަށް ޣައިބު އެނގޭކަމަށް ޤަބޫލުކުރުމާއި، އެނޫންވެސް ނަބިއްޔާ ﷺގެ މައުލިދާއި އެމީހުން ވަލިއްޔުންކަމުގައި ނަންދޭ މީހުންގެ މީލާދުތައް ފާހަގަކުރާއިރު، މީސްތަކުންގެ ތެރެއިން ގިނަބަޔަކު އަރައިގަންނަ އެފަދަ ކުފުރުގެ ޢަމަލުތަކެވެ. ﷲ ގެ ރަސޫލާ ﷺ ޙަދީޘްކުރެއްވިކަމަށް ޞައްޙަވެގެންވެއެވެ:
«إِيَّاكُم وَالغُلُوُّ فِي الدِّينِ، فَإِنَّمَا أَهْلَكَ مَن كَانَ قَبْلَكُم الغُلُوَّ فِي الدِّينِ».,"""ދީނުގައި ޙައްދުފަހަނައަޅާ ދިޔުމާމެދު ތިޔަބައިމީހުން ނަމަނަމަ ޚަބަރުދާރުވާށެވެ! ފަހެ ތިޔަބައިމީހުންގެ ކުރިން އުޅުނު މީސްތަކުން ހަލާކުވެގެންދިޔަކަން ކަށަވަރީވެސް ދީނުގައި ޙައްދުފަހަނައެޅުމުގެ ސަބަބުންނެވެ."""
وقال عليه الصلاة والسلام:,އަދިވެސް އެކަލޭގެފާނު عليه الصلاة والسلام ޙަދީޘްކުރެއްވިއެވެ:
«لَا تُطْرُونِي كَمَا أَطْرَتِ النَّصَارَى ابْنَ مَرْيَمَ، إِنَّمَا أَنَا عَبدٌ، فَقُولُوا: عَبدُ اللهِ وَرَسُولُه».,"""ނަޞާރާއިން މަރްޔަމްގެފާނުގެ ދަރިކަލުން (ޢީސާގެފާނު) މަތިކުރުމުގައި ޙައްދުފަހަނައަޅާ ދިޔަ ގޮތަށް ތިޔަބައިމީހުން ތިމަންކަލޭގެފާނު މަތިކުރުމުގައި ޙައްދުފަހަނައަޅާ ނުދާހުށިކަމެވެ. ތިމަންކަލޭގެފާނު ވާކަން ކަށަވަރީ އަޅެއްކަމުގައިއެވެ. އެހެންކަމުން ""ﷲ ގެ އަޅާ އަދި އެކަލާނގެ ރަސޫލާއޭ"" ތިޔަބައިމީހުން ބުނާށެވެ."""
خَرَّجه البخاري في صحيحه، من حديث عمر رضي الله عنه.,މި ޙަދީޘް ނެރުއްވީ އަލްބުޚާރީ އެކަލޭގެފާނުގެ ޞަޙީޙުގައި، ޢުމަރު رضي الله عنه ގެ ޙަދީޘުންނެވެ.
ومن العجائب والغرائب: أن الكثير من الناس ينشط ويجتهد في حضور هذه الاحتفالات المبتدعة، ويدافع عنها، ويتخلف عما أوجب الله عليه من حضور الجُمع والجماعات، ولا يرفع بذلك رأسًا، ولا يرى أنه أتى منكرًا عظيمًا، ولا شك أن ذلك من ضعف الإيمان، وقلة البصيرة، وكثرة ما ران على القلوب من صنوف الذنوب والمعاصي، نسأل الله العافية لنا ولسائر المسلمين.,ޢަޖައިބުހުރި އާދަޔާ ޚިލާފުކަމަކީ: މިފަދަ ބިދުޢަވެރި ޙަފްލާތަކަށް ޙާޒިރުވުމަށް ގިނަ ބަޔަކު ހީވާގިވެ ހޭވައްޓާލާފައި އުޅެ، އަދި އެކަންކަން ދިފާޢުވެސް ކުރެއެވެ. އަނެއްކޮޅުން ﷲ އޭނާގެ މައްޗަށް ވާޖިބުކުރައްވާފައިވާ ކަންކަން ކަމުގައިވާ: ހުކުރާއި ޖަމާޢަތުގެ ނަމާދަށް ޙާޒިރުވުމުން ފަސްޖެހި ނުގޮސް ހުރެއެވެ. އަދި އެކަމާމެދު އެއްވެސް ސަމާލުކަމެއްދޭން ބޯ ހިއްލާވެސް ނުލައެވެ. އަދި އެ ކުރެވުނީ ބޮޑު މުންކަރާތެއްކަމުގައިވެސް ނުދެކެއެވެ. ޝައްކެއްނެތް ގޮތުގައި އެ ކަންވަނީ އީމާންކަން ބަލިކަށިވުމާއި، ބަޞީރަތާއި ޢިލްމު މަދުވުމާއި، އެކި ބާވަތްތަކުގެ އުރެދުންތަކާއި ފާފަތަކުން ހިތްތަކުގައި ދަބަރުޖަހާފައިވުން ގިނަވުމުންނެވެ. އަހަރުމެންނަށާއި، ހުރިހާ މުސްލިމުންނަށް ޢާފިޔަތުދެއްވުމަށް ﷲ ގެ ޙަޟްރަތުން އެދެމެވެ.
ومن ذلك: أن بعضهم يظن أن رسول الله ﷺ يحضر المولد؛ ولهذا يقومون له مُحيين ومرحبين، وهذا من أعظم الباطل وأقبح الجهل، فإن الرسول ﷺ لا يخرج من قبره قبل يوم القيامة، ولا يتصل بأحد من الناس، ولا يحضر اجتماعهم، بل هو مقيم في قبره إلى يوم القيامة، وروحه في أعلى عليين عند ربه في دار الكرامة، كما قال الله تعالى :,އަދިވެސް އޭގެ ތެރޭގައި: އޭގެ ބައެއް މީހުން ހީކުރާ ގޮތުގައި ﷲ ގެ ރަސޫލާ ﷺ، ޢީދު މީލާދު ފާހަގަކުރެވޭ ތަނަށް ޙާޟިރުވެ ވަޑައިގަންނަވައެވެ. މިހެންވެ އެކަލޭގެފާނަށް ސަލާމްކޮށް މަރުހަބާ ކިޔަން އެމީހުން ތެދުވެއެވެ. މިއީ އެންމެ ބޮޑެތި ބާޠިލު ކަންތަކުގެ ތެރެއިން، އަދި އެންމެ ހުތުރުވެގެންވާ ޖާހިލުކަމުގެ ތެރެއިންވާ ކަމެކެވެ. އެހެނީ ރަސޫލާ ﷺ، ޤިޔާމަތްދުވަހުގެ ކުރިން އެކަލޭގެފާނުގެ ޤަބުރުފުޅުން ނިކުމެވަޑައިނުގަންނަވާނެއެވެ. އަދި މީސްތަކުންގެ ތެރެއިން އެކަކާވެސް ނުގުޅުއްވާނެއެވެ. އަދި އެމީހުންގެ އެއްވުމަކަށްވެސް ޙާޟިރުވެވަޑައިނުގަންނަވައެވެ. ކިއެއްތަ، އެކަލޭގެފާނު ޤިޔާމަތްދުވަހާ ހަމައަށްވަނީ އެކަލޭގެފާނުގެ ޤަބުރުފުޅުގައި ޤާއިމުވެގެންނެވެ. އަދި އެކަލޭގެފާނުގެ ފުރާނަފުޅުވަނީ އެކަލޭގެފާނުގެ ވެރި ރައްބުގެ ޙަޟްރަތުގައި ކަރާމާތްތެރިކަމުގެ ގޮވެތީގައި، ޢިއްލިއްޔޫންގެ އެންމެ މަތީގައިއެވެ. އެއީ ﷲ ތަޢާލާ ވަޙީކުރެއްވިފަދައިންނެވެ:
﴿ثُمَّ إِنَّكُمْ بَعْدَ ذَلِكَ لَمَيِّتُونَ15,(ދެން ހަމަކަށަވަރުން ތިޔަބައިމީހުން އޭގެފަހުގައި މަރުވާނެކަން ކަށަވަރެވެ.
ثُمَّ إِنَّكُمْ يَوْمَ الْقِيَامَةِ تُبْعَثُونَ16﴾,ދެން ހަމަކަށަވަރުން ތިޔަބައިމީހުން ޤިޔާމަތް ދުވަހުން، އަލުންދިރުއްވައި މަޙުޝަރަށް ފޮނުވޭނެއެވެ.)
[المؤمنون: 15، 16].,[އަލްމުއުމިނޫން: 15- 16]
وقال النبي ﷺ:,އަދި ނަބިއްޔާ ﷺ ޙަދީޘްކުރެއްވިއެވެ:
«أَنَا أَوَّلُ مَنْ يَنْشَقُّ عَنْهُ القَبْرُ يَومَ القِيَامَةِ، وَأَنَا أَوَّلُ شَافِعٍ، وَأَوًّلُ مُشَفَّعٍ».,"""ތިމަންކަލޭގެފާނީ ޤިޔާމަތް ދުވަހު އެމީހަކުގެ މަތިން ޤަބުރު އެންމެ ފުރަތަމަ ފަޅައިގެންދާނޭ މީހާއެވެ. އަދި އެންމެ ފުރަތަމަ ޝަފާޢަތްތެރިވާނޭ ބޭކަލަކީވެސް، އަދި އެންމެ ފުރަތަމަ ޝަފާޢަތްތެރިވެވޭނެ ބޭކަލަކީވެސް ތިމަންކަލޭގެފާނެވެ."""
عليه من ربه أفضل الصلاة والسلام.,އެކަލޭގެފާނުގެ ވެރި ރައްބުގެ ޙަޟްރަތުން އެންމެ ހެޔޮ ޞަލަވާތާއި ސަލާމް އެކަލޭގެފާނުގެ މައްޗަށް ހުއްޓެވެ.
فهاتان الآيتان الكريمتان، والحديث الشريف، وما جاء في معناهما من الآيات والأحاديث: كلها تدل على أن النبي ﷺ وغيره من الأموات، إنما يَخرجون من قبورهم يوم القيامة، وهذا أمر مُجمع عليه بين علماء المسلمين؛ وليس فيه نزاع بينهم،,މި މާތް ދެ އާޔަތާއި، ޝަރަފުވެރި ޙަދީޘާއި، އަދި އެ މާނައިގައި އައިސްފައިވާ ހުރިހާ އާޔަތްތަކާއި ޙަދީޘްތައް ދަލީލުކުރަނީ: ނަބިއްޔާ ﷺ އާއި އެހެންވެސް މައްޔިތުން، އެބޭފުޅުންގެ ޤަބުރުތަކުން ނިކުންނަހުށީ ޤިޔާމަތްދުވަހު ކަމެވެ. މިއީ މުސްލިމުންގެ ޢިލްމުވެރިންގެ މެދުގައި އިޖްމާޢުވެވިގެންވާ ކަމެކެވެ. އެކަމުގައި އެބޭކަލުންގެ މެދުގައި ދެބަސްވުމެއް ނުވެއެވެ.
فينبغي لكل مسلم أن يتنبه لهذه الأمور، وأن يحذر مما أحدثه الجهال وأشباههم من البدع والخرافات؛ التي ما أنزل الله بها من سلطان، واللهُ المستعان، وعليه التكلان، ولا حول ولا قوة إلا به.,އެހެންކަމުން ކޮންމެ މުސްލިމަކުވެސް މި ކަންކަމަށް ސަމާލުވެ، އަދި ޖާހިލުންނާއި އެފަދަ މީހުން އުފައްދައިގެން އުޅޭ ބިދުޢަތަކާއި ޚުރާފާތްތަކާމެދު ހުށިޔާރުވެ ދުރުވާންޖެހެއެވެ. އެ ކަންކަމަކީ އެކަންކަމުގައި ﷲ އެއްވެސް ޙުއްޖަތެއް ބާވައިލައްވާފައި ނުވާ ކަންކަމެވެ. އެހީތެރިކަމަށް އެދެނީ ﷲ ގެ ޙަޟްރަތުންނެވެ. އަދި ވަކީލުކުރަނީ އެކަލާނގެއަށެވެ. އަދި އެއްވެސް އާރަކާއި ބާރެއް އެކަލާނގެ ޙަޟްރަތުން މެނުވީ ނުވެއެވެ.
أما الصلاة والسلام على رسول الله ﷺ: فهي من أفضل القربات، ومن الأعمال الصالحات، كما قال الله تعالى:,ދެންފަހެ ﷲ ގެ ރަސޫލާ ﷺ ގެ މައްޗަށް ޞަލަވާތާއި ސަލާމް ލެއްވުމަށް އެދި ދުޢާކުރުމީ އެންމެ މަތިވެރިވެގެންވާ ކުއްތަންކުރަނިވި ޢަމަލުތަކުގެ ތެރޭގައި، އަދި ޞާލިޙު ޢަމަލުތަކުގެ ތެރޭގައިވާ ކަމެކެވެ. އެއީ ﷲ ތަޢާލާ ވަޙީކުރެއްވި ގޮތަށެވެ:
﴿إِنَّ ٱللَّهَ وَمَلَٰٓئِكَتَهُۥ يُصَلُّونَ عَلَى ٱلنَّبِيِّۚ يَٰٓأَيُّهَا ٱلَّذِينَ ءَامَنُواْ صَلُّواْ عَلَيۡهِ وَسَلِّمُواْ تَسۡلِيمًا56﴾,(ހަމަކަށަވަރުން ﷲ އާއި އެ އިލާހުގެ މަލާއިކަތުން ނަބިއްޔާގެ މައްޗަށް ޞަލަވާތް ލައްވައެވެ. އޭ އީމާންވެއްޖެ މީސްތަކުންނޭވެ. ތިޔަބައިމީހުން އެކަލޭގެފާނުގެ މައްޗަށް ޞަލަވާތް ލެއްވުން އެދި ދުޢާ ކުރާށެވެ. އަދި އެކަލޭގެފާނުގެ މައްޗަށް ސަލާމް ލެއްވުން އެދި ތިޔަބައިމީހުން ގިނަގިނައިން ދުއާ ކުރާށެވެ.)
[الأحزاب: 56]،,[އަލްއަޙްޒާބު: 56].
وقال النبي ﷺ:,އަދި ނަބިއްޔާ ﷺ ޙަދީޘްކުރެއްވިއެވެ:
«مَنْ صَلَّى عَلَيَّ وَاحِدَةً؛ صَلَّى اللهُ عَلَيهِ بِهَا عَشْرًا».,"""ތިމަންކަލޭގެފާނުގެ މައްޗަށް އެއްފަހަރު ޞަލަވާތް ކިޔަވައިފި މީހަކަށް ﷲ އޭގެ ސަބަބުން ދިހަ ޞަލަވާތް ލައްވަތެވެ."""
وهي مشروعة في جميع الأوقات، ومتأكدة في آخر كل صلاة، بل واجبة عند جمع من أهل العلم في التشهد الأخير من كل صلاة.,އެއީ ހުރިހާ ވަޤުތެއްގައިވެސް ޝަރުޢުވެގެންވާ ކަމެކެވެ. އަދި ކޮންމެ ނަމާދެއްގެ ފަހުގައި ސުންނަތްކަން ގަދަވެގެންވާ، އަދި ކިއެއްތަ، ޢިލްމުގެ އަހުލުވެރިންގެ ޖަމާޢަތެއްގެ ގާތުގައި ކޮންމެ ނަމާދެއްގެ ފަހު އައްތަޙިއްޔާތުގައި ވާޖިބުވެސް ވެގެންވާ ކަމެކެވެ.
وتتأكد سنيتها في مواضع كثيرة؛ منها ما بعد الأذان، وعند ذكره عليه الصلاة والسلام، وفي يوم الجمعة وليلتها، كما دلت على ذلك أحاديث كثيرة.,އަދި ގިނަ މަޤާމުތަކެއްގައި އޭގެ ސުންނަތްކަން ގަދަވެގެންވެއެވެ. އޭގެ ތެރޭގައި: ބަންގީގެ ފަހުން، އަދި އެކަލޭގެފާނު عليه الصلاة والسلام ގެ ނަންފުޅު ގަނެވޭހިނދު، އަދި ހުކުރު ދުވަހާއި ހުކުރު ވިލޭރޭ ހިމެނެއެވެ. އެއީ ގިނަ ޙަދީޘްތަކަކުން އެކަމަށް ދަލީލުކޮށްފައިވާ ގޮތަށެވެ.
والله المسؤول أن يوفقنا وسائر المسلمين للفقه في دينه والثبات عليه، وأن يمن على الجميع بلزوم السُّنَّة، والحذر من البدعة، إنه جواد كريم.,އަހަރުމެންނާއި ހުރިހާ މުސްލިމުން، ﷲ ގެ ދީނުގައި ފިޤުހުވެރިވެ އަދި އެ ދީނުގައި ޘާބިތުވުމަށް ތައުފީޤުދެއްވާ، އަދި ހުރިހާ އެންމެން ސުންނަތުގައި ހިފަހައްޓާ، ބިދުޢައާމެދު ސަމާލުވެ ދުރުވުމުގެ ނިޢުމަތް ދެއްވުމަށް އެދި ދަންނަވަނީ ﷲ ގެ ޙަޟްރަތުންނެވެ. ހަމަކަށަވަރުން އެކަލާނގެއީ ދީލަތިވަންތަ މާތްވަންތަ އޯގާވަންތަ އިލާހެވެ.
وصلى الله وسلم على نبينا محمد وعلى آله وصحبه.,"އަހަރުމެންގެ ނަބިއްޔާ މުޙައްމަދުގެފާނަށާއި، އެކަލޭގެފާނުގެ އާލުންނާއި އަޞްޙާބުންނަށް ﷲ ޞަލަވާތާއި ސަލާމް ލައްވާށިއެވެ.
 وصلى الله وسلم على نبينا محمد وعلى آله وصحبه."
الرسالة السادسة:,ހަވަނަ ރިސާލާ:
حُكْمُ الْاِحْتِفَالِ بِلَيْلَةِ الإِسْرَاءِ وَالْمِعْرَاجِ,އިސްރާ މިޢުރާޖުގެ ރޭ ފާހަގަކުރުމުގެ ޙުކުމް
الحمد لله، والصلاة والسلام على رسول الله، وعلى آله وصحبه.,ޙަމްދުހުރީ ﷲ އަށެވެ. އަދި ޞަލަވާތާއި ސަލާމް ހުރީ ﷲ ގެ ރަސޫލާއަށެވެ. އަދި އެކަލޭގެފާނުގެ އާލުންނަށާއި، އެކަލޭގެފާނުގެ އަޞްޙާބުންނަށެވެ.
أَمَّا بَعْدُ: فَلَا ريب أن الإسراء والمعراج من آيات الله العظيمة الدَّالة على صدق رسوله محمد ﷺ، وعلى عظم منزلته عند الله جل جلاله، كما أنها من الدلائل على قدرة الله الباهرة، وعلى علوه سبحانه وتعالى على جميع خلقه، قال الله سبحانه وتعالى:,އެއަށްފަހު ދަންނައެވެ: އެއްވެސް ޝައްކެއް ނެތް ގޮތުގައި، އިސްރާއާއި މިޢުރާޖަކީ ﷲ ގެ ރަސޫލާ މުޙައްމަދު ﷺގެ ތެދުވެރިކަމަށް، އަދި ﷲ -ޖައްލަ ޖަލާލުހޫ- ގެ ޙަޟްރަތުގައި އެކަލޭގެފާނުގެ މަޤާމާއި ދަރަޖައިގެ މަތިވެރިކަމަށް ދަލީލުކުރާ އެކަލާނގެ މަތިވެރި ހެކިތަކުގެ ތެރެއިންވާ ހެއްކެކެވެ. އެފަދައިންމެ، އެއީ ﷲ ގެ ޢަޖައިބުކުރުވަނިވި ކުޅަދުންވަންތަކަމާއި، ހުރިހާ ޚަލްޤުތަކުންގެ މަތީގައި އުހުގައި އެކަލާނގެ ސުބްޙާނަހޫ ވަތަޢާލާ ވޮޑިގެންވާކަމަށްވެސް ދަލީލުކުރާ ކަމެކެވެ. ﷲ ސުބްޙާނަހޫ ވަތަޢާލާ ވަޙީކުރެއްވިއެވެ:
﴿سُبۡحَٰنَ ٱلَّذِيٓ أَسۡرَىٰ بِعَبۡدِهِۦ لَيۡلٗا مِّنَ ٱلۡمَسۡجِدِ ٱلۡحَرَامِ إِلَى ٱلۡمَسۡجِدِ ٱلۡأَقۡصَا ٱلَّذِي بَٰرَكۡنَا حَوۡلَهُۥ لِنُرِيَهُۥ مِنۡ ءَايَٰتِنَآۚ إِنَّهُۥ هُوَ ٱلسَّمِيعُ ٱلۡبَصِيرُ1﴾,(ތިމަން އިލާހުގެ ކުޅަދުންވަންތަކަމުގެ ހެކިތަކުގެ ތެރެއިން ބައެއް ދެއްކެވުމަށްޓަކައި، އަލްމަސްޖިދުލް ޙަރާމުން، އެތާނގެ ވަށައިގެން، ތިމަންއިލާހު ބަރަކާތް ލެއްވި އަލްމަސްޖިދުލް އަޤްޞާއަށް އެ އިލާހުގެ އަޅާ، ރޭގަނޑުން ބައެއްގައި ގެންދެވި އިލާހުގެ ހުސްޠާހިރުވަންތަކަމާއެވެ. ހަމަކަށަވަރުން އެ އިލާހީ، މޮޅަށް އައްސަވާވޮޑިގެންވާ، މޮޅަށް ބައްލަވާވޮޑިގެންވާ އިލާހެވެ.)
[الإسراء: 1].,[އަލްއިސްރާއު: 1]
وتواتر عن رسول الله ﷺ أنه عُرج به إلى السماوات، وفُتحت له أبوابها حتى جاوز السماء السابعة، فكلمه ربه سبحانه بما أراد، وفرض عليه الصلوات الخمس، وكان الله سبحانه فرضها أولًا خمسين صلاة، فلم يزل نبينا محمد ﷺ يراجعه ويسأله التخفيف، حتى جعلها خمسًا، فهي خمس في الفرض، وخمسون في الأجر؛ لأن الحسنة بعشر أمثالها، فلله الحمد والشكر على جميع نعمه.,އަދި ﷲ ގެ ރަސޫލާ ﷺ އާގެން އުޑުތަކަށް އަރާވަޑައިގަނެވުނުކަމާއި، ހަތްވަނަ އުޑު ފަހަނައަޅާ ވަޑައިގަންނަވަންދެން އެ އުޑުތަކުގެ ދޮރާށިތައް އެކަލޭގެފާނަށްޓަކައި ހުޅުވުނުކަމާއި، ދެން އެކަލޭގެފާނުގެ ވެރި ރައްބު ސުބްޙާނަހޫ އިރާދަކުރެއްވި ވާހަކަފުޅަކުން އެކަލޭގެފާނާ ވާހަކަފުޅުދެއްކެވިކަމާއި، އަދި އެކަލޭގެފާނުގެ މައްޗަށް ފަސް ނަމާދު ފަރުޟުކުރެއްވިކަން މުތަވާތިރުކޮށް އައިސްފައިވެއެވެ. އަދި ﷲ ސުބްޙާނަހޫ އެންމެ ފުރަތަމަ އެ ނަމާދުތައް ފަރުޟުކުރެއްވީ ފަންސާސް ނަމާދުގެ ގޮތުގައިއެވެ. ދެން އަހަރުމެންގެ ނަބިއްޔާ މުޙައްމަދު ﷺ، އެކަލާނގެ ޙަޟްރަތަށް ރުޖޫޢަވެވަޑައިގެން، ލުއިކޮށްދެއްވުމަށް އެދިވަޑައިގެން ދަންނަވަމުން ގެންދެވިއެވެ. އެހެންގޮސް އެކަލާނގެ ފަސް ނަމާދުގެ ގޮތުގައި އެ ނަމާދުތައް ލައްވަންދެނެވެ. ފަހެ ފަރުޟުވުމުގައި އެއީ ފަސް ނަމާދެވެ. އަދި އަޖުރުގެ ގޮތުން އެއީ ފަންސާސް ނަމާދެވެ. އެހެނީ ހެޔޮކަމަށް، އެއާ އެއްފަދަ ދިހަ ހެޔޮކަންވެއެވެ. ފަހެ ﷲ ގެ ހުރިހާ ނިޢުމަތްތަކަށްޓަކައި އެކަލާނގެއަށް ޙަމްދާއި ޝުކުރު ހުއްޓެވެ.
وهذه الليلة التي حصل فيها الإسراء والمعراج، لم يأت في الأحاديث الصحيحة تعيينها لا في رجب ولا غيره، وكل ما ورد في تعيينها فهو غير ثابت عن النبي ﷺ عند أهل العلم بالحديث، ولله الحكمة البالغة في إنساء الناس لها، ولو ثبت تعيينها لم يجز للمسلمين أن يخصوها بشيء من العبادات، ولم يجز لهم أن يحتفلوا بها؛ لأن النبي ﷺ وأصحابه رضي الله عنهم لم يحتفلوا بها، ولم يخصوها بشيء،,އިސްރާއާއި މިޢުރާޖުގެ ކަންތައް ހިނގި މި ރެޔަކީ ކޮން ރެޔެއްކަން ކަނޑައެޅިގެން ޞައްޙަ ޙަދީޘްތަކުގައި އައިސްފައި ނުވެއެވެ. ރަޖަބު މަހަށްވެސް އެހެން މަހަކަށްވިޔަސްމެއެވެ. އެއީ ކޮން ރެޔެއްކަން ކަނޑައެޅިފައި އައިސްފައިވާ ކޮންމެ އެއްޗަކީ، ޙަދީޘް ޢިލްމުގެ އަހުލުވެރިންގެ އަރިހުގައި ނަބިއްޔާ ﷺގެ އަރިހުން ޘާބިތުނުވާ ތަކެއްޗެވެ. މީސްތަކުންނަށް އެ ރެޔަކީ ކޮބައިކަން ހަނދުމަނެތި ކުރެއްވުމުގައި ﷲ ގެ ބޮޑުވެގެންވާ ޙިކްމަތެއްވެއެވެ. އަދި އެއީ ކޮން ރެޔެއްކަން (މިސާލަކަށް) ކަނޑައެޅިގެން ޘާބިތުވިޔަސް؛ އަޅުކަމުން އެއްވެސް ކަމެއް އެ ރެޔަށް ޚާއްޞަކޮށްގެން ކުރުން މުސްލިމުންނަށް ހުއްދަވެގެން ނުވެއެވެ. އަދި އެ ރޭ ފާހަގަކުރުންވެސް ހުއްދަވެގެން ނުވެއެވެ. އެހެނީ ނަބިއްޔާ ﷺ އާއި އެކަލޭގެފާނުގެ އަޞްޙާބުންވެސް އެ ރޭ ފާހަގައެއް ނުކުރައްވައެވެ. އަދި އެއްވެސް ކަމަކުން އެބޭކަލުން އެ ރޭ ޚާއްޞަ ނުކުރައްވައެވެ.
ولو كان الاحتفال بها أمرًا مشروعًا لبَيَّنه الرسول ﷺ للأمّة؛ إما بالقول وإما بالفعل، ولو وقع شيء من ذلك لعُرف واشتهر، ولنقله الصحابة رضي الله عنهم إلينا، فقد نقلوا عن نبيهم ﷺ كل شيء تحتاجه الأمّة، ولم يفرطوا في شيء من الدين، بل هم السابقون إلى كل خير، فلو كان الاحتفال بهذه الليلة مشروعًا لكانوا أسبق الناس إليه.,އެ ރޭ ފާހަގަކުރުމަކީ ޝަރުޢުވެގެންވާ ކަމެއްނަމަ؛ ރަސޫލާ ﷺ އުއްމަތަށް އެކަން ބަޔާންކޮށްދެއްވީހެވެ. ބަސްފުޅުން ނުވަތަ ޢަމަލުފުޅުންވިޔަސްމެއެވެ. އަދި އެފަދަ ކަމެއް ހިނގިނަމަ؛ އެކަމެއް އެނގި މަޝްހޫރުވީހެވެ. އަދި ޞަޙާބީން رضي الله عنهم އަހަރުމެންނަށް އެކަމެއް ނަޤުލުކުރެއްވީހެވެ. ފަހެ އެބޭކަލުންވަނީ، އުއްމަތް އެކަމަކަށް ޙާޖަތްޖެހޭ ކޮންމެ ކަމެއް ނަބިއްޔާ ﷺގެ އަރިހުން ނަޤުލުކުރައްވާފައިއެވެ. އަދި ދީނުގެ އެއްވެސް ކަމެއްގައި އެބޭކަލުން ފަރުވާކުޑަ ނުކުރައްވައެވެ. ކިއެއްތަ، އެބޭކަލުންނީ ކޮންމެ ހެޔޮކަމަށް އިސްވެ ކުރިއަރާދިޔަ ބޭކަލުންނެވެ. އެހެންކަމުން މި ރޭ ފާހަގަކުރުމަކީ ޝަރުޢުވެގެންވާ ކަމެއްނަމަ؛ ،މީސްތަކުންގެ ތެރެއިން އެކަމަށް އެންމެ ފުރަތަމަ ކުރިއަރާދިޔައީހީ އެބޭކަލުންނެވެ.
والنبي ﷺ هو أنصح الناس للناس، وقد بلغ الرسالة غاية البلاغ، وأدى الأمانة، فلو كان تعظيم هذه الليلة والاحتفال بها من دين الله لم يغفله النبي ﷺ ولم يكتمه، فَلَمَّا لم يقع شيء من ذلك؛ عُلم أن الاحتفال بها وتعظيمها ليسَا من الإسلام في شيء، وقد أكمل الله لهذه الأمّة دينها، وأتم عليها النعمة، وأنكر على مَن شرع في الدين ما لم يأذن به الله، فقال سبحانه وتعالى في كتابه المبين:,އަދި މީސްތަކުންނަށް އެންމެ ނަޞޭޙަތްތެރިވެ ވަޑައިގަންނަވާ ބޭކަލަކީ ނަބިއްޔާ ﷺ އެވެ. އެކަލޭގެފާނު ވަނީ ރިސާލަތު އެންމެ ފުރިހަމަ ފޯރުކޮށްދެއްވުމުން ފޯރުކޮށްދެއްވާ، އަދި އެ އަމާނާތް އަދާކުރައްވާފައިއެވެ. ދެންފަހެ މި ރޭ މަތިވެރިކޮށްގެން ފާހަގަކުރުމަކީ ﷲ ގެ ދީނުގެ ތެރެއިންވާ ކަމެއްނަމަ؛ ނަބިއްޔާ ﷺ އެކަމާމެދު ޣާފިލުވެވަޑައިނުގަތީހެވެ. އަދި އެކަން ވަންހަނާ ނުކުރެއްވީހެވެ. ދެންފަހެ އެއިން އެއްވެސް ކަމެއް ހިނގާފައި ނެތުމުން؛ އެނގިގެންދަނީ އެ ރޭ ފާހަގަކުރުމާއި، އެ ރޭ މަތިކޮށް މާތްކޮށްގެން އުޅުމަކީ އެއްވެސް ގޮތަކުން އިސްލާމްދީނުގެ ތެރޭގައި އޮތްކަމެއް ނޫންކަމެވެ. ﷲ ވަނީ މި އުއްމަތަށް މި އުއްމަތުގެ ދީން ފުރިހަމަކޮށްދެއްވާ، ނިޢުމަތްވެސް ފުރިހަމަކޮށްދެއްވާފައިއެވެ. އަދި ﷲ އިޛްނަދެއްވާފައި ނުވާ ކަމެއް ދީނުގެ ތެރެއަށް ކަނޑަޅައިގެން ޝަރުޢުކުރާ މީހުންނަށް އެކަލާނގެ އިންކާރުކުރެއްވިއެވެ. އެގޮތުން އެކަލާނގެ ސުބްޙާނަހޫ ވަތަޢާލާ، އެކަލާނގެ ބަޔާންވެގެންވާ ފޮތުގައި ވަޙީކުރެއްވިއެވެ:
﴿...ٱلۡيَوۡمَ أَكۡمَلۡتُ لَكُمۡ دِينَكُمۡ وَأَتۡمَمۡتُ عَلَيۡكُمۡ نِعۡمَتِي وَرَضِيتُ لَكُمُ ٱلۡإِسۡلَٰمَ دِينٗا...﴾,(...މިއަދު ތިމަން އިލާހު، ތިޔަބައިމީހުންގެ ދީން ތިޔަބައިމީހުންނަށް ފުރިހަމަ ކޮށްދެއްވައިފީމެވެ. އަދި ތިމަން އިލާހުގެ ނިޢުމަތް، ތިޔަބައިމީހުންގެ މައްޗަށް ފުރިހަމަ ކޮށްދެއްވައިފީމެވެ. އަދި އިސްލާމްދީން ތިޔަބައިމީހުންނަށް ދީނެއްކަމުގައި، ތިމަން އިލާހު ރުހިވޮޑިގެންފީމެވެ...)
[المائدة: 3]،,[އަލްމާއިދާ: 3]
وقال جل جلاله:,އަދި އެކަލާނގެ -ޖައްލަ ޖަލާލުހޫ- ވަޙީކުރެއްވިއެވެ:
﴿أَمۡ لَهُمۡ شُرَكَٰٓؤُاْ شَرَعُواْ لَهُم مِّنَ ٱلدِّينِ مَا لَمۡ يَأۡذَنۢ بِهِ ٱللَّهُۚ وَلَوۡلَا كَلِمَةُ ٱلۡفَصۡلِ لَقُضِيَ بَيۡنَهُمۡۗ وَإِنَّ ٱلظَّٰلِمِينَ لَهُمۡ عَذَابٌ أَلِيمٞ21﴾,(ނުވަތަ ﷲ، އިޛްނަ ދެއްވާފައި ނުވާކަމެއް، ދީނުން އެ މީހުންނަށް، ޝަރުޢުކޮށް ކަނޑައަޅައިދިން ޝަރީކުންތަކެއް އެ މީހުންނަށް ވޭހެއްޔެވެ؟ ޖަޒާދެއްވުން ކަނޑައެޅިގެންވާ ދުވަހަށް ލަސް ކުރެއްވުމުގެ ކަލިމަފުޅުނުވާނަމަ، އެ މީހުންގެ މެދުގައި ނިޔާކަނޑައެޅުނީސްކަން ކަށަވަރެވެ. އަދި ހަމަކަށަވަރުން އަނިޔާވެރިންނަށް ވޭންދެނިވި ޢަޛާބު ހުއްޓެވެ.)
[الشورى: 21].,[އައްޝޫރާ: 21]
وثبت عن رسول الله ﷺ في الأحاديث الصحيحة: التحذير من البدع، والتصريح بأنها ضلالة؛ تنبيهًا للأمة على عظم خطرها، وتنفيرًا لهم من اقترافها، ومن ذلك: ما ثبت في الصحيحين عن عائشة رضي الله عنها عن النبي ﷺ أنه قال:,އަދި ރަސޫލާ ﷺ ގެ އަރިހުން ޞައްޙަ ޙަދީޘްތަކުގައި، ބިދުޢަތަކާމެދު އިންޛާރުދެއްވުމާއި، އެއީ މަގުފުރެދުމެއްކަން ޞަރީޙަކޮށް ސާފުކޮށްދެއްވުން ޘާބިތުވެގެންވެއެވެ. އެއީ ބިދުޢައިގެ ނުރައްކާ ބޮޑުކަމުގެ މައްޗަށް އުއްމަތް ސަމާލުކުރުވުމާއި، އެއަށް އަރައިގަތުމާމެދު އެމީހުން ނަފުރަތްތެރިކުރުވާ ދުރުކުރުވުމަށެވެ. އޭގެ ތެރޭގައި، ދެ ޞަޙީޙުގައި ޢާއިޝާ رضي الله عنها ގެ އަރިހުން، ނަބިއްޔާ ﷺ ޙަދީޘްކުރެއްވިކަމަށް ޘާބިތުވެގެންވާ ބަސްފުޅުވެއެވެ:
«مَنْ أَحْدَثَ فِي أَمْرِنَا هَذَا مَا لَيْسَ مِنْهُ؛ فَهُوَ رَدٌّ».,"""އަހަރުމެންގެ މި ދީނުގެ ތެރެއަށް އޭގައި ނެތް އެއްޗެއް އުފައްދައިފި މީހަކު، ފަހެ އެ ކަމެއް ވަނީ ރައްދުކުރެވިގެންނެވެ."""
وفي رواية لمسلم:,އަދި މުސްލިމްގެ އެހެން ރިވާޔަތެއްގައިވެއެވެ:
«مَنْ عَمِلَ عَمَلًا لَيْسَ عَلَيهِ أَمْرَنَا؛ فَهُوَ رَدٌّ».,"""އަހަރުމެންގެ ކަންތައް އެ ގޮތަކަށް ނުވާ ގޮތަކަށް ޢަމަލެއްކޮށްފި މީހާ؛ ފަހެ އެ ކަމެއްވަނީ ރައްދުކުރެވިގެންނެވެ."""
وفي صحيح مسلم عن جابر رضي الله عنه قال: كان رسول الله ﷺ يقول في خطبته يوم الجمعة:,އަދިވެސް ޞަޙީޙު މުސްލިމްގައި ޖާބިރު رضي الله عنه ވިދާޅުވިކަމަށްވެއެވެ: ﷲ ގެ ރަސޫލާ ﷺ، ހުކުރު ދުވަހު ދެއްވާ ޚުޠުބާގައި ޙަދީޘްކުރައްވައެވެ:
«أَمَا بَعْدَ، فَإِنَّ خَيرَ الحَدِيثِ كِتَابُ اللهِ، وَخَيرَ الهَدْيِ هَدْيُ مُحَمَّدٍ ﷺ، وَشَرَّ الأُمُورِ مُحْدَثَاتُهَا، وَكُلَّ بِدْعَةٍ ضَلَالَةٌ».,"""އެއަށްފަހު ދަންނައެވެ. ފަހެ ހަމަކަށަވަރުން އެންމެ ހެޔޮވެގެންވާ ވާހަކަތަކަކީ ﷲ ގެ ފޮތެވެ. އަދި އެންމެ ހެޔޮވެގެންވާ ހިދާޔަތަކީ މުޙައްމަދު ﷺ ގެ ހިދާޔަތެވެ. އަދި އެންމެ ނުބައިވެގެންވާ ކަންކަމަކީ: އަލަށް އުފެއްދިގެންވާ ކަންކަމެވެ. އަދި (ދީީނުގެ ތެރެއަށް އަލަށް އުފެއްދޭ) ކޮންމެ ބިދުޢައަކީ މަގުފުރެދުމެކެވެ."""
زاد النسائي بسندٍ جيد:,އަދި ރަނގަޅު ސަނަދަކުން އައްނަސާއީ އިތުރުކުރެއްވިއެވެ:
«وَكُلَّ ضَلَالَةٍ فِي النَّارِ».,"""އަދި ކޮންމެ މަގުފުރެދުމެއްވަނީ ނަރަކާގައިއެވެ."""
وفي السنن عن العرباض بن سارية رضي الله عنه أنه قال: وعظنا رسول الله ﷺ موعظة بليغة، وجلت منها القلوب، وذرفت منها العيون فقلنا: يا رسول الله! كأنها موعظة مودع، فأوصِنا، فقال:,"އަދި ސުނަނު ފޮތްތަކުގައި، އަލްޢިރްބާޟު ބްނު ސާރިޔާ رضي الله عنه ވިދާޅުވިކަމަށް އައިސްފައިވެއެވެ: ""ﷲ ގެ ރަސޫލާ ﷺ އަހަރުމެންނަށް ބަލާޣާތްތެރި ވަޢުޡު ނަޞޭޙަތެއް ދެއްވިއެވެ. އެއިން ހިތްތައް ބިރުވެތިކޮށްލާ، ލޯތަކުން ކަރުނަތައް އޮހިގެންދިޔައެވެ. ދެން އަހަރުމެން ދެންނެވީމެވެ: އޭ ﷲ ގެ ރަސޫލާއެވެ! (ތިޔަ ދެއްވި ނަޞޭޙަތް) އަލްވަދާޢު ކިޔާ މީހެއްގެ ވަޢުޡު ނަޞޭޙަތެއް ފަދައެވެ. ފަހެ އަހަރުމެންނަށް ވަޞިއްޔަތް ކުރައްވާށެވެ. ދެން އެކަލޭގެފާނު ޙަދީޘްކުރެއްވިއެވެ:"
«أُوصِيكُم بِتَقْوَى اللهِ وَالسَّمعِ وَالطَّاعَةِ وَإِنْ تَأَمَّرَ عَلَيكُم عَبدٌ، فَإِنَّهُ مَنْ يَعِشْ مِنْكُم فَسَيَرَى اخْتِلَافًا كَثِيرًا، فَعَلَيكُم بِسُنَّتِي وَسُنَّةِ الخلُفَاءِ الرَّاشِدِينَ المَهْدِيِّينَ مِنْ بَعْدِي، تَمَسَّكُوا بِهَا وَعَضُّوا عَلَيْهَا بِالنَّوَاجِذِ، وَإِيَّاكُم وَمُحْدَثَاتِ الأُمُورِ، فَإِنَّ كُلَّ مُحْدَثَةٍ بِدْعَةٍ وَكُلَّ بِدْعَةٍ ضَلَالَةٌ».,"""ﷲ އަށް ތަޤުވާވެރިވުމަށާއި، ތިޔަބައިމީހުންގެ މައްޗަށް އަޅަކު އިސްކުރެވުނަސް އަޑުއަހާ ކިޔަމަންވުމަށް ތިމަންކަލޭގެފާނު ތިޔަބައިމީހުންނަށް ވަޞިއްޔަތް ކުރައްވަމެވެ. ފަހެ ހަމަކަށަވަރުން ތިޔަބައިމީހުންގެ ތެރެއިން ދިރިހުންނަ މީހަކަށް ގިނަ އިޚްތިލާފުތަކެއް ފެންނާނެއެވެ. ފަހެ ތިޔަބައިމީހުންގެ މައްޗަށްވަނީ ތިމަންކަލޭގެފާނުގެ ސުންނަތާއި، ތިމަންކަލޭގެފާނަށް ފަހު ތެދުމަގުގައިވާ ހިދާޔަތު ލިބިގެންވާ ޚަލީފާއިންގެ ސުންނަތެވެ. އޭގައި ތިޔަބައިމީހުން ހިފަހައްޓާހުށިކަމެވެ. އަދި ތިޔަބައިމީހުންގެ ކޮލު ދަތްތަކުން އޭގައި ދަތްއަޅާހުށިކަމެވެ. އަދި (ދީނުގެ ތެރެއަށް) އަލަށް އުފެއްދޭ ކަންކަމާމެދު ތިޔަބައިމީހުން ހުށިޔާރުވެ ޚަބަރުދާރުވާށެވެ. ފަހެ ހަމަކަށަވަރުން އަލަށް އުފެއްދޭ ކޮންމެ ކަމަކީ ބިދުޢައެކެވެ. އަދި ކޮންމެ ބިދުޢައަކީ މަގުފުރެދުމެކެވެ."""
والأحاديث في هذا المعنى كثيرة.,މި މާނައިގައިވާ ޙަދީޘްތައް ގިނަވެގެންވެއެވެ.
وقد ثبت عن أصحاب رسول الله ﷺ، وعن السلف الصالح بعدهم؛ التحذير من البدع والترهيب منها؛ وما ذاك إلا لأنها زيادة في الدين، وشرعٌ لم يأذن به الله، وتشبُّه بأعداء الله من اليهود والنصارى في زيادتهم في دينهم، وابتداعهم فيه ما لم يأذن به الله، ولأن لازمها التنقص للدين الإسلامي، واتهامه بعدم الكمال، ومعلوم ما في هذا من الفساد العظيم، والمنكر الشنيع، والمصادمة لقول الله جل جلاله:,ﷲ ގެ ރަސޫލާ ﷺގެ އަޞްޙާބުންގެ އަރިހުން، އަދި އެބޭކަލުންގެ ފަހުން އުޅުއްވި ހެޔޮވެގެންވާ ސަލަފުންގެ އަރިހުންވެސް؛ ބިދުޢަތަކާމެދު އިންޛާރުދެއްވުމާއި، އެކަމާމެދު ބިރުގެންނެވުމުގެ ބަސްތައްވަނީ ޘާބިތުވެގެންނެވެ. އެކަން އެހެންވީ: އެއީ ދީނުގެ ތެރެއަށް އިތުރުކުރުންކަމުގައި ވުމުންނާއި، އަދި ﷲ އިޛްނަ ދެއްވާފައި ނުވާ ކަންތަކެއް ޝަރުޢުކުރުންކަމުގައި ވުމުންނާއި، އަދި ﷲ ގެ ޢަދުއްވުންކަމުގައިވާ ޔަހޫދީންނާއި ނަޞާރާއިން އެމީހުންގެ ދީނަށް އިތުރުކޮށް، އަދި ﷲ އިޛްނަދެއްވާފައި ނުވާ ކަންތަކެއް ދީނުގެ ތެރެއަށް އެމީހުން އަލަށް އުފައްދައިގެން ގެނައި ގެނައުމާ ވައްތަރުވެގަތުން ކަމުގައިވުމުންނެވެ. އަދި އެއިން ލާޒިމްކުރަނީ އިސްލާމްދީނަށް އުނިބަސްބުނެ ފާޑުކިޔުންކަމުގައި، އަދި ދީން ފުރިހަމަވެގެން ނުވާކަމަށް ތުހުމަތުކުރުން ކަމުގައިވާތީއެވެ. މި ކަމުގައިހުރި ބޮޑުވެގެންވާ ފަސާދައާއި، ހުތުރުވެގެންވާ މުންކަރާތާއި، ﷲ -ޖައްލަ ޖަލާލުހޫ- ގެ މި ބަސްފުޅާ ދިމާއިދިކޮޅުވެގެންވާކަން ވަނީ އެނގިގެންނެވެ:
﴿...ٱلۡيَوۡمَ أَكۡمَلۡتُ لَكُمۡ دِينَكُمۡ...﴾,(...މިއަދު ތިމަން އިލާހު، ތިޔަބައިމީހުންގެ ދީން ތިޔަބައިމީހުންނަށް ފުރިހަމަ ކޮށްދެއްވައިފީމެވެ...)
[المائدة: 3]،,[އަލްމާއިދާ: 3]
والمخالفة الصريحة لأحاديث الرسول عليه الصلاة والسلام المحذرة من البدع والمنفرة منها.,އަދި ބިދުޢަތަކާމެދު އިންޛާރުދެއްވާ، ނަފްރަތްތެރިކުރައްވާ އައިސްފައިވާ، ރަސޫލާ عليه الصلاة والسلام ގެ ޙަދީޘްތަކާ އެކަން ޞަރީޙަކޮށް ޚިލާފުވާކަންވެސް އެނގިގެންވެއެވެ.
هذا، وأرجو أن يكون فيما ذكرناه مِن الأدلة كفاية وإقناع لطالب الحق في إنكار هذه البدعة؛ أعني: بدعة الاحتفال بليلة الإسراء والمعراج، والتحذير منها، وأنها ليست من دين الإسلام في شيء.,މިއެވެ. އަހަރެން އެދެނީ މި ބިދުޢައަށް -އެބަހީ: އިސްރާއާއި މިޢުރާޖުގެ ރޭ ފާހަގަކުރުމުގެ ބިދުޢައަށް- އިންކާރުކުރުމުގައި، އަދި އެއާމެދު އިންޛާރުދީ، އަދި އެއީ އިސްލާމްދީނުގައި އެއްގޮތަކަށްވެސް ވާ ކަމެއް ނޫންކަމުގެ މައްޗަށް އަހަރުމެން މި ޛިކުރުކުރި ދަލީލުތަކުގައި، ޙައްޤު ހޯދާ މީހަކަށް ޤަބޫލުކުރެވި ފުދޭނެ މިންވަރު ވާނޭކަމަށެވެ.
وَلِمَا أوجب الله من النصح للمسلمين، وبيان ما شرع الله لهم من الدين، وتحريم كتمان العلم؛ رأيت تنبيه إخواني المسلمين على هذه البدعة، التي قد فشت في كثير من الأمصار، حتى ظنها بعض الناس من الدين.,މުސްލިމުންނަށް ނަޞޭޙަތްތެރިވެ، އަދި ﷲ އެމީހުންނަށް ދީނުން ޝަރުޢުކުރެއްވި ކަންތައް ބަޔާންކޮށްދިނުން ﷲ ވާޖިބުކުރައްވާފައިވުމުންނާއި، އަދި ޢިލްމު ފޮރުވުން ޙަރާމްވެގެންވުމުން؛ މި ބިދުޢައާމެދު އަހަރެންގެ މުސްލިމު އަޚުން ސަމާލުކުރުވުމަށް އަހަރެންނަށް ފެނުނެވެ. އެ ބިދުޢައަކީ: ގިނަ ރަށްތަކެއްގައި ފެތުރިގެންގޮސް، މީސްތަކުންގެ ތެރެއިން ބަޔަކު އެއީ ދީނުގެ ތެރޭގައިވާ ކަމެއްކަމަށްވެސް ހީކުރާ ހިސާބަށް ކަންތައްގޮސްފައިވާ ބިދުޢައެކެވެ.
واللهَ المسؤول أن يصلح أحوال المسلمين جميعًا، ويمنحهم الفقه في الدين، ويوفقنا وإياهم للتمسك بالحق والثبات عليه، وترك ما خالفه، إنه ولي ذلك والقادر عليه.,ހުރިހާ މުސްލިމްތަކުންގެ ޙާލަތުތައް އިޞްލާޙުކުރައްވާ، އަދި އެމީހުންނަށް ދީނުގައި ފިޤުހުވެރިކަން ދެއްވާ، އަދި އަހަރުމެންނާއި އެމީހުންނަށްވެސް ޙައްޤުގައި ހިފަހައްޓާ، ޙައްޤުގައި ޘާބިތުވެ، އަދި އެއާ ޚިލާފުވާ އެއްޗެއް ދޫކޮށްލުމުގެ ތައުފީޤުދެއްވުމަށް އެދި ދަންނަވަނީ ﷲ ގެ ޙަޟްރަތުންނެވެ. ހަމަކަށަވަރުން އެކަމުގެ ވަލީވެރި އަދި އެކަމަށް ކުޅަދުންވަންތަ ފަރާތަކީ އެކަލާނގެއެވެ.
وصلى الله وسلم وبارك على عبده ورسوله نبينا محمد وآله وصحبه.,"ﷲ އެކަލާނގެ އަޅާ އަދި ރަސޫލާކަމުގައިވާ، އަހަރުމެންގެ ނަބިއްޔާ މުޙައްމަދުގެފާނަށާއި، އެކަލޭގެފާނުގެ އާލުންނާއި އަޞްޙާބުންނަށް ޞަލަވާތާއި ސަލާމާއި ބަރަކާތް ލައްވާށިއެވެ.
 وصلى الله وسلم وبارك على عبده ورسوله نبينا محمد وآله وصحبه."
الرسالة السابعة:,ހަތްވަނަ ރިސާލާ:
حُكْمُ الْاِحْتِفَالِ بِلَيْلَةِ النِّصْفِ مِنْ شَعْبَان,ޝަޢުބާން މަސް ދެބައިވާ ރޭ (15 ވަނަ ވިލޭރޭ) ފާހަގަކުރުމުގެ ޙުކުމް
الحمد لله الذي أكمل لنا الدين، وأتم علينا النعمة، والصلاة والسلام على نبيه ورسوله محمد نبي التوبة والرحمة.,ޙަމްދުހުރީ އަހަރުމެންނަށް ދީން ފުރިހަމަކޮށްދެއްވާ، އަދި ނިޢުމަތް އަހަރުމެންނަށް ފުރިހަމައަށް ދެއްވި ﷲ އަށެވެ. އަދި ޞަލަވާތާއި ސަލާމް ހުރީ އެކަލާނގެ ނަބިއްޔާ އަދި ރަސޫލާކަމުގައިވާ: ތައުބާ އާއި ރަޙްމަތުގެ ނަބިއްޔާ މުޙައްމަދުގެފާނަށެވެ.
أَمَّا بَعْدُ: فقد قال الله تعالى:,އެއަށްފަހު ދަންނައެވެ: ހަމަކަށަވަރުން ﷲ ތަޢާލާ ވަޙީކުރެއްވިއެވެ:
﴿...ٱلۡيَوۡمَ أَكۡمَلۡتُ لَكُمۡ دِينَكُمۡ وَأَتۡمَمۡتُ عَلَيۡكُمۡ نِعۡمَتِي وَرَضِيتُ لَكُمُ ٱلۡإِسۡلَٰمَ دِينٗا...﴾,(...މިއަދު ތިމަން އިލާހު، ތިޔަބައިމީހުންގެ ދީން ތިޔަބައިމީހުންނަށް ފުރިހަމަ ކޮށްދެއްވައިފީމެވެ. އަދި ތިމަން އިލާހުގެ ނިޢުމަތް، ތިޔަބައިމީހުންގެ މައްޗަށް ފުރިހަމަ ކޮށްދެއްވައިފީމެވެ. އަދި އިސްލާމްދީން ތިޔަބައިމީހުންނަށް ދީނެއްކަމުގައި، ތިމަން އިލާހު ރުހިވޮޑިގެންފީމެވެ...)
[المائدة: 3]،,[އަލްމާއިދާ: 3]
وقال تعالى:,އަދިވެސް އެކަލާނގެ ވަޙީކުރެއްވިއެވެ:
﴿أَمۡ لَهُمۡ شُرَكَٰٓؤُاْ شَرَعُواْ لَهُم مِّنَ ٱلدِّينِ مَا لَمۡ يَأۡذَنۢ بِهِ ٱللَّهُ...﴾,(ނުވަތަ ﷲ، އިޛްނަ ދެއްވާފައި ނުވާކަމެއް، ދީނުން އެ މީހުންނަށް، ޝަރުޢުކޮށް ކަނޑައަޅައިދިން ޝަރީކުންތަކެއް އެ މީހުންނަށް ވަނީ ހެއްޔެވެ؟..)
[الشورى: 21]،,[އައްޝޫރާ: 21]
وفي الصحيحين عن عائشة رضي الله عنها عن النبي ﷺ قال:,އަދި ދެ ޞަޙީޙުގައި ޢާއިޝާ رضي الله عنها ގެ އަރިހުން، ނަބިއްޔާ ﷺ ޙަދީޘްކުރެއްވިކަމަށް ރިވާވެގެންވެއެވެ:
«مَنْ أَحْدَثَ فِي أَمْرِنَا هَذَا مَا لَيْسَ مِنْهُ؛ فَهُوَ رَدٌّ».,"""އަހަރުމެންގެ މި ދީނުގެ ތެރެއަށް އޭގައި ނެތް އެއްޗެއް އުފައްދައިފި މީހަކު، ފަހެ އެ ކަމެއް ވަނީ ރައްދުކުރެވިގެންނެވެ."""
وفي صحيح مسلم عن جابر رضي الله عنه، أن النبي ﷺ كان يقول في خطبة الجمعة:,އަދި ޞަޙީޙު މުސްލިމްގައި ޖާބިރު رضي الله عنه ގެ އަރިހުންވެއެވެ: ނަބިއްޔާ ﷺ، ހުކުރު ޚުޠުބާގައި ޙަދީޘްކުރައްވައެވެ:
«أَمَّا بَعْدُ: فَإِنَّ خَيرَ الحَدِيثِ كِتَابُ اللهِ، وَخَيرَ الهَدْيِ هَدْيُ مُحَمَّدٍ صَلَّى اللهُ عَلَيهِ وَسَلَّمَ، وَشَرَّ الأُمُورِ مُحْدَثَاتُهَا، وَكُلَّ بِدْعَةٍ ضَلَالَةٌ».,"""އެއަށްފަހު ދަންނައެވެ. ފަހެ ހަމަކަށަވަރުން އެންމެ ހެޔޮވެގެންވާ ވާހަކަތަކަކީ ﷲ ގެ ފޮތެވެ. އަދި އެންމެ ހެޔޮވެގެންވާ ހިދާޔަތަކީ މުޙައްމަދު ﷺ ގެ ހިދާޔަތެވެ. އަދި އެންމެ ނުބައިވެގެންވާ ކަންތަކަކީ: އަލަށް އުފެއްދިގެންވާ ކަންކަމެވެ. އަދި (ދީީނުގެ ތެރެއަށް އަލަށް އުފެއްދޭ) ކޮންމެ ބިދުޢައަކީ މަގުފުރެދުމެކެވެ."""
والآيات والأحاديث في هذا المعنى كثيرة، وهي تدل دلالة صريحة على أن الله سبحانه وتعالى قد أكمل لهذه الأمة دينها، وأتمَّ عليها نعمته، ولم يتوف نبيه عليه الصلاة والسلام إلا بعد ما بلغ البلاغ المبين، وبين للأمة كل ما شرعه الله لها من أقوال وأعمال،,މި މާނައިގައިވާ އާޔަތްތަކާއި ޙަދީޘްތައް ގިނަވެގެންވެއެވެ. އެ ހުރިހާ ބަސްފުޅެއްވެސް ޞަރީޙަކޮށް ދަލީލުކުރަނީ: ﷲ ސުބްޙާނަހޫ ވަތަޢާލާ މި އުއްމަތަށް، މި އުއްމަތުގެ ދީން ފުރިހަމަކޮށްދެއްވާ، ނިޢުމަތްވެސް ފުރިހަމަކޮށްދެއްވާފައިވާ ކަމެވެ. އަދި ބަޔާންވެގެންވާ ފޯރުކޮށްދެއްވުމުން ފޯރުކޮށްދެއްވާ، އަދި ﷲ އުއްމަތަށް ޝަރުޢުކޮށްދެއްވާފައިވާ ހުރިހާ ބަސްތަކާއި ޢަމަލުތައް ބަޔާންކޮށްދެއްވުމަށްފަހު މެނުވީ އެކަލާނގެ ނަބިއްޔާ عليه الصلاة والسلام އަވަހާރަނުވެއެވެ.
وأوضح ﷺ أن كل ما يحدثه الناس بعده وينسبونه إلى دين الإسلام من أقوال أو أعمال؛ فكله بدعة مردود على من أحدثه، ولو حسن قصده، وقد عَرف هذا الأمر أصحاب رسول الله ﷺ، وهكذا أيضًا علماء الإسلام بعدهم، فأنكروا البدع، وحذروا منها، كما ذكر ذلك كل من صنف في تعظيم السُّنَّة وإنكار البدعة؛ كابن وضاح، والطرطوشي، وأبي شامة، وغيرهم.,އަދި އެކަލޭގެފާނު ސާފުކޮށްދެއްވާފައިވަނީ: އެކަލޭގެފާނަށް ފަހުގައި މީސްތަކުން އަލަށް އުފައްދައިގެން ދީނަށް ނިސްބަތްކުރާ އެންމެހައި ބަސްތަކާއި ނުވަތަ ޢަމަލުތަކަކީ؛ އެ ކަމެއް އުފެއްދި މީހަކު ކިތަންމެ މަޤްޞަދު ހެޔޮވެގެންވިޔަސް އޭނާގެ މައްޗަށް އަނބުރާ ރައްދުކުރެވިގެންވާ ކަންތަކެއްކަމެވެ. ﷲ ގެ ރަސޫލާ ﷺގެ އަޞްޙާބުންނަށްވަނީ މިކަން އެނގިވަޑައިގެންފައިއެވެ. އެފަދައިންމެ އެބޭކަލުންގެ ފަހުންވީ އިސްލާމްދީނުގެ ޢިލްމުވެރިންވެސްމެއެވެ. ފަހެ އެ ބޭކަލުން ބިދުޢަތަކަށް އިންކާރުކުރައްވާ، އެއާމެދު އިންޛާރުދެއްވިއެވެ. އިބްނު ވައްޟާޙު، އައްޠަރްޠޫޝީ، އަބޫ ޝާމާ އަދި އެނޫންވެސް ސުންނަތުގެ ޤަދަރު މަތިކޮށް މާތްކުރުމުގައި، އަދި ބިދުޢައަށް އިންކާރުކުރުމުގައި ލިޔުއްވި ކޮންމެ ބޭކަލަކުވެސް އެކަން ޛިކުރުކުރައްވާފައިވާ ފަދައިންނެވެ.
وإن من البدع التي أحدثها بعض الناس: بدعة الاحتفال بليلة النصف من شعبان، وتخصيص يومها بالصيام، وليس على ذلك دليل يجوز الاعتماد عليه، وقد ورد في فضلها أحاديث ضعيفة، لا يجوز الاعتماد عليها.,އަދި މީސްތަކުންގެ ތެރެއިން ބަޔަކުމީހުން އުފައްދާފައިވާ ބިދުޢަތަކުގެ ތެރެއިން އެއްކަމަކީ: ޝަޢުބާންމަސް ދެބައިވާ ރޭ ފާހަގަކޮށް، އެ ދުވަސް ރޯދަހިފުމަށް ޚާއްޞަކުރުމުގެ ބިދުޢައެވެ. އެކަމުގެ މައްޗަށް ބަރޯސާވުން ހުއްދަވާނޭ ދަލީލެއް ނެތެވެ. އެ ރޭގެ މާތްކަމާމެދު ބަލިކަށި ޙަދީޘްތަކެއް އައިސްފައިވެއެވެ. އެއަށް ބަރޯސާވުން ހުއްދަވެގެން ނުވެއެވެ.
أما ما ورد في فضل الصلاة فيها؛ فكله موضوع، كما نَبَّه على ذلك كثير من أهل العلم، وسيأتي ذكر بعض كلامهم إن شاء الله.,ދެންފަހެ އެ ރޭގައި ނަމާދުކުރުމުގެ މާތްކަމާމެދު އައިސްފައިވާ ތަކެއްޗަށް ބަލާއިރު؛ ފަހެ އެ ހުރިހާ އެއްޗަކީވެސް ހަދާފައިވާ ދޮގު ވާހަކަތަކެކެވެ. ޢިލްމުގެ އަހުލުވެރިންގެ ތެރެއިން ގިނަބަޔަކު އެކަމަށް ސަމާލުކުރުވާފައިވާ ގޮތަށެވެ. ﷲ އިރާދަކުރެއްވިއްޔާ އޭގެ ބައެއް ބޭކަލުންގެ ބަސްތައް ޛިކުރުކުރުން އަންނަހުއްޓެވެ.
وورد فيها ـ أيضًا ـ آثار عن بعض السلف من أهل الشام وغيرهم.,އަދިވެސް އެ ރެޔާމެދު، ޝާމްކަރައިގެ އަހުލުވެރިންގެ ތެރެއިންވާ އަދި އެހެންވެސް ބައެއް ސަލަފުންގެ އަރިހުން އަޘަރުތަކެއް އައިސްފައިވެއެވެ.
والذي أجمع عليه جمهور العلماء أن الاحتفال بها بدعة، وأن الأحاديث الواردة في فضلها كلها ضعيفة، وبعضها موضوع، وممن نبَّه على ذلك: الحافظ ابن رجب، في كتابه: (لطائف المعارف)، وغيره، ومعلوم أن الأحاديث الضعيفة إنما يُعمل بها في العبادات التي قد ثبت أصلها بأدلة صحيحة،,ޖުމްހޫރު ޢިލްމުވެރިން އެއްބަސްވެލައްވާފައިވާ ގޮތަކީ: އެ ރޭ ފާހަގަކުރުމަކީ ބިދުޢައެއްކަމެވެ. އަދި އެ ރޭގެ މާތްކަމާމެދު އައިިސްފައިވާ ހުރިހާ ޙަދީޘްތަކަކީ ބަލިކަށިވެގެންވާ، އަދި އޭގެ ބައެއް ޙަދީޘްތަކަކީ ހަދާފައިވާ ދޮގު ޙަދީޘްތަކެއްކަމެވެ. އެކަން ސަމާލުކަމަށް ގެންނެވި ބޭފުޅުންގެ ތެރޭގައި: އަލްޙާފިޡު އިބްނު ރަޖަބު، އެކަލޭގެފާނުގެ ފޮތް 'ލަޠާއިފުލް މަޢާރިފު' ގައި، އަދި އެހެން ބޭކަލުންވެސްވެއެވެ. އަދި އެނގިގެންވާކަމަކީ: އަޅުކަންތަކުގައި ބަލިކަށި ޙަދީޘްތަކަށް ޢަމަލުކުރެވޭހުށީ ހަމައެކަނި އެ ކަންކަމުގެ އަޞްލު ޞައްޙަ ދަލީލުތަކުން ޘާބިތުވެގެންވާ އަޅުކަންތަކުގައިއެވެ.
أما الاحتفال بليلة النصف من شعبان، فليس له أصل صحيح حتى يستأنس له بالأحاديث الضعيفة. وقد ذكر هذه القاعدة الجليلة الإمام أبو العباس شيخ الإسلام ابن تيمية رحمه الله.,ދެންފަހެ ޝަޢުބާން މަސް ދެބައިވާ ރޭ ފާހަގަކުރުމަކީ، ބަލިކަށި ޙަދީޘްތަކުން އެއަށް މުނިއަވަހެއް (އެހީއެއް) ހޯދާކަށް، ޞައްޙަ އަޞްލެއް އެއަށްވާ ކަމެއް ނޫނެވެ. އިމާމް އަބުލް ޢައްބާސް، ޝެއިޚުުލް އިސްލާމް އިބްނު ތައިމިއްޔާ رحمه الله ވަނީ މި އަގުހުރި ޤަވާޢިދު ޛިކުރުކުރައްވާފައިއެވެ.
وأنا أنقل لك ـ أيها القارئ ـ ما قاله بعض أهل العلم في هذه المسألة، حتى تكون على بينة في ذلك.,އޭ ކިޔުންތެރިޔާއެވެ. މި މައްސަލާގައި ޢިލްމުގެ އަހުލުވެރިންގެ ތެރެއިން ބައެއް ބޭކަލުން ވިދާޅުވި ބަސްފުޅުތައް އަހަރެން ތިބާއަށް ގެނެސްދޭނަމެވެ. އެއީ އެކަމާމެދު ތިބާ ސާފު ޙުއްޖަތެއްގެ މަތީގައި ހުރުމަށްޓަކައިއެވެ.
وقد أجمع العلماء ـ رحمهم الله ـ على أن الواجب: رد ما تنازع فيه الناس من المسائل إلى كتاب الله جل جلاله، وإلى سنة رسول الله صلى الله عليه وسلم، فما حكمَا به أو أحدهما فهو الشرع الواجب الاتباع، وما خالفهما وجب إطراحه، وما لم يَرد فيهما من العبادات فهو بدعة لا يجوز فعله، فضلًا عن الدعوة إليه وتحبيذه، قال الله سبحانه وتعالى:,މީސްތަކުން އެ މައްސަލަތަކެއްގައި ދެބަސްވެ ޚިލާފުވެގެންވާ ކަންތަކުގައި ވާޖިބުވެގެންވަނީ ﷲ -ޖައްލަ ޖަލާލުހޫ- ގެ ފޮތަށާއި، ﷲ ގެ ރަސޫލާ ﷺގެ ސުންނަތަށް އެކަންކަން ރައްދުކުރުން ކަމުގައި ޢިލްމުވެރިން رحمهم الله އިޖްމާޢުވެގެންވެއެވެ. ދެން އެ ދޭތިން ނުވަތަ އެތަނުން އެކަތި އެ މައްސަލައެއްގައި ކުރި ޙުކުމެއް އެއީ ފަހެ ތަބަޢަވުން ވާޖިބުވެގެންވާ ޝަރުޢެވެ. އަދި އެ ދެއެއްޗާ ޚިލާފުވި އެއްޗެއް ދޫކޮށްލަންޖެހެއެވެ. އަދި އެ ދޭތީގައި އައިސްފައި ނުވާ އަޅުކަންތަކަކީ ފަހެ އެއަށް ދަޢުވަތުދީ ހިތްވަރުދިނުން ކީއްކުރަން، އެކަންކަން ކުރުންވެސް ހުއްދަވެގެން ނުވާ ބިދުޢައެކެވެ. ﷲ ސުބްޙާނަހޫ ވަތަޢާލާ ވަޙީކުރެއްވިއެވެ:
﴿يَٰٓأَيُّهَا ٱلَّذِينَ ءَامَنُوٓاْ أَطِيعُواْ ٱللَّهَ وَأَطِيعُواْ ٱلرَّسُولَ وَأُوْلِي ٱلۡأَمۡرِ مِنكُمۡۖ فَإِن تَنَٰزَعۡتُمۡ فِي شَيۡءٖ فَرُدُّوهُ إِلَى ٱللَّهِ وَٱلرَّسُولِ إِن كُنتُمۡ تُؤۡمِنُونَ بِٱللَّهِ وَٱلۡيَوۡمِ ٱلۡأٓخِرِۚ ذَٰلِكَ خَيۡرٞ وَأَحۡسَنُ تَأۡوِيلًا59﴾,(އޭ އީމާންވެއްޖެ މީސްތަކުންނެވެ. ތިޔަބައިމީހުން ﷲ އަށް ކިޔަމަންވާށެވެ. އަދި ރަސޫލާއަށާއި، ތިޔަބައިމީހުންގެ ތެރެއިންވާ ވެރިންނަށް ވެސް ކިޔަމަންވާށެވެ. ފަހެ ކަމަކާމެދު ތިޔަބައިމީހުން ދެބަސްވެއްޖެނަމަ، ﷲ އާއި ރަސޫލާއަށް އެ ކަމެއް ރައްދުކުރާށެވެ. (އެބަހީ: އެކަމާމެދު ﷲ އާއި އެ އިލާހުގެ ރަސޫލާގެ ޙުކުމް އޮތްގޮތެއް ބަލައި އެ ގޮތަށް ޢަމަލުކުރާށެވެ.) އެއީ ތިޔަބައިމީހުން ﷲ އާއި އާޚިރަތް ދުވަހަށް އީމާންވާ ކަމުގައި ވާނަމައެވެ. އެ ގޮތް ތިޔަބައިމީހުންނަށް ހެޔޮކަން ބޮޑެވެ. އަދި ނިމުމެއްގެ ގޮތުން ރީތިކަންވެސް ބޮޑުމެއެވެ.)
[النساء: 59]،,[އައްނިސާއު: 59].
وقال تعالى:,އަދިވެސް އެކަލާނގެ ވަޙީކުރެއްވިއެވެ:
﴿َمَا ٱخۡتَلَفۡتُمۡ فِيهِ مِن شَيۡءٖ فَحُكۡمُهُۥٓ إِلَى ٱللَّهِ...﴾,(ތިޔަބައިމީހުން އެ ކަމަކާމެދުގައި ޚިލާފުވާ ކޮންމެ ކަމެއްގެ ޙުކުމް ކުރެއްވުން ވަނީ، ﷲ އަށެވެ...)
[الشورى: 10],[އައްޝޫރާ: 10]
وقال تعالى:,އަދިވެސް ﷲ ތަޢާލާ ވަޙީކުރެއްވިއެވެ:
﴿قُلۡ إِن كُنتُمۡ تُحِبُّونَ ٱللَّهَ فَٱتَّبِعُونِي يُحۡبِبۡكُمُ ٱللَّهُ وَيَغۡفِرۡ لَكُمۡ ذُنُوبَكُمۡ...﴾,(ކަލޭގެފާނު ވިދާޅުވާށެވެ! ތިޔަބައިމީހުން ﷲ ދެކެ ލޯބިވާކަމުގައިވާނަމަ، ފަހެ ތިޔަބައިމީހުން ތިމަންކަލޭގެފާނަށް ތަބަޢަވާށެވެ! އޭރުން ﷲ ތިޔަބައިމީހުން ދެކެ ލޯބިވެވޮޑިގަންނަވާނެއެވެ. އަދި ތިޔަބައިމީހުންނަށްޓަކައި ތިޔަބައިމީހުންގެ ފާފަތައް ފުއްސަވައިދެއްވާނެއެވެ...)
[آل عمران: 31],[އާލްޢިމްރާން: 31]
وقال جل جلاله:,އަދިވެސް އެކަލާނގެ -ޖައްލަ ޖަލާލުހޫ- ވަޙީކުރެއްވިއެވެ:
﴿فَلَا وَرَبِّكَ لَا يُؤۡمِنُونَ حَتَّىٰ يُحَكِّمُوكَ فِيمَا شَجَرَ بَيۡنَهُمۡ ثُمَّ لَا يَجِدُواْ فِيٓ أَنفُسِهِمۡ حَرَجٗا مِّمَّا قَضَيۡتَ وَيُسَلِّمُواْ تَسۡلِيمٗا65﴾,(ފަހެ އެހެންނަކުން ނޫނެވެ. ކަލޭގެފާނުގެ ވެރި ރައްބު ގަންދެއްވަމެވެ. އެ މީހުންގެ މެދުގައި އުފެދޭ ޚިލާފުތަކުގައި، ޙުކުމްކުރާ ފަރާތަކީ ކަލޭގެފާނު ކަމުގައި އެ މީހުން ހަދާ، ދެން ކަލޭގެފާނު ނިޔާކުރައްވާ ގޮތާމެދު އެ މީހުންގެ ހިތްތަކުގައި އެއްވެސް އުނދަގޫކަމެއް ނުދެކޭ ޙާލު، ފުރިހަމަ ކިޔަމަންތެރިކަމަކުން އެ މީހުން ކިޔަމަންތެރިނުވާހާ ހިނދަކު، އެ މީހުން އީމާންވި ކަމުގައި ނުވާނެއެވެ.)
[النساء: 65]،,[އައްނިސާއު: 65]
والآيات في هذا المعنى كثيرة، وهي نص في وجوب رد مسائل الخلاف إلى الكتاب والسنة، ووجوب الرضى بحكمهما، وأن ذلك هو مقتضى الإيمان، وخيرٌ للعباد في العاجل والآجل، وأحسنُ تأويلًا: أي عاقبة.,މި މާނައިގައިވާ އާޔަތްތައް ގިނަވެގެންވެއެވެ. އެއީ ޚިލާފުވާ މައްސަލަތައް ޤުރްއާނާއި ސުންނަތަށް ރައްދުކުރުމަށާއި، އެ ދެ މަޞްދަރުން ނިންމާ ޙުކުމަށް ރުހުމުގެ ވާޖިބުވާކަމާއި، އަދި އެއީ އީމާންކަން ނިޔާކުރާ ގޮތްކަމާއިި، އަދި އެއީ މިހާރާއި ފަހަށް އޮތްތާގައި (ދުނިޔެއާއި އާޚިރަތުގައި) އަޅުތަކުންނަށް އެންމެ ހެޔޮވެގެންވާ ގޮތް، އަދި އެންމެ ނަތީޖާވެސް ރަނގަޅުގޮތް ކަމުގެ މައްޗަށްވާ ނައްޞެކެވެ.
قال الحافط ابن رجب ـ رحمه الله ـ في كتابه: (لطائف المعارف) في هذه المسألة ـ بعد كلام سبق ـ ما نصه:,އަލްޙާފިޡު އިބްނު ރަޖަބު رحمه الله އެކަލޭގެފާނުގެ ފޮތް: 'ލަޠާއިފުލް މަޢާރިފު' ގައި މި މައްސަލާގައި -އިސްވެދިޔަ ވާހަކަތަކަށް ފަހުގައި- ވިދާޅުވި ބަސްފުޅުގެ ނައްޞުގައިވެއެވެ:
«وليلة النصف من شعبان كان التابعون من أهل الشام؛ كخالد بن معدان، ومكحول، ولقمان بن عامر وغيرهم، يعظمونها ويجتهدون فيها في العبادة، وعنهم أخذ الناس فضلها وتعظيمها،,"""ޝަޢުބާންމަސް ދެބައިވާ ރޭގައި، ޚާލިދު ބްނު މަޢުދާނު އާއި، މަކްޙޫލު އާއި، އަދި ލުޤްމާނު ބްނު ޢާމިރު ފަދަ؛ ޝާމްކަރައިގެ އަހުލުވެރިންގެ ތެރެއިންވާ ތާބިޢީ ބޭކަލުންނާއި، އަދި އެހެން ބޭކަލުންވެސް އެ ރޭގެ ޤަދަރު މަތިވެރިކޮށް، އަދި އަޅުކަންކުރުމުގައި ގަދައަޅާ މަސައްކަތްކުރައްވައެވެ. މީސްތަކުން އެ ރޭގެ މާތްކަމާއި، ޤަދަރު މަތިކުރުން ނެގީ އެބޭކަލުންގެ ފުށުންނެވެ."
وقد قيل: إنه بلغهم في ذلك آثار إسرائيلية، فلما اشتهر ذلك عنهم في البلدان، اختلف الناس في ذلك؛ فمنهم من قبله منهم، ووافقهم على تعظيمها، منهم طائفة من عُبَّاد أهل البصرة وغيرهم،,އަދި ބުނެވުނެވެ: އެބޭކަލުންނަށް އެކަމުގައި އިސްރާއީލީ ރިވާޔަތްތަކެއް ފޯރިއެވެ. ދެންފަހެ އެބޭކަލުންގެ އަރިހުން އެކަން ރަށްތަކުގައި މަޝްހޫރުވިހިނދު؛ މީސްތަކުން އެކަމުގައި ޚިލާފުވިއެވެ. އެގޮތުން އޭގެ ތެރޭގައި އެބޭކަލުންގެ ކިބައިން އެކަން ޤަބޫލުކޮށް، އަދި އެ ރޭ މަތިކުރުމަށް އެއްބަސްވި މީހުންވެއެވެ. އޭގެ ތެރޭގައި: ބަޞްރާގެ އަހުލުވެރިންގެ އަޅުވެރިންގެ ޖަމާޢަތަކާއި އެހެން މީހުންވެއެވެ.
وأنكر ذلك أكثر علماء الحجاز، منهم: عطاء، وابن أبي مُلَيكة، ونقله عبد الرحمن بن زيد بن أسلم، عن فقهاء أهل المدينة، وهو قول أصحاب مالك وغيرهم، وقالوا: ذلك كله بدعة.,އަނެއްކޮޅުން ޙިޖާޒުކަރައިގެ ގިނަ ޢިލްމުވެރިން އެކަމަށް އިންކާރުކުރެއްވިއެވެ. އޭގެ ތެރޭގައި: ޢަޠާއު އަދި އިބްނު އަބީ މުލައިކާވެއެވެ. އަދި ޢަބްދުއް ރަޙްމާނު ބްނު ޒައިދު ބްނު އަސްލަމު، މަދީނާގެ އަހުލުވެރިންގެ ފިޤުހުވެރިންގެ ކިބައިން އެކަން ނަޤުލުކުރެއްވިއެވެ. އަދި އެއީ މާލިކުގެ އަޞްޙާބުންނާއި އެހެން ބޭކަލުންގެވެސް ބަސްފުޅެވެ. އެބޭފުޅުން ވިދާޅުވިގޮތުގައި: އެ ހުރިހާކަމަކީވެސް ބިދުޢައެވެ.
واختلف علماء أهل الشام في صفة إحيائها على قولين:,ޝާމްކަރައިގެ ޢިލްމުވެރިން، އެ ރޭ އިޙްޔާކުރުމުގެ ޞިފައާމެދު ދެ ބަސްފުޅަކަށް ޚިލާފުވިއެވެ:
أحدهما: أنه يُستحب إحياؤها جماعة في المساجد، كان خالد بن معدان ولقمان بن عامر وغيرهما يَلبسون فيها أحسن ثيابهم، ويتبخرون ويتكحلون، ويقومون في المسجد ليلتهم تلك، ووافقهم إسحاق بن راهويه على ذلك،,އެއް ބަސްފުޅަކީ: މިސްކިތްތަކުގައި ޖަމާޢަތެއްގެ ގޮތުގައި އެ ރޭ އިޙްޔާކުރުން އެދެވިގެންވާ ކަމަށް ބުނުމެވެ. ޚާލިދު ބްނު މަޢުދާނު އާއި، ލުޤްމާނު ބްނު ޢާމިރު އާއި އެހެން ބޭކަލުން، އެ ރޭގައި އެންމެ ރިވެތި އަންނައުނު ތުރުކުރައްވާ، އަދި މީރުވަސްދުވާ ދުން ޖައްސަވާ، އަނދުން އަޅުއްވައެވެ. އަދި އެ ރޭގައި މިސްކިތުގައި ރޭ އަޅުކަންކުރައްވައެވެ. އިސްޙާޤު ބްނު ރާހަވައިހިވެސް އެކަމުގެ މައްޗަށް އެބޭކަލުންނާ އެއްބަސްވެވަޑައިގެންނެވިއެވެ.
وقال في قيامها في المساجد جماعة: ليس ذلك ببدعة، نقله حرب الكرماني في مسائله.,އަދި މިސްކިތްތަކުގައި ޖަމާޢަތުގައި އެ ރޭގައި ރޭއަޅުކަން ކުރުމާމެދު އެއީ ބިދުޢައެއް ނޫންކަމުގައި އެކަލޭގެފާނު ވިދާޅުވިއެވެ. ޙަރްބު އަލްކިރްމާނީގެ މަސާއިލުގައި އެކަލޭގެފާނުގެ އަރިހުން އެބަސްފުޅު ނަޤުލުކުރެއްވިއެވެ.
والثاني: أنه يُكره الاجتماع فيها في المساجد للصلاة والقصص والدعاء، ولا يُكره أن يصلي الرجل فيها لخاصة نفسه، وهذا قول الأوزاعي إمام أهل الشام وفقيههم وعالمهم، وهذا هو الأقرب إن شاء الله تعالى».,"ދެވަނަ ބަހަކީ: އެ ރޭގައި މިސްކިތްތަކުގައި ނަމާދުކުރުމަށާއި، ދަރުސްދިނުމަށާއި، ދުޢާކުރުމަށް ޖަމަޢަވުން މަކްރޫހަވެގެންވެއެވެ. އެކަމަކު މީހާ އަމިއްލައަށް އެ ރޭގައި ނަމާދުކުރުން މަކްރޫހަވެގެން ނުވެއެވެ. މިއީ ޝާމްކަރައިގެ އިމާމު، އަދި އެމީހުންގެ ފަޤީހު އަދި ޢިލްމުވެރިޔާ: އަލްއައުޒާޢީގެ ބަސްފުޅެވެ. ﷲ ތަޢާލާ އިރާދަކުރެއްވިއްޔާ އެންމެ ކައިރިކުރާ ބަސްފުޅަކީ އެޔެވެ."""
إلى أن قال: «ولا يُعرف للإمام أحمد كلام في ليلة نصف شعبان، ويتخرَّج في استحباب قيامها عنه روايتان من الروايتين عنه في قيام ليلتي العيد، فإنه (في رواية) لم يستحب قيامها جماعة؛ لأنه لم ينقل عن النبي ﷺ وأصحابه،,"އެހެންގޮސް އެކަލޭގެފާނު (އެބަހީ: އިބްނު ރަޖަބު) ވިދާޅުވިއެވެ: ""ޝަޢުބާން މަސް ދެބައިވާ ރެޔާމެދު އިމާމް އަޙްމަދުގެ އަރިހުން އެއްވެސް ބަސްފުޅެއް އެނގިގެން ނުވެއެވެ. އަދި އެ ރޭގައި ރޭއަޅުކަން ކުރުން އެދެވިގެންވާކަމުގެ މައްޗަށް އެކަލޭގެފާނުގެ އަރިހުން، ދެ ޢީދު ވިލޭރޭގައި ރޭއަޅުކަން ކުރުމާމެދުވާ ދެ ރިވާޔަތުގެ މައްޗަށް ދެ ރިވާޔަތް ނެރެވިދާނެއެވެ. އެގޮތުން އެއް ރިވާޔަތުގައިވާ ގޮތުން: އެ ރޭގައި ޖަމާޢަތުގައި ރޭ އަޅުކަންކުރުން އެދެވިގެން ނުވެއެވެ. އެހެނީ ނަބިއްޔާ ﷺ އާއި އެކަލޭގެފާނުގެ އަޞްޙާބުންގެ އަރިހުން އެގޮތަށް ނަޤުލުވެގެން ނުވާތީއެވެ."
واستحبها (في رواية)، لفعل عبد الرحمن بن يزيد بن الأسود لذلك، وهو من التابعين، فكذلك قيام ليلة النصف، لم يثبت فيها شيء عن النبي ﷺ ولا عن أصحابه، وثبت فيها عن طائفة من التابعين من أعيان فقهاء أهل الشام».,"އެހެން ރިވާޔަތެއްގައި އެކަލޭގެފާނު އެކަން (ޢީދުގެ ވިލޭރޭ ރޭއަޅުކަންކުރުން) މުސްތަޙައްބުކުރެއްވިއެވެ. އެއީ ޢަބްދުއް ރަޙްމާނު ބްނު ޔަޒީދު ބްނު އަލްއަސްވަދު އެފަދައިން ކަންތައް ކުރެއްވުމުންނެވެ. އެކަލޭގެފާނަކީ ތާބިޢީންގެ ތެރެއިންވާ ބޭކަލެކެވެ. ފަހެ، (ޝަޢުބާން މަސް) ދެބައިވާ ރޭވެސް ހަމަ އެފަދައިންނެވެ. އެކަމުގައި ނަބިއްޔާ ﷺ އަރިހުން، އަދި އެކަލޭގެފާނުގެ އަޞްޙާބުންގެ އަރިހުންވެސް އެއްވެސް އެއްޗެއް ޘާބިތުވެގެން ނުވެއެވެ. އަދި ޝާމްކަރައިގެ އަހުލުވެރި ފިޤުހުވެރިންގެ ފާހަގަކޮށްލެވޭ ތާބިޢީންގެ ޖަމާޢަތެއްގެ އަރިހުން އެ ރެޔާމެދު ޘާބިތުވެގެންވެއެވެ."""
انتهى المقصود من كلام الحافظ ابن رجب رحمه الله، وفيه التصريح منه بأنه لم يثبت عن النبي ﷺ ولا عن أصحابه رضي الله عنهم شيء في ليلة النصف من شعبان.,އަލްއިމާމު އަލްޙާފިޡު އިބްނު ރަޖަބުގެ ބަސްފުޅުން ޤަޞްދުކުރެވޭ މިންވަރު މި ނިމުނީއެވެ. އެ ވާހަކައިގައި، ނަބިއްޔާ ﷺގެ އަރިހުން، އެދި އެކަލޭގެފާނުގެ އަޞްޙާބުން رضي الله عنهم ގެ އަރިހުންވެސް، ޝަޢުބާން މަސް ދެބައިވާ ރެޔާމެދު އެއްވެސް އެއްޗެެއް ޘާބިތުވެގެން ނުވާކަމަށް ޞަރީޙަކޮށްވެއެވެ.
وأما ما اختاره الأوزاعي رحمه الله من استحباب قيامها للأفراد، واختيار الحافظ ابن رجب لهذا القول، فهو غريب وضعيف؛ لأن كل شيء لم يثبت بالأدلة الشرعية كونه مشروعًا، لم يجز للمسلم أن يُحدثه في دين الله، سواء فعله مفردًا أو في جماعة، وسواء أسرَّه أو أعلنه؛ لعموم قول النبي ﷺ:,ދެންފަހެ ފަރުދީކޮށް ވަކިން އެ ރޭ ރޭއަޅުކަންކުރުން އެދެވިގެންވާކަމަށް އަލްއައުޒާޢީ އިޚްތިޔާރުކުރެއްވުމާއި، އަދި އަލްޙާފިޡު އިބްނު ރަޖަބުވެސް މި ބަސްފުޅު އިޚްތިޔާރުކުރެއްވުމީ ފަހެ ޣަރީބު ބަލިކަށި ބަހެކެވެ. އެހެނީ އެކަމެއް ޝަރުޢުވެގެންވާ ކަމަށް ޝަރުޢީ ދަލީލުތަކުން ޘާބިތުނުވާ ކޮންމެ ކަމެއް؛ ﷲ ދީނުގައި އެކަމެއް އުފެއްދުން މުސްލިމުމީހާއަށް ހުއްދަވެގެން ނުވެއެވެ. ފަރުދީކޮށް ވަކިންކުރިޔަސް ނުވަތަ ޖަމާޢަތެއްގައި ކުރިޔަސްމެއެވެ. ސިއްރުންކުރިޔަސް ފާޅުކޮށް އިޢުލާނުކުރިޔަސްމެއެވެ. އެއީ ނަބިއްޔާ ﷺގެ ބަސްފުޅުގެ ޢާއްމު މާނައަށްޓަކައިއެވެ.
«مَنْ عَمِلَ عَمَلًا لَيْسَ عَلَيهِ أَمْرُنَا؛ فَهُوَ رَدٌّ».,"""އަހަރުމެންގެ ކަންތައް އެ ގޮތަކަށް ނުވާ ގޮތަކަށް ޢަމަލެއްކޮށްފި މީހާ؛ ފަހެ އެ ކަމެއްވަނީ ރައްދުކުރެވިގެންނެވެ."""
وغيره من الأدلة الدالة على إنكار البدع والتحذير منها.,އަދި އެނޫންވެސް ބިދުޢައަށް އިންކާރުކުރުމާއި އެއާމެދު އިންޛާރުކުރުމަށް ދަލީލުކުރާ އެހެން ދަލީލުތަކެވެ.
وقال الإمام أبو بكر الطرطوشي ـ رحمه الله ـ في كتابه: «الحوادث والبدع» ما نصه:,"އިމާމު އަބޫބަކުރު އައްޠަރްޠޫޝީ ގެ ފޮތް: 'އަލްޙަވާދިޘް ވަލްބިދަޢު"" ގައި ވިދާޅުވި ބަސްފުޅުގެ ނައްޞުގައިވެއެވެ:"
«وروى ابن وضاح عن زيد بن أسلم، قال: ما أدركنا أحدًا من مَشيختنا ولا فقهائنا يلتفتون إلى النصف من شعبان، ولا يلتفتون إلى حديث مكحول، ولا يرون لها فضلًا على ما سواها».,"""އިބްނު ވައްޟާޙު، ޒައިދު ބްނު އަސްލަމު ވިދާޅުވިކަމަށް ރިވާކުރެއްވިއެވެ: އަހަރުމެންގެ ޝެއިޚުންނާއި ފިޤުހުވެރިންގެ ތެރެއިން އެކަކުވެސް ޝަޢުބާން މަސް ދެބައިވާ ރެޔަށް ފަސްއެނބުރި ބަލާލިކަމަށް ދިމާނުވެއެވެ. އަދި މަކްޙޫލުގެ ޙަދީޘަށް އެބޭކަލުން ނުބައްލަވައެވެ. އަދި އެހެން ރޭތަކުގެ މައްޗަށް އެ ރެޔަށް މާތްކަމެއްވާކަމަށް ދެކެނުލައްވައެވެ."
وقيل لابن أبي مُلَيكة: إن زيادًا النميري يقول:,އަދި އިބްނު އަބީ މުލައިކާއަށް ދެންނެވުނެވެ: ޒިޔާދު އައްނުމައިރީ އެބަ ބުނެއެވެ:
«إن أجر ليلة النصف من شعبان كأجر ليلة القدر»،,"""ޝަޢުބާން މަސް ދެބައިވާ ރޭގެ ފަހުކޮޅުގެ އަޖުރު، ލައިލަތުލް ޤަދްރި ވިލޭރޭގެ އަޖުރު ފަދައެވެ."""
فقال: «لو سمعته وبيدي عصا لضربته»,"އެހިނދު އެކަލޭގެފާނު ވިދާޅުވިއެވެ: ""އަހަރެންގެ އަތުގައި އަސާގަނޑެއް އޮއްވާ، އެހެން ބުނި އަޑުއިވުނުނަމަ؛ އޭނާގެ ގައިގައި ޖެހީމުހެވެ."""
وكان زياد قاصًّا، انتهى المقصود.,"ޒިޔާދުވީ ޤާއްޞެއް (ހިތްމަޑުކުރުމަށްޓަކައި ވާހަކަކިޔާ ދަރުސްދީ ހަދާ މީހެއް) ކަމުގައިއެވެ."" ޤަޞްދުކުރެވޭ ބަސް މި ނިމުނީއެވެ."
وقال العلامة الشوكاني ـ رحمه الله ـ في كتاب: «الفوائد المجموعة» ما نصه:,"ޢައްލާމާ އައްޝައުކާނީ رحمه الله، ""އަލްފަވާއިދުލް މަޖްމޫޢާ"" ފޮތުގައި ވިދާޅުވި ބަސްފުޅުގެ ނައްޞުގައިވެއެވެ:"
«حديث: «يا علي من صلى مائة ركعة ليلة النصف من شعبان يقرأ في كل ركعة بفاتحة الكتاب وقل هو الله أحد؛ عشر مرات؛ قضى الله له كل حاجة» إلخ.,"""މި ޙަދީޘް: ""އޭ ޢަލީއެވެ! ޝަޢުބާންމަސް ދެބައިވާ ރޭގައި ސަތޭކަ ރަކްޢަތްކޮށް، އެއިން ކޮންމެ ރަކްޢަތެއްގައި ފާތިޙާ ސޫރަތާއި قل هو الله أحد ސޫރަތް ދިހަ ފަހަރު ކިޔަވައިފި މީހާ؛ ﷲ އޭނާގެ ކޮންމެ ޙާޖަތެއް ފުއްދަވާދެއްވާނެެތެވެ."" މި ޙަދީޘް ނިމެންދެނެވެ."
هو موضوع، وفي ألفاظه المصرحة بما يناله فاعلها من الثواب ما لا يمتري إنسان له تمييز في وضعه، ورجاله مجهولون، وقد روي من طريق ثانية وثالثة كلها موضوعة ورواتها مجاهيل،,"މިއީ ހަދާފައިވާ މައުޟޫޢު ދޮގު ޙަދީޘެކެވެ. އަދި އޭގެ ލަފްޒުތަކުގައި ޞަރީޙަކޮށް އެވާ، އެ ނަމާދެއްކުރާ މީހަކަށް ލިބޭނެކަމަށް އެވާ ޘަވާބަކީ: ހެޔޮނުބައި ވަކިވާ އިންސާނަކު އެއީ ހަދާފައިވާ ދޮގެއްކަމާމެދު ޝައްކުނުކުރާނޭ ކަންތަކެކެވެ. އަދި (ސަނަދުގެ) ރިޖާލުންނަކީ ކާކުކަން ނޭނގޭ މަޖްހޫލު މީހުންނެވެ. ދެވަނަ އަދި ތިންވަނަ މަގަކުންވެސް އެ ޙަދީޘް ރިވާކުރެވުނެވެ. އެ ހުރިހާ މަގުތަކުންވާ ޙަދީޘްތަކަކީވެސް ހުސް ހަދާފައިވާ ދޮގު ޙަދީޘްތަކެވެ. އަދި ރިވާކުރި މީހުންނަކީ ކާކުކަން ނޭނގޭ މަޖްހޫލު މީހުންނެވެ."""
وقال في: «المختصر»: حديث صلاة نصف شعبان باطل، ولابن حبان من حديث علي: «إذا كان ليلة النصف من شعبان فقوموا ليلها، وصوموا نهارها»، ضعيف.,"އަދި ""އަލްމުޚްތަޞަރު"" ގައި ވިދާޅުވިއެވެ: ""ޝަޢުބާންމަސް ދެބައިވާ ރޭގެ ނަމާދުވާ ޙަދީޘަކީ ބާޠިލު ޙަދީޘެކެވެ. އަދި އިބްނު ޙިއްބާނަށް ލިބިފައިވާ، ޢަލީގެފާނުގެ (އަރިހުން ރިވާކުރެވުނު) ޙަދީޘްގައިވެއެވެ: ""ޝަޢުބާން މަސް ދެބައިވާ ރޭވެއްޖެނަމަ ފަހެ ތިޔަބައިމީހުން އެ ރޭ ތެދުވެ އަޅުކަންކުރާށެވެ. އަދި އެ ރޭގެ ދުވާލު ރޯދަހިފާށެވެ."" މިއީ ބަލިކަށި ޙަދީޘެކެވެ."
وقال في: «اللآلئ»: «مائة ركعة في نصف شعبان بالإخلاص عشر مرات» مع طول فضله، للديلمي وغيره موضوع، وجمهور رواته في الطرق الثلاث مجاهيل ضعفاء،,"އަދި ""އައްލައާލިއު"" ފޮތުގައި ވިދާޅުވިއެވެ: އައްދައިލަމީ އާއި އެހެން ބޭފުޅުން ރިވާކުރެއްވި: ""ޝަޢުބާންމަހުގެ ދެބައިވާ ރޭގައި، އަލްއިޚްލާޞް ސޫރަތް ދިހަ ފަހަރު ކިޔައިގެން ސަތޭކަ ރަކުޢަތް ކުރުމަށް އޮތް ޙަދީޘް""، އެކަމުގެ މާތްކަން ދިގުކޮށްވާ އެޙަދީޘް އެއީ ހަދާފައިވާ ދޮގު ޙަދީޘެކެވެ. އަދި އެ ޙަދީޘް ރިވާކުރެވުނު ތިން މަގުގައިވެސް ހިމެނޭ ގިނަ ރާވީންނަކީ މަޖްހޫލު ބަލިކަށި މީހުންނެވެ."""
قال: «واثنتا عشرة ركعة بالإخلاص ثلاثين مرة». موضوع، «وأربع عشرة ركعة» موضوع.,"ވިދާޅުވިއެވެ: ""އަދި އަލްއިޚްލާޞް ސޫރަތް ތިރީސް ފަހަރު ކިޔައިގެން ބާރަ ރަކްޢަތް ކުރަން އޮތް"" ޙަދީޘަކީވެސް ހަދާފައިވާ ދޮގު ޙަދީޘެކެވެ. އަދި ""ސާދަ ރަކްޢަތް"" (ކުރަންއޮތް ޙަދީޘަކީވެސް) ހަމަ ހަދާފައިވާ ދޮގެކެވެ."
وقد اغتر بهذا الحديث جماعة من الفقهاء؛ كصاحب (الإحياء) وغيره وكذا من المفسرين، وقد رويت صلاة هذه الليلة ـ أعني: ليلة النصف من شعبان ـ على أنحاء مختلفة كلها باطلة موضوعة،,ފިޤުހުވެރިންގެ ޖަމާޢަތެއް މި ޙަދީޘްގެ ކެހީގައި ޖެހި ހެއްލުންތެރިވިއެވެ. 'އަލްއިޙްޔާއު' ފޮތުގެ މުއައްލިފާއި އެހެން ބޭފުޅުންނެވެ. ހަމަ އެގޮތަށް ތަފްސީރު ޢިލްމުވެރިންގެ ބަޔަކުވެސްމެއެވެ. މި ރޭ -އެބަހީ: ޝަޢުބާން ދެބައިވާ ރޭ- ގެ ނަމާދު ތަފާތު އެކި ގޮތްގޮތަށް ރިވާކުރެވުނެވެ. އެ ހުރިހާ ޙަދީޘްތަކަކީވެސް ހުސް ބާޠިލު ދޮގު ޙަދީޘްތަކެކެވެ.
ولا ينافي هذا رواية الترمذي من حديث عائشة رضي الله عنها لذهابه ﷺ إلى البقيع، ونزول الرب ليلة النصف إلى سماء الدنيا، وأنه يغفر لأكثر من عدة شعر غنم كلب، فإن الكلام إنما هو في هذه الصلاة الموضوعة في هذه الليلة،,މި ކަމަކުން، އައްތިރްމިޛީ، ޢާއިޝާ رضي الله عنها ގެ އަރިހުން ރިވާކުރެއްވި ޙަދީޘް ނަފީކޮށް ފުށުނާރައެވެ. އެއީ އެކަލޭގެފާނު ﷺ ބަޤީޢުއަށް ވަޑައިގެންނެވިކަމާއި، ޝަޢުބާން ދެބައިވާ ރޭގައި ރައްބު ދުނިޔޭގެ އުޑަށް ފައިބާވޮޑިގަންނަވާކަމާއި، ކަލްބު ވަންހައިގެ ބަކަރިތަކުގެ ކެހެރިތަކުގެ ޢަދަަދަށްވުރެ ގިނަ ބަޔަކަށް އެކަލާނގެ ފާފަފުއްސަވާނެކަމަށްވާ ޙަދީޘެވެ. ފަހެ މިތަނުގައި ވާހަކަ މިދެކެވެނީ މި ރޭގައި ކުރުމަށް ހަދާފައި މިވާ ނަމާދާ މެދުގައިއެވެ.
على أن حديث عائشة هذا فيه ضعف وانقطاع، كما أن حديث علي الذي تقدم ذكره في قيام ليلها، لا ينافي كون هذه الصلاة موضوعة، على ما فيه من الضعف حسبما ذكرناه» انتهى المقصود.,"އެއީ އެއާއެކު ޢާއިޝަތުގެފާނުގެ މި ޙަދީޘްގައިވެސް ބަލިކަށިކަމަކާއި، މެދުކެނޑުމެއް ވުމާއެކުގައިއެވެ. އެފަދައިންމެ އިސްވެދިޔަ، އެ ރޭގައި ރޭއަޅުކަން ކުރުމަށްވާ ޢަލީގެފާނުގެ ޙަދީޘްވެސް، މި ނަމާދަކީ ހަދާފައިވާ ދޮގު އެއްޗެއްކަމަށްވުން ނަފީ ނުކުރެއެވެ. އެއީ އަހަރުމެން ނަންގަތްގޮތަށް އެ ޙަދީޘްގައިވެސްވާ ބަލިކަށިކަމާ އެކުގައިއެވެ."" (އައްޝައުކާނީގެ ވާހަކައިން) ޤަޞްދުކުރެވޭ ހިސާބަށް މި ނިމުނީއެވެ."
وقال الحافظ العراقي: «حديث صلاة ليلة النصف موضوع على رسول الله ﷺ وكذبٌ عليه»،,"އަލްޙާފިޡު އަލްޢިރާޤީ ވިދާޅުވިއެވެ: ""(ޝައުބާން މަސް) ދެބައިވާ ރޭގެ ނަމާދުވާ ޙަދީޘަކީ: ﷲ ގެ ރަސޫލާ ﷺގެ މައްޗަށް ހަދާފައިވާ ޙަދީޘެކެވެ. އަދި އެކަލޭގެފާނުގެ މައްޗަށް ހަދާފައިވާ ދޮގެއްވެސްމެއެވެ."""
وقال الإمام النووي في كتاب: (المجموع): «الصلاة المعروفة بصلاة الرغائب، وهي اثنتا عشرة ركعة بين المغرب والعشاء، ليلة أول جمعة من رجب، وصلاة ليلة النصف من شعبان مائة ركعة، هاتان الصلاتان بدعتان منكرتان، ولا يغتر بذكرهما في كتاب: (قوت القلوب)، و(إحياء علوم الدين)، ولا بالحديث المذكور فيهما، فإن كل ذلك باطل، ولا يغتر ببعض من اشتبه عليه حكمهما من الأئمة فصنف ورقات في استحبابهما، فإنه غالط في ذلك».,"އަދި އިމާމު އައްނަވަވީ ""އަލްމަޖްމޫޢު"" ފޮތުގައި ގެނައެވެ: ""ރަޖަބުމަހުގެ ފުރަތަމަ ހުކުރު ވިލޭރޭ، މަޣުރިބާއި ޢިޝާއާ ދެމެދު ބާރަ ރަކްޢަތުގެ މައްޗަށް ކުރެވޭ، އައްރަޣާއިބު ނަމާދުގެ ނަމުން އެނގިގެންވާ ނަމާދާއި، ޝަޢުބާން ދެބައިވާ ރޭގައި ސަތޭކަ ރަކްޢަތުގެ މައްޗަށްކުރާ ނަމާދާއި، މި ދެނަމާދަކީ މުންކަރުވެގެންވާ ދެ ބިދުޢައެވެ. އަދި ""ޤޫތުލް ޤުލޫބު"" އާއި ""އިޙްޔާއު ޢުލޫމިއް ދީން"" ފޮތުގައި އެ ދެނަމާދު ޛިކުރުކުރެވިފައިވުމުންނާއި، އަދި އެ ދެފޮތުގައި ޛިކުރުވެގެންވާ ޙަދީޘްގެ ސަބަބުން، ހެއްލިގެން ނުދާހުށިކަމެވެ. ފަހެ އެ ހުރިހާ އެއްޗަކީ ހުސް ބާޠިލެވެ. އަދި އެ ދެނަމާދުގެ ޙުކުމް އޮޅުންއެރުމުގެ ސަބަބުން، އެ ދެނަމާދުކުރުން ސުންނަތްވެގެންވާކަމަށް ކަރުދާސްތަކެއް ލިޔުއްވި އިމާމުންގެ ތެރެއިން ބޭފުޅުންނާ ހެދި، ހެއްލުންތެރިނުވާށެވެ. ފަހެ އެމީހަކު އެވަނީ އެކަމުގައި ގޯސްހަދާފައިއެވެ."""
وقد صنف الشيخ الإمام: أبو محمد عبد الرحمن بن إسماعيل المقدسي كتابًا نفيسًا في إبطالهما، فأحسنَ فيه وأجاد، وكلام أهل العلم في هذه المسألة كثير جدًّا، ولو ذهبنا ننقل كل ما اطلعنا عليه من كلام في هذه المسألة، لطال بنا الكلام، ولعل فيما ذكرنا كفاية وإقناعاً لطالب الحق.,އަދި އައްޝެއިޚު އަލްއިމާމު: އަބޫ މުޙައްމަދު ޢަބްދުއް ރަޙްމާނު ބްނު އިސްމާޢީލު އަލްމަޤްދިސީ ވަނީ އެ ދެނަމާދު ބާޠިލުވެގެންވާކަމަށް ބަޔާންކުރައްވާ އަގުހުރި ފޮތެއް ލިޔުއްވާފައިއެވެ. އަދި އެބޭފުޅާ އެ ފޮތުގައި ފުރިހަމަކޮށް ރިވެތިކުރައްވާ ރަނގަޅު ބަސްތަކެއް ގެންނެވިއެވެ. މި މައްސަލާގައިވާ ޢިލްމުގެ އަހުލުވެރިންގެ ވާހަކަތައް ވަރަށްވެސް ގިނައެވެ. މި މައްސަލާގައި އަހަރުމެންނަށް ފެނިފައިވާ ހުރިހާ ބަސްތަކެއް ގެންނަން އަހަރުމެން އުޅެފިނަމަ؛ ވާހަކަ ދިގުވެގެން ދިޔައީހެވެ. އަހަރުމެން މި ބަޔާންކުރި މިންވަރުގައި، ޙައްޤު ހޯދާ މީހަކަށް ފުދޭވަރާއި ރުހި ޤަބޫލުވާވަރު ވާނޭކަމަށް ބެލެވެއެވެ.
ومن خلال ما تقدم من الآيات والأحاديث وكلام أهل العلم: يتضح لطالب الحق أن الاحتفال بليلة النصف من شعبان بالصلاة أو غيرها، وتخصيص يومها بالصيام؛ بدعة منكرة عند أكثر أهل العلم، وليس له أصل في الشرع المطهر، بل هو مما حدث في الإسلام بعد عصر الصحابة رضي الله عنهم، ويكفي طالب الحق في هذا الباب وغيره قول الله جل جلاله:,އިސްވެދިޔަ އާޔަތްތަކާއި ޙަދީޘްތަކާއި، ޢިލްމުވެރިންގެ ބަސްތަކުން ޙައްޤު ހޯދާ މީހަކަށް ސާފުވެގެންދާނީ؛ ޝަޢުބާން މަސް ދެބައިވާ ރޭގައި ނަމާދުކޮށްގެން ނުވަތަ އެހެން ކަމަކުންވެސް ފާހަގަކުރުމާއި، އަދި އެ ދުވަސް ރޯދަހިފުމަށް ޚާއްޞަކުރުމަކީ؛ ގިނަ ޢިލްމުވެރިންތަކެއް އަރިހުގައި މުންކަރު ބިދުޢައެއްކަމެވެ. އަދި ޠާހިރުވެގެންވާ ޝަރުޢުގައި އެއަށް އެއްވެސް އަޞްލެއް ނުވެއެވެ. ކިއެއްތަ، އެއީ ޞަޙާބީން رضي الله عنهم ގެ ޒަމާނަށް ފަހުގައި އިސްލާމްދީނުގައި އުފެދުނު ކަންތަކުން ކަމެކެވެ. މި ބާބުގައާއި، އެހެން ބާބުތަކުގައިވެސް ޙައްޤު ހޯދަން އުޅޭ މީހަކަށް ﷲ -ޖައްލަ ޖަލާލުހޫ- ގެ މި ބަސްފުޅު ފުދެއެވެ:
﴿...ٱلۡيَوۡمَ أَكۡمَلۡتُ لَكُمۡ دِينَكُمۡ...﴾,(...މިއަދު ތިމަން އިލާހު، ތިޔަބައިމީހުންގެ ދީން ތިޔަބައިމީހުންނަށް ފުރިހަމަ ކޮށްދެއްވައިފީމެވެ...)
[المائدة: 3].,[އަލްމާއިދާ: 3]
وما جاء في معناها من الآيات، وقول النبي ﷺ:,އަދި މި މާނައިގައި އައިސްފައިވާ އާޔަތްތަކާއި، ނަބިއްޔާ ﷺގެ މި ބަސްފުޅުވެސްމެއެވެ:
«مَنْ أَحْدَثَ فِي أَمْرِنَا هَذَا مَا لَيْسَ مِنْهُ فَهُوَ رَدٌّ».,"""އަހަރުމެންގެ މި ދީނުގެ ތެރެއަށް އޭގައި ނެތް އެއްޗެއް އުފައްދައިފި މީހަކު، ފަހެ އެ ކަމެއް ވަނީ ރައްދުކުރެވިގެންނެވެ."""
وما جاء في معناه من الأحاديث.,އަދި އެ މާނައިގައި އައިސްފައިވާ ޙަދީޘްތައްވެސްމެއެވެ.
وفي صحيح مسلم عن أبي هريرة رضي الله عنه قال: قال رسول الله ﷺ:,އަދި ޞަޙީޙު މުސްލިމްގައި، އަބޫ ހުރައިރާ رضي الله عنه ގެ އަރިހުންވެއެވެ. އެކަލޭގެފާނު ވިދާޅުވިއެވެ: ﷲ ގެ ރަސޫލާ ﷺ ޙަދީޘްކުރެއްވިއެވެ:
«لَا تَخُصُّوا لَيْلَةَ الْجُمُعَةِ بِقِيَامٍ مِنْ بَيْنِ اللَّيَالِي، وَلَا تَخُصُّوا يَوْمَهَا بِالصِّيَامِ مِنْ بَيْنِ الْأَيَّامِ، إِلَّا أَنْ يَكُونَ فِي صَوْمٍ يَصُومُهُ أَحَدُكُمْ».,"""ތިޔަބައިމީހުން ރޭތަކުގެ ތެރެއިން ހުކުރު ވިލޭރޭ ރޭއަޅުކަން ކުރަން ތެދުވަން ޚާއްޞަ ނުކުރާށެވެ. އަދި ދުވަސްތަކުގެ ތެރެއިން ހުކުރު ދުވަސް ރޯދަހިފަން ޚާއްޞަ ނުކުރާށެވެ. އެކަމަކު އެއީ ތިޔަބައިމީހުންކުރެ މީހަކު ހިފާ ރޯދައަކާ އެ ދުވަސް ދިމާވެއްޖެއްޔާ މެނުވީއެވެ."""
فلو كان تخصيص شيء من الليالي، بشيء من العبادة جائزًا، لكانت ليلة الجمعة أولى من غيرها؛ لأن يومها هو خير يوم طلعت عليه الشمس، بنص الأحاديث الصحيحة عن رسول الله ﷺ،,ފަހެ، ރޭތަކުން ރެޔެއްގައި، އަޅުކަމުން ކަމެއް ކުރުމަށް ޚާއްޞަކުރުން ހުއްދަވެގެންވާނަމަ؛ ހުކުރު ވިލޭރޭ އެހެން ރޭތަކަށްވުރެ އެކަމަށް މާ އައުލާވެގެންވެއެވެ. އެހެނީ އެ ރޭ އަލިވިލޭ ދުވަހަކީ އިރު އެ ދުވަހެއްގެ މައްޗަށްއަރާ އެންމެ ހެޔޮ ދުވަހެވެ. ﷲ ގެ ރަސޫލާ ﷺގެ އަރިހުންވާ ޞައްޙަ ޙަދީޘްތަކުގެ ނައްޞުންވާ ގޮތަށެވެ.
فَلَمَّا حذر النبي ﷺ من تخصيصها بقيام من بين الليالي، دَلَّ ذلك على أن غيرها من الليالي من باب أولى، لا يجوز تخصيص شيء منها بشيء من العبادة، إِلَّا بدليل صحيح يدل على التخصيص.,ދެންފަހެ ރޭތަކުގެ ތެރެއިން ހުކުރު ވިލޭރޭ ޤިޔާމުއް ލައިލަށް ތެދުވަން ޚާއްޞަކުރުމާމެދު ނަބިއްޔާ ﷺ އިންޛާރުދެއްވިހިނދު؛ އެއިން ދަލީލުކުރަނީ އެނޫން ރޭރޭ އަދި އެއަށްވުރެ މާއައުލާވެގެންވާ ކަމެވެ. އެއިން އެއްވެސް ރެޔެއް، އަޅުކަމުން އެއްވެސް ކަމަކަށް ޚާއްޞަކުރުން ހުއްދަވެގެން ނުވެއެވެ. ޚާއްޞަކުރުމަށް ދަލީލުކުރާ ޞައްޙަ ދަލީލަކުން މެނުވީއެވެ.
وَلَمَّا كانت ليلة القدر وليالي رمضان يُشرع قيامها والاجتهاد فيها، نَبَّه النبي ﷺ على ذلك، وَحَثَّ الأمة على قيامها، وفعل ذلك بنفسه، كما في الصحيحين عن النبي ﷺ أنه قال:,ލައިލަތުލް ޤަދްރި އާއި، ރަމަޟާންމަހުގެ ރޭތަކުގައި ރޭ އަޅުކަންކޮށް، ގަދައަޅާ އަޅުކަންކުރުން ޝަރުޢުވެގެންވުމުން؛ ނަބިއްޔާ ﷺ އެކަން ސަމާލުކަމަށް ގެންނެވިއެވެ. އަދި އެ ރޭތަކުގައި ޤާއިމުވުމަށް އުއްމަތަށް ބާރުއަޅުއްވާ، ޚުދު އެކަލޭގެފާނު އަމިއްލަފުޅަށްވެސް އެކަން ކުރެއްވިއެވެ. އެއީ ދެ ޞަޙީޙުގައި، ނަބިއްޔާ ﷺ ޙަދީޘްކުރެއްވިކަމަށް އައިސްފައިވާ ފަދައިންނެވެ:
«مَنْ قَامَ رَمَضَانَ إِيمَانًا وَاحْتِسَابًا، غُفِرَ لَهُ مَا تَقَدَّمَ مِنْ ذَنْبِهِ، وَمَنْ قَامَ لَيْلَةَ الْقَدْرِ إِيمَانًا وَاحْتِسَابًا، غُفِرَ لَهُ مَا تَقَدَّمَ مِنْ ذَنْبِهِ».,"""އީމާންކަމާއި އަޖުރަށް އުއްމީދުކުރުމާއެކު ރަމަޟާންމަހުގައި (ރޭއަޅުކަން) ޤާއިމުކޮށްފި މީހާ؛ އޭނާގެ އިސްވެދިޔަ ފާފަތައް އޭނާއަށްޓަކައި ފުއްސެވިގެންދެއެވެ. އަދި ލައިލަތުލް ޤަދްރިވިލޭރޭ ، އީމާންކަމާއި އަޖުރަށް އެދުމާއެކު ރޭއަޅުކަންކުރަން ޤާއިމުވެއްޖެ މީހާއަށް؛ އޭނާގެ އިސްވެދިޔަހާ ފާފަތައް ފުއްސެވޭހުއްޓެވެ."""
فلو كانت ليلة النصف من شعبان، أو ليلة أول جمعة من رجب أو ليلة الإسراء والمعراج يُشرع تخصيصها باحتفال أو شيء من العبادة، لأرشد النبي ﷺ الأمة إليه، أو فَعله بنفسه، ولو وقع شيء من ذلك لنقله الصحابة رضي الله عنهما إلى الأمة، ولم يكتموه عنهم، وهم خير الناس، وأنصح الناس بعد الأنبياء عليهم الصلاة والسلام، ورضي الله عن أصحاب رسول الله ﷺ وأرضاهم.,ދެންފަހެ ޝަޢުބާން މަސް ދެބައިވާ ރޭ، ނުވަތަ ރަޖަބު މަހުގެ ފުރަތަމަ ހުކުރުވިލޭރޭ، ނުވަތަ އިސްރާއާއި މިޢުރާޖުގެ ރޭ، ފާހަގަކުރުން ނުވަތަ އަޅުކަމުން ކަމެއް ކުރަން ޚާއްޞަކުރުން ޝަރުޢުވެގެންވާނަމަ؛ ނަބިއްޔާ ﷺ އުއްމަތަށް އެކަމަށް އިރުޝާދުދެއްވީހެވެ. ނުވަތަ އެކަލޭގެފާނު އަމިއްލަފުޅަށް އެކަން ކުރެއްވީހެވެ. އަދި އެއިން ކަމެއް ހިނގިނަމަ؛ ޞަޙާބީން رضي الله عنهم އުއްމަތަށް އެކަމެއް ނަޤުލުކުރެއްވީހެވެ. އަދި އެބޭކަލުން އެކަމެއް އުއްމަތަށް ވަންހަނާ ނުކުރެއްވީހެވެ. އެބޭކަލުންނީ އެންމެ ހެޔޮވެގެންވާ މީހުންނެވެ. އަދި ނަބިއްޔުން عليهم الصلاة والسلام އަށްފަހުގައި މީސްތަކުންނަށް އެންމެ ނަޞޭޙަތްތެރިވެލައްވާ ބޭކަލުންނެވެ. ﷲ ގެ ރަސޫލާ ﷺގެ އަޞްޙާބުންނަށް ﷲ ރުއްސަވާ، އަދި އެބޭކަލުންވެސް ރުހިވަޑައިގަންނަވާ ގޮތަށް ލައްވާށިއެވެ.
وقد عرفتَ آنفًا من كلام العلماء أنه لم يثبت عن رسول الله ﷺ، ولا عن أصحابه رضي الله عنهم شيء في فضل ليلة أول جمعة من رجب، ولا في ليلة النصف من شعبان، فعُلم أن الاحتفال بهما بدعة محدثة في الإسلام، وهكذا تخصيصها بشيء من العبادة، بدعة منكرة،,ޢިލްމުވެރިންގެ ބަސްފުޅުތަކުން ދެންމެ މިދިޔަ ވާހަކަތަކުން ތިބާއަށް އެނގިގެންދާނީ: ރަޖަބުމަހުގެ އެންމެ ފުރަތަމަ ހުކުރުވިލޭރޭ، އަދި ޝަޢުބާން މަސް ދެބައިވާ ރޭގެ މާތްކަމާއިމެދު އެއްވެސް އެއްޗެއް ﷲ ގެ ރަސޫލާ ﷺގެ އަރިހުން، އަދި އެކަލޭގެފާނުގެ އަޞްޙާބުން رضي الله عنهم ގެ އަރިހުންވެސް ޘާބިތުވެގެން ނުވާކަމެވެ. އެހެންކަމުން އެނގިގެންދަނީ: އެ ދެރޭ ފާހަގަކުރުމަކީ އިސްލާމްދީނަށް އަލަށް އުފައްދާފައިވާ ބިދުޢައެއްކަމެވެ. އަދި އެ ރޭ އެއްވެސް އަޅުކަމެއް ކުރުމަށް ޚާއްޞަކުރުމަކީވެސް ހަމަ މިފަދައިން މުންކަރުވެގެންވާ ބިދުޢައެކެވެ.
وهكذا ليلة سبع وعشرين من رجب، التي يعتقد بعض الناس أنها ليلة الإسراء والمعراج، لا يجوز تخصيصها بشيء من العبادة، كما لا يجوز الاحتفال بها؛ للأدلة السابقة، هذا لو عُلمت، فكيف والصحيح من أقوال العلماء أنها لا تُعرف،,މިފަދައިން، އިސްރާއާއި މިޢުރާޖުގެ ރޭކަމަށް ބައެއް މީހުން ޤަބޫލުކުރަމުންދާ: ރަޖަބުމަހުގެ ހަތާވީސްވިލޭރޭވެސް، އަޅުކަމުން އެއްވެސް ކަމަކަށް ޚާއްޞަކުރުން ހުއްދަވެގެން ނުވެއެވެ. އެފަދައިންމެ، އެ ރޭ ފާހަގަކުރުންވެސް ހުއްދަވެގެން ނުވެއެވެ. އެއީ އިސްވެދިޔަ ދަލީލުތަކަށްޓަކައިއެވެ. މިއީ އަދި އެއީ ކޮން ރެޔެއްކަން އެނގިގެންވާނަމައެވެ. ދެންފަހެ ޢިލްމުވެރިންގެ ބަސްފުޅުތަކުން ޞައްޙަ ބަހަކީ އެއީ ކޮން ރެޔެއްކަން އެނގިގެންވެސް ނުވުންކަމުގައިވާއިރު އަދި ކޮންފަދަހެއްޔެވެ!؟
وقول من قال: أنها ليلة سبع وعشرين من رجب، قول باطل لا أساس له في الأحاديث الصحيحة، ولقد أحسن من قال:,އެއީ ރަޖަބުމަހުގެ ހަތާވީސްވިލޭރޭކަމަށް ބުނި ބަޔަކުގެ ބަހަކީ، ޞައްޙަ ޙަދީޘްތަކުން އެއަށް އެއްވެސް އަސާސެއް ނުވާ ބާޠިލު ބަހެކެވެ. އަދި އަންނަނިވި ބަސް ބުނި މީހާ ރިވެތި ރަނގަޅު ބަސްތަކެއް ބުނެފިއެވެ:
وخير الأمور السالفات على الهدى... وشر الأمور المحدثات البدائع,"""އެންމެ ހެޔޮ ރަނގަޅު ކަންތަކަކީ ހިދާޔަތުގެ މަތީގައި އިސްވެގޮސްފައިވާ ކަންކަމެވެ. އަދި އެންމެ ނުބައި ކަންކަމީ (ދީނުގެ ތެރެއަށް) އަލަށް އުފައްދާފައިވާ ކުޅަދާނަ ކަންކަމެވެ."""
واللهَ المسؤول أن يوفقنا وسائر المسلمين للتمسك بالسُّنَّة والثبات عليها، والحذر مما خالفها، إنه جواد كريم.,އަހަރުމެންނާއި ހުރިހާ މުސްލިމުންނަށް، ސުންނަތުގައި ހިފަހައްޓާ އޭގެ މަތީގައި ޘާބިތުވުމަށާއި، އަދި އެއާ ޚިލާފުވެއްޖެ އެއްޗަކާމެދު ހުށިޔާރުވެ ސަމާލުވުމަށް ތައުފީޤު ދެއްވުމަށް އެދި ދަންނަވަނީ ﷲ ގެ ޙަޟްރަތުންނެވެ. ހަމަކަށަވަރުން އެކަލާނގެއީ ދީލަތިވަންތަ މާތްވަންތަ އޯގާވަންތަ އިލާހެވެ.
وصلى الله وسلم على عبده ورسوله نبينا محمد وعلى آله وصحبه أجمعين.,"ﷲ އެކަލާނގެ އަޅާ އަދި ރަސޫލާކަމުގައިވާ، އަހަރުމެންގެ ނަބިއްޔާ މުޙައްމަދުގެފާނަށާއި، އެކަލޭގެފާނުގެ އާލުންނާއި އެންމެހާ އަޞްޙާބުންނަށް ޞަލަވާތާއި ސަލާމް ލައްވާށިއެވެ.
 وصلى الله وسلم على عبده ورسوله نبينا محمد وعلى آله وصحبه أجمعين."
الرسالة الثامنة:,އަށްވަނަ ރިސާލާ:
تَنبِيهٌ هَامٌّ عَلَى كَذِبِ الوَصِيَّةِ المَنْسُوبَةِ,ނިސްބަތްކުރެވޭ ވަޞިއްޔަތް ދޮގުވެގެންވާކަމުގެ މައްޗަށްވާ މުހިއްމު ސަމާލުކުރުވުމެއް.
لِلشَّيخِ أَحْمَدَ خَادِمِ الحَرَمِ النَّبَوِيِّ الشَّرِيفِ,އެއީ ޝަރަފުވެރި ނަބަވީ ޙަރަމުގެ ޚާދިމުކަމުގައިވާ ޝެއިޚު އަޙްމަދަށް ނިސްބަތްކުރެވޭ ވަޞިއްޔަތެކެވެ.
من عبد العزيز بن عبد الله بن باز إلى من يطلع عليه من المسلمين، حفظهم الله بالإسلام، وأعاذنا وإياهم من شر مفتريات الجهلة الطغام، آمين.,ޢަބްދުލް ޢަޒީޒު ބްނު ޢަބްދު ﷲ ބްނު ބާޒުގެ ފަރާތުން، މުސްލިމުންގެ ތެރެއިން މި ރިސާލާ ފެންނަ ބަޔަކަށް، ﷲ އެމީހުން އިސްލާމްދީން މަތީގައި ރައްކާތެރިކުރައްވާށިއެވެ. އަދި ދަށުދަރަޖައިގެ ޖާހިލުންގެ ބުހުތާނުތަކުން އަހަރުމެންނާއި އެމީހުން ޙިމާޔަތްކުރައްވާށިއެވެ. އާމީން.
سلام عليكم ورحمة الله وبركاته.,ތިޔަބައިމީހުންގެ މައްޗަށް ސަލާމް ހުއްޓެވެ. އަދި ﷲ ގެ ރަޙްމަތާއި އެކަލާނގެ ބަރަކާތް ހުއްޓެވެ.
أَمَّا بَعْدُ: فقد اطلعت على كلمة منسوبة إلى الشيخ أحمد خادم الحرم النبوي الشريف، بعنوان: «هذه وصية من المدينة المنورة عن الشيخ أحمد خادم الحرم النبوي الشريف»، قال فيها:,"އެއަށްފަހު ދަންނައެވެ: ޝަރަފުވެރި ޙަރަމްކަމުގައިވާ: މަސްޖިދުއް ނަބަވީގެ ޚާދިމު ޝެއިޚު އަޙްމަދަށް ނިސްބަތްކުރެވިފައިވާ ބަސްތަކެއް އަހަރެންނަށް ފެނިއްޖެއެވެ. އެއީ: ""މަދީނަތުލް މުނައްވަރާއިން، ޝަރަފުވެރި ނަބަވީ ޙަރަމުގެ ޚާދިމު: ޝެއިޚު އަޙްމަދުގެ ފަރާތުންވާ ވަޞިއްޔަތެއް"" މި ސުރުޚީގެ ދަށުންނެވެ. އެބޭފުޅާ ވިދާޅުވިކަމަށް އޭއޭގައި ވެއެވެ:"
«كنت ساهرًا ليلة الجمعة أتلو القرآن الكريم، وبعد تلاوة قراءة أسماء الله الحسنى، فَلَمَّا فرغت من ذلك تهيأت للنوم، فرأيت صاحب الطلعة البهية رسول الله ﷺ الذي أتى بالآيات القرآنية، والأحكام الشريفة؛ رحمة بالعالمين سيدنا محمد ﷺ، فقال: يا شيخ أحمد، قلتُ: لبيك يا رسول الله، يا أكرم خلق الله،,"""އަހަރެން ހުކުރުވިލޭރޭ ޤުރްއާން ކިޔަވަން ރޭގަނޑު ހޭލާ ހުރީމެވެ. އެއަށްފަހު ﷲ ގެ އެންމެ ރިވެތިވެގެންވާ އިސްމުފުޅުތައް ކިޔަވާ، ދެން އެކަންކަން ނިމުމުން ނިދުމަށް އަހަރެން ތައްޔާރުވީމެވެ. ދެން އަހަރެންނަށް، އުޖާލާ މޫނުފުޅުގެ ވެރި ކަލޭގެފާނުކަމުގައިވާ: ﷲ ގެ ރަސޫލާ ﷺ ފެނުނެވެ. އެއީ ޤުރްއާނުގެ އާޔަތްތަކާއި، ޝަރަފުވެރި ޙުކުމްތަކާގެން، ޢާލަމްތަކަށް ރަޙްމަތެއްގެ ގޮތުގައި ވަޑައިގެންނެވި އަހަރުމެންގެ ސާހިބާ މުޙައްމަދު ﷺ އެވެ. ދެން އެކަލޭގެފާނު ޙަދީޘްކުރެއްވިއެވެ: ""އޭ ޝެއިޚު އަޙްމަދެވެ."" ދެން އަހަރެން ދެންނެވީމެވެ: ""އިޖާބަދީފީމެވެ. އޭ ﷲ ގެ ރަސޫލާއެވެ! އޭ ﷲ ގެ ޚަލްޤުތަކުންގެ ތެރެއިން އެންމެ މާތް ޚަލްޤެވެ"""
فقال لي: أنا خجلان من أفعال الناس القبيحة، ولم أقدر أن أقابل ربي ولا الملائكة؛ لأن من الجمعة إلى الجمعة مات مائة وستون ألفًا على غير دين الإسلام -ثم ذكر بعض ما وقع فيه الناس من المعاصي،,"ދެން އެކަލޭގެފާނު އަހަރެންނަށް ޙަދީޘްކުރެއްވިއެވެ: ""މީސްތަކުން ކުރަމުންދާ ހުތުރު ކަންކަމުގެ ސަބަބުން ތިމަންކަލޭގެފާނު މިހުންނެވީ ލަދުފުޅުގަނެގެންނެވެ. އަދި ތިމަންކަލޭގެފާނުގެ ވެރި ރައްބާއި އަދި މަލާއިކަތުންނާވެސް ބައްދަލުކުރައްވާކަށް ތިމަންކަލޭގެފާނަށް ލާހިކެއް ނޫނެވެ. އެހެނީ އެއް ހުކުރުން އަނެއް ހުކުރަށް، އިސްލާމްދީން ފިޔަވައި އެހެން ދީނެއްގެ މަތީގައި ސަތޭކަ ފަސްދޮޅަސްހާސް މީހުން މަރުވެއްޖެއެވެ. -ދެން މީސްތަކުން ވެއްޓިފައިވާ އުރެދުންތަކުގެ ވާހަކަ ޛިކުރުކުރެއްވިއެވެ-"
ثم قال: - فهذه الوصية رحمة بهم من العزيز الجبار.,"ދެން ޙަދީޘްކުރެއްވިއެވެ: ""ފަހެ މިއީ ޢަޒީޒުވަންތަ ޖައްބާރުވަންތަ އިލާހުގެ ޙަޟްރަތުން އެމީހުންނަށް ރަޙްމަތެއްގެ ގޮތުގައިވާ ވަޞިއްޔަތެކެވެ."""
ثم ذكر بعض أشراط الساعة، إلى أن قال: - فأخبرهم يا شيخ أحمد بهذه الوصية؛ لأنها منقولة بقلم القدر من اللوح المحفوظ، ومَن يكتبها ويرسلها من بلد إلى بلد، ومن محل إلى محل، يُبنى له قصر في الجنة، ومن لم يكتبها ويرسلها حرمت عليه شفاعتي يوم القيامة،,"ދެން ޤިޔާމަތުގެ ބައެއް ޢަލާމާތްތައް ޛިކުރުކުރައްވާފައި، ޙަދީޘްކުރެއްވިކަމަށެވެ: ""އޭ ޝެއިޚު އަޙްމަދެވެ! ތިބާ އެމީހުންނަށް މި ވަޞިއްޔަތުގެ ޚަބަރުދޭށެވެ. އެހެނީ މިއީ ލައުޙުލް މަޙްފޫޡުން، ޤަދަރުގެ ޤަލަމުން ނަޤުލުވެފައިވާ ވަޞިއްޔަތެކެވެ. އަދި މި ވަޞިއްޔަތް ލިޔެފައި، އެއް ރަށުން އަނެއް ރަށަށް، އަދި އެއް ތަނުން އަނެއް ތަނަށް ފޮނުވާ މީހަކަށް ސުވަރުގޭގައި ގަނޑުވަރެއް ބިނާކުރެވިގެންދާނެއެވެ. އަދި މި ވަޞިއްޔަތް ނުލިޔެ އަދި ނުވެސް ފޮނުވާ މީހާގެ މައްޗަށް ތިމަންކަލޭގެފާނު ޤިޔާމަތްދުވަހު ޝަފާޢަތްތެރިވުން ޙަރާމްވެއްޖެއެވެ."
ومن كتبها وكان فقيرًا أغناه الله، أو كان مديونًا قضى الله دينه، أو عليه ذنب غفر الله له ولوالديه ببركة هذه الوصية،,އަދި މި ލިޔެފި މީހާ، އޭނާއަކީ ފަޤީރެއްކަމުގައިވާނަމަ ﷲ އޭނާ ފުދުންތެރިކުރައްވާނެއެވެ. ނުވަތަ ދަރަނިވެރިވެގެންވާނަމަ ﷲ އޭނާގެ ދަރަނި ފުއްދަވާދެއްވާނެއެވެ. ނުވަތަ ފާފައެއް ކުރެވިފައިވާނަމަ ﷲ އޭނާއަށާއި އޭނާގެ މައިންބަފައިންނަށްވެސް ފާފަފުއްސަވާދެއްވާނެއެވެ. މި ވަޞިއްޔަތުގެ ބަރަކާތުންނެވެ.
ومن لم يكتبها من عباد الله اسود وجهه في الدنيا والآخرة،,"ﷲ ގެ އަޅުތަކުންގެ ތެރެއިން މި ވަޞިއްޔަތް ނުލިޔާ މީހާ، ދުނިޔެއާއި އާޚިރަތުގައި އޭނާގެ މޫނު ކަޅުވެގެންދާނެއެވެ."""
وقال: والله العظيم ثلاثًا هذه حقيقة، وإن كنت كاذبًا أخرج من الدنيا على غير الإسلام، ومن يصدق بها ينجو من عذاب النار، ومن يُكذب بها كفر».,"އަދި (ޝެއިޚު ޢަހްމަދު) ވިދާޅުވިކަމަށެވެ: ""މަތިވެރިވެގެންވާ ﷲ ގަންދީ ބުނަމެވެ! -ތިންފަހަރު ހުވާކުރައްވާ ވިދާޅުވިކަމަށެވެ- މިއީ ހަމަ ޙަޤީޤަތެވެ. އަދި އަހަރެންނީ ދޮގުވެރިއެއްނަމަ؛ އަހަރެން ދުނިޔެއިން ނިކުންނާނީ އިސްލާމްކަމުގެ މަތީގައެއް ނޫނެވެ. އަދި މި ވަޞިއްޔަތް ތެދުކޮށްފި މީހާ؛ ނަރަކައިގެ ޢަޛާުބުން މިންޖުވާނެއެވެ. އަދި މި ވަޞިއްޔަތް ދޮގުކޮށްފި މީހާ ކާފަރުވެއްޖެއެވެ."""
هذه خلاصة ما في الوصية المكذوبة على رسول الله ﷺ، ولقد سمعنا هذه الوصية المكذوبة مرات كثيرة منذ سنوات متعددة، تُنشر بين الناس فيما بين وقت وآخر، وتُروَّج بين الكثير من العامّة، وفي ألفاظها اختلاف،,ﷲ ގެ ރަސޫލާ ﷺގެ މައްޗަށް ހަދާފައިވާ މި ދޮގު ވަޞިއްޔަތުގައިވާ ވާހަކަތަކުގެ ޚުލާޞާއަކީ މިއެވެ. އެތައް އަހަރުތަކެއް ކުރިން އެތައް ފަހަރަކު މި ދޮގުވެރި ވަޞިއްޔަތް އަހަރުމެން އަޑުއަހައިފީމެވެ. މީސްތަކުންގެ ތެރޭގައި އެހެން އުޅެލާފައި އެކި ދުވަސްވަރު މި ފެތުރެއެވެ. އަދި ޢާއްމުންގެ ގިނަ ބަޔަކުގެ ތެރޭގައި ވަރަށް ޕުރޮމޯޓުވެއެވެ. އަދި އޭގެ ލަފްޒުތަކުގައި ތަފާތުތަކެއްވެއެވެ.
وكاذبها يقول: إنه رأى النبي ﷺ في النوم، فحمله هذه الوصية، وفي هذه النشرة الأخيرة التي ذكرنا لك أيها القارئ زعم المفتري فيها أنه رأى النبي ﷺ عندما تهيأ للنوم، فالمعنى: أنه رآه يقظة!,އެ ދޮގު އުފެއްދި މީހާ އެ ބުނަނީ: އޭނާއަށް ނަބިއްޔާ ﷺ ނިދީގައި ފެނި، ދެން މި ވަޞިއްޔަތް އެކަލޭގެފާނު ލައިދެއްވީކަމަށެވެ. އެންމެ ފަހުން ފެތުރިފައިވާ މިވާ ގޮތުގައި: އަހަރުމެން ތިޔަ ކިޔުންތެރިޔާއަށް މި ގެނެސްދިންގޮތަށް، ބުހުތާނުހެދި މީހާ ދަޢުވާކޮށްފައިވާ އެވަނީ އޭނާ ނިދަން ތައްޔާރުވިތަނާ ނަބިއްޔާ ﷺ ފެނުނުކަމަށެވެ. އޭގެ މާނައަކީ: އޭނާ ހޭލާހުއްޓާ ފެނުނުކަމަށެވެ!
زعمَ هذا المفتري في هذه الوصية أشياء كثيرة؛ هي من أوضح الكذب، وأبين الباطل، سأنبهك عليها قريبًا في هذه الكلمة إن شاء الله، ولقد نبهت عليها في السنوات الماضية، وبينت للناس أنها من أوضح الكذب، وأبين الباطل، فَلَمَّا اطلعت على هذه النشرة الأخيرة ترددت في الكتابة عنها، لظهور بطلانها، وعظم جراءة مفتريها على الكذب، وما كنت أظن أن بطلانها يروج على من له أدنى بصيرة، أو فطرة سليمة،,މި ދޮގުވެރިޔާ، މި ވަޞިއްޔަތުގައި ގިނަ ކަންތަކަކަށް ވަނީ ދަޢުވާކޮށްފައިއެވެ. އެ ކަންކަން ވަނީ އެންމެ ސާފު ދޮގުތަކުގެ ތެރެއިން، އަދި އެންމެ ބަޔާންވެގެންވާ ބާޠިލުގެ ތެރެއިންނެވެ. އަހަރެން މި ވާހަކައިގައި އެ ކަންކަން ކައިރި ހިސާބެއްގައި إن شاء الله ތިބާގެ ސަމާލުކަމަށް ގެންނާނަމެވެ. މިދިޔަ އަހަރުތަކުގައިވެސް އަހަރެންވާނީ އެ ކަންކަން ފާހަގަކޮށްފައިއެވެ. އަދި އެއީ އެންމެ ސާފު ދޮގުތަކުގެ ތެރެއިންވާ ކަންތައްތަކެއްކަމާ، އަދި ބަޔާންވެގެންވާ ބާޠިލުގެ ތެރެއިންވާ ކަންތަކެއްކަން އަހަރެން މީސްތަކުންނަށް ބަޔާންކޮށްދިނީމެވެ. ދެން މި ފަހުން ފެތުރުނު ލިޔުމަށް އަހަރެން ނަޒަރުހިނގާލި ހިނދު؛ އެއާމެދު އެއްޗެއް ލިޔަން އަހަރެން ދެއަތަށް ކިރުނެވެ. އެއީ އޭގެ ބާޠިލުކަން އެހާވެސް ސާފުވުމުންނެވެ. އަދި އެ ބުހުތާނު ހެދި މީހާ ދޮގުހެދުމަށް ޖެހިލުންކުޑަކަން ބޮޑުކަމުންނެވެ. ކިރިޔާވެސް ދުރު ވިސްނުމެއް، ނުވަތަ ސަލާމަތްތެރި ފިޠުރަތެއް ހުރި މީހަކު އެ ބާޠިލަށް ހެއްލިގެންދާނޭކަމަށް އަހަރެން ހިއެއް ނުކުރަމެވެ.
ولكن أخبرني كثير من الإخوان أنها قد راجت على كثير من الناس، وتداولوها بينهم وصدَّقها بعضهم؛ فمِن أجل ذلك رأيت أنه يتعين على أمثالي الكتابة عنها، لبيان بطلانها، وأنها مفتراة على رسول الله ﷺ حتى لا يغتر بها أحد،,ނަމަވެސް މީސްތަކުންގެ ތެރެއިން ގިނަބަޔަކުގެ މައްޗަށް އޭތި ޕުރޮމޯޓުވެގެންދިޔަކަމާއި، އަދި އެމީހުންގެ ތެރޭގައި އެ ދައުރުކޮށް، އަދި ބައެއް މީހުން އެ ތެދުވެސް ކުރިކަމަށް ގިނަ އަޚުންތަކެއް އަހަރެންނަށް ޚަބަރުދިނެވެ. އެކަމަށްޓަކައި، އަހަރެންފަދަ މީހުންގެ މައްޗަށް އޭގެ ބާޠިލުކަން ބަޔާންކުރުމަށްޓަކައި، އަދި އެއީ ﷲ ގެ ރަސޫލާ ﷺގެ މައްޗަށް ހަދާފައިވާ ބުހުތާނެއްކަން ހާމަކުރުމަށްޓަކައި ލިޔަންޖެހޭނެކަމަށް ފެނުނެވެ. އެއީ އެއްވެސް މީހަކު އެއާމެދު ހެއްލުންތެރިވެގެން ނުދިޔުމަށްޓަކައިއެވެ.
ومن تأمَّلها من ذوي العلم والإيمان، أو ذوي الفطرة السليمة والعقل الصحيح؛ عرف أنها كذب وافتراء من وجوه كثيرة.,ޢިލްމާއި އީމާންކަމުގެ އަހުލުވެރިންގެ ތެރެއިން، ނުވަތަ ސަލާމަތްތެރި ފިޠުރަތަކާއި ޞައްޙަ ބުއްދިއެއްގެ ވެރިންގެ ތެރެއިން އެ ވަޞިއްޔަތާމެދު ވިސްނާ ފިކުރުކޮށްފި މީހަކަށް؛ އެއީ އެތައް ގޮތަކަށް ހަދާފައިވާ ދޮގު ބުހުތާނެއްކަން އެނގޭނެއެވެ.
ولقد سألت بعض أقارب الشيخ أحمد المنسوبة إليه هذه الفرية، عن هذه الوصية، فأجابني: بأنها مكذوبة على الشيخ أحمد، وأنه لم يقلها أصلًا،,އަދި މި ބުހުތާނު ދޮގު އެމީހަކަށް ނިސްބަތްވާ ޝެއިޚު އަޙްމަދުގެ ބައެއް ތިމާގެ މީހުންގެ ގާތުން، މި ވަޞިއްޔަތާމެދު އަހަރެން ސުވާލުކޮށްލީމެވެ. ދެން އެމީހުން ޖަވާބުދިނީ އެއީ ޝެއިޚު އަޙްމަދުގެ މައްޗަށް ހަދާފައިވާ ދޮގެއްކަމަށެވެ. އަދި އޭނާ އަޞްލު އެހެން ނުވެސް ބުނާކަމަށެވެ.
والشيخ أحمد المذكور قد مات من مدة، ولو فرضنا أن الشيخ أحمد المذكور، أو من هو أكبر منه، زعم أنه رأى النبي ﷺ في النوم أو اليقظة، وأوصاه بهذه الوصية، لعلمنا يقينًا أنه كاذب، أو أن الذي قال له ذلك شيطان، ليس هو الرسول ﷺ لوجوه كثيرة منها:,އަދި ނަންގަނެވިފައިވާ ޝެއިޚު އަޙްމަދުވަނީ އެތައް އަހަރެއް ކުރިން ނިޔާވެފައިއެވެ. މިސާލަކަށް މި ބުނާ ޝެއިޚު އަޙްމަދު، ނުވަތަ އެއަށްވުރެ ބޮޑު މީހަކުވިޔަސް؛ ހުވަފެނުގައި ނުވަތަ ހޭލާހުއްޓާ އެމީހަކަށް ނަބިއްޔާ ﷺ ފެނި، ދެން މި ވަޞިއްޔަތްކުރުމަށް އެކަލޭގެފާނު ވަޞިއްޔަތްކުރެއްވިކަމަށް ދަޢުވާކޮށްފިނަމަ؛ އޭނާއީ ދޮގުވެރިއެއްކަން، ނުވަތަ އެހެން އޭނާގެ ގާތުގައި އެބުނީ ރަސޫލާ ﷺ އެއް ނޫންކަމާއި އެކަމަކު ޝައިޠާނެއްކަން އަހަރުމެންނަށް ޔަޤީންކޮށް އެނގުނީހެވެ. އެއީ އެތައް ކަމަކަށްޓަކައިއެވެ. އޭގެ ތެރޭގައި:
أولًا: أن الرسول ﷺ لا يُرَى في اليقظة بعد وفاته ﷺ، ومَن زعم من جهلة الصوفية أنه يرى النبي ﷺ في اليقظة، أو أنه يحضر المولد، أو ما شابه ذلك؛ فقد غلط أقبح الغلط، ولبس عليه غاية التلبيس، ووقع في خطأ عظيم، وخالف الكتاب والسُّنَّة وإجماع أهل العلم؛ لأن الموتى إنما يخرجون من قبورهم يوم القيامة لا في الدنيا،,ފުރަތަމައަށް: ރަސޫލާ ﷺ އަވަހާރަވުމަށް ފަހު، މީހަކު ހޭލާހުއްޓާ އެކަލޭގެފާނު ﷺ އެއް ނުފެންނާނެއެވެ. ޖާހިލު ޞޫފީންގެ ތެރެއިން އެމީހަކު ހޭލާހުއްޓާ ނަބިއްޔާ ﷺ ފެންނަކަމަށް، ނުވަތަ އެކަލޭގެފާނު ޢީދު މީލާދު ފާހަގަކުރެވޭ ތަނަށް ޙާޟިރުވެވަޑައިގަންނަވާކަމަށް، ނުވަތަ އެފަދަ ކަމަކަށް ދަޢުވާކޮށްފި މީހާ؛ ފަހެ އެންމެ ހުތުރު ނުބައި ގޯސްހަދައިފިއެވެ. އަދި އޮޅޭނެ އެންމެ ބޮޑަށް އޭނާއަށް އެވަނީ އޮޅިފައިއެވެ. އަދި އޭނާ އެވަނީ ބޮޑުވެގެންވާ ކުށަކަށް ވެއްޓި، ޤުރްއާނާއި ސުންނަތާއި ޢިލްމުގެ އަހުލުވެރިންގެ އިޖްމާޢުއާ ޚިލާފުވެފައިއެވެ. އެހެނީ މަރުވެފައިވާ މީހުން، އެމީހުންގެ ޤަބުރުތަކުން ނިކުންނާނޭކަން ކަށަވަރީ ޤިޔާމަތްދުވަހުއެވެ. ދުނިޔެއަކު ނޫނެވެ.
ومن قال خلاف ذلك فهو كاذب كذبًا بينًا، أو غالطٌ ملبَّس عليه، لم يَعرف الحق الذي عرفه السلف الصالح، ودرج عليه أصحاب رسول الله ﷺ وأتباعهم بإحسان، قال الله تعالى:,އެއާ ޚިލާފަށް ބުނެފި މީހަކު އެއީ ބަޔާންވެގެންވާ ދޮގުހަދާ ދޮގުވެރިއެކެވެ. ނުވަތަ އޮޅިފައި، ގޯސްހެދިގެންވާ މީހެކެވެ. ހެޔޮވެގެންވާ ސަލަފުންނަށް އެނގިވަޑައިގެންނެވި، އަދި ﷲ ގެ ރަސޫލާ ﷺ ގެ އަޞްޙާބުންނާއި، އިޙްސާންތެރިކަމާއެކު އެކަލޭގެފާނަށް ތަބަޢަވެވަޑައިގެންނެވި ބޭކަލުން އެގޮތެއްގެ މަތީގައި ހިންގެވި ޙައްޤު އޭނާއަށް އެނގިފައެއް ނެތެވެ. ﷲ ތަޢާލާ ވަޙީކުރެއްވިއެވެ:
﴿ثُمَّ إِنَّكُم بَعۡدَ ذَٰلِكَ لَمَيِّتُونَ15,(ދެން ހަމަކަށަވަރުން ތިޔަބައިމީހުން އޭގެ ފަހުގައި މަރުވާނެކަން ކަށަވަރެވެ.
ثُمَّ إِنَّكُمْ يَوْمَ الْقِيَامَةِ تُبْعَثُونَ16﴾,ދެން ހަމަކަށަވަރުން ތިޔަބައިމީހުން ޤިޔާމަތް ދުވަހުން، އަލުންދިރުއްވައި މަޙުޝަރަށް ފޮނުވޭނެއެވެ.)
[المؤمنون: 15، 16]،,[އަލްމުއުމިނޫން: 15- 16]
وقال النبي ﷺ:,އަދި ނަބިއްޔާ ﷺ ޙަދީޘްކުރެއްވިއެވެ:
«أَنَا أَوَّلُ مَنْ تَنْشَقُّ عَنْهُ الْأَرْضُ يَوْمَ الْقِيَامَةِ، وَأَنَا أَوَّلُ شَافِعٍ وَأَوَّلُ مُشَفَّعٍ».,"""ތިމަންކަލޭގެފާނީ ޤިޔާމަތް ދުވަހު އެމީހަކުގެ މަތިން ޤަބުރު އެންމެ ފުރަތަމަ ފަޅައިގެންދާނޭ މީހާއެވެ. އަދި އެންމެ ފުރަތަމަ ޝަފާޢަތްތެރިވާނޭ ބޭކަލަކީވެސް، އަދި އެންމެ ފުރަތަމަ ޝަފާޢަތްތެރިވެވޭނެ ބޭކަލަކީވެސް ތިމަންކަލޭގެފާނެވެ."""
والآيات والأحاديث في هذا المعنى كثيرة.,މި މާނާގައިވާ އާޔަތްތަކާއި ޙަދީޘްތައް ގިނަވެގެންވެއެވެ.
ثانياً: أن الرسول ﷺ لا يقول خلاف الحق، لا في حياته ولا في وفاته، وهذه الوصية تخالف شريعتَه مخالفة ظاهرة، وذلك من وجوه كثيرة ـ كما يأتي ـ، وهو ﷺ قد يُرَى في النوم،,ދެވަނައީ: ރަސޫލާ ﷺ ޙައްޤާ ޚިލާފަށް ބަސް ވިދާޅުނުވާނެއެވެ. އެކަލޭގެފާނުގެ ދިރިހުންނަވާވެސް އަދި އަވަހާރަވުމަށް ފަހުވެސްމެއެވެ. އެކަމަކު މި ވަޞިއްޔަތް، އެކަލޭގެފާނުގެ ޝަރީޢަތާ ފާޅުކަން ބޮޑުކޮށް ޚިލާފުވެއެވެ. އެއީ -އަދި (މި ރިސާލާގައި އިތުރަށް ބަޔާންވެގެން) އަންނާނޭފަދައިން- އެތައް ގޮތަކުންނެވެ. އަދި އެކަލޭގެފާނު ﷺ ނިދީގައި ހުވަފެނުގައި މީހަކަށް ފެނިދާނެއެވެ.
ومن رآه في المنام على صورته الشريفة فقد رآه؛ لأن الشيطان لا يتمثل في صورته، كما جاء بذلك الحديث الصحيح الشريف، ولكن الشأن كل الشأن في إيمان الرائي وصدقه وعدالته وضبطه وديانته وأمانته، وهل رأى النبي ﷺ في صورته أو في غيرها.,އަދި ހުވަފެނުގައި އެކަލޭގެފާނުގެ ޝަރަފުވެރި ޞޫރަފުޅުގައި ފެނިއްޖެ މީހަކަށް އެކަލޭގެފާނު އެވަނީ ފެނިފައިއެވެ. އެހެނީ ޞައްޙަ ޝަރަފުވެރި ޙަދީޘްގައި އައިސްފައިވާފަދައިން، ޝައިޠާނާއަށް އެކަލޭގެފާނުގެ ޞޫރަފުޅުގައި ސިފަ ނުޖެހެވޭނެތީއެވެ. ނަމަވެސް ހުރިހާވެސް (މުހިއްމު) ކަމަކީ: އެ ފެނުނު މީހާގެ އީމާންތެރިކަމާއި، ތެދުވެރިކަމާއި، ޢަދުލުވެރިކަމާއި، ރަނގަޅަށް ރައްކާކުރުމާއި، ދީންވެރިކަމާއި، އަމާނާތްތެރިކަމާއި، އަދި އޭނާއަށް ނަބިއްޔާ ﷺ އެ ފެނުނީ ހަމަ އެކަލޭގެފާނުގެ ޞޫރައަށްތޯ ނުވަތަ އެހެން ގޮތަކަށްތޯ އާއި، މި ކަންކަމެވެ.
ولو جاء عن النبي ﷺ حديث قاله في حياته، من غير طريق الثقات العدول الضابطين لم يُعتمد عليه، ولم يحتج به، أو جاء من طريق الثقات الضابطين، ولكنه يخالف رواية مَن هو أحفظ منهم، وأوثق مخالفة لا يمكن معها الجمع بين الروايتين، لكان أحدهما منسوخًا لا يُعمل به، والثاني: ناسخ يُعمل به، حيث أمكن ذلك بشروطه، وإذا لم يُمكن الجمع ولا النسخ وجب أن تُطرح رواية من هو أقل حفظًا، وأدنى عدالةً، والحكم عليها بأنها شاذة لا يُعمل بها.,ނަބިއްޔާ ﷺ ދިރިހުންނެވިއިރު ޙަދީޘްކުރެއްވި ބަސްފުޅެއް، އިތުބާރުހުރި، ޢަދުލުވެރި، ހިތުދަސްކޮށް ރައްކާކުރުމުގެ ބާރުގަދަ މީހުން ނޫން އެހެން މަގަކުން އައިސްފިނަމަ އެއަށް ބަރޯސާއެއް ނުވެވޭނެއެވެ. އަދި ޙުއްޖަތެއްކަމުގައިވެސް ނުބެލެވޭނެއެވެ. ނުވަތަ ހިތުދަސްކޮށް ރައްކާކުރުމުގެ ބާރުގަދަ އިތުބާރުހުރި މީހުންގެ މަގުން އަޔަސް، އެއަށްވުރެ މާ ބޮޑަށް ހިތުދަސް، އަދި މާ އިތުބާރުބޮޑު ބަޔަކުގެ ރިވާޔަތާ، ދެ ރިވާޔަތް ޖަމުޢުނުކުރެވޭ ފަދަ ޚިލާފުވުމަކުން ޚިލާފުވާނަމަ، އެތަނުން އެއް ރިވާޔަތް އެއީ އެއަށް ޢަމަލުނުކުރެވޭ މަންސޫޚު ރިވާޔަތަކަށްވެއެވެ. އަނެއް ރިވާޔަތްވާނީ: އެއަށް ޢަމަލުކުރެވޭ ނާސިޚު ރިވާޔަތަކަށެވެ. އެއީ އޭގެ ޝަރުޠުތަކާއެކު އެކަން ވާންއޮތުމުންނެވެ. ދެންފަހެ ޖަމަޢަކުރުންވެސް، އަދި މަންސޫޚުކުރުންވެސް ވާންނެތްނަމަ؛ ޙިތުދސްކުރުމާއި ޢަދުލުވެރިކަމުގެ ގޮތުން އުނި މީހާގެ ރިވާޔަތް އެއްލާލެވި (ދޫކޮށްލެވި)، އަދި އެއީ އެއަށް ޢަމަލު ނުކުރެވޭ ޝާއްޛު އެކަހެރި ރިވާޔަތެއްކަމުގައި ޙުކުމްކުރަން ޖެހެއެވެ.
فكيف بوصية لا يعرف صاحبها الذي نقلها عن رسول الله ﷺ، ولا تعرف عدالته وأمانته، فهي والحالة هذه حقيقة بأن تُطرح ولا يلتفت إليها، وإن لم يكن فيها شيء يخالف الشرع، فكيف إذا كانت الوصية مشتملة على أمور كثيرة تدل على بطلانها، وأنها مكذوبة على رسول الله ﷺ، ومتضمنة لتشريع دين لم يأذن به الله؟!,ދެންފަހެ ﷲ ގެ ރަސޫލާ ﷺ ގެ އަރިހުން ނަޤުލުކުރި މީހާއަކީ ކާކުކަންވެސް ނޭނގޭ، އަދި އޭނާގެ ޢަދުލުވެރިކަމެއް އަދި އަމާނާތްތެރިކަމެއްވެސް ނޭނގޭ މީހަކު ގެންނަ ވަޞިއްޔަތެއް އަދި ކޮންފަދަހެއްޔެވެ!؟ ފަހެ މިފަދައިން ޙާލަތުވާހިނދު އެ ވަޞިއްޔަތެއް އެއްލާލެވި، އެއަށް އެނބުރި ބަލާލުންވެސް ޙައްޤުނުވާ އެއްޗެއްކަމުގައިވެއެވެ. އެއީ ޝަރުޢާ ޚިލާފުވާ އެއްޗެއް އޭގައި ނެތްނަމަވެސްމެއެވެ. ދެންފަހެ އެ ވަޞިއްޔަތަކީ ބާޠިލު އެއްޗެއްކަމަށް، އަދި ﷲ ގެ ރަސޫލާ ﷺ ގެ މައްޗަށް ހަދާފައިވާ ދޮގެއްކަމަށް، އަދި ﷲ އިޛްނަދެއްވާފައި ނުވާ ދީނެއް ޝަރުޢުކުރުން އޭގައި ހިމެނިގެންވާކަމަށް ދަލީލުކުރާ އެތައްކަމެއް އޭގައި އެކުލެވޭނަމަ ދެން ކަންތައްވާނީ ކިހިނަކުންހެއްޔެވެ!؟
وقد قال النبي ﷺ:,އަދި ނަބިއްޔާ ﷺ ޙަދީޘްކުރައްވާފައިވެއެވެ:
«مَنْ قَالَ عَلَيَّ مَا لَمْ أَقُلْ؛ فَلْيَتَـبَوَّأْ مَقْعَدَهُ مِنَ النَّارِ».,"""ތިމަންކަލޭގެފާނު ވިދާޅުނުވާ އެއްޗެއް، ތިމަންކަލޭގެފާނުގެ މައްޗަށް (ނިސްބަތްކޮށްގެން) ބުނެފި މީހާ؛ ފަހެ އޭނާ ނަރަކައިގައި އިންނާނޭ ޖާގަ ތައްޔާރުކުރާށެވެ."""
وقد قال مفتري هذه الوصية على رسول الله ﷺ ما لم يَقل، وكذب عليه كذبًا صريحًا خطيرًا، فما أحراه بهذا الوعيد العظيم، وما أحقه به إن لم يبادر بالتوبة، وينشر للناس كذب هذه الوصية على رسول الله ﷺ؛ لأن من نشر باطلًا بين الناس، ونسبه إلى الدين؛ لم تصح توبته منه إِلَّا بإعلانها وإظهارها؛ حتى يعلم الناس رجوعه عن كذبه، وتكذيبه لنفسه؛ لقول الله جل جلاله:,މި ވަޞިއްޔަތް ހަދާފައިވާ މީހާ އެވަނީ ﷲ ގެ ރަސޫލާ ﷺ ޙަދީޘްނުކުރައްވާ އެއްޗެއް އެކަލޭގެފާނުގެ މައްޗަށް ބުނެ، އަދި ޞަރީޙަކޮށް ނުރައްކާ ދޮގު އެކަލޭގެފާނުގެ މައްޗަށް ހަދާފައިއެވެ. ފަހެ މި ބޮޑުވެގެންވާ ވަޢީދު އޭނާގެ މައްޗަށްވުން އައުލާކަން ބޮޑުކަމާއެވެ. އަދި އޭނާ ތައުބާވާން އަވަސްވެނުގަނެ، އަދި ﷲ ގެ ރަސޫލާ ﷺ ގެ މައްޗަށް ނިސްބަތްކޮށްފައިވާ މި ވަޞިއްޔަތް ދޮގުވެގެންވާކަމަށް މީސްތަކުންނަށް ނުފަތުރައިފިނަމަ؛ އެ ވަޢީދު އޭނާގެ މައްޗަށް ޙައްޤުވުން ބޮޑުކަމާއެވެ. އެހެނީ މީސްތަކުންގެ ތެރޭގައި ބާޠިލެއް ފަތުރާ، އެކަންތައް ދީނަށް ނިސްބަތްކޮށްފި މީހާ؛ އޭނާ ތައުބާ ފާޅުކޮށް އިޢުލާނުކޮށްފުމަށް ދާންދެން އޭނާގެ ތައުބާ ޞައްޙަނުވާނެއެވެ. އެއީ އޭނާ ހެދި ދޮގުން ރުޖޫޢަވިކަމާއި، އޭނާގެ ނަފްސު ދޮގުކުރިކަން މީސްތަކުންނަށް އެނގިގެންދިޔުމަށެވެ. އެއީ ﷲ -ޖައްލަ ޖަލާލުހޫ- ގެ މި ބަސްފުޅަށްޓަކައިއެވެ:
﴿إِنَّ ٱلَّذِينَ يَكۡتُمُونَ مَآ أَنزَلۡنَا مِنَ ٱلۡبَيِّنَٰتِ وَٱلۡهُدَىٰ مِنۢ بَعۡدِ مَا بَيَّنَّٰهُ لِلنَّاسِ فِي ٱلۡكِتَٰبِ أُوْلَٰٓئِكَ يَلۡعَنُهُمُ ٱللَّهُ وَيَلۡعَنُهُمُ ٱللَّٰعِنُونَ159,(ހަމަކަށަވަރުން ބަޔާންވެގެންވާ ހެކިތަކާއި ހިދާޔަތުގެ ތެރެއިން ތިމަންއިލާހު ބާވައިލެއްވި ތަކެތި، މީސްތަކުންނަށް ތިމަންއިލާހުގެ ފޮތުގައި (އެބަހީ: ތައުރާތާއި އިންޖީލުގައި) ބަޔާންކޮށްދެއްވުމަށް ފަހު، އެތަކެތި ވަންހަނާކުރާ މީހުން (ދަންނައެވެ!) އެބައިމީހުންނަށް ﷲ ލަޢުނަތް ލައްވައެވެ. އަދި ލަޢުނަތްދޭ މީހުންވެސް އެބައިމީހުންނަށް ލަޢުނަތް ދެއެވެ.
إِلَّا ٱلَّذِينَ تَابُواْ وَأَصۡلَحُواْ وَبَيَّنُواْ فَأُوْلَٰٓئِكَ أَتُوبُ عَلَيۡهِمۡ وَأَنَا ٱلتَّوَّابُ ٱلرَّحِيمُ160﴾,ތައުބާވެ (އެބައިމީހުންގެ ޢަމަލުތައް) އިޞްލާޙުކޮށް (ވަންހަނާކުރި ކަންތައް) ބަޔާންކުރި މީހުން މެނުވީއެވެ. ފަހެ އެބައިމީހުންނަށް ތިމަން އިލާހު ތައުބާ ލައްވާ ހުށީމެވެ. ތިމަން އިލާހީ ގިނަގިނައިން ތައުބާ ލައްވާ (އަދި ތައުބާ ޤަބޫލުކުރައްވާ)، ރަޙީމުވަންތަ އިލާހެވެ.)
[البقرة: 159، 160]،,[އަލްބަޤަރާ: 159- 160]
فأوضح سبحانه وتعالى في هذه الآية الكريمة: أن من كتم شيئًا من الحق لم تصح توبته من ذلك إِلَّا بعد الإصلاح والتبيين، والله سبحانه قد أكمل لعباده الدين، وأتم عليهم النعمة ببعث رسوله محمد ﷺ، وما أوحى الله إليه من الشرع الكامل، ولم يقبضه إليه إلا بعد الإكمال والتبيين، كما قال جل جلاله:,މި މާތްވެގެންވާ އާޔަތުގައި، އެކަލާނގެ ސުބްޙާނަހޫ ވަތަޢާލާ ސާފުކޮށްދެއްވީ: ޙައްޤުން އެއްޗެއް ވަންހަނާކޮށްފި މީހާ؛ އޭނާ އިޞްލާޙުކޮށް، ބަޔާންކުރުމަށްފަހު މެނުވީ އޭނާ އެކަމުން ތައުބާވިކަން ޞައްޙަ ނުވާނޭކަމެވެ. ﷲ ސުބްޙާނަހޫވަނީ އެކަލާނގެ އަޅުތަކުންނަށް ދީން ފުރިހަމަކޮށްދެއްވާ، އަދި އެމީހުންގެ މައްޗަށް ނިޢުމަތް ފުރިހަމަކުރައްވާފައިއެވެ. އެއީ އެކަލާނގެ ރަސޫލާ މުޙައްމަދު ﷺ ފޮނުއްވައިގެންނާއި، އަދި އެކަލޭގެފާނަށް އެކަލާނގެ ވަޙީއިން ބާވައިލެއްވި ފުރިހަމަ ޝަރީޢަތް މެދުވެރިކުރައްވައެވެ. އަދި ފުރިހަމަކޮށްދެއްވާ ބަޔާންކޮށްދެއްވުމަށް ފަހު މެނުވީ އެކަލާނގެ އެކަލޭގެފާނުގެ ފުރާނަ ނުހިއްޕަވައެވެ. އެއީ އެކަލާނގެ -ޖައްލަ ޖަލާލުހޫ- ވަޙީކުރެއްވި ފަދައިންނެވެ:
﴿...ٱلۡيَوۡمَ أَكۡمَلۡتُ لَكُمۡ دِينَكُمۡ وَأَتۡمَمۡتُ عَلَيۡكُمۡ نِعۡمَتِي وَرَضِيتُ لَكُمُ ٱلۡإِسۡلَٰمَ دِينٗا...﴾,(...މިއަދު ތިމަން އިލާހު، ތިޔަބައިމީހުންގެ ދީން ތިޔަބައިމީހުންނަށް ފުރިހަމަ ކޮށްދެއްވައިފީމެވެ. އަދި ތިމަން އިލާހުގެ ނިޢުމަތް، ތިޔަބައިމީހުންގެ މައްޗަށް ފުރިހަމަ ކޮށްދެއްވައިފީމެވެ. އަދި އިސްލާމްދީން ތިޔަބައިމީހުންނަށް ދީނެއްކަމުގައި، ތިމަން އިލާހު ރުހިވޮޑިގެންފީމެވެ...)
[المائدة: 3],[އަލްމާއިދާ: 3]
ومفتري هذه الوصية قد جاء في القرن الرابع عشر، يريد أن يُلبس على الناس دينًا جديدًا، يترتب عليه دخول الجنة لمن أخذ بتشريعه، وحرمان الجنة ودخول النار لمن لم يأخذ بتشريعه،,އަދި މި ވަޞިއްޔަތް ހެދި މީހާ ފާޅުވީ؛ ސާދަވަނަ ޤަރުނުގައެވެ. އޭނާ ބޭނުންވީ މީސްތަކުންނަށް އާ ދީނެއް އޮޅުވާލާށެވެ. އެއީ އޭނާ ކަނޑަޅައިދިން ދީނުގައި ހިފައިފި މީހާ ސުވަރުގެ ވަނުމާއި، އަދި އޭނާ ކަނޑައަޅައިދިން ގޮތުގައި ނުހިފައިފި މީހާ ނަރަކައަށް ވަނުން އޭގެ މައްޗަށް ބިނާވެގެންވާ ގޮތުގައެވެ.
ويريد أن يجعل هذه الوصية التي افتراها أعظم من القرآن وأفضل، حيث افترى فيها: أن من كتبها وأرسلها من بلد إلى بلد، أو مِن محل إلى محل؛ بُني له قصر في الجنة، ومن لم يكتبها ويرسلها حرمت عليه شفاعة النبي ﷺ يوم القيامة،,އަދި އޭނާ ބޭނުންވަނީ އޭނާ ބުހުތާނު ހަދައިގެން ގެނައި މި ވަޞިއްޔަތަކީ ޤުރްއާނަށްވުރެވެސް މާތް އަދި މަތިވެރި އެއްޗަކަށް ހަދާށެވެ. އެއީ އޭނާ ދޮގު ހަދައިގެން މީގައި މިހެން ބުނެގެންނެވެ: މި ވަޞިއްޔަތް ލިޔެފައި، އެއް ރަށުން އަނެއް ރަށަށް، އަދި އެއް ތަނުން އަނެއް ތަނަށް ފޮނުވާ މީހަކަށް ސުވަރުގޭގައި ގަނޑުވަރެއް ބިނާކުރެވިގެންދާނެއެވެ. އަދި މި ވަޞިއްޔަތް ނުލިޔެ އަދި ނުވެސް ފޮނުވާ މީހާގެ މައްޗަށް ޤިޔާމަތްދުވަހު ނަބިއްޔާ ﷺ ގެ ޝަފާޢަތް ޙަރާމްވެއްޖެކަމަށެވެ.
وهذا من أقبح الكذب، ومن أوضح الدلائل على كذب هذه الوصية، وقلة حياء مفتريها، وعظم جرأته على الكذب؛ لأن مَن كتب القرآن الكريم وأرسله من بلد إلى بلد، أو من محل إلى محل؛ لم يحصل له هذا الفضل إذا لم يَعمل بالقرآن الكريم، فكيف يحصل لكاتب هذه الفرية وناقلها من بلد إلى بلد.,މިއީ އެންމެ ހުތުރު އެއް ދޮގެވެ. އަދި މި ވަޞިއްޔަތަކީ ދޮގެއްކަމާއި، މި އުފެއްދި މީހާގެ ޙަޔާތްކުޑަ ކަމާއި، ދޮގުހެދުމަށް ޖެހިލުމެއްވެސް ނެތްކަމަށް ދަލީލުކޮށްދޭ އެންމެ ސާފު އެއް ހެއްކެވެ. އެހެނީ މާތްވެގެންވާ ޤުރްއާން ލިޔެ، އެއް ރަށުން އަނެއް ރަށަށް، ނުވަތަ އެއް ތަނުން އަނެއް ތަނަށް ފޮނުވިޔަސް؛ ޤުރްއާނަށް އޭނާ ޢަމަލުނުކުރާނަމަ އޭނާއަށް މިފަދަ މާތްކަމެއް ނުލިބޭނެއެވެ. ދެންފަހެ މި ބުހުތާނު ލިޔުނު މީހަކަށާއި، އެއް ރަށުން އަނެއް ރަށަށް މި ބުހުތާނު ގެންދާ މީހަކަށް އެފަދަ މާތްކަމެއް ލިބޭނީ ކިހިނަކުންހެއްޔެވެ!؟
ومَن لم يكتب القرآن ولم يرسله من بلد إلى بلد، لم يُحرم شفاعة النبي ﷺ إذا كان مؤمنًا به، تابعًا لشريعته،,އަދި ޤުރްއާން ނުލިޔުނަސް، އަދި އެއް ރަށުން އަނެއް ރަށަށް ނުފޮނުވިޔަސް، އޭނާ އެ ޤުރްއާނަށް އީމާންވެ، އޭގެ ޝަރީޢަތަށް ތަބަޢަވެގެންވާނަމަ ނަބިއްޔާ ﷺގެ ޝަފާޢަތުން އޭނާ މަޙުރޫމު ނުވެއެވެ.
وهذه الفرية الواحدة في هذه الوصية، تكفي وحدها للدلالة على بطلانها وكذب ناشرها، ووقاحته وغباوته وبُعده عن معرفة ما جاء به الرسول ﷺ من الهُدى.,މި ވަޞިއްޔަތުގައިވާ މި ބުހުތާނުން އެކަނިވެސް؛ އެ ވަޞިއްޔަތުގެ ބާޠިލުކަމާއި އެ ފެތުރި މީހާގެ ދޮގުވެރިކަމާއި، ލަދުޙަޔާތް ނެތްކަމާއި، ގަމާރުކަމާއި، އަދި ރަސޫލާ ﷺ ގެންނެވި ހިދާޔަތުން ދުރުވެގެންވާކަމަށް ދަލީލުކުރުމަށް ފުދެއެވެ.
وفي هذه الوصية ـ سوى ما ذُكر ـ أمور أخرى، كلها تدل على بطلانها وكذبها، ولو أقسم مفتريها ألف قسم أو أكثر على صحتها، ولو دعا على نفسه بأعظم العذاب وأشد النكال، على أنه صادق؛ لم يكن صادقًا، ولم تكن صحيحة، بل هي واللهِ ثم واللهِ، من أعظم وأقبح الباطل، ونحن نُشهد الله سبحانه ومن حضرنا من الملائكة،,މި ނަންގަތް ކަންތައް ފިޔަވައިވެސް މި ވަޞިއްޔަތުގައި އެހެން ކަންކަންވެއެވެ. އެ ހުރިހާ ކަންކަން ދަލީލުކުރަނީ މި ވަޞިއްޔަތުގެ ބާޠިލުކަމާއި، ދޮގުކަމަށެވެ. އެ ބުހުތާނު ހެދި މީހާ ހާސް ފަހަރު ނުވަތަ އެއަށްވުރެ ގިނައިން އެ ވަޞިއްޔަތަކީ ތެދެއްކަމަށް ހުވާކުރިޔަސް، އަދި އޭނާއީ ތެދުވެރިއެއްކަމުގައި ދައްކަންވެގެން (ދޮގެއްނަމަ) އެންމެ ބޮޑުވެގެންވާ ޢަޛާބާއި، އެންމެ ހަރުކަށި ޢުޤޫބާތް އޭނާގެ މައްޗަށް ހުރިކަމަށް ގޮވާ ނެގިޔަސް އޭނާ ތެދުވެރިއަކަށް ނުވާނެއެވެ. އަދި އެ ވަޞިއްޔަތްވެސް ޞައްޙަ އެއްޗަކަށް ނުވާނެއެވެ. ކިއެއްތަ، ﷲ ގަންދީ ބުނަމެވެ! ދެންވެސް ﷲ ގަންދީ ބުނަމެވެ! އެއީ އެންމެ ބޮޑެތި، ހުތުރު ބާޠިލު ކަންތަކުގެ ތެރެއިންވާ ކަމެކެވެ. އަހަރުމެން ﷲ ސުބްޙާނަހޫއާއި، އަހަރުމެންގެ ގާތަށް ޙާޟިރުވެގެން ތިއްބެވި މަލާއިކަތުންވެސް މިކަމަށް ހެކިކުރަމެވެ.
ومن اطلع على هذه الكتابة من المسلمين ـ شهادة نلقى بها ربنا جل جلاله ـ: أن هذه الوصية كذب وافتراء على رسول الله ﷺ، أخزى الله مَن كذبها وعامَله بما يستحق.,އަދި މުސްލިމުންގެ ތެރެއިން މި ލިޔުން ފެނުނު ބަޔަކުވެސް ހެކިކުރަމެވެ. އެއީ އަހަރުމެންގެ ވެރި ރައްބު -ޖައްލަ ޖަލާލުހޫ-އާ، އެ ހެކިބަހަކުން އަހަރުމެން ބައްދަލުކުރާނޭ ހެކިބަހަކުންނެވެ: (އަހަރުމެން ހެކިވެ ހުވާކުރާކަމަކީ) މި ވަޞިއްޔަތަކީ ﷲ ގެ ރަސޫލާ ﷺގެ މައްޗަށް ހަދާފައިވާ ބުހުތާނު ދޮގެއްކަމުގައިއެވެ. މި ދޮގު އުފެއްދި މީހަކު ﷲ ނިކަމެތިކުރައްވާ، އަދި އޭނާށް ޙައްޤުވާ ގޮތަކަށް އެކަލާނގެ އެމީހަކާމެދު ކަންތައް ކުރައްވާށިއެވެ.
ويدل على كذب هذه الوصية وبطلانها سوى ما تقدم أمور كثيرة من نصها الذي ذكر، منها:,އިސްވެދިޔަ ކަންކަމުގެ އިތުރުން މި ވަޞިއްޔަތް ދޮގުވެ، ބާޠިލުވެގެންވާކަމަށް ގިނަ ކަންތަކެއް ދަލީލުކުރެއެވެ. ނަންގަނެވުނު ކަންތަކުގެ އިތުރުން އޭގެ ތެރޭގައިވެއެވެ:
الأمر الأول: قوله فيها: (لأن من الجمعة إلى الجمعة مات مائة وستون ألفًا على غير دين الإسلام)؛ لأن هذا من علم الغيب، والرسول ﷺ قد انقطع عنه الوحي بعد وفاته، وهو في حياته لا يَعلم الغيب فكيف بعد وفاته؛ لقول الله سبحانه:,"ފުރަތަމަ ކަމަކީ: އޭގައި އޭނާ ބުނެފައިވާ ބަހެވެ: ""އެހެނީ ހުކުރުން އަނެއް ހުކުރަށް އިސްލާމްދީން ފިޔަވައި އެހެން ދީނެއްގެ މަތީގައި ސަތޭކަ ފަސްދޮޅަސްހާސް މީހުން މަރުވެއްޖެއެވެ."" އެހެނީ މިއީ ޣައިބުގެ ޢިލްމުގެ ތެރެއިންވާ ކަމެކެވެ. އަދި ރަސޫލާ ﷺ އަވަހާރަވުމުން އެކަލޭގެފާނުގެ ކިބައިން ވަޙީ މެދުކެނޑިގެން ދިޔައީއެވެ. އެކަލޭގެފާނު ދިރިހުންނެވިއިރުވެސް އެކަލޭގެފާނަށް ޣައިބުގެ ޢިލްމު އެނގިވަޑައިގެން ނުވެއެވެ. ދެން އަވަހާރަވުމަށްފަހު އަދި ކޮންފަދަހެއްޔެވެ؟ އެއީ ﷲ ސުބްޙާނަހޫގެ މި ބަސްފުޅަށްޓަކައިއެވެ:"
﴿قُل لَّآ أَقُولُ لَكُمۡ عِندِي خَزَآئِنُ ٱللَّهِ وَلَآ أَعۡلَمُ ٱلۡغَيۡبَ...﴾,(ކަލޭގެފާނު ވިދާޅުވާށެވެ. ތިމަންކަލޭގެފާނުގެ ގާތުގައި ﷲ ގެ ޚަޒާނާތައް ވާކަމަކަށް، ނުވަތަ ތިމަންކަލޭގެފާނަށް ޣައިބު އެނގޭކަމަކަށް ތިޔަބައިމީހުންގެ ގާތަކު ތިމަންކަލޭގެފާނު ވިދާޅެއް ނުވަމެވެ...)
[الأنعام: 50],[އަލްއަންޢާމު: 50]
وقوله تعالى:,އަދި ﷲ ތަޢާލާގެ މި ބަސްފުޅެވެ:
﴿قُل لَّا يَعۡلَمُ مَن فِي ٱلسَّمَٰوَٰتِ وَٱلۡأَرۡضِ ٱلۡغَيۡبَ إِلَّا ٱللَّهُ...﴾,(ކަލޭގެފާނު ވިދާޅުވާށެވެ. ﷲ އަށް މެނުވީ، އުޑުތަކާއި، ބިމުގައިވާ އެކަކަށްވެސް ޣައިބުގައިވާ ކަމެއް ނޭނގޭނެތެވެ...)
[النمل: 65]،,[އައްނަމްލު: 65]
وفي الحديث الصحيح عن النبي ﷺ أنه قال:,އަދި ޞައްޙަ ޙަދީޘްގައި، ނަބިއްޔާ ﷺ ޙަދީޘްކުރެއްވިކަމަށް އައިސްފައިވެއެވެ:
«يُذَادُ رِجَالٌ عَنْ حَوْضِي يَوْمَ القِيَامَةِ، فَأَقُولُ: يَا رَبِّ! أَصْحَابِي أَصْحَابِي، فَيُقَالُ لِي: إِنَّكَ لَا تَدْرِي مَا أَحْدَثُوا بَعْدَكَ، فَأَقُولُ كَمَا قَالَ العَبْدُ الصَّالِحُ: ﴿وَكُنتُ عَلَيۡهِمۡ شَهِيدٗا مَّا دُمۡتُ فِيهِمۡۖ فَلَمَّا تَوَفَّيۡتَنِي كُنتَ أَنتَ ٱلرَّقِيبَ عَلَيۡهِمۡۚ وَأَنتَ عَلَىٰ كُلِّ شَيۡءٖ شَهِيدٌ﴾ [المائدة: 117]».,"""ޤިޔާމަތްދުވަހު، ތިމަންކަލޭގެފާނުގެ ޙައުޟު ފެންގަނޑުގެ ގާތުން ބަޔަކު މީހުން ފައްސާ ދުރަށްލެވޭނެއެވެ. ދެން ތިމަންކަލޭގެފާނު ދަންނަވާނަމެވެ: ""އޭ އަޅުގެ ވެރި ރައްބެވެ! މިއަޅާގެ އަޞްޙާބުންނެވެ. މިއަޅާގެ އަޞްޙާބުންނެވެ."" ދެން ތިމަންކަލޭގެފާނަށް ވަޙީކުރެއްވޭނެއެވެ: ""އެމީހުން ކަލޭގެފާނުގެ ފަހުން އުފެއްދި ކަންތަކެއް ކަލޭގެފާނަށް އެނގިވަޑައިނުގަންނަވައެވެ."" ދެން ޞާލިޙު އަޅާ (ޢީސާގެފާނު) ވިދާޅުވި ފަދައިން ތިމަންކަލޭގެފާނު ދަންނަވަމެވެ: (އެ މީހުންގެ ތެރޭގައި، މިއަޅާ ހުރިހާ ހިނދަކު، އެ މީހުންގެ މައްޗަށް ހެކިވެރިޔަކު ކަމުގައި މިއަޅާ ވީމެވެ. ދެން އިބަ އިލާހު، މިއަޅާ ގެންދެވިހިނދު، އެ މީހުންގެ މައްޗަށް ބައްލަވާވޮޑިގެންވާ އިލާހަކު ކަމުގައި، އިބަ އިލާހު ވޮޑިގެންވީމުއެވެ. އިބަ އިލާހީ، ކޮންމެ ކަމެއްގެ މައްޗަށް ހެކިވެވޮޑިގެންވާ އިލާހެވެ.) "" [އަލްމާއިދާ: 117]"
الأمر الثاني: -مِن الأمور الدَّالة على بطلان هذه الوصية، وأنها كذب-: قوله فيها: (من كتبها وكان فقيرًا أغناه الله، أو مديونًا قضى الله دينه، أو عليه ذنب غفر الله له ولوالديه ببركة هذه الوصية) إلى آخره.,"މި ވަޞިއްޔަތް ބާޠިލުވެގެންވާކަމާއި، މިއީ ދޮގުކަމަށް ދަލީލުކުރާ ކަންތަކުގެ ތެރެއިން ދެވަނަ ކަމަކީ: އޭނާ އޭގައި ބުނެފައިވާ ބަހެވެ: ""އަދި މި ލިޔެފި މީހާ، އޭނާއަކީ ފަޤީރެއްކަމުގައިވާނަމަ ﷲ އޭނާ ފުދުންތެރިކުރައްވާނެއެވެ. ނުވަތަ ދަރަނިވެރިވެގެންވާނަމަ ﷲ އޭނާގެ ދަރަނި ފުއްދަވާދެއްވާނެއެވެ. ނުވަތަ ފާފައެއް ކުރެވިފައިވާނަމަ ﷲ އޭނާއަށާއި އޭނާގެ މައިންބަފައިންނަށްވެސް ފާފަފުއްސަވާދެއްވާނެއެވެ. މި ވަޞިއްޔަތުގެ ބަރަކާތުންނެވެ."" މިހެންގޮސް ނިމެންދެނެވެ."
وهذا من أعظم الكذب، وأوضح الدلائل على كذب مفتريها، وقلة حيائه من الله ومن عباده؛ لأن هذه الأمور الثلاثة لا تحصل بمجرد كتب القرآن الكريم، فكيف تحصل لمن كتب هذه الوصية الباطلة؟!,މިއީ އެންމެ ހުތުރު އެއް ދޮގެވެ. އަދި މި ވަޞިއްޔަތް ހެދި މީހާގެ ދޮގުވެރިކަމާއި، މި އުފެއްދި މީހާ ﷲ ދެކެ އަދި އެކަލާނގެ އަޅުތަކުންދެކެވެސް ލަދެއް ނުގަންނަކަމަށް ދަލީލުކުރާ އެންމެ ސާފު އެއް ކަންތަކެވެ. އެހެނީ މި ތިން ކަމަކީ މާތްވެގެންވާ ޤުރްއާން ހަމައެކަނި ލިޔެގެންވެސް ލިބޭނެ ކަމެއް ނޫނެވެ. ދެންފަހެ މި ބާޠިލު ވަޞިއްޔަތް ލިޔުނު މީހަކަށް އެ ކަންކަން ޙާޞިލުވާނީ ކިހިނަކުންހެއްޔެވެ!؟
وإنما يريد هذا الخبيث التلبيس على الناس، وتعليقهم بهذه الوصية؛ حتى يكتبوها ويتعلقوا بهذا الفضل المزعوم، ويتركوا الأسباب التي شرعها الله لعباده، وجعلها موصلة إلى الغنى وقضاء الدَّين، ومغفرة الذنوب، فنعوذ بالله من أسباب الخذلان وطاعة الهوى والشيطان.,އެކަމަކު މި ނުބައި ޚަބީޘް މީހާ ހަމައެކަނި ބޭނުންވަނީ މީސްތަކުންނަށް އޮޅުވާލާ، އެ މީހުން މި ވަޞިއްޔަތުގައި ގުޅުވާފައި ބެހެއްޓުމަށެވެ. އެއީ އެމީހުން މި ވަޞިއްޔަތް ލިޔެ، އަދި އެ ދަޢުވާކޮށްގެން އުޅޭ މާތްކަމުގައި އެމީހުންގެ (ހިތްތައް) ގުޅުވައިފުމަށް ދާންދެނެވެ. އަދި ﷲ އެކަލާނގެ އަޅުތަކުންނަށް ޝަރުޢުކުރައްވާފައިވާ؛ ފުދުންތެރިކަމާއި، ދަރަނި ފުދިގެންދިޔުމާއި، ފާފަފުއްސެވުމަށް ވާޞިލުކޮށްދޭ ގޮތަށް އެކަލާނގެ ލެއްވި ސަބަބުތައް އެމީހުން ދޫކޮށްލުމަށް ދާންދެނެވެ. ފަހެ ނިކަމެތިކަމުގެ ސަބަބުތަކާއި، އަމިއްލަ އެދުމާއި ޝައިޠާނާއަށް ކިޔަމަންވުމުން އަހަރުމެން ރައްކާތެރިކޮށްދެއްވުމަށް ﷲ ގެ ޙަޟްރަތުން އެދެމެވެ.
الأمر الثالث: -مِن الأمور الدَّالة على بطلان هذه الوصية-، قوله فيها: (ومن لم يكتبها من عباد الله؛ اسود وجهه في الدنيا والآخرة).,"މި ވަޞިއްޔަތަކީ ބާޠިލުކަމަށް ދަލީލުކުރާ ކަންތަކުގެ ތެރެއިން ތިންވަނަ ކަމަކީ: އޭނާ އޭގައި ބުނެފައިވާ މި ބަހެވެ: ""ﷲ ގެ އަޅުތަކުންގެ ތެރެއިން މި ވަޞިއްޔަތް ނުލިޔާ މީހާ، ދުނިޔެއާއި އާޚިރަތުގައި އޭނާގެ މޫނު ކަޅުވެގެންދާނެއެވެ."""
وهذا ـ أيضًا ـ من أقبح الكذب، ومِن أبين الأدلة على بطلان هذه الوصية، وكذب مفتريها، كيف يجوز في عقل عاقل أن يكتب هذه الوصية التي جاء بها رجل مجهول في القرن الرابع عشر، يفتريها على رسول الله ﷺ ويزعم أن من لم يكتبها يسود وجهه في الدنيا والآخرة، ومن كتبها كان غنيًّا بعد الفقر، وسليمًا من الدين بعد تراكمه عليه، ومغفورًا له ما جناه من الذنوب!!,މިއީވެސް އެންމެ ހުތުރު އެއް ދޮގެވެ. އަދި މި ވަޞިއްޔަތުގެ ބާޠިލުކަމާއި، އެ ހެދި މީހާގެ ދޮގުވެރިކަމަށް ދަލީލުކުރާ އެންމެ ސާފު އެއް ދަލީލެވެ. އެހެނީ ސާދަވަނަ ޤަރުނުގައި އައި ކާކުކަން ނޭނގޭ މީހަކު، ﷲ ގެ ރަސޫލާ ﷺ ގެ މައްޗަށް ދޮގުހަދައިގެން މި ވަޞިއްޔަތް ލިޔެ، ދެން އެ ނުލިޔާ މީހަކުގެ މޫނު ދުނިޔެއާއި އާޚިރަަތުގައި ކަޅުވެ އަނދިރިވެގެންދާނޭކަމަށާއި، އަދި އެ ލިޔުނު މީީހާ ފަޤީރުކަމަށްފަހު މުއްސަނދިވާނޭކަމަށާއި، ދަރަނިތައް ފުނިޖެހިގެންވުމަށް ފަހު ދަރަނިން ސަލާމަތްވެގެން ވާނޭކަމަށާއި، އަރައިގަނެފައިވާ ފާފަތައް ފުއްސެވިގެންވާ މީހަކަށް ވާނޭކަމަށް ދަޢުވާކުރުން؛ ބުއްދިއެއް ހުރި މީހެއްގެ ބުއްދީގައި ހުއްދަވާނީ ކިހިނަކުންހެއްޔެވެ!؟
سبحانك هذا بهتان عظيم!! وإن الأدلة والواقع يشهدان بكذب هذا المفتري، وعظم جرأته على الله، وقلة حيائه من الله ومن الناس، فهؤلاء أمم كثيرة لم يكتبوها، فلم تسود وجوههم، وهاهنا جمع غفير لا يحصيهم إلا الله قد كتبوها مرات كثيرة، فلم يُقض دينهم، ولم يزل فقرهم، فنعوذ بالله من زيغ القلوب، ورين الذنوب،,އިބައިލާހުގެ ހުސްޠާހިރުވަންތަކަމާއެވެ! މިއީ ބޮޑުވެގެންވާ ބުހުތާނެކެވެ!! ދަލީލުތަކާއި ކަންކަން ހިނގަމުންދާ ވާޤިޢުވެސް ހެކިދެނީ މި އުފެއްދި މީހާގެ ދޮގުވެރިކަމަށާއި، ﷲ ގެ މައްޗަށް ޖެހިލުންކުޑަކަމަށާއި، އަދި ﷲ ދެކެ އަދި މީސްތަކުންދެކެވެސް މީނާ ލަދެއް ނުގަންނަކަމެވެ. ފަހެ މި ވަޞިއްޔަތް ނުލިޔާ އެތައް ބައިވަރު އުއްމަތްތައް މި ވަނީއެވެ. އެކަމަކު އެމީހުންގެ މޫނުތައް ކަޅުނުވެއެވެ. އަދި މިހިރަ އުޅެނީ އެތައް ފަހަރަކު އެ ވަޞިއްޔަތް ލިޔުނު، ﷲ އަށް މެނުވީ ގުނާ ޢަދަދުނުކުރެވޭހާ ގިނަބަޔަކެވެ. އެކަމަކު އެމީހުންގެ ދަރަނިތައް ފުދިގެންނުދެއެވެ. އަދި ފަޤީރުކަން ފިލައި ނުދެއެވެ. ފަހެ ހިތްތައް ކަސިޔާރުވެގެން ދިޔުމާއި، ފާފަތައް ގަދަވެގެންދިޔުމުން ރައްކާތެރިކޮށްދެއްވުމަށް އަހަރުމެން ﷲ ގެ ޙަޟްރަތަށް ދަންނަވަމެވެ.
وهذه صفاتٌ وجزاءات لم يأت بها الشرع الشريف لمن كتب أفضل كتاب وأعظمه وهو القرآن الكريم، فكيف تحصل لمن كتب وصية مكذوبة مشتملة على أنواع من الباطل، وجُمل كثيرة من أنواع الكفر، سبحان الله!! ما أحلمه على من اجترأ عليه بالكذب.,މިއީ އެންމެ މާތްވެގެންވާ އެންމެ ހެޔޮ ފޮތްކަމުގައިވާ: ކީރިތި ޤުރްއާން ލިޔުނު މީހަކަށް ލިބޭނެކަމަށްވެސް ޝަރަފުވެރި ޝަރުޢުގައި އައިސްފައިވާ ޞިފަތަކަކާއި ޖަޒާއެއް ނޫނެވެ. ދެންފަހެ ބާޠިލުގެ އެކި ވައްތަރުތަކާއި، ކުފުރުގެ އެކި ކަހަލަ ގިނަ ޖުމްލަތަކެއްވެސް ޝާމިލުވެގެންވާ ދޮގުވެރި ވަޞިއްޔަތެއް ލިޔުނު މީހަކަށް އެ ކަންކަން ލިބޭނީ ކިހިނަކުންހެއްޔެވެ!؟ ސުބްޙާނަ ﷲ އެވެ! ﷲ ގެ މައްޗަށް ދޮގުހަދަން ޖެހިލުންކުޑަ މީހާއާމެދުވެސް އެކަލާނގެ ޙިލްމުވެރިކަމުގެ ބޮޑުކަމާއެވެ.
الأمر الرابع: -مِن الأمور الدالة على أن هذه الوصية من أبطل الباطل، وأوضح الكذب-: قوله فيها: (ومن يصدق بها ينجو من عذاب النار، ومن كذب بها كفر)،,"މި ވަޞިއްޔަތަކީ އެންމެ ބާޠިލުކަން ބޮޑު ބާޠިލެއްކަމުގައި އަދި ސާފު ދޮގުކަމަށް ދަލީލުކޮށްދޭ ކަންކަމުގެ ތެރެއިން ހަތަރުވަނަ ކަމަކީ: އޭނާ އޭގައި ބުނެފައިވާ މި ބަހެވެ: ""އަދި މި ވަޞިއްޔަތް ތެދުކޮށްފި މީހާ؛ ނަރަކައިގެ ޢަޛާުބުން މިންޖުވާނެއެވެ. އަދި މި ވަޞިއްޔަތް ދޮގުކޮށްފި މީހާ ކާފަރުވެއްޖެއެވެ."""
وهذا ـ أيضًا ـ من أعظم الجرأة على الكذب، ومن أقبح الباطل، يدعو هذا المفتري جميع الناس، إلى أن يصدقوا بفريته، ويزعم أنهم بذلك ينجون من عذاب النار، وأن من كذب بها يَكفر،,މިވެސް ދޮގުހެދުމަށް އެއްވެސް ޖެހިލުމެއްނެތްކަން ދައްކައިދޭ ކަމެކެވެ. އަދި އެންމެ ހުތުރު އެއް ބާޠިލެވެ. މި ދޮގުވެރި ކަލޭގެ ހުރިހާ މީސްތަކުންނަށް އެ ގޮވާލަނީ: އޭނާ އުފެއްދި ބުހުތާނު ތެދުކުރުމަށެވެ. އަދި އޭނާ ދަޢުވާކުރަނީ؛ އޭގެ ސަބަބުން އެމީހުން ނަރަކައިގެ ޢަޛާބުން މިންޖުވާނޭކަމަށާއި، އަދި އެ ވަޞިއްޔަތް ދޮގުކޮށްފި މީހަކު ކާފަރުވާނޭކަމަށެވެ.
لقد أعظمَ ـ واللهِ ـ هذا الكذاب على الله الفرية، وقال ـ والله ـ غير الحق، إن من صدق بها فإنه هو الذي يستحق أن يكون كافرًا لا من كذب بها؛ لأنها فرية وباطل وكذب لا أساس له من الصحة، ونحن نشهد الله على أنها كذب، وأن مفتريها كذاب، يريد أن يشرع للناس ما لم يأذن به الله، ويُدخل في دينهم ما ليس منه، والله قد أكمل الدين وأتمَّه لهذه الأمة من قبل هذه الفرية بأربعة عشر قرنًا.,ﷲ ގަންދީ ބުނަމެވެ! މި ދޮގުވެރި ކައްޛާބު ﷲ ގެ މައްޗަށް ބޮޑުވެގެންވާ ބުހުތާނު ދޮގުހެދިއެވެ. އަދި ﷲ ގަންދީ ބުނަމެވެ! އޭނާ އެ ބުނީ ޙައްޤެއް ނޫނެވެ. އަދި ކާފަރެއްކަމުގައިވުން ޙައްޤުވަނީ މި ތެދުކުރި މީހާއެވެ. ދޮގުކުރި މީހާއެއް ނޫނެވެ. އެހެނީ މިއީ ޞައްޙަވުމުގެ އެއްވެސް އަސާސެއް ނެތް، ބުހުތާނެއް އަދި ބާޠިލެއް އަދި ދޮގެކެވެ. އަދި މިއީ ދޮގެއްކަމަށާއި، މި އުފެއްދި މީހަކީ ދޮގުވެރި ކައްޛާބެއްކަމަށް އަހަރުމެން ﷲ ހެކިކުރަމެވެ. އޭނާ ބޭނުންވަނީ ﷲ އިޛްނަ ދެއްވާފައިނުވާ ކަމެއް މީސްތަކުންނަށް ޝަރުޢުކޮށް ކަނޑައަޅާ، އަދި ދީނުގައި ނުވާ ކަމެއް އެމީހުންގެ ދީނަށް ވައްދާށެވެ. އަދި މި ބުހުތާނު ދޮގު އައުމުގެ ސާދަ ޤަރުނު ކުރިން، ﷲ ވަނީ މި އުއްމަތަށް ދީން ފުރިހަމަކޮށްދެއްވާފައެވެ.
فانتبهوا: أيها القراء والإخوان، وإياكم والتصديق بأمثال هذه المفتريات، وأن يكون لها رواج فيما بينكم، فإن الحق عليه نور لا يلتبس على طالبه، فاطلبوا الحق بدليله، واسألوا أهل العلم عَمَّا أَشكل عليكم، ولا تغتروا بحلف الكذابين، فقد حلف إبليس اللعين لأبويكم آدم وحواء، على أنه لهما من الناصحين، وَهُوَ أعظم الخائنين وأكذب الكذابين، كما حكى الله عنه ذلك فقال سبحانه وتعالى:,އެހެންކަމުން އޭ ކިޔުންތެރިންނޭވެ! އަދި އަޚުންނޭވެ! ތިޔަބައިމީހުން ސަމާލުވެ ތިބޭށެވެ! އަދި މިފަދަ ބުހުތާނު ދޮގުތައް ތެދުކުރުމާމެދު، އަދި ތިޔަބައިމީހުންގެ ތެރޭގައި އެ ޕުރޮމޯޓުވެގެން ދިޔުމާމެދު ތިޔަބައިމީހުން ޚަބަރުދާރުވާށެވެ! ފަހެ ހަމަކަށަވަރުން ޙައްޤުގެ މަތީގައި، އެ ޙައްޤު ހޯދާ މީހާއަށް އޮޅިގެންނުދާނޭ ނޫރެއްވެއެވެ. ފަހެ ޙައްޤު އޭގެ ދަލީލުން ހޯދައިގަންނާށެވެ. އަދި ތިޔަބައިމީހުންނަށް އޮޅުންއަރައިފި ކަމެއްގައި ޢިލްމުގެ އަހުލުވެރިންނާ ސުވާލުކުރާށެވެ. އަދި ދޮގުވެރި ކައްޛާބުން ކުރާ ހުވަޔާމެދު ހެއްލުންތެރި ނުވާށެވެ. ފަހެ ލަޢުނަތް ލެއްވިގެންވާ އިބްލީސްވަނީ، ތިޔަބައިމީހުން ބައްޕައާއި މަންމަ ކަމުގައިވާ އާދަމްގެފާނާއި ޙައްވާގެފާނަށްވެސް، އޭނާއަކީ އެ ދެބޭކަލުންނަށް ނަޞޭޙަތްތެރިވާ މީހެއްކަމަށް ހުވާކޮށްފައިއެވެ. އެއީ އޭނާއަކީ އެންމެ ބޮޑު ޚިޔާނާތްތެރިޔާ ކަމުގައި، އަދި އެންމެ ދޮގުވެރި ކައްޛާބުކަމުގައި ވާއިރުއެވެ. އެއީ ﷲ އޭނާއާމެދު އެ ވާހަކަ ކިޔާދެއްވި ގޮތަށެވެ. އެގޮތުން އެކަލާނގެ ސުބްޙާނަހޫ ވަތަޢާލާ ވަޙީކުރެއްވިއެވެ:
﴿وَقَاسَمَهُمَآ إِنِّي لَكُمَا لَمِنَ ٱلنَّٰصِحِينَ21﴾,(އަދި އެކަލޭގެ ހުވާކޮށް، އެ ދެ ބޭކަލުންނަށް ބުންޏެވެ: ހަމަކަށަވަރުން ތިމަންނާވަނީ، ތިޔަ ދެ މީހުންނަށް ހެޔޮ ނަޞޭޙަތް ދޭ މީހުންގެ ތެރެއިންކަން ކަށަވަރެވެ.)
[الأعراف: 21].,[އަލްއަޢުރާފު : 21]
فاحذروه، واحذروا أتباعه من المفترين، فكَم له ولهم من الأيمان الكاذبة، والعهود الغادرة، والأقوال المزخرفة للإغواء والتضليل!,އެހެންކަމުން ތިޔަބައިމީހުން އޭނާއާމެދު ހުށިޔާރުވާށެވެ. އަދި އެ އިބްލީހަށް ތަބަޢަވެގެން އުޅޭ ދޮގުވެރިންނާމެދުވެސް ހުށިޔާރުވެ ސަމާލުވާށެވެ. ފަހެ މަގުފުރައްދާ، ވާވެއްދުމަށްޓަކައި: ދޮގުވެރި ކިހާ ހުވާތަކެއް، އަދި ކެހިވެރި ކިހާ ޢަހްދުތަކެއް، އަދި ޖަރީކޮށް ޗާލުކޮށްފައިވާ ކިހާ ބަސްތަކެއް އެކަލޭގެއާއި އެމީހުންނަށް ވޭހެއްޔެވެ!؟
وَأَمَّا ما ذكره هذا المفتري من ظهور المنكرات؛ فهو أمر واقع، والقرآن الكريم والسُّنَّة المطهرة قد حذرَا منها غاية التحذير، وفيهما الهداية والكفاية.,ދެންފަހެ މި ދޮގުވެރިޔާ ނަންގަނެފައިވާ ގޮތަށް މުންކަރާތްތައް ފާޅުވެގެންވާ ވާހަކައަކީ: ފަހެ ހަމަ ހިނގާފައިވާ ކަމެކެވެ. މާތްވެގެންވާ ޤުރްއާނާއި، ޠާހިރުވެގެންވާ ސުންނަތްވަނީ އިންތިހާއަށް އެ މުންކަރާތްތަކާމެދު އިންޛާރުކޮށްފައިއެވެ. އެ ދެ މަޞްދަރުގައި ހިދާޔަތާއި ފުދޭނެވަރު ވެއެވެ.
وَأَمَّا ما ذكر عن شروط الساعة، فقد أوضحَت الأحاديث النبوية ما يكون من أشراط الساعة، وأشار القرآن الكريم إلى بعض ذلك، فمن أراد أن يَعلم ذلك وجده في محله من كتب السُّنَّة، ومؤلفات أهل العلم والإيمان، وليس بالناس حاجة إلى بيان مثل هذا المفتري وتلبيسه، ومزجه الحق بالباطل.,ދެންފަހެ އޭނާ ގެނެސްފައިވާ ޤިޔާމަތުގެ ޢަލާމާތްތަކަށް ބަލާއިރު، ނަބަވީ ޙަދީޘްތަކުންވަނީ ޤިޔާމަތުގެ ޢަލާމާތްތައް ސާފުކޮށްދީފައިއެވެ. އަދި ކީރިތި ޤުރްއާނުންވެސް އޭގެ ބައެއް ކަންކަމަށް އިޝާރާތްކޮށްފައިވެއެވެ. ދެންފަހެ އެ ކަންކަން ދެނެގަންނަން ބޭނުންވާ މީހަކަށް ސުންނަތުގެ ފޮތްތަކާއި، ޢިލްމާއި އީމާންކަމުގެ އަހުލުވެރިންގެ ލިޔުންތަކާއި ފޮތްތަކުން އެ ފެންނާނެއެވެ. މި ބުހުތާނުހަދާ ދޮގުވެރިޔާގެ ބަޔާނާއި، އޮޅުވާލުމާއި، ޙައްޤާއި ބާޠިލު މަސްހުނިކޮށްލުމަކަށް މީސްތަކުން އެއްވެސް ޙާޖަތެއް ޖެހިގެން ނުވެއެވެ.
عصمني الله وإياكم وسائر المسلمين من شر الشياطين، وفتن المضلين، وزيغ الزائغين، وتلبيس أعداء الله المبطلين، الذين يريدون أن يطفئوا نور اللهِ بأفواههم، ويُلبسوا على الناس دينهم، والله متم نوره، وناصر دينه، ولو كره أعداء الله من الشياطين وأتباعهم من الكفار والملحدين.,ޝައިޠާނުންގެ ނުބައިކަމާއި، މަގުފުރައްދާ މީހުންގެ ފިތުނަތަކާއި، މަގުފުރެދިގެންވާ މީހުންގެ ފުރެދުމާއި، ބާޠިލުގޮތުގައި ތިބި، ﷲ ގެ ދުޝްމަނުންގެ އޮޅުވާލުމުން؛ އަހަރެންނާއި ތިޔަބައިމީހުންނާއި އަދި ހުރިހާ މުސްލިމުން ﷲ ރައްކާތެރިކުރައްވާށިއެވެ. އެމީހުންނީ އެމީހުންގެ އަނގަތަކުން ﷲ ގެ ނޫރު ނިއްވާލުމަށް، އަދި މީސްތަކުންނަށް އެމީހުންގެ ދީން އޮޅުވާލުމަށް އުޅޭ މީހުންނެވެ. ﷲ އެކަލާނގެ ނޫރު ފުރިހަމަކުރައްވާ، އަދި އެކަލާނގެ ދީނަށް ނަޞްރުދެއްވާނެއެވެ. ﷲ ގެ ޢަދުއްވުންކަމުގައިވާ ޝައިޠާނުންނާއި، އެ ޝައިޠާނުންނަށް ތަބަޢަވީ ކާފަރުންނާއި މުލްޙިދުން ކިތަންމެ ނުރުހުނަސްމެއެވެ.
ونسأل الله أن يصلح أحوال المسلمين، وأن يمن عليهم باتباع الحق، والاستقامة عليه والتوبة إلى الله سبحانه من سائر الذنوب، فإنه التواب الرحيم القادر على كل شيء.,އަދި އަހަރުމެން ﷲ ގެ ޙަޟްރަތަށް އެދި ދަންނަވަނީ މުސްލިމުންގެ ޙާލަތުތައް އިޞްލާޙުކޮށްދެއްވާ، ޙައްޤަށް ތަބަޢަވުމާއި، ޙައްޤުގައި ޘާބިތުވެ ސީދާވުމާއި، ހުރިހާ ފާފަތަކުން ﷲ ސުބްޙާނަހޫ ވަތަޢާލާއަށް ތައުބާވުމުގެ ނިޢުމަތް އެމީހުންނަށް ދެއްވުމަށެވެ. ފަހެ ހަމަކަށަވަރުން އެކަލާނގެއީ ގިނަގިނައިން ތައުބާ ލައްވާ، ރަޙީމްވަންތަ، ކޮންމެ ކަމަކަށް ކުޅަދުންވަންތަ އިލާހެވެ.
وحسبنا الله ونعم الوكيل، ولا حول ولا قوة إلا بالله العلي العظيم.,އަދި އަހަރުމެންނަށް ﷲ ފުދެއެވެ. ވަކީލުކުރެވޭ ފަރާތެއްގެ ގޮތުގައި އެކަލާނގެ ހެޔޮކަމާއެވެ. އަދި އެއްވެސް އާރަކާއި ބާރެއް، މަތިވެރިވެގެންވާ މާތްވަންތަ ﷲ ގެ ޙަޟްރަތުން މެނުވީ ނުވެއެވެ.
والحمد لله رب العالمين، وصلى الله وسلم على عبده ورسوله الصادق الأمين، وعلى آله وأصحابه وأتباعه بإحسان إلى يوم الدين.,"ޢާލަމްތަކުގެ ވެރި ރައްބު ﷲ އަށް ޙަމްދުހުއްޓެވެ. އަދި ﷲ އެކަލާނގެ އަޅާ، އަދި ރަސޫލާ ކަމުގައިވާ އައްޞާދިޤުލް އަމީންއަށް (ތެދުވެރި އަމާނާތްތެރި ކަލޭގެފާނަށް)، އަދި އެކަލޭގެފާނުގެ އާލުންނަށާއި، ޤިޔާމަތްދުވަހާ ހަމައަށް އިޙްސާންތެރިކަމާއެކު އެކަލޭގެފާނަށް ތަބަޢަވީހާ ބަޔަކަށް ޞަލަވާތާއި ސަލާމްލައްވާށިއެވެ.
 والحمد لله رب العالمين، وصلى الله وسلم على عبده ورسوله الصادق الأمين، وعلى آله وأصحابه وأتباعه بإحسان إلى يوم الدين."