bodyAR,bodyDV
رِسَالَةٌ فِي الدِّمَاءِ الطَّبِيعِيَّةِ لِلنِّسَاءِ,އަންހެނުންގެ ޠަބީޢީ ލެއާ ބެހޭ ރިސާލާއެއް
بقلم فضيلة الشَّيخ العلَّامة,ލިޔުއްވީ: ފަޟީލަތުއް-ޝައިޚު އަލް-ޢައްލާމާ
محمَّدُ بْنُ صَالِحِ العُثَيْمِين,މުޙައްމަދު ބްނު ޞާލިޙު އަލް-ޢުޘައިމީން
غَفَرَ اللَّهُ لَهُ وَلِوَالِدَيهِ وَلِلْمُسْلِمِين,އެބޭފުޅާއާއި، އެބޭފުޅާގެ މައިންބަފައިންނާއި، އަދި މުސްލިމުންނަށް الله ފާފަ ފުއްސަވާށިއެވެ.
بِسْمِ اللَّهِ الرَّحْمَـٰنِ الرَّحِيم,"(بسم الله الرحمن الرحيم)
 ﷲ، އައް-ރަޙްމާން، އައް-ރަޙީމުގެ ނަންފުޅުން (ފަށަމެވެ.)"
الحَمدُ للَّهِ نحمدُه ونستعينُهُ ونستغفرُهُ، ونتوبُ إليه،,ﷲ އަށް ޙަމްދު ހުއްޓެވެ. އަޅަމެން އެއިލާހުއަށް ޙަމްދުކުރަމެވެ. އަދި އެއިލާހުގެ ޙަޟްރަތުން ވާގިވެރިކަމަށް އެދެމެވެ. އަދި އެއިލާހުގެ ޙަޟްރަތުން ފާފަ ފުއްސެވުމަށް އެދެމެވެ. އަދި އަޅަމެން އެއިލާހުއަށް ތަޥްބާވަމެވެ.
ونَعوذُ باللَّهِ مِن شُرورِ أنفُسِنا، ومِن سَيِّئاتِ أعمالِنا.,އަދި އަޅަމެންގެ އަމިއްލަ ނަފްސުތަކުގެ ނުބައިކަމުންނާއި، އަޅަމެންގެ ގޯސް ޢަމަލުތަކުގެ ނުބައިކަމުން الله ގެ ޙަޟްރަތުން ރައްކާތެރިކަން ހޯދަމެވެ.
مَنْ يهدِه اللَّهُ فلا مُضِلَّ له، ومَنْ يُضلِل فلا هاديَ له،,ﷲ ތެދުމަގު ދައްކަވައިފި މީހަކު، ފަހެ އޭނާ މަގުފުރައްދާނެ މީހަކު ނުވެއެވެ. އަދި އެއިލާހު މަގުފުރައްދަވައިފި މީހަކަށް، ފަހެ އޭނާއަށް ތެދުމަގު ދެއްކޭނެ މީހަކު ނުވެއެވެ.
وَأَشْهَدُ أَنْ لَا إِلَهَ إِلَّا اللَّهُ وَحْدَهُ لَا شَرِيكَ لَه,އަދި الله ފިޔަވައި ޙައްޤުވެގެން އަޅުކަންވެވޭ އެހެން އިލާހަކު ނުވާކަމަށް އަޅު ހެކިވަމެވެ. އެއިލާހު އެއްކައުވަންތަ ވެގެންވެއެވެ. އެއިލާހަށް ޝަރީކަކު ބައިވެރިޔަކު ނުވެއެވެ.
وأشهدُ أَنَّ محمدًا عبدُه ورسولُه،,އަދި މުޙައްމަދުގެފާނީ އެއިލާހުގެ އަޅާ އަދި ރަސޫލުކަމަށް އަޅު ހެކިވަމެވެ.
صلَّى اللَّهُ عليه وعلى آلِهِ وأصحابِه ومَن تبِعَهُم بإحسانٍ إلى يومِ الدِّينِ، وسلَّم تسليمًا.,الله އެކަލޭގެފާނަށާއި، އެކަލޭގެފާނުގެ އާލުންނާއި އަދި އެކަލޭގެފާނުގެ އަޞްޙާބުންގެ މައްޗަށް ޞަލަވާތާއި ސަލާމުން ސަލާމް ލައްވާށިއެވެ. އަދި ޤިޔާމަތާ ހަމައަށް ހެޔޮގޮތުގައި އެބޭކަލުންނަށް ތަބަޢަވި މީހުންނަށްވެސް މެއެވެ.
أمَّا بعدُ: فإنَّ الدِّماءَ الَّتي تُصِيبُ المرأةَ وهي الحَيْضُ والاسْتِحَاضَةُ والنِّفَاسُ، منَ الأمورِ المُهِمَّةِ الَّتي تدعو الحاجةُ إلى بيانِها ومعرِفةِ أحكامِها، وتَمْيِيزِ الخَطَأِ منَ الصَّوابِ مِن أقوالِ أهلِ العِلمِ فيها،,އެއަށްފަހު ދަންނައެވެ: ފަހެ ހަމަކަށަވަރުން އަންހެނުންނަށް ކުރިމަތިވާ ލޭ - އަދި އެއީ ޙައިޟު، ނިފާސާއި އިސްތިޙާޟާ -، އެއީ ބަޔާންކުރުމަށާއި އޭގެ ޙުކުމްތައް އެނގުމަށް ޙާޖަތްޖެހިގެންވާ، އަދި އެކަމާ ބެހޭ ގޮތުން ޢިލްމުވެރިން ވިދާޅުވެފައިވާ ބަސްތަކުން، އޭގެ ރަނގަޅު ގޮތާއި ނުބައި ގޮތް ދެނެގަނެ ވަކިކުރުމަށްވެސް ބޭނުންޖެހިގެންވާ މުހިއްމު ކަންތައްތަކުން ކުރެ ކަންތަކެކެވެ.
وأن يكونَ الاعتِمادُ فيما يُرَجَّح من ذلك أو يُضَعَّف على ضَوءِ ما جاءَ في الكِتابِ والسُّنة.,އަދި އެ ބަސްފުޅުތަކުން ރާޖިޙުކުރެވި ނުވަތަ ބަލިކަށިކުރުމުގައި ބަރޯސާވާންޖެހޭނީ، ޤުރްއާނާއި ސުންނަތުގައި އައިސްފައިވާ ކަންތަކުގެ އަލީގެ މައްޗަށެވެ.
1- لأنَّهما المَصدَرانِ الأسَاسِيانِ اللَّذان تُبنَى عليهِما أحكامُ اللَّهِ تعالى الَّتي تَعَبَّدَ بِها عِبادَه وكَلَّفَهُم بِها.,"1- އެހެނީ ﷲ ތަޢާލާ އެއިލާހުގެ އަޅުތަކުން އަޅުކަންކުރުމަށް ހަމަޖައްސަވާ، އަދި ތަކްލީފު ޖެއްސެވި އެއިލާހުގެ ޙުކުމްތައް އޭގެ މައްޗަށް ބިނާވާ ދެ އަސާސީ މަޞްދަރަކީ، އެދޭތި ކަމުގައިވާތީއެވެ.
(އެބަހީ: އަޅުކަން ކުރުމަށާއި އަދި އެއިން ތަކުލީފު ޖެހިގެންވާ، އެއިލާހުގެ ޙުކުމްތައް އޭގެ މައްޗަށް ބިނާވާ އަސާސީ ދެ މަޞްދަރަކީ: ކީރިތި ޤުރްއާނާއި މޫރިތި ސުންނަތް ކަމުގައެވެ.)"
2- ولأنَّ في الاعتمادِ على الكِتابِ والسُّنةِ طمأنينةَ القلبِ، وانشِراحَ الصَّدرِ، وطِيبَ النَّفْسِ، وبراءةَ الذِّمَّة.,2- އަދި އެހެނީ ޤުރްއާނާއި ސުންނަތުގެ މައްޗަށް ބަރޯސާވުމުގައި ވަނީ: ހިތަށް ހަމަޖެހުމާއި، މޭ ތަނަވަސްވުމާއި، ނަފްސު ހެޔޮވުމާއި އަދި ޒިއްމާ ބަރީއަވެ އަދާވުން ކަމުގައިވާތިއެވެ.
3- ولأنَّ ما عداهُما فإنَّما يُحتَجُّ لَه لا يُحتَجُّ بِه.,3- އަދި އެ ދެ މަޞްދަރު ފިޔަވައި ދެން ހުރި އެއްޗަކަށް ބަލާއިރު، ފަހެ އެ އެއްޗަކަށް ޖެހޭނީ ޙުއްޖަތް ހޯދާށެވެ. އެއެއްޗަކުން ޙުއްޖަތް ދެއްކޭނީކީއެއް ނޫނެވެ.
إذْ لا حُجَّةَ إلَّا في كلامِ اللَّهِ تعالى وكلامِ رسولهِ صلَّى الله عليه وسلَّم، وكذلكَ كلامِ أهلِ العِلمِ منَ الصَّحابةِ على القولِ الرَّاجحِ، بشرطِ أَلَّا يكونَ في الكِتابِ والسُّنةِ ما يُخالفُه،,އެހެނީ ﷲ ތަޢާލާގެ ބަސްފުޅުތަކާއި، އެއިލާހުގެ ރަސޫލު ﷺ ގެ ބަސްފުޅުތަކާއި، އަދި ހަމައެފަދައިން ރާޖިޙު ޤަޥްލުގެ މައްޗަށް ޞަޙާބީންގެ ތެރެއިންވާ ޢިލްމުގެ އަހުލުވެރި ބޭކަލުންގެ ބަސްފުޅުތަކުގައި މެނުވީ ޙުއްޖަތެއް ނުވެއެވެ. އެހެނަސް އެއީ ޤުރްއާނާއި ސުންނަތުގައި އެއާ ޚިލާފުވާ އެއްޗެއް ނުވުމުގެ ޝަރުޠުގެ މަތީންނެވެ.
وأَنْ لا يعارضَه قولُ صحابيٍّ آخرَ، فإِنْ كانَ في الكِتابِ والسُّنةِ ما يُخالفُه وجبَ الأخذُ بما في الكِتابِ والسُّنةِ،,އަދި އެހެން އެއްވެސް ޞަޙާބީއެއްގެ ބަސްފުޅު، އެ ބަސްފުޅަކާ ފުށޫނާރާނަމައެވެ. ދެންފަހެ ޤުރްއާނާއި ސުންނަތުގައި އެ ބަސްފުޅަކާ ޚިލާފުވާ އެއްޗެއްވާނަމަ، ވާޖިބުވެގެންވަނީ ޤުރްއާނާއި ސުންނަތުގައިވާ އެއްޗެއްގައި ހިފުމަށެވެ.
وإِنْ عارضَه قولُ صحابيٍّ آخرَ طُلِبَ الترجِيحُ بين القولينِ وأُخِذَ بالراجِحِ مِنها؛ لقولِه تعالى:,އަދި އެ ބަސްފުޅަކާ އެހެން ޞަޙާބީއެއްގެ ބަސްފުޅު ފުށޫއަރައިފިނަމަ؛ ދެ ޤަޥްލުގެ މެދުގައި ރާޖިޙުކުރެވި، އެއިން ރާޖިޙު ބަސް ނެގޭނެއެވެ. އެއީ ﷲ ތަޢާލާގެ ބަސްފުޅަށްޓަކައެވެ:
﴿...فَإِن تَنَٰزَعۡتُمۡ فِي شَيۡءٖ فَرُدُّوهُ إِلَى ٱللَّهِ وَٱلرَّسُولِ إِن كُنتُمۡ تُؤۡمِنُونَ بِٱللَّهِ وَٱلۡيَوۡمِ ٱلۡأٓخِرِۚ ذَٰلِكَ خَيۡرٞ وَأَحۡسَنُ تَأۡوِيلًا﴾,"﴿...فَإِن تَنَٰزَعۡتُمۡ فِي شَيۡءٖ فَرُدُّوهُ إِلَى ٱللَّهِ وَٱلرَّسُولِ إِن كُنتُمۡ تُؤۡمِنُونَ بِٱللَّهِ وَٱلۡيَوۡمِ ٱلۡأٓخِرِۚ ذَٰلِكَ خَيۡرٞ وَأَحۡسَنُ تَأۡوِيلًا﴾
 މާނައީ: ""...ފަހެ ކަމަކާމެދު ތިޔަބައިމީހުން ދެބަސްވެއްޖެނަމަ، ﷲ އާއި ރަސޫލުއަށް އެ ކަމެއް ރައްދުކުރާށެވެ. އެއީ ތިޔަބައިމީހުން ﷲ އާއި އާޚިރަތް ދުވަހަށް އީމާންވާ ކަމުގައި ވާނަމައެވެ. އެ ގޮތް ތިޔަބައިމީހުންނަށް ހެޔޮކަން ބޮޑެވެ. އަދި ނިމުމެއްގެ ގޮތުން ރީތިކަންވެސް ބޮޑުމެއެވެ."""
[النساء: 59].,[އައް-ނިސާއު: 59].
وهذه رِسالـةٌ مُوجَزةٌ فِيما تَدعُـو الحَاجَـةُ إليهِ مِن بيانِ هـذِهِ الدِّمـاءِ وأحكامِها، وتَشتَمِلُ على الفُصُولِ الآتيةِ:,އަދި މިއީ އަންހެނުންނަށް ކުރިމަތިވާ ލޭތަކާއި އޭގެ ޙުކުމްތަކުން ބަޔާންކުރުން ޙާޖަތްޖެހިގެންވާ ކަންކަމުގައި ލިޔެވިގެންވާ ކުރު ރިސާލާއެކެވެ. އަދި މި ރިސާލާ ހިމެނިފައިވަނީ އަންނަނިވި ފަޞްލުތަކުގެ މައްޗަށެވެ:
·الفصلُ الأوَّلُ: في مَعنى الحَيضِ وحِكمتِهِ.,ފުރަތަމަ ފަޞްލު: ޙައިޟުގެ މާނައާއި އޭގެ ޙިކުމަތް.
·الفصلُ الثانِي: في زمَنِ الحَيضِ ومُدَّتِهِ.,ދެވަނަ ފަޞްލު: ޙައިޟުގެ ދުވަސްވަރާއި އޭގެ މުއްދަތު.
·الفصلُ الثالِثُ: في الطَّوارِئِ على الحَيضِ.,ތިންވަނަ ފަޞްލު: ޙައިޟުވުމުގެ މައްޗަށް ދިމާވާ އެކިއެކި ކަންކަން.
·الفصلُ الرابِعُ: في أحكامِ الحَيضِ.,ހަތަރުވަނަ ފަޞްލު: ޙައިޟާ ބެހޭ ޙުކުމްތައް.
·الفصلُ الخامِسُ: في الاسْتِحَاضَةِ وأحكامِها.,ފަސްވަނަ ފަޞްލު: އިސްތިޙާޟާއާއި އޭގެ ޙުކުމްތައް.
·الفصلُ السادِسُ: في النِّفَاسِ وأحكامِهِ.,ހަވަނަ ފަޞްލު: ނިފާސް އަދި އޭގެ ޙުކުމްތައް.
·الفصلُ السابِعُ: في استِعمالِ ما يَمنعُ الحَيضَ أو يَجلِبُه، وما يَمنَعُ الحَملَ أو يُسقِطُهُ.,ހަތްވަނަ ފަޞްލު: ޙައިޟުވުން މަނާކުރާ ނުވަތަ ޙައިޟުކުރުވާ އެގެންނަ ތަކެއްޗާއި، އަދި ބަލިވެއިނުން މަނާކުރާ ނުވަތަ ދަރިވައްޓާލާ ތަކެތި ބޭނުންކުރުން.
الفصلُ الأوَّلُ: في معنَى الحَيضِ وحِكمتِهِ,ފުރަތަމަ ފަޞްލު: ޙައިޟުގެ މާނައާއި އޭގެ ޙިކުމަތް
الحَيضُ لُغَةً: سَيَلانُ الشَّيءِ وجَرَيانُهُ.,ލުޣަވީ (ބަހުގެ) ގޮތުން ޙައިޟަކީ: ދިޔާ އެއްޗެއް ދުވެ ދައުރުވުމާއި ދެމިގެން ދިޔުމެވެ.
وفي الشَّرْعِ: دَمٌ يَحدُثُ للُأنثى بمُقتَضى الطَّبِيعَةِ بِدونِ سَبَبٍ في أوقاتٍ مَعلومَةٍ، فَهو دَمٌ طَبِيعِيٌّ لَيسَ لَه مِن مَرَضٍ أو جُرحٍ أو سُقوطٍ أو وِلادةٍ. وبِما أنَّه دَمٌ طَبِيعِيٌّ فإنَّه يختلفُ بِحَسَبِ حالِ الُأنثى وبيئتِها وجَوِّها؛ ولذلِكَ تختلِفُ فيه النساءُ اختِلافًا مُتَبَايِنًا ظاهِرًا.,އަދި ޝަރުޢީގޮތުން ޙައިޟަކީ: އެއީ އަންހެނެއްގެ ކިބައިން ޠަބީޢީ ގޮތުން، ސަބަބެއް ނެތިވެ، އެނގިގެންވާ ވަކި ވަޤުތުތަކެއްގައި އަންނަ ލެޔެކެވެ. ފަހެ އެއީ އެއްވެސް ބައްޔެއް ނުވަތަ ޒަޚަމެއް ނުވަތަ ވެއްޓިގެން އަނިޔާއެއް ނުވަތަ ދަރިވިހެއުމެއް ނެތިވެ އަންނަ ޠަބީޢީ ލެޔެކެވެ. އަދި އެއީ ޠަބީޢީ ލެޔެއް ކަމުން، އަންހެނާގެ ޙާލަތާއި ވެށްޓާއި އަދި މާޙައުލުގެ ތަފާތުން އެ ލޭވެސް ތަފާތުވެއެވެ. އަދި އެހެންކަމުން، އެކަމުގައި، އަންހެނުން މެދުގައި، ފާޅުކަން ބޮޑު ބަޔާންވެގެންވާ ތަފާތަކުން ތަފާތުވެގެންވެއެވެ.
والحِكمةُ فيه: أنَّه لمَّا كانَ الجَنينُ في بطنِ أمِّه لا يُمكِنُ أَنْ يَتغذَّى بِما يَتغذَّى به مَن كان خارجَ البطنِ، وَلا يُمكِنُ لَأرحمِ الخلقِ به أَنْ يُوْصِلَ إليه شيئًا مِنَ الغِذَاءِ، حِينئِذٍ جعَلَ اللَّهُ تعالى في الأُنثى إفرازاتٍ دمويةً يَتغذَّى بها الجَنينُ في بطنِ أُمِّه بِدون الحاجةِ إلى أكلٍ وهضمٍ، تنفذُ إلى جِسمِهِ مِن طَريقِ السُّرَّةِ حيثُ يتخلَّلُ الدَّمُ عُرُوقَه فيتغذَّى بِه، فتبارَكَ اللَّهُ أحسَنُ الخالِقِينَ.,އަދި އޭގެ ފަހަތުގައިވާ ޙިކުމަތަކީ: ދަރިފުޅު މަންމަގެ ބަނޑުގައި އޮންނައިރު، ބަނޑުގެ ބޭރުގައިވާ މީހަކަށް ކާނާ ލިބޭ ފަދައިން އެ ދަރިފުޅަށް ކާނާ ނުލިބެއެވެ. އަދި ޚަލްޤުތަކުންގެ ތެރެއިން އެ ކުއްޖާއާ އެންމެ ރަޙުމްކުރުން ބޮޑު މީހަކަށްވެސް، ކާނާގެ އެއްވެސް މިންވަރެއް އެކުއްޖަކަށް ފޯރުކޮށްދިނުމަކީ ކުރެވޭނެ ކަމެއް ނޫނެވެ. އެހިނދުން ދަރިފުޅުގެ މަންމަގެ ބަނޑުގައި އޮންނައިރު، ކެއުމައް އަދި ހަޖަމުކުރުމައް ޙާޖަތެއް ނެތިވެ އެކަންކަމަށް ބޭނުމެއް ނުވާ ގޮތަށް، އެއަކުން ކާނާ ލިބޭނެގޮތަށް އަންނަ ލޭގެ ބައިތަކެއް ﷲ ތަޢާލާ ލެއްވިއެވެ. އެލެޔެއް އެކުއްޖާގެ ހަށިގަނޑަށް ފޫޅުގެ ތެރެއިން ލާފައި ގޮސް ނާރުތަކަށް ވަދެ، ފަހެ އެއިން ކާނާ ލިއްބައިދެއެވެ. ފަހެ، އެންމެ ފުރިހަމައަށް ރިވެތިކޮށް ޚަލްޤުތައް ޚަލްޤުކުރައްވާ ހައްދަވާ اللَّه، ބަރަކާތްތެރިވެގެންވެއެވެ.
فهذه هيَ الحِكمةُ في هذا الحَيضِ؛ ولذلِكَ إذا حَمَلَتِ المرأةُ انقطَعَ الحَيضُ عنها، فلا تَحِيضُ إلَّا نادِرًا، وكذلِكَ المَراضِعُ يقِلُّ مَن تَحِيضُ مِنهُنَّ لا سِيَّما في أوَّلِ زَمَنِ الإِرضاعِ.,ފަހެ މިއީ މި ޙައިޟުވުމުގައިވާ ޙިކުމަތެވެ. އަދި އެހެންވުމުން އަންހެނަކު ބަލިވެއިނދެއްޖެނަމަ، އެކަނބުލޭގެ ފުށުން ޙައިޟު މެދުކެނޑެއެވެ. ފަހެ ނާދިރު މަދު ގޮތެއްގައި ނޫނީ (ބަލިވެއިނދެ) ޙައިޟު ނުވެއެވެ. އަދި ހަމައެފަދައިން، ގާތުން ކިރުދޭ އަންހެނުންނަށް ވެސް ޙައިޟުވެ މައްސަރު ކަންތައް ދިމާވުން މަދުވެގެންވެއެވެ. ވަކީން ޚާއްޞަކޮށް ގާތުން ކިރުދޭ ފުރަތަމަ ދުވަސްކޮޅުގައެވެ.
الفصلُ الثاني: في زمَنِ الحَيضِ ومُدَّتِه,ދެވަނަ ފަޞްލު: ޙައިޟުގެ ދުވަސްވަރާއި މުއްދަތު
الكلامُ في هذا الفَصلِ في مَقامَين:,މި ފަޞްލުގައި ވާހަކަދެއްކުންވަނީ ދެ މަޤާމެއްގައެވެ:
المَقامُ الأوَّلُ: في السِّنِّ الَّذي يَأتي فيه الحَيضُ.,ފުރަތަމަ މަޤާމަކީ: ޙައިޟުވުން އަތުވެގަންނަ ޢުމުރުފުރައެވެ.
المَقامُ الثانِي: في مُدَّةِ الحَيضِ.,ދެވަނަ މަޤާމަކީ: ޙައިޟުގެ މުއްދަތެވެ.
فأمَّا المَقامُ الأوَّلُ: فالسِّنُّ الَّذي يغلبُ فيه الحَيضُ هو ما بينَ اثنتَيْ عشرةَ سَنةً إلى خَمسينَ سَنةً، ورُبَّما حاضَتِ الُأنثى قبلَ ذلكَ أو بعدَه بحسبِ حالِها وبيئتِها وجوِّها.,ދެންފަހެ ފުރަތަމަ މަޤާމަށް ބަލާއިރު: ފަހެ ޣާލިބު ގޮތެއްގައި (ޢާއްމުކޮށް) މައްސަރު ކަންތައް ދިމާވާ ޢުމުރަކީ، ބާރަ އަހަރާއި ފަންސާސް އަހަރާ ދެމެދުގެ ޢުމުރުގައެވެ. އަދި ފަހަރެއްގައި އަންހެން މީހާގެ ޙާލަތާއި ވެށްޓާއި އަދި މާޙައުލުގެ ގޮތުން، އޭގެ ކުރިން ނުވަތަ އޭގެ ފަހުންވެސް ޙައިޟުވެ މައްސަރު ކަންތައް ކުރިމަތިވުމަކީ ވެދާނެ ކަމެކެވެ.
وقَدِ اختلَفَ العُلماءُ رَحِمَهُم الله: هَلْ للسِّنِّ الَّذي يتأتَّى فيه الحَيضُ حَدٌّ مُعيَّنٌ بحيثُ لا تحِيضُ الُأنثى قَبلَه ولا بَعدَه، وأَنَّ ما يأتيها قَبلَه أو بَعدَه فهوَ دَمُ فَسادٍ لا حَيضٍ؟,އަދި ޢިލްމުވެރިން رحمهم الله އިޚްތިލާފުވެގެންވެއެވެ: އެއީ ގައިމު އަންހެނާ، އޭގެ ކުރިން އަދި އޭގެ ފަހުން ޙައިޟުނުވާ ގޮތަށް ކަނޑައެޅިގެންވާ ވަކި ޢުމުރުފުރައެއް ވޭތޯއާ މެދުގައެވެ؟ އަދި އެ ޢުމުރުގެ ކުރިން ނުވަތަ ފަހުން އަންނަ ލެޔަކީ، ޙައިޟު ކަމުގައި ނުވާ ފާސިދު ލޭކަމުގައިވޭތޯ ބެލުމަށް ވަކި ޢުމުރުފުރައެއް ވޭތޯއާ މެދުގައި (ޢިލްމުވެރިން رحمهم الله ޚިލާފުވެގެންވެއެވެ.)
اختلَفَ العُلماءُ في ذلك؛ قالَ الدََارميُّ -بعدَ أن ذَكَرَ الاختِلافاتِ-: كُلُّ هذا عنِدي خَطَأٌ! لأنَّ المرجِعَ في جميعِ ذلكَ إلى الوجودِ، فأيُّ قدْرٍ وُجِدَ في أيِّ حالٍ وسِنٍّ وجَبَ جَعلُهُ حَيضًا. واللَّهُ أعلَمُ [1].,އެކަމުގައި ޢިލްމުވެރިން އިޚްތިލާފުވެގެންވެއެވެ. އެ އިޚްތިލާފުތައް ޛިކުރުކުރެއްވުމަށް ފަހުގައި އައް-ދާރިމީ ވިދާޅުވިއެވެ: މި ހުރިހާ ބަހެއްވެސް އަހަރެންގެ ގާތުގައި ގޯހެވެ! އެހެނީ އެ ހުރިހާ ކަމެއްގައިވެސް ރުޖޫޢަވާން ޖެހެނީ ވުޖޫދަށެވެ. ފަހެ އެގޮތުން ކޮންމެ ޙާލަތެއްގައިވެސް އަދި ކޮންމެ ޢުމުރުފުރައެއްގައިވެސް ކޮންމެ މިންވަރަކަށްވެސް އަންނަ ލެޔެއް ޙައިޟުކަމުގައި ބަލަން ޖެހެއެވެ. އަދި އެންމެ މޮޅަށް ދެނެވޮޑިގެންވަނީ ﷲ އެވެ.[1]
[1] أحكام المتحيرة في الحيض، للدارمي (ص:17).,[1] އަޙްކާމުލް-މުތަޙައްޔިރާ ފިލް-ޙައިޟި، އައް-ދާރިމީ (ޞ: 17).
وهذا الَّذي قالَهُ الدَّارميُّ هو الصوابُ، وهو اختيارُ شيخِ الإسلامِ ابنِ تيميَّةَ [2]، فمتَى رأتِ الُأنثَى الحَيضَ فهيَ حائِضٌ، وإِنْ كانت دُونَ تِسعِ سِنينَ أو فَوق خَمسينَ،,އަދި އައް-ދާރިމީ ވިދާޅުވެފައިވާ މި ބަސްފުޅަކީ، ރަނގަޅު ތެދު ބަހެވެ. އަދި މިއީ ޝައިޚުލް-އިސްލާމް އިބްނު ތައިމިއްޔާގެވެސް އިޚްތިޔާރެވެ.[2] ފަހެ އެގޮތުން އަންހެނާއަށް ޙައިޟުގެ ލޭ ފެނިއްޖެ ކޮންމެ ހިނދެއްގައިމެ، އޭނާ އެހުރީ ޙައިޟުވެފައެވެ. އޭނާ ނުވަ އަހަރަށްވުރެ ޢުމުރު ހަގުވިޔަސް ނުވަތަ ފަންސާސް އަހަރަށްވުރެ ދޮށިވިޔަސްމެއެވެ.
وذلِكَ لأنَّ أحكامَ الحيضِ علَّقَها الله ورسولُه على وُجودِه، ولم يُحدِّدِ الله ورَسولُه لذلكَ سِنًّا معيَّنًا، فوجَبَ الرجوعُ فيه إلى الوجودِ الَّذي عُلِّقتِ الأحكامُ عليه، وتحديدُه بِسِنٍّ معيَّنٍ يحتاجُ إلى دليلٍ مِنَ الكِتابِ أو السُّنةِ ولا دليلَ في ذلك.,އެހެނީ ﷲ އާއި އެއިލާހުގެ ރަސޫލު، ޙައިޟުގެ ޙުކުމްތައް ގުޅުވާލައްވާފައިވަނީ ޙައިޟު ވުޖޫދުވުމުގެ މައްޗަށެވެ. އަދި ﷲ އާއި އެއިލާހުގެ ރަސޫލު، އެކަމަށް މުޢައްޔަނު ވަކި ޢުމުރެއް ކަނޑައަޅުއްވާފައި ނުވެއެވެ. ފަހެ އެހެންކަމުން އެކަމުގައި ރުޖޫޢަވާން ޖެހޭނީ، ޙުކުމްތައް އެއާ ގުޅިފައިވާ ވުޖޫވުމަށެވެ. އަދި މުޢައްޔަނު ވަކި ޢުމުރެއް އެކަމަށް ކަނޑައެޅުމަކީ، ޤުރްއާނުން ނުވަތަ ސުންނަތުން ދަލީލެއް ބޭނުންވާނޭ ކަމެކެވެ. އަދި އެކަމަށް އެއްވެސް ދަލީލެއް ނެތެވެ.
وأمَّا المَقامُ الثاني وهو مُدَّةُ الحَيضِ، أي: مِقدارُ زمَنِه.,ދެންފަހެ ދެވަނަ މަޤާމަކީ އެއީ: ޙައިޟުގެ މުއްދަތެވެ. އެބަހީ: ޙައިޟުވުން ދެމިގެންދާ ޒަމާނެވެ.
فقدِ اختلَفَ فيه العُلماءُ اختلافًا كبيرًا على نحوِ سِتَّةِ أقوالٍ أو سَبعَةٍ. قالَ ابنُ المُنذرِ رَحِمَهُ الله: وقالَت طائفةٌ: ليسَ لَأِقَـلِّ الحَيضِ ولا لََأِكثَرِهِ حَدٌّ بالأيَّامِ[3].,ފަހެ އެކަމުގައި ގައިމު ޢިލްމުވެރިންވަނީ ވަރަށް ބޮޑަށް އިޚްތިލާފުވެގެންނެވެ. އެއީ ހައެއް ނުވަތަ ހަތް ޤަޥްލެއްގެ މައްޗަށެވެ. އިބްނުލް-މުންޛިރު رحمه الله ވިދާޅުވިއެވެ: އަދި ބައެއް މީހުންގެ ޖަމާޢަތެއް ބުންޏެވެ: ޙައިޟުވުމުގެ ދުވަސްތަކުގެ ވަކި މަދުމިނެއް އަދި ވަކި ގިނަ މިނަކަށްވެސް ޙައްދެއް ނުވެއެވެ.[3]
قُلتُ: وهذا القولُ كقولِ الدَّارميِّ السابِقِ وهو اختيارُ شيخِ الإسلامِ ابنِ تيميَّةَ، وهوَ الصوابُ؛ لأنَّه يدُلُّ عليه الكِتابُ والسُّنةُ والاعتِبارُ.,އަހަރެން ބުނަމެވެ: އަދި މި ބަސްފުޅަކީ އައް-ދާރިމީގެ އިސްވެދިޔަ ބަސްފުޅާ އެއްކަހަލަ ބަސްފުޅެކެވެ. އަދި އެއީ ޝެއިޚުލް-އިސްލާމް އިބްނު ތައިމިއްޔާގެވެސް އިޚްތިޔާރެވެ. އަދި ރަނގަޅު ހެޔޮ ބަހަކީ އެއެވެ. އެހެނީ ޤުރްއާނާއި ސުންނަތާއި އިޢުތިބާރުކޮށް (ޤިޔާސްކޮށް ވިސްނުމުން) އެކަމުގެ މައްޗަށް ދަލީލުކުރާތީއެވެ.
فالدليلُ الأوَّلُ: قولُه تعالى:,ފަހެ އެގޮތުން ފުރަތަމަ ދަލީލަކީ: ﷲ ތަޢާލާގެ މި ބަސްފުޅެވެ:
﴿وَيَسۡـَٔلُونَكَ عَنِ ٱلۡمَحِيضِۖ قُلۡ هُوَ أَذٗى فَٱعۡتَزِلُواْ ٱلنِّسَآءَ فِي ٱلۡمَحِيضِ وَلَا تَقۡرَبُوهُنَّ حَتَّىٰ يَطۡهُرۡنَۖ...﴾,"﴿وَيَسۡـَٔلُونَكَ عَنِ ٱلۡمَحِيضِۖ قُلۡ هُوَ أَذٗى فَٱعۡتَزِلُواْ ٱلنِّسَآءَ فِي ٱلۡمَحِيضِ وَلَا تَقۡرَبُوهُنَّ حَتَّىٰ يَطۡهُرۡنَۖ...﴾
 މާނައީ: ""އަދި ޙައިޟާމެދު، ކަލޭގެފާނާ އެމީހުން ސުވާލުކުރެއެވެ. ކަލޭގެފާނު ވިދާޅުވާށެވެ. އެއީ އުނދަގޫ (ލިބެނިވި) ކަމެކެވެ. ފަހެ ޙައިޟުގެ ދުވަސްވަރުގައި ތިޔަބައިމީހުން އަންހެނުންނާ ދުރުހެލިވާށެވެ. (އެބަހީ: ޖިމާޢު ނުވާށެވެ.) އަދި އެކަނބަލުން ހިނައި ޠާހިރު ވެއްޖައުމަށް ދާންދެން ތިޔަބައިމީހުން އެ ކަނބަލުންނާ ގާތްނުވާށެވެ...)"
[البقرة:222]،,[އަލް-ބަޤަރާ: 222]،
فجعَلَ اللَّهُ غايةَ المنعِ هي الطُّهرَ، ولَمْ يَجعَلِ الغايةَ مُضِيَّ يَومٍ وليلةٍ ولا ثَلاثةِ أيامٍ ولا خَمسةَ عَشَرَ يَومًا، فدلَّ هذا على أنَّ عِلَّةََ الحُكمِ هي الحَيضُ وُجُودًا وَعَدَمًا،,ފަހެ (ޖިމާޢުވުން) މަނާވުމުގެ ޣާޔަތު ނިމުން (އެންމެ ފަހު ލަނޑުދަނޑި)، ﷲ ތަޢާލާ ލައްވާފައި އެވަނީ ޠާހިރުވުމާ ހަމައަށެވެ. އަދި އޭގެ ޣާޔަތު ނިމުމަކީ، ރޭދުވާލެއް ފާއިތުވުމެއް ކަމުގައި، އަދި ތިން ދުވަހެެއް އަދި ފަނަރަ ދުވަސް ފާއިތުވުން ކަމުގައިވެސް އެއިލާހު ނުލައްވަތެވެ. ފަހެ މިއިން ދަލީލުކުރަނީ، އެ ޙުކުމްގެ ޢިއްލަތަކީ (ސަބަބަކީ)، ޙައިޟު ވުޖޫދުވެގެންވުމާއި ޢަދަމުވެ ނެތުމުގެ މައްޗަށެވެ.
فمتى وُجِدَ الحَيضُ ثبَتَ الحُكمُ، ومتَى طَهُرَت منه زالَتْ أحكامُه.,ފަހެ އެހެންކަމުން ކޮންމެ އިރެއްގައިވެސް ޙައިޟު ވުޖޫދުވެއްޖެނަމަ، އެ ޙުކުމް ޘާބިތުވެދެއެވެ. އަދި ކޮންމެ އިރަކުވެސް އެއިން ޠާހިރުވެއްޖެނަމަ، ޙައިޟުގެ ޙުކުމްތައް ނެތި ފިލައިދެއެވެ.
الدليلُ الثانِي:,ދެވަނަ ދަލީލު:
ما ثبَتَ في صحيح مسلمٍ أنَّ النبيَّ صلى الله عليه وسلم قالَ لعَائِشةَ وقد حاضَت وهيَ مُحرِمَة بالعُمرَةِ:,ޞަޙީޙު މުސްލިމްގައި، ނަބީ ﷺ، ޢާއިޝާއަށް ޙަދީޘްކުރެއްވިކަމަށް ޘާބިތުވެގެންވާ ބަސްފުޅެވެ. އެއީ އެކަމަނާ ޢުމްރާއަށް އިޙްރާމް އަޅައިގެން ހުންނަވަނިކޮށް ޙައިޟުވުމުންނެވެ:
«افْعَلِي مَا يَفْعَلُ الْحَاجُّ، غَيْرَ أَنْ لَا تَطُوفِي بِالْبَيْتِ حَتَّى تَطْهُرِي». قَالَتْ: فَلَمَّا كَانَ يَوْمُ النَّحْرِ طَهُرَتْ، فَأَفَاضَتْ.,"""ޙައްޖުވެރިޔާ ކުރާ ކަންތައް ކަމަނާވެސް ކުރާށެވެ. ނަމަވެސް ކަމަނާ ޠާހިރުވެއްޖައުމަށް ދާންދެން ގެފުޅު ވަށާ ޠަވާފު ނުކުރާހުށިކަމެވެ."" 
 އެކަމަނާ ވިދާޅުވިއެވެ: ދެން ކަތިލުމުގެ ދުވަހު (އެބަހީ: އަޟްޙާ ޢީދު ދުވަހު) އެކަމަނާ ޠާޙިރުވެވަޑައިގަތެވެ. ދެން ޠަވާފުލް އިފާޟާ ކުރެއްވިއެވެ."
الحديث [4].,މި ޙަދީޘެވެ. [4].
[4] أخرجه البخاري: كتاب الحيض، باب تقضي الحائض المناسك كلها إلا الطواف بالبيت، رقم (305)، ومسلم: كتاب الحج، باب بيان وجوه الإحرام، رقم (1211).,[4] މި ޙަދީޘް ނެރުއްވީ އަލް-ބުޚާރީ، ކިތާބުލް-ޙައިޟުގައި، ޙައިޟުވެރިޔާ ގެފުޅު ވަށާ ޠަވާފުކުރުން ފިޔަވައި އެހެން ހުރިހާ މަނާސިކުތައް އަދާކުރާނޭކަން ނަންގަނެވުނު ބާބުގައި، ނަމްބަރު 305 ގައެވެ. އަދި މުސްލިމް، ކިތާބުލް-ޙައްޖުގެ، އިޙްރާމް އެޅުމުގެ ގޮތްތައް ނަންގަނެވުނު ބާބުގައި، ނަމްބަރު 1211 ގައެވެ.
وفي الصَّحيحين أنَّ النبيَّ صلَّى اللَّهُ عليه وسلَّم قال لها:,ނަބީ ﷺ އެކަމަނާއަށް ޙަދީޘްކުރެއްވިކަމަށް ދެ ޞަޙީޙުގައި އައިސްފައިވެއެވެ:
«انتَظِرِي فَإِذَا طَهُرْتِ فَاخْرُجِي إِلَى التَّنْعِيمِ»[5]،,"""ކަމަނާ (ޠާހިރުވަންދެން) އިންތިޡާރު ކުރާށެވެ. ދެންފަހެ ކަމަނާ ޠާހިރުވެއްޖެނަމަ 'ތަންޢީމު' ސަރަހައްދަށް ނިކުންނާށެވެ."" [5]
(ނޯޓު: ތަންޢީމަކީ، މައްކާގެ ހުޅަނގު ފަރާތުގައި، މަސްޖިދުލް-ޙަރާމް މިސްކިތާ 7 ކިލޯމީޓަރު ދުރުން އޮންނަ ސަރަހައްދެކެވެ. މިއީ މައްކާގެ އަހުލުވެރިން ޢުމްރާ ކުރުމަށްޓަކައި، މައްކާގެ ރަށްބޭރަށް ނުކުމެ އިޙްރާމްވާ ތަނެކެވެ. ހިޖުރީ ސަނަތުން 240 ގައި، ޢައްބާސީ ޚިލާފަތުން މިތަނުގައި ޢާއިޝަތު رضي الله عنها ގެ ނަމުން މިސްކިތެއް އަޅާފައި ވެއެވެ. އެއީ ހިޖުރައިން 9 ވަނަ އަހަރުގެ ޙައްޖަތުލް-ވަދާޢުގެ ޙައްޖުގައި މުއުމިނުންގެ މަންމާފުޅު ޢާއިޝަތު ބިންތި އަބީ ބަކުރު رضي الله عنهما ޢުމްރާއަށް އިޙްރާމްވުމަށް ވަޑައިގެންނެވި ތަނުގައެވެ.)"
فجعلَ النبيُّ صلَّى اللَّهُ عليه وسلَّم غايةَ المنعِ الطُّهرَ، ولم يجعَلِ الغايةَ زمَنًا مُعيَّنًا، فدلَّ هذا على أنَّ الحُكمَ يتعلَّقُ بالحَيضِ وُجُودًا وعَدَمًا.,ފަހެ މަނާވުމުގެ ޣާޔަތު ނިމުންކަމުގައި ނަބީ ﷺ ލައްވާފައި އެވަނީ ޠާހިރުވުމުގައެވެ. އަދި މުޢައްޔަނު ވަކި ޒަމާނެއް އެކަލޭގެފާނު ކަނޑަނާޅުއްވައެވެ. ފަހެ އެހެންކަމުން މިއިން ދަލީލުކުރަނީ، ޙުކުމް ގުޅިގެންވަނީ ޙައިޟު ވުޖޫދުވެގެންވުމާ ނުވުމުގެ މައްޗަށް ކަމުގައެވެ.
[5] أخرجه البخاري: كتاب العمرة، باب أجر العمرة على قدر النصب، رقم (1662)، ومسلم: كتاب الحج، باب بيان وجوه الإحرام، رقم (1211).,[5] މި ޙަދީޘް ނެރުއްވީ އަލް-ބުޚާރީ، ކިތާބުލް-ޢުމްރާގެ، ޢުމްރާގެ އަޖުރުވަނީ ވަރުބަލިވި މިންވަރުގެ މައްޗަށްކަން ނަންގަނެވުނު ބާބުގައި، ނަމްބަރު 1662 ގައެވެ. އަދި މުސްލިމް، ކިތާބުލް-ޙައްޖުގެ، އިޙްރާމް އެޅުމުގެ ގޮތްތައް ނަންގަނެވުނު ބާބުގައި، ނަމްބަރު 1211 ގައެވެ.
الدليلُ الثالِثُ: أنَّ هذه التَّقـدِيراتِ والتَّفصِيـلاتِ الَّتي ذكَـرَها مَن ذكَرَها منَ الفُقهاءِ في هذه المَسألةِ ليسَتْ موجودةً في كتابِ اللَّهِ تعالى ولا في سُنةِ رَسولِ اللَّهِ صلَّى الله عليه وسلَّم معَ أنَّ الحاجةَ بلِ الضَّرورةَ داعيةٌ إلى بيانِها،,ތިންވަނަ ދަލީލު: މި މައްސަލާގައި، ފިޤުހުވެރިންގެ ތެރެއިން، ޛިކުރުކުރި ބަޔަކު ޛިކުރުކޮށްފައިވާ މިހިރަ އަންދާޒާތަކާއި ތަފްޞީލުތައް، މިއީ ﷲ ތަޢާލާގެ ފޮތުގައި، އަދި ﷲ ގެ ރަސޫލު ﷺ ގެ ސުންނަތުގައިވެސް ވާ ވާހަކަތަކެއް ނޫނެވެ. އެއީ އެކަންކަން ބަޔާންކުރަން ޙާޖަތް، އަދި ކިއެއްތަ، ޟަރޫރަތްވެސް ޖެހިގެންވާ ޙާލުގައެވެ.
فلو كانَتْ مِمَّا يجبُ على العبادِ فَهمُه والتعبُّدُ للَّهِ بهِ لَبيَّنَها اللَّهُ ورسولُه صلَّى اللَّه عليه وسلَّم بيانًا ظاهِرًا لِكُلِّ أحَدٍ؛ لأهمِّيَّةِ الأحكامِ المترتِّبةِ على ذلِكَ مِنَ الصَّلاةِ والصِّيامِ والنِّكاحِ والطَّلاقِ والِإرْثِ وغيرِها مِنَ الأحكامِ،,ފަހެ އެއީ އަޅުތަކުން ފަހުމްވެގަނެ، އަދި އެއިން ﷲ އަށް އަޅުކަންކުރުން ވާޖިބުވެގެންވާ ކަންތަކެއްނަމަ، ﷲ އާއި އެއިލާހުގެ ރަސޫލު ﷺ ކޮންމެ މީހަކަށްވެސް ސާފުވާނެ ގައިމު ހާމަ ބަޔާނަކުން އެކަންކަން ބަޔާންކުރެއްވީހެވެ. އެއީ އެ ކަންކަމުގެ މައްޗަށް ތަރުތީބުވެގެންވާ ޙުކުމްތަކުގެ މުހިއްމުކަމަށްޓަކައެވެ. އެއީ ނަމާދާއި، ރޯދައާއި، ކައިވެންޏާއި ވަރިއާއި، ވާރުތަވުމާއި އަދި އެނޫންވެސް ޙުކުމްތަކެވެ.
كما بَيَّنَ اللَّهُ ورسولُهُ عددَ الصَّلواتِ وأوقاتَها ورُكُوعَها وسُجُودَها،,އެއީ ނަމާދުތަކުގެ ޢަދަދާއި، އޭގެ ވަޤުތުތަކާއި، އޭގެ ރުކޫޢުއާއި އަދި އޭގެ ސަޖިދަކުރުން، ﷲ އާއި އެއިލާހުގެ ރަސޫލު ބަޔާންކޮށްދެއްވާފައިވާ ފަދައިންނެވެ.
والزَّكَاةَ: أموَالَها وأنصِباءَها ومِقدارَها ومَصرِفَها، والصِّيامَ: مُدَّتَه وزَمَنَه، والحَجَّ وما دُونَ ذلكَ،,"އަދި ޒަކާތްވެސް: އޭގެ މުދާތަކާއި، އޭގެ ނިޞާބުތަކާއި، އޭގެ މިންވަރާއި އަދި އޭގެ ބެހެނިވެރިން ބަޔާންކުރެއްވި ގޮތަށެވެ. އަދި ރޯދަވެސް: އޭގެ މުއްދަތާއި، އޭގެ ވަޤުތާއި، އަދި 
  ޙައްޖާއި އަދި އެނޫންވެސް ކަންތައް ބަޔާންކުރެއްވި ގޮތަށެވެ."
حتَّى آدابَ الأكلِ والشُّربِ والنَّومِ والجِماعِ والجُلُوسِ ودُخُولِ البيتِ والخُرُوجِ منه، وآدابَ قَضَاءِ الحاجةِ، حتَّى عددَ مسحاتِ الاسْتِجْمَارِ إلى غيرِ ذلك مِن دَقِيقِ الأمورِ وجَلِيلِها، مِمَّا أكمَلَ اللَّهُ به الدِّينَ، وأتمَّ به النِّعمةَ على المُؤمِنينَ، كما قالَ تعالى:,އެހެންގޮސް ކެއުމާއި ބުއިމާއި، ނިދުމާއި، ޖިމާޢުވުމާއި، އިށީންނުމާއި، ގެއަށް ވަނުމާއި އަދި ގެއިން ނިކުތުމުގެ އަދަބުތައްވެސްމެއެވެ. އަދި ޤަޟާޙާޖަތުގެ އަދަބުތަކާއި، އެހެންގޮސް އިސްތިޖުމާރުގައި (ހިލައިން ސާފުޠާހިރު ވުމުގައި) ފޮހޭނެ ޢަދަދާއި، އެނޫންވެސް އެހެނިހެން ކަވި ނާޒުކު އަދި މަތިވެރި ކަންތައްތައްވެސް މެއެވެ. އެއީ ﷲ އެ ކަންކަމުން ދީން ފުރިހަމަ ކުރައްވާ، އަދި މުއުމިންތަކުންގެ މައްޗަށް އެއިލާހުގެ ނިޢުމަތް ފުރިހަމަ ކުރެއްވި ކަންކަމެވެ. އެއީ ﷲ ތަޢާލާ ވަޙީކުރެއްވި ފަދައިންނެވެ:
﴿...وَنَزَّلۡنَا عَلَيۡكَ ٱلۡكِتَٰبَ تِبۡيَٰنٗا لِّكُلِّ شَيۡءٖ...﴾,"﴿...وَنَزَّلۡنَا عَلَيۡكَ ٱلۡكِتَٰبَ تِبۡيَٰنٗا لِّكُلِّ شَيۡءٖ...﴾
 މާނައީ: ""...އަދި ކޮންމެ ކަމަކަށްވާ ބަޔާނެއްގެ ގޮތުގައި ތިމަންއިލާހު ކަލޭގެފާނުގެ މައްޗަށް ފޮތް ބާވައިލެއްވީމެވެ..."""
[النحل:89]،,[އައް-ނަޙްލު: 89]،
وقالَ تعالى:,އަދިވެސް އެއިލާހު ވަޙީކުރެއްވިއެވެ:
﴿...مَا كَانَ حَدِيثًا يُفْتَرَى وَلَـكِن تَصْدِيقَ الَّذِي بَيْنَ يَدَيْهِ وَتَفْصِيلَ كُلَّ شَيْءٍ...﴾,"﴿...مَا كَانَ حَدِيثًا يُفْتَرَى وَلَـكِن تَصْدِيقَ الَّذِي بَيْنَ يَدَيْهِ وَتَفْصِيلَ كُلَّ شَيْءٍ...﴾
 މާނައީ: ""...އެއީ ހަދައިގެން އުފެއްދޭ ވާހަކަތަކެއްނޫނެވެ. އެހެނެއްކަމަކު، އެއީ އޭގެ ކުރިމަތީގައިވާ (ކުރިން ބާވައިލެއްވި ފޮތްތައް) ތެދުކުރާ، އަދި ހުރިހާ ކަމެއްގެ ތަފްޞީލު ކަމުގައިވާ ފޮތެކެވެ..."""
[يوسف:111].,[ޔޫސުފު: 111].
فلمَّا لم تُوجَدْ هذه التَّقدِيراتُ والتَّفصِيلاتُ في كتابِ اللَّهِ تعالى ولا في سُنةِ رَسولِ اللَّهِ صلَّى الله عليه وسلَّم تبيَّنَ أَنْ لا تَعوِيلَ عليها، وإنَّما التَّعوِيلُ على مُسمَّى الحَيضِ الَّذي عُلِّقَت عليه الأحكامُ الشَّرعيةُ وُجُودًا وعَدَمًا،,ފަހެ މި އަންދާޒާތަކާއި ތަފްޞީލުތައް ﷲ ތަޢާލާގެ ފޮތާއި އަދި ﷲ ގެ ރަސޫލު ﷺ ގެ ސުންނަތުގައިވެސް ނުވިހިނދު، ބަޔާންވެގެންދަނީ އެ ކަންކަމަށް ބަރޯސާވުމެއް ނެތްކަމެވެ. އަދި ބުރަވެ ބަރޯސާވުން އޮތްކަން ކަށަވަރީ، ޝަރުޢީ ޙުކުމްތައް، އެކަމެއް ވުޖޫދުވުމާއި ނުވުމުގެ މައްޗަށް ގުޅިގެންވި ޙައިޟުގެ ނަންދެވުނު ކަންތަކުގެ މައްޗަށެވެ.
وهذا الدَّليلُ -أَعنِي: أنَّ عَدَمَ ذِكرِ الحُكمِ في الكِتابِ والسُّنةِ دَليلٌ على عَدَمِ اعتبارِه- يَنْفَعُكَ في هذه المَسألةِ وغيرِها من مسائِلِ العِلمِ؛ لأنَّ الأحكامَ الشَّرعيَّةَ لا تَثبُتُ إلَّا بدليلٍ مِنَ الشَّرعِ مِن كتابِ الله، أو سُنةِ رَسولِه صلَّى الله عليه وسلَّم، أو إجماعٍ مَعلومٍ، أو قِياسٍ صَحيحٍ.,މި ދަލީލު -ޔަޢުނީ: ޤުރްއާނާއި ސުންނަތުގައި އެ ޙުކުމް ޛިކުރުކުރެވިގެން ނުވުމީ، އެ ޙުކުމަށް ބުރަދަންދެވި ނުބެލޭނެކަމަށްވާ ދަލީލެއްކަމުގައިވުން- މިއީ މި މައްސަލައާއި އަދި ޢިލްމުގެ އެހެން މައްސަލަތަކުގައިވެސް ތިބާއަށް ފައިދާކޮށްދޭނެ ދަލީލެކެވެ. އެހެނީ ޝަރުޢީ ޙުކުމްތަކަކީ، ﷲ ތަޢާލާގެ ފޮތް ނުވަތަ އެއިލާހުގެ ރަސޫލު ﷺ ގެ ސުންނަތުން، ނުވަތަ އެނގިގެންވާ އިޖްމާޢަކުން، ނުވަތަ ޞައްޙަ ޤިޔާސަކުންވާ ޝަރުޢުގެ ދަލީލަކުން މެނުވީ ޘާބިތުކުރެވޭ ކަންކަމެއް ނޫނެވެ.
"قالَ شيخُ الإسلامِ ابنُ تَيميَّةَ في قاعدةٍ له: ""ومِن ذلِكَ اسمُ الحَيضِ عَلَّقَ اللَّهُ به أحكامًا مُتَعَدِدَةً في الكِتابِ والسُّنةِ، ولم يُقَدِّرْ لا أقلَّه ولا أكثَرَه، ولا الطُّهرَ بينَ الحَيضتَيْنِ معَ عُمُومِ بَلوى الُأمةِ بذلك واحتياجِهم إليهِ، واللُّغةُ لا تُفَرِّقُ بينَ قَدْرٍ وقَدْرٍ، فَمَنْ قَدَّرَ في ذلكَ حَدًّا فقَدْ خالَفَ الكِتابَ والسُّنةَ""[6]. انتَهَى كلامُهُ.","ޝައިޚުލް-އިސްލާމް އިބްނު ތައިމިއްޔާ، އެބޭފުޅާގެ ޤަވާޢިދެއްގައި ވިދާޅުވިއެވެ: ""އޭގެ ތެރޭގައި ޙައިޟުގެ ނަން ވެއެވެ. ޤުރްއާނާއި ސުންނަތުގައިވާ އެތަކެއް ޙުކުމްތަކެއް، ﷲ އެއާ ގުޅުއްވާފައިވެއެވެ. އަދި އޭގެ އެންމެ މަދުމިނެއް އަދި ގިނަމިނެއް އެއިލާހު ކަނޑަނާޅުއްވައެވެ. އަދި ދެ ޙައިޟުގެ ދެމެދުގައި ޠާޙިރުވެގެންވާ ދުވަސްތަކުގެ މުއްދަތެއްވެސް ކަނޑަނާޅުއްވައެވެ. އެއީ އުއްމަތުގެ އެންމެންނާ ގުޅުންހުރި އަދި އެމީހުން އެކަމަށް ޙާޖަތް ޖެހިގެންވާ ކަމަކަށްވެސް ވުމާއެކުގައެވެ. ބަހުގެ ގޮތުން، (ޙައިޟުގެ ނަމުގައި) ވަކި މިންވަރަކާއި އަނެއް މިންވަރެއް އެކަމުގައި ފަރަޤެއް ނުކުރެއެވެ. ދެންފަހެ އެކަމުގައި ވަކި އިމަކާއި މިންވަރެއް ކަނޑައަޅައިފި މީހާ އެވަނީ ޤުރްއާނާއި ސުންނަތާ ޚިލާފުވެފައެވެ."" [6]. އެބޭފުޅާގެ ބަސްފުޅު ނިމުނީއެވެ."
[6] رسالة الأسماء التي علق الشارع الأحكام بها (ص:35),[6] ޝަރުޢުކުރައްވާ ފަރާތުން އެ ނަންނަމާ ޙުކުމްތައް ގުޅުވާލައްވާފައިވާ ނަންނަމާ ބެހޭގޮތުންވާ ރިސާލާ: (ޞ: 35)
الدَّليلُ الرابعُ: الاعتبارُ، أيِ: القِياسُ الصَّحيحُ المُطَّرِدُ، وذلكَ أنَّ اللَّهَ تعالى عَلَّلَ الحَيضَ بكونِه أذًى، فمتَى وُجِدَ الحَيضُ فالأذَى موجودٌ، لا فرقَ بينَ اليومِ الثاني واليومِ الأوَّلِ، ولا بينَ الرابِعِ والثالِثِ،,ހަތަރުވަނަ ދަލީލަކީ: އިޢުތިބާރުކޮށް (ބުރަދަންދީގެން ބެލުމެވެ.) އެބަހީ: ފުށޫއެރުމެއްނުވާ ޘާބިތު ޞައްޙަ ޤިޔާސެވެ. އަދި އެހެނީ ﷲ ތަޢާލާ ޙައިޟުގެ ޢިއްލަތެއްގެ ގޮތުގައި އެއީ ތުރާލެއް ކަމުގައި އެންގެވިއެވެ. ފަހެ އެހެންކަމުން ޙައިޟުވުން ވުޖޫދުވާހިނދު އުނދަގުލާއި ތުރާ އެވީއެވެ. ދެވަނަ ދުވަހާއި ފުރަތަމަ ދުވަހާ ދެމެދު، އަދި ހަތަރުވަނައާއި ތިންވަނަ ދުވަހާމެދު އެކަމުގައި ފަރަޤެއް ނުވެއެވެ.
ولا فرقَ بينَ اليومِ السادِسَ عَشَرَ والخامِسَ عَشَرَ، ولا بينَ الثامِنَ عَشَرَ والسابِعَ عَشَرَ،,އަދި ސޯޅަވަނައާއި ފަނަރަވަނަ ދުވަހާ ދެމެދު، އަދި އަށާރަވަނަ އާއި ސަތާރަވަނަ ދުވަހާ ދެމެދުވެސް އެއްވެސް ތަފާތެއް ނެތެވެ.
فالحَيضُ هوَ الحَيضُ والَأذَى هو الَأذَى، فالعِلَّةُ موجودةٌ في اليومَيْنِ على حَدٍّ سَواءٍ، فكيفَ يصحُّ التَّفريقُ في الحُكمِ بينَ اليَومَينِ معَ تساوِيهِما في العِلَّةِ؟,ފަހެ ޙައިޟަކީ (ކޮންމެ ހިނދެއްގައިވެސް) ހަމަ ޙައިޟެވެ. އަދި ތުރާލާއި އުނދަގޫ އެއީ ހަމަ އުނދަގުލާއި ތުރާލެވެ. ފަހެ ދެ ދުވަހުވެސް ހަމަ އެއްވަރަކަށް އެއްހަމައެއްގެ މައްޗަށް ޢިއްލަތް ވުޖޫދުވެގެންވެއެވެ. ފަހެ އެހެންކަމުން ޢިއްލަތުގައި ހަމަހަމަވެގެންވުމާއެކު، ދެ ދުވަހުގެ ޙުކުމް ފަރަޤުކުރުން ޞައްޙަވާނީ ކިހިނަކުން ހެއްޔެވެ؟
أليسَ هذا خِلافَ القِياسِ الصَّحيحِ؟ أوَلَيْسَ القِياسُ الصَّحيحُ تَساوِيَ اليَومَينِ في الحُكمِ لتَساوِيهِما في العِلَّةِ؟.,މިއީ ޞައްޙަ ޤިޔާސާ ޚިލާފުވާ ކަމެއް ނޫންހެއްޔެވެ؟ އަޅެ ޞައްޙަ ޤިޔާސަކީ: ޢިއްލަތުގައި ދެ ދުވަސްވެސް ހަމަހަމަވެގެންވުމުން، ޙުކުމްގައިވެސް ދެ ދުވަސް ހަމަހަމަކުރުން ނޫންހެއްޔެވެ؟
الدَّليلُ الخامِسُ: اختلافُ أقوالِ المُحدِّدِين واضْطِرابُها، فإنَّ ذلك يدُلُّ على أنَّه ليسَ في المسألةِ دليلٌ يَجبُ المصيرُ إليه، وإنَّما هي أحكامٌ اجتِهاديةٌ مُعَرَّضَةٌ للخَطَأ والصَّوابِ، ليسَ أحدُهما أولَى بالاتِّباعِ منَ الآخرِ، والمَرجِعُ عندَ النِّزاعِ إلى الكِتابِ والسُّنَّةِ.,ފަސްވަނަ ދަލީލު: މުއްދަތު ކަނޑައަޅާ ފަރާތްތަކުގެ ބަސްތައް އިޚްތިލާފުވުމާއި އެ އޮޅުން ބޮޅުންވުމެވެ. ފަހެ މިކަމުން ދޭހަކޮށްދެނީ ނުވަތަ ދަލީލުކުރަނީ، އެ މައްސަލައިގައި ހިފަންޖެހޭ އެއްވެސް ދަލީލެއް ނެތްކަމުގެ މައްޗަށެވެ. އަދި އެބަސްތައް ވާކަން ކަށަވަރީ، ގޯސްވުމާއި ރަނގަޅުވުމަށް ހުށަހެޅޭގޮތަށްވާ އިޖުތިހާދީ ޙުކުމްތަކެއް ކަމުގައެވެ. އޭގެ އެއްރައުޔަކަށް ވުރެ އަނެއް ރައުޔަކަށް ތަބަޢަވުން އައުލާކަން ބޮޑެއް ނޫނެވެ. އަދި ދެބަސްވެވޭ ހިނދު ރުޖޫޢަވުން އޮތް މަރުޖިޢުއަކީ، ޤުރްއާނާއި ސުންނަތެވެ.
فإذا تبيَّنَ قوةُ القولِ: إنَّه لا حَدَّ لأقلِّ الحَيضِ ولا أكثَرِه. وأنَّه القولُ الرَّاجحُ فاعلَمْ أنَّ كُلَّ ما رأَتْـه المرأةُ مِن دَمٍ طبيعيٍّ ليسَ له سببٌ من جُرحٍ ونحوِه فهـوَ دَمُ الحَيضِ مِن غيرِ تقديرٍ بزمنٍ أو سِنٍّ إلَّا أَنْ يكـونَ مُستمِرًّا على المرأةِ لا ينقطعُ أبَدًا أو ينقطعُ مُدَّةً يسيرةً كاليومِ واليومين في الشهـرِ، فيكـونُ استِحاضَـةً،,ދެންފަހެ ޙައިޟުގެ އެންމެ ކުރު މުއްދަތަކާމެދު އަދި އެންމެ ދިގު މުއްދަތަކާމެދު ޙައްދެއް ނެތްކަމަށް ބުނާ ބަހުގެ ވަރުގަދަކަން ތިބާއަށް ހާމަވެއްޖެނަމަ، އަދި ރާޖިޙު ބަހަކީ އެއީކަން ތިބާއަށް ބަޔާންވެއްޖެނަމަ؛ ފަހެ ދެން ތިބާ ދަންނަންވީ ކަމަކީ: ޒަޚަމެއް އަދި އެފަދަ ސަބަބެއްނެތިވެ އަންހެނާއަށް ފެންނަ ޠަބީޢީ ކޮންމެ ލެޔަކީ، ފަހެ އެއީ ޙައިޟު ލޭ ކަމެވެ. އެއީ ވަކި ޒަމާނެއް ނުވަތަ ޢުމުރެއް އޭގައި ކަނޑައަޅައި ބެލުމެއް ނެތިއެވެ. އެހެނަސް އެއީ އެ ލޭ އައުން އެއްގޮތަކަށްވެސް މެދުނުކެނޑޭނަމަ، ނުވަތަ މަހަކު ދެތިން ދުވަސްފަދަ ކުރު މުއްދަތަކަށް މެނުވީ މެދުނުކެނޑޭގޮތަށް އަބަދު ދެމިއަންނަ ލެޔަކަށްވާނަމަ ތަފާތެވެ. ފަހެ އެހިނދުން އެވާނީ އިސްތިޙާޟާއަށެވެ.
وسيَأتـي -إن شاءَ الله تعالـى- بيانُ الاسْتِحاضَةِ وأحكامِها.,އަދި -إن شاء الله تعالـى- އިސްތިޙާޟާ ބަޔާންކުރުމާއި އޭގެ ޙުކުމްތައް އަންނަހުއްޓެވެ.
قالَ شيخُ الإسلامِ ابنُ تيميَّةَ: والأصلُ في كُلِّ ما يخرُجُ منَ الرَّحِمِ أنَّه حَيضٌ حتَّى يقومَ دليلٌ على أنَّه اسْتِحاضَةٌ[7].,"ޝައިޚުލް-އިސްލާމް އިބްނު ތައިމިއްޔާ ވިދާޅުވިއެވެ: ""އަދި އަޞްލަކީ ރަޙިމުން ނުކުންނަ ކޮންމެ ލެޔަކީ، އެއީ އިސްތިޙާޟާ ކަމުގައިވުމުގެ މައްޗަށް ދަލީލެއް ޤާއިމުވަންދެން، ޙައިޟުކަމުގައިވުމެވެ."" [7]."
[7] المصدر السابق (ص:36).,[7] އިސްވެދިޔަ މަޞްދަރުގެ (ޞ: 36).
وقالَ أيضًا: فما وقَعَ مِن دَمٍ فهو حَيضٌ إذا لم يُعلَمْ أنَّه دَمُ عِرقٍ أو جُرحٍ[8]. اﻫ.,"އަދިވެސް އެބޭފުޅާ ވިދާޅުވިއެވެ: ""އެއީ ނާރަކުން ނުވަތަ ޒަޚަމަކުން އަންނަ ލެޔެއްކަން ނޭނގޭނަމަ، ފަހެ (ރަޙިމުން އަންނަ) ކޮންމެ ލެޔަކީ، ފަހެ އެއީ ޙައިޟުގެ ލެޔެވެ."" [8]. އހ."
[8] المصدر السابق (ص:38).,[8] އިސްވެދިޔަ މަޞްދަރުގެ (ޞ: 38).
وهذا القولُ كما أنَّه هو الرَّاجِحُ من حيثُ الدَّليلُ فهُوَ أيضًا أقربُ فَهمًا وإدراكًا، وأيسرُ عملًا وتطبيقًا مِمَّا ذكَرَه المُحَدِّدون، وما كانَ كذلك فهوَ أَوْلى بالقَبولِ لمُوافقتِه لروحِ الدِّينِ الإسلاميِّ وقاعدتِه وهي اليُسرُ والسُّهولةُ، قالَ اللَّهُ تعالى:,އަދި މި ޤަޥްލަކީ ދަލީލުގެ ގޮތުން ބަލާއިރު ރާޖިޙު ޤަޥްލަށްވުމާއެކު، އަދި އެއީ ފަހުމްވުމާއި ނަގައިގަތުމަށް އެންމެ ގާތްވެސް ކުރާ ޤަޥްލެވެ. އަދި މުއްދަތުތައް ކަނޑައެޅި މީހުން ގެނައި ކަންތަކަށްވުރެ، ޢަމަލުކޮށް ތަޠުބީޤުކުރުންވެސް އެންމެ ފަސޭހަ ޤަޥްލެވެ. އަދި އެގޮތަށް ކަންތައް އޮތް ޤަޥްލެއްނަމަ، އެ ޤަޥްލު ޤަބޫލުކުރުން މާ އަޥްލާވެގެންވެއެވެ. އެއީ އެ އިސްލާމްދީނުގެ ރޫޙާއި ޤަވާޢިދާ އެއްގޮތްވެގެން ވުމުންނެވެ. އަދި އެއީ ލުއިކަމާއި ފަސޭހަކަމެވެ. ﷲ ތަޢާލާ ވަޙީކުރެއްވިއެވެ:
﴿...وَمَا جَعَلَ عَلَيۡكُمۡ فِي ٱلدِّينِ مِنۡ حَرَجٖۚ...﴾,"﴿...وَمَا جَعَلَ عَلَيۡكُمۡ فِي ٱلدِّينِ مِنۡ حَرَجٖۚ...﴾
 މާނައީ: ""...އަދި އެއިލާހު، ދީނުގައި ތިޔަބައިމީހުންގެ މައްޗަށް އެއްވެސް ދަތިކަމެއް ނުލައްވަތެވެ..."""
[الحج:78]،,[އަލް-ޙައްޖު: 78]،
وقالَ صلَّى اللَّهُ عليه وسلَّم:,އަދި ﷲ ގެ ރަސޫލު ﷺ ޙަދީޘް ކުރެއްވިއެވެ:
«إِنَّ الدِّينَ يُسْرٌ وَلَنْ يُشَادَّ الدِّينَ أَحَدٌ إِلَّا غَلَبَهُ فَسَدِّدُوا وَقَارِبُوا وَأَبْشِرُوا».,"""ހަމަކަށަވަރުން ދީންވަނީ ލުއިފަސޭހަވެގެންނެވެ. އަދި އެއްވެސް މީހަކު ދީން އުނދަގޫ ކޮށްލައިފިނަމަ، އޭނާގެ މައްޗަށް ދީން ގަދަވެ ބަލިކޮށްލައިގެން މެނުވީ ނުވެއެވެ. ފަހެ އެހެންކަމުން ތިޔަބައިމީހުން ސީދާވާށެވެ. އަދި ތިޔަބައިމީހުން ކައިރިކުރާށެވެ. އަދި ތިޔަބައިމީހުން އުފާވެރިކަމުގެ ޚަބަރުލިބިގަންނާށެވެ."""
رواه البخاري[9].,މި ޙަދީޘް ރިވާކުރެއްވީ އަލް-ބުޚާރީއެވެ. [9].
[9] أخرجه البخاري: كتاب الإيمان، باب الدين يسر، رقم (39)، من حديث أبي هريرة رضي الله عنه.,[9] މި ޙަދީޘް ނެރުއްވީ އަލް-ބުޚާރީ، ކިތާބުލް-އީމާންގައި، ދީން ފަސޭހަވެގެންވިކަން ނަންގަނެވުނު ބާބުގައި، ނަމްބަރު 39 ގައެވެ. އެއީ އަބޫ ހުރައިރާ رضي الله عنه ގެ ޙަދީޘުންނެވެ.
وكانَ مِن أخلاقِه صلَّى الله عليه وسلَّم,އަދި އެކަލޭގެފާނު ﷺ ގެ އަޚްލާޤުގެ ތެރޭގައިވާ އެއްކަމަކީ:
«أَنَّهُ مَا خُيِّرَ بَيْنَ أَمْرَيْنِ إِلَّا اخْتَارَ أَيْسَرَهُمَا مَا لَمْ يَكُنْ إِثْمًا»[10].,"""ދެކަމެއްގެ މެދުގައި އެކަލޭގެފާނަށް އިޚްތިޔާރުދެއްވިއްޖެނަމަ؛ އޭގެ ތެރެއިން އެންމެ ލުއިފަސޭހަ ގޮތް މެނުވީ އިޚްތިޔާރު ނުކުރައްވައެވެ. ފާފައަކަށް ނުވާހާ ހިނދަކުއެވެ."" [10]."
[10] أخرجه البخاري: كتاب المناقب، باب صفة النبي صلَّى الله عليه وسلَّم، رقم (3560)، ومسلم: كتاب الفضائل، باب مباعدته صلَّى الله عليه وسلَّم للآثام، رقم (77/2327).,[10] މި ޙަދީޘް ނެރުއްވީ އަލް-ބުޚާރީ، ކިތާބުލް-މަނާޤިިބުގައި، ނަބީ ﷺ ގެ ޞިފަފުޅާ ބެހޭގޮތުންވާ ބާބުގައި، ނަމްބަރު 3560 ގައެވެ. އަދި މުސްލިމް، ކިތާބުލް-ފަޟާއިލުގައި، އެކަލޭގެފާނު ﷺ ފާފަތަކާ ދުރުވެގެންވާކަން ނަންގަނެވުނު ބާބުގައި، ނަމްބަރު (2327/77) ގައެވެ.
[2] مجموع الفتاوى (238/19-239).,[2] މަޖުމޫޢުލް-ފަތާވާ: (238/19-239).
حَيضُ الحامِلِ:,މާބަނޑު މީހާ ޙައިޟުވުން:
[3] الأوسط (356/2).,[3] އަލް-އަޥްސަޠު (356/2).
الغالبُ الكثيرُ أنَّ الأُنثى إذا حملَتِ انقطَعَ الدَّمُ عنها، قالَ الإمامُ أحمدُ رَحِمَهُ الله: «إنَّما تعرف النساء الحمل بانقطاع الدم»[11].,"ޣާލިބު ގޮތެއްެގައި (ޢާއްމުކޮށް) ގިނައިންވާ ގޮތަކީ، އަންހެނާ ބަލިވެއިނދެއްޖެނަމަ، އެކަނބުލޭގެ ކިބައިން ޙައިޟުގެ ލޭ މެދުކެނޑިގެންދިޔުމެވެ. އިމާމް އަޙްމަދު رحمه الله ވިދާޅުވިއެވެ: ""އަންހެނުން ބަލިވެއިންކަން އެނގޭކަން ކަށަވަރީ، ލޭ އައުން މެދުކެނޑުމުންނެވެ."" [11]."
[11] انظر: المغني (405/1).,[11] ބައްލަވާ: އަލް-މުޣުނީ (405/1).
فإذا رأَتِ الحاملُ الدمَ فإِنْ كانَ قبلَ الوضعِ بزمَنٍ يَسيرٍ كاليومينِ أوِ الثلاثةِ ومعَه طَلْقٌ فهو نِفاسٌ،,ދެންފަހެ މާބަނޑުމީހާ ލޭ ފެނިއްޖެނަމަ، ފަހެ އެއީ ވިހެއުމުގެ ދެތިން ދުވަސްފަދައިން ކުރު މުއްދަތެއްގެ ކުރިންނަމަ، އަދި އެއާއެކު ވިހެއުމުގެ ވޭންވާނަމަ، ފަހެ އެއީ ނިފާސްއެވެ.
وإِنْ كانَ قبلَ الوضعِ بزمَنٍ كثيرٍ أو قبلَ الوضعِ بزمَنٍ يسيرٍ لكِنْ ليسَ معَهُ طَلقٌ فلَيْسَ بنفاسٍ، لكِنْ هل يَكونُ حيضًا تَثبُتُ له أحكامُ الحيضِ أو يَكونُ دم فسادٍ لا يُحكَمُ له بأحكامِ الحيضِ؟,އަދި އެއީ ވިހެއުމުގެ ގިނަ ދުވަސްތަކެއްގެ ކުރިންނަމަ، ނުވަތަ ވިހެއުމުގެ ކުޑަ ދުވަސްކޮޅެއް ކުރިން، އެކަމަކު ވިހެއުމުގެ ވޭން އެޅުމެއް އެއާއެކުގައި ނުވާގޮތަށްނަމަ، ފަހެ އެއީ ނިފާސްއެއް ނޫނެވެ. ނަމަވެސް އެއީ ޙައިޟުގެ ޙުކުމްތައް އެއަށް ޘާބިތުވާ ޙައިޟުކަމުގައި ވާނޭ ހެއްޔެވެ؟ ނުވަތަ އެވާނީ ޙައިޟުގެ ޙުކުމްތަކުން އެއަށް ޙުކުމް ނުދެވޭ ފާސިދު ލެޔަކަށް ހެއްޔެވެ؟
في هذا خِلافٌ بينَ أهلِ العِلمِ، والصوابُ أنَّه حيضٌ إذا كانَ على الوجهِ المُعتادِ في حيضِها؛ لأنَّ الأصلَ فيما يُصيبُ المرأةَ منَ الدمِ أنَّه حيضٌ، إذا لم يكُنْ له سبَبٌ يَمنعُ مِن كونِه حَيضًا، وليسَ في الكِتابِ والسُّنةِ ما يَمنعُ حيضَ الحاملِ.,މިކަމުގައި ޢިލްމުގެ އަހުލުވެރިންގެ މެދުގައި ޚިލާފު ވެއެވެ. އަދި ރަނގަޅު ބަހަކީ: އެއީ އެކަނބުލޭގެ ޙައިޟުގައި ޢާދަކޮށް އަންނަ ގޮތަުގެ މައްޗަށް އައި ލެޔެއްނަމަ، އެއީ ޙައިޟެވެ. އެހެނީ އަޞްލަކީ، އަންހެނާއަށް ކުރިމަތިވާ ލެޔަކީ، ޙައިޟުކަމުގައި ވުމުންނެވެ. އެއީ ޙައިޟުކަމުގައިވުން މަނާކުރާނޭ ސަބަބެއް ނެތްކަމުގައި ވާނަމައެވެ. އަދި މާބަނޑު މީހާ ޙައިޟުވުން މަނާކުރާ ދަލީލެއް، ޤުރްއާނާއި ސުންނަތުގައި ނުވެއެވެ.
وهـذا هـوَ مذهبُ مالكٍ[12] والشافعـيِّ[13]، واختيارِ شيخِ الإسـلام ابنِ تَيميَّةَ؛ قالَ في الاختيارات (ص:30): وحكاهُ البيهقيُّ روايةً عن أحمدَ، بل حكَى أنَّه رجَعَ إليه. اﻫ.,އަދި މިއީ މާލިކު[12] އާއި އައްޝާފިޢީ[13] ގެ މަޛްހަބެވެ. އަދި ޝައިޚުލް-އިސްލާމް އިބްނު ތައިމިއްޔާގެވެސް އިޚްތިޔާރެވެ. އަލް-އިޚްތިޔާރާތުގައި (ޞ: 30) ވިދާޅުވިއެވެ: އަދި އަލް-ބައިހަޤީ، އަޙްމަދުގެ އަރިހުންވާ ރިވާޔަތެއްގެ ގޮތުގައި އެގޮތް ގެންނެވިއެވެ. ކިއެއްތަ، އެކަލޭގެފާނު އެގޮތަށް ރުޖޫޢަވިކަމަށްވެސް ކިޔާދެވުނެވެ. އހ.
[12] المدونة (1/ 155)، النوادر والزيادات (1/ 136).,[12] އަލް-މުދައްވަނާ (155/1)، އައް-ނަވާދިރު ވައް-ޒިޔާދާތު (136/1).
[13] اختلاف الفقهاء للمروزي (ص: 193)، الأوسط (2/ 239).,[13] އިޚްތިލާފުލް-ފުޤަހާއު ލިލް-މަރްވަޒީ (ޞ: 193)، އަލް-އަޥްސަޠު: (239/2).
وعلى هذا فيثبُتُ لحيضِ الحاملِ ما يثبُتُ لحيضِ غيرِ الحاملِ إلَّا في مسألتَيْن:,މިކަމުގެ މައްޗަށް ބިނާކޮށް، މާބަނޑު މީހާ ޙައިޟުވުމަށް، ހަމަ މާބަނޑު ނޫން މީހަކު ޙައިޟުވާ ކަންކަން ފަހެ ޘާބިތުވެއެވެ. އެއީ ދެ މައްސަލައެއްގައި މެނުވީއެވެ:
المسألةُ الأُولى: الطَّلاقُ، فيَحرُمُ طلاقُ مَن تلزمُها عِدَّةٌ حالَ الحَيضِ في غيرِ الحاملِ، ولا يحرُمُ في الحاملِ؛,ފުރަތަމަ މައްސަލަ: ވަރިއެވެ. ފަހެ އެގޮތުން ބަލިވެއިނުން ނޫން ގޮތެއްގައި ޢިއްދައެއްގައި އިންނަންޖެހޭ އަންހެނަކު، ޙައިޟުގެ ޙާލަތުގައި ވަރިކުރުން ޙަރާމްވެގެންވެއެވެ. އެކަމަކު މާބަނޑުމީހާއާމެދު އެކަން ޙަރާމެއް ނޫނެވެ.
لأنَّ الطَّلاقَ في الحَيضِ في غيرِ الحاملِ مُخالِفٌ لقولِه تعالى:,އެހެނީ ބަނޑުބޮޑު ނުވެ ހުރި ޙައިޟުވެރިއަކު ވަރިކުރުމަކީ، الله ތަޢާލާގެ ބަސްފުޅާ ޚިލާފުވެގެންވާ ކަމެކެވެ. އެއީ އެއިލާހު ތަޢާލާގެ ބަސްފުޅަށްޓަކައެވެ:
﴿...فَطَلِّقُوهُنَّ لِعِدَّتِهِنَّ...﴾,"﴿...فَطَلِّقُوهُنَّ لِعِدَّتِهِنَّ...﴾
 މާނައީ: ""...ފަހެ އެކަނބަލުންގެ ޢިއްދައަށްވާ ގޮތަށް (ފެށޭގޮތުގައި ސުންނީ ވަރިޔަކުން) ތިޔަބައިމީހުން އެ ކަނބަލުން ވަރިކުރާށެވެ!..."""
[الطلاق:1]،,[ އައް-ޠަލާޤު: 1]،
أمَّا طلاقُ الحامِلِ حالَ الحَيضِ فلا يُخالِفُه؛ لأنَّ مَن طَلَّقَ الحاملَ فقَدْ طلَّقَها لِعِدَّتِها، سواءٌ كانَت حائِضًا أَمْ طاهِرًا؛ لأنَّ عِدَّتَها بالحَملِ؛,ދެންފަހެ މާބަނޑު މީހަކު ޙައިޟުގެ ޙާލަތުގައި ވަރިކުރުމީ، ފަހެ އެއިލާހުގެ ބަސްފުޅާ ޚިލާފުވާ ކަމެއް ނޫނެވެ. އެހެނީ މާބަނޑު މީހާ ވަރިކޮށްފިމީހާ، އޭނާ އެވަރިކުރީ ހަމަ އެކަނބުލޭގެ ޢިއްދައަށްވާ ގޮތަށެވެ. އެކަނބުލޭގެ ޙައިޟުވެފައި ހުއްޓަސް ނުވަތަ ޠާހިރުވެގެން ހުއްޓަސްމެއެވެ. އެހެނީ އެކަނބުލޭގެ ޢިއްދަ ބަލަނީ، މާބަޑުވެ ބަލިވެއިނުމުން ކަމުގައިވުމުންނެވެ.
ولذلِكَ لا يَحرُمُ عليه طلاقُها بعدَ الجِماعِ بخلافِ غيرِها.,އަދި އެހެންވެގެން، އެކަނބުލޭގެއާ ޖިމާޢުވުމަށްފަހުގައި ވަރިކުރުންވެސް ޙަރާމްވެގެން ނުވެއެވެ. އެއީ އެނޫން އަންހެނުންނާ ޚިލާފަށެވެ.
المَسألةُ الثانِيةُ: أنَّ حيضَ الحاملِ لا تَنقضي به عِدَّةٌ، بخلافِ حيضِ غيرِها؛,ދެވަނަ މައްސަލަ: ހަމަކަށަވަރުން މާބަނޑުމީހާ ޙައިޟުވުމަކުން އޭނާގެ ޢިއްދަ އެއިން ނިމިގެން ނުދެއެވެ. އެއީ އެނޫން އަންހެނުން ޙައިޟުވުމާ ޚިލާފަށެވެ.
لأنَّ عِدَّةَ الحامـلِ لا تَنقضي إلَّا بوضـعِ الحَملِ، سواءٌ كانَتْ تحيضُ أَمْ لا؛,އެހެނީ ވިހެއުމުން ނޫނީ މާބަނޑު މީހާގެ ޢިއްދަ ހަމަނުވާނެތީއެވެ. އެއީ އޭނާ ޙައިޟުވިޔަސް ނުވިޔަސްމެއެވެ.
لقولِه تعالى:,އެއީ އެއިލާހު ތަޢާލާގެ ބަސްފުޅަށްޓަކައެވެ:
﴿...وَأُوْلاَتُ الأَحْمَالِ أَجَلُهُنَّ أَن يَضَعْنَ حَمْلَهُنَّ...﴾,"﴿...وَأُوْلاَتُ الأَحْمَالِ أَجَلُهُنَّ أَن يَضَعْنَ حَمْلَهُنَّ...﴾
 މާނައީ: ""...އަދި މާބަނޑު އަންހެނުންގެ ޢިއްދައަކީ، އެ ކަނބަލުންގެ ބަނޑުގައިވާ ދަރި ވިހެއުމެވެ..."""
[الطلاق:4].,[އައް-ޠަލާޤު: 4].
الفصلُ الثالثُ: في الطَّوارِئِ على الحَيضِ,ތިންވަނަ ފަޞްލު: ޙައިޟުވުމުގެ މައްޗަށް ދިމާވާ އެކިއެކި ކަންކަން
الطَّوارئُ على الحَيضِ أنواعٌ:,ޙައިޟުވުމުގެ މައްޗަށް އަންނަ ބަދަލުތައްވަނީ އެކި ވައްތަރަށެވެ:
النوعُ الأوَّلُ: زِيادةٌ أو نَقـصٌ، مثلُ أَنْ تَكـونَ عادةُ المرأةِ سِتةَ أيـامٍ، فيستمِرُّ بها الدَّمُ إلى سَبعةٍ، أو تكونَ عادتُها سَبعةَ أيامٍ فَتَطْهُرُ لِسِتَّةٍ.,ފުރަތަމަ ވައްތަރު: އިތުރުވުން ނުވަތަ މަދުވުމެވެ. މިޘާލަކަށް: އަންހެނަކު ޙައިޟުވާ ޢާދައަކީ ހަ ދުވަސްކަމުގައި ވެފައި، ފަހެ ދެން ހަތް ދުވަސްވަންދެން ލޭ އައުން ދެމިއޮތުމެވެ. ނުވަތަ އެކަނބުލޭގެ ޢާދައަކީ ހަތް ދުވަސް ކަމުގައި ވެފައި، ފަހެ ދެން ހަ ދުވަހުން ޠާހިރުވުމެވެ.
النوعُ الثاني: تقدُّمٌ أو تأخُّرٌ، مثلُ أن تَكونَ عادتُها في آخرِ الشهرِ فترَى الحيضَ في أوَّلِه، أو تكونَ عادتُها في أوَّلِ الشهرِ فتراهُ في آخرِه.,ދެވަނަ ވައްތަރު: އިސްވުން ނުވަތަ ފަސްވުމެވެ. މިޘާލަކަށް: އަންހެނާގެ ޢާދައަކީ މަސް ނިމޭކޮޅުގައި ލޭ އައުން ކަމުގައިވެފައި، ފަހެ ދެން މަހުގެ ކުރީކޮޅުގައި ލޭ ފެނުމެވެ. ނުވަތަ އޭކަނބުލޭގެ ޢާދައަކީ މަހުގެ ކުރީކޮޅު ލޭ އައުންކަމުގައިވެފައި، ފަހެ ދެން މަހުގެ ފަހުކޮޅުގައި ލޭ ފެނުމެވެ.
وقدِ اختلفَ أهلُ العِلمِ في حُكمِ هذينِ النوعينِ، والصوابُ أنَّها متَى رأتِ الدمَ فهِيَ حائِضٌ، ومتَى طهُرَت مِنه فهيَ طاهرٌ، سواءٌ زادَت عن عادتِها أم نَقَصَتْ، وسواءٌ تقدَّمَت أَمْ تأخّرَت،,އަދި ގައިމު ޢިލްމުގެ އަހުލުވެރިންވަނީ މި ދެ ވައްތަރުގެ ޙުކުމާމެދު ޚިލާފުވެގެންނެވެ. އަދި ރަނގަޅު ގޮތަކީ: އެކަނބުލޭގެއަށް ކޮންމެ ހިނދަކުވެސް ލޭ ފެނިއްޖެނަމަ، އެކަނބުލޭގެއީ ޙައިޟުވެރިއެއް ކަމުގައިވުމެވެ. އަދި ކޮންމެ ހިނދަކުވެސް ލެއިން ޠާހިރުވެއްެޖެނަމަ، އެކަނބުލޭގެ އެވަނީ ޠާހިރުވެގެންކަމެވެ. އެއީ އެކަނބުލޭގެ ޢާދަކޮށް އަންނަ ގޮތަށްވުރެ އިތުރުވިޔަސް ނުވަތަ މަދުވިޔަސްމެއެވެ. އަދި އެއީ ލޭ ފެނުމުގެ ދުވަސްތައް އިސްވިޔަސް ނުވަތަ ފަސްވިޔަސްމެއެވެ.
وسبَقَ ذِكرُ الدليلِ على ذلكَ في الفصلِ قبلَه، حيثُ علَّقَ الشارعُ أحكامَ الحيضِ بوُجودِه.,އަދި އެކަމުގެ މައްޗަށްވާ ދަލީލު ބަޔާންކުރުން، ކުރީ ފަޞްލުގައި އިސްވެގޮސްފިއެވެ. އެއީ ޝަރުޢުކުރެއްވި ފަރާތުން ޙައިޟުގެ ޙުކުމްތައް، ޙައިޟު ވުޖޫދުވެގެންވުމާ ގުޅުއްވާފައިވުމުންނެވެ.
وهذا مذهبُ الشافعيِّ[14]، واختيارُ شيخِ الإسلامِ ابنِ تَيميَّةَ[15]، وقوَّاهُ صاحبُ المُغني فيه ونصَرَه وقالَ: ولو كانَتِ العادةُ مُعتبرةً على الوجهِ المَذكورِ في المذهَبِ لبَيَّنَه النبيُّ صلَّى الله عليه وسلَّم لُأمَّتِه ولمَّا وسِعَه تأخيرُ بيانِه؛,އަދި މިއީ އައްޝާފިޢީ[14] ގެ މަޛްހަބެވެ. އަދި ޝައިޚުލް-އިސްލާމް އިބްނު ތައިމިއްޔާގެވެސް އިޚްތިޔާރެވެ.[15] އަދި އަލް-މުޣުނީގެ ޞާޙިބު މި ބަސް ވަރުގަދަކުރައްވާ މިބަހަށް ނަޞްރުދެއްވިއެވެ. އަދި ވިދާޅުވިއެވެ: އަދި މަޛްހަބުގައި ގެނެވިފައިވާ ގޮތަށް، ޙައިޟުގެ ޢާދައަށް ބުރަދަންދެވި ބަލަން ޖެހޭނަމަ؛ ނަބީ ﷺ، އެކަލޭގެފާނުގެ އުއްމަތަށް އެކަން ބަޔާންކޮށްދެއްވީހެވެ. އަދި އެކަން ބަޔާންކުރެއްވުން ލަސްކުރެއްވުން ތަނަވަސްނުވީހެވެ.
إذ لا يَجوزُ تأخيرُ البَيَانِ عن وَقتِه، وأزواجُه وغيرُهنَّ منَ النساءِ يَحتَجْنَ إلى بيانِ ذلكَ في كلِّ وقتٍ، فلَمْ يكُنْ لِيُغْفِلَ بيانَه،,އެހެނީ ބަޔާންކުރަން ޖެހޭ ވަޤުތަށްވުރެ އެކަން ލަސްކުރުމަކީ، ހުއްދަވެގެންވާ ކަމަކަށް ނުވެއެވެ. އަދި އެކަލޭގެފާނުގެ އަނބިއަނބިކަނބަލުންނާއި، އެނޫން އަންހެނުންވެސް ކޮންމެ ވަޤުތެއްގައި އެކަމުގެ ބަޔާނަށް ބޭނުން ޖެހިގެންވެއެވެ. ފަހެ އެހެންކަމުން އެކަން ބަޔާންކުރެއްވުމުން އެކަލޭގެފާނު ޣާފިލުވެ ނުވީހެވެ.
وما جاءَ عنه صلَّى الله عليه وسلَّم ذِكرُ العَادةِ ولا بيانُها إلَّا في حقِّ المُسْتَحاضَةِ لا غيرَ[16]. اﻫ.,އަދި އިސްތިޙާޟާވާ އަންހެނާގެ ޙައްޤުގައި މެނުވީ، ޙައިޟުގެ ޢާދައެއްވެސް އަދި އެކަމުގެ ބަޔާނެއްވެސް އެކަލޭގެފާނު ﷺ ގެ އަރިހުން އައިސްފައި ނުވެއެވެ. (އިސްތިޙާޟާ ފިޔަވައި) އެހެން ކަމަކު އެހެން ނާދެއެވެ. [16]. އހ.
[14] الأم (82/1).,[14] އަލް-އުއްމު: (82/1).
[15] مجموع الفتاوى (238/19-239).,[15] މަޖުމޫޢުލް-ފަތާވާ: (238/19-239).
[16] المغني (396/1),[16] އަލް-މުޣުނީ: (396/1)
النوعُ الثالثُ: صُفْرَةٌ أو كُدْرَةٌ، بحيثُ تَرى الدمَ أَصْفَرَ كماءِ الجُروحِ أو مُتَكَدِّرًا بينَ الصُّفرةِ والسَّوادِ، فهذا إن كانَ في أثناءِ الحيضِ أو مُتَّصِلًا به قبلَ الطُّهرِ فهو حيضٌ نُثْبِتُ له أحكامَ الحيضِ، وإِنْ كانَ بعدَ الطُّهرِ فليسَ بحيضٍ؛ لقولِ أُمِّ عطيةَ رضي الله عنها:,ތިންވަނަ ވައްތަރު: ރީނދޫ ކުލައިގެ ނުވަތަ ކިސަޑު ކުލައިގެ އެއްޗެއް ފެނުމެވެ. އެގޮތުން ޒަޚަމްތަކުން އަންނަ ދިޔަފަދައިން، ރީނދޫ ކުލައަކަށް ނުވަތަ ރީނދޫ ކުލައާއި ކަޅުކުލައާ ދެމެދު ކުލައަކަށް ކިލަނބުކޮށް ލޭ ފެނުމެވެ. ފަހެ މިހެން ފެނުނީ ޙައިޟުގެ ތެރޭގައިނަމަ، ނުވަތަ ޙައިޟުގެ ދުވަސްވަރާ ގުޅިގެންވާ ގޮތަށް ޠާހިރުވުމުގެ ކުރިންނަމަ؛ ފަހެ އެއީ ޙައިޟެވެ. އެއަށް އަހަރުމެން ޘާބިތުކުރަނީ ޙައިޟުގެ ޙުކުމްތަކެވެ. އެހެން ފެނުނީ ޠާހިރުވުމުގެ ފަހުންކަމުގައިވާނަމަ، ފަހެ އެއީ ޙައިޟެއް ނޫނެވެ. އެއީ އުއްމު ޢަޠިއްޔާ رضي الله عنها ގެ ބަސްފުޅަށްޓަކައެވެ:
"""كُنَّا لَا نَعُدُّ الصُّفْرَةَ وَالْكُدْرَةَ بَعْدَ الطُّهْرِ شَيْئًا"".","""ޠާހިރުވުމަށްފަހުގައިވާ ރީނދޫކުލަޔާއި ކިސަޑުކުލައިގެ ދިޔަ އެއީ އެއްޗެއްކަމުގައި އަހަރުމެން ނުގުނަމެވެ.""
(އެބަހީ: ޙައިޟުން ޠާހިރުވުމަށްފަހުގައި، ދެން އަންނަ ރީނދޫކުލަޔާއި ކިސަޑުކުލައިގެ ދިޔަ އެއީ ޙައިޟު ލޭ ކަމުގައި ނުބަލާ ކަމުގައެވެ.)"
رواه أبو داود بسندٍ صحيحٍ[17]،,އެރިވާކުރެއްވީ އަބޫ ދާވޫދު ޞައްޙަ ސަނަދަކުންނެވެ. [17].
ورواهُ أيضًا البخاريُّ بدونِ قولِها: (بعدَ الطُّهرِ)، لكِنَّه ترجَمَ له بقولِه: بابُ الصُّفرة والكُدرة في غيرِ أيامِ الحيضِ[18].,"އަދި އަލް-ބުޚާރީވެސް އެބަސްފުޅު: ""ޠާހިރުވުމުގެ ފަހުން"" މިތަންކޮޅު ނުލައި ރިވާކުރެއްވިއެވެ. ނަމަވެސް ބާބުގެ ތަރުޖަމާގައި އެކަލޭގެފާނު އެހެން ގެންނަވާ ވިދާޅުވިއެވެ: ""ޙައިޟުގެ ދުވަސްވަރު ނޫން ދުވަސްތަކުގައި ރީނދޫކުލަޔާއި ކިސަޑުކުލައިގެ ދިޔަ ފެނުމުގެ ވާހަކަ ނަންގަނެވުނު ބާބު."" މިއެވެ. [18]."
[17] أخرجه أبو داود: كتاب الطهارة، باب في المرأة ترى الكدرة والصفرة بعد الطهر، رقم (307).,[17] މި ރިވާޔަތް ނެރުއްވީ އަބޫ ދާވޫދު، ކިތާބުއް-ޠަހާރާގެ، ޠާހިރުވުމަށްފަހު އަންހެނާއަށް ކިސަޑުކަމާއި ރީނދޫކަން ފެނުމުގެ ބާބުގައި، ނަމްބަރު 307 ގައެވެ.
[18] أخرجه البخاري: كتاب الحيض، باب الصفرة والكدرة في غير أيام الحيض، رقم (326).,[18] މި ރިވާޔަތް ނެރުއްވީ އަލް-ބުޚާރީ، ކިތާބުލް-ޙައިޟުގެ، ޙައިޟު ނޫން ދުވަސްތަކުގައި ރީނދޫކަމާއި ކިސަޑުކަން ފެނުމުގެ ބާބުގައި، ނަމްބަރު 326 ގައެވެ.
قالَ في شرحِه فتح الباري: «يُشيرُ بذلِكَ إلى الجمعِ بينَ حديثِ عائِشةَ المتقدِّمِ في قولِها: حتَّى تريْنَ القَصةَ البيضاءَ.,"އެބަސްފުޅުގެ ޝަރަޙާގައި ފަތުޙުލް-ބާރީގައި (އިބްނު ޙަޖަރު) ވިދާޅުވިއެވެ:
 ""އެއިން އެކަލޭގެފާނު އެ އިޝާރާތްކުރައްވަނީ، އިސްވެދިޔަ ޢާއިޝާގެ ޙަދީޘްގައިވާ: 'ކަނބުލޭގެއަށް (ޙައިޟުގެ ލެޔަށް ފަހު) ހުދުކުލައަށް ދާ ފެން ފެނިއްޖައުމަށް ދާންދެނެވެ.' މިޙަދީޘްއާއި،"
وبينَ حديثِ أُمِّ عَطيةَ المذكورِ في البابِ، بأنَّ ذلكَ -أَيْ: حديث عائشةَ- محمولٌ على ما إذا رأتِ الصُّفرةَ والكدرةَ في أيامِ الحيضِ، وأمَّا في غيرِها فعلى ما قالَتْ أُمُّ عطيةَ»[19]. اﻫ.,"އަދި މި ބާބުގައި ބަޔާންވެގެންވާ އުއްމު ޢަޠިއްޔާގެ ޙަދީޘް (މިދެޙަދީޘް) ޖަމްޢު ކުރުމަށެވެ. އެއީ އެ ޙަދީޘް -އެބަހީ: ޢާއިޝާގެ ޙަދީޘް- ނެގެނީ ޙައިޟުގެ ދުވަސްވަރުގައި ރީނދޫކަމަކާއި ކިސަޑުކަމެއް ފެނުމުގެ މައްޗަށް ކަމުގައެވެ. އަދި ޙައިޟުގެ ދުވަސްވަރު ނޫން ދުވަސްތަކެއްގައި ފެނިއްޖެނަމަ، ފަހެ އެވަނީ އުއްމު ޢަޠިއްޔާ ވިދާޅުވި ގޮތުގެ މައްޗަށް ކަމުގައެވެ."" [19]. އހ."
[19] فتح الباري (1/ 426).,[19] ފަތުޙުލް-ބާރީ (426/1).
وحديثُ عائشةَ الذي أشارَ إليه هو ما علَّقَهُ البخاريُّ جازمًا به قبلَ هذا البابِ[20]، أنَّ النساءَ كُنَّ يَبعَثْنَ إليها بالدرجةِ (شيءٌ تَحتَشي به المَرأةُ لتَعرفَ هل بَقِيَ من أثرِ الحيضِ شيءٌ) فيها الكُرسفُ (القُطنُ) فيه الصفرَةُ فتقولُ:,އެ އިޝާރާތްކުރެއްވި ޢާއިޝާގެ ޙަދީޘަކީ، މި ބާބުގެ ކުރިން އަލް-ބުޚާރީ މުޢައްލަޤުކޮށް (ސަނަދު ނުލައި) ޔަޤީންކޮށް ގެންނަވާފައިވާ ބަސްފުޅެވެ. [20] އެއީ އަންހެންތަކުން އެކަމަނާގެ އަރިހަށް ދުރްޖާ (ޙައިޟުގެ އެއްވެސް އަޘަރެއް ބާކީވެ ހުރިތޯ ބެލުމަށް އަންހެނާ ލާ އެއްޗެއް) އޭގައި ރީނދޫކުލައިގެ ދިޔަ ހުރި ކަފަގަނޑު ލާފައި ފޮނުވާކަމަށެވެ. ދެން އެކަމަނާ ވިދާޅުވެއެވެ:
«لا تَعْجَلْنَ حَتَّى تَرَيْنَ القَصةَ البَيضاءَ»[21].,"""ހުދުކުލަޔަށްދާ ދިޔަ ފެނިއްޖައުމަށް ދާންދެން ތިޔަ ކަނބަލުން އަވަސްވެނުގަންނާށެވެ."" [21]."
[20] صحيح البخاري (1/ 71).,[20] ޞަޙީޙުލް-ބުޚާރީ (71/1).
[21] علقه البخاري: كتاب الحيض، باب إقبال المحيض وإدباره، قبل حديث رقم (320).,[21] މި ރިވާޔަތް މުޢައްލަޤުކޮށް އަލް-ބުޚާރީ ގެންނެވީ ކިތާބުލް-ޙައިޟުގެ، ޙައިޟު އައުމާއި ދިޔުމުގެ ވާހަކަ ނަންގަނެވުނު ބާބުގައި، ޙަދީޘް ނަމްބަރު 320 ގެ ކުރިންނެވެ.
والقَصَّةُ البَيضاءُ ماءٌ أبيَضُ يدفَعُهُ الرَّحِمُ عندَ انقِطاعِ الحَيضِ.,އަދި ރަޙިމުން އަންނަ ހުދު ތެތްކަމަކީ: މައްސަރުކަންތައް ހުއްޓޭހިނދު ރަޙިމުން ބޭރުކޮށްލާ ހުދު ފެނެކެވެ.
النوعُ الرابعُ: تَقَطُّعٌ في الحَيضِ، بحيثُ تَرَى يومًا دَمًا، ويومًا نَقَاءً ونحو ذلك فهذانِ حالانِ:,ހަތަރުވަނަ ވައްތަރު: ޙައިޟުގެ ލޭ ކެނޑިކެނޑިގެން އައުމެވެ. އެގޮތުން އެއް ދުވަހު ލޭ ފެނިފައި، އަދި އަނެއް ދުވަހު ސާފުކޮށް ހުރެފައި މިފަދަ ގޮތަކަށެވެ. ފަހެ މިކަން ވަނީ ދެ ޙާލަތަކަށެވެ:
الحالُ الأُولى: أن يَكونَ هذا معَ الُأنثى دائمًا كُلَّ وقتِها، فهذا دَمُ اسْتِحَاضَةٍ يَثْبُتُ لِمَن تَراهُ حُكمُ المُسْتَحَاضَةِ.,ފުރަތަމަ ޙާލަތް: އަންހެނާގެ ހުރިހާ ވަޤުތެއްގައި އަބަދުވެސް މިހެންވުމެވެ. ފަހެ އެހެންނަމަ މިއީ އިސްތިޙާޟާގެ ލެޔެވެ. އެގޮތަށް ފެންނަ މީހާއަށް އިސްތިޙާޟާގެ ޙުކުމް ޘާބިތުވެ ހިނގާނެއެވެ.
الحالُ الثانيةِ: ألَّا يكونَ مُستمِرًّا معَ الُأنثى، بَل يَأتيها بعضَ الوقتِ، ويكون لها وقتُ طُهرٍ صحيحٍ. فقَدِ اختلفَ العُلماءُ رَحِمَهُم الله في هذا النَّقاءِ. هل يَكونُ طُهرًا أو يَنسَحِبُ عليه أحكامُ الحيضِ؟,ދެވަނަ ޙާލަތް: އަންހެނާއަށް އަބަދުމެ އެގޮތަށް ކަން ނުވުމެވެ. ކިއެއްތަ، ބައެއް ވަޤުތުތަކުގައި އެހެންވެފައި، އަދި ހަމަ ރަނގަޅަށް ޠާހިރުވާ ވަޤުތެއްވެސް އޭނާއަށްވުމެވެ. ފަހެ ޢިލްމުވެރިން رحمهم الله މި ގޮތަށް ޠާހިރުވާ ވަޤުތާމެދު އިޚްތިލާފުވިއެވެ. އެއީ ހަމަ ޠާހިރުވުންކަމުގައި ބެލެވޭނެ ވަޤުތެއްތޯ ނުވަތަ އޭގެ މައްޗަށް ހިނގާނީ ހަމަ ޙައިޟުގެ ޙުކުމްތައް ހެއްޔެވެ؟
فمذهَبُ الشافعيِّ في أصحِّ قولَيْه أنَّه ينسحبُ عليه أحكامُ الحيضِ، فيكونُ حيضًا[22]، وهو اختيارُ شيخِ الإسلامِ ابنِ تيميَّةَ وصاحِبِ الفائِق[23]، ومذهَبُ أبي حَنيفةَ[24]،,ފަހެ އެގޮތުން އައް-ޝާފިޢީގެ މަޛްހަބުގައި ދެ ޤަޥްލުންކުރެ އެންމެ ޞައްޙަ ޤަޥްލުގައިވަނީ: އޭގެ މައްޗަށް ޙައިޟުގެ ޙުކުމްތައް ހިންގޭނެކަމަށެވެ. އެގޮތުން އެވާނީ ހަމަ ޙައިޟުކަމުގައެވެ. [22] މިއީ ޝައިޚުލް-އިސްލާމް އިބްނު ތައިމިއްޔާއާއި އަދި އަލް-ފާއިޤު ލިޔުއްވި ޞާޙިބުގެވެސް އިޚްތިޔާރެވެ. [23] އަދި އަބޫ ޙަނީފާގެވެސް މަޛްހަބެވެ. [24].
وذلكَ لأنَّ القَصَّةَ البَيضاءَ لا تُرَى فيه؛ ولأنَّه لو جُعِلَ طُهرًا لكانَ ما قَبْلَهُ حَيضةً، وما بَعْدَهُ حَيضةً، ولا قائِلَ بهِ، وإلَّا لانقضَتِ العِدَّةُ بِالقُرءِ بخَمسةِ أيامِ؛,އަދި އެހެނީ އެގޮތަށް ސާފުކޮށް ފެންނަ ވަޤުތުތަކުގައި، ހުދުކުލައިގެ ތެތްކަން ނުފެންނާތީއެވެ. އަދި އެހެނީ އެއީ ޠާހިރުވާ ވަޤުތެއްކަމުގައި ހެދިއްޖެނަމަ، އޭގެ ކުރިންވީ ލެޔާއި އޭގެ ފަހުންވާ ލޭވެސް ޙައިޟުކަމުގައިވީހެވެ. އެހެން ބުނާ އެއްވެސް މީހަކު ނެތެވެ. އަދި އެހެންނޫންނަމަ ފަސް ދުވަސް ތެރޭގައި (ވަރީގެ) ޢިއްދައިގެ ޙައިޟު ހަމަވެގެން ނިމުނީހެވެ.
ولأنَّه لو جُعِلَ طُهرًا لحَصَلَ به حَرَجٌ ومَشَقَّةٌ بالاغتِسالِ وغيرِه كُلَّ يومينِ، والحَرَجُ مُنْتَفٍ في هذه الشَّريعةِ، وللَّهِ الحمدُ.,އެހެނީ އެއީ ޠުހުރެއްކަމުގައި ބަލައިފިނަމަ، ކޮންމެ ދެ ދުވަހަކުން ހިނައިގަތުމާއި އަދިވެސް ކިތަންމެ ކަމަކާހުރެ ދަތި އުނދަގުލާއި ބުރަކަން ކުރިމަތިވާނެތީއެވެ. އަދި މި ޝަރީޢަތުގައި ދަތިކަމެއްވުންވަނީ ނަފީވެގެންނެވެ. އަދި ޙަމްދު ހުރީ ﷲ އަށެވެ.
[22] الأم (1/ 83-84).,[22] އަލް-އުއްމު (1/ 83-84).
[23] نقل عنهن في الإنصاف.,[23] އަލް-އިންޞާފު ފޮތުގައި އެފަދައިން ނަޤުލުކުރެއްވިއެވެ.
[24] الأصل (19/2-20),[24] އަލް-އަޞްލު: (2/ 19-20).
والمَشهورُ مِن مَذهبِ الحَنابلةِ أنَّ الدَّمَ حَيضٌ والنَّقَاءَ طُهْرٌ إلَّا أَنْ يَتجاوَزَ مَجموعُهما أكثرَ الحيضِ، فيَكونُ الدَّمُ المُتَجاوزُ اسْتِحَاضَةً[25].,އަދި ޙަންބަލީ މަޛްހަބުގެ މަޝްހޫރު ރައުޔަކީ: އެގޮތަށް ފެންނަ ލެޔަކީ ހަމަ ޙައިޟު ކަމުގައެވެ. އަދި ލޭ ނުފެންނަ ސާފުކޮށްވާ ދުވަސްތަކަކީ ޠުހުރު ކަމުގައެވެ. އެއީ ދެބައި އެއްކޮށްލައިިގެން ޙައިޟުގެ އެންމެ ގިނަ ދުވަސްތައް ކަމުގައި ކަނޑައެޅިގެންވާ ދުވަސްތަކަށްވުރެ އިތުރުވެއްޖެއްޔާ މެނުވީއެވެ. ފަހެ އެހިނދުން އެ މުއްދަތަށްވުރެ އިތުރަށް އައިސްފައިވާ ލޭ ވާނީ އިސްތިޙާޟާކަމުގައެވެ. [25].
[25] المغني (226/1).,[25] އަލް-މުޣުނީ (226/1).
وقالَ في المُغنِي: «يَتوجَّهُ أنَّ انقطاعَ الدَّمِ متَى نَقَصَ عنِ اليومِ فليسَ بِطُهرٍ بِناءً على الرِّوايةِ الَّتي حكَيْناها في النِّفَاسِ أنَّها لا تَلتَفِتُ إلى ما دُونَ اليومِ وهوَ الصحيحُ -إِنْ شاءَ الله- لأنَّ الدَّمَ يَجرِي مَرَّةً وينقطِعُ أُخرَى، وفي إيجابِ الغُسلِ على مَن تَطَهَّرَ ساعةً بعدَ ساعةٍ حَرَجٌ يَنْتَفِي؛ لقولِه تعالى:,"އަދި އަލް-މުޣްނީގައި ވިދާޅުވެފައިވެއެވެ: ""އެކަން ނެގޭގޮތަކީ: ލޭ އައުން ހުއްޓުނީ އެއްދުވަހަށްވުރެ މަދު މުއްދަތެއްގައި އައިސްފައިނަމަ ފަހެ އެއީ ޠުހުރެއް ކަމުގައި ނުވާނެއެވެ. އެއީ ނިފާސްގެ ލެޔާމެދު އަހަރުމެން ގެނައި ރިވާޔަތް: އެއް ދުވަހަށްވުރެ މަދުން އަންނަ އެއްޗަކަށް ފަސްއެނބުރި ބެލުމެއްނެތްކަމުގައިވާ ރިވާޔަތަށް ބިނާކޮށެވެ. އަދި ޞައްޙަ ބަހަކީވެސް إن شاء الله އެޔެވެ. އެހެނީ ލޭ ބައެއްފަހަރު ހިނގާފައި، އަދި އަނެއްބައި ފަހަރު ހުއްޓެއެވެ. އަދި ގަޑިޔަކުން ގަޑިޔަކަށް ލޭ ފެނިފައި ޠާހިރުވާ އަންހެނާގެ މައްޗަށް ހިނައިގަތުން ވާޖިބުކުރުމީ (ޝަރީޢަތުގައި) ނަފީވެގެންވާފަދަ ދަތިކަމެކެވެ. އެއީ ﷲ ތަޢާލާގެ ބަސްފުޅަށްޓަކައެވެ:"
﴿...وَمَا جَعَلَ عَلَيۡكُمۡ فِي ٱلدِّينِ مِنۡ حَرَجٖۚ...﴾,"﴿...وَمَا جَعَلَ عَلَيۡكُمۡ فِي ٱلدِّينِ مِنۡ حَرَجٖۚ...﴾
 މާނައީ: ""...އަދި އެއިލާހު، ދީނުގައި ތިޔަބައިމީހުންގެ މައްޗަށް އެއްވެސް ދަތިކަމެއް ނުލައްވަތެވެ..."""
[الحج:78]،,[އަލް-ޙައްޖު: 78].
قالَ: فعلَى هذا لا يكونُ انقطاعُ الدَّمِ أقلَّ مِن يومٍ طُهرًا إلَّا أَنْ تَرى ما يدلُّ عليه مِثل أَنْ يكونَ انقِطاعُه في آخِرِ عادتِها أو تَرَى القَصَّةَ البَيضاءَ»[26] اﻫ.,"ވިދާޅުވިއެވެ: ""މިކަމުގެ މައްޗަށް، އެއް ދުވަހަށްވުރެ ކުރު މުއްދަތަކަށް ލޭ ކެނޑުމަކީ ޠުހުރު ކަމުގައި ނުވާނެއެވެ. އެގޮތަށް ލޭ ހުއްޓުނީ، ޢާދަކޮށް ޙައިޟުވާ ދުވަސްތައް ނިމޭހިނދުކަމުގައިވުން ނުވަތަ ހުދުކުލައިގެ ފެން އައުންފަދަ ޠާހިރުވުމެއްކަމުގެ މައްޗަށް ދަލީލުކުރާ ކަމެއް ފެނިއްޖެނަމަ މެނުވީއެވެ."" [26] އހ."
[26] المغني (257/1).,[26] އަލް-މުޣުނީ (257/1).
فيكـونُ قـولُ صاحِبِ المُغنِي هـذا وسَطًا بين القـولينِ، واللَّهُ أعلَمُ بالصَّوابِ.,ފަހެ އެހެންކަމުން އަލް-މުޣުނީގެ މުޞައްނިފުގެ ޤަޥްލަކީ، ދެ ޤަޥްލުގެ ދެމެދުގައިވާ މެދުމިން ޤަޥްލުކަމުގައިވެއެވެ. އަދި ރަނގަޅު ގޮތް ދެނެވޮޑިގެންވަނީ ﷲ އެވެ.
النوعُ الخامسُ: جَفَافٌ في الدَّمِ بحيثُ تَرَى الُأنثى مُجَرَّدَ رُطُوبةٍ فهذا إن كانَ في أثناءِ الحَيضِ أو مُتَّصِلًا به قبلَ الطُّهْرِ فهذا حَيضٌ، وإن كانَ بعدَ الطُّهْرِ فليسَ بحَيضٍ؛,ފަސްވަނަ ވައްތަރު: ލޭގައި ހިކިކަމެއް ހުރުމެވެ. އެގޮތުން އެކަނބުލޭގެއަށް ފެންނަނީ ހަމައެކަނި ތެތްކަމެކެވެ. މިކަންވަނީ ޙައިޟުގެ ދުވަސްވަރުގައި ކަމުގައިވާނަމަ، ނުވަތަ ޠުހުރުގެ ކުރިން ޙައިޟާ ގުޅިގެންވާ ގޮތަށްނަމަ، ފަހެ މިއީ ޙައިޟެވެ. އެއީ ޠާހިރުވުމަށް ފަހުގައި ވާކަމެއްނަމަ، ފަހެ އެއީ ޙައިޟެއް ނޫނެވެ.
لأنَّ غايةَ حالِهِ أن يَلحَقَ بالصُّفْرَةِ والكُدْرَةِ، وهذا حُكمُها.,އެހެނީ އެ ތެތްކަމުގައި އެންމެ ބޮޑަށްވެސް ވާ ޙާލަތަކީ، ރީނދޫކަމާއި ކިސަޑުކަމާ ގުޅުވާލުމެވެ. އަދި މިއީ އޭގެ ޙުކުމެވެ.
الفصلُ الرابعُ: في أحكامِ الحَيضِ,ހަތަރުވަނަ ފަޞްލު: ޙައިޟާ ބެހޭ ޙުކުމްތައް
للحَيضِ أَحكامٌ كَثيرةٌ تَـزيدُ عنِ العِشرينَ نَذكُـرُ منها ما نَـراهُ كَثيرَ الحاجةِ فمِن ذلكَ:,ވިއްސަށްވުރެވެސް އިތުރުވާ ގިނަ ޙުކުމްތަކެއް ޙައިޟަށް ވެއެވެ. އަހަރުމެން އޭގެ ތެރެއިން ގިނައިން ޙާޖަތްޖެހޭކަމަށް ފެންނަ ޙުކުމްތައް ޛިކުރުކޮށްލާނަމެވެ. ފަހެ އެގޮތުން އޭގެ ތެރޭގައި ވެއެވެ:
الأوَّلُ: الصَّلاةُ: فيَحرُمُ على الحائضِ الصلاةُ فَرْضُها ونَفْلُها، ولا تصِحُّ منها، وكذلكَ لا تجبُ عليها الصلاةُ إلَّا أَنْ تُدرِكَ مِن وقتِها مِقدارَ رَكعةٍ كامِلةٍ، فتجِبُ عليها الصلاةُ حينَئِذٍ سواءٌ أدرَكَت ذلكَ مِن أَوَّلِ الوقتِ أو مِن آخِرِه.,ފުރަތަމައީ: ނަމާދެވެ. ފަހެ އެގޮތުން ޙައިޟުވެރިޔާގެ މައްޗަށް ނަމާދުކުރުން ޙަރާމްވެގެންވެއެވެ. އެއީ ނަމާދުގެ ފަރުޟު ނަމާދުވެސް އަދި ސުންނަތް ނަމާދުވެސް މެއެވެ. އަދި އެކަނބުލޭގެ ކިބައިން އެކަން ޞައްޙަވެސް ނުވާނެއެވެ. އަދި އެފަދައިންމެ އެކަނބުލޭގެ މައްޗަށް ނަމާދުކުރުން ވާޖިބުވެސް ނުވެއެވެ. އެކަމަކު އެއީ ނަމާދުގެ ވަޤުތުން ފުރިހަމަ ރަކްޢަތެއް ކުރެވޭނެހާ ވަޤުތު (ޙައިޟުނުވެ ހުއްޓާ ނުވަތަ ޙައިޟުން ޠާހިރުވެފައި ހުއްޓާ) ލިބިއްޖެއްޔާ މެނުވީއެވެ. އެހިނދުން އެ ނަމާދުކުރުން އެކަނބުލޭގެ މައްޗަށް ވާޖިބުވެގެންވެއެވެ. އެއީ ވަޤުތުގެ ކުރީކޮޅުން ނުވަތަ ފަހުކޮޅުން ލިބުނަސްމެއެވެ.
مثالُ ذلكَ مِن أوَّلِه: امرأةٌ حاضَت بعدَ غُرُوبِ الشمسِ بمِقدارِ رَكعةٍ فيَجِبُ عليها إذا طَهُرَت قَضاءُ صلاةِ المغرِبِ لأنَّها أدركَتْ مِن وقتِها قَدْرُ ركعةٍ قبلَ أَنْ تحِيضَ.,އޭގެ ކުރީކޮޅުން ލިބުމުގެ މިޘާލަކީ: އިރުއޮއްސި، އެއްރަކްޢަތް ކުރެވޭނެހާ ވަޤުތު ލިބުމަށް ފަހު ޙައިޟުވީ އަންހެނެކެވެ. ފަހެ އެކަނބުލޭގެ ޙައިޟު ރަނގަޅުވެ ޠާހިރުވުމުން، މަޣުރިބު ނަމާދު ޤަޟާކުރަން ޖެހޭނެއެވެ. އެހެނީ އެކަނބުލޭގެ ޙައިޟުވުމުގެ ކުރިން، އެ ނަމާދުގެ ވަޤުތުން ރަކުޢަތެއް ކުރާނޭ ވަޤުތު ލިބިފައިވީތީއެވެ.
ومِثالُ ذلكَ مِن آخِرِه: امرأةٌ طَهُرَتْ مِنَ الحيضِ قبلَ طُلوعِ الشمسِ بمِقدارِ رَكعةٍ فيَجبُ عليها إذا تَطهَّرَت قضاءُ صلاةِ الفجرِ؛ لأنَّها أدْرَكَتْ مِن وقتِها جُزءًا يتَّسِعُ لرَكعةٍ.,އަދި އޭގެ ފަހުކޮޅުން ލިބުމުގެ މިޘާލަކީ: އިރުއެރުމުގެ ކުރިން، އެއްރަކްޢަތް ކުރެވޭނެހާ ވަޤުތު އޮއްވާ ޙައިޟު ރަނގަޅުވެ ޠާހިރުވި އަންހެނެކެވެ. ދެންފަހެ އެކަނބުލޭގެ ޠާހިރުވާހިނދުން، ފަތިސް ނަމާދު ޤަޟާކުރުން ވާޖިބުވެގެންވެއެވެ. އެހެނީ އެ ނަމާދުގެ ވަޤުތުން އެއްރަކްޢަތް އަދާކުރުމަށް ތަނަވަސް ވަޤުތުކޮޅެއް އެކަނބުލޭގެއަށް ލިބިފައިވީތީއެވެ.
أمَّا إذا أدْرَكَتِ الحائضُ منَ الوقتِ جُزءًا لا يَتَّسِعُ لرَكعةٍ كاملةٍ، مثل أَنْ تَحيضَ في المثالِ الأوَّلِ بعدَ الغُروبِ بلَحظةٍ أو تَطْهُرَ في المثالِ الثاني قبلَ طُلوعِ الشمسِ بلَحظةٍ،,ދެންފަހެ ފުރިހަމަ ރަކްޢަތެއް ކުރުމަށް ތަނަވަސްވާ ވަޤުތުކޮޅެއް ޙައިޟުވެރިޔާއަށް ނުލިބޭނަމަ، މިޘާލަކަށް ފުރަތަމަ ދިޔަ މިޘާލުގައި: އިރުއޮއްސުނުތާ ހަމަ އިރުކޮޅެއްވިތަނާ ޙައިޟުވެއްޖެނަމަ، ނުވަތަ ދެވަނަ މިޘާލުގައި، އިރުއެރުމުގެ ހިނދުކޮޅެއް ކުރިން ޠާހިރުވެއްޖެނަމަ؛
فإنَّ الصلاةَ لا تجبُ عليها؛ لقولِ النبيِّ صلَّى اللَّهُ عليه وسلَّم:,ފަހެ އެ އަންހެނާގެ މައްޗަށް ނަމާދު ވާޖިބުވެގެން ނުވެއެވެ. އެއީ ނަބީ ﷺ ގެ ބަސްފުޅަށްޓަކައެވެ:
«مَنْ أَدْرَكَ رَكْعَةً مِنَ الصَّلَاةِ فَقَدْ أَدْرَكَ الصَّلَاةَ».,"""ނަމާދުން ރަކްޢަތެއް މީހަކަށް ލިބިއްޖެނަމަ، ފަހެ ހަމަގައިމު އެނަމާދު އޭނާއަށް ލިބިއްޖެއެވެ."""
متَّفقٌ عليه[27]،,މުއްތަފަޤުން ޢަލައިހި (ބުޚާރީއާއި މުސްލިމް ނެރުއްވާ އެއްބަސްވެވިފައިވާ ޙަދީޘެކެވެ.) [27].
فإنَّ مَفهومَه أنَّ مَن أدرَكَ أقَلَّ مِن رَكعةٍ لَمْ يكُنْ مُدرِكًا للصلاةِ.,ފަހެ އޭގެ އިދިކޮޅު މަފުހޫމަކީ، އެއްރަކުޢަތަށްވުރެ މަދުން ލިބިއްޖެ މީހަކަށް، ނަމާދު ލިބުނު މީހެއް ކަމުގައި ނުވާނޭކަމެވެ.
[27] أخرجه البخاري: كتاب مواقيت الصلاة، باب من أدرك من الصلاة ركعة، رقم (580). ومسلم: كتاب المساجد ومواضع الصلاة، باب من أدرك ركعة من الصلاة فقد أدرك تلك الصلاة، رقم (607)، من حديث أبي هريرة رضي الله عنه.,[27] މި ޙަދީޘް ނެރުއްވީ އަލް-ބުޚާރީ، ކިތާބު މަވާޤީތު އައް-ޞަލާތުގައި، ނަމާދުން ރަކްޢަތެއް ލިބިއްޖެ މީހާގެ ވާހަކަ ނަންގަނެވުނު ބާބުގައި، ނަމްބަރު 580 ގައެވެ. އަދި މުސްލިމް، ކިތާބު އަލް-މަސާޖިދު ވަމަވާޟިޢު އައް-ޞަލާތުގައި، ނަމާދުން ރަކްޢަތެއް ލިބިއްޖެ މީހާ ފަހެ އެ ނަމާދު ލިބުނީކަން ނަންގަނެވުނު ބާބުގައި، ނަމްބަރު 607 ގައެވެ. އެއީ އަބޫ ހުރައިރާ رضي الله عنه ގެ ޙަދީޘުންނެވެ.
وإذا أدركَتْ رَكعةً مِن وقتِ صلاةِ العصرِ فهَلْ تَجبُ عليها صلاةُ الظهرِ معَ العصرِ، أو أدرَكَت رَكعةً مِن وقتِ صلاةِ العِشاءِ الآخِرةِ، فهَلْ تَجبُ عليها صلاةُ المغرِبِ معَ العِشاءِ؟,އަދި ޢަޞްރު ނަމާދުގެ ވަޤުތުން ރަކްޢަތެއް ކުރެވޭ މިންވަރު އެކަނބުލޭގެއަށް ލިބިއްޖެނަމަ، ދެންފަހެ ޢަޞްރު ނަމާދާއެކު މެންދުރު ނަމާދުކުރުންވެސް އެކަނބުލޭގެއަށް ވާޖިބުވާނޭހެއްޔެވެ؟ ނުވަތަ ޢިޝާ ނަމާދު ވަޤުތުން ރަކްޢަތެއް ކުރެވޭނެހާ މިންވަރު އެކަނބުލޭގެއަށް ލިބިއްޖެނަމަ، ޢިޝާ ނަމާދާއެކު މަޣުރިބު ނަމާދުކުރުންވެސް އެކަނބުލޭގެއަށް ވާޖިބުވާނޭހެއްޔެވެ؟
في هذا خلافٌ بينَ العُلماءِ، والصوابُ أنَّها لا يجبُ عليها إلَّا ما أدرَكَتْ وقتَه، وهيَ صلاةُ العصرِ والعِشاءِ الآخرةِ فقَطْ؛ لقولِه صلَّى الله عليه وسلَّم:,މިކަމުގައި ޢިލްމުވެރިންގެ މެދުގައި ޚިލާފެއްވެއެވެ. އަދި ރަނގަޅު ބަހަކީ: އެ ނަމާދެއްގެ ވަޤުތު ލައްވާލި ނަމާދެއް ކުރުން މެނުވީ އެކަނބުލޭގެ މައްޗަށް ވާޖިބުވެގެން ނުވުމެވެ. އަދި އެއީ (ދެންމެ ދިޔަ މިޘާލުގައި) ޢަޞްރު ނަމާދު އަދި ޢިޝާ ނަމާދު ފަހު ވަޤުތު އެކަންޏެވެ. އެއީ ނަބީ ﷺ ގެ ޙަދީޘަށްޓަކައެވެ:
«مَنْ أَدْرَكَ رَكْعَةً مِنَ الْعَصْرِ قَبْلَ أَنْ تَغْرُبَ الشَّمْسُ فَقَدْ أَدْرَكَ الْعَصْرَ».,"""އިރު އޮއްސުމުގެ ކުރިން ޢަޞްރު ނަމާދުގެ ރަކްޢަތެއް ލިބިގަނެއްޖެ މީހާ، ފަހެ ގައިމު ޢަޞްރު ނަމާދު އޭނާއަށް ލިބިއްޖެއެވެ."""
متّفقٌ عليه[28]،,މުއްތަފަޤުން ޢަލައިހި (ބުޚާރީއާއި މުސްލިމް ނެރުއްވާ އެއްބަސްވެވިފައިވާ ޙަދީޘެކެވެ.) [28].
لم يقُلِ النبيُّ صلَّى اللَّهُ عليه وسلَّم: فقَـدْ أدرَك الظُّهـرَ والعَصرَ.,އޭނާއަށް މެންދުރާއި ޢަޞްރު ލިބިއްޖެކަަމަށް ނަބީ ﷺ ޙަދީޘް ނުކުރައްވައެވެ.
[28] أخرجه البخاري: كتاب مواقيت الصلاة، باب من أدرك من الفجر ركعة، رقم (579). ومسلم: كتاب المساجد ومواضع الصلاة، باب من أدرك ركعة فقد أدرك تلك الصلاة، رقم (608)، من حديث أبي هريرة رضي الله عنه.,[28] މި ޙަދީޘް ނެރުއްވީ އަލް-ބުޚާރީ، ކިތާބު މަވާޤީތު އައް-ޞަލާތުގައި، ނަމާދުން ރަކްޢަތެއް ލިބިއްޖެ މީހާގެ ވާހަކަ ނަންގަނެވުނު ބާބުގައި، ނަމްބަރު 579 ގައެވެ. އަދި މުސްލިމް، ކިތާބު އަލް-މަސާޖިދު ވަމަވާޟިޢު އައް-ޞަލާތުގައި، ނަމާދުން ރަކްޢަތެއް ލިބިއްޖެ މީހާ ފަހެ އެ ނަމާދު ލިބުނީކަން ނަންގަނެވުނު ބާބުގައި، ނަމްބަރު 608 ގައެވެ. އެއީ އަބޫ ހުރައިރާ رضي الله عنه ގެ ޙަދީޘުންނެވެ.
ولم يَذْكُرْ وجوبَ الظهـرِ عليه، والأصلُ براءةُ الذِّمَّةِ، وهذا مذهبُ أبي حَنيفةَ ومالكٍ حَكاهُ عنهما في شَرح المهذَّبِ[29].,އަދި އޭނާގެ މައްޗަށް މެންދުރު ނަމާދު ވާޖިބުވެގެންވާނޭކަމަށް އެކަލޭގެފާނު ޛިކުރު ނުކުރައްވައެވެ. އަދި އަޞްލަކީ ޒިއްމާ ބަރީއަވެގެންވުމެވެ. އަދި މިއީ އަބޫ ޙަނީފާ އާއި މާލިކުގެވެސް މަޛްހަބެވެ. ޝަރްޙުލް-މުހައްޛަބުގައި އެ ދެބޭފުޅުންގެ ކިބައިން މިހެން ގެނެސްފައިވެއެވެ. [29].
[29] المجموع شرح المهذب (3/ 70).,[29] އަލް-މަޖްމޫޢު ޝަރްޙުލް-މުހައްޛަބު (3/70).
وأمَّا الذِّكرُ والتَّكبيرُ والتَّسبيحُ والتَّحميدُ، والتَّسميةُ على الأكلِ وغيرِه، وقراءةُ الحديثِ والفِقهِ والدُّعاءُ والتأمينُ عليه واستِماعُ القُرآنِ فلا يَحرُمُ عليها شَيءٌ مِن ذلك، فقَدْ ثبَتَ في الصحيحين وغيرِهِما،,ދެންފަހެ ޛިކުރުކުރުމާއި، ތަކްބީރު ކިޔުމާއި، ތަސްބީޙަ ކިޔުމާއި، ޙަމްދުކުރުމާއި، ކެއުމުގެ ކުރިން އަދި އެހެން ކަންކަމުގައި ބިސްމި ކިޔުމާއި، ޙަދީޘާއި ފިޤްހު ކިޔުމާއި، ދުޢާކުރުމާއި، ދުޢާއަށް އާމީން ކިޔުމާއި، އަދި ޤުރްއާން އަޑުއެހުން، ފަހެ މިއިން އެއްވެސް ކަމެއް އެކަނބުލޭގެ މައްޗަށް ޙަރާމްވެގެން ނުވެއެވެ. ފަހެ ގައިމު ދެ ޞަޙީޙުގައާއި އަދި އެހެން ފޮތްތަކުގައި ޘާބިތުވެގެންވާ ގޮތުގައި:
«أَنَّ النَّبِيَّ صَلَّى اللهُ عَلَيْهِ وَسَلَّمَ كَانَ يَتَّكِئُ فِي حِجْرِ عَائِشَةَ رَضِيَ اللهُ عَنْهَا وَهِيَ حَائِضٌ فَيَقْرَأُ الْقُرْآنَ»[30].,"""ހަމަކަށަވަރުން ނަބީ ﷺ، ޢާއިޝާ رضي الله عنها ޙައިޟުވެފައި ހުންނަވަނިކޮށް އެކަނބުލޭގެ އުނގުފުޅުގައި، އެކަލޭގެފާނުގެ އިސްތަށިފުޅު ބާއްވަވާއިގެން އޮންނަވާ ފަހެ އެކަލޭގެފާނު ޤުރްއާން ކިޔަވާ ވިދާޅުވެއެވެ."" [30]."
[30] أخرجه البخاري: كتاب الحيض، باب قراءة الرجل في حجر امرأته وهي حائض، رقم (297). ومسلم: كتاب الحيض، باب اتكاء الرجل في حجر زوجته وهي حائض وقراءة القرآن، رقم (301)، من حديث عائشة رضي الله عنها.,[64] މި ޙަދީޘް ނެރުއްވީ އަލް-ބުޚާރީ، ކިތާބުލް-ޙައިޟުގައި، މީހާ އޭނާގެ އަނބިމީހާ ޙައިޟުވެފައި ހުއްޓާ އެކަނބުލޭގެ އުނގުގައި އޮވެގެން ޤުރްއާން ކިޔެވުން ނަންގަނެވުނު ބާބުގައި، ނަމްބަރު 297 ގައެވެ. އަދި މުސްލިމް، ކިތާބުލް-ޙައިޟުގެ، މީހާގެ އަނބިމީހާ ޙައިޟުވެފައި ހުއްޓާ އެކަނބުލޭގެ އުނގުގައި އޮށޯތުމާއި އަދި ޤުރްއާން ކިޔެވުން ނަންގަނެވުނު ބާބުގައި، ނަމްބަރު 301 ގައެވެ. އެއީ ޢާއިޝާ رضي الله عنها ގެ ޙަދީޘުންނެވެ.
وفي الصَّحيحينِ أيضًا أنَّ أُمَّ عَطيَّةَ رَضِيَ الله عَنهَا أنَّها سمِعَت النبيَّ صَلَّى اللَّهُ عَلَيهِ وَسَلَّمَ يقولُ:,އަދިވެސް ދެ ޞަޙީޙުގައި، އުއްމު ޢަޠިއްޔާ رضي الله عنها ގެ އަރިހުންވެއެވެ: ނަބީ ﷺ ޙަދީޘްކުރައްވަނިކޮށް އެކަމަނާ އަޑުއެއްސެވިއެވެ:
«يَخْرُجُ الْعَوَاتِقُ وَذَوَاتُ الْخُدُورِ وَالْحُيَّضُ -يَعْنِي: إِلَى صَلَاةِ الْعِيدَيْنِ- وَلْيَشْهَدْنَ الْخَيْرَ، وَدَعْوَةَ الْمُؤْمِنِينَ، وَيَعْتَزِلُ الْحُيَّضُ الْمُصَلَّى»[31].,"""ޒުވާންފުރައިގެ އަންހެނުންނާއި، ގެތަކުގައި ފޮރުވިގެން ތިބޭ އަންހެނުންނާއި، ޙައިޟުވެފައިވާ އަންހެނުންވެސް ނިކުންނަހުއްޓެވެ. -އެބަހީ: ދެ ޢީދު ނަމާދަށެވެ.- އަދި ހެޔޮކަމާއި، މުއުމިނުންގެ ދުޢާގައި އެކަނބަލުން ބައިވެރިވާ ހުއްޓެވެ. އަދި ޙައިޟުވެފައި ތިބި އަންހެނުން ނަމާދުކުރާތަނުން އެއްކިބާވާހުށްޓެވެ."" [31]"
[31] أخرجه البخاري: كتاب الحيض، باب شهود الحائض العيدين ودعوة المسلمين، ويعتزلن المصلى، رقم (324). ومسلم: كتاب صلاة العيدين، باب ذكر إباحة خروج النساء في العيدين إلى المصلى وشهود الخطبة، مفارقات للرجال، رقم (890).,[31] މި ޙަދީޘް ނެރުއްވީ އަލް-ބުޚާރީ، ކިތާބުލް-ޙައިޟުގައި، ޙައިޟުވެފައި ހުރި އަންހެނާ ދެ ޢީދާއި މުސްލިމުންގެ ދުޢާގައި ބައިވެރިވެ، އަދި ނަމާދުކުރާތަނުން އެކަހެރިވުމާ ބެހޭ ބާބުގައި، ނަމްބަރު 324 ގައެވެ. އަދި މުސްލިމް، ކިތާބު ޞަލާތުލް-ޢީދައިންގެ، ދެ ޢީދުގައި އަންހެނުން ފިރިހެނުންނާ އެއްކިބާވެގެންވާ ޙާލު ނަމާދުކުރާތަނަށް ނިކުތުމާއި ޚުޠުބާގައި ބައިވެރިވުން ހުއްދަވެގެންވާކަން ނަންގަނެވުނު ބާބުގައި، ނަމްބަރު 890 ގައެވެ.
فأمَّا قراءةُ الحائِضِ القُرآنَ بنفسِها فإِنْ كانَ نَظَرًا بالعَينِ أو تأمُّلًا بالقَلبِ بدون نُطقٍ باللِّسانِ فلا بأسَ بذلكَ مِثل أَنْ يُوضَعَ المصحفُ أوِ اللَّوحُ فتنظُرَ إلى الآياتِ وتَقرَأَها بِقلبِها.,ދެންފަހެ ޙައިޟުވެރިޔާ އަމިއްލައަށް ޤުރްއާން ކިޔެވުމުގެ މައްސަލައަށް ބަލާއިރު، ދުލުން ކިޔުމެއްނެތި ހަމައެކަނި ލޮލުން ބަލައިގެން ނުވަތަ ހިތުން ވިސްނައިގެންނަމަ، ފަހެ އެކަމުގައި މައްސަލައެއް ނެތެވެ. އެއީ މިޘާލަކަށް މުޞްޙަފު ނުވަތަ ވޮށުފިލާ ބާއްވައިގެން، ދެން އެކަނބުލޭގެ އާޔަތްތަކަށް ބަލަން އިނދެ، އަދި ހިތުން އެތަކެތި ކިޔެވުމެވެ.
قال النوويُّ في شَرح المهذَّبِ: «جائِزٌ بلا خِلافٍ»[32].,"އައްނަވަވީ ޝަރްޙުލް މުހައްޛަބުގައި ވިދާޅުވިއެވެ: ""އެއީ އެއްވެސް ޚިލާފެއްނެތި ހުއްދަކަމެކެވެ."" [32]."
[32] المجموع (2/ 357).,[32] އަލް-މަޖްމޫޢު (2/ 357).
وأمَّا إِنْ كانت قراءتُها نُطقًا باللِّسانِ فجمهورُ العُلماءِ على أنَّه ممنوعٌ وغيرُ جائزٍ،,ދެންފަހެ އެއީ ދޫ ޙަރަކާތްކޮށްގެން ކިޔުންނަމަ، ފަހެ ޖުމްހޫރު ޢިލްމުވެރިން ދެކިލައްވަނީ އެކަން މަނާވެގެންވާކަމަށާއި އަދި ހުއްދަވެގެން ނުވާކަމަށެވެ.
وقـال البخـاريُّ[33] وابنُ جريرٍ الطـبريُّ[34] وابنُ المنذِرِ[35]: هـو جائزٌ.,"އަދި އަލް-ބުޚާރީ [33]، އަދި އިބްނު ޖަރީރު އައް-ޠަބަރީ [34]، އަދި އިބްނުލް-މުންޛިރު [35] ވިދާޅުވިއެވެ: ""އެކަން ހުއްދަވެގެންވެއެވެ."""
[33] انظر صحيح البخاري: كتاب الحيض، باب تقضي الحائض المناسك كلها إلا الطواف بالبيت، وفتح الباري (1/ 407-408).,[33] ބައްލަވާ ޞަޙީޙުލް ބުޚާރީ: ކިތާބުލް ޙައިޟުގެ، ޙައިޟުވެރިޔާ ގެފުޅު ވަށާ ޠަވާފުކުރުން ފިޔަވައި އެހެން ހުރިހާ މަނާސިކުތައް އަދާކުރާނޭކަން ނަންގަނެވުނު ބާބު، އަދި ފަތުޙުލް-ބާރީގެ (1/ 407-408).
[34] فتح الباري (1/ 408).,[34] ފަތުޙުލް-ބާރީ (1/ 408).
[35] الأوسط (2/ 223).,[35] އަލް-އަޥްސަޠު: (2/ 223).
وحُكِيَ عن مالكٍ وعنِ الشافعيِّ في القولِ القديمِ[36]، حكاهُ عنهما في فتح الباري[37].,އަދި މާލިކުގެ އަރިހުންނާއި، އަދި އައް-ޝާފިޢީގެ ކުރީގެ ޤަޥްލުގައި އެކަލޭގެފާނުގެ އަރިހުންވެސް އެ ރައުޔު ކިޔާދެވުނެވެ. [36] އެ ދެބޭކަލުންގެ އަރިހުން ފަތުޙުލް-ބާރީގައި އެގޮތަށް ކިޔާދެއްވިއެވެ. [37].
[36] المجموع (2/ 356).,[36] އަލް-މަޖްމޫޢު (2/ 356).
[37] فتح الباري (1/ 408).,[37] ފަތުޙުލް-ބާރީ (1/ 408).
وذكرَ البخاريُّ تعليقًا عن إبراهيمَ النخعيِّ: لا بأسَ أَنْ تقرَأَ الآيةَ[38].,"އަދި އަލް-ބުޚާރީ މުޢައްލަޤުކޮށް އިބްރާހީމު އައް-ނަޚަޢީ ވިދާޅުވިކަމަށް ގެންނެވިއެވެ: ""އެކަނބުލޭގެ އާޔަތެއް ކިޔަވާލުން މައްސަލައެއް ނޫނެވެ."" [38]."
[38] علقه البخاري: كتاب الحيض، باب تقضي الحائض المناسك كلها إلا الطواف بالبيت، قبل حديث رقم (305).,[38] އަލް-ބުޚާރީ މި ބަސްފުޅު މުޢައްލަޤުކޮށް ގެންނެވީ، ކިތާބުލް-ޙައިޟުގެ، ޙައިޟުވެރިޔާ ގެފުޅު ވަށާ ޠަވާފުކުރުން ފިޔަވައި އެހެން ހުރިހާ މަނާސިކުތައް އަދާކުރާނޭކަން ނަންގަނެވުނު ބާބުގައި، ޙަދީޘް ނަމްބަރު 305 ގެ ކުރިންނެވެ.
وقالَ شيخُ الإسلامِ ابنُ تيميَّةَ في الفَتاوى مجموعة ابنِ قاسمٍ:,އިބްނު ޤާސިމުގެ މަޖްމޫޢުގައި، ޝައިޚުލް-އިސްލާމް އިބްނު ތައިމިއްޔާ ވިދާޅުވިއެވެ:
«ليسَ في منعِها منَ القرآنِ سُنةٌ أصلاً فإنَّ قولَه:,"""އެކަނބުލޭގެ ޤުރްއާން ކިޔެވުން މަނާކުރުމުގައި، ސުންނަތުން އެއްވެސް އަޞްލެއް އައިސްފައި ނުވެއެވެ. ދެންފަހެ އެކަލޭގެފާނުގެ ޙަދީޘްފުޅު:"
«لاَ تَقْرَأُ الحَاِئُض وَلَا الجُنُبُ شَيْئًا مِنَ الْقُرْآنِ»[39],"""ޙައިޟުވެރިޔާ އަދި ޖުނުބުވެރިޔާ ޤުރްއާނުން އެއްޗެއް ނުކިޔަވާހުށިކަމެވެ."" [39]"
حديثٌ ضعيفٌ باتِّفاقِ أهلِ المعرِفةِ بالحديثِ[40].,މި ޙަދީޘަކީ ޙަދީޘްގެ ކަންކަން ދަންނަ އަހުލުވެރިންގެ އިއްތިފާޤުން ބަލިކަށިވެގެންވާ ޙަދީޘެކެވެ. [40].
[39] أخرجه الترمذي: أبواب الطهارة، باب ما جاء في الجنب والحائض أنهما لا يقرآن القرآن، رقم (131).,[39] މި ޙަދީޘް ނެރުއްވީ އައް-ތިރްމިޛީ، އަބްވާބު އައް-ޠަހާރާގައި، ޖުނުބުވެރިޔާއާއި ޙައިޟުވެރިޔާ ޤުރްއާން ނުކިޔަވާނޭކަމަށް އައިސްފައިވާ ޚަބަރުތައް ނަންގަނެވުނު ބާބުގައި، ނަމްބަރު 131 ގައެވެ.
[40] انظر: العلل للترمذي (ص: 69/ ترتيبه)، والسنن الكبرى للبيهقي (1/ 309)، والأحكام الشرعية لابن عبد الحق (1/ 504)، ونصب الراية للزيلعي (1/ 195).,[40] ބައްލަވާ: އައް-ތިރްމިޛީގެ އަލް-ޢިލަލު: (ޞ: 69/ތަރުތީބު)، އަދި އަލް-ބައިހަޤީގެ އައް-ސުނަނުލް-ކުބްރާ: (1/309)، އަދި އިބްނު ޢަބްދުލް-ޙައްޤުގެ އަލް-އަޙްކާމުއް-ޝަރްޢިއްޔާ (1/504)، އަދި އައް-ޒައިލަޢީގެ ނަޞްބުއް-ރާޔާ (1/195).
وقَدْ كانَ النساءُ يَحِضنَ في عهدِ النبيِّ صلَّى الله عليه وسلَّم فلَوْ كانتِ القراءةُ مُحرَّمةً عليهنَّ كالصلاةِ لكانَ هذا مِمَّا بيَّنَه النبيُّ صلَّى اللَّهُ عليه وسلَّم لُأمَّتِه وتَعلَّمَه أمَّهاتُ المؤمنِين وكان ذلكَ مِمَّا يَنقُلونَه في الناسِ،,ނަބީ ﷺ ގެ ދުވަސްވަރުގައި އަންހެންތަކުން ޙައިޟުވަމުން ދިޔައެވެ. ދެންފަހެ ނަމާދު ފަދައިން ޤުރްއާން ކިޔެވުން އެ އަންހެންތަކުންގެ މައްޗަށް ޙަރާމްވެގެންވާނަމަ، ނަބީ ﷺ މިކަން އެކަލޭގެފާނުގެ އުއްމަތަށް ބަޔާންކޮދެއްވާ، އަދި އުއްމަހާތުލް މުއުމިނީން އެކަން އުނގެނިވަޑައިގަތީހެވެ. އަދި މީސްތަކުންގެ ތެރޭގައިި އެބަސްފުޅު ނަޤުލުކޮށް ފެތުރިގެންވީހެވެ.
فلمَّا لم يَنقُلْ أحدٌ عنِ النبيِّ صلَّى اللَّهُ عليه وسلَّم في ذلكَ نهيًا لم يَجُزْ أن تجعلَ حرامًا مع العِلمِ أنَّه لم يَنهَ عن ذلك، وإذا لم يَنهَ عنه معَ كثرةِ الحيضِ في زمنِه عُلِمَ أنَّه ليسَ بمُحرَّمٍ»[41]. اﻫ,"ދެންފަހެ ނަބީ ﷺ ގެ އަރިހުން އެކަން ނަހީވެގެންވާ ބަސްފުޅެއް އެކަކުވެސް ނަޤުލުކޮށްފައި ނެތްހިނދު، ދެން އެކަލޭގެފާނު އެކަން ނަހީނުކުރައްވާކަން އެނގިގެންވުމާއެކު އެކަން ޙަރާމްކަމުގައި ހެދުން ހުއްދަވެގެން ނުވެއެވެ. އަދި އެކަލޭގެފާނުގެ ޒަމާނުގައި ޙައިޟުވުން ގިނަވެގެންވުމާއެކު، އެކަން ނަހީކުރައްވާފައި ނެތުމުން، އެނގިގެންދަނީ އެކަން ޙަރާމްވެގެންނުވާ ކަމެވެ."" [41] އހ."
[41] مجموع الفتاوى (26/ 191).,[41] މަޖްމޫޢުލް-ފަތާވާ: (26/ 191).
والَّذي يَنبغي بعدَ أن عرَفْنا نزاعَ أهلِ العِلمِ أن يُقالَ: الأَوْلى للحائضِ أَنْ لا تَقرَأَ القُرآنَ نُطقًا باللِّسانِ إلَّا عندَ الحاجةِ لذلِكَ مِثل أَنْ تَكونَ مُعلِّمةً فتَحتاجُ إلى تَلْقِينِ المُتعلِّماتِ، أو في حالِ الاختِبارِ فتَحتاجُ المُتعلِّمةُ إلى القِراءةِ لاختِبارِها أو نحوِ ذلكَ.,އަދި ޢިލްމުގެ އަހުލުވެރިން މިކަމުގައި ދެބަސްވެގެންވާކަން އަހަރުމެންނަށް އެނގުމަށްފަހު، ދެން ބުނަން އެކަށީގެންވާ ގޮތަކީ: އެންމެ އަޥްލާވެގެންވަނީ، އެކަމަށް ޙާޖަތް ޖެހިއްޖެނަމަ މެނުވީ ޙައިޟުވެރިޔާ ދުލުން ޤުރްއާން ނުކިޔެވުމެވެ. އެއީ މިޘާލަކަށް އެކަނބުލޭގެ މުދައްރިސެއްކަމުގައި ވެފައި، ދެން ކިޔަވާކުދިންނަށް ލައިދޭން ޖެހުން، ނުވަތަ ޓެސްޓުހަދަން ޖެހޭ ޙާލަތުގައި، ކިޔަވާކުއްޖާ ޓެސްޓު ހެދުމަށްޓަކައި ޤުރްއާން ކިޔަވަންޖެހުމާ އެފަދަ ޙާލަތްތަކުގައެވެ.
الثَّاني: الصِّيامُ: فيحْرُمُ على الحائضِ الصيامُ فَرْضُه ونَفْلُه، ولا يَصحُّ مِنها، لكِنْ يَجبُ عليها قضاءُ الفَرضِ مِنه؛ لحديثِ عائشةَ رَضِيَ اللَّهُ عَنْهَا:,ދެވަނައީ: ރޯދައެވެ. އެގޮތުން ޙައިޟުވެރިޔާ ރޯދަހިފުން، ފަރުޟު ރޯދަވެސް އަދި ސުންނަތް ރޯދަ ހިފުންވެސް ޙަރާމްވެގެންވެއެވެ. އަދި އެކަނބުލޭގެ ކިބައިން ރޯދަ ޞައްޙަވެސް ނުވާނެއެވެ. ނަމަވެސް ފަރުޟު ރޯދަ ޤަޟާކުރުން އެކަަނބުލޭގެ މައްޗަށް ވާޖިބުވެގެންވެއެވެ. އެއީ ޢާއިޝާ رضي الله عنها ގެ ޙަދީޘަށްޓަކައެވެ:
"""كَانَ يُصِيبُنَا ذَلِكَ -تَعْنِي: الْحَيْضَ- فَنُؤْمَرُ بِقَضَاءِ الصَّوْمِ وَلَا نُؤْمَرُ بِقَضَاءِ الصَّلَاةِ"".","""އަހަރުމެންނަށް އެކަންތައް -އެބަހީ: ޙައިޟު- ލައިގަނެއެވެ. ދެންފަހެ އަހަރުމެންނަށް އަމުރުކުރެވެނީ ރޯދަ ޤަޟާކުރުމަށެވެ. ނަމާދު ޤަޟާކުރަން އަހަރުމެންނަށް އަމުރުނުވެވެއެވެ."""
متّفقٌ عليه[42].,މުއްތަފަޤުން ޢަލައިހި (ބުޚާރީއާއި މުސްލިމް ނެރުއްވާ އެއްބަސްވެވިފައިވާ ޙަދީޘެކެވެ.) [42].
[42] أخرجه البخاري: كتاب الحيض، باب لا تقضي الحائض الصلاة، رقم (321). ومسلم: كتاب الحيض، باب وجوب قضاء الصوم على الحائض دون الصلاة، رقم (335). واللفظ لمسلم.,[42] މި ޙަދީޘް ނެރުއްވީ އަލް-ބުޚާރީ، ކިތާބުލް-ޙައިޟުގައި، ޙައިޟުވެރިޔާ ނަމާދު ޤަޟާނުކުރާނެކަން ނަންގަނެވުނު ބާބުގައި، ނަމްބަރު 321 ގައެވެ. އަދި މުސްލިމް، ކިތާބުލް-ޙައިޟުގައި، ނަމާދު ފިޔަވައި ރޯދަ ޤަޟާކުރުން ޙައިޟުވެރިޔާއަށް ވާޖިބުވެގެންވާކަން ނަންގަނެވުނު ބާބުގައި، ނަމްބަރު 335 ގައެވެ. އަދި މިއީ މުސްލިމް ރިވާކުރެއްްވި ލަފްޒެވެ.
وإذا حاضَتْ وهي صائِمةٌ بَطَلَ صِيامُها، ولو كان ذلكَ قُبَيْلَ الغُروبِ بلَحظةٍ، ووجَبَ عليها قضاءُ ذلك اليومِ إن كانَ فَرضًا.,އަދި ރޯދަ ހިފައިގެން ހުއްޓާ ޙައިޟުވެއްޖެނަމަ، އެ ރޯދަ ބާޠިލުވެއެވެ. އެއީ އިރުއޮއްސުމުގެ ކުޑަ އިރުކޮޅެއް ކުރިންވިޔަސްމެއެވެ. އަދި އެއީ ފަރުޟު ރޯދައެއްނަމަ، އެ ރޯދަ ޤަޟާކުރުން އެކަނބުލޭގެ މައްޗަށް ވާޖިބުވެގެންވެއެވެ.
أمَّا إذا أحسَّتْ بانتِقالِ الحيضِ قبلَ الغُروبِ لكِنْ لم يخرُجْ إلَّا بعدَ الغُروب فإنَّ صومَها تامٌّ ولا يَبطُلُ على القولِ الصحيحِ؛ لأنَّ الدَّمَ في باطِنِ الجَوفِ لا حُكْمَ له؛,ދެންފަހެ އިރުއޮއްސުމުގެ ކުރިން (މައްސަރުކަންތައް ފެށެން އުޅޭކަމަށް) ޙައިޟުގެ ލޭ ޙަރަކާތް ކުރާގޮތަށް އިޙްސާސް ކުރެވުނު ނަމަވެސް، ލޭ ނިކުތީ އިރު އޮއްސުމަށްފަހުގައިކަމުގައި ވެއްޖެނަމަ، ފަހެ އެކަނބުލޭގެ ރޯދަ ފުރިހަމަވެގެންެވެއެވެ. އަދި ޞައްޙަ ބުނުމުގެ މައްޗަށް އެ ރޯދަ ބާޠިލުނުވެއެވެ. އެހެނީ ބަނޑު އެތެރޭގައިވާ ލެޔަކަށް އެއްވެސް ޙުކުމެއް ނުވެތެވެ.
ولأنَّ النبيَّ صلَّى الله عليه وسلَّم لمَّا سُئِلَ عنِ المرأةِ تَرى في مَنامِها ما يَرى الرَّجُلُ: هَلْ عليها مِن غُسلٍ؟,އަދި އެހެނީ އަންހެނަކަށް ނިދީގައި ފިރިހެނަކަށް ދިމާވާގޮތަށް (އިޙުތިލާމުގެ) ހުވަފެނެއް ފެނުމުން ހިނައިގަންނަން ޖެހޭނެތޯ ނަބީ ﷺ ގެ އަރިހުން ސުވާލުކުރެވުމުން،
قال: «نَعَمْ إِذَا هِيَ رَأَتِ الْمَاءَ»[43],"އެކަލޭގެފާނު ޙަދީޘްކުރެއްވިއެވެ: ""އާނއެކެވެ. އެކަނބުލޭގެއަށް ފެން (އެބަހީ: މަނި) ފެނިއްޖެނަމައެވެ."" [43]"
فَعَلَّقَ الحُكمَ برؤيةِ المَنيِّ لا بانتقالِه، فكذلكَ الحيضُ لا تثبتُ أحكامُه إلَّا برؤيتِه خارِجًا لا بانتقالِه.,ފަހެ އެކަލޭގެފާނު އެ ޙުކުމް ގުޅުވާލެއްވީ މަނި ފެނުމާއެވެ. މަނި (އެތެރޭގައި ނުނިކުމެ) ޙަރަކާތްކުރުމަކަށް ނޫނެވެ. ފަހެ އެފަދައިންމެ ޙައިޟުވެސް، އެލޭ ބޭރުވެ ފެނުމުން ނޫނީ އޭގެ ޙުކުމްތައް ޘާބިތު ނުވެއެވެ. އެލޭ އެތެރޭގައި ޙަރަކާތް ކުރުމަކުންނެއް ނޫނެވެ.
[43] أخرجه البخاري: كتاب العلم، باب الحياء في العلم، رقم (130). ومسلم: كتاب الحيض، باب وجوب الغسل على المرأة...، رقم (313).,[43] މި ޙަދީޘް ނެރުއްވީ އަލް-ބުޚާރީ، ކިތާބުލް-ޢިލްމުގައި، ޢިލްމުގައި ލަދުވެތިވުމުގެ ވާހަކަ ނަންގަނެވުނު ބާބުގައި، ނަމްބަރު 130 ގައެވެ. އަދި މުސްލިމް، ކިތާބުލް-ޙައިޟުގައި، އަންހެނާގެ މައްޗަށް ހިނައިގަތުން ވާޖިބުވެގެންވި... ބާބުގައި، ނަމްބަރު 313 ގައެވެ.
وإذا طلَعَ الفجرُ وهي حائضٌ لم يصِحَّ منها صيامُ ذلك اليومِ ولو طهُرَتْ بعدَ الفجرِ بلحظةٍ.,އަދި ފަތިސްވިއިރު އެކަނބުލޭގެ ޙައިޟުގެ ޙާލަތުގައި ހުރިނަމަ، އެ ދުވަހުގެ ރޯދަ އެކަނބުލޭގެ ކިބައިން ޞައްހަވެގެން ނުވެއެވެ. ފަތިސްވިތާ އިރުކޮޅެއް ފަހުން ޠާހިރުވިޔަސް މެއެވެ.
وإذا طَهُرَتْ قُبَيلَ الفجرِ فصامَتْ صحَّ صومُها، وإن لم تغتسِلْ إلَّا بعدَ الفجرِ، كالجُنُب إذا نوَى الصيامَ وهو جُنُبٌ ولم يغتسِلْ إلَّا بعدَ طلوعِ الفجرِ فإنَّ صومَه صحيحٌ؛,އަދި ފަތިސްވުމުގެ އިރުކޮޅެއްކުރި އެކަނބުލޭގެ ޠާހިރުވެ، ދެން ރޯދައަށް ހުރިނަމަ، އެކަނބުލޭގެ ރޯދަ ޞައްޙަވެގެންވެއެވެ. އަދި އެއީ ހިނައިގަތީ ފަތިސް ފަހުންކަމުގައި ވިޔަސްމެއެވެ. އެއީ ޖުނުބުވެރިޔާވެސް ޖުނުބުގެ ޙާލަތުގައި ހުރެ ރޯދަ ހިފަން ނިޔަތްގަނެ، އެކަމަކު ހިނައިގަތީ ފަތިސް ފަހުންކަމުގައިވިޔަސް ފަހެ އޭނާގެ ރޯދަ ޞައްޙަވާ ގޮތަށެވެ.
لحديثِ عائشةَ رَضِيَ الله عَنْهَا قالَتْ:,އެއީ ޢާއިޝާ رضي الله عنها ގެ ޙަދީޘަށްޓަކައެވެ. އެކަމަނާ ވިދާޅުވިއެވެ:
"""كَانَ النَّبِيُّ صَلَّى اللَّهُ عَلَيْهِ وَسَلَّمَ يُصْبِحُ جُنُبًا مِنْ جِمَاعٍ غَيْرِ احْتِلَامٍ ثُمَّ يَصُومُ فِي رَمَضَانَ"".","""ނަބީ ﷺ އިޙްތިލާމުވުމެއް ނެތި، ޖިމާޢުވުމުގެ ސަބަބުން ޖުނުބުގެ ޙާލަތުގައި ހުންނަވަނިކޮށް ފަތިސްވެއެވެ. ދެން އެކަލޭގެފާނު ރަމަޟާންމަހުގެ ރޯދަ ހިއްޕަވައެވެ."""
متفقٌ عليه[44].,މުއްތަފަޤުން ޢަލައިހި (ބުޚާރީއާއި މުސްލިމް ނެރުއްވާ އެއްބަސްވެވިފައިވާ ޙަދީޘެކެވެ.) [44].
[44] أخرجه البخاري: كتاب الصوم، باب اغتسال الصائم، رقم (1931). ومسلم: كتاب الصيام، باب صحة صوم من طلع عليه الفجر وهو جنب، رقم (1109).,[44] މި ޙަދީޘް ނެރުއްވީ އަލް-ބުޚާރީ، ކިތާބުއް-ޞަޥްމުގައި، ރޯދަވެރިޔާ ހިނައިގަތުމާ ބެހޭ ބާބުގައި، ނަމްބަރު 1931 ގައެވެ. އަދި މުސްލިމް، ކިތާބުއް-ޞިޔާމްގައި، ޖުނުބުގެ ޙާލަތުގައި ހުރެ ފަތިސްކުރި މީހާގެ ރޯދަ ޞައްޙަވެގެންވާކަން ނަންގަނެވުނު ބާބުގައި، ނަމްބަރު 1109 ގައެވެ.
الحكمُ الثالثُ: الطَّـوافُ بالبيتِ: فيَحرُمُ عليها الطَّـوافُ بالبيتِ، فَرْضُه ونَفْلُه، ولا يَصِحُّ مِنها؛,ތިންވަނަ ޙުކުމް: ގެފުޅު ވަށައިގެން ޠަވާފުކުރުމެވެ: ފަހެ ގެފުޅު ވަށައިގެން ޠަވާފުކުރުން، ފަރުޟު ޠަވާފެއްވިޔަސް ސުންނަތް ޠަވާފެއްވިޔަސް އެކަނބުލޭގެ މައްޗަށް ޙަރާމްވެގެންވެއެވެ. އަދި އެކަނބުލޭގެ ކިބައިން ޞައްޙަވެސް ނުވާނެއެވެ.
وأمَّا بقيَّةُ الأفعالِ كالسَّعيِ بينَ الصَّفا والمَروةِ، والوقوفِ بعرَفةَ، والمَبيتِ بِمُزْدَلِفَةَ ومِنًى، ورَميِ الجِمارِ وغيرِها مِن مناسِكِ الحَجِّ والعُمرةِ فليسَتْ حَرامًا عليها،,ދެންފަހެ ޙައްޖާއި ޢުމްރާގެ މަނާސިކުތަކުން އެހެން ކަންކަމާ މެދުގައި ދަންނައެވެ: ޞަފާއާއި މަރްވާއާ ދެމެދު ސަޢުޔުކުރުމާއި، ޢަރަފާތުގައި މަޑުކުރުމާއި، މުޒްދަލިފާ އާއި މިނާގައި ރޭކުރުމާއި، ޖަމްރާތަކަށް ހިލައުކުމާއި އެނޫންވެސް ކަންކަން އެކަނބުލޭގެ މައްޗަށް ޙަރާމްވެގެން ނުވެއެވެ.
لقولِ النبيِّ صلَّى اللَّهُ عليه وسلَّم لعائِشةَ لمَّا حاضَت:,އެއީ ޢާއިޝާ ޙައިޟުވިހިނދު، އެކަމަނާއަށް ނަބީ ﷺ ޙަދީޘްކުރެއްވި ބަސްފުޅަށްޓަކައެވެ:
«افْعَلِي مَا يَفْعَلُ الْحَاجُّ غَيْرَ أَلَّا تَطُوفِي بِالْبَيْتِ حَتَّى تَطْهُرِي»[45].,"""ޙައްޖުވެރިޔާ ކުރާ ކަންތައް ކަމަނާވެސް ކުރާށެވެ. ނަމަވެސް ކަމަނާ ޠާހިރުވެއްޖައުމަށް ދާންދެން ގެފުޅު ވަށާ ޠަވާފު ނުކުރާހުށިކަމެވެ."" [45]."
[45] أخرجه البخاري في كتاب الحيض، باب تقضي الحائض المناسك كلها إلا الطواف بالبيت، رقم (305). ومسلم في كتاب الحج، باب بيان وجوه الإحرام، رقم (1211).,[45] މި ޙަދީޘް ނެރުއްވީ އަލް-ބުޚާރީ، ކިތާބުލް-ޙައިޟުގައި، ޙައިޟުވެރިޔާ ގެފުޅު ވަށާ ޠަވާފުކުރުން ފިޔަވައި އެހެން ހުރިހާ މަނާސިކުތައް އަދާކުރާނޭކަން ނަންގަނެވުނު ބާބުގައި، ނަމްބަރު 305 ގައެވެ. އަދި މުސްލިމް، ކިތާބުލް-ޙައްޖުގެ، އިޙްރާމް އެޅުމުގެ ގޮތްތައް ނަންގަނެވުނު ބާބުގައި، ނަމްބަރު 1211 ގައެވެ.
وعلى هذا فلو طافَتِ الأُنثى وهي طاهِرٌ ثُم خرَجَ الحيضُ بعدَ الطوافِ مُباشرةً، أو في أثناءِ السعيِ فلا حرَجَ في ذلك.,އަދި މިކަމުގެ މައްޗަށް ބިނާކޮށް، އަންހެނަކު ޠާހިރުވެގެން ހުރެ ޠަވާފުކޮށްފައި، ދެން ހަމަ ޠަވާފުކޮށް ނިމުނުތަނާ، ނުވަތަ ސަޢުޔުކުރަނިކޮށް ޙައިޟުގެ ލޭ ނިކުމެއްޖެނަމަ، ފަހެ އެކަމުގައި މައްސަލައެއް ނެތެވެ.
الحُكمُ الرابعُ: سُقُوطُ طَوافِ الوَداعِ عنها: فإذا أكمَلَتِ الُأنثى مناسكَ الحَجِّ والعُمرَةِ ثمَّ حاضَت قبل الخُرُوجِ إلى بلَدِها واستمرَّ بها الحَيض إلى خُرُوجِها، فإنَّها تَخرُجُ بلا وداعٍ؛,ހަތަރުވަނަ ޙުކުމް: ޙައިޟުވެރިޔާގެ ކިބައިން ޠަވާފުލް ވަދާޢު ވެއްޓުމެވެ: އެގޮތުން އަންހެނާ ޙައްޖާއި ޢުމްރާގެ މަނާސިކުތައް ފުރިހަމަކޮށްފައި ހުއްޓާ، ދެން އެކަނބުލޭގެ ޤައުމަށް ދާން ނިކުތުމުގެ ކުރިން ޙައިޟުވެއްޖެނަމަ، އަދި ނިކުންނަންދެންވެސް ޙައިޟުވުން ދެމިގެންވިނަމަ، ދެން ވަދާޢީ ޠަވާފުކުރުމެއްނެތި އެކަނބުލޭގެ ނިކުންނާނީއެވެ.
لحديثِ ابنِ عباسٍ رَضِيَ الله عَنْهُمَا قالَ:,އެއީ އިބްނު ޢައްބާސް رضي الله عنهما ގެ ޙަދީޘަށްޓަކައެވެ. އެކަލޭގެފާނު ވިދާޅުވިއެވެ:
"""أُمِرَ النَّاسُ أَنْ يَكُونَ آخِرُ عَهْدِهِمْ بِالْبَيْتِ، إِلَّا أَنَّهُ خُفِّفَ عَنِ الْمَرْأَةِ الْحَائِضِ"".","""މީސްތަކުން (ޙައްޖުވެރިން) އެންމެ ފަހުން ކުރާ ކަމަކީ ގެފުޅުގައި ޠަވާފުކުރުންކަމުގައި ހެދުމަށް އަމުރުވެވިގެންވެއެވެ. އެހެނަސް ޙައިޟުވެފައިވާ އަންހެނާއަށް އެކަމުގެ ލުއި ދެއްވުނެވެ."""
[متّفقٌ عليه][46].,މުއްތަފަޤުން ޢަލައިހި (ބުޚާރީއާއި މުސްލިމް ނެރުއްވާ އެއްބަސްވެވިފައިވާ ޙަދީޘެކެވެ.) [46].
[46] أخرجه البخاري: كتاب الحج، باب طواف الوداع، رقم (1755). ومسلم: كتاب الحج، باب وجوب طواف الوداع وسقوطه عن الحائض، رقم (1328).,[46] މި ޙަދީޘް ނެރުއްވީ އަލް-ބުޚާރީ، ކިތާބުލް-ޙައްޖުގައި، ޠަވާފުލް-ވަދާޢުގެ ބާބުގައި، ނަމްބަރު 1755 ގައެވެ. އަދި މުސްލިމް، ކިތާބުލް-ޙައްޖުގައި، ވަދާޢީ ޠަވާފު ވާޖިބުވެގެންވާކަމާއި އަދި ޙައިޟުވެރިޔާގެ ކިބައިން ވާޖިބުކަން ކެނޑިގެންދާކަން ނަންގަނެވުނު ބާބުގައި، ނަމްބަރު 1328 ގައެވެ.
ولا يُستحَبُّ للحائضِ عِندَ الوداعِ أَنْ تأتِيَ إلى بابِ المسجِدِ الحرامِ وتَدعُو؛ لأنَّ ذلكَ لم يَرِدْ عنِ النبيِّ صَلَّى اللَّهُ عَلَيْهِ وَسَلَّمْ، والعِباداتُ مَبنيَّةٌ على الوارِدِ،,އަދި ޙައިޟުވެރިޔާ ޙަރަމްފުޅުގެ ދޮރުމައްޗަށް އައިސް އަލްވަދާޢު ކިޔަންވެގެން ދުޢާކުރުމަކީ މުސްތަޙައްބު ކަމެއް ނޫނެވެ. އެހެނީ އެއީ ނަބީ ﷺ ގެ އަރިހުން ވާރިދުވެފައިވާ ކަމެއް ނޫނެވެ. އަޅުކަންތައް ބިނާ ކުރެވެނީ ވާރިދުވެފައިވާ އެއްޗެއްގެ މައްޗަށެވެ.
بَلِ الوارِدُ عنِ النبيِّ صَلَّى اللَّهُ عَلَيْهِ وَسَلَّم يقتَضِي خِلافَ ذلكَ، ففي قِصةِ صَفيَّةَ رَضِيَ اللَّهُ عَنْهَا حينَ حاضَتْ بعدَ طوافِ الإفاضَةِ أنَّ النبيَّ صَلَّى اللَّهُ عَلَيْهِ وَسَلَّم قالَ لها:,ކިއެއްތަ، ނަބީ ﷺ ގެ އަރިހުން ވާރިދުވެގެންވާ ގޮތް ނިޔާކުރަނީ އެއާ ޚިލާފަށެވެ. އެގޮތުން ޞަފިއްޔާ رضي الله عنها ޠަވާފުލް އިފާޟާ ކުރެއްވުމަށްފަހު ޙައިޟުވި ވާހަކާގައި، ނަބީ ﷺ އެކަމަނާއަށް ޙަދީޘްކުރެއްވިއެވެ:
«فَلْتَنْفِرْ إِذَنْ».,"""ދެން އެހެންކަމަށްވާނަމަ ދަތުރަށް ފުރާށެވެ."""
متّفقٌ عليه[47].,މުއްތަފަޤުން ޢަލައިހި (ބުޚާރީއާއި މުސްލިމް ނެރުއްވާ އެއްބަސްވެވިފައިވާ ޙަދީޘެކެވެ.) [47].
[47] أخرجه البخاري: كتاب الحج، باب إذا حاضت المرأة بعد ما أفاضت، رقم (1757). ومسلم: كتاب الحج، باب وجوب طواف الوداع، رقم (1211).,[47] މި ޙަދީޘް ނެރުއްވީ އަލް-ބުޚާރީ، ކިތާބުލް-ޙައްޖުގައި، އަންހެނާ ޠަވާފުލް-އިފާޟާކުރުމަށް ފަހު ޙައިޟުވުމުގެ ވާހަކަ ނަންގަނެވުނު ބާބުގައި، ނަމްބަރު 1757 ގައެވެ. އަދި މުސްލިމް، ކިތާބުލް-ޙައްޖުގައި، ވަދާޢީ ޠަވާފު ވާޖިބުވެގެންވާކަން ނަންގަނެވުނު ބާބުގައި، ނަމްބަރު 1211 ގައެވެ.
ولم يأمُرْ بالحُضُورِ إلى بابِ المسجدِ، ولو كانَ ذلكَ مَشروعًا لبيَّنَه.,އަދި މިސްކިތުގެ ދޮރުމައްޗަށް ދިޔުމަށް އެކަލޭގެފާނު އަމުރު ނުކުރައްވައެވެ. އެއީ ޝަރުޢުވެގެންވާ ކަމެއްނަމަ، އެކަލޭގެފާނު އެކަން ބަޔާންކޮށްދެއްވީހެވެ.
وأمَّا طوافُ الحَجِّ والعُمرةِ فلا يسقُطُ عنها، بَلْ تَطوفُ إذا طَهُرَت.,ދެންފަހެ ޙައްޖާއި ޢުމްރާގެ ޠަވާފު ފަހެ އެކަނބުލޭގެ ކިބައިން ނުވެއްޓޭނެއެވެ. ކިއެއްތަ، ޙައިޟުން ޠާހިރުވުމުން، ޠަވާފުކުރަން ޖެހޭނެއެވެ.
الحُكمُ الخامسُ: المُكثُ في المسجِدِ: فيحرمُ على الحائضِ أَنْ تَمكُثَ في المسجِدِ حتَّى مُصلَّى العيدِ يحرُمُ عليها أن تَمكُثَ فيه،,ފަސްވަނަ ޙުކުމް: މިސްކިތުގައި މަޑުކުރުމެވެ: އެގޮތުން ޙައިޟުވެރިޔާ މިސްކިތުގައި މަޑުކުރުން ޙަރާމްވެގެންވެއެވެ. އަދި ޢީދު ނަމާދުކުރާ މައިދާނުގައިވެސް މަޑުކުރުން ޙަރާމްވެގެންވެއެވެ.
لحديثِ أمِّ عطيةَ رَضِيَ اللَّهُ عَنْهَا: أنَّها سمِعَتِ النبيَّ صَلَّى اللَّهُ عَلَيْهِ وَسَلَّم يقولُ:,އެއީ އުއްމު ޢަޠިއްޔާ رضي الله عنها ގެ ޙަދީޘަށްޓަކައެވެ: ނަބީ ﷺ ޙަދީޘްކުރައްވަނިކޮށް އެކަމަނާ އަޑުއެއްސެވިއެވެ:
«يَخْرُجُ الْعَوَاتِقُ وَذَوَاتُ الْخُدُورِ وَالْحُيَّضُ».,"""ޒުވާންފުރައިގެ އަންހެނުންނާއި، ގެތަކުގައި ފޮރުވިގެން ތިބޭ އަންހެނުންނާއި، ޙައިޟުވެފައިވާ އަންހެނުންވެސް (ޢީދު ނަމާދަށް) ނުކުންނަހުއްޓެވެ."""
وفيه:,އަދި އެ ޙަދީޘްގައިވެއެވެ:
«يَعْتَزِلُ الْحُيَّضُ الْمُصَلَّى».,"""ޙައިޟުވެރިން، ނަމާދުކުރާ ތަނުން އެއްކިބާވާހުށިކަމެވެ."""
متَّفقٌ عليه[48].,މުއްތަފަޤުން ޢަލައިހި (ބުޚާރީއާއި މުސްލިމް ނެރުއްވާ އެއްބަސްވެވިފައިވާ ޙަދީޘެކެވެ.) [48].
[48] أخرجه البخاري: كتاب الحيض، باب شهود الحائض العيدين ودعوة المسلمين، ويعتزلن المصلى، رقم (324). ومسلم: كتاب صلاة العيدين، باب ذكر إباحة خروج النساء في العيدين إلى المصلى وشهود الخطبة، مفارقات للرجال، رقم (890).,[48] މި ޙަދީޘް ނެރުއްވީ އަލް-ބުޚާރީ، ކިތާބުލް-ޙައިޟުގައި، ޙައިޟުވެފައި ހުރި އަންހެނާ ދެ ޢީދާއި މުސްލިމުންގެ ދުޢާގައި ބައިވެރިވެ، އަދި ނަމާދުކުރާތަނުން އެކަހެރިވުމާ ބެހޭ ބާބުގައި، ނަމްބަރު 324 ގައެވެ. އަދި މުސްލިމް، ކިތާބު ޞަލާތުލް-ޢީދައިންގެ، ދެ ޢީދުގައި އަންހެނުން ފިރިހެނުންނާ އެއްކިބާވެގެންވާ ޙާލު ނަމާދުކުރާތަނަށް ނިކުތުމާއި ޚުޠުބާގައި ބައިވެރިވުން ހުއްދަވެގެންވާކަން ނަންގަނެވުނު ބާބުގައި، ނަމްބަރު 890 ގައެވެ.
الحُكمُ السادسُ: الجِماعُ: فيَحرمُ على زوجِها أَنْ يجامِعَها، ويَحرمُ عليها تمكِينُه من ذلك؛ لِقوله تعالى:,ހަވަނަ ޙުކުމް: ޖިމާޢުވުމެވެ: އެގޮތުން އެކަނބުލޭގެ ފިރިމީހާ އެކަނބުލޭއާ ޖިމާޢުވުން ޙަރާމްވެގެންވެއެވެ. އަދި އޭނާއަށް އެކަން ކުރުމަށް ފުރުޞަތު ދިނުމަކީވެސް އެކަނބުލޭގެއަށް ޙަރާމްވެގެންވާ ކަމެކެވެ. އެއީ ﷲ ތަޢާލާގެ ބަސްފުޅަށްޓަކައެވެ:
﴿وَيَسۡـَٔلُونَكَ عَنِ ٱلۡمَحِيضِۖ قُلۡ هُوَ أَذٗى فَٱعۡتَزِلُواْ ٱلنِّسَآءَ فِي ٱلۡمَحِيضِ وَلَا تَقۡرَبُوهُنَّ حَتَّىٰ يَطۡهُرۡنَۖ...﴾,"﴿وَيَسۡـَٔلُونَكَ عَنِ ٱلۡمَحِيضِۖ قُلۡ هُوَ أَذٗى فَٱعۡتَزِلُواْ ٱلنِّسَآءَ فِي ٱلۡمَحِيضِ وَلَا تَقۡرَبُوهُنَّ حَتَّىٰ يَطۡهُرۡنَۖ...﴾
 މާނައީ: ""އަދި ޙައިޟާމެދު، ކަލޭގެފާނާ އެ މީހުން ސުވާލުކުރެއެވެ. ކަލޭގެފާނު ވިދާޅުވާށެވެ. އެއީ އުނދަގޫ ތުރާ ހުރި ކަމެކެވެ. ފަހެ ޙައިޟުގެ ދުވަސްވަރުގައި ތިޔަބައިމީހުން އަންހެނުންނާ ދުރުހެލިވާށެވެ. (އެބަހީ: ޖިމާއު ނުވާށެވެ.) އަދި އެ ކަނބަލުން ހިނައި ޠާހިރު ވެއްޖައުމަށް ދާންދެން ތިޔަބައިމީހުން އެ ކަނބަލުންނާ ގާތްނުވާށެވެ..."""
[البقرة:222]،,[އަލް-ބަޤަރާ :222].
والمرادُ بالمَحِيضِ زَمانُ الحَيضِ ومَكانُه وهو الفَرجُ؛,އެ އާޔަތުގައިވާ އަލް-މަޙީޟްގެ ގެ މުރާދަކީ: ޙައިޟުވާ ދުވަސްވަރާއި އަދި ޙައިޟުއަންނަ ތަނެވެ. އަދި އެއީ ފަރުޖެވެ.
ولقولِ النبيِّ صَلَّى اللَّهُ عَلَيْهِ وَسَلَّم:,އަދި ނަބީ ﷺ ގެ މިބަސްފުޅަށްޓަކައެވެ:
«اصْنَعُوا كُلَّ شَيْءٍ إِلَّا النِّكَاحَ».,"""ނިކާޙުކުރުން ފިޔަވައި ކޮންމެކަމެއްވެެސް (ޙައިޟުގެ ދުވަސްވަރުގައި) ތިޔަބައިމީހުން ކުރާށެވެ."""
يَعني: الجِماعَ. رواه مسلمٌ[49]؛,އެބަހީ: ޖިމާޢުވުމެވެ. މި ޙަދީޘް ރިވާކުރެއްވީ މުސްލިމެވެ. [49].
ولأنَّ المُسلِمين أَجمَعوا على تَحرِيمِ وَطءِ الحائضِ في فَرجِها.,އަދި އެހެނީ ޙައިޟުވެރިޔާގެ ފަރުޖަށް ޖިމާޢުވުން ޙަރާމްކަމުގެ މައްޗަށް މުސްލިމުން އިޖުމާޢުވެފައިވެއެވެ.
[49] أخرجه مسلم: كتاب الحيض، باب جواز غسل الحائض رأس زوجها، رقم (302).,[49] މި ޙަދީޘް ނެރުއްވީ މުސްލިމް، ކިތާބުލް-ޙައިޟުގައި، ޙައިޟުވެރިޔާ އެކަނބުލޭގެ ފިރިމީހާގެ ބޯ ދޮވެދިނުން ހުއްދަވެގެންވާކަން ނަންގަނެވުނު ބާބުގައި، ނަމްބަރު 302 ގައެވެ.
فلا يحِلُّ لامرئٍ يُؤمِنُ باللهِ واليومِ الآخِرِ أَنْ يُقْدِمَ على هذا الأمرِ المُنكَرِ الَّذي دَلَّ على المَنعِ مِنه كتابُ اللَّهِ تعالى وسُنةُ رسولِهِ صَلَّى اللَّهُ عَلَيْهِ وَسَلَّم وإجماعُ المُسلِمين، فيكونَ مِمَّن شَاقَّ اللَّهَ ورسولَه، واتَّبعَ غيرَ سَبيلِ المُؤمِنين،,ފަހެ އެހެންކަމުން، ﷲ އާއި އާޚިރަތް ދުވަހަށް އީމާންވާ މީހަކު، ﷲ ތަޢާލާގެ ފޮތާއި އެއިލާހުގެ ރަސޫލު ﷺ ގެ ސުންނަތާއި، އިޖްމާޢުން އެކަން ކުރުން މަނާވެގެންވާކަަމަށް ދަލީލުކޮށްފައިވާ މި ނުބައި މުންކަރާތުގެ މައްޗަށް އަރައިގަތުން ހުއްދަވެގެން ނުވެއެވެ. ފަހެ އެހާރުން އޭނާ ވާހުށީ ﷲ އާއި އެއިލާހުގެ ރަސޫލުއާ ޚިލާފުވެ ދެކޮޅުހަދާ، އަދި މުއުމިނުންގެ މަގު ފިޔަވައި އެހެން މަގަކަށް ތަބަޢަވި މީހެއްކަމުގައެވެ.
قال في المجموع شرح المهذَّبِ (ص: 374، ج2) قالَ الشافعيُّ رَحِمَهُ الله: «مَن فعَلَ ذلكَ فقَدْ أتَـى كَبيرةً». قالَ أصحابُنا وغيرُهم: «مَنِ استحَـلَّ وَطْءَ الحائِـضِ حُكِـمَ بكُفْرِه». اﻫ كلام النوويِّ.,"އަލް-މަޖްމޫޢު ޝަރްޙުލް-މުހައްޛަބުގައި (ޞ: 374، މުޖައްލަދު: 2) ގައި ވިދާޅުވެފައިވެއެވެ. އައް-ޝާފިޢީ رحمه الله ވިދާޅުވިއެވެ: ""އެކަން ކޮށްފި މީހާ އެވަނީ ބޮޑުވެގެންވާ ފާފައެއް ގެނެސްފައެވެ."" 
 އަހަރުމެންގެ މަޛްހަބުގެ ބޭފުޅުންނާއި އެހެން ބޭފުޅުން ވިދާޅުވިއެވެ: ""ޙައިޟުވެރިޔާއާ ޖިމާޢުވުން ހުއްދަކޮށް ޙަލާލުކޮށްފި މީހާ ކާފަރުވެއްޖެކަމަށް ޙުކުމް ކުރެވޭނެތެވެ.""އހ. އައް-ނަވަވީގެ ބަސް ނިމުނީއެވެ."
وقَدْ أُبِيحَ له -وللهِ الحمدُ- ما يَكسِرُ به شَهوتَه دُونَ الجِماعِ، كالتَّقبِيلِ والضَّمِّ والمُباشَرةِ فيما دُونَ الفَرجِ، لكنِ الأَولى ألَّا يُباشِرَ فيما بين السُّرَّةِ والرُّكبةِ إلَّا مِن وراءِ حائلٍ؛,އަދި ގައިމު ﷲ އަށް ޙަމްދުހުއްޓެވެ. ފިރިހެނާގެ ޝަހުވަތްތެރިކަން ފިނިކޮށްލުމަށްޓަކައި، ޖިމާޢުވުން ފިޔަވައި އެހެން ކަންކަންކުރުން، މިޘާލަކަށް: ބޮސްދިނުމާއި، ބައްދާލުމާއި، ފަރުޖު ނޫން އެހެން ތަންތަނުގައި ބީހުން ފަދަ ކަންކަން ކުރުން ހުއްދަވިއެވެ. ނަމަވެސް އެންމެ އަޥްލާވެގެންވަނީ ފޫޅާއި ކަކުލާއި ދެމެދުގައިވާ ޙިސާބުގައި ހުރަހެއްނެތި ނުބީހުމެވެ.
لقولِ عائِشةَ رَضِيَ اللَّهُ عَنْهَا:,އެއީ ޢާއިޝާ رضي الله عنها ގެ ބަސްފުޅަށްޓަކައެވެ:
"""كَانَ النَّبِيُّ صَلَّى اللَّهُ عَلَيْهِ وَسَلَّمَ يَأْمُرُنِي فَأَتَّزِرُ فَيُبَاشِرُنِي وَأَنَا حَائِضٌ"".","""ނަބީ ﷺ އަހަރެން އިޒާރެއް ލުމަށް އަމުރުކުރެއްވުމުން، ދެން އަހަރެން ތިރިން އެއްޗެއް އަނދެލީމާ، އަހަރެން ޙައިޟުވެފައި ހުއްޓާ އެކަލޭގެފާނު އަހަރެންގެ ހަށިގަނޑު ބީހިވަޑައިގަންނަވައެވެ."""
متَّفقٌ عليه[50].,މުއްތަފަޤުން ޢަލައިހި (ބުޚާރީއާއި މުސްލިމް ނެރުއްވާ އެއްބަސްވެވިފައިވާ ޙަދީޘެކެވެ.) [50]،
[50] أخرجه البخاري: كتاب الحيض، باب مباشرة الحائض، رقم (301). ومسلم: كتاب الحيض، باب مباشرة الحائض فوق الإزار، رقم (293).,[50] މި ޙަދީޘް ނެރުއްވީ އަލް-ބުޚާރީ، ކިތާބުލް-ޙައިޟުގައި، ޙައިޟުވެރިޔާއާ ގައިގޯޅިވުން ނަންގަނެވުނު ބާބުގައި، ނަމްބަރު 301 ގައެވެ. އަދި މުސްލިމް، ކިތާބުލް-ޙައިޟުގައި، ޙައިޟުވެރިޔާއާ އިޒާރުގެ މަތިން ގައިގޯޅިވުން ނަންގަނެވުނު ބާބުގައި، ނަމްބަރު 293 ގައެވެ.
لأنَّها إذا طُلِّقَت حالَ الحيضِ لم تَستقبِلِ العِدَّةَ حيثُ إنَّ الحَيضةَ الَّتي طُلِّقَت فيها لا تُحسَبُ مِنَ العِدَّةِ، وإذا طُلِّقَت طاهِرًا بعدَ الجِماعِ، لَمْ تكُنِ العِدَّةُ الَّتي تستقبِلُها مَعلومةً حيثُ إنَّه لا يُعلَمُ هل حمَلَت مِن هذا الجِماعِ، فَتَعْتَدَّ بالحملِ، أو لم تَحمِلْ فَتَعْتَدَّ بالحَيضِ،,އެހެނީ ޙައިޟުގެ ޙާލަތުގައި އެކަނބުލޭގެ ވަރިކޮށްލައިފިނަމަ، ޢިއްދައާ ކުރިމަތިވާ ގޮތަކަށް ނުވާނެއެވެ. އެހެނީ އެކަނބުލޭގެ ވަރިކުރެވުނު ޙައިޟު، ޢިއްދާގެ ތެރޭގައި ނުގުނޭނެތީއެވެ. އަދި އެކަނބުލޭގެ ޙައިޟުން ޠާހިރުވެގެން ހުއްޓާ ޖިމާޢުވުމަށްފަހު ވަރިކޮށްފިނަމަވެސް، ދެން އެކަނބުލޭގެ ކުރިމަތިލާ ޢިއްދަ އެނގިގެންނުވެއެވެ. އެހެނީ އެ ޖިމާޢުވުމުގެ ސަބަބުން އެކަނބުލޭގެ ބަލިވެއިނދެ، ދެން ބަލިވެއިންނަ މީހާގެ ޢިއްދަ ބަލަންވީތޯ، ނުވަތަ ބަލިވެނުއިނުމުން ޙައިޟުން ޢިއްދަ ބަލަންވީތޯއެއް ނޭނގެއެވެ.
فلمَّا لم يحصلِ اليقينُ مِن نوعِ العِدَّةِ حَرُمَ عليهِ الطَّلاقُ حتَّى يتبيَّنَ الأمرُ.,އެހެންކަމުން މަޑުކުރަންޖެހޭ ޢިއްދައިގެ ބާވަތާމެދު ޔަޤީންކަމެއް އޭރުން ނުލިބޭނެތީވެ، ކަންތައް ސާފުކޮށް ވަންދެން އެ ޙާލަތުގައި ވަރިކުރުން ޙަރާމްވެގެންވިއެވެ.
الحُكمُ السابعُ: الطَّلاقُ: يَحرُمُ على الزَّوجِ طَلاقُ الحَائضِ حالَ حَيضِها؛ لقولِه تعالى:,ހަތްވަނަ ޙުކުމް: ވަރިކުރުމެވެ: ޙައިޟުވެފައިވާ އަންހެނާ ޙައިޟުގެ ޙާލަތުގައި ވަރިކުރުން ފިރިމީހާގެ މައްޗަށް ޙަރާމްވެގެންވެއެވެ. އެއީ ﷲ ތަޢާލާގެ ބަސްފުޅަށްޓަކައެވެ:
﴿يَاأَيُّهَا النَّبِيُّ إِذَا طَلَّقْتُمُ النِّسَاء فَطَلِّقُوهُنَّ لِعِدَّتِهِنَّ...﴾,"﴿يَاأَيُّهَا النَّبِيُّ إِذَا طَلَّقْتُمُ النِّسَاء فَطَلِّقُوهُنَّ لِعِدَّتِهِنَّ...﴾
 މާނައީ: ""އޭ ނަބިއްޔެވެ! ތިޔަބައިމީހުން އަނބިން ވަރިކުރާނަމަ، ފަހެ، އެކަނބަލުންގެ ޢިއްދައަށް (ފެށޭގޮތުގައި ސުންނީ ވަރިޔަކުން) ތިޔަބައިމީހުން އެކަނބަލުން ވަރިކުރާށެވެ!..."""
[الطلاق:1],[އައް-ޠަލާޤު:1]
أي: في حالٍ يَستَقبِلْنَ به عِدَّةً مَعلومةً حينَ الطَّلاقِ، ولا يكونُ ذلك إلَّا إذا طلَّقَها حامِلًا أو طاهِرًا مِن غيرِ جِماعٍ؛,އެބަހީ: ވަރިކުރާއިރު އެނގިގެންވާނޭ ޢިއްދައަކަށް ކުރިމަތިލާންޖެހޭ ގޮތަށްވާ ޙާލަތެއްގައި ވަރިކުރާށެވެ. އެގޮތަށް އެކަންވާނީ އެކަނބުލޭގެ މާބަނޑުވެފައި އިންދާ ވަރިކޮށްފިނަމަ، ނުވަތަ ޠާހިރުވެފައި ހުއްޓާ ޖިމާޢުވުމެއްނެތި ވަރިކޮށްފިނަމައެވެ.
فطـلاقُ الحائِـضِ حالَ حيضِها حرامٌ للآيـةِ السابِقـةِ؛,ފަހެ ޙައިޟުވެރިޔާ ޙައިޟުގެ ދުވަސްވަރު ވަރިކުރުމަކީ އިސްވެދިޔަ އާޔަތަށްޓަކައި ޙަރާމްވެގެންވާ ކަމެކެވެ.
ولِما ثبَتَ في الصَّحيحين وغيرِهِما من حديث ابنِ عُمرَ «أنَّه طلَّـقَ امرأتَه وهيَ حائضٌ، فأَخبَرَ عمرُ بذلكَ النبيَّ صَلَّى اللَّهُ عَلَيْهِ وَسَلَّم فتغيَّظَ فيه رَسُولُ الله صَلَّى اللَّهُ عَلَيْهِ وَسَلَّم وقالَ:,އަދި އެއީ ދެ ޞަޙީޙުއާއި އެހެން ފޮތްތަކުގައި ޘާބިތުވެގެންވާ، އިބްނު ޢުމަރުގެ ޙަދީޘަށްޓަކައެވެ. އެކަލޭގެފާނުގެ އަނބިކަނބަލުން ޙައިޟުވެފައި ވަނިކޮށް ވަރިކުރެއްވިއެވެ. ދެން ޢުމަރުގެފާނު އެ ޚަބަރު ނަބީ ﷺ އަށް ދެއްވުމުން، އެކަމާމެދު ﷲ ގެ ރަސޫލު ﷺ ކޯފާއިސްކުރައްވާ ޙަދީޘްކުރެއްވިއެވެ:
«مُرْهُ فَلْيُرَاجِعْهَا ثُمَّ لِيُمْسِكْهَا حَتَّى تَطْهُرَ، ثُمَّ تَحِيضَ، ثُمَّ تَطْهُرَ، ثُمَّ إِنْ شَاءَ أَمْسَكَ بَعْدُ، وَإِنْ شَاءَ طَلَّقَ قَبْلَ أَنْ يَمَسَّ، فَتِلْكَ الْعِدَّةُ الَّتِي أَمَرَ اللَّهُ أَنْ تُطَلَّقَ لَهَا النِّسَاءُ»[51].,"""ފަހެ އެ އަންހެނާ އަނބުރާ ރުޖޫޢުކުރުމަށް އޭނާއަށް އަމުރުކުރާށެވެ. ދެން އެކަނބުލޭގެ ޠާހިރުވަންދެން ބަހައްޓާށެވެ. ދެން އެކަނބުލޭގެ ޙައިޟުވެފައި، ދެން ޠާހިރުވުމުން، ދެން އޭނާ ބޭނުންނަމަ، ވަރި ނުކޮށް ހިފަހައްޓަންވީއެވެ. އަދި ބޭނުންނަމަ، އެކަނބުލޭގެ ގައިގައި ބީހުމުގެ ކުރިން ވަރިކުރަންވީއެވެ. ފަހެ އަންހެންތަކުން އެ ޢިއްދައަށްވާ ގޮތަށް ވަރިކުރުމަށް ﷲ އަމުރުކުރައްވާފައިވާ ޢިއްދައަކީ އެއީއެވެ."" [51]"
[51] أخرجه البخاري: كتاب الطلاق، رقم (5251). ومسلم: كتاب الطلاق، باب تحريم طلاق الحائض بغير رضاها، وأنه لو خالف وقع الطلاق، ويؤمر برجعتها، رقم (1471)، من حديث ابن عمر رضي الله عنهما.,[51] މި ޙަދީޘް ނެރުއްވީ އަލް-ބުޚާރީ، ކިތާބުއް-ޠަލާޤުގައި، ނަމްބަރު 5251 ގައެވެ. އަދި މުސްލިމް، ކިތާބުއް-ޠަލާޤުގައި، ރުހުންނެތި ޙައިޟުވެރިޔާ ވަރިކުރުން ޙަރާމްވެގެންވާކަމާއި، އަދި އެއާ ޚިލާފުވެ ވަރިކުރިޔަސް ވަރިވާނޭކަމާއި އެކަމަކު ރުޖޫޢަކުރުމަށް އަމުރުކުރެވޭނެކަން ނަންގަނެވުނު ބާބުގައި، ނަމްބަރު 1471 ގައެވެ. އެއީ އިބްނު ޢުމަރު رضي الله عنهما ގެ ޙަދީޘުންނެވެ.
فلو طلَّقَ الرجلُ امرأتَه وهي حائضٌ فهو آثِمٌ، وعليهِ أَنْ يتوبَ إلى الله تعالى، وأَنْ يَردَّ المرأةَ إلى عِصمتِه لِيُطلِّقَها طلاقًا شرعيًّا موافِقًا لأمرِ الله ورسولِه، فيَتركَها بعدَ ردِّها حتَّى تَطهرَ من الحيضةِ الَّتي طلَّقَها فيها، ثُم تَحيضَ مرَّةً أُخرى، ثُم إذا طهُرَت فإِنْْ شاءَ أَبقاها وإنْ شاءَ طلَّقَها قبلَ أن يُجامِعَها.,ފިރިހެނަކު އޭނާގެ އަނބިމީހާ ޙައިޟުގެ ޙާލަތުގައި ހުއްޓާ ވަރިކޮށްފިނަމަ، އޭނާ ފާފަވެރިވާނެއެވެ. އަދި އޭނާގެ މައްޗަށްވަނީ ﷲ ތަޢާލާގެ ޙަޟްރަތަށް ތަޥްބާވުމެވެ. އަދި ﷲ އާއި އެއިލާހުގެ ރަސޫލުގެ އަމުރުފުޅާ އެއްގޮތަށް، ޝަރުޢީ ވަރިޔަކުން އެކަނބުލޭގެ ވަރިކުރުމަށްޓަކައި އެ އަންހެނާ އަނބުރާ އޭނާގެ ބެލުމުގެ ދަށަށް ގެންދިޔުމެވެ. ދެން އެކަނބުލޭގެ އަނބުރާ ގެނައުމަށްފަހު، އެވަރި ކުރެވުނު ޙައިޟުން ރަނގަޅު ވަންދެން ބަހައްޓާފައި، ދެން އަނެއްކާ އެކަނބުލޭގެ ޙައިޟުވެފައި، ދެން ރަނގަޅުވެ ޠާހިރުވުމުން ދެން އޭނާ ބޭނުންނަމަ، ވަރިނުކޮށް ބަހައްޓަންވީއެވެ. އަދި އޭނާ ބޭނުންނަމަ، އެކަނބުލޭގެއާ ޖިމާޢުވުމުގެ ކުރިން ވަރިކުރަންވީއެވެ.
ويُستَثْنى من تحريمِ الطَّلاقِ في الحَيضِ ثلاثَ مسائِلَ:,އަދި ޙައިޟުވެފައި ހުއްޓާ ވަރިކުރުން ޙަރާމްވެގެންވުމުގެ ތެރެއިން ތިން މައްސަލައެއް އިސްތިޘްނާ ކުރެވެއެވެ:
الأُولى: إذا كان الطَّلاقُ قبلَ أَنْ يخلوَ بها، أو يَمسَّها فلا بأسَ أن يُطلِّقَها وهي حائِضٌ؛,ފުރަތަމައީ: އެއީ އެ އަންހެނާއާއެކު އެކަހެރިވުމުގެ ކުރިން، ނުވަތަ ބީހުމުގެ ކުރިންނަމަ، ފަހެ އެހިނދުން އެކަނބުލޭގެ ޙައިޟުވެފައި ހުއްޓާ ވަރިކުރުމަކުން މައްސަލައެއް ނެތެވެ.
لأنَّه لا عِدَّةَ عليها حِينئِذٍ، فلا يَكونُ طَلاقُها مُخالِفًا؛ لقولِه تعالى:,އެހެނީ އެހިނދުން އެކަނބުލޭގެ މަޑުކުރަންޖެހޭ ޢިއްދައެއް ނުވެއެވެ. އެހެންކަމުން އެކަނބުލޭގެ ވަރިކުރުން ﷲ ތަޢާލާގެ ބަސްފުޅާ ޚިލާފުވެގެން ނުވެއެވެ:
﴿...فَطَلِّقُوهُنَّ لِعِدَّتِهِنَّ...﴾,"﴿...فَطَلِّقُوهُنَّ لِعِدَّتِهِنَّ...﴾
 މާނައީ: ""...ފަހެ އެކަނބަލުންގެ ޢިއްދައަށްވާ ގޮތަށް (ޢިއްދަ ފެށޭގޮތުގައި ސުންނީ ވަރިޔަކުން) ތިޔަބައިމީހުން އެ ކަނބަލުން ވަރިކުރާށެވެ! ..."""
[الطلاق:1].,[އައް-ޠަލާޤު:1].
الثانيةُ: إذا كانَ الحيضُ في حالِ الحملِ، وسبَقَ بيانُ سَببِ ذلكَ.,ދެވަނައީ: ޙައިޟުވެފައި ހުރީ ބަލިވެއިން ޙާލަތުގައި ކަމުގައިވާނަމައެވެ. އަދި އެކަމުގެ ސަބަބު އިސްވެ ބަޔާންވެއްޖެއެވެ.
الثالثةُ: إذا كان الطَّـلاقُ على عِوَضٍ، فـإنَّه لا بأسَ أَنْ يُطلِّقَـها وهي حائضٌ.,ތިންވަނައީ: އެ ވަރިއަކީ ބަދަލެއް ދޭގޮތުގެ މައްޗަށް ބިނާވެފައިވާ ވަރިއެއްނަމައެވެ. އެހިނދުން ޙައިޟުވެފައި ހުއްޓާ އެކަނބުލޭގެ ވަރިކުރުމަކުން މައްސަލައެއް ނެތެވެ.
مِثلَ أن يَكونَ بين الزَّوجَيْن نِزاعٌ وسُوءُ عِشرةٍ فيَأخُذُ الزَّوجُ عِوضًا لِيُطَلِّقَها، فيجوزُ ولو كانت حائِضًا؛,މިޘާލަކަށް: ދެމަފިރިންގެ ދެމެދުގައި ދެބަސްވުމާއި ދިރިއުޅުމުގެ ކަންކަން ގޯސްވެފައިވަނިކޮށް، ދެން އެ އަންހެނާ ވަރިކޮށްދޭމަތިން ފިރިމީހާއަށް ބަދަލެއްދީގެން ވަރިކުރުމެވެ. (އެބަހީ: ޚުލްޢު ވަރިއެވެ.) އެކަން ހުއްދަވެގެންވެއެވެ. އެކަނބުލޭގެ ޙައިޟުވެފައި ހުއްޓަސް ވަރިހަމައެވެ.
لحَديثِ ابنِ عباسٍ رَضِيَ الله عَنْهُمَا أنَّ امرأةَ ثابتِ بنِ قَيسِ بنِ شَمَّاسٍ جاءَتْ إلى النبيِّ صَلَّى اللَّهُ عَلَيْهِ وَسَلَّم فقالَتْ: يا رسولَ الله إنِّي ما أَعْتِبُ عليه في خُلقٍ ولا دِينٍ، ولكِنْ أكرَهُ الكفرَ في الإسلامِ. فقالَ النبيُّ صَلَّى اللَّهُ عَلَيْهِ وَسَلَّم:,"އެއީ އިބްނު ޢައްބާސް رضي الله عنهما ގެ ޙަދީޘަށްޓަކައެވެ. އެއީ ޘާބިތު ބްނު ޤައިސު ބްނު ޝައްމާސްގެ އަންހެނުން ނަބީ ﷺ ގެ އަރިހަށް އައިސް ދެންނެވިކަމަށެވެ: އޭ ﷲ ގެ ރަސޫލެވެ! އޭނާގެ ޚުލްޤާމެދު އަދި ދީންވެރިކަމާމެދުގައިވެސް ކުށްވެރިކޮށް އަހަރެން ޝަކުވާއެއް ނުކުރަމެވެ. އެހެންނަމަވެސް އިސްލާމްކަމުގައި ހުރެގެން ކުފުރުވުމަށް (ފިރިމީހާއަށް ނުކިޔަމަންތެރިވެވުމަށް) އަހަރެން ނުރުހުންވަނީއެވެ."" ދެން ނަބީ ﷺ ޙަދީޘްކުރެއްވިއެވެ:"
«أَتَرُدِّينَ عَلَيْهِ حَدِيقَتَهُ؟»,"""ކަނބުލޭގެ އޭނާގެ ބަގީޗާ އަނބުރާ އޭނާއަށް ރައްދުކުރާނަން ހެއްޔެވެ؟"""
قالت: نعَمْ. فقالَ رسولُ اللَّهِ صَلَّى اللَّهُ عَلَيْهِ وَسَلَّم:,"އެކަމަނާ ދެންނެވިއެވެ: ""އާދޭހެވެ."" ދެން ﷲ ގެ ރަސޫލު ﷺ (ޘާބިތު ބްނު ޤައިސުއަށް) ޙަދީޘްކުރެއްވިއެވެ:"
«اقْبَلِ الْحَدِيقَةَ وَطَلِّقْهَا تَطْلِيقَةً»,"""ތިބާ ބަގީޗާ ޤަބޫލުކޮށްފައި، އަދި އެކަނބުލޭގެ އެއްފަށް ވަރިޔަކުން ވަރިކުރާށެވެ."""
[رواه البخاريُّ][52].,[ރިވާކުރެއްވީ އަލް-ބުޚާރީއެވެ.][52].
[52] أخرجه البخاري: كتاب الطلاق، باب الخلع وكيف الطلاق فيه، رقم (5273)، من حديث ابن عباس رضي الله عنهما.,[52] މި ޙަދީޘް ނެރުއްވީ އަލް-ބުޚާރީ، ކިތާބުއް-ޠަލާޤުގައި، ޚުލްޢުކުރުމާއި އޭގައި ވަރިކުރުންވާ ގޮތް ނަންގަނެވުނު ބާބުގައި، ނަމްބަރު 5273 ގައެވެ. އެއީ އިބްނު ޢައްބާސް رضي الله عنهما ގެ ޙަދީޘުންނެވެ.
ولم يَسألِ النبيُّ صَلَّى الله عَلَيْهِ وَسَلَّم: هل كانَتْ حائِضًا أو طاهِرًا؟ ولأنَّ هذا الطَّلاقَ افتداءٌ مِنَ المرأةِ عن نفسِها فجازَ عندَ الحاجةِ إليه على أيِّ حالٍ كانَ.,އަދި އެކަނބުލޭގެ ހުރީ ޙައިޟުވެފައިތޯ ނުވަތަ ޠާހިރުވެފައިތޯއެއް ނަބީ ﷺ ސުވާލު ނުކުރައްވައެވެ. އެހެނީ މި ވަރިޔަކީ، އަންހެނާ އެކަނބުލޭގެ އަމިއްލަ ނަފްސު ފިދްޔަ ދީގެން ލިބިގަތުމެއް ކަމުގައިވާތީއެވެ. އެހެންކަމުން ކޮންމެ ޙާލެއްގައިވެސް އެކަމަށް ޙާޖަތް ޖެހޭހިނދު ހުއްދަވެގެންވެއެވެ.
قال في المُغنـي معلِّلًا جوازَ الخُلـعِ حالَ الحَيضِ (ص: 52، ج 7، ط م):,އަލް-މުޣްނީގައި ޙައިޟު ދުވަސްވަރު ޚުލްޢުކުރުން ހުއްދަވި ސަބަބު ބަޔާންކުރައްވަމުން ވިދާޅުވެފައިވެއެވެ. (ޞ: 52، މުޖައްލަދު 7):
«لأنَّ المَنعَ منَ الطَّلاقِ في الحَيضِ مِن أجلِ الضَّرَرِ الَّذي يلحَقُها بطُولِ العِدَّةِ، والخُلعُ لإزالةَ الضَّرَرِ الَّذي يلحقُها بسُوءِ العِشْرَةِ والمُقامِ معَ مَن تَكرهُهُ وتبغضُه، وذلك أعظمُ من ضرَرِ طُولِ العِدَّةِ، فجاز دفعُ أعلاهُما بأدناهُما؛ ولذلِكَ لم يسأَلِ النبيُّ صَلَّى اللَّهُ عَلَيْهِ وَسَلَّم المُخْتَلِعَةَ عن حالِها». اﻫ كلامُه.,އެހެނީ ޙައިޟު ދުވަސްވަރުގައި ވަރިކުރެވުން މަނާވެގެންވަނީ މަޑުކުރަންޖެހޭ ޢިއްދަ ދިގުވެގެންވާތީވެ އެކަނބުލޭގެއަށް ޖެހޭނެ ގެއްލުމަށްޓަކައެވެ. އަނެއްކޮޅުން ޚުލްޢުކުރުމަކީ، އަންހެނާ ނުރުހޭ އަދި ރުޅިއަންނަ މީހަކާއެކީ ދިރިއުޅެގެން ލިބޭ ގެއްލުން ފިލުވާލުމަށްވާ ކަމެކެވެ. ޢިއްދަ ދިގުވުމަށްވުރެ އެކަމުގެ ގެއްލުން ބޮޑެވެ. ދެންފަހެ ކުޑަ ގެއްލުމުން ބޮޑު ގެއްލުން ދުރުކުރުން ހުއްދަވިއެވެ. އެކަމަށްޓަކައި ޚުލްޢުކުރި އަންހެނާގެ ޙާލަތާ ބެހޭގޮތުން ނަބީ ﷺ ސުވާލު ނުކުރައްވައެވެ. އހ. އެބޭފުޅާގެ ބަސްކޮޅު ނިމުނީއެވެ.
وأمَّا عَقدُ النكاحِ على المرأةِ وهيَ حائضٌ فلا بأسَ بـهِ؛ لأنَّ الأصلَ الحِلُّ، ولا دَليلَ على المنعِ مِنه، لكِنْ إدخالُ الزوجِ عليها وهي حائِضٌ يُنظرُ فيه فإِنْ كانَ يُؤْمَنُ مِن أَنْ يَطَأَها فلا بأسَ، وإلَّا فلا يُدخَلُ عليها حتَّى تَطْهُرَ خوفًا من الوقوعِ في الممنوعِ.,ދެންފަހެ އަންހެނާ ޙައިޟުވެފައި ހުއްޓާ އެކަނބުލޭގެއާ ކައިވެނި ޢަޤުދުކުރުމުގައި މައްސަލައެއް ނެތެވެ. އެހެނީ އަޞްލަކީ އެކަން ހުއްދަވުމެވެ. އަދި އެކަން މަނާކުރުމަށް ދަލީލެއް ނެތެވެ. ނަމަވެސް އެކަނބުލޭގެ ގާތަށް ފިރިމީހާ ވެއްދުމާމެދު ޖެހޭނީ ބަލާށެވެ. އެގޮތުން އެ އަންހެނާއާ ޖިމާޢު ނުވާނޭކަމުގެ އަމާންކަން އޮވެއްޖެނަމަ މައްސަލައެއް ނެތެވެ. އެހެންނޫންނަމަ އެކަނބުލޭގެ ޠާހިރުވެއްޖައުމަށް ދާންދެން އެކަނބުލޭގެ ގާތަށް ފިރިމީހާ ނުވެއްދެއެވެ. އެއީ މަނާވެގެންވާ ކަންތަކަށް ވެއްޓިދާނޭކަމަށް ބިރުންނެވެ.
الحُكمُ الثامنُ: اعتبارُ عِدَّةِ الطَّلاقِ به -أيِ: الحَيضِ-: فإذا طَلَّقَ الرَّجُلُ زوجتَه بعدَ أن مسَّها أو خَلا بِها وجَبَ عليها أن تَعْتَدَّ بثلاثِ حِيَضٍ كاملةٍ، إن كانت مِن ذواتِ الحَيضِ، ولم تكُنْ حامِلًا؛ لقولِه تعالى:,އަށްވަނަ ޙުކުމް: އެއަށް ބަލައިގެން -އެބަހީ: ޙައިޟަށް ބަލައިގެން- ޢިއްދަ ހަމަޖެއްސުމެވެ. އެގޮތުން މީހާ އޭނާގެ އަނބިމީހާގެ ގައިގައި ބީހުމަށްފަހު ނުވަތަ އެކަހެރިވުމަށް ފަހު ވަރިކޮށްފިނަމަ، ފުރިހަމަ ތިން ޙައިޟު ޢިއްދައިގެ ގޮތުގައި ހަމަކުރުން ވާޖިބުވެގެންވެއެވެ. އެއީ އެކަނބުލޭގެއަކީ ޙައިޟުވާ އަންހެނެއްކަމުގައި ވާނަމަ، އަދި މާބަނޑު މީހެއްކަމުގައި ނުވާނަމައެވެ. ﷲ ތަޢާލާގެ މި ބަސްފުޅަށްޓަކައެވެ:
﴿وَٱلۡمُطَلَّقَٰتُ يَتَرَبَّصۡنَ بِأَنفُسِهِنَّ ثَلَٰثَةَ قُرُوٓءٖۚ...﴾,"﴿وَٱلۡمُطَلَّقَٰتُ يَتَرَبَّصۡنَ بِأَنفُسِهِنَّ ثَلَٰثَةَ قُرُوٓءٖۚ...﴾
 މާނައީ: އަދި ވަރިކޮށްފައިވާ އަންހެނުން، އެ ކަނބަލުންގެ އަމިއްލަ ނަފްސުތަކާއިގެން ތިން ޤުރްއު ވަންދެން އިންތިޒާރުކުރާހުށިކަމެވެ..."""
[البقرة:228]،,[ އަލް-ބަޤަރާ: 228]،
أي: ثلاثَ حِيَضٍ.,އެބަހީ: ތިން ޙައިޟެވެ.
فإن كانت حامِلًا فعِدَّتُها إلى وضعِ الحملِ كُلِّهِ، سواءٌ طالَتِ المُدَّةُ أو قَصُرَتْ؛ لقولِه تعالى:,ދެންފަހެ އެކަނބުލޭގެ ބަލިވެއިން ކަމުގައިވާނަމަ، ޢިއްދައަކަށް ވާހުށީ އެއްކޮށް ވިހެއުމެވެ. އެއީ މުއްދަތު ދިގުވިޔަސް ކުރިވިޔަސްމެއެވެ. އެއީ އެއިލާހުގެ މި ބަސްފުޅަށްޓަކައެވެ:
﴿...وَأُوْلاَتُ الأَحْمَالِ أَجَلُهُنَّ أَن يَضَعْنَ حَمْلَهُنَّ...﴾,"﴿...وَأُوْلاَتُ الأَحْمَالِ أَجَلُهُنَّ أَن يَضَعْنَ حَمْلَهُنَّ...﴾
 މާނައީ: ""...އަދި މާބަނޑު އަންހެނުންގެ ޢިއްދައަކީ، އެ ކަނބަލުންގެ ބަނޑުގައިވާ ދަރި ވިހެއުމެވެ..."""
[الطلاق:4]،,[އައް-ޠަލާޤު: 4].
وإن كانَت مِن غيرِ ذواتِ الحَيضِ كالصَّغيرةِ التي لم يبدَأْ بها الحيضُ والآيِسَةُ من الحيضِ لكِبرٍ أو عَمَلِيَّةٍ استأصَلَت رَحِمَها أو غيرِ ذلك مِمَّا لا تَرجُو معه رُجوعَ الحيضِ، فعِدَّتُها ثلاثةُ أشهُرٍ؛ لقولِه تعالى:,އަދި އެއީ ޙައިޟުގެ ކަންތައް ނުޖެހޭ މީހެއްނަމަ، މިޘާލަކަށް އަދި ޙައިޟުވާން ނުފަށާ ކުޑަކުއްޖެއް ނަމަ، ނުވަތަ މުސްކުޅިވުމުގެ ސަބަބުން ނުވަތަ ރަޙިމް ނެގުމުގެ ސަބަބުން ޙައިޟުވުން ހުއްޓިފައިވާ، ނުވަތަ އެނޫންވެސް އެކަމަކާހުރެ އަނބުރާ ޙައިޟުވުމުގެ އުއްމީދެއް މީހެއްނަމަ، ފަހެ އެ އަންހެނާގެ ޢިއްދައަކީ ތިން މަހެވެ. އެއީ ﷲ ތަޢާލާގެ މި ބަސްފުޅަށްޓަކައެވެ:
﴿وَاللاَّئِي يَئِسْنَ مِنَ الْمَحِيضِ مِن نِّسَائِكُمْ إِنِ ارْتَبْتُمْ فَعِدَّتُهُنَّ ثَلاَثَةُ أَشْهُرٍ وَاللاَّئِي لَمْ يَحِضْنَ...﴾,"﴿وَاللاَّئِي يَئِسْنَ مِنَ الْمَحِيضِ مِن نِّسَائِكُمْ إِنِ ارْتَبْتُمْ فَعِدَّتُهُنَّ ثَلاَثَةُ أَشْهُرٍ وَاللاَّئِي لَمْ يَحِضْنَ...﴾
 މާނައީ: ""އަދި ތިޔަބައިމީހުންގެ އަންހެނުންކުރެ ޙައިޟުން އުންމީދު ކެނޑިފައިވާ މީހުންނާމެދު ތިޔަބައިމީހުން ޝައްކުކުރާނަމަ، ފަހެ، އެކަނބަލުންގެ ޢިއްދައަކީ، އަދި ޙައިޟުނުވާ މީހުންގެ ޢިއްދައަކީވެސް ތިންމަސް ދުވަހެވެ..."""
[الطلاق:4]،,[އައް-ޠަލާޤު: 4].
وإن كانت مِن ذواتِ الحيضِ لكِنِ ارتفعَ حيضُها لِسَبَبٍ مَعلومٍ كالمَرضِ والرَّضاعِ فإنَّها تَبقى في العِدَّةِ وإن طالَتِ المُدَّةُ حتَّى يعُودَ الحيضُ فَتَعْتَدُّ به،,އަދި އެކަނބުލޭގެއަކީ، ޙައިޟުގެ ކަންތައް ދިމާވާ އަންހެނަކަށް ވެފައި، އެކަމަކު ބައްޔެއްގެ ސަބަބުން އަދި ގާތުން ކިރުދިނުންފަދަ އެނގިގެންވާ ސަބަބަކާހުރެ، ޙައިޟުވުން މެދުކެނޑިފައިވާ އަންހެނެއްނަމަ، ފަހެ އެކަނބުލޭގެ ޖެހޭނީ ޙައިޟު އަނބުރާ އަންނަންދެން ހަމަ ޢިއްދަ ހަމަކުރަން މަޑުކުރާށެވެ. އެއީ މުއްދަތު ކިތަންމެ ދިގުވިޔަސްމެއެވެ.
فإِنْ زالَ السببُ ولم يعُدِ الحيضُ بأَنْ برَأَت مِن المرضِ أوِ انتَهَت من الرضاعِ وبقِيَ الحيضُ مرتفِعًا فإنَّها تعتدُّ بسَنةٍ كاملةٍ من زوالِ السببِ،,ދެންފަހެ އެ ސަބަބު ފިލައިގޮސްފައިވެސް ޙައިޟު އަނބުރާ ނާންނަމަ، މިޘާލަކަށް ބަލިން ފަސޭހަވެ ނުވަތަ ގާތުން ކިރުދިނުން ނިންމާލުމުންވެސް ޙައިޟު ހުއްޓިގެންވާނަމަ، ފަހެ އެކަނބުލޭގެ ސަބަބު ފިލައިދިޔަ ވަޤުތުން ފަށައިގެން ފުރިހަމަ އަހަރެއް ވަންދެން ޢިއްދައިގެ ގޮތުގައި އިންނާނީއެވެ.
وهذا هو القولُ الصَّحيحُ، الَّذي يَنطَبِقُ على القَواعِدِ الشَّرعيَّةِ،,ޝަރުޢީ ޤަވާޢިދުތަކަށް ފެތިގެންވާ ޞައްޙަ ޤަޥްލަކީ މިއެވެ.
فإنَّه إذا زالَ السَّبَبُ ولم يَعُدِ الحيضُ صارَت كمَنِ ارتفعَ حيضُها لغيرِ سَبَبٍ مَعلومٍ، وإذا ارتفعَ حيضُها لغيرِ سَبَبٍ مَعلومٍ، فإنَّها تَعْتَدُّ بسَنةٍ كامِلةٍ تِسعةِ أشهرٍ للحملِ احتياطًا؛ لأنَّها غالبُ الحملِ، وثلاثةِ أشهرٍ للعِدَّةِ.,ފަހެ އެހެނީ ސަބަބު ފިލައިގޮސްފައިވެސް ޙައިޟު އަނބުރާ ނާންނަނަމަ، އެކަނބުލޭގެ ވާހުށީ އެނގިގެން ނުވާ ސަބަބަކާހުރެ ޙައިޟުވުން ހުއްޓިފައިވާ އަންހެނެއް ފަދައިންނެވެ. އަދި އެނގިގެންނުވާ ސަބަބަކާހުރެ ޙައިޟުވުން ހުއްޓިއްޖެނަމަ، ފަހެ އެކަނބުލޭގެ އަހަރެއް ފުރިހަމަ ވަންދެން ޢިއްދާގައި މަޑުކުރާނީއެވެ. އެއީ ރައްކާތެރިވުމުގެ ގޮތުން، ނުވަމަސް ބަލިވެއިނދެފާނެ ކަމަށްޓަކައެވެ. އެއީ ޢާއްމުކޮށް ބަލިވެއިންނަ މުއްދަތުކަމުގައި ވާތީއެވެ. އަދި އަނެއް ތިންމަސް ޢިއްދައިގެ ގޮތުގައެވެ.
أمَّا إذا كانَ الطَّلاقُ بعدَ العَقدِ وقبلَ المَسِيسِ والخَلوةِ، فليسَ فيه عِدَّةٌ إطلاقًا، لا بِحيضٍ ولا غيرِه؛ لقولِه تعالى:,ދެންފަހެ ވަރިކުރެވުނީ ކައިވެނީގެ ޢަޤުދަށްފަހު އެކަމަކު ބީހުމުގެ ކުރިން އަދި އެކަހެރިވުމުގެ ކުރިންނަމަ، ފަހެ އެ ޙާލަތުގައި އެއްވެސް ޢިއްދައެއް ނުވެއެވެ. ޙައިޟުންވިޔަސް އަދި އެހެން ގޮތަކުންވިޔަސްމެއެވެ. އެއީ ﷲ ތަޢާލާގެ މި ބަސްފުޅަށްޓަކައެވެ:
﴿يَاأَيُّهَا الَّذِينَ آمَنُوا إِذَا نَكَحْتُمُ الْمُؤْمِنَاتِ ثُمَّ طَلَّقْتُمُوهُنَّ مِن قَبْلِ أَن تَمَسُّوهُنَّ فَمَا لَكُمْ عَلَيْهِنَّ مِنْ عِدَّةٍ تَعْتَدُّونَهَا...﴾,"﴿يَاأَيُّهَا الَّذِينَ آمَنُوا إِذَا نَكَحْتُمُ الْمُؤْمِنَاتِ ثُمَّ طَلَّقْتُمُوهُنَّ مِن قَبْلِ أَن تَمَسُّوهُنَّ فَمَا لَكُمْ عَلَيْهِنَّ مِنْ عِدَّةٍ تَعْتَدُّونَهَا...﴾
 މާނައީ: ""އޭ އީމާންވެއްޖެ މީސްތަކުންނޭވެ! ތިޔަބައިމީހުން، މުއުމިނު އަންހެނުންނާ ކާވެނިކޮށް، ދެން އެކަނބަލުންގެ ގާތުގައި ރޭކުރުމުގެ ކުރިން، ތިޔަބައިމީހުން އެކަނބަލުން ވަރިކޮށްފިނަމަ، ޢިއްދައިގެ ގޮތުން ތިޔަބައިމީހުން ގުނާނެ ދުވަސްތަކެއް އެކަނބަލުންގެ މައްޗަށް ތިޔަބައިމީހުންނަކަށް ނުވެތެވެ..."""
[الأحزاب:49].,[އަލް-އަޙްޒާބު: 49].
الحُكمُ التاسعُ: الحُكمُ بِبَراءَةِ الرَّحِمِ، أي: بِخُلُوِّهِ مِنَ الحملِ، وهذا يحتاجُ إليه كلَّما احتيجَ إلى الحُكمِ بِبَراءَةِ الرَّحِمِ، ولهُ مسائلُ:,ނުވަވަނަ ޙުކުމް: ރަޙިމު ބަރީއަވެގެންވާކަމަށް ޙުކުމްކުރުމެވެ: އެބަހީ: ރަޙިމުގައި ދަރިއެއް ނެތްކަން އަދި ބަލިވެނީންނަކަމަށް ޙުކުމް ކުރުމެވެ. މިއީ ރަޙިމު ބަރީއަވެ ހުސްކަމާމެދު ޙުކުމް ކުރަން ޖެހޭ ކޮންމެ ވަޤުތެއްގައިވެސް ބޭނުންޖެހޭ ކަމެކެވެ. މިކަމުގައި މައްސަލަތަކެއްވެއެވެ:
مِنها: إذا ماتَ شخصٌ عنِ امرأةٍ يَرِثُهُ حَملُها، وهي ذاتُ زَوجٍ، فإنَّ زَوجَها لا يَطؤُها حتَّى تحيضَ، أو يَتَبَيَّنَ حَملُها، فإِنْ تبيَّنَ حملُها حكَمْنا بِإِرْثِهِ لحُكمِنا بوجودِه حينَ موتِ مُوَرِّثِهِ، وإن حاضَتْ حكَمْنا بِعَدَمِ إِرْثِهِ لحُكمِنا بِبَراءَةِ الرَّحِمِ بالحيضِ.,އޭގެ ތެރޭގައި: ބަނޑުގައި އޮތް ދަރިޔަކަށް ވާރުތައަރާ ގޮތަށްވާ އަންހެނަކު ދޫކޮށްފައި ފިރިހެނާ މަރުވެއްޖެނަމަ، -އަދި މި އަންހެނާއަކީ ފިރިޔަކު ހުރި މީހެއްނަމަ،- ފަހެ އެކަނބުލޭގެ ޙައިޟުވެއްޖައުމަށް ދާންދެން ނުވަތަ ބަލިވެއިންކަން ސާފުވަންދެން އެކަނބުލޭގެ ފިރިމީހާ ޖިމާޢުނުވާ ހުއްޓެވެ. ދެންފަހެ އެކަނބުލޭގެ ބަލިވެއިންކަން ހާމަވެ ސާފުވެއްޖެނަމަ، އެ ދަރިފުޅަށް ވާރުތަވާނޭކަމަށް އަހަރުމެން ޙުކުމްކުރަމެވެ. އެއީ ތަރިކައިގެ ވެރިޔާ މަރުވިހިނދު އެކުއްޖާ ވުޖޫދުގައިވާކަމަށް އަހަރުމެން ޙުކުމްކުރީމައެވެ. އަދި އެކަނބުލޭގެ ޙައިޟުވެއްޖެނަމަ، ވާރުތަކުރާނޭ ކުއްޖަކު ނެތްކަމަށް އަހަރުމެން ޙުކުމްކުރަމެވެ. އެއީ ޙައިޟުވުމުގެ ސަބަބުން ރަޙިމު ބަރީއަވެގެންވާކަމަށް އަހަރުމެން ޙުކުމްކުރުމުންނެވެ.
الحُكمُ العاشرُ: وجوبُ الغُسلِ: فيجِبُ على الحائضِ إذا طَهُرَتْ أن تَغتَسِـلَ بِتَطـهِيرِ جميعِ البَدَنِ؛,ދިހަވަނަ ޙުކުމް: ހިނައިގަތުން ވާޖިބުވުމެވެ. އެގޮތުން ޙައިޟުވެރިޔާ ޠާހިރުވެއްޖެނަމަ، މުޅި ހަށިގަނޑު ޠާހިރުކޮށްގެން ހިނައިގަތުން ވާޖިބުވެގެންވެއެވެ.
لقـولِ النبـيِّ صَلَّى اللَّهُ عَلَيْهِ وَسَلَّم لفاطِمـةَ بنتِ أبي حُبَيشٍ:,އެއީ ނަބީ ﷺ، ފާޠިމާ ބިންތު އަބީ ޙުބައިޝަށް ޙަދީޘްކުރެއްވި ބަސްފުޅަށްޓަކައެވެ:
«فَإِذَا أَقْبَلَتِ الْحَيْضَةُ فَدَعِي الصَّلَاةَ، وَإِذَا أَدْبَرَتْ فَاغْتَسِلِي وَصَلِّي».,"""ދެންފަހެ ޙައިޟުވުން ކުރިމަތިވެގެން އައިސްފިނަމަ، ފަހެ ކަނބުލޭގެ ނަމާދު ދޫކޮށްލާށެވެ. އަދި ހައިޟު ފުރަގަސްދީ އެނބުރިގޮސްފިނަމަ، ފަހެ ކަނބުލޭގެ ހިނައިގަނެ އަދި ނަމާދުކުރާށެވެ."""
[رواه البخاريُّ][53].,[ރިވާކުރެއްވީ އަލްބުޚާރީއެވެ.][53].
[53] أخرجه البخاري: كتاب الحيض، باب إقبال المحيض وإدباره، رقم (320)، ومسلم: كتاب الحيض، باب المستحاضة وغسلها وصلاتها، رقم (333)، من حديث عائشة رضي الله عنها.,[53] މި ޙަދީޘް ނެރުއްވީ އަލް-ބުޚާރީ، ކިތާބުލް-ޙައިޟުގެ، ޙައިޟު އައުމާއި ދިޔުމުގެ ބާބުގައި، ނަމްބަރު 320 ގައެވެ. އަދި މުސްލިމް، ކިތާބުލް-ޙައިޟުގެ، އިސްތިޙާޟާވެފައިވާ އަންހެނާއާއި އޭނާގެ ހިނެއުމާއި ނަމާދުކުރުމާ ބެހޭ ބާބުގައި، ނަމްބަރު 333 ގައެވެ. އެއީ ޢާއިޝާ رضي الله عنها ގެ ޙަދީޘުންނެވެ.
وأقلُّ واجبٍ في الغُسلِ أن تَعُمَّ به جميعَ بدنِها حتَّى ما تحتَ الشَّعرِ، والأفضلُ أن يكونَ على صِفةِ ما جاءَ في الحديثِ,އަދި ހިނައިގަތުމުގައި ވާޖިބުގެ އެންމެ މަދުމިނަކީވެސް: އެކަނބުލޭގެ އިސްތަށިތަކުގެ ބުޑަށް ދާންދެން މުޅި ހަށިގަނޑުގައި ފެން ޖެއްސުމެވެ. އަދި އެންމެ މޮޅު އިތުރުވެގެންވަނީ ޙަދީޘްގައި އައިސްފައިވާ ޞިފައިގެ މައްޗަށް ހިނައިގަތުމެވެ.
عنِ النبيِّ صَلَّى اللَّهُ عَلَيْهِ وَسَلَّم حيثُ سألَتْه أسماءُ بِنتُ شَكَلٍ عن غُسلِ المَحيضِ فقال صَلَّى اللَّهُ عَلَيْهِ وَسَلَّم:,އެއީ އަސްމާއު ބިންތު ޝަކްލު، ޙައިޟުން ހިނައިގަންނާނޭ ގޮތާމެދު ނަބީ ﷺ ގެ އަރިހުން ސުވާލުކުރެއްވުމުންނެވެ. ދެން އެކަލޭގެފާނު ﷺ ޙަދީޘްކުރެއްވިއެވެ:
«تَأْخُذُ إِحْدَاكُنَّ مَاءَهَا وَسِدْرَتَهَا فَتَطَهَّرُ فَتُحْسِنُ الطُّهُورَ، ثُمَّ تَصُبُّ عَلَى رَأْسِهَا فَتَدْلُكُهُ دَلْكًا شَدِيدًا، حَتَّى تَبْلُغَ شُؤُونَ رَأْسِهَا، ثُمَّ تَصُبُّ عَلَيْهَا الْمَاءَ، ثُمَّ تَأْخُذُ فِرْصَةً مُمَسَّكَةً -أَيْ: قِطْعَةَ قُمَاشٍ فِيهَا مِسْكٌ- فَتَطَهَّرُ بِهَا»،,"""ތިޔަކަނބަލުންގެ ތެރެއިން މީހަކު މީހަކު އެކަނބުލޭގެ ފެނާއި ކުންނާރު ފަތްތައް ނަގައިގެން ޠާހިރުވެ ރަނގަޅަށް ޠާހިރުވާށެވެ. ދެން ބޮލަށް ފެން އަޅައި އިސްތަށިތަކުގެ ބުޑުތަކާ ހަމައަށް ފޯރައްޖައުމަށް ދާންދެން ވަރުގަދައަށް އުނގުޅައިލާށެވެ. ދެން އެކަނބުލޭގެ ގަޔަށް ފެން އޮއްސާލާނީއެވެ. ދެން ގޮމަކަސްތޫރީ އުނގުޅާފައި އޮތް ފޮތިކޮޅެއް ނަގައިގެން ފަހެ އެއިން ޠާހިރުވާނީއެވެ."""
فَقَالَتْ أَسْمَاءُ: كَيْفَ تَطَهَّرُ بِهَا؟ فَقَالَ:,"ދެން އަސްމާއު ދެންނެވިއެވެ: ""އެއިން ޠާހިރުވާނީ ކިހިނަކުންހެއްޔެވެ؟"" އެހިނދު އެކަލޭގެފާނު ޙަދީޘްކުރެއްވިއެވެ:"
«سُبْحَانَ اللَّهِ!»،,"""ސުބްޙާނަ ﷲ އެވެ!"""
فَقَالَتْ عَائِشَةُ لَهَا: تَتَبَّعِينَ أَثَرَ الدَّمِ.,"ދެން ޢާއިޝާ އެކަމަނާއަށް ވިދާޅުވިއެވެ: ""ލޭގެ އަޘަރު ހުރި ތަންތަން ބަލާ އުނގުޅާނީއެވެ."""
[رواه مسلمٌ][54].,[ރިވާކުރެއްވީ މުސްލިމެވެ.][54].
[54] أخرجه البخاري: كتاب الحيض، باب غسل المحيض، رقم (315)، ومسلم: كتاب الحيض، باب استحباب استعمال المغتسلة من الحيض فرصة من مسك في موضع الدم، رقم (332)، من حديث عائشة رضي الله عنها.,[54] މި ޙަދީޘް ނެރުއްވީ އަލް-ބުޚާރީ، ކިތާބުލް-ޙައިޟުގެ، ޙައިޟުން ހިނައިގަތުމާ ބެހޭ ބާބުގައި، ނަމްބަރު 315 ގައެވެ. އަދި މުސްލިމް، ކިތާބުލް ޙައިޟުގެ، ޙައިޟުން ހިނައިގަންނަ އަންހެނާ، ލޭ ހުރި ތަންތާގައި ގޮމަކަސްތޫރި ފޮތިކޮޅެއް ބޭނުންކުރުން އެދެވިގެންވާކަން ނަންގަނެވުނު ބާބުގައި، ނަމްބަރު 332 ގައެވެ. އެއީ ޢާއިޝާ رضي الله عنها ގެ ޙަދީޘުންނެވެ.
ولا يَجبُ نَقضُ شَعرِ الرَّأسِ، إلَّا أن يكونَ مَشدُودًا بقُوَّةٍ بحيثُ يُخشَى ألَّا يَصِلَ الماءُ إلى أُصُولِه؛,އަދި ބޮލުގެ އިސްތަށިގަނޑުގެ ހުޅި ނިއުޅާލުން ވާޖިބުވެގެން ނުވެއެވެ. އެއީ އެކަމަކު އިސްތަށިގަނޑު ބުޑަށް ފެން ނުފޯރާނޭކަމަށް ބިރުހީވާގޮތަށް ވަރަށް ވަރުގަދައަށް އައްސާފައި ހުރެއްޖެއްޔާ މެނުވީއެވެ.
لِما في صحيح مسلمٍ من حديث أُمِّ سلَمةَ رَضِيَ الله عَنْهَا أنَّها سألَتِ النبيَّ صَلَّى اللَّهُ عَلَيْهِ وَسَلَّم فقالَتْ: إنِّي امرأةٌ أشُدُّ شَعرَ رأسِي أفأنقُضُه لغُسلِ الجَنابةِ؟ وفي روايةٍ: للحَيضةِ والجنابةِ؟ فقالَ:,"އެއީ ޞަޙީޙު މުސްލިމްގައިވާ، އުއްމު ސަލަމާ رضي الله عنها ގެ ޙަދީޘަށްޓަކައެވެ. އެކަމަނާ ނަބީ ﷺ ގެ އަރިހުން ސުވާލުކުރައްވަމުން ދެންނެވިއެވެ: ""އަހަރެންނަކީ ބޮލުގެ އިސްތަށިގަނޑު ހުޅިޖަހާ އައްސާ މީހެކެވެ. ދެންފަހެ ޖުނުބު ހިނެއުމަށް އަހަރެން އެ މޮހެލަންވީތޯއެވެ؟ -އެހެން ރިވާޔަތެއްގައި: ޙައިޟުއާއި ޖުނުބު ހިނެއުމަށް މޮހެލަންވީތޯއެވެ؟-"" ދެން އެކަލޭގެފާނު ޙަދީޘްކުރެއްވިއެވެ:"
«لَا، إِنَّمَا يَكْفِيكِ أَنْ تَحْثِيَ عَلَى رَأْسِكِ ثَلَاثَ حَثَيَاتٍ ثُمَّ تُفِيضِينَ عَلَيْكِ الْمَاءَ فَتَطْهُرِينَ»[55].,"""ނޫނެކެވެ. ކަނބުލޭގެ ބޮލަށް ތިންފަހަރު ފެން އަޅާލުމުން ފުދޭނެއެވެ. ދެން އެއަށްފަހު ކަނބުލޭގެ ހަށިގަނޑަށް ފެން އޮއްސާލާ ޠާހިރުވާނީއެވެ."" [55]."
[55] أخرجه مسلم: كتاب الحيض، باب حكم ضفائر المغتسلة، رقم (330)، من حديث أم سلمة رضي الله عنها.,[55] މި ޙަދީޘް ނެރުއްވީ މުސްލިމް، ކިތާބުލް-ޙައިޟުގައި، ހިނައިގަންނަ އަންހެނާ ގަތާފައިވާ ހުޅިތަކުގެ ޙުކުމް ނަންގަނެވުނު ބާބުގައި، ނަމްބަރު 330 ގައެވެ. އެއީ އުއްމު ސަލަމާ رضي الله عنها ގެ ޙަދީޘުންނެވެ.
وإذا طهُرَتِ الحائضُ في أثناءِ وقتِ الصلاةِ وجبَ عليها أن تبادِرَ بالاغتسالِ لتُدركَ أداءَ الصلاةِ في وقتِها، فإن كانَت في سفَرٍ وليسَ عندَها ماءٌ أو كانَ عندَها ماءٌ ولكِنْ تخافُ الضررَ باستِعْمَالِه، أو كانَتْ مَريضةً يضُرُّها الماءُ فإنُّها تَتيمَّمُ بدَلًا عن الاغتِسالِ حتَّى يزولَ المانعُ ثُم تغتسِلُ.,ޙައިޟުވެރިޔާ ނަމާދު ވަޤުތުގެ ތެރޭގައި ޠާހިރުވެއްޖެނަމަ، ނަމާދު އޭގެ ވަޤުތުގައި އަދާކުރުމަށްޓަކައި ހިނައިގަތުމަށް އަވަސްވުން ވާޖިބުވެގެންވެއެވެ. ދެންފަހެ އެކަނބުލޭގެ ދަތުރެއްގެ މަތީގައި ފެން ނެތި ވާނަމަ، ނުވަތަ ފެން ހުއްޓަސް އެ ބޭނުންކޮށްގެން ގެއްލުމެއް ވެދާނޭކަމަށް ބިރުގަންނަނަމަ، ނުވަތަ ފެނުގެ ސަބަބުން ގެއްލުންވާ ބައްޔެއް ތަޙައްމަލުކުރަމުންދާ މީހެއްނަމަ، ފަހެ ހިނައިގަތުމުގެ ބަދަލުގައި އެކަނބުލޭގެ ތަޔައްމުމުކުރާނީއެވެ. އެއީ ފެން ބޭނުންކުރުން މަނާކުރާ ކަންތައް ފިލައިދަންދެނެވެ. ދެން އެއަށްފަހު ހިނައިގަންނާނީއެވެ.
وإنَّ بعضَ النِساءِ تَطهرُ في أثناءِ وقتِ الصلاةِ، وتؤخِّرُ الاغتسالَ إلى وقتٍ آخرَ تقولُ: إنَّه لا يمكِنُها كمالَ التَّطهُّرِ في هذا الوقتِ، ولكِنْ هذا ليس بحُجةٍ ولا عُذرٍ؛,"ބައެއް އަންހެނުން ނަމާދު ވަޤުތުގައި ޠާހިރުވުމުންވެސް، އެހެން ވަޤުތަކަށް ހިނައިނުގަނެ ފަސްކުރެއެވެ. އަދި ބުނެފާނެއެވެ: ""މި ވަޤުތު މުޅިން އެއްކޮށް ސާފު ޠާހިރެއް ނުވެވޭނެއެވެ."" ނަމަވެސް މިއީ ޙުއްޖަތެއް އަދި ޢުޛުރެއްވެސް ނޫނެވެ."
لأنَّها يمكِنُها أن تَقتصرَ على أقلِّ الواجبِ في الغُسلِ، وتُؤدِّيَ الصلاةَ في وقتِها، ثُم إذا حصلَ لها وقتُ سَعةٍ تَطَهَّرَتِ التطهرَ الكاملَ.,އެހެނީ ހިނައިގަތުމުގެ ވާޖިބު އަދާވާ އެންމެ މަދުމިނަށް ހަނިކޮށްލާފައި، ދެން ނަމާދު އޭގެ ވަޤުތުގައި އަދާކުރުމަށް ފުރުޞަތު އޮތީމައެވެ. ދެން ފަހުން ވަޤުތު ތަނަވަސްވީމާ އެއްކޮށް ފުރިހަމައަށް ޠާހިރުވާނީއެވެ.
الفصلُ الخامسُ: في الاسْتِحَاضَةِ وأحكامِها,ފަސްވަނަ ފަޞްލު: އިސްތިޙާޟާއާއި އޭގެ ހުކުމްތައް
الاسْتِحَاضَةُ: استِمرَارُ الدَّمِ على المَرأةِ بحيثُ لا يَنقَطِعُ عنها أبدًا أو يَنقَطِعُ عنها مُدَّةً يَسِيرةً كاليومِ واليومينِ في الشَّهرِ.,"އިސްތިޙާޟާއަކީ: އަންހެނެއްގެ ފަރުޖުން ހުއްޓުމެއްނެތި ލޭ އޮހޮރެމުން ދިއުމެވެ. ނުވަތަ
 މަހަކު އެއް ދުވަހު ނުވަތަ ދެ ދުވަހު ފަދަ ކުރު މުއްދަތަކަށް ކެނޑެމުން ލޭ އޮހޮރެމުން ދިޔުމެވެ."
فدليلُ الحالِ الأُولى الَّتي لا ينقَطِعُ الدَّمُ فيها أبدًا ما ثبَتَ في صحيح البُخاريِّ عن عائِشةَ رَضِيَ الله عَنْهَا قالَتْ:,ފަހެ އެއްގޮތަކަށްވެސް ލޭ އައުން ނުކެނޑޭކަމަށް މިބަޔާންކުރި ފުރަތަމަ ޙާލަތަށްވާ ދަލީލަކީ: ޢާއިޝާ رضي الله عنها ވިދާޅުވިކަމަށް ޞަޙީޙުލް-ބުޚާރީގައި ޘާބިތުވެގެންވާ ބަސްފުޅެވެ:
قَالَتْ فَاطِمَةُ بِنْتُ أَبِي حُبَيْشٍ لِرَسُولِ اللَّهِ صَلَّى اللَّهُ عَلَيْهِ وَسَلَّم:,ފާޠިމާ ބިންތު އަބީ ޙުބައިޝު، ﷲ ގެ ރަސޫލު ﷺ އަށް ދެންނެވިއެވެ:
"""يَا رَسُولَ اللَّهِ إِنِّي لَا أَطْهُرُ"".","""އޭ ﷲ ގެ ރަސޫލެވެ! އަހަރެން ޠާހިރެއް ނުވެއެވެ."""
وفي روايةٍ:,އަދި އެހެން ރިވާޔަތެއްގައިވެއެވެ:
"""أَسْتَحَاضُ فَلَا أَطْهُرُ""[56].","""އަހަރެން އިސްތިޙާޟާގެ ލޭ އަންނަނީއެވެ. ފަހެ އަހަރެން ޠާހިރެއް ނުވެއެވެ."" [56]"
[56] أخرجه البخاري: كتاب الوضوء، باب غسل الدم، رقم (228)، ومسلم: كتاب الحيض، باب المستحاضة وغسلها وصلاتها، رقم (333)، من حديث عائشة رضي الله عنها.,[56] މި ޙަދީޘް ނެރުއްވީ އަލް-ބުޚާރީ، ކިތާބުލް-ވުޟޫއުގެ، ލޭ ދޮވުމާ ބެހޭ ބާބުގައި، ނަމްބަރު 228 ގައެވެ. އަދި މުސްލިމް، ކިތާބުލް-ޙައިޟުގެ، އިސްތިޙާޟާވެފައިވާ އަންހެނާއާއި އޭނާގެ ހިނެއުމާއި ނަމާދުކުރުމާ ބެހޭ ބާބުގައި، ނަމްބަރު 333 ގައެވެ. އެއީ ޢާއިޝާ رضي الله عنها ގެ ޙަދީޘުންނެވެ.
ودليلُ الحالِ الثانيةِ الَّتي لا ينقطعُ الدَّمُ فيها إلّّا يَسِيرًا حديثُ حَمْنَةَ بِنْتِ جَحْشٍ حيثُ جاءَتْ إلى النبيِّ صَلَّى اللَّهُ عَليهِ وَسَلَّم فقالت:,ކުޑަ ހިނދުކޮޅަށް ނޫނީ ލޭ ނުކެނޑޭގޮތަށްވާ ދެވަނަ ޙާލަތުގެ ދަލީލަކީ: ޙަމްނާ ބިންތު ޖަޙްޝުގެ ޙަދީޘެވެ. އެގޮތުން އެކަމަނާ ނަބީ ﷺ ގެ އަރިހަށް އައިސް ދެންނެވިއެވެ:
"""يَا رَسُولَ اللَّهِ إِنِّي أَسْتَحَاضُ حَيْضَةً كَثِيرَةً شَدِيدَةً"".","""އޭ ﷲ ގެ ރަސޫލެވެ! އަހަރެން ވަރަށް ގިނައިން ގަދައަށް އިސްތިޙާޟާގެ ލޭ އާދެއެވެ."""
[الحديث.. رواهُ أحمدُ وأبو داودَ والترمذيُّ[57] وصحَّحه ونقَلَ عنِ الإمامِ أحمدَ تصحيحَه وعنِ البخاريِّ تحسينَه][58].,[މި ޙަދީޘެވެ... އެ ރިވާކުރެއްވީ އަޙްމަދު އާއި އަބޫ ދާވޫދުއާއި އައް-ތިރްމިޛީއެވެ. [57] އަދި އައް-ތިރްމިޛީ އެ ޞައްޙަ ކުރެއްވިއެވެ. އަދި އިމާމް އަޙްމަދު އެ ޙަދީޘް ޞައްޙަ ކުރައްވާކަމަށް ނަޤުލުކުރެއްވިއެވެ. އަދި އަލް-ބުޚާރީ ޙަސަން ކުރައްވާކަމަށް ނަޤުލުކުރެއްވިއެވެ.] [58].
[57] أخرجه أحمد (6/ 349)، وأبو داود: كتاب الطهارة، باب من قال إذا أقبلت الحيضة تدع الصلاة، رقم (287)، والترمذي: أبواب الطهارة، باب في المستحاضة أنها تجمع بين الصلاتين بغسل واحد، رقم (128)، من حديث حمنة بنت جحش رضي الله عنها.,[57] މި ޙަދީޘް ނެރުއްވީ އަޙްމަދު (349/6)، އަދި އަބޫ ދާވޫދު، ކިތާބުއް-ޠަހާރާގެ، ޙައިޟުވުން އަތުވެއްޖެނަމަ ނަމާދު ދޫކޮށްލާނީކަމަށް ބުނި މީހުން ނަންގަނެވުނު ބާބުގައި، ނަމްބަރު 287 ގައެވެ. އަދި އައް-ތިރްމިޛީ، އަބުވާބު އައް-ޠަހާރާގެ، އިސްތިޙާޟާވެފައިވާ އަންހެނާ އެއްހިނެއުމުން ދެ ނަމާދު ޖަމްޢުކުރާނީކަމަށް ނަންގަނެވުނު ބާބުގައި، ނަމްބަރު 128 ގައެވެ. އެއީ ޙަމްނާ ބިންތު ޖަޙްޝު رضي الله عنها ގެ ޙަދީޘުންނެވެ.
[58] سنن الترمذي: أبواب الطهارة، باب في المستحاضة أنها تجمع بين الصلاتين بغسل واحد، عقب حديث رقم (128).,[58] ސުނަނުއް-ތިިރްމިޛީގެ، އަބްވާބުއް-ޠަހާރާގެ، އިސްތިޙާޟާވެފައިވާ އަންހެނާ އެއްހިނެއުމުން ދެ ނަމާދު ޖަމްޢުކުރުން ނަންގަނެވުނު ބާބުގައި، ޙަދީޘް ނަމްބަރު 128 އާ ވިއްދައިގެންނެވެ.
أحوالُ الاسْتِحَاضَةِ:,އިސްތިޙާޟާގެ ޙާލަތްތައް:
لِلمُسْتَحاضَةِ ثلاثُ حالاتٍ:,އިސްތިޙާޟާގެ ލޭ އަންނަ އަންހެނާއަށް ތިން ޙާލަތެއްވެއެވެ:
الحالُ الأُولى: أن يكونَ لها حَيضٌ معلومٌ قبلَ الاسْتِحاضَةِ، فهذه ترجعُ إلى مُدَّةِ حَيضِها المعلومِ السابقِ، فتجلسُ فيها ويثبتُ لها أحكامُ الحيضِ، وما عَداها اسْتِحاضَةٌ، يثبُتُ لها أحكامُ المُسْتَحاضَةِ.,ފުރަތަމަ ޙާލަތް: އިސްތިޙާޟާވުމުގެ ކުރިން، އެނގިގެންވާ ޙައިޟުވުމެއް އެކަނބުލޭގެއަށް ވުމެވެ. ފަހެ މިކަނބުލޭގެ ރުޖޫޢަވާހުށީ، ކުރިން އެނގިގެންވާ އެކަނބުލޭގެ ޙައިޟުގެ މުއްދަތަށެވެ. އެގޮތުން އެ މުއްދަތުގައި (ނަމާދާއި ރޯދަ ދޫކޮށް) މަޑުކޮށް، އަދި ޙައިޟުގެ ޙުކުމްތައް އެކަނބުލޭއަށް ޘާބިތުވާނެއެވެ. އަދި އޭގެ އިތުރަށް އަންނަ ލެޔަކީ އިސްތިޙާޟާގެ ލެޔެވެ. އިސްތިޙާޟާވާ އަންހެނާގެ ޙުކުމްތައް އެ މުއްދަތުގައި އެކަނބުލޭއަށް ޘާބިތުވާނެއެވެ.
مثالُ ذلكَ امرأةٌ كانَ يأتيها الحيضُ سِتةَ أيامٍ من أوَّلِ كلِّ شهرٍ، ثُم طرأَتْ عليها الاسْتِحاضَةُ فصارَ الدَّمُ يأتيها باستمرارٍ، فيكونُ حيضُها سِتةَ أيامٍ من أوَّلِ كلِّ شهرٍ، وما عَداها اسْتِحاضَةٌ؛,އޭގެ މިޘާލަކީ: ކޮންމެ މަހެއްގެ ކުރީކޮޅުގައި ހަ ދުވަސް ވަންދެން ޙައިޟުގެ ލޭ އަންނަ އަންހެނެކެވެ. ދެން އެކަނބުލޭގެއަށް އިސްތިޙާޟާގެ ޙާލަތް ދިމާވެގެން، ފަހެ ހުއްޓުމެއްނެތި ލޭ އަންނަން ފެށިއެވެ. ދެންފަހެ އެކަނބުލޭގެ ޙައިޟުގެ ދުވަސްވަރަކަށް ވާނީ، ކޮންމެ މަހެއްގެ ކުރީކޮޅުގައިވާ ހަ ދުވަހެވެ. އަދި އޭގެ އިތުރަށް އަންނަ ލެޔަކީ އިސްތިޙާޟާގެ ލެޔެވެ.
لحديثِ عائشةَ رَضِيَ الله عَنْهَا أنَّ فاطمةَ بنتَ أبي حُبَيْشٍ قالَتْ: يا رسولَ الله، إنِّي أُسْتَحاضُ فلا أَطهُرُ أفَأَدَعُ الصلاةَ؟ قالَ:,"އެއީ ޢާއިޝާ رضي الله عنها ގެ ޙަދީޘަށްޓަކައެވެ. އެއީ ފާޠިމަތު ބިންތު އަބީ ޙުބައިޝު ދެންނެވިކަމުގައެވެ: ""އޭ ﷲ ގެ ރަސޫލެވެ! އަހަރެން އިސްތިޙާޟާވެ، ފަހެ ޠާހިރެއް ނުވެއެވެ. ފަހެ އެހެންކަމުން އަހަރެން އަޅެ ނަމާދު ދޫކޮށްލާންވީތޯއެވެ؟"" އެކަލޭގެފާނު ޙަދީޘްކުރެއްވިއެވެ:"
«لَا، إِنَّ ذَلِكَ عِرْقٌ، وَلَكِنْ دَعِي الصَّلَاةَ قَدْرَ الْأَيَّامِ الَّتِي كُنْتِ تَحِيضِينَ فِيهَا ثُمَّ اغْتَسِلِي وَصَلِّي».,"""ނޫނެކެވެ. ހަމަކަށަވަރުން އެއީ ނާރަކުން އަންނަ ލެޔެކެވެ. ނަމަވެސް ކަނބުލޭގެ ޙައިޟުވަމުން ދިޔަ ދުވަސްތަކުގެ މިންވަރަށް ނަމާދު ދޫކޮށްލާށެވެ. ދެން އެއަށްފަހުގައި ކަނބުލޭގެ ހިނައިގަނެފައި އަދި ނަމާދުކުރާށެވެ."""
رواهُ البخاري[59].,ރިވާކުރެއްވީ އަލް-ބުޚާރީއެވެ. [59].
[59] أخرجه البخاري: كتاب الحيض، باب الحيض، وما يصَدَّقُ النساءُ في الحيض والحمل، فيما يمكن من الحيض، رقم (325)، من حديث عائشة رضي الله عنها.,[59] މި ޙަދީޘް ނެރުއްވީ އަލް-ބުޚާރީ، ކިތާބުލް-ޙައިޟުގައި، ޙައިޟުވުމާއި އަދި ޙައިޟާއި ބަލިވެއިނުމުގައި، ޙައިޟުކަމުގައި ވެދާނޭ ކަންކަމުގައި އަންހެނުންގެ ބަސް ތެދުކުރުމާ ބެހޭ ބާބުގައި، ނަމްބަރު 325 ގައެވެ. އެއީ ޢާއިޝާ رضي الله عنها ގެ ޙަދީޘުންނެވެ.
وفي صحيح مسلمٍ: أنَّ النبيَّ صَلَّى الله عَلَيْهِ وَسَلَّم قالَ لأُمِّ حبيبةَ بنتِ جَحشٍ:,އަދި ޞަޙީޙު މުސްލިމްގައިވެއެވެ: ނަބީ ﷺ، އުއްމު ޙަބީބާ ބިންތު ޖަޙްޝުއަށް ޙަދީޘްކުރެއްވިއެވެ:
«امْكُثِي قَدْرَ مَا كَانَتْ تَحْبِسُكِ حَيْضَتُكِ ثُمَّ اغْتَسِلِي وَصَلِّي»[60].,"""ކަނބުލޭގެ ޙައިޟުގައި ހިފެހެއްޓި ހައްޔަރުވެފައި އިންނަ މުއްދަތަށް ކަނބުލޭގެ މަޑުކުރާށެވެ. ދެން އެއަށްފަހުގައި ކަނބުލޭގެ ހިނައިގަނެ އަދި ނަމާދުކުރާށެވެ."" [60]."
[60] أخرجه مسلم: كتاب الحيض، باب المستحاضة وغسلها وصلاتها، رقم (334)، من حديث عائشة رضي الله عنها.,[60] މި ޙަދީޘް ނެރުއްވީ މުސްލިމް، ކިތާބުލް-ޙައިޟުގައި، އިސްތިޙާޟާވާ އަންހެނާއާއި އޭނާގެ ހިނެއުމާއި ނަމާދާ ބެހޭ ބާބުގައި، ނަމްބަރު 334 ގައެވެ. އެއީ ޢާއިޝާ رضي الله عنها ގެ ޙަދީޘުންނެވެ.
فَعَلَى هذا تجلسُ المُسْتَحاضَةُ الَّتي لها حيضٌ معلومٌ قَدْرَ حيضِها، ثُم تَغتسلُ وتُصلِّي ولا تُبالي بالدَّمِ حِينَئذٍ.,ފަހެ މިކަމުގެ މައްޗަށް ބިނާކޮށް، އެނގިގެންވާ ޙައިޟުގެ މުއްދަތެއް ލިބިގެންވާ ގޮތަށްވާ އިސްތިޙާޟާވާ އަންހެނާ، އެކަނބުލޭގެ ޙައިޟުގެ މުއްދަތުގައި މަޑުކުރާނީއެވެ. ދެން އެއަށްފަހުގައި، އެކަނބުލޭގެ ހިނައިގަނެ އަދި ނަމާދުކުރާނީއެވެ. އަދި އެހިނދުން ފެށިގެން (އެއަށްފަހު އަންނަ) ލެޔަކަށް ފަރުވާލެއް ބެހެއްޓުމެއް ނެތެވެ.
الحالُ الثانيةُ: أَنْ لا يكونَ لها حيضٌ معلومٌ قبلَ الاسْتِحاضَةِ بأَنْ تكونَ الاسْتِحاضَةُ مُستمرَّةً بها مِن أوَّلِ ما رأتِ الدَّمَ مِن أوَّلِ أمرِها، فهذه تَعملُ بالتَّمييزِ فيكونُ حيضُها ما تميَّزَ بسوادٍ أو غِلْظَةٍ أو رائحةٍ يثْبُتُ له أحكامُ الحيضِ، وما عَداهُ اسْتِحاضَةٌ يثبتُ له أحكامُ الاسْتِحاضَةِ.,ދެވަނަ ޙާލަތް: އިސްތިޙާޟާވުމުގެ ކުރިން އެކަނބުލޭގެއަށް އެނގިގެންވާ ޙައިޟުވުމެއް ނެތުމެވެ. އެއީ އެންމެ ފުރަތަމަ އެކަނބުލޭ ކިބައިން ލޭ އަންނަން ފެށި ދުވަހުން ފަށައިގެން، އިސްތިޙާޟާގެ ލޭ އައުން ދެމިގެންވުމެވެ. ފަހެ މިކަނބުލޭގެ ޢަމަލުކުރަން ޖެހޭނީ ލޭ ވަކިކޮށް ފާހަގަކުރުމުގެ މައްޗަށެވެ. އެގޮތުން އެކަނބުލޭގެ ޙައިޟުގެ ލޭ ކަމުގައިވާނީ: ކަޅުވެ ނުވަތަ ތަތްކޮށް ބޯކޮށް ނުވަތަ ވަހަކުން ފާހަގަވާ ލެޔެވެ. އެއަށް ޙައިޟުގެ ޙުކުމްތައް ޘާބިތުކުރާނީއެވެ. އަދި އެނޫން ލެޔެއްވާނީ އެއަށް އިސްތިޙާޟާގެ ޙުކުމްތައް ޘާބިތުވާ އިސްތިޙާޟާގެ ލެޔަށެވެ.
مثالُ ذلكَ امرأةٌ رأَتِ الدمَ في أوَّلِ ما رأتْهُ، واستمرَّ عليها، لكِنْ تَراهُ عشَرةَ أيامٍ أسْوَدَ وباقيَ الشهرِ أحمرَ، أو تراهُ عشَرةَ أيَّامٍ غَليظًا وباقيَ الشهرِ رَقِيقًا، أو تراهُ عشَرةَ أيَّامٍ له رائحةُ الحَيضِ وباقيَ الشهرِ لا رائحةَ له، فحيضُها الأسودُ في المثالِ الأوَّلِ والغَليظُ في المثالِ الثاني، وذُو الرائِحةِ في المثالِ الثالثِ، وما عَدا ذلك فهوَ اسْتِحاضَةٌ؛,އޭގެ މިޘާލަކީ: އެންމެ ފުރަތަމަ ފަހަރަށް ލޭ ފެނުނު އަންހެނެކެވެ. އަދި ލޭ އައުން އޭނާގެ މައްޗަށް ދެމިގެންދިޔައެވެ. ނަމަވެސް ދިހަ ދުވަސް ވަންދެން އަންނަ ލޭ ކަޅުކުލައިގައި ވެފައި، މަހުގެ ބާކީ ދުވަސްތަކުގައި އަންނަ ލޭ ރަތްކުލައިން ފެނެއެވެ. ނުވަތަ އޭނާއަށް ފެންނަނީ، ދިހަ ދުވަސް ވަންދެން އަންނަ ލޭ ތަތްކޮށް ބޯކޮށްވަނިކޮށެވެ. ދެން މަހުގެ ބާކީ އަންނަ ލޭ އޮލަކޮށް ދިޔާކޮށްވާތަނެވެ. ނުވަތަ އޭނާއަށް ފެންނަނީ، ދިހަ ދުވަސް ވަންދެން އަންނަ ލޭގައި ޙައިޟުގެ ވަސް ހުންނަތަނެވެ. އަދި މަހުގެ ބާކީ ދުވަސްތަކުގައި އަންނަ ލޭގައި ވަހެއް ނުހުރެއެވެ. ދެންފަހެ ފުރަތަމަ މިޘާލުގައި އެކަނބުލޭގެ ޙައިޟުކަމުގައިވާނީ ކަޅު ލެޔެވެ. ދެވަނަ މިޘާލުގައި: ތަތް، ބޯ ލެޔެވެ. ތިންވަނަ މިޘާލުގައި: ވަސް ހުންނަ ލެޔެވެ. އަދި އެނޫން ލެޔަކީ ފަހެ އިސްތިޙާޟާގެ ލެޔެވެ.
لقولِ النبيِّ صَلَّى اللَّهُ عَلَيْهِ وَسَلَّم لِفَاطِمَةَ بِنتِ أَبِي حُبَيْشٍ:,އެއީ ނަބީ ﷺ، ފާޠިމާ ބިންތު އަބީ ޙުބައިޝަށް ޙަދީޘްކުރެއްވި ބަސްފުޅަށްޓަކައެވެ:
«إِذَا كَانَ دَمُ الْحَيْضَةِ فَإِنَّهُ أَسْوَدُ يُعْرَفُ، فَإِذَا كَانَ ذَلِكَ فَأَمْسِكِي عَنِ الصَّلَاةِ فَإِذَا كَانَ الْآخَرُ فَتَوَضَّئِي وَصَلِّي؛ فَإِنَّمَا هُوَ عِرْقٌ».,"""ޙައިޟުގެ ލޭކަމުގައިވާނަމަ، ފަހެ އެއީ އެނގިގެންވާ ކަޅުކުލައިގެ ލެޔެކެވެ. ފަހެ އެހެން ވެއްޖެނަމަ، ކަނބުލޭގެ ނަމާދުކުރުމުން ދުރުވެ ހުންނާށެވެ. ދެންފަހެ އެއީ އެހެން ކުލައެއްނަމަ (ކަޅު ފިޔަވައި ރަތް ނުވަތަ ރީނދޫ ކުލައެއްނަމަ) ފަހެ ކަނބުލޭގެ ވުޟޫކޮށް ނަމާުދުކުރާށެވެ. އެ ލޭ ވާކަން ކަށަވަރީ ނާރަކުން އަންނަ ލެޔެއް ކަމުގައެވެ."""
[رواهُ أبو داودَ والنسائيُّ، وصحَّحَه ابنُ حِبانَ والحاكمُ][61].,[ރިވާކުރެއްވީ އަބޫ ދާވޫދު އާއި އައް-ނަސާއީއެވެ. އަދި އިބްނު ޙިއްބާނުއާއި އަލް-ޙާކިމު ޞައްޙަކުރެއްވިއެވެ.] [61].
[61] أخرجه أبو داود: كتاب الطهارة، باب من قال إذا أقبلت الحيضة تدع الصلاة، رقم (286)، والنسائي: كتاب الطهارة، باب ما جاء في المستحاضة التي قد علمت أيام أقرائها، قبل أن يستمر بها الدم، رقم (211)، وابن ماجه: كتاب الطهارة وسننها، باب ما جاء في المستحاضة التي قد علمت أيام أقرائها، قبل أن يستمر بها الدم، رقم (620)، وابن حبان في صحيحه (1348)، والحاكم في المستدرك (618)، من حديث عائشة رضي الله عنها.,[61] މި ޙަދީޘް ނެރުއްވީ އަބޫ ދާވޫދު، ކިތާބުއް-ޠަހާރާގައި، ޙައިޟުވުން އައިސްފިނަމަ ނަމާދުކުރުން ދޫކޮށްލާހުށިކަމޭ ބުނި މީހުންގެ ވާހަކަ ނަންގަނެވުނު ބާބުގައި، ނަމްބަރު 286 ގައެވެ. އަދި އައް-ނަސާއީ، ކިތާބުއް-ޠަހާރާގައި، ލޭ ދެމިގެން ދިޔުމުގެ ކުރިން، އޭނާގެ ޙައިޟުގެ ދުވަސްތައް އެނގިގެންވާ އިސްތިޙާޟާވާ އަންހެނާއާ މެދުގައި އައިސްފައިވާ ކަންކަން ނަންގަނެވުނު ބާބުގައި، ނަމްބަރު 211 ގައެވެ. އަދި އިބްނު މާޖާ، ކިތާބުއް-ޠަހާރާ އަދި އޭގެ ސުންނަތްތައް ފޮތުގައި، ލޭ ދެމިގެން ދިޔުމުގެ ކުރިން، އޭނާގެ ޙައިޟުގެ ދުވަސްތައް އެނގިގެންވާ އިސްތިޙާޟާވާ އަންހެނާއާ މެދުގައި އައިސްފައިވާ ކަންކަން ނަންގަނެވުނު ބާބުގައި، ނަމްބަރު 620 ގައެވެ. އަދި އިބްނު ޙިއްބާނުގެ ޞަޙީހުގެ ނަމްބަރު 1348 ގައެވެ. އަދި އަލް-ޙާކިމު، އަލް-މުސްތަދްރަކުގެ ނަމްބަރު 618 ގައެވެ. އެއީ ޢާއިޝާ رضي الله عنها ގެ ޙަދީޘުންނެވެ.
وهذا الحديثُ وإن كانَ في سنَدِه ومَتنِه نظرٌ فقَدْ عَمِلَ بِهِ أهلُ العِلمِ رَحِمَهُم الله، وهو أَوْلى مِن ردِّها إلى عادةِ غالِبِ النِّساءِ.,އަދި މި ޙަދީޘްގެ ސަނަދާއި މަތަނުގައި ކޮންމެވެސް ވަރެއްގެ ނަޡަރެއް ބަޙުޘެއް އޮތްކަމުގައި ވިޔަސް، ޢިލްމުގެ އަހުލުވެރިން رحمهم الله ވަނީ އެއަށް ޢަމަލުކޮށްފައެވެ. އަދި އެގޮތް (އެބަހީ: ލޭގެ ކުލަޔާއި ޞިފަޔާއި ވަހަށް ބަލާފައި ވަކިކޮށް ފާހަގަކުރުން)، ޣާލިބު ގިނަ އަންހެނުންގެ ޢާދައަށް (އެބަހީ: މުއްދަތަށް) އެކަނބުލޭގެ ރައްދުކުރުމަށްވުރެ އަޥްލާކަން ބޮޑެވެ.
الحالُ الثالثةُ: ألَّا يكونَ لها حيضٌ معلومٌ ولا تمييزٌ صالحٌ بأَنْ تكونَ الاسْتِحاضَةُ مُستمرَّةً من أوَّلِ ما رأَتِ الدَّمَ ودمُها على صِفةٍ واحدةٍ أو على صفاتٍ مُضطرِبةٍ لا يُمكنُ أن تكونَ حيضًا،,ތިންވަނަ ޙާލަތް: އެކަނބުލޭގެއަށް އެނގިގެންވާ ޙައިޟުވުމެއް، އަދި ރަނގަޅަށް ފާހަގަކުރެވޭ ގޮތެއްވެސް ލިބިގެން ނުވުމެވެ. އެއީ އެންމެ ފުރަތަމަ ލޭ ފެނުނު ދުވަހުން ފަށައިގެން އެކަނބުލޭގެ ލޭ އައުން ދެމިގެންވެ، އަދި އަންނަ ލޭވެސް އެއް ޞިފައެއްގެ މައްޗަށްވެ، ނުވަތަ ޙައިޟަށް ނުވާނޭ އެކިކަހަލަ ތަފާތު ޞިފަތަކުގެ މައްަޗަށް ވުމެވެ.
فهذه تَعملُ بعادَةِ غالبِ النساءِ فَيَكونَ حيضُها سِتةَ أيامٍ أو سَبعةً من كُلِّ شهرٍ يبتدِئُ مِن أوَّلِ المُدَّةِ الَّتي رأَتْ فيها الدَّمَ، وما عَداهُ اسْتِحاضَةٌ.,ފަހެ މިކަނބުލޭގެ ޢަމަލުކުރާހުށީ ޣާލިބު ގިނަ އަންހެނުންގެ ޢާދައިގެ މައްޗަށެވެ. ފަހެ އެގޮތުން އެކަނބުލޭގެ ޙައިޟުކަމުގައި ބަލާނީ، ކޮންމެ މަހަކު ހައެއް ނުވަތަ ހަތް ދުވަހެވެ. ފަށާހުށީ އެކަނބުލޭގެއަށް ލޭ ފެނުނު މުއްދަތުގެ އެންމެ ފުރަތަމަ ކޮޅުންނެވެ. އަދި އެނޫން އެއްޗެއް ވާހުށީ އިސްތިޙާޟާކަމުގައެވެ.
مثالُ ذلكَ أَنْ تَرى الدَّمَ أوَّلَ ما تَرَاهُ في الخامسِ منَ الشهرِ ويستمرُّ عليها مِن غيرِ أن يكونَ فيه تمييزٌ صالحٌ للحيضِ لا بلَوْنٍ ولا غيرِه فيكونُ حيضُها مِن كلِّ شهرٍ سِتةَ أيامٍ أو سبعةً تَبْتَدئُ مِنَ اليومِ الخامسِ مِن كُلِّ شهرٍ؛,އޭގެ މިޘާލަކީ: އެންމެ ފުރަތަމަ ފަހަރަށް ލޭ ފެނުނުއިރު، މަހުގެ ފަސްވަނަ ދުވަހުގައި ފެނުމެވެ. އަދި ކުލައިން އަދި އެނޫން ގޮތަކުންވެސް ޙައިޟުކަމުގައި ރަނގަޅަށް ފާހަގަކުރެވޭނެ ގޮތެއް އެ ލޭގައި ނެތިވެ، އެކަނބުލޭގެ މައްޗަށް ލޭ އައުން ދެމިހުރެއެވެ. އެހިނދުން އެކަނބުލޭގެ ޙައިޟުކަމުގައިވާނީ، ކޮންމެ މަހެއްގައިވެސް ހައެއް ނުވަތަ ހަތް ދުވަހެވެ. އެއީ ކޮންމެ މަހެއްގެ ފަސްވަނަ ދުވަހުން ފަށައިގެންނެވެ.
لحديثِ حَمْنَةَ بِنتِ جَحْشٍ رَضِيَ الله عَنْهَا أنَّها قالَتْ: يا رسولَ الله إنِّي أُسْتَحاضُ حَيضةً كَبيرةً شَديدةً، فما تَرَى فيها؟ قد منَعَتْني الصَّلاةَ والصِّيامَ، فقالَ صَلَّى اللَّهُ عَلَيْه وَسَلَّم:,"އެއީ ޙަމްނާ ބިންތު ޖަޙްޝު رضي الله عنها ގެ ޙަދީޘަށްޓަކައެވެ. އެކަމަނާ ދެންނެވިއެވެ: ""އޭ ﷲ ގެ ރަސޫލެވެ! އަހަރެންނީ ވަރަށް ބޮޑަށް ގަދައަށް ލޭ އައިސް އިސްތިޙާޟާވާ މީހެކެވެ. ފަހެ މިކަމުގައި ކަލޭގެފާނު ދެކެވަޑައިގަންނަވަނީ ކޮން ގޮތަކަށްތޯއެވެ؟ އެކަމުން ނަމާދުކުރުމާއި ރޯދަ ހިފުންވެސް އަހަރެންނަށް މަނާވެއްޖެއެވެ."" ފަހެ ދެން އެކަލޭގެފާނު ﷺ ޙަދީޘް ކުރެއްވިއެވެ:"
«أَنْعَتُ لَكِ (أَصِفُ لَكِ اسْتِعْـمَال) الْكُرْسُفَ (وهُـوَ القُطْنُ) تَضَعِينَهُ عَلَى الْفَرْجِ، فَإِنَّهُ يُذْهِبُ الدَّمَ»،,"""ކަނބުލޭގެ ފަރުޖުގެ މަތީގައި އެޅުމަށް، ތައްޔާރުކުރާނޭ ކަފަގަނޑު ހަދާނޭ ގޮތް ތިމަންކަލޭގެފާނު ކަނބުލޭގެއަށް ޞިފަކޮށްދޭނަމެވެ. ފަހެ އެއިން ލޭ ފިލުވާލާނެއެވެ."""
قالت: هو أكثرُ مِن ذلك. وفيهِ قَال:,"އެކަމަނާ ދެންނެވިއެވެ: ""އެއަށްވުރެ އެ ލޭ މާގިނައެވެ."" އަދި އޭގައި އެކަލޭގެފާނު ޙަދީޘްކުރެއްވިއެވެ:"
«إِنَّمَا هَذَا رَكْضَةٌ مِنْ رَكَضَاتِ الشَّيْطَانِ، فَتَحَيَّضِي سِتَّةَ أَيَّامٍ أَوْ سَبْعَةً فِي عِلْمِ اللَّهِ تَعَالَى، ثُمَّ اغْتَسِلِي حَتَّى إِذَا رَأَيْتِ أَنَّكِ قَدْ طَهُرْتِ وَاسْتَنْقَيْتِ فَصَلِّي أَرْبَعًا وَعِشْرِينَ أَوْ ثَلَاثًا وَعِشْرِينَ لَيْلَةً وَأَيَّامَهَا وَصُومِي».,"""މިކަން ވާކަން ކަށަވަރީ ޝައިޠާނާ އަޅާލާ ތަފާލިތަކުން ތަފާއްޔެއް ކަމުގައެވެ. އެހެންކަމުން ﷲ ތަޢާލާ (އަންގާދެއްވި) ޢިލްމުފުޅުގައި، ކަނބުލޭގެ ހައެއް ނުވަތަ ހަތްދުވަސް ޙައިޟުގެ ގޮތުގައި ބަލައިގެން އިންނާށެވެ. ދެން އެއަށްފަހު ކަނބުލޭގެ ހިނައިގަންނާށެވެ. ކަނބުލޭގެ (ޙައިޟުގެ ލެއިން) ޠާހިރުވެ ސާފުވެއްޖެކަމަށް ކަނބުލޭގެއަށް ފެނިއްޖެނަމަ، ދެން ސައުވީސް ނުވަތަ ތޭވީސް ރެޔާ ދުވާލު ނަމާދުކޮށް އަދި ރޯދަ ހިފާށެވެ."""
الحديثَ. [رواه أحمدُ وأبو داودَ والترمذيُّ وصحَّحَه[62]، ونقلَ عن أحمدَ أنَّه صحَّحَه، وعنِ البخاريِّ أنَّه حسَّنَه][63].,މި ޙަދީޘެވެ. [ރިވާކުރެއްވީ އަޙްމަދުއާއި އަބޫ ދާވޫދު އާއި އައް-ތިރްމިޛީއެވެ. އަދި އައް-ތިރްމިޛީ ޞައްޙަކުރެއްވިއެވެ. [62] އަދި އަޙްމަދު އެ ޙަދީޘް ޞައްޙަކުރެއްވި ކަމަށާއި، އަދި އަލް-ބުޚާރީ ޙަސަނުކުރައްވާ ކަމަށް ނަޤުލުކުރެއްވިއެވެ.] [63].
[62] أخرجه أحمد (6/ 439)، وأبو داود: كتاب الطهارة، باب من قال إذا أقبلت الحيضة تدع الصلاة، رقم (287)، والترمذي: أبواب الطهارة، باب في المستحاضة أنها تجمع بين الصلاتين بغسل واحد، رقم (128)، من حديث حمنة بنت جحش رضي الله عنها.,[62] މި ޙަދީޘް ނެރުއްވީ އަޙްމަދު (439/6)، އަދި އަބޫ ދާވޫދު، ކިތާބުއް-ޠަހާރާގެ، ޙައިޟުވުން އަތުވެއްޖެނަމަ ނަމާދު ދޫކޮށްލާނީކަމަށް ބުނި މީހުން ނަންގަނެވުނު ބާބުގައި، ނަމްބަރު 287 ގައެވެ. އަދި އައް-ތިރްމިޛީ، އަބުވާބު އައް-ޠަހާރާގެ، އިސްތިޙާޟާވެފައިވާ އަންހެނާ އެއްހިނެއުމުން ދެ ނަމާދު ޖަމްޢުކުރާނީކަމަށް ނަންގަނެވުނު ބާބުގައި، ނަމްބަރު 128 ގައެވެ. އެއީ ޙަމްނާ ބިންތު ޖަޙްޝު رضي الله عنها ގެ ޙަދީޘުންނެވެ.
[63] سنن الترمذي: أبواب الطهارة، باب في المستحاضة أنها تجمع بين الصلاتين بغسل واحد، عقب حديث رقم (128).,[63] ސުނަނުއް-ތިިރްމިޛީގެ، އަބްވާބުއް-ޠަހާރާގެ، އިސްތިޙާޟާވެފައިވާ އަންހެނާ އެއްހިނެއުމުން ދެ ނަމާދު ޖަމްޢުކުރުން ނަންގަނެވުނު ބާބުގައި، ޙަދީޘް ނަމްބަރު 128 އާ ވިއްދައިގެންނެވެ.
وقولُه صَلَّى اللَّهُ عَلَيْه وَسَلَّم: «سِتَّةَ أَيَّامٍ أَوْ سَبْعَةً» ليس للتَّخييرِ، وإنَّما هو للاجتهادِ، فتَنظُرُ فيما هو أقربُ إلى حالِها مِمَّن يُشابِهُها خِلْقَةً ويقاربُها سِنًّا ورَحِمًا، وفيما هو أقربُ إلى الحيضِ من دَمِها، ونحو ذلكَ منَ الاعتباراتِ,އަދި އެކަލޭގެފާނު ﷺ ގެ ބަސްފުޅު “ހަ ދުވަސް ނުވަތަ ހަތް ދުވަސް” އެއީ އިޚްތިޔާރުކުރުމަށް ދެއްވިފައިވާ ޢަދަދެއް ނޫނެވެ. އެހެނެއްކަމަކު އެއީ އިޖުތިހާދު ކުރުމަށެވެ. ފަހެ އެގޮތުން އެކަނބުލޭގެއާ ޞިފައިގެ ގޮތުން ވައްތަރުވެ، އަދި ޢުމުރާއި ރަޙިމުގެ ގޮތުން ކައިރިވާ މީހުންގެ ފުށުން އެކަނބުލޭގެ ޙާލަތާ އެންމެ ގާތްވާ ގޮތެއް، އަދި އެކަނބުލޭގެ ކިބައިން އަންނަ ލެއިން އެންމެ ޙައިޟާ ގާތްކުރަނީ ކޮން އެއްޗެއްތޯ، އަދިވެސް އެފަދަ ގޮތްގޮތުން އިޢުތިބާރުކޮށް ބަލާހުއްޓެވެ.
فإِنْ كانَ الأقربُ أن يكونَ سِتَّةً جعلَتْه سِتَّةً، وإِنْ كانَ الأقربُ أَنْ يكونَ سَبعَةً جعلَتْه سَبعَةً.,ދެންފަހެ އެންމެ ގާތްކުރަނީ، ހަ ދުވަސްކަމުގައިވުން ކަމުގައިވާނަމަ، ހަ ދުވަސް ކަމުގައި ހަދާނީއެވެ. އަދި އެންމެ ގާތްކުރަނީ، ހަތް ދުވަސްކަމުގައިވުން ކަމަށްވާނަމަ، ހަތް ދުވަސްކަމަށް ހަދާނީއެވެ.
حَالُ مَن تُشبِهُ المُسْتَحاضَةَ:,އިސްތިޙާޟާވާ އަންހެނާއާ ވައްތަރުވާ މީހާގެ ޙާލަތު:
قَدْ يَحدُثُ للمرأةِ سَبَبٌ يُوجِبُ نَزِيفَ الدَّمِ من فرجِها كعَمَلِيَّةٍ في الرَّحِمِ أو فيما دونَه، وهذه على نوعينِ:,އަންހެނާގެ ފަރުޖުން ލޭ އޮހޮރެން ދިމާވާ ސަބަބެއް ގައިމު ހިނގާފާނެއެވެ. މިޘާލަކަށް ރަޙިމުގެ ނުވަތަ އެއާ ކައިރިން އޮޕަރޭޝަނެއް ކުރުމެވެ. މީނާވަނީ ދެ ވައްތަރަކަށެވެ:
النوعُ الأوَّلُ: أَنْ يُعلمَ أنَّها لا يمكنُ أَنْ تحيضَ بعدَ العمليةِ مثل أَنْ تَكونَ العمليةُ اسْتِئْصَالَ الرَّحِمِ بالكُلِّيةِ أو سَدَّهُ بحيثُ لا ينزلُ منه دَمٌ، فهذه المرأةُ لا يثبتُ لها أحكامُ المُسْتَحاضَةِ، وإنَّما حُكمُها حُكمُ من ترَى صُفْرَة أو كُدْرَةً أو رُطُوبةً بعدَ الطُّهرِ، فلا تتركُ الصَّلاةَ ولا الصِّيامَ ولا يَمتنِعُ جماعُها ولا يجِبُ غُسْلٌ من هذا الدَّمِ، ولكِنْ يلزمُها عندَ الصَّلاةِ غَسْلُ الدَّمِ، وأَنْ تُعَصِّبَ على الفَرجِ خِرْقةً ونحوَها؛ لتمنعَ خروجَ الدَّمِ، ثُمَّ تتوضأَ للصلاةِ ولا تتوضَّأَ لها إلَّا بعدَ دخولِ وقتِها، إن كانَ لها وقتٌ كالصلواتِ الخمسةِ، وإلَّا فعندَ إرادةِ فِعْلِ الصلاةِ كالنَّوافِلِ المُطلَقةِ.,ފުރަތަމަ ވައްތަރު: އޮޕަރޭޝަނަށްފަހު ޙައިޟުވުމަކީ ނުވާނޭ ކަމެއްކަން އެނގިގެންވުމެވެ. މިޘާލަކަށް އޮޕަރޭޝަނަކީ ރަޙިމު މުޅިން ނަގައިލުން ނުވަތަ ލޭ ނާންނަ ގޮތަށް ބަންދުކޮށްލާ އޮޕަރޭޝަނެއް ކަމުގައިވުމެވެ.ފަހެ މި އަންހެނާއަށް އިސްތިޙާޟާވާ އަންހެނާ ޙުކުމްތައް ޘާބިތުވެގެން ނުވެއެވެ. އެކަމަކު އޭނާގެ ޙުކުމަކީ، ލެއިން ޠާހިރުވުމަށްފަހު ރީނދޫކުލަ ފެނުން، ނުވަތަ ކިސަޑުކަމެއް ނުވަތަ ތެތްކަމެއް ފެންނަ މީހެއްގެ މައްޗަށް އަންނަ ޙުކުމެވެ. އެގޮތުން އެކަނބުލޭގެ ނަމާދު އަދި ރޯދަވެސް ދޫކޮށްނުލާ ހުއްޓެވެ. އަދި އެކަނބުލޭގެއާ ޖިމާޢުވުންވެސް މަނާ ނުވެއެވެ. އަދި މި ލޭގެ ސަބަބުން ހިނައިގަތުމެއްވެސް ވާޖިބެއް ނުވެއެވެ. ނަމަވެސް ނަމާދުކުރާހިނދު ލޭ ދޮވެލާފައި، ފަރުޖުގައި ފޮތިގަނޑެއް އަދި އެފަދަ އެއްޗެއް ވާންކޮށް އޮޅާލަން ޖެހޭނެއެވެ. އެއީ ލޭ އައުން މަނާކުރުމަށްޓަކައެވެ. ދެން އެކަނބުލޭގެ ނަމާދަށް ވުޟޫކުރާނީއެވެ. އަދި ނަމާދު ވަޤުތު ވަނުމަށް ފަހު މެނުވީ ނަމާދަށް ވުޟޫކޮށްގެން ނުވާނެއެވެ. އެއީ ފަރުޟު ފަސް ނަމާދު ފަދައިން ވަޤުތު ކަނޑައެޅިގެންވާ ނަމާދެއް ނަމައެވެ. އެހެންނޫނީ ވުޟޫކުރަން ޖެހޭނީ މުޠުލަޤުކޮށްވާ ސުންނަތް ނަމާދުތައްފަދަ ނަމާދެއް ކުރަން ޤަޞްދުކުރާހިނދުގައެވެ.
النوعُ الثانِي: ألَّا يُعلمَ امتناعُ حيضِها بعدَ العَمَليةِ، بل يُمكنُ أن تَحيضَ، فهذه حُكمُها حُكمُ المُسْتَحاضَةِ، ويدُلُّ لِما ذكِرَ قولُه صَلَّى اللَّهُ عَلَيْه وَسَلَّم لفاطمةَ بِنتِ أبي حُبَيْشٍ:,ދެވަނަ ވައްތަރު: އޮޕަރޭޝަނަށްފަހު ޙައިޟު ނުވާނެކަން އެނގިގެން ނުވުމެވެ. ކިއެއްތަ، ޙައިޟުވުންވެސް އެކަށީގެންވުމެވެ. މީނާގެ ޙުކުމަކީ، އިސްތިޙާޟާވާ މީހާގެ ޙުކުމެވެ. މި ނަންގަތް ކަންތަކަށް ދަލީލުކުރަނީ އެކަލޭގެފާނު ﷺ، ފާޠިމާ ބިންތު އަބީ ޙުބައިޝު އަށް ޙަދީޘްކުރެއްވި ބަސްފުޅެވެ:
«إِنَّمَا ذَلِكَ عِرْقٌ وَلَيْسَ بِالْحَيْضَةِ، فَإِذَا أَقْبَلَتِ الْحَيْضَةُ فَاتْرُكِي الصَّلَاةَ»[64].,"""އެކަން ވާކަން ކަށަވަރީ ނާރަކުން އަންނަ ލެޔެއްކަމުގައެވެ. ޙައިޟުވުން ކަމުގައި އެކަން ނުވެއެވެ. ދެންފަހެ ޙައިޟުވުން ކުރިމަތިވެއްޖެނަމަ، ކަނބުލޭގެ ނަމާދު ދޫކޮށްލާހުށިކަމެވެ."" [64]."
[64] أخرجه البخاري: كتاب الوضوء، باب غسل الدم، رقم (228)، ومسلم: كتاب الحيض، باب المستحاضة وغسلها وصلاتها، رقم (333)، من حديث عائشة رضي الله عنها.,[64] މި ޙަދީޘް ނެރުއްވީ އަލް-ބުޚާރީ، ކިތާބުލް-ވުޟޫއުގެ، ލޭ ދޮވުމާ ބެހޭ ބާބުގައި، ނަމްބަރު 228 ގައެވެ. އަދި މުސްލިމް، ކިތާބުލް-ޙައިޟުގެ، އިސްތިޙާޟާވެފައިވާ އަންހެނާއާއި އޭނާގެ ހިނެއުމާއި ނަމާދުކުރުމާ ބެހޭ ބާބުގައި، ނަމްބަރު 333 ގައެވެ. އެއީ ޢާއިޝާ رضي الله عنها ގެ ޙަދީޘުންނެވެ.
فإنَّ قولَه:,ފަހެ އެކަލޭގެފާނުގެ ބަސްފުޅުގައިވާ:
«فَإِذَا أَقْبَلَتِ الْحَيْضَةُ»,"""ދެންފަހެ ޙައިޟުވުން ކުރިމަތިވެގެން އައިސްފިނަމައެވެ."""
يُفيدُ أنَّ حُكمَ المُسْتَحاضَةِ فيمَنْ لها حيضٌ مُمكِـنٌ ذُو إقْبالٍ وإدْبارٍ، أمَّا مَن ليسَ لها حيضٌ مُمكـنٌ فَدَمُها دَمُ عِرْقٍ بكُلِّ حالٍ.,މިއިން ދޭހަކޮށްދެނީ، އިސްތިޙާޟާވާ އަންހެނާގެ ޙުކުމްވަނީ: އައުމާއި ދިޔުން ވާގޮތަށް ޙައިޟުގެ ލޭވެސް އައުން އެކަށީގެންވާ ގޮތަށްވާ އަންހެނާއަށެވެ. ދެންފަހެ އެކަނބުލޭގެއަށް ޙައިޟުވުން އެކަށީގެންވާ ގޮތަށް ނުވާ މީހާ، ފަހެ އެކަނބުލޭގެ ކިބައިން އަންނަ ލެޔަކީ، ކޮންމެ ޙާލަތެއްގައިވެސް ނާރަކުން އަންނަ ލެޔެކެވެ.
أحكامُ الاسْتِحاضَةِ:,އިސްތިހާޟާގެ ޙުކުމްތައް:
عرَفْنا مِمَّا سبقَ متَى يكونُ الدمُ حيضًا ومتى يكونُ استِحاضةً، فمتَى كانَ حيضًا ثَبَتَتْ له أحكامُ الحيضِ، ومتى كانَ استِحاضةً ثَبَتَتْ له أحكامُ الاستحاضةِ.,އިސްވެދިޔަ ވާހަކަތަކުން، (އަންހެނާގެ ގާތަށް އަންނަ) ލޭ ޙައިޟުގެ ލޭކަމުގައި ވާނީ ކޮންއިރަކުކަން، އަދި އިސްތިޙާޟާގެ ލޭކަމުގައި ވާނީ ކޮންއިރަކުކަން އަހަރުމެންނަށް އެނގިއްޖެއެވެ. ދެންފަހެ ޙައިޟުގެ ލޭކަމުގައި ވެއްޖެ ހިނދެއްގައި، ޙައިޟުގެ ޙުކުމްތައް އެއަށް ޘާބިތުވެއެވެ. އަދި އިސްތިޙާޟާގެ ލޭކަމުގައި ވެއްޖެ ހިނދެއްގައި، އިސްތިޙާޟާގެ ޙުކުމްތައް އެއަށް ޘާބިތުވެއެވެ.
وقَدْ سَبَقَ ذِكرُ المُهمِّ مِن أحكامِ الحَيضِ.,އަދި ގައިމު ޙައިޟުގެ ޙުކުމްތަކުން މުހިއްމު ބައިތައް އިސްވެ ޛިކުރު ކުރެވިއްޖެއެވެ.
وأمَّا أحكامُ الاسْتِحاضَةِ فكأحكامِ الطُّهرِ، فلا فرقَ بينَ المُسْتَحاضَةِ وبين الطَّاهراتِ إلَّا فيما يَأتي:,ދެންފަހެ އިސްތިހާޟާގެ ޙުކުމްތަކަށް ބަލާއިރު، އެ ޙުކުމްތައްވަނީ ޠުހުރުގެ ޙުކުމްތަކާ އެއްގޮތަށެވެ. އެގޮތުން އިސްތިޙާޟާގެ ލޭ އަންނަ އަންހެނަކާއި، ޠާހިރު އަންހެނުންގެ މެދުގައި އަންނަނިވި ކަންތަކުގައި ފިޔަވައި އެހެން އެއްވެސް ތަފާތެއް ނެތެވެ:
الأولُ: وجوبُ الوضوءِ عليها لكُلِّ صلاةٍ،,ފުރަތަމައީ: ކޮންމެ ނަމާދަކަށް އެކަނބުލޭގެ މައްޗަށް ވުޟޫކުރުން ވާޖިބުވުމެވެ.
لقولِ النبيِّ صَلَّى الله عَلَيْه وَسَلَّم لفاطمةَ بِنتِ أبي حُبَيْشٍ:,އެއީ ނަބީ ﷺ، ފާޠިމާ ބިންތު އަބީ ޙުބައިޝަށް ޙަދީޘްކުރެއްވި ބަސްފުޅަށްޓަކައެވެ:
«ثُمَّ تَوَضَّئِي لِكُلِّ صَلَاةٍ».,"""ދެން އެއަށްފަހު ކޮންމެ ނަމާދަކަށް ކަނބުލޭގެ ވުޟޫކުރާށެވެ."""
رواهُ البخاريُّ في بابِ غَسْل الدمِ،,ރިވާކުރެއްވީ އަލް-ބުޚާރީ، ލޭ ދޮވުމާ ބެހޭ ބާބުގައެވެ.
معنَى ذلك أنَّها لا تتوضَّأُ للصلاةِ المؤقَّتةِ إلَّا بعدَ دخولِ وقتِها.,އޭގެ މާނައަކީ: ވަޤުތު ކަނޑައެޅިގެންވާ ނަމާދެއްގެ ވަޤުތު ވަނުމަށްފަހު މެނުވީ އެކަނބުލޭގެ އެ ނަމާދަށް ވުޟޫ ނުކުރުމެވެ.
أمَّا إذا كانتِ الصلاةُ غيرَ مؤقَّتةٍ فإنَّها تتوضَّأُ لها عندَ إرادةِ فِعلِها.,އެހެނެއްކަމަކު އެ ނަމާދަކީ ވަޤުތު ކަނޑައެޅިފައި ނުވާ ނަމާދެއް ނަމަ، ފަހެ އެކަނބުލޭގެ އެ ނަމާދެއް ކުރަން ބޭނުންވެ ޤަޞްދުކުރާ ހިނދު އެ ނަމާދަށް ވުޟޫކުރާނީއެވެ.
الثَّاني: أنَّها إذا أرادَتِ الوضوءَ فإنَّها تغسلُ أثرَ الدَّمِ، وتُعصِّبُ على الفَرجِ خِرْقةً على قُطنٍ لِيَسْتَمْسِكَ الدَّمُ؛ لقولِ النبيِّ صَلَّى الله عَلَيْه وَسَلَّم لحمنةَ:,ދެވަނައީ: އެކަނބުލޭގެ ވުޟޫކުރަން ޤަޞްދުކުރާހިނދު، ފަހެ ލޭގެ އަސަރު ޖެހިފައި ހުރިތަން ދޮވެފައި، އަދި ލޭ ހުއްޓުވުމަށްޓަކައި ފަރުޖުގެ މަތީގައި ކަފަގަނޑެއް އަޅާފައި، އޭގެ މަތީގައި ފޮތިކޮޅެއް އައްސާހުއްޓެވެ. އެއީ ނަބީ ﷺ ޙަމްނާއަށް ޙަދީޘްކުރެއްވި ބަސްފުޅަށްޓަކައެވެ:
«أَنْعَتُ لَكِ الْكُرْسُفَ فَإِنَّهُ يُذْهِبُ الدَّمَ». قَالَتْ: فَإِنَّهُ أَكْثَرُ مِنْ ذَلِكَ. قَالَ: «فَاتَّخِذِي ثَوْبًا». قَالَتْ: هُوَ أَكْثَرُ مِنْ ذَلِكَ. قَالَ: «فَتَلَجَّمِي».,"""ތިމަންކަލޭގެފާނު ކަނބުލޭގެ (ފަރުޖުގައި އަޅަންވީ) ކަފަގަނޑު ޞިފަކޮށްދޭނަމެވެ. ފަހެ އެއިން ލޭ ފިލުވާލާނެއެވެ."" އެކަމަނާ ދެންނެވިއެވެ: ""ފަހެ އެ ލޭ އެއަށްވުރެ މާ ގިނައެވެ."" އެކަލޭގެފާނު ޙަދީޘްކުރެއްވިއެވެ: ""ފަހެ އެހެންވިއްޔާ (ފަރުޖުގައި އަޅާ ބަންދުކުރަން) ހެދުމެއް ގެންގުޅޭށެވެ."" އެކަމަނާ ދެންނެވިއެވެ: ""އެއަށްވުރެ އަންނަ ލޭ މާ ގިނައެވެ."" އެކަލޭގެފާނު ޙަދީޘްކުރެއްވިއެވެ: ""އެހެންވިއްޔާ ނެޕީއެއް ގޮތަށް ފޮތިގަނޑެއް އައްސާށެވެ."""
الْحَدِيثَ،,މި ޙަދީޘެވެ.
ولا يضرُّها ما خرجَ بعدَ ذلكَ؛ لقولِ النبيِّ صَلَّى الله عَلَيْه وَسَلَّم لفاطمةَ بِنتِ أبي حُبَيْشٍ:,އަދި އެއަށްފަހު ނުކުންނަ އެއްޗަކުން އެކަނބުލޭގެއަށް ގެއްލުމެއް ނެތެވެ. އެއީ ފާޠިމާ ބިންތު އަބީ ޙުބައިޝުއަށް ނަބީ ﷺ ޙަދީޘްކުރެއްވި ބަސްފުޅަށްޓަކައެވެ:
«اجْتَنِبِي الصَّلَاةَ أَيَّامَ حَيْضِكِ، ثُمَّ اغْتَسِلِي وَتَوَضَّئِي لِكُلِّ صَلَاةٍ، ثُمَّ صَلِّي، وَإِنْ قَطَرَ الدَّمُ عَلَى الْحَصِيرِ».,"""ކަނބުލޭގެ ޙައިޟުގެ ދުވަސްވަރުގައި ނަމާދުން އެއްކިބާވާށެވެ. ދެން އެއަށްފަހު ހިނައިގަނެ ކޮންމެ ނަމާދަކަށް ވުޟޫކުރާށެވެ. ދެން ކުނާ މައްޗަށް އަދި ލޭ ތިކި ޖެހިޔަސް ކަނބުލޭގެ ނަމާދުކުރާށެވެ."""
[رواهُ أحمدُ وابنُ ماجَهْ][65].,[އެ ރިވާކުރެއްވީ އަޙުމަދު އަދި އިބްނު މާޖާއެވެ.] [65].
[65] أخرجه أحمد (6/ 204)، وابن ماجه، كتاب الطهارة وسننها، باب ما جاء في المستحاضة التي قد عدت أيام أقرائها، قبل أن يستمر بها الدم، رقم (624)، من حديث عائشة رضي الله عنها.,[65] މި ޙަދީޘް ނެރުއްވީ އަޙްމަދު (204/6) ގައި، އަދި އިބްނު މާޖާ، ކިތާބުއް-ޠަހާރާ އަދި އޭގެ ސުންނަތްތައް ފޮތުގައި، ލޭ ދެމިގެން އައުމުގެ ކުރިން، ޙައިޟުގެ ދުވަސްވަރު ގުނާފައިވާ އިސްތިޙާޟާވާ އަންހެނާއާމެދު އައިސްފައިވާ ކަންކަން ނަންގަނެވުނު ބާބުގައި، ނަމްބަރު 624 ގައެވެ. އެއީ ޢާއިޝާ رضي الله عنها ގެ ޙަދީޘުންނެވެ.
الثَّالثُ: الجِماعُ، فقدِ اختلفَ العُلماءُ في جوازِه إذا لم يَخَفِ العَنَتَ بتركِه، والصَّوابُ جوازُه مُطْلَقًا؛ لأنَّ نساءً كثيراتٍ يبلُغنَ العَشْرَ أو أكثرَ استُحِضْنِ في عهدِ النبيِّ صَلَّى اللَّهُ عَلَيْه وَسَلَّم ولم يمنَعِ اللَّهُ ولا رسولُه من جِماعِهنَّ،,ތިންވަނައީ: ޖިމާޢުވުމެވެ. ފަހެ އެ ޙާލަތުގައި ޖިމާޢުވުން ދޫކޮށްލައިގެން ޒިނޭކުރެވިދާނޭކަމަށް ބިރުހީނުވާނަމަ، ޖިމާޢުވުން ހުއްދަވެގެންވޭތޯ ޢިލްމުވެރިން ޚިލާފުވެގެންވެއެވެ. އަދި ޞައްޙަ ރަނގަޅު ބުނުމަކީ، މުޠުލަޤުކޮށް އެކަން ހަމަ ހުއްދަވެގެންވުމެވެ. އެހެނީ ނަބީ ﷺ ގެ ދުވަސްވަރުގައި ދިހައެއް ނުވަތަ އެއަށްވުރެ ގިނަ ޢަދަދަކަށް ފޯރާ ގިނަ އަންހެނުންތަކެއް އިސްތިޙާޟާވިއެވެ. އެކަމަކު ﷲ އާއި އެއިލާހުގެ ރަސޫލުވެސް އެ އަންހެންތަކުން ޖިމާޢުވުން މަނާ ނުކުރައްވަތެވެ.
بَلْ في قولِه تعالى:,ކިއެއްތަ ﷲ ތަޢާލާގެ ބަސްފުޅުގައި ވެއެވެ:
﴿...فَاعْتَزِلُواْ النِّسَاء فِي الْمَحِيضِ...﴾,"﴿...فَاعْتَزِلُواْ النِّسَاء فِي الْمَحِيضِ...﴾
 މާނައީ: ""...ފަހެ ޙައިޟުގެ ދުވަސްވަރުގައި ތިޔަބައިމީހުން އަންހެނުންނާ އެއްކިބާވާށެވެ..."""
[البقرة:222],[އަލް-ބަޤަރާ: 222]
دليلٌ على أنَّه لا يجِبُ اعتزالُهنَّ فيما سِواهُ؛ ولأنَّ الصلاةَ تَجوزُ منها، فالجِماعُ أهونُ، وقياسُ جماعِها على جماعِ الحائضِ غيرُ صحيحٍ؛ لأنَّهما لا يَستويانَ حتَّى عندَ القائِلين بالتحريمِ، والقياسُ لا يصحُّ مع الفارقِ.,މިއީ އެނޫން ޙާލަތްތަކުގައި އެ އަންހެންތަކުންނާ އެއްކިބާވެ ދުރުހެލިވާން ނުޖެހޭނެކަމުގެ މައްޗަށްވާ ދަލީލެކެވެ. އަދި އެހެނީ އެކަނބުލޭގެ ނަމާދުކުރުންވެސް ހުއްދަވާހިނދު، ފަހެ ޖިމާޢުވުން އަދި މާ ލުއިވެގެންވެއެވެ. އަދި އެކަނބުލޭގެއާ ޖިމާޢުވުން، ޙައިޟުވެފައިވާ އަންހެނާއާ ޖިމާޢުވުމުގެ މައްޗަށް ޤިޔާސްކޮށް އަޅާކިޔުމަކީ، ޞައްޙަ ޤިޔާސެއް ނޫނެވެ. އެހެނީ އެކަން ޙަރާމްވެގެންވާކަމަށް ބުނާ މީހުންގެ ގާތުގައިވެސް އެ ދެއަންހެނުން އެއްހަމަވެގެން ނުވެއެވެ. އަދި ފަރަޤުވެ ތަފާތުވާ ކަންތަކެއް ހުރުމާއެކު ޤިޔާސް ޞައްޙަވެގެން ނުވެތެވެ.
الفصلُ السَّادسُ: في النِّفاسِ وحُكمِه,ހަވަނަ ބާބު: ނިފާސްވެރިކަމާއި އޭގެ ޙުކުމް
النِّفاسُ: دَمٌ يُرخيهِ الرَّحمُ بِسببِ الولادةِ، إمَّا معَها أو بعدَها أو قبلَها بيومينِ أو ثلاثةٍ معَ الطَّلقِ.,ނިފާސްވެރިކަމަކީ: ވިހެއުމުގެ ސަބަބުން އެއާއެކު ނުވަތަ އޭގެ ފަހުން ނުވަތަ އޭގެ ދެތިން ދުވަސް ކުރިން ވޭނާ އެކުގައި ރަޙިމުން ނިކުންނަ ލެޔެކެވެ.
وقال شيخُ الإسلامِ ابنُ تيميَّةَ:,އަދި ޝައިޚުލް-އިސްލާމް އިބްނު ތައިމިއްޔާ ވިދާޅުވިއެވެ:
«ما تراهُ حين تشرعُ في الطَّلقِ فهو نِفاسٌ». ولم يُقيِّدْه بيومينِ أو ثلاثةٍ، ومرادُه: طلْقٌ يعقبُه ولادةٌ وإلَّا فليسَ بنفاسٍ. واختلفَ العُلماءُ: هل له حَدٌّ في أقلِّهِ وأكثرِه؟.,"“ވިހެއުމުގެ ވޭން ފަށާހިނދު ފެންނަ އެއްޗަކީ ނިފާސްއެވެ.""
 އަދި އެކަލޭގެފާނު އޭގެ މުއްދަތު ދެތިން ދުވަހަށް ހަނިކޮށްފައެއް ނުވެއެވެ. އަދި އޭގެ މުރާދަކީ: އެއާ ވިއްދައިގެން ވިހެއުންވާ ވޭނެވެ. އެހެންނޫންނަމަ ފަހެ އެއީ ނިފާސް ކަމުގައި ނުބެލެވޭނެއެވެ. އަދި އޭގެ އެންމެ މަދު މުއްދަތާއި އެންމެ ގިނަ މުއްދަތާމެދު ޙައްދެއް އޮތްތޯ ޢިލްމުވެރިން އިޚުތިލާފުވެފައިވެއެވެ؟"
قالَ الشيخُ تقيُّ الدِّينِ في رسالتِه في الأسماءِ الَّتي علَّق الشارعُ الأحكامَ بها (ص:37): «والنفاسُ لا حدَّ لأقلِّه ولا لأكثرِه، فلَوْ قُدِّرَ أنَّ امرأةً رأتِ الدمَ أكثرَ مِن أربَعين أو سِتِّينَ أو سَبعينَ وانقطعَ فهوَ نفاسٌ، لكِنْ إنِ اتصلَ فهو دمُ فسادٍ، وحينئذٍ فالحدُّ أربَعون فإنَّه مُنتهَى الغالِبِ جاءَت به الآثارُ». اﻫ.,"ޝައިޚް ތަޤިއްޔުއް-ދީން، އެބޭފުޅާގެ الأسماء الّتي علّق الشارع الأحكام بها ރިސާލާގައި ވިދާޅުވެފައިވެއެވެ (ޞ: 37): ނިފާސްގެ ލޭގެ އެންމެ މަދު މުއްދަތަކަށް އަދި ގިނަ މުއްދަތަކަށް ޙައްދެއް ނުވެއެވެ. އެގޮތުން މިޘާލަކަށް އަންހެނަކަށް ސާޅީސް ނުވަތަ ފަސްދޮޅަސް ނުވަތަ ހަތްދިހަ ދުވަހަށްވުރެ ގިނައިން ލޭ ފެނިފައި މެދުކެނޑިއްޖެނަމަ، ފަހެ އެއީ ހަމަ ނިފާސްއެވެ. ނަމަވެސް މެދު ނުކެނޑި ދިގުލައިގެން ގޮސްފިނަމަ އެއީ ފާސިދު ލެޔެވެ. އެ ޙާލަތުގައި މުއްދަތަކީ ސާޅީސް ދުވަހެވެ. އެހެނީ އެއީ އަޘަރުތައް އެކަމުގައި އައިސްފައިވާ ގޮތުން ގިނަފަހަރު ނިފާސް ނިމޭ މުއްދަތު ކަމުގައިވާތީއެވެ."" އހ."
قلتُ: وعلى هذا فإذا زادَ دَمُها على الأربَعين، وكان لها عادةٌ بانقطاعِه بعدُ، أو ظهرَتْ فيه أماراتُ قُرْبِ الانقطاع انتظرَتْ حتَّى ينقطعَ وإلَّا اغتسلَتْ عندَ تمامِ الأربَعين؛ لأنَّه الغالبُ إلَّا أَنْ يصادفَ زمنَ حيضِها فتجلسُ حتَّى يَنتهيَ زمنُ الحيضِ، فإذا انقطعَ بعدَ ذلك فينبغي أن يكونَ كالعادةِ لها، فتعملُ بحسبِه في المستقبَلِ، وإن استمَرَّ فهيَ مُسْتَحاضَةٌ، ترجِعُ إلى أحكامِ المُسْتَحاضَةِ السابقةِ،,އަހަރެން ބުނަމެވެ: މިިކަމުގެ މައްޗަށް، އޭނާގެ ލޭ އައުން ސާޅީސް ދުވަހަށްވުރެ އިތުރުވެއްޖެނަމަ، އަދި އޭގެ ފަހުން (އެބަހީ ސާޅީހަށްވުރެ އިތުރުވެފައި) ލޭ މެދުކެނޑޭގޮތަށް އޭނާގެ ޢާދަ ކުރިންވާނަމަ، ނުވަތަ ހުއްޓެން އުޅޭ ކަމުގެ ޢަލާމާތްތައް ފެނިއްޖެނަމަ، ހުއްޓެންދެން މަޑުކޮށްލާނީއެވެ. އެހެން ނޫންނަމަ ސާޅީސް ދުވަސް ފުރިހަމަވުމުން ހިނައިގަންނާނީއެވެ. އެހެނީ ޢާއްމުކޮށް ގިނައިންވާ މުއްދަތަކީ އެޔެވެ. އެކަމަކު އެއީ އެކަނބުލޭގެ ޙައިޟުވާ ދުވަސްވަރާ ދިމާވެއްޖެއްޔާ މެނުވީއެވެ. އެހެންވެއްޖެނަމަ، ޙައިޟުގެ ދުވަސްވަރު ނިމެންދެން މަޑުކުރާނީއެވެ. ދެން އެއަށްފަހު ލޭ މެދުކެނޑިއްޖެނަމަ، އެއީ އެކަނބުލޭގެ ލޭ އައުމަށްވާ ޢާދައެއް ފަދައިން ވުން އެކަށީގެންވެއެވެ. ދެން އޭގެ މައްޗަށް މުސްތަޤުބަލުގައި ޢަމަލުކުރާނީއެވެ. އަދި ލޭ ނުހުއްޓި ކުރިއަށް ދާނަމަ، ފަހެ އެކަނބުލޭގެ އެވަނީ އިސްތިޙާޟާގެ ލޭ އައިސްފައިވެއެވެ. އެކަނބުލޭގެ ރުޖޫޢަވާނީ އިސްތިހާޟާއާ ބެހޭ ގޮތުން އިސްވެދިޔަ ޙުކުމްތަކަށެވެ.
ولو طَهُرَتْ بانقطاعِ الدَّمِ عنها فهيَ طاهرٌ ولو قبلَ الأربَعين، فَتَغتَسِلُ وتُصلِّي وتَصومُ ويُجامِعُها زَوجُها، إلَّا أَنْ يكونَ الانقطاعُ أقلَّ مِن يومٍ فلا حُكمَ له، قاله في المُغنِى[66].,އަދި ސާޅީސް ދުވަހުގެ ކުރިންވިޔަސް އެކަނބުލޭގެ ކިބައިން ލޭ އައުން މެދުކެނޑިގެން ޠާޙިރުވެއްޖެނަމަ، ފަހެ އެކަނބުލޭގެ އެވަނީ ޠާހިރުވެފައެވެ. ދެން އެކަނބުލޭގެ ހިނައިގަނެފައި، ދެން ނަމާދުކޮށް، ރޯދަ ހިފައި، އަދި އެކަނބުލޭގެ ފިރިމީހާ އެކަނބުލޭގެއާ ޖިމާޢުވާންވީއެވެ. އެކަމަކު ލޭ މެދުކެނޑިގެން ދިޔައީ އެއްދުވަހަށްވުރެ މަދު ގަޑިއަކަށްނަމަ، ފަހެ އެއަކަށް ޙުކުމެއް ނެތެވެ. (އެބަހީ: އަދި ޠާހިރުވީކަމަށް ޙުކުމެއް ނުކުރެވޭނެއެވެ.) އަލް-މުޣްނީގައި އެފަދައިން ވިދާޅުވިއެވެ. [66].
[66] المغني (252/1-253).,[66] އަލް-މުޣުނީ (252/1-253).
ولا يَثبتُ النِّفاسُ إلَّا إذا وضعَتْ ما تَبيَّنَ فيه خَلْقُ إنسانٍ، فلو وضعَتْ سقْطًا صغيرًا لم يتبيَّنْ فيه خَلْقُ إنسانٍ فليسَ دمُها دَمَ نفاسٍ، بل هو دَمُ عِرْقٍ، فيكونُ حُكمُها حُكمَ المُسْتَحاضَةِ، وأقلُّ مُدَّةٍ يتبيَّنُ فيها خَلقُ إنسانٍ ثمانونَ يومًا مِنِ ابتداءِ الحملِ، وغالبُها تِسعونَ يومًا.,އަދި އިންސާނެއްގެ ޞޫރަ ބަޔާންވެ ދައްކުވައިދޭ އެއްޗެއް ވިހައިގެން ނޫނީ ނިފާސްވިކަން ޘާބިތުނުވާނެއެވެ. ފަހެ އެގޮތުން އިންސާނެއްގެ ޞޫރަ ބަޔާންނުވެެ ސާފުނުވާ، ކުޑަ އެއްޗެއް ވެއްޓުނުނަމަ، ފަހެ އެކަނބުލޭގެއަށް އަންނަ ލެޔަކީ ނިފާސް ލެޔެއް ނޫނެވެ. ކިއެއްތަ، އެއީ ނާރަކުން އަންނަ ލެޔެކެވެ. ފަހެ އޭރުން އެކަނބުލޭގެ ޙުކުމަކަށްވާނީ އިސްތިޙާޟާވެފައިވާ އަންހެނާގެ ޙުކުމެވެ. އަދި އިންސާނެއްގެ ޞޫރަ ހާމަވާ އެންމެ ކުޑަ މުއްދަތަކީ، ބަލިވެ އިނުން ފެށުމަށްފަހު އަށްޑިހަ ދުވަހެވެ. އަދި ޣާލިބު ޢާއްމު ގޮތެއްގައި އެއީ ނުވަދިހަ ދުވަހެވެ.
قال المَجدُ ابنُ تيميَّةَ: فمتَى رأَتْ دمًا يومًا على طَلْقٍ قبلَها لم تلتفِتْ إليه وبعدَها تُمْسكُ عنِ الصلاةِ والصيامِ، ثمُ إنِ انكشَفَ الأمرُ بعدَ الوضعِ على خلافِ الظاهرِ رجَعَتْ فاستدركَتْ، وإن لم يَنكشِفِ الأمرُ استمرَّ حُكمُ الظاهرِ فلا إعادةَ. نقَلَه عنه في شرح الإقناعِ[67].,"އަލް-މަޖްދު އިބްނު ތައިމިއްޔާ ވިދާޅުވިއެވެ: ވިހެއުމުގެ ވޭންވަރާއެކު (ވިހެއުމުގެ) ކުރިން ލޭ ފެންނަ އިރުން، އެކަނބުލޭގެ އެއަށް ބެލުމެއް ނެތެވެ. އަދި ވިހެއުމުގެ ފަހުން ފެންނަ ލޭގެ މައްޗަށް ނަމާދާއި ރޯދަ ހިފުމުން ދުރުވާހުއްޓެވެ. ދެން ވިހެއުމަށްފަހު، އެފަހަރު ހާމަވިގޮތާ ޚިލާފަށް ކަންތައް ހުރިކަން ހާމަވެއްޖެނަމަ (އެބަހީ: އިންސާނެއްގެ ޞޫރަ ނެތް އެއްޗެއް ވެއްޓުނުނަމަ)، އެނބުރި ގޮސް ޤަޟާކުރާނީއެވެ. އަދި އެކަން ހާމަނުވެއްޖެނަމަ، ބޭރުފުށަށް ފެނުނުގޮތަށް ޢަމަލުކުރަމުންދާނީއެވެ. ފަހެ އެގޮތުން އިޢާދަކޮށް ޤަޟާކުރުމެއް ނުވެއެވެ.
 މިބަސްފުޅު އެކަލޭގެފާނުގެ އަރިހުން ނަޤުލުކުރެއްވީ ޝަރްޙު އަލް-އިޤްނާޢުގައެވެ. [67]."
[67] كشاف القناع (219/1),[67] ކައްޝާފުލް-ޤިނާޢު (219/1)
أحكامُ النِّفاسِ:,ނިފާސްގެ ޙުކުމްތައް:
أحكامُ النِّفاسِ كأحكامِ الحَيضِ سَواءٌ بِسَواءٍ، إلَّا فيما يأتِي:,"ނިފާސްގެ ޙުކުމްތައްވަނީ ޙައިޟުގެ ޙުކުމްތައް ފަދައިން، ހަމަ ތުނޑުން ތުނޑަށް އެއްގޮތަށެވެ.
 އަންނަނިވި ކަންތަކުގައި މެނުވީއެވެ:"
الأولُ: العِدَّةُ فتُعتَبَرُ بالطَّلاقِ دُونَ النِّفاسِ؛ لأنَّه إنْ كانَ الطَّلاقُ قبلَ وَضعِ الحَملِ انقضَتِ العِدَّةُ بوضعِه لا بالنِّفَاسِ، وإن كانَ الطَّلاقُ بعدَ الوَضعِ انتَظَرَتْ رُجوعَ الحيضِ كما سَبَقَ.,ފުރަތަމައީ : ޢިއްދާގައެވެ. ފަހެ އެެގޮތުން ޢިއްދާގައި ބެލެނީ ވަރިއަށެވެ. ނިފާސްގެ ލެޔަކަށް ނޫނެވެ. އެހެނީ ވަރިކުރީ ވިހެއުމުގެ ކުރިން ނަމަ، ވިހެއުމުން އެވަނީ ޢިއްދަ ނިމިފައެވެ. ނިފާސްގެ ލޭ ނިމުމަކުންނެއް ނޫނެވެ. އަދި ވަރިކުރީ ވިހެއުމަށްފަހު ނަމަ، ޙައިޟުގެ ލޭ އަނބުރާ އަންނަންދެން އިންތިޡާރު ކުރާނީއެވެ. އެއީ އިސްވެ ދިޔަ ފަދައިންނެވެ.
الثاني: مُدَّةُ الِإيلاءِ يُحسَبُ مِنها مُـدَّةُ الحَيضِ ولا يُحسَبُ مِنها مُـدَّةُ النِّفاسِ.,ދެވަނަ ކަމަކީ: އީލާއުގެ މުއްދަތެވެ. އީލާއުގެ މުއްދަތު ގުނާއިރު އޭގައި ޙައިޟުގެ މުއްދަތު ހިމެނެއެވެ. އަދި އެހެނަސް ނިފާސްކަމުގެ މުއްދަތު ނުހިމެނެއެވެ.
والِإيلاءُ: أنْ يَحلِفَ الرَّجُلُ على تَركِ جماعِ امرأتِه أبدًا أو مُدَّةً تَزيدُ على أربعةِ أشهرٍ، فإذا حَلَفَ وطالبَتْه بالجِماعِ جَعَلَ له مُدَّةَ أربعة أشهرٍ من حَلِفِه، فإذا تَمَّتْ أُجْبِرَ على الجِماعِ أو الفِراقِ بطلبِ الزوجةِ، فهذه المُدَّةُ إذا مَرَّ بالمرأةِ نِفاسٌ لم يُحسَبْ على الزوجِ، وزِيدَ على الشهورِ الأربعةِ بقَدْرِ مُدَّتِه، بخلافِ الحيضِ فإنَّ مُدَّتَه تُحسَبُ على الزوجِ.,އަދި އީލާއުކުރުމަކީ: ފިރިހެންމީހާ އަބަދަށްޓަކައި ނުވަތަ ހަތަރު މަހަށްވުރެ ދިގު މުއްދަތަކަށް އަނބިމީހާއާ ޖިމާޢުވުން ދޫކޮށްލުމުގެ މައްޗަށް ގަންދީ ހުވާކުރުމެވެ. އެގޮތުން އޭނާ އެގޮތަށް ހުވާކޮށްފައި، ދެން އަނބިމީހާ ޖިމާޢުވުމަށް އޭނާގެ ގާތުން އެދިއްޖެނަމަ، އޭނާ ހުވާކުރުމުން ފެށިގެން ހަތަރު މަސްދުވަހުގެ މުއްދަތެއް ދެވޭނެއެވެ. ދެން އެ މުއްދަތު ނިމިއްޖެ ނަމަ، އަނބިމީހާގެ އެދުމުގެ މަތިން ޖިމާޢުވުމަށް ނުވަތަ ވަކިވާން މަޖުބޫރު ކުރެވޭނެއެވެ. މި މުއްދަތުގައި އަންހެންމީހާއަށް ނިފާސްގެ ލޭ އައިސްގެން ދުވަސްވަރެއް ހިނގައްޖެނަމަ، ފިރިމީހާއަށް ދެވުނު ދުވަސްތަކުގައި އެ ދުވަސްތައް ނުހިމެނޭނެއެވެ. އަދި ނިފާސްގެ މުއްދަތުގެ ހުރި މިންވަރެއް، އެއްކަލަ ހަތަރު މަސްގެ ތެރެއަށް އިތުރުކުރެވޭނެއެވެ. އެއީ ޙައިޟުއާ ޚިލާފަށެވެ. އެގޮތުން ޙައިޟުގެ މުއްދަތު ހަމަ ފިރިމީހާއަށް ދެވުނު ދުވަސްތަކުގެ ތެރޭގައި ހިމެނޭނެއެވެ.
الثالِثةُ: البُلوغُ يحصلُ بالحيضِ ولا يحصلُ بالنِّفاسِ؛ لأنَّ المرأةَ لا يُمكنُ أن تَحملَ حتَّى تُنزلَ، فيكونَ حصولُ البُلوغِ بالإنزالِ السابقِ للحملِ.,"ތިންވަނައީ: ބާލިޣުވުމުގައެވެ. ބާލިޣުވުން ޙާޞިލުވަނީ ޙައިޟުންނެވެ. ނިފާސްވެގެން އެކަން ޙާޞިލު ނުވެއެވެ. އެހެނީ އަންހެނަކު (ޙައިޟުގެ ލޭ) ފައިބައިފުމަށް ދާންދެން ބަލިވެއިނުމަކީ، ވާނޭކަމެއް ނޫނެވެ.
 އެހެންކަމުން ބާލިޣުވުން ޙާޞިލުވަނީ، ބަލިވެއިނުމުގެ ކުރިން އަންނަ ލޭ ގެ ސަބަބުންނެވެ."
الرابعُ: أنَّ دَمَ الحيضِ إذا انقطعَ ثُمَّ عادَ في العادةِ فهوَ حيضٌ يَقينًا، مثل أن تَكونَ عادتُها ثمانيةَ أيامٍ، فَترَى الحيضَ أربعةَ أيامٍ، ثُمَّ ينقطعُ يومين، ثُمَّ يعودُ في السابعِ والثامنِ، فهذا العائدُ حيضٌ يقينًا يثبتُ له أحكامُ الحيضِ،,ހަތަރުވަނައީ: ޙައިޟުގެ ލޭ މެދުކެނޑިފައި ދެން އޭނާގެ ޢާދައިގެ ދުވަސްތަކުގެ ތެރޭގައި އެނބުރި ލޭ އައިސްފިނަމަ، އެއީ ހަމަ ޔަޤީނުންވެސް ޙައިޟެވެ. މިޘާލަކަށް: މީހެއްގެ ޢާދައަކީ އަށް ދުވަސް ކަމުގައިވެފައިި، ފަހެ ދެން ހަތަރު ދުވަސް ވަންދެން ޙައިޟުގެ ލޭ ފެނިފައި، ދެން ދެ ދުވަސް ވަންދެން މެދުކެނޑިފައި، ދެން ހަތްވަނަ އަދި އަށްވަނަ ދުވަހު ލޭ އަނބުރާ އައުމެވެ. ފަހެ އެނބުރި އައި މި ލެޔަކީ ޔަޤީނުންވެސް ޙައިޟުގެ ލެޔެވެ. އަދި އެއަށް ޙައިޟުގެ ޙުކުމްތައް ދެވި ޘާބިތު ކުރެވޭ ހުއްޓެވެ.
وأمَّا دَمُ النِّفاسِ فإذا انقطعَ قبلَ الأربَعين ثُمَّ عادَ في الأربَعين فهو مَشكوكٌ فيه فيجِبُ عليها أن تصلِّيَ وتصومَ الفَرضَ المُؤقَّتَ في وقتِه، ويَحرمُ عليها ما يَحرمُ على الحائضِ غيرَ الواجباتِ، وتقضِي بعدَ طُهرِها ما فعلَتْه في هذا الدَّمِ مِمَّا يجبُ على الحائضِ قضاؤُه. هذا هوَ المشهورُ عندَ الفُقهاءِ منَ الحنابلةِ[68].,އަނެއްކޮޅުން ނިފާސްގެ ލެޔަށް ބަލާއިރު، ސާޅީސް ދުވަސްވުމުގެ ކުރިން ލޭ ހުއްޓިފައި ދެން އަނެއްކާ ސާޅީހުގެ ތެރޭގައި ލޭ އައިސްފިނަމަ، އެއީ ޝައްކު ކުރެވޭ ލެޔެކެވެ. އެގޮތުން އެކަނބުލޭގެ ނަމާދުކޮށް، އަދި ވަޤުތު ކަނޑައެޅިގެންވާ ފަރުޟު ރޯދަ އެ ވަޤުތުގައި ހިފުން ވާޖިބުވާނެއެވެ. އަދި އެއާއެކު ޙައިޟުވާ އަންހެނާގެ މައްޗަށް ޙަރާމްވާ ކަންކަން އޭނާގެ މައްޗަށްވެސް ޙަރާމްވެއެވެ. ކުރަންޖެހޭ ވާޖިބުތައް މެނުވީއެވެ. އަދި ޙައިޟުވެފައިވާ އަންހެނާ ޤަޟާކުރުން ވާޖިބުވެގެންވާ ކަންކަމުން މީނާ އެލޭގެ މުއްދަތުގައި ކޮށްފައިވާ ކަންކަން، ޠާހިރުވުމަށްފަހު ޤަޟާކުރާނީއެވެ. މިއީ ޙަންބަލީ ފިޤުހުވެރިންގެ މެދުގައިވާ މަޝްހޫރު ރައުޔެވެ. [68].
[68] المغني (253/1).,[68] އަލް-މުޣުނީ (253/1).
والصَّوابُ أنَّ الدَّمَ إذا عاوَدَها في زمَنٍ يمكِنُ أن يكونَ نِفاسًا فهو نِفاسٌ، وإلَّا فهو حيضٌ إلَّا أنْ يستمرَّ عليها فيكونَ اسْتِحاضَةً.,އަދި ޞައްޙަ ރަނގަޅު ރައުޔަކީ: ނިފާސްކަމުގައި ބެލެވޭނެ މުއްދަތެއްގައި އަނބުރާ އަންނަ ލޭ ބެލެވޭނީ ނިފާސްކަމުގައެވެ. އެހެން ނޫނީ އެއީ ޙައިޟުގެ ލެޔެވެ. ނުހުއްޓި ދިގުލައިގެން ގޮސްފިނަމަ މެނުވީއެވެ. ފަހެ އެހިނދުން އެވާނީ އިސްތިޙާޟާ ކަމުގައެވެ.
وهذا قريبٌ مما نقَلَه في المُغني[69] عنِ الإمامِ مالكٍ رَحِمَهُ الله حيثُ قالَ: وقالَ مالكٌ:,މިއީ އަލް-މުޣްނީ[69] ގައި އިމާމް މާލިކު رحمه الله ގެ އަރިހުން ނަޤުލުކުރައްވާފައިވާ ގޮތާ ކައިރި ބަސްފުޅެކެވެ. އެގޮތުން (އިބްނު ޤުދާމާ) ވިދާޅުވިއެވެ: އަދި މާލިކު ވިދާޅުވިއެވެ:
«إِنْ رأتِ الدَّمَ بعدَ يومينِ أو ثلاثـةٍ -يعني: مِنِ انقطاعِـه- فهـو نِفاسٌ وإلَّا فهـو حَيـضٌ». اﻫ,ދެތިން ދުވަސް ފަހުން ލޭ ފެނިއްޖެނަމަ -ޔަޢުނީ: ލޭ ހުއްޓުމަކަށްފަހު ފެނިއްޖެނަމަ،- ފަހެ އެއީ ނިފާސްގެ ލެޔެވެ. އަދި އެހެން ނޫންނަމަ، ފަހެ އެއީ ޙައިޟުގެ ލެޔެވެ. އހ.
وهـو مُقتضى اختيارِ شيخِ الإسـلامِ ابنِ تيميَّةَ رَحِمَهُ الله.,އަދި އެއީޝައިޚުލް-އިސްލާމް އިބްނު ތައިމިއްޔާ رحمه الله ގެ އިޚްތިޔާރުން ލާޒިމްކުރާ ގޮތެވެ.
[69] المغني (253/1).,[69] އަލް-މުޣުނީ (253/1).
وليسَ في الدِّماءِ شيءٌ مشكوكٌ فيه بحسبِ الواقعِ، ولكنَّ الشكَّ أمرٌ نِسبيٌّ يختلفُ فيه الناسُ بحسبِ علومِهِم وأفهامِهِم، والكِتابُ والسُّنةُ فيهما تِبيانُ كُلِّ شيءٍ، ولم يُوجِبِ الله سبحانه على أحدٍ أَنْ يصومَ مرَّتَين، أو يطوفَ مرَّتَين، إلَّا أَنْ يكونَ في الأوَّلِ خَلَلٌ لا يُمكنُ تداركُه إلَّا بالقضاءِ، أمَّا حيثُ فَعلَ العبدُ ما يقدِرْ عليه منَ التَّكليفِ بحسبِ استِطاعتِه فقَدْ برِئَتْ ذِمَّتُه، كما قالَ تعالى:,ވާޤިޢުގެ ކަންކަން ޙަޤީޤަތަށް އޮތްގޮތަށް ބަލާއިރު (އަންހެނާއަށް އަންނަ ޠަބީޢީ) ލޭ ތަކުގައި ޝައްކުވާ އެއްޗެއް ނުވެއެވެ. ނަމަވެސް ޝައްކުވުމަކީ ނިސްބަތުން އަންނަ ކަމެކެވެ. މީސްތަކުންގެ ހުރި ޢިލްމާއި ފަހުމްވުމާއި ވިސްނުމުގެ މައްޗަށް އޭގައި ތަފާތުވެއެވެ. އަދި ޤުރްއާނާއި ސުންނަތުގައި ހުރިހާ އެއްޗެއް ބަޔާންވެގެންވެއެވެ. އަދި ﷲ ސުބްޙާނަހޫ ވަތަޢާލާ އެއްވެސް މީހެއްގެ މައްޗަށް ދެ ފަހަރު ރޯދަ ހިފަން، ނުވަތަ ދެ ފަހަރު ޠަވާފުކުރަން ވާޖިބު ނުކުރައްވައެވެ. އެއީ ޤަޟާކޮށްގެން މެނުވީ ހަމަނުކުރެވޭފަދަ މައްސަލައެއް ފުރަތަމަ ކަންތަކުގައި ހުރެއްޖެނަމަ މެނުވީއެވެ. ދެންފަހެ އަޅާގެ ކުޅަދާނަކަން ހުރި މިންވަރަކުން ތަކްލީފު ޖެއްސެވިގެންވާ ކަންތައް އަދާކުރާހިނދު، ފަހެ އޭނާގެ ޒިންމާ އެވަނީ ބަރީއަވެފައެވެ. އެއީ ﷲ ތަޢާލާ ވަޙީކުރެއްވި ފަދައިންނެވެ:
﴿لَا يُكَلِّفُ ٱللَّهُ نَفۡسًا إِلَّا وُسۡعَهَاۚ...﴾,"﴿لَا يُكَلِّفُ ٱللَّهُ نَفۡسًا إِلَّا وُسۡعَهَاۚ...﴾
 މާނައީ: ""އެއްވެސް ނަފްސެއް ކުޅަދާނަކަން ހުރި ވަރަކަށް މެނުވީ އެއިލާހު އެ ނަފްސަށް ތަކްލީފު ނުޖައްސަވަތެވެ..."""
[البقرة:286]،,[އަލް-ބަޤަރާ: 286]
وقالَ:,އަދިވެސް އެއިލާހު ވަޙީކުރެއްވިއެވެ:
﴿فَٱتَّقُواْ ٱللَّهَ مَا ٱسۡتَطَعۡتُمۡ...﴾,"﴿فَٱتَّقُواْ ٱللَّهَ مَا ٱسۡتَطَعۡتُمۡ...﴾
 ""...ފަހެ ތިޔަބައިމީހުންނަށް ކުޅަދާނަވީވަރަކަށް ﷲ އަށް ތަޤުވާވެރިވާށެވެ..."""
[التغابن:16].,[އައް-ތަޣާބުން: 16].
الفرقُ الخامسُ بين الحَيضِ والنِّفاسِ: أنَّه في الحيضِ إذا طَهُرَتْ قبلَ العادةِ جازَ لزوجِها جماعُها بدونِ كراهةٍ، وأمَّا في النِّفاسِ فإذا طَهُرَتْ قبلَ الأربعينَ فيُكـرَهُ لزوجِها جماعُها على المشهـورِ في المذهبِ، والصَّـوابُ أنَّه لا يُكرهُ له جماعُها،,ޙައިޟާއި ނިފާސްގެ ދެމެދުގައި ހުރި ފަސްވަނަ ފަރަޤު: ޙައިޟުގެ ދުވަސްވަރު ޙައިޟުވުމުގެ ޢާދައަށްވުރެ ކުރިން ޠާހިރުވެއްޖެނަމަ، އެއްވެސް މަކްރޫހަ ކަމެއް ނެތި ފިރިމީހާ އެކަނބުލޭއާ ޖިމާޢުވުން ހުއްދަވެގެންވެއެވެ. އަދި އަނެއްކޮޅުން ނިފާސްގައިނަމަ، ސާޅީސް ދުވަހުގެ ކުރިން ޠާހިރުވެއްޖެނަމަ، މަޛްހަބުގައި މަޝްހޫރު ރައުޔުގެ މައްޗަށް، ފިރިމީހާ އޭނާއާ ޖިމާޢުވުން މަކްރޫހަވެގެންވެއެވެ. އަދި ރަނގަޅު ގޮތަކީ އެކަނބުލޭގެއާ ޖިމާޢުވުން މަކްރޫހަވެގެން ނުވުމެވެ.
وهو قولُ جمهورِ العلماءِ؛ لأنَّ الكراهةَ حكمٌ شرعيٌّ يحتاجُ إلى دليلٍ شرعيٍّ،,އަދި މިއީ ޖުމްހޫރު ގިނަ ޢިލްމުވެރިންގެ ބަހެވެ. އެހެނީ މަކްރޫހަވުމަކީ، އެއަށް ޝަރުޢީ ދަލީލެއް ބޭނުންވާ ޝަރުޢީ ޙުކުމެކެވެ.
وليسَ في هذه المسألةِ سِوى ما ذكرَه الإمامُ أحمدُ عَن عُثمانَ بنِ أبي العاصِ أنَّها أتَتْهُ قبلَ الأربَعين، فقالَ: لا تَقْرَبيني[70].,"އަދި މި މައްސަލާގައި އިމާމް އަޙްމަދު، ޢުޘްމާނު ބްނު އަބިލް ޢާޞްގެ އަރިހުން ޛިކުރުކުރެއްވި ރިވާޔަތް ފިޔަވައި އެހެން ޙުއްޖަތެއް ނެތެވެ. އެއީ ސާޅީސްވުމުގެ ކުރިން (އެކަލޭގެފާނުގެ އަނބިކަނބަލުން) އެކަލޭގެފާނަށް އަރިހަށް ދިޔަކަމަށެވެ. ދެން އެކަލޭގެފާނު ވިދާޅުވިކަމަށެވެ: ""ކަނބުލޭގެ އަހުރެންނާ ގާތްނުވާށެވެ."" [70]."
[70] المغني (2/ 252)، وأثر عثمان بن أبي العاص أخرجه عبد الرزاق في المصنف (1202)، وابن أبي شيبة في المصنف (17450)، والدارمي في السنن (990)، وابن الجارود في المنتقى (118).,[70] އަލް-މުޣްނީ (252/2)، ޢުޘްމާނު ބްނު އަބިލް ޢާޞްގެ އަޘަރު ނެރުއްވީ ޢަބްދުއް-ރައްޒާޤު، އަލް-މުޞައްނަފު (1202) ގައެވެ. އަދި އިބްނު އަބީ ޝައިބާ، އަލް-މުޞައްނަފުގެ (17450) ގައެވެ. އަދި އައް-ދާރިމީ، އައް-ސުނަނުގެ (990) ގައި، އަދި އިބްނުލް-ޖާރޫދު، އަލް-މުންތަޤާގެ (118) ގައެވެ.
وهذا لا يستلزِمُ الكراهةَ؛ لأنَّه قد يكونُ مِنه على سبيلِ الاحتياطِ خوفًا من أنَّها لم تتيقَّنِ الطُّهْرَ، أو مِن أن يَتحرَّكَ الدَّمُ بسببِ الجِماعِ، أو لغيرِ ذلكَ منَ الأسبابِ. والله أعلمُ.,އަދި މިއަކުން އަދި މަކްރޫހަވުން ލާޒިމެއް ނުކުރެއެވެ. އެހެނީ އެއީ އެކަމަނާ ޠާހިރުވިކަމަށް އެކަމަނާއަށް ޔަޤީން ނުވާތީވެ ބިރުން ރައްކާތެރިވުމުގެ ގޮތުން ކުރެއްވިކަމަކަށް ވެދާނެއެވެ. ނުވަތަ ޖިމާޢުވުމުގެ ސަބަބުން ލޭ އަތުވެދާނެކަމުގެ ބިރުންނެވެ. ނުވަތަ އެނޫންވެސް އެހެން ސަބަބަކާހުރެއެވެ. -އަދި އެންމެ މޮޅަށް ދެނެވޮޑިގެންވަނީ ﷲ އެވެ.-
الفصلُ السابعُ: في استعمالِ ما يمنعُ الحيضَ أو يجلبُه وما يمنعُ الحملَ أو يُسقطُه,ހަތްވަނަ ފަޞްލު: ޙައިޟުވުން މަނާކުރާ ނުވަތަ ޙައިޟުކުރުވާ އެގެންނަ ތަކެއްޗާއި، އަދި ބަލިވެއިނުން މަނާކުރާ ނުވަތަ ދަރިވައްޓާލާ ތަކެތި ބޭނުންކުރުން
استعمالُ المرأةِ ما يمنعُ حيضَها جائزٌ بشرطَيْنِ:,އަންހެނާ ޙައިޟުވުން މަނާކޮށް ހުއްޓުވާ އެއްޗެއް ބޭނުންކުރުން ދެ ޝަރުޠަކާއެކު ހުއްދަވެގެންވެއެވެ:
الأوَّلُ: ألَّا يُخشَى الضَّررُ عليها، فـإن خُشِيَ الضَّررُ عليـها من ذلكَ فلا يجوزُ؛ لقوله تعالى:,ފުރަތަމައީ: އެ ބޭނުންކޮށްގެން ގެއްލުމެއް ލިބިދާނޭކަމަށް އެކަނބުލޭގެ ބިރު ނުގަތުމެވެ. ދެންފަހެ އެއިން އެކަނބުލޭގެއަށް ގެއްލުމެއް ވެދާނޭކަމަށް ބިރުހީވެއްޖެނަމަ، އެކަން ހުއްދަވެގެން ނުވެއެވެ. އެއީ ﷲ ތަޢާލާގެ މިބަސްފުޅަށްޓަކައެވެ:
﴿...وَلَا تُلۡقُواْ بِأَيۡدِيكُمۡ إِلَى ٱلتَّهۡلُكَةِ...﴾,"﴿...وَلَا تُلۡقُواْ بِأَيۡدِيكُمۡ إِلَى ٱلتَّهۡلُكَةِ...﴾
 މާނައީ: ""...އަދި ތިޔަބައިމީހުންގެ އަމިއްލަ އަތްތަކުން ހަލާކުގެ ތެރެއަށް އެއްލާނުލާށެވެ..."""
[البقرة:195]،,[އަަލް-ބަޤަރާ: 195].
﴿...وَلَا تَقۡتُلُوٓاْ أَنفُسَكُمۡۚ إِنَّ ٱللَّهَ كَانَ بِكُمۡ رَحِيمٗا﴾,"﴿...وَلَا تَقۡتُلُوٓاْ أَنفُسَكُمۡۚ إِنَّ ٱللَّهَ كَانَ بِكُمۡ رَحِيمٗا﴾
 މާނައީ: ""...އަދި ތިޔަބައިމީހުންގެ އަމިއްލަ ނަފްސުތައް ޤަތުލު ނުކުރާށެވެ. ހަމަކަށަވަރުން ތިޔަބައިމީހުންގެ މައްޗަށް ރަޙީމްވަންތަ އިލާހެއް ކަމުގައި ﷲ ވޮޑިގެންވެއެވެ."""
[النساء:29].,[އައް-ނިސާއު: 29].
الثَّاني: أن يكونَ ذلك بإذنِ الزوجِ إن كانَ له تَعَلُّقٌ به مثل أن تَكونَ معتدَّةً منه على وجهٍ تجبُ عليه نَفَقَتُها، فتستعملُ ما يمنعُ الحيضَ؛ لتطولَ المُدَّةُ وتزدادَ عليه نفقتُها، فلا يجوزُ لها أن تستعملَ ما يمنعُ الحيضَ حِينئذٍ إلَّا بإذنِه،,ދެވަނައީ: ފިރިމީހާއާ އެކަމާ ގުޅުން ހުރިނަމަ ފިރިމީހާގެ ހުއްދަ ހޯދައިގެން އެކަންކުރުމެވެ. މިޘާލަކަށް: އެކަނބުލޭގެއަށް ޚަރަދުކޮށް ހޭދަކުރުން ވާޖިބުވާ ގޮތެއްގެ މަތީގައި އޭނާގެ ފުށުން ޢިއްދައެއްގައި ހުރެ، ދެން ޚަރަދުކުރުމުގެ މުއްދަތު ދިގުކޮށް އިތުރުކުރުމަށްޓަކައި ޙައިޟުވުން މަނާކުރާ އެއްޗެއް ބޭނުންކުރުމެވެ. ފަހެ މި ޙާލަތުގައި ފިރިމީހާގެ އިޛްނަ ހޯދައިގެން މެނުވީ ޙައިޟުވުން މަނާވާ އެއްޗެއް ބޭނުން ބޭނުންކުރުން އެކަނބުލޭގެއަށް ހުއްދަވެގެން ނުވެއެވެ.
وكذلكَ إن ثبَتَ أنَّ منعَ الحيضِ يمنعُ الحملَ فلا بُدَّ من إذنِ الزوجِ، وحيثُ ثبتَ الجوازُ فالأَوْلى عدمُ استعمالِه، إلَّا لحاجةٍ؛ لأنَّ تَرْكَ الطبيعةِ على ما هي عليه أقربُ إلى اعتدالِ الصِّحةِ فالسَّلامة.,ހަމައެފަދައިން ޙައިޟުވުން މަނާކުރުމަކީ، ބަލިވެއިނުން މަނާކުރާ ކަމެއްކަން ޘާބިތުވެއްޖެނަމަ، އެހިނދުން ފިރިމީހާގެ ހުއްދަ ކޮންމެހެންވެސް ބޭނުންވެއެވެ. އެކަން ހުއްދަކަން ޘާބިތުވިޔަސް އެންމެ އަޥްލާ ގޮތަކީ، އެފަދަ އެއްޗެއް ޙާޖަތަކަށް ނޫނީ ބޭނުން ނުކުރުމެވެ. އެހެނީ ޠަބީޢަތުގައި ހުރި ގޮތުގެ މައްޗަށް ދޫކޮށްލާފައި ބެހެއްޓުމަކީ، ޞިއްޙަތު ސީދާވެ، ފަހެ ސަލާމަތާ އެންމެ ގާތްކަން ބޮޑު ގޮތެވެ.
وأمَّا استعمالُ ما يجلِبُ الحيضَ فجائزٌ بشرطَيْنِ أيضًا:,ދެންފަހެ ޙައިޟުވުން ގެންނަ އެއްޗެއް ބޭނުންކުރުމަކީވެސް، ފަހެ ދެ ޝަރުޠަކާއެކު ހުއްދަ ކަމެކެވެ:
الأوَّلُ: ألَّا تتحيَّلَ بـه على إسقاطِ واجبٍ، مثـل أن تستعمِلَـه قُـْربَ رمضانَ، من أجلِ أن تفطِرَ أو لتسقطَ به الصلاةَ، ونحوِ ذلكَ.,ފުރަތަމައީ: ވާޖިބެއް ވައްޓާލުމަށްޓަކައި ޙީލަތެއް ހެދުމުގެ ގޮތުން އެކަން ނުކުރުމެވެ. މިޘާލަކަށް ރަމަޟާން މަސް ކައިރިވުމުން، ރޯދަ ދޫކޮށްލުމަށްޓަކައި ނުވަތަ ނަމާދު ވައްޓާލުމަށްޓަކައި އަދި އެފަދަ ކަމަކަށްޓަކައި އެ އެއްޗެއް ބޭނުންކުރުމެވެ.
الثاني: أن يكونَ ذلكَ بإذنِ الزوجِ؛ لأنَّ حصولَ الحيضِ يمنعُه من كمالِ الاستمتاعِ، فلا يجوزُ استعمالُ ما يمنعُ حقَّه إلَّا برضاهُ، وإن كانت مطلَّقةً، فإنَّ فيه تعجيلَ إسقاطِ حقِّ الزوجِ منَ الرَّجْعَةِ إن كانَ له رَجْعةٌ.,ދެވަނައީ: ފިރިމީހާގެ ހުއްދައާއެކު އެކަން ކުރުމެވެ. އެހެނީ ޙައިޟު ދިމާވުމުން އޭނާއަށް ފުރިހަމަ އަރާމާއި އުފާ ލިބުން މަނާކުރެއެވެ. ފަހެ އެހެންކަމުން އޭނާގެ ރުހުމާއެކު މެނުވީ އޭނާގެ ޙައްޤަށް ހުރަސްއެޅޭ އެއްޗެއް ބޭނުންކުރުން ހުއްދައެއް ނުވާނެއެވެ. އެއީ ވަރިވެފައިވި އަންހެނަކަށް ވިޔަސްމެއެވެ. އެހެނީ ރުޖޫޢަކުރުމުގެ ޙައްޤު އޭނާއަށް ލިބިފައިވާނަމަ، އޭގެ ސަބަބުން ރުޖޫޢަކުރުމަށް ފިރިމީހާއަށް ލިބިފައިވާ ޙައްޤު ގެއްލުވާލުން އަވަސްކުރުންވެއެވެ.
وأمَّا استِعمالُ ما يمنعُ الحملَ فعلى نوعينِ:,ދެންފަހެ ބަލިވެ އިނުން މަނާކުރެވޭ ވަސީލަތެއް ބޭނުންކުރުންވަނީ ދެ ވައްތަރަކަށެވެ:
الأول: أن يمنعَهُ مَنعًا مُستمِرًّا فهذا لا يجوزُ؛ لأنَّه يقطعُ الحملَ فيقلُّ النَّسلُ، وهو خلافُ مقصودِ الشارعِ، من تكثيرِ الأُمةِ الإسلاميةِ؛ ولأنَّه لا يؤمَنُ أن يموتَ أولادُها الموجودون فتبقَى أرملةً لا أولادَ لَها.,ފުރަތަމަ ކަމަކީ: ދެމިގެންވާ މަނާކުރުމަކުން ބަލިވެއިނުން މަނާކުރުމެވެ. ފަހެ މިއީ ހުއްދަކަމެއް ނޫނެވެ. އެހެނީ އޭގެ ސަބަބުން ބަލިވެއިނުން ކަނޑުވާލާ، ފަހެ ނަސްލު މަދުކޮށްލައެވެ. މިއީ ޝަރީޢަތުގެ މަޤްޞަދެއްކަމުގައިވާ: އިސްލާމީ އުއްމަތް ބައިބޯކުރުމާ ޚިލާފުކަމެކެވެ. އަދި އެއީ އެކަނބުލޭގެ މިހާރު ތިބި ދަރިން މަރުވެ، ދެން ދަރިޔަކު ނެތް ހުވަފަތް އަންހެނެއްގެ ގޮތުގައި އެކަނބުލޭގެ ހުންނަން ޖެހުމުގެ އަމާންކަން ނެތީމައެވެ.
الثاني: أن يمنعَهُ منعًا مؤقتًا، مثل أن تكونَ المرأةُ كثيرةَ الحملِ، والحملُ يرهقُها، فتحبُّ أن تنظمَ حملَها كلَّ سنَتَين مرةً، أو نحو ذلك فهذا جائزٌ، بشرطِ أن يأذَنَ به زوجُها، وألَّا يكونَ به ضَررٌ عليها،,ދެވަނައީ: ވަޤުތީގޮތުން އެކަން މަނާކޮށް ހުއްޓުވުމެވެ. މިސާލަކަށް: އަންހެނަކު ގިނަގިނައިން ބަލިވެއިންނަ މީހަކަށް ވެފައި، އަދި ބަލިވެއިނުމުން އޭނާ ވަރުބަލިވާތީވެ، ކޮންމެ ދެ އަހަރަކުން އެއްފަހަރު ނުވަތަ އެފަދަ ގޮތަކަށް ބަލިވެއިނުން އިންތިޒާމްކުރަން ބޭނުންވާތީ އެކަން ކުރުމެވެ. މިއީ ހުއްދަ ކަމެކެވެ. އެއީ ފިރިމީހާ އެކަމަށް ހުއްދަ ދިނުމުގެ ޝަރުޠާ ލައިގެން، އަދި އޭގެ ސަބަބުން އެކަނބުލޭގެ މައްޗަށް ގެއްލުމެއް ނުލިބުމުގެ މަތިންނެވެ.
ودليلهُ أنَّ الصحابةَ كانوا يعزِلون عن نسائِهِم في عهدِ النبيِّ صَلَّى الله عَلَيْهِ وَسَلَّم من أَجْلِ ألَّا تحملَ نساؤُهم[71]، فلم يُنهَوْا عن ذلكِ، والعزلُ أن يجامِعُ زوجتَه وينزعَ عندَ الإنزالِ فيُنزلَ خارجَ الفرجِ.,އަދި އެކަމުގެ ދަލީލަކީ: ނަބީ ﷺ ގެ ދުވަސްވަރުގައި، ޞަޙާބީން އެބޭކަލުންގެ އަނބީންގެ ކިބައިން ޢަޒުލުކުރައްވާ ކަމެވެ. އެއީ އެކަނބަލުން ބަލިވެނުއިނުމަށެވެ. [71]. ދެން އެބޭކަލުންނަށް އެކަން ނަހީއެއް ނުކުރެއްވެއެވެ. ޢަޒުލުކުރުމަކީ: އަނބިމީހާއާ ޖިމާޢުވެފައި، މަނި ބޭރުވާހިނދު ޛަކަރު ނައްޓާލާފައި ފަހެ ފަރުޖުގެ ބޭރަށް މަނި ބޭރުކޮށްލުމެވެ.
[71] أخرجه البخاري: كتاب النكاح، باب العزل، رقم (5209)، ومسلم: كتاب النكاح، باب حكم العزل، رقم (1440)، من حديث جابر رضي الله عنه.,[71] މި ރިވާޔަތް ނެރުއްވީ އަލް-ބުޚާރީ، ކިތާބުއް-ނިކާޙުގެ ބާބުލް-ޢަޒްލުގައި، ނަމްބަރު 5209 ގައެވެ. އަދި މުސްލިމް، ކިތާބުއް-ނިކާޙުގެ ބާބު ޙުކްމިލް-ޢަޒްލުގައި، ނަމްބަރު 1440 ގައި ޖާބިރު رضي الله عنه ގެ ޙަދީޘުންނެވެ.
وأمَّا استعمالُ ما يُسقِطُ الحَملَ فهوَ على نوعينِ:,ދެންފަހެ ދަރި ވައްޓާލާ އެއްޗެއް ބޭނުންކުރުން ވަނީ ދެ ވައްތަރަކަށެވެ:
الأوَّلُ: أَنْ يقصدَ من إسقاطِه إتلافَه، فهذا إن كانَ بعدَ نَفخِ الرُّوحِ فيه فهوَ حرامٌ، بلا رَيبٍ؛ لأنَّه قَتلُ نَفْسٍ مُحرَّمةٍ بغيرِ حَقٍّ، وقَتلُ النَّفسِ المُحرَّمةِ حرامٌ بالكِتابِ والسُّنةِ وإجماعِ المسلمينَ،,ފުރަތަމައީ: ދަރި ވައްޓާލުމުގައި އޭނާގެ ޤަޞްދަކީ އެކުއްޖާ ނައްތާލުންކަމުގައި ވުމެވެ. ފަހެ މިއީ ފުރާނަ އެޅުމަށްފަހުގައި ކަމަށްވާނަމަ، އެއްވެސް ޝައްކެއް ނެތް ގޮތުގައި ޙަރާމްކަމެކެވެ. އެހެނީ އެއީ ޙައްޤަކާ ނުލައި ޙަރާމްވެގެންވާ ނަފްސެއް ޤަތުލުކޮށްލުމެވެ. އަދި ޙަރާމްވެގެންވާ ނަފްސެއް ޤަތުލުކޮށްލުމަކީ، ޤުރްއާނާއި ސުންނަތާއި މުސްލިމުންގެ އިޖްމާޢުން ޙަރާމްވެގެންވާ ކަމެކެވެ.
وإِنْ كانَ قبلَ نفخِ الروحِ فيه فقَدِ اختلفَ العلماءُ في جوازِه، فمِنْهم مَن أجازَه، ومِنْهم مَن مَنَعَه، ومِنهم مَن قالَ: يجوزُ ما لم يكُنْ علَقَةً. أي: ما لم يَمضِ عليه أربَعون يومًا، ومِنهُم مَن قالَ: يجوزُ ما لم يتبيَّنْ فيه خَلْقُ إنسانٍ.,އަދި އެއީ ފުރާނަ އެޅުއްވުގެ ކުރިން ނަމަ، ފަހެ އެކަމުގެ ހުއްދަވުމާއި ނުވުމުގައި ޢިލްމުވެރިން ޚިލާފުވެގެންވެއެވެ. ބައެއް ބޭކަލުން އެކަން ހުއްދަ ކުރެއްވިއެވެ. އަދި ބައެއް ބޭކަލުން އެކަން މަނާކުރެއްވިއެވެ. އަދި އަނެއްބައި ބޭކަލުން ވިދާޅުވިއެވެ: އެއީ ގަނޑު ލޭކޮޅަކަށް ބަދަލު ނުވާހާ ހިނދަކު ހުއްދަ ކަމެކެވެ. އެބަހީ: އެއީ ސާޅީސް ދުވަސް ފާއިތުވުމުގެ ކުރިންނެވެ. އަދި އޭގެ ތެރެއިން ބައެއް ބޭކަލުން ވިދާޅުވިއެވެ: އޭގައި އިންސާނެއްގެ ސިފަ ފާޅުނުވާހާ ހިނދަކު ހުއްދަ ކަމެކެވެ.
والأحوطُ المنـعُ مِن إسقاطِـه إلَّا لحاجـةٍ كأَنْ تكـونَ الأمُّ مريضـةً لا تتحمَّلُ الحملَ أو نحو ذلكَ، فيجوزُ إسقاطُه حينئذٍ إلَّا إِنْ مضَى عليه زمنٌ يمكنُ أن يَتبيَّنَ فيه خَلْقُ إنسانٍ فيمنعُ، والله أعلمُ.,އެންމެ ރައްކާތެރިގޮތަކީ: އެ ޙާލަތުގައިވެސް ވައްޓާލުމުން މަނާވެ ދުރުވުމެވެ. ޙާޖަތަކަށްޓަކައި މެނުވީއެވެ. މިޘާލަކަށް: މަންމަަކީ ބަލިވެއިނުން ތަޙައްމަލު ނުކުރެވޭފަދަ ބަލިމީހަކަށްވުން ނުވަތަ އެފަދަ ކަމަކަށްޓަކައެވެ. އެހިނދުން ވައްޓާލުން ހުއްދަވެގެންވެއެވެ. އެކަމަކު އިންސާނެއްގެ ޞިފަ ޖެހޭހާ މުއްދަތު ފާއިތުވެއްޖެނަމަ، އެހިނދުން އެކަން މަނާވެގެންވެއެވެ. -އެންމެ މޮޅަށް ދެނެވޮޑިގެންވަނީ ﷲ އެވެ.-
الثاني: ألَّا يقصدَ مِن إسقاطِه إتلافَه بأَنْ تكونَ محاولةُ إسقاطِه عندَ انتهاءِ مُدَّةِ الحملِ وقُرْبِ الوضعِ فهذا جائزٌ، بشرطِ ألَّا يكونَ في ذلكَ ضَررٌ على الأمِّ، ولا على الولدِ، وألَّا يحتاجَ الأمرُ إلى عمليةٍ، فإنِ احتاجَ إلى عمَليةٍ فله حالاتٌ أربعُ:,ދެވަނައީ: އެ ކުއްޖާ ނައްތާލަން ޤަޞްދުކޮށްގެން ނުވުމެވެ. އެއީ ބަލިވެއިންނަ މުއްދަތު ނިމި، ވިހާ މުއްދަތު ގާތްވުމުން، ވައްޓާލުމަށް (ވިހެއުމަށް) ކުރެވޭ މަސައްކަތަކަށްވުމެވެ. ފަހެ މިކަން ހުއްދަވެގެންވެއެވެ. އެއީ އެކަމަކު މަންމައަށް އަދި ދަރިފުޅަށްވެސް ގެއްލުމެއް ނުވުމުގެ ޝަރުޠުގެ މަތިން، އަދި އެކަން ކުރުމަށް އޮޕަރޭޝަނެއް ކުރުމަށް ޙާޖަތް ނުޖެހުމުގެ މަތިންނެވެ. އޮޕަރޭޝަނެއް ކުރުމަށް ޙާޖަތް ޖެހިއްޖެނަމަ، ފަހެ އެކަމަށްވަނީ ހަތަރު ޙާލަތެކެވެ:
الأُولى: أن تكونَ الأمُّ حَيةً والحملُ حيًّا، فلا تجوزُ العمليةُ إلَّا للضَّرورةِ، بأَنْ تتعسَّرَ ولادتُها فتحتاجَ إلى عمليةٍ، وذلكَ لأن الجسمَ أمانةٌ عندَ العبدِ، فلا يتصرَّفُ فيه بما يُخشَى منه إلَّا لمصلحةٍ كُبرى؛ ولأنَّه رُبَّما يظنُّ ألَّا ضَررَ في العمليةِ فيحصُلُ الضَررُ.,ފުރަތަމައީ: މަންމަ ދިރިހުރެ، އަދި ދަރިވެސް ދިރިހުރުމެވެ. ފަހެ އެ ޙާލަތުގައި ޟަރޫރަތަކަށްޓަކައި މެނުވީ އޮޕަރޭޝަން ކުރުން ހުއްދަވެގެން ނުވެއެވެ. އެއީ ވިހަން ދަތިވެގެން އެހިނދުން އޮޕަރޭޝަންކުރަން ޖެހުންފަދަ ކަމަކަށްޓަކައެވެ. އެހެނީ ހަށިގަނޑަކީ އަޅާއާ ޙަވާލުވެފައިވާ އަމާނާތެކެވެ. ފަހެ (ނުރައްކާވެ) ބިރުހުރި ގޮތަކަށް ހަށިގަނޑާމެދު އެއަށްވުރެ ބޮޑު މަޞްލަޙަތަކަށް ނޫނީ ކަންތައް ކޮށްގެން ނުވާނެއެވެ. އަދި އެހެނީ ފަހަރެއްގައި އެ އޮޕަރޭޝަންގައި ގެއްލުމެއް ނެތްކަމަށް އޭނާ ހީކޮށްފައި، ދެން ގެއްލުމެއް ލިބިވެސްދާނެއެވެ.
الثانية: أَنْ تكـونَ الأمُّ ميِّتةً والحمـلُ ميِّتًا، فـلا يجوزُ إجراءُ العَمليَّةِ لإخراجِه لعدَمِ الفائدةِ.,ދެވަނައީ: މަންމަ މަރުވެފައި އަދި ބަނޑުގައިވާ ކުއްޖާވެސް މަރުވެފައިވުމެވެ. އެހިނދުން އޮޕަރޭޝަނެއް ކޮށްގެން ނެގުމުގައި ފައިދާ ނެތުމުގެ ސަބަބުން އެއީ ހުއްދަ ކަމެއް ނޫނެވެ.
الثالثةُ: أن تكونَ الأمُّ حيَّةً والحملُ ميِّتًا، فيجوزُ إجراءُ العَمليةِ لإخراجِه، إلَّا أن يُخشَى الضَّررُ على الأمِّ؛ لأنَّ الظاهرَ -والله أعلمُ- أنَّ الحملَ إذا ماتَ لا يكادُ يخرجُ بدونِ العَمليةِ، فاستمرارُه في بطنِها يمنعُها مِنَ الحملِ المُستقبَلِ، ويَشُقُّ عليها، وربَّما تبقَى أيِّمًا إذا كانت مُعتدَّةً من زوجٍ سابقٍ.,ތިންވަނައީ: މަންމަ ދިރިހުރެފައި ބަނޑުގައި އޮތް ކުއްޖާ މަރުވެފައިވުމެވެ. އެހިނދުން އެ ކުއްޖާ ނަގަން އޮޕަރޭޝަން ކުރުމަކީ ހުއްދަ ކަމެކެވެ. މަންމައަށް އެކަމުގެ ގެއްލުން ލިބިދާނޭކަމަށް ބިރުހީވެއްޖެއްޔާ މެނުވީއެވެ. އެހެނީ އެންމެ ބޮޑަށް ފެންނަ ގޮތަކީ -އަދި އެންމެ މޮޅަށް ދެނެވޮޑިގެންވަނީ ﷲ އޭ- ބަނޑުގައި އޮތް ކުއްޖާ މަރުވެއްޖެނަމަ، އޮޕަރޭޝަން ކޮށްގެން މެނުވީ ވަރަށްވެސް ނުނެރެވެއެވެ. ބަނޑުގައި މަރުވެފައިވާ ކުއްޖާ އޮތުމަކީ، ކުރިއަށް އޮތްތަނުގައި ބަލިވެ އިނުމަށް ހުރަސްއެޅި، އަދި އޭނާގެ މައްޗަށްވާ ދަތިއުނދަގުލެއް ކަމެކެވެ. އަދި ފަހަރެއްގައި (ބަނޑުގައި ދަރިޔަކު އޮތުމުން ޢިއްދަ ނިމުމަށް ހުރަސްއެޅޭތީ) ދެން ހުއްސަރިބަޔަށްވެސް އޭނާ ހުންނަން ޖެހިދާނެއެވެ. އެއީ ކުރީގެ ފިރިމީހާގެ ޢިއްދާގައި އެކަނބުލޭގެ ހުރިނަމައެވެ.
الرابعةُ: أَنْ تكونَ الُأمُّ ميِّتةً والحمل حيًّا، فإِنْ كان لا تُرجَى حياتُه لَمْ يَجُزْ إجراءُ العَمليةِ.,ހަތަރުވަނައީ: މަންމަ މަރުވެފައި ބަނޑުގައި އޮތް ކުއްޖާ ދިރިހުރުމެވެ. ދެންފަހެ އެ ކުއްޖާ ދިރިހުންނާނޭކަމަށް އުއްމީދު ނުކުރެވޭނަމަ، އޮޕަރޭޝަންކުރުން ހުއްދައެއްނޫނެވެ.
وإن كان تُرجَى حياتُه، فإِنْ كانَ قد خرجَ بعضُه شُقَّ بطنُ الأمِّ لإخراجِ باقيه، وإن لم يخرُجْ منه شيءٌ فقَدْ قالَ أصحابُنا رَحِمَهُم الله: لا يُشَقُّ بطنُ الأمِّ لإخراجِ الحملِ؛ لأنَّ ذلك مُثلةٌ، والصـوابُ أنَّه يُشَـقُّ البطـنُ إن لم يكُـْن إخراجُه بدونِه،,އަދި ކުއްޖާ ދިރިހުންނާނޭކަމަށް އުއްމީދުކުރެވޭ ޙާލަތުގައި، އެކުއްޖާގެ އެއްބައި ނިކުމެފައިވާނަމަ އަނެއްބައި ނެރުމަށްޓަކައި މަންމަގެ ބަނޑުފަޅާލެވޭނެއެވެ. އެ ކުއްޖާގެ ހަށިގަނޑުން އެއްވެސް ބައެއް ނުނިކުމެވާނަމަ، ފަހެ އަހަރުމެންގެ މަޛްހަބުގެ ބޭކަލުން -ﷲ އެބޭކަލުންނަށް ރަޙްމަތް ލައްވާށި- ވިދާޅުވިއެވެ: ބަނޑުގައި އޮތް ދަރި ނެގުމަށްޓަކައި މަންމަގެ ބަނޑު ފަޅާ ނުލެވޭނެއެވެ. އެހެނީ އެއީ މުޘްލާ އެކެވެ. (އެބަހީ: ހަށިގަނޑުގެ ގުނަވަންތައް ބުރިކޮށް ހަލާކުކުރުމެވެ.) އަދި ޞައްޙަ ރައުޔަކީ، ބަނޑު ފަޅައިގެން މެނުވީ އެ ކުއްޖާ ބޭރު ނުކުރެވޭނަމަ ބަނޑު ފަޅާލެވޭނެކަމެވެ.
وهذا اختيارُ ابنِ هُبيرةَ قالَ في الإنصاف[72]: وهو أَوْلى.,އަދި މިއީ އިބްނު ހުބައިރާ އިޚްތިޔާރު ކުރެއްވި ގޮތެވެ. 'އަލްއިންޞާފު' ފޮތުގައި އެބޭފުޅާ[72] ވިދާޅުވިއެވެ: އަދި އެންމެ އައުލާވެގެންވަނީ އެގޮތެވެ.
[72] الإنصاف (556/2).,[72] އަލް-އިންޞާފު: (556/2).
قلتُ: ولا سِيَّما في وقتِنا هذا، فإنَّ إجراءَ العَمليةِ ليسَ بمُثلةٍ؛ لأنه يُشَقُّ البطنُ ثُم يُخَاطُ، ولأن حرْمَةَ الحيِّ أعظمُ مِن حُرْمَةَ الميتِ؛ ولأنَّ إنقاذَ المعصومِ منَ الهَلَكَةِ واجبٌ، والحملُ إنسانٌ معصومٌ، فوجَبَ إنقاذُه.,އަހަރެން ބުނަމެވެ: އަދި ވަކީން ޚާއްޞަކޮށް އަހަރުމެންގެ މި ޒަމާނުގައެވެ. އެހެނީ އޮޕަރޭޝަންކުރުމަކީ ހަށިގަނޑުގެ ގުނަވަންތައް ބުރިކޮށް ގަޑުބަޑުކުރުމެއް ނޫނެވެ. އެހެނީ ބަނޑު ފަޅާލުމަށްފަހު ފަހާލެވެއެވެ. އަދި އެހެނީ މައްޔިތާގެ ޙުރުމަތްތެރިކަމަށްވުރެ ދިރިހުރި މީހާގެ ޙުރުމަތްތެރިކަން ބޮޑެވެ. އަދި އެހެނީ މަޢުޞޫމު ފުރާނައެއް ހަލާކުން ސަލާމަތްކުރުމަކީ ވާޖިބެކެވެ. ބަނޑުގައިވާ ދަރިޔަކީ މަޢުޞޫމު އިންސާނެކެވެ. އެހެންކަމުން އެ ކުއްޖާ ސަލާމަތްކުރުން ވާޖިބުވެގެންވެއެވެ.
والله أعلمُ.,އަދި އެންމެ މޮޅަށް ދެނެވޮޑިގެންވަނީ ﷲ އެވެ.
تنبيهٌ: في الحالاتِ الَّتي يجوزُ فيها إسقاطُ الحملِ فيما سبقَ لا بُدَّ مِنْ إذنِ مَن له الحملُ في ذلكِ كالزوجِ.,ސަމާލުވާން ޖެހޭ ނުކުތާއެއް: އިސްވެދިޔަ، ބަނޑުގައި އޮތް ދަރި ވައްޓާލުން ހުއްދަ ޙާލަތްތަކުގައި، ފިރިމީހާ ފަދަ، ބަނޑުގައި އޮތް ކުއްޖާގެ ޙައްޤުވެރިޔާގެ ހުއްދަ ބޭނުންވާނެއެވެ.
وإلى هنا انتَهَى ما أرَدْنا كتابتَه في هذا الموضوعِ المُهمِّ، وقدِ اقتصَرْنا فيه على أصولِ المسائلِ وضَوابِطِها وإلَّا ففُرُوعُها وجُزيئاتُها وما يحدثُ للنساءِ مِن ذلكَ بحرٌ لا ساحلَ لهُ،,މި މުހިއްމު މައުޟޫޢުގައި އަހަރެން ލިޔަން ޤަޞްދުކުރި މިންވަރު މި ޙިސާބަށް މި ނިމުނީއެވެ. އަހަރެން މީގައި ވާނީ މައްސަލަތަކުގެ މައިގަނޑު އުޞޫލުތަކާއި، ޤަވާޢިދުތަކަށް އެކަނި ހަނިކޮށްފައެވެ. އެހެންނޫންނަމަ، މި މައްސަލަތަކުގެ ފަރުޢީ ގޮފިތަކާއި ބައިތަކާއި، އަންހެނުންނަށް އެކަމުން ދިމާވާ ކަންކަން އެއީ އައްސޭރިއެއް ނެތް ކަނޑެއްފަދަ، އެހާ ގިނަ ވާހަކަތަކެކެވެ.
ولكِنَّ البصيرَ يستطيعُ أَنْ يَرُدَّ الفُروعَ إلى أصولِها والجزئياتِ إلى كُلِّيَّاتِها وضوابِطِها، ويقيسَ الأشياءَ بنظائرِها.,ނަމަވެސް ދުރު ވިސްނުންހުރި މީހާ، ގޮފިތައް އޭގެ އަޞްލުތަކަށް ރުޖޫޢަކޮށް، އަދި ޖުޒުއީ ބައިތައް އޭގެ މައިގަނޑު ކުއްލިޔާތުތަކާއި ޤަވާޢިދުތަކަށް ރުޖޫޢަކޮށް، އަދި ކަންކަން އެއާ ވައްތަރުވެގެންވާ އެހެން ކަންކަމާ އަޅައިކިޔަން ކުޅަދާނަވެގެންވާނެއެވެ.
ولْيَعلَمِ المُفتي بأنَّه واسطةٌ بينَ الله وبينَ خلقِه في تبليغِ ما جاءَتْ به رُسُلُهُ، وبيانِه للخلْقِ، وأنَّه مَسؤولٌ عمَّا في الكتابِ والسُّنةَ، فإنَّهما المصدرانِ اللَّذانِ كُلِّفَ العبدُ فَهمَهما، والعملَ بهما،,އަދި ފަތުވާދޭ މުފްތީ ދަންނަން ޖެހޭ ކަމަކީ: އޭނާއަކީ ﷲ އާއި އެއިލާހުގެ ޚަލްޤުތަކުންނާ ދެމެދުވާ މެދުވެރިއެއްގެ ރޯލު ކުޅެދޭ ފަރާތްކަމެވެ. އެއީ އެއިލާހުގެ ރަސޫލުން ގެންނެވި ކަންކަން ފޯރުކޮށްދިނުމާއި، ޚަލްޤުތަކުންނަށް އެކަން ބަޔާންކޮށް ދިނުމުގައެވެ. އަދި ޤުރްއާނާއި ސުންނަތުގައިވާ ކަންކަމާމެދު އޭނާއާ ސުވާލުކުރެވޭނެކަމެވެ. ފަހެ އަޅުތަކުން ފަހުމްކޮށް އޮޅުންފިލުވާ، އަދި ޢަމަލުކުރުމަށް ތަކްލީފު ޖެއްސެވިގެންވާ ދެ މަޞްދަރަކީ އެއީއެވެ.
وكُلُّ ما خالفَ الكِتابَ والسُّنةَ فهو خطأٌ، يجبُ رَدُّه على قائلِه، ولا يجوزُ العملُ به، وإِنْ كانَ قائلُه قد يكونُ مَعذورًا مُجتهدًا فيؤجَرُ على اجتهادِه، لكِنَّ غيرَه العَالِمَ بخطَئِه لا يجوزُ له قبولُه.,އަދި ޤުރުއާނާއި ސުންނަތާ ޚިލާފުވެއްޖެ ކޮންމެ ކަމެއް އެއީ ފަހެ ގޯހެކެވެ. އެ ބަސްބުނި މީހެއްގެ މައްޗަށް އެ އަނބުރާ ރައްދުކުރަން ޖެހެއެވެ. އަދި އެއަށް ޢަމަލުކުރުންވެސް ހުއްދަވެގެން ނުވެއެވެ. އެއީ އެ ބަސް ބުނި މީހާއީ ޢުޛުރު ލިބިގެންވާ މުޖްތަހިދެއް ކަމުގައިވިޔަސްމެއެވެ. އޭރުން އޭނާ ކުރި އިޖްތިހާދަށް އަޖުރު ލިބޭނެއެވެ. ނަމަވެސް އޭނާ ހެދި ކުށް އެނގިގެންވާ އެހެން މީހަކު އެކަން ޤަބޫލުކުރުން ހުއްދަވެގެން ނުވެއެވެ.
ويجبُ على المُفتِي أَنْ يُخلِصَ النِّيَّةَ للَّهِ تعالى، ويَستَعِينَ بهِ في كُلِّ حادثةٍ تقعُ بهِ، ويسألَه تعالى الثَّباتَ والتَّوفيقَ للصَّوابِ.,އަދި ފަތުވާދޭ މީހާގެ މައްޗަށް ވާޖިބުވެގެންވަނީ، ﷲ ތަޢާލާއަށް ނިޔަތް އިޚްލާޞްތެރި ކުރުމާއި، ދިމާވާ ކޮންމެ ހާދިޘާއެއްގައި އެއިލާހުގެ ޙަޟްރަތުން އެހީތެރިކަން ހޯދައި، އެއިލާހުގެ ޙަޟްރަތުން ޘާބިތުކަމާއި، ޙައްޤު ރަނގަޅު ގޮތަށް ތަޥްފީޤު ދެއްވުން އެދުމެވެ.
ويجبُ عليهِ أن يكونَ موضعُ اعتبارِه ما جاءَ في الكِتابِ والسُّنةِ، فَيَنظُرَ ويَبحَثَ في ذلكَ أو فيما يُستعانُ بِه مِن كلامِ أهلِ العِلمِ على فَهمِهِما.,އަދި އޭނާގެ މައްޗަށް ވާޖިބުވެގެންވަނީ: އޭނާ ވިސްނާ ފިކުރުކޮށް ބުރަދަންދޭ ކަމަކީ، ޤުރްއާނާއި ސުންނަތުގައި އައިސްފައިވާ ކަންކަން ކަމުގައިވުމެވެ. އެގޮތުން އޭނާ އެކަމުގައި ބަލާ ހޯދާ، ނުވަތަ ޤުރްއާނާއި ސުންނަތް ފަހުމްވެ ދެނެގަތުމަށް، ޢިލްމުގެ އަހުލުވެރިންގެ ބަސްތަކުން އެހީ ހޯދޭނެ ބަސްތައް ހޯދާ ބަލާހުށިކަމެވެ.
وإنَّه كثيرًا ما تَحدُثُ مَسألةٌ مِن المَسائلِ، فيبحثُ عنها الإنسانُ فيما يقدرُ عليه مِن كلامِ أهلِ العِلمِ، ثُمَّ لا يَجِدُ ما يَطمَئِنُّ إليه في حُكمِها، ورُبَّما لا يجدُ لها ذِكرًا بالكُليةِ،,ގިނަފަހަރު ދިމާވާ މައްސަލަތަކުން ކަމެއްގައި، އިންސާނާއަށް ކުޅަދާނަވީ މިންވަރަކުން ޢިލްމުގެ އަހުލުވެރިންގެ ބަސްފުޅުތައް ހޯދާބަލާ، ދެން އެ މައްސަލައެއްގެ ޙުކުމުގައި އޭނާގެ ހިތްހަމަޖެހޭ ގޮތެއް އެބަސްފުޅުތަކުން ނުފެނި، އަދި ފަހަރެއްގައި އެ މައްސަލައިގެ ވާހަކަ އެއްގޮތަކަށްވެސް ގެނެވިފައިވާތަން ނުފެނިދާނެއެވެ.
فإذا رجعَ إلى الكِتابِ والسُّنةِ تبيَّنَ له حُكمُهما قريبًا ظاهرًا، وذلك بحسبِ الإخلاصِ والعِلمِ والفَهمِ.,ދެންފަހެ އޭނާ ޤުރްއާނާއި ސުންނަތަށް ރުޖޫޢަވެއްޖެނަމަ، ކައިރިވެގެން ގޮތަށް ފާޅުކޮށް އޭގެ ޙުކުމް އޭނާއަށް ފާޅުވެ ބަޔާންވެއެވެ. އެއީ އިޚްލާޞްތެރިކަމާއި، ޢިލްމާއި އަދި ފަހުމްވެރިކަން ހުރި މިންވަރެއްގެ މައްޗަށެވެ.
ويجبُ على المُفتِي أَنْ يَتَرَيَّثَ في الحُكمِ عندَ الإشْكالِ، وألَّا يَتَعَجَّلَ، فكَمْ مِن حُكمٍ تَعَجَّلَ فيه، ثُمَّ تبيَّنَ له بعدَ النَّظرِ القريبِ أنَّه مُخطِئٌ فيهِ، فيندمَ على ذلكَ، ورُبَّما لا يستطيعُ أَنْ يستدركَ ما أفتَى بِه!.,އަދި މައްސަލައެއް ދިމާވާހިނދު، ޙުކުމް ނިންމުމުގައި ފަތުވާދޭ މީހާ މަޑުޖެހި ލަސްލަހުން އުޅެންޖެހެއެވެ. އަދި އަވަސް އަރުވާލައިގެން ނުވާނެއެވެ. ފަހެ އޭނާ އެކަމެއްގެ ޙުކުމްގައި އަވަސްއަރުވާލާ، ދެން ގާތުން ނަޒަރު ހިންގާ ބެލުމަށްފަހު އޭނާ އެކަމުގައި ގޯސްހެދުންކަން ބަޔާންވެ، ދެން އެކަމުގެ މައްޗަށް ހިތާމަކުރީ ކިތައް ކިތައް ފަހަރުހެއްޔެވެ؟ އަދި ފަހަރެއްގައި ދެން އޭނާ ފަތުވާދިން ގޮތް ބަދަލުވެސް ނުކުރެވިދާނެއެވެ!
والمُفتي إذا عرَفَ الناسُ منه التأنِّيَ والتَّثبُّتَ وثِقُوا بقولِه واعتبَروهُ، وإذا رأَوْه مُتَسَرِّعًا، والمُتَسَرِّعُ كثيرَ الخطَأ، لم يكُنْ عندَهم ثِقةٌ فيما يُفتي به، فيكونُ بِتَسَرُّعِه وخَطَئِه قد حَرَمَ نفسَه وحرَمَ غيرَه ما عِندَه مِن عِلمٍ وصَوابٍ.,އަދި ފަތުވާދޭ މީހާގެ ކިބައިން ފަރުވާތެރިވެ ލަސްލަހުން ހަމަޖެހިގެން ޘާބިތުކުރަން އުޅޭކަން މީސްތަކުންނަށް އެނގިއްޖެނަމަ، އޭނާގެ ބަހަށް އިތުބާރުކޮށް އޭނާގެ ބަހަށް ބުރަދަންދެއެވެ. އެކަމަކު އޭނާ އަވަސްއަރުވާލައިގެން އުޅޭތަން އެމީހުންނަށް ފެނިއްޖެނަމަ، -އަދި އަވަސްއަރުވާލާ މީހަކީ ކުށްހެދުން ގިނަވާ މީހެއްކަމާއި- ދެން އޭނާ ފަތުވާދޭ ކަންކަމާމެދު އިތުބާރެއް ނޯވެއެވެ. ނަތީޖާއަކީ، އޭނާގެ އަވަސްއަރުވާލުމާއި، ގޯސްހެދުމުން އޭނާގެ އަމިއްލަ ނަފްސާއި އަދި އެހެން މީހުންނަށްވެސް އޭނާގެ ކިބައިގައިވާ ޢިލްމާއި ރަނގަޅު ގޮތްނުލިބި މަޙްރޫމުވެގެން ދިޔުމެވެ.
نَسألُ الله تعالى أَنْ يَهدِيَنا وإخوانَنا المُسلِمين صراطَه المُستَقِيمَ، وأَنْ يتوَلَّانا بعِنايتِه، ويحفَظَنا منَ الزَّلَلِ برعايتِه، إنَّه جوَادٌ كريمٌ؛ وصلَّى اللَّهُ وسلَّمَ على نبيِّنا محمدٍ، وعلى آلِـه وصَحبِـه أجمَعين. والحمدُ للَّهِ الَّذي بنعمَتِـه تَتِـمُّ الصالِحاتُ.,ﷲ ތަޢާލާގެ ޙަޟްރަތުން އަހަރުމެން އެދި ދަންނަވަނީ، އަހަރުމެންނާއި އަހަރުމެންގެ މުސްލިމު އަޚުންނަށް ސީދާވެގެންވާ ތެދުމަގަށް މަގުދެއްކެވުމަށެވެ. އަދި އެއިލާހުގެ ޢިނާޔަތްތެރިކަމާއި އެހީތެރިކަން އަޅަމެންނަށް ދެއްވާ، އަދި އެއިލާހުގެ ރިޢާޔަތްތެރިކަމުން ކުށްތަކާއި ގޯސްތަކުން އަޅަމެން ރައްކާތެރި ކުރެއްވުމަށެވެ. ހަމަކަށަވަރުން އެއިލާހުއީ ދީލަތިވަންތަ ކީރިތިވަންތަ އިލާހުއެވެ. އަދި އަޅަމެންގެ ނަބީ މުޙައްމަދުގެފާނަށާއި، އެކަލޭގެފާނުގެ އެންމެހާ އާލުންނާއި ޞަޙާބިންނަށް، ﷲ ޞަލަވާތާއި ސަލާމް ލައްވާށިއެވެ. އަދި ﷲ އަށް ޙަމްދު ހުއްޓެވެ. އެއިލާހުއީ އެއިލާހުގެ ނިޢުމަތުގެ ސަބަބުން ހެޔޮ ރަނގަޅު ޞާލިޙު ކަންކަން ފުރިހަމަވާ އިލާހެވެ.
تمَّ بقلَمِ الفقيرِ إلى الله,ﷲ ގެ ރަޙްމަތަށް ފަޤީރުވެ ބޭނުންޖެހިގެންވާ މީހާގެ ޤަލަމުން ލިޔެ ނިމުނީއެވެ.
مُحمَّد الصالِح العُثَيْمين,މުޙައްމަދު އައް-ޞާލިޙު އަލް-ޢުޘައިމީން
في ضُحى يومِ الجُمُعةِ,ހުކުރު ދުވަހު ޟުޙާގެ ވަޤުތުގައެވެ.
14 شعبانَ سنةَ 1392ﻫ,14 ޝަޢުބާން 1392ހ