source,#,bodyAR,bodyDV,takhrij
صحيح البخاري,1,حَدَّثَنَا الْحُمَيْدِيُّ عَبْدُ اللهِ بْنُ الزُّبَيْرِ، قَالَ: حَدَّثَنَا سُفْيَانُ، قَالَ: حَدَّثَنَا يَحْيَى بْنُ سَعِيدٍ الْأَنْصَارِيُّ، قَالَ: أَخْبَرَنِي مُحَمَّدُ بْنُ إِبْرَاهِيمَ التَّيْمِيُّ: أَنَّهُ سَمِعَ عَلْقَمَةَ بْنَ وَقَّاصٍ اللَّيْثِيَّ، يَقُولُ: سَمِعْتُ عُمَرَ بْنَ الْخَطَّابِ رَضِيَ اللهُ عَنْهُ عَلَى الْمِنْبَرِ، قَالَ: سَمِعْتُ رَسُولَ اللهِ ﷺ، يَقُولُ: إِنَّمَا الْأَعْمَالُ بِالنِّيَّاتِ، وَإِنَّمَا لِكُلِّ امْرِئٍ مَا نَوَى، فَمَنْ كَانَتْ هِجْرَتُهُ إِلَى دُنْيَا يُصِيبُهَا، أَوْ إِلَى امْرَأَةٍ يَنْكِحُهَا، فَهِجْرَتُهُ إِلَى مَا هَاجَرَ إِلَيْهِ.,މިންބަރު މަތީގައި ހުންނަވައިގެން ޢުމަރު ބިން އަލްޚައްޠާބު رَضِيَ اللَّهُ عَنْهُ ރިވާ ކުރެއްވިއެވެ: ރަސޫލު ﷲ ﷺ ޙަދީޘް ކުރައްވަނިކޮށް ތިމަން އަޑު އެހީމެވެ: ”ނިޔަތްތަކުގެ މައްޗަށް މެނުވީ އަމަލުތައް ބިނާ ވެގެނެއް ނުވެއެވެ. އަދި ކޮންމެ މީހަކަށް ވެސް ވަނީ، ހަމައެކަނި އެ މީހަކު ނިޔަތް ގަތް ކަމެކެވެ. ވީމާ، މީހަކު ހިޖުރަ ކުރީ ދުނިޔެ ހޯދުމަށް ނުވަތަ އަންހެނަކާ އިނުމަށް ކަމުގައި ވަނީ ނަމަ، ފަހެ އެ މީހެއްގެ ހިޖުރަ ވަނީ، އޭނާ އެ ހިޖުރަ ކުރި ކަމަކަށެވެ.“,b1
صحيح البخاري,2,حَدَّثَنَا عَبْدُ اللهِ بْنُ يُوسُفَ، قَالَ: أَخْبَرَنَا مَالِكٌ، عَنْ هِشَامِ بْنِ عُرْوَةَ، عَنْ أَبِيهِ، عَنْ عَائِشَةَ أُمِّ الْمُؤْمِنِينَ رَضِيَ اللهُ عَنْهَا: أَنَّ الْحَارِثَ بْنَ هِشَامٍ رَضِيَ اللهُ عَنْهُ سَأَلَ رَسُولَ اللهِ ﷺ فَقَالَ: يَا رَسُولَ اللهِ، كَيْفَ يَأْتِيكَ الْوَحْيُ؟ فَقَالَ رَسُولُ اللهِ ﷺ: أَحْيَانًا يَأْتِينِي مِثْلَ صَلْصَلَةِ الْجَرَسِ، وَهُوَ أَشَدُّهُ عَلَيَّ، فَيَفْصِمُ عَنِّي وَقَدْ وَعَيْتُ عَنْهُ مَا قَالَ، وَأَحْيَانًا يَتَمَثَّلُ لِيَ الْمَلَكُ رَجُلًا، فَيُكَلِّمُنِي فَأَعِي مَا يَقُولُ. قَالَتْ عَائِشَةُ رَضِيَ اللهُ عَنْهَا: وَلَقَدْ رَأَيْتُهُ يَنْزِلُ عَلَيْهِ الْوَحْيُ فِي الْيَوْمِ الشَّدِيدِ الْبَرْدِ، فَيَفْصِمُ عَنْهُ وَإِنَّ جَبِينَهُ لَيَتَفَصَّدُ عَرَقًا.,އުއްމުލް މުއުމިނީން ޢާއިޝާ رَضِيَ اللَّهُ عَنْهَا ރިވާ ކުރެއްވިއެވެ: އަލްޙާރިޘް ބިން ހިޝާމް رَضِيَ اللَّهُ عَنْهُ، ރަސޫލު ﷲ ﷺ އަރިހު ސުވާލު ކުރެއްވިއެވެ: އޭ ﷲގެ ރަސޫލާއެވެ. އިބަ ނަބިއްޔާއަށް ވަހީ ބާވައިލެވެނީ ކިހިނަކުންތޯއެވެ؟ ރަސޫލު ﷲ ﷺ ޙަދީޘް ކުރެއްވިއެވެ: ”ބައެއް ފަހަރު ވަހީ ބާވައިލެވެނީ ރަނގަބީލެއްގެ އަޑުފަދައިންނެވެ. (މި ގޮތަށް ވަހީ ބާވައިލެވުމަކީ) ތިމަން ނަބިއްޔާއަށް އެންމެ ބުރަވެގެންވާ ގޮތެވެ. ދެން (އެ ޙާލަތު ނިމި) ތިމަން ނަބިއްޔާއާ ވަކިވެވަޑައިގަތުމުން އެ ވިދާޅުވެވުނު އެއްޗެއް ތިމަން ނަބިއްޔާއަށް ވާނީ އެނގިވަޑައިގެންފައެވެ. އަދި އަނެއްބައި ފަހަރު ތިމަން ނަބިއްޔާއަށް ފިރިހެނެއްގެ ސިފައިގައި މަލާއިކަތާ (ޖިބްރީލު)ވަޑައިގަން ތިމަން ނަބިއްޔާއާ ވާހަކަފުޅު ދައްކަވައެވެ. ދެން އެ ވިދާޅުވާ އެއްޗެއް އެނގިވަޑައިގަންނަވަމެވެ.“ ޢާއިޝާ رَضِيَ اللَّهُ عَنْهَا ދެންނެވިއެވެ: ހަމަކަށަވަރުން ނުހަނު ފިނި ދުވަހެއްގައި ނަބިއްޔާއަށް ވަހީ ބާވައިލެއްވުމަށް ފަހު، ނަބިއްޔާގެ ނިތްކުރިފުޅުން ދާފޮދު އޮހޮރެނިކޮށް ތިމަންކަމަނާ ދުށީމެވެ.,b2
صحيح البخاري,3,حَدَّثَنَا يَحْيَى بْنُ بُكَيْرٍ، قَالَ: حَدَّثَنَا اللَّيْثُ، عَنْ عُقَيْلٍ، عَنِ ابْنِ شِهَابٍ، عَنْ عُرْوَةَ بْنِ الزُّبَيْرِ، عَنْ عَائِشَةَ أُمِّ الْمُؤْمِنِينَ أَنَّهَا قَالَتْ: أَوَّلُ مَا بُدِئَ بِهِ رَسُولُ اللهِ ﷺ مِنَ الْوَحْيِ الرُّؤْيَا الصَّالِحَةُ فِي النَّوْمِ، فَكَانَ لَا يَرَى رُؤْيَا إِلَّا جَاءَتْ مِثْلَ فَلَقِ الصُّبْحِ، ثُمَّ حُبِّبَ إِلَيْهِ الْخَلَاءُ، وَكَانَ يَخْلُو بِغَارِ حِرَاءٍ، فَيَتَحَنَّثُ فِيهِ وَهُوَ التَّعَبُّدُ اللَّيَالِيَ ذَوَاتِ الْعَدَدِ قَبْلَ أَنْ يَنْزِعَ إِلَى أَهْلِهِ، وَيَتَزَوَّدُ لِذَلِكَ، ثُمَّ يَرْجِعُ إِلَى خَدِيجَةَ فَيَتَزَوَّدُ لِمِثْلِهَا، حَتَّى جَاءَهُ الْحَقُّ وَهُوَ فِي غَارِ حِرَاءٍ، فَجَاءَهُ الْمَلَكُ فَقَالَ: اقْرَأْ، قَالَ: مَا أَنَا بِقَارِئٍ. قَالَ: فَأَخَذَنِي فَغَطَّنِي حَتَّى بَلَغَ مِنِّي الْجَهْدُ، ثُمَّ أَرْسَلَنِي فَقَالَ: اقْرَأْ، قُلْتُ مَا أَنَا بِقَارِئٍ، فَأَخَذَنِي فَغَطَّنِي الثَّانِيَةَ حَتَّى بَلَغَ مِنِّي الْجَهْدُ، ثُمَّ أَرْسَلَنِي فَقَالَ: اقْرَأْ، فَقُلْتُ مَا أَنَا بِقَارِئٍ، فَأَخَذَنِي فَغَطَّنِي الثَّالِثَةَ، ثُمَّ أَرْسَلَنِي فَقَالَ: { اقْرَأْ بِاسْمِ رَبِّكَ الَّذِي خَلَقَ * خَلَقَ الإِنْسَانَ مِنْ عَلَقٍ * اقْرَأْ وَرَبُّكَ الأَكْرَمُ } فَرَجَعَ بِهَا رَسُولُ اللهِ ﷺ يَرْجُفُ فُؤَادُهُ، فَدَخَلَ عَلَى خَدِيجَةَ بِنْتِ خُوَيْلِدٍ رَضِيَ اللهُ عَنْهَا فَقَالَ: زَمِّلُونِي زَمِّلُونِي فَزَمَّلُوهُ حَتَّى ذَهَبَ عَنْهُ الرَّوْعُ، فَقَالَ لِخَدِيجَةَ وَأَخْبَرَهَا الْخَبَرَ: لَقَدْ خَشِيتُ عَلَى نَفْسِي فَقَالَتْ خَدِيجَةُ: كَلَّا وَاللهِ مَا يُخْزِيكَ اللهُ أَبَدًا، إِنَّكَ لَتَصِلُ الرَّحِمَ، وَتَحْمِلُ الْكَلَّ، وَتَكْسِبُ الْمَعْدُومَ، وَتَقْرِي الضَّيْفَ، وَتُعِينُ عَلَى نَوَائِبِ الْحَقِّ. فَانْطَلَقَتْ بِهِ خَدِيجَةُ حَتَّى أَتَتْ بِهِ وَرَقَةَ بْنَ نَوْفَلِ بْنِ أَسَدِ بْنِ عَبْدِ الْعُزَّى، ابْنَ عَمِّ خَدِيجَةَ، وَكَانَ امْرَأً تَنَصَّرَ فِي الْجَاهِلِيَّةِ، وَكَانَ يَكْتُبُ الْكِتَابَ الْعِبْرَانِيَّ، فَيَكْتُبُ مِنَ الْإِنْجِيلِ بِالْعِبْرَانِيَّةِ مَا شَاءَ اللهُ أَنْ يَكْتُبَ، وَكَانَ شَيْخًا كَبِيرًا قَدْ عَمِيَ، فَقَالَتْ لَهُ خَدِيجَةُ: يَا ابْنَ عَمِّ، اسْمَعْ مِنَ ابْنِ أَخِيكَ. فَقَالَ لَهُ وَرَقَةُ: يَا ابْنَ أَخِي مَاذَا تَرَى؟ فَأَخْبَرَهُ رَسُولُ اللهِ ﷺ خَبَرَ مَا رَأَى، فَقَالَ لَهُ وَرَقَةُ: هَذَا النَّامُوسُ الَّذِي نَزَّلَ اللهُ عَلَى مُوسَى، يَا لَيْتَنِي فِيهَا جَذَعًا، لَيْتَنِي أَكُونُ حَيًّا إِذْ يُخْرِجُكَ قَوْمُكَ، فَقَالَ رَسُولُ اللهِ ﷺ: أَوَمُخْرِجِيَّ هُمْ؟! قَالَ: نَعَمْ. لَمْ يَأْتِ رَجُلٌ قَطُّ بِمِثْلِ مَا جِئْتَ بِهِ إِلَّا عُودِيَ، وَإِنْ يُدْرِكْنِي يَوْمُكَ أَنْصُرْكَ نَصْرًا مُؤَزَّرًا. ثُمَّ لَمْ يَنْشَبْ وَرَقَةُ أَنْ تُوُفِّيَ، وَفَتَرَ الْوَحْيُ.,އުއްމުލް މުއުމިނީން ޢާއިޝާ ރިވާ ކުރެއްވިއެވެ: ރަސޫލު ﷲ ﷺ އަށް އެންމެ ފުރަތަމަ ވަހީ ބާވައިލެވެން ފެއްޓުނީ، އަވަހާރަފުޅުލައްޕަވަނިކޮށް ފެނިވަޑައިގަންނަވާ ހެޔޮ ހުވަފެންފުޅުތަކުންނެވެ. ނަބިއްޔާއަށް ހުވަފެންފުޅެއް ފެނިވަޑައިގަންނަވާ ނަމަ، އެކަން ހެނދުނުގެ އަލިކަން ފަދައިން (ޙަގީގަތަށްވެ) ނައިސް ނުދެއެވެ. އެއަށްފަހު ނަބިއްޔާ އެކަހެރިވެ އިންނެވުމަށް ލޯބި ޖެއްސެވުނެވެ. އަދި ޙިރާ ފަރުބަދައިގެ ހޮހަޅައިގައި އެކަހެރިވެ، އެތަކެއް ރޭތަކެއް ވާންދެން އެ ތަނުގައި އަޅުކަން ކުރައްވަން ހުންނެވިއެވެ. އެއަށްފަހު އަހުލުވެރިން ގާތަށް ވަޑައިގެން ދަތުރުގެ ކޮއްތު ތައްޔާރު ކުރައްވައި އަނބުރާ އެ ތަނަށްވަޑައިގަންނަވައެވެ. ހަމަ އެފަދައިން އަނެއްކާ ޚަދީޖާގެ ގާތަށް ވަޑައިގެން، ދަތުރުގެ ކޮއްތު ތައްޔާރު ކުރައްވައި އަނބުރާ އެ ތަނަށްވަޑައިގަންނަވައެވެ. އެހެން ގޮސް، ޙިރާ ފަރުބަދައިގެ ހޮހަޅައިގައި ހުންނަވަނިކޮށް އެކަލޭގެފާނަށް ޙައްގުތެދު އަތުވެއްޖެއެވެ. ދެން މަލާއިކަތާ (ޖިބްރީލު) ވަޑައިގެން ދެންނެވިއެވެ: ކިޔަވައި ވިދާޅުވާށެވެ. ނަބިއްޔާ ދެންނެވިއެވެ: ”ތިމަންކަލޭގެފާނީ ކިޔަވައި ވިދާޅުވަން ދެނެވަޑައިގަންނަވާ ބޭކަލެއް ނޫނެވެ.“ ނަބިއްޔާ ޙަދީޘް ކުރެއްވިއެވެ: ”ދެން އެ މަލާއިކަތާ ތިމަން ނަބިއްޔާ ހާސްފުޅުވަންދެން (ހަށިކޮޅުގައި) ހިއްޕަވައި ފިއްތަވައިލެއްވިއެވެ. އެއަށްފަހު ދޫކޮށްލަވާފައި ދެންނެވިއެވެ: ކިޔަވައި ވިދާޅުވާށެވެ. ތިމަން ނަބިއްޔާ ދެންނެވީމެވެ: ތިމަންކަލޭގެފާނީ ކިޔަވައި ވިދާޅުވަން ދެނެވަޑައިގަންނަވާ ބޭކަލެއް ނޫނެވެ. ދެން ދެވަނަ ފަހަރަށް ތިމަން ނަބިއްޔާ ހާސްފުޅުވަންދެން (ހަށިކޮޅުގައި) ހިއްޕަވައި ފިއްތަވައިލެއްވިއެވެ. އެއަށްފަހު ދޫކޮށްލަވާފައި ދެންނެވިއެވެ: ކިޔަވައި ވިދާޅުވާށެވެ. ތިމަން ނަބިއްޔާ ދެންނެވީމެވެ: ތިމަންކަލޭގެފާނީ ކިޔަވައި ވިދާޅުވަން ދެނެވަޑައިގަންނަވާ ބޭކަލެއް ނޫނެވެ. ދެން ތިންވަނަ ފަހަރަށް ތިމަން ނަބިއްޔާ (ހަށިކޮޅުގައި) ހިއްޕަވައި ފިއްތަވައިލެއްވިއެވެ. އެއަށްފަހު ދޫކޮށްލަވާފައި ދެންނެވިއެވެ:“ ❞އިބަ ނަބިއްޔާގެ ރައްބުގެ އިސްމުފުޅުން އިބަ ނަބިއްޔާ ކިޔަވައި ވިދާޅުވާށެވެ. އެ އިލާހީ (އެންމެހައި ތަކެތި) އުފެއްދެވި އިލާހެވެ. އެ އިލާހު އިންސާނާ އުފެއްދެވީ ގަނޑު ލޭކޮޅަކުންނެވެ. އިބަ ނަބިއްޔާ ކިޔަވައި ވިދާޅުވާށެވެ. އަދި އިބަ ނަބިއްޔާގެ ރައްބަކީ، އެންމެ ދީލަތިވަންތަ އިލާހެވެ.❝ ދެން ރަސޫލު ﷲ ﷺ މޭފުޅު ތުރުތުރު އަޅުއްވާ ހާލު، އެ އާޔަތްތަކާއެކު އެނބުރި ޚަދީޖާ ބިންތި ޚުވައިލިދު رَضِيَ اللَّهُ عَنْهَا ގެ ގާތަށް ވަދެވަޑައިގެން ދެންނެވިއެވެ: ”ތިމަން ކަލޭގެފާނުގެ ހަށިކޮޅުގައި ރަޖާ ތުރުކުރައްވައި ދެއްވާށެވެ. ތިމަން ކަލޭގެފާނުގެ ހަށިކޮޅުގައި ރަޖާ ތުރުކުރައްވައި ދެއްވާށެވެ.“ ދެން ނަބިއްޔާގެ ކިބައިން ބިރުފުޅު ފިލައްޖައުމަށް ދާންދެން ހަށިކޮޅުގައި ރަޖާ ތުރުކުރެއްވިއެވެ. އަދި ޚަދީޖާއަށް ކަން ހިނގި ގޮތުގެ ޚަބަރު ދެއްވިއެވެ. އަދި ދެންނެވިއެވެ: ”ހަމަކަށަވަރުން ތިމަން ކަލޭގެފާނުގެ ފުރާނަފުޅަށް ނުރައްކާ ވެދާނެކަމަށް ބިރުފުޅުގަތީމެވެ.“ ޚަދީޖާ ދެންނެވިއެވެ: ހަމަހިލާ އެހެނެންނަކުން ނުވާނެވެ. ﷲ ގަންދީ ބުނަމެވެ. ދުވަހަކު ވެސް ﷲ ކަލޭގެފާނު ގެއްލެނި ނުކުރައްވާނެއެވެ. ހަމަކަށަވަރުން ކަލޭގެފާނު ރަޙިމުގެ ގުޅުން ދަމަހައްޓަވައެވެ. އަދި ނިކަމެތިންގެ ބުރަ އުފުއްލަވައެވެ. އަދި ނުލިބޭ މީހުންނަށް އެހީތެރިކަން ފޯރުވައި ދެއްވައެވެ. އަދި މެހެމާނުންނަށް ކަމޭހިއްތަވައެވެ. އަދި (މީސްތަކުންގެ) ޙައްގުތަކުގައި އެހީތެރިވެލައްވައެވެ. ދެން ޚަދީޖާ، ނަބިއްޔާއައިގެން އެ ކަމަނާގެ ބޮޑުބޭބެގެ ދަރި ވަރަގާ ބިން ނައުފަލު ބިން އަސަދު ބިން ޢަބްދުލް ޢުއްޒާގެ ގާތަށް ވަޑައިގަތެވެ. އެއީ ޖާހިލިއްޔަ ޒަމާނުގައި ނަޞާރަ ދީނަށް ވަތް މީހެކެވެ. އަދި ޢިބްރާނީ (ޔަހޫދީ) ބަހުން ލިޔެއުޅުނެވެ. އެ ގޮތުން ﷲ އިރާދަ ކުރެއްވި މިންވަރަކަށް ޢިބްރާނީ ބަހުން އިންޖީލު ލިޔެ އުޅުނެވެ. އަދި އެއީ މުސްކުޅި، ލޯ އަނދިރިވެފައިވާ މީހެކެވެ. ޚަދީޖާ އޭނާއަށް ދެންނެވިއެވެ: އޭ ތިމަންކަމަނާގެ ބޮޑުބޭބެގެ ދަރިއާއެވެ. ތިބާގެ ބޭބެގެ ދަރިކަލުންގެ ވާހަކަފުޅު އަޑުއަހާށެވެ. ވަރަގާ ނަބިއްޔާއަށް ދެންނެވިއެވެ: އޭ ތިމަންނަގެ ބޭބެގެ ދަރިކަލުންނޭވެ. ކަލޭގެފާނަށް ފެނިވަޑައިގަތީ ކޮންކަމެއްތޯއެވެ؟ ދެން ރަސޫލު ﷲ ﷺ އަށް ފެނިވަޑައިގަތް ކަންތަކުގެ ޚަބަރު ވަރަގާއަށް ދެއްވިއެވެ. ވަރަގާ ދެންނެވިއެވެ: ތިޔައީ މޫސާގެފާނަށް ފޮނުއްވެވި ނާމޫސް (މަލާއިކަތާ ޖިބްރީލު) އެވެ. ތިމަންނަ ޒުވާން މީހަކަށް ވެހުރެ، ކަލޭގެފާނުގެ ގައުމުގެ މީހުން، ކަލޭގެފާނު ނެރެލައްވައި ހިނދު ތިމަން ދިރި ހުންނާނެ ނަމަ ކިހާ ރަނގަޅުހެއްޔެވެ. ރަސޫލު ﷲ ﷺ ޙަދީޘް ކުރެއްވިއެވެ: ”އެބައިމީހުން ތިމަން ކަލޭގެފާނު ނެރެލައްވާނެތޯއެވެ؟“ ވަރަގާ ދެންނެވިއެވެ: އާއެކެވެ. އެ މީހަކަށް ބަޔަކު އަދާވާތްތެރިނުވެ، ތިޔަ ގެންނެވި ފަދަ ކަމެއް އެއްވެސް މީހަކު ދުވަހަކުވެސް ގެނެސްފައެއް ނެތެވެ. އަދި ކަލޭގެފާނުގެ އެ ދުވަސްވަރު ތިމަންނައާ ދިމާވާ ނަމަ، ކަލޭގެފާނަށް ގަދަވެގެންވާ ނަޞްރަކުން ނަޞްރު ދޭނެކަން ކަށަވަރެވެ. އެއަށްފަހު މާ ގިނަ ދުވަސްތަކެއް ނުވަނީސް ވަރަގާ ނިޔާވެއްޖެއެވެ. އަދި (މުއްދަތަކަށް) ވަހީ ބާވައިލެއްވުން މެދުކެނޑިގެން ދިޔައެވެ.,b3
صحيح البخاري,3,"أَوَّلُ مَا بُدِئَ بِهِ رَسُولُ اللَّهِ صَلَّى اللَّهُ عَلَيْهِ وَسَلَّمَ مِنْ الْوَحْيِ الرُّؤْيَا الصَّادِقَةُ فِي النَّوْمِ فَكَانَ لَا يَرَى رُؤْيَا إِلَّا جَاءَتْ مِثْلَ فَلَقِ الصُّبْحِ""","""ނަބީބޭކަލުންނަށް ފެނިވަޑައިގަންނަވާ ހުވަފެންފުޅުތަކަކީ ވަހީއެވެ.""",
صحيح البخاري,4,قَالَ ابْنُ شِهَابٍ: وَأَخْبَرَنِي أَبُو سَلَمَةَ بْنُ عَبْدِ الرَّحْمَنِ: أَنَّ جَابِرَ بْنَ عَبْدِ اللهِ الْأَنْصَارِيَّ قَالَ، وَهُوَ يُحَدِّثُ عَنْ فَتْرَةِ الْوَحْيِ، فَقَالَ فِي حَدِيثِهِ: بَيْنَا أَنَا أَمْشِي إِذْ سَمِعْتُ صَوْتًا مِنَ السَّمَاءِ فَرَفَعْتُ بَصَرِي، فَإِذَا الْمَلَكُ الَّذِي جَاءَنِي بِحِرَاءٍ جَالِسٌ عَلَى كُرْسِيٍّ بَيْنَ السَّمَاءِ وَالْأَرْضِ، فَرُعِبْتُ مِنْهُ، فَرَجَعْتُ فَقُلْتُ: زَمِّلُونِي، فَأَنْزَلَ اللهُ تَعَالَى: { يَا أَيُّهَا الْمُدَّثِّرُ * قُمْ فَأَنْذِرْ } إِلَى قَوْلِهِ { وَالرُّجْزَ فَاهْجُرْ } فَحَمِيَ الْوَحْيُ وَتَتَابَعَ. تَابَعَهُ عَبْدُ اللهِ بْنُ يُوسُفَ وَأَبُو صَالِحٍ، وَتَابَعَهُ هِلَالُ بْنُ رَدَّادٍ عَنِ الزُّهْرِيِّ. وَقَالَ يُونُسُ وَمَعْمَرٌ: بَوَادِرُهُ.,ވަހީ ބާވައިލެއްވުން (މެދުކެނޑުނު) މުއްދަތުގެ ވާހަކަ ދައްކަވަމުން، ޖާބިރު ބިން ޢަބްދު ﷲ އަލްއަންޞާރީ ރިވާ ކުރެއްވިއެވެ: (ނަބިއްޔާ ޙާދީޘް ކުރެއްވިއެވެ:) ”ތިމަން ނަބިއްޔާ ހިނގައިވަޑައިގަންނަވަމުން ދަނިކޮށް، އުޑުން އަޑެއް އިވިވަޑައިގަތީމެވެ. ފަހެ ތިމަން ނަބިއްޔާ އިސްއުފުއްލަވާފައި ބަލައިލެއްވުމުން، ޙިރާ ފަރުބަދައިގެ ހޮހަޅާގައި ތިމަން ނަބިއްޔާގެ އަރިހަށް އަތުވި މަލާއިކަތާ ދެކެވެޑައިގަތީމެވެ. އުޑާއި ބިމާ ދެމެދުގައިވާ ގޮނޑިކޮޅެއްގައި އެ މަލާއިކަތާ އިށީނދެ އިންނެވިއެވެ. ފަހެ އެ މަލާއިކަތާގެ ކިބައިން ތިމަން ނަބިއްޔާ ބިރުފުޅު ގަންނަވައިގެން، އެނބުރި (ޚަދީޖާގެ ގާތަށް) ވަޑައިގެން ދެންނެވީމެވެ: ތިމަން ކަލޭގެފާނުގެ ހަށިކޮޅުގައި ރަޖާ ތުރުކުރައްވައި ދެއްވާށެވެ. ތިމަން ކަލޭގެފާނުގެ ހަށިކޮޅުގައި ރަޖާ ތުރުކުރައްވައި ދެއްވާށެވެ.“ ދެން ﷲ ތަޢާލާ ވަހީ ބާވައިލެއްވިއެވެ: ❞އޭ ގައިކޮޅުގައި ފޭރާން އޮޅުއްވައިގެން އޮންނެވި ކަލޭގެފާނެވެ. ތެދުވެވަޑައިގެން އިންޒާރު ދެއްވާށެވެ. އަދި ކަލޭގެފާނުގެ ރައްބަށް ތަކްބީރު ވިދާޅުވާށެވެ. އަދި ކަލޭގެފާނުގެ ހެދުންކޮޅު ތާހިރު ކުރައްވާށެވެ. އަދި (ބުދަށް އަޅުކަން ކުރުމާ) ދުރުވެ ވަޑައިގަންނަވާށެވެ.❝ އެއަށްފަހު ވަރަށް ގިނަގިނައިން ވަހީ ބާވައިލެއްވިގެން ދިޔައެވެ.,b4
صحيح البخاري,5,حَدَّثَنَا مُوسَى بْنُ إِسْمَاعِيلَ، قَالَ: حَدَّثَنَا أَبُو عَوَانَةَ، قَالَ: حَدَّثَنَا مُوسَى بْنُ أَبِي عَائِشَةَ، قَالَ: حَدَّثَنَا سَعِيدُ بْنُ جُبَيْرٍ، عَنِ ابْنِ عَبَّاسٍ، فِي قَوْلِهِ تَعَالَى: { لا تُحَرِّكْ بِهِ لِسَانَكَ لِتَعْجَلَ بِهِ } قَالَ: كَانَ رَسُولُ اللهِ ﷺ يُعَالِجُ مِنَ التَّنْزِيلِ شِدَّةً، وَكَانَ مِمَّا يُحَرِّكُ شَفَتَيْهِ فَقَالَ ابْنُ عَبَّاسٍ: فَأَنَا أُحَرِّكُهُمَا لَكُمْ كَمَا كَانَ رَسُولُ اللهِ ﷺ يُحَرِّكُهُمَا، وَقَالَ سَعِيدٌ: أَنَا أُحَرِّكُهُمَا كَمَا رَأَيْتُ ابْنَ عَبَّاسٍ يُحَرِّكُهُمَا، فَحَرَّكَ شَفَتَيْهِ فَأَنْزَلَ اللهُ تَعَالَى: { لا تُحَرِّكْ بِهِ لِسَانَكَ لِتَعْجَلَ بِهِ * إِنَّ عَلَيْنَا جَمْعَهُ وَقُرْآنَهُ } قَالَ: جَمْعُهُ لَهُ فِي صَدْرِكَ وَتَقْرَأَهُ: { فَإِذَا قَرَأْنَاهُ فَاتَّبِعْ قُرْآنَهُ } قَالَ فَاسْتَمِعْ لَهُ وَأَنْصِتْ: { ثُمَّ إِنَّ عَلَيْنَا بَيَانَهُ } ثُمَّ إِنَّ عَلَيْنَا أَنْ تَقْرَأَهُ، فَكَانَ رَسُولُ اللهِ ﷺ بَعْدَ ذَلِكَ إِذَا أَتَاهُ جِبْرِيلُ اسْتَمَعَ، فَإِذَا انْطَلَقَ جِبْرِيلُ قَرَأَهُ النَّبِيُّ ﷺ كَمَا قَرَأَهُ.,❞އެ ގުރްއާން އަވަހަށް ދަސްކުރެއްވުމަށް ކަލޭގެފާނުގެ ދޫފުޅު، އެ ގުރްއާނައިގެން ޙަރަކާތް ނުކުރައްވާށެވެ.❝ ﷲ ތަޢާލާގެ މި ވަހީ ބަސްފުޅާ ބެހޭ ގޮތުން އިބްނު ޢައްބާސް ރިވާ ކުރެއްވިއެވެ: ރަސޫލު ﷲ ﷺ ވަހީ ލިބިވަޑައިގެންނެވީ ބުރަކަމާއެކީގައެވެ. އަދި (ހިތުދަސް ނުވެދާނެތީވެ، ވަޙި ބާވައިލެއްވުމުން ދިޔަ ހިނދު) އެ ކިޔަވައި ވިދާޅުވުމައިގެން ނަބިއްޔާގެ ތުންފަތްކޮޅު ހަރަކާތް ކުރެއްވައެވެ. –އިބްނު ޢައްބާސް (މި ވާހަކަ ކިޔައިދެއްވަމުން) ވިދާޅުވިއެވެ: ފަހެ ރަސޫލު ﷲ ﷺ ތުންފަތްކޮޅު ހަރަކާތް ކުރައްވި ފަދައިން، ތިޔަބައިމިހުންނަށް ދެއްކުމަށް ޓަކައި ތިމަންނަވެސް މި ހަރަކާތް ކުރަނީއެވެ. (އަދި އިބްނު ޢައްބާސްގެ އަރިހުން ރިވާ ކުރެއްވި ސައީދު ބިން ޖުބައިރުވެސް އެފަދައިން ކަންކުރެއްވިއެވެ.)- އެއަށްފަހު ﷲ ތަޢާލާ ވަހީ ބާވައިލެއްވިއެވެ: ❞އެ ގުރްއާން އަވަހަށް ދަސްކުރެއްވުމަށް ކަލޭގެފާނުގެ ދޫފުޅު، އެ ގުރްއާނައިގެން ޙަރަކާތް ނުކުރައްވާށެވެ. ހަމަކަށަވަރުން އެ ގުރްއާން (ކަލޭގެފާނުގެ ހިތްޕުޅުގައި) އެއްކުރެއްވުމާއި، އެ ކިޔަވައި ވިދާޅުވުމުގެ (ކުޅަދާނަކަން) ދެއްވުމަކީ، ތިމަން އިލާހަށް އޮތް ކެމެވެ.❝ (މި އާޔަތާ ބެހޭ ގޮތުން) އިބްނު ޢައްބާސް ވިދާޅުވިއެވެ: އެބަހީ އިބަ ނަބިއްޔާއަށް ޓަކައި، އިބަ ނަބިއްޔާގެ ހިތްޕުޅުގައި އެ ގުރްއާން ﷲ އެއްކުރައްވައިގެން އިބަ ނަބިއްޔާ ކިޔަވާ ވިދާޅުވާނެއެވެ. ❞ފަހެ ތިމަން އިލާހު އެ ގުރްއާން ކިޔައިވައިދެއްވާ ހިނދު، ކަލޭގެފާނު (ހަނުހުންނަވައިގެން) އެ ކިޔަވައިދެއްވުމާ ތަބާވެވަޑައިގަންނަވާށެވެ.❝ (މި އާޔަތާ ބެހޭ ގޮތުން) އިބްނު ޢައްބާސް ވިދާޅުވިއެވެ: އެބަހީ ހަނުހުންނަވައިގެން އެ ގުރްއާނަށް ކަނުލައި އަޑުއައްސަވާށެވެ. ❞ދެން ހަމަކަށަވަރުން އެ ގުރްއާން ބަޔާންކޮށްދެއްވުން ވަނީވެސް ތިމަން އިލާހަށެވެ.❝ (މި އާޔަތާ ބެހޭ ގޮތުން) އިބްނު ޢައްބާސް ވިދާޅުވިއެވެ: އެބަހީ ދެން އިބަ ނަބިއްޔާ އެ ގުރްއާން ކިޔަވައި ވިދާޅުވުމުގެ (ކުޅަދާނަކަށް) ދެއްވުމަކީ ވެސް ތިމަން އިލާހަށް އޮތް ކަމެކެވެ. އެއަށްފަހު ރަސޫލު ﷲ ﷺ ގެ އަރިހަށް ޖިބްރީލު ވަޑައިގަންނަވާ ހިނދު، ނަބިއްޔާ ކަނުލައި އަޑުއައްސަވައެވެ. ދެން ޖިބްރީލު ވަޑައިގެން ދިޔުމަށް ފަހު، ޖިބްރީލު ކިޔަވައި ވިދާޅުވި ފަދައިން ނަބިއްޔާ ﷺ ވެސް ކިޔަވައި ވިދާޅުވެއެވެ.,b5
صحيح البخاري,6,حَدَّثَنَا عَبْدَانُ، قَالَ: أَخْبَرَنَا عَبْدُ اللهِ، قَالَ: أَخْبَرَنَا يُونُسُ، عَنِ الزُّهْرِيِّ (ح). وَحَدَّثَنَا بِشْرُ بْنُ مُحَمَّدٍ، قَالَ: أَخْبَرَنَا عَبْدُ اللهِ، قَالَ: أَخْبَرَنَا يُونُسُ وَمَعْمَرٌ، عَنِ الزُّهْرِيِّ نَحْوَهُ، قَالَ: أَخْبَرَنِي عُبَيْدُ اللهِ بْنُ عَبْدِ اللهِ، عَنِ ابْنِ عَبَّاسٍ، قَالَ: كَانَ رَسُولُ اللهِ ﷺ أَجْوَدَ النَّاسِ، وَكَانَ أَجْوَدُ مَا يَكُونُ فِي رَمَضَانَ حِينَ يَلْقَاهُ جِبْرِيلُ، وَكَانَ يَلْقَاهُ فِي كُلِّ لَيْلَةٍ مِنْ رَمَضَانَ فَيُدَارِسُهُ الْقُرْآنَ، فَلَرَسُولُ اللهِ ﷺ أَجْوَدُ بِالْخَيْرِ مِنَ الرِّيحِ الْمُرْسَلَةِ.,އިބްނު ޢައްބާސް ރިވާ ކުރެއްވިއެވެ: މީސްތަކުންގެ ތެރެއިން އެންމެ ދީލަތިވެގެން ވަނީ ރަސޫލު ﷲ ﷺ އެވެ. އަދި ނަބިއްޔާ އެންމެ ދީލަތިވެގެން ވަނީ ރަމަޟާން މަހުގައެވެ. އެއީ ނަބިއްޔާ ޖިބްރީލާ ބައްދަލު ކުރައްވައި ހިނދެވެ. އެ ގޮތުން ރަމަޟާން މަހުގެ ކޮންމެ ރެޔަކު ޖިބްރީލު ނަބިއްޔާއާ ބައްދަލު ކުރައްވައި، ނަބިއްޔާއަށް ގުރްއާން މުރާޖާ ކޮށްދެއްވައެވެ. އަދި ހަމަކަށަވަރުން (ވާރެ ވިލާގަނޑަކައިގެން) ފޮނުއްވެވުނު ވައިރޯޅިއަކަށް ވުރެ ރަސޫލު ﷲ ﷺ ދީލަތިވެގެންވެއެވެ.,b6
صحيح البخاري,7,حَدَّثَنَا أَبُو الْيَمَانِ الْحَكَمُ بْنُ نَافِعٍ، قَالَ: أَخْبَرَنَا شُعَيْبٌ، عَنِ الزُّهْرِيِّ، قَالَ: أَخْبَرَنِي عُبَيْدُ اللهِ بْنُ عَبْدِ اللهِ بْنِ عُتْبَةَ بْنِ مَسْعُودٍ: أَنَّ عَبْدَ اللهِ بْنَ عَبَّاسٍ أَخْبَرَهُ: أَنَّ أَبَا سُفْيَانَ بْنَ حَرْبٍ أَخْبَرَهُ: أَنَّ هِرَقْلَ أَرْسَلَ إِلَيْهِ فِي رَكْبٍ مِنْ قُرَيْشٍ، وَكَانُوا تُجَّارًا بِالشَّأْمِ، فِي الْمُدَّةِ الَّتِي كَانَ رَسُولُ اللهِ ﷺ مَادَّ فِيهَا أَبَا سُفْيَانَ وَكُفَّارَ قُرَيْشٍ، فَأَتَوْهُ وَهُمْ بِإِيلِيَاءَ، فَدَعَاهُمْ فِي مَجْلِسِهِ، وَحَوْلَهُ عُظَمَاءُ الرُّومِ، ثُمَّ دَعَاهُمْ وَدَعَا بِتَرْجُمَانِهِ، فَقَالَ: أَيُّكُمْ أَقْرَبُ نَسَبًا بِهَذَا الرَّجُلِ الَّذِي يَزْعُمُ أَنَّهُ نَبِيٌّ؟ فَقَالَ أَبُو سُفْيَانَ: فَقُلْتُ أَنَا أَقْرَبُهُمْ نَسَبًا، فَقَالَ: أَدْنُوهُ مِنِّي، وَقَرِّبُوا أَصْحَابَهُ فَاجْعَلُوهُمْ عِنْدَ ظَهْرِهِ، ثُمَّ قَالَ لِتَرْجُمَانِهِ: قُلْ لَهُمْ إِنِّي سَائِلٌ هَذَا عَنْ هَذَا الرَّجُلِ، فَإِنْ كَذَبَنِي فَكَذِّبُوهُ. فَوَاللهِ لَوْلَا الْحَيَاءُ مِنْ أَنْ يَأْثُرُوا عَلَيَّ كَذِبًا لَكَذَبْتُ عَنْهُ. ثُمَّ كَانَ أَوَّلَ مَا سَأَلَنِي عَنْهُ أَنْ قَالَ: كَيْفَ نَسَبُهُ فِيكُمْ؟ قُلْتُ: هُوَ فِينَا ذُو نَسَبٍ. قَالَ: فَهَلْ قَالَ هَذَا الْقَوْلَ مِنْكُمْ أَحَدٌ قَطُّ قَبْلَهُ؟ قُلْتُ: لَا. قَالَ: فَهَلْ كَانَ مِنْ آبَائِهِ مِنْ مَلِكٍ؟ قُلْتُ لَا. قَالَ: فَأَشْرَافُ النَّاسِ يَتَّبِعُونَهُ أَمْ ضُعَفَاؤُهُمْ؟ فَقُلْتُ: بَلْ ضُعَفَاؤُهُمْ. قَالَ: أَيَزِيدُونَ أَمْ يَنْقُصُونَ؟ قُلْتُ: بَلْ يَزِيدُونَ قَالَ: فَهَلْ يَرْتَدُّ أَحَدٌ مِنْهُمْ سَخْطَةً لِدِينِهِ بَعْدَ أَنْ يَدْخُلَ فِيهِ؟ قُلْتُ: لَا. قَالَ: فَهَلْ كُنْتُمْ تَتَّهِمُونَهُ بِالْكَذِبِ قَبْلَ أَنْ يَقُولَ مَا قَالَ؟ قُلْتُ: لَا. قَالَ: فَهَلْ يَغْدِرُ؟ قُلْتُ: لَا. وَنَحْنُ مِنْهُ فِي مُدَّةٍ لَا نَدْرِي مَا هُوَ فَاعِلٌ فِيهَا. قَالَ: وَلَمْ تُمْكِنِّي كَلِمَةٌ أُدْخِلُ فِيهَا شَيْئًا غَيْرَ هَذِهِ الْكَلِمَةِ. قَالَ: فَهَلْ قَاتَلْتُمُوهُ؟ قُلْتُ: نَعَمْ. قَالَ: فَكَيْفَ كَانَ قِتَالُكُمْ إِيَّاهُ؟ قُلْتُ: الْحَرْبُ بَيْنَنَا وَبَيْنَهُ سِجَالٌ، يَنَالُ مِنَّا وَنَنَالُ مِنْهُ، قَالَ: مَاذَا يَأْمُرُكُمْ؟ قُلْتُ: يَقُولُ: اعْبُدُوا اللهَ وَحْدَهُ وَلَا تُشْرِكُوا بِهِ شَيْئًا، وَاتْرُكُوا مَا يَقُولُ آبَاؤُكُمْ، وَيَأْمُرُنَا بِالصَّلَاةِ وَالصِّدْقِ وَالْعَفَافِ وَالصِّلَةِ، فَقَالَ لِلتَّرْجُمَانِ: قُلْ لَهُ: سَأَلْتُكَ عَنْ نَسَبِهِ فَذَكَرْتَ أَنَّهُ فِيكُمْ ذُو نَسَبٍ، فَكَذَلِكَ الرُّسُلُ تُبْعَثُ فِي نَسَبِ قَوْمِهَا. وَسَأَلْتُكَ هَلْ قَالَ أَحَدٌ مِنْكُمْ هَذَا الْقَوْلَ، فَذَكَرْتَ أَنْ لَا، فَقُلْتُ: لَوْ كَانَ أَحَدٌ قَالَ هَذَا الْقَوْلَ قَبْلَهُ، لَقُلْتُ رَجُلٌ يَأْتَسِي بِقَوْلٍ قِيلَ قَبْلَهُ. وَسَأَلْتُكَ هَلْ كَانَ مِنْ آبَائِهِ مِنْ مَلِكٍ، فَذَكَرْتَ أَنْ لَا، قُلْتُ: فَلَوْ كَانَ مِنْ آبَائِهِ مِنْ مَلِكٍ، قُلْتُ رَجُلٌ يَطْلُبُ مُلْكَ أَبِيهِ. وَسَأَلْتُكَ هَلْ كُنْتُمْ تَتَّهِمُونَهُ بِالْكَذِبِ قَبْلَ أَنْ يَقُولَ مَا قَالَ، فَذَكَرْتَ أَنْ لَا، فَقَدْ أَعْرِفُ أَنَّهُ لَمْ يَكُنْ لِيَذَرَ الْكَذِبَ عَلَى النَّاسِ وَيَكْذِبَ عَلَى اللهِ. وَسَأَلْتُكَ أَشْرَافُ النَّاسِ اتَّبَعُوهُ أَمْ ضُعَفَاؤُهُمْ، فَذَكَرْتَ أَنَّ ضُعَفَاءَهُمُ اتَّبَعُوهُ، وَهُمْ أَتْبَاعُ الرُّسُلِ. وَسَأَلْتُكَ أَيَزِيدُونَ أَمْ يَنْقُصُونَ، فَذَكَرْتَ أَنَّهُمْ يَزِيدُونَ، وَكَذَلِكَ أَمْرُ الْإِيمَانِ حَتَّى يَتِمَّ. وَسَأَلْتُكَ أَيَرْتَدُّ أَحَدٌ سَخْطَةً لِدِينِهِ بَعْدَ أَنْ يَدْخُلَ فِيهِ، فَذَكَرْتَ أَنْ لَا، وَكَذَلِكَ الْإِيمَانُ حِينَ تُخَالِطُ بَشَاشَتُهُ الْقُلُوبَ. وَسَأَلْتُكَ هَلْ يَغْدِرُ، فَذَكَرْتَ أَنْ لَا، وَكَذَلِكَ الرُّسُلُ لَا تَغْدِرُ. وَسَأَلْتُكَ بِمَا يَأْمُرُكُمْ، فَذَكَرْتَ أَنَّهُ يَأْمُرُكُمْ أَنْ تَعْبُدُوا اللهَ وَلَا تُشْرِكُوا بِهِ شَيْئًا، وَيَنْهَاكُمْ عَنْ عِبَادَةِ الْأَوْثَانِ، وَيَأْمُرُكُمْ بِالصَّلَاةِ وَالصِّدْقِ وَالْعَفَافِ، فَإِنْ كَانَ مَا تَقُولُ حَقًّا فَسَيَمْلِكُ مَوْضِعَ قَدَمَيَّ هَاتَيْنِ، وَقَدْ كُنْتُ أَعْلَمُ أَنَّهُ خَارِجٌ، لَمْ أَكُنْ أَظُنُّ أَنَّهُ مِنْكُمْ، فَلَوْ أَنِّي أَعْلَمُ أَنِّي أَخْلُصُ إِلَيْهِ، لَتَجَشَّمْتُ لِقَاءَهُ، وَلَوْ كُنْتُ عِنْدَهُ لَغَسَلْتُ عَنْ قَدَمِهِ. ثُمَّ دَعَا بِكِتَابِ رَسُولِ اللهِ ﷺ الَّذِي بَعَثَ بِهِ دِحْيَةَ إِلَى عَظِيمِ بُصْرَى، فَدَفَعَهُ إِلَى هِرَقْلَ، فَقَرَأَهُ، فَإِذَا فِيهِ: بِسْمِ اللهِ الرَّحْمَنِ الرَّحِيمِ، مِنْ مُحَمَّدٍ عَبْدِ اللهِ وَرَسُولِهِ إِلَى هِرَقْلَ عَظِيمِ الرُّومِ: سَلَامٌ عَلَى مَنِ اتَّبَعَ الْهُدَى، أَمَّا بَعْدُ، فَإِنِّي أَدْعُوكَ بِدِعَايَةِ الْإِسْلَامِ، أَسْلِمْ تَسْلَمْ، يُؤْتِكَ اللهُ أَجْرَكَ مَرَّتَيْنِ، فَإِنْ تَوَلَّيْتَ فَإِنَّ عَلَيْكَ إِثْمَ الْأَرِيسِيِّينَ، وَ { يَا أَهْلَ الْكِتَابِ تَعَالَوْا إِلَى كَلِمَةٍ سَوَاءٍ بَيْنَنَا وَبَيْنَكُمْ أَلا نَعْبُدَ إِلا اللهَ وَلا نُشْرِكَ بِهِ شَيْئًا وَلا يَتَّخِذَ بَعْضُنَا بَعْضًا أَرْبَابًا مِنْ دُونِ اللهِ فَإِنْ تَوَلَّوْا فَقُولُوا اشْهَدُوا بِأَنَّا مُسْلِمُونَ } قَالَ أَبُو سُفْيَانَ: لَمَّا قَالَ مَا قَالَ، وَفَرَغَ مِنْ قِرَاءَةِ الْكِتَابِ، كَثُرَ عِنْدَهُ الصَّخَبُ وَارْتَفَعَتِ الْأَصْوَاتُ وَأُخْرِجْنَا، فَقُلْتُ لِأَصْحَابِي حِينَ أُخْرِجْنَا: لَقَدْ أَمِرَ أَمْرُ ابْنِ أَبِي كَبْشَةَ، إِنَّهُ يَخَافُهُ مَلِكُ بَنِي الْأَصْفَرِ. فَمَا زِلْتُ مُوقِنًا أَنَّهُ سَيَظْهَرُ حَتَّى أَدْخَلَ اللهُ عَلَيَّ الْإِسْلَامَ. وَكَانَ ابْنُ النَّاظُورِ - صَاحِبُ إِيلِيَاءَ وَهِرَقْلَ - سُقُفًّا عَلَى نَصَارَى الشَّأْمِ، يُحَدِّثُ أَنَّ هِرَقْلَ حِينَ قَدِمَ إِيلِيَاءَ، أَصْبَحَ يَوْمًا خَبِيثَ النَّفْسِ، فَقَالَ بَعْضُ بَطَارِقَتِهِ: قَدِ اسْتَنْكَرْنَا هَيْئَتَكَ، قَالَ ابْنُ النَّاظُورِ: وَكَانَ هِرَقْلُ حَزَّاءً يَنْظُرُ فِي النُّجُومِ، فَقَالَ لَهُمْ حِينَ سَأَلُوهُ: إِنِّي رَأَيْتُ اللَّيْلَةَ حِينَ نَظَرْتُ فِي النُّجُومِ مَلِكَ الْخِتَانِ قَدْ ظَهَرَ، فَمَنْ يَخْتَتِنُ مِنْ هَذِهِ الْأُمَّةِ؟ قَالُوا: لَيْسَ يَخْتَتِنُ إِلَّا الْيَهُودُ، فَلَا يُهِمَّنَّكَ شَأْنُهُمْ، وَاكْتُبْ إِلَى مَدَايِنِ مُلْكِكَ، فَيَقْتُلُوا مَنْ فِيهِمْ مِنَ الْيَهُودِ. فَبَيْنَمَا هُمْ عَلَى أَمْرِهِمْ، أُتِيَ هِرَقْلُ بِرَجُلٍ أَرْسَلَ بِهِ مَلِكُ غَسَّانَ يُخْبِرُ عَنْ خَبَرِ رَسُولِ اللهِ ﷺ، فَلَمَّا اسْتَخْبَرَهُ هِرَقْلُ قَالَ: اذْهَبُوا فَانْظُرُوا أَمُخْتَتِنٌ هُوَ أَمْ لَا؟ فَنَظَرُوا إِلَيْهِ، فَحَدَّثُوهُ أَنَّهُ مُخْتَتِنٌ، وَسَأَلَهُ عَنِ الْعَرَبِ، فَقَالَ: هُمْ يَخْتَتِنُونَ، فَقَالَ هِرَقْلُ: هَذَا مَلِكُ هَذِهِ الْأُمَّةِ قَدْ ظَهَرَ. ثُمَّ كَتَبَ هِرَقْلُ إِلَى صَاحِبٍ لَهُ بِرُومِيَّةَ، وَكَانَ نَظِيرَهُ فِي الْعِلْمِ، وَسَارَ هِرَقْلُ إِلَى حِمْصَ، فَلَمْ يَرِمْ حِمْصَ حَتَّى أَتَاهُ كِتَابٌ مِنْ صَاحِبِهِ يُوَافِقُ رَأْيَ هِرَقْلَ عَلَى خُرُوجِ النَّبِيِّ ﷺ، وَأَنَّهُ نَبِيٌّ، فَأَذِنَ هِرَقْلُ لِعُظَمَاءِ الرُّومِ فِي دَسْكَرَةٍ لَهُ بِحِمْصَ، ثُمَّ أَمَرَ بِأَبْوَابِهَا فَغُلِّقَتْ، ثُمَّ اطَّلَعَ فَقَالَ: يَا مَعْشَرَ الرُّومِ، هَلْ لَكُمْ فِي الْفَلَاحِ وَالرُّشْدِ، وَأَنْ يَثْبُتَ مُلْكُكُمْ، فَتُبَايِعُوا هَذَا النَّبِيَّ؟ فَحَاصُوا حَيْصَةَ حُمُرِ الْوَحْشِ إِلَى الْأَبْوَابِ، فَوَجَدُوهَا قَدْ غُلِّقَتْ، فَلَمَّا رَأَى هِرَقْلُ نَفْرَتَهُمْ، وَأَيِسَ مِنَ الْإِيمَانِ، قَالَ: رُدُّوهُمْ عَلَيَّ، وَقَالَ: إِنِّي قُلْتُ مَقَالَتِي آنِفًا أَخْتَبِرُ بِهَا شِدَّتَكُمْ عَلَى دِينِكُمْ، فَقَدْ رَأَيْتُ، فَسَجَدُوا لَهُ وَرَضُوا عَنْهُ، فَكَانَ ذَلِكَ آخِرَ شَأْنِ هِرَقْلَ. رَوَاهُ صَالِحُ بْنُ كَيْسَانَ، وَيُونُسُ، وَمَعْمَرٌ، عَنِ الزُّهْرِيِّ.,އަބޫ ސުފްޔާނު ބިން ޙަރްބު ރިވާ ކުރެއްވިއެވެ: ގުރައިޝްގެ ވިޔަފާރި ގާފިލާއެއްގައި އެކަލޭގެފާނު ޝާމްކަރައިގައި ވަނިކޮށް، (ރޫމްގެ ނަޞްރާނީ ރަސްގެފާނު) ހިރަގްލު އެކަލޭގެފާނު ހޯދަން މީހަކު ފޮނުވިއެވެ. އެއީ ރަސޫލު ﷲ ﷺ އާއި، އަބޫ ސުފްޔާނު އަދި ގުރައިޝްގެ ކާފަރުންނާ ދެމެދު ކުރެވިފައިވާ (ޙުދައިބިއްޔާގެ) ސުލްޙައެއްގައި ތިބި ވަގުތެކެވެ. އަބޫ ސުފްޔާނުމެން އީލިޔާގައި ވަނިކޮށް، ހިރަގްލު ފޮނުއްވި މީހާ އެކަލޭގެފާނު ގާތަށް އަތުވެ، އެބައިމީހުން ހިރަގްލުގެ މަޖިލީހަށް ހާޒިރުވާން ދައުވަތު އެރުވިއެވެ. އެ މަޖިހީލުގައި ހިރަގްލު ވަށައި ތިބީ ރޫމްގެ އިސްވެރިންނެވެ. ދެން އަބޫ ސުފްޔާނުމެންނާއި ހިރަގްލުގެ ތަރުޖަމާނު ގެނެސް އޭނާ ދެންނެވިއެވެ: ނަބިއްޔެއްކަމަށް މި ދަޢުވާ ކުރާ މީހާއާ ނަސަބުގެ ގޮތުން ތިޔަބައިމީހުންގެ ތެރެއިން އެންމެ ގާތީ ކާކުތޯއެވެ؟ އަބޫ ސުފްޔާނު ދެންނެވިއެވެ: އެބައިމީހުންގެ ތެރެއިން ނަސަބުގެ ގޮތުން އެންމެ ގާތް ވާނީ ތިމަންނައެވެ. ހިރަގްލު ދެންނެވިއެވެ: އޭނާ (އަބޫ ސުފްޔާނު) ތިމަންނައާ ކައިރި ކުރާށެވެ. އަދި އޭނާއާއެކު ހުރި މީހުން ވެސް ކައިރިކޮށް، އޭނާގެ ފަހަތަށް ވާގޮތަށް ބައިތިއްބާށެވެ. ދެން ހިރަގްލު އޭނާ ތަރުޖަމާނު ގާތު ދެންނެވިއެވެ: އެބައިމީހުންނަށް ދަންނަވާށެވެ: ހަމަކަށަވަރުން (ނަބީކަމަށް މި ދަޢުވާ ކުރާ) މީހާއާ ބެހޭ ގޮތުން، މީނާ (އަބޫ ސުފްޔާނު) ގާތު ތިމަން ސުވާލު ކުރާނަމެވެ. އަދި އޭނާ ތިމަންނައަށް ދޮގު ހަދައިފި ނަމަ، ތިޔަބައިމީހުން އޭނާ ދޮގު ކުރާށެވެ. (އަބޫ ސުފްޔާނު މި ހާދިސާ ކިޔައިދެއްވަމުން ދެންނެވިއެވެ:) ﷲ ގަންދީ ބުނަމެވެ. އެބައިމީހުން ތިމަން ދޮގުކޮށްފާނެ ކަމުގެ ލަދު ނެތްނަމަ، ނަބިއްޔާއާ ބެހޭ ގޮތުން ތިމަން ދޮގު ހެދީމުސްކަން ކަށަވަރެވެ. ދެން ނަބިއްޔާއާ މެދު ކުރި ފުރަތަމަ ސުވާލުގައި އޭނާ ދެންނެވިއެވެ: ތިޔަބައިމީހުންގެ ތެރޭގައި އެކަލޭގެފާނުގެ ނަސަބުފުޅު ކިހިނެއްތޯއެވެ؟ ތިމަން ދެންނެވީމެވެ: ތިމަންމެންގެ ތެރޭގައި އެކަލޭގެފާނަކީ (ރަނގަޅު) ނަސަބުފުޅެއްގެ ވެރިއެކެވެ. އޭނާ ދެންނެވިއެވެ: ތިޔަބައިމީހުންގެ ތެރެއިން އެކަކުވެސް މިފަދަ ބަހެއް (ދަޢުވާއެއް) އެކަލޭގެފާނުގެ ކުރިން ބުނެފައިވޭތޯއެވެ؟ ތިމަން ދެންނެވީމެވެ: ނޫނެކެވެ. އޭނާ ދެންނެވިއެވެ: އެކަލޭގެފާނުގެ ކާބަފައިންގެ ތެރޭގައި އެއްވެސް ރަސްކަލެއް ވޭތޯއެވެ؟ ތިމަން ދެންނެވީމެވެ: ނޫނެކެވެ. އޭނާ ދެންނެވިއެވެ: އެކަލޭގެފާނަށް ތަބާވަނީ މީސްތަކުން ކުރެ ޝަރަފުވެރި (ބޮޑުންތޯ) ނޫނީ ނިކަމެތިންތޯއެވެ؟ ތިމަން ދެންނެވީމެވެ: ހަމަ މީސްތަކުން ކުރެ ނިކަމެތިންނެވެ. އޭނާ ދެންނެވިއެވެ: އެބައިމީހުން ވަނީ ގިނަތޯ ނޫނީ މަދުތޯއެވެ؟ ތިމަން ދެންނެވީމެވެ: އެބައިމީހުން ވަނީ ހަމަ ގިނައެވެ. އޭނާ ދެންނެވިއެވެ: އެބައިމީހުން ދީނަށް ވަނުމަށް ފަހު، އެ ދީނާމެދު ނުރުހިގެން އެއްވެސް މީހަކު މުރުތައްދުވޭތޯއެވެ؟ ތިމަން ދެންނެވީމެވެ: ނޫނެކެވެ. އޭނާ ދެންނެވިއެވެ: އެ ވާހަކަފުޅުތައް ވިދާޅުވުމުގެ ކުރިން، އެކަލޭގެފާނު އިތުރުފުޅު ހައްދަވާކަމަށް ތިޔަބައިމީހުން ތުހުމަތުކޮށް އުޅުނިންތޯއެވެ؟ ތިމަން ދެންނެވީމެވެ: ނޫނެކެވެ. އޭނާ ދެންނެވިއެވެ: އެކަލޭގެފާނު ޚިޔާނާތްތެރި ވޭތޯއެވެ؟ ތިމަން ދެންނެވީމެވެ: ނޫނެކެވެ. އަދި ތިމަންމެން މި ތިބީ އެކަލޭގެފާނާއެކު ކުރެވިފައިވާ ޞުލްޙައެއްގެ ވަގުތެއްގައެވެ. އޭގައި އެކަލޭގެފާނު ކަންތައް ކުރައްވާނެ ގޮތެއް ތިމަންމެންނަކަށް ނޭނގެއެވެ. އަބޫ ސުފްޔާނު (މި ހާދިސާ ކިޔައިދެއްވަމުން) ދެންނެވިއެވެ: (ނަބިއްޔާއާ ދެކޮޅަށް) މި ނޫން ބަހެއް ބުނާކަށް ތިމަންނައަކަށް ފުރުސަތެއް ނުލިބުނެވެ. އޭނާ ދެންނެވިއެވެ: ތިޔަބައިމީހުން އެކަލޭގެފާނާ ހަނގުރާމަ ކުރިންތޯއެވެ؟ ތިމަން ދެންނެވީމެވެ: އާދޭހެވެ. އޭނާ ދެންނެވިއެވެ: ތިޔަބައިމީހުން އެކަލޭގެފާނާ ކުރި ހަނގުރާމަ ކިހިނެއްތޯއެވެ؟ ތިމަން ދެންނެވީމެވެ: ތިމަންމެންނާ އެކަލޭގެފާނާ ދެމެދު ހަނގުރާމައިގެ ނަތީޖާ ވަނީ ބެހިފައެވެ. ބައެއް ފަހަރު އެކަލޭގެފާނު ކާމިޔާބު ހޯއްދަވައެވެ. އަދި އަނެއްބައި ފަހަރު ތިމަންމެން ކާމިޔާބު ހޯދަމެވެ. އޭނާ ދެންނެވިއެވެ: އެކަލޭގެފާނު ތިޔަބައިމީހުންނަށް އަމުރު ކުރައްވަނީ ކޮންކަމަކަށްތޯއެވެ؟ ތިމަން ދެންނެވީމެވެ: އެކަލޭގެފާނު ވިދާޅުވަނީ: ތިޔަބައިމީހުން ހަމައެކަނި ﷲ އަށް އަޅުކަންކޮށް، އެ އިލާހާ އެއްވެސް ފަރާތަކު ޝަރީކު ނުކުރާށެވެ. އަދި ތިޔަބައިމީހުންގެ ކާބަފައިން ބުނެއުޅުނު ކަންތައް ދޫކުރާށެވެ. އަދި ނަމާދު ކުރުމަށާއި، ތެދުވެރިވުމަށާއި، ޢިއްފަތްތެރިވުމަށާއި، ރަޙިމުގެ ގުޅުން ދެމެހެއްޓެވުމަށް ތިމަންމެންނަށް އަމުރު ކުރައްވައެވެ. ދެން ހިރަގްލު އޭނާގެ ތަރުޖަމާނު ގާތު ދެންނެވިއެވެ: އޭނާ ގާތު ދަންނަވާށެވެ: އެކަލޭގެފާނުގެ ނަސަބުފުޅާ މެދު ތިބާއާ ސުވާލު ކުރީމެވެ. އަދި ތިބާ ދެންނެވީ އެކަލޭގެފާނަކީ ތިޔަބައިމީހުންގެ ތެރޭގައި (ރަނގަޅު) ނަސަބުފުޅެއްގެ ވެރިއެއްކަމަށެވެ. ހަމައެފަދައިން ރަސޫލުން ފޮނުއްވެނީ އެބޭކަލުންގެ ގައުމުގެ (ރަނގަޅު) ނަސަބަކުންނެވެ. އަދި ތިޔަބައިމީހުންގެ ތެރެއިން އެކަކުވެސް މިފަދަ ބަހެއް ކުރިން ބުނިތޯ ސުވާލު ކުރީމެވެ. ތިބާ ދެންނެވީ ނޫނެކެވެ. އެކަލޭގެފާނުގެ ކުރިން މިފަދަ ބަހެއް އެކަކުވެސް ބުނިކަމުގައި ވާނަމަ، އެއީ އެކަލޭގެފާނުގެ ކުރިން ބުނެވުނު ބަހެއްގެ ފަހަތުން ތަބާވާ މީހެއްކަމަށް ތިމަން ބުނީމުހެވެ. އަދި އެކަލޭގެފާނުގެ ކާބަފައިންގެ ތެރޭގައި އެއްވެސް ރަސްކަލެއް ވޭތޯ ސުވާލު ކުރީމެވެ. ތިބާ ދެންނެވީ ނޫނެކެވެ. އެކަލޭގެފާނުގެ ކާބަފައިންގެ ތެރޭގައި ރަސްކަލެއް ވިކަމުގައި ވާނަމަ، އެއީ އެކަލޭގެފާނުގެ ކާބަފައިންގެ ރަސްކަން ހޯދަން އުޅޭ މީހެއްކަމަށް ތިމަން ބުނީމުހެވެ. އަދި އެ ވާހަކަފުޅުތައް ވިދާޅުވުމުގެ ކުރިން، އެކަލޭގެފާނު އިތުރުފުޅު ހައްދަވާކަމަށް ތިޔަބައިމީހުން ތުހުމަތުކޮށް އުޅުނިންތޯ ސުވާލު ކުރީމެވެ. ތިބާ ދެންނެވީ ނޫނެކެވެ. ހަމަކަށަވަރުން އެކަލޭގެފާނު މީސްތަކުންގެ މައްޗަށް އިތުރުފުޅު ނަހައްދަވާ ހިނދު، ﷲއަށް އިތުރުފުޅު ނިސްބަތް ނުކުރައްވާނެކަން ތިމަންނައަށް އެނގެއެވެ. އަދި އެކަލޭގެފާނަށް ތަބާވަނީ މީސްތަކުން ކުރެ ޝަރަފުވެރި (ބޮޑުންތޯ) ނޫނީ ނިކަމެތިންތޯ ސުވާލު ކުރީމެވެ. ތިބާ ދެންނެވީ ތަބާވަނީ ނިކަމެތީންކަމަށެވެ. އެއީ ހަމަ ރަސޫލުންނަށް ތަބާވާ މީހުންނެވެ. އަދި އެބައިމީހުން ވަނީ ގިނަތޯ ނޫނީ މަދުތޯ ސުވާލު ކުރީމެވެ. ތިބާ ދެންނެވީ ގިނަވާކަމަށެވެ. ހަމައެފަދައިން އީމާންކަމުގެ ކަންތައް ފުރިހަމަވުމަށް ދާންދެން ވާނީ އެހެންނެވެ. އަދި އެބައިމީހުން ދީނަށް ވަނުމަށް ފަހު، އެ ދީނާމެދު ނުރުހިގެން އެއްވެސް މީހަކު މުރުތައްދުވޭތޯ ސުވާލު ކުރީމެވެ. ތިބާ ދެންނެވީ ނޫނެކެވެ. ހަމައެފަދައިން އީމާންކަމުގެ އުފާވެރިކަން ހިތާ އެއްވެގެން ދާއިރު ވާނީ އެހެންނެވެ. އަދި އެލޭގެފާނު ޚިޔާނާތްތެރި ވޭތޯ ސުވާލު ކުރީމެވެ. ތިބާ ދެންނެވީ ނޫނެކެވެ. ހަމައެފަދައިން ރަސޫލުން ޚިޔާނާތްތެރިއެއް ނުވާނެއެވެ. އަދި އެކަލޭގެފާނު ތިޔަބައިމީހުންނަށް އަމުރު ކުރައްވަނީ ކޮންކަމަކަށްތޯ ސުވާލު ކުރީމެވެ. ތިބާ ދެންނެވީ އެކަލޭގެފާނު އަމުރު ކުރައްވަނީ ހަމައެކަނި ﷲ އަށް އަޅުކަންކޮށް، އެ އިލާހާ އެއްވެސް ފަރާތަކު ޝަރީކު ނުކުރުމަށެވެ. އަދި ތިޔަބައިމީހުން ބުދުތަކަށް އަޅުކަން ކުރުން އެކަލޭގެފާނު މަނާ ކުރައްވައެވެ. އަދި ނަމާދު ކުރުމަށާއި، ތެދުވެރިވުމަށާއި، ޢިއްފަތްތެރިވުމަށް ތިޔަބައިމީހުންނަށް އަމުރު ކުރައްވައެވެ. ތިބާ ތިޔަ ދަންނަވަނީ ތެދު ކަމުގައި ވަނީނަމަ، ފަހެ ތިމަންނަގެ މި ދެ ފައި އަޅައިގެން ހުރި ތަން (އެބަހީ: އޭނާގެ ރަސްކަން) އެކަލޭގެފާނުގެ އެކަލޭގެފާނުގެ މިލްކުވެރިކަމަށް އަންނާނެއެވެ. އެކަލޭގެފާނު ފާޅުވާނޭކަން ތިމަންނައަށް އެނގުނެވެ. އެކަމަކު އެކަލޭގެފާނު ވާނީ ތިޔަބައިމީހުންގެ ތެރެއިންކަމަށް ތިމަންނަ ހިއެއްނުކުރަމެވެ. އަދި ހަމަކަށަވަރުން އެކަލޭގެފާނު އަރިހަށް ވާސިލުވެވެން ހުރި ނަމަ، އެކަލޭގެފާނާ ބައްދަލު ކުރުމަށް ތިމަން ނުކުތީސްކަން ކަށަވަރެވެ. އަދި އެކަލޭގެފާނުގެ އަރިހުގައި ތިމަން ހުރި ނަމަ، އެކަލޭގެފާނުގެ ދެ ފައިންޕުޅު ތިމަންނަ ދޮވުނީސްކަން ކަށަވަރެވެ. ދެން ރަސޫލު ﷲ ﷺ ގެ ސިޓީފުޅު ގެނައުމަށް ހިރަގްލު އެނގިއެވެ. އެއީ ބުޞްރާގެ ވެރިޔާގެ ގާތަށް ދިޙްޔާ އަލްކަލްބީ ގެންދިޔުމަށް ހަވާލު ކުރެވުނު ސިޓީފުޅެވެ. އެ ސިޓީފުޅު ހިރަގްލުއަށް ދެވުމުން އޭތި ކިޔައިފިއެވެ. އޭގައި ވަނީ މިފަދައިންނެވެ: ﷲ، އައްރަޙްމާން، އައްރަޙީމުގެ އިސްމުފުޅުން (ފަށައިގަންނަމެވެ.) ﷲގެ އަޅާ އަދި ރަސޫލާ މުޙައްމަދުގެފާނުގެ އަރިހުން، ރޫމްގެ ވެރިޔާ ހިރަގްލަށް: ހިދާޔަތަށް ތަބާވެއްޖެ މީހަކަށް ސަލާމް ހުއްޓެވެ. އެއަށްފަހު ދަންނާށެވެ. ހަމަކަށަވަރުން ތިބާ އިސްލާމް ދީނަށް ވަނުމަށް ގޮވާލައްވަމެވެ. އިސްލާމްވާށެވެ. ތިބާ ސަލާމަތް ވާނެއެވެ. ﷲ ތިބާއަށް ދެގުނަ އަޖުރު ދެއްވާނެއެވެ. އަދި ތިބާ ފުރަގަސްދީފި ނަމަ، ފަހެ ހަމަކަށަވަރުން ތިބާގެ ބެލުމުގެ ދަށުގައިވާ މީހުންގެ ފާފަ ވާނީ ތިބާގެ މައްޗަށެވެ. އަދި ❞އޭ ފޮތުގެ އަހުލުވެރިންނޭވެ. އަހަރެމެންގެ މެދުގައި އަދި ތިޔަބައިމީހުންގެ މެދުގައި ހަމަހަމަ އެއްގޮތްވެގެންވާ ބަހަކަށް އަންނާށެވެ. އެއީ ﷲ ފިޔަވައި އެހެން ފަރާތަކަށް ތިމަންމެން އަޅުކަން ނުކުރާނެކަމަށާއި، އެ އިލާހައަށް އެއްވެސް ފަރާތެއް ޝަރީކު ނުކުރާނެކަމަށާއި، އަދި ތިމަންމެންގެ ތެރެއިން އެއްބަޔަކު އަނެއްބަޔަކީ ﷲ ފިޔަވައި ރައްބުންތަކެއްގެ ގޮތުގައި ނުނަގާނެކަމަށެވެ. އަދި އެބައިމީހުން ފުރަގަސްދީފި ނަމަ، ތިޔަބައިމީހުން ބުނާށެވެ: ތިމަންމެންނީ ހަމަކަށަވަރުން މުސްލިމުން ކަމުގައި ތިޔަބައިމީހުން ހެކިވާށެވެ.❝ އަބޫ ސުފްޔާނު ދެންނެވިއެވެ: ދެން ހިރަގްލު އެ ދެންނެވި އެއްޗެއް ދަންނަވައި، އެ ސިޓީފުޅު ކިޔައި ނިމުމަށް ފަހު، އޭނާގެ ގާތު ހަލަބޮލިވުން އިތުރުވެ، އަޑުތައް ގަދަވެއްޖެއެވެ. އަދި ތިމަންމެން އެ ތަނުން ބޭރު ކުރެވި، ތިމަންނައާއެކު ހުރި މީހުން ގާތު ދެންނެވީމެވެ: ހަމަކަށަވަރުން އިބްނު އަބީ ކަބްޝާ (އެބަހީ: މުޙައްމަދުގެފާނުގެ) ކަންތައް ވަރަށްވެސް ބޮޑުވެއްޖެއެވެ. ހަމަކަށަވަރުން ދޮންމީހުންގެ ރަސްގެފާނުވެސް އެކަލޭގެފާނުދެކެ ބިރުގަނެއެވެ. ދެން ނަބިއްޔާ ދާނެކަމުގެ ޔަގީންކަންމަތީ ތިމަން ދެމިހުރީމެވެ. އެއީ ﷲ ތިމަން އިސްލާމް ދީނަށް ވެއްދުމަށް ދާންދެންނެވެ. (މި ރިވާޔަތް ކިޔައިދެއްވުމަށް ފަހު އިމާމު ޒުހްރީ ވުދާޅުވިއެވެ:) އަދި ހިރަގްލުގެ ދަށުން އީލިޔާ ބެލުމަށް ހަވާލުވެ ހުރި އިބްނުއް ނާޡޫރު އުޅުނީ ޝާމްކަރައިގެ ނަޞާރާއިންގެ އިސްވެރިއެއްގެ ގޮތުގައެވެ. އޭނާ ކިޔައިދިނެވެ: ހިރަގްލު އީލިޔާއަށް އަތުވެ، އެއްދުވަހަކު މިޒާޖު ގޯސްވެގެން އުޅުނެވެ. ދެން އޭނާގެ އިސްވެރިންގެ ތެރެއިން ބަޔަކު ދެންނެވިއެވެ: ތިބާއަށް ވެގެން އުޅޭ ގޮތެއް ތިމަންމެންނަކަށް ކަމަކު ނުދެއެވެ. ހިރަގްލުއަކީ ތަރިތަކަށް ބަލައި އުޅުނު ކާހިނެކެވެ. ދެން އެބައިމީހުން އޭނައާ ސުވާލު ކުރުމުން ދެންނެވިއެވެ: ހަމަކަށަވަރުން މިރޭ ތަރިތަކަށް ބެލުމުން، ޚިތާނަކުރި މީހުންގެ ރަސްގެފާނު ފާޅުވިކަމަށް ތިމަންނައަށް ފެނުނެވެ. މިއުޅޭ މީސްތަކުންގެ ތެރެއިން ޚިތާނަކޮށް އުޅެނީ ފަހެ ކޮންބަޔެއްތޯއެވެ؟ އެބައިމީހުން ދެންނެވިއެވެ: ޔަހޫދީން ފިޔަވައި އެހެން ބަޔަކު ޚިތާނަކޮށެއް ނޫޅެއެވެ. އެބައިމީހުންގެ ކަންތަކާމެދު ކަންބޮޑު ނުވާށެވެ. ތިބާގެ ވެރިކަމުގައިވާ ރަށްތަކަށް އަމުރު ފޮނުވާށެވެ. އޭރުން އެ ތަންތަނުގައި ތިބި ޔަހޫދީން އެބައިމީހުން މަރާނެއެވެ. ދެން އެބައިމީހުން އެކަމުގެ މަޝްވަރާ ކުރަނިކޮށް، ޣައްސާނުގެ ވެރިޔާ ފޮނުވި މީހަކު ހިރަގްލުގެ ގާތަށް ގެނެވުނެވެ. އޭނާ ރަސޫލު ﷲ ﷺ ގެ ޚަބަރު ދެއްވިއެވެ. ދެން ހިރަގްލު ދެންނެވިއެވެ: އޭނާ ހުރީ ޚިތާނަކޮށްފަތޯ ނޫންތޯ ގޮސް ބަލާށެވެ. ދެން އެބައިމީހުން އޭނާ ބެލުމަށް ފަހު، ޚިތާނަކޮށްފައި ހުރިކަމަށް ހިރަގްލަށް ދެންނެވިއެވެ. އަދި ޢަރަބީންނާ ބޭހޭ ގޮތުން ހިރަގްލު އޭނައާ ސުވާލު ކުރިއެވެ. އޭނާ ދެންނެވިއެވެ: އެބައިމީހުން ޚިތާނަކޮށް އުޅެއެވެ. ހިރަގްލު ދެންނެވިއެވެ: އެއީ މި މީސްތަކުންގެ ރަސްގެފާނެއެވެ. އޭނާ ފާޅުވެއްޖެކަން ކަށަވަރެވެ. ދެން ރޫމިއްޔާގައި ހުރި ހިރަގްލުގެ އެކުވެރިޔާއަށް އޭނާ ސިޓީ ލިޔުނެވެ. އެއީ ހިރަގްލުއާ އެއްފެންވަރަށް ޢިލްމު ލިބިފައި ހުރި މީހެކެވެ. ދެން ހިރަގްލު ޙިމްޞަށް ގޮސް އޭނާގެ އެކުވެރިޔާގެ ފަރާތުން ސިޓީއެއް އަތުމަށް ދާންދެން އެތާ މަޑުކުރިއެވެ. އެ އެކުވެރިޔާ ވެސް ހިރަގްލުއާ އެއްފަދައިން ނަބިއްޔާ ﷺ ފާޅުވާނެކަމާއި، އެކަލޭގެފާނީ ނަބިއްޔެއް ކަމަށް ދެކުނެވެ. ދެން ޙިމްޞުގައި ހުރި ހިރަގްލުގެ ކިއްލާއަކަށް އައުމަށް ރޫމްގެ އިސްވެރިންނަށް އެނގިއެވެ. އަދި އެ ތަނުގެ ދޮރުތަށް ބަނދު ކުރެވުމަށް އަމުރު ކުރިއެވެ. ދެން ނުކުމެގެން ދެންނެވިއެވެ: އޭ ރޫމްގެ މީސްތަކުންނޭވެ. ތިޔަބައިމީހުން ކާމިޔާބާއި ތެދުމަގު އެދެމުތޯއެވެ؟ އަދި ތިޔަބައިމީހުންގެ ވެރިކަން ދެމިހުރުމަށް އެދެމުތޯއެވެ؟ އެހެން ކަމުގައި ވާނަމަ، މި ނަބިއްޔާއަށް ބައިޢަތު ހިފާށެވެ. ދެން އެބައިމީހުން ކަފިހިއަސްތަކެއް ފަދައިން ދޮރުތަކާ ދިމާލަށް ދުއްވައިގަތެވެ. އެހެނަސް އެބައިމީހުންނަށް ފެނުނީ އެ ދޮރުތަށް ބަނދުކޮށްފައި ވަނިކޮށެވެ. ދެން އެބައިމީހުންގެ ނަފުރަތު ފެނިގެން، އީމާންކަމާމެދު ހިރަގްލު އުންމީދު ކަނޑާލައިފިއެވެ. އަދި ދެންނެވިއެވެ: އެބައިމީހުން އެނބުރި ތިމަން ގާތަށް ގެންނާށެވެ. އެބައިމީހުންނަށް ދެންނެވިއެވެ: ހަމަކަށަވަރުން ދެންމެ މި ބުނި އެއްޗެއް މި ބުނީ ތިޔަބައިމީހުންގެ ދީނުގައި ތިޔަބައިމީހުން ހިފަހައްޓައިގެން ހުރި ވަރު އމްތިޚާނު ކުރުމުގެ ގޮތުންނެވެ. މިހާރު އެކަން ތިމަންނައަށް ފެނިއްޖެއެވެ. ދެން އެބައިމީހުން ހިރަގްލަށް ސަޖިދަކޮށް އޭނާއާމެދު ރުހިއްޖެއެވެ. އަދި އެއީ (އީމާންކަމަށް ގޮވައިލެއްވުމުގައި) ހިރަގްލުގެ (މި) ވާހަކަ ނިމުނު ގޮތެވެ.,b7
صحيح البخاري,8,حَدَّثَنَا عُبَيْدُ اللهِ بْنُ مُوسَى قَالَ: أَخْبَرَنَا حَنْظَلَةُ بْنُ أَبِي سُفْيَانَ، عَنْ عِكْرِمَةَ بْنِ خَالِدٍ، عَنِ ابْنِ عُمَرَ رَضِيَ اللهُ عَنْهُمَا قَالَ: قَالَ رَسُولُ اللهِ ﷺ: بُنِيَ الْإِسْلَامُ عَلَى خَمْسٍ: شَهَادَةِ أَنْ لَا إِلَهَ إِلَّا اللهُ وَأَنَّ مُحَمَّدًا رَسُولُ اللهِ، وَإِقَامِ الصَّلَاةِ، وَإِيتَاءِ الزَّكَاةِ، وَالْحَجِّ، وَصَوْمِ رَمَضَانَ.,އިބްނު ޢުމަރު رَضِيَ اللَّهُ عَنْهُمَا ރިވާ ކުރެއްވިއެވެ: ރަސޫލު ﷲ ﷺ ޙަދީޘް ކުރެއްވިއެވެ: ”އިސްލާމް (ދީން) ބިނާވެގެން ވަނީ ފަސް ކަމެއްގެ މައްޗަށެވެ. އެއީ ﷲ ފިޔަވައި އެހެން އެއްވެސް އިލާހަކު ނުވާކަމަށް ހެކިވުމާއި، ނަމާދު ގާއިމު ކުރުމާއި، (މުދަލު) ޒަކާތް ދިނުމާއި، ގެފުޅަށް ގޮސް ޙައްޖުވުމާއި، ރަމަޟާން މަހުގެ ރޯދަ ހިފުމެވެ.“,b8
صحيح البخاري,8,بُنِيَ الإِسْلامُ عَلَى خَمْسٍ : شَهَادَةِ أَنْ لا إِلَهَ إِلا اللَّهُ وَأَنَّ مُحَمَّدًا رَسُولُ اللَّهِ ، وَإِقَامِ الصَّلاةِ ، وَإِيتَاءِ الزَّكَاةِ ، وَالْحَجِّ ، وَصَوْمِ رَمَضَان,“އިސްލާމްދީން ބިނާވެގެންވަނީ ފަސްކަމެއްގެ މައްޗަށެވެ. އެއީ ﷲ ފިޔަވައި ޙައްގުގޮތުގައި އަޅުކަންވެވޭ އިލާހެއް ނުވާކަމަށް ހެކިވުމާއި ، މުޙައްމަދު ﷺ އީ ﷲ ގެ ރަސޫލާކަމަށް ހެކިވުމާއި ނަމާދު ގާއިމު ކުރުމާއި ޒަކާތް ދިނުމާއި ޙައްޖުވުމާއި އަދި ރަމަޟާންމަހުގެ ރޯދަ ހިފުމެވެ.”,
صحيح البخاري,9,حَدَّثَنَا عَبْدُ اللهِ بْنُ مُحَمَّدٍ، قَالَ: حَدَّثَنَا أَبُو عَامِرٍ الْعَقَدِيُّ، قَالَ: حَدَّثَنَا سُلَيْمَانُ بْنُ بِلَالٍ، عَنْ عَبْدِ اللهِ بْنِ دِينَارٍ، عَنْ أَبِي صَالِحٍ، عَنْ أَبِي هُرَيْرَةَ رَضِيَ اللهُ عَنْهُ، عَنِ النَّبِيِّ ﷺ قَالَ: الْإِيمَانُ بِضْعٌ وَسِتُّونَ شُعْبَةً، وَالْحَيَاءُ شُعْبَةٌ مِنَ الْإِيمَانِ.,އަބޫ ޙުރައިރާ رَضِيَ اللَّهُ عَنْهُ ރިވާ ކުރެއްވިއެވެ: ނަބިއްޔާ ﷺ ޙަދީޘް ކުރެއްވިއެވެ: ”އީމާންކަން، ފަސްދޮޅަސް އެތައް ގޮތްޕަކަށް (އެބަހީ: ބަޔަކަށް) ބެހިގެންވެއެވެ. އަދި ލަދުވެތިކަމަކީ އީމާންކަމުގެ ތެރެއިންވާ ގޮތްޕެކެވެ.“,b9
صحيح البخاري,10,حَدَّثَنَا آدَمُ بْنُ أَبِي إِيَاسٍ، قَالَ: حَدَّثَنَا شُعْبَةُ، عَنْ عَبْدِ اللهِ بْنِ أَبِي السَّفَرِ وَإِسْمَاعِيلَ، عَنِ الشَّعْبِيِّ، عَنْ عَبْدِ اللهِ بْنِ عَمْرٍو رَضِيَ اللهُ عَنْهُمَا، عَنِ النَّبِيِّ ﷺ، قَالَ: الْمُسْلِمُ مَنْ سَلِمَ الْمُسْلِمُونَ مِنْ لِسَانِهِ وَيَدِهِ، وَالْمُهَاجِرُ مَنْ هَجَرَ مَا نَهَى اللهُ عَنْهُ. قَالَ أَبُو عَبْدِ اللهِ: وَقَالَ أَبُو مُعَاوِيَةَ: حَدَّثَنَا دَاوُدُ عَنْ عَامِرٍ قَالَ: سَمِعْتُ عَبْدَ اللهِ، عَنِ النَّبِيِّ ﷺ. وَقَالَ عَبْدُ الْأَعْلَى: عَنْ دَاوُدَ عَنْ عَامِرٍ عَنْ عَبْدِ اللهِ عَنِ النَّبِيِّ ﷺ.,ޢަބްދު ﷲ ބިން ޢަމްރު رَضِيَ اللَّهُ عَنْهُما ރިވާ ކުރެއްވިއެވެ: ނަބިއްޔާ ﷺ ޙަދީޘް ކުރެއްވިއެވެ: ”މުސްލިމަކީ، އެހެން މުސްލިމުން އޭނާގެ ދުލާއި އަތުގެ (ނުބައިކަމުން) ސަލާމަތްކަން ލިބިގެންވާ މީހާއެވެ. އަދި ހިޖުރަ ކުރި މީހަކީ، ﷲ ނަހީ ކުރެއްވި ކަންތައް ދޫކުރި މީހާއެވެ.“,b10
صحيح البخاري,11,حَدَّثَنَا سَعِيدُ بْنُ يَحْيَى بْنِ سَعِيدٍ الْقُرَشِيُّ قَالَ: حَدَّثَنَا أَبِي قَالَ: حَدَّثَنَا أَبُو بُرْدَةَ بْنُ عَبْدِ اللهِ بْنِ أَبِي بُرْدَةَ، عَنْ أَبِي بُرْدَةَ، عَنْ أَبِي مُوسَى رَضِيَ اللهُ عَنْهُ قَالَ: قَالُوا: يَا رَسُولَ اللهِ، أَيُّ الْإِسْلَامِ أَفْضَلُ؟ قَالَ: مَنْ سَلِمَ الْمُسْلِمُونَ مِنْ لِسَانِهِ وَيَدِهِ.,އަބޫ މޫސާ އަލްޢަޝަރީ رَضِيَ اللَّهُ عَنْهُ ރިވާ ކުރެއްވިއެވެ: ބަޔަކު މީހުން ދެންނެވިއެވެ: އޭ ﷲގެ ރަސޫލާއެވެ. އެންމެ ހެޔޮވެގެންވާ އިސްލާމްކަމަކީ ކޮބައިތޯއެވެ؟ ނަބިއްޔާ ޙަދީޘް ކުރެއްވިއެވެ: ”އެހެން މުސްލިމުން، އެ މީހެއްގެ ދުލާއި އަތުގެ (ނުބައިކަމުން) ސަލާމަތްކަން ލިބިގެންވާ މީހާ (ގެ އިސްލާމްކަމެވެ).“,b11
صحيح البخاري,12,حَدَّثَنَا عَمْرُو بْنُ خَالِدٍ قَالَ: حَدَّثَنَا اللَّيْثُ، عَنْ يَزِيدَ، عَنْ أَبِي الْخَيْرِ، عَنْ عَبْدِ اللهِ بْنِ عَمْرٍو رَضِيَ اللهُ عَنْهُمَا: أَنَّ رَجُلًا سَأَلَ النَّبِيَّ ﷺ: أَيُّ الْإِسْلَامِ خَيْرٌ؟ قَالَ: تُطْعِمُ الطَّعَامَ، وَتَقْرَأُ السَّلَامَ عَلَى مَنْ عَرَفْتَ وَمَنْ لَمْ تَعْرِفْ.,"ޢަބްދު ﷲ ބިން ޢަމްރު رَضِيَ اللَّهُ عَنْهُما ރިވާ ކުރެއްވިއެވެ: ނަބިއްޔާ ﷺ އަރިހު މީހަކު ސުވާލު ކުރެއްވިއެވެ: އިސްލާމްކަމުގައި އެންމެ ހެޔޮވެގެންވަނީ ކޮންކަމެއްތޯއެވެ؟ ނަބިއްޔާ ޙަދީޘް ކުރެއްވިއެވެ: ”ތިބާ (އެހެން މީހުންނަށް) ކާން ދިނުމެވެ. އަދި ތިބާ ދަންނަ މީހުންނަށާއި ނުދަންނަ މީހުންނަށް ސަލާން ދިނުމެވެ.“
//
އެންމެ ހެޔޮމުސްލިމަކީ ކޮބައިތޯއެވެ؟ އިތުރު އެކަލޭގެފާނު ޙަދީޘްކުރެއްވިއެވެ. އޭނާ މިސްކީނުންނަށް ކާންދިނުމެއެވެ. އަދި ދަންނަ މީހުންނަށާއި، ،ނުދަންނަ މީހުންނަށް ސަލާމުކުރުމެވެ.",b12
صحيح البخاري,13,حَدَّثَنَا مُسَدَّدٌ قَالَ: حَدَّثَنَا يَحْيَى، عَنْ شُعْبَةَ، عَنْ قَتَادَةَ، عَنْ أَنَسٍ رَضِيَ اللهُ عَنْهُ، عَنِ النَّبِيِّ ﷺ. وَعَنْ حُسَيْنٍ الْمُعَلِّمِ قَالَ: حَدَّثَنَا قَتَادَةُ، عَنْ أَنَسٍ، عَنِ النَّبِيِّ ﷺ قَالَ: لَا يُؤْمِنُ أَحَدُكُمْ حَتَّى يُحِبَّ لِأَخِيهِ مَا يُحِبُّ لِنَفْسِهِ.,އަނަސް ރިވާ ކުރެއްވިއެވެ: ނަބިއްޔާ ﷺ ޙަދީޘް ކުރެއްވިއެވެ: ”ތިބާގެ އަމިއްލަ ނަފްސަށް ލޯބި ކުރާ ކަންތައް ތިބާގެ އަޚާއަށް ވެސް ލިބުމަށް ލޯބިކޮށްފުމަށް ދާންދެން، ތިޔަބައިމީހުންގެ ތެރެއިން އެކަކުވެސް (ޙަގީގީ ފުރިހަމަ ގޮތުގައި) އީމާންވީ ކަމުގައެއް ނުވާނެއެވެ.“,b13
صحيح البخاري,14,حَدَّثَنَا أَبُو الْيَمَانِ قَالَ: أَخْبَرَنَا شُعَيْبٌ قَالَ: حَدَّثَنَا أَبُو الزِّنَادِ، عَنِ الْأَعْرَجِ، عَنْ أَبِي هُرَيْرَةَ رَضِيَ اللهُ عَنْهُ: أَنَّ رَسُولَ اللهِ ﷺ قَالَ: فَوَالَّذِي نَفْسِي بِيَدِهِ لَا يُؤْمِنُ أَحَدُكُمْ حَتَّى أَكُونَ أَحَبَّ إِلَيْهِ مِنْ وَالِدِهِ وَوَلَدِهِ.,އަބޫ ހުރައިރާ رَضِيَ اللَّهُ عَنْهُ ރިވާ ކުރެއްވިއެވެ: ރަސޫލު ﷲ ﷺ ޙަދީޘް ކުރެއްވިއެވެ: ”ތިމަން ނަބިއްޔާގެ ނަފްސުފުޅު އެ ފަރާތެއްގެ އަތްޕުޅުގައިވާ ފަރާތް ގަންދީ ބުނަމެވެ. އެ މީހެއްގެ މައިންބަފައިންނާއި ދަރިންނަށްވުރެ ބޮޑަށް ތިމަން ނަބިއްޔާ ދެކެ ލޯބިކޮށްފުމަށް ދާންދެން، ތިޔަބައިމީހުންގެ ތެރެއިން އެކަކުވެސް (ޙަގީގީ ފުރިހަމަ ގޮތުގައި) އީމާންވީ ކަމުގައެއް ނުވާނެއެވެ.“,--
صحيح البخاري,15,حَدَّثَنَا يَعْقُوبُ بْنُ إِبْرَاهِيمَ قَالَ: حَدَّثَنَا ابْنُ عُلَيَّةَ، عَنْ عَبْدِ الْعَزِيزِ بْنِ صُهَيْبٍ، عَنْ أَنَسٍ، عَنِ النَّبِيِّ ﷺ (ح). وَحَدَّثَنَا آدَمُ قَالَ: حَدَّثَنَا شُعْبَةُ، عَنْ قَتَادَةَ، عَنْ أَنَسٍ قَالَ: قَالَ النَّبِيُّ ﷺ: لَا يُؤْمِنُ أَحَدُكُمْ حَتَّى أَكُونَ أَحَبَّ إِلَيْهِ مِنْ وَالِدِهِ وَوَلَدِهِ وَالنَّاسِ أَجْمَعِينَ.,އަނަސް ރިވާ ކުރެއްވިއެވެ: ނަބިއްޔާ ﷺ ޙަދީޘް ކުރެއްވިއެވެ: ”ތިޔަބައިމީހުންގެ ތެރެއިން އެ މީހެއްގެ ދަރިންނަށާއި، މައިންބަފައިންނަށާއި، އެންމެހާ މީސްތަކުންނަށް ވުރެ، ތިމަން ރަސޫލާ ދެކެ ލޯބިވެއްޖައުމަށް ދާންދެން، އެ މީހަކު (ފުރިހަމައަށް) އީމާންވެގެން ނުވެއެވެ.“,b15
صحيح البخاري,15,لَا يُؤْمِنُ أحَدُكُمْ، حتَّى أكُونَ أحَبَّ إلَيْهِ مِن والِدِهِ ووَلَدِهِ والنَّاسِ أجْمَعِينَ.,ތިޔަބައިމީހުންގެ ތެރެއިން މީހަކު އޭނާގެ މައިންބަފައިންނާއި ދަރިންނާއި އެހެންމެހާ މީސަތަކުންނަށްވުރެ ބޮޑަށް ތިމަންކަލޭގެފާނަށް ލޯބިކޮށްފުމަށްދާންދެން އީމާންވިކަމުގައިނުވެއެވެ.,
صحيح البخاري,16,حَدَّثَنَا مُحَمَّدُ بْنُ الْمُثَنَّى قَالَ: حَدَّثَنَا عَبْدُ الْوَهَّابِ الثَّقَفِيُّ قَالَ: حَدَّثَنَا أَيُّوبُ، عَنْ أَبِي قِلَابَةَ، عَنْ أَنَسٍ، عَنِ النَّبِيِّ ﷺ قَالَ: ثَلَاثٌ مَنْ كُنَّ فِيهِ وَجَدَ حَلَاوَةَ الْإِيمَانِ: أَنْ يَكُونَ اللهُ وَرَسُولُهُ أَحَبَّ إِلَيْهِ مِمَّا سِوَاهُمَا، وَأَنْ يُحِبَّ الْمَرْءَ لَا يُحِبُّهُ إِلَّا لِلهِ، وَأَنْ يَكْرَهَ أَنْ يَعُودَ فِي الْكُفْرِ كَمَا يَكْرَهُ أَنْ يُقْذَفَ فِي النَّارِ.,އަނަސް ރިވާ ކުރެއްވިއެވެ: ނަބިއްޔާ ﷺ ޙަދީޘް ކުރެއްވިއެވެ: ”އެ މީހެއްގެ ކިބައިގައި ތިން (ސިފައެއް) ހުރެއްޖެ މީހަކަށް އީމާންކަމުގެ ފޮނިކަން (އެބަހީ: އުފާވެރިކަން) ލިބޭނެއެވެ. އެއީ އެހެން ހުރިހާ ކަމަކަށްވުރެ ބޮޑަށް ﷲ އާއި އެ އިލާހުގެ ރަސޫލާ ދެކެ ލޯބިވުމެވެ. އަދި އޭނާ މީހަކު ދެކެ ލޯބި ވާއިރު، ހަމައެކަނި ﷲ އަށްޓަކައި އެ މީހަކު ދެކެ ލޯބިވުމެވެ. އަދި އޭނާ އަލިފާންގަނޑަކަށް އެއްލައިލެވެން ނަފުރަތު ކުރާ ފަދައިން، ކުފުރަށް އެނބުރި ދިޔުމަށް ނަފުރަތު ކުރުމެވެ.“,b16
صحيح البخاري,17,حَدَّثَنَا أَبُو الْوَلِيدِ قَالَ: حَدَّثَنَا شُعْبَةُ قَالَ: أَخْبَرَنِي عَبْدُ اللهِ بْنُ عَبْدِ اللهِ بْنِ جَبْرٍ قَالَ: سَمِعْتُ أَنَسًا، عَنِ النَّبِيِّ ﷺ قَالَ: آيَةُ الْإِيمَانِ حُبُّ الْأَنْصَارِ، وَآيَةُ النِّفَاقِ بُغْضُ الْأَنْصَارِ.,އަނަސް ރިވާ ކުރެއްވިއެވެ: ނަބިއްޔާ ﷺ ޙަދީޘް ކުރެއްވިއެވެ: ”އީމާންކަމުގެ އަލާމާތަކީ އަންޞާރުން ދެކެ ލޯބިވުމެވެ. އަދި މުނާފިގުކަމުގެ އަލާމާތަކީ އަންޞާރުން ދެކެ ނަފުރަތު ކުރުމެވެ.“,b17
صحيح البخاري,18,حَدَّثَنَا أَبُو الْيَمَانِ قَالَ: أَخْبَرَنَا شُعَيْبٌ، عَنِ الزُّهْرِيِّ قَالَ: أَخْبَرَنِي أَبُو إِدْرِيسَ عَائِذُ اللهِ بْنُ عَبْدِ اللهِ: أَنَّ عُبَادَةَ بْنَ الصَّامِتِ رَضِيَ اللهُ عَنْهُ، وَكَانَ شَهِدَ بَدْرًا، وَهُوَ أَحَدُ النُّقَبَاءِ لَيْلَةَ الْعَقَبَةِ: أَنَّ رَسُولَ اللهِ ﷺ قَالَ، وَحَوْلَهُ عِصَابَةٌ مِنْ أَصْحَابِهِ: بَايِعُونِي عَلَى أَنْ لَا تُشْرِكُوا بِاللهِ شَيْئًا، وَلَا تَسْرِقُوا، وَلَا تَزْنُوا، وَلَا تَقْتُلُوا أَوْلَادَكُمْ، وَلَا تَأْتُوا بِبُهْتَانٍ تَفْتَرُونَهُ بَيْنَ أَيْدِيكُمْ وَأَرْجُلِكُمْ، وَلَا تَعْصُوا فِي مَعْرُوفٍ، فَمَنْ وَفَّى مِنْكُمْ فَأَجْرُهُ عَلَى اللهِ، وَمَنْ أَصَابَ مِنْ ذَلِكَ شَيْئًا فَعُوقِبَ فِي الدُّنْيَا فَهُوَ كَفَّارَةٌ لَهُ، وَمَنْ أَصَابَ مِنْ ذَلِكَ شَيْئًا ثُمَّ سَتَرَهُ اللهُ فَهُوَ إِلَى اللهِ، إِنْ شَاءَ عَفَا عَنْهُ وَإِنْ شَاءَ عَاقَبَهُ. فَبَايَعْنَاهُ عَلَى ذَلِكَ.,ބަދުރުގެ ހަނގުރާމައާއި، ބައިޢަތުލް ޢަގަބާގެ ރޭގެ ވަފުދުގައި ބައިވެރިވެލެއްވި ޢުބާދާ ބިން ޞާމިތު رَضِيَ اللَّهُ عَنْهُ ރިވާ ކުރެއްވިއެވެ: ރަސޫލު ﷲ ﷺ ވަށައިގެން ޞަޙާބީންގެ ޖަމާއަތަކު ވަނިކޮށް ޙަދީޘް ކުރެއްވިއެވެ: ”ތިޔަބައިމީހުން ﷲ އަށް އަޅުކަމުގައި އެއްވެސް ފަރާތެއް ބައިވެރި ނުކުރާނެކަމަށާއި، ވައްކަން ނުކުރާނެކަމަށާއި، ޒިނޭ ނުކުރާނެކަމަށާއި، ތިޔަބައިމީހުންގެ ދަރީން ނުމަރާނެކަމަށާއި، ތިޔަބައިމީހުން އަތުންފައިން ބުހުތާނު ދޮގު (މީހުންނަށް ނިސްބަތްކޮށް) ނަހަދާނެކަމަށާއި، އެއްވެސް ހެޔޮ ކަމެއްގައި އުރެދިނުގަންނާނެކަމަށް، ތިޔަބައިމީހުން ތިމަން ނަބިއްޔާއަށް ބައިޢަތު ހިފާށެވެ. އަދި (ބައިޢަތަށް) ވަފާތެރިވެއްޖެ މީހަކަށް އަޖުރު ދެއްވާނީ ﷲ އެވެ. އަދި އޭގެ ތެރެއިން ކަމަކަށް އަރައިގަނެވި، ދުނިޔެ މަތީގައި ޢުގޫބާތް ދެވިއްޖެ ނަމަ، ފަހެ އެ ވާނީ އެ މީހަކަށްވާ ކައްފާރައަކަށެވެ. އަދި އެއިން ކަމަކަށް އަރައިގަނެވި، ﷲ އޭނާއަށް އެކަން ފޮރުވައިދެއްވައިފި ނަމަ، ފަހެ އޭނާގެ ކަންތައް ވާނީ ﷲ އަށެވެ. (އެބަހީ: އެ އިލާހުގެ އިރާދަފުޅުގެ ދަށުންނެވެ.) އިރާދަ ކުރައްވައިފި ނަމަ އޭނާއަށް ޢަފޫކޮށްދެއްވާނެއެވެ. އަދި އިރާދަ ކުރައްވައިފި ނަމަ އޭނާއަށް އަޒާބު ދެއްވާނެއެވެ.“ ދެން އެ ގޮތުގެ މަތީން ތިމަންމެން ނަބިއްޔާއަށް ބައިޢަތު ހިފީމެވެ.,b18
صحيح البخاري,19,حَدَّثَنَا عَبْدُ اللهِ بْنُ مَسْلَمَةَ، عَنْ مَالِكٍ، عَنْ عَبْدِ الرَّحْمَنِ بْنِ عَبْدِ اللهِ بْنِ عَبْدِ الرَّحْمَنِ بْنِ أَبِي صَعْصَعَةَ، عَنْ أَبِيهِ، عَنْ أَبِي سَعِيدٍ الْخُدْرِيِّ أَنَّهُ قَالَ: قَالَ رَسُولُ اللهِ ﷺ: يُوشِكُ أَنْ يَكُونَ خَيْرَ مَالِ الْمُسْلِمِ غَنَمٌ يَتْبَعُ بِهَا شَعَفَ الْجِبَالِ وَمَوَاقِعَ الْقَطْرِ، يَفِرُّ بِدِينِهِ مِنَ الْفِتَنِ.,އަބޫ ސައީދު އަލްޚުދްރީ ރިވާ ކުރެއްވިއެވެ: ރަސޫލު ﷲ ﷺ ޙަދީޘް ކުރެއްވިއެވެ: ”މުސްލިމެއްގެ އެންމެ ހެޔޮ މުދަލަކީ ބަކަރި ކަމުގައިވުން ގާތްވެއްޖެއެވެ. އެ ބަކަރިތައް ފަހަތުން ފަރުބަދަ މައްޗަށާއި ވާރޭ ލިބޭ ވާދީތަކަށް އޭނާ ދާނެއެވެ. އެއީ އޭނާގެ ދީން ސަލާމަތް ކުރުމުގެ ގޮތުން ފިތުނަތަކުން ފިލުމަށްޓަކައެވެ.“,b19
صحيح البخاري,20,حَدَّثَنَا مُحَمَّدُ بْنُ سَلَّامٍ قَالَ: أَخْبَرَنَا عَبْدَةُ، عَنْ هِشَامٍ، عَنْ أَبِيهِ، عَنْ عَائِشَةَ قَالَتْ: كَانَ رَسُولُ اللهِ ﷺ إِذَا أَمَرَهُمْ أَمَرَهُمْ مِنَ الْأَعْمَالِ بِمَا يُطِيقُونَ، قَالُوا: إِنَّا لَسْنَا كَهَيْئَتِكَ يَا رَسُولَ اللهِ، إِنَّ اللهَ قَدْ غَفَرَ لَكَ مَا تَقَدَّمَ مِنْ ذَنْبِكَ وَمَا تَأَخَّرَ، فَيَغْضَبُ حَتَّى يُعْرَفَ الْغَضَبُ فِي وَجْهِهِ، ثُمَّ يَقُولُ: إِنَّ أَتْقَاكُمْ وَأَعْلَمَكُمْ بِاللهِ أَنَا.,ޢާއިޝާ ރިވާ ކުރެއްވިއެވެ: ރަސޫލު ﷲ ﷺ މީސްތަކުންނަށް ކަމަކު އަމުރު ކުރައްވާ ނަމަ، އަމުރު ކުރައްވަނީ އެބައިމީހުންނަށް ކުރެވޭ ވަރުގެ ކަންކަން ކުރުމަށެވެ. އެބައިމީހުން ދެންނެވިއެވެ: އޭ ﷲގެ ރަސޫލާއެވެ. ތިމަންމެންނީ އިބަ ނަބިއްޔާއާ އެއްފަދަ ބަޔަކީމެއް ނޫނެވެ. ހަމަކަށަވަރުން އިބަ ނަބިއްޔާގެ އިސްވެދިޔަ ފާފަތަކާއި، ފަހުން އަންނާނެ ފާފަތައް ﷲ ވަނީ ފުއްސަވާފައެވެ. ދެން ނަބިއްޔާ ކޯފާވެވަޑައިގެން، މޫނުފުޅުން ކޯފާވެވަޑައިގަތްކަން ފެންނަން ހުއްޓެވެ. އެއަށްފަހު ޙަދީޘް ކުރެއްވިއެވެ: ”ހަމަކަށަވަރުން ތިޔަބައިމީހުންގެ ތެރެއިން އެންމެ ތަގުވާވެރިވަނީ އަދި ﷲ އެންމެ ބޮޑަށް ދެނެވަޑައިގެންވަނީ ތިމަން ނަބިއްޔާއެވެ.“,b20
صحيح البخاري,21,حَدَّثَنَا سُلَيْمَانُ بْنُ حَرْبٍ قَالَ: حَدَّثَنَا شُعْبَةُ، عَنْ قَتَادَةَ، عَنْ أَنَسٍ رَضِيَ اللهُ عَنْهُ، عَنِ النَّبِيِّ ﷺ قَالَ: ثَلَاثٌ مَنْ كُنَّ فِيهِ وَجَدَ حَلَاوَةَ الْإِيمَانِ: مَنْ كَانَ اللهُ وَرَسُولُهُ أَحَبَّ إِلَيْهِ مِمَّا سِوَاهُمَا، وَمَنْ أَحَبَّ عَبْدًا لَا يُحِبُّهُ إِلَّا لِلهِ، وَمَنْ يَكْرَهُ أَنْ يَعُودَ فِي الْكُفْرِ - بَعْدَ إِذْ أَنْقَذَهُ اللهُ - كَمَا يَكْرَهُ أَنْ يُلْقَى فِي النَّارِ.,އަނަސް رَضِيَ اللَّهُ عَنْهُ ރިވާ ކުރެއްވިއެވެ: ނަބިއްޔާ ﷺ ޙަދީޘް ކުރެއްވިއެވެ: ”އެ މީހެއްގެ ކިބައިގައި ތިން (ސިފައެއް) ހުރެއްޖެ މީހަކަށް އީމާންކަމުގެ ފޮނިކަން (އެބަހީ: އުފާވެރިކަން) ލިބޭނެއެވެ. އެއީ އެހެން ހުރިހާ ކަމަކަށްވުރެ ބޮޑަށް ﷲ އާއި އެ އިލާހުގެ ރަސޫލާ ދެކެ ލޯބިވުމެވެ. އަދި އޭނާ އަޅަކު ދެކެ ލޯބި ވާއިރު، ހަމައެކަނި ﷲ އަށްޓަކައި އެ މީހަކު ދެކެ ލޯބިވުމެވެ. އަދި އޭނާ އަލިފާންގަނޑަކަށް އެއްލައިލެވެން ނަފުރަތު ކުރާ ފަދައިން، ﷲ އޭނާ ސަލާމަތް ކުރުމަށް ފަހު ކުފުރަށް އެނބުރި ދިޔުމަށް އޭނާ ނަފުރަތު ކުރުމެވެ.“,b16
صحيح البخاري,22,حَدَّثَنَا إِسْمَاعِيلُ قَالَ: حَدَّثَنِي مَالِكٌ، عَنْ عَمْرِو بْنِ يَحْيَى الْمَازِنِيِّ، عَنْ أَبِيهِ، عَنْ أَبِي سَعِيدٍ الْخُدْرِيِّ رَضِيَ اللهُ عَنْهُ، عَنِ النَّبِيِّ ﷺ قَالَ: يَدْخُلُ أَهْلُ الْجَنَّةِ الْجَنَّةَ، وَأَهْلُ النَّارِ النَّارَ، ثُمَّ يَقُولُ اللهُ تَعَالَى: أَخْرِجُوا مِنَ النَّارِ مَنْ كَانَ فِي قَلْبِهِ مِثْقَالُ حَبَّةٍ مِنْ خَرْدَلٍ مِنْ إِيمَانٍ. فَيَخْرُجُونَ مِنْهَا قَدِ اسْوَدُّوا، فَيُلْقَوْنَ فِي نَهَرِ الْحَيَا أَوِ الْحَيَاةِ - شَكَّ مَالِكٌ - فَيَنْبُتُونَ كَمَا تَنْبُتُ الْحِبَّةُ فِي جَانِبِ السَّيْلِ، أَلَمْ تَرَ أَنَّهَا تَخْرُجُ صَفْرَاءَ مُلْتَوِيَةً قَالَ وُهَيْبٌ: حَدَّثَنَا عَمْرٌو: الْحَيَاةِ، وَقَالَ: خَرْدَلٍ مِنْ خَيْرٍ.,އަބޫ ސައީދު އަލްޚުދްރީ رَضِيَ اللَّهُ عَنْهُ ރިވާ ކުރެއްވިއެވެ: ނަބިއްޔާ ﷺ ޙަދީޘް ކުރެއްވިއެވެ: ”ސުވަރުގޭގެ އަހުލުވެރިން ސުވުރުގެއަށް ވަންނާނެއެވެ. އަދި ނަރަކައިގެ އަހުލުވެރިން ނަރަކައަށް ވަންނާނެއެވެ. ދެން ﷲ ތަޢާލާ ވަހީ ކުރައްވާނެއެވެ: އެ މީހެއްގެ ހިތުގައި ރެވިއޮށްޓަރެއްގެ ބަރުދަންހައި އީމާންކަން ހުރެއްޖެ މީހާ ނަރަކައިން ނެރޭށެވެ. ދެން އެބައިމީހުން އެ ތަނުން ނެރެވޭނެއެވެ. އެބައިމީހުން ވާނީ އަނދާ ކަޅުވެފައެވެ. ދެން އެބައިމީހުން ހަޔާތުގެ ކޯރަށް އެއްލާލެވޭނެއެވެ. އަދި ކޯރެއްގެ އައްސޭރީގައި އޮށް ފަޅާ ނުކުމެ ހެދިބޮޑުވާ ފަދައިން އެބައިމީހުން ވެސް ފަޅާ ނުކުމެ ހެދިބޮޑުވާނެއެވެ. (އެ ގޮތަށް) އޮށުން (ގަސް ފަޅާ އިރު) ރީނދުވެ ލެނބިފާހުއްޓައި ނުކުންނަ ތަން ތިޔަބައިމިހުން ނުދެކެމުތޯއެވެ؟“,b22
صحيح البخاري,23,حَدَّثَنَا مُحَمَّدُ بْنُ عُبَيْدِ اللهِ قَالَ: حَدَّثَنَا إِبْرَاهِيمُ بْنُ سَعْدٍ، عَنْ صَالِحٍ، عَنِ ابْنِ شِهَابٍ، عَنْ أَبِي أُمَامَةَ بْنِ سَهْلِ بْنِ حُنَيْفٍ: أَنَّهُ سَمِعَ أَبَا سَعِيدٍ الْخُدْرِيَّ يَقُولُ: قَالَ رَسُولُ اللهِ ﷺ: بَيْنَا أَنَا نَائِمٌ، رَأَيْتُ النَّاسَ يُعْرَضُونَ عَلَيَّ وَعَلَيْهِمْ قُمُصٌ، مِنْهَا مَا يَبْلُغُ الثُّدِيَّ، وَمِنْهَا مَا دُونَ ذَلِكَ، وَعُرِضَ عَلَيَّ عُمَرُ بْنُ الْخَطَّابِ وَعَلَيْهِ قَمِيصٌ يَجُرُّهُ. قَالُوا: فَمَا أَوَّلْتَ ذَلِكَ يَا رَسُولَ اللهِ؟ قَالَ: الدِّينَ.,އަބޫ ސައީދު އަލްޚުދްރީ ރިވާ ކުރެއްވިއެވެ: ރަސޫލު ﷲ ﷺ ޙަދީޘް ކުރެއްވިއެވެ: ”އަވަހާރަފުޅު ލައްޕަވަނިކޮށް (ހުވަފެންފުޅެއްގައި) ތިމަން ނަބިއްޔާއަށް ގަމީސް ލައިގެން ތިބި ބަޔަކު ދެއްކެވުނެވެ. އެއްބަޔެއްގެ މެއާ ހިސާބަށް އެ ގަމީސްތައް ފޯރިއެވެ. އަދި އަނެއް ބަޔަކަށް އެއަށްވުރެ ތިރިއަށް އެ ގަމީސްތައް ފޯރިއެވެ. އަދި ޢުމަރު ބިން އަލްޚައްޠާބު ތިމަން ނަބިއްޔާއަށް ދެއްކެވުނެވެ. އެކަލޭގެފާނުގެ ގައިކޮޅުގައިވާ ގަމީސް (ދިގުކަމުން އޭތި) ގެންދިޔައީ ދަމަމުންނެވެ.“ މީސްތަކުން ދެންނެވިއެވެ: އޭ ﷲގެ ރަސޫލާއެވެ. އިބަ ނަބިއްޔާ އެ މާނަ ކުރައްވަނީ ކިހިނަކުންތޯއެވެ؟ ނަބިއްޔާ ޙަދީޘް ކުރެއްވިއެވެ: ”(އެއީ) ދީނެވެ.“,b23
صحيح البخاري,24,حَدَّثَنَا عَبْدُ اللهِ بْنُ يُوسُفَ قَالَ: أَخْبَرَنَا مَالِكُ بْنُ أَنَسٍ، عَنِ ابْنِ شِهَابٍ، عَنْ سَالِمِ بْنِ عَبْدِ اللهِ، عَنْ أَبِيهِ: أَنَّ رَسُولَ اللهِ ﷺ مَرَّ عَلَى رَجُلٍ مِنَ الْأَنْصَارِ وَهُوَ يَعِظُ أَخَاهُ فِي الْحَيَاءِ، فَقَالَ رَسُولُ اللهِ ﷺ: دَعْهُ فَإِنَّ الْحَيَاءَ مِنَ الْإِيمَانِ.,ޢަބްދު ﷲ ބިން ޢުމަރު ރިވާ ކުރެއްވިއެވެ: އަންޞާރުންގެ މީހަކު، އޭނާގެ އަޚާ ލަދުވެތި ވާތީ އެކަމާ (ދެކޮޅަށް) ވާހަކަ ދައްކަނިކޮށް، ރަސޫލު ﷲ ﷺ އެބައިމީހުން ކައިރިންލާފައި ވަޑައިގަތެވެ. ދެން ރަސޫލު ﷲ ﷺ ޙަދީޘް ކުރެއްވިއެވެ: ”އޭނާ (އެ ގޮތް މަތީ) ދޫކޮށްލާށެވެ. އެހެނީ ހަމަކަށަވަރުން ލަދުވެތިކަމަކީ އީމާންކަމުގެ ތެރެއިންވާ ކަމެކެވެ.“,b24
صحيح البخاري,25,حَدَّثَنَا عَبْدُ اللهِ بْنُ مُحَمَّدٍ الْمُسْنَدِيُّ قَالَ: حَدَّثَنَا أَبُو رَوْحٍ الْحَرَمِيُّ بْنُ عُمَارَةَ قَالَ: حَدَّثَنَا شُعْبَةُ، عَنْ وَاقِدِ بْنِ مُحَمَّدٍ قَالَ: سَمِعْتُ أَبِي يُحَدِّثُ عَنِ ابْنِ عُمَرَ: أَنَّ رَسُولَ اللهِ ﷺ قَالَ: أُمِرْتُ أَنْ أُقَاتِلَ النَّاسَ حَتَّى يَشْهَدُوا أَنْ لَا إِلَهَ إِلَّا اللهُ وَأَنَّ مُحَمَّدًا رَسُولُ اللهِ، وَيُقِيمُوا الصَّلَاةَ وَيُؤْتُوا الزَّكَاةَ، فَإِذَا فَعَلُوا ذَلِكَ عَصَمُوا مِنِّي دِمَاءَهُمْ وَأَمْوَالَهُمْ إِلَّا بِحَقِّ الْإِسْلَامِ، وَحِسَابُهُمْ عَلَى اللهِ.,އިބްނު ޢުމަރު ރިވާ ކުރެއްވިއެވެ: ރަސޫލު ﷲ ﷺ ޙަދީޘް ކުރެއްވިއެވެ: ”ﷲ ފިޔަވައި އެހެން އެއްވެސް އިލާހަކު ނުވާކަމަށާއި، މުޙައްމަދުގެފާނީ ﷲގެ ރަސޫލާކަމަށް ހެކިވެ، އަދި ނަމާދު ގާއިމުކޮށް، (މުދަލު) ޒަކާތް ދީފުމަށް ދާންދެން، މީސްތަކުންނާ ހަނގުރާމަ ކުރުމަށް ތިމަން ނަބިއްޔާއަށް ވަނީ އަމުރުވެވިގެންނެވެ. ފަހެ އެބައިމީހުން އެ ފަދައިން އަމަލުކޮށްފި ނަމަ، އެބައިމީހުންގެ ލެޔާއި މުދާ ތިމަން ނަބިއްޔާގެ ކިބައިން ރައްކާތެރިކޮށް ސަލާމަތްކޮށްފިއެވެ. އެއީ އިސްލާމް ދީނުގެ ޙައްގުގައި (އެބަހީ: ޝަރީޢަތާ އެއްގޮތަށް ގާއިމު ކުރެވޭ ޙައްދެއްގައި) މެނުވީއެވެ. އަދި އެބައިމީހުންގެ ހިސާބު ބެއްލެވުން ވަނީ ﷲ އަށެވެ.“,b25
صحيح البخاري,25,"""أَنَّ رَسُولَ اللَّهِ صَلَّى اللهُ عَلَيْهِ وَسَلَّمَ قَالَ:«أُمِرْتُ أَنْ أُقَاتِلَ النَّاسَ حَتَّى يَشْهَدُوا أَنْ لاَ إِلَهَ إِلَّا اللَّهُ، وَأَنَّ مُحَمَّدًا رَسُولُ اللَّهِ، وَيُقِيمُوا الصَّلاَةَ، وَيُؤْتُوا الزَّكَاةَ، فَإِذَا فَعَلُوا ذَلِكَ عَصَمُوا مِنِّي دِمَاءَهُمْ وَأَمْوَالَهُمْ إِلَّا بِحَقِّ الإِسْلاَمِ، وَحِسَابُهُمْ عَلَى اللَّهِ»""","ނަބިއްޔާ ޞައްލަﷲ ޢަލައިހި ވަސައްލަމަ ޙަދީޘް ކުރެއްވިއެވެ. ""ﷲ ފިޔަވައި އެހެން އިލާހަކު ނުވާކަމަށާއި، މުޙައްމަދުގެފާނީ ﷲގެ ރަސޫލާކަމަށް ހެކިވެ، ނަމާދު ގާއިމުކޮށް، ޒަކާތް ދީފުމަށްދާނދެން، މީސްތަކުންނާއި ހަނގުރާމަކުރުމަށް ތިމަންކަލޭގެފާނަށް އަމުރުކުރެވުނެވެ. ފަހެ، އެބައިމީހުން އެކަންތައްތައް ކޮށްފިކަމުގައިވާނަމަ އެބައިމީހުންގެ މުދަލާއި ލޭ ތިމަން ކަލޭގެފާނުގެ ކިބައިން އެބައިމީހުން ރައްކާތެރިކޮށްފިއެވެ. އިސްލާމްކަމުގެ ޙައްގުގައި މެނުވީ (އެތަކެތި) ރައްކާތެރި ނުވެއެވެ. އަދި އެބައިމީހުންގެ ޙިސާބުބެއްލެވުންވަނީ ﷲގެ މައްޗަށެވެ.""",
صحيح البخاري,26,حَدَّثَنَا أَحْمَدُ بْنُ يُونُسَ، وَمُوسَى بْنُ إِسْمَاعِيلَ قَالَا: حَدَّثَنَا إِبْرَاهِيمُ بْنُ سَعْدٍ قَالَ: حَدَّثَنَا ابْنُ شِهَابٍ، عَنْ سَعِيدِ بْنِ الْمُسَيِّبِ، عَنْ أَبِي هُرَيْرَةَ: أَنَّ رَسُولَ اللهِ ﷺ سُئِلَ: أَيُّ الْعَمَلِ أَفْضَلُ؟ فَقَالَ: إِيمَانٌ بِاللهِ وَرَسُولِهِ. قِيلَ: ثُمَّ مَاذَا؟ قَالَ: الْجِهَادُ فِي سَبِيلِ اللهِ. قِيلَ: ثُمَّ مَاذَا؟ قَالَ: حَجٌّ مَبْرُورٌ.,އަބޫ ހުރައިރާ ރިވާ ކުރެއްވިއެވެ: ރަސޫލު ﷲ ﷺ އަށް ސުވާލު ކުރެއްވުނެވެ: އެންމެ ހެޔޮވެގެންވާ އަމަލަކީ ކޮބައިތޯއެވެ؟ ނަބިއްޔާ ޙަދީޘް ކުރެއްވިއެވެ: ”ﷲ އާއި އެ އިލާހުގެ ރަސޫލާއަށް އީމާންވުމެވެ.“ ދެންނެވުނެވެ: އެއަށްފަހު ކޮންކަމެއްތޯއެވެ؟ ނަބިއްޔާ ޙަދީޘް ކުރެއްވިއެވެ: ”ﷲގެ މަގުގައި ޖިހާދު ކުރުމެވެ.“ ދެންނެވުނެވެ: އެއަށްފަހު ކޮންކަމެއްތޯއެވެ؟ ނަބިއްޔާ ޙަދީޘް ކުރެއްވިއެވެ: ”ގަބޫލު ކުރެވިގެންވާ ފުރިހަމަ ޙައްޖެވެ.“,b26
صحيح البخاري,26,"عَنْ أَبِي هُرَيْرَةَ، أَنَّ رَسُولَ اللَّهِ ﷺ سُئِلَ أَىُّ الْعَمَلِ أَفْضَلُ فَقَالَ "" إِيمَانٌ بِاللَّهِ وَرَسُولِهِ ""‌. قِيلَ ثُمَّ مَاذَا قَالَ "" الْجِهَادُ فِي سَبِيلِ اللَّهِ ""‌. قِيلَ ثُمَّ مَاذَا قَالَ "" حَجٌّ مَبْرُورٌ ""‌.","އަބޫ ހުރައިރާ ރަޟިޔަﷲ ޢަންހުގެ ކިބައިން ރިވާވެގެންވެއެވެ. ހަމަކަށަވަރުން ރަސޫލުﷲ ﷺ ގެ އަރިހުން ސުވާލުދެންނެވުނެވެ. އެންމެ މޮޅު އިތުރުވެގެންވާ އަމަލަކީ ކޮބައިތޯއެވެ؟ ޙަދީޘްކުރެއްވިއެވެ.: ""ﷲއާ އެ އިލާހުގެ ރަސޫލާއަށް އީމާންވުމެވެ."" ދެންނެވުނެވެ. ދެން ކޮންކަމެއް ހެއްޔެވެ؟ ޙަދީޘްކުރެއްވިއެވެ. ""ﷲގެ މަގުގައި ޖިހާދުކުރުމެވެ. "" ދެންނެވުނެވެ. ދެން ކޮންކަމެއް ހެއްޔެވެ؟ ޙަދީޘްކުރެއްވިއެވެ. ""މަބްރޫރު ޙައްޖެކެވެ.""",
صحيح البخاري,27,حَدَّثَنَا أَبُو الْيَمَانِ قَالَ: أَخْبَرَنَا شُعَيْبٌ، عَنِ الزُّهْرِيِّ قَالَ: أَخْبَرَنِي عَامِرُ بْنُ سَعْدِ بْنِ أَبِي وَقَّاصٍ، عَنْ سَعْدٍ رَضِيَ اللهُ عَنْهُ: أَنَّ رَسُولَ اللهِ ﷺ أَعْطَى رَهْطًا وَسَعْدٌ جَالِسٌ، فَتَرَكَ رَسُولُ اللهِ ﷺ رَجُلًا هُوَ أَعْجَبُهُمْ إِلَيَّ، فَقُلْتُ: يَا رَسُولَ اللهِ، مَا لَكَ عَنْ فُلَانٍ؟ فَوَاللهِ إِنِّي لَأَرَاهُ مُؤْمِنًا، فَقَالَ: أَوْ مُسْلِمًا. فَسَكَتُّ قَلِيلًا، ثُمَّ غَلَبَنِي مَا أَعْلَمُ مِنْهُ، فَعُدْتُ لِمَقَالَتِي فَقُلْتُ: مَا لَكَ عَنْ فُلَانٍ؟ فَوَاللهِ إِنِّي لَأَرَاهُ مُؤْمِنًا، فَقَالَ: أَوْ مُسْلِمًا. ثُمَّ غَلَبَنِي مَا أَعْلَمُ مِنْهُ فَعُدْتُ لِمَقَالَتِي، وَعَادَ رَسُولُ اللهِ ﷺ، ثُمَّ قَالَ: يَا سَعْدُ إِنِّي لَأُعْطِي الرَّجُلَ، وَغَيْرُهُ أَحَبُّ إِلَيَّ مِنْهُ، خَشْيَةَ أَنْ يَكُبَّهُ اللهُ فِي النَّارِ. وَرَوَاهُ يُونُسُ، وَصَالِحٌ، وَمَعْمَرٌ، وَابْنُ أَخِي الزُّهْرِيِّ، عَنِ الزُّهْرِيِّ.,"ސަޢުދު ބިން އަބީ ވައްގާޞް رَضِيَ اللَّهُ عَنْهُ ރިވާ ކުރެއްވިއެވެ: އެކަލޭގެފާނު (އެ ތަނެއްގައި) އިށީންދެ އިންނަވަނިކޮށް ރަސޫލު ﷲ ﷺ ބަޔަކަށް މުދާ ބެއްސެވިއެވެ. އަދި އޭގެ ތެރެއިން އެންމެ ރަނގަޅުކަމަށް ތިމަން ދެކުނު މީހާއަށް ރަސޫލު ﷲ ﷺ އެއްޗެއް ނުދެއްވައެވެ. ވީމާ ތިމަން ދެންނެވީމެވެ: އޭ ﷲގެ ރަސޫލާއެވެ. އިބަ ނަބިއްޔާ މިވެނި މީހަކަށް ނުދެއްވީ ކީއްވެތޯއެވެ؟ އެހެނީ ﷲ ގަންދީ ބުނަމަވެ. ހަމަކަށަވަރުން އޭނާއީ (ފުރިހަމަ) މުއުމިނަކު ކަމުގައި ތިމަން ދެކެމުއެވެ. ނަބިއްޔާ ޙަދީޘް ކުރެއްވިއެވެ: ”ނުވަތަ (ހަމައެކަނި) މުސްލިމެކެވެ.“ ދެން އިރުކޮޅަކު ތިމަން ހަނު ހުންނެވީމެވެ. އެއަށްފަހު އެ މީހާގެ ފަރާތުން އެނގިފަހުރި (ރަނގަޅު) ކަންކަމުގެ (ހަނދާންތައް) ތިމަންނަގެ މައްޗަށް ވެރިވެގަނެ، އަނެއްކާ ވެސް ތިމަންނަގެ ވާހަކަ ތަކުރާރުކޮށް ދެންނެވީމެވެ: އިބަ ނަބިއްޔާ މިވެނި މީހަކަށް ނުދެއްވީ ކީއްވެތޯއެވެ؟ އެހެނީ ﷲ ގަންދީ ބުނަމަވެ. ހަމަކަށަވަރުން އޭނާއީ (ފުރިހަމަ) މުއުމިނަކު ކަމުގައި ތިމަން ދެކެމުއެވެ. ނަބިއްޔާ ޙަދީޘް ކުރެއްވިއެވެ: ”ނުވަތަ (ހަމައެކަނި) މުސްލިމެކެވެ.“ ދެން އަނެއްކާ ވެސް އެ މީހާގެ ފަރާތުން އެނގިފަހުރި (ރަނގަޅު) ކަންކަމުގެ (ހަނދާންތައް) ތިމަންނަގެ މައްޗަށް ވެރިވެގަނެ، ތިމަންނަގެ ވާހަކަ ތަކުރާރުކޮށް ދެންނެވީމެވެ. އަދި ރަސޫލު ﷲ ﷺ ވެސް އެކަލޭގެފާނުގެ ބަސްފުޅު ތަކުރާރު ކުރެއްވިއެވެ. އެއަށްފަހު ޙަދީޘް ކުރެއްވިއެވެ: ”އޭ ސަޢުދެވެ. ހަމަކަށަވަރުން (އީމާންކަން ބަލިކަށި) މީހަކަށް ތިމަން ނަބިއްޔާ އެއްޗެއް ދެއްވަފާނެއެވެ. އެއީ ތިމަން ނަބިއްޔާއަށް މާ ލޮބުވެތިކަން ބޮޑު (އީމާންކަން ވަރުގަދަ) މީހަކު ހުއްޓައި ވެސްމެއެވެ. ސަބަބަކީ (އީމާންކަން ބަލިކަށި މީހާގެ ހިތް އެކުވެރި ކުރުމުގެ ގޮތުން އޭނާއަށް އެއްޗެއް ނުދީފި ނަމަ، އޭނާ ކާފަރުވެ) ﷲ އޭނާ މޫނުވަތައް ނަރަކައަށް އެއްލައިލަފާނެކަމުގެ ބިރަށްޓަކައެވެ.“
(ނޯޓު: ކަނޑައެޅިގެން މުއުމިނެކޭ ބުނުމުގެ މާނައަކީ ހަގީގީ ފުރިހަމަ ސުވަރުގެވެރި މީހެކެވެ. ނަމަވެސް އެ ކަން އެނގޭނީ ހަމައެކަނި ﷲ އަށެވެ. ވީމާ ދުނިޔެމަތީގައި ބުނެވޭނީ މީހަކީ މުއުމިނެކޭ އިން ޝާ ﷲ. ނުވަތަ އެންމެ ބޮޑުމިނުން ހެކިވެވޭނީ އޭނާއަކީ ބޭރުފުށުގައި މުސްލިމެއް ކަމަށެވެ. އަދި އަނެއް ކަމަކީ، މީހަކަށް އެއްޗެއް ދިނުމަކީ ވަކި އޭނާ މާ ރަނގަޅުކަމަށް ނުވަތަ ލޮބުވެތިކަން ބޮޑުކަމަށް އޮންނަ ދަލީލެއް ނޫނެވެ.)",b27
صحيح البخاري,28,حَدَّثَنَا قُتَيْبَةُ قَالَ: حَدَّثَنَا اللَّيْثُ، عَنْ يَزِيدَ بْنِ أَبِي حَبِيبٍ، عَنْ أَبِي الْخَيْرِ، عَنْ عَبْدِ اللهِ بْنِ عَمْرٍو: أَنَّ رَجُلًا سَأَلَ رَسُولَ اللهِ ﷺ: أَيُّ الْإِسْلَامِ خَيْرٌ؟ قَالَ: تُطْعِمُ الطَّعَامَ، وَتَقْرَأُ السَّلَامَ عَلَى مَنْ عَرَفْتَ وَمَنْ لَمْ تَعْرِفْ.,ޢަބްދު ﷲ ބިން ޢަމްރު ރިވާ ކުރެއްވިއެވެ: ރަސޫލު ﷲ ﷺ އަރިހު މީހަކު ސުވާލު ކުރެއްވިއެވެ: އެންމެ ހެޔޮވެގެންވާ އިސްލާމްކަމަކީ ކޮބައިތޯއެވެ؟ ނަބިއްޔާ ޙަދީޘް ކުރެއްވިއެވެ: ”ތިބާ (އެހެން މީހުންނަށް) ކާން ދިނުމެވެ. އަދި ތިބާ ދަންނަ މީހުންނަށާއި ނުދަންނަ މީހުންނަށް ސަލާން ދިނުމެވެ.“,b12
صحيح البخاري,29,حَدَّثَنَا عَبْدُ اللهِ بْنُ مَسْلَمَةَ، عَنْ مَالِكٍ، عَنْ زَيْدِ بْنِ أَسْلَمَ، عَنْ عَطَاءِ بْنِ يَسَارٍ، عَنِ ابْنِ عَبَّاسٍ قَالَ: قَالَ النَّبِيُّ ﷺ: أُرِيتُ النَّارَ فَإِذَا أَكْثَرُ أَهْلِهَا النِّسَاءُ، يَكْفُرْنَ. قِيلَ: أَيَكْفُرْنَ بِاللهِ؟ قَالَ: يَكْفُرْنَ الْعَشِيرَ، وَيَكْفُرْنَ الْإِحْسَانَ، لَوْ أَحْسَنْتَ إِلَى إِحْدَاهُنَّ الدَّهْرَ ثُمَّ رَأَتْ مِنْكَ شَيْئًا، قَالَتْ: مَا رَأَيْتُ مِنْكَ خَيْرًا قَطُّ.,އިބްނު ޢައްބާސް ރިވާ ކުރެއްވިއެވެ: ނަބިއްޔާ ﷺ ޙަދީޘް ކުރެއްވިއެވެ: ”ތިމަން ނަބިއްޔާއަށް ނަރަކަ ދެއްކެވުނެވެ. އަދި އެ ތަނުގެ އަހުލުވެރިންގެ ތެރެއިން ގިނައީ އަންހެނުންނެވެ. އެ ކަނބަލުން ކުފުރުވެ އުޅުނެވެ.“ (ނަބިއްޔާއަށް) ދެންނެވުނެވެ: އެ ކަނބަލުން ކުފުރު ވަނީ ﷲ އަށްތޯއެވެ؟ ނަބިއްޔާ ޙަދީޘް ކުރެއްވިއެވެ: ”އެ ކަނބަލުން ކުފުރު ވަނީ ފިރިންނަށެވެ. އަދި ކުފުރު ވަނީ އިޙުސާންތެރިކަމަށެވެ. ތިބާ އެއިން އަންހެނަކަށް އުމުރުދުވަހު އިޙުސާންތެރިވެ (އެންމެ ރަނގަޅަށް ކަންތައްކޮށްދީ) އުޅުނަކަސް، އެ ކަނބުލޭގެއަށް ތިބާގެ ކިބައިން (ނޭދެވޭ) ކަމެއް ފެނިއްޖެ ނަމަ ބުނާނެއެވެ: ދުވަހަކުވެސް ތިބާގެ ކިބައިން ހެވެއް ނުދެކެމެވެ.“,b29
صحيح البخاري,30,حَدَّثَنَا سُلَيْمَانُ بْنُ حَرْبٍ قَالَ: حَدَّثَنَا شُعْبَةُ، عَنْ وَاصِلٍ الْأَحْدَبِ، عَنِ الْمَعْرُورِ قَالَ: لَقِيتُ أَبَا ذَرٍّ بِالرَّبَذَةِ وَعَلَيْهِ حُلَّةٌ، وَعَلَى غُلَامِهِ حُلَّةٌ، فَسَأَلْتُهُ عَنْ ذَلِكَ، فَقَالَ: إِنِّي سَابَبْتُ رَجُلًا فَعَيَّرْتُهُ بِأُمِّهِ، فَقَالَ لِيَ النَّبِيُّ ﷺ: يَا أَبَا ذَرٍّ أَعَيَّرْتَهُ بِأُمِّهِ؟ إِنَّكَ امْرُؤٌ فِيكَ جَاهِلِيَّةٌ، إِخْوَانُكُمْ خَوَلُكُمْ، جَعَلَهُمُ اللهُ تَحْتَ أَيْدِيكُمْ، فَمَنْ كَانَ أَخُوهُ تَحْتَ يَدِهِ فَلْيُطْعِمْهُ مِمَّا يَأْكُلُ، وَلْيُلْبِسْهُ مِمَّا يَلْبَسُ، وَلَا تُكَلِّفُوهُمْ مَا يَغْلِبُهُمْ، فَإِنْ كَلَّفْتُمُوهُمْ فَأَعِينُوهُمْ.,އަލްމަޢުރޫރު ރިވާ ކުރެއްވިއެވެ: (ބާދިޔާގައި) ރަބަޛާ ކިޔުނު ތަނަކުން އަބޫ ޛައްރާ ތިމަން ބައްދަލު ކުރީމެވެ. އެކަލޭގެފާނު ހުންނެވީ ހެދުންކޮޅެއް ތުރުކޮށްގެންނެވެ. އަދި އެކަލޭގެފާނުގެ އަޅުކުއްޖާ ވެސް ހުރީ (އެފަދަ) ހެދުމެއް ލައިގެންނެވެ. ދެން އެކަމާ ބެހޭ ގޮތުން ތިމަން ސުވާލު ކުރީމެވެ. އެކަލޭގެފާނު ދެންނެވިއެވެ: ހަމަކަށަވަރުން ތިމަންނަ މީހަކަށް ހުތުރު އެއްޗެހި ގޮވައި، އެ މީހާގެ މަންމައަށް ނިސްބަތްކޮށް އޭނާ ދެރަކޮށްލެވުނެވެ. (ނޯޓު: އަބޫ ޛައްރަށް ބުނެވުނީ: އޭ މިހިރަ ކަޅު ބަބުރު އަންހެނާގެ ދަރިޔާއެވެ.) ދެން ނަބިއްޔާ ﷺ ތިމަންނައަށް ޙަދީޘް ކުރެއްވިއެވެ: ”އޭ އަބޫ ޛައްރެވެ. އޭނާގެ މަންމައަށް ނިސްބަތްކޮށް ތިބާ އޭނާ ދެރަކޮށްލީތޯއެވެ؟ ހަމަކަށަވަރުން ތިބާއަކީ، ތިބާގެ ކިބައިގައި ޖާހިލިއްޔަ ކަމެއް ހުރި މީހެކެވެ. ތިޔަބައިމީހުންގެ ޚާދިމުންނަކީ ހަމަ ތިޔަބައިމީހުންގެ އަޚުންނެވެ. ތިޔަބައިމީހުންގެ (ބާރާއި) ބެލުމުގެ ދަށަށް ﷲ އެބައިމީހުން ލެއްވިއެވެ. އަދި އެ މީހެއްގެ (ބާރާއި) ބެލުމުގެ ދަށުގައި އޭނާގެ އަޚާ ވާނަމަ، ފަހެ އެ މީހާކު ކައި އުޅޭ ތަކެތިން އޭނާއަށް ކާން ދޭށެވެ. އަދި އެ މީހަކު ލައި އުޅޭ ހެދުމުން އޭނާއަށް ހެދުންލައި ދޭށެވެ. އަދި އެ މީހުން ނުކުރެވޭވަރު ކަންތައް އެބައިމީހުންނަށް ހަވާލު ނުކުރާށެވެ. އަދި ހަވާލުކޮށްފި ނަމަ، ފަހެ އެބައިމީހުންނަށް އެހީވެދޭށެވެ.“,b30
صحيح البخاري,31,حَدَّثَنَا عَبْدُ الرَّحْمَنِ بْنُ الْمُبَارَكِ، حَدَّثَنَا حَمَّادُ بْنُ زَيْدٍ، حَدَّثَنَا أَيُّوبُ، وَيُونُسُ، عَنِ الْحَسَنِ، عَنِ الْأَحْنَفِ بْنِ قَيْسٍ قَالَ: ذَهَبْتُ لِأَنْصُرَ هَذَا الرَّجُلَ، فَلَقِيَنِي أَبُو بَكْرَةَ فَقَالَ: أَيْنَ تُرِيدُ؟ قُلْتُ: أَنْصُرُ هَذَا الرَّجُلَ. قَالَ: ارْجِعْ، فَإِنِّي سَمِعْتُ رَسُولَ اللهِ ﷺ يَقُولُ: إِذَا الْتَقَى الْمُسْلِمَانِ بِسَيْفَيْهِمَا، فَالْقَاتِلُ وَالْمَقْتُولُ فِي النَّارِ. فَقُلْتُ: يَا رَسُولَ اللهِ، هَذَا الْقَاتِلُ، فَمَا بَالُ الْمَقْتُولِ؟ قَالَ: إِنَّهُ كَانَ حَرِيصًا عَلَى قَتْلِ صَاحِبِهِ.,އަލްއަޙްނަފު ބިން ގައިސް ރިވާ ކުރެއްވިއެވެ: މިވެނި މީހަކަށް (ޢަލީ ބިން އަބީ ޠާލިބަށް) ނަޞްރު ދިނުމަށް ތިމަން ނުކުތީމެވެ. ދެން އަބޫ ބަކްރާ ތިމަންނައާ ބައްދަލުވެގެން ދެންނެވިއެވެ: ދާން ބޭނުންވަނީ ކޮންތަނަކަށްތޯއެވެ؟ ތިމަން ދެންނެވީމެވެ: މިވެނި މީހަކަށް ނަޞްރު ދިނުމަށެވެ. އެކަލޭގެފާނު ދެންނެވިއެވެ: (ތިކަން ނުކޮށް) އެނބުރި ދާށެވެ. އެހެނީ ހަމަކަށަވަރުން ރަސޫލު ﷲ ﷺ ޙަދީޘް ކުރައްވަނިކޮށް ތިމަން އަޑު އެހީމެވެ: ”ކަނޑި ހިފައިގެން ދެ މުސްލިމަކު ބައްދަލުވެއްޖެ ނަމަ، ފަހެ މަރާ މީހާއާއި މަރާލެވުނު މީހާއާ ދެ މީހުންވެސް ވާނީ ނަރަކައިގައެވެ.“ ތިމަން ދެންނެވީމެވެ: އޭ ﷲގެ ރަސޫލާއެވެ. މިއީ މަރާލި މީހާ (ގެ ޖަޒާއެވެ.) ފަހެ މަރާލެވުނު މީހާއަށްވީ ކިހިނެއްތޯއެވެ؟ ނަބިއްޔާ ޙަދީޘް ކުރެއްވިއެވެ: ”އޭނާއާއެކު އުޅުނު މީހާ މަރާލަން އޭނާ ބޭނުންވިކަން ކަށަވަރެވެ.“,b31
صحيح البخاري,32,حَدَّثَنَا أَبُو الْوَلِيدِ قَالَ: حَدَّثَنَا شُعْبَةُ، (ح) قَالَ: وَحَدَّثَنِي بِشْرٌ قَالَ: حَدَّثَنَا مُحَمَّدٌ، عَنْ شُعْبَةَ، عَنْ سُلَيْمَانَ، عَنْ إِبْرَاهِيمَ، عَنْ عَلْقَمَةَ، عَنْ عَبْدِ اللهِ قَالَ: لَمَّا نَزَلَتِ: { الَّذِينَ آمَنُوا وَلَمْ يَلْبِسُوا إِيمَانَهُمْ بِظُلْمٍ } قَالَ أَصْحَابُ رَسُولِ اللهِ ﷺ: أَيُّنَا لَمْ يَظْلِمْ؟ فَأَنْزَلَ اللهُ: { إِنَّ الشِّرْكَ لَظُلْمٌ عَظِيمٌ }.,ޢަބްދު ﷲ ބިން މަސްޢޫދު ރިވާ ކުރެއްވިއެވެ: ❞އެބައިމީހުންނަކީ އީމާންވެ ތިބެ، އެބައިމީހުންގެ އީމާންކަމާއެކު އަނިޔާވެރިކަން އެއްނުކުރާ މީހުންނެވެ.❝ (މި އާޔަތް) ބާވައިލެއްވުމުން، ރަސޫލު ﷲ ﷺ ގެ ޞަޙާބީން ދެންނެވިއެވެ: ތިމަންމެންގެ ތެރެއިން (ކުށްފާފަކޮށް އަމިއްލަ ނަފްސަށް) އަނިޔާވެރި ނުވަނީ ފަހެ ކާކުތޯއެވެ؟ ދެން ﷲ (މި އާޔަތް) ބާވައިލެއްވިއެވެ: ❞ހަމަކަށަވަރުން ޝިރްކަކީ ބޮޑުވެގެންވާ އަނިޔާވެރިކަމެކެވެ.❝,b32
صحيح البخاري,33,حَدَّثَنَا سُلَيْمَانُ أَبُو الرَّبِيعِ قَالَ: حَدَّثَنَا إِسْمَاعِيلُ بْنُ جَعْفَرٍ قَالَ: حَدَّثَنَا نَافِعُ بْنُ مَالِكِ بْنِ أَبِي عَامِرٍ أَبُو سُهَيْلٍ، عَنْ أَبِيهِ، عَنْ أَبِي هُرَيْرَةَ، عَنِ النَّبِيِّ ﷺ قَالَ: آيَةُ الْمُنَافِقِ ثَلَاثٌ: إِذَا حَدَّثَ كَذَبَ، وَإِذَا وَعَدَ أَخْلَفَ، وَإِذَا اؤْتُمِنَ خَانَ.,އަބޫ ހުރައިރާ ރިވާ ކުރެއްވިއެވެ: ނަބިއްޔާ ﷺ ޙަދީޘް ކުރެއްވިއެވެ: ”މުނާފިގެއްގެ ތިން އަލާމާތެއް ވެއެވެ. އޭނާ ވާހަކައެއް ދައްކައިފި ނަމަ، ދޮގު ހަދާނެއެވެ. އަދި ވަޢުދެއް ވެއްޖެ ނަމަ، ޚިލާފު ވާނެއެވެ. އަދި އަމާނާތެއް ހަވާލު ކުރެވިއްޖެ ނަމަ، ޚިޔާނާތްތެރި ވާނެއެވެ.“,b33
صحيح البخاري,34,حَدَّثَنَا قَبِيصَةُ بْنُ عُقْبَةَ قَالَ: حَدَّثَنَا سُفْيَانُ، عَنِ الْأَعْمَشِ، عَنْ عَبْدِ اللهِ بْنِ مُرَّةَ، عَنْ مَسْرُوقٍ، عَنْ عَبْدِ اللهِ بْنِ عَمْرٍو، أَنَّ النَّبِيَّ ﷺ قَالَ: أَرْبَعٌ مَنْ كُنَّ فِيهِ كَانَ مُنَافِقًا خَالِصًا، وَمَنْ كَانَتْ فِيهِ خَصْلَةٌ مِنْهُنَّ، كَانَتْ فِيهِ خَصْلَةٌ مِنَ النِّفَاقِ حَتَّى يَدَعَهَا: إِذَا اؤْتُمِنَ خَانَ، وَإِذَا حَدَّثَ كَذَبَ، وَإِذَا عَاهَدَ غَدَرَ، وَإِذَا خَاصَمَ فَجَرَ. تَابَعَهُ شُعْبَةُ، عَنِ الْأَعْمَشِ.,ޢަބްދު ﷲ ބިން ޢަމްރު رَضِيَ اللَّهُ عَنْهُمَا ރިވާ ކުރެއްވިއެވެ: ނަބިއްޔާ ﷺ ޙަދީޘް ކުރެއްވިއެވެ: ”ހަތަރު ސިފައެއް ހުރެއްޖެ މީހަކީ ޚާލިޞް މުނާފިގެކެވެ. އަދި އެއިން (އެންމެ) ސިފައެއް ހުއްޓަސް، އެ ސިފަ ދޫކޮށްފުމަށް ދާންދެން އޭނާގެ ކިބައިގައި އެ ހުރީ މުނާފިގުކަމުގެ ސިފައެކެވެ. (އެ ހަތަރު ސިފައަކީ) އޭނާއަށް އަމާނާތެއް ހަވާލު ކުރެވިއްޖެ ނަމަ، ޚިޔާނާތްތެރި ވާނެއެވެ. އަދި ވާހަކައެއް ދައްކައިފި ނަމަ، ދޮގު ހަދާނެއެވެ. އަދި ޢަހުދެއް (އެއްބަސްވުމެއް) ވެއްޖެ ނަމަ، ޚިޔާނާތްތެރި ވާނެއެވެ. އަދި އަރައިރުމެއް ވެއްޖެ ނަމަ، (ހައްދުފަހަނަޅައި) ހުތުރު އެއްޗެހި ގޮވާނެއެވެ.“,b34
صحيح البخاري,35,حَدَّثَنَا أَبُو الْيَمَانِ قَالَ: أَخْبَرَنَا شُعَيْبٌ قَالَ: حَدَّثَنَا أَبُو الزِّنَادِ، عَنِ الْأَعْرَجِ، عَنْ أَبِي هُرَيْرَةَ قَالَ: قَالَ رَسُولُ اللهِ ﷺ: مَنْ يَقُمْ لَيْلَةَ الْقَدْرِ إِيمَانًا وَاحْتِسَابًا غُفِرَ لَهُ مَا تَقَدَّمَ مِنْ ذَنْبِهِ.,އަބޫ ހުރައިރާ ރިވާ ކުރެއްވިއެވެ: ރަސޫލު ﷲ ﷺ ޙަދީޘް ކުރެއްވިއެވެ: ”އީމާންތެރިކަމާއެކު އަދި ސަވާބަށް އެދޭ ހާލު ލައިލަތުލް ގަދްރި ވިލޭރޭގައި ރޭއަޅުކަން ކުރާ މީހަކަށް، އޭނާގެ އިސްވެދިޔަ ފާފަތައް ފުއްސެވޭނެއެވެ.“,b35
صحيح البخاري,36,حَدَّثَنَا حَرَمِيُّ بْنُ حَفْصٍ قَالَ: حَدَّثَنَا عَبْدُ الْوَاحِدِ قَالَ: حَدَّثَنَا عُمَارَةُ قَالَ: حَدَّثَنَا أَبُو زُرْعَةَ بْنُ عَمْرِو بْنِ جَرِيرٍ قَالَ: سَمِعْتُ أَبَا هُرَيْرَةَ، عَنِ النَّبِيِّ ﷺ قَالَ: انْتَدَبَ اللهُ لِمَنْ خَرَجَ فِي سَبِيلِهِ، لَا يُخْرِجُهُ إِلَّا إِيمَانٌ بِي وَتَصْدِيقٌ بِرُسُلِي، أَنْ أُرْجِعَهُ بِمَا نَالَ مِنْ أَجْرٍ أَوْ غَنِيمَةٍ، أَوْ أُدْخِلَهُ الْجَنَّةَ، وَلَوْلَا أَنْ أَشُقَّ عَلَى أُمَّتِي مَا قَعَدْتُ خَلْفَ سَرِيَّةٍ، وَلَوَدِدْتُ أَنِّي أُقْتَلُ فِي سَبِيلِ اللهِ ثُمَّ أُحْيَا، ثُمَّ أُقْتَلُ ثُمَّ أُحْيَا، ثُمَّ أُقْتَلُ.,އަބޫ ހުރައިރާ ރިވާ ކުރެއްވިއެވެ: ނަބިއްޔާ ﷺ ޙަދީޘް ކުރެއްވިއެވެ: ”ﷲގެ މަގުގައި (ޖިހާދަށް) ނުކުންނަ މީހަކަށް، އޭނާ ނެރުނު ހަމައެކަނި ކަމަކީ ﷲއަށް އީމާންވުމާއި އެ އިލާހުގެ ރަސޫލުން ތެދުކުރުން ކަމުގައި ވަނީނަމަ، ފަހެ އޭނާ ހޯދައިގަތް އަޖުރެއް ނުވަތަ ޣަނީމާ މުދަލަކައިގެން އޭނާ އެނބުރި ގެންނަވާނެކަމަށް، ނޫނީ އޭނާ ސުވަރުގެ ވައްދަވާނެކަމަށް ﷲ ވަނީ ކަށަވަރުކޮށް ދެއްވާފައެވެ. އަދި ތިމަން ނަބިއްޔާގެ އުއްމަތަށް ދަތިކަމަކަށް ނުވާ ނަމަ، (ހަނގުރާމައަށް ނުކުންނަ) އެއްވެސް ލަޝްކަރެއްގެ ފަހަތުން ނުގޮސް (ރަށުގައި) ތިމަން ނަބިއްޔާ ނީންނެވީމުހެވެ. އަދި ހަމަކަށަވަރުން ﷲގެ މަގުގައި ގަތުލުވުމަށް ފަހު އަލުން ދިރުއްވި، ދެން އަނެއްކާވެސް ގަތުލުވުމަށް ފަހު އަލުން ދިރުއްވި، އަނެއްކާވެސް ގަތުލުވުމަށް ތިމަން ނަބިއްޔާ ލޯބި ކުރެއްވީމުހެވެ.“,b36
صحيح البخاري,37,حَدَّثَنَا إِسْمَاعِيلُ قَالَ: حَدَّثَنِي مَالِكٌ، عَنِ ابْنِ شِهَابٍ، عَنْ حُمَيْدِ بْنِ عَبْدِ الرَّحْمَنِ، عَنْ أَبِي هُرَيْرَةَ: أَنَّ رَسُولَ اللهِ ﷺ قَالَ: مَنْ قَامَ رَمَضَانَ إِيمَانًا وَاحْتِسَابًا غُفِرَ لَهُ مَا تَقَدَّمَ مِنْ ذَنْبِهِ.,އަބޫ ހުރައިރާ ރިވާ ކުރެއްވިއެވެ: ރަސޫލު ﷲ ﷺ ޙަދީޘް ކުރެއްވިއެވެ: ”އީމާންކަމާއެކު އަދި ސަވާބަށް އެދޭ ހާލު ރަމަޟާން މަހު ރޭއަޅުކަންކުރި މީހަކަށް، އޭނާގެ އިސްވެދިޔަ ފާފަތައް ފުއްސެވޭނެއެވެ.“,b35
صحيح البخاري,38,حَدَّثَنَا ابْنُ سَلَامٍ قَالَ: أَخْبَرَنَا مُحَمَّدُ بْنُ فُضَيْلٍ قَالَ: حَدَّثَنَا يَحْيَى بْنُ سَعِيدٍ، عَنْ أَبِي سَلَمَةَ، عَنْ أَبِي هُرَيْرَةَ قَالَ: قَالَ رَسُولُ اللهِ ﷺ مَنْ صَامَ رَمَضَانَ إِيمَانًا وَاحْتِسَابًا غُفِرَ لَهُ مَا تَقَدَّمَ مِنْ ذَنْبِهِ.,އަބޫ ހުރައިރާ ރިވާ ކުރެއްވިއެވެ: ރަސޫލު ﷲ ﷺ ޙަދީޘް ކުރެއްވިއެވެ: ”އީމާންތެރިކަމާއެކު އަދި ސަވާބަށް އެދޭ ހާލު ރަމަޟާން މަހު ރޯދަ ހިފައިފި މީހަކަށް، އޭނާގެ އިސްވެދިޔަ ފާފަތައް ފުއްސެވޭނެއެވެ.“,b35
صحيح البخاري,39,حَدَّثَنَا عَبْدُ السَّلَامِ بْنُ مُطَهَّرٍ قَالَ: حَدَّثَنَا عُمَرُ بْنُ عَلِيٍّ، عَنْ مَعْنِ بْنِ مُحَمَّدٍ الْغِفَارِيِّ، عَنْ سَعِيدِ بْنِ أَبِي سَعِيدٍ الْمَقْبُرِيِّ، عَنْ أَبِي هُرَيْرَةَ، عَنِ النَّبِيِّ ﷺ قَالَ: إِنَّ الدِّينَ يُسْرٌ، وَلَنْ يُشَادَّ الدِّينَ أَحَدٌ إِلَّا غَلَبَهُ، فَسَدِّدُوا وَقَارِبُوا، وَأَبْشِرُوا، وَاسْتَعِينُوا بِالْغَدْوَةِ وَالرَّوْحَةِ، وَشَيْءٍ مِنَ الدُّلْجَةِ.,އަބޫ ހުރައިރާ ރިވާ ކުރެއްވިއެވެ: ނަބިއްޔާ ﷺ ޙަދީޘް ކުރެއްވިއެވެ: ”ހަމަކަށަވަރުން ދީނަކީ ފަސޭހަ އެއްޗެކެވެ. އަދި އެއްވެސް މީހަކު ދީން ހަރުކަށި ކުރަން ހަދައިފި ނަމަ، އޭނާއަށް (މާ ބޮޑުވަރުވެ) އެކަމުން އޭނާ ބަލިވެގެން ނޫނީ ނުދާނެއެވެ. ވީމާ ތިޔަބައިމީހުން ސީދާ ކުރާށެވެ. އަދި (ވެވުނު ވަރަކުން) ގާތް ކުރާށެވެ. އަދި (ސަވާބު ލިބޭނެ ކަމުގެ) އުފާވެރި ޚަބަރު ލިބިގަންނާށެވެ. އަދި ހެނދުނާއި، މެންދުރާއި އަދި ރޭގަނޑުގެ ފަހުކޮޅުގެ ބަޔަކުން (އަޅުކަންކޮށްގެން) އެހީ ލިބިގަންނާށެވެ.“,--
صحيح البخاري,40,حَدَّثَنَا عَمْرُو بْنُ خَالِدٍ قَالَ: حَدَّثَنَا زُهَيْرٌ قَالَ: حَدَّثَنَا أَبُو إِسْحَاقَ، عَنِ الْبَرَاءِ بْنِ عَازِبٍ: أَنَّ النَّبِيَّ ﷺ كَانَ أَوَّلَ مَا قَدِمَ الْمَدِينَةَ نَزَلَ عَلَى أَجْدَادِهِ، أَوْ قَالَ أَخْوَالِهِ مِنَ الْأَنْصَارِ، وَأَنَّهُ صَلَّى قِبَلَ بَيْتِ الْمَقْدِسِ سِتَّةَ عَشَرَ شَهْرًا، أَوْ سَبْعَةَ عَشَرَ شَهْرًا، وَكَانَ يُعْجِبُهُ أَنْ تَكُونَ قِبْلَتُهُ قِبَلَ الْبَيْتِ، وَأَنَّهُ صَلَّى أَوَّلَ صَلَاةٍ صَلَّاهَا صَلَاةَ الْعَصْرِ، وَصَلَّى مَعَهُ قَوْمٌ، فَخَرَجَ رَجُلٌ مِمَّنْ صَلَّى مَعَهُ، فَمَرَّ عَلَى أَهْلِ مَسْجِدٍ وَهُمْ رَاكِعُونَ، فَقَالَ: أَشْهَدُ بِاللهِ لَقَدْ صَلَّيْتُ مَعَ رَسُولِ اللهِ ﷺ قِبَلَ مَكَّةَ، فَدَارُوا كَمَا هُمْ قِبَلَ الْبَيْتِ، وَكَانَتِ الْيَهُودُ قَدْ أَعْجَبَهُمْ إِذْ كَانَ يُصَلِّي قِبَلَ بَيْتِ الْمَقْدِسِ، وَأَهْلُ الْكِتَابِ، فَلَمَّا وَلَّى وَجْهَهُ قِبَلَ الْبَيْتِ، أَنْكَرُوا ذَلِكَ. قَالَ زُهَيْرٌ: حَدَّثَنَا أَبُو إِسْحَاقَ، عَنِ الْبَرَاءِ فِي حَدِيثِهِ هَذَا: أَنَّهُ مَاتَ عَلَى الْقِبْلَةِ قَبْلَ أَنْ تُحَوَّلَ رِجَالٌ وَقُتِلُوا، فَلَمْ نَدْرِ مَا نَقُولُ فِيهِمْ. فَأَنْزَلَ اللهُ تَعَالَى: { وَمَا كَانَ اللهُ لِيُضِيعَ إِيمَانَكُمْ }.,އަލްބަރާއު ބިން ޢާޒިބު ރިވާ ކުރެއްވިއެވެ: ނަބިއްޔާ ﷺ ފުރަތަމަ މަދީނާއަށް ވަޑައިގަތް ހިނދު، މަޑު ކުރެއްވީ އަންޞާރުންގެ ތެރެއިން ނަބިއްޔާގެ ކާފަ (ޢަބްދުލް މުއްޠަލިބުގެ މަންމަ ފަރާތު) ތިމާގެ މީހުން، ނުވަތަ މަންމަ ފަރާތު ބޮޑުބޭބެއިންގެ ގާތުގައެވެ. އަދި ސޯޅަ ނުވަތަ ސަތާރަ މަސްދުވަސް ވަންދެން ބައިތުލް މަގްދިސާ ދިމާލަށް ނަބިއްޔާ ނަމާދު ކުރެއްވިއެވެ. އެހެނަސް ގެފުޅާ ދިމާލަށް ނަބިއްޔާގެ ގިބްލަ ވުމަށް ލޯބިފުޅު ކުރެއްވިއެވެ. އަދި ނަބިއްޔާ (ގެފުޅާ ކުރިމަތިލައްވައިގެން) ކުރެއްވި އެންމެ ފުރަތަމަ ނަމާދަކީ އަޞުރު ނަމާދެވެ. އަދި ނަބިއްޔާގެ އަރިހުގައި ނަމާދު ކުރި މީހުންގެ ތެރެއިން މީހަކު ނުކުމެ، މިސްކިތެއްގައި ރުކޫޢު ކުރަން ތިބި ބަޔަކު ކައިރިންލައިފާ ދިޔައެވެ. އޭނާ ދެންނެވިއެވެ: ﷲ ގަންދީ ހެކިކުރަމެވެ. ހަމަކަށަވަރުން މައްކާއާ ދިމާލަށް ރަސޫލު ﷲ ﷺ ގެ އަރިހުގައި ތިމަންނަ މިއައީ ނަމާދުކޮށްގެންނެވެ. ދެން އެބައިމީހުން ހުރި ގޮތަށް (ނަމާދަށް ހުރެ) ގެފުޅާ ދިމާލަށް އެނބުރުނެވެ. އަދި ބައިތުލް މަގްދިސާ ދިމާލަށް ނަބިއްޔާ ނަމާދު ކުރެއްވިކަމީ ޔަހޫދީންނާއި ފޮތުގެ އަހުލުވެރިންނަށް ކަމުދިޔަ ގޮތެކެވެ. ދެން ގެފުޅާ ދިމާލަށް ނަބިއްޔާ މޫނުފުޅު އަނބުރާލެއްވުމުން އެބައިމީހުން އެ ކަމަށް އިންކާރު ކުރިއެވެ. އަލްބަރާ ބިން ޢާޒިބް ދެންނެވިއެވެ: ގިބްލަ ބަދަލު ކުރެއްވުމުގެ ކުރިން (މުސްލިމުންގެ ތެރެއިން) ބަޔަކު އަވަހާރަވެ، އަނެއް ބަޔަކު ގަތުލުވެފައި ވެއެވެ. އަދި އެބައިމީހުންގެ (ނަމާދާ) މެދު ބުނާނެ އެއްޗެއް ތިމަންމެންނަކަށް ނޭނގުނެވެ. ދެން ﷲ ތަޢާލާ ބާވައިލެއްވިއެވެ: ❞އަދި ތިޔަބައިމީހުންގެ އީމާންކަން ﷲ ގެއްލެނި ނުކުރައްވާނެއެވެ.❝,b40
صحيح البخاري,41,قَالَ مَالِكٌ: أَخْبَرَنِي زَيْدُ بْنُ أَسْلَمَ، أَنَّ عَطَاءَ بْنَ يَسَارٍ أَخْبَرَهُ، أَنَّ أَبَا سَعِيدٍ الْخُدْرِيَّ أَخْبَرَهُ، أَنَّهُ سَمِعَ رَسُولَ اللهِ ﷺ يَقُولُ: إِذَا أَسْلَمَ الْعَبْدُ فَحَسُنَ إِسْلَامُهُ يُكَفِّرُ اللهُ عَنْهُ كُلَّ سَيِّئَةٍ كَانَ زَلَفَهَا، وَكَانَ بَعْدَ ذَلِكَ الْقِصَاصُ، الْحَسَنَةُ بِعَشْرِ أَمْثَالِهَا إِلَى سَبْعِ مِائَةِ ضِعْفٍ، وَالسَّيِّئَةُ بِمِثْلِهَا إِلَّا أَنْ يَتَجَاوَزَ اللهُ عَنْهَا.,އަބޫ ސައީދު އަލްޚުދްރީ ރިވާ ކުރެއްވިއެވެ: ރަސޫލު ﷲ ﷺ ހަދީޘް ކުރައްވަނިކޮށް ތިމަން އަޑު އެހީމެވެ. ”އަޅަކު ރަނގަޅު (ފުރިހަމަ) ގޮތުގައި އިސްލާމްވެއްޖެ ނަމަ، އޭނާގެ އިސްވެދިޔަ ކޮންމެ ފާފައެއް ﷲ ފުއްސަވާނެއެވެ. ދެން އެއަށްފަހު އޮންނާނީ ގިސާސެއެވެ. (އެބަހީ: ކުރާ އަމަލުތަކަށް ބަދަލު ދިނުމެވެ. އެ ގޮތުން ކޮންމެ) ހެޔޮ ކަމަކަށް އޭގެ ދިހަ ގުނައިން ފެށިގެން ހަތް ސަތޭކަ ގުނައާ ހަމައަށް ހެޔޮކަންތައް ލިބިގެންވެއެވެ. އަދި (ކޮންމެ) ނުބައި ކަމެއް ވާނީ ހަމަ އޭގެ އެންމެ ނުބައި ކަމެއްގެ ގޮތުގައެވެ. އެއީ ﷲ އެ ކަމެއް ޢަފޫ ކުރައްވާ ނަމަ މެނުވީއެވެ.“,--
صحيح البخاري,43,حَدَّثَنَا مُحَمَّدُ بْنُ الْمُثَنَّى، حَدَّثَنَا يَحْيَى، عَنْ هِشَامٍ قَالَ: أَخْبَرَنِي أَبِي، عَنْ عَائِشَةَ: أَنَّ النَّبِيَّ ﷺ دَخَلَ عَلَيْهَا وَعِنْدَهَا امْرَأَةٌ، قَالَ: مَنْ هَذِهِ؟ قَالَتْ: فُلَانَةُ، تَذْكُرُ مِنْ صَلَاتِهَا. قَالَ: مَهْ، عَلَيْكُمْ بِمَا تُطِيقُونَ، فَوَاللهِ لَا يَمَلُّ اللهُ حَتَّى تَمَلُّوا، وَكَانَ أَحَبَّ الدِّينِ إِلَيْهِ مَا دَامَ عَلَيْهِ صَاحِبُهُ.,ޢާއިޝާ ރިވާ ކުރެއްވިއެވެ: ތިމަން ކަމަނާ އަރިހު އަންހެނަކު އިންނަވިކޮށް، ނަބިއްޔާ ﷺ ތިމަން ކަމަނާ ގާތަށް ވަދެވަޑައިގެންނެވިއެވެ. ނަބިއްޔާ ޙަދީޘް ކުރެއްވިއެވެ: ”މިއީ ކާކުތޯއެވެ؟“ ތިމަން ކަމަނާ ދެންނެވީމެވެ: މިވެނި އަންހެނެކެވެ. އަދި އޭނާ (ރޭގަނޑު ނުނިދައި ގިނަގިނައިން) ނަމާދު ކުރާކަމަށް ނަންގަތީމެވެ. ދެން ނަބިއްޔާ ޙަދީޘް ކުރެއްވިއެވެ: ”ފުދިއްޖެއެވެ. ތިޔަބައިމީހުންގެ މައްޗަށް އޮތީ، ތިޔަބައިމީހުންނަށް ކުރެވޭ ވަރުގެ ކަންކަން ކުރުމެވެ. އެހެނީ ހަމަކަށަވަރުން ތިޔަބައިމީހުން ފޫހިވެގެން ދިޔައެއްކަމަކު، ﷲ ނުވާހުއްޓެވެ. އަދި ދީނުގައި އެ އިލާހަށް އެންމެ ލޮބުވެތިކަން ބޮޑު ކަމަކީ، އޭގެ މަތީ އެ މީހަކު ދެމިހުރެ ކުރާ ކަމެކެވެ.“,b20
صحيح البخاري,44,حَدَّثَنَا مُسْلِمُ بْنُ إِبْرَاهِيمَ قَالَ: حَدَّثَنَا هِشَامٌ قَالَ: حَدَّثَنَا قَتَادَةُ، عَنْ أَنَسٍ، عَنِ النَّبِيِّ ﷺ قَالَ: يَخْرُجُ مِنَ النَّارِ مَنْ قَالَ لَا إِلَهَ إِلَّا اللهُ وَفِي قَلْبِهِ وَزْنُ شَعِيرَةٍ مِنْ خَيْرٍ، وَيَخْرُجُ مِنَ النَّارِ مَنْ قَالَ لَا إِلَهَ إِلَّا اللهُ وَفِي قَلْبِهِ وَزْنُ بُرَّةٍ مِنْ خَيْرٍ، وَيَخْرُجُ مِنَ النَّارِ مَنْ قَالَ لَا إِلَهَ إِلَّا اللهُ وَفِي قَلْبِهِ وَزْنُ ذَرَّةٍ مِنْ خَيْرٍ. قَالَ أَبُو عَبْدِ اللهِ: قَالَ أَبَانُ: حَدَّثَنَا قَتَادَةُ: حَدَّثَنَا أَنَسٌ، عَنِ النَّبِيِّ ﷺ: مِنْ إِيمَانٍ مَكَانَ مِنْ خَيْرٍ.,އަނަސް ރިވާ ކުރެއްވިއެވެ: ނަބިއްޔާ ﷺ ޙަދީޘް ކުރެއްވިއެވެ: ”لا إله إلا الله ކިޔައި، އެ މީހެއްގެ ހިތުގައި ހިމަގޮދަން އޮށްޓަރެއްގެ މިންވަރަށް ހެޔޮކަން (އެބަހީ: އީމާންކަން) ހުރެއްޖެ މީހަކު ނަރަކައިން ނުކުންނާނެއެވެ. އަދި لا إله إلا الله ކިޔައި، އެ މީހެއްގެ ހިތުގައި ގޮދަން އޮށްޓަރެއްގެ މިންވަރަށް ހެޔޮކަން ހުރެއްޖެ މީހަކު ނަރަކައިން ނުކުންނާނެއެވެ. އަދި لا إله إلا الله ކިޔައި، އެ މީހެއްގެ ހިތުގައި ޛައްރެގެ މިންވަރަށް ހެޔޮކަން ހުރެއްޖެ މީހަކު ނަރަކައިން ނުކުންނާނެއެވެ.“ އަބޫ ޢަބްދު ﷲ (އިމާމު ބުޚާރީ) ވިދާޅުވިއެވެ: އަބާނު ބިން ޔަޒީދު އަލްޢައްޠާރުގެ ރިވާޔަތުގައި ވަނީ ހެޔޮކަން މި ލަފްޒުގެ ބަދަލުގައި އީމާންކަމެވެ.,b44
صحيح البخاري,45,- حَدَّثَنَا الْحَسَنُ بْنُ الصَّبَّاحِ، سَمِعَ جَعْفَرَ بْنَ عَوْنٍ، حَدَّثَنَا أَبُو الْعُمَيْسِ، أَخْبَرَنَا قَيْسُ بْنُ مُسْلِمٍ، عَنْ طَارِقِ بْنِ شِهَابٍ، عَنْ عُمَرَ بْنِ الْخَطَّابِ: أَنَّ رَجُلًا مِنَ الْيَهُودِ قَالَ لَهُ: يَا أَمِيرَ الْمُؤْمِنِينَ، آيَةٌ فِي كِتَابِكُمْ تَقْرَءُونَهَا، لَوْ عَلَيْنَا مَعْشَرَ الْيَهُودِ نَزَلَتْ لَاتَّخَذْنَا ذَلِكَ الْيَوْمَ عِيدًا. قَالَ: أَيُّ آيَةٍ؟ قَالَ: { الْيَوْمَ أَكْمَلْتُ لَكُمْ دِينَكُمْ وَأَتْمَمْتُ عَلَيْكُمْ نِعْمَتِي وَرَضِيتُ لَكُمُ الإِسْلامَ دِينًا } قَالَ عُمَرُ: قَدْ عَرَفْنَا ذَلِكَ الْيَوْمَ وَالْمَكَانَ الَّذِي نَزَلَتْ فِيهِ عَلَى النَّبِيِّ ﷺ، وَهُوَ قَائِمٌ بِعَرَفَةَ يَوْمَ جُمُعَةٍ.,ޢުމަރު ބިން އަލްޚައްޠާބު ރިވާ ކުރެއްވިއެވެ: ޔަހޫދީންގެ ތެރެއިން މީހަކު އެކަލޭގެފާނަށް ދެންނެވިއެވެ: އޭ އަމީރުލް މުއުމިނީނެވެ. ތިޔަބައިމީހުންގެ ފޮތުގައިވާ އާޔަތެއް ތިޔަބައިމީހުން ކިޔަވައި ހަދައެވެ. ތިމަންމެން ޔަހޫދީންގެ މައްޗަށް އެ އާޔަތް ބާވައިލެވުނު ނަމަ، އެ ދުވަސް ޢީދެއްގެ ގޮތުގައި ނެގީމުސްކަން ކަށަވަރެވެ. އެކަލޭގެފާނު ދެންނެވިއެވެ: ކޮން އާޔަތެއްތޯއެވެ؟ އޭނަ ދެންނެވިއެވެ: ❞މިއަދު، ތިޔަބައިމީހުންގެ ދީން ތިޔަބައިމީހުންނަށް ޓަކައި ތިމަން އިލާހު ފުރިހަމަކޮށް ދެއްވައިފީމެވެ. އަދި ތިޔަބައިމީހުންގެ މައްޗަށް ތިމަން އިލާހުގެ ނިޢުމަތް ފުރިހަމަކޮށް ދެއްވައިފީމެވެ. އަދި އިސްލާމް ތިޔަބައިމީހުންނަށް ދީނެއް ކަމުގައި ތިމަން އިލާހު ރުހިވޮޑިގެންފީމެވެ.❝ ޢުމަރު ދެންނެވިއެވެ: ހަމަކަށަވަރުން ނަބިއްޔާ ﷺ ގެ މައްޗަށް އެ އާޔަތް ބާވައިލެއްވުނު ދުވަހާއި ތަން ވެސް ތިމަންމެން ދެނެހުރީމެވެ. އެއީ ނަބިއްޔާ އަރަފާތުގައި ހުންނަވަނިކޮށް ހުކުރު ދުވަހެއްގައެވެ. (ނޯޓު: އަރަފާތް ދުވަހާއި ހުކުރު ދުވަހަކީ ޢީދެއްގެ ގޮތުގައި މުސްލިމުން ނަގައި ދެ ދުވަހެވެ.),b45
صحيح البخاري,46,- حَدَّثَنَا إِسْمَاعِيلُ قَالَ: حَدَّثَنِي مَالِكُ بْنُ أَنَسٍ، عَنْ عَمِّهِ أَبِي سُهَيْلِ بْنِ مَالِكٍ، عَنْ أَبِيهِ، أَنَّهُ سَمِعَ طَلْحَةَ بْنَ عُبَيْدِ اللهِ يَقُولُ: جَاءَ رَجُلٌ إِلَى رَسُولِ اللهِ ﷺ مِنْ أَهْلِ نَجْدٍ ثَائِرَ الرَّأْسِ، يُسْمَعُ دَوِيُّ صَوْتِهِ وَلَا يُفْقَهُ مَا يَقُولُ، حَتَّى دَنَا، فَإِذَا هُوَ يَسْأَلُ عَنِ الْإِسْلَامِ، فَقَالَ رَسُولُ اللهِ ﷺ: خَمْسُ صَلَوَاتٍ فِي الْيَوْمِ وَاللَّيْلَةِ. فَقَالَ: هَلْ عَلَيَّ غَيْرُهَا؟ قَالَ: لَا، إِلَّا أَنْ تَطَوَّعَ. قَالَ رَسُولُ اللهِ ﷺ: وَصِيَامُ رَمَضَانَ. قَالَ: هَلْ عَلَيَّ غَيْرُهُ؟ قَالَ: لَا، إِلَّا أَنْ تَطَوَّعَ. قَالَ: وَذَكَرَ لَهُ رَسُولُ اللهِ ﷺ الزَّكَاةَ، قَالَ: هَلْ عَلَيَّ غَيْرُهَا؟ قَالَ: لَا، إِلَّا أَنْ تَطَوَّعَ. قَالَ: فَأَدْبَرَ الرَّجُلُ وَهُوَ يَقُولُ: وَاللهِ لَا أَزِيدُ عَلَى هَذَا وَلَا أَنْقُصُ. قَالَ رَسُولُ اللهِ ﷺ: أَفْلَحَ إِنْ صَدَقَ.,ޠަލްޙާ ބިން ޢުބައިދި ﷲ ރިވާ ކުރެއްވިއެވެ: ނަޖްދު ކަރައިން ބޯ ހޭވިފަ ހުރި މީހަކު (އެބަހީ: އަޢުރާބީއަކު) ރަސޫލު ﷲ ﷺ ގެ އަރިހަށް އައެވެ. އޭނާގެ އަޑުގެ ބާރުކަން އިވުނަސް، އޭނާ ކިޔައި އެއްޗެއް ނޭނގުނެވެ. ދެން އޭނާ ކައިރިވުމުން، އިސްލާމް ދީނާ ބެހޭ ގޮތުން ސުވާލު ކުރާކަން އިނގުނެވެ. ރަސޫލު ﷲ ﷺ ޙަދީޘް ކުރެއްވިއެވެ: ”ރެޔާއި ދުވާލަކު (ފަރުޟު) ފަސް ނަމާދެވެ.“ އޭނާ ދެންނެވިއެވެ: އެ ނޫން (ނަމާދެއް) ތިމަންނަގެ މައްޗަށް ވޭތޯއެވެ؟ ނަބިއްޔާ ޙަދީޘް ކުރެއްވިއެވެ: ”ނޫނެކެވެ. އެއީ ތިބާ އިތުރަށް (ސުންނަތް ނަމާދު) ކުރަން ބޭނުން ވާނަމަ މެނުވީއެވެ.“ ރަސޫލު ﷲ ﷺ ޙަދީޘް ކުރެއްވިއެވެ: ”އަދި ރަމަޟާން މަހު ރޯދަ ހިފުމެވެ.“ އޭނާ ދެންނެވިއެވެ: އެ ނޫން (ރޯދައެއް) ތިމަންނަގެ މައްޗަށް ވޭތޯއެވެ؟ ރަސޫލާ ޙަދީޘް ކުރެއްވިއެވެ: ”ނޫނެކެވެ. އެއީ ތިބާ އިތުރަށް (ސުންނަތް ރޯދަ) ހިފަން ބޭނުން ވާނަމަ މެނުވީއެވެ.“ އަދި އޭނާއަށް ޒަކާތުގެ ވާހަކަ ރަސޫލާ ﷺ ކިޔައިދެއްވިއެވެ. އޭނާ ދެންނެވިއެވެ: އެ ނޫން (ޒަކާތެއް) ތިމަންނަގެ މައްޗަށް ވޭތޯއެވެ؟ ނަބިއްޔާ ޙަދީޘް ކުރެއްވިއެވެ: ”ނޫނެކެވެ. އެއީ ތިބާ އިތުރަށް (ޞަދަގާތް) ކުރަން ބޭނުން ވާނަމަ މެނުވީއެވެ.“ އެއަށްފަހު އެ މީހާ އެނބުރި ދަމުން ދެންނެވިއެވެ: ﷲ ގަންދީ ބުނަމެވެ. މި ކަމުގެ މައްޗަށް އިތުރެއް ވެސް އުންޏެއް ވެސް ނުކުރާނަމެވެ. ރަސޫލު ﷲ ﷺ ޙަދީޘް ކުރެއްވިއެވެ: ”އޭނަ ތެދުވެރިވެއްޖެ ނަމަ އޭނާ ކާމިޔާބު ވާނެއެވެ.“ (އެބަހީ: ސުވަރުގެ ވަންނާނެއެވެ.),b46
صحيح البخاري,47,حَدَّثَنَا أَحْمَدُ بْنُ عَبْدِ اللهِ بْنِ عَلِيٍّ الْمَنْجُوفِيُّ قَالَ: حَدَّثَنَا رَوْحٌ قَالَ: حَدَّثَنَا عَوْفٌ، عَنِ الْحَسَنِ وَمُحَمَّدٍ، عَنْ أَبِي هُرَيْرَةَ: أَنَّ رَسُولَ اللهِ ﷺ قَالَ: مَنِ اتَّبَعَ جِنَازَةَ مُسْلِمٍ إِيمَانًا وَاحْتِسَابًا، وَكَانَ مَعَهُ حَتَّى يُصَلَّى عَلَيْهَا وَيَفْرُغَ مِنْ دَفْنِهَا، فَإِنَّهُ يَرْجِعُ مِنَ الْأَجْرِ بِقِيرَاطَيْنِ؛ كُلُّ قِيرَاطٍ مِثْلُ أُحُدٍ، وَمَنْ صَلَّى عَلَيْهَا ثُمَّ رَجَعَ قَبْلَ أَنْ تُدْفَنَ، فَإِنَّهُ يَرْجِعُ بِقِيرَاطٍ. تَابَعَهُ عُثْمَانُ الْمُؤَذِّنُ قَالَ: حَدَّثَنَا عَوْفٌ، عَنْ مُحَمَّدٍ، عَنْ أَبِي هُرَيْرَةَ، عَنِ النَّبِيِّ ﷺ نَحْوَهُ.,އަބޫ ހުރައިރާ ރިވާ ކުރެއްވިއެވެ: ރަސޫލު ﷲ ﷺ ޙަދީޘް ކުރެއްވިއެވެ: ”އީމާންތެރިކަމާއެކު އަދި ސަވާބަށް އެދޭ ހާލު މުސްލިމެއްގެ ޖަނާޒާ ފަހަތުން ގޮސް، އެ (މައްޔިތާގެ) މައްޗަށް ނަމާދު ކުރެވި އަދި ވަޅުލައި ނިމުމަށް ދާންދެން އެ ޖަނާޒާއާއެކު ހުރެއްޖެ މީހާ، ދެ ގީރާޠުގެ ސަވާބައިގެން އެނބުރި އަންނާނެކަން ކަށަވަރެވެ. ކޮންމެ ގީރާޠެއް ޢުޙުދު ފަރުބަދައާ އެއްވަރު ވެގެންވެއެވެ. އަދި އެ ޖަނާޒާގައި ނަމާދު ކުރުމަށް ފަހު، ވަޅުލުމުގެ ކުރިން (ވަކިވެގެން) އަތުވެއްޖެ މީހާ އެނބުރި އަންނާނީ ހަމަކަށަވަރުން އެންމެ ގީރާތަކައިގެންނެވެ.“,b47
صحيح البخاري,48,حَدَّثَنَا مُحَمَّدُ بْنُ عَرْعَرَةَ قَالَ: حَدَّثَنَا شُعْبَةُ، عَنْ زُبَيْدٍ قَالَ: سَأَلْتُ أَبَا وَائِلٍ عَنِ الْمُرْجِئَةِ فَقَالَ: حَدَّثَنِي عَبْدُ اللهِ: أَنَّ النَّبِيَّ ﷺ قَالَ: سِبَابُ الْمُسْلِمِ فُسُوقٌ وَقِتَالُهُ كُفْرٌ.,"ޒުބައިދު ރިވާ ކުރެއްވިއެވެ: މުރުޖިއައިންނާ ބެހޭ ގޮތުން އަބޫ ވާއިލަށް ތިމަން ސުވާލު ކުރީމެވެ. އެކަލޭގެފާނު ދެންނެވިއެވެ: ޢަބްދު ﷲ ބިން މަސްޢޫދު ތިމަންނައަށް ރިވާ ކުރެއްވިއެވެ: ނަބިއްޔާ ﷺ ޙަދީޘް ކުރެއްވިއެވެ: ”މުސްލިމަކަށް ހުތުރު އެއްޗެހި ގޮވުމަކީ ފާސިގުކަމެކެވެ. އަދި އޭނާއާ ތަޅާފޮޅުމަކީ ކުރުމަކީ ކުފުރެކެވެ.“
//
"" މުއުމިނުންނަށް ހުތުރު އެއްޗެހި ގޮވުމަކީ އުރެދުމެކެވެ. އަދި އޭނާއަށް ފުރަސާރަ ކުރުމަކީ ކާފަރުކަމެއެވެ.""",b48
صحيح البخاري,49,أَخْبَرَنَا قُتَيْبَةُ بْنُ سَعِيدٍ، حَدَّثَنَا إِسْمَاعِيلُ بْنُ جَعْفَرٍ، عَنْ حُمَيْدٍ، عَنْ أَنَسٍ قَالَ: أَخْبَرَنِي عُبَادَةُ بْنُ الصَّامِتِ: أَنَّ رَسُولَ اللهِ ﷺ خَرَجَ يُخْبِرُ بِلَيْلَةِ الْقَدْرِ، فَتَلَاحَى رَجُلَانِ مِنَ الْمُسْلِمِينَ فَقَالَ: إِنِّي خَرَجْتُ لِأُخْبِرَكُمْ بِلَيْلَةِ الْقَدْرِ، وَإِنَّهُ تَلَاحَى فُلَانٌ وَفُلَانٌ، فَرُفِعَتْ، وَعَسَى أَنْ يَكُونَ خَيْرًا لَكُمُ، الْتَمِسُوهَا فِي السَّبْعِ وَالتِّسْعِ وَالْخَمْسِ.,ޢުބާދާ ބިން އައްޞާމިތު ރިވާ ކުރެއްވިއެވެ: ލައިލަތުލް ގަދްރި ވިލޭރޭ (އޮންނަ ވަގުތުގެ) ޚަބަރު ދެއްވުމަށް ރަސޫލު ﷲ ﷺ ނުކުމެވަޑައިގަތް ހިނދު، މުސްލިމުންގެ ދެ މީހަކު އެކަކު އަނެކަކާ ޒުވާބެއް ހިނގިއެވެ. ނަބިއްޔާ ޙަދީޘް ކުރެއްވިއެވެ: ”ހަމަކަށަވަރުން ތިމަން ނަބިއްޔާ ނުކުމެވަޑައިގަތީ ލައިލަތުލް ގަދްރި ވިލޭރޭގެ ޚަބަރު ތިޔަބައިމީހުންނަށް ދެއްވުމަށެވެ. އަދި މިވެނި މީހަކާއި އެވެނި މީހަކު ޒުވާބު ކުރުމުން، އެ ޚަބަރު (ތިމަން ނަބިއްޔާ ހަނދާނުން) އުފުލިގެން ހިނގައްޖެކަން ކަށަވަރެވެ. އަދި އެއީ ތިޔަބައިމީހުންނަށް ޓަކައިވާ ހެވެއް ކަމުގައި ވެދާނެއެވެ. (ރަމަޟަން މަހުގެ ފަހު) ހަތެއް، ނުވައެއް އަދި ފަހެއްގައި އެ (ލައިލަތުލް ގަދްރި) ވިލޭރޭ ހޯދާށެވެ.“,b49
صحيح البخاري,50,حَدَّثَنَا مُسَدَّدٌ قَالَ: حَدَّثَنَا إِسْمَاعِيلُ بْنُ إِبْرَاهِيمَ، أَخْبَرَنَا أَبُو حَيَّانَ التَّيْمِيُّ، عَنْ أَبِي زُرْعَةَ، عَنْ أَبِي هُرَيْرَةَ قَالَ: كَانَ النَّبِيُّ ﷺ بَارِزًا يَوْمًا لِلنَّاسِ، فَأَتَاهُ جِبْرِيلُ فَقَالَ: مَا الْإِيمَانُ؟ قَالَ: الْإِيمَانُ أَنْ تُؤْمِنَ بِاللهِ، وَمَلَائِكَتِهِ، وَبِلِقَائِهِ، وَرُسُلِهِ، وَتُؤْمِنَ بِالْبَعْثِ. قَالَ: مَا الْإِسْلَامُ؟ قَالَ: الْإِسْلَامُ أَنْ تَعْبُدَ اللهَ وَلَا تُشْرِكَ بِهِ، وَتُقِيمَ الصَّلَاةَ، وَتُؤَدِّيَ الزَّكَاةَ الْمَفْرُوضَةَ، وَتَصُومَ رَمَضَانَ. قَالَ: مَا الْإِحْسَانُ؟ قَالَ: أَنْ تَعْبُدَ اللهَ كَأَنَّكَ تَرَاهُ، فَإِنْ لَمْ تَكُنْ تَرَاهُ فَإِنَّهُ يَرَاكَ. قَالَ: مَتَى السَّاعَةُ؟ قَالَ: مَا الْمَسْؤُولُ عَنْهَا بِأَعْلَمَ مِنَ السَّائِلِ، وَسَأُخْبِرُكَ عَنْ أَشْرَاطِهَا: إِذَا وَلَدَتِ الْأَمَةُ رَبَّهَا، وَإِذَا تَطَاوَلَ رُعَاةُ الْإِبِلِ الْبُهُمُ فِي الْبُنْيَانِ، فِي خَمْسٍ لَا يَعْلَمُهُنَّ إِلَّا اللهُ. ثُمَّ تَلَا النَّبِيُّ ﷺ: { إِنَّ اللهَ عِنْدَهُ عِلْمُ السَّاعَةِ } الْآيَةَ، ثُمَّ أَدْبَرَ، فَقَالَ: رُدُّوهُ. فَلَمْ يَرَوْا شَيْئًا، فَقَالَ: هَذَا جِبْرِيلُ، جَاءَ يُعَلِّمُ النَّاسَ دِينَهُمْ. قَالَ أَبُو عَبْدِ اللهِ: جَعَلَ ذَلِكَ كُلَّهُ مِنَ الْإِيمَانِ.,އަބޫ ހުރައިރާ ރިވާ ކުރެއްވިއެވެ: އެއް ދުވަހަކު ރަސޫލު ﷲ ﷺ މީސްތަކުންގެ ތެރޭގައި ފާޅުވެ ހުންނަވަނިކޮށް، ނަބިއްޔާގެ އަރިހަށް ޖިބްރީލު (އިންސާނެއްގެ ސިފައިގައި) ވަޑައިގެން ދެންނެވިއެވެ: އީމާންކަމަކީ ކޮބައިތޯއެވެ؟ ނަބިއްޔާ ޙަދީޘް ކުރެއްވިއެވެ: ”އީމާންކަމަކީ ތިބާ ﷲ އަށާއި، އެ އިލާހުގެ މަލާއިކަތުންނަށާއި، އެ އިލާހާ ބައްދަލުވާނެ ކަމަށާއި، އެ އިލާހުގެ ރަސޫލުންނަށާއި، އަދި އަލުން ދިރުއްވޭނެކަމަށް އީމާންވުމެވެ.“ ޖިބްރީލު ދެންނެވިއެވެ: އިސްލާމްކަމީ ކޮބައިތޯއެވެ؟ ނަބިއްޔާ ޙަދީޘް ކުރެއްވިއެވެ: ”އިސްލާމްކަމަކީ ތިބާ ﷲ އަށް އަޅުކަންކޮށް، އެ އިލާހާ (އެއްވެސް ފަރާތެއް) ޝަރީކު ނުކުރުމެވެ. އަދި ނަމާދު ގާއިމުކޮށް، ފަރުޟުވެގެންވާ (މުދަލު) ޒަކާތް ދީ، ރަމަޟާން މަހު ރޯދަ ހިފުމެވެ.“ ޖިބްރީލު ދެންނެވިއެވެ: އިޙުސާންކަމަކީ ކޮބައިތޯއެވެ؟ ނަބިއްޔާ ޙަދީޘް ކުރެއްވިއެވެ: ”އެއީ ތިބާ ﷲ ފެނިހުރެ އަޅުކަން ކުރާނެ ފަދައިން އެ އިލާއަށް އަޅުކަން ކުރުމެވެ. އަދި ތިބާއަށް އެ އިލާހު ނުފެނުނު ކަމުގައި ވިޔަސް، ހަމަކަށަވަރުން އެ އިލާހު ތިބާއަށް ބައްލަވާ ވޮޑިގެންވެއެވެ.“ ޖިބްރީލު ދެންނެވިއެވެ: ގިޔާމަތް ވާނީ ކޮންއިރަކުތޯއެވެ؟ ނަބިއްޔާ ޙަދީޘް ކުރެއްވިއެވެ: ”އެކަމާ ބެހޭ ގޮތުން، ސުވާލު ކުރި ފަރާތަށް ވުރެ ބޮޑަށް، ސުވާލު ކުރެވުނު ފަރާތަށް އެނގިގެނެއް ނުވެއެވެ. (އެބަހީ: ދެ މީހުން ކުރެ އެކަކަށް ވެސް އެނގިގެނެއް ނުވެއެވެ.) އަދި އޭގެ އަލާމާތްތަކާ ބެހޭ ގޮތުން ތިބާއަށް ކިޔައިދެއްވާނަމެވެ. އެއީ އަޅު އަންހެނަކު އަންހެން ދަރިއެއް ވިހައިގެން، (އެ ލިބުނު ދަރި) އެ އަޅު އަންހެނާގެ ސާހިބު ކަމަނާއަށްވެއްޖެ ހިނދެވެ. އަދި ކަޅު ޖަމަލުތައް ހުއިހައްޕާ އުޅުނު މީހުން، އިމާރާތްތައް އުސް ކުރުމުގައި ވާދަކޮށްފި ހިނދެވެ. (ގިޔާމަތް ވާނެ ވަގުތުގެ ޢިލްމަކީ) ﷲ ފިޔަވައި އެއްވެސް ފަރާތަކަށް ނޭނގޭނެ ފަސް ކަމެއްގެ ތެރެއިންވާ ކަމެކެވެ.“ ދެން ނަބިއްޔާ މި އާޔަތް ކިޔަވައި ވިދާޅުވިއެވެ: ❞ހަމަކަށަވަރުން ގިޔާމަތް ވާނެ ވަގުތުގެ ޢިލްމު ވަނީ (ހަމައެކަނި) ﷲ ގެ ހަޒްރަތުގައެވެ.❝ އެއަށްފަހު ޖިބްރީލު އެނބުރި ވަޑައިގެންފިއެވެ. ނަބިއްޔާ ޙަދީޘް ކުރެއްވިއެވެ: ”އެ މީހާ އެނބުރި ގެންނާށެވެ.“ އެކަމަކު މީސްތަކުންނަކަށް އެއްވެސް އެއްޗެއް ނުފެނުނެވެ. ދެން ނަބިއްޔާ ޙަދީޘް ކުރެއްވިއެވެ: ”އެއީ ޖިބްރީލެވެ. އެކަލޭގެފާނު އެ ވަޑައިގަތީ، މީސްތަކުންނަށް އެބައިމީހުންގެ ދީން އުނގަންނަވައި ދެއްވުމަށްޓަކައެވެ.“ - އަބޫ ޢަބްދު ﷲ (އިމާމް ބުޚާރީ) ވިދާޅުވިއެވެ: ނަބިއްޔާ އެ ހުރިހާ ކަމެއް އީމާންކަމުގެ ތެރޭގައި ހިމެނުއްވިއެވެ. -,b50
صحيح البخاري,50,أَنْ تَعْبُدَ اللهَ كَأَنَّكَ تَرَاهُ، فَإِنْ لَمْ تَكُنْ تَرَاهُ فَإِنَّهُ يَرَاكَ,އެއީ ތިބާއަށް ﷲ تعالى ފެނިހުރެ އަޅުކަން ކުރާ ފަދައިން އަޅުކަންކުރުމެވެ. ފަހެ ތިބާއަށް އެކަލާނގެ ނުފެނުނެއްކަމަކު، ހަމަކަށަވަރުން އެކަލާނގެ ތިބާއަށް ބައްލަވާވޮޑިގެންވެއެވެ.,
صحيح البخاري,51,حَدَّثَنَا إِبْرَاهِيمُ بْنُ حَمْزَةَ قَالَ: حَدَّثَنَا إِبْرَاهِيمُ بْنُ سَعْدٍ، عَنْ صَالِحٍ، عَنِ ابْنِ شِهَابٍ، عَنْ عُبَيْدِ اللهِ بْنِ عَبْدِ اللهِ: أَنَّ عَبْدَ اللهِ بْنَ عَبَّاسٍ أَخْبَرَهُ قَالَ: أَخْبَرَنِي أَبُو سُفْيَانَ بْنُ حَرْبٍ: أَنَّ هِرَقْلَ قَالَ لَهُ: سَأَلْتُكَ هَلْ يَزِيدُونَ أَمْ يَنْقُصُونَ؟ فَزَعَمْتَ أَنَّهُمْ يَزِيدُونَ، وَكَذَلِكَ الْإِيمَانُ حَتَّى يَتِمَّ. وَسَأَلْتُكَ هَلْ يَرْتَدُّ أَحَدٌ سَخْطَةً لِدِينِهِ بَعْدَ أَنْ يَدْخُلَ فِيهِ؟ فَزَعَمْتَ أَنْ لَا، وَكَذَلِكَ الْإِيمَانُ حِينَ تُخَالِطُ بَشَاشَتُهُ الْقُلُوبَ لَا يَسْخَطُهُ أَحَدٌ.,އަބޫ ސުފްޔާނު ބިން ޙަރްބު ރިވާ ކުރެއްވިއެވެ: ހިރަގްލު އެކަލޭގެފާނަށް ދެންނެވިއެވެ: (އިސްލާމް ދީނަށް) ވަންނަ މީހުން ވަނީ ގިނަތޯ ނޫނީ މަދުތޯ ސުވާލު ކުރީމެވެ. ތިބާ ދެންނެވީ ގިނަވާކަމަށެވެ. ހަމައެފަދައިން އީމާންކަން ފުރިހަމަވުމަށް ދާންދެން ވާނީ އެހެންނެވެ. އަދި އެބައިމީހުން ދީނަށް ވަނުމަށް ފަހު، އެ ދީނާމެދު ނުރުހިގެން އެއްވެސް މީހަކު މުރުތައްދުވޭތޯ ސުވާލު ކުރީމެވެ. ތިބާ ދެންނެވީ ނޫނެކެވެ. ހަމައެފަދައިން އީމާންކަމުގެ އުފާވެރިކަން ހިތާ އެއްވެގެން ދާއިރު އެއްވެސް މީހަކު އެކަމާމެދު ނުރުހިގެން ނުދާނެއެވެ.,b7
صحيح البخاري,52,حَدَّثَنَا أَبُو نُعَيْمٍ، حَدَّثَنَا زَكَرِيَّاءُ، عَنْ عَامِرٍ قَالَ: سَمِعْتُ النُّعْمَانَ بْنَ بَشِيرٍ يَقُولُ: سَمِعْتُ رَسُولَ اللهِ ﷺ يَقُولُ: الْحَلَالُ بَيِّنٌ وَالْحَرَامُ بَيِّنٌ، وَبَيْنَهُمَا مُشَبَّهَاتٌ، لَا يَعْلَمُهَا كَثِيرٌ مِنَ النَّاسِ، فَمَنِ اتَّقَى الْمُشَبَّهَاتِ اسْتَبْرَأَ لِدِينِهِ وَعِرْضِهِ، وَمَنْ وَقَعَ فِي الشُّبُهَاتِ كَرَاعٍ يَرْعَى حَوْلَ الْحِمَى يُوشِكُ أَنْ يُوَاقِعَهُ، أَلَا وَإِنَّ لِكُلِّ مَلِكٍ حِمًى، أَلَا إِنَّ حِمَى اللهِ فِي أَرْضِهِ مَحَارِمُهُ، أَلَا وَإِنَّ فِي الْجَسَدِ مُضْغَةً إِذَا صَلَحَتْ صَلَحَ الْجَسَدُ كُلُّهُ، وَإِذَا فَسَدَتْ فَسَدَ الْجَسَدُ كُلُّهُ، أَلَا وَهِيَ الْقَلْبُ.,އައްނުޢްމާނު ބިން ބަޝީރު رَضِيَ اللَّهُ عَنْهُمَا ރިވާ ކުރެއްވިއެވެ: ރަސޫލު ﷲ ﷺ ޙަދީޘް ކުރައްވަނިކޮށް ތިމަން އަޑު އެހީމެވެ: ”ޙަލާލު ކަންތައް ވަނީ ސާފުވެ ބަޔާން ވެގެންނެވެ. އަދި ޙަރާމް ކަންތައް ވެސް ވަނީ ސާފުވެ ބަޔާން ވެގެންނެވެ. އަދި އެ ދެމެދުގައި (ޙަރާމް ޙަލާލާ މެދު ޝައްކު އުފެދޭ) އެކަތި އަނެކައްޗާ އެއްވައްތަރު ޝުބުހާތަކެއް ވެއެވެ. މީސްތަކުންގެ ތެރެއިން ގިނަ ބަޔަކަށް އެ (ޙަލާލު ކަމެއް ނުވަތަ ޙަރާމް ކަމެއް) ނޭނގޭނެއެވެ. ފަހެ އެ ޝުބުހާތަކުން ރައްކާތެރިވެގެންފި މީހާ، އޭނާގެ ދީނާއި އަބުރަށް ޓަކައި (އެ ކަންތަކުން) ބަރީއަ ވެއްޖެއެވެ. އަދި އެ ޝުބުހާތަކަށް އަރައިގެންފި މީހާ، އޭނާގެ މިސާލަކީ ޙިމާޔަތް ކުރެވިފައިވާ އިމެއްގެ ވަށައިގެން ބަކަރި ހުއިހައްޕާ މީހެއްގެ މިސާލެވެ. އެ އިމުގެ ތެރެއަށް ވަދެވުމަކީ ގާތުގައިވާ ކަމެކެވެ. ދަންނާށެވެ! ހަމަކަށަވަރުން ކޮންމެ ރަސްކަލަކަށް ވެސް ހިމާޔަތް ކުރެވިފައިވާ އިމެއް ވެއެވެ. އަދި ދަންނާށެވެ! ހަމަކަށަވަރުން ދުނިޔެ މަތީގައި ﷲގެ އިމަކީ، އެ އިލާހު ޙަރާމް ކުރެއްވި ކަންތަކެވެ. އަދި ދަންނާށެވެ! ހަމަކަށަވަރުން (އިންސާނާގެ) ހަށިގަނޑުގައި މަސްކޮޅެއް ވެއެވެ. އެ މަސްކޮޅު އިސްލާހު ވެއްޖެ ނަމަ، މުޅި ހަށިގަނޑު އިސްލާހު ވެދެއެވެ. އަދި އެ މަސްކޮޅު ފާސިދު ވެއްޖެ ނަމަ، މުޅި ހަށިގަނޑު ފާސިދު ވެދެއެވެ. ދަންނާށެވެ! އެއީ ހިތެވެ.“,
صحيح البخاري,53,حَدَّثَنَا عَلِيُّ بْنُ الْجَعْدِ قَالَ: أَخْبَرَنَا شُعْبَةُ، عَنْ أَبِي جَمْرَةَ قَالَ: كُنْتُ أَقْعُدُ مَعَ ابْنِ عَبَّاسٍ يُجْلِسُنِي عَلَى سَرِيرِهِ فَقَالَ: أَقِمْ عِنْدِي حَتَّى أَجْعَلَ لَكَ سَهْمًا مِنْ مَالِي. فَأَقَمْتُ مَعَهُ شَهْرَيْنِ، ثُمَّ قَالَ: إِنَّ وَفْدَ عَبْدِ الْقَيْسِ لَمَّا أَتَوُا النَّبِيَّ ﷺ قَالَ: مَنِ الْقَوْمُ؟ أَوْ مَنِ الْوَفْدُ؟ قَالُوا: رَبِيعَةُ. قَالَ: مَرْحَبًا بِالْقَوْمِ، أَوْ بِالْوَفْدِ، غَيْرَ خَزَايَا وَلَا نَدَامَى. فَقَالُوا: يَا رَسُولَ اللهِ، إِنَّا لَا نَسْتَطِيعُ أَنْ نَأْتِيَكَ إِلَّا فِي الشَّهْرِ الْحَرَامِ، وَبَيْنَنَا وَبَيْنَكَ هَذَا الْحَيُّ مِنْ كُفَّارِ مُضَرَ، فَمُرْنَا بِأَمْرٍ فَصْلٍ نُخْبِرْ بِهِ مَنْ وَرَاءَنَا، وَنَدْخُلُ بِهِ الْجَنَّةَ. وَسَأَلُوهُ عَنِ الْأَشْرِبَةِ: فَأَمَرَهُمْ بِأَرْبَعٍ، وَنَهَاهُمْ عَنْ أَرْبَعٍ، أَمَرَهُمْ: بِالْإِيمَانِ بِاللهِ وَحْدَهُ، قَالَ: أَتَدْرُونَ مَا الْإِيمَانُ بِاللهِ وَحْدَهُ؟ قَالُوا: اللهُ وَرَسُولُهُ أَعْلَمُ. قَالَ: شَهَادَةُ أَنْ لَا إِلَهَ إِلَّا اللهُ وَأَنَّ مُحَمَّدًا رَسُولُ اللهِ، وَإِقَامُ الصَّلَاةِ، وَإِيتَاءُ الزَّكَاةِ، وَصِيَامُ رَمَضَانَ، وَأَنْ تُعْطُوا مِنَ الْمَغْنَمِ الْخُمُسَ. وَنَهَاهُمْ عَنْ أَرْبَعٍ: عَنِ الْحَنْتَمِ وَالدُّبَّاءِ وَالنَّقِيرِ وَالْمُزَفَّتِ. وَرُبَّمَا قَالَ: الْمُقَيَّرِ. وَقَالَ: احْفَظُوهُنَّ وَأَخْبِرُوا بِهِنَّ مَنْ وَرَاءَكُمْ.,އަބޫ ޖަމްރާ ރިވާ ކުރެއްވިއެވެ: އިބްނު ޢައްބާސް އަރިހުގައި ތިމަން އިށީނދެ އުޅުނީމެވެ. އިބްނު ޢައްބާސް ތިމަން އިށީންނުވަނީ އެކަލޭގެފަނުގެ އެނދުކޮޅުގައެވެ. އިބްނު ޢައްބާސް ދެންނެވިއެވެ: ތިމަންނަގެ މުދަލުން ބައެއް ތިބާއަށް ކަނޑައަޅަންދެން ތިމަންނައާއެކު ހުންނާށެވެ. ދެން ތިމަންނަ އެކަލޭގެފާނާއެކު ދެ މަސްދުވަސް ވާންދެން ހުރީމެވެ. ދެން އިބްނު އައްބާސް ދެންނެވިއެވެ: ހަމަކަށަވަރުން ނަބިއްޔާ ﷺ ގެ އަރިހަށް ޢަބްދުލް ގައިސްގެ ވަފްދު އަތުވި ހިނދު ޙަދީޘް ކުރެއްވިއެވެ: ”(ތިޔައީ) ކޮން ބަޔެއްތޯއެވެ؟“ އެބައިމީހުން ދެންނެވިއެވެ: (ތިމަންމެންނީ) ރަބީޢާ (ވަންހައިގެ މީހުންނެވެ.) ނަބިއްޔާ ޙާދީޘް ކުރެއްވިއެވެ: ”އެއްވެސް ގެއްލުމެއް އަދި ހިތާމައެއް ލިބިފައިނުވާ ތިޔަބައިމީހުންނަށް މަރުހާބާއެވެ.“ އެބައިމީހުން ދެންނެވިއެވެ: އޭ ﷲ ގެ ރަސޫލާއެވެ. ހަމަކަށަވަރުން އިބަ ނަބިއްޔާގެ އަރިހަށް ހުރުމަތްތެރިވެގެންވާ މަސްތަކުގައި މެނުވީ ތިމަންމެންނަކަށް ނާދެވެއެވެ. އަދި ތިމަންމެންނާއި އިބަ ނަބިއްޔާއާ ދެމެދު މުޟަރު ގަބީލާގެ މިވެނި ކާފަރުންގެ އަވަށެއް ވެއެވެ. ވީމާ ތިމަންމެންގެ ފަހަތުގައި (ރަށުގައިވާ) ބަޔަކަށް އެކަމުގެ ޚަބަރު ދެވޭނެ އަދި އެކަމުގެ ސަބަބުން ތިމަންމެން ސުވަރުގެ ވަދެވޭނެ ކަނޑައެޅިގެންވާ (ސާފު) އަމުރަކުން ތިމަންމެންނަށް އަމުރު ކުރައްވާށެވެ. އަދި އެބައިމީހިން ބޯތަކެއްޗާއި މެދު ނަބިއްޔާއަށް ސުވާލު ކުރެއްވިއެވެ. ދެން ނަބިއްޔާ އެބައިމީހުންނަށް ހަތަރު ކަމަކަށް އަމުރު ކުރެއްވިއެވެ. އަދި ހަތަރު ކަމަކުން ނަހީ ކުރެއްވިއެވެ. އެބައިމީހުންނަށް އަމުރު ކުރެއްވީ ހަމައެކަނި ﷲއަށް އީމާން ވުމަށެވެ. ނަބިއްޔާ ޙަދީޘް ކުރެއްވިއެވެ: ”ހަމައެކަނި ﷲއަށް އީމާންވުމަކީ ކޮބައިކަން ތިޔަބައިމީހުންނަށް އެނގިލައްވާތޯއެވެ؟“ އެބައިމީހުން ދެންނެވިއެވެ: އެންމެ މޮޅަށް ދެނެވޮޑިގެންވަނީ ﷲ އެވެ. އަދި އެ އިލާހުގެ ރަސޫލާއެވެ. ނަބިއްޔާ ޙަދީޘް ކުރެއްވިއެވެ: ”(އެއީ) ﷲ ފިޔަވައި އެހެން އެއްވެސް އިލާހެއް ނުވާކަމަށާއި، މުޙައްމަދުގެފާނީ ﷲގެ ރަސޫލާ ކަމަށް ހެކިވުމެވެ. އަދި ނަމާދު ގާއިމުކޮށް، (މުދަލު) ޒަކާތް ދީ، ރަމަޟާން މަހު ރޯދަ ހިފައި، ޣަނީމާ މުދަލުން ފަސްބައިކުޅަ އެއްބައި ތިޔަބައިމީހުން (ﷲ ގެ މަގުގައި) ދިނުމެވެ.“ އަދި ނަބިއްޔާ ހަތަރު ކަމަކުން އެބައިމީހުން ނަހީ ކުރެއްވިއެވެ. އެއީ ޙަންތަމާއި، ދުއްބާއާއި، ނަގީރާއި، އަދި މުޒައްފަތިއެވެ.“ (އަދި މުގައްޔަރު ވެސް ވިދާޅުވެލެއްވިކަމަށް އެކަށީގެންވެއެވެ.) (މިއީ ރާ ހަދަން ބޭނުން ކުރެވުނު ކަންވާރުތަކެވެ.) އަދި ނަބިއްޔާ ޙަދީޘް ކުރެއްވިއެވެ: ”މި (ދެންނެވި) ކަންތައްތައް ދަސްކުރައްވާށެވެ. އަދި ތިޔަބައިމީހުންގެ ފަހަތުގައިވާ ބަޔަކަށް އެ ކަންކަމުގެ ޚަބަރު ދެއްވާށެވެ “.,
صحيح البخاري,54,حَدَّثَنَا عَبْدُ اللهِ بْنُ مَسْلَمَةَ قَالَ: أَخْبَرَنَا مَالِكٌ، عَنْ يَحْيَى بْنِ سَعِيدٍ، عَنْ مُحَمَّدِ بْنِ إِبْرَاهِيمَ، عَنْ عَلْقَمَةَ بْنِ وَقَّاصٍ، عَنْ عُمَرَ: أَنَّ رَسُولَ اللهِ ﷺ قَالَ: الْأَعْمَالُ بِالنِّيَّةِ، وَلِكُلِّ امْرِئٍ مَا نَوَى، فَمَنْ كَانَتْ هِجْرَتُهُ إِلَى اللهِ وَرَسُولِهِ، فَهِجْرَتُهُ إِلَى اللهِ وَرَسُولِهِ، وَمَنْ كَانَتْ هِجْرَتُهُ لِدُنْيَا يُصِيبُهَا أَوِ امْرَأَةٍ يَتَزَوَّجُهَا، فَهِجْرَتُهُ إِلَى مَا هَاجَرَ إِلَيْهِ.,ޢުމަރު ބިން އަލްޚައްޠާބު ރިވާ ކުރެއްވިއެވެ: ރަސޫލު ﷲ ﷺ ޙަދީޘް ކުރެއްވިއެވެ: ”އަމަލުތައް ބިނާ ވެގެން ވަނީ ނިޔަތުގެ މައްޗަށެވެ. އަދި ކޮންމެ މީހަކަށް ވެސް ވަނީ، އެ މީހަކު ނިޔަތް ގަތް ކަމެކެވެ. ވީމާ، މީހަކު ހިޖުރަ ކުރީ ﷲ އާއި އެ އިލާހުގެ ރަސޫލާއަށްޓަކައި ނަމަ، ފަހެ އޭނާގެ ހިޖުރަ ވަނީ ﷲ އާއި އެ އިލާހުގެ ރަސޫލާއަށެވެ. އަދި މީހަކު ހިޖުރަ ކުރީ ދުނިޔެ ހޯދުމަށް ނުވަތަ އަންހެނަކާ އިނުމަށް ކަމުގައި ވަނީ ނަމަ، ފަހެ އެ މީހެއްގެ ހިޖުރަ ވަނީ، އޭނާ އެ ހިޖުރަ ކުރި ކަމަކަށެވެ.“,b1
صحيح البخاري,55,حَدَّثَنَا حَجَّاجُ بْنُ مِنْهَالٍ قَالَ: حَدَّثَنَا شُعْبَةُ قَالَ: أَخْبَرَنِي عَدِيُّ بْنُ ثَابِتٍ قَالَ: سَمِعْتُ عَبْدَ اللهِ بْنَ يَزِيدَ، عَنْ أَبِي مَسْعُودٍ، عَنِ النَّبِيِّ ﷺ قَالَ: إِذَا أَنْفَقَ الرَّجُلُ عَلَى أَهْلِهِ يَحْتَسِبُهَا، فَهُوَ لَهُ صَدَقَةٌ.,އަބޫ މަސްޢޫދު ރިވާ ކުރެއްވިއެވެ: ނަބިއްޔާ ﷺ ޙަދީޘް ކުރެއްވިއެވެ: ”މީހަކު ސަވާބަށް އެދި އޭނާގެ އާއިލާއަށް ޚަރަދުކޮށްފި ކަމުގައި ވާނަމަ، ފަހެ އެއީ އޭނާއަށްވާ ޞަދަގާތެކެވެ.“,
صحيح البخاري,56,حَدَّثَنَا الْحَكَمُ بْنُ نَافِعٍ قَالَ: أَخْبَرَنَا شُعَيْبٌ، عَنِ الزُّهْرِيِّ قَالَ: حَدَّثَنِي عَامِرُ بْنُ سَعْدٍ، عَنْ سَعْدِ بْنِ أَبِي وَقَّاصٍ أَنَّهُ أَخْبَرَهُ: أَنَّ رَسُولَ اللهِ ﷺ قَالَ: إِنَّكَ لَنْ تُنْفِقَ نَفَقَةً تَبْتَغِي بِهَا وَجْهَ اللهِ إِلَّا أُجِرْتَ عَلَيْهَا، حَتَّى مَا تَجْعَلُ فِي فِي امْرَأَتِكَ.,ސަޢުދު ބިން އަބީ ވައްގާޞް ރިވާ ކުރެއްވިއެވެ: ރަސޫލު ﷲ ﷺ ޙަދީޘް ކުރެއްވިއެވެ: ”ހަމަކަށަވަރުން ތިބާ ﷲގެ ވަޖްހުފުޅު އަދައިގެން އެއްވެސް ޚަރަދެއްކޮށްފި ކަމުގައި ވާނަމަ، އެ ކަމަށްޓަކައި ތިބާއަށް ސަވާބު ލިބިގެން މެނުވީ ނުދާނެއެވެ. އެއީ ތިބާގެ އަނބިމީހާގެ އަނގަޔަށް ލަވާ ކާއެތިކޮޅު ވިޔަސްމެއެވެ.“,
صحيح البخاري,56,"إِنَّكَ لَنْ تُنْفِقَ نَفَقَةً تَبْتَغِي بِهَا وَجْهَ اللَّهِ إِلَّا أُجِرْتَ عَلَيْهَا حَتَّى مَا تَجْعَلُ فِي فَمِ امْرَأَتِكَ""",އަނބިމީހާގެ އަނގަޔަށް ލަވައިދޭ ކާއެތިކޮޅުގެ ސުވާއިންވެސް ދަރުމަ ލިބެއެވެ.,
صحيح البخاري,57,حَدَّثَنَا مُسَدَّدٌ قَالَ: حَدَّثَنَا يَحْيَى، عَنْ إِسْمَاعِيلَ قَالَ: حَدَّثَنِي قَيْسُ بْنُ أَبِي حَازِمٍ، عَنْ جَرِيرِ بْنِ عَبْدِ اللهِ قَالَ: بَايَعْتُ رَسُولَ اللهِ ﷺ عَلَى إِقَامِ الصَّلَاةِ، وَإِيتَاءِ الزَّكَاةِ، وَالنُّصْحِ لِكُلِّ مُسْلِمٍ.,ޖަރީރު ބިން ޢަބްދު ﷲ ރިވާ ކުރެއްވިއެވެ: ނަމާދު ގާއިމު ކުރުމަށާއި، (މުދަލު) ޒަކާތް ދިނުމަށާއި، ކޮންމެ މުސްލިމަކަށް ނަސޭހަތްތެރިވެ (އިޚްލާޞްތެރިވުމަށް)، ރަސޫލު ﷲ ﷺ އަށް ތިމަންނަ ބައިޢަތު ހިފީމެވެ.,
صحيح البخاري,58,حَدَّثَنَا أَبُو النُّعْمَانِ قَالَ: حَدَّثَنَا أَبُو عَوَانَةَ، عَنْ زِيَادِ بْنِ عِلَاقَةَ قَالَ: سَمِعْتُ جَرِيرَ بْنَ عَبْدِ اللهِ يَقُولُ يَوْمَ مَاتَ الْمُغِيرَةُ بْنُ شُعْبَةَ، قَامَ فَحَمِدَ اللهَ وَأَثْنَى عَلَيْهِ وَقَالَ: عَلَيْكُمْ بِاتِّقَاءِ اللهِ وَحْدَهُ لَا شَرِيكَ لَهُ، وَالْوَقَارِ وَالسَّكِينَةِ، حَتَّى يَأْتِيَكُمْ أَمِيرٌ، فَإِنَّمَا يَأْتِيكُمُ الْآنَ. ثُمَّ قَالَ: اسْتَعْفُوا لِأَمِيرِكُمْ، فَإِنَّهُ كَانَ يُحِبُّ الْعَفْوَ. ثُمَّ قَالَ: أَمَّا بَعْدُ، فَإِنِّي أَتَيْتُ النَّبِيَّ ﷺ قُلْتُ: أُبَايِعُكَ عَلَى الْإِسْلَامِ، فَشَرَطَ عَلَيَّ: وَالنُّصْحِ لِكُلِّ مُسْلِمٍ. فَبَايَعْتُهُ عَلَى هَذَا، وَرَبِّ هَذَا الْمَسْجِدِ إِنِّي لَنَاصِحٌ لَكُمْ. ثُمَّ اسْتَغْفَرَ وَنَزَلَ.,ޒިޔާދު ބިން ޢިލާގާ ރިވާ ކުރެއްވިއެވެ: (މުޢާވިޔާގެ ޚިލާފަތުގައި ކޫފާގެ ވެރިޔާ) އަލްމުޣީރާ ބިން ޝުޢުބާ އަވަހާރަވީ ދުވަހު، ޖަރީރު ބިން ޢަބްދު ﷲ ވިދާޅުވަނިކޮށް ތިމަން އަޑު އެހީމެވެ. އެކަލޭގެފާނު ތެދުވެ ﷲ އަށް ޙަމްދުޘަނާ ލެއްވުމަށް ފަހު ދެންނެވިއެވެ: ތިޔަބައިމީހުންގެ މައްޗާށް އޮތީ ﷲއަށް އެކަނި ތަގުވާވެރި ވުމެވެ. އެ އިލާހަށް އެއްވެސް ޝަރީކަކު ނުވެއެވެ. އަދި ތިޔަބައިމީހުންގެ ގާތަށް (އާ) ވެރިއެއް އަތުވުމަށް ދާންދެން، ތިޔަބައިމީހުންގެ މައްޗަށް އޮތީ ހަމަޖެހިގެން މަޑުމައިތިރިވެ ތިބުމެވެ. މިހާރު (ކައިރި މުސްތަގުބަލެއްގައި) އެ ވެރިޔަކު ތިޔަބައިމީހުންގެ ގާތަށް ހަމަ އަންނާނެކަން ކަށަވަރެވެ. ތިޔަބައިމީހުންގެ (ކުރީގެ) ވެރިމީހާއަށް އަފޫކޮށްދެއްވުން އެދި ދުއާ ކުރާށެވެ. އެހެނީ ހަމަކަށަވަރުން އެކަލޭގެފާނު އަފޫކޮށް (މާފުކޮށް ދިނުމަށް) ލޯބިކޮށް އުޅުނެވެ. އެއަށް ފަހު ދަންނާށެވެ. ހަމަކަށަވަރުން ނަބިއްޔާ ﷺ އަރިހަށް ތިމަން އައިސް ދެންނެވީމެވެ: އިސްލާމްކަމުގެ މައްޗަށް އިބަ ނަބިއްޔާއަށް ތިމަންނަ ބައިޢަތު ހިފަމެވެ. ދެން ކޮންމެ މުސްލިމަކަށް ނަސޭހަތްތެރިވެ (އިޚްލާޞްތެރިވުމަށް) ނަބިއްޔާ ތިމަންނަގެ މައްޗަށް ޝަރުތު ކުރެއްވިއެވެ. އަދި އެކަމުގެ މައްޗަށް ނަބިއްޔާއަށް ތިމަން ބައިޢަތު ހިފީމެވެ. އަދި މި މިސްކިތުގެ ރައްބު ގަންދީ ބުނަމެވެ. ހަމަކަށަވަރުން ތިމަންނައީ ތިޔަބައިމީހުންނަށް ނަސޭހަތްތެރިވާ މީހަކީމެވެ. އެއަށްފަހު ޖަރީރު ފާފަ ފުއްސެވުމަށް އެދި ދަންނަވާފައި (މިންބަރުން) ފޭބިއެވެ.,
صحيح البخاري,59,حَدَّثَنَا مُحَمَّدُ بْنُ سِنَانٍ قَالَ: حَدَّثَنَا فُلَيْحٌ (ح). وَحَدَّثَنِي إِبْرَاهِيمُ بْنُ الْمُنْذِرِ قَالَ: حَدَّثَنَا مُحَمَّدُ بْنُ فُلَيْحٍ قَالَ: حَدَّثَنِي أَبِي قَالَ: حَدَّثَنِي هِلَالُ بْنُ عَلِيٍّ، عَنْ عَطَاءِ بْنِ يَسَارٍ، عَنْ أَبِي هُرَيْرَةَ قَالَ: بَيْنَمَا النَّبِيُّ ﷺ فِي مَجْلِسٍ يُحَدِّثُ الْقَوْمَ، جَاءَهُ أَعْرَابِيٌّ فَقَالَ: مَتَى السَّاعَةُ؟ فَمَضَى رَسُولُ اللهِ ﷺ يُحَدِّثُ، فَقَالَ بَعْضُ الْقَوْمِ: سَمِعَ مَا قَالَ، فَكَرِهَ مَا قَالَ. وَقَالَ بَعْضُهُمْ: بَلْ لَمْ يَسْمَعْ. حَتَّى إِذَا قَضَى حَدِيثَهُ قَالَ: أَيْنَ أُرَاهُ السَّائِلُ عَنِ السَّاعَةِ. قَالَ: هَا أَنَا يَا رَسُولَ اللهِ، قَالَ: فَإِذَا ضُيِّعَتِ الْأَمَانَةُ فَانْتَظِرِ السَّاعَةَ. قَالَ: كَيْفَ إِضَاعَتُهَا؟ قَالَ: إِذَا وُسِّدَ الْأَمْرُ إِلَى غَيْرِ أَهْلِهِ فَانْتَظِرِ السَّاعَةَ.,އަބޫ ހުރައިރާ ރިވާ ކުރެއްވިއެވެ: ނަބިއްޔާ ﷺ މަޖްލިހެއްގައި މީސްތަކުންނާ ޙަދީޘް ކުރައްވަން އިންނަވަނިކޮށް، އަޢުރާބީއަކު އައިސް ދެންނެވިއެވެ: ގިޔާމަތް ވާނެ ވަގުތަކީ ކޮބައިތޯއެވެ؟ ދެން ރަސޫލު ﷲ ﷺ (މެދުކަނޑާ ނުލައްވާ ހަމަ މީސްތަކުންނާ) ޙަދީޘްކުރައްވަން ހުންނެވިއެވެ. މީސްތަކުންގެ ތެރެއިން ބަޔަކު ދެންނެވިއެވެ: އެ ދެންނެވި އެއްޗެއް ނަބިއްޔާއަށް އިވިވަޑައިގަތެވެ. ނަމަވެސް އެ ދެންނެވި އެއްޗަކާމެދު ނުރުހުންވެވަޑައިގަތީއެވެ. އަދި އަނެއް ބަޔަކު ދެންނެވިއެވެ: އެހެނަކުން ނޫނެވެ. ނަބިއްޔާއަށް އިވިވަޑައި ނުގަންނަވައެވެ. ދެން އެންމެފަހުން ނަބިއްޔާގެ ވާހަކަފުޅު ނިންމަވާފައި ޙަދީޘް ކުރެއްވިއެވެ: ”ގިޔާމަތް ވާނެ ވަގުތަކާ ބެހޭ ގޮތުން ސުވާލު ކުރި މީހާ ކޮބައިތޯއެވެ؟“ އެ މީހާ ދެންނެވިއެވެ: އޭ ﷲ ގެ ރަސޫލާއެވެ. ތިމަންނަ މިހުރީއެވެ. ނަބިއްޔާ ޙަދީޘް ކުރެއްވިއެވެ: ”އަމާނަތްތެރިކަން ގެއްލިޖެ ހިނދު ފަހެ ގިޔާމަތަށް އިންތިޒާރު ކުރާށެވެ.“ އެ މީހާ ދެންނިވެއެވެ: އެކަން ގެއްލި ދާނީ ކިހިނަކުންތޯއެވެ؟ ނަބިއްޔާ ޙަދީޘް ކުރެއްވިއެވެ: ”ކަންތައްތައް އޭގެ އަހުލުވެރިން ނޫން ބަޔަކާ ހަވާލު ކުރެވިއްޖެ ހިނދު ފަހެ ގިޔާމަތަށް އިންތިޒާރު ކުރާށެވެ.“,
صحيح البخاري,60,حَدَّثَنَا أَبُو النُّعْمَانِ عَارِمُ بْنُ الْفَضْلِ قَالَ: حَدَّثَنَا أَبُو عَوَانَةَ، عَنْ أَبِي بِشْرٍ، عَنْ يُوسُفَ بْنِ مَاهَكَ، عَنْ عَبْدِ اللهِ بْنِ عَمْرٍو قَالَ: تَخَلَّفَ عَنَّا النَّبِيُّ ﷺ فِي سَفْرَةٍ سَافَرْنَاهَا، فَأَدْرَكَنَا وَقَدْ أَرْهَقَتْنَا الصَّلَاةُ وَنَحْنُ نَتَوَضَّأُ، فَجَعَلْنَا نَمْسَحُ عَلَى أَرْجُلِنَا، فَنَادَى بِأَعْلَى صَوْتِهِ: وَيْلٌ لِلْأَعْقَابِ مِنَ النَّارِ. مَرَّتَيْنِ أَوْ ثَلَاثًا.,ޢަބްދު ﷲ ބިން ޢަމްރު ރިވާ ކުރެއްވިއެވެ: ތިމަންމެންނާއެކު ކުރެއްވި ދަތުރުފުޅެއްގައި ނަބިއްޔާ ﷺ ފަހަތަށް ޖެހިވަޑައިގަތެވެ. ދެން ނަބިއްޔާ ތިމަންމެންނާ ހަމަ ކުރެއްވީ ނަމާދު ވަގުތު ކުޑަތަންވެފައި ވަނިކޮށް، ތިމަންމެން ވުޟޫ ކުރަން ހުއްޓައެވެ. ވީމާ (ރަނގަޅަށް ފައި ނުދޮވެ) ތިމަންމެންގެ ފައިތަކު މަތީ (ހަމައެކަނި) ފެން ފޮހެމުން ދިޔައިމެވެ. ދެން ނަބިއްޔާ އަޑުފުޅުގެ ކޮޅަށް ދެތިން ފަހަރު ގޮވާލެއްވިއެވެ: ”ނަރަކައިން ފުންނާބުތަކަށް ހަލާކު ހުއްޓެވެ.“ (އެބަހީ: ރަނގަޅަށް ނުދޮވުމުގެ ސަބަބުން ފުންނާބުތައް ނަރަކައިގެ އަޒާބުން ސަލާމަތް ކުރާށެވެ.),
صحيح البخاري,61,حَدَّثَنَا قُتَيْبَةُ، حَدَّثَنَا إِسْمَاعِيلُ بْنُ جَعْفَرٍ، عَنْ عَبْدِ اللهِ بْنِ دِينَارٍ، عَنِ ابْنِ عُمَرَ قَالَ: قَالَ رَسُولُ اللهِ ﷺ: إِنَّ مِنَ الشَّجَرِ شَجَرَةً لَا يَسْقُطُ وَرَقُهَا، وَإِنَّهَا مَثَلُ الْمُسْلِمِ، فَحَدِّثُونِي مَا هِيَ؟ فَوَقَعَ النَّاسُ فِي شَجَرِ الْبَوَادِي. قَالَ عَبْدُ اللهِ: وَوَقَعَ فِي نَفْسِي أَنَّهَا النَّخْلَةُ، فَاسْتَحْيَيْتُ. ثُمَّ قَالُوا: حَدِّثْنَا مَا هِيَ يَا رَسُولَ اللهِ؟ قَالَ: هِيَ النَّخْلَةُ.,އިބްނު ޢުމަރު ރިވާ ކުރެއްވިއެވެ: ރަސޫލު ﷲ ﷺ ޙަދީޘް ކުރެއްވިއެވެ: ”ހަމަކަށަވަރުން ގަސްތަކުގެ ތެރެއިން، އެ ގަހަކުން ފަތް ނުފައިބައި ގަހެއް ވެއެވެ. އަދި ހަމަކަށަވަރުން އެއީ މުސްލިމެއްގެ މިސާލެވެ. ވީމާ އެއީ ކޮން ގަހެއްތޯ ތިމަން ނަބިއްޔާއަށް ބުނެދެއްވާށެވެ.“ ދެން ބާދިޔާގެ ގަސްތަކާ މެދު މީސްތަކުން ވިސްނައި ފިކުރު ކުރިއެވެ. އަދި އެއީ ކަދުރު ރުއްކަމަށް ތިމަންނަގެ ހިތަށް އެރިއެވެ. އެހެނެއްކަމަކު (އެ ވާހަކަ ދަންނަވަން) ތިމަން ލަދުގަތީމެވެ. އެއަށްފަހު މީސްތަކުން ދެންނެވިއެވެ: އޭ ﷲ ގެ ރަސޫލާއެވެ. އެއީ ކޮން ގަހެއްތޯ ތިމަންމެންނަށް ބުނެދެއްވާށެވެ. ނަބިއްޔާ ޙަދީޘް ކުރެއްވިއެވެ: ”އެއީ ކަދުރު ރުކެވެ.“,
صحيح البخاري,62,حَدَّثَنَا خَالِدُ بْنُ مَخْلَدٍ، حَدَّثَنَا سُلَيْمَانُ، حَدَّثَنَا عَبْدُ اللهِ بْنُ دِينَارٍ، عَنِ ابْنِ عُمَرَ، عَنِ النَّبِيِّ ﷺ قَالَ: إِنَّ مِنَ الشَّجَرِ شَجَرَةً لَا يَسْقُطُ وَرَقُهَا، وَإِنَّهَا مَثَلُ الْمُسْلِمِ، حَدِّثُونِي مَا هِيَ؟ قَالَ: فَوَقَعَ النَّاسُ فِي شَجَرِ الْبَوَادِي. قَالَ عَبْدُ اللهِ: فَوَقَعَ فِي نَفْسِي أَنَّهَا النَّخْلَةُ، فَاسْتَحْيَيْتُ. ثُمَّ قَالُوا: حَدِّثْنَا مَا هِيَ يَا رَسُولَ اللهِ؟ قَالَ: هِيَ النَّخْلَةُ.,އިބްނު ޢުމަރު ރިވާ ކުރެއްވިއެވެ: ނަބިއްޔާ ﷺ ޙަދީޘް ކުރެއްވިއެވެ: ”ހަމަކަށަވަރުން ގަސްތަކުގެ ތެރެއިން، އެ ގަހަކުން ފަތް ނުފައިބައި ގަހެއް ވެއެވެ. އަދި ހަމަކަށަވަރުން އެއީ މުސްލިމެއްގެ މިސާލެވެ. ވީމާ އެއީ ކޮން ގަހެއްތޯ ތިމަން ނަބިއްޔާއަށް ބުނެދެއްވާށެވެ.“ ދެން ބާދިޔާގެ ގަސްތަކާ މެދު މީސްތަކުން ވިސްނައި ފިކުރު ކުރިއެވެ. އަދި އެއީ ކަދުރު ރުއްކަމަށް ތިމަންނަގެ ހިތަށް އެރިއެވެ. އެހެނެއްކަމަކު (އެ ވާހަކަ ދަންނަވަން) ތިމަން ލަދުގަތީމެވެ. އެއަށްފަހު މީސްތަކުން ދެންނެވިއެވެ: އޭ ﷲ ގެ ރަސޫލާއެވެ. އެއީ ކޮން ގަހެއްތޯ ތިމަންމެންނަށް ބުނެދެއްވާށެވެ. ނަބިއްޔާ ޙަދީޘް ކުރެއްވިއެވެ: ”އެއީ ކަދުރު ރުކެވެ.“,
صحيح البخاري,63,حَدَّثَنَا عَبْدُ اللهِ بْنُ يُوسُفَ قَالَ: حَدَّثَنَا اللَّيْثُ، عَنْ سَعِيدٍ هُوَ الْمَقْبُرِيُّ، عَنْ شَرِيكِ بْنِ عَبْدِ اللهِ بْنِ أَبِي نَمِرٍ، أَنَّهُ سَمِعَ أَنَسَ بْنَ مَالِكٍ يَقُولُ: بَيْنَمَا نَحْنُ جُلُوسٌ مَعَ النَّبِيِّ ﷺ فِي الْمَسْجِدِ دَخَلَ رَجُلٌ عَلَى جَمَلٍ، فَأَنَاخَهُ فِي الْمَسْجِدِ، ثُمَّ عَقَلَهُ، ثُمَّ قَالَ لَهُمْ: أَيُّكُمْ مُحَمَّدٌ؟ وَالنَّبِيُّ ﷺ مُتَّكِئٌ بَيْنَ ظَهْرَانَيْهِمْ. فَقُلْنَا: هَذَا الرَّجُلُ الْأَبْيَضُ الْمُتَّكِئُ. فَقَالَ لَهُ الرَّجُلُ: ابْنَ عَبْدِ الْمُطَّلِبِ. فَقَالَ لَهُ النَّبِيُّ ﷺ: قَدْ أَجَبْتُكَ. فَقَالَ الرَّجُلُ لِلنَّبِيِّ ﷺ: إِنِّي سَائِلُكَ فَمُشَدِّدٌ عَلَيْكَ فِي الْمَسْأَلَةِ، فَلَا تَجِدْ عَلَيَّ فِي نَفْسِكَ. فَقَالَ: سَلْ عَمَّا بَدَا لَكَ فَقَالَ: أَسْأَلُكَ بِرَبِّكَ وَرَبِّ مَنْ قَبْلَكَ، آللهُ أَرْسَلَكَ إِلَى النَّاسِ كُلِّهِمْ؟ فَقَالَ: اللَّهُمَّ نَعَمْ. قَالَ: أَنْشُدُكَ بِاللهِ، آللهُ أَمَرَكَ أَنْ نُصَلِّيَ الصَّلَوَاتِ الْخَمْسَ فِي الْيَوْمِ وَاللَّيْلَةِ؟ قَالَ: اللَّهُمَّ نَعَمْ. قَالَ: أَنْشُدُكَ بِاللهِ، آللهُ أَمَرَكَ أَنْ نَصُومَ هَذَا الشَّهْرَ مِنَ السَّنَةِ؟ قَالَ: اللَّهُمَّ نَعَمْ. قَالَ: أَنْشُدُكَ بِاللهِ، آللهُ أَمَرَكَ أَنْ تَأْخُذَ هَذِهِ الصَّدَقَةَ مِنْ أَغْنِيَائِنَا فَتَقْسِمَهَا عَلَى فُقَرَائِنَا؟ فَقَالَ النَّبِيُّ ﷺ: اللَّهُمَّ نَعَمْ. فَقَالَ الرَّجُلُ: آمَنْتُ بِمَا جِئْتَ بِهِ، وَأَنَا رَسُولُ مَنْ وَرَائِي مِنْ قَوْمِي، وَأَنَا ضِمَامُ بْنُ ثَعْلَبَةَ أَخُو بَنِي سَعْدِ بْنِ بَكْرٍ. رَوَاهُ مُوسَى، وَعَلِيُّ بْنُ عَبْدِ الْحَمِيدِ، عَنْ سُلَيْمَانَ، عَنْ ثَابِتٍ، عَنْ أَنَسٍ، عَنِ النَّبِيِّ ﷺ بِهَذَا.,އަނަސް ބިން މާލިކު ރިވާ ކުރެއްވިއެވެ: ނަބިއްޔާ ﷺ ގެ އަރިހުގައި ތިމަންމެން މިސްކިތުގައި އިށީނދެ ތިއްބާ، ޖަމަލެއް މަތީ އައިސް މީހަކު ވަނެވެ. ދެން މިސްކިތުގައި އެ ޖަމަލު ބަނޑު ޖައްސާފައި އެއްސިއެވެ. އަދި އޭނާ މީސްތަކުންނަށް ދެންނެވިއެވެ: ތިޔަބައިމީހުންގެ ތެރެއިން މުޙައްމަދުގެފާނީ ކާކުތޯއެވެ؟ އެ ވަގުތު ނަބިއްޔާ ﷺ އިންނެވީ އެބައިމީހުންގެ ތެރޭގައި ލެނގިލައްވައިގެންނެވެ. ދެން ތިމަންމެން ބުނީމެވެ: އެއީ މި ދޮން، ލެނގިލައްވައިގެން އިންނެވި ބޭކަލެވެ. އޭނާ ނަބިއްޔާއަށް ދެންނެވިއެވެ: (އޭ) ޢަބްދުލް މުއްޠަލިބުގެ ދަރިކަލުންނެވެ. ނަބިއްޔާ އޭނާއަށް ޙަދީޘް ކުރެއްވިއެވެ: ”ތިމަން ނަބިއްޔާ ތިބާއަށް ޖަވާބު ދެއްވައިފީމެވެ.“ (އެބަހީ: އަޑު އައްސަވައިފީމެވެ.) ދެން އެ މީހާ ނަބިއްޔާ ﷺ އަށް ދެންނެވިއެވެ: ހަމަކަށަވަރުން ތިމަންނަ އިބަ ނަބިއްޔާ ސުވާލު ކުރާނަމެވެ. އަދި ސުވާލު ކުރުމުގައި ހަރުކަށި ވާނަމެވެ. ވީމާ ތިމަންނައަށް ހިތްބަރު ނުކުރައްވާށެވެ. ނަބިއްޔާ ޙަދީޘް ކުރެއްވިއެވެ: ”ބޭނުން ކަމަކާމެދު ސުވާލު ކުރައްވާށެވެ.“ އެ މީހާ ދެންނެވިއެވެ: އިބަ ނަބިއްޔާގެ ރައްބު އަދި އިބަ ނަބިއްޔާގެ ކުރީގެ މީސްތަކުންގެ ވެސް ރައްބު ގަންދީ ދަންނަވަމެވެ. އިބަ ނަބިއްޔާ ރަސޫލުކަމައިގެން އެންމެހައި މީސްތަކުންނަށް ﷲ ފޮނުއްވިތޯއެވެ؟ ނަބިއްޔާ ޙަދީޘް ކުރެއްވިއެވެ: ”اللَّهُمَّ އާއެކެވެ.“ (ނޯޓު: މިއީ އަޑު އަހާ މީހާއަށް ޖަވާބު ކަށަވަރު ކޮށްދިނުމުގެ ގޮތުން ބޭނުން ކުރެއްވި އިބާރާތެކެވެ.) އެ މީހާ ދެންނެވިއެވެ: ﷲ ގަންދީ ދަންނަވަމެވެ. ރެއަކާއި ދުވާލު ތިމަންމެން (ފަރުޟު) ފަސް ނަމާދު ކުރުމަށް އިބަ ނަބިއްޔާއަށް ﷲ އަމުރު ކުރެއްވީތޯއެވެ؟ ނަބިއްޔާ ޙަދީޘް ކުރެއްވިއެވެ: ”اللَّهُمَّ އާއެކެވެ.“ އެ މީހާ ދެންނެވިއެވެ: ﷲ ގަންދީ ސުވާލު ދަންނަވަމެވެ. އަހަރުގެ ތެރެއިން މި (ރަމަޟާން) މަހު ތިމަންމެން ރޯދަ ހިފުމަށް އިބަ ނަބިއްޔާއަށް ﷲ އަމުރު ކުރެއްވީތޯއެވެ؟ ނަބިއްޔާ ޙަދީޘް ކުރެއްވިއެވެ: ”اللَّهُمَّ އާއެކެވެ.“ އެ މީހާ ދެންނެވިއެވެ: ﷲ ގަންދީ ސުވާލު ކުރަމެވެ. ތިމަންމެންގެ މުއްސަނދީންގެ އަތުން އިބަ ނަބިއްޔާ މި (މުދަލު ޒަކާތުގެ) ސަދަގާތް ނަންގަވައި، ތިމަންމެންގެ ފަގީރުންނަށް ބެއްސެވުމަށް ﷲ އަމުރު ކުރެއްވީތޯއެވެ؟ ނަބިއްޔާ ޙަދީޘް ކުރެއްވިއެވެ: ”اللَّهُمَّ އާއެކެވެ.“ ދެން އެ މީހާ ދެންނެވިއެވެ: އިބަ ނަބިއްޔާ ގެންނެވި ކަންކަމަށް ތިމަން އީމާން ވެއްޖެއީމެވެ. އަދި ތިމަންނައި، ތިމަންނަގެ ފަހަތުގައި ތިބި ގައުމުގެ މީހުންގެ ފަރާތުން އައި މީހަކީމުއެވެ. އަދި ތިމަންނައީ ބަނީ ސަޢުދު ބިން ބަކްރު ގަބީލާގެ ޟިމާމް ބިން ޘަޢުލަބާއެވެ.,
صحيح البخاري,64,حَدَّثَنَا إِسْمَاعِيلُ بْنُ عَبْدِ اللهِ قَالَ: حَدَّثَنِي إِبْرَاهِيمُ بْنُ سَعْدٍ، عَنْ صَالِحٍ، عَنِ ابْنِ شِهَابٍ، عَنْ عُبَيْدِ اللهِ بْنِ عَبْدِ اللهِ بْنِ عُتْبَةَ بْنِ مَسْعُودٍ: أَنَّ عَبْدَ اللهِ بْنَ عَبَّاسٍ أَخْبَرَهُ: أَنَّ رَسُولَ اللهِ ﷺ بَعَثَ بِكِتَابِهِ رَجُلًا، وَأَمَرَهُ أَنْ يَدْفَعَهُ إِلَى عَظِيمِ الْبَحْرَيْنِ، فَدَفَعَهُ عَظِيمُ الْبَحْرَيْنِ إِلَى كِسْرَى، فَلَمَّا قَرَأَهُ مَزَّقَهُ، فَحَسِبْتُ أَنَّ ابْنَ الْمُسَيِّبِ قَالَ: فَدَعَا عَلَيْهِمْ رَسُولُ اللهِ ﷺ أَنْ يُمَزَّقُوا كُلَّ مُمَزَّقٍ.,ޢަބްދު ﷲ ބިން ޢައްބާސް ރިވާ ކުރެއްވިއެވެ: ރަސޫލު ﷲ ﷺ ގެ ސިޓީފުޅަކައިގެން އެކަލޭގެފާނު މީހަކު ފޮނުއްވިއެވެ. އަދި އޭނާއަށް އަމުރު ކުރެއްވީ ބަޙްރައިންގެ ވެރިޔާއަށް އެ ސިޓީފުޅު އެރުވުމަށެވެ. ދެން ބަޙްރައިންގެ ވެރިޔާ އެ ސިޓީފުޅު ދެއްވީ (އޭނާގެ އަދި ފާރިސިންގެ ވެރިޔާ) ކިސްރާއަށެވެ. އަދި ކިސްރާ އެ ސިޓީފުޅު ކިޔާ ނިމުމުން އެ އިރާލައި ކުދިކުދިކޮށްފިއެވެ. (ޙަދީޘްގެ ރާވީއެއް ކަމަށްވާ އިބްނު ޝިހާބު އައްޒުހްރީ ވިދާޅުވިއެވެ:) ތިމަންނަ ހީކުރާ ގޮތުން، އިބްނުލް މުސައްޔިބު ވިދާޅުވިއެވެ: ދެން އެބައިމީހުން މުޅީން ކުދިކުދިވެ ވިއްސިވިހާލިވެގެން ދިޔުމަށް އެދި ރަސޫލާ ﷺ ދުއާ ކުރެއްވިއެވެ.,
صحيح البخاري,65,حَدَّثَنَا مُحَمَّدُ بْنُ مُقَاتِلٍ أَبُو الْحَسَنِ، أَخْبَرَنَا عَبْدُ اللهِ قَالَ: أَخْبَرَنَا شُعْبَةُ، عَنْ قَتَادَةَ، عَنْ أَنَسِ بْنِ مَالِكٍ قَالَ: كَتَبَ النَّبِيُّ ﷺ كِتَابًا أَوْ أَرَادَ أَنْ يَكْتُبَ فَقِيلَ لَهُ: إِنَّهُمْ لَا يَقْرَءُونَ كِتَابًا إِلَّا مَخْتُومًا. فَاتَّخَذَ خَاتَمًا مِنْ فِضَّةٍ نَقْشُهُ: مُحَمَّدٌ رَسُولُ اللهِ، كَأَنِّي أَنْظُرُ إِلَى بَيَاضِهِ فِي يَدِهِ. فَقُلْتُ لِقَتَادَةَ: مَنْ قَالَ: نَقْشُهُ مُحَمَّدٌ رَسُولُ اللهِ؟ قَالَ: أَنَسٌ.,އަނަސް ބިން މާލިކު ރިވާ ކުރެއްވިއެވެ: ނަބިއްޔާ ﷺ ސިޓީފުޅެއް ލިޔުއްވިއެވެ. ނުވަތަ ލިޔުއްވަން ގަސްދު ކުރެއްވިއެވެ. ނަބިއްޔާއަށް ދެންނެވުނެވެ: ހަމަކަށަވަރުން ސިއްކަ ޖަހާފައިވާ ސިޓީއެއް މެނުވީ އެ ވެރިން ނުކިޔާނެވެ. ދެން ރިހި އަނގޮޓިކޮޅެއް ސިއްކަ ޖެހުމަށް ޓަކައި ނަބިއްޔާ ނެންގެވިއެވެ. އޭގައި ކަނޑާނެގިފައި ވަނީ محمد رسول الله މި ފަދައިންނެވެ. ނަބިއްޔާގެ އަތްޕުޅުގައި އެ އަނގޮޓިކޮޅުގެ ހުދު (ވިދުން) ތިމަންނައަށް (މިހާރުވެސް) ފެންނަ ފަދައެވެ.,
صحيح البخاري,66,حَدَّثَنَا إِسْمَاعِيلُ قَالَ: حَدَّثَنِي مَالِكٌ، عَنْ إِسْحَاقَ بْنِ عَبْدِ اللهِ بْنِ أَبِي طَلْحَةَ: أَنَّ أَبَا مُرَّةَ مَوْلَى عَقِيلِ بْنِ أَبِي طَالِبٍ أَخْبَرَهُ: عَنْ أَبِي وَاقِدٍ اللَّيْثِيِّ: أَنَّ رَسُولَ اللهِ ﷺ بَيْنَمَا هُوَ جَالِسٌ فِي الْمَسْجِدِ وَالنَّاسُ مَعَهُ، إِذْ أَقْبَلَ ثَلَاثَةُ نَفَرٍ، فَأَقْبَلَ اثْنَانِ إِلَى رَسُولِ اللهِ ﷺ، وَذَهَبَ وَاحِدٌ، قَالَ: فَوَقَفَا عَلَى رَسُولِ اللهِ ﷺ، فَأَمَّا أَحَدُهُمَا: فَرَأَى فُرْجَةً فِي الْحَلْقَةِ فَجَلَسَ فِيهَا، وَأَمَّا الْآخَرُ: فَجَلَسَ خَلْفَهُمْ، وَأَمَّا الثَّالِثُ: فَأَدْبَرَ ذَاهِبًا. فَلَمَّا فَرَغَ رَسُولُ اللهِ ﷺ قَالَ: أَلَا أُخْبِرُكُمْ عَنِ النَّفَرِ الثَّلَاثَةِ؟ أَمَّا أَحَدُهُمْ فَأَوَى إِلَى اللهِ فَآوَاهُ اللهُ، وَأَمَّا الْآخَرُ فَاسْتَحْيَا فَاسْتَحْيَا اللهُ مِنْهُ، وَأَمَّا الْآخَرُ فَأَعْرَضَ فَأَعْرَضَ اللهُ عَنْهُ.,އަބޫ ވާގިދު އަލްލައިޘީ ރިވާ ކުރެއްވިއެވެ: ރަސޫލު ﷲ ﷺ މިސްކިތުގައި މީސްތަކުންނާއެކު އިށީނދެ ތިއްބަވަނިކޮށް، ތިން މީހަކު އަތުވެއްޖެއެވެ. ދެން (އޭގެ ތެރެއިން) ދެ މީހަކު ރަސޫލު ﷲ ﷺ ގެ ގާތަށް ކުރިއަށް ޖެހުނެވެ. އަދި އެކަކު ހިނގައްޖެއެވެ.(އެ ގޮތުން ގާތްވި) ދެ މީހުން ރަސޫލު ﷲ ﷺ ގެ ކައިރީގައި ކޮއްޅަށް ހުއްޓެވެ. އޭގެ ތެރެއިން އެކަކަށް މަޖިލިހުގައި ހުސް ޖާގައެއް ފެނުމުން އެ ތަނުގައި އިށީނދެއްޖެއެވެ. އަދި އަނެކަކު އެ އެއްވުމުގެ ފަހަތުގައި އިށީންދެއްޖެއެވެ. އަދި އެ މީހުންގެ ތެރެއިން ހުރި ތިންވަނަ މީހާ އެ ތަނުން ފުރަގަސްދީފައި ހިނގައްޖެއެވެ. ދެން ރަސޫލު ﷲ (ވާހަކަފުޅު ދައްކަވާ) ނިމުމުން ޙަދީޘް ކުރެއްވިއެވެ: ”އެ ތިން މީހުންގެ ޚަބަރު ތިމަން ނަބިއްޔާ ތިޔަބައިމީހުންނަށް ކިޔައި ދެއްވަމުތޯއެވެ؟ އޭގެ ތެރެއިން އެކަކު ﷲ ގެ ހިމާޔަތަށް (އެބަހީ: އެ އިލާހު ޒިކުރު ކުރެވެމުން ދިޔަ މަޖިލިހަށް) ވަދުނެވެ. ވީމާ އެ އިލާހުގެ ހިމާޔަތަށް (ރަޙުމަތަށާއި ރުއްސެވުމަށް) އޭނާ ވެއްދެވިއެވެ. އަދި އޭގެ ތެރެއިން އަނެކަކު (މަޖިލިސް ދޫކޮށް ދިޔުމަށް) ލަދުގަތީއެވެ. ވީމާ ﷲ އޭނާއަށް (ރަޙުމް ކުރައްވައި، އޭނާއަށް އަޒާބު ދެއްވުމަށް) ލަދުވެތިވޮޑިގަތެވެ. އަދި އޭގެ ތެރެއިން އަނެކަކު ފުރަގަސް ދިނެވެ. ވީމާ ﷲ އޭނާއަށް ފުރަގަސް ދެއްވިއެވެ. (އެބަހީ: ކޯފާވެވޮޑިގަތެވެ.),
صحيح البخاري,67,حَدَّثَنَا مُسَدَّدٌ قَالَ: حَدَّثَنَا بِشْرٌ قَالَ: حَدَّثَنَا ابْنُ عَوْنٍ، عَنِ ابْنِ سِيرِينَ، عَنْ عَبْدِ الرَّحْمَنِ بْنِ أَبِي بَكْرَةَ، عَنْ أَبِيهِ: ذَكَرَ النَّبِيَّ ﷺ قَعَدَ عَلَى بَعِيرِهِ، وَأَمْسَكَ إِنْسَانٌ بِخِطَامِهِ أَوْ بِزِمَامِهِ قَالَ: أَيُّ يَوْمٍ هَذَا؟! فَسَكَتْنَا حَتَّى ظَنَنَّا أَنَّهُ سَيُسَمِّيهِ سِوَى اسْمِهِ. قَالَ: أَلَيْسَ يَوْمَ النَّحْرِ؟ قُلْنَا: بَلَى. قَالَ: فَأَيُّ شَهْرٍ هَذَا؟ فَسَكَتْنَا حَتَّى ظَنَنَّا أَنَّهُ سَيُسَمِّيهِ بِغَيْرِ اسْمِهِ. فَقَالَ: أَلَيْسَ بِذِي الْحِجَّةِ؟ قُلْنَا: بَلَى. قَالَ: فَإِنَّ دِمَاءَكُمْ وَأَمْوَالَكُمْ وَأَعْرَاضَكُمْ بَيْنَكُمْ حَرَامٌ كَحُرْمَةِ يَوْمِكُمْ هَذَا، فِي شَهْرِكُمْ هَذَا، فِي بَلَدِكُمْ هَذَا، لِيُبَلِّغِ الشَّاهِدُ الْغَائِبَ، فَإِنَّ الشَّاهِدَ عَسَى أَنْ يُبَلِّغَ مَنْ هُوَ أَوْعَى لَهُ مِنْهُ.,އަބޫ ބަކްރާ ރިވާ ކުރެއްވިއެވެ: ނަބިއްޔާ ﷺ އެކަލޭގެފާނުގެ ޖަމަލުކޮޅުގައި އިންނެވިއެވެ. އަދި އެ ޖަމަލުކޮޅުގެ ލަގަނުގައި މީހަކު ހިފަހައްޓައިގެން ހުއްޓެވެ. ނަބިއްޔާ ޙަދީޘް ކުރެއްވިއެވެ: ”މިއީ ކޮން ދުވަހެއްތޯއެވެ؟“ ތިމަންމެން ހަނުތީބީމެވެ. ދެން ނަބިއްޔާ އެ ދުވަހަށް އެހެން ނަމެއް ދެއްވަފާނެކަމަށް ތިމަންމެންނަށް ހީވާންދެން ހުންނެވުމަށް ފަހު ޙަދީޘް ކުރެއްވިއެވެ: ”މިއީ ނަޙްރު (އެބަހީ: އުޟްޙިޔާ ކަތިލާ) ދުވަހެއް ނޫންތޯއެވެ؟“ ތިމަންމެން ދެންނެވީމެވެ: އާދޭހެވެ. ނަބިއްޔާ ޙަދީޘް ކުރެއްވިއެވެ: ”އަދި މިއީ ކޮން މަހެއްތީއެވެ؟“ ތިމަންމެން ހަނުތީބީމެވެ. ދެން ނަބިއްޔާ އެ މަހަށް އެހެން ނަމެއް ދެއްވަފާނެކަމަށް ތިމަންމެންނަށް ހީވާންދެން ހުންނެވުމަށް ފަހު ޙަދީޘް ކުރެއްވިއެވެ ”މިއީ ޛުލް ޙިއްޖާ ނޫންތޯއެވެ؟“ ތިމަންމެން ދެންނެވީމެވެ: އާދޭހެވެ. ނަބިއްޔާ ޙަދީޘް ކުރެއްވިއެވެ: ”ހަމަކަށަވަރުން ތިޔަބައިމީހުންގެ މި ދުވަހާއި، މި މަހާއި، މި ރަށާއި (އެބަހީ: މައްކާ) ޙުރުމަތްތެރިވެގެންވާ ފަދައިން، ތިޔަބައިމީހުންގެ ލެޔާއި މުދަލާއި އަބުރު ތިޔަބައިމީހުންގެ މެދުގައި ޙުރުމަތްތެރިވެގެން ވެއެވެ. ހެކިވެ (ހާޒިރުގައި ހުރި) މީހާ، ހާޒިރުގައި ނެތް މީހާއަށް (ތިމަން ނަބިއްޔާގެ މި ބަސްފުޅުތައް) ފޯރުކޮށްދެއްވާށެވެ. އެހެނީ ހެކިވެ (ހާޒިރުގައި ހުރި) މީހާ (އަށް އިވުނު ވާހަކަތައް)، އޭނާއަށް ވުރެ މާ ރަނގަޅަށް ފަހުމުވާ މީހަކަށް ފޯރުކޮށްދެއްވަފާނެކަން ކަށަވަރެވެ.,
صحيح البخاري,68,حَدَّثَنَا مُحَمَّدُ بْنُ يُوسُفَ قَالَ: أَخْبَرَنَا سُفْيَانُ، عَنِ الْأَعْمَشِ، عَنْ أَبِي وَائِلٍ، عَنِ ابْنِ مَسْعُودٍ قَالَ: كَانَ النَّبِيُّ ﷺ يَتَخَوَّلُنَا بِالْمَوْعِظَةِ فِي الْأَيَّامِ؛ كَرَاهَةَ السَّآمَةِ عَلَيْنَا.,އިބްނު މަސްޢޫދު ރިވާ ކުރެއްވިއެވެ: ނަބިއްޔާ ﷺ ތިމަންމެންނަށް ވަޢުޡު ދެއްވަނީ، އެ ކަމަށް މުނާސަބުވާ (ވަގުތަކާއި) ދުވަސްތަކަށް ބައްލަވައިގެންނެވެ. އެއީ ތިމަންމެން ފޫހިވެދާނެކަމަށް ޓަކައި ނަބިއްޔާ ނުރުހުންތެރި ވާތީއެވެ.,
صحيح البخاري,69,حَدَّثَنَا مُحَمَّدُ بْنُ بَشَّارٍ قَالَ: حَدَّثَنَا يَحْيَى بْنُ سَعِيدٍ قَالَ: حَدَّثَنَا شُعْبَةُ قَالَ: حَدَّثَنِي أَبُو التَّيَّاحِ، عَنْ أَنَسٍ، عَنِ النَّبِيِّ ﷺ قَالَ: يَسِّرُوا وَلَا تُعَسِّرُوا، وَبَشِّرُوا وَلَا تُنَفِّرُوا.,އަނަސް ރިވާ ކުރެއްވިއެވެ: ނަބިއްޔާ ﷺ ޙަދީޘް ކުރެއްވިއެވެ: ”ތިޔަބައިމީހުން (ކަންތައް) ފަސޭހަ ކުރާށެވެ. އަދި (ކަންތައް) އުނދަގޫ ނުކުރާށެވެ. އަދި ތިޔަބައިމީހުން އުފާވެރި ޚަބަރު ދޭށެވެ. އަދި (މީސްތަކުން) ދުރުވާ ގޮތަށް ކަންތައް ނުކުރާށެވެ.“,
صحيح البخاري,70,حَدَّثَنَا عُثْمَانُ بْنُ أَبِي شَيْبَةَ قَالَ: حَدَّثَنَا جَرِيرٌ، عَنْ مَنْصُورٍ، عَنْ أَبِي وَائِلٍ قَالَ: كَانَ عَبْدُ اللهِ يُذَكِّرُ النَّاسَ فِي كُلِّ خَمِيسٍ، فَقَالَ لَهُ رَجُلٌ: يَا أَبَا عَبْدِ الرَّحْمَنِ، لَوَدِدْتُ أَنَّكَ ذَكَّرْتَنَا كُلَّ يَوْمٍ؟ قَالَ: أَمَا إِنَّهُ يَمْنَعُنِي مِنْ ذَلِكَ أَنِّي أَكْرَهُ أَنْ أُمِلَّكُمْ، وَإِنِّي أَتَخَوَّلُكُمْ بِالْمَوْعِظَةِ كَمَا كَانَ النَّبِيُّ ﷺ يَتَخَوَّلُنَا بِهَا؛ مَخَافَةَ السَّآمَةِ عَلَيْنَا.,އަބޫ ވާއިލު ދެންނެވިއެވެ: ޢަބްދު ﷲ ބިން މަސްޢޫދު މީސްތަކުންނަށް (ދީނީ ނަސޭހަތް ދީ) ހަނދުމަކޮށް ދެއްވަނީ ކޮންމެ ބުރާސްފަތި ދުވަހަކުއެވެ. ދެން މީހަކު އޭނާއަށް ދެންނެވިއެވެ: އޭ އަބޫ ޢަބްދުއްރަޙްމާނެވެ. ހަމަކަށަވަރުން ތިބާ ކޮންމެ ދުވަހަކު ވެސް ތިމަންމެންނަށް (ދީނީ ނަސޭހަތް ދީ) ހަނދުމަކޮށް ދެއްވައި އުޅުމަށް ތިމަން ލޯބި ކުރަމެވެ. އެކަލޭގެފާނު ދެންނެވިއެވެ: ހަމަކަށަވަރުން ތިމަންނަ ތިކަމުން މަނާ ކުރާ ކަމަކީ، ތިޔަބައިމީހުން ފޫހި ކުރުމަށް ތިމަންނަ ނުރުހޭތީއެވެ. އަދި ހަމަކަށަވަރުން ތިމަން ވަޢުޡު ދެއްވުމުގައި ތިޔަބައިމީހުންނަށް މުނާސަބުވާ ވަގުތަކަށް ބަލަމެވެ. އެއީ ހަމަ ނަބިއްޔާ ﷺ ވެސް ތިމަންމެންނަށް އެ ކަމުގައި ބެއްލެވި ގޮތަށެވެ. އެއީ ތިމަންމެން ފޫހިވެދާނެ ކަމަށް ބިރުފުޅުގަންނާތީއެވެ.,
صحيح البخاري,71,حَدَّثَنَا سَعِيدُ بْنُ عُفَيْرٍ قَالَ: حَدَّثَنَا ابْنُ وَهْبٍ، عَنْ يُونُسَ، عَنِ ابْنِ شِهَابٍ قَالَ: قَالَ حُمَيْدُ بْنُ عَبْدِ الرَّحْمَنِ: سَمِعْتُ مُعَاوِيَةَ خَطِيبًا يَقُولُ: سَمِعْتُ النَّبِيَّ ﷺ يَقُولُ: مَنْ يُرِدِ اللهُ بِهِ خَيْرًا يُفَقِّهْهُ فِي الدِّينِ، وَإِنَّمَا أَنَا قَاسِمٌ وَاللهُ يُعْطِي، وَلَنْ تَزَالَ هَذِهِ الْأُمَّةُ قَائِمَةً عَلَى أَمْرِ اللهِ لَا يَضُرُّهُمْ مَنْ خَالَفَهُمْ حَتَّى يَأْتِيَ أَمْرُ اللهِ.,މުޢާވިޔާ ރިވާ ކުރެއްވިއެވެ: ނަބިއްޔާ ﷺ ޙަދީޘް ކުރައްވަނިކޮށް ތިމަން އަޑު އެހީމެވެ: ”ﷲ މީހަކަށް ހެޔޮ ގޮތް އިރާދަ ކުރައްވައިފި ނަމަ، އެ އިލާހު އެ މީހަކަށް ދީން ފަހުމް ކޮށްދެއްވައެވެ. އަދި ތިމަން ނަބިއްޔާއީ ހަމައެކަނި ބަހާ މީހަކީމެވެ. އަދި ދެއްވަނީ ﷲ އެވެ. އަދި ﷲ އަމުރު ކުރެއްވި ގޮތުގެ މަތީގައި ގާއިމުވެ ތިބޭ (ﷲ އާއި އެ އިލާހުގެ ރަސޫލާ އެންގެވި ގޮތުގައި ހިފަހައްޓާ ބަޔަކު) މި އުއްމަތުން ދުވަހަކު ވެސް މެދުކެނޑިގެނެއް ނުދާނެއެވެ. ބަޔަކު އެބައިމީހުންނާ ޚިލާފުވެގަތުމަކުން އެބައިމީހުންނަކަށް އެއްވެސް ގެއްލުމެއް ނުކުރާނެއެވެ. އެއީ ﷲ ގެ ނިޔާފުޅު (އެބަހީ: ގިޔާމަތް ދުވަސް) އަތުވެއްޖައުމަށް ދާންދެނެވެ.“,
صحيح البخاري,72,حَدَّثَنَا عَلِيٌّ، حَدَّثَنَا سُفْيَانُ قَالَ: قَالَ لِي ابْنُ أَبِي نَجِيحٍ، عَنْ مُجَاهِدٍ قَالَ: صَحِبْتُ ابْنَ عُمَرَ إِلَى الْمَدِينَةِ فَلَمْ أَسْمَعْهُ يُحَدِّثُ عَنْ رَسُولِ اللهِ ﷺ إِلَّا حَدِيثًا وَاحِدًا، قَالَ: كُنَّا عِنْدَ النَّبِيِّ ﷺ فَأُتِيَ بِجُمَّارٍ فَقَالَ: إِنَّ مِنَ الشَّجَرِ شَجَرَةً مَثَلُهَا كَمَثَلِ الْمُسْلِمِ. فَأَرَدْتُ أَنْ أَقُولَ: هِيَ النَّخْلَةُ، فَإِذَا أَنَا أَصْغَرُ الْقَوْمِ، فَسَكَتُّ، قَالَ النَّبِيُّ ﷺ: هِيَ النَّخْلَةُ.,އިބްނު ޢުމަރު ރިވާ ކުރެއްވިއެވެ: ތިމަންމެން ނަބިއްޔާ ﷺ ގެ އަރިހުގައި ތިއްބައި، ކަދުރު ރުކުގެ ކުރިގަނޑެއް ނަބިއްޔާއަށް ގެނެވުނެވެ. ދެން ނަބިއްޔާ ޙަދީޘް ކުރެއްވިއެވެ: ”ހަމަކަށަވަރުން ގަސްތަކުގެ ތެރެއިން، އޭގެ މިސާލަކީ މުސްލިމެއްގެ މިސާލު ފަދަ ގަހެއް ވެއެވެ.“ ދެން ތިމަންނަ އެދުނީ އެއީ ކަދުރު ރުއްކަމަށް ދަންނަވަންށެވެ. އެހެނަސް (އެ ތަނުގައި ތިބި) މީހުންގެ ތެރެއިން އެންމެ ހަގުވަނީ ތިމަންނައެވެ. ވީމާ ތިމަންނަ ހަނު ހުރީމެވެ. ނަބިއްޔާ ﷺ ޙަދީޘް ކުރެއްވިއެވެ: ”އެއީ ކަދުރު ރުކެވެ.“,
صحيح البخاري,73,حَدَّثَنَا الْحُمَيْدِيُّ قَالَ: حَدَّثَنَا سُفْيَانُ قَالَ: حَدَّثَنِي إِسْمَاعِيلُ بْنُ أَبِي خَالِدٍ - عَلَى غَيْرِ مَا حَدَّثَنَاهُ الزُّهْرِيُّ - قَالَ: سَمِعْتُ قَيْسَ بْنَ أَبِي حَازِمٍ قَالَ: سَمِعْتُ عَبْدَ اللهِ بْنَ مَسْعُودٍ قَالَ: قَالَ النَّبِيُّ ﷺ: لَا حَسَدَ إِلَّا فِي اثْنَتَيْنِ: رَجُلٌ آتَاهُ اللهُ مَالًا فَسُلِّطَ عَلَى هَلَكَتِهِ فِي الْحَقِّ، وَرَجُلٌ آتَاهُ اللهُ الْحِكْمَةَ فَهُوَ يَقْضِي بِهَا وَيُعَلِّمُهَا.,ޢަބްދު ﷲ ބިން މަސްޢޫދު ރިވާ ކުރެއްވިއެވެ: ނަބިއްޔާ ﷺ ޙަދީޘް ކުރެއްވިއެވެ: ”ދެ ސިފައެއްގައި މެނުވީ ހަސަދަވެރިވުމެއް ނެތެވެ. (އެއީ) ﷲ މީހަކަށް މުދާ ދެއްވުމުން، (އެ އިލާހު އެންގެވި) ޙައްގު ގޮތުގައި އެ މުދާ ހޭދަކޮށް ހުސްކުރުވައެވެ. އަދި ﷲ މީހަކަށް ޙިކުމަތް (އެބަހީ: ގުރުއާނާއި ސުންނަތުގެ ޢިލްމު) ދެއްވުމުން، އޭނާ އެއަށް އަމަލުކޮށް (އެހެން މީހުންނަށް) އުނގަންނައިދެއެވެ.“ (ނޯޓު: މި ތަނުގައި ހަސަދަވެރިވުމޭ ބުނެވޭ ބަހުގެ މާނައަކީ، އެހެން މީހަކަށް ލިބިފައިވާ އެއްޗެއް، އޭނާގެ ކިބައިން ގެއްލި ދިޔުމަށް ނޭދޭ ހާލު، ތިބާއަށް ވެސް ލިބުމަށް އެދުމެވެ.),
صحيح البخاري,74,حَدَّثَنِي مُحَمَّدُ بْنُ غُرَيْرٍ الزُّهْرِيُّ قَالَ: حَدَّثَنَا يَعْقُوبُ بْنُ إِبْرَاهِيمَ قَالَ: حَدَّثَنِي أَبِي، عَنْ صَالِحٍ، عَنِ ابْنِ شِهَابٍ حَدَّثَ أَنَّ عُبَيْدَ اللهِ بْنَ عَبْدِ اللهِ أَخْبَرَهُ عَنِ ابْنِ عَبَّاسٍ أَنَّهُ تَمَارَى هُوَ وَالْحُرُّ بْنُ قَيْسِ بْنِ حِصْنٍ الْفَزَارِيُّ فِي صَاحِبِ مُوسَى، قَالَ ابْنُ عَبَّاسٍ: هُوَ خَضِرٌ. فَمَرَّ بِهِمَا أُبَيُّ بْنُ كَعْبٍ، فَدَعَاهُ ابْنُ عَبَّاسٍ فَقَالَ: إِنِّي تَمَارَيْتُ أَنَا وَصَاحِبِي هَذَا فِي صَاحِبِ مُوسَى الَّذِي سَأَلَ مُوسَى السَّبِيلَ إِلَى لُقِيِّهِ، هَلْ سَمِعْتَ النَّبِيَّ ﷺ يَذْكُرُ شَأْنَهُ؟ قَالَ: نَعَمْ، سَمِعْتُ رَسُولَ اللهِ ﷺ يَقُولُ: بَيْنَمَا مُوسَى فِي مَلَإٍ مِنْ بَنِي إِسْرَائِيلَ، جَاءَهُ رَجُلٌ فَقَالَ: هَلْ تَعْلَمُ أَحَدًا أَعْلَمَ مِنْكَ؟ قَالَ مُوسَى: لَا. فَأَوْحَى اللهُ إِلَى مُوسَى: بَلَى، عَبْدُنَا خَضِرٌ. فَسَأَلَ مُوسَى السَّبِيلَ إِلَيْهِ، فَجَعَلَ اللهُ لَهُ الْحُوتَ آيَةً، وَقِيلَ لَهُ: إِذَا فَقَدْتَ الْحُوتَ فَارْجِعْ، فَإِنَّكَ سَتَلْقَاهُ، وَكَانَ يَتَّبِعُ أَثَرَ الْحُوتِ فِي الْبَحْرِ، فَقَالَ لِمُوسَى فَتَاهُ: { أَرَأَيْتَ إِذْ أَوَيْنَا إِلَى الصَّخْرَةِ فَإِنِّي نَسِيتُ الْحُوتَ وَمَا أَنْسَانِيهُ إِلا الشَّيْطَانُ أَنْ أَذْكُرَهُ } { قَالَ ذَلِكَ مَا كُنَّا نَبْغِي فَارْتَدَّا عَلَى آثَارِهِمَا قَصَصًا } فَوَجَدَا خَضِرًا، فَكَانَ مِنْ شَأْنِهِمَا الَّذِي قَصَّ اللهُ عَزَّ وَجَلَّ فِي كِتَابِهِ.,އިބްނު ޢައްބާސް ރިވާ ކުރެއްވިއެވެ: އިބްނު ޢައްބާސާއި ޙުއްރު ބިން ގައިސް ބިން ޙިޞްނުލް ފަޒާރީ، މޫސާގެފާނުގެ އެކުވެރިޔާއާ މެދު ދެބަސްވިއެވެ. އިބްނު ޢައްބާސް ދެންނެވިއެވެ: އެއީ ޚަޟިރުގެފާނެވެ. ދެން އުބައިއްޔު ބިން ކަޢުބް އެ ދެބައިމީހުންގެ ގާތުންލާފައި ހިނގައްޖެއެވެ. އިބްނު ޢައްބާސް އެކަލޭގެފާނަށް ގޮވާފައި ދެންނެވިއެވެ: ހަމަކަށަވަރުން ތިމަންނަ އާއި ތިމަންނަގެ މި އެކުވެރިޔާ ވަނީ، މޫސާގެފާނު އެކުވެރިޔާއާ މެދު ދެބަސްވެފައެވެ. އެއީ އެކަލޭގެފާނާ ބައްދަލު ކުރެއްވުމަށް ޓަކައި މަގުދެއްކެވުމަށް މޫސާގެފާނު (ގުރްއާންގައި ﷲ ގެ ހަޒްރަތުގައި) އެދިލެއްވި އެކުވެރިޔާއެވެ. ނަބިއްޔާ ﷺ އެ އެކުވެރިޔާގެ ވާހަކަ ޒިކުރު ކުރައްވަނިކޮށް ތިބާ އަޑު އެހީމުތޯއެވެ؟ އުބައިއްޔު ބިން ކަޢުބް ދެންނެވިއެވެ: އާދޭހެވެ. ރަސޫލު ﷲ ﷺ ޙަދީޘް ކުރައްވަނިކޮށް ތިމަން އަޑު އެހީމެވެ: ”ބަނީ އިސްރާއީލުގެ އެއްވުމެއްގައި މޫސާގެފާނު ވަނިކޮށް، މީހަކު އައިސް ދެންނެވިއެވެ: ކަލޭގެފާނަށް ވުރެ ބޮޑަށް ޢިލްމު ލިބިފައިވާ އެކަކުވެސް ދަންނަމުތޯއެވެ؟ މޫސާގެފާނު ވިދާޅުވިއެވެ: ނޫނެކެވެ. ދެން ﷲ މޫސާގެފާނަށް ވަހީ ކުރެއްވިއެވެ: އެހެނަކުން ނޫނެވެ. ތިމަން އިލާހުގެ އަޅާ ޚަޟިރުގެފާނަށް (ބޮޑަށް ޢިލްމު ލިބިގެން ވެއެވެ.) ދެން ޚަޟިރުގެފާނާ ބައްދަލު ކުރައްވާނެ ގޮތެއް މޫސާގެފާނު އެއްސެވިއެވެ. ފަހެ ﷲ، މޫސާގެފާނަށްވާ އިޝާރާތެއްގެ ގޮތުގައި މަހެއް ލެއްވިއެވެ. އަދި މޫސާގެފާނަށް ދެންނެވުނެވެ: ކަލޭގެފާނަށް މި މަސް ގެއްލިއްޖެ ހިނދު، (އެ ތަނަކަށް) އެނބުރި އަންނާށެވެ. އެހެނީ ހަމަކަށަވަރުން ތިބާ ޚަޟިރުގެފާނާ ދެން ބައްދަލުވާނެއެވެ. ފަހެ ކަނޑުގައި މަސް ދަތުރު ކުރާ ގޮތް ބައްލަވައިގެން އޭގެ ފަހަތުން މޫސާގެފާނު ހިނގައި ވަޑައިގަތެވެ. ދެން މޫސާގެފާނުގެ ޚާދިމު ކުއްޖާ ދެންނެވިއެވެ: ❞ބޮޑު ހިލަގަނޑު ކައިރީގައި ތިމަންމެން މަޑުކުރި ހިނދު ހަނދުމަފުޅުވޭތޯއެވެ؟ ހަމަކަށަވަރުން (އެ ހިނދު) އެ މަހުގެ މަތިން ތިމަންނަ ހަނދާން ނެތުނީއެވެ.❝ މޫސާގެފާނު ވިދާޅުވިއެވެ: ❞ތިޔައީ (ހަމަ) އަހަރެމެން ބޭނޫންވެ އުޅުނު ކަންތަކެވެ. ދެން އެ ދެކަލުންގެ ފިޔަވަޅުތައް ފަހަތުން އެނބުރި ހިނގައްޖެއެވެ.❝ އަދި ޚަޟިރުގެފާނު ދެކެވަޑައިގަތެވެ. ފަހެ އެ ދެކަލުންގެ ކަންތައް ހިނގި ގޮތުގެ ވާހަކަ ﷲ ޢައްޒަ ވަޖައްލަ ވަނީ އެ އިލާހުގެ ފޮތުގައި ކިޔައިދެއްވާފައެވެ.“,
صحيح البخاري,75,حَدَّثَنَا أَبُو مَعْمَرٍ قَالَ: حَدَّثَنَا عَبْدُ الْوَارِثِ قَالَ: حَدَّثَنَا خَالِدٌ، عَنْ عِكْرِمَةَ، عَنِ ابْنِ عَبَّاسٍ قَالَ: ضَمَّنِي رَسُولُ اللهِ ﷺ وَقَالَ: اللَّهُمَّ عَلِّمْهُ الْكِتَابَ.,އިބްނު ޢައްބާސް ރިވާ ކުރެއްވިއެވެ: ރަސޫލު ﷲ ﷺ ތިމަން ބައްދާލައްވާފައި ޙަދީޘް ކުރެއްވިއެވެ: ”ޔާ ﷲ އެވެ. އޭކަލޭގެފާނަށް ފޮތް (އެބަހީ: ގުރުއާން) އުނގަންނަވައި ދެއްވާށިއެވެ.“,
صحيح البخاري,76,حَدَّثَنَا إِسْمَاعِيلُ بْنُ أَبِي أُوَيْسٍ قَالَ: حَدَّثَنِي مَالِكٌ، عَنِ ابْنِ شِهَابٍ، عَنْ عُبَيْدِ اللهِ بْنِ عَبْدِ اللهِ بْنِ عُتْبَةَ، عَنْ عَبْدِ اللهِ بْنِ عَبَّاسٍ قَالَ: أَقْبَلْتُ رَاكِبًا عَلَى حِمَارٍ أَتَانٍ، وَأَنَا يَوْمَئِذٍ قَدْ نَاهَزْتُ الِاحْتِلَامَ، وَرَسُولُ اللهِ ﷺ يُصَلِّي بِمِنًى إِلَى غَيْرِ جِدَارٍ، فَمَرَرْتُ بَيْنَ يَدَيْ بَعْضِ الصَّفِّ وَأَرْسَلْتُ الْأَتَانَ تَرْتَعُ، فَدَخَلْتُ فِي الصَّفِّ، فَلَمْ يُنْكِرْ ذَلِكَ عَلَيَّ.,އިބްނު ޢައްބާސް ރިވާ ކުރެއްވިއެވެ: އަންހެން ހިމާރެއްގެ މަތީ ތިމަންނަ (މިނާއަށް) އަތުވީމެވެ. އެއީ ތިމަންނަ ބާލިޢުވާން ކައިރިވެފައިވާ ދުވަސްވަރެކެވެ. އަދި ރަސޫލު ﷲ ﷺ މިނާގައި ފާރު ނޫން އެއްޗަކާ ކުރިމަތި ލައްވައިގެން، މީސްތަކުންނައިގެން ނަމާދު ކުރައްވަން ހުންނެވިއެވެ. ދެން ތިމަން ފައިބައިގެން އެ ހިމާރު ހުއިހައްޕަން ދޫކޮށްލުމަށް ފަހު، ތިމަން ސަފަށް ވަނީމެވެ. އަދި ތިމަންނަ (މައުމޫމުންގެ ސަފުތަކުގެ ކުރިމަތިން ހުރަސްކޮށްފައި ދިޔުމާ) ގުޅިގެން އެއްވެސް މީހަކު ތިމަންނައަކަށް އިންކާރެއް ނުކުރެއެވެ.,
صحيح البخاري,77,حَدَّثَنِي مُحَمَّدُ بْنُ يُوسُفَ قَالَ: حَدَّثَنَا أَبُو مُسْهِرٍ قَالَ: حَدَّثَنِي مُحَمَّدُ بْنُ حَرْبٍ، حَدَّثَنِي الزُّبَيْدِيُّ، عَنِ الزُّهْرِيِّ، عَنْ مَحْمُودِ بْنِ الرَّبِيعِ قَالَ: عَقَلْتُ مِنَ النَّبِيِّ ﷺ مَجَّةً مَجَّهَا فِي وَجْهِي، وَأَنَا ابْنُ خَمْسِ سِنِينَ مِنْ دَلْوٍ.,މަޙްމޫދު ބިން ރަބީޢު ރިވާ ކުރެއްވިއެވެ: ބާލިދީއަކުން ނަބިއްޔާ ﷺ ގެ އަނގަފުޅަށް ނެންގެވި ފެން ކޯވަރެއް، ތިމަންނަގެ މޫނަށް ޖެއްސެވިކަން ތިމަންނަ ހަނދާން ހުރެއެވެ. އޭރު ތިމަން ވާނީ އުމުރުން ފަސް އަހަރެވެ. (ނޯޓު: ނަބިއްޔާ އެ ފަދައިން ކަންތައް ކުރެއްވީ ސަމާސާ ކޮށްލައްވަން، ނުވަތަ އެ ފެނުން އެ ކުއްޖާއަށް ބަރަކާތް ހާސިލު ކޮށްދެއްވުމަށެވެ.),
صحيح البخاري,78,حَدَّثَنَا أَبُو الْقَاسِمِ خَالِدُ بْنُ خَلِيٍّ قَالَ: حَدَّثَنَا مُحَمَّدُ بْنُ حَرْبٍ قَالَ: قَالَ الْأَوْزَاعِيُّ: أَخْبَرَنَا الزُّهْرِيُّ، عَنْ عُبَيْدِ اللهِ بْنِ عَبْدِ اللهِ بْنِ عُتْبَةَ بْنِ مَسْعُودٍ، عَنِ ابْنِ عَبَّاسٍ: أَنَّهُ تَمَارَى هُوَ وَالْحُرُّ بْنُ قَيْسِ بْنِ حِصْنٍ الْفَزَارِيُّ فِي صَاحِبِ مُوسَى، فَمَرَّ بِهِمَا أُبَيُّ بْنُ كَعْبٍ، فَدَعَاهُ ابْنُ عَبَّاسٍ فَقَالَ: إِنِّي تَمَارَيْتُ أَنَا وَصَاحِبِي هَذَا فِي صَاحِبِ مُوسَى الَّذِي سَأَلَ السَّبِيلَ إِلَى لُقِيِّهِ، هَلْ سَمِعْتَ رَسُولَ اللهِ ﷺ يَذْكُرُ شَأْنَهُ؟ فَقَالَ أُبَيٌّ: نَعَمْ، سَمِعْتُ النَّبِيَّ ﷺ يَذْكُرُ شَأْنَهُ يَقُولُ: بَيْنَمَا مُوسَى فِي مَلَإٍ مِنْ بَنِي إِسْرَائِيلَ، إِذْ جَاءَهُ رَجُلٌ فَقَالَ: أَتَعْلَمُ أَحَدًا أَعْلَمَ مِنْكَ؟ قَالَ مُوسَى: لَا. فَأَوْحَى اللهُ عَزَّ وَجَلَّ إِلَى مُوسَى: بَلَى، عَبْدُنَا خَضِرٌ. فَسَأَلَ السَّبِيلَ إِلَى لُقِيِّهِ، فَجَعَلَ اللهُ لَهُ الْحُوتَ آيَةً، وَقِيلَ لَهُ: إِذَا فَقَدْتَ الْحُوتَ فَارْجِعْ، فَإِنَّكَ سَتَلْقَاهُ. فَكَانَ مُوسَى ﷺ يَتَّبِعُ أَثَرَ الْحُوتِ فِي الْبَحْرِ، فَقَالَ فَتَى مُوسَى لِمُوسَى: { أَرَأَيْتَ إِذْ أَوَيْنَا إِلَى الصَّخْرَةِ فَإِنِّي نَسِيتُ الْحُوتَ وَمَا أَنْسَانِيهُ إِلا الشَّيْطَانُ أَنْ أَذْكُرَهُ } قَالَ مُوسَى: { ذَلِكَ مَا كُنَّا نَبْغِي فَارْتَدَّا عَلَى آثَارِهِمَا قَصَصًا } فَوَجَدَا خَضِرًا، فَكَانَ مِنْ شَأْنِهِمَا مَا قَصَّ اللهُ فِي كِتَابِهِ.,އިބްނު ޢައްބާސް ރިވާ ކުރެއްވިއެވެ: އިބްނު ޢައްބާސާއި ޙުއްރު ބިން ގައިސް ބިން ޙިޞްނުލް ފަޒާރީ، މޫސާގެފާނުގެ އެކުވެރިޔާއާ މެދު ދެބަސްވިއެވެ. ދެން އުބައިއްޔު ބިން ކަޢުބް އެ ދެބައިމީހުންގެ ގާތުންލާފައި ހިނގައްޖެއެވެ. އިބްނު ޢައްބާސް އެކަލޭގެފާނަށް ގޮވާފައި ދެންނެވިއެވެ: ހަމަކަށަވަރުން ތިމަންނަ އާއި ތިމަންނަގެ މި އެކުވެރިޔާ ވަނީ، މޫސާގެފާނު އެކުވެރިޔާއާ މެދު ދެބަސްވެފައެވެ. އެއީ އެކަލޭގެފާނާ ބައްދަލު ކުރެއްވުމަށް ޓަކައި މަގުދެއްކެވުމަށް މޫސާގެފާނު (ގުރްއާންގައި ﷲ ގެ ހަޒްރަތުގައި) އެދިލެއްވި އެކުވެރިޔާއެވެ. ރަސޫލު ﷲ ﷺ އެ އެކުވެރިޔާގެ ވާހަކަ ޒިކުރު ކުރައްވަނިކޮށް ތިބާ އަޑު އެހީމުތޯއެވެ؟ އުބައިއްޔު ބިން ކަޢުބް ދެންނެވިއެވެ: އާދޭހެވެ. ރަސޫލު ﷲ ﷺ އެކުވެރިޔާގެ ވާހަކަ ޒިކުރު ކުރައްވަނިކޮށް ތިމަން އަޑު އެހީމެވެ. ނަބިއްޔާ ޙަދީޘް ކުރެއްވިއެވެ: ”ބަނީ އިސްރާއީލުގެ އެއްވުމެއްގައި މޫސާގެފާނު ވަނިކޮށް، މީހަކު އައިސް ދެންނެވިއެވެ: ކަލޭގެފާނަށް ވުރެ ބޮޑަށް ޢިލްމު ލިބިފައިވާ އެކަކުވެސް ދަންނަމުތޯއެވެ؟ މޫސާގެފާނު ވިދާޅުވިއެވެ: ނޫނެކެވެ. ދެން ﷲ ޢައްޒަ ވަޖައްލަ މޫސާގެފާނަށް ވަހީ ކުރެއްވިއެވެ: އެހެނަކުން ނޫނެވެ. ތިމަން އިލާހުގެ އަޅާ ޚަޟިރުގެފާނަށް (ބޮޑަށް ޢިލްމު ލިބިގެން ވެއެވެ.) ދެން ޚަޟިރުގެފާނާ ބައްދަލު ކުރައްވާނެ ގޮތެއް މޫސާގެފާނު އެއްސެވިއެވެ. ފަހެ ﷲ، މޫސާގެފާނަށްވާ އިޝާރާތެއްގެ ގޮތުގައި މަހެއް ލެއްވިއެވެ. އަދި މޫސާގެފާނަށް ދެންނެވުނެވެ: ކަލޭގެފާނަށް މި މަސް ގެއްލިއްޖެ ހިނދު، (އެ ތަނަކަށް) އެނބުރި އަންނާށެވެ. އެހެނީ ހަމަކަށަވަރުން ތިބާ ޚަޟިރުގެފާނާ ދެން ބައްދަލުވާނެއެވެ. ފަހެ ކަނޑުގައި މަސް ދަތުރު ކުރާ ގޮތް ބައްލަވައިގެން އޭގެ ފަހަތުން މޫސާ ﷺ ހިނގައި ވަޑައިގަތެވެ. ދެން މޫސާގެފާނުގެ ޚާދިމު ކުއްޖާ ދެންނެވިއެވެ: ❞ބޮޑު ހިލަގަނޑު ކައިރީގައި ތިމަންމެން މަޑުކުރި ހިނދު އެނގިވަޑައިގަންނަވަމުތޯއެވެ؟ ހަމަކަށަވަރުން (އެ ހިނދު) ތިމަންނަ އެ މަހުގެ މަތިން ހަނދާން ނެތުނީއެވެ. އަދި އެ ވާހަކަ ދަންނަވަން ހަނދާން ނައްތުވާލީ ޝައިޠާނާ ފިޔަވައި އެހެން އެއްވެސް އެއްޗެއް ނޫނެވެ.❝ މޫސާގެފާނު ވިދާޅުވިއެވެ: ❞ތިޔައީ (ހަމަ) އަހަރެމެން ބޭނޫންވެ އުޅުނު ކަންތަކެވެ. ދެން އެ ދެކަލުންގެ ފިޔަވަޅުތައް ފަހަތުން އެނބުރި ހިނގައްޖެއެވެ.❝ އަދި ޚަޟިރުގެފާނު ފެނުނެވެ. ފަހެ އެ ދެކަލުންގެ ކަންތައް ހިނގި ގޮތުގެ ވާހަކަ ﷲ ވަނީ އެ އިލާހުގެ ފޮތުގައި ކިޔައިދެއްވާފައެވެ.“,
صحيح البخاري,79,حَدَّثَنَا مُحَمَّدُ بْنُ الْعَلَاءِ قَالَ: حَدَّثَنَا حَمَّادُ بْنُ أُسَامَةَ، عَنْ بُرَيْدِ بْنِ عَبْدِ اللهِ، عَنْ أَبِي بُرْدَةَ، عَنْ أَبِي مُوسَى، عَنِ النَّبِيِّ ﷺ قَالَ: مَثَلُ مَا بَعَثَنِي اللهُ بِهِ مِنَ الْهُدَى وَالْعِلْمِ كَمَثَلِ الْغَيْثِ الْكَثِيرِ أَصَابَ أَرْضًا، فَكَانَ مِنْهَا نَقِيَّةٌ، قَبِلَتِ الْمَاءَ، فَأَنْبَتَتِ الْكَلَأَ وَالْعُشْبَ الْكَثِيرَ، وَكَانَتْ مِنْهَا أَجَادِبُ، أَمْسَكَتِ الْمَاءَ، فَنَفَعَ اللهُ بِهَا النَّاسَ، فَشَرِبُوا وَسَقَوْا وَزَرَعُوا، وَأَصَابَتْ مِنْهَا طَائِفَةً أُخْرَى، إِنَّمَا هِيَ قِيعَانٌ، لَا تُمْسِكُ مَاءً، وَلَا تُنْبِتُ كَلَأً، فَذَلِكَ مَثَلُ مَنْ فَقُهَ فِي دِينِ اللهِ، وَنَفَعَهُ مَا بَعَثَنِي اللهُ بِهِ، فَعَلِمَ وَعَلَّمَ، وَمَثَلُ مَنْ لَمْ يَرْفَعْ بِذَلِكَ رَأْسًا، وَلَمْ يَقْبَلْ هُدَى اللهِ الَّذِي أُرْسِلْتُ بِهِ. قَالَ أَبُو عَبْدِ اللهِ: قَالَ إِسْحَاقُ: وَكَانَ مِنْهَا طَائِفَةٌ قَيَّلَتِ الْمَاءَ، قَاعٌ يَعْلُوهُ الْمَاءُ، وَالصَّفْصَفُ الْمُسْتَوِي مِنَ الْأَرْضِ.,އަބޫ މޫސާ ރިވާ ކުރެއްވިއެވެ: ނަބިއްޔާ ﷺ ޙަދީޘް ކުރެއްވިއެވެ: ”ތިމަން ނަބިއްޔާއާއިގެން ﷲ ފޮނުއްވެވި ހިދާޔަތާއި ޢިލްމުގެ މިސާލަކީ، ބިމަކަށް ވެހޭ ބޯ ވާރޭގެ މިސާލެވެ. އޭގެ ތެރެއިން ފެން ބަލައިގަތް ރަނގަޅު ފަސްކޮޅެއް ހުއްޓެވެ. ދެން އެ ތަނުން ނުހަނު ގިނަ ކުދި ގަސްތަކާއި ވިނަ ފަޅައިގެން ހެދުނެވެ. އަދި އޭގެ ތެރެއިން (ވާރޭ ވެހުނު) ހަރު ފަސްކޮޅެއް ވެސް ހުއްޓެވެ. އޭގައި ފެން (އެއްފަހަރާ ބިމަށް ދަމާ ނުލައި) ހިފަހައްޓައެވެ. އަދި އޭގެން ﷲ މީސްތަކުންނަށް މަންފާ ކޮށްދެއްވައެވެ. މީސްތަކުން އޭގެން ބޮއި، (ޖަނަވާރުތަކަށް) ބޯންދީ، އަދި ގޮވާން ކުރުމަށް ބޭނުން ކުރެއެވެ. ދެންވެސް ވާރޭ ވެހުނު އެހެން ފަސްކޮޅެއް ހުއްޓެވެ. އެއީ ހަމަ ހުރި ގޮތަށް ހުރި ހުސް ހަނަފަސް ފަސްކޮޅެކެވެ. އޭގައި ފެނެއް ވެސް ނުހިފަހައްޓައެވެ. އަދި އޭގައި ވިނައެއް ވެސް ނުފަޅައެވެ. ފަހެ އެ (ފުރަތަމަ ފަސްކޮޅުގެ) މިސާލަކީ، ﷲ ގެ ދީން އެ މީހަކަށް ވިސްނި، އަދި ތިމަން ނަބިއްޔާއާއިގެން ﷲ ފޮނުއްވި ކަންތަކުން (އެބަހީ: ގުރުއާނާއި ސުންނަތުން) އެ މީހަކަށް ފައިދާ ކުރި މީހާގެ މިސާލެވެ. އެ މީހާ އަމިއްލައަށް (ދީން) އުނގެނި، އެހެން މީހުންނަށް ވެސް އުނގަންނައިދެއެވެ. އަދި (އެންމެ ފަހު ފަސްކޮޅުގެ މިސާލަކީ) އެއިން ކަމަކަށް (އެންމެ ކުޑަ މިނުން) އިސް ވެސް އުފުލައި ނުލި (އެބަހީ: އެއްވެސް ވަރަކަށް އަޅައި ނުލި) އަދި ތިމަން ނަބިއްޔާއާއިގެން ފޮނުއްވި ﷲ ގެ ހިދާޔަތު (އެބަހީ: ގުރުއާނާއި ސުންނަތް) ވެސް ގަބޫލު ނުކުރި މީހާގެ މިސާލެވެ.“,
صحيح البخاري,80,حَدَّثَنَا عِمْرَانُ بْنُ مَيْسَرَةَ قَالَ: حَدَّثَنَا عَبْدُ الْوَارِثِ، عَنْ أَبِي التَّيَّاحِ، عَنْ أَنَسٍ قَالَ: قَالَ رَسُولُ اللهِ ﷺ: إِنَّ مِنْ أَشْرَاطِ السَّاعَةِ أَنْ يُرْفَعَ الْعِلْمُ، وَيَثْبُتَ الْجَهْلُ، وَيُشْرَبَ الْخَمْرُ، وَيَظْهَرَ الزِّنَا.,އަނަސް ރިވާ ކުރެއްވިއެވެ: ރަސޫލު ﷲ ﷺ ޙަދީޘް ކުރެއްވިއެވެ: ”ހަމަކަށަވަރުން ގިޔާމަތް ދުވަހުގެ އަލާމާތްތަކުގެ ތެރެއިން ހިމެނިގެންވަނީ: ޢިލްމު އުފުލިގެން (ނެތި) ދިޔުމާއި، ޖާހިލުކަން ހަރުލުމާއި، ރާ ބުއިމާއި، އަދި ޒިނޭކުރުން ފާޅުވުމެވެ.“,
صحيح البخاري,81,حَدَّثَنَا مُسَدَّدٌ قَالَ: حَدَّثَنَا يَحْيَى، عَنْ شُعْبَةَ، عَنْ قَتَادَةَ، عَنْ أَنَسٍ قَالَ: لَأُحَدِّثَنَّكُمْ حَدِيثًا لَا يُحَدِّثُكُمْ أَحَدٌ بَعْدِي، سَمِعْتُ رَسُولَ اللهِ ﷺ يَقُولُ: مِنْ أَشْرَاطِ السَّاعَةِ أَنْ يَقِلَّ الْعِلْمُ، وَيَظْهَرَ الْجَهْلُ، وَيَظْهَرَ الزِّنَا، وَتَكْثُرَ النِّسَاءُ، وَيَقِلَّ الرِّجَالُ، حَتَّى يَكُونَ لِخَمْسِينَ امْرَأَةً الْقَيِّمُ الْوَاحِدُ.,އަނަސް ރިވާ ކުރެއްވިއެވެ: ހަމަކަށަވަރުން ތިމަންނައަށް ފަހު އެއްވެސް މީހަކު ކިޔައި ނުދޭނެ ޙަދީޘެއް، ތިޔަބައިމީހުންނަށް ތިމަން ކިޔައިދޭނަމެވެ. ރަސޫލު ﷲ ﷺ ޙަދީޘް ކުރެއްވަނިކޮށް ތިމަން އަޑު އެހީމެވެ: ”ގިޔާމަތް ދުވަހުގެ އަލާމާތްތަކުގެ ތެރެއިން ހިމެނިގެންވަނީ: ޢިލްމު މަދުވުމާއި، ޖާހިލުކަން ފާޅުވުމާއި، ޒިނޭކުރުން ފާޅުވުމާއި، އަދި އަންހެނުން ގިނަވެ ފިރިހެނުން މަދުވުމެވެ. އެއީ ފަންސާސް އަންހެނުން ބެލެހެއްޓުމަށް އެންމެ ފިރިހެނަކު ހުރެއްޖައުމަށް ދާންދެނެވެ.“,
صحيح البخاري,82,حَدَّثَنَا سَعِيدُ بْنُ عُفَيْرٍ قَالَ: حَدَّثَنِي اللَّيْثُ قَالَ: حَدَّثَنِي عُقَيْلٌ، عَنِ ابْنِ شِهَابٍ، عَنْ حَمْزَةَ بْنِ عَبْدِ اللهِ بْنِ عُمَرَ أَنَّ ابْنَ عُمَرَ قَالَ: سَمِعْتُ رَسُولَ اللهِ ﷺ قَالَ: بَيْنَا أَنَا نَائِمٌ، أُتِيتُ بِقَدَحِ لَبَنٍ، فَشَرِبْتُ حَتَّى أَنِّي لَأَرَى الرِّيَّ يَخْرُجُ فِي أَظْفَارِي، ثُمَّ أَعْطَيْتُ فَضْلِي عُمَرَ بْنَ الْخَطَّابِ. قَالُوا: فَمَا أَوَّلْتَهُ يَا رَسُولَ اللهِ؟ قَالَ: الْعِلْمَ.,އިބްނު ޢުމަރު ރިވާ ކުރެއްވިއެވެ: ރަސޫލު ﷲ ﷺ ޙަދީޘް ޙަދީޘް ކުރެއްވަނިކޮށް ތިމަން އަޑު އެހީމެވެ: ”ތިމަން ނަބިއްޔާ އަވަހާރަފުޅު ލައްޕަވަނިކޮށް، (ހުވަފެންފުޅެއްގައި) ތިމަން ނަބިއްޔާއަށް ކިރު ތައްޓެއް ގެނެވުނެވެ. ދެން ތިމަން ނަބިއްޔާ އޭތި ހިއްޕެވީމެވެ. އެއީ ތިމަން ނަބިއްޔާގެ ނިޔަފަތިފުޅުތަކުން އޭގެ ތެތްކަން ނުކުންނަތަން، ތިމަން ނަބިއްޔާއަށް ފެނިއްޖެއުމަށް ދާންދެނެވެ. ދެން ތިމަން ނަބިއްޔާގެ (ތަށީގައި) ބާކީ ހުރި ކިރުފޮދު، ޢުމަރު ބިން އަލްޚައްޠާބަށް ދެއްވީމެވެ.“ މީސްތަކުން ދެންނެވިއެވެ: އޭ ﷲ ގެ ރަސޫލާއެވެ. ފަހެ އިބަ ނަބިއްޔާ އެކަން ތައުބީރު ކުރައްވަނީ ކިހިނަކުންތޯއެވެ؟ ނަބިއްޔާ ޙަދީޘް ކުރެއްވިއެވެ: ”(އެއީ) ޢިލްމެވެ.“,
صحيح البخاري,83,حَدَّثَنَا إِسْمَاعِيلُ قَالَ: حَدَّثَنِي مَالِكٌ، عَنِ ابْنِ شِهَابٍ، عَنْ عِيسَى بْنِ طَلْحَةَ بْنِ عُبَيْدِ اللهِ، عَنْ عَبْدِ اللهِ بْنِ عَمْرِو بْنِ الْعَاصِ: أَنَّ رَسُولَ اللهِ ﷺ وَقَفَ فِي حَجَّةِ الْوَدَاعِ بِمِنًى لِلنَّاسِ يَسْأَلُونَهُ، فَجَاءَهُ رَجُلٌ فَقَالَ: لَمْ أَشْعُرْ فَحَلَقْتُ قَبْلَ أَنْ أَذْبَحَ؟ فَقَالَ: اذْبَحْ وَلَا حَرَجَ. فَجَاءَ آخَرُ فَقَالَ: لَمْ أَشْعُرْ فَنَحَرْتُ قَبْلَ أَنْ أَرْمِيَ؟ قَالَ: ارْمِ وَلَا حَرَجَ. فَمَا سُئِلَ النَّبِيُّ ﷺ عَنْ شَيْءٍ قُدِّمَ وَلَا أُخِّرَ إِلَّا قَالَ: افْعَلْ وَلَا حَرَجَ.,ޢަބްދު ﷲ ބިން ޢަމްރު ބިން އަލްޢާޞް ރިވާ ކުރެއްވިއެވެ: ޙައްޖަތުލް ވަދާޢުގައި، މީސްތަކުން ނަބިއްޔާއާ ސުވާލު ކުރުމަށްޓަކައި، ރަސޫލު ﷲ ﷺ މީނާގައި މަޑު ކުރެއްވިއެވެ. އެ ގޮތުން މީހަކު އައިސް ދެންނެވިއެވެ: ތިމަންނައަށް ނޭނގި ހުއްޓާ، ހަދްޔު ކަތިލުމުގެ ކުރިން ތިމަންނައަށް ބޯ ބޭލިއްޖެއެވެ. ނަބިއްޔާ ޙަދީޘް ކުރެއްވިއެވެ: ”(މިހާރު ގޮސް ހަދްޔު) ކަތިލާށެވެ. މައްސަލައެއް ނެތެވެ.“ ދެން އެހެން މީހަކު އައިސް ދެންނެވިއެވެ: ތިމަންނައަށް ނޭނގި ހުއްޓާ، ޖަމްރާއަށް ހިލަ އުކުމުގެ ކުރިން ތިމަންނައަށް ޖަމަލު ކަތިލެވިއްޖެއެވެ. ނަބިއްޔާ ޙަދީޘް ކުރެއްވިއެވެ: ”(މިހާރު ގޮސް ޖަމްރާއަށް) ހިލަ އުކާށެވެ. މައްސަލައެއް ނެތެވެ.“ ފަހެ (މީހަކު ޙައްޖުގެ) ކަމެއް އިސްކޮށް ނުވަތަ ފަސްކޮށް ކުރެވިގެން ނަބިއްޔާ ﷺ ގެ އަރިހު ސުވާލު ކުރެވިއްޖެ ނަމަ، މިފަދައިން މެނުވީ ޖަވާބު ނުދެއްވައެވެ: ކުރާށެވެ. މައްސަލައެއް ނެތެވެ.,
صحيح البخاري,84,حَدَّثَنَا مُوسَى بْنُ إِسْمَاعِيلَ قَالَ: حَدَّثَنَا وُهَيْبٌ قَالَ: حَدَّثَنَا أَيُّوبُ، عَنْ عِكْرِمَةَ، عَنِ ابْنِ عَبَّاسٍ: أَنَّ النَّبِيَّ ﷺ سُئِلَ فِي حَجَّتِهِ فَقَالَ: ذَبَحْتُ قَبْلَ أَنْ أَرْمِيَ؟ فَأَوْمَأَ بِيَدِهِ قَالَ: وَلَا حَرَجَ. قَالَ: حَلَقْتُ قَبْلَ أَنْ أَذْبَحَ؟ فَأَوْمَأَ بِيَدِهِ وَلَا حَرَجَ.,އިބްނު ޢައްބާޞް ރިވާ ކުރެއްވިއެވެ: ނަބިއްޔާ ﷺ ގެ ޙައްޖުގައި އެކަލޭގެފާނާ ސުވާލު ކުރެއްވުނެވެ. (އެ ގޮތުން) މީހަކު ދެންނެވިއެވެ: ޖަމްރާއަށް ހިލަ އުކުމުގެ ކުރިން ތިމަންނައަށް ހަދްޔު ކަތިލެވިއްޖެއެވެ. ނަބިއްޔާގެ އަތްޕުޅުން އިޝާރަތް ކުރައްވާ ޙަދީޘް ކުރެއްވިއެވެ: ”މައްސަލައެއް ނެތެވެ.“ އަދިވެސް ނަބިއްޔާއަށް ދެންނެވުނެވެ: ހަދްޔު ކަތިލުމުގެ ކުރިން ތިމަންނައަށް ބޯ ބޭލިއްޖެއެވެ. ދެން ނަބިއްޔާގެ އަތްޕުޅުން އިޝާރަތް ކުރެއްވިއެވެ: ”މައްސަލައެއް ނެތެވެ.“,
صحيح البخاري,85,حَدَّثَنَا الْمَكِّيُّ بْنُ إِبْرَاهِيمَ قَالَ: أَخْبَرَنَا حَنْظَلَةُ بْنُ أَبِي سُفْيَانَ، عَنْ سَالِمٍ قَالَ: سَمِعْتُ أَبَا هُرَيْرَةَ، عَنِ النَّبِيِّ ﷺ قَالَ: يُقْبَضُ الْعِلْمُ، وَيَظْهَرُ الْجَهْلُ وَالْفِتَنُ، وَيَكْثُرُ الْهَرْجُ. قِيلَ: يَا رَسُولَ اللهِ، وَمَا الْهَرْجُ؟ فَقَالَ: هَكَذَا بِيَدِهِ فَحَرَّفَهَا، كَأَنَّهُ يُرِيدُ الْقَتْلَ.,އަބޫ ޙުރައިރާ ރިވާ ކުރެއްވިއެވެ: ނަބިއްޔާ ﷺ ޙަދީޘް ކުރެއްވިއެވެ: ”ޢިލްމު ހިއްޕެވި (އުފުލި) ގެންދާނެއެވެ. އަދި ޖާހިލުކަމާއި ފިތުނަތައް ފާޅުވާނެއެވެ. އަދި ހަރްޖު ގިނަވެގެން ދާނެއެވެ.“ ނަބިއްޔާއަށް ދެންނެވުނެވެ: އޭ ﷲ ގެ ރަސޫލާއެވެ. ހަރްޖަކީ ކޮބައިތޯއެވެ؟ (ޖަވާބުގައި) ނަބިއްޔާ މި ފަދައިން އަތްޕުޅުން އިޝާރާތް ކުރެއްވިއެވެ. އޭގެން ގަސްދު ކުރެއްވީ ގަތުލުކުރުން ފަދައެވެ.,
صحيح البخاري,86,حَدَّثَنَا مُوسَى بْنُ إِسْمَاعِيلَ قَالَ: حَدَّثَنَا وُهَيْبٌ قَالَ: حَدَّثَنَا هِشَامٌ، عَنْ فَاطِمَةَ، عَنْ أَسْمَاءَ قَالَتْ: أَتَيْتُ عَائِشَةَ وَهِيَ تُصَلِّي فَقُلْتُ: مَا شَأْنُ النَّاسِ؟ فَأَشَارَتْ إِلَى السَّمَاءِ، فَإِذَا النَّاسُ قِيَامٌ، فَقَالَتْ: سُبْحَانَ اللهِ، قُلْتُ: آيَةٌ؟ فَأَشَارَتْ بِرَأْسِهَا: أَيْ نَعَمْ. فَقُمْتُ حَتَّى تَجَلَّانِي الْغَشْيُ، فَجَعَلْتُ أَصُبُّ عَلَى رَأْسِي الْمَاءَ، فَحَمِدَ اللهَ عَزَّ وَجَلَّ النَّبِيُّ ﷺ وَأَثْنَى عَلَيْهِ، ثُمَّ قَالَ: مَا مِنْ شَيْءٍ لَمْ أَكُنْ أُرِيتُهُ إِلَّا رَأَيْتُهُ فِي مَقَامِي، حَتَّى الْجَنَّةُ وَالنَّارُ، فَأُوحِيَ إِلَيَّ أَنَّكُمْ تُفْتَنُونَ فِي قُبُورِكُمْ مِثْلَ أَوْ قَرِيبًا لَا أَدْرِي أَيَّ ذَلِكَ قَالَتْ أَسْمَاءُ مِنْ فِتْنَةِ الْمَسِيحِ الدَّجَّالِ، يُقَالُ: مَا عِلْمُكَ بِهَذَا الرَّجُلِ؟ فَأَمَّا الْمُؤْمِنُ أَوِ الْمُوقِنُ لَا أَدْرِي بِأَيِّهِمَا قَالَتْ أَسْمَاءُ فَيَقُولُ: هُوَ مُحَمَّدٌ رَسُولُ اللهِ، جَاءَنَا بِالْبَيِّنَاتِ وَالْهُدَى، فَأَجَبْنَا وَاتَّبَعْنَا، هُوَ مُحَمَّدٌ، ثَلَاثًا، فَيُقَالُ: نَمْ صَالِحًا، قَدْ عَلِمْنَا إِنْ كُنْتَ لَمُوقِنًا بِهِ. وَأَمَّا الْمُنَافِقُ أَوِ الْمُرْتَابُ لَا أَدْرِي أَيَّ ذَلِكَ قَالَتْ أَسْمَاءُ فَيَقُولُ: لَا أَدْرِي، سَمِعْتُ النَّاسَ يَقُولُونَ شَيْئًا فَقُلْتُهُ.,އަސްމާ ރިވާ ކުރެއްވިއެވެ: ޢާއިޝާ ނަމާދު ކުރައްވަން ހުންނަވަނިކޮށް ތިމަން ކަމަނާ ޢާއިޝާގެ އަރިހަށް ގޮސް ދެންނެވީމެވެ: މީސްތަކުންނަށްވީ ކިހިނެއްތޯއެވެ؟ ޢާއިޝާ އުޑާ ދިމާލަށް އިޝާރާތް ކުރެއްވިއެވެ. (އެ ހިނދު އިރު ކޭތަ ހިފާފައި ހުއްޓެވެ.) އަދި މީސްތަކުން ތިބީ (ކޭތަ) ނަމާދުގައެވެ. ދެން ޢާއިޝާ ދެންނެވިއެވެ: سُبْحَانَ اللَّهِ އެވެ. ތިމަން ކަމަނާ ދެންނެވީމެވެ: (މި އިރުކޭތައަކީ) އާޔަތެއްތޯއެވެ؟ (އެބަހީ: އިޝާރާތެއްތޯއެވެ.) ޢާއިޝާ އިސްތަށިފުޅުން އިޝާރާތް ކުރެއްވިއެވެ. އެބަހީ އާދޭހެވެ. ދެން ތިމަން ކަމަނާ ވެސް ނަމާދަށް ތެދުވެ، (ނަމާދުގެ ދިގުކަމުން) ތިމަން ކަމަނާ ހޭނެތިދާނެހެން ހީވަންދެން ހުރީމެވެ. އަދި (އެކަން ފިލުވައިލުމަށް ޓަކައި) ތިމަން ކަމަނާގެ ބޮލަށް ފެން އަޅައި ހެދީމެވެ. ދެން ނަބިއްޔާ ﷺ، ﷲ ޢައްޒަ ވަޖައްލަށް ޙަމްދު ޘަނާ ދަންނަވައި، އެއަށްފަހު ޙަދީޘް ކުރެއްވިއެވެ: ”މީގެ ކުރިން ތިމަން ނަބިއްޔާއަށް ނުދައްކަވާ އެތަށް ކަމެއް، މި ތަނުގައި ހުންނަވައިގެން ފެނިވަޑައިގަތީމެވެ. ސުވަރުގެއާއި ނަރަކައަށް ދާންދެން ވެސް މެއެވެ. އަދި ތިމަން ނަބިއްޔާއަށް ވަހީ ކުރެއްވުނެވެ: ތިޔަބައިމީހުންގެ ކަށްވަޅުތަކުގައި ތިޔަބައިމީހުން އިމްތިހާނު ކުރެވޭނެއެވެ. އެއީ ދައްޖާލުގެ ފިތުނަ ފަދައިންނެވެ. (އިމްތިހާނު ކުރުމުގެ ގޮތުން) ސުވާލު ކުރެވޭނެއެވެ: މި މީހާ (އެބަހީ: މުޙައްމަދުގެފާނާ) ބެހޭ ގޮތުން ތިބާއަށް އެނގެނީ ކޮން އެއްޗެއްތޯއެވެ؟ ދެންފަހެ މުއުމިނާ (ނުވަތަ ޔަގީންކަން މަތީ ހުރި މީހާ) ބުނާނެއެވެ: އެއީ ﷲގެ ރަސޫލާ މުޙައްމަދުގެފާނެވެ. ތިމަންމެންގެ ގާތަށް ސާފު ހެކިތަކާއި ހިދާޔަތައިގެން އެކަލޭގެފާނު ވަޑައިގަތެވެ. އަދި ތިމަންމެން (ނަބިއްޔާގެ ދައުވަތަށް) އިޖާބަދީ ތަބާވީމެވެ. އެއީ މުޙައްމަދުގެފާނެވެ. ތިން ފަހަރު އެފަދައިން ދަންނަވާނެއެވެ. ދެން އޭނާއަށް ދެންނެވޭނެއެވެ: ހެޔޮކަންމަތީ ތިބާ ނިދާށެވެ. ހަމަކަށަވަރުން ނަބިއްޔާއާމެދު ތިބާ ޔަގީން ކުރާތޯ ތިމަންމެން ދެނެހުރީމެވެ. އަދި މުނާފިގު (ނުވަތަ ޝައްކު ކުރާ މީހާ) ބުނާނެއެވެ: ތިމަންނައަކަށް ނޭނގެއެވެ. މީސްތަކުން ކޮންމެސް އެއްޗެއް ކިޔާ އަޑު އެހީމެވެ. ވީމާ ތިމަންނަ ވެސް ހަމަ އެހެން ކީއީއެވެ.“,
صحيح البخاري,87,حَدَّثَنَا مُحَمَّدُ بْنُ بَشَّارٍ قَالَ: حَدَّثَنَا غُنْدَرٌ قَالَ: حَدَّثَنَا شُعْبَةُ، عَنْ أَبِي جَمْرَةَ قَالَ: كُنْتُ أُتَرْجِمُ بَيْنَ ابْنِ عَبَّاسٍ وَبَيْنَ النَّاسِ فَقَالَ: إِنَّ وَفْدَ عَبْدِ الْقَيْسِ أَتَوُا النَّبِيَّ ﷺ فَقَالَ: مَنِ الْوَفْدُ أَوْ مَنِ الْقَوْمُ؟ قَالُوا: رَبِيعَةُ. فَقَالَ: مَرْحَبًا بِالْقَوْمِ أَوْ بِالْوَفْدِ، غَيْرَ خَزَايَا وَلَا نَدَامَى. قَالُوا: إِنَّا نَأْتِيكَ مِنْ شُقَّةٍ بَعِيدَةٍ، وَبَيْنَنَا وَبَيْنَكَ هَذَا الْحَيُّ مِنْ كُفَّارِ مُضَرَ، وَلَا نَسْتَطِيعُ أَنْ نَأْتِيَكَ إِلَّا فِي شَهْرٍ حَرَامٍ، فَمُرْنَا بِأَمْرٍ نُخْبِرْ بِهِ مَنْ وَرَاءَنَا، نَدْخُلُ بِهِ الْجَنَّةَ. فَأَمَرَهُمْ بِأَرْبَعٍ وَنَهَاهُمْ عَنْ أَرْبَعٍ؛ أَمَرَهُمْ بِالْإِيمَانِ بِاللهِ عَزَّ وَجَلَّ وَحْدَهُ، قَالَ: هَلْ تَدْرُونَ مَا الْإِيمَانُ بِاللهِ وَحْدَهُ؟ قَالُوا: اللهُ وَرَسُولُهُ أَعْلَمُ. قَالَ: شَهَادَةُ أَنْ لَا إِلَهَ إِلَّا اللهُ وَأَنَّ مُحَمَّدًا رَسُولُ اللهِ، وَإِقَامُ الصَّلَاةِ، وَإِيتَاءُ الزَّكَاةِ، وَصَوْمُ رَمَضَانَ، وَتُعْطُوا الْخُمُسَ مِنَ الْمَغْنَمِ. وَنَهَاهُمْ عَنِ الدُّبَّاءِ وَالْحَنْتَمِ وَالْمُزَفَّتِ. قَالَ شُعْبَةُ: رُبَّمَا قَالَ: النَّقِيرِ. وَرُبَّمَا قَالَ: الْمُقَيَّرِ قَالَ: احْفَظُوهُ وَأَخْبِرُوهُ مَنْ وَرَاءَكُمْ.,ހަމަކަށަވަރުން ނަބިއްޔާ ﷺ ގެ އަރިހަށް ޢަބްދުލް ގައިސްގެ ވަފްދު އަތުވި ހިނދު ޙަދީޘް ކުރެއްވިއެވެ: ”(ތިޔައީ) ކޮން ބަޔެއްތޯއެވެ؟“ އެބައިމީހުން ދެންނެވިއެވެ: (ތިމަންމެންނީ) ރަބީޢާ (ވަންހައިގެ މީހުންނެވެ.) ނަބިއްޔާ ޙާދީޘް ކުރެއްވިއެވެ: ”އެއްވެސް ގެއްލުމެއް އަދި ހިތާމައެއް ލިބިފައިނުވާ ތިޔަބައިމީހުންނަށް މަރުހާބާއެވެ.“ އެބައިމީހުން ދެންނެވިއެވެ: ހަމަކަށަވަރުން ތިމަންމެންނަށް އިބަ ނަބިއްޔާގެ އަރިހަށް އާދެވެނީ ވަރަށް ދުރު ހިސާބަކުންނެވެ. އަދި ތިމަންމެންނާއި އިބަ ނަބިއްޔާއާ ދެމެދު މުޟަރު ގަބީލާގެ މިވެނި ކާފަރުންގެ އަވަށެއް ވެއެވެ. އަދި އިބަ ނަބިއްޔާގެ އަރިހަށް ހުރުމަތްތެރިވެގެންވާ މަސްތަކުގައި މެނުވީ ތިމަންމެންނަކަށް ނާދެވެއެވެ. ވީމާ ތިމަންމެންގެ ފަހަތުގައި (ރަށުގައިވާ) ބަޔަކަށް އެކަމުގެ ޚަބަރު ދެވޭނެ އަދި އެކަމުގެ ސަބަބުން ތިމަންމެން ސުވަރުގެ ވަދެވޭނެ ކަނޑައެޅިގެންވާ (ސާފު) އަމުރަކުން ތިމަންމެންނަށް އަމުރު ކުރައްވާށެވެ. އަދި އެބައިމީހިން ބޯތަކެއްޗާއި މެދު ނަބިއްޔާއަށް ސުވާލު ކުރެއްވިއެވެ. ދެން ނަބިއްޔާ އެބައިމީހުންނަށް ހަތަރު ކަމަކަށް އަމުރު ކުރެއްވިއެވެ. އަދި ހަތަރު ކަމަކުން ނަހީ ކުރެއްވިއެވެ. އެބައިމީހުންނަށް އަމުރު ކުރެއްވީ ހަމައެކަނި ﷲ ޢައްޒަ ވަޖައްލަށް އީމާން ވުމަށެވެ. ނަބިއްޔާ ޙަދީޘް ކުރެއްވިއެވެ: ”ހަމައެކަނި ﷲއަށް އީމާންވުމަކީ ކޮބައިކަން ތިޔަބައިމީހުންނަށް އެނގިލައްވާތޯއެވެ؟“ އެބައިމީހުން ދެންނެވިއެވެ: އެންމެ މޮޅަށް ދެނެވޮޑިގެންވަނީ ﷲ އެވެ. އަދި އެ އިލާހުގެ ރަސޫލާއެވެ. ނަބިއްޔާ ޙަދީޘް ކުރެއްވިއެވެ: ”(އެއީ) ﷲ ފިޔަވައި އެހެން އެއްވެސް އިލާހެއް ނުވާކަމަށާއި، މުޙައްމަދުގެފާނީ ﷲގެ ރަސޫލާ ކަމަށް ހެކިވުމެވެ. އަދި ނަމާދު ގާއިމުކޮށް، (މުދަލު) ޒަކާތް ދީ، ރަމަޟާން މަހު ރޯދަ ހިފައި، ޣަނީމާ މުދަލުން ފަސްބައިކުޅަ އެއްބައި ތިޔަބައިމީހުން (ﷲ ގެ މަގުގައި) ދިނުމެވެ.“ އަދި އެބައިމީހުން ނަހީ ކުރެއްވީ ދުއްބާއާއި، ޙަންތަމާއި، އަދި މުޒައްފަތިންނެވެ. (އަދި ނަގީރު ނުވަތަ މުގައްޔަރު ވެސް ވިދާޅުވެލެއްވިކަމަށް އެކަށީގެންވެއެވެ.) (މިއީ ރާ ހަދަން ބޭނުން ކުރެވުނު ކަންވާރުތަކެވެ.) އަދި ނަބިއްޔާ ޙަދީޘް ކުރެއްވިއެވެ: ”މި (ދެންނެވި) ކަންތައްތައް ދަސްކުރައްވާށެވެ. އަދި ތިޔަބައިމީހުންގެ ފަހަތުގައިވާ ބަޔަކަށް އެ ކަންކަމުގެ ޚަބަރު ދެއްވާށެވެ.“,
صحيح البخاري,88,حَدَّثَنَا مُحَمَّدُ بْنُ مُقَاتِلٍ أَبُو الْحَسَنِ قَالَ: أَخْبَرَنَا عَبْدُ اللهِ قَالَ: أَخْبَرَنَا عُمَرُ بْنُ سَعِيدِ بْنِ أَبِي حُسَيْنٍ قَالَ: حَدَّثَنِي عَبْدُ اللهِ بْنُ أَبِي مُلَيْكَةَ، عَنْ عُقْبَةَ بْنِ الْحَارِثِ أَنَّهُ تَزَوَّجَ ابْنَةً لِأَبِي إِهَابِ بْنِ عَزِيزٍ، فَأَتَتْهُ امْرَأَةٌ فَقَالَتْ: إِنِّي قَدْ أَرْضَعْتُ عُقْبَةَ وَالَّتِي تَزَوَّجَ، فَقَالَ لَهَا عُقْبَةُ: مَا أَعْلَمُ أَنَّكِ أَرْضَعْتِنِي، وَلَا أَخْبَرْتِنِي. فَرَكِبَ إِلَى رَسُولِ اللهِ ﷺ بِالْمَدِينَةِ فَسَأَلَهُ، فَقَالَ رَسُولُ اللهِ ﷺ: كَيْفَ وَقَدْ قِيلَ. فَفَارَقَهَا عُقْبَةُ، وَنَكَحَتْ زَوْجًا غَيْرَهُ.,އުގްބާ ބިން އަލްޙާރިޘް ރިވާ ކުރެއްވިއެވެ: އަބޫ އިހާބު ބިން ޢަޒީޒުގެ ދަރިކަނބަލުންނާއި ތިމަންނަ ކައިވެނި ކުރީމެވެ. ދެން އަންހެނަކު އައިސް ދެންނެވިއެވެ: ހަމަކަށަވަރުން ޢުގްބާއާއި އޭނާ ކައިވެނިކުރި ކަނބުލޭގެއަށް ތިމަން ކިރުދިނީމެވެ. ޢުގްބާ ދެންނެވިއެވެ: ކަމަނާ ތިމަންނައަށް ކިރުދިން ކަމެއް ތިމަންނަ ނުދެނަހުރީމެވެ. އަދި ކަމަނާ ތި ވާހަކަ ތިމަން ގާތު ނުވެސް ބުނެއެވެ. ދެން ޢުގްބާ ސަވާރީއަކަށް އަރައިގެން މަދީނާއަށް ރަސޫލު ﷲ ﷺ ގެ އަރިހަށް ގޮސް ސުވާލު ކުރެއްވިއެވެ: ރަސޫލު ﷲ ﷺ ޙަދީޘް ކުރެއްވިއެވެ: ”(އެ ފަދައިން) ބުނެވުމަށް ފަހު (ދެން ތި ކައިވެނި ހުއްދަވާނީ) ކިހިނަކުންތޯއެވެ؟“ އެއަށްފަހު ޢުގްބާ އެ ކަމަނާ ވަރިކުރެއްވިއެވެ. އަދި އެ ކަމަނާ އެހެން މީހަކާ ކައިވެނި ބައްލަވައިގަތެވެ.,
صحيح البخاري,89,حَدَّثَنَا أَبُو الْيَمَانِ، أَخْبَرَنَا شُعَيْبٌ، عَنِ الزُّهْرِيِّ (ح). قَالَ أَبُو عَبْدِ اللهِ، وَقَالَ ابْنُ وَهْبٍ: أَخْبَرَنَا يُونُسُ، عَنِ ابْنِ شِهَابٍ، عَنْ عُبَيْدِ اللهِ بْنِ عَبْدِ اللهِ بْنِ أَبِي ثَوْرٍ، عَنْ عَبْدِ اللهِ بْنِ عَبَّاسٍ، عَنْ عُمَرَ قَالَ: كُنْتُ أَنَا وَجَارٌ لِي مِنَ الْأَنْصَارِ فِي بَنِي أُمَيَّةَ بْنِ زَيْدٍ، وَهِيَ مِنْ عَوَالِي الْمَدِينَةِ، وَكُنَّا نَتَنَاوَبُ النُّزُولَ عَلَى رَسُولِ اللهِ ﷺ؛ يَنْزِلُ يَوْمًا، وَأَنْزِلُ يَوْمًا، فَإِذَا نَزَلْتُ جِئْتُهُ بِخَبَرِ ذَلِكَ الْيَوْمِ مِنَ الْوَحْيِ وَغَيْرِهِ، وَإِذَا نَزَلَ فَعَلَ مِثْلَ ذَلِكَ، فَنَزَلَ صَاحِبِي الْأَنْصَارِيُّ يَوْمَ نَوْبَتِهِ، فَضَرَبَ بَابِي ضَرْبًا شَدِيدًا، فَقَالَ: أَثَمَّ هُوَ؟ فَفَزِعْتُ، فَخَرَجْتُ إِلَيْهِ فَقَالَ: قَدْ حَدَثَ أَمْرٌ عَظِيمٌ، قَالَ: فَدَخَلْتُ عَلَى حَفْصَةَ، فَإِذَا هِيَ تَبْكِي، فَقُلْتُ: طَلَّقَكُنَّ رَسُولُ اللهِ ﷺ؟ قَالَتْ: لَا أَدْرِي. ثُمَّ دَخَلْتُ عَلَى النَّبِيِّ ﷺ فَقُلْتُ وَأَنَا قَائِمٌ: أَطَلَّقْتَ نِسَاءَكَ؟ قَالَ: لَا. فَقُلْتُ: اللهُ أَكْبَرُ.,ޢުމަރު ރިވާ ކުރެއްވިއެވެ: ތިމަންނައާއި ތިމަންނަގެ އަންޞާރުންގެ އަވައްޓެރިއަކާ އުޅެމުން ދިޔައީ ބަނީ އުމައްޔަ ބިން ޒައިދު ވަންހައިގައެވެ. އެއީ މަދީނާގެ ރަށްބޭރުގައިވާ އަވަށެކެވެ. އަދި ތިމަންމެން ރަސޫލު ﷲ ﷺ ގެ އަރިހަށް ދަނީ އެކެއް އަނެކެއްގެ މަތިން ބުރު ބަހައިގެންނެވެ. އެއް ދުވަހު އޭނާ ދެއެވެ. އަދި އަނެއް ދުވަހު ތިމަންނަ ދަމެވެ. އެ ގޮތުން ތިމަންނަ ދާ ދުވަހަކު، އެ ދުވަހެއްގެ ވަހީއާއި އެހެނިހެން ޚަބަރު އޭނާއަށް ގެނެސްދެމެވެ. އަދި އޭނާ ދާ ދުވަހަކު ހަމަ އެފަދައިން ކަންތައް ކުރެއެވެ. ފަހެ ތިމަންނަގެ އަންޞާރީ އެކުވެރިޔާ (އޭނާގެ ދުވަހެއްގައި) ގޮސްފިއެވެ. (އަދި އެނބުރި އައިސް) ތިމަންނަގެ ދޮރުގައި ވަރަށް ބާރަށް ޓަކިޖަހާފައި އަހައިފިއެވެ: އޭނާ މިތާ އެބަ އުޅޭތޯއެވެ؟ ތިމަންނަ ސިހިގެން ގޮސް އޭނާގެ ގާތަށް ނުކުތީމެވެ. އޭނާ ދެންނެވިއެވެ: ހަމަކަށަވަރުން ބޮޑުވެގެންވާ ކަމެއް ހިނގައިފިއެވެ. ދެން ތިމަންނަ (ޢުމަރު) ޙަފްޞާގެ އަރިހަށް ދިޔައީމެވެ. އޭރު އެ ކަމަނާ އިންނެވީ ކީރިތިކުރައްވަންށެވެ. ތިމަން ދެންނެވީމެވެ: ރަސޫލު ﷲ ﷺ ކަމަނާމެން އެންމެން ވަރި ކުރެއްވިތޯއެވެ؟ އެ ކަމަނާ ދެންނެވިއެވެ: ތިމަން ކަމަނާއަކަށް ނޭނގެއެވެ. ދެން ނަބިއްޔާ ﷺ ގެ އަރިހަށް ތިމަން ގޮސް، ކޮއްޅަށް ހުރެ ދެންނެވީމެވެ: އިބަ ނަބިއްޔާގެ އަނބިކަނބަލުންތައް ވަރިކުރެއްވީތޯއެވެ؟ ނަބިއްޔާ ޙަދީޘް ކުރެއްވިއެވެ: ”ނޫނެކެވެ.“ ދެން ތިމަން ދެންނެވީމެވެ: اللَّهُ أَكْبَرُ އެވެ.,
صحيح البخاري,90,حَدَّثَنَا مُحَمَّدُ بْنُ كَثِيرٍ قَالَ: أَخْبَرَنَا سُفْيَانُ، عَنِ ابْنِ أَبِي خَالِدٍ، عَنْ قَيْسِ بْنِ أَبِي حَازِمٍ، عَنْ أَبِي مَسْعُودٍ الْأَنْصَارِيِّ قَالَ: قَالَ رَجُلٌ: يَا رَسُولَ اللهِ، لَا أَكَادُ أُدْرِكُ الصَّلَاةَ مِمَّا يُطَوِّلُ بِنَا فُلَانٌ، فَمَا رَأَيْتُ النَّبِيَّ ﷺ فِي مَوْعِظَةٍ أَشَدَّ غَضَبًا مِنْ يَوْمِئِذٍ، فَقَالَ: أَيُّهَا النَّاسُ، إِنَّكُمْ مُنَفِّرُونَ، فَمَنْ صَلَّى بِالنَّاسِ فَلْيُخَفِّفْ، فَإِنَّ فِيهِمُ الْمَرِيضَ وَالضَّعِيفَ وَذَا الْحَاجَةِ.,އަބޫ މަސްޢޫދު އަލްއަންޞާރީ ރިވާ ކުރެއްވިއެވެ: މީހަކު ދެންނެވިއެވެ: އޭ ﷲ ގެ ރަސޫލާއެވެ. މިވެނި މީހަކު ތިމަންމެންނައިގެން ނަމާދު ދިގު ކުރާވަރުން ތިމަންނައަށް ނަމާދުގައި ބައިވެރިވެވެނީ ހަމަ ކިރިޔާއެވެ. (އަބޫ މަސްޢޫދު ދެންނެވިއެވެ:) އެ ދުވަހަށް ވުރެ ބޮޑަށް ނަބިއްޔާ ﷺ ވައުޡު ދެއްވުމުގައި ކޯފާ އިސްކުރައްވައިގެން ހުންނަވަނިކޮށް ތިމަން ނުދެކެމުއެވެ. އަދި ޙަދީޘް ކުރެއްވިއެވެ: ”އޭ މީސްތަކުންނޭވެ. ހަމަކަށަވަރުން ތިޔަބައިމީހުންނީ ފައްސުވާލާ ބަޔަކީމުއެވެ. ފަހެ މީސްތަކުންނައިގެން ނަމާދު ކުރާ ނަމަ، ލުއިފަސޭހަ ކުރާށެވެ. އެހެނީ އެބައިމީހުންގެ ތެރޭގައި ބަލި މީހުންނާއި، ބަލިކަށި މީހުންނާއި، ހާޖަތް ޖެހިފައިވާ މީހުން ތިބޭނެކަށް ކަށަވަރެވެ.“,
صحيح البخاري,91,حَدَّثَنَا عَبْدُ اللهِ بْنُ مُحَمَّدٍ قَالَ: حَدَّثَنَا أَبُو عَامِرٍ قَالَ: حَدَّثَنَا سُلَيْمَانُ بْنُ بِلَالٍ الْمَدِينِيُّ، عَنْ رَبِيعَةَ بْنِ أَبِي عَبْدِ الرَّحْمَنِ، عَنْ يَزِيدَ مَوْلَى الْمُنْبَعِثِ، عَنْ زَيْدِ بْنِ خَالِدٍ الْجُهَنِيِّ: أَنَّ النَّبِيَّ ﷺ سَأَلَهُ رَجُلٌ عَنِ اللُّقَطَةِ فَقَالَ: اعْرِفْ وِكَاءَهَا، أَوْ قَالَ وِعَاءَهَا، وَعِفَاصَهَا، ثُمَّ عَرِّفْهَا سَنَةً، ثُمَّ اسْتَمْتِعْ بِهَا، فَإِنْ جَاءَ رَبُّهَا فَأَدِّهَا إِلَيْهِ. قَالَ: فَضَالَّةُ الْإِبِلِ؟ فَغَضِبَ حَتَّى احْمَرَّتْ وَجْنَتَاهُ، أَوْ قَالَ احْمَرَّ وَجْهُهُ، فَقَالَ: وَمَا لَكَ وَلَهَا، مَعَهَا سِقَاؤُهَا وَحِذَاؤُهَا، تَرِدُ الْمَاءَ وَتَرْعَى الشَّجَرَ، فَذَرْهَا حَتَّى يَلْقَاهَا رَبُّهَا. قَالَ: فَضَالَّةُ الْغَنَمِ؟ قَالَ: لَكَ أَوْ لِأَخِيكَ أَوْ لِلذِّئْبِ.,ޒައިދު ބިން ޚާލިދު އަލްޖުހަނީ ރިވާ ކުރެއްވިއެވެ. ވެއްޓި (ގެއްލިފައި) ހުންނަ ތަކެތި ހޮވުމާ ބެހޭ ގޮތުން ނަބިއްޔާ ﷺ އަށް މީހަކު ސުވާލު ކުރެއްވިއެވެ. ނަބިއްޔާ ޙަދީޘް ކުރެއްވިއެވެ: ”އޭތި (ބަންނަން ބޭނުން ކުރެވޭ) ވާފަށާއި (އެ ލެވިފައިވާ) ކަންވާރު ދެނެގަންނާށެވެ. ދެން އެއް އަހަރު ވަންދެން އޭތި އިއުލާން ކުރާށެވެ. އެއަށްފަހު އޭގެ ބޭނުން ކުރާށެވެ. ދެން އޭގެ ވެރިމީހާ އަތުވެއްޖެ ނަމަ އޭނާއަށް ރައްދުކުރާށެވެ.“އެ މީހާ ދެންނެވިއެވެ: ގެއްލިފައިވާ ޖަމަލާ މެދު (ކަންތައް ކުރާނީ) ކިހިނަކުންތޯއެވެ؟ ނަބިއްޔާގެ ދެ ކޯތާފަތްޕުޅު ނުވަތަ މޫނުފުޅު ރަތްވުމަށް ދާންދެން ކޯފާ އިސްކުރެއްވިއެވެ. އަދި ޙަދީޘް ކުރެއްވިއެވެ: ”ތިބާއާ އެއާ ކޮން ކަމެއްތޯއެވެ؟ އެއާއެކު އޭތި ބޯނެ ފެނާއި (ހިނގާނެ) ފައި އެބަ ހުއްޓެވެ. އޭތި ފެނާ ހިސާބަށް ދެވި، ގަހުން ފަތް ކެވޭނެއެވެ. ވީމާ އޭގެ ވެރިމީހާއާ ބައްދަލުވާންދެން އޭތި ދޫކޮށްލާށެވެ.“އެ މީހާ ދެންނެވިއެވެ: ގެއްލިފައިވާ ބަކަރިއާ މެދު (ކަންތައް ކުރާނީ) ކިހިނަކުންތޯއެވެ؟ ނަބިއްޔާ ޙަދީޘް ކުރެއްވިއެވެ: ”އޭތި ވަނީ ތިބާއަށެވެ. ނުވަތަ ތިބާގެ އަޚާއަށެވެ. ނުވަތަ ވަލު ކުއްތާއަށެވެ.“,
صحيح البخاري,92,حَدَّثَنَا مُحَمَّدُ بْنُ الْعَلَاءِ قَالَ: حَدَّثَنَا أَبُو أُسَامَةَ، عَنْ بُرَيْدٍ، عَنْ أَبِي بُرْدَةَ، عَنْ أَبِي مُوسَى قَالَ: سُئِلَ النَّبِيُّ ﷺ عَنْ أَشْيَاءَ كَرِهَهَا، فَلَمَّا أُكْثِرَ عَلَيْهِ غَضِبَ ثُمَّ قَالَ لِلنَّاسِ: سَلُونِي عَمَّا شِئْتُمْ. قَالَ رَجُلٌ: مَنْ أَبِي؟ قَالَ: أَبُوكَ حُذَافَةُ. فَقَامَ آخَرُ فَقَالَ: مَنْ أَبِي يَا رَسُولَ اللهِ؟ فَقَالَ: أَبُوكَ سَالِمٌ مَوْلَى شَيْبَةَ. فَلَمَّا رَأَى عُمَرُ مَا فِي وَجْهِهِ قَالَ: يَا رَسُولَ اللهِ، إِنَّا نَتُوبُ إِلَى اللهِ عَزَّ وَجَلَّ.,އަބޫ މޫސާ ރިވާ ކުރެއްވިއެވެ: ނަބިއްޔާ ﷺ ރުހިވަޑައި ނުގަންނަވާ ކަންކަމާ ބެހޭ ގޮތުންއެކަލޭގެފާނު އަރިހު ސުވާލު ކުރެވުނެވެ. ދެންވެސް ސުވާލު ގިނަ ކުރުމުން ނަބިއްޔާ ކޯފާ އިސްކުރެއްވިއެވެ. އަދި މީސްތަކުންނަށް ޙަދީޘް ކުރެއްވިއެވެ: ”ތިޔަބައިމީހުން ބޭނުން ކަމަކާމެދު ތިމަން ނަބިއްޔާއާ ސުވާލު ކުރާށެވެ.“ މީހަކު ދެންނެވިއެވެ: ތިމަންނަގެ ބައްޕައަކީ ކާކުތޯއެވެ؟ ނަބިއްޔާ ޙަދީޘް ކުރެއްވިއެވެ: ”ތިބާގެ ބައްޕައަކީ ޙުޛާފާއެވެ.“ ދެން އެހެން މީހަކު ތެދުވެގެން ދެންނެވިއެވެ: އޭ ﷲ ގެ ރަސޫލާއެވެ. ތިމަންނަގެ ބައްޕައަކީ ކާކުތޯއެވެ؟ ނަބިއްޔާ ޙަދީޘް ކުރެއްވިއެވެ: ”ތިބާގެ ބައްޕައަކީ ޝައިބާގެ މައުލާ ސާލިމެވެ.“ ދެން ނަބިއްޔާގެ މޫނުފުޅު މަތިން (ކޯފާގެ އަސަރު) ފެނުމުން ޢުމަރުގެފާނު ދެންނެވިއެވެ: އޭ ﷲ ގެ ރަސޫލާއެވެ. ހަމަކަށަވަރުން ތިމަންމެން ﷲ ޢައްޒަ ވަޖައްލަށް ތައުބާވަމެވެ.,
صحيح البخاري,93,حَدَّثَنَا أَبُو الْيَمَانِ قَالَ: أَخْبَرَنَا شُعَيْبٌ، عَنِ الزُّهْرِيِّ قَالَ: أَخْبَرَنِي أَنَسُ بْنُ مَالِكٍ: أَنَّ رَسُولَ اللهِ ﷺ خَرَجَ فَقَامَ عَبْدُ اللهِ بْنُ حُذَافَةَ فَقَالَ: مَنْ أَبِي؟ فَقَالَ: أَبُوكَ حُذَافَةُ. ثُمَّ أَكْثَرَ أَنْ يَقُولَ: سَلُونِي. فَبَرَكَ عُمَرُ عَلَى رُكْبَتَيْهِ فَقَالَ: رَضِينَا بِاللهِ رَبًّا، وَبِالْإِسْلَامِ دِينًا، وَبِمُحَمَّدٍ ﷺ نَبِيًّا، فَسَكَتَ.,"އަނަސް ބިން މާލިކު ރިވާ ކުރެއްވިއެވެ: ރަސޫލު ﷲ ﷺ ނުކުންނެވުމުން، ޢަބްދު ﷲ ބިން ޙުޛާފާ ތެދުވެގެން ދެންނެވިއެވެ: ތިމަންނަގެ ބައްޕައަކީ ކާކުތޯއެވެ؟ ނަބިއްޔާ ޙާދީޘް ކުރެއްވިއެވެ"" ”ތިބާގެ ބައްޕައަކީ ޙުޛާފާއެވެ.“ ދެން ނަބިއްޔާ މި ފަދައިން ވަރަށް ގިނަ ފަހަރު ޙަދީޘް ކުރެއްވިއެވެ: ތިޔަބައިމީހުން ތިމަން ނަބިއްޔާއާ ސުވާލު ކުރާށެވެ.“ ދެން ޢުމަރުގެފާނު ނަބިއްޔާގެ ކަކޫފުޅު މައްޗަށް ތިރިވެގެން ދެންނެވިއެވެ: ﷲއީ ރައްބު ކަމަށާއި، އަދި އިސްލާމަކީ ދީން ކަމަށާއި، އަދި ނަބިއްޔާއަކީ މުޙައްމަދު ﷺ ކަމަށް ތިމަންމެން ރުހިއްޖައީމެވެ. ދެން ނަބިއްޔާ ހަނުހުންނެވިއެވެ.",
صحيح البخاري,94,حَدَّثَنَا عَبْدَةُ قَالَ: حَدَّثَنَا عَبْدُ الصَّمَدِ قَالَ: حَدَّثَنَا عَبْدُ اللهِ بْنُ الْمُثَنَّى قَالَ: حَدَّثَنَا ثُمَامَةُ بْنُ عَبْدِ اللهِ، عَنْ أَنَسٍ، عَنِ النَّبِيِّ ﷺ: أَنَّهُ كَانَ إِذَا سَلَّمَ سَلَّمَ ثَلَاثًا، وَإِذَا تَكَلَّمَ بِكَلِمَةٍ أَعَادَهَا ثَلَاثًا.,އަނަސް ރިވާ ކުރެއްވިއެވެ: ނަބިއްޔާ ﷺ (ގެއަކަށް ވަންނަން) ސަލާމް ގޮވާލައްވާ ނަމަ، ތިން ފަހަރު ސަލާމް ގޮވާލައްވައެވެ. އަދި ވާހަކަފުޅު ދައްކަވާ ނަމަ، ތިން ފަހަރު ތަކުރާރު ކުރައްވައެވެ.,
صحيح البخاري,95,حَدَّثَنَا عَبْدَةُ بْنُ عَبْدِ اللهِ، حَدَّثَنَا عَبْدُ الصَّمَدِ قَالَ: حَدَّثَنَا عَبْدُ اللهِ بْنُ الْمُثَنَّى قَالَ: حَدَّثَنَا ثُمَامَةُ بْنُ عَبْدِ اللهِ، عَنْ أَنَسٍ، عَنِ النَّبِيِّ ﷺ أَنَّهُ كَانَ إِذَا تَكَلَّمَ بِكَلِمَةٍ أَعَادَهَا ثَلَاثًا حَتَّى تُفْهَمَ عَنْهُ، وَإِذَا أَتَى عَلَى قَوْمٍ فَسَلَّمَ عَلَيْهِمْ سَلَّمَ عَلَيْهِمْ ثَلَاثًا.,އަނަސް ރިވާ ކުރެއްވިއެވެ: ނަބިއްޔާ ﷺ ވާހަކަފުޅު ދައްކަވާ ނަމަ، އެ ފަހުމްކޮށްދެއްވުމަށް ޓަކައި ތިން ފަހަރު ތަކުރާރު ކުރައްވައެވެ. އަދި ބަޔެއްގެ (ގެއަކަށް) ވަންނަން ސަލާމް ގޮވާލައްވާ ނަމަ، އެބައިމީހުންނަށް ތިން ފަހަރު ސަލާމް ގޮވާލައްވައެވެ.,
صحيح البخاري,96,حَدَّثَنَا مُسَدَّدٌ قَالَ: حَدَّثَنَا أَبُو عَوَانَةَ، عَنْ أَبِي بِشْرٍ، عَنْ يُوسُفَ بْنِ مَاهَكَ، عَنْ عَبْدِ اللهِ بْنِ عَمْرٍو قَالَ: تَخَلَّفَ رَسُولُ اللهِ ﷺ فِي سَفَرٍ سَافَرْنَاهُ، فَأَدْرَكَنَا وَقَدْ أَرْهَقْنَا الصَّلَاةَ، صَلَاةَ الْعَصْرِ، وَنَحْنُ نَتَوَضَّأُ، فَجَعَلْنَا نَمْسَحُ عَلَى أَرْجُلِنَا، فَنَادَى بِأَعْلَى صَوْتِهِ: وَيْلٌ لِلْأَعْقَابِ مِنَ النَّارِ. مَرَّتَيْنِ أَوْ ثَلَاثًا.,ޢަބްދު ﷲ ބިން ޢަމްރު ރިވާ ކުރެއްވިއެވެ: ތިމަންމެންނާއެކު ކުރެއްވި ދަތުރުފުޅެއްގައި ނަބިއްޔާ ﷺ ފަހަތަށް ޖެހިވަޑައިގަތެވެ. ދެން ނަބިއްޔާ ތިމަންމެންނާ ހަމަ ކުރެއްވީ ޢަޞުރު ނަމާދު ވަގުތު ކުޑަތަންވެފައި ވަނިކޮށް، ތިމަންމެން ވުޟޫ ކުރަން ހުއްޓައެވެ. ވީމާ (ރަނގަޅަށް ފައި ނުދޮވެ) ތިމަންމެންގެ ފައިތަކު މަތީ (ހަމައެކަނި) ފެން ފޮހެމުން ދިޔައިމެވެ. ދެން ނަބިއްޔާ އަޑުފުޅުގެ ކޮޅަށް ދެތިން ފަހަރު ގޮވާލެއްވިއެވެ: ”ނަރަކައިން ފުންނާބުތަކަށް ހަލާކު ހުއްޓެވެ.“ (އެބަހީ: ރަނގަޅަށް ނުދޮވުމުގެ ސަބަބުން ފުންނާބުތައް ނަރަކައިގެ އަޒާބުން ސަލާމަތް ކުރާށެވެ.),
صحيح البخاري,97,أَخْبَرَنَا مُحَمَّدٌ هُوَ ابْنُ سَلَامٍ، حَدَّثَنَا الْمُحَارِبِيُّ قَالَ: حَدَّثَنَا صَالِحُ بْنُ حَيَّانَ قَالَ: قَالَ عَامِرٌ الشَّعْبِيُّ: حَدَّثَنِي أَبُو بُرْدَةَ، عَنْ أَبِيهِ قَالَ: قَالَ رَسُولُ اللهِ ﷺ: ثَلَاثَةٌ لَهُمْ أَجْرَانِ: رَجُلٌ مِنْ أَهْلِ الْكِتَابِ آمَنَ بِنَبِيِّهِ، وَآمَنَ بِمُحَمَّدٍ ﷺ، وَالْعَبْدُ الْمَمْلُوكُ إِذَا أَدَّى حَقَّ اللهِ وَحَقَّ مَوَالِيهِ، وَرَجُلٌ كَانَتْ عِنْدَهُ أَمَةٌ فَأَدَّبَهَا فَأَحْسَنَ تَأْدِيبَهَا، وَعَلَّمَهَا فَأَحْسَنَ تَعْلِيمَهَا، ثُمَّ أَعْتَقَهَا فَتَزَوَّجَهَا، فَلَهُ أَجْرَانِ ثُمَّ قَالَ عَامِرٌ: أَعْطَيْنَاكَهَا بِغَيْرِ شَيْءٍ، قَدْ كَانَ يُرْكَبُ فِيمَا دُونَهَا إِلَى الْمَدِينَةِ.,އަބޫ މޫސާ އަލްއަޝްޢަރީ ރިވާ ކުރެއްވިއެވެ: ރަސޫލު ﷲ ﷺ ޙަދީޘް ކުރެއްވިއެވެ: ”ތިން މީހަކަށް ދެ އަޖުރު ލިބޭނެއެވެ. (އެއީ) ފޮތުގެ އަހުލުވެރިންގެ ތެރެއިން އެ މީހެއްގެ ނަބިއްޔާއަށް އީމާންވުމުގެ އިތުރަށް މުޙައްމަދު ﷺ އަށް އީމާންވެއްޖެ މީހާއެވެ. އަދި ﷲ ގެ ޙައްގު އަދާ ކުރުމުގެ އިތުރަށް އެ މީހެއްގެ ވެރި ސާހިބާގެ ޙައްގު އަދާ ކުރި އަޅު މީހާއެވެ. އަދި އަންހެން އަޅެއް ހުރި މީހަކު، އޭނާ އެ ކަނބުލޭގެއަށް ރަނގަޅު ގޮތުގައި އަދަބު އުނގަންނައިދެއްވައި، އަދި އެ ކަނބުލޭގެއަށް ރަނގަޅު ގޮތުގައި ޢިލްމު އުނގަންނަވައިދެއްވައި، އެއަށްފަހު އެ ކަނބުލޭގެ މިނިވަންކޮށް އެ ކަނބުލޭގެއާ ކައިވެނިކޮށްފި މީހާއެވެ.“ (ޙަދީޘްގެ ރާވީއެއް ކަމަށްވާ) ޢާމިރު ވިދާޅުވިއެވެ: ތިމަންމެން މި ޙަދީޘް މި ދިނީ އެއްވެސް އެއްޗެއްގެ ބަދަލަކަށް ނޫނެވެ. ހަމަކަށަވަރުން މިއަށްވުރެ ކުރު ޙަދީޘް ހޯދުމަށް މަދީނާއާ ހަމައަށް މީހުން ދަތުރުކޮށް އުޅުނެވެ.,
صحيح البخاري,98,حَدَّثَنَا سُلَيْمَانُ بْنُ حَرْبٍ قَالَ: حَدَّثَنَا شُعْبَةُ، عَنْ أَيُّوبَ قَالَ: سَمِعْتُ عَطَاءً قَالَ: سَمِعْتُ ابْنَ عَبَّاسٍ قَالَ: أَشْهَدُ عَلَى النَّبِيِّ ﷺ أَوْ قَالَ عَطَاءٌ: أَشْهَدُ عَلَى ابْنِ عَبَّاسٍ: أَنَّ رَسُولَ اللهِ ﷺ خَرَجَ وَمَعَهُ بِلَالٌ، فَظَنَّ أَنَّهُ لَمْ يُسْمِعْ فَوَعَظَهُنَّ وَأَمَرَهُنَّ بِالصَّدَقَةِ، فَجَعَلَتِ الْمَرْأَةُ تُلْقِي الْقُرْطَ وَالْخَاتَمَ، وَبِلَالٌ يَأْخُذُ فِي طَرَفِ ثَوْبِهِ.,ޢިބްނު ޢައްބާސް ރިވާ ކުރެއްވިއެވެ: ރަސޫލު ﷲ ﷺ (ވަޢުޡު ދެއްވުމަށް ފިތުރު އީދުގައި) ބިލާލާއެކު ނުކުންނެވިއެވެ. ދެން ނަބިއްޔާ ހީފުޅު ކުރެއްވީ (ފިރިހެންވެރިންގެ ސަފުތަކުގެ ފަހަތުގައި އިނުމުގެ ސަބަބުން އަންހެންވެރިންނަށް) ނަބިއްޔާގެ އަޑު ނީވޭކަމަށެވެ. ނަބިއްޔާ އެ ކަނބަލުންނަށް ވަޢުޡުދެއްވައި، އަދި އެ ކަނބަލުން ޞަދަގާތް ދެއްވުމަށް އަމުރު ކުރެއްވިއެވެ. ދެން އަންހެންވެރިން އެ ކަނބަލުންގެ (ކަންފަތުގައިލައްވާފައި ހުރި) ފުލާއި އަނގޮޓި (ނަގާފައި) ދެމުން ދިޔައެވެ. އަދި ބިލާލުގެ ހެދުމުގެ ކަނަކުން އެ ތަކެތި އެއްކުރިއެވެ.,
صحيح البخاري,99,حَدَّثَنَا عَبْدُ الْعَزِيزِ بْنُ عَبْدِ اللهِ قَالَ: حَدَّثَنِي سُلَيْمَانُ، عَنْ عَمْرِو بْنِ أَبِي عَمْرٍو، عَنْ سَعِيدِ بْنِ أَبِي سَعِيدٍ الْمَقْبُرِيِّ، عَنْ أَبِي هُرَيْرَةَ أَنَّهُ قَالَ: قِيلَ: يَا رَسُولَ اللهِ، مَنْ أَسْعَدُ النَّاسِ بِشَفَاعَتِكَ يَوْمَ الْقِيَامَةِ؟ قَالَ رَسُولُ اللهِ ﷺ: لَقَدْ ظَنَنْتُ يَا أَبَا هُرَيْرَةَ أَنْ لَا يَسْأَلَنِي عَنْ هَذَا الْحَدِيثِ أَحَدٌ أَوَّلُ مِنْكَ؛ لِمَا رَأَيْتُ مِنْ حِرْصِكَ عَلَى الْحَدِيثِ، أَسْعَدُ النَّاسِ بِشَفَاعَتِي يَوْمَ الْقِيَامَةِ، مَنْ قَالَ لَا إِلَهَ إِلَّا اللهُ خَالِصًا مِنْ قَلْبِهِ أَوْ نَفْسِهِ.,އަބޫ ހުރައިރާ ރިވާ ކުރެއްވިއެވެ: ނަބިއްޔާއަށް ދެންނެވުނެވެ: އޭ ﷲ ގެ ރަސޫލާއެވެ. މީސްތަކުންގެ ތެރެއިން، ގިޔާމަތް ދުވަހު އިބަ ނަބިއްޔާގެ ޝަފާޢަތުގެ އުފާވެރިކަން ލިބޭނެ މީހަކީ ކާކުތޯއެވެ؟ ރަސޫލު ﷲ ﷺ ޙަދީޘް ކުރެއްވިއެވެ: ”އޭ އަބޫ ހުރައިރާއެވެ. ހަމަކަށަވަރުން ތިބާއަށް ވުރެ ކުރިން މި ޙަދީޘާ ބެހޭ ގޮތުން އެއްވެސް މީހަކު ސުވާލު ނުކުރާނެ ކަމަށް ތިމަން ނަބިއްޔާ ހީފުޅު ކުރެއްވީމެވެ. އެއީ ޙަދީޘަށް ތިބާގެ ހުންނަ ޝައުގުވެރިކަން ތިމަން ނަބިއްޔާ ދެކެވަޑައިގެންފައިވާތީއެވެ. މީސްތަކުންގެ ތެރެއިން، ގިޔާމަތް ދުވަހު ތިމަން ނަބިއްޔާގެ ޝަފާޢަތުގެ އުފާވެރިކަން ލިބޭނެ މީހަކީ، އެ މީހެއްގެ ހިތާއި ނަފްސުން އިޚްލާޞްތެރިކަމާއެކު لاَ إِلَهَ إِلَّا اللَّهُ ކިޔައިފި މީހާއެވެ.“,
صحيح البخاري,99,"عَنْ أَبِي هُرَيْرَةَ، أَنَّهُ قَالَ قِيلَ يَا رَسُولَ اللَّهِ، مَنْ أَسْعَدُ النَّاسِ بِشَفَاعَتِكَ يَوْمَ الْقِيَامَةِ قَالَ رَسُولُ اللَّهِ ﷺ "" لَقَدْ ظَنَنْتُ يَا أَبَا هُرَيْرَةَ أَنْ لاَ يَسْأَلَنِي عَنْ هَذَا الْحَدِيثِ أَحَدٌ أَوَّلُ مِنْكَ، لِمَا رَأَيْتُ مِنْ حِرْصِكَ عَلَى الْحَدِيثِ، أَسْعَدُ النَّاسِ بِشَفَاعَتِي يَوْمَ الْقِيَامَةِ مَنْ قَالَ لاَ إِلَهَ إِلاَّ اللَّهُ، خَالِصًا مِنْ قَلْبِهِ أَوْ نَفْسِهِ ""‌.","އަބޫ ހުރައިރާ ރަޟިޔަﷲ ޢަންހުގެ ކިބައިން ރިވާވެގެންވެއެވެ. އެކަލޭގެފާނު ވިދާޅުވިއެވެ. އެކަލޭގެފާނަށް ބުނެވުނެވެ. އޭ ރަސޫލުﷲއެވެ. ގިޔާމަތްދުވަހު ކަލޭގެފާނުގެ ޝަފާޢަތް އެންމެ ޙައްގުވެގެންވާ އެންމެ ނަސީބުގަދަ މީހަކީ ކާކުހެއްޔެވެ؟ ރަސޫލުﷲ ﷺ ޙަދީޘްކުރެއްވިއެވެ. އޭ އަބޫ ހުރައިރާއެވެ. ކަލޭގެފާނު ނޫން މީހަކު ތިކަމާ ސުވާލުނުކުރާނެކަން ތިމަންކަލޭގެފަނަށް ހީވެވަޑައިގައިގަތެވެ. އެއީ ކަލޭގެފާނަށް ޙަދީޘަށް ހުރި ޝައުގެއްގެ ބޮޑުކަމުންނެވެ. ތިމަންކަލޭގެފާނުގެ ޝަފާޢަތަށް ގިޔާމަތްދުވަހު އެންމެ ޙައްގުވެގެންވާ އެންމެ ނަސީބުގަދަ މީހަކީ އެމީހެއްގެ ހިތުން ނުވަތަ ނަފުސުން ޚާލިޞްކަމާއިއެކު لا إله إلا الله (ޙައްގުގޮތުގައި އަޅުކަންވެވޭ އިލާހެއް ﷲ ފިޔަވައި ނުވާކަމަށް އިޚުލާޞްތެރިކަމާއެކު) ކީމީހާއެވެ""",
صحيح البخاري,100,حَدَّثَنَا إِسْمَاعِيلُ بْنُ أَبِي أُوَيْسٍ قَالَ: حَدَّثَنِي مَالِكٌ، عَنْ هِشَامِ بْنِ عُرْوَةَ، عَنْ أَبِيهِ، عَنْ عَبْدِ اللهِ بْنِ عَمْرِو بْنِ الْعَاصِ قَالَ: سَمِعْتُ رَسُولَ اللهِ ﷺ يَقُولُ: إِنَّ اللهَ لَا يَقْبِضُ الْعِلْمَ انْتِزَاعًا يَنْتَزِعُهُ مِنَ الْعِبَادِ، وَلَكِنْ يَقْبِضُ الْعِلْمَ بِقَبْضِ الْعُلَمَاءِ، حَتَّى إِذَا لَمْ يُبْقِ عَالِمًا، اتَّخَذَ النَّاسُ رُءُوسًا جُهَّالًا، فَسُئِلُوا فَأَفْتَوْا بِغَيْرِ عِلْمٍ، فَضَلُّوا وَأَضَلُّوا.,ޢަބްދު ﷲ ބިން ޢަމްރު ބިން އަލްޢާޞް ރިވާ ކުރެއްވިއެވެ: ރަސޫލު ﷲ ﷺ ޙަދީޘް ކުރައްވަނިކޮށް ތިމަން އަޑު އެހީމެވެ: ”ހަމަކަށަވަރުން އަޅުތަކުންގެ ހިތްތަކުން ޢިލްމު ވަކިކޮށް ﷲ ހިތްޕަވައިވޮޑި ނުގަންނަވައެވެ. އެހެނެއްކަމަކު އެ އިލާހު ޢިލްމު ހިތްޕަވަނީ ޢިލްމުވެރިން ހިތްޕަވައި (މަރުގަންނަވައިގެންނެވެ.) ދެން އެންމެ ފަހުން ޢީލްމުވެރިއަކު ބާކީ ނެތުމާއެކު، ވެރިންގެ ގޮތުގައި މީސްތަކުން ނަގާނީ ޖާހިލު ބަޔެކެވެ. އެބައިމީހުންނާ ސުވާލު ކުރެވުމުން ޢިލްމެއް ނެތި ފަތުވާދީ ހަދާނެއެވެ. ދެން އެބައިމީހުން އަމިއްލައަށް މަގުފުރެދި، އެހެން މީހުން ވެސް މަގުފުރައްދާނެއެވެ.“,
صحيح البخاري,101,حَدَّثَنَا آدَمُ قَالَ: حَدَّثَنَا شُعْبَةُ قَالَ: حَدَّثَنِي ابْنُ الْأَصْبَهَانِيِّ قَالَ: سَمِعْتُ أَبَا صَالِحٍ ذَكْوَانَ يُحَدِّثُ عَنْ أَبِي سَعِيدٍ الْخُدْرِيِّ: قَالَتِ النِّسَاءُ لِلنَّبِيِّ ﷺ: غَلَبَنَا عَلَيْكَ الرِّجَالُ، فَاجْعَلْ لَنَا يَوْمًا مِنْ نَفْسِكَ. فَوَعَدَهُنَّ يَوْمًا لَقِيَهُنَّ فِيهِ، فَوَعَظَهُنَّ وَأَمَرَهُنَّ، فَكَانَ فِيمَا قَالَ لَهُنَّ: مَا مِنْكُنَّ امْرَأَةٌ تُقَدِّمُ ثَلَاثَةً مِنْ وَلَدِهَا إِلَّا كَانَ لَهَا حِجَابًا مِنَ النَّارِ. فَقَالَتِ امْرَأَةٌ: وَاثْنَتَيْنِ؟ فَقَالَ: وَاثْنَتَيْنِ.,އަބޫ ސައީދު އަލްޚުދްރީ ރިވާ ކުރެއްވިއެވެ: އަންހެންވެރިން ނަބިއްޔާ ﷺ އަރިހު ދެންނެވިއެވެ: ތިމަންމެންނަށް ބަހައްޓާފައި ފިރިހެންވެރިން އިބަ ނަބިއްޔާގެ ވަގުތުކޮޅު ނަގާލައިފިއެވެ. ވީމާ އިބަ ނަބިއްޔާ އަމިއްލަފުޅަށް ތިމަންމަނެންނަށް ވަކި ދުވަހެއް ކަނޑައަޅުއްވައި ދެއްވާށެވެ. ދެން އެ ކަނބަލުންނަށް ދުވަހެއް ދެއްވަން ނަބިއްޔާ ވަޢުދުވެލެއްވިއެވެ. އެ ގޮތުން އެ ދުވަހު ނަބިއްޔާ އެ ކަނބަލުންނާ ބައްދަލު ކުރައްވައި އަމުރުފުޅު ދެއްވިއެވެ. އަދި އެ ކަނބަލުންނަށް ޙަދީޘް ކުރެއްވި ކަންތައްތަކުގައި ހިމެނެއެވެ: ”ތިއިން އެއްވެސް އަންހެނެއްގެ ތިން ދަރިން މަރުވެއްޖެ ނަމަ، އެ ދަރިން ވާނީ އެ އަންހެނާ ނަރަކައިން (ހިމާޔަތްކޮށްދޭނެ) ހުރަހަކަށެވެ. ދެން އަންހެނަކު ދެންނެވިއެވެ: އަދި ދެ ކުދިންނަމަ (ކިހިނެއްތޯއެވެ؟) ނަބިއްޔާ ޙަދީޘް ކުރެއްވިއެވެ: ”އަދި ދެ ކުދިން ނަމަވެސް މެއެވެ.“,
صحيح البخاري,102,حَدَّثَنَا مُحَمَّدُ بْنُ بَشَّارٍ قَالَ: حَدَّثَنَا غُنْدَرٌ قَالَ: حَدَّثَنَا شُعْبَةُ، عَنْ عَبْدِ الرَّحْمَنِ بْنِ الْأَصْبَهَانِيِّ، عَنْ ذَكْوَانَ، عَنْ أَبِي سَعِيدٍ الْخُدْرِيِّ، عَنِ النَّبِيِّ ﷺ بِهَذَا. وَعَنْ عَبْدِ الرَّحْمَنِ بْنِ الْأَصْبَهَانِيِّ قَالَ: سَمِعْتُ أَبَا حَازِمٍ، عَنْ أَبِي هُرَيْرَةَ قَالَ: ثَلَاثَةً لَمْ يَبْلُغُوا الْحِنْثَ.,ކުރީގެ ޙަދީޘާ އެއްގޮތަކަށް ރިވާވެފައިވެއެވެ. އަދި އެހެން ރިވާޔަތެއްގައި ވެއެވެ: އަބޫ ހުރައިރާ ވިދާޅުވިއެވެ: ފާފަ (ލިޔުއްވޭ) އުމުރަށް ނުދާ (އެބަހީ: ބާލިޣު ނުވާ) ތިން ކުދިންނެވެ.,
صحيح البخاري,103,حَدَّثَنَا سَعِيدُ بْنُ أَبِي مَرْيَمَ قَالَ: أَخْبَرَنَا نَافِعُ بْنُ عُمَرَ قَالَ: حَدَّثَنِي ابْنُ أَبِي مُلَيْكَةَ: أَنَّ عَائِشَةَ زَوْجَ النَّبِيِّ ﷺ كَانَتْ لَا تَسْمَعُ شَيْئًا لَا تَعْرِفُهُ إِلَّا رَاجَعَتْ فِيهِ حَتَّى تَعْرِفَهُ، وَأَنَّ النَّبِيَّ ﷺ قَالَ: مَنْ حُوسِبَ عُذِّبَ. قَالَتْ عَائِشَةُ: فَقُلْتُ: أَوَلَيْسَ يَقُولُ اللهُ تَعَالَى: { فَسَوْفَ يُحَاسَبُ حِسَابًا يَسِيرًا } قَالَتْ فَقَالَ: إِنَّمَا ذَلِكِ الْعَرْضُ، وَلَكِنْ مَنْ نُوقِشَ الْحِسَابَ يَهْلِكْ.,އިބްނު އަބީ މުލައިކާ ރިވާ ކުރެއްވިއެވެ: ހަމަކަށަވަރުން ނަބިއްޔާ ﷺ ގެ އަނބިކަނބަލުން ޢާއިޝާ، އެ ކަމަނާ ނުދަންނަ އެއްޗަކާ ބެހޭ ގޮތުން އަޑު އިވުނު ނަމަ، އެ ދެނެގަތުމައް ދާންދެން އެ ކަމަނާ ސުވާލު ކުރައްވައެވެ. ފަހެ ނަބިއްޔާ ﷺ ޙަދީޘް ކުރެއްވިއެވެ: ”ހިސާބު ބެއްލަވައިފި މީހަކަށް އަޒާބު ދެވޭނެއެވެ.“ ޢާއިޝާ ދެންނެވިއެވެ: ﷲ ތަޢާލާ (މިފަދައިން) ވަހީ ކުރައްވާފައި ނުވޭތޯއެވެ: ❞ފަހެ ކައިރި މުސްތަގްބަލެއްގައި ލުއިފަސޭހަވެގެންވާ ހިސާބު ބެއްލެވުމަކުން އެ މީހާގެ ހިސާބު ބައްލަވާނެއެވެ.❝ ނަބިއްޔާ ޙަދީޘް ކުރެއްވިއެވެ: ”އެއީ ހަމަ އެކަނި އަދި (ހިސާބަށް) ހުށަހެޅުމެވެ. އެހެނަސް އެ މީހެއްގެ ހިސާބާ ބެހޭ ގޮތުން ތަފްސީލުކޮށް ސުވާލު ކުރެވިއްޖެ މީހަކު ހަލާކުވެގެން ދާނެއެވެ.“,
صحيح البخاري,104,حَدَّثَنَا عَبْدُ اللهِ بْنُ يُوسُفَ قَالَ: حَدَّثَنِي اللَّيْثُ قَالَ: حَدَّثَنِي سَعِيدٌ، عَنْ أَبِي شُرَيْحٍ أَنَّهُ قَالَ لِعَمْرِو بْنِ سَعِيدٍ وَهُوَ يَبْعَثُ الْبُعُوثَ إِلَى مَكَّةَ: ائْذَنْ لِي أَيُّهَا الْأَمِيرُ أُحَدِّثْكَ قَوْلًا قَامَ بِهِ النَّبِيُّ ﷺ الْغَدَ مِنْ يَوْمِ الْفَتْحِ، سَمِعَتْهُ أُذُنَايَ، وَوَعَاهُ قَلْبِي، وَأَبْصَرَتْهُ عَيْنَايَ حِينَ تَكَلَّمَ بِهِ: حَمِدَ اللهَ وَأَثْنَى عَلَيْهِ ثُمَّ قَالَ: إِنَّ مَكَّةَ حَرَّمَهَا اللهُ وَلَمْ يُحَرِّمْهَا النَّاسُ، فَلَا يَحِلُّ لِامْرِئٍ يُؤْمِنُ بِاللهِ وَالْيَوْمِ الْآخِرِ أَنْ يَسْفِكَ بِهَا دَمًا، وَلَا يَعْضُدَ بِهَا شَجَرَةً، فَإِنْ أَحَدٌ تَرَخَّصَ لِقِتَالِ رَسُولِ اللهِ ﷺ فِيهَا فَقُولُوا: إِنَّ اللهَ قَدْ أَذِنَ لِرَسُولِهِ وَلَمْ يَأْذَنْ لَكُمْ، وَإِنَّمَا أَذِنَ لِي فِيهَا سَاعَةً مِنْ نَهَارٍ، ثُمَّ عَادَتْ حُرْمَتُهَا الْيَوْمَ كَحُرْمَتِهَا بِالْأَمْسِ، وَلْيُبَلِّغِ الشَّاهِدُ الْغَائِبَ. فَقِيلَ لِأَبِي شُرَيْحٍ: مَا قَالَ عَمْرٌو؟ قَالَ: أَنَا أَعْلَمُ مِنْكَ يَا أَبَا شُرَيْحٍ، لَا يُعِيذُ عَاصِيًا وَلَا فَارًّا بِدَمٍ وَلَا فَارًّا بِخَرْبَةٍ.,އަބޫ ޝުރައިޙު ރިވާ ކުރެއްވިއެވެ: ޢަމްރު ބިން ސައީދު، ލަޝްކަރުތައް މައްކާއަށް ފޮނުވި އިރު ތިމަން ދެންނެވީމެވެ: އޭ އަމީރެވެ. ވާހަކަ ދެއްކުމަށް ތިމަންނައަށް ހުއްދަ ދެއްވާށެވެ. އެއީ ނަބިއްޔާ ﷺ މައްކާ ފަތަޙަ ކުރެއްވި ދުވަހާ ޖެހިގެން އައި ދުވަހު ޙަދީޘް ކުރެއްވި ވާހަކަފުޅެކެވެ. އެ ދެއްކެވި ވާހަކަފުޅު ތިމަންނަގެ ދެ ކަންފަތުން އަޑުއަހައި، ތިމަންނަގެ ހިތުން ރަނގަޅަށް ދެނެގަނެ، އަދި ތިމަންނަގެ ދެ ލޮލުން ނަބިއްޔާ ވާހަކަފުޅު ދައްކަވަނިކޮށް ދުށީމެވެ. ﷲއަށް ޙަމްދު ސަނާ ދެންނެވުމަށް ފަހު ނަބިއްޔާ ޙަދީޘް ކުރެއްވިއެވެ: ”ހަމަކަށަވަރުން މައްކާ ޙުރުމަތްތެރި ކުރެއްވީ ﷲއެވެ. އަދި އެ ތަން ޙުރުމަތްތެރި ކުރީކީ މީސްތަކުންނެއް ނޫނެވެ. ވީމާ ﷲއާއި އާޚިރަތް ދުވަހަށް އީމާންވާ މީހަކަށް އެ ތަނުގައި ލޭ އޮހޮރުވުން ހުއްދަވެގެނެއް ނުވެއެވެ. އަދި އެ ތަނުގައި ގަސް ކެނޑުން ވެސް ހުއްދައެއް ނުވެއެވެ. އަދި ރަސޫލު ﷲ ﷺ އެ ތަނުގައި ހަނގުރާމަ ކުރެއްވީތީވެ އެކަން ކުރުން ހުއްދަވާނެ ކަމަށް މީހަކު ބުނާ ނަމަ، ފަހެ ތިޔަބައިމީހުން ބުނާށެވެ: ހަމަކަށަވަރުން ﷲ ވަނީ އެ އިލާހުގެ ރަސޫލާއަށް ހުއްދަ ދެއްވާފައެވެ. އަދި އެ އިލާހު ތިޔަބައިމީހުންނަކަށް ހުއްދައެއް ނުދެއްވައެވެ. އަދި ތިމަން ނަބިއްޔާއަށް ހުއްދަ ދެއްވުނީ ވެސް ހަމައެކަނި ދުވާލުގެ ވަގުތުކޮޅަކަށެވެ. އެއަށްފަހު އޭގެ ކުރީ ދުވަހެކޭ އެއްފަދައިން އެ ތަނުގެ ޙުރުމަތްތެރިކަން މިއަދު އިއާދަވެއްޖެއެވެ. ފަހެ ހާޒިރުގައި ހުރި މީހާ، ހާޒިރުގައި ނެތް މީހާއަށް (މި ބަސްފުޅު) ފޯރުކޮށްދޭށެވެ.“ އަބޫ ޝޫރައިޙަށް ދެންނެވުނެވެ: ޢަމްރު ދެންނެވީ ކީކޭތޯއެވެ؟ އަބޫ ޝުރައިޙު ދެންނެވިއެވެ: ޢަމްރު ދެންނެވީ: އޭ އަބޫ ޝުރައިޙެވެ. ތިބާއަށް ވުރެ ބޮޑަށް ތިމަންނަ (ތިކަންތައް) ދެނަހުރީމެވެ. އުރެދޭ މީހަކަށް، ނުވަތަ ލޭއޮހޮރުވައިގެން ފިލާ މީހަކަށް، ނުވަތަ ޖިޒްޔަ ނުދޭންވެގެން ފިލާ މީހަކަށް މައްކާގެ ޙިމާޔަތެއް ނުވެއެވެ.,
صحيح البخاري,105,حَدَّثَنَا عَبْدُ اللهِ بْنُ عَبْدِ الْوَهَّابِ قَالَ: حَدَّثَنَا حَمَّادٌ، عَنْ أَيُّوبَ، عَنْ مُحَمَّدٍ، عَنِ ابْنِ أَبِي بَكْرَةَ، عَنْ أَبِي بَكْرَةَ ذَكَرَ النَّبِيَّ ﷺ قَالَ: فَإِنَّ دِمَاءَكُمْ وَأَمْوَالَكُمْ قَالَ مُحَمَّدٌ وَأَحْسَبُهُ قَالَ وَأَعْرَاضَكُمْ عَلَيْكُمْ حَرَامٌ، كَحُرْمَةِ يَوْمِكُمْ هَذَا، فِي شَهْرِكُمْ هَذَا، أَلَا لِيُبَلِّغِ الشَّاهِدُ مِنْكُمُ الْغَائِبَ. وَكَانَ مُحَمَّدٌ يَقُولُ: صَدَقَ رَسُولُ اللهِ ﷺ، كَانَ ذَلِكَ: أَلَا هَلْ بَلَّغْتُ. مَرَّتَيْنِ.,އަބޫ ބަކްރާ ރިވާ ކުރެއްވިއެވެ: ނަބިއްޔާ ﷺ ޙަދީޘް ކުރެއްވިއެވެ: ”ހަމަކަށަވަރުން ތިޔަބައިމީހުންގެ ލެއާއި މުދަލާއި (ޙަދީޘްގެ ރާވީއެއް ކަމަށްވާ މުޙައްމަދު ބިން ސީރީން ދެންނެވިއެވެ: އަދި ތިޔަބައިމީހުންގެ އަބުރޭ ވެސް ދެންނެވިކަމަށް ތިމަންނައަށް ހީވެއެވެ.) ތިޔަބައިމީހުންގެ މައްޗަށް ޙަރާމްވެގެން ވެއެވެ. އެއީ ތިޔަބައިމީހުންގެ މި ދުވަހާއި މި މަސް ޙަރާމްވެގެންވާ ފަދައިންނެވެ. ދަންނާށެވެ. ތިޔަބައިމީހުންގެ ތެރެއިން ހާޒިރުގައި ހުރި މީހާ ހާޒިރު ނުވާ މީހާއަށް އަނގައިދޭށެވެ.“ (މުޙައްމަދު ބިން ސީރީން ވިދާޅުވިއެވެ: ރަސޫލު ﷲ ﷺ ވިދާޅުވީ ތެދުފުޅެކެވެ. ވީވެސް ހަމަ އެހެންނެވެ.) ނަބިއްޔާ ދެ ފަހަރު ޙަދީޘް ކުރެއްވިއެވެ: ”ފަހެ ތިމަން ނަބިއްޔާ އަނގައިދީފީމު ނޫންތޯއެވެ.“,
صحيح البخاري,106,حَدَّثَنَا عَلِيُّ بْنُ الْجَعْدِ قَالَ: أَخْبَرَنَا شُعْبَةُ قَالَ: أَخْبَرَنِي مَنْصُورٌ قَالَ: سَمِعْتُ رِبْعِيَّ بْنَ حِرَاشٍ يَقُولُ: سَمِعْتُ عَلِيًّا يَقُولُ: قَالَ النَّبِيُّ ﷺ: لَا تَكْذِبُوا عَلَيَّ، فَإِنَّهُ مَنْ كَذَبَ عَلَيَّ فَلْيَلِجِ النَّارَ.,ޢަލީ ރިވާ ކުރެއްވިއެވެ: ނަބިއްޔާ ﷺ ޙަދީޘް ކުރެއްވިއެވެ: ”ތިޔަބައިމީހުން ތިމަން ނަބިއްޔާއަށް ނިސްބަތްކޮށް ދޮގު ނަހަދާށެވެ. އެހެނީ ހަމަކަށަވަރުން ތިމަން ނަބިއްޔާއަށް ނިސްބަތްކޮށް ދޮގު ހަދައިފި މީހާ، ފަހެ ނަރަކައަށް ވަންނާށެވެ.“,
صحيح البخاري,107,حَدَّثَنَا أَبُو الْوَلِيدِ قَالَ: حَدَّثَنَا شُعْبَةُ، عَنْ جَامِعِ بْنِ شَدَّادٍ، عَنْ عَامِرِ بْنِ عَبْدِ اللهِ بْنِ الزُّبَيْرِ، عَنْ أَبِيهِ قَالَ: قُلْتُ لِلزُّبَيْرِ: إِنِّي لَا أَسْمَعُكَ تُحَدِّثُ عَنْ رَسُولِ اللهِ ﷺ كَمَا يُحَدِّثُ فُلَانٌ وَفُلَانٌ. قَالَ: أَمَا إِنِّي لَمْ أُفَارِقْهُ، وَلَكِنْ سَمِعْتُهُ يَقُولُ: مَنْ كَذَبَ عَلَيَّ فَلْيَتَبَوَّأْ مَقْعَدَهُ مِنَ النَّارِ.,ޢަބްދު ﷲ ބިން އައްޒުބައިރު ރިވާ ކުރެއްވިއެވެ: (ބައްޕާފުޅު) އައްޒުބައިރުގެ ގާތު ތިމަން ދެންނެވީމެވެ: ހަމަކަށަވަރުން އެވެނި މީހަކާއި މިވެނި މީހަކު ރަސޫލު ﷲ ﷺ ގެ ޙަދީޘް ރިވާ ކުރާ ފަދައިން، ތިބާ ރިވާ ކުރަނިކޮށް ތިމަންނަ އަޑެއް ނާހަމެވެ. އައްޒުބައިރު ދެންނެވިއެވެ: ދަންނާށެވެ. ހަމަކަށަވަރުން ނަބިއްޔާއާ ތިމަންނަ ވަތްކެއް ނުވަމެވެ. (އެބަހ: ތިމަންނައަށް ވެސް އެތަކެއް ޙަދީޘް އިވިފައި ވާނެއެވެ.) އެހެނެއްކަމަކު ނަބިއްޔާ ޙަދީޘް ކުރައްވަނިކޮށް ތިމަން އަޑު އެހީމެވެ: ”ތިމަން ނަބިއްޔާއަށް ނިސްބަތްކޮށް ދޮގު ހަދައިފި މީހާ، ފަހެ ނަރަކައިގައި އޭނަ އިށީންނާނެ ތަނެއް ނަގަށާވެ.“,
صحيح البخاري,108,حَدَّثَنَا أَبُو مَعْمَرٍ قَالَ: حَدَّثَنَا عَبْدُ الْوَارِثِ، عَنْ عَبْدِ الْعَزِيزِ قَالَ أَنَسٌ: إِنَّهُ لَيَمْنَعُنِي أَنْ أُحَدِّثَكُمْ حَدِيثًا كَثِيرًا أَنَّ النَّبِيَّ ﷺ قَالَ: مَنْ تَعَمَّدَ عَلَيَّ كَذِبًا فَلْيَتَبَوَّأْ مَقْعَدَهُ مِنَ النَّارِ.,އަނަސް ވިދާޅުވިއެވެ: ހަމަކަށަވަރުން ގިނަގުނަވެގެންވާ ޙަދީޘްތަކެއް ތިޔަބައިމީހުންނަށް ކިޔައިދިނުމުން ތިމަން މަނާ ކުރި ކަމަކީ، ނަބިއްޔާ ﷺ (މި ފަދައިން) ހަދީޘް ކުރައްވާފައި ވާތީއެވެ: ”ތިމަން ނަބިއްޔާއަށް ނިސްބަތްކޮށް ގަސްދުގައި ދޮގު ހަދައިފި މީހާ، ފަހެ ނަރަކައިގައި އޭނަ އިށީންނާނެ ތަނެއް ނަގަށާވެ.“,
صحيح البخاري,109,حَدَّثَنَا مَكِّيُّ بْنُ إِبْرَاهِيمَ قَالَ: حَدَّثَنَا يَزِيدُ بْنُ أَبِي عُبَيْدٍ، عَنْ سَلَمَةَ قَالَ: سَمِعْتُ النَّبِيَّ ﷺ يَقُولُ: مَنْ يَقُلْ عَلَيَّ مَا لَمْ أَقُلْ، فَلْيَتَبَوَّأْ مَقْعَدَهُ مِنَ النَّارِ.,ސަލަމާ ރިވާ ކުރެއްވިއެވެ: ނަބިއްޔާ ﷺ ޙަދީޘް ކުރައްވަނިކޮށް ތިމަން އަޑު އެހީމެވެ. އެއްސެވީމެވެ: ”ތިމަން ނަބިއްޔާގެ މައްޗަށް، ތިމަން ނަބިއްޔާ ޙަދީޘް ނުކުރައްވާ ކަމެއް ނިސްބަތްކޮށްފި މީހާ، ފަހެ ނަރަކައިގައި އޭނަ އިށީންނާނެ ތަނެއް ނަގަށާވެ.“,
صحيح البخاري,110,حَدَّثَنَا مُوسَى قَالَ: حَدَّثَنَا أَبُو عَوَانَةَ، عَنْ أَبِي حَصِينٍ، عَنْ أَبِي صَالِحٍ، عَنْ أَبِي هُرَيْرَةَ، عَنِ النَّبِيِّ ﷺ قَالَ: تَسَمَّوْا بِاسْمِي، وَلَا تَكْتَنُوا بِكُنْيَتِي، وَمَنْ رَآنِي فِي الْمَنَامِ فَقَدْ رَآنِي، فَإِنَّ الشَّيْطَانَ لَا يَتَمَثَّلُ فِي صُورَتِي، وَمَنْ كَذَبَ عَلَيَّ مُتَعَمِّدًا فَلْيَتَبَوَّأْ مَقْعَدَهُ مِنَ النَّارِ.,އަބޫ ހުރައިރާ ރިވާ ކުރެއްވިއެވެ: ނަބިއްޔާ ﷺ ޙަދީޘް ކުރެއްވިއެވެ: ”ތިމަން ނަބިއްޔާގެ ނަންފުޅުން ތިޔަބައިމީހުން (މީހުންނަށް) ނަން ދޭށެވެ. އަދި ތިމަން ނަބިއްޔާގެ ކުންޔާފުޅުން (އެބަހީ: އަބުލް ގާޞިމުން) ތިޔަބައިމީހުން (މީހުންނަށް) ކުންޔާ ނުދޭށެވެ. އަދި މީހަކަށް ހުވަފެނެއްގައި ތިމަން ނަބިއްޔާ ފެނިއްޖެ ނަމަ، އޭނައަށް ތިމަން ނަބިއްޔާ ފެނިއްޖެކަން ކަށަވަރެވެ. އެހެނީ ހަމަކަށަވަރުން ތިމަން ނަބިއްޔާގެ ސޫރަފުޅު ޝައިޠާނާއަކަށް ނުޖެއްސޭނެއެވެ. އަދި ތިމަން ނަބިއްޔާއަށް ނިސްބަތްކޮށް ގަސްދުގައި ދޮގު ހަދައިފި މީހާ، ފަހެ ނަރަކައިގައި އޭނަ އިށީންނާނެ ތަނެއް ނަގަށާވެ.“,
صحيح البخاري,111,حَدَّثَنَا مُحَمَّدُ بْنُ سَلَّامٍ قَالَ: أَخْبَرَنَا وَكِيعٌ، عَنْ سُفْيَانَ، عَنْ مُطَرِّفٍ، عَنِ الشَّعْبِيِّ، عَنْ أَبِي جُحَيْفَةَ قَالَ: قُلْتُ لِعَلِيِّ بْنِ أَبِي طَالِبٍ: هَلْ عِنْدَكُمْ كِتَابٌ؟ قَالَ: لَا، إِلَّا كِتَابُ اللهِ، أَوْ فَهْمٌ أُعْطِيَهُ رَجُلٌ مُسْلِمٌ، أَوْ مَا فِي هَذِهِ الصَّحِيفَةِ. قَالَ: قُلْتُ: فَمَا فِي هَذِهِ الصَّحِيفَةِ؟ قَالَ: الْعَقْلُ، وَفَكَاكُ الْأَسِيرِ، وَلَا يُقْتَلُ مُسْلِمٌ بِكَافِرٍ.,އަބޫ ޖުޙައިފާ ރިވާ ކުރެއްވިއެވެ: ތިމަންނަ ޢަލީ ބިން އަބީ ޠާލިބަށް ދެންނެވީމެވެ: ތިބާގެ އަތުގައި (ﷲ ގެ ރަސޫލާގެ އަރިހުން ލިބިފައިވާ) އެއްވެސް ލިޔުމެއް ވޭތޯއެވެ؟ ޢަލީގެފާނު ދެންނެވިއެވެ: ނޫނެކެވެ. ﷲ ގެ ފޮތް، ނުވަތަ މުސްލިމު ފިރިހެނަކަށް ދެވިފައިވާ ވިސްނުމައި ފަހުމްވުން، ނުވަތަ މި ކަރުދާސްކޮޅުގައި (ލިޔެފައިވާ އެއްޗެއް) ފިޔަވައި އެއްވެސް ލިޔުމެއް ނެތެވެ. އަބޫ ޖުޙައިފާ ދެންނެވިއެވެ: މި ކަރުދާސްކޮޅުގައި ލިޔެފައި ވަނީ ކީކޭތޯއެވެ؟ ޢަލީގެފާނު ދެންނެވިއެވެ: ޢަގްލެވެ. (އެބަހީ: މީހަކު މަރާލުމުން، މަރުވި މީހާގެ ވާރުތަވެރިންނަށް ދޭންޖެހޭ ދިޔައާ ބެހޭ ގޮތުންނެވެ.) އަދި އަސީރުން މިނިވަން ކުރުމާ ބެހޭ ގޮތުންނެވެ. އަދި ކާފިރަކު މަރާލައިގެން، މުސްލިމަކު ނުމެރޭނެ ކަމެވެ.,
صحيح البخاري,111,"""وَلاَ يُقْتَلُ مُسْلِمٌ بِكَافِرٍ""","""ޢަލީގެފާނު ކިބައިން ޞަޙީފާގައިވާކަމަށް ރިވާވެގެންވެއެވެ. ""އަދި ކާފިރެއްގެ ބަދަލުގައި މުސްލިމަކު ގަތުލެއް ނުކުރެވޭނެއެވެ.""",
صحيح البخاري,113,حَدَّثَنَا أَبُو نُعَيْمٍ الْفَضْلُ بْنُ دُكَيْنٍ قَالَ: حَدَّثَنَا شَيْبَانُ، عَنْ يَحْيَى، عَنْ أَبِي سَلَمَةَ، عَنْ أَبِي هُرَيْرَةَ: أَنَّ خُزَاعَةَ قَتَلُوا رَجُلًا مِنْ بَنِي لَيْثٍ عَامَ فَتْحِ مَكَّةَ بِقَتِيلٍ مِنْهُمْ قَتَلُوهُ، فَأُخْبِرَ بِذَلِكَ النَّبِيُّ ﷺ، فَرَكِبَ رَاحِلَتَهُ، فَخَطَبَ فَقَالَ: إِنَّ اللهَ حَبَسَ عَنْ مَكَّةَ الْقَتْلَ، أَوِ الْفِيلَ، شَكَّ أَبُو عَبْدِ اللهِ: وَسَلَّطَ عَلَيْهِمْ رَسُولَ اللهِ ﷺ وَالْمُؤْمِنِينَ، أَلَا وَإِنَّهَا لَمْ تَحِلَّ لِأَحَدٍ قَبْلِي، وَلَمْ تَحِلَّ لِأَحَدٍ بَعْدِي، أَلَا وَإِنَّهَا حَلَّتْ لِي سَاعَةً مِنْ نَهَارٍ، أَلَا وَإِنَّهَا سَاعَتِي هَذِهِ حَرَامٌ، لَا يُخْتَلَى شَوْكُهَا، وَلَا يُعْضَدُ شَجَرُهَا، وَلَا تُلْتَقَطُ سَاقِطَتُهَا إِلَّا لِمُنْشِدٍ، فَمَنْ قُتِلَ فَهُوَ بِخَيْرِ النَّظَرَيْنِ، إِمَّا أَنْ يُعْقَلَ، وَإِمَّا أَنْ يُقَادَ أَهْلُ الْقَتِيلِ. فَجَاءَ رَجُلٌ مِنْ أَهْلِ الْيَمَنِ فَقَالَ: اكْتُبْ لِي يَا رَسُولَ اللهِ. فَقَالَ: اكْتُبُوا لِأَبِي فُلَانٍ. فَقَالَ رَجُلٌ مِنْ قُرَيْشٍ: إِلَّا الْإِذْخِرَ يَا رَسُولَ اللهِ؛ فَإِنَّا نَجْعَلُهُ فِي بُيُوتِنَا وَقُبُورِنَا. فَقَالَ النَّبِيُّ ﷺ: إِلَّا الْإِذْخِرَ، إِلَّا الْإِذْخِرَ.قَالَ أَبُو عَبْدِ اللهِ: يُقَالُ: يُقَادُ بِالْقَافِ، فَقِيلَ لِأَبِي عَبْدِ اللهِ: أَيُّ شَيْءٍ كَتَبَ لَهُ؟ قَالَ: كَتَبَ لَهُ هَذِهِ الْخُطْبَةَ.,އަބޫ ހުރައިރާ ރިވާ ކުރެއްވިއެވެ: މައްކާ ފަތަޙަ ކުރެއްވި އަހަރު، ޚުޒާޢާ ގަބީލާގެ މީހުން، ބަނޫ ލައިޘްގެ ތެރެއިން ފިރިހެނަކު މަރާލިއެވެ. އެއީ އެ މީހުންގެ ތެރެއިން ކުރިން މަރާލެވިފައިވާ މީހަކަށް ބަދަލުހިފުމުގެ ގޮތުންނެވެ. ދެން ނަބިއްޔާ ﷺ އަށް އެ ޚަބަރު ދެވުމުން، ނަބިއްޔާ ސަވާރީއަކަށް އަރައިވަޑައިގެން މީސްތަކުންނާ މުޚާޠަބު ކުރައްވައި ޙަދީޘް ކުރެއްވިއެވެ: ”ހަމަކަށަވަރުން ﷲ ވަނީ ގަތުލުކުރުން (ނުވަތަ އެތް) މައްކާއިން މަނާކޮށް ހިފަހައްޓަވާފައެވެ. އަދި މައްކާގެ މީހުންގެ މައްޗަށް ރަސޫލު ﷲ ﷺ އާއި މުއުމިނުން ބާރުވެރި ކުރައްވާފައެވެ. ދަންނާށެވެ. ހަމަކަށަވަރުން ތިމަން ނަބިއްޔާގެ ކުރިން އެކަކަށް ވެސް މައްކާގައި (ހަނގުރާމަކުރުން) ހުއްދަ ކުރެވިފައެއް ނުވެއެވެ. އަދި ތިމަން ނަބިއްޔާއަށް ފަހު އެކަކަށް ވެސް މައްކާގައި (ހަނގުރާމަކުރުން) ހުއްދަވެގެނެއް ނުވާނެއެވެ. ދަންނާށެވެ. ހަމަކަށަވަރުން ތިމަން ނަބިއްޔާއަށް މައްކާގައި (ހަނގުރާމަ ކުރެއްވުން) ހުއްދަ ކުރެއްވުނީ ދުވާލުގެ ވަގުތުކޮޅަކަށެވެ. ދަންނާށެވެ. ހަމަކަށަވަރުން މިހާރު މި ވަގުތުގައި (ކުރިއެކޭ އެއްފަދައިން) މައްކާ ޙުރުމަތްތެރިވެގެން ވެއެވެ. މައްކާގެ ކަށިހުރި ކުދި ގަސްތައް އުފުރުމެއް ނުވެއެވެ. އަދި މައްކާގެ ގަސްތައް ކެނޑުމެއް ނުވެއެވެ. އަދި އެ ތަނުގައި ވެއްޓިގެން (ގެއްލޭ) އެއްޗެއް، އޭގެ ވެރިމީހާ ހޯދުމުގެ ގޮތުން އިޢުލާން ކުރުމަށް މެނުވީ ހޮވައިގެން ނުވެއެވެ. އަދި މީހަކު މަރައިލެވިއްޖެ ނަމަ، އޭނާގެ ވާރުތަވެރިންނަށް ދެ ގޮތުން ކުރެ އެއް ގޮތް އިޚްތިޔާރު ކުރުމުގެ ޙައްގު ލިބިގެންވެއެވެ. އެއް ގޮތަކީ މަރުގެ ދިޔަ ނެގުމެވެ. އަދި އަނެއް ގޮތަކީ ގަތުލު ކުރި މީހާ ކިބައިން ގިޞާޞް ހިފުމެވެ.“ ދެން ޔަމަނުގެ މީހަކު އައިސް ދެންނެވިއެވެ: އޭ ﷲ ގެ ރަސޫލާއެވެ. (ތިޔަ ވިދާޅުވި ވާހަކަފުޅު) ތިމަންނައަށް ލިޔެދެއްވާށެވެ. ނަބިއްޔާ ޙަދީޘް ކުރެއްވިއެވެ: ”އަބޫ (ޝާހަށް) ލިޔެދޭށެވެ.“ ދެން ގުރައިޝުންގެ ތެރެއިން މީހަކު ދެންނެވިއެވެ: އޭ ﷲ ގެ ރަސޫލާއެވެ. އިޛްޚިރު (އެބަހީ: ގަނދަކޯޅި) ފިޔަވައެވެ. އެހެނީ ހަމަކަށަވަރުން ތިމަންމެންގެ ގެތަކާއި ކަށްވަޅުތަކުގައި (މީރުވަސް ދުއްވަން) އޭތި ބަހައްޓަމެވެ. ނަބިއްޔާ ޙަދީޘް ކުރެއްވިއެވެ: ”އިޛްޚިރު ފިޔަވައެވެ. އިޛްޚިރު ފިޔަވައެވެ.“,
صحيح البخاري,113,حَدَّثَنَا عَلِيُّ بْنُ عَبْدِ اللهِ قَالَ: حَدَّثَنَا سُفْيَانُ قَالَ: حَدَّثَنَا عَمْرٌو قَالَ: أَخْبَرَنِي وَهْبُ بْنُ مُنَبِّهٍ، عَنْ أَخِيهِ قَالَ: سَمِعْتُ أَبَا هُرَيْرَةَ يَقُولُ: مَا مِنْ أَصْحَابِ النَّبِيِّ ﷺ أَحَدٌ أَكْثَرَ حَدِيثًا عَنْهُ مِنِّي، إِلَّا مَا كَانَ مِنْ عَبْدِ اللهِ بْنِ عَمْرٍو، فَإِنَّهُ كَانَ يَكْتُبُ وَلَا أَكْتُبُ تَابَعَهُ مَعْمَرٌ، عَنْ هَمَّامٍ، عَنْ أَبِي هُرَيْرَةَ.,އަބޫ ހުރައިރާ ރިވާ ކުރެއްވިއެވެ: ނަބިއްޔާ ﷺ ގެ ޞަޙާބީންގެ ތެރެއިން ޢަބްދު ﷲ ބިން ޢަމްރު ފިޔަވައި ތިމަންނާއަށްވުރެ ގިނައިން ނަބިއްޔާގެ ޙަދީޘް ދަންނަ މީހަކު ނުވެއެވެ. އެހެނީ ހަމަކަށަވަރުން އެކަލޭގެފާނު ލިޔުއްވައެވެ. އަދި ތިމަންނައެއް ނުލިޔަމެވެ.,
صحيح البخاري,114,حَدَّثَنَا يَحْيَى بْنُ سُلَيْمَانَ قَالَ: حَدَّثَنِي ابْنُ وَهْبٍ قَالَ: أَخْبَرَنِي يُونُسُ، عَنِ ابْنِ شِهَابٍ، عَنْ عُبَيْدِ اللهِ بْنِ عَبْدِ اللهِ، عَنِ ابْنِ عَبَّاسٍ قَالَ: لَمَّا اشْتَدَّ بِالنَّبِيِّ ﷺ وَجَعُهُ قَالَ: ائْتُونِي بِكِتَابٍ أَكْتُبْ لَكُمْ كِتَابًا لَا تَضِلُّوا بَعْدَهُ. قَالَ عُمَرُ: إِنَّ النَّبِيَّ ﷺ غَلَبَهُ الْوَجَعُ، وَعِنْدَنَا كِتَابُ اللهِ حَسْبُنَا. فَاخْتَلَفُوا وَكَثُرَ اللَّغَطُ. قَالَ: فَقُومُوا عَنِّي، وَلَا يَنْبَغِي عِنْدِي التَّنَازُعُ. فَخَرَجَ ابْنُ عَبَّاسٍ يَقُولُ: إِنَّ الرَّزِيَّةَ كُلَّ الرَّزِيَّةِ مَا حَالَ بَيْنَ رَسُولِ اللهِ ﷺ وَبَيْنَ كِتَابِهِ.,އިބްނު ޢައްބާސް ރިވާ ކުރެއްވިއެވެ: ނަބިއްޔާ ﷺ ގެ އާލާސްކަންފުޅު ބޮޑުވުމުން ޙަދީޘް ކުރެއްވިއެވެ: ”ތިމަން ނަބިއްޔާއަށް ކަރުދާސްކޮޅެއް ގެނެސްދެއްވާށެވެ. ތިޔަބައިމީހުންނަށް އެއްޗެއް ލިޔުއްވައި ދެއްވާނަމެވެ. އެއަށްފަހު (އޭގައި ހިފަހައްޓައިގެން ތިބޭ ނަމަ) ތިޔަބައިމީހުން މަގުފުރެދިގެން ނުދާނެއެވެ.“ ޢުމަރު ދެންނެވިއެވެ: ހަމަކަށަވަރުން ނަބިއްޔާ ﷺ ގެ އާލާސްކަންފުޅު ވަރަށްވެސް ބޮޑުވެއްޖެއެވެ. (އެބަހީ: ލިޔުއްވަން ތަކުލީފު ބޮޑުވެ އުނދަގޫފުޅު ވާނެއެވެ.) އަދި ތިމަންމެންގެ އަތުގައި ﷲ ގެ ފޮތް އޮވެފައި، (އޭގެން) ތިމަންމެންނަށް ފުދޭނެއެވެ. ދެން މީސްތަކުން ޢިޚްތިލާފުވެ ދެބަސްވެ، އަޑުގަދަވުން ގިނަވެއްޖެއެވެ. ނަބިއްޔާ ﷺ ޙަދީޘް ކުރެއްވިއެވެ: ”ތިމަން ނަބިއްޔާގެ އަރިހުން ތެދުވެގެން ދާށެވެ. އަދި ތިމަން ނަބިއްޔާ އަރިހުގައި އަރާރުންވެ ދެބަސްވުން އެކަށީގެނެއް ނުވެއެވެ.“ އިބްނު ޢައްބާސް (މި ޙަދީޘް ކިޔައިދެއްވަމުން) ވުދާޅުވިއެވެ: ހަމަކަށަވަރުން މުސީބާތްތަކުގެ ތެރެއިން ބޮޑު މުސީބާތަކީ، ﷲ ގެ ރަސޫލާއާ އެކަލޭގެފާނު ލިޔުއްވަން އުޅުއްވި ލިޔުންކޮޅާ ދެމެދު ހުރަސް އެޅުނު ކަމެވެ.,
صحيح البخاري,115,حَدَّثَنَا صَدَقَةُ: أَخْبَرَنَا ابْنُ عُيَيْنَةَ، عَنْ مَعْمَرٍ، عَنِ الزُّهْرِيِّ، عَنْ هِنْدٍ، عَنْ أُمِّ سَلَمَةَ وَعَمْرٍو وَيَحْيَى بْنِ سَعِيدٍ، عَنِ الزُّهْرِيِّ، عَنْ هِنْدٍ عَنْ أُمِّ سَلَمَةَ قَالَتِ: اسْتَيْقَظَ النَّبِيُّ ﷺ ذَاتَ لَيْلَةٍ فَقَالَ: سُبْحَانَ اللهِ، مَاذَا أُنْزِلَ اللَّيْلَةَ مِنَ الْفِتَنِ، وَمَاذَا فُتِحَ مِنَ الْخَزَائِنِ؟ أَيْقِظُوا صَوَاحِبَاتِ الْحُجَرِ، فَرُبَّ كَاسِيَةٍ فِي الدُّنْيَا عَارِيَةٍ فِي الْآخِرَةِ.,އުއްމު ސަލަމާ ރިވާ ކުރެއްވިއެވެ: އެއް ރޭ ނަބިއްޔާ ﷺ ހޭފުޅުލެވިގެން ޙަދީޘް ކުރެއްވިއެވެ: ”سُبْحَانَ اللَّهِ. މިރޭ ކޮން ފަދަ ފިތުނަތަކެއް ބާވައިލެވިއްޖެހެއްޔެވެ. އަދި ކޮން ފަދަ ޚަޒާނާތަކެއް ހުޅުވާލެވިއްޖެހެއްޔެވެ. ކޮޓަރިކޮޅުތަކުގައިވާ ކަނބަލުންތައް (ރޭއަޅުކަން ކުރުމަށްޓަކައި) ހޭލުއްވާށެވެ. އެހެނީ ފަހަރެއްގައި ދުނިޔެ މަތީ ހެދުން ލައިގެން އުޅުނު އަންހެނަކު، އާޚިރަތުގައި އޮރިޔާން ހާލުގައި އުޅެން ޖެހިދާނެއެވެ.“,
صحيح البخاري,116,حَدَّثَنَا سَعِيدُ بْنُ عُفَيْرٍ قَالَ: حَدَّثَنِي اللَّيْثُ قَالَ: حَدَّثَنِي عَبْدُ الرَّحْمَنِ بْنُ خَالِدِ بْنِ مُسَافِرٍ، عَنِ ابْنِ شِهَابٍ، عَنْ سَالِمٍ وَأَبِي بَكْرِ بْنِ سُلَيْمَانَ بْنِ أَبِي حَثْمَةَ: أَنَّ عَبْدَ اللهِ بْنَ عُمَرَ قَالَ: صَلَّى بِنَا النَّبِيُّ ﷺ الْعِشَاءَ فِي آخِرِ حَيَاتِهِ، فَلَمَّا سَلَّمَ قَامَ فَقَالَ: أَرَأَيْتَكُمْ لَيْلَتَكُمْ هَذِهِ، فَإِنَّ رَأْسَ مِائَةِ سَنَةٍ مِنْهَا لَا يَبْقَى مِمَّنْ هُوَ عَلَى ظَهْرِ الْأَرْضِ أَحَدٌ.,ޢަބްދު ﷲ ބިން ޢުމަރު ރިވާ ކުރެއްވިއެވެ: ނަބިއްޔާ ﷺ ގެ އުމުރުފުޅުގެ ފަހުކޮޅުގައި ތިމަންމެންނާއެކު ޢިޝާ ނަމާދު ކުރެއްވިއެވެ. ސަލާމް ދެއްވުމަށް ފަހު ތެދުވެ ނަބިއްޔާ ޙަދީޘް ކުރެއްވިއެވެ: ”ތިޔަބައިމީހުން މި ރޭ ދެކެމުތޯއެވެ؟ އެހެނީ ހަމަކަށާވަރުން މި ބިން މަތީގައި (މިހާރު) ހުރި އެކަކުވެސް، މި ރެއިން ފެށިގެން ސަތޭކަ އަހަރަށް ފަހު ދުނިޔެ މަތީގައި ނުހުންނާނެއެވެ.“,
صحيح البخاري,117,حَدَّثَنَا آدَمُ قَالَ: حَدَّثَنَا شُعْبَةُ قَالَ: حَدَّثَنَا الْحَكَمُ قَالَ: سَمِعْتُ سَعِيدَ بْنَ جُبَيْرٍ، عَنِ ابْنِ عَبَّاسٍ قَالَ: بِتُّ فِي بَيْتِ خَالَتِي مَيْمُونَةَ بِنْتِ الْحَارِثِ، زَوْجِ النَّبِيِّ ﷺ، وَكَانَ النَّبِيُّ ﷺ عِنْدَهَا فِي لَيْلَتِهَا، فَصَلَّى النَّبِيُّ ﷺ الْعِشَاءَ، ثُمَّ جَاءَ إِلَى مَنْزِلِهِ، فَصَلَّى أَرْبَعَ رَكَعَاتٍ، ثُمَّ نَامَ، ثُمَّ قَامَ، ثُمَّ قَالَ: نَامَ الْغُلَيِّمُ؟ أَوْ كَلِمَةً تُشْبِهُهَا، ثُمَّ قَامَ فَقُمْتُ عَنْ يَسَارِهِ، فَجَعَلَنِي عَنْ يَمِينِهِ، فَصَلَّى خَمْسَ رَكَعَاتٍ، ثُمَّ صَلَّى رَكْعَتَيْنِ، ثُمَّ نَامَ حَتَّى سَمِعْتُ غَطِيطَهُ، أَوْ خَطِيطَهُ، ثُمَّ خَرَجَ إِلَى الصَّلَاةِ.,އިބްނު ޢައްބާސް ރިވާ ކުރެއްވިއެވެ: ތިމަންނަގެ މަންމަފަރާތު ބޮޑުދައިތާފުޅު އަދި ނަބިއްޔާ ﷺ ގެ އަނބިކަންބަލުން، މައިމޫނާ ބިންތި އަލްޙާރިޘްގެ ގެކޮޅުގައި ތިމަންނަ ރޭ ކުރީމެވެ. އެ ރެއަކީ ނަބިއްޔާ ﷺ އެ ކަމަނާގެ ގާތުގައި މަޑުކުރެއްވި ރެއެކެވެ. އެ ގޮތުން ނަބިއްޔާ ﷺ (މިސްކިތުގައި) ޢިޝާ ނަމާދު ކުރައްވައިގެން، ގެކޮޅަށް ވަޑައިގަތެވެ. އަދ (ގޭގައި) ހަތަރު ރަކުޢަތުގެ ނަމާދެއް ކުރެއްވުމަށް ފަހު އަވާހާރަފުޅު ލެއްޕެވިއެވެ. ދެން ފަހުން ތެދުވުމަށް ފަހު ޙަދީޘް ކުރެއްވިއެވެ: ”ކުޑަ ކުއްޖާ ނިދައިފިތޯއެވެ؟“ ނުވަތަ އެފަދަ އެހެން ބަސްފުޅެއް ވިދާޅުވިއެވެ. ދެން ނަބިއްޔާ ނަމާދަށް ތެދުވެވަޑައިގަތެވެ. އަދި ތިމަންނަ ވެސް ނަބިއްޔާގެ ވާތް ފަރާތުގައި ނަމާދަށް ތެދުވެއްޖައީމެވެ. ދެން ނަބިއްޔާ (ތިމަން ގެންގޮސް) ނަބިއްޔާގެ ކަނާތް ފަރާތުގައި ބަހައްޓައިފިއެވެ. އަދި ފަސް ރަކުޢަތުގެ ނަމާދެއް ކުރެއްވިއެވެ. އެއަށްފަހު ދެ ރަކުޢަތުގެ ނަމާދެއް ކުރެއްވިއެވެ. ދެން ނަބިއްޔާ އަވާހާރަފުޅު ލައްޕަވައިގެން، ނަބިއްޔާގެ ގުގުރިފުޅު ތިމަންނައަށް އިވުނެވެ. އެއަށްފަހު (ފަތިސް) ނަމާދަށް ނަބިއްޔާ ނުކުމެ ވަޑައިގަތެވެ.,
صحيح البخاري,118,حَدَّثَنَا عَبْدُ الْعَزِيزِ بْنُ عَبْدِ اللهِ قَالَ: حَدَّثَنِي مَالِكٌ، عَنِ ابْنِ شِهَابٍ، عَنِ الْأَعْرَجِ، عَنْ أَبِي هُرَيْرَةَ قَالَ: إِنَّ النَّاسَ يَقُولُونَ أَكْثَرَ أَبُو هُرَيْرَةَ، وَلَوْلَا آيَتَانِ فِي كِتَابِ اللهِ مَا حَدَّثْتُ حَدِيثًا، ثُمَّ يَتْلُو: { إِنَّ الَّذِينَ يَكْتُمُونَ مَا أَنْزَلْنَا مِنَ الْبَيِّنَاتِ } إِلَى قَوْلِهِ { الرَّحِيمُ } إِنَّ إِخْوَانَنَا مِنَ الْمُهَاجِرِينَ كَانَ يَشْغَلُهُمُ الصَّفْقُ بِالْأَسْوَاقِ، وَإِنَّ إِخْوَانَنَا مِنَ الْأَنْصَارِ كَانَ يَشْغَلُهُمُ الْعَمَلُ فِي أَمْوَالِهِمْ، وَإِنَّ أَبَا هُرَيْرَةَ كَانَ يَلْزَمُ رَسُولَ اللهِ ﷺ بِشِبَعِ بَطْنِهِ، وَيَحْضُرُ مَا لَا يَحْضُرُونَ، وَيَحْفَظُ مَا لَا يَحْفَظُونَ.,އަބޫ ހުރައިރާ ރިވާ ކުރެއްވިއެވެ: ހަމަކަށަވަރުން މީސްތަކުން ބުނެ އުޅެއެވެ: އަބޫ ހުރައިރާ (ޙަދީޘް ރިވާ ކުރާލެއް) ވަރަށް ވެސް ގިނައެވެ. އެހެނެއްކަމަކު ﷲ ގެ ފޮތުގައި ދެ އާޔަތެއް ނުވާ ނަމަ، އެންމެ ޙަދީޘެއް ވެސް ތިމަން ރިވާ ނުކުރީމުހެވެ. ދެން އަބޫ ހުރައިރާ ކިޔަވައި ވިދާޅުވިއެވެ: ❞ހަމަކަށަވަރުން ފޮތުގައި ފާޅުވެގެންވާ ހެކިތަކާއި ހިދާޔަތުގެ ތެރެއިން ތިމަން އިލާހު ބާވައިލެއްވި ކަންކަން މީސްތަކުންނަށް ތިމަން އިލާހު ބަޔާންކޮށް ދެއްވުމަށް ފަހު، އެ ކަންކަން ފޮރުވައިފި ބަޔަކަށް ﷲ ލަޢުނަތް ލައްވައެވެ. އަދި ލަޢުނަތް ދޭ ފަރާތްތައް (އެބަހީ: އެންމެހައި ޚަލްގުތަކުން) ވެސް އެބައިމީހުންނަށް ލަޢުނަތް ލައްވައެވެ. (އެއީ) ތައުބާވެ، (އަމަލުތައް) އިސްލާހުކޮށް، އަދި (އެ ފޮރުވި ކަންކަން) ބަޔާންކޮށްފި ބަޔަކު މެނުވީއެވެ. ފަހެ ތިމަން އިލާހު އެބައިމީހުންނަށް ތައުބާ ލައްވަމެވެ. އަދި ތިމަން އިލާހީ، ގިނަގިނައިން ތައުބާ ގަބޫލު ކުރައްވާ، ރަޙީމް ވަންތަ އިލާހެވެ.❝ (ދެން އަބޫ ހުރައިރާ ދެންނެވިއެވެ:) ހަމަކަށަވަރުން މުހާޖިރުންގެ ތެރެއިން ހިމެނުނު ތިމަންމެންގެ އަޚުން މަޝްޢޫލުވެ އުޅުނީ ބާޒާރުގައި ވިޔަފާރި ކުރުމުގައެވެ. އަދި ހަމަކަށަވަރުން އަންޞާރުންގެ ތެރެއިން ހިމެނުނު ތިމަންމެންގެ އަޚުން މަޝްޢޫލުވެ އުޅުނީ އެބައިމީހުންގެ މުދަލުގައި (އެބަހީ: ދަނޑުބިންތަކުގައި) މަސައްކަތް ކުރުމުގައެވެ. އަދި ހަމަކަށަވަރުން އަބޫ ހުރައިރާ ކިރިޔާ ބަނޑުހައިހޫނުކަން ފިލާވަރަށް ކައިގެން އުޅުނީ އަބަދުވެސް ރަސޫލު ﷲ ﷺ އަރިހުގައެވެ. އަދި އެބައިމީހުން ހާޒިރު ނުވާ ކަންތައްތަކަށް ހާޒިރުވެ އުޅުނެވެ. އަދި އެބައިމީހުން ދަސްނުކުރާ ކަންތައްތައް ދަސްކޮށް އުޅުނެވެ.,
صحيح البخاري,119,حَدَّثَنَا أَحْمَدُ بْنُ أَبِي بَكْرٍ أَبُو مُصْعَبٍ قَالَ: حَدَّثَنَا مُحَمَّدُ بْنُ إِبْرَاهِيمَ بْنِ دِينَارٍ، عَنِ ابْنِ أَبِي ذِئْبٍ، عَنْ سَعِيدٍ الْمَقْبُرِيِّ، عَنْ أَبِي هُرَيْرَةَ قَالَ: قُلْتُ يَا رَسُولَ اللهِ، إِنِّي أَسْمَعُ مِنْكَ حَدِيثًا كَثِيرًا أَنْسَاهُ. قَالَ: ابْسُطْ رِدَاءَكَ. فَبَسَطْتُهُ. قَالَ: فَغَرَفَ بِيَدَيْهِ ثُمَّ قَالَ: ضُمَّهُ. فَضَمَمْتُهُ، فَمَا نَسِيتُ شَيْئًا بَعْدَهُ. حَدَّثَنَا إِبْرَاهِيمُ بْنُ الْمُنْذِرِ قَالَ: حَدَّثَنَا ابْنُ أَبِي فُدَيْكٍ بِهَذَا، أَوْ قَالَ: غَرَفَ بِيَدِهِ فِيهِ.,އަބޫ ހުރައިރާ ރިވާ ކުރެއްވިއެވެ: ތިމަން ދެންނެވީމެވެ: އޭ ﷲ ގެ ރަސޫލާއެވެ. ހަމަކަށަވަރުން އިބަ ނަބިއްޔާގެ އަރިހުން ވަރަށް ގިނަ ޙަދީޘް ތިމަންނަ އަޑުއަހައި ހަނދާން ނެތިގެން ދެއެވެ. ނަބިއްޔާ ޙަދީޘް ކުރެއްވިއެވެ: ”ތިބާގެ ފޮށާ ފަތުރާލައްވާށެވެ.“ ދެން ތިމަންނަ އެ ފެތުރީމެވެ. އަދި ނަބިއްޔާގެ ދެ އަތްޕުޅުން (ތިމަންނަގެ ފޮށައަށް) އެއްޗެއް އަޅުއްވާ ފަދަ ގޮތެއް ހައްދަވާފައި ޙަދީޘް ކުރެއްވިއެވެ: މި ގައިގައި އަޅުއްވާށެވެ.“ ދެން ތިމަންނަ އޭތި ގައިގައި އެޅުއްވީމެވެ. އަދި އެއަށްފަހު ތިމަންނަ އެއްވެސް އެއްޗެއް ހަނދާނެއް ނުނެތެއެވެ.,
صحيح البخاري,120,حَدَّثَنَا إِسْمَاعِيلُ قَالَ: حَدَّثَنِي أَخِي، عَنِ ابْنِ أَبِي ذِئْبٍ، عَنْ سَعِيدٍ الْمَقْبُرِيِّ، عَنْ أَبِي هُرَيْرَةَ قَالَ: حَفِظْتُ مِنْ رَسُولِ اللهِ ﷺ وِعَاءَيْنِ: فَأَمَّا أَحَدُهُمَا فَبَثَثْتُهُ، وَأَمَّا الْآخَرُ فَلَوْ بَثَثْتُهُ قُطِعَ هَذَا الْبُلْعُومُ.,އަބޫ ހުރައިރާ ރިވާ ކުރެއްވިއެވެ: ރަސޫލު ﷲ ﷺ އަރިހުން ދެ ވައްތަރެއްގެ ޢިލްމު ތިމަން ހިތުދަސް ކުރީމެވެ. އޭގެ ތެރެއިން އެއް ޢިލްމު ފަތުރައިފީމެވެ. އަދި އަނެއް ޢިލްމު ތިމަންނަ ފެތުރި ނަމަ، ފަހެ މި ކަރު ކަނޑާލެވޭނެއެވެ. (އެބަހީ: ތިމަންނަ މަރައިލެވޭނެއެވެ.),
صحيح البخاري,121,حَدَّثَنَا حَجَّاجٌ قَالَ: حَدَّثَنَا شُعْبَةُ قَالَ: أَخْبَرَنِي عَلِيُّ بْنُ مُدْرِكٍ، عَنْ أَبِي زُرْعَةَ، عَنْ جَرِيرٍ: أَنَّ النَّبِيَّ ﷺ قَالَ لَهُ فِي حَجَّةِ الْوَدَاعِ: اسْتَنْصِتِ النَّاسَ. فَقَالَ: لَا تَرْجِعُوا بَعْدِي كُفَّارًا، يَضْرِبُ بَعْضُكُمْ رِقَابَ بَعْضٍ.,ޖަރީރު ރިވާ ކުރެއްވިއެވެ: ޙައްޖަތުލް ވަދާޢުގައި ނަބިއްޔާ ﷺ ތިމަންނައަށް ޙަދީޘް ކުރެއްވިއެވެ: ”މީސްތަކުން ހަނުތިބެ ކަނުލައި އަޑުއެހުމަށް އަންގަވާށެވެ.“ ދެން ޙަދީޘް ކުރެއްވިއެވެ: ”ތިމަން ނަބިއްޔާއަށް ފަހު ތިޔަބައިމީހުން އެއްބަޔަކު އަނެއްބަޔެއްގެ ކަނދުރާތަކުގައި (ކަނޑިން) ޖަހައި، އެނބުރި ކާފަރުވެގެން ނުދާށެވެ.“,
صحيح البخاري,122,حَدَّثَنَا عَبْدُ اللهِ بْنُ مُحَمَّدٍ قَالَ: حَدَّثَنَا سُفْيَانُ قَالَ: حَدَّثَنَا عَمْرٌو قَالَ: أَخْبَرَنِي سَعِيدُ بْنُ جُبَيْرٍ قَالَ: قُلْتُ لِابْنِ عَبَّاسٍ: إِنَّ نَوْفًا الْبَكَّالِيَّ يَزْعُمُ أَنَّ مُوسَى لَيْسَ بِمُوسَى بَنِي إِسْرَائِيلَ، إِنَّمَا هُوَ مُوسَى آخَرُ. فَقَالَ: كَذَبَ عَدُوُّ اللهِ، حَدَّثَنَا أُبَيُّ بْنُ كَعْبٍ، عَنِ النَّبِيِّ ﷺ: قَامَ مُوسَى النَّبِيُّ خَطِيبًا فِي بَنِي إِسْرَائِيلَ فَسُئِلَ: أَيُّ النَّاسِ أَعْلَمُ؟ فَقَالَ: أَنَا أَعْلَمُ. فَعَتَبَ اللهُ عَلَيْهِ، إِذْ لَمْ يَرُدَّ الْعِلْمَ إِلَيْهِ، فَأَوْحَى اللهُ إِلَيْهِ: أَنَّ عَبْدًا مِنْ عِبَادِي بِمَجْمَعِ الْبَحْرَيْنِ هُوَ أَعْلَمُ مِنْكَ. قَالَ: يَا رَبِّ، وَكَيْفَ بِهِ؟ فَقِيلَ لَهُ: احْمِلْ حُوتًا فِي مِكْتَلٍ، فَإِذَا فَقَدْتَهُ فَهُوَ ثَمَّ، فَانْطَلَقَ وَانْطَلَقَ بِفَتَاهُ يُوشَعَ بْنِ نُونٍ، وَحَمَلَا حُوتًا فِي مِكْتَلٍ، حَتَّى كَانَا عِنْدَ الصَّخْرَةِ وَضَعَا رُءُوسَهُمَا وَنَامَا، فَانْسَلَّ الْحُوتُ مِنَ الْمِكْتَلِ { فَاتَّخَذَ سَبِيلَهُ فِي الْبَحْرِ سَرَبًا } وَكَانَ لِمُوسَى وَفَتَاهُ عَجَبًا، فَانْطَلَقَا بَقِيَّةَ لَيْلَتِهِمَا وَيَوْمَهُمَا، فَلَمَّا أَصْبَحَ قَالَ مُوسَى لِفَتَاهُ: { آتِنَا غَدَاءَنَا لَقَدْ لَقِينَا مِنْ سَفَرِنَا هَذَا نَصَبًا } وَلَمْ يَجِدْ مُوسَى مَسًّا مِنَ النَّصَبِ حَتَّى جَاوَزَ الْمَكَانَ الَّذِي أُمِرَ بِهِ، فَقَالَ لَهُ فَتَاهُ: { أَرَأَيْتَ إِذْ أَوَيْنَا إِلَى الصَّخْرَةِ فَإِنِّي نَسِيتُ الْحُوتَ }، قَالَ مُوسَى: { ذَلِكَ مَا كُنَّا نَبْغِي فَارْتَدَّا عَلَى آثَارِهِمَا قَصَصًا } فَلَمَّا انْتَهَيَا إِلَى الصَّخْرَةِ، إِذَا رَجُلٌ مُسَجًّى بِثَوْبٍ، أَوْ قَالَ تَسَجَّى بِثَوْبِهِ، فَسَلَّمَ مُوسَى فَقَالَ الْخَضِرُ: وَأَنَّى بِأَرْضِكَ السَّلَامُ؟ فَقَالَ: أَنَا مُوسَى. فَقَالَ: مُوسَى بَنِي إِسْرَائِيلَ؟ قَالَ: نَعَمْ. قَالَ: { هَلْ أَتَّبِعُكَ عَلَى أَنْ تُعَلِّمَنِي مِمَّا عُلِّمْتَ رُشْدًا } قَالَ: { إِنَّكَ لَنْ تَسْتَطِيعَ مَعِيَ صَبْرًا } يَا مُوسَى، إِنِّي عَلَى عِلْمٍ مِنْ عِلْمِ اللهِ عَلَّمَنِيهِ لَا تَعْلَمُهُ أَنْتَ، وَأَنْتَ عَلَى عِلْمٍ عَلَّمَكَهُ لَا أَعْلَمُهُ. { قَالَ سَتَجِدُنِي إِنْ شَاءَ اللهُ صَابِرًا وَلا أَعْصِي لَكَ أَمْرًا } فَانْطَلَقَا يَمْشِيَانِ عَلَى سَاحِلِ الْبَحْرِ لَيْسَ لَهُمَا سَفِينَةٌ، فَمَرَّتْ بِهِمَا سَفِينَةٌ، فَكَلَّمُوهُمْ أَنْ يَحْمِلُوهُمَا، فَعُرِفَ الْخَضِرُ، فَحَمَلُوهُمَا بِغَيْرِ نَوْلٍ، فَجَاءَ عُصْفُورٌ فَوَقَعَ عَلَى حَرْفِ السَّفِينَةِ، فَنَقَرَ نَقْرَةً أَوْ نَقْرَتَيْنِ فِي الْبَحْرِ، فَقَالَ الْخَضِرُ: يَا مُوسَى، مَا نَقَصَ عِلْمِي وَعِلْمُكَ مِنْ عِلْمِ اللهِ إِلَّا كَنَقْرَةِ هَذَا الْعُصْفُورِ فِي الْبَحْرِ، فَعَمَدَ الْخَضِرُ إِلَى لَوْحٍ مِنْ أَلْوَاحِ السَّفِينَةِ فَنَزَعَهُ، فَقَالَ مُوسَى: قَوْمٌ حَمَلُونَا بِغَيْرِ نَوْلٍ، عَمَدْتَ إِلَى سَفِينَتِهِمْ فَخَرَقْتَهَا لِتُغْرِقَ أَهْلَهَا؟ { قَالَ أَلَمْ أَقُلْ إِنَّكَ لَنْ تَسْتَطِيعَ مَعِيَ صَبْرًا * قَالَ لا تُؤَاخِذْنِي بِمَا نَسِيتُ } فَكَانَتِ الْأُولَى مِنْ مُوسَى نِسْيَانًا فَانْطَلَقَا، فَإِذَا غُلَامٌ يَلْعَبُ مَعَ الْغِلْمَانِ، فَأَخَذَ الْخَضِرُ بِرَأْسِهِ مِنْ أَعْلَاهُ فَاقْتَلَعَ رَأْسَهُ بِيَدِهِ، فَقَالَ مُوسَى: { أَقَتَلْتَ نَفْسًا زَكِيَّةً بِغَيْرِ نَفْسٍ * قَالَ أَلَمْ أَقُلْ لَكَ إِنَّكَ لَنْ تَسْتَطِيعَ مَعِيَ صَبْرًا } - قَالَ ابْنُ عُيَيْنَةَ: وَهَذَا أَوْكَدُ - { فَانْطَلَقَا حَتَّى إِذَا أَتَيَا أَهْلَ قَرْيَةٍ اسْتَطْعَمَا أَهْلَهَا فَأَبَوْا أَنْ يُضَيِّفُوهُمَا فَوَجَدَا فِيهَا جِدَارًا يُرِيدُ أَنْ يَنْقَضَّ فَأَقَامَهُ } قَالَ الْخَضِرُ بِيَدِهِ فَأَقَامَهُ، فَقَالَ لَهُ مُوسَى: { لَوْ شِئْتَ لاتَّخَذْتَ عَلَيْهِ أَجْرًا * قَالَ هَذَا فِرَاقُ بَيْنِي وَبَيْنِكَ } قَالَ النَّبِيُّ ﷺ: يَرْحَمُ اللهُ مُوسَى، لَوَدِدْنَا لَوْ صَبَرَ حَتَّى يُقَصَّ عَلَيْنَا مِنْ أَمْرِهِمَا.,ސައީދު ބިން ޖުބައިރު ރިވާ ކުރެއްވިއެވެ: އިބްނު ޢައްބާސް ގާތު ތިމަން ދެންނެވީމެވެ: ހަމަކަށަވަރުން ނައުފު އަލްބިކާލީ ދަޢުވާ ކުރާ ގޮތުގައި، (ޚަޟިރުގެފާނާއެކު އުޅުއްވި) މޫސާއަކީ ބަނީ އިސްރާއީލުގެ (ނަބިއްޔާ) މޫސާގެފާނެއް ނޫނެވެ. އެއީ ހަމަ ކޮންމެވެސް އެހެން މޫސާއެކެވެ. އިބްނު ޢައްބާސް ދެންނެވިއެވެ: ﷲ ގެ އަދާވާތްތެރިޔާ ދޮގުހަދައިފިއެވެ. އުބައިޔު ބިން ކަޢުބް ތިމަންމެންނަށް ކިޔައި ދެއްވިއެވެ: ނަބިއްޔާ ﷺ ޙަދީޘް ކުރެއްވިއެވެ: ”މޫސާގެފާނު ތެދުވެވަޑައިގެން ބަނީ އިސްރާއީލަށް ޚުތުބާ ދެއްވަނިކޮށް ސުވާލު ކުރެވުނެވެ: މީސްތަކުންގެ ތެރެއިން އެންމެ ބޮޑަށް ޢިލްމު ލިބިފައިވަނީ ކާކަށްތޯއެވެ؟ މޫސާގެފާނު ދެންނެވިއެވެ: އެންމެ ބޮޑަށް ޢިލްމު ލިބިފައިވަނީ ތިމަންނައަށެވެ. ފަހެ ﷲ އެ ކަމުގެ މައްޗަށް މޫސާގެފާނު ޢިތާބަ ކުރެއްވިއެވެ. (އެބަހީ: އެ ވިދާޅުވި ބަސްފުޅާ މެދު ނުރުއްސަވާ، މޫސާގެފާނު އަދަބުވެރި ކުރައްވާ ހަނދުމަކޮށް ދެއްވިއެވެ.) އެއީ އެ އިލާހަށް ޢިލްމު ނިސްބަތް ނުކުރެއްވުމުންނެވެ. ﷲ މޫސާއަށް ވަހީ ކުރެއްވިއެވެ: ދެ ކަނޑު ގުޅޭ ހިސާބުގައި ތިމަން އިލާހުގެ އަޅުތަކުން ކުރެ އަޅަކު ވާނެއެވެ. އޭނާ ތިބާއަށް ވުރެ ބޮޑަށް ޢިލްމު ލިބިގެންވެއެވެ. މޫސާގެފާނު ދެންނެވިއެވެ: އޭ އަޅުގެ ރައްބެވެ. އެ އަޅަކު (ހޯދާނީ) ކިހިނަކުންތޯއެވެ؟ މޫސާގެފާނަށް ވަހީ ކުރެއްވުނެވެ: ވަށިގަނޑަކަށް މަހެއް ލައިގެން ގެންދާށެވެ. އަދި އެ މަސް ގެއްލިޖެ ހިނދު ފަހެ އޭނާ އެ ތަނުގައި ވާނެވެ. ދެން މޫސާގެފާނު، އެކަލޭގެފާނުގެ ޚާދިމު ކުއްޖާ ޔޫޝަޢު ބިން ނޫނާއެކު ނުކުމެވަޑައިގަތެވެ. އަދި ވަށިގަނޑަށް މަހެއް ލައިގެން ގެންދެވިއެވެ. ދެން (އެހެން ދަމުން ގޮސް) ބޮޑު ހިލަގަނޑަކާ ހަމައަށް އަތުވެ، ދެ ބޭކަލުން ވެސް އެ ތަނުގައި އޮށޯވެ އަވަހާރަލެއްޕެވިއެވެ. ފަހެ (އެ ވަގުތު) އެ މަސް ވަށިގަނޑުން ދެމިގަނެގެން ގޮސް ކަނޑަށް ދަތުރު ކުރިއެވެ. އަދި އެ ކަންތައް ވެގެން ދިޔައީ މުސާގެފާނާއި އެކަލޭގެފާނުގެ ޚާދިމު ކުއްޖާ ޢަޖާއިބު ކުރުވަނިވި ކަމަކަށެވެ. ދެން އެ ދުވަހުގެ ބާކީ އިން ދުވާލާއި ރޭގަނޑުގެ ވަގުތުގައި ދެ ބޭކަލުން ހިނގެވިއެވެ. އަދި ފަތިސް ވުމުން މޫސާގެފާނުގެ ޚަދިމު ކުއްޖާއަށް ދެންނެވިއެވެ: ❞ތިމަންމެންގެ ދުވާލުގެ ކޮއްތު ގެނެސްދޭށެވެ. ހަމަކަށަވަރުން ތިމަންމެންގެ މި ދަތުރުގެ ސަބަބުން ތިމަންމެން ވަރަށް ބޮޑަށް ވަރުބަލިވެއްޖެއެވެ.❝ އަދި މޫސާގެފާނު ވަޑައިގަތުމަށް އަމުރުވެވިގެންވާ ހިސާބު ފަހަނަޅައި ދެވެންދެން އެއްވެސް ވަރުބަލިކަމެއް އިހުސާސްވެވަޑައި ނުގަންނަވައެވެ. ދެން މޫސާގެފާނުގެ ޚާދިމު ކުއްޖާ އެކަލޭގެފާނަށް ދެންނެވިއެވެ: ❞ބޮޑު ހިލަގަނޑު ކައިރީގައި ތިމަންމެން މަޑުކުރި ހިނދު ހަނދުމަފުޅުވޭތޯއެވެ؟ ހަމަކަށަވަރުން (އެ ހިނދު) އެ މަހުގެ މަތިން ތިމަންނަ ހަނދާން ނެތުނީއެވެ.❝ މޫސާގެފާނު ދެންނެވިއެވެ: ❞ތިޔައީ (ހަމަ) އަހަރެމެން ބޭނޫންވެ އުޅުނު ކަންތަކެވެ. ދެން އެ ދެކަލުންގެ ފިޔަވަޅުތައް ފަހަތުން އެނބުރި ހިނގައްޖެއެވެ.❝ އަދި އެ ހިލައާ ހަމައަށް ގޮސް ނިމުމުން، އެ ތަނުގައި ފޮށާކޮޅެއް ތުރުކޮށްގެން ބޭކަލަކު ހުންނެވިއެވެ. މޫސާގެފާނު ސަލާން ގޮވުމުން ޚަޟިރުގެފާނު ދެންނެވިއެވެ: ތިބާގެ ބިމުގައި ސަލާން ގޮވުން އައީ ފަހެ ކިހިނަކުންތޯއެވެ؟ މޫސާގެފާނު ދެންނެވިއެވެ: ތިމަންނައީ މޫސާގެފާނެވެ. ޚަޟިރުގެފާނު ދެންނެވިއެވެ: ބަނީ އިސްރާއީލުގެ މޫސާގެފާނުތޯއެވެ؟ މޫސާގެފާނު ދެންނެވިއެވެ: އާދޭހެވެ. ❞ތިބާއަށް އުނގަންނަވައި ދެއްވާފައިވާ ހިދާޔަތާއި ޢިލްމުން، ތިމަންނައަށް އުނގަންނަވައި ދެއްވާން ކަމަށް، ތިބާއާއެކު ތިމަންނަ ދެވިދާނެތޯއެވެ؟ ޚަޟިރުގެފާނު ދެންނެވިއެވެ: ހަމަކަށަވަރުން ތިމަންނައާއެކު ކެތްތެރިވެ އުޅުމަށް ތިބާއަކަށް ކުޅަދާނަވެގެނެއް ނުވާނެއެވެ.❝ އޭ މޫސާގެފާނެވެ. ހަމަކަށަވަރުން ތިމަންނަ މިހުރީ، ﷲ ގެ ޢިލްމުން އެ އިލާހު ތިމަންނައަށް އުނގަންނަވައި ދެއްވި، ތިބާއަށް އެނގިފައި ނުވާ ޢިލްމެއްގެ މަތީގައެވެ. އަދި ތިބާ ތިހުރީ، އެ އިލާހު ތިބާއަށް އުނގަންނަވައި ދެއްވި، ތިމަންނައަށް އެނގިފައި ނުވާ ޢިލްމެއްގެ މަތީގައެވެ. މޫސާގެފާނު ދެންނެވިއެވެ: ❞އެކަލޭގެފާނު ވިދާޅުވިއެވެ: ތިބާއަށް ތިމަން ކަލޭގެފާނު ދެކެވަޑައިގަންނަވާނީ، އިން ޝާއަ ﷲ، ކެތްތެރިޔަކު ކަމުގައެވެ. އަދި އެއްވެސް އަމުރަކަށް ކަލޭގެފާނަށް ނުކިޔަމަންތެރިވެވަޑައެއް ނުގަންނަވާނަމެވެ.❝ އެއަށްފަހު މޫސާގެފާނާއި ޚަޟިރުގެފާނު ގޮނޑުދޮށުގައި ހިނގައި ވަޑައިގަތެވެ. އެ ދެ ބޭކަލުންނަކަށް އޮޑިއެއް ނުވެއެވެ. ދެން އޮޑިއެއް އެ ދެ ބޭކަލުން ކައިރިންލާފައި ދަނިކޮށް، އެއަށް އަރުވާދޭތޯ އޭގައި ތިބި މީހުންނާ ވާހަކަ ދެއްކެވިއެވެ. އެބައިމީހުންނަށް ޚަޟިރުގެފާނު އެނގުނެވެ. އަދި އެއްވެސް އުޖޫރައަކާ ނުލާ އެ ދެ ބޭކަލުން އެއަށް އަރުވައިދިނެވެ. އެއަށްފަހު ފެންފޯއް ދޫންޏެއް އައިސް އޮޑީގެ އަރިމަތީގައި މަޑުކޮށްލިއެވެ. އަދި އެއް ފަހަރު ނުވަތަ ދެ ފަހަރު މޫދަށް ތުން ގަންބާލިއެވެ. ޚަޟިރުގެފާނު ދެންނެވިއެވެ: އޭ މޫސާގެފާނެވެ. މި ފެންފޯއް ދޫނި ތުން ގަންބާލުމުން މޫދުން (މަދުވާ މިންވަރު) ފިޔަވައި، ﷲ ގެ ޢިލަމުފުޅުން، ތިމަންނައާއި ތިބާގެ ޢިލްމު އެއްވެސް މިންވަރެއް މަދެއް ނުވެއެވެ. (އެބަހީ: އެއްވެސް ވަރަކަށް ﷲގެ ޢިލްމުފުޅުން މަދެއް ނުވާނެއެވެ.) އެއަށްފަހު އޮޑީގެ ފިލާތަކެއް ކައިރިއަށް ޚަޟިރުގެފާނު ވަޑައިގެން، އޭގެން ފިލައެއް އުފުރާލެއްވިއެވެ. މޫސާގެފާނު ދެންނެވިއެވެ: އެބައިމީހުން ތިމަންމެން އަރުވައިދިނީ އެއްވެސް އުޖޫރައަކާ ނުލައެވެ. އެބައިމީހުން ޢަރަގު ކުރުމަށް ތިބާ ގޮސް އެބައިމީހުންގެ އޮޑިން ފޫދުއްވާލަނީތޯއެވެ؟ ޚަޟިރުގެފާނު ދެންނެވިއެވެ: ❞ހަމަކަށަވަރުން ތިމަންނައާއެކު ކެތްތެރިވެ އުޅުމަށް ތިބާއަކަށް ކުޅަދާނައެއް ނުވާނެއޭ ތިމަންނަ ދެންނެވީމެއްނޫންތޯއެވެ؟ މޫސާގެފާނު ދެންނެވިއެވެ: ހަނދުމަފުޅު ނެތުނު ކަމަކަށް ތިމަންނަ ކުށްވެރި ނުކުރައްވާށެވެ.❝ ފަހެ އެ ފުރަތަމަ ފަހަރު މޫސާގެފާނަށް ހަނދުމަފުޅު ނެތުނިއެވެ. އެއަށްފަހު ދެ ބޭކަލުން ކުރިއަށް ހިނގައިވަޑައިގަތެވެ. ދެން ކުޑަ ފިރިހެން ކުއްޖަކު، އެހެން ކުޑަކުދިންތަކަކާއެކު ކުޅޭތަނަކަށް ވަޑައިގަނެވުނެވެ. ޚަޟިރުގެފާނު އެ ކުއްޖާގެ ބޯ މަތިން ހިއްޕަވާފައި، އަތްޕުޅުން ބޯ އުފުރާލައިފިއެވެ. މޫސާގެފާނު ދެންނެވިއެވެ: ❞އެހެން މީހަކު މަރައިފައި ނުވާ، ކުށެއް ނެތް ނަފްސެއް ތިޔަ މަރާލީތޯއެވެ؟ ޚަޟިރުގެފާނު ދެންނެވިއެވެ: ހަމަކަށަވަރުން ތިމަންނައާއެކު ކެތްތެރިވެ އުޅުމަށް ތިބާއަކަށް ކުޅަދާނައެއް ނުވާނެއޭ ތިމަންނަ ދެންނެވީމެއްނޫންތޯއެވެ؟❝ ❞އެއަށްފަހު ދެ ބޭކަލުން ކުރިއަށް ހިނގައިވަޑައިގަތެވެ. ދެން ރަށެއްގައި އުޅުނު ބަޔަކާ ހަމައަށް ދެވުމުން، އެބައިމީހުންގެ ކިބައިން ކާއެތިކޮޅަކަށަށް އެދިވަޑައިގަތެވެ. އެހެނަސް އެ ދެ ބޭކަލުންނަށް މެހެމާންދާރީ އަދާ ކުރުމަށް އެބައިމީހުން ބޭނުމެއް ނުވިއެވެ. ދެން ދެބޭކަލުން އެ ރަށުގައި ވެއްޓެން އުޅޭ ފާރެއް ދެކެވަޑައިގަތެވެ. އަދި ޚަޟިރުގެފާނު އެ ފާރު ތެދު ކުރެއްވިއެވެ.❝ ޚަޟިރުގެފާނު އަތްޕުޅުން އިޝާރާތް ކުރައްވާ އެ ފާރު ތެދުކޮށް ރަނގަޅު ކުރެއްވިއެވެ. މޫސާގެފާނު ދެންނެވިއެވެ: ❞ތިބާ ބޭނުންފުޅުވި ނަމަ، ތިކަމަށް އުޖޫރައެއް ނެގުނީހެވެ. ޚަޟިރުގެފާނު ދެންނެވިއެވެ: މިއީ ތިމަންނައާއި ތިބާގެ ވަކިވުމެވެ.❝ ނަބިއްޔާ ﷺ ޙަދީޘް ކުރެއްވިއެވެ: ”ﷲ މޫސާގެފާނަށް ރަޙުމަތް ލައްވާށިއެވެ. އެ ދެ ބޭކަލުންގެ ވާހަކަ އިތުރަށް އަހަރެމެންނަށް އެނގެންދެން މޫސާގެފާނު ކެތްތެރިވެވަޑައިގަތް ނަމަ، އަހަރެމެން އެ ކަމަށް ލޯބިކުރީމުހެވެ.“,
صحيح البخاري,123,وعن أبي موسى رضي الله عنه قال: (سُئِلَ رَسُولُ اللَّهِ ﷺ عَنْ الرَّجُلِ: يُقَاتِلُ شَجَاعَةً، وَيُقَاتِلُ حَمِيَّةً، وَيُقَاتِلُ رِيَاءً، أَيُّ ذَلِكَ فِي سَبِيلِ اللَّهِ؟ فَقَالَ رَسُولُ اللَّهِ ﷺ: (مَنْ قَاتَلَ لِتَكُونَ كَلِمَةُ اللَّهِ هِيَ الْعُلْيَا، فَهُوَ فِي سَبِيلِ اللَّهِ),"އަބޫ މޫސާ ރަޟިޔަﷲ ޢަންހުގެ ކިބައިން ރިވާވެގެންވެއެވެ. އެކަލޭގެފާނު ވިދާޅުވިއެވެ. ""ރަސޫލުﷲ ﷺ އާއި ކުޅަދާނަކަން ދައްކަން ޖިހާދުކުރާ މީހާޔާ، އަޞަބިއްޔަތަށްޓަކައި ޖިހާދުކުރާ މީހާއާއ އަދި ދެއްކުމަށް ޖިހާދުކުރާ މީހާއާ ބެހޭގޮތުން، އެތަނުން ﷲގެ މަގުގައި ޖިހާދު ކުރަނީ ކާކުތޯ ސުވާލުކުރެވުނެވެ. ދެން ރަސޫލުﷲ ﷺ ޙަދީޘްކުރެއްވިއެވެ. ""ﷲގެ ކަލިމަ އެންމެ މައްޗަށް ގެންދިޔުމަށް ޖިހާދުކުރާ މީހާއެވެ. ފަހެ އޭނާ އެވަނީ ﷲގެ މަގުގައި ޖިހާދުކުރުމުގައެވެ.""",
صحيح البخاري,127,وَقَالَ عَلِيٌّ: حَدِّثُوا النَّاسَ بما يَعْرِفُونَ. أتُحِبُّونَ أنْ يُكَذَّبَ اللَّهُ ورَسولُهُ؟,ޢަލީ ވިދާޅުވިއެވެ: ”މީސްތަކުންނަށް ވިސްނޭފަދަ ވާހަކަ ދައްކާށެވެ. ﷲ އާއި އެ އިލާހުގެ ރަސޫލު ދޮގުކުރެވުމަށް ތިޔަބައިމީހުން ރުހޭނަމުހެއްޔެވެ؟“,
صحيح البخاري,128,"عن أَنَسُ بْنُ مَالِكٍ، أَنَّ النَّبِيَّ ﷺ وَمُعَاذٌ رَدِيفُهُ عَلَى الرَّحْلِ قَالَ "" يَا مُعَاذُ بْنَ جَبَلٍ ""‌. قَالَ لَبَّيْكَ يَا رَسُولَ اللَّهِ وَسَعْدَيْكَ. قَالَ "" يَا مُعَاذُ ""‌. قَالَ لَبَّيْكَ يَا رَسُولَ اللَّهِ وَسَعْدَيْكَ. ثَلاَثًا. قَالَ "" مَا مِنْ أَحَدٍ يَشْهَدُ أَنْ لاَ إِلَهَ إِلاَّ اللَّهُ وَأَنَّ مُحَمَّدًا رَسُولُ اللَّهِ صِدْقًا مِنْ قَلْبِهِ إِلاَّ حَرَّمَهُ اللَّهُ عَلَى النَّارِ ""‌. قَالَ يَا رَسُولَ اللَّهِ، أَفَلاَ أُخْبِرُ بِهِ النَّاسَ فَيَسْتَبْشِرُوا قَالَ "" إِذًا يَتَّكِلُوا ""‌. وَأَخْبَرَ بِهَا مُعَاذٌ عِنْدَ مَوْتِهِ تَأَثُّمًا .","އަނަސް ބިން މާލިކް ރަޟިޔަﷲ ޢަންހުގެ ކިބައިން ރިވާވެގެންވެއެވެ. ހަމަކަށަވަރުން މުޢާޛުގެފާނު ރަސޫލުﷲ ﷺ ފަހަތްޕުޅުގައި އެކަލޭގެފާނުގެ ސަވާރީގައ އިންނެވިއެވެ. އެކަލޭގެފާނު ޙަދީޘްކުރެއްވިއެވެ. ""އޭ މުޢާޛު ބިން ޖަބަލެވެ"" އެކަލޭގެފާނު ޖަވާބުދެއްވިއެވެ. އޭ ރަސޫލުﷲއެވެ. (ލައްބައިކަ ވަ ސަޢްދައެކަ) ކަލޭގެފާނަށް އިޖާބަދެއްވަމެވެ. އުފާވެރިކަމަކަށްކަށްފަހު އުފާވެރިކަމަކުން އުފާކޮށްދެއްވާށެވެ."" އެކަލޭގެފާނު ވިދާޅުވިއެވެ: ""އޭ މުޢާޛެވެ"" އެކަލޭގެފާނު ޖަވާބުދެއްވިއެވެ. ""ކަލޭގެފާނަށް އިޖާބަށް ދެއްވަމެވެ. އުފާވެރިކަމަކަށްފަހު އުފާވެރިކަމަކުން އުފާކޮށްދެއްވާށެވެ"" ތިންފަހަރުއެވެ. ޙަދީޘްކުރެއްވިއެވެ. ""އަޅަކު لا إله إلا الله (ﷲ ފިޔަވައި ޙައްގުގޮތުގައި އަޅުކަންވެވޭ އިލާހެއްނުވާކަމަށް) އަދި ހަމަކަށަވަރުން މުޙައްމަދުގެފާނީ ﷲގެ ރަސޫލާކަމަށް އޭނާގެ ހިތުން ތެދުކުރާ ހާލު ހެކިވެއްޖެނަމަ ﷲ އެމީހެއްގެ މައްޗަށް ނަރަކަ ޙަރާމްކުރައްވައެވެ"" މުޢާޛުގެފާނު ވިދާޅުވިއެވެ.: އޭ ރަސޫލުﷲ އެވެ. މީސްތަކުންނަށް ތިކަމުގެ ޚަބަރުދެއްވަން ހެއްޔެވެ؟ ދެން މީސްތަކުން އެކަމާ އުފާކުރާނެއެވެ. ޙަދީޘްކުރެއްވިއެވެ: ""ދެން މީސްތަކުން އެކަމުގެ މައްޗަށް އެކަނި ބަރޯސާވެދާނެއެވެ"" ދެން މުޢާޛުގެފާނު އެކަލޭގެފާނުގެ މަރުމަތީގައި ފާފަވެދާނެތީ އެވާހަކަ ބަޔާންކޮށްދެއްވިއެވެ.",
صحيح البخاري,138,"رُؤْيَا الأَنْبِيَاءِ وَحْيٌ""","""ނަބީބޭކަލުންނަށް ފެނިވަޑައިގަންނަވާ ހުވަފެންފުޅުތަކަކީ ވަހީއެވެ.""",
صحيح البخاري,143,أنَّ النبيَّ صَلَّى اللهُ عليه وسلَّمَ دَخَلَ الخَلَاءَ، فَوَضَعْتُ له وَضُوءًا قالَ: مَن وضَعَ هذا؟ فَأُخْبِرَ فَقالَ: اللَّهُمَّ فَقِّهْهُ في الدِّينِ.,އޭ ﷲ އެވެ. އޭނާއަށް ދީން ފަހުމްކޮށްދެއްވާށިއެވެ. ,
صحيح البخاري,237,حَدَّثَنَا أَحْمَدُ بْنُ مُحَمَّدٍ قَالَ: أَخْبَرَنَا عَبْدُ اللهِ قَالَ: أَخْبَرَنَا مَعْمَرٌ، عَنْ هَمَّامِ بْنِ مُنَبِّهٍ، عَنْ أَبِي هُرَيْرَةَ، عَنِ النَّبِيِّ ﷺ قَالَ: كُلُّ كَلْمٍ يُكْلَمُهُ الْمُسْلِمُ فِي سَبِيلِ اللهِ، يَكُونُ يَوْمَ الْقِيَامَةِ كَهَيْئَتِهَا، إِذْ طُعِنَتْ، تَفَجَّرُ دَمًا، اللَّوْنُ لَوْنُ الدَّمِ، وَالْعَرْفُ عَرْفُ الْمِسْكِ.,އަބޫ ހުރައިރާ ރިވާ ކުރެއްވިއެވެ: ނަބިއްޔާ ﷺ ޙަދީޘް ކުރެއްވިއެވެ: ”ﷲގެ މަގުގައި (ޖިހާދު ކުރުމުގައި) މުސްލިމަކަށް ލިބޭ ކޮންމެ ޒަހަމެއް، ގިޔާމަތް ދުވަހު އެ ޒަހަމު ލިބުނު ގޮތަކަށް ހުންނާނެވެ. އޭގެން ލޭ އޮހޮރި ހުންނާނެއެވެ. އޭގެ ކުލައަކީ ހަމަ ލޭގެ ކުލައެވެ. އެހެނަސް އޭގެ ވަހަކީ ގޮމަކަސްތޫރި ވަހެވެ.“,b36
صحيح البخاري,247,"الَ النَّبِيُّ صلى الله عليه وسلم ‏""‏ إِذَا أَتَيْتَ مَضْجَعَكَ فَتَوَضَّأْ وُضُوءَكَ لِلصَّلاَةِ، ثُمَّ اضْطَجِعْ عَلَى شِقِّكَ الأَيْمَنِ، ثُمَّ قُلِ اللَّهُمَّ أَسْلَمْتُ وَجْهِي إِلَيْكَ، وَفَوَّضْتُ أَمْرِي إِلَيْكَ، وَأَلْجَأْتُ ظَهْرِي إِلَيْكَ، رَغْبَةً وَرَهْبَةً إِلَيْكَ، لاَ مَلْجَأَ وَلاَ مَنْجَا مِنْكَ إِلاَّ إِلَيْكَ، اللَّهُمَّ آمَنْتُ بِكِتَابِكَ الَّذِي أَنْزَلْتَ، وَبِنَبِيِّكَ الَّذِي أَرْسَلْتَ‏.‏ فَإِنْ مُتَّ مِنْ لَيْلَتِكَ فَأَنْتَ عَلَى الْفِطْرَةِ، وَاجْعَلْهُنَّ آخِرَ مَا تَتَكَلَّمُ بِهِ ‏""‏‏.‏ ",އޭ ﷲ އެވެ. މި އަޅާގެ މޫނު އިބަ އިލާހަށް ކިޔަމަންތެރިކޮށްފީމެވެ. އަދި މި އަޅާގެ ކަންތައްތައް އިބަ އިލާހާ ހަވާލުކޮށްފީމެވެ. އަދި މި އަޅާ އިބަ އިލާހަށް ބަރޯސާވެއްޖައީމެވެ. އިބަ އިލާހަށް އެދޭ އަދި ބިރުވެތިވާ ހާލުގައެވެ. އިބަ އިލާހުގެ ހަޒްރަތަށް މެނުވީ، އިބަ އިލާހުގެ ހަޒްރަތުން ސަލާމަތްވެވޭނެ ތަނެއް އަދި ރައްކާތެރި ކަމެއް ނުވެއެވެ. އޭ ﷲ އެވެ. އިބަ އިލާހު ބާވައިލެއްވި ފޮތަށް މި އަޅާ އީމާންވަމެވެ. އަދި އިބަ އިލާހު ފޮނުއްވި ނަބިއްޔަށް މި އަޅާ އީމާންވަމެވެ. (ދެން ރަސޫލާ ޙަދީޘްކުރެއްވިއެވެ.) ދެން ތިބާގެ އެ ރޭގައި ތިބާ މަރުވެއްޖެނަމަ، ފަހެ ތިބާ ވާނީ ފިތުރަތުގެ މަތީގައެވެ. އަދި ތިބާ ކިޔާ އެންމެ ފަހުގެ އެއްޗަކީ އެއީ ކަމުގައި ހަދާށެވެ.,
صحيح البخاري,288,كانَ النبيُّ صَلَّى اللهُ عليه وسلَّمَ إذَا أرَادَ أنْ يَنَامَ، وهو جُنُبٌ، غَسَلَ فَرْجَهُ، وتَوَضَّأَ لِلصَّلَاةِ.,އެކަމަނާ ވިދާޅުވިއެވެ. ރަސޫލާ ﷺ ޖުނުބުވެރި ހާލުގައި ހުންނަވަނިކޮށް، ކޭންބެއްލެވުމަށް ނުވަތަ އަވަހާރަފުޅުލެއްޕެވުމަށް ބޭނުންފުޅުވެވަޑައިގެންފިނަމަ، އެކަލޭގެފާނުގެ ޢައުރަ ގުނަވަން ދޮންނަވައެވެ. އަދި ނަމާދަށް ވުޟޫކުރައްވާފަދައިން ވުޟޫކުރައްވައެވެ.,
صحيح البخاري,289,اسْتَفْتَى عُمَرُ النبيَّ صَلَّى اللهُ عليه وسلَّمَ أيَنامُ أحَدُنا وهو جُنُبٌ؟ قالَ: نَعَمْ إذا تَوَضَّأَ.,ހަމަކަށަވަރުން ޢުމަރުގެފާނު ވިދާޅުވިއެވެ. އޭ ﷲގެ ރަސޫލާއެވެ! ތިމަންބޭކަލުންގެ ތެރެއިން މީހަކު ޖުނުބުވެރި ހާލުގައި ވަނިކޮށް ނިދިދާނެތޯއެވެ؟ އެކަލޭގެފާނު ޙަދީޘްކުރެއްވިއެވެ. އާދޭހެވެ. ވުޟޫކުރުމަށްފަހުގައެވެ.,
صحيح البخاري,290,ذَكَرَ عُمَرُ بنُ الخَطَّابِ لِرَسولِ اللَّهِ صَلَّى اللهُ عليه وسلَّمَ أنَّه تُصِيبُهُ الجَنَابَةُ مِنَ اللَّيْلِ، فَقالَ له رَسولُ اللَّهِ صَلَّى اللهُ عليه وسلَّمَ تَوَضَّأْ واغْسِلْ ذَكَرَكَ، ثُمَّ نَمْ.,ވުޟޫކުރައްވާށެވެ. އަދި ޢައުރަގުނަވަން ދޮންނެވުމަށްފަހު ނިދިކުރައްވާށެވެ.,
صحيح البخاري,335,وَكَانَ النَّبِيُّ يُبْعَثُ إِلَى قَوْمِهِ خَاصَّةً وَبُعِثْتُ إِلَى النَّاسِ عَامَّةً,އަދި ނަބީބޭކަލުން ފޮނުއްވިފައިވަނީ އެބޭކަލުންގެ ގައުމުގެ މީހުންގެ ގާތަށް ޚާއްސަކުރެވިގެންނެވެ. ނަމަވެސް ތިމަންކަލޭގެފާނު ފޮނުއްވުނީ ޢާއްމުކޮށް އެއްމެހާ މީސްތަކުންގެ ގާތަށެވެ.,
صحيح البخاري,399,حَدَّثَنَا عَبْدُ اللهِ بْنُ رَجَاءٍ قَالَ: حَدَّثَنَا إِسْرَائِيلُ، عَنْ أَبِي إِسْحَاقَ، عَنِ الْبَرَاءِ بْنِ عَازِبٍ رَضِيَ اللهُ عَنْهُمَا قَالَ: كَانَ رَسُولُ اللهِ ﷺ صَلَّى نَحْوَ بَيْتِ الْمَقْدِسِ سِتَّةَ عَشَرَ أَوْ سَبْعَةَ عَشَرَ شَهْرًا، وَكَانَ رَسُولُ اللهِ ﷺ يُحِبُّ أَنْ يُوَجَّهَ إِلَى الْكَعْبَةِ، فَأَنْزَلَ اللهُ: { قَدْ نَرَى تَقَلُّبَ وَجْهِكَ فِي السَّمَاءِ } فَتَوَجَّهَ نَحْوَ الْكَعْبَةِ. وَقَالَ السُّفَهَاءُ مِنَ النَّاسِ، وَهُمُ الْيَهُودُ: { مَا وَلاهُمْ عَنْ قِبْلَتِهِمُ الَّتِي كَانُوا عَلَيْهَا قُلْ لِلهِ الْمَشْرِقُ وَالْمَغْرِبُ يَهْدِي مَنْ يَشَاءُ إِلَى صِرَاطٍ مُسْتَقِيمٍ } فَصَلَّى مَعَ النَّبِيِّ ﷺ رَجُلٌ، ثُمَّ خَرَجَ بَعْدَ مَا صَلَّى، فَمَرَّ عَلَى قَوْمٍ مِنَ الْأَنْصَارِ فِي صَلَاةِ الْعَصْرِ، نَحْوَ بَيْتِ الْمَقْدِسِ، فَقَالَ: هُوَ يَشْهَدُ: أَنَّهُ صَلَّى مَعَ رَسُولِ اللهِ ﷺ، وَأَنَّهُ تَوَجَّهَ نَحْوَ الْكَعْبَةِ، فَتَحَرَّفَ الْقَوْمُ، حَتَّى تَوَجَّهُوا نَحْوَ الْكَعْبَةِ.,އަލްބަރާއު ބިން ޢާޒިބު رَضِيَ اللَّهُ عَنْهُ ރިވާ ކުރެއްވިއެވެ: ސޯޅަ ނުވަތަ ސަތާރަ މަސްދުވަސް ވަންދެން ބައިތުލް މަގްދިސާ ދިމާލަށް ރަސޫލު ﷲ ﷺ ނަމާދު ކުރެއްވިއެވެ. އެހެނަސް ކަޢުބާއާ ދިމާލަށް ކުރިމަތިލެއްވުމަށް ރަސޫލު ﷲ ﷺ ލޯބިފުޅު ކުރެއްވިއެވެ. ދެން ﷲ ބާވައިލެއްވިއެވެ: ❞އުޑާ ދިމާލަށް ބައްލަވައިގެން އިބަ ނަބިއްޔާގެ މޫނުފުޅު އެފުށްމިފުށަށް އެނބުރުއްވާތަން ހަމަކަށަވަރުން ތިމަން އިލާހު ދެކެވޮޑިގެންވަމެވެ.❝ އަދި ކަޢުބާއާ ދިމާލަށް ނަބިއްޔާ ކުރިމަތިލެއްވިއެވެ. ދެން މީސްތަކުންގެ ތެރެއިން ހަމަބުއްދި ނުވާ މީހުން ކަމުގައިވާ ޔަހޫދީން ބުންޏެވެ: ❞އެބައިމީހުން ކުރިން ތިބި ގިބްލަ ނޫން އެހެން ފަރާތަކަށް އަނބުރާލީ ފަހެ ކޮންކަމެއްބާވައެވެ؟❝ (ﷲ ވަހީ ކުރެއްވިއެވެ: ❞އިބަ ނަބިއްޔާ ވިދާޅުވާށެވެ: އިރުމައްޗާއި ހުޅަނގު މިލްކުވެވޮޑިގެންވަނީ ﷲއަށެވެ. އެ އިލާހު އިރާދަ ކުރައްވާ މީހަކަށް ސީދާވެގެންވާ ތެދުމަގަށް ހިދާޔަތު ދައްކަވައެވެ.❝ އަދި ނަބިއްޔާގެ އަރިހުގައި ނަމާދު ކުރި މީހަކު، ނަމާދަށް ފަހު ނުކުމެ، ޢަޞުރު ނަމާދުގައި ބައިތުލް މަގްދިސާ ކުރިމަތިލައިގެން ތިބި އަންޞާރުންގެ ބަޔަކު ކައިރިންލައިފާ ދިޔައެވެ. ﷲ ހެކިކޮށްފައި އޭނާ ދެންނެވިއެވެ: ހަމަކަށަވަރުން ރަސޫލު ﷲ ﷺ ގެ އަރިހުގައި ތިމަންނަ މިއައީ ނަމާދުކޮށްގެންނެވެ. އަދި ކަޢުބާއާ ދިމާލަށް ނަބިއްޔާ ކުރިމަތިލެއްވިއެވެ. ދެން އެބައިމީހުން (ހުރި ގޮތަށް ނަމާދަށް ހުރެ) ކަޢުބާއާ ދިމާލަށް އެނބުރުނެވެ.,b40
صحيح البخاري,431,حَدَّثَنَا عَبْدُ اللهِ بْنُ مَسْلَمَةَ، عَنْ مَالِكٍ، عَنْ زَيْدِ بْنِ أَسْلَمَ، عَنْ عَطَاءِ بْنِ يَسَارٍ، عَنْ عَبْدِ اللهِ بْنِ عَبَّاسٍ قَالَ: انْخَسَفَتِ الشَّمْسُ، فَصَلَّى رَسُولُ اللهِ ﷺ، ثُمَّ قَالَ: أُرِيتُ النَّارَ، فَلَمْ أَرَ مَنْظَرًا كَالْيَوْمِ قَطُّ أَفْظَعَ.,ޢަބްދު ﷲ ބިން ޢައްބާސް ރިވާ ކުރެއްވިއެވެ: އިރުކޭތަ ހިފިއެވެ. ދެން ރަސޫލު ﷲ ﷺ (އިރުކޭތަ) ނަމާދު ކުރެއްވުމަށް ފަހު ޙަދީޘް ކުރެއްވިއެވެ: ”ތިމަން ނަބިއްޔާއަށް ނަރަކަ ދެއްކެވުނެވެ. އަދި މިއަދު ފެނުނުފަދަ ނުބައި މަންޒަރެއް ދުވަހަކުވެސް ތިމަން ނަބިއްޔާ ނުދެކެމުއެވެ.“,b29
صحيح البخاري,482,"حَدَّثَنَا إِسْحَاقُ قَالَ: حَدَّثَنَا ابْنُ شُمَيْلٍ: أَخْبَرَنَا ابْنُ عَوْنٍ ، عَنِ ابْنِ سِيرِينَ ، عَنْ أَبِي هُرَيْرَةَ قَالَ: صَلَّى بِنَا رَسُولُ اللهِ صَلَّى اللهُ عَلَيْهِ وَسَلَّمَ إِحْدَى صَلَاتَيِ الْعَشِيِّ قَالَ ابْنُ سِيرِينَ: سَمَّاهَا أَبُو هُرَيْرَةَ ، وَلَكِنْ نَسِيتُ أَنَا قَالَ: فَصَلَّى بِنَا رَكْعَتَيْنِ ثُمَّ سَلَّمَ ، فَقَامَ إِلَى خَشَبَةٍ مَعْرُوضَةٍ فِي الْمَسْجِدِ ، فَاتَّكَأَ عَلَيْهَا كَأَنَّهُ غَضْبَانُ ، وَوَضَعَ يَدَهُ الْيُمْنَى عَلَى الْيُسْرَى ، وَشَبَّكَ بَيْنَ أَصَابِعِهِ ، وَوَضَعَ خَدَّهُ الْأَيْمَنَ عَلَى ظَهْرِ كَفِّهِ الْيُسْرَى ، وَخَرَجَتِ السَّرَعَانُ مِنْ أَبْوَابِ الْمَسْجِدِ ، فَقَالُوا: قَصُرَتِ الصَّلَاةُ؟ وَفِي الْقَوْمِ أَبُو بَكْرٍ وَعُمَرُ ، فَهَابَا أَنْ يُكَلِّمَاهُ ، وَفِي الْقَوْمِ رَجُلٌ فِي يَدَيْهِ طُولٌ ، يُقَالُ لَهُ ذُو الْيَدَيْنِ ، قَالَ: يَا رَسُولَ اللهِ ، أَنَسِيتَ أَمْ قَصُرَتِ الصَّلَاةُ؟ قَالَ: لَمْ أَنْسَ ، وَلَمْ تَقْصُرْ . فَقَالَ: أَكَمَا يَقُولُ ذُو الْيَدَيْنِ؟"". فَقَالُوا: نَعَمْ ، فَتَقَدَّمَ فَصَلَّى مَا تَرَكَ ، ثُمَّ سَلَّمَ ، ثُمَّ كَبَّرَ وَسَجَدَ مِثْلَ سُجُودِهِ أَوْ أَطْوَلَ ، ثُمَّ رَفَعَ رَأْسَهُ وَكَبَّرَ ، ثُمَّ كَبَّرَ وَسَجَدَ مِثْلَ سُجُودِهِ أَوْ أَطْوَلَ ، ثُمَّ رَفَعَ رَأْسَهُ وَكَبَّرَ . فَرُبَّمَا سَأَلُوهُ: ثُمَّ سَلَّمَ؟ فَيَقُولُ: نُبِّئْتُ أَنَّ عِمْرَانَ بْنَ حُصَيْنٍ قَالَ: ثُمَّ سَلَّمَ .",މާތްﷲ ރުއްސުންލެއްވި އަބޫ ހުރައިރަތުގެފާނުގެ އަރިހުން الإِمَامُ الْبُخَارِى ނެރުއްވި حَدِيثއެއްގައިވެއެވެ. رَسُولُ اللهِ ދެރަކުއަތް ކުރައްވާފައި ސަލާމްދެއްވައިފިއެވެ. (އެބަހީ: މެންދުރު ނުވަތަ ޢަސުރު ނަމާދެއްގައި ދެރަކުއަތް ކުރައްވާފައި ސަލާމްދެއްވައިފިއެވެ.) ذُوالْيَدَينِ ކިޔުނު ބޭކަލަކު ދަންނަވައިފިއެވެ. ﷲގެ ރަސޫލާއެވެ! ނަމާދު ކުރުވީތޯއެވެ؟ (އެބަހީ: ހަތަރު ރަކުއަތް ނަމާދު، މާތްﷲ ދެރަކުއަތަށް ބަދަލުކޮށްދެއްވީތޯއެވެ؟) ނުވަތަ ހަނދުމަފުޅު ނެތުނީތޯއެވެ؟ ފަހެ، رَسُولُ اللهِ އެހެން ބޭފުޅުންނާ ސުވާލު ކުރެއްވިއެވެ. ذُوالْيَدَيْنِ އެވިދާޅުވީ ތެދުފުޅެއްތޯއެވެ؟ މީސްތަކުން ދަންނަވައިފިއެވެ. އެވިދާޅުވީ ތެދުފުޅެކެވެ. ފަހެ، رَسُولُ الله ތެދުވެވަޑައިގެން އިތުރަށް ދެރަކުއަތް ކުރައްވާފައި ސަލާމްދެއްވައިފިއެވެ. ދެން ދެސަޖިދަކުރައްވައިފިއެވެ. އެބަހީ: ކުށު ސަޖިދަ ކުރައްވައިފިއެވެ. (ނޯޓް: ކުށުސަޖިދަ ޖަހާނީ ނަމާދުގައި ސަޖިދަޖަހާފަދައިންނެވެ. ނަމާދުގެ ސަލާމްދިނުމުގެ ކުރީގައި ކުށުސަޖިދަޖެހުމާއި ސަލާމްދިނުމުގެ ފަހުގައި ކުށުސަޖިދަޖެހުމަކީ رَسُولُ اللهِގެ އަރިހުން ސާބިތުވާ ދެގޮތެކެވެ. އެހެންކަމުން މިދެގޮތްވެސް ޖާއިޒެވެ. ދަންނަ ބޭކަލުންގެ މެދުގައި إِخْتِلاَفއެއްހުރީ މިދެގޮތުންކުރެ މޮޅުއިތުރު ގޮތަކާމެދުގައެވެ. رَسُولُ اللهِގެ އަރިހުން ދެގޮތަށް ސާބިތުވާ މިބާވަތުގެ މަސްއަލާތަކުގައި، ތިމާކުރާ ގޮތްނޫން އެހެން ގޮތަކަށް ކުރާމީހާ ދެކެ ރުޅިއައުމާއި، އޭނާއާމެދު އަނިޔާވެރިވުން ފަދަ ކަންކަމީ އެއްވެސް ޙާލެއްގައި ހުއްދަ ކަންކަމެއްނޫނެވެ. الإِمَامُ الشَّافِعِى ދެކެވަޑައިގަންނަވަނީ ނަމާދުގެ ސަލާމްދިނުމުގެ ކުރީގައި ކުށުސަޖިދަޖެހުން މޮޅުއިތުރު ކަމަށެވެ. (ބައްލަވާ!فَتْحُ الْبَارِىكتاب السّهو),
صحيح البخاري,555,يَتَعَاقَبُونَ فِيكُمْ مَلَائِكَةٌ باللَّيْلِ ومَلَائِكَةٌ بالنَّهَارِ، ويَجْتَمِعُونَ في صَلَاةِ الفَجْرِ وصَلَاةِ العَصْرِ، ثُمَّ يَعْرُجُ الَّذِينَ بَاتُوا فِيكُمْ، فَيَسْأَلُهُمْ وهو أعْلَمُ بهِمْ: كيفَ تَرَكْتُمْ عِبَادِي؟ فيَقولونَ: تَرَكْنَاهُمْ وهُمْ يُصَلُّونَ، وأَتَيْنَاهُمْ وهُمْ يُصَلُّونَ.,ތިޔަބައިމީހުންގެ ތެރޭގައި އެއްބައެއްގެ ފަހަތުން އަނެއްބަޔަކު ބަދަލުވެވޭ ތިބޭގޮތުގައި ރޭގަނޑުގެވެސް މަލާއިކަތުން އަދި ދުވާލުގެ ވެސް މަލާއިކަތުން މާތް ﷲ ލައްވާފައިވެއެވެ. އެބޭކަލުން އެއްބަޔަކު އަނެއްބަޔަކާއި ބައްދަކުވަނީ ފަތިސްނަމާދާއި ޢަޞުރު ނަމާދުގައެވެ. ދެން ރޭގނަޑު ތިޔަބައި މީހުންގެ ގާތުގައި ތިއްބެވި މަލާއިކަތުން ﷲ ގެ ހަޒްރަތަށް ވަޑައިގަންނަވާނެތެވެ. ދެން އެބޭކަލުންގެ ވެރިރަސްކަލާނގެ އެބޭކަލުންނާއި ސުވާލު ކުރައްވާނެތެވެ. (އެކަލާނގެއީ އެމީހުންގެ ހުރިހައިކަމެއް ދެނެވޮޑިގެންވާ ރަސްކަލާނގެއެވެ.) ތިޔަބޭކަލުން ތިމަން ރަސްކަލާނގެ އަޅުތަކުންނާއި ވަކިވެވަޑައިގަތީ ކޮންފަދަ ޙާލެއްގައި އެމީހުން ވަނިކޮށް ހެއްޔެވެ؟ ފަހެ އެބޭކަލުން ދަންނަވާނެތެވެ. ތިމަން ބޭކަލުން އެމީހުންނާއި ވަކިވީ އެމީހުން ނަމާދު ކުރަން ތިއްބައެވެ. އަދި އެމީހުންގާތަށް އައީވެސް އެމީހުން ނަމާދު ކުރަން ތިއްބައެވެ.,
صحيح البخاري,568,«أَنَّ رَسُولَ اللَّهِ صَلَّى اللهُ عَلَيْهِ وَسَلَّمَ كَانَ يَكْرَهُ النَّوْمَ قَبْلَ العِشَاءِ وَالحَدِيثَ بَعْدَهَا»,"""ކީރިތި ރަސޫލާ ޞައްލަﷲ ޢަލައިހި ވަސައްލަމަ ޢިޝާނަމާދަށްވުރެ ކުރިން ނިދުމާއި އޭގެފަހުން ވާހަކަ ދައްކަންތިބުން ރުހިވަޑައި ނުގަންނަވައެވެ.""",
صحيح البخاري,580,أنَّ رَسولَ اللَّهِ صَلَّى اللهُ عليه وسلَّمَ قالَ: مَن أَدْرَكَ رَكْعَةً مِنَ الصَّلَاةِ، فقَدْ أَدْرَكَ الصَّلَاةَ.,(ނަމާދު ވަގުތު ފާއިތުވުމުގެ ކުރިން) ނަމާދުން ރަކުޢަތެއްގެ މިންވަރު ލިބިއްޖެ މީހާ ދަންނާށެވެ. ފަހެ ހަމަކަށަވަރުން އޭނާއަށް ނަމާދު ލިބިއްޖެއެވެ.,
صحيح البخاري,616,حَدَّثَنَا مُسَدَّدٌ قَالَ: حَدَّثَنَا حَمَّادٌ ، عَنْ أَيُّوبَ وَعَبْدِ الْحَمِيدِ صَاحِبِ الزِّيَادِيِّ ، وَعَاصِمٍ الْأَحْوَلِ ، عَنْ عَبْدِ اللهِ بْنِ الْحَارِثِ قَالَ : خَطَبَنَا ابْنُ عَبَّاسٍ فِي يَوْمٍ رَدْغٍ ، فَلَمَّا بَلَغَ الْمُؤَذِّنُ حَيَّ عَلَى الصَّلَاةِ ، فَأَمَرَهُ أَنْ يُنَادِيَ: الصَّلَاةُ فِي الرِّحَالِ ، فَنَظَرَ الْقَوْمُ بَعْضُهُمْ إِلَى بَعْضٍ ، فَقَالَ: فَعَلَ هَذَا مَنْ هُوَ خَيْرٌ مِنْهُ ، وَإِنَّهَا عَزْمَةٌ .,ޢަބްދުﷲ ބުނުލް ޙާރިޘް ވިދާޅުވިއެވެ. ”خَطَبَنَا ابْنُ عَبَّاسٍ فِي يَوْمٍ رَدْغٍ، فَلَمَّا بَلَغَ الـمُؤَذِّنُ حَيَّ عَلَى الصَّلاَةِ، فَأَمَرَهُ أَنْ يُنَادِيَ ((الصَّلاَةُ فِي الرِّحَالِ))، فَنَظَرَ القَوْمُ بَعْضُهُمْ إِلَى بَعْضٍ، فَقَالَ: «فَعَلَ هَذَا مَنْ هُوَ خَيْرٌ مِنْهُ وَإِنَّهَا عَزْمَةٌ“([2]) މާނައީ: ”ވިއްސާރަވެ، ކިސަޑުހެދިފައިވާ ދުވަހެއްގައި އިބްނު ޢައްބާސް ތިމަންމެނަށް ޚުޠުބާއެއް ދެއްވިއެވެ. އޭގެފަހުގައި، ބަންގިގޮވާމީހާ ”حَيَّ عَلَى الصَّلاَةِ“ އާ ހަމައަށް ބަންގިފޯރުމުން ”الصَّلاَةُ فِي الرِّحَالِ“ މިފަދައިން ގޮވާލެއްވުމަށް އަމުރުކުރެއްވިއެވެ. އެހިނދު، (ނުރުހުންވުމުގެ ގޮތުން) އެތަނުގައި ތިބިމީހުން އެއްބަޔަކު އަނެއްބަޔަށް ބަލާލިއެވެ. އެހިނދު (އިބްނު ޢައްބާސް) ވިދާޅުވިއެވެ. ”ފަހެ، ބަންގި ގޮވިމީހާއަށްވުރެ ހެޔޮ ބޭކަލަކު (އެބަހީ؛ ނަބިއްޔާ صَلَّى اللهُ عَلَيْهِ وَسَلَّمَ) މިގޮތަށް ކަންތައް ކުރެއްވިއެވެ. އަދި ހަމަކަށަވަރުން (ހުކުރު ނަމާދަކީ ދޫނުކޮށްލެވޭނެ) ވާޖިބުވެގެންވާ ކަމެކެވެ.“ (އެބަހީ؛ އެއްކޮށް ދޫކޮށްލުން ހުއްދަނުވާ، އެހެންނަމަވެސް، އުޒުރުގެ ސަބަބުން އެންމެން ހުކުރު ނަމާދަށް ހާޒިރުވާކަށް ނުޖެހޭނެއެވެ.) ([2]) رواه البخاري (616)، ومسلم (699).,
صحيح البخاري,632,"حَدَّثَنَا مُسَدَّدٌ قَالَ: أَخْبَرَنَا يَحْيَى ، عَنْ عُبَيْدِ اللهِ بْنِ عُمَرَ قَالَ: حَدَّثَنِي نَافِعٌ قَالَ: أَذَّنَ ابْنُ عُمَرَ فِي لَيْلَةٍ بَارِدَةٍ بِضَجْنَانَ ، ثُمَّ قَالَ: صَلُّوا فِي رِحَالِكُمْ . فَأَخْبَرَنَا : أَنَّ رَسُولَ اللهِ صَلَّى اللهُ عَلَيْهِ وَسَلَّمَ كَانَ يَأْمُرُ مُؤَذِّنًا يُؤَذِّنُ ، ثُمَّ يَقُولُ عَلَى إِثْرِهِ: أَلَا صَلُّوا فِي الرِّحَالِ "". فِي اللَّيْلَةِ الْبَارِدَةِ ، أَوِ الْمَطِيرَةِ فِي السَّفَرِ .",ނާފިޢުގެ ކިބައިން ރިވާވެފައިވެއެވެ. أَذَّنَ ابْنُ عُمَرَ فِي لَيْلَةٍ بَارِدَةٍ بِضَجْنَانَ، ثُمَّ قَالَ: صَلُّوا فِي رِحَالِكُمْ، فَأَخْبَرَنَا أَنَّ رَسُولَ اللَّهِ صَلَّى اللهُ عَلَيْهِ وَسَلَّمَ كَانَ يَأْمُرُ مُؤَذِّنًا يُؤَذِّنُ، ثُمَّ يَقُولُ عَلَى إِثْرِهِ: ((أَلَا صَلُّوا فِي الرِّحَالِ)) فِي اللَّيْلَةِ البَارِدَةِ، أَوِ الـمَطِيرَةِ فِي السَّفَرِ.([1]) މާނައީ: ”(މައްކާގެ ކައިރީގައިވާ) ”ضَجْنَان“ އޭ ކިޔުނު ފަރުބަދަ ކައިރީގައި، ފިނި ރެއެއްގައި އިބްނު ޢުމަރު ބަންގި ގޮވާލެއްވިއެވެ. ދެން ”صَلُّوا فِي رِحَالِكُمْ“ މިފަދައިން ގޮވާލެއްވިއެވެ. އޭގެފަހުގައި، ތިމަންމެންނަށް ޚަބަރު ދެއްވިއެވެ. ފިނި ރެއެއްގައި، ނުވަތަ ދަތުރުމަތީގައި ވާރެވެހުނު ރެއަކު ރަސޫލުﷲ صَلَّى اللهُ عَلَيْهِ وَسَلَّمَ ބަންގިގޮވާ ބޭކަލަކަށް ބަންގިގޮވުމަށް އަމުރުކުރެއްވިއެވެ. އަދި ބަންގީގެފަހުގައި އެބޭކަލަކު ”أَلَا صَلُّوا فِي الرِّحَالِ“ މިފަދައިން ގޮވާލެއްވިއެވެ.“ ([1]) رواه البخاري (632)، ومسلم (697).,
صحيح البخاري,660,"َدَّثَنَا مُحَمَّدُ بْنُ بَشَّارٍ ، قَالَ : حَدَّثَنَا يَحْيَى ، عَنْ عُبَيْدِ اللَّهِ ، قَالَ : حَدَّثَنِي خُبَيْبُ بْنُ عَبْدِ الرَّحْمَنِ ، عَنْ حَفْصِ بْنِ عَاصِمٍ ، عَنْ أَبِي هُرَيْرَةَ ، عَنِ النَّبِيِّ صَلَّى اللَّهُ عَلَيْهِ وَسَلَّمَ قَالَ : "" سَبْعَةٌ يُظِلُّهُمُ اللَّهُ فِي ظِلِّهِ يَوْمَ لَا ظِلَّ إِلَّا ظِلُّهُ : الْإِمَامُ الْعَادِلُ، وَشَابٌّ نَشَأَ فِي عِبَادَةِ رَبِّهِ، وَرَجُلٌ قَلْبُهُ مُعَلَّقٌ فِي الْمَسَاجِدِ، وَرَجُلَانِ تَحَابَّا فِي اللَّهِ ؛ اجْتَمَعَا عَلَيْهِ وَتَفَرَّقَا عَلَيْهِ، وَرَجُلٌ طَلَبَتْهُ امْرَأَةٌ ذَاتُ مَنْصِبٍ وَجَمَالٍ فَقَالَ : إِنِّي أَخَافُ اللَّهَ، وَرَجُلٌ تَصَدَّقَ أَخْفَى حَتَّى لَا تَعْلَمَ شِمَالُهُ مَا تُنْفِقُ يَمِينُهُ، وَرَجُلٌ ذَكَرَ اللَّهَ خَالِيًا فَفَاضَتْ عَيْنَاهُ "".",އަބޫ ހުރައިރާ - ރަޟިޔަ ﷲ ޢަންހު - ގެ އަރިހުން ރިވާވެގެންވެއެވެ. ނަބިއްޔު ﷺ ޙަދީޘް ކުރެއްވިއެވެ: އެކަލާނގެ ޢަރްޝިގެ ހިޔާވަހިކަން މެނުވީ އެހެން ހިޔަލެއްނުވާ ދުވަހުގައި، ހަތްމީހަކަށް ﷲ ތަޢާލާ ހިޔާވަހިކަންދެއްވާ ހުއްޓެވެ. [އޭގެތެރެއިން އެކަލޭގެފާނު ޛިކްރު ކުރެއްވިއެވެ:] އަދި އޭނާގެ ރައްބަށް އަޅުކަމުގައި ދެމިހުރެގެން އައި ޒުވާނާއެވެ.,
صحيح البخاري,744,اللَّهُمَّ بَاعِدْ بَيْنِي وبيْنَ خَطَايَايَ، كما بَاعَدْتَ بيْنَ المَشْرِقِ والمَغْرِبِ، اللَّهُمَّ نَقِّنِي مِنَ الخَطَايَا كما يُنَقَّى الثَّوْبُ الأبْيَضُ مِنَ الدَّنَسِ، اللَّهُمَّ اغْسِلْ خَطَايَايَ بالمَاءِ والثَّلْجِ والبَرَدِ.,"އޭ ﷲ! އިރުއަރާ ފަރާތާއި އިރު އޮއްސޭ ފަރާތާ ދެމެދު އިބައިލާހު ދުރުކުރެއްވި ފަދައިން މިއަޅާއާއި މިއަޅާގެ ކުށްފާފަތަކާއި ދެމެދު ދުރުކޮށްދެއްވާނދޭވެ! އޭ ﷲ! ހުދުފޭރާން ހަޑި މިލައިން ސާފުކުރެވޭ ފަދައިން މިއަޅާގެ ކުށްފާފަތަކުން މިއަޅާ ސާފުކޮށްދެއްވާނދޭވެ! އޭ ﷲ! ފެނާއި ސުނޯއާއި ގަނޑުފެނުން މިއަޅާގެ ކުށްފާފަތައް ދޮވެދެއްވާނދޭވެ!""",
صحيح البخاري,748,حَدَّثَنَا إِسْمَاعِيلُ قَالَ: حَدَّثَنِي مَالِكٌ، عَنْ زَيْدِ بْنِ أَسْلَمَ، عَنْ عَطَاءِ بْنِ يَسَارٍ، عَنْ عَبْدِ اللهِ بْنِ عَبَّاسٍ رَضِيَ اللهُ عَنْهُمَا قَالَ: خَسَفَتِ الشَّمْسُ عَلَى عَهْدِ رَسُولِ اللهِ ﷺ فَصَلَّى، قَالُوا: يَا رَسُولَ اللهِ، رَأَيْنَاكَ تَنَاوَلُ شَيْئًا فِي مَقَامِكَ، ثُمَّ رَأَيْنَاكَ تَكَعْكَعْتَ؟ قَالَ: إِنِّي أُرِيتُ الْجَنَّةَ، فَتَنَاوَلْتُ مِنْهَا عُنْقُودًا، وَلَوْ أَخَذْتُهُ لَأَكَلْتُمْ مِنْهُ مَا بَقِيَتِ الدُّنْيَا.,ޢަބްދު ﷲ ބިން ޢައްބާސް رَضِيَ اللَّهُ عَنْهُمَا ރިވާ ކުރެއްވިއެވެ: ރަސޫލު ﷲ ﷺ ގެ ޒަމާނުގައި އިރުކޭތަ ހިފިއެވެ. އަދި ނަބިއްޔާ (އިރުކޭތަ) ނަމާދު ކުރެއްވިއެވެ. މީސްތަކުން ދެންނެވިއެވެ: އޭ ﷲގެ ރަސޫލާއެވެ. އިބަ ނަބިއްޔާ ހުންނެވި ތަނުން އެއްޗެއް ނަންގަވަން އުޅުއްވިކަމާއި އެއަށްފަހު ފަހަތަށް ޖެހިލެއްވިތަން ތިމަންމެން ދުށީމެވެ. ނަބިއްޔާ ޙަދީޘް ކުރެއްވިއެވެ: ”ހަމަކަށަވަރުން ތިމަން ނަބިއްޔާއަށް ސުވަރުގެ ދެއްކެވުނެވެ. ދެން އެ ތަނުން މޭވާ ކޯންޏެއް ނަންގަވަން އުޅުނީމުއެވެ. އަދި އެ ނެގުނު ނަމަ، ދުނިޔެ ދެމިހުރިހާ ދުވަހަކު ތިޔަބައިމީހުން އޭގެން ކެވުނީސްކަން ކަށަވަރެވެ.“,b29
صحيح البخاري,757,"عَنْ أَبِي هُرَيْرَةَ، أَنَّ رَسُولَ اللَّهِ ﷺ دَخَلَ الْمَسْجِدَ، فَدَخَلَ رَجُلٌ فَصَلَّى فَسَلَّمَ عَلَى النَّبِيِّ ﷺ فَرَدَّ وَقَالَ "" ارْجِعْ فَصَلِّ، فَإِنَّكَ لَمْ تُصَلِّ "". فَرَجَعَ يُصَلِّي كَمَا صَلَّى ثُمَّ جَاءَ فَسَلَّمَ عَلَى النَّبِيِّ ﷺ فَقَالَ "" ارْجِعْ فَصَلِّ فَإِنَّكَ لَمْ تُصَلِّ "" ثَلاَثًا. فَقَالَ وَالَّذِي بَعَثَكَ بِالْحَقِّ مَا أُحْسِنُ غَيْرَهُ فَعَلِّمْنِي. فَقَالَ "" إِذَا قُمْتَ إِلَى الصَّلاَةِ فَكَبِّرْ، ثُمَّ اقْرَأْ مَا تَيَسَّرَ مَعَكَ مِنَ الْقُرْآنِ، ثُمَّ ارْكَعْ حَتَّى تَطْمَئِنَّ رَاكِعًا، ثُمَّ ارْفَعْ حَتَّى تَعْتَدِلَ قَائِمًا، ثُمَّ اسْجُدْ حَتَّى تَطْمَئِنَّ سَاجِدًا، ثُمَّ ارْفَعْ حَتَّى تَطْمَئِنَّ جَالِسًا، وَافْعَلْ ذَلِكَ فِي صَلاَتِكَ كُلِّهَا "".",އެއްދުވަހަކު ރަސޫލުﷲ ޞައްލަﷲ ޢަލައިހި ވަސައްލަމަ މިސްކިތުގައި އިށީނދެވަޑައިގެން އިންނަވަނިކޮށް މީހަކު މިސްކިތަށްއަރާ ދެރަކުޢަތް ނަމާދެއް ކުރިއެވެ. އެއަށްފަހު ރަސޫލުﷲ ޞައްލަﷲ ޢަލައިހި ވަސައްލަމަ އަރިހަށް ވަޑައިގެން ސަލާމްދެންނެވިއެވެ. އެހިނދު އެކަލޭގެފާނު ސަލާމުގެ ޖަވާބު ދެއްވުމަށްފަހު ޙަދީޘްކުރެއްވިއެވެ. “ތިބާ އަލުން ނަމާދު ކުރަންދާށެވެ! ތިބާ އަދި ނަމާދެއްނުކުރެއެވެ.” އޭނާ އަނެއްކާވެސް އެނބުރިގޮސް ކުރިންކުރިފަދައިން ދެރަކުޢަތް ކުރުމަށްފަހު ރަސޫލުﷲ ޞައްލަﷲ ޢަލައިހި ވަސައްލަމަ އަރިހަށް ވަޑައިގެން ސަލާމްދަންނަވައިފިއެވެ. އެކަލޭގެފާނު ސަލާމުގެ ޖަވާބު ދެއްވުމަށްފަހު އަނެއްކާވެސް ޙަދީޘްކުރެއްވިއެވެ.”ތިބާ އަލުން ނަމާދު ކުރަންދާށެވެ! ތިބާ އަދި ނަމާދެއްނުކުރެއެވެ.” މިފަދައިން ތިންފަހަރުވެސް ޙަދީޘް ކުރެއްވުމުން އެމީހާ ދެންނެވިއެވެ. “ޙައްގުގެ މަގާއިގެން ކަލޭގެފާނު ފޮނުއްވެވި ފަރާތް ގަންދީ ދަންނަވަމެވެ. ތިމަންނާއަށް މިއަށްވުރެ ރަނގަޅަށް ނަމާދުކުރާކަށް ނޭނގެއެވެ. ތިމަންނާއަށް ދަސްކޮށްދެއްވާށެވެ.” ދެން ރަސޫލުﷲ ޞައްލަﷲޢަލައިހިވަސައްލަމަ ޙަދީޘްކުރެއްވިއެވެ. “ތިބާ ނަމާދުކުރުމަށް ތެދުވެއްޖެނަމަ ތަކްބީރުކިއުމަށްފަހު ކީރިތި ގުރުއާނުން ތިބާއަށް ފަސޭހަވީ މިންވަރެއް ކިޔަވާށެވެ. އަދި ތިބާއަށް ފަސޭހަވެ ހަމަޖެހެންދެން ގުދުވެ ރުކޫޢުކުރާށެވެ. އަދި މުޅިން ފުރިހަމައަށް ސީދާވާމިންވަރަށް ތެދުވާށެވެ. އަދި ކަށިތައްލެނބި ހަމަޖެހި ތިބާއަށް ފަސޭހަވާމިންވަރަށް ސަޖިދަކުރާށެވެ. އަދި މުޅި ނަމާދު ނިމެންދެން މިފަދައިން އަމަލުކުރާށެވެ.,
صحيح البخاري,832,اللَّهُمَّ إِنِّي أَعُوذُ بِكَ مِنْ فِتْنَةِ النَّارِ وَعَذَابِ النَّارِ، وَفِتْنَةِ الْقَبْرِ، وَعَذَابِ الْقَبْرِ، وَشَرِّ فِتْنَةِ الْغِنَى، وَشَرِّ فِتْنَةِ الْفَقْرِ، اللَّهُمَّ إِنِّي أَعُوذُ بِكَ مِنْ شَرِّ فِتْنَةِ الْمَسِيحِ الدَّجَّالِ، اللَّهُمَّ اغْسِلْ قَلْبِي بِمَاءِ الثَّلْجِ وَالْبَرَدِ، وَنَقِّ قَلْبِي مِنْ الْخَطَايَا كَمَا نَقَّيْتَ الثَّوْبَ الْأَبْيَضَ مِنْ الدَّنَسِ، وَبَاعِدْ بَيْنِي وَبَيْنَ خَطَايَايَ كَمَا بَاعَدْتَ بَيْنَ الْمَشْرِقِ وَالْمَغْرِبِ. اللَّهُمَّ إِنِّي أَعُوذُ بِكَ مِنْ الْكَسَلِ وَالْمَأْثَمِ وَالْمَغْرَمِ,އަޅަމެން ހައްދަވާ ބޮޑުކުރެއްވި ރަސްކަލާކޮ! ހަމަކަށަވަރުން މިއަޅާ ނަރަކައާއި ކައްވަޅުގެ ފިތުންއިންނާއި ޢަޒާބުން އަދި މުއްސަނދިކަމާއި ފަގީރުކަމުގެ ނުބައި ފިތުނައިން ރައްކާތެރިކޮށްދެއްވުމަށް އެދި އިބަ اللهގެ حضرةން ދަންނަވަމެވެ. އަޅަމެން ހައްދަވާ ބޮޑުކުރެއްވި ރަސްކަލާކޮ! މަސީޙުއްދައްޖާލްގެ ނުބައި ފިތުނައިން މިއަޅާ ރައްކާތެރިކޮށްދެއްވުމަށް އެދި އިބަ اللهގެ حضرةން ދަންނަވަމެވެ. އަޅަމެން ހައްދަވާ ބޮޑުކުރެއްވި ރަސްކަލާކޮ! މިއަޅާގެ ހިތް ސުނޯއިންނާއި ގަނޑު ފެނުންނާއި ފެނުން ދޮވެދެއްވާންދޭވެ. އަދި ހަޑިވެފައިވާ ހުދުހެދުމެއް ސާފުކުރެއްވިފަދައިން މިއަޅާގެ ހިތް ފާފަތަކުން ސާފުކުރައްވާންދޭވެ. އަދި مشرق އާއި مغرب ދުރުކުރެއްވި ފަދައިން މިއަޅާއާއި ފާފަތަކާ ދެމެދު ދުރުކުރުން ލައްވާންދޭވެ. އަޅަމެން ހައްދަވާ ބޮޑުކުރެއްވި ރަސްކަލާކޮ! ކަންނެތް ކަމުންނާއި ފާފަކުރުމުންނާއި ދަރަނިވެރިވުމުން މިއަޅާ ރައްކާތެރިކޮށްދެއްވުމަށް އެދި އިބަ اللهގެ حضرةން ދަންނަވަމެވެ.,
صحيح البخاري,834,أنَّهُ قالَ لِرَسولِ اللَّهِ صَلَّى اللهُ عليه وسلَّمَ: عَلِّمْنِي دُعَاءً أدْعُو به في صَلَاتِي، قالَ: قُلْ: اللَّهُمَّ إنِّي ظَلَمْتُ نَفْسِي ظُلْمًا كَثِيرًا، ولَا يَغْفِرُ الذُّنُوبَ إلَّا أنْتَ، فَاغْفِرْ لي مَغْفِرَةً مِن عِندِكَ، وارْحَمْنِي إنَّكَ أنْتَ الغَفُورُ الرَّحِيمُ.,އޭ ﷲ އެވެ. ހަމަކަށަވަރުން މި އަޅާގެ ނަފްސަށް، މި އަޅާ ވަރަށް ގިނައިން އަނިޔާވެރިވެއްޖައީމެވެ. އަދި އިބަ އިލާހު ފިޔަވާ ފާފަތައް ފުއްސަވާ ފަރާތެއް ނުވެއެވެ. ފަހެ އިބަ އިލާހުގެ ހަޒްރަތުން ވާ ފާފަ ފުއްސެވުމަކުން މި އަޅާއަށް ފާފަ ފުއްސަވާދެއްވާށިއެވެ. އަދި މި އަޅާއަށް ރަހުމަތް ލައްވާށިއެވެ. ހަމަކަށަވަރުން އިބަ އިލާހީ އަލްޣަފޫރުއް ރަޙީމެވެ. (އެބަހީ: ގިނަގިނައިން ފާފަ ފުއްސަވާ، ރަޙީމުވަންތަ އިލާހެވެ.),
صحيح البخاري,858,الغُسْلُ يَومَ الجُمُعَةِ واجِبٌ علَى كُلِّ مُحْتَلِمٍ.,ހުކުރު ދުވަހު ހިނައިގަތުމަކީ ބާލިޣުވެފައިވާ ކޮންމެ މުސްލިމެއްގެ މައްޗަށް ވާޖިބުވެގެންވާ ކަމެކެވެ.,
صحيح البخاري,876,حَدَّثَنَا أَبُو الْيَمَانِ قَالَ: أَخْبَرَنَا شُعَيْبٌ قَالَ: حَدَّثَنَا أَبُو الزِّنَادِ : أَنَّ عَبْدَ الرَّحْمَنِ بْنَ هُرْمُزَ الْأَعْرَجَ ، مَوْلَى رَبِيعَةَ بْنِ الْحَارِثِ ، حَدَّثَهُ : أَنَّهُ سَمِعَ أَبَا هُرَيْرَةَ رَضِيَ اللهُ عَنْهُ: أَنَّهُ سَمِعَ رَسُولَ اللهِ صَلَّى اللهُ عَلَيْهِ وَسَلَّمَ يَقُولُ: نَحْنُ الْآخِرُونَ السَّابِقُونَ يَوْمَ الْقِيَامَةِ ، بَيْدَ أَنَّهُمْ أُوتُوا الْكِتَابَ مِنْ قَبْلِنَا ، ثُمَّ هَذَا يَوْمُهُمُ الَّذِي فُرِضَ عَلَيْهِمْ فَاخْتَلَفُوا فِيهِ ، فَهَدَانَا اللهُ ، فَالنَّاسُ لَنَا فِيهِ تَبَعٌ؛ الْيَهُودُ غَدًا ، وَالنَّصَارَى بَعْدَ غَدٍ .,އަބޫ ހުރައިރާ رَضِيَ اللَّهُ عَنْهُ ރިވާ ކުރެއްވިއެވެ: ރަސޫލު ﷲ ﷺ ޙަދީޘް ކުރައްވަނިކޮށް ތިމަން އަޑު އެހީމެވެ: ”އަހަރެމެން މި އެންމެ ފަހުން އައި (އުއްމަތަކީ)، ގިޔާމަތް ދުވަހު އެންމެ ކުރީގައި ވާނެ (އުއްމަތެވެ.) އެއީ (ޔަހޫދީންނާއި ނަސާރާއިންނަށް) އަހަރެމެންނަށް ވުރެ ކުރިން ފޮތް ދެވުނު ކަމުގައި ވިޔަސްވެސް މެއެވެ. ފަހެ އެބައިމީހުންގެ މައްޗަށް (މާތްކުރުމަށް) ފަރުޟު ކުރެވުނު މި ހުކުރު ދުވަހާ މެދު އެބައިމީހުން ޚިލާފުވެގަތެވެ. އަދި (އެ ދުވަހާ މެދު) ﷲ ވަނީ އަހަރެމެންނަށް ހިދާޔަތް ދައްކަވާފައެވެ. ފަހެ އެހެން މީސްތަކުންތައް ވަނީ މި ކަމުގައި އަހަރެމެންނަށް ވުރެ ފަހަތުގައެވެ. އެ ގޮތުން ޔަހޫދީން ނެގީ މާދަމާއެވެ. (ހޮނިހިރު ދުވަހެވެ.) އަދި ނަސާރާއިން ނެގީ މާދަން ނޫން އަނެއް ދުވަހެވެ. (އާދިއްތަ ދުވަހެވެ.),
صحيح البخاري,877,حَدَّثَنَا عَبْدُ اللهِ بْنُ يُوسُفَ قَالَ: أَخْبَرَنَا مَالِكٌ ، عَنْ نَافِعٍ ، عَنْ عَبْدِ اللهِ بْنِ عُمَرَ رَضِيَ اللهُ عَنْهُمَا: أَنَّ رَسُولَ اللهِ صَلَّى اللهُ عَلَيْهِ وَسَلَّمَ قَالَ: إِذَا جَاءَ أَحَدُكُمُ الْجُمُعَةَ فَلْيَغْتَسِلْ .,"މި ޙަދީޘުގެ މާނައަކީ، މާތް ﷲ رَحْمَة ލެއްވި الإِ مَامُ الْبُخَارِيُّ ވިދާޅުވިއެވެ. އަހަރެމެންނަށް (މި حَدِيث) ވިދާޅުވެ ދެއްވީ عَبْدُ اللهِ بْنُ يُوسُفَ އެވެ. އެކަލޭގެފާނު ވިދާޅުވެފައި ވަނީ އަހަރެމެންނަށް މިޚަބަރު ދެއްވީ مالكގެފާނު ކަމަށެވެ. އެއީ نافع ގެފާނުގެ އަރިހުންނެވެ. އަދި نافع ގެފާނު، ޢުމަރުގެފާނުގެ ދަރިކަލުން عبدالله ގެފާނުގެ އަރިހުންނެވެ. އެކަލޭގެފާނު (އެބަހީ: عبدالله ގެފާނު) ވިދާޅުވިއެވެ. ހަމަކަށަވަރުން ސަލާމާއި ޞަލަވާތް ލެއްވި ރަސޫލުﷲ ގެފާނު ޙަދީޘް ކުރެއްވިއެވެ. ""ތިޔަބައި މީހުން ކުރެ މީހަކު، ހުކުރު ނަމާދަށް އަންނަންޏާ، އެމީހަކު ހިނައިގަންނަ ހުށިކަމެވެ،"" މިއެވެ.",
صحيح البخاري,883,""" لاَ يَغْتَسِلُ رَجُلٌ يَوْمَ الْجُمُعَةِ، وَيَتَطَهَّرُ مَا اسْتَطَاعَ مِنْ طُهْرٍ، وَيَدَّهِنُ مِنْ دُهْنِهِ، أَوْ يَمَسُّ مِنْ طِيبِ بَيْتِهِ ثُمَّ يَخْرُجُ، فَلاَ يُفَرِّقُ بَيْنَ اثْنَيْنِ، ثُمَّ يُصَلِّي مَا كُتِبَ لَهُ، ثُمَّ يُنْصِتُ إِذَا تَكَلَّمَ الإِمَامُ، إِلاَّ غُفِرَ لَهُ مَا بَيْنَهُ وَبَيْنَ الْجُمُعَةِ الأُخْرَى "".",سلمان الفارسي رضي الله عنه ވިދާޅުވެފައިވެއެވެ. ރަސޫލުއް ﷲ صلى الله عليه و سلم ޙަދީޘްފުޅު ކުރެއްވިއެވެ. “ހުކުރު ދުވަހުގައި ހިނައިގަނެ، އޭނާއަށް ކުޅަދާނަވީ މިންވަރަކަށް ހަށިގަނޑު ޠާހިރުކޮށް ހިނައިގަތުމަށްފަހުގައި ހަށިގަނޑުގައި ހުވަނދުލައި މިސްކިތައް ދިއައެވެ. މިސްކިތަށް ދިއުމަށްފަހު ދެމީހެއް ވަކިކޮށް އޭނާ ނަހަދައެވެ. އަދި މިސްކިތުގައި ސުންނަތް ނަމާދު ވެވުނު މިންވަރަކަށް ކުރުމަށްފަހުގައި، އިމާމް ޚުޠުބާ ދިނުމަށް ނުކުތުމުން ކަނުލައި އަޑުއެހުމުގައި ދެމިހުންނެވިއެވެ. މިމީހާއަށް ލިބިދޭ އަޖުރަކީ ހުކުރުން ފަށައިގެން އަންނަންއޮތް ހުކުރު ދުވަހުގެ ދެމެދުގައި ކުރެވޭ ފާފަތައް އެކަލާނގެ ފުއްސަވާނެތެވެ.”,
صحيح البخاري,901,حَدَّثَنَا مُسَدَّدٌ قَالَ: حَدَّثَنَا إِسْمَاعِيلُ قَالَ: أَخْبَرَنِي عَبْدُ الْحَمِيدِ صَاحِبُ الزِّيَادِيِّ قَالَ: حَدَّثَنَا عَبْدُ اللهِ بْنُ الْحَارِثِ ، ابْنُ عَمِّ مُحَمَّدِ بْنِ سِيرِينَ : قَالَ ابْنُ عَبَّاسٍ لِمُؤَذِّنِهِ فِي يَوْمٍ مَطِيرٍ: إِذَا قُلْتَ: أَشْهَدُ أَنَّ مُحَمَّدًا رَسُولُ اللهِ ، فَلَا تَقُلْ: حَيَّ عَلَى الصَّلَاةِ ، قُلْ صَلُّوا فِي بُيُوتِكُمْ. فَكَأَنَّ النَّاسَ اسْتَنْكَرُوا ، قَالَ: فَعَلَهُ مَنْ هُوَ خَيْرٌ مِنِّي ، إِنَّ الْجُمُعَةَ عَزْمَةٌ ، وَإِنِّي كَرِهْتُ أَنْ أُحْرِجَكُمْ فَتَمْشُونَ فِي الطِّينِ وَالدَّحَضِ .,އަދި ޞަޙީޙުލް ބުޚާރީގައި އައިސްފައިވާ ލަފްޒުގައި ވަނީ މިފަދައިންނެވެ. قَالَ ابْنُ عَبَّاسٍ لِمُؤَذِّنِهِ فِي يَوْمٍ مَطِيرٍ: إِذَا قُلْتَ أَشْهَدُ أَنَّ مُحَمَّدًا رَسُولُ اللَّهِ، فَلاَ تَقُلْ حَيَّ عَلَى الصَّلاَةِ، قُلْ: «صَلُّوا فِي بُيُوتِكُمْ»، فَكَأَنَّ النَّاسَ اسْتَنْكَرُوا، قَالَ: فَعَلَهُ مَنْ هُوَ خَيْرٌ مِنِّي.([3]) މާނައީ: ”ވާރޭވެހުނު ދުވަހެއްގައި އިބްނު ޢައްބާސް އެކަލޭގެފާނުގެ ބަންގިގޮވާމީހާއަށް ވިދާޅުވިއެވެ. ތިބާ ”أَشْهَدُ أَنَّ مُحَمَّدًا رَسُولُ اللَّهِ“ ކިޔުމަށްފަހު ”حَيَّ عَلَى الصَّلاَةِ“ ނުގޮވާށެވެ. (އޭގެ ބަދަލުގައި) ”صَلُّوا فِي بُيُوتِكُمْ“ (މާނައީ: ތިޔަބައިމީހުން، ތިޔަބައިމީހުންގެ ގެތަކުގައި ނަމާދުކުރާށެވެ!) މިފަދައިން ގޮވާށެވެ. ފަހެ، މީސްތަކުންގެ ފަރާތުން ނުރުހުންތެރިކަން ފެނުނުހިނދު ވިދާޅުވިއެވެ. ތިމަންނައަށްވުރެ ހެޔޮ ބޭކަލަކު (އެބަހީ؛ ނަބިއްޔާ صَلَّى اللهُ عَلَيْهِ وَسَلَّمَ) މިގޮތަށް ކަންތައް ކުރެއްވިއެވެ.“ ([3]) صحيح البخاري (901).,
صحيح البخاري,934,حَدَّثَنَا يَحْيَى بْنُ بُكَيْرٍ قَالَ: حَدَّثَنَا اللَّيْثُ، عَنْ عُقَيْلٍ، عَنِ ابْنِ شِهَابٍ قَالَ: أَخْبَرَنِي سَعِيدُ بْنُ الْمُسَيِّبِ: أَنَّ أَبَا هُرَيْرَةَ أَخْبَرَهُ: أَنَّ رَسُولَ اللهِ ﷺ قَالَ: إِذَا قُلْتَ لِصَاحِبِكَ يَوْمَ الْجُمُعَةِ أَنْصِتْ وَالْإِمَامُ يَخْطُبُ فَقَدْ لَغَوْتَ.,އަބޫ ހުރައިރާ ރިވާ ކުރެއްވިއެވެ: ރަސޫލު ﷲ ﷺ ޙަދީޘް ކުރެއްވިއެވެ: ”ހުކުރު ދުވަހު އިމާމު ޚުތުބާ ދެނިކޮށް، ތިބާއާ ޖެހިގެން ހުރި މީހާ ގާތު ވާހަކަ ނުދައްކާށޭ، (މިވަރަށް) ބުނިކަމުގައި ވިޔަސް، ފަހެ ތިބާ ބޭކާރު ބާޠިލު ވާހަކަ ދައްކައިފިކަން ކަށަވަރެވެ.“,
صحيح البخاري,990,"“صَلَاةُ اَللَّيْلِ مَثْنَى مَثْنَى , فَإِذَا خَشِيَ أَحَدُكُمْ اَلصُّبْحِ صَلَّى رَكْعَةً وَاحِدَةً , تُوتِرُ لَهُ مَا قَدْ صَلَّى”",އިބްނު ޢުމަރު رضي الله عنهما ގެ އަރިހުން ރިވާވެގެންވެއެވެ. އެކަލޭގެފާނު ވިދާޅުވިއެވެ. ރަސޫލުﷲ ﷺ ޙަދީޘް ކުރެއްވިއެވެ. “ރޭގަނޑުގެ ނަމާދުވަނީ ދެރަކުޢަތުން ދެރަކުޢަތުންނެވެ. ފަހެ ފަތިސްވެދާނެކަމަށް ތިޔަބައިމީހުން ބިރުގަނެއްޖެނަމަ، އެއްރަކުޢަތް ކުރާށެވެ. އޭރުން ކުރެވުނު ނަމާދު (ގެ ރަކުޢަތްތަކުގެ ޢަދަދު) އޮނަހިރި ޢަދަދެއްކަމުގައި ވާނެއެވެ.”,
صحيح البخاري,992,أَنَّهُ بَاتَ عِنْدَ مَيْمُونَةَ وَهِيَ خَالَتُهُ : فَاضْطَجَعْتُ فِي عَرْضِ وِسَادَةٍ، وَاضْطَجَعَ رَسُولُ اللَّهِ صَلَّى اللهُ عَلَيْهِ وَسَلَّمَ وَأَهْلُهُ فِي طُولِهَا، فَنَامَ حَتَّى انْتَصَفَ اللَّيْلُ – أَوْ قَرِيبًا مِنْهُ – فَاسْتَيْقَظَ يَمْسَحُ النَّوْمَ عَنْ وَجْهِهِ، ثُمَّ قَرَأَ عَشْرَ آيَاتٍ مِنْ آلِ عِمْرَانَ، ثُمَّ قَامَ رَسُولُ اللَّهِ صَلَّى اللهُ عَلَيْهِ وَسَلَّمَ إِلَى شَنٍّ مُعَلَّقَةٍ، فَتَوَضَّأَ، فَأَحْسَنَ الوُضُوءَ، ثُمَّ قَامَ يُصَلِّي,އެކަލޭގެފާނު މައިމޫނާގެފާނުގެ އަރިހުގައި އެއްރޭ މަޑުކުރެއްވިއެވެ. އެއީ އެކަލޭގެފާނުގެ (އެބަހީ: އިބްނު ޢައްބާސްގެ) ބޮޑުދައިތައެވެ. (އެކަލޭގެފާނު ވިދާޅުވިއެވެ.) “ތިމަންކަލޭގެފާނު ބާލީހުގެ ހުރަހަށް ވާގޮށް އޮތީމެވެ. އަދި ﷲ ގެ ރާސޫލާ ﷺ އާއި އެކަލޭގެފާނުގެ އަނބިކަބަލުން ބާލީހުގެ ދިގަށްވާގޮތަށް އޮންނެވިއެވެ. ރޭގަނޑުގެ ދެބައިވަންދެން ނުވަތަ ރޭގަނޑުގެ ދެބަޔާއި ގާތްވަންދެން އެކަލޭގެފާނު އަވަހަރަފުޅުލެއްޕެވިއެވެ. އެއަށްފަހު އެކަލޭގެފާނު ނިދިން ތެދުވެވަޑައިގެން ނިދިފިލުވާލުމަށްޓަކައި މޫނު ފޮހެލެއްވިއެވެ. ދެން އެއަށްފަހުގައި އާލް-ޢިމްރާން ސޫރަތުގެ ފަހު ދިހަ އާޔަތް ކިޔަވާ ވިދާޅުވިއެވެ. އެއަށްފަހު ތެދުވެވަޑައިގެން އެލުވާފައިވާ ފެން ކަންވާރުގެ ކައިރިއަށް ވަޑައިގަތެވެ. ދެން ފުރިހަމަ ވުޟޫއެއް ކުރެއްވިއެވެ. އެއަށްފަހު ތެދުވެވަޑައިގެން ނަމާދުކުރެއްވިއެވެ.,
صحيح البخاري,1052,حَدَّثَنَا عَبْدُ اللهِ بْنُ مَسْلَمَةَ، عَنْ مَالِكٍ، عَنْ زَيْدِ بْنِ أَسْلَمَ، عَنْ عَطَاءِ بْنِ يَسَارٍ، عَنْ عَبْدِ اللهِ بْنِ عَبَّاسٍ قَالَ: انْخَسَفَتِ الشَّمْسُ عَلَى عَهْدِ رَسُولِ اللهِ ﷺ، فَصَلَّى رَسُولُ اللهِ ﷺ، فَقَامَ قِيَامًا طَوِيلًا، نَحْوًا مِنْ قِرَاءَةِ سُورَةِ الْبَقَرَةِ، ثُمَّ رَكَعَ رُكُوعًا طَوِيلًا، ثُمَّ رَفَعَ فَقَامَ قِيَامًا طَوِيلًا، وَهُوَ دُونَ الْقِيَامِ الْأَوَّلِ، ثُمَّ رَكَعَ رُكُوعًا طَوِيلًا، وَهُوَ دُونَ الرُّكُوعِ الْأَوَّلِ، ثُمَّ سَجَدَ، ثُمَّ قَامَ قِيَامًا طَوِيلًا، وَهُوَ دُونَ الْقِيَامِ الْأَوَّلِ، ثُمَّ رَكَعَ رُكُوعًا طَوِيلًا، وَهُوَ دُونَ الرُّكُوعِ الْأَوَّلِ، ثُمَّ رَفَعَ فَقَامَ قِيَامًا طَوِيلًا، وَهُوَ دُونَ الْقِيَامِ الْأَوَّلِ، ثُمَّ رَكَعَ رُكُوعًا طَوِيلًا، وَهُوَ دُونَ الرُّكُوعِ الْأَوَّلِ، ثُمَّ سَجَدَ، ثُمَّ انْصَرَفَ، وَقَدْ تَجَلَّتِ الشَّمْسُ، فَقَالَ ﷺ: إِنَّ الشَّمْسَ وَالْقَمَرَ آيَتَانِ مِنْ آيَاتِ اللهِ، لَا يَخْسِفَانِ لِمَوْتِ أَحَدٍ وَلَا لِحَيَاتِهِ، فَإِذَا رَأَيْتُمْ ذَلِكَ فَاذْكُرُوا اللهَ. قَالُوا: يَا رَسُولَ اللهِ، رَأَيْنَاكَ تَنَاوَلْتَ شَيْئًا فِي مَقَامِكَ، ثُمَّ رَأَيْنَاكَ كَعْكَعْتَ؟ قَالَ ﷺ: إِنِّي رَأَيْتُ الْجَنَّةَ، فَتَنَاوَلْتُ عُنْقُودًا، وَلَوْ أَصَبْتُهُ لَأَكَلْتُمْ مِنْهُ مَا بَقِيَتِ الدُّنْيَا، وَأُرِيتُ النَّارَ، فَلَمْ أَرَ مَنْظَرًا كَالْيَوْمِ قَطُّ أَفْظَعَ، وَرَأَيْتُ أَكْثَرَ أَهْلِهَا النِّسَاءَ. قَالُوا: بِمَ يَا رَسُولَ اللهِ؟ قَالَ: بِكُفْرِهِنَّ. قِيلَ: يَكْفُرْنَ بِاللهِ؟ قَالَ: يَكْفُرْنَ الْعَشِيرَ، وَيَكْفُرْنَ الْإِحْسَانَ؛ لَوْ أَحْسَنْتَ إِلَى إِحْدَاهُنَّ الدَّهْرَ كُلَّهُ، ثُمَّ رَأَتْ مِنْكَ شَيْئًا، قَالَتْ: مَا رَأَيْتُ مِنْكَ خَيْرًا قَطُّ.,ޢަބްދު ﷲ ބިން ޢައްބާސް ރިވާ ކުރެއްވިއެވެ: ރަސޫލު ﷲ ﷺ ގެ ޒަމާނުގައި އިރުކޭތަ ހިފިއެވެ. ދެން ރަސޫލު ﷲ ﷺ (އިރުކޭތަ) ނަމާދު ކުރެއްވިއެވެ. ބަގަރާ ސޫރަތް ކިޔޭ ވަރަށް ގިނައިރު ވަންދެން ނަބިއްޔާ ތެދުވެވަޑައިގެން ހުންނެވިއެވެ. އެއަށްފަހު ވަރަށް ގިނައިރު ވަންދެން ރުކޫޢު ކުރެއްވިއެވެ. ދެން (އިޢުތިދާލުގައި) ފުރަތަމަ ފަހަރަށް ވުރެ ކުރުކޮށް ނަމަވެސް ގިނައިރު ވަންދެން ތެދުވެވަޑައިގެން ހުންނެވިއެވެ. ދެން ފުރަތަމަ ރުކޫޢަށް ވުރެ ކުރުކޮށް ނަމަވެސް ގިނައިރު ވަންދެން ރުކޫޢު ކުރެއްވިއެވެ. ދެން (ދެ ފަހަރު) ސަޖިދަ ކުރެއްވިއެވެ. އެއަށްފަހު (ދެވަނަ ރަކުޢަތުގައި) ހަމަ އެފަދައިން ފުރަތަމަ ފަހަރަށް ވުރެ ކުރުކޮށް ނަމަވެސް ގިނައިރު ވަންދެން ތެދުވެވަޑައިގަނެ ރުކޫޢުކޮށް ސަޖިދަ ކުރެއްވިއެވެ. އަދި ނަމާދުން އަވަދިވަޑައިގަތެވެ. އޭރު (ކޭތަ ނިމިގެން) އިރުފެންނަށް ހުއްޓެވެ. ދެން ނަބިއްޔާ ﷺ ޙަދީޘް ކުރެއްވިއެވެ: ”ހަމަކަށަވަރުން އިރާއި ހަނދަކީ ﷲގެ އާޔަތްތަކު ތެރެއިންވާ ދެ އާޔަތެވެ. އެއްވެސް މީހެއްގެ މަރުވުމާއި ދިރުމަކަށް އެ ދޭތި ކޭތަ ނުހިފައެވެ. ފަހެ ތިޔަބައިމީހުންނަށް އެ (ކޭތަ ހިފާ) ތަން ފެނިއްޖެ ނަމަ ﷲ ޒިކުރު ކުރާށެވެ.“ އެބައިމީހުން ދެންނެވިއެވެ: އޭ ﷲގެ ރަސޫލާއެވެ. އިބަ ނަބިއްޔާ ހުންނެވި ތަނުން އެއްޗެއް ނަންގަވަން އުޅުއްވިކަމާއި އެއަށްފަހު ފަހަތަށް ޖެހިލެއްވިތަން ތިމަންމެން ދުށީމެވެ. ނަބިއްޔާ ﷺ ޙަދީޘް ކުރެއްވިއެވެ: ”ހަމަކަށަވަރުން ތިމަން ނަބިއްޔާއަށް ސުވަރުގެ ފެނިވަޑައިގަތެވެ. ދެން (އެ ތަނުން މޭވާ) ކޯންޏެއް ނަންގަވަން އުޅުނީމުއެވެ. އަދި އެ ނެގުނު ނަމަ، ދުނިޔެ ދެމިހުރިހާ ދުވަހަކު ތިޔަބައިމީހުން އޭގެން ކެވުނީސްކަން ކަށަވަރެވެ. އަދި ތިމަން ނަބިއްޔާއަށް ނަރަކަ ދެއްކެވުނެވެ. އަދި މިއަދު ފެނުނުފަދަ ނުބައި މަންޒަރެއް ދުވަހަކުވެސް ތިމަން ނަބިއްޔާ ނުދެކެމުއެވެ. އަދި އެ ތަނުގެ އަހުލުވެރިންގެ ތެރެއިން ގިނައީ އަންހެނުންކަން ތިމަން ނަބިއްޔާ ދެކުނީމުއެވެ.“ އެބައިމީހުން ދެންނެވިއެވެ: އޭ ﷲގެ ރަސޫލާއެވެ. އެއީ ކީއްވެގެންތޯއެވެ؟ ނަބިއްޔާ ޙަދީޘް ކުރެއްވިއެވެ: އެއީ އެ ކަނބަލުން ކުފުރުވެ އުޅުމުގެ ސަބަބުންނެވެ.“ ނަބިއްޔާއަށް ދެންނެވުނެވެ: އެ ކަނބަލުން ކުފުރު ވަނީ ﷲ އަށްތޯއެވެ؟ ނަބިއްޔާ ޙަދީޘް ކުރެއްވިއެވެ: ”އެ ކަނބަލުން ކުފުރު ވަނީ ފިރިންނަށެވެ. އަދި ކުފުރު ވަނީ އިޙުސާންތެރިކަމަށެވެ. ތިބާ އެއިން އަންހެނަކަށް މުޅި އުމުރުދުވަހު އިޙުސާންތެރިވެ (އެންމެ ރަނގަޅަށް ކަންތައްކޮށްދީ) އުޅުނަކަސް، އެ ކަނބުލޭގެއަށް ތިބާގެ ކިބައިން (ނޭދެވޭ) ކަމެއް ފެނިއްޖެ ނަމަ ބުނާނެއެވެ: ދުވަހަކުވެސް ތިބާގެ ކިބައިން ހެވެއް ނުދެކެމެވެ.“,b29
صحيح البخاري,1117,"""صَلِّ قَائِمًا، فَإِنْ لَمْ تَسْتَطِعْ فَقَاعِدًا، فَإِنْ لَمْ تَسْتَطِعْ فَعَلَى جَنْبٍ""",ކޮޅަށްހުރެ ނަމާދުކުރާށެވެ. އެހެން ނުކުރެވޭ ނަމަ، އިށީނދެގެން ނަމާދުކުރާށެވެ. އެހެން ނުކުރެވޭ ނަމަ، އެއްފަރާތަށް އޮށޯވެގެން ނަމާދުކުރާށެވެ.,
صحيح البخاري,1120,كانَ النبيُّ صَلَّى اللهُ عليه وسلَّمَ إذَا قَامَ مِنَ اللَّيْلِ يَتَهَجَّدُ قالَ: اللَّهُمَّ لكَ الحَمْدُ أنْتَ قَيِّمُ السَّمَوَاتِ والأرْضِ ومَن فِيهِنَّ، ولَكَ الحَمْدُ لكَ مُلْكُ السَّمَوَاتِ والأرْضِ ومَن فِيهِنَّ، ولَكَ الحَمْدُ أنْتَ نُورُ السَّمَوَاتِ والأرْضِ ومَن فِيهِنَّ، ولَكَ الحَمْدُ أنْتَ مَلِكُ السَّمَوَاتِ والأرْضِ، ولَكَ الحَمْدُ أنْتَ الحَقُّ ووَعْدُكَ الحَقُّ، ولِقَاؤُكَ حَقٌّ، وقَوْلُكَ حَقٌّ، والجَنَّةُ حَقٌّ، والنَّارُ حَقٌّ، والنَّبِيُّونَ حَقٌّ، ومُحَمَّدٌ صَلَّى اللهُ عليه وسلَّمَ حَقٌّ، والسَّاعَةُ حَقٌّ، اللَّهُمَّ لكَ أسْلَمْتُ، وبِكَ آمَنْتُ، وعَلَيْكَ تَوَكَّلْتُ، وإلَيْكَ أنَبْتُ، وبِكَ خَاصَمْتُ، وإلَيْكَ حَاكَمْتُ، فَاغْفِرْ لي ما قَدَّمْتُ وما أخَّرْتُ، وما أسْرَرْتُ وما أعْلَنْتُ، أنْتَ المُقَدِّمُ، وأَنْتَ المُؤَخِّرُ، لا إلَهَ إلَّا أنْتَ - أوْ: لا إلَهَ غَيْرُكَ - قالَ سُفْيَانُ: وزَادَ عبدُ الكَرِيمِ أبو أُمَيَّةَ: ولَا حَوْلَ ولَا قُوَّةَ إلَّا باللَّهِ، قالَ سُفْيَانُ: قالَ سُلَيْمَانُ بنُ أبِي مُسْلِمٍ: سَمِعَهُ مِن طَاوُسٍ، عَنِ ابْنِ عَبَّاسٍ رَضِيَ اللَّهُ عنْهمَا، عَنِ النبيِّ صَلَّى اللهُ عليه وسلَّمَ.,އޭ ﷲ އެވެ. އިބަ އިލާހަށް ހަމްދުހުއްޓެވެ. އުޑުތަކާއި ބިމާއި އެ ތަންތަނުގައިވާ އެންމެހާ ތަކެތި ބެލެހެއްޓެވުމައިގެން ގާއިމުވެވޮޑިގެންވަނީ އިބަ އިލާހެވެ. އަދިވެސް އިބަ އިލާހަށް ހަމްދުހުއްޓެވެ. އުޑުތަކާއި ބިމާއި އެ ތަންތަނުގައިވާ އެންމެހާ ތަކެތީގެ ވެރިކަން އިބަ އިލާހަށް ލިބިވޮޑިގެންވެއެވެ. އަދިވެސް އިބަ އިލާހަށް ހަމްދުހުއްޓެވެ. އުޑުތަކާއި ބިމާއި އެ ތަންތަނުގައިވާ އެންމެހާ ތަކެތީގެ ނޫރަކީ އިބަ އިލާހެވެ. އަދިވެސް އިބަ އިލާހަށް ހަމްދުހުއްޓެވެ. އުޑުތަކާއި ބިމުގެ ރަސްވަންތަ އިލާހަކީ އިބަ އިލާހެވެ. އަދިވެސް އިބަ އިލާހަށް ހަމްދުހުއްޓެވެ. އިބަ އިލާހީ ހައްގެވެ. އަދި އިބަ އިލާހުގެ ވައުދުފުޅަކީ ހައްގެވެ. އަދި އިބަ އިލާހާ ބައްދަލުވުން ހައްގެވެ. އަދި އިބަ އިލާހުގެ ބަސްފުޅު ހައްގެވެ. އަދި ސުވަރުގެ ހައްގެވެ. އަދި ނަރަކަ ހައްގެވެ. އަދި ނަބިއްޔުން ހައްގެވެ. އަދި މުޙައްމަދު ﷺ ހައްގެވެ. އަދި ގިޔާމަތް ދުވަސް ހައްގެވެ. އޭ ﷲ އެވެ. އިބަ އިލާހަށް މި އަޅާ ކިޔަމަންވެއްޖައީމެވެ. އަދި އިބަ އިލާހަށް އީމާންވެއްޖައީމެވެ. އަދި އިބަ އިލާހާ ވަކީލުކޮށްފީމެވެ. އަދި އިބަ އިލާހަށް ރުޖޫއަވެއްޖައީމެވެ. އަދި އިބަ އިލާހުގެ ވާގިފުޅާއެކު ޚަސްމުންނާ ޖަދަލުކޮށްފީމެވެ. އަދި އިބަ އިލާހަށް ހުކުމްކުރުން ދޫކޮށްލައިފީމެވެ. ފަހެ މި އަޅާގެ އިސްވެދިޔަ ފާފަތަކާއި ފަހުން އަންނާނެ ފާފަތަކާއި، ސިއްރުގައި ކުރި ފާފަތަކާއި ފާޅުގައި ކުރި ފާފަތައް ފުއްސަވާދެއްވާށިއެވެ. އިބަ އިލާހީ އަލްމުގައްދިމެވެ. (އެބަހީ: އިސްކުރައްވާ އިލާހެވެ.) އަދި އިބަ އިލާހީ އަލްމުއައްޚިރެވެ. (އެބަހީ: ފަސްކުރައްވާ އިލާހެވެ.) އިބަ އިލާހު ފިޔަވާ އަޅުކަންކުރުން ހައްގުވާ އިލާހަކު ނުވެއެވެ.,
صحيح البخاري,1123,أنَّ رَسولَ اللَّهِ صَلَّى اللهُ عليه وسلَّمَ كانَ يُصَلِّي إحْدَى عَشْرَةَ رَكْعَةً، كَانَتْ تِلكَ صَلَاتَهُ يَسْجُدُ السَّجْدَةَ مِن ذلكَ قَدْرَ ما يَقْرَأُ أحَدُكُمْ خَمْسِينَ آيَةً، قَبْلَ أنْ يَرْفَعَ رَأْسَهُ,رسول الله ﷺ ސަޖިދަ ކުރައްވައި އެސަޖިދައިން، އިސްތަށިފުޅު އުފުއްލަވާލެއްވުމުގެ ކުރިން ތިޔަބައިމީހުންކުރެ މީހަކު (ކީރިތި قرآن އިން) ފަންސާސް އާޔަތް ކިޔަވާހާ އިރު އޮންނަވައެވެ.,
صحيح البخاري,1151,قَالَ: وَقَالَ عَبْدُ اللهِ بْنُ مَسْلَمَةَ، عَنْ مَالِكٍ، عَنْ هِشَامِ بْنِ عُرْوَةَ، عَنْ أَبِيهِ، عَنْ عَائِشَةَ رَضِيَ اللهُ عَنْهَا قَالَتْ: كَانَتْ عِنْدِي امْرَأَةٌ مِنْ بَنِي أَسَدٍ، فَدَخَلَ عَلَيَّ رَسُولُ اللهِ ﷺ فَقَالَ: مَنْ هَذِهِ؟. قُلْتُ: فُلَانَةُ، لَا تَنَامُ بِاللَّيْلِ، فَذُكِرَ مِنْ صَلَاتِهَا، فَقَالَ: مَهْ، عَلَيْكُمْ مَا تُطِيقُونَ مِنَ الْأَعْمَالِ، فَإِنَّ اللهَ لَا يَمَلُّ حَتَّى تَمَلُّوا.,ޢާއިޝާ رَضِيَ اللَّهُ عَنْهَا ރިވާ ކުރެއްވިއެވެ: ތިމަން ކަމަނާ އަރިހު ބަނީ އަސަދު ވަންހައިގެ އަންހެނަކު އިންނަވިކޮށް، ރަސޫލު ﷲ ﷺ ތިމަން ކަމަނާ ގާތަށް ވަދެވަޑައިގެންނެވިއެވެ. އަދި ޙަދީޘް ކުރެއްވިއެވެ: ”މިއީ ކާކުތޯއެވެ؟“ ތިމަން ކަމަނާ ދެންނެވީމެވެ: މިވެނި އަންހެނެކެވެ. އޭނާ ރޭގަނޑަކު ނުނިދައެވެ. އަދި އޭނާ (ގިނަގިނައިން) ނަމާދު ކުރާކަމަށް ނަންގަނެވުނެވެ. ދެން ނަބިއްޔާ ޙަދީޘް ކުރެއްވިއެވެ: ”ފުދިއްޖެއެވެ. ތިޔަބައިމީހުންގެ މައްޗަށް އޮތީ، ތިޔަބައިމީހުންނަށް ކުރެވޭ ވަރުގެ) އަމަލުތައް ކުރުމެވެ. އެހެނީ ހަމަކަށަވަރުން ތިޔަބައިމީހުން ފޫހިވެގެން ދިޔައެއްކަމަކު، ﷲ ނުވާހުއްޓެވެ.“,b20
صحيح البخاري,1163,إِذَا دَخَلَ أحَدُكُمُ المَسْجِدَ، فَلاَ يَجْلِسْ حتَّى يُصَلِّيَ رَكْعَتَيْنِ,އަބޫ ގަތާދާ رضي الله عنهވިދާޅުވިއެވެ. ނަބިއްޔާ ﷺޙަދީޘްކުރެއްވިއެވެ. “ތިޔަބައިމީހުންގެ ތެރެއިން މީހަކު މިސްކިތަށް ވަދެއްޖެކަމުގައިވާނަމަ، ފަހެ އޭނާ ދެ ރަކުޢަތް ކޮށްފުމަށް ދާންދެން ނުއިޝީންނަ ހުށިކަމެވެ.,
صحيح البخاري,1176,ما حَدَّثَنا أحَدٌ، أنَّه رَأَى النبيَّ صَلَّى اللهُ عليه وسلَّمَ يُصَلِّي الضُّحَى غَيْرُ أُمِّ هانِئٍ فإنَّها قالَتْ: إنَّ النبيَّ صَلَّى اللهُ عليه وسلَّمَ دَخَلَ بَيْتَها يَومَ فَتْحِ مَكَّةَ، فاغْتَسَلَ وصَلَّى ثَمانِيَ رَكَعاتٍ، فَلَمْ أرَ صَلاةً قَطُّ أخَفَّ مِنْها، غيرَ أنَّه يُتِمُّ الرُّكُوعَ والسُّجُودَ.,އުއްމު ހާނީ رضي الله عنها ރިވާ ކުރައްވާފައިވެއެވެ. މައްކާ ފަތަޙަ ކުރެވުނު ދުވަހު ނަބިއްޔާ ﷺ އެކަމަނާގެ ގެއަށް ވަޑައިގެން (ޟުޙާ ނަމާދުގައި) އަށް ރަކުޢަތްކުރެއްވިއެވެ. އަދި ރުކޫޢުއާއި ސަޖިދަ ފުރިހަމަކުރައްވައި އެއަށްވުރެ ލުއިކޮށް އެކަލޭގެފާނު އެއްވެސް ނަމާދެއް ކުރައްވަނިކޮށް ދެކެވަޑައިނުގަންނަވަމެވެ.,
صحيح البخاري,1178,أَوْصَانِي خَلِيلِي بِثَلاَثٍ لاَ أَدَعُهُنَّ حَتَّى أَمُوتَ: «صَوْمِ ثَلاَثَةِ أَيَّامٍ مِنْ كُلِّ شَهْرٍ، وَصَلاَةِ الضُّحَى، وَنَوْمٍ عَلَى وِتْرٍ,ތިމަންކަލޭގެފާނުގެ ޚަލީލު (ނަބިއްޔާ ﷺ) އަހަރެންނަށް 3 ކަމަކަށް ވަޞިއްޔަތްޕުޅު ކުރެއްވި އެވެ. އަދި ތިމަންކަލޭގެފާނު އަވަހާރަފުޅުވެއްޖައުމަށް ދާންދެން އެކަންތައް ދޫނުކޮށް ކުރައްވާނަމެވެ. އެއީ ކޮންމެ މަހެއްގައި ތިން ދުވަހު ރޯދައަށް ހުރުމަށާއި، ޟުޙާ ނަމާދު ކުރުމަށާ އަދި ނިދަން އޮށޯތުމުގެ ކުރިން ވިތުރި ނަމާދު ކުރުމަށެވެ.,
صحيح البخاري,1190,حَدَّثَنَا عَبْدُ اللهِ بْنُ يُوسُفَ قَالَ: أَخْبَرَنَا مَالِكٌ ، عَنْ زَيْدِ بْنِ رَبَاحٍ وَعُبَيْدِ اللهِ بْنِ أَبِي عَبْدِ اللهِ الْأَغَرِّ ، عَنْ أَبِي عَبْدِ اللهِ الْأَغَرِّ ، عَنْ أَبِي هُرَيْرَةَ رَضِيَ اللهُ عَنْهُ: أَنَّ النَّبِيَّ صَلَّى اللهُ عَلَيْهِ وَسَلَّمَ قَالَ: صَلَاةٌ فِي مَسْجِدِي هَذَا خَيْرٌ مِنْ أَلْفِ صَلَاةٍ فِيمَا سِوَاهُ ، إِلَّا الْمَسْجِدَ الْحَرَامَ .,"އަބޫ ހުރައިރާ رَضِيَ اللَّهُ عَنْهُ ރިވާ ކުރެއްވިއެވެ: ނަބިއްޔާ ﷺ ޙަދީޘް ކުރެއްވިއެވެ: ""ތިމަން ނަބިއްޔާގެ މި މިސްކިތްކޮޅުގައި ކުރާ ނަމާދު، އެހެން އެއްވެސް މިސްކިތެއްގައި ކުރާ އެއްހާސް ނަމާދަށް ވުރެ ހެޔޮވެގެން ވެއެވެ. އެއީ މަސްޖިލުލް ޙަރާމް ފިޔަވައެވެ.""",
صحيح البخاري,1237,"عن أبي ذر رضي الله عنه، عَنِ النَّبِيِّ ﷺ قَالَ "" أَتَانِي جِبْرِيلُ - عَلَيْهِ السَّلاَمُ - فَبَشَّرَنِي أَنَّهُ مَنْ مَاتَ مِنْ أُمَّتِكَ لاَ يُشْرِكُ بِاللَّهِ شَيْئًا دَخَلَ الْجَنَّةَ "" . قُلْتُ وَإِنْ زَنَى وَإِنْ سَرَقَ . قَالَ "" وَإِنْ زَنَى وَإِنْ سَرَقَ "" .","އަބޫ ޛައްރު ރަޟިޔަﷲ ޢަންހުގެ ކިބައިން ރިވާވެގެންވެއެވެ. ނަބިއްޔާ ﷺ ޙަދީޘްކުރެއްވިއެވެ. ""ތިމަންކަލޭގެފާނުގެ ކައިރިއަށް ޖިބްރީލު ޢަލައިހިއްސަލާމް އައިސް ތިމަންކަލޭގެފާނަށް (މި)އުފާވެރި ޚަބަރުދެއްވިއެވެ. ކަލޭގެފާނުގެ އުއްމަތުން ﷲ އާ ޝަރީކުނުކޮށް (ކުފުރުނުވާ އަމަލެއް ނުގެނެސް) މަރުވާ މީހާ ސުވަރުގެ ވަދެއްޖެއެވެ."" (ޢަބޫ ޛައްރު) ދެންނެވީމެވެ. އެމީހަކު ޒިނޭކޮށް އަދި ވައްކަންކުރިކަމުގައިވިޔަސް ހެއްޔެވެ. އެކަލޭގެފާނު ޙަދީޘްކުރެއްވިއެވެ. ""ޒިނޭކޮށް ވައްކަން ކުރިކަމުގައިވިޔަސް މެއެވެ""",
صحيح البخاري,1283,إنَّما الصَّبْرُ عِنْدَ الصَّدْمَةِ الأُولَى,ހަމަކަށަވަރުން ކެތްތެރިވުން ވަނީ މުޞީބާތުގެ ފުރަތަމަ ސިހުން ޖެހޭ ހިނދުގައެވެ.,
صحيح البخاري,1283,"حَدَّثَنَا آدَمُ: حَدَّثَنَا شُعْبَةُ: حَدَّثَنَا ثَابِتٌ ، عَنْ أَنَسِ بْنِ مَالِكٍ رَضِيَ اللهُ عَنْهُ قَالَ: مَرَّ النَّبِيُّ صَلَّى اللهُ عَلَيْهِ وَسَلَّمَ بِامْرَأَةٍ تَبْكِي عِنْدَ قَبْرٍ ، فَقَالَ: اتَّقِي اللهَ وَاصْبِرِي "". قَالَتْ: إِلَيْكَ عَنِّي ، فَإِنَّكَ لَمْ تُصَبْ بِمُصِيبَتِي. وَلَمْ تَعْرِفْهُ ، فَقِيلَ لَهَا: إِنَّهُ النَّبِيُّ صَلَّى اللهُ عَلَيْهِ وَسَلَّمَ ، فَأَتَتْ بَابَ النَّبِيِّ صَلَّى اللهُ عَلَيْهِ وَسَلَّمَ ، فَلَمْ تَجِدْ عِنْدَهُ بَوَّابِينَ ، فَقَالَتْ: لَمْ أَعْرِفْكَ. فَقَالَ: إِنَّمَا الصَّبْرُ عِنْدَ الصَّدْمَةِ الْأُولَى .","ރަސޫލުﷲ ޞައްލަﷲ ޢަލައިހި ވަސައްލަމަ ޙަދީޘްކުރެއްވިއެވެ. (( لا الصبر عند الصدمة الأولى ( - متفق عليه މާނަ: "" ކެއްތެރިވުން ވާކަން ކަށަވަރީ މުޞީބާތުގެ ކުރީކޮޅުގައެވެ."" ""އެބަހީ: ކެއްތެރިވުމުގެ ސަވާބާއި އަޖުރު ޙާޞިލުވެގެންދާ ހަގީގީ",
صحيح البخاري,1295,"حَدَّثَنَا عَبْدُ اللهِ بْنُ يُوسُفَ: أَخْبَرَنَا مَالِكٌ، عَنِ ابْنِ شِهَابٍ، عَنْ عَامِرِ بْنِ سَعْدِ بْنِ أَبِي وَقَّاصٍ، عَنْ أَبِيهِ رَضِيَ اللهُ عَنْهُ قَالَ: كَانَ رَسُولُ اللهِ ﷺ يَعُودُنِي عَامَ حَجَّةِ الْوَدَاعِ مِنْ وَجَعٍ اشْتَدَّ بِي، فَقُلْتُ: إِنِّي قَدْ بَلَغَ بِي مِنَ الْوَجَعِ، وَأَنَا ذُو مَالٍ، وَلَا يَرِثُنِي إِلَّا ابْنَةٌ، أَفَأَتَصَدَّقُ بِثُلُثَيْ مَالِي؟ قَالَ: لَا"". فَقُلْتُ: بِالشَّطْرِ؟ فَقَالَ: لَا"". ثُمَّ قَالَ: الثُّلُثُ، وَالثُّلُثُ كَبِيرٌ، أَوْ كَثِيرٌ، إِنَّكَ أَنْ تَذَرَ وَرَثَتَكَ أَغْنِيَاءَ، خَيْرٌ مِنْ أَنْ تَذَرَهُمْ عَالَةً يَتَكَفَّفُونَ النَّاسَ، وَإِنَّكَ لَنْ تُنْفِقَ نَفَقَةً تَبْتَغِي بِهَا وَجْهَ اللهِ إِلَّا أُجِرْتَ بِهَا، حَتَّى مَا تَجْعَلُ فِي فِي امْرَأَتِكَ"". فَقُلْتُ: يَا رَسُولَ اللهِ، أُخَلَّفُ بَعْدَ أَصْحَابِي؟ قَالَ: إِنَّكَ لَنْ تُخَلَّفَ فَتَعْمَلَ عَمَلًا صَالِحًا إِلَّا ازْدَدْتَ بِهِ دَرَجَةً وَرِفْعَةً، ثُمَّ لَعَلَّكَ أَنْ تُخَلَّفَ حَتَّى يَنْتَفِعَ بِكَ أَقْوَامٌ وَيُضَرَّ بِكَ آخَرُونَ، اللَّهُمَّ أَمْضِ لِأَصْحَابِي هِجْرَتَهُمْ وَلَا تَرُدَّهُمْ عَلَى أَعْقَابِهِمْ، لَكِنِ الْبَائِسُ سَعْدُ بْنُ خَوْلَةَ"". يَرْثِي لَهُ رَسُولُ اللهِ ﷺ أَنْ مَاتَ بِمَكَّةَ.",ސަޢުދު ބިން އަބީ ވައްގާޞް رَضِيَ اللَّهُ عَنْهُ ރިވާ ކުރެއްވިއެވެ: ޙައްޖަތުލް ވަދާޢުގެ އަހަރުގައި ތިމަންނަ ވަރަށް ބޮޑަށް އާލާސްކަމުގައި އިނުމުން، ރަސޫލު ﷲ ﷺ ތިމަންނައަށް ޒިޔާރާތް ކުރެއްވިއެވެ. ތިމަން ދެންނެވީމެވެ: މި އާލާސްކަމުގައި ތިމަންނަގެ ހާލު ވަރަށް ދެރަވެއްޖެއެވެ. އަދި ތިމަންނައީ މުދާވެރިއަކަށްވެފައި، އަންހެން ދަރިއަކު މެނުވީ ތިމަންނަގެ ފަރާތުން ވާރުތަ ނުކުރާނެއެވެ. ވީމާ ތިމަންނަގެ މުދަލުގެ ތިންބައި ކުޅަ ދެބައި ޞަދަގާތް ކުރަންތޯއެވެ؟ ނަބިއްޔާ ޙަދީޘް ކުރެއްވިއެވެ: ”ނޫނެކެވެ.“ ތިމަން ދެންނެވީމެވެ: ދެބައި ކުޅަ އެއްބައި ކުރަންތޯއެވެ؟ ނަބިއްޔާ ޙަދީޘް ކުރެއްވިއެވެ: ”ނޫނެކެވެ.“ ތިމަން ދެންނެވީމެވެ: ތިންބައި ކުޅަ އެއްބައި ކުރަންތޯއެވެ؟ ނަބިއްޔާ ޙަދީޘް ކުރެއްވިއެވެ: ”ތިންބައި ކުޅަ އެއްބައި (ކުރެވިދާނެއެވެ.) އަދި ތިން ބައި ކުޅަ އެއްބައިވެސް ގިނައެވެ. ހަމަކަށަވަރުން ތިބާގެ ވާރުތަވެރިން ފަގީރުކަންމަތީ އެހެން މީހުންގެ ކިބައިން ސަލާންޖަހަން ދޫކޮށްލުމަށް ވުރެ، އެބައިމީހުން ތަނަވަސްކަންމަތީ ދޫކުރުން މާ ހެޔޮވެގެންވެއެވެ. އަދި ހަމަކަށަވަރުން ﷲގެ ވަޖްހުފުޅު އަދައިގެން ތިބާ ހޭދަ ކުރާ އެއްވެސް އެއްޗަކަށް ހެޔޮ ޖަޒާ ލިބިގެން މެނުވީ ނުދާނެއެވެ. އެއީ ތިބާގެ އަނބިމީހާގެ އަނގައަށް ލަވާ ކާއެތިކޮޅަށް ދާންދެން ވެސްމެއެވެ.“ ތިމަން ދެންނެވީމެވެ: އޭ ﷲގެ ރަސޫލާއެވެ. ތިމަންނައާއެކު އުޅުނު މީހުން (މަދީނާއަށް އެނބުރި ދާއިރު، ތިމަންނަގެ އާލާސްކަމުގެ ސަބަބުން، އެ ބިމަކުން ހިޖުރަ މި ކުރި މައްކާގައި) ފަހަތުގައި ތިމަން މަޑުކުރަން ޖެހެނީތޯއެވެ؟ ނަބިއްޔާ ޙަދީޘް ކުރެއްވިއެވެ: ”ތިބާ ފަހަތުގައި މަޑުކުރަން (ޖެހުނުކަމުގައި ވިޔަސް) ހެޔޮ އަމަލެއްކޮށްފި ކަމުގައި ވާނަމަ، އެކަމުގެ ސަބަބުން ތިބާގެ ދަރަޖައާއި މަތިވެރިކަން އިތުރުވެގެން މެނުވީ ނުދާނެއެވެ. އަދި ތިބާގެ ސަބަބުން ބަޔަކަށް ފައިދާ ކުރެވިއްޖައުމަށް ދާންދެން، އަދި އަނެއް ބަޔަކަށް ގެއްލުން ލިބިއްޖައުމަށް ދާންދެން، ތިބާ ދިރިދަންމަވަފާނެއެވެ. ޔާ ﷲ އެވެ. ތިމަން ނަބިއްޔާގެ ޞަޙާބީންގެ ހިޖުރަ ފުރިހަމަ ކުރައްވާށިއެވެ. (އެބަހީ: އެކަމުގައި ސާބިތު ކުރައްވާށިއެވެ.) އަދި އެބައިމީހުން (ކުރި ހިޖުރަ ދޫކޮށް) އެނބުރި ރައްދު ނުކުރައްވާށިއެވެ. އެހެނަސް ސަޢުދު ބިން ޚައުލާއަށް ވީގޮތް ހާދަ ދެރައެވެ.“ އެކަލޭގެފާނު މައްކާގައި އަވަހާރަވީތީ ރަސޫލު ﷲ ﷺ ސަޢުދު ބިން ޚައުލާއަށް ޓަކައި ދެރަފުޅުވިއެވެ,
صحيح البخاري,1295,"""كَانَ رَسُولُ اللَّهِ صَلَّى اللهُ عَلَيْهِ وَسَلَّمَ يَعُودُنِي عَامَ حَجَّةِ الوَدَاعِ مِنْ وَجَعٍ اشْتَدَّ بِي، فَقُلْتُ: إِنِّي قَدْ بَلَغَ بِي مِنَ الوَجَعِ وَأَنَا ذُو مَالٍ، وَلاَ يَرِثُنِي إِلَّا ابْنَةٌ، أَفَأَتَصَدَّقُ بِثُلُثَيْ مَالِي؟ قَالَ: «لاَ» فَقُلْتُ: بِالشَّطْرِ؟ فَقَالَ: «لاَ» ثُمَّ قَالَ: «الثُّلُثُ وَالثُّلُثُ كَبِيرٌ - أَوْ كَثِيرٌ - إِنَّكَ أَنْ تَذَرَ وَرَثَتَكَ أَغْنِيَاءَ، خَيْرٌ مِنْ أَنْ تَذَرَهُمْ عَالَةً يَتَكَفَّفُونَ النَّاسَ ...""","(ސަޢުދު ބުނު އަބީ ވައްގާޞްގެ ކިބައިން ރަވާވެގެންވެއެވެ.) "" ތިމަންކަލޭގެފާނު ނުހަނު އާލާސްކަންފުޅާ އުޅުއްވަނިކޮށް ކީރިތި ރަސޫލާ ޞައްލަﷲ ޢަލައިހި ވަސައްލަމަ (ޙައްޖަތުލްވަދާޢުގެ އަހަރުގައި) ޒިޔާރަތްކުރެއްވިއެވެ. ތިމަަންކަލޭގެފާނު ދެންނެވީމެވެ. ""އަޅުގަނޑު މިވަނީ ވަރަށް ބޮޑަށް ބަލިވެފައެވެ. އަދި އަޅުގަނޑަކީ މުދާ ގިނަ މީހަކީމެވެ. އަޅުގަނޑުގެ އަންހެން ދަރިކަނބަލެއް ފިޔަވައި މުދަލުން ވާރުތަކުރާނޭ ފަރާތެއް ނެތެވެ. އެހެންވީމާ، އެ މުދަލުގެ ތިންބައިކޮށްފައި ދެބައިން ޞަދަގާތްކުރަންތޯއެވެ؟"" އެކަލޭގެފާނު ޙަދީޘްކުރެއްވިއެވެ. ""ނޫނެކެވެ"" ތިމަންކަލޭގެފާނު ދެންނެވީމެވެ."" މުދަލުގެ ދެބައިކުޅަ އެއްބައިން ޞަދަގާތްކުރަންތޯއެވެ؟"" އެކަލޭގެފާނު ޙަދީޘް ކުރެއްވިއެވެ. ""ނޫނެކެވެ"" ދެން ޙަދީޘްކުރެއްވިއެވެ. ""ތިންބައިކުޅަ އެއްބައިން ކުރާށެވެ ! ތިންބައިކުޅަ އެއްބަޔަކީވެސް ވަރަށް ބޮޑަށް ނުވަަތަ ވަރަށް ގިނަ މިންވަރެކެވެ. ތިބާގެ ވާރިޘުން މީސްތަކުންގެ ކައިރިޔަށް ސަލާންޖަހަން ދިޔުމަށް ދޫކޮށްފައި ދިޔުމަށްވުރެ، ފުދުންތެރި ހާލުގައި ދޫކޮށްފައި ދިޔުން މާ ހެޔޮކަން ބޮޑެވެ.""",
صحيح البخاري,1323,حَدَّثَنَا أَبُو النُّعْمَانِ: حَدَّثَنَا جَرِيرُ بْنُ حَازِمٍ قَالَ: سَمِعْتُ نَافِعًا يَقُولُ: حُدِّثَ ابْنُ عُمَرَ: أَنَّ أَبَا هُرَيْرَةَ رَضِيَ اللهُ عَنْهُمْ يَقُولُ: مَنْ تَبِعَ جِنَازَةً فَلَهُ قِيرَاطٌ فَقَالَ: أَكْثَرَ أَبُو هُرَيْرَةَ عَلَيْنَا.,އަބޫ ހުރައިރާ رَضِيَ اللَّهُ عَنْهُ (މިފަދައިން) ވިދާޅުވާ ކަމަށް އިބްނު ޢުމަރު ގާތު ދެންނެވުނެވެ: ޖަނާޒާއެއްގެ ފަހަތުން ގޮއްސި މީހަކަށް ގީރާޠެއްގެ ސަވާބު ލިބިގެންވެއެވެ. އިބްނު ޢުމަރު ދެންނެވިއެވެ: ތިމަންމެންނަށް އަބޫ ހުރައިރާ އެ ދައްކަވަނީ ހާދަހައި ބޮޑު ސަވާބެއްގެ ވާހަކައެކެވެ.,b47
صحيح البخاري,1324,فَصَدَّقَتْ، يَعْنِي عَائِشَةَ، أَبَا هُرَيْرَةَ، وَقَالَتْ: سَمِعْتُ رَسُولَ اللهِ ﷺ يَقُولُهُ: فَقَالَ ابْنُ عُمَرَ رَضِيَ اللهُ عَنْهُمَا: لَقَدْ فَرَّطْنَا فِي قَرَارِيطَ كَثِيرَةٍ. فَرَّطْتُ: ضَيَّعْتُ مِنْ أَمْرِ اللهِ.,ދެން އަބޫ ހުރައިރާ (ކުރިން ދެއްކެވި ވާހަކަ) ޢާއިޝާ ތެދުކުރެއްވިއެވެ. އަދި އެ ކަމަނާ ދެންނެވިއެވެ: ރަސޫލު ﷲ ﷺ އެފަދައިން ޙަދީޘް ކުރައްވަނިކޮށް ތިމަން ކަމަނާ އަޑު އެހީމެވެ. ދެން އިބްނު ޢުމަރު رَضِيَ اللَّهُ عَنْهُمَا ދެންނެވިއެވެ: ވަރަށް ގިނަ ގީރާތުގެ (ސަވާބު) ތިމަންމެން ފަރުވާކުޑަ ކުރެވި ގެއްލުވާލެވިއްޖެކަން ކަށަވަރެވެ. (އިމާމު ބުޚާރީ ވިދާޅުވިއެވެ:) ފަރުވާކުޑަ ކުރެވުނޭ ބުނާ ބަހުގެ މާނައަކީ: ﷲ އަށް އަދާ ކުރެވޭ ކަންތައްތަކުގައި ނުކޮށް ދޫކޮށްލެވިއްޖެއެވެ.,b47
صحيح البخاري,1325,حَدَّثَنَا عَبْدُ اللهِ بْنُ مَسْلَمَةَ قَالَ قَرَأْتُ عَلَى ابْنِ أَبِي ذِئْبٍ، عَنْ سَعِيدِ بْنِ أَبِي سَعِيدٍ الْمَقْبُرِيِّ، عَنْ أَبِيهِ أَنَّهُ سَأَلَ أَبَا هُرَيْرَةَ رَضِيَ اللهُ عَنْهُ فَقَالَ: سَمِعْتُ النَّبِيَّ ﷺ. حَدَّثَنَا أَحْمَدُ بْنُ شَبِيبِ بْنِ سَعِيدٍ قَالَ: حَدَّثَنِي أَبِي: حَدَّثَنَا يُونُسُ: قَالَ ابْنُ شِهَابٍ: وَحَدَّثَنِي عَبْدُ الرَّحْمَنِ الْأَعْرَجُ: أَنَّ أَبَا هُرَيْرَةَ رَضِيَ اللهُ عَنْهُ قَالَ: قَالَ رَسُولُ اللهِ ﷺ: مَنْ شَهِدَ الْجِنَازَةَ حَتَّى يُصَلِّيَ فَلَهُ قِيرَاطٌ، وَمَنْ شَهِدَ حَتَّى تُدْفَنَ كَانَ لَهُ قِيرَاطَانِ. قِيلَ: وَمَا الْقِيرَاطَانِ؟ قَالَ: مِثْلُ الْجَبَلَيْنِ الْعَظِيمَيْنِ.,އަބޫ ހުރައިރާ رَضِيَ اللَّهُ عَنْهُ ރިވާ ކުރެއްވިއެވެ: ރަސޫލު ﷲ ﷺ ޙަދީޘް ކުރެއްވިއެވެ: ”ޖަނާޒާއެއްގައި ނަމާދު ކުރުމަށް ދާންދެން އޭގައި ބައިވެރިވެއްޖެ މީހަކަށް ގީރާޠެއްގެ ސަވާބު ލިބިގެންވެއެވެ. އަދި އެ (މައްޔިތާ) ވަޅުލުމަށް ދާންދެން ބައިވެރިވެއްޖެ މީހަކަށް ދެ ގީރާޠް ލިބިގެންވެއެވެ.“ ނަބިއްޔާއަށް ދެންނެވުނެވެ: ދެ ގީރާޠަކީ ކިހާވަރެއްތޯއެވެ؟ ނަބިއްޔާ ޙާދީޘް ކުރެއްވިއެވެ: ”ބޮޑު ދެ ފަރުބަދައާ އެއްވަރުވެގެން ވެއެވެ.“,b47
صحيح البخاري,1347,"عَنْ جَابِرِ بْنِ عَبْدِ اللَّهِ ـ رضى الله عنهما ـ أَنَّ رَسُولَ اللَّهِ ﷺ كَانَ يَجْمَعُ بَيْنَ الرَّجُلَيْنِ مِنْ قَتْلَى أُحُدٍ فِي ثَوْبٍ وَاحِدٍ ثُمَّ يَقُولُ "" أَيُّهُمْ أَكْثَرُ أَخْذًا لِلْقُرْآنِ "". فَإِذَا أُشِيرَ لَهُ إِلَى أَحَدِهِمَا قَدَّمَهُ فِي اللَّحْدِ وَقَالَ "" أَنَا شَهِيدٌ عَلَى هَؤُلاَءِ "". وَأَمَرَ بِدَفْنِهِمْ بِدِمَائِهِمْ، وَلَمْ يُصَلِّ عَلَيْهِمْ وَلَمْ يُغَسِّلْهُمْ. وَأَخْبَرَنَا الأَوْزَاعِيُّ، عَنِ الزُّهْرِيِّ، عَنْ جَابِرِ بْنِ عَبْدِ اللَّهِ ـ رضى الله عنهما ـ كَانَ رَسُولُ اللَّهِ ﷺ يَقُولُ لِقَتْلَى أُحُدٍ "" أَىُّ هَؤُلاَءِ أَكْثَرُ أَخْذًا لِلْقُرْآنِ "". فَإِذَا أُشِيرَ لَهُ إِلَى رَجُلٍ قَدَّمَهُ فِي اللَّحْدِ قَبْلَ صَاحِبِهِ. وَقَالَ جَابِرٌ فَكُفِّنَ أَبِي وَعَمِّي فِي نَمِرَةٍ وَاحِدَةٍ.",އަޞްޙާބު ބޭކަލުންގެ ތެރެއިން ބޭފުޅުން ކޮޅެއް އެބޭފުޅުންގެ ތެރެއިން ޝަހީދުވެވަޑައިގެންފައިވާ ބޭފުޅުން އަލްމަދީނާއަށް ގެންދެވިއެވެ. ފަހެ އެ ބޭފުޅުން އަބުރާ ގެންނެވުމަށާއި އެބޭފުޅުން ވަޅުލެއްވުމަށް ހަމަޖެހިފައިވާ ތާގައި ވަޅުލެއްވުމަށް އަމުރު ކުރެއްވިއެވެ. އަދި ނުހިނެވުމަށްވެސްމެއެވެ. އަދި އެބޭފުޅުން ތުރުކުރައްވައިގެން ތިއްބެވި ދަގަޑު ހެދުމާއި، ހަމުގެ ފޭރާން ބޭލެއްވުމަށްފަހު އެބޭފުޅަކު ލައްވައިގެން ހުރިފޭރާމެއްގައި ފަސްދާނު ވެޑުވުމަށެވެ. އެއްކައްވަޅެއްގައި ދެބޭފުޅުން ނުވަތަ ތިންބޭފުޅުން ވަޅުފުޅު ލެއްވުމަށެވެ. އަދި އެއްފޭރާމެއްގައި ދެބޭފުޅުން ޖަމަޢަކުރެއްވުމަށެވެ. އަދި އިތުރުއެކަލޭގެފާނު ޙަދީޘުކުރައްވައެވެ. އެބޭފުޅުންގެ ތެރެއިން އެންނެބޮޑަށް ކީރިތިގުރުއާން ދަސްފުޅުކުރައްވާފައިވަނީ ކޮންބޭފުޅެއްތޯ ބައްލަވާށެވެ؟ ފަހެ ކައްވަޅުގައި އެބޭފުޅަކު އިސްކުރައްވާށެވެ! އަދި އެކަލޭގެފާނު ޙަދީޘުފުޅު ކުރެއްވިއެވެ. ގިޔާމަތްދުވަހުން މިއެންމެބޭފުޅުންނަކީ ޝަހީދުންކަމަށް ތިމަންކަލޭގެފާނު ހެކިވެވަޑައި ގަންނަވާނަމެވެ. އަދި އެއްވަޅެއްގައި عبد الله بن عمروبن حرام އާއިعمروبن الجموح ވަޅުފުޅުލެއްވިއެވެ. އެއީ އެދެބޭކަލުންގެ ދެމެދުގައި އޮންނަލޯތްބާއި، އެކުވެރިންކަމުގެބޮޑުކަމުންނެވެ.,
صحيح البخاري,1377,"كَانَ رَسُولُ اللَّهِ صلى الله عليه وسلم يَدْعُو ‏ ""‏ اللَّهُمَّ إِنِّي أَعُوذُ بِكَ مِنْ عَذَابِ الْقَبْرِ، وَمِنْ عَذَابِ النَّارِ، وَمِنْ فِتْنَةِ الْمَحْيَا وَالْمَمَاتِ، وَمِنْ فِتْنَةِ الْمَسِيحِ الدَّجَّالِ ‏""‏‏.‏",އޭ ﷲ އެވެ. ހަމަކަށަވަރުން ނަރަކައިގެ އަޒާބުންނާއި، ގަބުރުގެ އަޒާބުންނާއި، ދިރިހުރުމާއި މަރުވުމުގެ ފިތުނައިންނާއި، މަސީޙުއް ދައްޖާލުގެ ފިތުނައިގެ ނުބައިކަމުން، މި އަޅާ އިބަ އިލާހުގެ ހަޒްރަތުން ރައްކާތެރިކަން އެދެމެވެ.,
صحيح البخاري,1377,اللَّهُمَّ إنِّي أعُوذُ بكَ مِن عَذَابِ القَبْرِ، ومِنْ عَذَابِ النَّارِ، ومِنْ فِتْنَةِ المَحْيَا والمَمَاتِ، ومِنْ فِتْنَةِ المَسِيحِ الدَّجَّالِ.,ީ: ''އޭ ﷲ ! ނަރަކައިގެ ޢަޛާބުން، ހަމަ ކަށަވަރުން މި އަޅާ އިބަ ރަސްކަލާނގެ ރައްކާތެރި ކަމަށް އެދެވެ. އަދި ކަށްވަޅުގެ ޢަޛާބުންނެވެ. އަދި ދިރި ހުރުމާއި މަރު ގައި ދިމާވާ ފިތުނައިންނެވެ. އަދި މަސީޙުއް ދައްޖާލުގެ ފިތުނައިގެ ނުބައިކަމުންނެވެ.'',
صحيح البخاري,1385,حَدَّثَنَا آدَمُ: حَدَّثَنَا ابْنُ أَبِي ذِئْبٍ، عَنِ الزُّهْرِيِّ، عَنْ أَبِي سَلَمَةَ بْنِ عَبْدِ الرَّحْمَنِ، عَنْ أَبِي هُرَيْرَةَ رَضِيَ اللهُ عَنْهُ قَالَ: قَالَ النَّبِيُّ ﷺ: كُلُّ مَوْلُودٍ يُولَدُ عَلَى الْفِطْرَةِ، فَأَبَوَاهُ يُهَوِّدَانِهِ، أَوْ يُنَصِّرَانِهِ، أَوْ يُمَجِّسَانِهِ، كَمَثَلِ الْبَهِيمَةِ تُنْتَجُ الْبَهِيمَةَ، هَلْ تَرَى فِيهَا جَدْعَاءَ.,އަބޫ ހުރައިރާ رَضِيَ اللَّهُ عَنْهُ ރިވާ ކުރެއްވިއެވެ: ރަސޫލު ﷲ ﷺ ޙަދީޘް ކުރެއްވިއެވެ: ”ކޮންމެ ކުއްޖަކު ވެސް އުފަންވަނީ ފިތުރަތުގެ މަތީގައެވެ. ދެން އެ ކުއްޖަކު ޔަހޫދީއަކަށް، ނުވަތަ ނަޞްރާނީއަކަށް، ނުވަތަ މަޖޫސީއަކަށް ހަދަނީ އެ ކުއްޖެއްގެ މައިންބަފައިންނެވެ. އެއީ ޖަނަވާރަކު އެހެން ޖަނަވާރެއް ވިހާ ފަދައިންނެވެ. އެ ވިހާ ޖަނަވާރުގެ އެއްވެސް ތަނެއް ކެނޑިފައިހުއްޓައި ތިޔަބައިމީހުންނަށް ފެނޭތޯއެވެ؟“,
صحيح البخاري,1385,حَدَّثَنَا آدَمُ: حَدَّثَنَا ابْنُ أَبِي ذِئْبٍ ، عَنِ الزُّهْرِيِّ ، عَنْ أَبِي سَلَمَةَ بْنِ عَبْدِ الرَّحْمَنِ ، عَنْ أَبِي هُرَيْرَةَ رَضِيَ اللهُ عَنْهُ قَالَ: قَالَ النَّبِيُّ صَلَّى اللهُ عَلَيْهِ وَسَلَّمَ: كُلُّ مَوْلُودٍ يُولَدُ عَلَى الْفِطْرَةِ ، فَأَبَوَاهُ يُهَوِّدَانِهِ ، أَوْ يُنَصِّرَانِهِ ، أَوْ يُمَجِّسَانِهِ ، كَمَثَلِ الْبَهِيمَةِ تُنْتَجُ الْبَهِيمَةَ ، هَلْ تَرَى فِيهَا جَدْعَاءَ .,كلّ مولود يولد على الفطرة فأبواه يهوِّدانه أو ينصّرانه أو يمجّسانه (متفق عليه) މިޙަދީޘްގެ މާނައަކީ، ކޮންމެ އިންސާނަކުވެސް ދުނިޔެއަށް އުފަންވަނީ ފިޠްރަތުގެ ސާފުކަންމަތީގައެވެ. އޭނާ ޔަހޫދީއަކަށް ހަދަނީ، ނުވަތަ ނަޞާރާއަކަށް ހަދަނީ، ނުވަތަ މަޖޫސީއަކަށް ހަދަނީ އޭނާގެ މައިންބަފައިންނެވެ. މިއެވެ.,
صحيح البخاري,1442,"""عَنْ أَبِي هُرَيْرَةَ رَضِيَ اللَّهُ عَنْهُ، أَنَّ النَّبِيَّ صَلَّى اللهُ عَلَيْهِ وَسَلَّمَ قَالَ: "" مَا مِنْ يَوْمٍ يُصْبِحُ العِبَادُ فِيهِ، إِلَّا مَلَكَانِ يَنْزِلاَنِ، فَيَقُولُ أَحَدُهُمَا: اللَّهُمَّ أَعْطِ مُنْفِقًا خَلَفًا، وَيَقُولُ الآخَرُ: اللَّهُمَّ أَعْطِ مُمْسِكًا تَلَفًا ""","""އަބޫ ހުރައިރާ ރަޟިޔާﷲ ޢަންހުގެ ކިބައިން ރިވާވެގެންވެއެވެ. ނަބިއްޔާ ޞައްލަﷲ ޢަލައިހި ވަސައްލަމަ ޙަދީޘް ކުރެއްވިއެވެ. ""މީސްތަކުންގެ މައްޗަށް އިރު އަރާ ކޮންމެ ދުވަހަކު ދެ މަލާއިކަތަކު ފައިބައިވަޑައިގަންނަވާނެއެވެ. އެތަނުން އެކަކު ދަންނަވާނެއެވެ. ""އޭ ﷲ އެވެ. ހޭދަކުރާ މީހާއަށް ނަފާ ދެއްވައި ފާނދޭވެ. (އަނެކަކު ދަންނަވާނެއެވެ.) އަދި ދަހި މީހާއަށް ގެއްލުން މިންވަރު ކުރައްވައި ފާނދޭވެއެވެ.""",
صحيح البخاري,1454,"""هَذِهِ فَرِيضَةُ الصَّدَقَةِ الَّتِي فَرَضَ رَسُولُ اللَّهِ صَلَّى اللهُ عَلَيْهِ وَسَلَّمَ عَلَى المُسْلِمِينَ""",""" މިއީ ޞަދަގާތުގެ (އެބަހީ ޒަކާތުގެ) ފަރީޟާއެވެ. މިޒަކާތް ﷲގެ ރަސޫލާ ޞައްލަﷲ ޢަލައިހި ވަސައްލަމަ މުސްލިމުންގެ މައްޗަށް ފަރުޟުކުރެއްވިއެވެ.""",
صحيح البخاري,1469,عَنْ أَبِي سَعِيدٍ الْخُدْرِيِّ رَضِيَ اللَّهُ عَنْهُ قال : قال رسول اللَّهِ صَلَّى اللَّهُ عَلَيْهِ وَسَلَّمَ : ( مَنْ يَتَصَبَّرْ يُصَبِّرْهُ اللَّهُ ، وَمَا أُعْطِيَ أَحَدٌ عَطَاءً خَيْرًا وَأَوْسَعَ مِنْ الصَّبْرِ ) .,"އަބޫ ސައީދުލް ޚުދްރީ ރަޟިޔަﷲ ޢަންހުގެ އަރިހުން ރިވާވެގެންވެއެވެ. ރަސޫލުﷲ ﷺ ޙަދީޘްކުރެއްވިއެވެ. ""ކެތްތެރިވާ މީހާގެ މައްޗަށް ﷲ ކެތްތެރިކަން ލައްވަވާނެއެވެ. އަދި އެއްވެސް މީހަކަށް ކެތްތެރިކަމަށް ވުރެ ހެޔޮވެގެންވާ އަދި ތަނަވަސް ވެގެންވާ އެއްވެސް ކަމެއް ނުދެއްވެވެއެވެ""",
صحيح البخاري,1478,حَدَّثَنَا مُحَمَّدُ بْنُ غُرَيْرٍ الزُّهْرِيُّ: حَدَّثَنَا يَعْقُوبُ بْنُ إِبْرَاهِيمَ، عَنْ أَبِيهِ، عَنْ صَالِحِ بْنِ كَيْسَانَ، عَنِ ابْنِ شِهَابٍ قَالَ: أَخْبَرَنِي عَامِرُ بْنُ سَعْدٍ، عَنْ أَبِيهِ قَالَ: أَعْطَى رَسُولُ اللهِ ﷺ رَهْطًا وَأَنَا جَالِسٌ فِيهِمْ، قَالَ: فَتَرَكَ رَسُولُ اللهِ ﷺ مِنْهُمْ رَجُلًا لَمْ يُعْطِهِ، وَهُوَ أَعْجَبُهُمْ إِلَيَّ، فَقُمْتُ إِلَى رَسُولِ اللهِ ﷺ فَسَارَرْتُهُ، فَقُلْتُ: مَا لَكَ عَنْ فُلَانٍ، وَاللهِ إِنِّي لَأَرَاهُ مُؤْمِنًا؟ قَالَ: أَوْ مُسْلِمًا. قَالَ: فَسَكَتُّ قَلِيلًا، ثُمَّ غَلَبَنِي مَا أَعْلَمُ فِيهِ، فَقُلْتُ: يَا رَسُولَ اللهِ، مَا لَكَ عَنْ فُلَانٍ، وَاللهِ إِنِّي لَأَرَاهُ مُؤْمِنًا؟ أَوْ قَالَ: مُسْلِمًا. قَالَ: فَسَكَتُّ قَلِيلًا، ثُمَّ غَلَبَنِي مَا أَعْلَمُ فِيهِ، فَقُلْتُ: يَا رَسُولَ اللهِ، مَا لَكَ عَنْ فُلَانٍ، وَاللهِ إِنِّي لَأَرَاهُ مُؤْمِنًا، أَوْ قَالَ: مُسْلِمًا. يَعْنِي: فَقَالَ: إِنِّي لَأُعْطِي الرَّجُلَ، وَغَيْرُهُ أَحَبُّ إِلَيَّ مِنْهُ، خَشْيَةَ أَنْ يُكَبَّ فِي النَّارِ عَلَى وَجْهِهِ. وَعَنْ أَبِيهِ، عَنْ صَالِحٍ، عَنْ إِسْمَاعِيلَ بْنِ مُحَمَّدٍ أَنَّهُ قَالَ: سَمِعْتُ أَبِي يُحَدِّثُ هَذَا، فَقَالَ فِي حَدِيثِهِ: فَضَرَبَ رَسُولُ اللهِ ﷺ بِيَدِهِ، فَجَمَعَ بَيْنَ عُنُقِي وَكَتِفِي، ثُمَّ قَالَ: أَقْبِلْ أَيْ سَعْدُ، إِنِّي لَأُعْطِي الرَّجُلَ. قَالَ أَبُو عَبْدِ اللهِ: { فَكُبْكِبُوا } قُلِبُوا. { مُكِبًّا } أَكَبَّ الرَّجُلُ إِذَا كَانَ فِعْلُهُ غَيْرَ وَاقِعٍ عَلَى أَحَدٍ، فَإِذَا وَقَعَ الْفِعْلُ، قُلْتَ: كَبَّهُ اللهُ لِوَجْهِهِ، وَكَبَبْتُهُ أَنَا.,ސަޢުދު ބިން އަބީ ވައްގާޞް ރިވާ ކުރެއްވިއެވެ: ތިމަން އެ ތަނެއްގައި އިށީންދެ އިންނަވަނިކޮށް ރަސޫލު ﷲ ﷺ ބަޔަކަށް މުދާ ބެއްސެވިއެވެ. އަދި އޭގެ ތެރެއިން އެންމެ ރަނގަޅުކަމަށް ތިމަން ދެކުނު މީހާއަށް ރަސޫލު ﷲ ﷺ އެއްޗެއް ނުދެއްވައެވެ. ވީމާ ތިމަން ދެންނެވީމެވެ: އޭ ﷲގެ ރަސޫލާއެވެ. އިބަ ނަބިއްޔާ މިވެނި މީހަކަށް ނުދެއްވީ ކީއްވެތޯއެވެ؟ އެހެނީ ﷲ ގަންދީ ބުނަމަވެ. ހަމަކަށަވަރުން އެއީ (ފުރިހަމަ) މުއުމިނަކު ކަމުގައި ތިމަން ދެކެމުއެވެ. ނަބިއްޔާ ޙަދީޘް ކުރެއްވިއެވެ: ”ނުވަތަ (އެއީ ހަމައެކަނި) މުސްލިމެކެވެ.“ ދެން އިރުކޮޅަކު ތިމަން ހަނު ހުންނެވީމެވެ. އެއަށްފަހު އެ މީހާގެ ފަރާތުން އެނގިފަހުރި (ރަނގަޅު) ކަންކަމުގެ (ހަނދާންތައް) ތިމަންނަގެ މައްޗަށް ވެރިވެގަނެ، އަނެއްކާ ވެސް ތިމަންނަގެ ވާހަކަ ތަކުރާރުކޮށް ދެންނެވީމެވެ: އޭ ﷲގެ ރަސޫލާއެވެ. އިބަ ނަބިއްޔާ މިވެނި މީހަކަށް ނުދެއްވީ ކީއްވެތޯއެވެ؟ އެހެނީ ﷲ ގަންދީ ބުނަމަވެ. ހަމަކަށަވަރުން އެއީ (ފުރިހަމަ) މުއުމިނަކު ކަމުގައި ތިމަން ދެކެމުއެވެ. ނަބިއްޔާ ޙަދީޘް ކުރެއްވިއެވެ: ”ނުވަތަ (އެއީ ހަމައެކަނި) މުސްލިމެކެވެ.“ ދެން އިރުކޮޅަކު ތިމަން ހަނު ހުންނެވީމެވެ. އެއަށްފަހު އެ މީހާގެ ފަރާތުން އެނގިފަހުރި (ރަނގަޅު) ކަންކަމުގެ (ހަނދާންތައް) ތިމަންނަގެ މައްޗަށް ވެރިވެގަނެ، އަނެއްކާ ވެސް ތިމަންނަގެ ވާހަކަ ތަކުރާރުކޮށް ދެންނެވީމެވެ: އޭ ﷲގެ ރަސޫލާއެވެ. އިބަ ނަބިއްޔާ މިވެނި މީހަކަށް ނުދެއްވީ ކީއްވެތޯއެވެ؟ އެހެނީ ﷲ ގަންދީ ބުނަމަވެ. ހަމަކަށަވަރުން އެއީ (ފުރިހަމަ) މުއުމިނަކު ކަމުގައި ތިމަން ދެކެމުއެވެ. ނަބިއްޔާ ޙަދީޘް ކުރެއްވިއެވެ: ”ނުވަތަ (އެއީ ހަމައެކަނި) މުސްލިމެކެވެ.“ (ނޯޓު: އެފަދައިން ޙަދީޘް ކުރެއްވި ސަބަބަކީ، ވަކި މީހަކީ ފުރިހަމަ މުއުމިނެއްކަމަށް ދައުވާ ކުރަން އަވަސްވެ ނުގަތުމަށް އިރުޝާދު ދެއްވުމަށެވެ.) އެއަށްފަހު ޙަދީޘް ކުރެއްވިއެވެ: ”(އީމާންކަން ބަލިކަށި) މީހަކަށް ތިމަން ނަބިއްޔާ އެއްޗެއް ދެއްވާފާނެއެވެ. އެއީ ތިމަން ނަބިއްޔާއަށް މާ ލޮބުވެތިކަން ބޮޑު (އީމާންކަން ވަރުގަދަ) މީހަކު ހުއްޓައި ވެސްމެއެވެ. އެއީ (އީމާންކަން ބަލިކަށި މީހާގެ ހިތް އެކުވެރި ކުރުމުގެ ގޮތުން އޭނާއަށް އެއްޗެއް ނުދީފި ނަމަ، އޭނާ ކާފަރުވެ) އޭނާ މޫނުވަތައް ނަރަކައަށް އެއްލައިލަފާނެކަމުގެ ބިރަށްޓަކައެވެ.“,b27
صحيح البخاري,1496,"""قَالَ رَسُولُ اللَّهِ صَلَّى اللهُ عَلَيْهِ وَسَلَّمَ لِمُعَاذِ بْنِ جَبَلٍ حِينَ بَعَثَهُ إِلَى اليَمَنِ: «إِنَّكَ سَتَأْتِي قَوْمًا أَهْلَ كِتَابٍ، فَإِذَا جِئْتَهُمْ، فَادْعُهُمْ إِلَى أَنْ يَشْهَدُوا أَنْ لاَ إِلَهَ إِلَّا اللَّهُ، وَأَنَّ مُحَمَّدًا رَسُولُ اللَّهِ، فَإِنْ هُمْ أَطَاعُوا لَكَ بِذَلِكَ، فَأَخْبِرْهُمْ أَنَّ اللَّهَ قَدْ فَرَضَ عَلَيْهِمْ خَمْسَ صَلَوَاتٍ فِي كُلِّ يَوْمٍ وَلَيْلَةٍ، فَإِنْ هُمْ أَطَاعُوا لَكَ بِذَلِكَ، فَأَخْبِرْهُمْ أَنَّ اللَّهَ قَدْ فَرَضَ عَلَيْهِمْ صَدَقَةً تُؤْخَذُ مِنْ أَغْنِيَائِهِمْ فَتُرَدُّ عَلَى فُقَرَائِهِمْ، فَإِنْ هُمْ أَطَاعُوا لَكَ بِذَلِكَ، فَإِيَّاكَ وَكَرَائِمَ أَمْوَالِهِمْ وَاتَّقِ دَعْوَةَ المَظْلُومِ، فَإِنَّهُ لَيْسَ بَيْنَهُ وَبَيْنَ اللَّهِ حِجَابٌ»""","""ރަސޫލާ ޞައްލަﷲ ޢަލައިހި ވަސައްލަމަ މުޢާޛް ބުން ޖަބަލް ޔަމަނަށް ފޮނުވަމުން އެކަލޭގެފާނަށް ޙަދީޘްކުރެއްވިއެވެ. ""ހަމަކަށަވަރުން ކަލޭގެފާނު ތިޔަވަޑައިގަންނަވަނީ އަހުލު ކިތާބީންގެ ގާތަށެވެ. އެބައިމީހުންގެ ގާތަށް ދެވުމާއިއެކު (އެންމެ ފުރަތަމަ) ﷲމެނުވީ ޙައްގުވެގެން އަޅުކަންވެވޭ އިލާހަކު ނުޥާކަމަށް ހެކިވުމަށް އެބައިމީހުންނަށް ގޮވާލާށެވެ. !އަދި މުޙައްމަދުގެފާނީ ﷲގެ ރަސޫލާކަމަށް ހެކިވުމަށް ގޮވާލާށެވެ! މިކަންތައްތައްތަކަށް އީމާންވެ ކަލޭގެފާނާއި ތަބާވެއްޖެކަމުގައިވާނަމަ ދެން އެބައިމީހުންގެ މައްޗަށް ކޮންމެ ދުވާލަކާއި ރެއަކު ފަސް ނަމާދު ކުރުން ފަރުޟުކުރައްވާފައިވާ ކަން ބަޔާންކުރާށެވެ! މިކަން ގަބޫލުކޮށް ކިޔަމަންތެރިކަން އަދާކޮށްފިނަމަ، އެބައިމީހުންގެ މުއްސަދީންގެ މުދަލުގެ ތެރެއިން އެބައިމީހުންގެ ފަގީރުންނަށް ދިނުމަށް ޒަކާތް ފަރުޟުކުރައްވާފައިވާކަން އަންގާށެވެ! ފަހެ ކަލޭގެފާނަށް އެބައިމީހުން ކިޔަމަންގެންފިކަމުގައިވާނަމަ އެމީހުންގެ އަގުހުރި މުދާތަކަށް ރައްކާތެރިވާށެވެ! އަދި އަނިޔާ ލިބެމުންދާ މީހުންގެ ދުއާއިންވެސް ރައްކާތެރިވާށެވެ! އެބައިމީހުންގެ ދުއާއާއި ﷲއާއި ދެމެދު އެއްވެސް ހުރަހެއް ނުވެއެވެ. """,
صحيح البخاري,1519,حَدَّثَنَا عَبْدُ الْعَزِيزِ بْنُ عَبْدِ اللهِ: حَدَّثَنَا إِبْرَاهِيمُ بْنُ سَعْدٍ، عَنِ الزُّهْرِيِّ، عَنْ سَعِيدِ بْنِ الْمُسَيِّبِ، عَنْ أَبِي هُرَيْرَةَ رَضِيَ اللهُ عَنْهُ قَالَ: سُئِلَ النَّبِيُّ ﷺ: أَيُّ الْأَعْمَالِ أَفْضَلُ؟ قَالَ: إِيمَانٌ بِاللهِ وَرَسُولِهِ. قِيلَ: ثُمَّ مَاذَا؟ قَالَ: جِهَادٌ فِي سَبِيلِ اللهِ. قِيلَ: ثُمَّ مَاذَا؟ قَالَ: حَجٌّ مَبْرُورٌ.,އަބޫ ހުރައިރާ رَضِيَ اللَّهُ عَنْهُ ރިވާ ކުރެއްވިއެވެ: ނަބިއްޔާ ﷺ އަށް ސުވާލު ކުރެއްވުނެވެ: އެންމެ ހެޔޮވެގެންވާ އަމަލަކީ ކޮބައިތޯއެވެ؟ ނަބިއްޔާ ޙަދީޘް ކުރެއްވިއެވެ: ”ﷲ އާއި އެ އިލާހުގެ ރަސޫލާއަށް އީމާންވުމެވެ.“ ދެންނެވުނެވެ: އެއަށްފަހު ކޮންކަމެއްތޯއެވެ؟ ނަބިއްޔާ ޙަދީޘް ކުރެއްވިއެވެ: ”ﷲގެ މަގުގައި ޖިހާދު ކުރުމެވެ.“ ދެންނެވުނެވެ: އެއަށްފަހު ކޮންކަމެއްތޯއެވެ؟ ނަބިއްޔާ ޙަދީޘް ކުރެއްވިއެވެ: ”ގަބޫލު ކުރެވިގެންވާ ފުރިހަމަ ޙައްޖެވެ.“,b26
صحيح البخاري,1519,"""عَنْ أَبِي هُرَيْرَةَ رَضِيَ اللَّهُ عَنْهُ، قَالَ: سُئِلَ النَّبِيُّ صَلَّى اللهُ عَلَيْهِ وَسَلَّمَ أَيُّ الأَعْمَالِ أَفْضَلُ؟ قَالَ: «إِيمَانٌ بِاللَّهِ وَرَسُولِهِ» قِيلَ: ثُمَّ مَاذَا؟ قَالَ: «جِهَادٌ فِي سَبِيلِ اللَّهِ»""","""އަބޫ ހުރައިރާ ރަޟިޔަﷲ ޢަންހުގެ ކިބައިން ރިވާވެގެންވެއެވެ. އެކަލޭގެފާނު ވިދާޅުވިއެވެ. ނައްބިޔާ ޞައްލަﷲ ޢަލައިހި ވަސައްލަމައާއި އަރިހުން ސުވާލު ދެންނެވުނެވެ. ""އެންމެ އިތުރުކަން ބޮޑީ ކޮން އަމަލެއް ހެއްޔެވެ؟"" އެކަލޭގެފާނު ޙަދީޘް ކުރެއްވިއެވެ. ""ﷲއަށާއި އެކަލާނގެ ރަސޫލާއަށް އީމާންވުމެވެ."" ދެންނެވުނެވެ. ""ދެން ކޮން ކަމެއްތޯއެވެ."" ޙަދީޘްކުރެއްވިއެވެ. ""ﷲގެ މަގުގައި ޖިހާދުކުރުމެވެ.""",
صحيح البخاري,1597,حَدَّثَنَا مُحَمَّدُ بْنُ كَثِيرٍ: أَخْبَرَنَا سُفْيَانُ، عَنِ الْأَعْمَشِ، عَنْ إِبْرَاهِيمَ، عَنْ عَابِسِ بْنِ رَبِيعَةَ، عَنْ عُمَرَ رَضِيَ اللهُ عَنْهُ: أَنَّهُ جَاءَ إِلَى الْحَجَرِ الْأَسْوَدِ فَقَبَّلَهُ، فَقَالَ: إِنِّي أَعْلَمُ أَنَّكَ حَجَرٌ لَا تَضُرُّ وَلَا تَنْفَعُ، وَلَوْلَا أَنِّي رَأَيْتُ النَّبِيَّ ﷺ يُقَبِّلُكَ مَا قَبَّلْتُكَ.,ޢުމަރު رَضِيَ اللَّهُ عَنْهُ ރިވާ ކުރެއްވިއެވެ: ތިމަން ޙަޖަރުލް އަސްވަދަށް ވަޑައިގެން އެއަށް ބޮސްދިނީމެވެ. އަދި ވިދާޅުވިއެވެ: ހަމަކަށަވަރުން ތިޔައީ ފައިދާއެއްވެސް ގެއްލުމެއްވެސް ނުކުރާ ހިލައެއްކަން ތިމަން އިނގިލައްވަމެވެ. އަދި ހަމަކަށަވަރުން ނަބިއްޔާ ﷺ ތިބާއަށް ބޮސްދެއްވަނިކޮށް ތިމަންނައަށް ނުފެނުން ނަމަ، ތިމަން ތިބާއަށް ބޮހެއް ނުދިނީމުހެވެ.,
صحيح البخاري,1631,أَنَّ النَّبِيَّ صَلَّى اللَّهُ عَلَيْهِ وَسَلَّمَ لَعَنَ الْمُتَشَبِّهِينَ مِنْ الرِّجَالِ بِالنِّسَاءِ وَلَعَنَ الْمُتَشَبِّهَاتِ مِنْ النِّسَاءِ بِالرِّجَالِ,ަބުދު ﷲ ބުނު ޢައްބާސް رضي الله عنهما ގެ ކިބައިން ރިވާ ވެގެން ވެއެވެ. ވިދާޅުވި އެވެ. ފިރިހެނުންގެ ތެރެއިން އަންހެން ސިފައަށް ބަދަލުވާ މީހުންނަށާއި އަދި އަންހެނުންގެ ތެރެއިން ފިރިހެން ސިފައަށް ބަދަލު ވާ މީހުންނަށް ރަސޫލާ ﷺ ލަޢުނަތް ލެއްވި އެވެ.,
صحيح البخاري,1637,سَقَيْتُ رَسُولَ اللَّهِ صَلَّى اللَّهُ عَلَيْهِ وَسَلَّمَ مِنْ زَمْزَمَ فَشَرِبَ وَهُوَ قَائِمٌ,ތިމަންކަލޭގެފާނު ރަސޫލާ ﷺ އަށް ޒަމްޒަމް ފޮދެއް އެރުއްވީމެއެވެ. ފަހެ އެކަލޭގެފާނު ކޮޅަށްހުންނަވައި އެ ފެންފޮދު ހިއްޕެވިއެވެ.,
صحيح البخاري,1717,حَدَّثَنَا يَحْيَى بْنُ يَحْيَى ، أَخْبَرَنَا أَبُو خَيْثَمَةَ ، عَنْ عَبْدِ الْكَرِيمِ ، عَنْ مُجَاهِدٍ ، عَنْ عَبْدِ الرَّحْمَنِ بْنِ أَبِي لَيْلَى ، عَنْ عَلِيٍّ قَالَ : أَمَرَنِي رَسُولُ اللهِ صَلَّى اللهُ عَلَيْهِ وَسَلَّمَ أَنْ أَقُومَ عَلَى بُدْنِهِ ، وَأَنْ أَتَصَدَّقَ بِلَحْمِهَا وَجُلُودِهَا ، وَأَجِلَّتِهَا ، وَأَنْ لَا أُعْطِيَ الْجَزَّارَ مِنْهَا ، قَالَ : نَحْنُ نُعْطِيهِ مِنْ عِنْدِنَا .,ޢަލީގެ ކިބައިން ރިވާވެގެންވެއެވެ. ޢަލީގެފާނު ވިދާޅުވިއެވެ. ރަސޫލު اللّه ﷺ ގެ އުޟްޙިޔާގެ ކަންތައްތައް ބެލެހެއްޓުމަށް ތިމަން ކަލޭގެފާނަށް އަމުރު ކުރެއްވިއެވެ. އަދި އޭގެ މަހާއި ހަންގަނޑު ޞަދަގާތް ކުރުމަށް އަމުރު ކުރެއްވިއެވެ. އަދި ކަތިލާ މީހާއަށް އެއިން ބައެއް ނުދިނުމަށް ވެސް އަމުރު ކުރެއްވިއެވެ. ޢަލީގެފާނު ވިދާޅުވިއެވެ. ކަތިލާމީހާއަށް އެއްޗެއްދީ އުޅެނީ ތިމަންމެން އަމިއްލައަށެވެ. (އެބަހީ އުޟްޙިޔާ އިން ބޭރުންނެވެ.),
صحيح البخاري,1773,"عَنْ أَبِي هُرَيْرَةَ رَضِيَ اللَّهُ عَنْهُ، أَنَّ رَسُولَ اللَّهِ صَلَّى اللَّهُ عَلَيْهِ وَسَلَّمَ قَالَ: ""الْعُمْرَةُ إِلَى الْعُمْرَةِ كَفَّارَةٌ لِمَا بَيْنَهُمَا، وَالْحَجُّ الْمَبْرُورُ لَيْسَ لَهُ جَزَاءٌ إِلَّا الْجَنَّةُ"".",އަބޫ ހުރައިރާ رَضِيَ اللَّهُ عَنْهُ ގެ އަރިހުން ރިވާވެގެންވެއެވެ: ހަމަކަށަވަރުން ރަސޫލު ﷲ ﷺ ޙަދީޘް ކުރެއްވިއެވެ: ”އެއް އުމްރާއަކަށް ފަހު އަނެއް އުމްރާއަކީ އެ ދެމެދުގައި (ހިނގައިދިޔަ ފާފަތަކަށް) ވާ ކައްފާރާއަކަށެވެ. އަދި މަބްރޫރު ހައްޖަކަށް ސުވަރުގެ ނޫން ޖަޒާއެއް ނުވެއެވެ.“,
صحيح البخاري,1794,عن سَهْل بن سعد الساعِدِيِّ رضي الله عنه، أنَّ رسولَ اللَّه ﷺ قال: (رِبَاطُ يَوْمٍ فِي سَبِيلِ اللَّهِ، خَيْرٌ مِنَ الدُّنْيَا وَمَا عَلَيْهَا، وَمَوْضِعُ سَوْطِ أَحَدِكُمْ من الْجَنَّةِ: خَيْرٌ مِنَ الدُّنْيَا وَمَا عَلَيْهَا، وَالرَّوْحَةُ يَرُوحُهَا الْعَبْدُ فِي سَبِيلِ اللَّهِ، أوِ الْغَدْوَةُ: خَيْرٌ مِنَ الدُّنْيَا وَمَا عليهَا),"ސަހްލު ބިން ސަޢުދު އައްސާޢިދީ ރަޟިޔަﷲ ޢަންހުގެ ކިބައިން ރިވާވެގެންވެއެވެ. ހަމަކަށަވަރުން ރަސޫލުﷲ ﷺ ޙަދީޘްކުރެއްވިއެވެ. ""ރިބާޠުގައި ( ޖިހާދުގެ ކުރިމަތިލެވޭ މައިދާނެއްގައި) މަޑުކުރުން ދުނިޔެއާއި އޭގެ މައްޗަށްވާހައި އެއްޗަކަށްވުރެ ހެޔޮކަން ބޮޑުވެގެންވެއެވެ. ތިޔަބައިމީހުންގެ ތެރޭން މީހަކު ޗާބޫކަކުން ޖަހާމިންވަރެއްގެ ތަންކޮޅު ސުވަރުގޭން، ދުނިޔެއާއި ދުނިޔޭގައި ވާހާ އެއްޗަކަށްވުރެ ހެޔޮކަން ބޮޑުވެގެންވެއެވެ. (އެބަހީ އެހާ ކުޑަމިންވަރުވެސް ދުނިޔެއަށްވުރެ ހެޔޮވެގެންވެއެވެ.) ﷲއަށްޓަކައި ޖިހާދުގައި އެއްފަހަރު (މެންދުރުން ހަވީރަށް) ނުވަތަ އެއްފަހަރު (ހެނދުނުން މެންދުރަށް) އަޅަކު ހޭދަކޮށްލާ ވަގުތުކޮޅު ދުނިޔެއާއި ދުނިޔޭގައި ވާހައި އެއްޗަކަށްވުރެ ހެޔޮވެގެންވެއެވެ.",
صحيح البخاري,1862,حَدَّثَنَا أَبُو النُّعْمَانِ: حَدَّثَنَا حَمَّادُ بْنُ زَيْدٍ، عَنْ عَمْرٍو، عَنْ أَبِي مَعْبَدٍ، مَوْلَى ابْنِ عَبَّاسٍ، عَنِ ابْنِ عَبَّاسٍ رَضِيَ اللهُ عَنْهُمَا قَالَ: قَالَ النَّبِيُّ ﷺ: لَا تُسَافِرِ الْمَرْأَةُ إِلَّا مَعَ ذِي مَحْرَمٍ، وَلَا يَدْخُلُ عَلَيْهَا رَجُلٌ إِلَّا وَمَعَهَا مَحْرَمٌ، فَقَالَ رَجُلٌ: يَا رَسُولَ اللهِ، إِنِّي أُرِيدُ أَنْ أَخْرُجَ فِي جَيْشِ كَذَا وَكَذَا وَامْرَأَتِي تُرِيدُ الْحَجَّ؟ فَقَالَ: اخْرُجْ مَعَهَا.,އިބްނު ޢައްބާސް رَضِيَ اللَّهُ عَنْهُمَا ރިވާ ކުރެއްވިއެވެ: ނަބިއްޔާ ﷺ ޙަދީޘް ކުރެއްވިއެވެ: ”މަޙްރަމަކާއެކު މެނުވީ އަންހެނަކު ދަތުރުކޮށްގެން ނުވާނެއެވެ. “ ދެން މީހަކު ދެންނެވިއެވެ: އޭ ﷲ ގެ ރަސޫލާއެވެ. ހަމަކަށަވަރުން މިވެނި ލަޝްކަރަކާއެކު (ޖިހާދަށް) ނުކުންނަން ތިމަންނަ ބޭނުމެވެ. އަދި ތިމަންނަގެ އަންހެނުން ބޭނުންވަނީ ޙައްޖުވުމަށެވެ. ނަބިއްޔާ ﷺ ޙަދީޘް ކުރެއްވިއެވެ: ”އެ ކަނބުލޭގެއާއެކު (ޙައްޖަށް) ދާށެވެ. “,b1862
صحيح البخاري,1862,لَا تُسَافِرُ امْرَأَةٌ إِلَّا مَعَ ذِي مَحْرَمٍ,މަޙްރަމަކާ އެކީގައި މެނުވީ އަންހެނަކު ދަތުރު ނުކުރާ ހުށިކަމެވެ.,
صحيح البخاري,1875,والمَدِينَةُ خَيْرٌ لهمْ لو كَانُوا يَعْلَمُونَ.,"""އެބައިމީހުން ދަންނަކަމުގައި ވާނަމަ އެބައިމީހުންނަށް މަދީނާ ހެޔޮކަންބޮޑެވެ.“",
صحيح البخاري,1891,- حَدَّثَنَا قُتَيْبَةُ بْنُ سَعِيدٍ: حَدَّثَنَا إِسْمَاعِيلُ بْنُ جَعْفَرٍ، عَنْ أَبِي سُهَيْلٍ، عَنْ أَبِيهِ، عَنْ طَلْحَةَ بْنِ عُبَيْدِ اللهِ أَنَّ أَعْرَابِيًّا جَاءَ إِلَى رَسُولِ اللهِ ﷺ ثَائِرَ الرَّأْسِ، فَقَالَ: يَا رَسُولَ اللهِ، أَخْبِرْنِي مَاذَا فَرَضَ اللهُ عَلَيَّ مِنَ الصَّلَاةِ؟ فَقَالَ: الصَّلَوَاتِ الْخَمْسَ إِلَّا أَنْ تَطَوَّعَ شَيْئًا، فَقَالَ: أَخْبِرْنِي مَا فَرَضَ اللهُ عَلَيَّ مِنَ الصِّيَامِ؟ فَقَالَ: شَهْرَ رَمَضَانَ إِلَّا أَنْ تَطَوَّعَ شَيْئًا، فَقَالَ: أَخْبِرْنِي بِمَا فَرَضَ اللهُ عَلَيَّ مِنَ الزَّكَاةِ؟ فَقَالَ: فَأَخْبَرَهُ رَسُولُ اللهِ ﷺ شَرَائِعَ الْإِسْلَامِ، قَالَ: وَالَّذِي أَكْرَمَكَ، لَا أَتَطَوَّعُ شَيْئًا، وَلَا أَنْقُصُ مِمَّا فَرَضَ اللهُ عَلَيَّ شَيْئًا، فَقَالَ رَسُولُ اللهِ ﷺ: أَفْلَحَ إِنْ صَدَقَ، أَوْ: دَخَلَ الْجَنَّةَ إِنْ صَدَقَ.,ޠަލްޙާ ބިން ޢުބައިދި ﷲ ރިވާ ކުރެއްވިއެވެ: ނަޖްދު ކަރައިން ބޯ ހޭވިފަ ހުރި އަޢުރާބީއަކު ރަސޫލު ﷲ ﷺ ގެ އަރިހަށް އައިސް ދެންނެވިއެވެ: އޭ ﷲ ގެ ރަސޫލާއެވެ. ނަމާދުގެ ތެރެއިން ތިމަންނަގެ މައްޗަށް ﷲ ފުރުޟު ކުރެއްވި ކަންތަކުގެ ޚަބަރު ދެއްވާށެވެ. ނަބިއްޔާ ޙަދީޘް ކުރެއްވިއެވެ: ”(ފަރުޟު) ފަސް ނަމާދެވެ. އެއީ ތިބާ އިތުރަށް (ސުންނަތް ނަމާދެއް) ކުރަން ބޭނުން ވާނަމަ މެނުވީއެވެ.“ ދެން އޭނާ ދެންނެވިއެވެ: ރޯދައިގެ ތެރެއިން ތިމަންނަގެ މައްޗަށް ﷲ ފުރުޟު ކުރެއްވި ކަންތަކުގެ ޚަބަރު ދެއްވާށެވެ. ނަބިއްޔާ ޙަދީޘް ކުރެއްވިއެވެ: ”ރަމަޟާން މަހު (ރޯދަ ހިފުމެވެ.) އެއީ ތިބާ އިތުރަށް (ސުންނަތް ރޯދައެއް) ހިފަން ބޭނުން ވާނަމަ މެނުވީއެވެ.“ ދެން އޭނާ ދެންނެވިއެވެ: ޒަކާތުގެ ތެރެއިން ތިމަންނަގެ މައްޗަށް ﷲ ފުރުޟު ކުރެއްވި ކަންތަކުގެ ޚަބަރު ދެއްވާށެވެ. ދެން ރަސޫލު ﷲ ﷺ އިސްލާމް ދީނުގެ ޝަރާއިޢުތަކާއި (ގަވާއިދުތަކުގެ) ޚަބަރު ދެއްވިއެވެ. އޭނާ ދެންނެވިއެވެ: އިބަ ނަބިއްޔާއަށް ދީލަތިވެވޮޑިގެންނެވި ފަރާތް ގަންދީ ބުނަމެވެ. (މި ކަމުގެ މައްޗަށް) އިތުރު އެއްވެސް ކަމެއް ނުކުރާނަމެވެ. އަދި ތިމަންނަގެ މައްޗަށް ﷲ ފަރުޟު ކުރެއްވި ކަމެއް އުންޏެއް ވެސް ނުކުރާނަމެވެ. ރަސޫލު ﷲ ﷺ ޙަދީޘް ކުރެއްވިއެވެ: ”އޭނަ ތެދުވެރިވެއްޖެ ނަމަ އޭނާ ކާމިޔާބު ވާނެއެވެ. (ނުވަތަ ސުވަރުގެ ވަންނާނެއެވެ.)“,b46
صحيح البخاري,1894,"عَنْ أَبِي هُرَيْرَةَ ـ رضى الله عنه ـ أَنَّ رَسُولَ اللَّهِ صلى الله عليه وسلم قَالَ: ""الصِّيَامُ جُنَّةٌ، فَلاَ يَرْفُثْ وَلاَ يَجْهَلْ، وَإِنِ امْرُؤٌ قَاتَلَهُ أَوْ شَاتَمَهُ فَلْيَقُلْ إِنِّي صَائِمٌ. مَرَّتَيْنِ، وَالَّذِي نَفْسِي بِيَدِهِ لَخُلُوفُ فَمِ الصَّائِمِ أَطْيَبُ عِنْدَ اللَّهِ تَعَالَى مِنْ رِيحِ الْمِسْكِ، يَتْرُكُ طَعَامَهُ وَشَرَابَهُ وَشَهْوَتَهُ مِنْ أَجْلِي، الصِّيَامُ لِي، وَأَنَا أَجْزِي بِهِ، وَالْحَسَنَةُ بِعَشْرِ أَمْثَالِهَا"".",އަބޫ ހުރައިރާގެ އަރިހުން ރިވާވެގެންވެއެވެ: ހަމަކަށަވަރުން ރަސޫލު ﷲ ﷺ ޙަދީޘް ކުރެއްވިއެވެ: ”ރޯދައަކީ އައްޑަނައެކެވެ. ފަހެ (މީހަކު) ފާހިޝް ނުބައި ވާހަކަދައްކާ، ޖާހިލު ކަންތައް ނުކުރާށެވެ. އަދި މީހަކު އޭނާއާ އަރައިރުންވެއްޖެ ނަމަ، ނުވަތަ އޭނާއަށް ބަދުބަސް ބުނެއްޖެނަމަ، ފަހެ އޭނާ ދެ ފަހަރު ބުނާހުއްޓެވެ: ހަމަކަށަވަރުން ތިމަން މިހިރީ ރޯދައަށެވެ. އަދި ތިމަން ނަބިއްޔާގެ ނަފްސު އެ ފަރާތެއްގެ އަތްޕުޅުގައިވާ ފަރާތް ގަންދީ ބުނަމެވެ. ހަމަކަށަވަރުން ﷲ ގެ ހަޒްރަތުގައި، ރޯދަވެރިޔާގެ އަނގައިން ދުވާ ވަސް، ގޮމަކަސްތޫރީގެ ވަހަށްވުރެ ވަސްމީރުވެގެން ވެއެވެ.“ (އެ އިލާހު ވަޙީ ކުރެއްވިއެވެ:) ތިމަން އިލާހަށްޓަކައި އޭނާގެ ކެއުމާއި ބުއިމާއި ޝަހުވަތު އޭނާ ދޫކޮށްލައެވެ. ރޯދަ ވަނީ ތިމަން އިލާހަށެވެ. އަދި އެއަށް ޖަޒާ ދެއްވާނީ ތިމަން އިލާހެވެ. އަދި (ކޮންމެ) ހެޔޮ ކަމަކާއެކު، އެއާ އެއްފަދަ ދިހަ ހެޔޮ ކަމެއް ވެއެވެ.“,
صحيح البخاري,1897,"عَنْ أَبِي هُرَيْرَةَ رضى الله عنه ، أَنَّ رَسُولَ اللَّهِ ﷺ قَالَ "" مَنْ أَنْفَقَ زَوْجَيْنِ فِي سَبِيلِ اللَّهِ نُودِيَ مِنْ أَبْوَابِ الْجَنَّةِ يَا عَبْدَ اللَّهِ، هَذَا خَيْرٌ. فَمَنْ كَانَ مِنْ أَهْلِ الصَّلاَةِ دُعِيَ مِنْ باب الصَّلاَةِ، وَمَنْ كَانَ مِنْ أَهْلِ الْجِهَادِ دُعِيَ مِنْ باب الْجِهَادِ، وَمَنْ كَانَ مِنْ أَهْلِ الصِّيَامِ دُعِيَ مِنْ باب الرَّيَّانِ، وَمَنْ كَانَ مِنْ أَهْلِ الصَّدَقَةِ دُعِيَ مِنْ باب الصَّدَقَةِ ""‌. فَقَالَ أَبُو بَكْرٍ ـ رضى الله عنه ـ بِأَبِي أَنْتَ وَأُمِّي يَا رَسُولَ اللَّهِ، مَا عَلَى مَنْ دُعِيَ مِنْ تِلْكَ الأَبْوَابِ مِنْ ضَرُورَةٍ، فَهَلْ يُدْعَى أَحَدٌ مِنْ تِلْكَ الأَبْوَابِ كُلِّهَا قَالَ "" نَعَمْ. وَأَرْجُو أَنْ تَكُونَ مِنْهُمْ","އަބޫ ހުރައިރާ ރަޟިޔަﷲ ޢަންހުގެ ކިބައިން ރިވާވެގެންވެއެވެ. ހަމަކަށަވަރުން ރަސޫލުﷲ ﷺ ޙަދީޘްކުރެއްވިއެވެ. ""ﷲގެ މަގުގައި ޖިޙާދަށް (މުދަލުން) ދޭއްޗެއް (ނުވަތަ ޖޯޑުކޮށްވާ ދޭތި) ހޭދަކޮށްފިނަމަ ސުވަރުގޭގެ ދޮރުކޮޅުތަކުން ނިދާ އިއްވެވޭނެއެވެ. އޭ ﷲގެ އަޅާއެވެ(ޢަބްދުﷲއެވެ) ތިއީ ހެޔޮކަމެކެވެ. ފަހެ އެމީހަކީ ނަމާދުގެ އަހުލުވެރިންގެ ތެރެއިން ހިމެނޭ މީހެއްނަމަ އެމީހަކަށް ގޮވާލެވޭނީ ނަމާދުގެ ދޮރުކޮޅުންނެވެ. އަދި އެމީހަކީ ޖިހާދުގެ އަހުލުވެރިއެއްނަމަ އެމީހަކަށް ގޮވާލެވޭނީ ޖިހާދުގެ ދޮރުކޮޅުންނެވެ. އަދި އެމީހަކީ ރޯދައިގެ އަހުލުވެރިއެއްނަމަ އެމީހަކަށް ގޮވާލެއްވޭނީ ރައްޔާނުއޭ ކިޔުނު (ރޯދަވެރީންގެ) ދޮރުކޮޅުންނެވެ. އަދި އެމީހަކީ ޞަދަގާތުގެ އަހުލުވެރިއެއްނަމަ އެމީހަކަށް ގޮވާލެވޭނީ ޞަދަގާތުގެ ދޮރުކޮޅުންނެވެ."" ދެން އަބޫބަކުރު ރަޟިޔަﷲ އަންހު ވިދާޅުވިއެވެ. ""އޭ ރަސޫލުﷲއެވެ. ތިމަންކަލޭގެފާނުގެ މަންމާފުޅާއި ބައްޕާފުޅު ކަލޭގެފާނަށް ފިދާއެވެ. މިދޮރުކޮޅުތަކުން ގޮވާލެވޭ މީހަކަށް އެއްވެސް (އެހެން) ޙާޖަތެއް (ނުވަތަ ދަތިއުނދަގުލެއް ކަންބޮޑުވުމެއް) އެމީހެއްގެ މައްޗަކަށް ނުވެއެވެ. އެހުރިހާ ދޮރުކޮޅުތަކަކަކުން އެއްވެސް މީހަކަށް ގޮވާލެވޭނެތޯއެވެ؟"" ދެން ރަސޫލުﷲ ﷺ ޙަދީޘްކުރެއްވިއެވެ. ""އާނއެކެވެ. އެބައިމީހުންގެ ތެރޭގައި ކަލޭގެފާނު ވާނެކަމަށް ތިމަންކަލޭގެފާނު އުއްމީދުކުރައްވަމެވެ.""",
صحيح البخاري,1901,حَدَّثَنَا مُسْلِمُ بْنُ إِبْرَاهِيمَ: حَدَّثَنَا هِشَامٌ: حَدَّثَنَا يَحْيَى، عَنْ أَبِي سَلَمَةَ، عَنْ أَبِي هُرَيْرَةَ رَضِيَ اللهُ عَنْهُ، عَنِ النَّبِيِّ ﷺ قَالَ: مَنْ قَامَ لَيْلَةَ الْقَدْرِ إِيمَانًا وَاحْتِسَابًا، غُفِرَ لَهُ مَا تَقَدَّمَ مِنْ ذَنْبِهِ، وَمَنْ صَامَ رَمَضَانَ إِيمَانًا وَاحْتِسَابًا غُفِرَ لَهُ مَا تَقَدَّمَ مِنْ ذَنْبِهِ.,"އަބޫ ހުރައިރާ رَضِيَ اللَّهُ عَنْهُ ރިވާ ކުރެއްވިއެވެ: ނަބިއްޔާ ﷺ ޙަދީޘް ކުރެއްވިއެވެ: ”އީމާންކަމާއެކު، އަދި ސަވާބަށް އެދޭ ހާލު ލައިލަތުލް ގަދްރި ވިލޭރޭ ރޭއަޅުކަންކުރި މީހަކަށް، އޭނާގެ އިސްވެދިޔަ ފާފަތައް ފުއްސެވޭހުއްޓެވެ. އީމާންކަމާއެކު, އަދި ސަވާބަށް އެދޭ ހާލު ރަމަޟާން މަހު ރޯދަ ހިފި މީހަކަށް، އޭނާގެ އިސްވެދިޔަ ފާފަތައް ފުއްސެވޭހުއްޓެވެ.“",b35
صحيح البخاري,1902,حَدَّثَنَا مُوسَى بْنُ إِسْمَاعِيلَ: حَدَّثَنَا إِبْرَاهِيمُ بْنُ سَعْدٍ: أَخْبَرَنَا ابْنُ شِهَابٍ، عَنْ عُبَيْدِ اللهِ بْنِ عَبْدِ اللهِ بْنِ عُتْبَةَ: أَنَّ ابْنَ عَبَّاسٍ رَضِيَ اللهُ عَنْهُمَا قَالَ: كَانَ النَّبِيُّ ﷺ أَجْوَدَ النَّاسِ بِالْخَيْرِ، وَكَانَ أَجْوَدُ مَا يَكُونُ فِي رَمَضَانَ، حِينَ يَلْقَاهُ جِبْرِيلُ، وَكَانَ جِبْرِيلُ عَلَيْهِ السَّلَامُ يَلْقَاهُ كُلَّ لَيْلَةٍ فِي رَمَضَانَ حَتَّى يَنْسَلِخَ، يَعْرِضُ عَلَيْهِ النَّبِيُّ ﷺ الْقُرْآنَ: فَإِذَا لَقِيَهُ جِبْرِيلُ عَلَيْهِ السَّلَامُ، كَانَ أَجْوَدَ بِالْخَيْرِ مِنَ الرِّيحِ الْمُرْسَلَةِ.,އިބްނު ޢައްބާސް رَضِيَ اللَّهُ عَنْهُمَا ރިވާ ކުރެއްވިއެވެ: މީސްތަކުންގެ ތެރެއިން ހެޔޮ ކަންކަމައިގެން އެންމެ ދީލަތިވެވެގެން ވަނީނަބިއްޔާ ﷺ އެވެ. އަދި ނަބިއްޔާ އެންމެ ދީލަތިވެވެގެން ވަނީ ރަމަޟާން މަހުގައެވެ. އެއީ ނަބިއްޔާ ޖިބްރީލާ ބައްދަލު ކުރައްވައި ހިނދެވެ. އެ ގޮތުން ރަމަޟާން މަސް ނިމެންދެން ކޮންމެ ރެޔަކު ޖިބްރީލު ޢަލައިހިއްސަލާމް ނަބިއްޔާއާ ބައްދަލު ކުރައްވައި، ނަބިއްޔާ ﷺ ޖިބްރީލަށް (އެއްކޮށް) ގުރްއާން ކިޔަވައި ވިދާޅުވެދެއްވައެވެ. އަދި ނަބިއްޔާ ޖިބްރީލާ ބައްދަލު ކުރައްވައި ހިނދު، (ވާރެ ވިލާގަނޑަކައިގެން) ފޮނުއްވެވުނު ވައިރޯޅިއަކަށް ވުރެ ރަސޫލު ﷲ ﷺ ހެޔޮ ކަންކަމައިގެން ދީލަތިވެގެންވެއެވެ.,b6
صحيح البخاري,1902,"""كَانَ النَّبِيُّ صَلَّى اللهُ عَلَيْهِ وَسَلَّمَ أَجْوَدَ النَّاسِ بِالخَيْرِ، وَكَانَ أَجْوَدُ مَا يَكُونُ فِي رَمَضَانَ""","""ނައްބިޔާ ޞައްލަﷲ ޢަލައިހި ވަސައްލަމައަކީ ޚައިރާތު ކުރެއްވުމުގައި އެންމެ ދީލަތި ބޭފުޅާއެވެ. އަދި އެކަލޭގެފާނު އެންމެ ދީލަތިވެ ވަޑައިގަންނަވަނީ ރަމަޟާން މަހުގައެވެ.""",
صحيح البخاري,1903,"حَدَّثَنَا آدَمُ بْنُ أَبِي إِيَاسٍ، حَدَّثَنَا ابْنُ أَبِي ذِئْبٍ، حَدَّثَنَا سَعِيدٌ الْمَقْبُرِيُّ، عَنْ أَبِيهِ، عَنْ أَبِي هُرَيْرَةَ ـ رضى الله عنه ـ قَالَ قَالَ رَسُولُ اللَّهِ صلى الله عليه وسلم "" مَنْ لَمْ يَدَعْ قَوْلَ الزُّورِ وَالْعَمَلَ بِهِ فَلَيْسَ لِلَّهِ حَاجَةٌ فِي أَنْ يَدَعَ طَعَامَهُ وَشَرَابَهُ "".",އަބޫ ހުރައިރާ رَضِيَ اللَّهُ عَنْهُ ވިދާޅުވިކަމަށް ރިވާވެގެންވެއެވެ: ރަސޫލު ﷲ ﷺ ޙަދީޘް ކުރެއްވިއެވެ: ”މީހަކު ބާތިލު ބަސްތަކާއި، އެއަށް ޢަމަލު ކުރުން ދޫކޮށްނުކުރާ ނަމަ، ފަހެ އޭނާގެ ކެއުމާއި ބުއިން އޭނާ ދޫކުރުމަށް ﷲ އަށް ހާޖަތެއް ނެތެވެ.“,
صحيح البخاري,1916,لَمَّا نَزَلَتْ: {حَتَّى يَتَبَيَّنَ لَكُمُ الخَيْطُ الأَبْيَضُ مِنَ الخَيْطِ الأَسْوَدِ} [البقرة: 187] عَمَدْتُ إِلَى عِقَالٍ أَسْوَدَ، وَإِلَى عِقَالٍ أَبْيَضَ، فَجَعَلْتُهُمَا تَحْتَ وِسَادَتِي، فَجَعَلْتُ أَنْظُرُ فِي اللَّيْلِ، فَلاَ يَسْتَبِينُ لِي، فَغَدَوْتُ عَلَى رَسُولِ اللَّهِ صَلَّى اللهُ عَلَيْهِ وَسَلَّمَ، فَذَكَرْتُ لَهُ ذَلِكَ فَقَالَ: «إِنَّمَا ذَلِكَ سَوَادُ اللَّيْلِ وَبَيَاضُ النَّهَارِ»,"ޢަދިއްޔު ބުން ޙާތިމް ރަޟިޔަﷲ ޢަންހު ވިދާޅުވިއެވެ. ""ހުދު ރޮދިން ކަޅުރޮދި އެނގިއްޖެއުމަށްދާންދެން"" (ބަގަރާ 187) ބާވައިލެއްވުނު ހިނދު، ތިމަންކަލޭގެފާނު ބާލީސްދަށަށް ކަޅު ފޮށާއަކާއި ހުދު ފޮށައެއްލެއްވީމެވެ. އަދި ރޭގަނޑު އެއަށް ބެލީމެވެ. ނަމަވެސް، ތިމަންކަލޭގެފާނަކަށް (އެދެކުލަ) ވަކިކުރަން އެނގިއެއްވަޑައެއް ނުގަތެވެ. ފަހެ، ފަތިސް ވުމުން ރަސޫލާ ޞައްލަﷲ ޢަލައިހި ވަސައްލަމަ އަރިހަށް ގޮސް މިވާހަކަ ދެންނެވީމެވެ. ފަހެ އެކަލޭގެފާނު ޙަދީޘް ކުރެއްވިއެވެ. ""އެއީ ހަމައެކަނި ރޭގަނޑުގެ ކަޅުކަމާއި(އަނދިރިކަމާއި) ދުވާލުގެ (އަލިކަމާއި) ހުދުކަމުގެ ވާހަކައެވެ.""",
صحيح البخاري,1954,عَنْ أَبِي هُرَيْرَةَ عَنْ النَّبِيِّ صَلَّى اللَّهُ عَلَيْهِ وَسَلَّمَ قَالَ لَيَأْتِيَنَّ عَلَى النَّاسِ زَمَانٌ لَا يُبَالِي الْمَرْءُ بِمَا أَخَذَ الْمَالَ أَمِنْ حَلَالٍ أَمْ مِنْ حَرَامٍ,މުދާ ހޯދީ ޙަލާލު ގޮތުގައިތޯ ނުވަތަ ޙަރާމާ ގޮތުގައިތޯ ބަލައި ނުލާ ޒަމާނެއް މީސްތަކުންނާ ބައްދަލު ކުރާނެކަން ކަށަވަރެވެ.,
صحيح البخاري,1970,كانَ يَصُومُ شَعْبَانَ كُلَّهُ,އެކަލޭގެފާނު މުޅި ޝަޢުބާނުގައި އެއްކޮށް ރޯދަ ހިއްޕަވައެވެ.,
صحيح البخاري,1976,فَصُمْ يَوْمًا وأَفْطِرْ يَوْمًا، فَذلكَ صِيَامُ دَاوُدَ عليه السَّلَامُ، وهو أفْضَلُ الصِّيَامِ,ފަހެ ކަލޭގެފާނު އެއްދުވަހު ރޯދަ ހިއްޕެވިއްޔާ އަނެއްދުވަހު ރޯދަ ނުހިއްޕަވާށެވެ! (އެބަހީ ދެދުވަހުން އެއްދުވަހު ރޯދަ ހިއްޕަވާށެވެ!) އެހެނީ އެއީ داود عليه السلام ރޯދަ ހިއްޕެވި ގޮތެވެ. އަދި އެއީ އެންމެ މޮޅުއިތުރު ރޯދައެވެ.”,
صحيح البخاري,1985,سَمِعْتُ النبيَّ صَلَّى اللهُ عليه وسلَّمَ، يقولُ: لا يَصُومَنَّ أحَدُكُمْ يَومَ الجُمُعَةِ، إلَّا يَوْمًا قَبْلَهُ أوْ بَعْدَهُ.,ހުކުރުދުވަހުގެ ކުރިން ދުވަހެއްގައި ނުވަތަ އެދުވަހުގެ ފަހުން ދުވަހެއްގައި ރޯދަހިފާގޮތަށް މެނުވީ ތިޔަބައިމީހުންކުރެ މީހަކު ހުކުރުދުވަހު ރޯދަ ނުހިފާހުށިކަމެވެ.,
صحيح البخاري,1985,لا يَصُومَنَّ أحَدُكُمْ يَومَ الجُمُعَةِ، إلَّا يَوْمًا قَبْلَهُ أوْ بَعْدَهُ.,ތިޔަބައިމީހުންގެ ތެރެއިން މީހަކު ހުކުރުދުވަހު ރޯދަ ނުހިފާހުށިކަމެވެ. އެއީ އެދުވަހުގެ ކުރިންދުވަހު (އެބަހީ: ބުރާސްފަތި ދުވަހު) ނުވަތަ ފަހުން އަންނަ ދުވަހު (އެބަހީ: ހޮނިހިރު ދުވަހު) ރޯދަ ނުހިފާނަމައެވެ.,
صحيح البخاري,1988,أنَّ نَاسًا تَمَارَوْا عِنْدَهَا يَومَ عَرَفَةَ في صَوْمِ النبيِّ صَلَّى اللهُ عليه وسلَّمَ، فَقالَ بَعْضُهُمْ: هو صَائِمٌ، وقالَ بَعْضُهُمْ: ليسَ بصَائِمٍ، فأرْسَلَتْ إلَيْهِ بقَدَحِ لَبَنٍ وهو واقِفٌ علَى بَعِيرِهِ، فَشَرِبَهُ.,މާތް ﷲ ރުއްސުންލެއްވި އަންހެން ޞަޙާބީ ބޭކަނބަލެއްކަމަށްވާ އުއްމު ފަޟުލު ރިވާ ކުރެއްވިއެވެ. “އަރަފާތް ދުވަހު (ޙައްޖު ދުވަހު އަރަފާތުގައި ތިއްބެވި އިރު) ބައެއް ޞަޙާބީ ބޭކަލުންނަށް ރަސޫލާ ޞައްލަﷲ އަލައިހި ވަސައްލަމަ ހުންނެވީ ރޯދައަށް ކަމާމެދު ޝައްކުވެ ވަޑައިގަތެވެ.” އެހެންކަމުން މިކަމަނާ ބޭނުންފުޅުވީ އެކަލޭގެފާނު ހުންނެވީ ރޯދައަށް ނޫންކަން މީސްތަކުންނަށް ބަޔާންކޮށްދިނުމަށެވެ. ދެން އެކަމަނާ ވިދާޅުވިއެވެ. “ދެން ތިމަން ކަމަނާ ރަސޫލުﷲ ޞައްލަﷲ އަލައިހި ވަސައްލަމަގެ އަރިހަށް ކިރުތައްޓެއް ފޮނުއްވުމުން އެކަލޭގެފާނު އަރަފާތުގައި ހުޠުބާ ދެއްވަން ހުންނަވާފައި އެ ކިރުތަށި ބެއްލެވިއެވެ.” (އެބަހީ އެކަލޭގެފާނު ޞައްލަﷲ އަލައިހި ވަސައްލަމަ ކިރުތަށި ހިއްޕެވިއެވެ.),
صحيح البخاري,1996,لا تُشَدُّ الرِّحَالُ إِلا إِلَى ثَلاثَةِ مَسَاجِدَ : مَسْجِدِ الْحَرَامِ ، وَمَسْجِدِ الأَقْصَى ، وَمَسْجِدِي هَذَا,ތިން މިސްކިތަކަށް މެނުވީ ދަތުރުހަދައިގެން ދިއުމަކީ ހުއްދަކަމެއް ނޫނެވެ. [އެއީ] މަސްޖިދުލް ޙަރާމާއި، މަސްޖިދުލް އަގްޞާއާއި، ތިމަންކަލޭގެފާނުގެ މި މިސްކިތެވެ.[މަސްޖިދުއް ނަބަވީ އެވެ.],
صحيح البخاري,2004,"عَنِ ابْنِ عَبَّاسٍ ـ رضى الله عنهما ـ قَالَ قَدِمَ النَّبِيُّ ﷺ الْمَدِينَةَ، فَرَأَى الْيَهُودَ تَصُومُ يَوْمَ عَاشُورَاءَ، فَقَالَ: ""مَا هَذَا"". قَالُوا هَذَا يَوْمٌ صَالِحٌ، هَذَا يَوْمٌ نَجَّى اللَّهُ بَنِي إِسْرَائِيلَ مِنْ عَدُوِّهِمْ، فَصَامَهُ مُوسَى. قَالَ :""فَأَنَا أَحَقُّ بِمُوسَى مِنْكُمْ"". فَصَامَهُ وَأَمَرَ بِصِيَامِهِ.",އިބްނު ޢައްބާސް رَضِيَ اللَّهُ عَنْهُمَا ގެ އަރިހުން ރިވާވެގެން ވެއެވެ: ނަބިއްޔާ ﷺ މަދީނާއަށް ވަޑައިގަތް އިރު، ޔަހޫދީން ޢާޝޫރާ ދުވަހު ރޯދަ ހިފާތަން އެކަލޭގެފާނު ދެކިވަޑައިގެން ޙަދީޘް ކުރެއްވިއެވެ: ”މިއީ ކޮން ކަމެއްތޯއެވެ؟“ އެބައިމީހުން ދެންނެވިއެވެ: މިއީ ހެޔޮ ދުވަހެކެވެ. މިއީ ބަނީ އިސްރާއީލު އެބައިމީހުންގެ އަދުއްވުންގެ ކިބައިން ﷲ ސަލާމަތް ކުރެއްވި ދުވަހެވެ. އެހެންކަމުން މޫސާގެފާނު އެ ދުވަހު ރޯދަ ހިއްޕެވިއެވެ. ނަބިއްޔާ ޙަދީޘް ކުރެއްވިއެވެ: ”ފަހެ ތިޔަބައިމީހުންނަށް ވުރެ މޫސާގެފާނަށް ހައްގުކަން ބޮޑީ ތިމަން ނަބިއްޔާއެވެ.“ ދެން އެކަލޭގެފާނު އެ ދުވަހު ރޯދަ ހިއްޕަވާ، އަދި (އެހެން މީހުން) އެ ދުވަހު ރޯދަ ހިފުމަށް އަމުރު ކުރެއްވިއެވެ.,
صحيح البخاري,2006,عَنِ ابْنِ عَبَّاسٍ ـ رضى الله عنهما ـ قَالَ مَا رَأَيْتُ النَّبِيَّ ﷺ يَتَحَرَّى صِيَامَ يَوْمٍ فَضَّلَهُ عَلَى غَيْرِهِ، إِلاَّ هَذَا الْيَوْمَ يَوْمَ عَاشُورَاءَ وَهَذَا الشَّهْرَ. يَعْنِي شَهْرَ رَمَضَانَ.,އިބްނު ޢައްބާސް رَضِيَ اللَّهُ عَنْهُمَا ގެ އަރިހުން ރިވާވެގެން ވެއެވެ: ނަބިއްޔާ ﷺ ދުވަހެއް މާތް ކުރައްވާ، އެހެން ދުވަހަކަށް ވުރެ އެ ދުވަހެއްގައި ރޯދަ ހިއްޕަވަން އުޅުއްވި ދުވަހެއް ތިމަން ނުދެކެމެވެ. މި ދުވަސް ފިޔަވައެވެ. އެއީ ޢާޝޫރާ ދުވަހެވެ. އަދި މި މަސް ފިޔަވައެވެ. އެބަހީ، ރަމަޟާން މަހެވެ.,
صحيح البخاري,2008,حَدَّثَنَا يَحْيَى بْنُ بُكَيْرٍ: حَدَّثَنَا اللَّيْثُ، عَنْ عُقَيْلٍ، عَنِ ابْنِ شِهَابٍ قَالَ: أَخْبَرَنِي أَبُو سَلَمَةَ: أَنَّ أَبَا هُرَيْرَةَ رَضِيَ اللهُ عَنْهُ قَالَ: سَمِعْتُ رَسُولَ اللهِ ﷺ يَقُولُ لِرَمَضَانَ: مَنْ قَامَهُ إِيمَانًا وَاحْتِسَابًا، غُفِرَ لَهُ مَا تَقَدَّمَ مِنْ ذَنْبِهِ.,އަބޫ ހުރައިރާ رَضِيَ اللَّهُ عَنْهُ ރިވާ ކުރެއްވިއެވެ: ރަމަޟާން މަހާ ބެހޭ ގޮތުން ނަބިއްޔާ ﷺ ޙަދީޘް ކުރައްވަނިކޮށް ތިމަން އަޑު އެހީމެވެ: ”އީމާންތެރިކަމާއެކު އަދި ސަވާބަށް އެދޭ ހާލު އެ މަހުގައި ރޭއަޅުކަންކޮށްފި މީހަކަށް، އޭނާގެ އިސްވެދިޔަ ފާފަތައް ފުއްސެވޭނެއެވެ.“,b35
صحيح البخاري,2009,حَدَّثَنَا عَبْدُ اللهِ بْنُ يُوسُفَ: أَخْبَرَنَا مَالِكٌ، عَنِ ابْنِ شِهَابٍ، عَنْ حُمَيْدِ بْنِ عَبْدِ الرَّحْمَنِ، عَنْ أَبِي هُرَيْرَةَ رَضِيَ اللهُ عَنْهُ: أَنَّ رَسُولَ اللهِ ﷺ قَالَ: مَنْ قَامَ رَمَضَانَ إِيمَانًا وَاحْتِسَابًا، غُفِرَ لَهُ مَا تَقَدَّمَ مِنْ ذَنْبِهِ، قَالَ ابْنُ شِهَابٍ: فَتُوُفِّيَ رَسُولُ اللهِ ﷺ وَالْأَمْرُ عَلَى ذَلِكَ، ثُمَّ كَانَ الْأَمْرُ عَلَى ذَلِكَ فِي خِلَافَةِ أَبِي بَكْرٍ، وَصَدْرًا مِنْ خِلَافَةِ عُمَرَ رَضِيَ اللهُ عَنْهُمَا.,އަބޫ ހުރައިރާ رَضِيَ اللَّهُ عَنْهُ ރިވާ ކުރެއްވިއެވެ: ރަސޫލު ﷲ ﷺ ޙަދީޘް ކުރެއްވިއެވެ: ”އީމާންތެރިކަމާއެކު އަދި ސަވާބަށް އެދޭ ހާލު ރަމަޟާން މަހު ރޭއަޅުކަންކޮށްފި މީހަކަށް، އޭނާގެ އިސްވެދިޔަ ފާފަތައް ފުއްސެވޭނެއެވެ. އީމާންތެރިކަމާއެކު ސަވާބަށް އެދޭ ހާލު، ރަމަޟާން މަހު ރޯދަ ހިފައިފި މީހަކަށް، އޭނާގެ އިސްވެދިޔަ ފާފަތައް ފުއްސެވޭނެއެވެ.“ އިބްނު ޝިހާބު އައްޒުހްރީ ވިދާޅުވިއެވެ: ރަސޫލު ﷲ ﷺ އަވަހާރަވި އިރު (މީސްތަކުން ވަކިވަކިންނާއި ކުދި ޖަމާއަތްތަށް ހަދައިގެން) އެ ގޮތަށް ތަރާވީސް ކުރިއެވެ. އަދި އަބޫ ބަކުރު رَضِيَ اللَّهُ عَنْهُ ގެ ޚިލާފަތުގައި ވެސް ކަން އޮތީ އެ ގޮތަށެވެ. އެއަށްފަހު (އެންމެން އެއްކޮށް އެކެއްގެ ފަހަތުގައި ޖަމާއަތް ހަދައިންގެން އަނެއްކާ ތަރާވީސް) ކުރަން ފެށީ ޢުމަރު رَضِيَ اللَّهُ عَنْهُ ގެ ޚިލާފަތުގައެވެ.,b35
صحيح البخاري,2014,حَدَّثَنَا عَلِيُّ بْنُ عَبْدِ اللهِ: حَدَّثَنَا سُفْيَانُ قَالَ: حَفِظْنَاهُ، وَإِنَّمَا حَفِظَ مِنَ الزُّهْرِيِّ، عَنْ أَبِي سَلَمَةَ، عَنْ أَبِي هُرَيْرَةَ رَضِيَ اللهُ عَنْهُ، عَنِ النَّبِيِّ ﷺ قَالَ: مَنْ صَامَ رَمَضَانَ إِيمَانًا وَاحْتِسَابًا غُفِرَ لَهُ مَا تَقَدَّمَ مِنْ ذَنْبِهِ، وَمَنْ قَامَ لَيْلَةَ الْقَدْرِ إِيمَانًا وَاحْتِسَابًا غُفِرَ لَهُ مَا تَقَدَّمَ مِنْ ذَنْبِهِ. تَابَعَهُ سُلَيْمَانُ بْنُ كَثِيرٍ، عَنِ الزُّهْرِيِّ.,އަބޫ ހުރައިރާ رَضِيَ اللَّهُ عَنْهُ ރިވާ ކުރެއްވިއެވެ: ނަބިއްޔާ ﷺ ޙަދީޘް ކުރެއްވިއެވެ: ”އީމާންތެރިކަމާއެކު އަދި ސަވާބަށް އެދޭ ހާލު، ރަމަޟާން މަހު ރޯދަ ހިފައިފި މީހަކަށް، އޭނާގެ އިސްވެދިޔަ ފާފަތައް ފުއްސެވޭނެއެވެ. އަދި އީމާންތެރިކަމާއެކު ސަވާބަށް އެދޭ ހާލު ލައިލަތުލް ގަދްރި ވިލޭރޭގައި ރޭއަޅުކަންކޮށްފި މީހަކަށް، އޭނާގެ އިސްވެދިޔަ ފާފަތައް ފުއްސެވޭނެއެވެ.“,b35
صحيح البخاري,2017,"حَدَّثَنَا قُتَيْبَةُ بْنُ سَعِيدٍ، حَدَّثَنَا إِسْمَاعِيلُ بْنُ جَعْفَرٍ، حَدَّثَنَا أَبُو سُهَيْلٍ، عَنْ أَبِيهِ، عَنْ عَائِشَةَ ـ رضى الله عنها ـ أَنَّ رَسُولَ اللَّهِ صلى الله عليه وسلم قَالَ "" تَحَرَّوْا لَيْلَةَ الْقَدْرِ فِي الْوِتْرِ مِنَ الْعَشْرِ الأَوَاخِرِ مِنْ رَمَضَانَ "".",ޢާއިޝާ رَضِيَ اللَّهُ عَنْهَا ގެ އަރިހުން ރިވާވެގެންވެއެވެ: ހަމަކަށަވަރުން ރަސޫލު ﷲ ﷺ ޙަދީޘް ކުރެއްވިއެވެ: ”ފަހު ދިހައިގެ އޮނަހިރި ރޭތަކުގައި ލައިލަތުލް ގަދްރި ހޯދުމަށް ތިޔަބައިމީހުން ގަދައަޅާ މަސައްކަތްކުރާށެވެ.“,
صحيح البخاري,2023,حَدَّثَنَا مُحَمَّدُ بْنُ الْمُثَنَّى: حَدَّثَنَا خَالِدُ بْنُ الْحَارِثِ: حَدَّثَنَا حُمَيْدٌ: حَدَّثَنَا أَنَسٌ، عَنْ عُبَادَةَ بْنِ الصَّامِتِ قَالَ: خَرَجَ النَّبِيُّ ﷺ لِيُخْبِرَنَا بِلَيْلَةِ الْقَدْرِ، فَتَلَاحَى رَجُلَانِ مِنَ الْمُسْلِمِينَ، فَقَالَ: خَرَجْتُ لِأُخْبِرَكُمْ بِلَيْلَةِ الْقَدْرِ، فَتَلَاحَى فُلَانٌ وَفُلَانٌ فَرُفِعَتْ، وَعَسَى أَنْ يَكُونَ خَيْرًا لَكُمْ، فَالْتَمِسُوهَا فِي التَّاسِعَةِ وَالسَّابِعَةِ وَالْخَامِسَةِ.,ޢުބާދާ ބިން އައްޞާމިތު ރިވާ ކުރެއްވިއެވެ: ލައިލަތުލް ގަދްރި ވިލޭރޭ (އޮންނަ ވަގުތުގެ) ޚަބަރު ތިމަންމެންނަށް ދެއްވުމަށް ނަބިއްޔާ ﷺ ނުކުމެވަޑައިގަތް ހިނދު، މުސްލިމުންގެ ދެ މީހަކު އެކަކު އަނެކަކާ ޒުވާބެއް ހިނގިއެވެ. ނަބިއްޔާ ޙަދީޘް ކުރެއްވިއެވެ: ”ހަމަކަށަވަރުން ތިމަން ނަބިއްޔާ ނުކުމެވަޑައިގަތީ ލައިލަތުލް ގަދްރި ވިލޭރޭގެ ޚަބަރު ތިޔަބައިމީހުންނަށް ދެއްވުމަށެވެ. އަދި މިވެނި މީހަކާއި އެވެނި މީހަކު ޒުވާބު ކުރުމުން، އެ ޚަބަރު (ތިމަން ނަބިއްޔާ ހަނދާނުން) އުފުލިގެން ހިނގައްޖެކަން ކަށަވަރެވެ. އަދި އެއީ ތިޔަބައިމީހުންނަށް ޓަކައިވާ ހެވެއް ކަމުގައި ވެދާނެއެވެ. (ރަމަޟަން މަހުގެ ފަހު) ހަތެއް، ނުވައެއް އަދި ފަހެއްގައި އެ (ލައިލަތުލް ގަދްރި) ވިލޭރޭ ހޯދާށެވެ.“,b49
صحيح البخاري,2024,حَدَّثَنَا عَلِيُّ بْنُ عَبْدِ اللَّهِ، حَدَّثَنَا سُفْيَانُ، عَنْ أَبِي يَعْفُورٍ، عَنْ أَبِي الضُّحَى، عَنْ مَسْرُوقٍ، عَنْ عَائِشَةَ ـ رضى الله عنها ـ قَالَتْ كَانَ النَّبِيُّ صلى الله عليه وسلم إِذَا دَخَلَ الْعَشْرُ شَدَّ مِئْزَرَهُ، وَأَحْيَا لَيْلَهُ، وَأَيْقَظَ أَهْلَهُ.,ޢާއިޝާ رَضِيَ اللَّهُ عَنْهَا ވިދާޅުވިކަމަށް ރިވާވެގެންވެއެވެ: ފަހު ދިހަ ވަނުމުން، ނަބީ ﷺ އެކަލޭގެފާނުގެ އިޒާރުކޮޅު ބާރުކުރައްވައެވެ. އަދި އެކަލޭގެފާނުގެ ރޭތައް އިހްޔާކުރައްވައެވެ. އަދި އެކަލޭގެފާނުގެ އަހުލުވެރިން ހޭލުއްވައެވެ. (އެބަހީ: އަނބިކަނބަލުންނާއެކު ޖިމާއުވުން ދޫކުރައްވާ، ރޭގަނޑު ހޭލާ ހުންނަވާ، އަޅުކަމައިގެން ގަދައަޅުއްވާ މަސައްކަތްކުރައްވައެވެ.),
صحيح البخاري,2059,عَنِ النبيِّ صَلَّى اللهُ عليه وسلَّمَ، قالَ: يَأْتي علَى النَّاسِ زَمانٌ، لا يُبالِي المَرْءُ ما أخَذَ منه، أمِنَ الحَلالِ أمْ مِنَ الحَرامِ.,“މުދާ ހޯދީ ޙަލާލު ގޮތުގައިތޯ ނުވަތަ ޙަރާމާ ގޮތުގައިތޯ ބަލައި ނުލާ ޒަމާނެއް މީސްތަކުންނާ ބައްދަލު ކުރާނެކަން ކަށަވަރެވެ.”,
صحيح البخاري,2069,"""رَهَنَ النَّبِيُّ صَلَّى اللهُ عَلَيْهِ وَسَلَّمَ دِرْعًا لَهُ بِالْمَدِينَةِ عِنْدَ يَهُودِيٍّ، وَأَخَذَ مِنْهُ شَعِيرًا لِأَهْلِهِ""","""ނައްބިޔާ ޞައްލަﷲ ޢަލައިހި ވަސައްލަމަ އެކަލޭގެފާނުގެ ހަނގުރާމައިގެ ދަހަނާކޮޅެއް މަދީނާގައި އުޅޭ ޔަހޫދީއެއްގެ އަތުގައި ރަހުނުގެ ގޮތުގައި ބަހައްޓާފައި އޭނާގެ އަތުން އެކަލޭގެފާނުގެ އަހުލުބައިތުންނަށް ގޮދަން ދަރަންޏަށް ނެންގެވިއެވެ.""",
صحيح البخاري,2083,ليأتين على الناس زمان لا يبالي المرء بما أخذ المال: أمن حلال أم من حرام,"""މީސްތަކުންގެ މައްޗަށް ޒަމާނެއް އަންނާނެއެވެ. މީހާ އޭނާ މުދާ ހޯދަނީ ކޮންގޮތަކަށްތޯ ބަލައިނުލާނެއެވެ. އެއީ ޙަރާމްކަމަތުންތޯ ނުވަތަ ޙަލާލް ކަމަކުންތޯއެވެ.""
//
މީސްތަކުންގެ މައްޗަށް ޒަމާނެއް އަންނާނެއެވެ. އެދުވަސްވަރު ދުނިޔޭގައި އުޅޭ މީހުން ކެއުމަށާއި، ބުއިމަށް ހޯދާ ތަކެއްޗަކީ ޙަލާލު ގޮތުގައި ހޯދި ތަކެތިތޯ؟ ނުވަތަ ޙަރާމް ގޮތުގައި ހޯދި ތަކެތިތޯ ބެލުމެއް ނެތި އެ ކައިބޮއި ހަދާނެއެވެ.",
صحيح البخاري,2169,وَالَّذِي نَفْسِي بِيَدِهِ لَتَأْمُرُنَّ بِالْمَعْرُوفِ وَلَتَنْهَوُنَّ عَنِ الْمُنْكَرِ أَوْ لَيُوشِكَنَّ اللهُ أَنْ يَبْعَثَ عَلَيْكُمْ عِقَابًا مِنْهُ ثُمَّ تَدْعُونَهُ فَلاَ يُسْتَجَابُ لَكُمْ,ތިމަންކަލޭގެފާނުގެ ނަފްސު އެފަރާތެއްގެ އަތްޕުޅުގައި ވާ ފަރާތް ގަންދެއްވަމެވެ. ތިޔަބައިމީހުން ހެޔޮކަންކަމަށް އަމުރުކުރާ ހުށިކަމެވެ. އަދި ނުބައިކަންކަން ނަހީކުރާ ހުށިކަމެވެ. ނޫންނަމަ ތިޔަބައިމީހުންގެ މައްޗަށް ﷲގެ ހަޟްރަތުން ޢަޒާބެއް ފޮނުންވުން ގާތްވެގެންވާކަން ކަށަވަރެވެ. ދެން ތިޔަބައިމީހުން ދުޢާކުރާނެތެވެ. އެހެނެއްކަމަކު ތިޔަބައިމީހުންގެ ދުޢާ ޢިޖާބަނުކުރެވޭ ހުއްޓެވެ.,
صحيح البخاري,2236,حَدَّثَنَا قُتَيْبَةُ: حَدَّثَنَا اللَّيْثُ، عَنْ يَزِيدَ بْنِ أَبِي حَبِيبٍ، عَنْ عَطَاءِ بْنِ أَبِي رَبَاحٍ، عَنْ جَابِرِ بْنِ عَبْدِ اللهِ رَضِيَ اللهُ عَنْهُمَا: أَنَّهُ سَمِعَ رَسُولَ اللهِ ﷺ يَقُولُ عَامَ الْفَتْحِ، وَهُوَ بِمَكَّةَ: إِنَّ اللهَ وَرَسُولَهُ حَرَّمَ بَيْعَ الْخَمْرِ وَالْمَيْتَةِ وَالْخِنْزِيرِ وَالْأَصْنَامِ، فَقِيلَ: يَا رَسُولَ اللهِ، أَرَأَيْتَ شُحُومَ الْمَيْتَةِ، فَإِنَّهَا يُطْلَى بِهَا السُّفُنُ، وَيُدْهَنُ بِهَا الْجُلُودُ، وَيَسْتَصْبِحُ بِهَا النَّاسُ؟ فَقَالَ: لَا، هُوَ حَرَامٌ، ثُمَّ قَالَ رَسُولُ اللهِ ﷺ عِنْدَ ذَلِكَ: قَاتَلَ اللهُ الْيَهُودَ إِنَّ اللهَ لَمَّا حَرَّمَ شُحُومَهَا جَمَلُوهُ، ثُمَّ بَاعُوهُ، فَأَكَلُوا ثَمَنَهُ.,ޖާބިރު ބިން ޢަބްދު ﷲ رَضِيَ اللَّهُ عَنْهُ ރިވާ ކުރެއްވިއެވެ: މައްކާ ފަތަޙަ ކުރެއްވި އަހަރު، ރަސޫލު ﷲ ﷺ އެ ބިމުގައި ހުންނަވައިގެން ޙަދީޘް ކުރައްވަނިކޮށް ތިމަން އަޑު އެހީމެވެ: ”ހަމަކަށަވަރުން ﷲ އާއި އެ އިލާހުގެ ރަސޫލާ ވަނީ ރަލާއި، މުޅަ ތަކެއްޗާއި، އޫރު މަހާއި، ބުދުތަކުގެ ވިޔަފާރިކުރުން ޙަރާމް ކުރައްވާފައެވެ.“ ދެން ނަބިއްޔާއަށް ދެންނެވުނެވެ: އޭ ﷲގެ ރަސޫލާއެވެ. މުޅަ ތަކެތީގެ ސަރުބީއާމެދު ދެކިލައްވަނީ ކިހިނަކުންތޯއެވެ؟ އެހެނީ ހަމަކަށަވަރުން އޮޑިދޯނިފަހަރުގައި (ތެޔޮ ހާކައިގެން ފެން ވަނަ ނުދިނުމަށް) ކަޑިތާރުލާން، އެ މުޅަ ތަކެތީގެ ސަރުބީގެ ތެޔޮ ބޭނުން ކުރެވެއެވެ. އަދި ދިބާޣުކުޅަހަންތަކުގައި ތެޔޮ ހޭކުމަށް ވެސް އޭގެ ބޭނުން ކުރެވެއެވެ. އަދި ވޮށް ދިއްލައި އަލި ކުރުމަށް ވެސް މީސްތަކުން އޭގެ ބޭނުން ކުރެއެވެ. ނަބިއްޔާ ޙަދީޘް ކުރެއްވިއެވެ: ”ނޫނެކެވެ. އެ ހަރާމްވެގެން ވެއެވެ.“ އެއަށްފަހު ރަސޫލު ﷲ ﷺ ޙަދީޘް ކުރެއްވިއެވެ: ”ﷲ ޔަހޫދީން ގަތުލު ކުރައްވާށިއެވެ. (އެބަހީ: އެބައިމީހުންނަށް ލަޢުނަތް ލައްވާށިއެވެ.) ހަމަކަށަވަރުން ﷲ އެބައިމީހުންނަށް ސަރުބީ ޙަރާމް ކުރެއްވުމުން، އެބައިމީހުން އެ ސަރުބީ ވިރުވައި ތެލައް ހަދައިގެން، ދެން އެ ވިއްކައިގެން އޭގެ އަގު ކައި އުޅުނެވެ.“ (އެބަހީ: އޭގެން ލިބުނު ފައިސާ ބޭނުން ކުރިއެވެ.),
صحيح البخاري,2276,"""انْطَلَقَ نَفَرٌ مِنْ أَصْحَابِ النَّبِيِّ صَلَّى اللهُ عَلَيْهِ وَسَلَّمَ فِي سَفْرَةٍ سَافَرُوهَا، حَتَّى نَزَلُوا عَلَى حَيٍّ مِنْ أَحْيَاءِ العَرَبِ، فَاسْتَضَافُوهُمْ فَأَبَوْا أَنْ يُضَيِّفُوهُمْ، فَلُدِغَ سَيِّدُ ذَلِكَ الحَيِّ، فَسَعَوْا لَهُ بِكُلِّ شَيْءٍ لاَ يَنْفَعُهُ شَيْءٌ، فَقَالَ بَعْضُهُمْ: لَوْ أَتَيْتُمْ هَؤُلاَءِ الرَّهْطَ الَّذِينَ نَزَلُوا، لَعَلَّهُ أَنْ يَكُونَ عِنْدَ بَعْضِهِمْ شَيْءٌ، فَأَتَوْهُمْ، فَقَالُوا: يَا أَيُّهَا الرَّهْطُ إِنَّ سَيِّدَنَا لُدِغَ، وَسَعَيْنَا لَهُ بِكُلِّ شَيْءٍ لاَ يَنْفَعُهُ، فَهَلْ عِنْدَ أَحَدٍ [ص:93] مِنْكُمْ مِنْ شَيْءٍ؟ فَقَالَ بَعْضُهُمْ: نَعَمْ، وَاللَّهِ إِنِّي لَأَرْقِي، وَلَكِنْ وَاللَّهِ لَقَدِ اسْتَضَفْنَاكُمْ فَلَمْ تُضَيِّفُونَا، فَمَا أَنَا بِرَاقٍ لَكُمْ حَتَّى تَجْعَلُوا لَنَا جُعْلًا، فَصَالَحُوهُمْ عَلَى قَطِيعٍ مِنَ الغَنَمِ، فَانْطَلَقَ يَتْفِلُ عَلَيْهِ، وَيَقْرَأُ: الحَمْدُ لِلَّهِ رَبِّ العَالَمِينَ فَكَأَنَّمَا نُشِطَ مِنْ عِقَالٍ، فَانْطَلَقَ يَمْشِي وَمَا بِهِ قَلَبَةٌ، قَالَ: فَأَوْفَوْهُمْ جُعْلَهُمُ الَّذِي صَالَحُوهُمْ عَلَيْهِ، فَقَالَ بَعْضُهُمْ: اقْسِمُوا، فَقَالَ الَّذِي رَقَى: لاَ تَفْعَلُوا حَتَّى نَأْتِيَ النَّبِيَّ صَلَّى اللهُ عَلَيْهِ وَسَلَّمَ فَنَذْكُرَ لَهُ الَّذِي كَانَ، فَنَنْظُرَ مَا يَأْمُرُنَا، فَقَدِمُوا عَلَى رَسُولِ اللَّهِ صَلَّى اللهُ عَلَيْهِ وَسَلَّمَ فَذَكَرُوا لَهُ، فَقَالَ: «وَمَا يُدْرِيكَ أَنَّهَا رُقْيَةٌ» ، ثُمَّ قَالَ: «قَدْ أَصَبْتُمْ، اقْسِمُوا، وَاضْرِبُوا لِي مَعَكُمْ سَهْمًا» فَضَحِكَ رَسُولُ اللَّهِ صَلَّى اللهُ عَلَيْهِ وَسَلَّمَ""","""ކީރިތި ނަބިއްޔާ ޞައްލަﷲ ޢަލައިހި ވަސައްލަމަގެ އަޞްހާބު ބޭކަލުން ދަތުރުފުޅެއްގައި ވަޑައިގެން ޢަރަބިންގެ ސަހަރަކަށް މަޑުކުރެއްވިއެވެ. އަދި އެމީހުންގެ ގާތުން މެހުމާންދާރީއަށް އެދިވަޑައިގެންނެވުމުން، އެމީހުން އެކަމަށް އިންކާރު ކުރިއެވެ. އެކަން އެހެން ހިނގާފައިވަނިކޮށް، އެރަށުގެ ވެރިމީހާގެ ގައިގައި އެއްޗެއް ކަށިޖަހައިފިއެވެ. އަދި އެކަމުގެ ވޭނުން ސާލާމަތްވޭތޯ ކުރެވެންހުރިހާ ކަމެއް ކުރިއެވެ.ނަމަވެސް އެމީހުންކުރި އެއްވެސް ކަމަކުން އެއްވެސް ފައިދާއެއް ނުކުރިއެވެ. ދެން އޭގެ ތެރެއިން އެއްބައްޔަކު ބުންޏެވެ. ""މިރަށަށް ފައިބައިގެން މިއުޅޭ މީހުންކުރެވެސް އަހަމާ ހިނގާށެވެ! ފަހަރެއްގައި އެމީހުންގެ މީހަކަށް ތިޔަކަމަކަށް ކުރާނެ ފަރުވާއެއް އެނގިދާނެއެވެ."" އެމީހުން އައިސް އެމީހުންގެ ވެރިމީހާ ގައިގައި އެއްޗެއް ކަށިޖެހި ވާހަކަ ކިޔައިދިނުމަށްފަހު ބުންޏެވެ.""ކަލޭމެންގެ ތެރޭގައި މިކަމަށް ކުރާނެ ފަރުވާއެއް ދަންނަ މީހަކު އެބަހުރިހެއްޔެވެ؟"" އެހިނދު އަޞްޙާބުބޭކަލުންގެ ތެރެއިން ބޭކަލަކު ވިދާޅުވިއެވެ."" އާނއެކެވެ! ތިކަމަށް ކިޔަވާނެ ތަކެތި ތިމަންކަލޭގެފާނު ދެނެވަޑައިގަންނަވަމުއެވެ. ނަމަވެސް، ﷲ ގަންދީ ވިދާޅުވަމެވެ. ތިމަން ބޭކަލުން ކަލޭމެން ކިބައިން މެހްމާން ދާރީއަކަށް އެދިވަޑައިގަތުމުން އެކަމަށްވެސް ކަލޭމެން ކުރީ އިންކާރެވެ. ވީމާ، ތިޔަކަމަށް، އަގެއް ދިނުމަށް އެއްބަސްވެގެންނޫނީ ތިމަންކަލޭގެފާނު ތިޔަކަމެއް ނުކުރައްވާހުށީމެވެ.""ދެން އަގެއްގެގޮތުގައި ބަކަރީގެ ޢަދަދެއް ދިނުމަށް ރުހުނެވެ. ދެން ވަޑައިގަތް : الحَمْدُ لِلَّهِ رَبِّ العَالَمِينَ (ސޫރަތުލް ފާތިޙާ) ކިޔަވައިވިދާލުވެ ފުމެލެއްވިއެވެ.އެހިނދު ވަގުތުން ރަނގަޅުވެ ހިނގަން ފެށިއެވެ. އޭނާގެ ގައިގައި ދަތުގެ އަސަރެއްވެސް ނެތެވެ. ދެން އެމީހުން އަގުގެގޮތުގައި ދޭން އެއްބަސްވި ބަކަރިތައް ދިނެވެ.އެތަކެތި ގެނައުމުން އެއްބަޔަކު ބުންޏެވެ. ތިޔަ ބަކަރި ބަހަމާ ހިނގާށެވެ! ފަރުވާކުރަން ވާޑައިގެންނެވި ބޭފުޅާ ވިދާޅުވިއެވެ. ކީރިތި ނަބިއްޔާ ޞައްލަﷲ ޢަލައިހި ވަސައްލަމަގެ އަރިހަށް ވަޑައިގަގެން އައްސަވާފައި އެކަލޭގެފާނު ކުރައްވާ އަމުރުފުޅެއް ބައްލަވާފައި ނޫނީ ނުބައްސަވާހުށީމެވެ! ދެން ކީރިތި ރަސޫލާ ޞައްލަﷲ ޢަލައިހި ވަސައްލަމަ އަރިހަށް ވަޑައިގެން އެވާހަކަތައް ކިޔައިދެއްވުމުން ޙަދީޘްކުރެއްވިއެވެ. ""އެއީ ބަލިތަކުން ޝިފާލިބޭ ރުގްޔާއެއްކަން ކަލޭގެފާނަށް އެނގިވަޑައިނުގަންނަވާ ހެއްޔެވެ!"" ދެން ޙަދީޘް ކުރެއްވިއެވެ. ""ތިޔަބައިމީހުން ތިޔަ ކުރިކަންތައް ރަނގަޅެވެ. އެތަކެތި ބައްސަވާށެވެ! އަދި ތިޔަބައިމީހުންނާއެކު ތިމަންކަލޭގެފާނަށްވެސް ބައެއް އަޅުއްވާށެވެ!"" އެހެން ޙަދީޘްކުރައްވާ ހިނިވަރުނަކުރެއްވިއެވެ""",
صحيح البخاري,2320,وَحَدَّثَنِي عَبْدُ الرَّحْمَنِ بْنُ الْمُبَارَكِ: حَدَّثَنَا أَبُو عَوَانَةَ، عَنْ قَتَادَةَ، عَنْ أَنَسٍ رَضِيَ اللهُ عَنْهُ قَالَ: قَالَ رَسُولُ اللهِ ﷺ: مَا مِنْ مُسْلِمٍ يَغْرِسُ غَرْسًا أَوْ يَزْرَعُ زَرْعًا، فَيَأْكُلَ مِنْهُ طَيْرٌ، أَوْ إِنْسَانٌ، أَوْ بَهِيمَةٌ، إِلَّا كَانَ لَهُ بِهِ صَدَقَةٌ وَقَالَ لَنَا مُسْلِمٌ: حَدَّثَنَا أَبَانُ: حَدَّثَنَا قَتَادَةُ: حَدَّثَنَا أَنَسٌ، عَنِ النَّبِيِّ ﷺ.,އަނަސް رَضِيَ اللَّهُ عَنْهُ ރިވާ ކުރެއްވިއެވެ: ރަސޫލު ﷲ ﷺ ޙަދީޘް ކުރެއްވިއެވެ: ”ރަސޫލުﷲ ﷺ ޙަދީޘްކުރެއްވިއެވެ: ”އެއްވެސް މުސްލިމަކު ގަހެއް އިންދައި ނުވަތަ ދަނޑެއް ހައްދުމަށް ފަހު، ދޫންޏެއް، އިންސާނެއް ނުވަތަ ޖަނަވާރެއް އޭގެން ކައިފި ނަމަ، ފަހެ އެކަން އެއީ އެ މުސްލިމަކަށްޓަކައިވާ ޞަދަގާތެއް ކަމުގައި މެނުވީ ވެގެން ނުދާނެއެވެ.“,
صحيح البخاري,2320,ما مِن مُسْلِمٍ يَغْرِسُ غَرْسًا، أَوْ يَزْرَعُ زَرْعًا، فَيَأْكُلُ منه طَيْرٌ أَوْ إِنْسَانٌ أَوْ بَهِيمَةٌ، إِلَّا كانَ له به صَدَقَةٌ.,މުސްލިމަކު ގަހެއް އިންދުމަށްފަހު ނުވަތަ ގޮވާންކުރުމަށްފަހު އޭގެން ދޫންޏެއް ނުވަތަ އިންސާނެއް ނުވަތަ ޖަނަވާރެއް ކޭކަމުގައިވީ ނަމަވެސް އެއީ އޭނާގެ މައްޗަށްވާ ޞަދާގާތެއް ކަމުގައި މެނުވީ ނުވެއެވެ.”,
صحيح البخاري,2411,(إنَّ النَّاسَ يُصْعَقُونَ يَوْمَ الْقِيَامَةِ فَأَكُونُ أَوَّلَ مَنْ يُفِيقُ فَأَجِدُ مُوسَى آخِذًا بِسَاقِ الْعَرْشِ فَلَا أَدْرِي هَلْ أَفَاقَ قَبْلِي أَمْ كَانَ مِمَّنْ اسْتَثْنَاهُ اللَّهُ؟,ހަމަކަށަވަރުން ގިޔާމަތްދުވަހުން ހުރިހާ އެންމެން މަރުވެގެންދާނެއެވެ. ފަހެ އެންމެ ފުރަތަމަ ހޭފުޅުލެވޭ ( ނުވަތަ: އަލުން ދިރުއްވޭނޭ) މީހަކީ ތިމަން ކަލޭގެފާނެއެވެ. އެހާރުން މޫސާގެފާނު ޢަރްޝުގައި ހިއްޕަވައިގެން ހުންނަވާތީ ދެކެވަޑައިގަންނަވާނަމެވެ. ފަހެ މޫސާގެފާނު ތިމަންކަލޭގެފާނަށްވުރެ އަވަހަށް ދިރުއްވެވުމުންކަމެއް ނުވަތަ އެއީ ﷲ އިސްތިޘްނާ ކުރައްވާފައިވާ ބޭކަލެއްކަމެއް ތިމަންކަލޭގެފާނަކަށް އެނގިވަޑައި ނުގަންނަވައެވެ.,
صحيح البخاري,2431,"""عَنْ أَنَسٍ رَضِيَ اللَّهُ عَنْهُ، قَالَ: مَرَّ النَّبِيُّ صَلَّى اللهُ عَلَيْهِ وَسَلَّمَ بِتَمْرَةٍ فِي الطَّرِيقِ، قَالَ: «لَوْلاَ أَنِّي أَخَافُ أَنْ تَكُونَ مِنَ الصَّدَقَةِ لَأَكَلْتُهَا»""","""އަނަސް ރަޟިޔަﷲ ޢަންހުގެ ކިބައިން ރިވާވެގެންވެއެވެ. ނަބިއްޔާ ޞައްލަﷲ ޢަލައިހި ވަސައްލަމަ ހިންގަވާފައި ވަޑައިގަންނަވަނިކޮށް ވެއްޓިފައި އޮތް ކަދުރެއް ފެނިވަޑައިގެން ޙަދީޘްކުރެއްވިއެވެ.""އެކަދުރަކީ ޞަދަގާތުގެ ގޮތުގައިނެގިފައިވާ ކަދުރުތަކުން ވެއްޓިގައިވާ އެއްޗަށް ވެދާނެ ކަމުގެ ބިރުހީނުވާނަމަ ތިމަން ކަލޭގެފާނު އެކަދުރު ފަރީއްކުޅުއްވީމުހެވެ.""",
صحيح البخاري,2440,حَدَّثَنَا إِسْحَاقُ بْنُ إِبْرَاهِيمَ: أَخْبَرَنَا مُعَاذُ بْنُ هِشَامٍ: حَدَّثَنِي أَبِي، عَنْ قَتَادَةَ، عَنْ أَبِي الْمُتَوَكِّلِ النَّاجِيِّ، عَنْ أَبِي سَعِيدٍ الْخُدْرِيِّ رَضِيَ اللهُ عَنْهُ، عَنْ رَسُولِ اللهِ ﷺ قَالَ: إِذَا خَلَصَ الْمُؤْمِنُونَ مِنَ النَّارِ حُبِسُوا بِقَنْطَرَةٍ بَيْنَ الْجَنَّةِ وَالنَّارِ، فَيَتَقَاصُّونَ مَظَالِمَ كَانَتْ بَيْنَهُمْ فِي الدُّنْيَا حَتَّى إِذَا نُقُّوا وَهُذِّبُوا، أُذِنَ لَهُمْ بِدُخُولِ الْجَنَّةِ، فَوَالَّذِي نَفْسُ مُحَمَّدٍ ﷺ بِيَدِهِ، لَأَحَدُهُمْ بِمَسْكَنِهِ فِي الْجَنَّةِ أَدَلُّ بِمَنْزِلِهِ كَانَ فِي الدُّنْيَا وَقَالَ يُونُسُ بْنُ مُحَمَّدٍ: حَدَّثَنَا شَيْبَانُ، عَنْ قَتَادَةَ: حَدَّثَنَا أَبُو الْمُتَوَكِّلِ.,އަބޫ ސައީދު އަލްޚުދްރީ رَضِيَ اللَّهُ عَنْهُ ރިވާ ކުރެއްވިއެވެ: ރަސޫލު ﷲ ﷺ ޙަދީޘް ކުރެއްވިއެވެ: ”މުއުމިނުން (ނަރަކަ މަތީގައިވާ ޞިރާޠުމަގު ހުރަސްކޮށް) ނަރަކައިން ސަލާމަތް ވުމަށްފަހު، ސުވަރުގެއާއި ނަރަކައާ ދެމެދުގައިވާ ފާލަމެއް ކައިރިން ހުއްޓުވޭނެއެވެ. ދެން އެބައިމީހުންގެ މެދުގައި ހިނގި އަނިޔާތަކަށް އެކަކު އަނެކެއްގެ ކިބައިން ބަދަލުހިފާނެއެވެ. އަދި (ތާހިރުވެ) އެކަންތައް ފުރިހަމަކޮށް ޚަލާޞް ކުރުމަށްފަހު، ސުވަރުގެ ވަނުމަށް އެބައިމީހުންނަށް ހުއްދަ ދެވޭނެއެވެ. މުޙައްމަދު ﷺ ގެ ފުރާނަފުޅު އެ ފަރާތެއްގެ އަތްޕުޅުގައިވާ ފަރާތް ގަންދީ ބުނަމެވެ. ހަމަކަށަވަރުން ތިޔަބައިމީހުންގެ ތެރެއިން މީހަކު، ދުނިޔޭގައި އޭނާގެ ގެ ދަންނަވަރަށް ވުރެ ބޮޑަށް، ސުވަރުގޭގައި އެ މީހެއްގެ ގެ ދަންނަލެއް ބޮޑުވާނެއެވެ.“,b22
صحيح البخاري,2459,حَدَّثَنَا بِشْرُ بْنُ خَالِدٍ: أَخْبَرَنَا مُحَمَّدٌ، عَنْ شُعْبَةَ، عَنْ سُلَيْمَانَ، عَنْ عَبْدِ اللهِ بْنِ مُرَّةَ، عَنْ مَسْرُوقٍ، عَنْ عَبْدِ اللهِ بْنِ عَمْرٍو رَضِيَ اللهُ عَنْهُمَا، عَنِ النَّبِيِّ ﷺ قَالَ: أَرْبَعٌ مَنْ كُنَّ فِيهِ كَانَ مُنَافِقًا، أَوْ كَانَتْ فِيهِ خَصْلَةٌ مِنْ أَرْبَعَةٍ كَانَتْ فِيهِ خَصْلَةٌ مِنَ النِّفَاقِ حَتَّى يَدَعَهَا: إِذَا حَدَّثَ كَذَبَ، وَإِذَا وَعَدَ أَخْلَفَ، وَإِذَا عَاهَدَ غَدَرَ، وَإِذَا خَاصَمَ فَجَرَ.,ޢަބްދު ﷲ ބިން ޢަމްރު رَضِيَ اللَّهُ عَنْهُمَا ރިވާ ކުރެއްވިއެވެ: ނަބިއްޔާ ﷺ ޙަދީޘް ކުރެއްވިއެވެ: ”ހަތަރު ސިފައެއް ހުރެއްޖެ މީހަކީ މުނާފިގެކެވެ. އަދި އެއިން (އެންމެ) ސިފައެއް ހުއްޓަސް، އެ ސިފަ ދޫކޮށްފުމަށް ދާންދެން އޭނާގެ ކިބައިގައި އެ ހުރީ މުނާފިގުކަމުގެ ސިފައެކެވެ. (އެ ހަތަރު ސިފައަކީ) އޭނާ ވާހަކައެއް ދައްކައިފި ނަމަ، ދޮގު ހަދާނެއެވެ. އަދި ވަޢުދެއް ވެއްޖެ ނަމަ، ޚިލާފު ވާނެއެވެ. އަދި ޢަހުދެއް (އެއްބަސްވުމެއް) ވެއްޖެ ނަމަ، ޚިޔާނާތްތެރި ވާނެއެވެ. އަދި އަރައިރުމެއް ވެއްޖެ ނަމަ، (ހައްދުފަހަނަޅައި) ހުތުރު އެއްޗެހި ގޮވާނެއެވެ.“,b34
صحيح البخاري,2466,قالوا: يا رَسُولَ اللَّهِ، وإنَّ لَنَا في البَهَائِمِ لَأَجْرًا؟ فَقالَ: في كُلِّ ذَاتِ كَبِدٍ رَطْبَةٍ أَجْرٌ.,ޞަޙާބީ ބޭކަލުން ދަންނަވައިފިއެވެ. “އޭ ﷲގެ ރަސޫލާ އެވެ! ހަމަކަށަވަރުން ޖަނަވާރުންނަށް ހެޔޮކޮށް ހިތުމުގެ ސަބަބުން އަޅުގަނޑުމެންނަށް އަޖުރު (ޘަވާބު) ލިބެނީ ތޯއެވެ؟” އެކަލޭގެފާނު ޙަދީޘް ކުރެއްވިއެވެ. ތެތްކަން ހުންނަ ކޮންމެ މޭގަނޑެއްގައި އަޖުރު ވެއެވެ. (އެބަހީ: ދިރޭ ކޮންމެ އެއްޗެއްގެ ފުށުން ތިޔަބައިމީހުންނަށް އަޖުރު ލިބޭ ހުއްޓެވެ.),
صحيح البخاري,2475,حَدَّثَنَا سَعِيدُ بْنُ عُفَيْرٍ قَالَ: حَدَّثَنِي اللَّيْثُ: حَدَّثَنَا عُقَيْلٌ، عَنِ ابْنِ شِهَابٍ، عَنْ أَبِي بَكْرِ بْنِ عَبْدِ الرَّحْمَنِ، عَنْ أَبِي هُرَيْرَةَ رَضِيَ اللهُ عَنْهُ قَالَ: قَالَ النَّبِيُّ ﷺ: لَا يَزْنِي الزَّانِي حِينَ يَزْنِي وَهُوَ مُؤْمِنٌ، وَلَا يَشْرَبُ الْخَمْرَ حِينَ يَشْرَبُ وَهُوَ مُؤْمِنٌ، وَلَا يَسْرِقُ حِينَ يَسْرِقُ وَهُوَ مُؤْمِنٌ، وَلَا يَنْتَهِبُ نُهْبَةً، يَرْفَعُ النَّاسُ إِلَيْهِ فِيهَا أَبْصَارَهُمْ، حِينَ يَنْتَهِبُهَا وَهُوَ مُؤْمِنٌ,އަބޫ ހުރައިރާ رَضِيَ اللَّهُ عَنْهُ ރިވާ ކުރެއްވިއެވެ: ނަބިއްޔާ ﷺ ޙަދީޘް ކުރެއްވިއެވެ: ”ޒިނޭ ކުރާ މީހާ، ޒިނޭ ކުރާ ހިނދު މުއުމިނެއް ކަމުގައި ވެހުރެ އެކަމެއް ނުކުރާނެއެވެ. އަދި ވައްކަން ކުރާ މީހާ، ވައްކަން ކުރާ ހިނދު މުއުމިނެއް ކަމުގައި ވެހުރެ އެކަމެއް ނުކުރާނެއެވެ. އަދި ރާ ބޯ މީހާ، ރާ ބޯ ހިނދު މުއުމިނެއް ކަމުގައި ވެހުރެ އެކަމެއް ނުކުރާނެއެވެ. އަދި މީސްތަކުން ބަލަބަލައި ތިއްބައި ފޭރޭ މީހާ، ފޭރޭ ހިނދު މުއުމިނެއް ކަމުގައި ވެހުރެ އެކަމެއް ނުކުރާނެއެވެ.“,
صحيح البخاري,2515,"""مَنْ حَلَفَ عَلَى يَمِينٍ يَسْتَحِقُّ بِهَا مَالًا وَهُوَ فِيهَا فَاجِرٌ، لَقِيَ اللَّهَ وَهُوَ عَلَيْهِ غَضْبَانُ""","""މީހެއްގެ މުދަލެއް އަތުލައިގަތުމަށް ދޮގުހުވާ ކުރާމީހާ މާތް ﷲއާ ބައްދަލު ކުރާހުށީ އޭނާގެ މައްޗަށް މާތް ﷲ ކޯފާވެވޮޑިގެންވާ ހާލުގައެވެ.""",
صحيح البخاري,2518,"عَنْ أَبِي ذَرٍّ ـ رضى الله عنه ـ قَالَ سَأَلْتُ النَّبِيَّ ﷺ أَىُّ الْعَمَلِ أَفْضَلُ، قَالَ "" إِيمَانٌ بِاللَّهِ، وَجِهَادٌ فِي سَبِيلِهِ ""‌. قُلْتُ فَأَىُّ الرِّقَابِ أَفْضَلُ قَالَ "" أَغْلاَهَا ثَمَنًا، وَأَنْفَسُهَا عِنْدَ أَهْلِهَا ""‌. قُلْتُ فَإِنْ لَمْ أَفْعَلْ. قَالَ "" تُعِينُ صَانِعًا أَوْ تَصْنَعُ لأَخْرَقَ ""‌. قَالَ فَإِنْ لَمْ أَفْعَلْ. قَالَ "" تَدَعُ النَّاسَ مِنَ الشَّرِّ، فَإِنَّهَا صَدَقَةٌ تَصَدَّقُ بِهَا عَلَى نَفْسِكَ ""","އަބޫ ޛައްރު ރަޟިޔަﷲ ޢަންހުގެ ކިބައިން ރިވާވެގެންވެއެވެ. ތިމަންކަލޭގެފާނު ނަބިއްޔާ ﷺ ގެ އަރިހުން ސުވާލުކުރެއްވީމެވެ. އެންމެ މޮޅު އިތުރުވެގެންވާ އަމަލަކީ ކޮބައިތޯއެވެ؟ ޙަދީޘްކުރެއްވިއެވެ. ""ﷲއަށް އީމާންވުމެވެ. އަދި ﷲގެ މަގުގައި ޖިހާދުކުރުމެވެ."" ދެން ތިމަންކަލޭގެފާނު ދެންނެވީމެވެ. މިނިވަންކުރަން އެންމެ މޮޅު އިތުރުވެގެންވަނީ ކޮން އަޅެއް ހެއްޔެވެ؟ ޙަދީޘްކުރެއްވިއެވެ. ""އެންމެ އަގުބޮޑު އޭނާގެ އަހުލުވެރިންނަށް އެންމެ ބޭނުންތެރި(އަގުހުރި) އަޅެކެވެ"" ތިމަންކަލޭގެފާނު ދެންނެވީމެވެ. އެކަން ތިމަންކަލޭގެފާނަށް ކުރުމުގެ ކުޅަދާނަކަން ނުލިބިއްޖެނަމަ (ހަދާނީ ކިހިނެއް ހެއްޔެވެ؟) ޙަދީޘްކުރެއްވިއެވެ. ""އެއްޗެހި އުފައްދާ (މަސައްކަތު) މީހަކަށް އެހީވާށެވެ. ނުވަތަ ކަމެއްކުރަން ނޭންގޭ މީހަކަށް އެކަންކޮށްދޭށެވެ."" ތިމަންކަލޭގެފާނު ދެންނެވީމެވެ. އެކަން ތިމަންކަލޭގެފާނަށް ކުރުމުގެ ކުޅަދާނަކަން ނުލިބިއްޖެނަމަ (ހަދާނީ ކިހިނެއް ހެއްޔެވެ؟) ޙަދީޘްކުރެއްވިއެވެ. ""މީހުންނަށް ގެއްލުން ދިނުމުން ދުރުވެގަންނާށެވެ. ފަހެ އެެއީ ތިބާގެ ނަފުސުުގެ މައްޗަށް ޞަދަގާތްކުރެވޭ ޞަދަގާތެކެވެ.""",
صحيح البخاري,2529,حَدَّثَنَا مُحَمَّدُ بْنُ كَثِيرٍ، عَنْ سُفْيَانَ: حَدَّثَنَا يَحْيَى بْنُ سَعِيدٍ، عَنْ مُحَمَّدِ بْنِ إِبْرَاهِيمَ التَّيْمِيِّ، عَنْ عَلْقَمَةَ بْنِ وَقَّاصٍ اللَّيْثِيِّ قَالَ: سَمِعْتُ عُمَرَ بْنَ الْخَطَّابِ رَضِيَ اللهُ عَنْهُ، عَنِ النَّبِيِّ ﷺ قَالَ: الْأَعْمَالُ بِالنِّيَّةِ، وَلِامْرِئٍ مَا نَوَى، فَمَنْ كَانَتْ هِجْرَتُهُ إِلَى اللهِ وَرَسُولِهِ فَهِجْرَتُهُ إِلَى اللهِ وَرَسُولِهِ، وَمَنْ كَانَتْ هِجْرَتُهُ لِدُنْيَا يُصِيبُهَا، أَوِ امْرَأَةٍ يَتَزَوَّجُهَا، فَهِجْرَتُهُ إِلَى مَا هَاجَرَ إِلَيْهِ.,ޢުމަރު ބިން އަލްޚައްޠާބު رَضِيَ اللَّهُ عَنْهُ ރިވާ ކުރެއްވިއެވެ: ނަބިއްޔާ ﷺ ޙަދީޘް ކުރެއްވިއެވެ: ”އަމަލުތައް ބިނާ ވެގެން ވަނީ ނިޔަތުގެ މައްޗަށެވެ. އަދި މީހަކަށް ވަނީ އެ މީހަކު ނިޔަތް ގަތް ކަމެކެވެ. ވީމާ، މީހަކު ހިޖުރަ ކުރީ ﷲ އާއި އެ އިލާހުގެ ރަސޫލާއަށްޓަކައި ނަމަ، ފަހެ އޭނާގެ ހިޖުރަ ވަނީ ﷲ އާއި އެ އިލާހުގެ ރަސޫލާއަށެވެ. އަދި މީހަކު ހިޖުރަ ކުރީ ދުނިޔެ ހޯދުމަށް ނުވަތަ އަންހެނަކާ އިނުމަށް ކަމުގައި ވަނީ ނަމަ، ފަހެ އެ މީހެއްގެ ހިޖުރަ ވަނީ، އޭނާ އެ ހިޖުރަ ކުރި ކަމަކަށެވެ.“,b1
صحيح البخاري,2537,أَوَّلُ زُمْرَةٍ تَلِجُ الْجَنَّةَ صُورَتُهُمْ عَلَى صُورَةِ الْقَمَرِ لَيْلَةَ الْبَدْرِ، لاَ يَبْصُقُونَ فِيهَا وَلاَ يَمْتَخِطُونَ وَلاَ يَتَغَوَّطُونَ، آنِيَتُهُمْ فِيهَا الذَّهَبُ، أَمْشَاطُهُمْ مِنَ الذَّهَبِ وَالْفِضَّةِ، وَمَجَامِرُهُمُ الأَلُوَّةُ، وَرَشْحُهُمُ الْمِسْكُ، وَلِكُلِّ وَاحِدٍ مِنْهُمْ زَوْجَتَانِ، يُرَى مُخُّ سُوقِهِمَا مِنْ وَرَاءِ اللَّحْمِ، مِنَ الْحُسْنِ، لاَ اخْتِلاَفَ بَيْنَهُمْ وَلاَ تَبَاغُضَ، قُلُوبُهُمْ قَلْبٌ وَاحِدٌ، يُسَبِّحُونَ اللَّهَ بُكْرَةً وَعَشِيًّا.,ޚިލާފު ވުމެއް ނުވަތަ އެއްބަޔަކު އަނެއް ބަޔަކަށް ރުޅިވެރިކަމެއް އެ މީހުންގެ މެދުގައި ނުވެއެވެ... އެބޭކަލުންގެ ހިތްތައްވާނީ އެކެއްގެ ހިތްފަދައިން (އެކުވެރި ކަންމަތީ) އެވެ. ޚިލާފުވުމެއް ނުވަތަ އެއްބަޔަކު އަނެއް ބަޔަކަށް ރުޅިވެރިކަމެއް އެ މީހުންގެ މެދުގައި ނުވެއެވެ. … (އެއްވެސް ތަކުލީފެއް އުފުލުމަކާ ނުލައި) ސުވަރުގޭގެ އަހުލުވެރީން ހެނދުނާއި ހަވީރު ﷲއަށް ތަސްބީޙަ ކިޔާނެތެވެ.,
صحيح البخاري,2545,حَدَّثَنَا آدَمُ بْنُ أَبِي إِيَاسٍ: حَدَّثَنَا شُعْبَةُ: حَدَّثَنَا وَاصِلٌ الْأَحْدَبُ قَالَ: سَمِعْتُ الْمَعْرُورَ بْنَ سُوَيْدٍ قَالَ: رَأَيْتُ أَبَا ذَرٍّ الْغِفَارِيَّ رَضِيَ اللهُ عَنْهُ، وَعَلَيْهِ حُلَّةٌ، وَعَلَى غُلَامِهِ حُلَّةٌ، فَسَأَلْنَاهُ عَنْ ذَلِكَ، فَقَالَ: إِنِّي سَابَبْتُ رَجُلًا، فَشَكَانِي إِلَى النَّبِيِّ ﷺ، فَقَالَ لِيَ النَّبِيُّ ﷺ: أَعَيَّرْتَهُ بِأُمِّهِ، ثُمَّ قَالَ: إِنَّ إِخْوَانَكُمْ خَوَلُكُمْ، جَعَلَهُمُ اللهُ تَحْتَ أَيْدِيكُمْ، فَمَنْ كَانَ أَخُوهُ تَحْتَ يَدِهِ، فَلْيُطْعِمْهُ مِمَّا يَأْكُلُ، وَلْيُلْبِسْهُ مِمَّا يَلْبَسُ، وَلَا تُكَلِّفُوهُمْ مَا يَغْلِبُهُمْ، فَإِنْ كَلَّفْتُمُوهُمْ مَا يَغْلِبُهُمْ فَأَعِينُوهُمْ.,އަލްމަޢުރޫރު ރިވާ ކުރެއްވިއެވެ: އަބޫ ޛައްރު އަލްޣިފާރީ رَضِيَ اللَّهُ عَنْهُ ތިމަން ދެކުނީމެވެ. އެކަލޭގެފާނު ހުންނެވީ ހެދުންކޮޅެއް ތުރުކޮށްގެންނެވެ. އަދި އެކަލޭގެފާނުގެ އަޅުކުއްޖާ ވެސް ހުރީ (އެފަދަ) ހެދުމެއް ލައިގެންނެވެ. ދެން އެކަމާ ބެހޭ ގޮތުން ތިމަން ސުވާލު ކުރީމެވެ. އެކަލޭގެފާނު ދެންނެވިއެވެ: ހަމަކަށަވަރުން ތިމަންނަ މީހަކަށް ހުތުރު އެއްޗެހި ގޮވުނެވެ. (ނޯޓު: އަބޫ ޛައްރަށް ބުނެވުނީ: އޭ މިހިރަ ކަޅު ބަބުރު އަންހެނާގެ ދަރިޔާއެވެ.) ދެން ތިމަންނަގެ ޝަކުވާ ނަބިއްޔާ ﷺ ގާތު އެ މީހާ ކުރިއެވެ. އަދި ނަބިއްޔާ ތިމަންނައަށް ޙަދީޘް ކުރެއްވިއެވެ: ”އޭނާގެ މަންމައަށް ނިސްބަތްކޮށް ތިބާ އޭނާ ދެރަކޮށްލީތޯއެވެ؟ ހަމަކަށަވަރުން ތިޔަބައިމީހުންގެ ޚާދިމުންނަކީ ހަމަ ތިޔަބައިމީހުންގެ އަޚުންނެވެ. ތިޔަބައިމީހުންގެ (ބާރާއި) ބެލުމުގެ ދަށަށް ﷲ އެބައިމީހުން ލެއްވިއެވެ. އަދި އެ މީހެއްގެ (ބާރާއި) ބެލުމުގެ ދަށުގައި އޭނާގެ އަޚާ ވާނަމަ، ފަހެ އެ މީހާކު ކައި އުޅޭ ތަކެތިން އޭނާއަށް ކާން ދޭށެވެ. އަދި އެ މީހަކު ލައި އުޅޭ ހެދުމުން އޭނާއަށް ހެދުންލައި ދޭށެވެ. އަދި އެ މީހުން ނުކުރެވޭވަރު ކަންތައް އެބައިމީހުންނަށް ހަވާލު ނުކުރާށެވެ. އަދި އެ މީހުން ނުކުރެވޭވަރު ކަމެއް ހަވާލުކޮށްފި ނަމަ، ފަހެ އެބައިމީހުންނަށް އެހީވެދޭށެވެ.“,b30
صحيح البخاري,2587,"قَالَ سَمِعْتُ النُّعْمَانَ بْنَ بَشِيرٍ رَضِيَ اللَّهُ عَنْهُمَا وَهُوَ عَلَى الْمِنْبَرِ يَقُولُ أَعْطَانِي أَبِي عَطِيَّةً، فَقَالَتْ عَمْرَةُ بِنْتُ رَوَاحَةَ لاَ أَرْضَى حَتَّى تُشْهِدَ رَسُولَ اللَّهِ ﷺ‏.‏ فَأَتَى رَسُولَ اللَّهِ ﷺ فَقَالَ إِنِّي أَعْطَيْتُ ابْنِي مِنْ عَمْرَةَ بِنْتِ رَوَاحَةَ عَطِيَّةً، فَأَمَرَتْنِي أَنْ أُشْهِدَكَ يَا رَسُولَ اللَّهِ‏.‏ قَالَ: «أَعْطَيْتَ سَائِرَ وَلَدِكَ مِثْلَ هَذَا؟»‏ قَالَ لاَ‏.‏ قَالَ"" «فَاتَّقُوا اللَّهَ، وَاعْدِلُوا بَيْنَ أَوْلاَدِكُمْ»‏‏ قَالَ فَرَجَعَ فَرَدَّ عَطِيَّتَهُ‏.‏
",ބަޝީރު ބިން ސަޢްދު، އެކަލޭގެފާނުގެ ދަރިފުޅު ނުޢުމާނަށް ހަދިޔާއަކަށް އަޅެއް ދިނުމުން، ނުޢުމާނުގެ މަންމަ ޢަމްރާ ދެންނެވިއެވެ. (ތިޔަ ކަމުގެ މައްޗަށް) ރަސޫލު ﷲ ﷺ ހެކިނުކުރާހާ ހިނދަކު، ތިމަން ތިޔަ ކަމަކަށް ނުރުހެމުއެވެ. ދެން ނަބީ ﷺ ހެކިކުރެއްވުމަށް ޓަކައި، އެކަލޭގެފާނު އަރިހަށް ބައްޕަ ގޮސް، އެ ޚަބަރު ދެއްވުމުން، ޙަދީޘްކުރެއްވިއެވެ: ”ނުޢުމާނަށް ދިން ފަދައިން، ތިބާގެ ކޮންމެ ދަރިއަކަށް ވެސް ދިނިންހެއްޔެވެ؟“ ބައްޕަ ނޫނެކޭ ބުނުމުން ޙަދީޘްކުރެއްވިއެވެ. ”ތިޔަބައިމީހުން ﷲ އަށް ބިރުވެތިވާށެވެ. އަދި ދަރިންގެ މެދުގައި އަދުލުވެރިވާށެވެ.“ ދެން އެ ދިން ހަދިޔާ ބައްޕަ އަނބުރާ ގެންދިޔައެވެ.,
صحيح البخاري,2652,"""خَيْرُ النَّاسِ قَرْنِي، ثُمَّ الَّذِينَ يَلُونَهُمْ، ثُمَّ الَّذِينَ يَلُونَهُمْ ...""","""އެންމެ ހެޔޮ ގަރުނުގެ މީހުންނަކީ ތިމަންކަލޭގެފާނު އުޅުއްވި ގަރުނުގެ މީހުންނެވެ. ދެން އެޔާ ޖެހުނު ގަރުނުގެ މީހުންނެވެ. ދެން އެޔާ ޖެހުނު ގަރުނުގެ މީހުންނެވެ.""",
صحيح البخاري,2654,حَدَّثَنَا مُسَدَّدٌ : حَدَّثَنَا بِشْرُ بْنُ الْمُفَضَّلِ : حَدَّثَنَا الْجُرَيْرِيُّ ، عَنْ عَبْدِ الرَّحْمَنِ بْنِ أَبِي بَكْرَةَ ، عَنْ أَبِيهِ رَضِيَ اللهُ عَنْهُ قَالَ : قَالَ النَّبِيُّ صَلَّى اللهُ عَلَيْهِ وَسَلَّمَ : أَلَا أُنَبِّئُكُمْ بِأَكْبَرِ الْكَبَائِرِ ، ثَلَاثًا ، قَالُوا : بَلَى يَا رَسُولَ اللهِ ، قَالَ : الْإِشْرَاكُ بِاللهِ ، وَعُقُوقُ الْوَالِدَيْنِ وَجَلَسَ وَكَانَ مُتَّكِئًا ، فَقَالَ أَلَا وَقَوْلُ الزُّورِ قَالَ : فَمَا زَالَ يُكَرِّرُهَا حَتَّى قُلْنَا : لَيْتَهُ سَكَتَ وَقَالَ إِسْمَاعِيلُ بْنُ إِبْرَاهِيمَ : حَدَّثَنَا الْجُرَيْرِيُّ : حَدَّثَنَا عَبْدُ الرَّحْمَنِ .,"އެކަލޭގެފާނުގެ ބަސްފުޅެއްގައި އައިސްފައި ވެއެވެ. ""أَلاَ أُنَبِّئُكُمْ بِأَكْبَرِ الْكَبَائِرِ؟"" ثَلاَثًا، قُلْنَا: بَلَى يَا رَسُولَ اللَّهِ: قَالَ: ""الإِشْرَاكُ بِاللَّهِ، وَعُقُوقُ الْوَالِدَيْنِ"". وَكَانَ مُتَّكِئًا فَجَلَسَ، فَقَالَ: ""أَلاَ وَقَوْلُ الزُّورِ، وَشَهَادَةُ الزُّورِ"". فَمَا زَالَ يُكَرِّرُهَا حَتَّى قُلْنَا: لَيْتَهُ سَكَت"".[رواه البخاري ومسلم]މާނައީ: ""ރަސޫލު اللَّهِ ﷺޙަދީޘްކުރެއްވިއެވެ. ""އެންމެބޮޑެތި ފާފަތަކަކީ ކޮބައިކަން ތިޔަބައިމީހުންނަށް ވިދާޅުވެދެއްވަން ހެއްޔެވެ؟"" މިފަދައިން ތިން ފަހަރު ޙަދީޘްކުރެއްވިއެވެ. ތިމަންމެން އަޞްޙާބުން ދެންނެވީމުއެވެ. ވިދާޅުވެދެއްވާށެވެ. އޭ اللَّهُގެ ރަސޫލާއެވެ. ޙަދީޘްކުރެއްވިއެވެ. {(އެއީ) اللَّهُ އަށް ޝަރީކުކުރުމެވެ. އަދި މައިންބަފައިންނަށް ނުކިޔަމަންތެރިވުމެވެ.} މިހެން ޙަދީޘްކުރެއްވި އިރު، އެކަލޭގެފާނު އިންނެވީ، (ތަނެއްގައި) ލެނގިވަޑައިގެންނެވެ. ފަހެ، އެކަލޭގެފާނު ރަނގަޅަށް ހަމަޖެހިވަޑައިގެން އިށީނދެވަޑައިގަތުމަށްފަހު ޙަދީޘްކުރެއްވިއެވެ. {ދަންނާށެވެ. އަދި ދޮގު ބުހުތާން ވާހަކަދެއްކުމެވެ. އަދި ދޮގުހެކިދިނުމެވެ.} ފަހެ، އެކަލޭގެފާނު މި ބަސްފުޅު ހުއްޓަވައި ނުލައްވައި ތަކުތާރުކުރައްވަމުން ގެންދެވިއެވެ. އެއީ (އެކަމުގެ ސަބަބުން އެކަލޭގެފާނަށް އުނދަގޫފުޅެއް ވެދާނެކަމަށްޓަކައި) ދެން ހުއްޓަވައިލައްވާނެނަމަ ކޮންފަދަހެއްޔޭ ތިމަންމެން ހިތައިފުމަށް ދާނދެނެވެ.]",
صحيح البخاري,2654,أَلَا أُنَبِّئُكُمْ بِأَكْبَرِ الكَبَائِرِ؟ ثَلَاثًا، قالوا: بَلَى يا رَسُولَ اللَّهِ، قالَ: الإشْرَاكُ باللَّهِ، وَعُقُوقُ الوَالِدَيْنِ - وَجَلَسَ وَكانَ مُتَّكِئًا فَقالَ - أَلَا وَقَوْلُ الزُّورِ، قالَ: فَما زَالَ يُكَرِّرُهَا حتَّى قُلْنَا: لَيْتَهُ سَكَتَ .,ތިމަންކަލޭގެފާނު ތިޔަބައިމީހުންނަށް ބޮޑެތިފާފަތައް ބުނެދެމުހެއްޔެވެ؟؟ އެބޭކަލުން ދެންނެވިއެވެ. އާދޭހެވެ. އެކަލޭގެފާނު ޙަދީޘްކުރެއްވިއެވެ. ﷲއަށް ޝިރުކު ކުރުމެވެ. އަދި މައިންބަފައިންނަށް ނުބައިކޮށް ހިތުމެވެ. އަދި ލެނގިވަޑައިގެން އިންތަނުން ތެދުވެވަޑައިގެންފައި ޙަދީޘްކުރެއްވިއެވެ. ދަންނާށެވެ! އަދި ދޮގުބަސް ބުނުމާއި ދޮގުހެކި ދިނުމެވެ.,
صحيح البخاري,2662,عَنْ أَنَسٍ عَنِ النَّبِيِّ ﷺ قَالَ مَا أَحَدٌ يَدْخُلُ الْجَنَّةَ يُحِبُّ أَنْ يَرْجِعَ إِلَى الدُّنْيَا وَلَهُ مَا عَلَى الْأَرْضِ مِنْ شَيْءٍ إِلَّا الشَّهِيدُ يَتَمَنَّى أَنْ يَرْجِعَ إِلَى الدُّنْيَا فَيُقْتَلَ عَشْرَ مَرَّاتٍ لِمَا يَرَى مِنْ الْكَرَامَةِ,""" ޝަހީދުވެފައިވާ މީހުން ފިޔަވައި އެހެން އެއްވެސް މީހަކު ސުވަރުގެއަށް ވަނުމަށް ފަހު އެނބުރި ދުނިޔެއަށް އައިސް ދުނިޔޭގައިވާ އެއްވެސް އެއްޗެއް ބޭނުން ކުރާކަން ނޭދޭނެއެވެ. ނަމަވެސް ޝަހީދުވެފައިވާ މީހާ އޭނާ ދުނިޔެއަށް އެނބުރި އައުމަށް ފަހު ( ﷲ ގެ މަގުގައި ޖިހާދުކޮށް ) ދިހަ ފަހަރު ގަތުލުވުމަށް އެދޭނެއެވެ. އެއީ އޭނާއަށް ޝަހީދުވުމުގައިވާ ކަރާމާތް ފެނިފައިވާތީއެވެ. އެހެން ރިވާޔަތެއްގައި ވެއެވެ. އެއީ ޝަހީދުންނަށް ދެއްވާފައިވާ މަތިވެރި ދަރަޖަ އެމީހުންނަށް ފެނުމުންނެވެ.",
صحيح البخاري,2678,حَدَّثَنَا إِسْمَاعِيلُ بْنُ عَبْدِ اللهِ قَالَ: حَدَّثَنِي مَالِكٌ، عَنْ عَمِّهِ أَبِي سُهَيْلِ بْنِ مَالِكٍ، عَنْ أَبِيهِ: أَنَّهُ سَمِعَ طَلْحَةَ بْنَ عُبَيْدِ اللهِ يَقُولُ: جَاءَ رَجُلٌ إِلَى رَسُولِ اللهِ ﷺ، فَإِذَا هُوَ يَسْأَلُهُ عَنِ الْإِسْلَامِ، فَقَالَ رَسُولُ اللهِ ﷺ: خَمْسُ صَلَوَاتٍ فِي الْيَوْمِ وَاللَّيْلَةِ، فَقَالَ: هَلْ عَلَيَّ غَيْرُهَا؟ قَالَ: لَا، إِلَّا أَنْ تَطَوَّعَ، فَقَالَ رَسُولُ اللهِ ﷺ: وَصِيَامُ رَمَضَانَ، قَالَ: هَلْ عَلَيَّ غَيْرُهُ؟ قَالَ: لَا، إِلَّا أَنْ تَطَوَّعَ، قَالَ وَذَكَرَ لَهُ رَسُولُ اللهِ ﷺ الزَّكَاةَ، قَالَ: هَلْ عَلَيَّ غَيْرُهَا؟ قَالَ: لَا، إِلَّا أَنْ تَطَوَّعَ، فَأَدْبَرَ الرَّجُلُ وَهُوَ يَقُولُ: وَاللهِ لَا أَزِيدُ عَلَى هَذَا وَلَا أَنْقُصُ، قَالَ رَسُولُ اللهِ ﷺ: أَفْلَحَ إِنْ صَدَقَ.,ޠަލްޙާ ބިން ޢުބައިދި ﷲ ރިވާ ކުރެއްވިއެވެ: ނަޖްދު ކަރައިން ބޯ ހޭވިފަ ހުރި މީހަކު (އެބަހީ: އަޢުރާބީއަކު) ރަސޫލު ﷲ ﷺ ގެ އަރިހަށް އައެވެ. އޭނާގެ އަޑުގެ ބާރުކަން އިވުނަސް، އޭނާ ކިޔައި އެއްޗެއް ނޭނގުނެވެ. ދެން އޭނާ ކައިރިވުމުން، އިސްލާމް ދީނާ ބެހޭ ގޮތުން ސުވާލު ކުރާކަން އިނގުނެވެ. ރަސޫލު ﷲ ﷺ ޙަދީޘް ކުރެއްވިއެވެ: ”ރެޔާއި ދުވާލަކު (ފަރުޟު) ފަސް ނަމާދެވެ.“ އޭނާ ދެންނެވިއެވެ: އެ ނޫން (ނަމާދެއް) ތިމަންނަގެ މައްޗަށް ވޭތޯއެވެ؟ ނަބިއްޔާ ޙަދީޘް ކުރެއްވިއެވެ: ”ނޫނެކެވެ. އެއީ ތިބާ އިތުރަށް (ސުންނަތް ނަމާދު) ކުރަން ބޭނުން ވާނަމަ މެނުވީއެވެ.“ ރަސޫލު ﷲ ﷺ ޙަދީޘް ކުރެއްވިއެވެ: ”އަދި ރަމަޟާން މަހު ރޯދަ ހިފުމެވެ.“ އޭނާ ދެންނެވިއެވެ: އެ ނޫން (ރޯދައެއް) ތިމަންނަގެ މައްޗަށް ވޭތޯއެވެ؟ ރަސޫލާ ޙަދީޘް ކުރެއްވިއެވެ: ”ނޫނެކެވެ. އެއީ ތިބާ އިތުރަށް (ސުންނަތް ރޯދަ) ހިފަން ބޭނުން ވާނަމަ މެނުވީއެވެ.“ އަދި އޭނާއަށް ޒަކާތުގެ ވާހަކަ ރަސޫލާ ﷺ ކިޔައިދެއްވިއެވެ. އޭނާ ދެންނެވިއެވެ: އެ ނޫން (ޒަކާތެއް) ތިމަންނަގެ މައްޗަށް ވޭތޯއެވެ؟ ނަބިއްޔާ ޙަދީޘް ކުރެއްވިއެވެ: ”ނޫނެކެވެ. އެއީ ތިބާ އިތުރަށް (ޞަދަގާތް) ކުރަން ބޭނުން ވާނަމަ މެނުވީއެވެ.“ އެއަށްފަހު އެ މީހާ އެނބުރި ދަމުން ދެންނެވިއެވެ: ﷲ ގަންދީ ބުނަމެވެ. މި ކަމުގެ މައްޗަށް އިތުރެއް ވެސް އުންޏެއް ވެސް ނުކުރާނަމެވެ. ރަސޫލު ﷲ ﷺ ޙަދީޘް ކުރެއްވިއެވެ: ”އޭނަ ތެދުވެރިވެއްޖެ ނަމަ އޭނާ ކާމިޔާބު ވާނެއެވެ.“ (އެބަހީ: ސުވަރުގެ ވަންނާނެއެވެ.),b46
صحيح البخاري,2681,حَدَّثَنَا إِبْرَاهِيمُ بْنُ حَمْزَةَ: حَدَّثَنَا إِبْرَاهِيمُ بْنُ سَعْدٍ، عَنْ صَالِحٍ، عَنِ ابْنِ شِهَابٍ، عَنْ عُبَيْدِ اللهِ بْنِ عَبْدِ اللهِ: أَنَّ عَبْدَ اللهِ بْنَ عَبَّاسٍ رَضِيَ اللهُ عَنْهُمَا أَخْبَرَهُ قَالَ: أَخْبَرَنِي أَبُو سُفْيَانَ: أَنَّ هِرَقْلَ قَالَ لَهُ: سَأَلْتُكَ مَاذَا يَأْمُرُكُمْ، فَزَعَمْتَ: أَنَّهُ أَمَرَكُمْ بِالصَّلَاةِ، وَالصِّدْقِ، وَالْعَفَافِ، وَالْوَفَاءِ بِالْعَهْدِ، وَأَدَاءِ الْأَمَانَةِ، قَالَ: وَهَذِهِ صِفَةُ نَبِيٍّ.,އަބޫ ސުފްޔާނު ބިން ޙަރްބު ރިވާ ކުރެއްވިއެވެ: ހިރަގްލު އެކަލޭގެފާނަށް ދެންނެވިއެވެ: އެ ނަބިއްޔާ ތިޔަބައިމީހުންނަށް އަމުރު ކުރައްވަނީ ކޮންކަމަކަށްތޯ ސުވާލު ކުރީމެވެ. ތިބާ ދެންނެވީ އެކަލޭގެފާނު އަމުރު ކުރައްވަނީ ނަމާދު ކުރުމަށާއި، ތެދުވެރިވުމަށާއި، ޢިއްފަތްތެރިވުމަށާއި، ޢަހުދަށް ވަފާތެރިވުމަށާއި، އަމާނާތް އަދާކުރުމަށެވެ. އަދި މިއީ ނަބިއްޔެއްގެ ސިފަފުޅުތަކެވެ.,b7
صحيح البخاري,2682,حَدَّثَنَا قُتَيْبَةُ بْنُ سَعِيدٍ: حَدَّثَنَا إِسْمَاعِيلُ بْنُ جَعْفَرٍ، عَنْ أَبِي سُهَيْلٍ نَافِعِ بْنِ مَالِكِ بْنِ أَبِي عَامِرٍ، عَنْ أَبِيهِ، عَنْ أَبِي هُرَيْرَةَ رَضِيَ اللهُ عَنْهُ: أَنَّ رَسُولَ اللهِ ﷺ قَالَ: آيَةُ الْمُنَافِقِ ثَلَاثٌ: إِذَا حَدَّثَ كَذَبَ، وَإِذَا اؤْتُمِنَ خَانَ، وَإِذَا وَعَدَ أَخْلَفَ.,އަބޫ ހުރައިރާ رَضِيَ اللَّهُ عَنْهُ ރިވާ ކުރެއްވިއެވެ: ރަސޫލު ﷲ ﷺ ޙަދީޘް ކުރެއްވިއެވެ: ”މުނާފިގެއްގެ ތިން އަލާމާތެއް ވެއެވެ. އޭނާ ވާހަކައެއް ދައްކައިފި ނަމަ، ދޮގު ހަދާނެއެވެ. އަދި އަމާނާތެއް ހަވާލު ކުރެވިއްޖެ ނަމަ، ޚިޔާނާތްތެރި ވާނެއެވެ. އަދި ވަޢުދެއް ވެއްޖެ ނަމަ، ޚިލާފު ވާނެއެވެ.“,b33
صحيح البخاري,2692,ليسَ الكَذَّابُ الذي يُصْلِحُ بيْنَ النَّاسِ، فَيَنْمِي خَيْرًا، أوْ يقولُ خَيْرًا.,ހެޔޮކަންކަން އާލާކޮށް ރަނގަޅު ބަސްތައްބުނެ، މީސްތަކުގެ ދެމެދު އިޞްލާޙުކުރާ މީހާއީ ދޮގުވެރިއެއް ނޫނެވެ.,
صحيح البخاري,2697,مَن أَحْدَثَ في أَمْرِنَا هذا ما ليسَ فِيهِ، فَهو رَدٌّ,މި ދީނުގެ ތެރެއަށް އޭގައި ނުވާކަމެއް މީހަކު އުފައްދައިފި ނަމަ، ފަހެ އެ ކަމެއް ވަނީ ރައްދުވެގެންނެވެ.,
صحيح البخاري,2697,حَدَّثَنَا يَعْقُوبُ: حَدَّثَنَا إِبْرَاهِيمُ بْنُ سَعْدٍ، عَنْ أَبِيهِ، عَنِ الْقَاسِمِ بْنِ مُحَمَّدٍ، عَنْ عَائِشَةَ رَضِيَ اللهُ عَنْهَا قَالَتْ: قَالَ رَسُولُ اللهِ ﷺ: مَنْ أَحْدَثَ فِي أَمْرِنَا هَذَا مَا لَيْسَ فِيهِ فَهُوَ رَدٌّ. رَوَاهُ عَبْدُ اللهِ بْنُ جَعْفَرٍ الْمُخَرِّمِيُّ، وَعَبْدُ الْوَاحِدِ بْنُ أَبِي عَوْنٍ، عَنْ سَعْدِ بْنِ إِبْرَاهِيمَ.,ޢާއިޝާ رَضِيَ اللَّهُ عَنْهَا ރިވާ ކުރެއްވިއެވެ: ރަސޫލު ﷲ ﷺ ޙަދީޘް ކުރެއްވިއެވެ: ”އަހަރެމެންގެ މި ދީނުގައި ނުވާ އާ ކަމެއް އުފައްދައި (ބިދުޢައެއް ގެނެސްގެންފި) މީހާ (ދަންނާށެވެ!) ފަހެ، އެ ކަމެއް ވަނީ (ބާޠިލުވެ) ރައްދު ކުރެވިގެންނެވެ.“,
صحيح البخاري,2731,"قَالَ فَلَمَّا فَرَغَ مِنْ قَضِيَّةِ الْكِتَابِ قَالَ رَسُولُ اللَّهِ ﷺ لأَصْحَابِهِ "" قُومُوا فَانْحَرُوا، ثُمَّ احْلِقُوا "". قَالَ فَوَاللَّهِ مَا قَامَ مِنْهُمْ رَجُلٌ حَتَّى قَالَ ذَلِكَ ثَلاَثَ مَرَّاتٍ، فَلَمَّا لَمْ يَقُمْ مِنْهُمْ أَحَدٌ دَخَلَ عَلَى أُمِّ سَلَمَةَ، فَذَكَرَ لَهَا مَا لَقِيَ مِنَ النَّاسِ. فَقَالَتْ أُمُّ سَلَمَةَ يَا نَبِيَّ اللَّهِ، أَتُحِبُّ ذَلِكَ اخْرُجْ ثُمَّ لاَ تُكَلِّمْ أَحَدًا مِنْهُمْ كَلِمَةً حَتَّى تَنْحَرَ بُدْنَكَ، وَتَدْعُوَ حَالِقَكَ فَيَحْلِقَكَ. فَخَرَجَ فَلَمْ يُكَلِّمْ أَحَدًا مِنْهُمْ، حَتَّى فَعَلَ ذَلِكَ نَحَرَ بُدْنَهُ، وَدَعَا حَالِقَهُ فَحَلَقَهُ. فَلَمَّا رَأَوْا ذَلِكَ، قَامُوا فَنَحَرُوا، وَجَعَلَ بَعْضُهُمْ يَحْلِقُ بَعْضًا، حَتَّى كَادَ بَعْضُهُمْ يَقْتُلُ بَعْضًا غَمًّا",ރަސޫލުﷲ ޞައްލަﷲ ޢަލައިހި ވަސައްލަމަ (ޞުލްޙަ ހުދައިބިއްޔާގެ ދުވަހުގައި) އެކަލޭގެފާނުގެ ޞަޙާބީންނަށް ޙަދީޘްކުރެއްވިއެވެ. ތިޔަބައިމީހުންގެ އިޙްރާމްތައް ކަނޑައި، ބޯތައް ބާލާށެވެ! (ޙަދީޘް ރިވާކުރެއްވި ރާވީ ވިދާޅުވެއެވެ.): ﷲ ގަންދީ ބުނަމެވެ. އެކަލޭގެފާނު ތަކުރާރުކޮށް ތިންފަހަރު އެހެން ޙަދީޘްކުރެއްވުމުންވެސް ހަމަ އެންމެ ބޭފުޅަކުވެސް ތިއްބެވި ތަނުން ތެދުވެވަޑައިނުގައްނަވައެވެ. އެއްވެސް ބޭފުޅަކު ތެދުވެވަޑައިނުގަތުމުން، އެކަލޭގެފާނު، އެކަލޭގެފާނުގެ އަނބިކަނބަލުން އުއްމު ސަލަމާ ރަޟިޔަﷲ ޢަންހާގެ ގާތަށް ވަޑައިގެން މީސްތަކުންގެ އަމަލުތައް ހުރިގޮތާއިމެދު އެކަމަނާއާއި ވާހަކަފުޅުދެއްކެވިއެވެ. އެކަމަނާ ވިދާޅުވިއެވެ. ކަލޭގެފާނު އެބައިމީހުން އެފަދައިން ކަންތައްތައް ކުރުމަށް އެދިވަޑައިގަންނަވަމުތޯއެވެ. (އެހެންކަމަށް ވަނީނަމަ) އެމީހުންގެ ތެރެއަށް ނިކުމެވަޑައިގެން އޭގެތެރެއިން އެއްވެސް ބޭފުޅަކާއި އެއްވެސް ބަސްފުޅެއް ވިދާޅުނުވެ، ކަލޭގެފާނުގެ އިޙްރާމް ކަނޑުއްވައި ބޯފުޅު ބާލުއްވާށެވެ. ދެން އެކަލޭގެފާނު ޞަހާބީންގެ ތެރެއަށް ނިކުމެވަޑައިގެން އޭގެތެރެއިން އެއްވެސް ބޭފުޅަކާއި އެއްވެސް ބަސްފުޅެއް ވިދާޅުނުވެ، އެކަލޭގެފާނުގެ އިޙްރާމް ކަނޑުއްވައި، ބޯފުޅުބާލުއްވައި ހެއްދެވިއެވެ. މީސްތަކުންނަށް އެކަލޭގަފާނު އެފަދައިން ކަންކުރެއްވިތަން ފެނުމުން ތެދުވެ، އެބައިމީހުންގެ އިޙްރާމްކަނޑައި އެކަކު އަނެކެއްގެ ބޯބާލަން ފެށިއެވެ. އެކަމުގައި އެބައިމީހުން އެއްބަޔަކު އަނެއްބައެއް ގަތުލުވާންކައިރިވާ ވަރަށެވެ.,
صحيح البخاري,2736,"عَنْ أَبِي هُرَيْرَةَ ـ رضى الله عنه ـ أَنَّ رَسُولَ اللَّهِ ﷺ قَالَ "" إِنَّ لِلَّهِ تِسْعَةً وَتِسْعِينَ اسْمَا مِائَةً إِلاَّ وَاحِدًا مَنْ أَحْصَاهَا دَخَلَ الْجَنَّةَ ""‌",އަބޫ ހުރައިރާ رَضِيَ اللَّهُ عَنْهُ ގެ އަރިހުން ރިވާވެގެންވެއެވެ. ހަމަކަށަވަރުން ރަސޫލު ﷲ ﷺ ޙަދީޘްކުރެއްވިއެވެ: ”ހަމަކަށަވަރުން، އެ އިސްމުފުޅުތައް އިޙްޞާއުކޮށްފި މީހަކު ސުވަރުގެ ވަންނާނެ، ނުވަދިހަ ނުވަ އިސްމުފުޅު - އެކެއް ނުލައި ސަތޭކަ - ﷲ އަށް ވެއެވެ.“ (ނޯޓު: ﷲ އަށް ނުވަދިހަ ނުވަ އިސްމުފުޅުގެ އިތުރަށް ވެސް އެތައް އިސްމުފުޅެއް ވެއެވެ. މިތާ މި ދައްކަނީ އޭގެ ތެރެއިން ވަކި އިސްމުފުޅުތަކެއްގެ ވާހަކައެވެ. އަދި އެ ޚާއްސަ އިސްމުފުޅުތައް އިޙްޞާއުކުރުމަކީ، އެ އިސްމުފުޅުތައް ދަސްކޮށް، ހިތުދަސްކޮށް، މަޢްރިފާކޮށް ދެނެގަނެ، އެއާމެދު ރައްކާތެރިވެ، އެއަށް އީމާންވެ، ޢަމަލުކުރުމެވެ.),
صحيح البخاري,2737,"""أَنْ عُمَرَ بْنَ الخَطَّابِ أَصَابَ أَرْضًا بِخَيْبَرَ، فَأَتَى النَّبِيَّ صَلَّى اللهُ عَلَيْهِ وَسَلَّمَ يَسْتَأْمِرُهُ فِيهَا، فَقَالَ: يَا رَسُولَ اللَّهِ، إِنِّي أَصَبْتُ أَرْضًا بِخَيْبَرَ لَمْ أُصِبْ مَالًا قَطُّ أَنْفَسَ عِنْدِي مِنْهُ، فَمَا تَأْمُرُ بِهِ؟ قَالَ: «إِنْ شِئْتَ حَبَسْتَ أَصْلَهَا، وَتَصَدَّقْتَ بِهَا» قَالَ: فَتَصَدَّقَ بِهَا عُمَرُ، أَنَّهُ لاَ يُبَاعُ وَلاَ يُوهَبُ وَلاَ يُورَثُ، وَتَصَدَّقَ بِهَا فِي الفُقَرَاءِ، وَفِي القُرْبَى وَفِي الرِّقَابِ، وَفِي سَبِيلِ اللَّهِ، وَابْنِ السَّبِيلِ، وَالضَّيْفِ لاَ جُنَاحَ عَلَى مَنْ وَلِيَهَا أَنْ يَأْكُلَ مِنْهَا بِالْمَعْرُوفِ، وَيُطْعِمَ غَيْرَ مُتَمَوِّلٍ""","""ޢުމަރު ބްނު އަލްޚައްޠާބު ޚައިބަރުން ބިމެއް ލިބިވަޑައިގަތެވެ. ފަހެ އެކަލޭފާނު ރަސޫލާ ޞައްލަﷲ ޢަލައިހި ވަސައްލަމަ އަރިހަށް ވަޑައިގަތެވެ. އަދި އެބިމުގެ ބޭނުން ހިއްޕަވަންވީ ގޮތަކާމެދު އެކަލޭގެފާނުގެ ލަފާފުޅަކަށް އެދިވަޑައިގެންނެވިއެވެ. ޢުމަރުގެފާނު ދެންނެވިއެވެ."" އޭ ﷲގެ ރަސޫލާއެވެ. ތިމަންނައަށް ޚައިބަރުން ބިމެއް ލިބިއްޖެއެވެ. އަދި އެބިމަކީ ތިމަންނަގެ މުދަލުގެ ތެރެއިން އެންމެ އަގުހުރި މުދާވެސް މެއެވެ. އެބިމާމެދު ކަލޭގެފާނު އަމުރުކުރައްވާނެ ކަމަކީ ކޮބައިތޯއެވެ؟"" އެކަލޭގެފާނު ޙަދީޘްކުރެއްވިއެވެ. ""ކަލޭގެފާނު އެދިލައްވާނަމަ އެބިމުގެ އަޞްލު ހިފަހައްޓަވާ ރައްކާކުރައްވާށެވެ. އަދި އެއިން ލިބޭ އެއްޗަކުން ޞަދަގާތް ކުރައްވާށެވެ. "" ޢުމަރުގެފާނު އެގޮތައް އެބިން ޞަދަގާތް ކުރެއްވިއެވެ. އެބިމަކީ ނުވިއްކޭނެ، ހިބަނުކުރެވޭނެ، އަދި ވާރުތަނުކުރެވޭނެ އެއްޗެއްގެގޮތުގައި ބޭއްވިއެވެ. އަދި އެއީ ފަގީރުންނާއި ، ގާތްތަމާގެ މީހުންނާއި އަޅުން މިނިވަންކުރުމާއި ، މުޖާހިދުންނަށާއި، ﷲގެ މަގުގައި ނިކުމެއުޅޭ ދަތުރުވެރިންނާއި އަދި މެހުމާނުންނަށް ލިބިގެންވާ ޞަދަގާތެއް ގޮތުގައި ލެއްވިއެވެ. އެދަނޑު ބަލަހައްޓާ ފަރާތް އެދަނޑުގެ ތަކެތި ޚަޒާނާކުރުމަކާ ނުލައި ހެޔޮގޮތުގައި ކެއުމާއި އަދި ކާންދިނުމަކީ ފާފައެއް ނޫނެވެ. """,
صحيح البخاري,2749,حَدَّثَنَا سُلَيْمَانُ بْنُ دَاوُدَ أَبُو الرَّبِيعِ: حَدَّثَنَا إِسْمَاعِيلُ بْنُ جَعْفَرٍ: حَدَّثَنَا نَافِعُ بْنُ مَالِكِ بْنِ أَبِي عَامِرٍ أَبُو سُهَيْلٍ عَنْ أَبِيهِ عَنْ أَبِي هُرَيْرَةَ رَضِيَ اللهُ عَنْهُ: عَنِ النَّبِيِّ ﷺ قَالَ: آيَةُ الْمُنَافِقِ ثَلَاثٌ: إِذَا حَدَّثَ كَذَبَ وَإِذَا اؤْتُمِنَ خَانَ وَإِذَا وَعَدَ أَخْلَفَ.,އަބޫ ހުރައިރާ رَضِيَ اللَّهُ عَنْهُ ރިވާ ކުރެއްވިއެވެ: ނަބިއްޔާ ﷺ ޙަދީޘް ކުރެއްވިއެވެ: ”މުނާފިގެއްގެ ތިން އަލާމާތެއް ވެއެވެ. އޭނާ ވާހަކައެއް ދައްކައިފި ނަމަ، ދޮގު ހަދާނެއެވެ. އަދި އަމާނާތެއް ހަވާލު ކުރެވިއްޖެ ނަމަ، ޚިޔާނާތްތެރި ވާނެއެވެ. އަދި ވަޢުދެއް ވެއްޖެ ނަމަ، ޚިލާފު ވާނެއެވެ.“,b33
صحيح البخاري,2758,«بَخْ يَا أَبَا طَلْحَةَ ذَلِكَ مَالٌ رَابِحٌ، قَبِلْنَاهُ مِنْكَ، وَرَدَدْنَاهُ عَلَيْكَ، فَاجْعَلْهُ فِي الأَقْرَبِينَ»,"މިއީ އަބޫ ޠަލްޙާއަށް މޭވާ ދަނޑެއް ލިބުމުން، އެދަނޑު ﷲއަށްއާއި ރަސޫލާއަށް ޓަކައި ވާ މުދަލެއްކަމުގައި ހަދާފައި، ރަސޫލާ ޞައްލަﷲ ޢަލައިހި ވަސައްލަމަ އަރިހުގައި އެމުދަލަށް ހަދަން އެކަލޭގެފާނަށް ފެނިވަޑައިގަންނަވަނީ ކިހިނެއްތޯ ސުވާލުކުރެއްވުމުން ދެއްވި ޖަވާބެވެ. މާނައީ ""އަބޫ ޠަލްޙާއަށް ސާބަސްދެމެވެ. އެއީ ފައިދާ ބޮޑު މުދަލެކެވެ. ތިބާގެ ކިބައިން ތިމަންކަލޭގެފާނު އެމުދާ ގަބޫލުކުރައްވައިފީމެވެ. އަދި ތިބާއަށް އެ، އަނބުރާދީފީމެވެ. ފަހެ، އެމުދާ ގާތްތިމާގެ މީހުންނަށްޓަކައި ވަގްފާއެއްގެގޮތުގައި ބަހަށްޓާށެވެ.!""",
صحيح البخاري,2766,عَنْ أَبِي هُرَيْرَةَ رَضِيَ اللَّهُ عَنْهُ، عَنِ النَّبِيِّ صَلَّى اللهُ عَلَيْهِ وَسَلَّمَ قَالَ: «اجْتَنِبُوا السَّبْعَ المُوبِقَاتِ» ، قَالُوا: يَا رَسُولَ اللَّهِ وَمَا هُنَّ؟ قَالَ: «الشِّرْكُ بِاللَّهِ، وَالسِّحْرُ، وَقَتْلُ النَّفْسِ الَّتِي حَرَّمَ اللَّهُ إِلَّا بِالحَقِّ، وَأَكْلُ الرِّبَا، وَأَكْلُ مَالِ اليَتِيمِ، وَالتَّوَلِّي يَوْمَ الزَّحْفِ، وَقَذْفُ المُحْصَنَاتِ المُؤْمِنَاتِ الغَافِلاَتِ»,"""ތިޔަބައިމީހުން ގެއްލުންދޭ ބޮޑު ހަތް ފާފައިން ދުރުހެލިވާށެވެ! (އަޞްހާބުބޭކަލުން) ދެންނެވިއެވެ. ﷲގެ ރަސޫލާއެވެ. އެ ހަތް ފާފައަކީ ކޮބައިތޯއެވެ؟ އެކަލޭގެފާނު ޙަދީޘް ފުޅުކުރެއްވިއެވެ. އެއީ ﷲއަށް ޝަރީކުކުރުމާއި، ސިޙުރު ހެދުމާއި، ﷲ ޙަރާމްކުރައްވާފައިވާ ނަފުސެއް ޙައްގަކާއި ނުލައި ގަތުލުކުރުމާއި ، ރިބާ ކެއުމާއި، ޔަތީމުންގެ މުދާ (ނުޙައްގުން) ކެއުމާއި، މުސްލިމުންނާއި ކާފިރުންނާ ކުރެވޭ ހަނގުރާމައިގެ މައިދާނުން ފިލުމާއި އަދި ޢިއްފަތްތެރި މުސްލިމް އަންހެނުންނަށް ގަޛްފުކުރުމެވެ.""",
صحيح البخاري,2785,حَدَّثَنَا إِسْحَاقُ بْنُ مَنْصُورٍ: أَخْبَرَنَا عَفَّانُ: حَدَّثَنَا هَمَّامٌ: حَدَّثَنَا مُحَمَّدُ بْنُ جُحَادَةَ قَالَ: أَخْبَرَنِي أَبُو حَصِينٍ: أَنَّ ذَكْوَانَ حَدَّثَهُ: أَنَّ أَبَا هُرَيْرَةَ رَضِيَ اللهُ عَنْهُ حَدَّثَهُ قَالَ: جَاءَ رَجُلٌ إِلَى رَسُولِ اللهِ ﷺ فَقَالَ: دُلَّنِي عَلَى عَمَلٍ يَعْدِلُ الْجِهَادَ قَالَ: لَا أَجِدُهُ. قَالَ: هَلْ تَسْتَطِيعُ إِذَا خَرَجَ الْمُجَاهِدُ أَنْ تَدْخُلَ مَسْجِدَكَ فَتَقُومَ وَلَا تَفْتُرَ وَتَصُومَ وَلَا تُفْطِرَ. قَالَ: وَمَنْ يَسْتَطِيعُ ذَلِكَ. قَالَ أَبُو هُرَيْرَةَ: إِنَّ فَرَسَ الْمُجَاهِدِ لَيَسْتَنُّ فِي طِوَلِهِ فَيُكْتَبُ لَهُ حَسَنَاتٍ.,އަބޫ ހުރައިރާ رَضِيَ اللَّهُ عَنْهُ ރިވާ ކުރެއްވިއެވެ: ރަސޫލު ﷲ ﷺ ގެ އަރިހަށް މީހަކު އަތުވެ ދެންނެވިއެވެ: (ސަވާބުގެ ގޮތުން) ޖިހާދާ އެއްވަރުގެ އަމަލެއް ތިމަންނައަށް ދައްކަވާށެވެ. ނަބިއްޔާ ޙަދީޘް ކުރެއްވިއެވެ: ”ތިމަން ނަބިއްޔާއަށް އެފަދަ އަމަލެއް ނުފެނުނެވެ. މުޖާހިދު ހަނގުރާމައަށް ނުކުންނަ ހިނދު، ތިބާގެ މިސްކިތަށް ތިބާ ވަދެ ހުއްޓާނުލައި ނަމާދުކޮށް، އަދި ވީއްލުމެއް ނެތި ރޯދަހިފައި އުޅެން ތިބާ ކުޅަދާނަވެގެންވޭތޯއެވެ؟“ އޭނާ ދެންނެވިއެވެ: އެ ކަމަށް ކުޅަދާނަވަނީ ފަހެ ކާކުތޯއެވެ؟ އަބޫ ހުރައިރާ ދެންނެވިއެވެ: މުޖާހިދު އަހެއް ދިގު ވާފަށެއްގައި އެއްސިގެން އެނބުރޭ އިރުވެސް، (އެ ކަމުގެ ސަބަބުން) އޭނާއަށް ސަވާބު ލިބޭނެއެވެ.,b36
صحيح البخاري,2787,حَدَّثَنَا أَبُو الْيَمَانِ: أَخْبَرَنَا شُعَيْبٌ عَنِ الزُّهْرِيِّ قَالَ: أَخْبَرَنِي سَعِيدُ بْنُ الْمُسَيِّبِ: أَنَّ أَبَا هُرَيْرَةَ قَالَ: سَمِعْتُ رَسُولَ اللهِ ﷺ يَقُولُ: مَثَلُ الْمُجَاهِدِ فِي سَبِيلِ اللهِ وَاللهُ أَعْلَمُ بِمَنْ يُجَاهِدُ فِي سَبِيلِهِ كَمَثَلِ الصَّائِمِ الْقَائِمِ وَتَوَكَّلَ اللهُ لِلْمُجَاهِدِ فِي سَبِيلِهِ بِأَنْ يَتَوَفَّاهُ: أَنْ يُدْخِلَهُ الْجَنَّةَ أَوْ يُرْجِعَهُ سَالِمًا مَعَ أَجْرٍ أَوْ غَنِيمَةٍ.,އަބޫ ހުރައިރާ ރިވާ ކުރެއްވިއެވެ: ރަސޫލު ﷲ ﷺ ޙަދީޘް ކުރައްވަނިކޮށް ތިމަން އަޑު އެހީމެވެ: ”ﷲގެ މަގުގައި ޖިހާދު ކުރާ މީހާގެ މިސާލަކީ، -އަދި އެ އިލާހުގެ މަގުގައި ޖިހާދު ކުރަނީ ކާކުކަން ﷲ މޮޅަށް ދެނެވޮޑިގެންވެއެވެ- (ހުއްޓުމެއް ނެތި) ނަމާދުކޮށް ރޯދަހިފާ އުޅޭ މީހާގެ މިސާލެވެ. އަދި ﷲގެ މަގުގައި ޖިހާދު ކުރާ މީހަކަށް، އޭނާ ސުވަރުގެ ވައްދަވާނެކަމަށް، ނޫނީ ސަލާމަތްކަންމަތީ އަޖުރު ނުވަތަ ޣަނީމާ މުދަލައިގެން އެނބުރި ގެންނަވާނެކަމަށް ﷲ ވަނީ ޖާމިނުވެ ވޮޑިގަންނަވާފައެވެ.“,b36
صحيح البخاري,2787,"عَنْ أَبِي هُرَيْرَةَ، قَالَ قِيلَ لِلنَّبِيِّ ﷺ مَا يَعْدِلُ الْجِهَادَ فِي سَبِيلِ اللَّهِ عَزَّ وَجَلَّ قَالَ "" لاَ تَسْتَطِيعُونَهُ "" . قَالَ فَأَعَادُوا عَلَيْهِ مَرَّتَيْنِ أَوْ ثَلاَثًا كُلُّ ذَلِكَ يَقُولُ "" لاَ تَسْتَطِيعُونَهُ "" . وَقَالَ فِي الثَّالِثَةِ "" مَثَلُ الْمُجَاهِدِ فِي سَبِيلِ اللَّهِ كَمَثَلِ الصَّائِمِ الْقَائِمِ الْقَانِتِ بِآيَاتِ اللَّهِ لاَ يَفْتُرُ مِنْ صِيَامٍ وَلاَ صَلاَةٍ حَتَّى يَرْجِعَ الْمُجَاهِدُ فِي سَبِيلِ اللَّهِ تَعَالَى ""","އަބޫ ހުރައިރާ ރަޟިޔަﷲ ޢަންހުގެ ކިބައިން ރިވާވެގެންވެއެވެ. އެކަލޭގެފާނު ވިދާޅުވިއެވެ. ނަބިއްޔާ ﷺއަށް ބުނެވުނެވެ. ﷲގެ މަގުގައި ޖިހާދުކުރުމާއި އެއްވަރު ވެގެންވަނީ ކޮން އަމަލެއްތޯއެވެ؟ ޙަދީޘްކުރެއްވިއެވެ. ""އެކަން ތިބާއަކަށް ކުރުމުގެ ކުޅަދާނަކަން ލިބިގެންނުވެއެވެ"" (އަބޫ ހުރައިރާ) ވިދާޅުވިއެވެ. އެސުވާލު ދެފަހަރު ނުވަތަ ތިންފަހަރު ނަބިއްޔާ ﷺ ގެ މައްޗަށް ތަކުރާރުކޮށްފިއެވެ. ކޮންމެ ފަހަރަކުވެސް އެކަލޭގެފާނު ޙަދީޘްކުރައްވައެވެ. ""އެކަން ތިބާއަށް ކުރުމުގެ ކުޅަދާނަކަން ލިބިގެން ނުވެއެވެ."" އަދި ތިންވަނަ ފަހަރު އެކަލޭގެފާނު ޙަދީޘްކުރެއްވިއެވެ. ""ﷲގެ މަގުގައިވާ މުޖާހިދެއްގެ މިސާލަކީ ރޯދައަށްހުރެ ރޭއަޅުކަންކޮށް ﷲގެ އާޔަތްތައް ކިޔެވުމުގެ މަތީގައިވާ މީހާފަދައެވެ. (އަދި އޭނާ) ރޯދައިން އަދި ނަމާދުން އެއްވެސް ބަލިކަށިކަމެއް ނާދެއެވެ. (ނުވަތަ މެދުކެނޑުމެއް ނެތި އެކަމުގައި ދެމިހުރެއެވެ) އެއީ އޭނާ ޖިހާދުން ރުޖޫޢަވެއްޖައުމަށް ދާންދެނެވެ",
صحيح البخاري,2797,حَدَّثَنَا أَبُو الْيَمَانِ: أَخْبَرَنَا شُعَيْبٌ عَنِ الزُّهْرِيِّ قَالَ: أَخْبَرَنِي سَعِيدُ بْنُ الْمُسَيِّبِ: أَنَّ أَبَا هُرَيْرَةَ رَضِيَ اللهُ عَنْهُ قَالَ: سَمِعْتُ النَّبِيَّ ﷺ يَقُولُ: وَالَّذِي نَفْسِي بِيَدِهِ لَوْلَا أَنَّ رِجَالًا مِنَ الْمُؤْمِنِينَ لَا تَطِيبُ أَنْفُسُهُمْ أَنْ يَتَخَلَّفُوا عَنِّي وَلَا أَجِدُ مَا أَحْمِلُهُمْ عَلَيْهِ مَا تَخَلَّفْتُ عَنْ سَرِيَّةٍ تَغْزُو فِي سَبِيلِ اللهِ وَالَّذِي نَفْسِي بِيَدِهِ لَوَدِدْتُ أَنِّي أُقْتَلُ فِي سَبِيلِ اللهِ ثُمَّ أُحْيَا ثُمَّ أُقْتَلُ ثُمَّ أُحْيَا ثُمَّ أُقْتَلُ ثُمَّ أُحْيَا ثُمَّ أُقْتَلُ.,އަބޫ ހުރައިރާ رَضِيَ اللَّهُ عَنْهُ ރިވާ ކުރެއްވިއެވެ: ރަސޫލު ﷲ ﷺ ޙަދީޘް ކުރައްވަނިކޮށް ތިމަން އަޑު އެހީމެވެ: ”ތިމަން ނަބިއްޔާގެ ނަފްސުފުޅު އެ ފަރާތެއްގެ އަތްޕުޅުގައިވާ އިލާހު ގަންދީ ބުނަމެވެ. (ހަނގުރާމައަށް ނުކުންނަ ހިނދު) ތިމަން ނަބިއްޔާގެ ފަހަތުގައި މަޑުކުރުމަށް ނުރުހޭ ފިރިހެނުންތަކެއް ނުވާ ނަމަ، އަދި (އެކުގައި) އެބައިމީހުން ގެންދިޔުމަށް ސަވާރު ވާނެ އެއްޗެއް ތިމަން ނަބިއްޔާއަށް ހޯދެވުނު ނަމަ، ﷲގެ މަގުގައި (ހަނގުރާމައަށް) ނުކުންނަ އެއްވެސް ލަޝްކަރެއްގެ ފަހަތުން ނުގޮސް (ރަށުގައި) ތިމަން ނަބިއްޔާ ނީންނެވީމުހެވެ. އަދި ތިމަން ނަބިއްޔާގެ ނަފްސުފުޅު އެ ފަރާތެއްގެ އަތްޕުޅުގައިވާ އިލާހު ގަންދީ ބުނަމެވެ. ހަމަކަށަވަރުން ﷲގެ މަގުގައި ގަތުލުވުމަށް ފަހު އަލުން ދިރުއްވި، ދެން އަނެއްކާވެސް ގަތުލުވުމަށް ފަހު އަލުން ދިރުއްވި، އަނެއްކާވެސް ގަތުލުވުމަށް ތިމަން ނަބިއްޔާ ލޯބި ކުރެއްވީމުހެވެ.“,b36
صحيح البخاري,2803,حَدَّثَنَا عَبْدُ اللهِ بْنُ يُوسُفَ: أَخْبَرَنَا مَالِكٌ عَنْ أَبِي الزِّنَادِ عَنِ الْأَعْرَجِ عَنْ أَبِي هُرَيْرَةَ رَضِيَ اللهُ عَنْهُ: أَنَّ رَسُولَ اللهِ ﷺ قَالَ: وَالَّذِي نَفْسِي بِيَدِهِ لَا يُكْلَمُ أَحَدٌ فِي سَبِيلِ اللهِ وَاللهُ أَعْلَمُ بِمَنْ يُكْلَمُ فِي سَبِيلِهِ إِلَّا جَاءَ يَوْمَ الْقِيَامَةِ وَاللَّوْنُ لَوْنُ الدَّمِ وَالرِّيحُ رِيحُ الْمِسْكِ.,އަބޫ ހުރައިރާ رَضِيَ اللَّهُ عَنْهُ ރިވާ ކުރެއްވިއެވެ: ރަސޫލު ﷲ ﷺ ޙަދީޘް ކުރެއްވިއެވެ: ”ތިމަން ނަބިއްޔާގެ ނަފްސުފުޅު އެ ފަރާތެއްގެ އަތްޕުޅުގައިވާ އިލާހު ގަންދީ ބުނަމެވެ. ﷲގެ މަގުގައި (ޖިހާދު ކުރުމުގައި) މީހަކަށް ޒަހަމުވެއްޖެ ނަމަ، -އަދި އެ އިލާހުގެ މަގުގައި ޒަހަމު ވަނީ ކާކުކަން ﷲ މޮޅަށް ދެނެވޮޑިގެންވެއެވެ.- ގިޔާމަތް ދުވަހު އެ ޒަހަމުގެ ކުލައަކީ ހަމަ ލޭގެ ކުލައަށް ވެފައި، އަދި އޭގެ ވަހަކީ ގޮމަކަސްތޫރި ވަސް ކަމުގައިވާ ހާލު ނޫން ގޮތަކަށް އެ މީހަކު ނާންނާނެއެވެ.“,b36
صحيح البخاري,2804,حَدَّثَنَا يَحْيَى بْنُ بُكَيْرٍ: حَدَّثَنَا اللَّيْثُ قَالَ: حَدَّثَنِي يُونُسُ عَنِ ابْنِ شِهَابٍ عَنْ عُبَيْدِ اللهِ بْنِ عَبْدِ اللهِ: أَنَّ عَبْدَ اللهِ بْنَ عَبَّاسٍ أَخْبَرَهُ: أَنَّ أَبَا سُفْيَانَ بْنَ حَرْبٍ أَخْبَرَهُ: أَنَّ هِرَقْلَ قَالَ لَهُ: سَأَلْتُكَ كَيْفَ كَانَ قِتَالُكُمْ إِيَّاهُ فَزَعَمْتَ أَنَّ الْحَرْبَ سِجَالٌ وَدُوَلٌ فَكَذَلِكَ الرُّسُلُ تُبْتَلَى ثُمَّ تَكُونُ لَهُمُ الْعَاقِبَةُ.,އަބޫ ސުފްޔާނު ބިން ޙަރްބު ރިވާ ކުރެއްވިއެވެ: ހިރަގްލު އެކަލޭގެފާނަށް ދެންނެވިއެވެ: ތިޔަބައިމީހުން އެ ނަބިއްޔާއާ ކުރި ހަނގުރާމަ ކިހިނެއްތޯ ސުވާލު ކުރީމެވެ. ތިބާ ދެންނެވީ ބައެއް ފަހަރު އެ ނަބިއްޔާ ކާމިޔާބު ހޯއްދަވާކަމަށާއި އަނެއްބައި ފަހަރު ތިޔަބައިމީހުން ކާމިޔާބު ހޯދާކަމަށެވެ. ހަމައެފަދައިން ރަސޫލުން އިމްތިޚާނު ކުރެއްވޭނެއެވެ. އެއަށްފަހު ހެޔޮނިމުންވާނީ އެ ބޭކަލުންނަށެވެ.,b7
صحيح البخاري,2811,حَدَّثَنَا إِسْحَاقُ: أَخْبَرَنَا مُحَمَّدُ بْنُ الْمُبَارَكِ: حَدَّثَنَا يَحْيَى بْنُ حَمْزَةَ قَالَ: حَدَّثَنِي يَزِيدُ بْنُ أَبِي مَرْيَمَ: أَخْبَرَنَا عَبَايَةُ بْنُ رَافِعِ بْنِ خَدِيجٍ قَالَ: أَخْبَرَنِي أَبُو عَبْسٍ هُوَ عَبْدُ الرَّحْمَنِ بْنُ جَبْرٍ: أَنَّ رَسُولَ اللهِ ﷺ قَالَ: مَا اغْبَرَّتْ قَدَمَا عَبْدٍ فِي سَبِيلِ اللهِ فَتَمَسَّهُ النَّارُ.,އަބޫ ޢަބްސު، ޢަބްދުއްރަޙްމާން ބިން ޖަބްރު ރިވާ ކުރެއްވިއެވެ: ރަސޫލު ﷲ ﷺ ޙަދީޘް ކުރެއްވިއެވެ: ”ﷲގެ މަގުގައި އަޅެއްގެ ދެ ފައިތިލަ ހިރަފުސް ވެއްޖެނަމަ، ފަހެ އޭގައި ނަރަކައިގެ އަލިފާނެއް ނުބީހޭނެއެވެ.“,
صحيح البخاري,2811,"عن عَبْدُ الرَّحْمَنِ بْنُ جَبْرٍ أَنَّ رَسُولَ اللَّهِ ﷺ قَالَ ""مَا اغْبَرَّتْ قَدَمَا عَبْدٍ فِي سَبِيلِ اللَّهِ فَتَمَسَّهُ النَّارُ ""","ޢަބްދުއްރަޙްމާން ބިން ޖަބްރު ރަޟިޔަﷲ ޢަންހުގެ ކިބައިން ރިވާވެގެންވެއެވެ. ހަމަކަށަވަރުން ރަސޫލުﷲ ﷺ ޙަދީޘްކުރެއްވިއެވެ: ""ފަހެ ﷲގެ މަގުގައި ޖިހާދުގައި އަޅެއްގެ ދެފައިތިލަ ހިރަފުސްވެއްޖެނަމަ، (އެދެފައިތިލާގައި ނަރަކައިގެ) އަލިފާން ނުބީހޭ ހުއްޓެވެ""",
صحيح البخاري,2817,عن أَنَسِ بْنِ مَالِكٍ رَضِيَ اللَّهُ عَنْهُ عَنْ النَّبِيِّ صَلَّى اللَّهُ عَلَيْهِ وَسَلَّمَ قَالَ: (مَا أَحَدٌ يَدْخُلُ الْجَنَّةَ يُحِبُّ أَنْ يَرْجِعَ إِلَى الدُّنْيَا وَلَهُ مَا عَلَى الْأَرْضِ مِنْ شَيْءٍ إِلَّا الشَّهِيد يَتَمَنَّى أَنْ يَرْجِعَ إِلَى الدُّنْيَا فَيُقْتَلَ عَشْرَ مَرَّاتٍ لِمَا يَرَى مِنْ الْكَرَامَةِ),"އަނަސް ބިން މާލިކް ރަޟިޔަﷲ ޢަންހުގެ ކިބައިން ރިވާވެގެންވެއެވެ. ނަބިއްޔާ ﷺ ޙަދީޘްކުރެއްވިއެވެ. ""ސުވަރުގެއަށް ވަންނަ އެއްވެސް މީހަކު، އެއްޗެހީގެ ތެރެއިން ދުނިޔެއާއި ދުނިޔޭގައި ވާހާއެއްޗެއް (ބަދަލުގައި) ހުށައެޅުނަސް ދުނިޔެއަށް އެނބުރި އައުމަށް ނުރުހޭނެއެވެ. ޝަހީދުވާ މީހާ ފިޔަވައެވެ. ފަހެ ޝަހީދުވާމީހާ ދުނިޔެއަށް ރުޖޫޢަވެ ދިހަފަހަރު ޝަހީދުވުމަށް އުއްމީދުކުރެއެވެ. އެއީ އޭނާއަށް (ﷲގެ ފަރާތުން) ފެންނަ ކަރާމަތްތެރިކަމަށްޓަކައެވެ",
صحيح البخاري,2823,اللَّهُمَّ إِنِّي أَعُوذُ بِكَ مِنَ الْعَجْزِ، وَالْكَسَلِ، وَالْجُبْنِ، وَالْهَرَمِ، والْبُخْلِ، وَأَعُوذُ بِكَ مِنْ عَذَابِ الْقَبْرِ، وَمِنْ فِتْنَةِ الْمَحْيَا وَالْمَمَاتِ,އަޅަމެން ހައްދަވާ ބޮޑުކުރެއްވި ރަސްކަލާކޮ! ނުކުޅެދުންތެރިކަމާއި ކަންނެތްކަމުން އަދި ފިނޑިކަމުންނާއި މުސްކުޅިކަމުންނާއި ބަޚީލުކަމުން ރައްކާތެރިކޮށްދެއްވުމަށް އެދި އިބަ اللهގެ حضرةން ދަންނަވަމެވެ. އަދި ކައްވަޅުގެ ޢަޒާބުންނާއި ދިރިހުރުމާއި މަރުވުމުގެ ފިތުނައިން ރައްކާތެރިކޮށްދެއްވުމަށް އެދި ދަންނަވަމެވެ.,
صحيح البخاري,2840,عن أبي سعيد الخدري رضي الله عنه قال: قال رسول اللَّه ﷺ: (مَنْ صَامَ يَوْماً فِي سَبِيلِ اللَّهِ بَعَّدَ اللَّهُ وَجْهَهُ عَنِ النَّارِ سَبْعِينَ خَرِيفاً).,އަބޫ ސަޢީދު އަލްޚުދްރީ رَضِيَ اللَّهُ عَنْهُ ވިދާޅުވިކަމަށް ރިވާވެގެންވެއެވެ: ރަސޫލު ﷲ ﷺ ޙަދީޘް ކުރެއްވިއެވެ: ”ﷲ ގެ މަގުގައި (އެބަހީ: ޖިހާދުގައި) އެއް ދުވަހު ރޯދަ ހިފައިފި މީހާ، ﷲ އޭނާގެ މޫނު ހަތްދިހަ ޚަރީފު މޫސުމުގެ (އެބަހީ: އަހަރުގެ) ރާސްތާއަށް ނަރަކައިން ދުރު ކުރައްވާނެއެވެ.“,
صحيح البخاري,2843,"عن زَيْدُ بْنُ خَالِدٍ الجهنى رضى الله عنه، أَنَّ رَسُولَ اللَّهِ ﷺ قَالَ: ""مَنْ جَهَّزَ غَازِيًا فِي سَبِيلِ اللَّهِ فَقَدْ غَزَا، وَمَنْ خَلَفَ غَازِيًا فِي سَبِيلِ اللَّهِ بِخَيْرٍ فَقَدْ غَزَا ""","ޒައިދު ބިން ޚާލިދު އަލްޖުހަނީ ރަޟިޔަﷲ ޢަންހުގެ ކިބައިން ރިވާވެގެންވެއެވެ. ހަމަކަށަވަރުން ރަސޫލުﷲ صلى الله عليه ޙަދީޘްކުރެއްވިއެވެ. ""ފަހެ ﷲގެ މަގުގައި މުޖާހިދެއް (ހަނގުރާމަވެރިއެއް) ތައްޔާރުކޮށްފިމީހާ ފަހެ ހަމަކަށަވަރުން ޖިހާދުކޮށްފިއެވެ. އަދި ﷲގެ މަގުގައިވާ މުޖާހިދެއްގެ އަހުލުން ހެޔޮގޮތުގައި ބަލަހައްޓައިފިމީހާ ފަހެ ޖިހާދުކޮށްފިއެވެ.""",
صحيح البخاري,2892,أنَّ رَسولَ اللَّهِ صَلَّى اللهُ عليه وسلَّمَ، قالَ: رِبَاطُ يَومٍ في سَبيلِ اللَّهِ خَيْرٌ مِنَ الدُّنْيَا وما عَلَيْهَا، ومَوْضِعُ سَوْطِ أَحَدِكُمْ مِنَ الجَنَّةِ خَيْرٌ مِنَ الدُّنْيَا وما عَلَيْهَا، والرَّوْحَةُ يَرُوحُهَا العَبْدُ في سَبيلِ اللَّهِ، أَوِ الغَدْوَةُ خَيْرٌ مِنَ الدُّنْيَا وما عَلَيْهَا.,ސުވަރުގޭގައި؛ ތިޔަބައިމީހުން (ދުނިޔެމަތީގައި އަސް ދުއްވުމުގައި ބޭނުން ކުރާ) ޗާބޫކު ވައްޓައިލައިފައި އޮންނަ ތަންކޮޅުހައި ކުޑަ ތަންކޮޅެއް، އެއީ މި ދުނިޔެއާއި މި ދުނިޔެ މަތީގައި ވާހައި އެއްޗަކަށް ވުރެ ހެޔޮކަން ބޮޑު ތަންކޮޅެކެވެ. އަދި އަޅާ ﷲގެ މަގުގައި ހެނދުނުގެ ވަގުތުގައި ނުވަތަ ހަވީރުގެ ވަގުތުގައި ކުރާ ދަތުރެއް ދުނިޔެއާއި ދުނިޔެ މަތީގައި ވާހައި އެއްޗަކަށްވުރެ ހެޔޮ ވެގެން ވެއެވެ.,
صحيح البخاري,2896,هَلْ تُنْصَرُونَ وَتُرْزَقُونَ إِلَّا بِضُعَفَائِكُمْ,ތިޔަބައިމީހުންނަށް ނަޞްރުލިބެނީވެސް އަދި ރިޒުގުލިބެނީވެސް ތިޔަބައިމީހުންގެ ބަލިކަށިމީހުންގެ ސަބަބުންނެވެ. [ އެބަހީ: އެބައިމީހުން ކުރާ ދުއާގެ ސަބަބުންނެވެ.],
صحيح البخاري,2933,عن عبد اللَّه بن أبي أوفَى رضي الله عنه، أَنَّ رَسُولَ اللَّهِ ﷺ ــ فِي بَعْضِ أَيَّامِهِ الَّتِي لَقِيَ فِيهَا الْعَدُوَّ ــ انْتَظَرَ، حَتَّى إذَا مَالَتِ الشَّمْسُ قَامَ فِيهِمْ، فَقَالَ: (يا أَيُّهَا النَّاسُ، لا تَتَمَنَّوْا لِقَاءَ الْعَدُوِّ، وَاسْأَلُوا اللَّهَ الْعَافِيَةَ، فَإِذَا لَقِيتُمُوهُمْ فَاصْبِرُوا، وَاعْلَمُوا أَنَّ الْجَنَّةَ تَحْتَ ظِلالِ السُّيُوفِ»، ثُمَّ قَالَ النَّبِيُّ ﷺ: (اللَّهُمَّ مُنْزِلَ الْكِتَابِ، وَمُجْرِيَ السَّحَابِ، وَهَازِمَ الأَحْزَابِ، اهْزِمْهُمْ، وَانْصُرْنَا عَلَيْهِمْ),"ޢަބްދުﷲ ބިން އަބީ އައުފާ ރަޟިޔަﷲ ޢަންހުގެ ކިބައިން ރިވާވެގެންވެއެވެ. ހަމަކަށަވަރުން ރަސޫލުﷲ ﷺ – ޢަދުއްވުންނާއި ބައްދަލު ކުރައްވާ ބައެއް ދުވަސްދުވަހު – އެކަލޭގެފާނު އިރު އޮބާލަންދެން އިންތިޒާރުކުރައްވައެވެ. އަދި އެޔަށްފަހު އެބައިމީހުންގެ މެދުގައި އެކަލޭގެފާނު ތެދުވެ ވަޑައިގެން ޙަދީޘްކުރެއްވިއެވެ. ""އޭ އެންމެހާ މީސްތަކުންނޭވެ. ތިޔަބައިމީހުން ޢަދުއްވުންނާއި ބައްދަލުކުރުމަށް އުއްމީދުނުކުރާށެވެ. އަދި ﷲގެ ހަޒްރަތުން ޢާފިޔަތު ދެއްވުމަށް އެދޭށެވެ. އަދި އެބައިމީހުންނާއި ބައްދަލުވެއްޖެނަމަ ތިޔަބައިމީހުން ކެތްތެރިވާށެވެ. އަދި ހަމަކަށަވަރުން ތިޔަބައިމީހުން ދަންނާށެވެ. އަދި ސުވަރުގެ ވަނީގެ ކަނޑީގެ ހިޔަލުގެ ދަށުގައެވެ."" އެޔަށްފަހު ނަބިއްޔާ ﷺ ޙަދީޘް ކުރެއްވިއެވެ. ""ފޮތް ބާވާލެއްވި އަދި ވިލާ ހިންގަވާ، ބައިގަނޑުތައް ބަލިކުރައްވާ، އޭ ﷲއެވެ. އެބައިމީހުން ބަލިކުރައްވާށިއެވެ. އަދި އެބައިމީހުންގެ މައްޗަށް ތިމަންބޭކަލުންނަށް ނަޞްރުދެއްވާށިއެވެ.""",
صحيح البخاري,2940,حَدَّثَنَا إِبْرَاهِيمُ بْنُ حَمْزَةَ: حَدَّثَنَا إِبْرَاهِيمُ بْنُ سَعْدٍ عَنْ صَالِحِ بْنِ كَيْسَانَ عَنِ ابْنِ شِهَابٍ عَنْ عُبَيْدِ اللهِ بْنِ عَبْدِ اللهِ بْنِ عُتْبَةَ عَنْ عَبْدِ اللهِ بْنِ عَبَّاسٍ رَضِيَ اللهُ عَنْهُمَا أَنَّهُ أَخْبَرَهُ: أَنَّ رَسُولَ اللهِ ﷺ كَتَبَ إِلَى قَيْصَرَ يَدْعُوهُ إِلَى الْإِسْلَامِ وَبَعَثَ بِكِتَابِهِ إِلَيْهِ مَعَ دِحْيَةَ الْكَلْبِيِّ وَأَمَرَهُ رَسُولُ اللهِ ﷺ أَنْ يَدْفَعَهُ إِلَى عَظِيمِ بُصْرَى لِيَدْفَعَهُ إِلَى قَيْصَرَ وَكَانَ قَيْصَرُ لَمَّا كَشَفَ اللهُ عَنْهُ جُنُودَ فَارِسَ مَشَى مِنْ حِمْصَ إِلَى إِيلِيَاءَ شُكْرًا لِمَا أَبْلَاهُ اللهُ فَلَمَّا جَاءَ قَيْصَرَ كِتَابُ رَسُولِ اللهِ ﷺ قَالَ حِينَ قَرَأَهُ: الْتَمِسُوا لِي هَا هُنَا أَحَدًا مِنْ قَوْمِهِ لِأَسْأَلَهُمْ عَنْ رَسُولِ اللهِ ﷺ.,ޢަބްދު ﷲ ބިން ޢައްބާސް رَضِيَ اللَّهُ عَنْهُ ރިވާ ކުރެއްވިއެވެ: ރަސޫލު ﷲ ﷺ، (ރޫމީންގެ ވެރިޔާ) ގައިޞަރަށް އިސްލާމް ދީނަށް ގޮވާލުމަށް ޓަކައި ސިޓީފުޅެއް ފޮނުއްވިއެވެ. އަދި ސިޓީއައިގެން ދިޙްޔާ އަލްކަލްބީ ފޮނުއްވައި، ބުޞްރާގެ ވެރިޔާއަށް އެ ހަވާލު ކުރުމަށް ރަސޫލު ﷲ ﷺ އަމުރު ކުރެއްވިއެވެ. އެއީ ބުޞްރާގެ ވެރިޔާ ގައިޞަރަށް އެ ސިޓީ އެރުވުމަށެވެ. ފާރިސީންގެ ލަޝްކަރުގެ މައްޗަށް ގައިޞަރަށް ﷲ ނަޞްރުދެއްވުމުން، އެކަމާ އެ އިލާހަށް ޝުކުރުވެރިވުމުގެ ގޮތުން ޙިމްޞުން ފެށިގެން އީލިޔާއަށް ގައިޞަރު ހިނގިއެވެ. ދެން ރަސޫލު ﷲ ﷺ ގެ ސިޓީފުޅު އޭނައާ ހިސާބަށް އައުމުން، އެ ކިޔުމަށް ފަހު ދެންނެވިއެވެ: އެ ނަބިއްޔާގެ ގައުމުގެ ކޮންމެވެސް މީހަކު މިތަނުން ތިމަންނައަށް ހޯދައިދޭށެވެ. އެއީ ރަސޫލު ﷲ ﷺ އާމެދު އެ މީހުން ގާތު އެހުމަށެވެ.,b7
صحيح البخاري,2941,قَالَ ابْنُ عَبَّاسٍ: فَأَخْبَرَنِي أَبُو سُفْيَانَ بْنُ حَرْبٍ: أَنَّهُ كَانَ بِالشَّأْمِ فِي رِجَالٍ مِنْ قُرَيْشٍ قَدِمُوا تُجَّارًا فِي الْمُدَّةِ الَّتِي كَانَتْ بَيْنَ رَسُولِ اللهِ ﷺ وَبَيْنَ كُفَّارِ قُرَيْشٍ قَالَ أَبُو سُفْيَانَ: فَوَجَدَنَا رَسُولُ قَيْصَرَ بِبَعْضِ الشَّأْمِ فَانْطَلَقَ بِي وَبِأَصْحَابِي حَتَّى قَدِمْنَا إِيلِيَاءَ فَأُدْخِلْنَا عَلَيْهِ فَإِذَا هُوَ جَالِسٌ فِي مَجْلِسِ مُلْكِهِ وَعَلَيْهِ التَّاجُ وَإِذَا حَوْلَهُ عُظَمَاءُ الرُّومِ فَقَالَ لِتَرْجُمَانِهِ: سَلْهُمْ أَيُّهُمْ أَقْرَبُ نَسَبًا إِلَى هَذَا الرَّجُلِ الَّذِي يَزْعُمُ أَنَّهُ نَبِيٌّ قَالَ أَبُو سُفْيَانَ: فَقُلْتُ: أَنَا أَقْرَبُهُمْ إِلَيْهِ نَسَبًا قَالَ: مَا قَرَابَةُ مَا بَيْنَكَ وَبَيْنَهُ فَقُلْتُ: هُوَ ابْنُ عَمِّي وَلَيْسَ فِي الرَّكْبِ يَوْمَئِذٍ أَحَدٌ مِنْ بَنِي عَبْدِ مَنَافٍ غَيْرِي فَقَالَ قَيْصَرُ: أَدْنُوهُ وَأَمَرَ بِأَصْحَابِي فَجُعِلُوا خَلْفَ ظَهْرِي عِنْدَ كَتِفِي ثُمَّ قَالَ لِتَرْجُمَانِهِ: قُلْ لِأَصْحَابِهِ: إِنِّي سَائِلٌ هَذَا الرَّجُلَ عَنِ الَّذِي يَزْعُمُ أَنَّهُ نَبِيٌّ فَإِنْ كَذَبَ فَكَذِّبُوهُ قَالَ أَبُو سُفْيَانَ: وَاللهِ لَوْلَا الْحَيَاءُ يَوْمَئِذٍ مِنْ أَنْ يَأْثُرَ أَصْحَابِي عَنِّي الْكَذِبَ لَكَذَبْتُهُ حِينَ سَأَلَنِي عَنْهُ وَلَكِنِّي اسْتَحْيَيْتُ أَنْ يَأْثُرُوا الْكَذِبَ عَنِّي فَصَدَقْتُهُ ثُمَّ قَالَ لِتَرْجُمَانِهِ: قُلْ لَهُ كَيْفَ نَسَبُ هَذَا الرَّجُلِ فِيكُمْ قُلْتُ: هُوَ فِينَا ذُو نَسَبٍ قَالَ: فَهَلْ قَالَ هَذَا الْقَوْلَ أَحَدٌ مِنْكُمْ قَبْلَهُ قُلْتُ: لَا فَقَالَ: كُنْتُمْ تَتَّهِمُونَهُ عَلَى الْكَذِبِ قَبْلَ أَنْ يَقُولَ مَا قَالَ قُلْتُ: لَا قَالَ: فَهَلْ كَانَ مِنْ آبَائِهِ مِنْ مَلِكٍ قُلْتُ: لَا قَالَ: فَأَشْرَافُ النَّاسِ يَتَّبِعُونَهُ أَمْ ضُعَفَاؤُهُمْ قُلْتُ: بَلْ ضُعَفَاؤُهُمْ قَالَ: فَيَزِيدُونَ أَوْ يَنْقُصُونَ قُلْتُ: بَلْ يَزِيدُونَ قَالَ: فَهَلْ يَرْتَدُّ أَحَدٌ سَخْطَةً لِدِينِهِ بَعْدَ أَنْ يَدْخُلَ فِيهِ قُلْتُ: لَا قَالَ: فَهَلْ يَغْدِرُ قُلْتُ: لَا وَنَحْنُ الْآنَ مِنْهُ فِي مُدَّةٍ نَحْنُ نَخَافُ أَنْ يَغْدِرَ قَالَ أَبُو سُفْيَانَ: وَلَمْ يُمْكِنِّي كَلِمَةٌ أُدْخِلُ فِيهَا شَيْئًا أَنْتَقِصُهُ بِهِ لَا أَخَافُ أَنْ تُؤْثَرَ عَنِّي غَيْرَهَا قَالَ: فَهَلْ قَاتَلْتُمُوهُ أَوْ قَاتَلَكُمْ قُلْتُ: نَعَمْ قَالَ: فَكَيْفَ كَانَتْ حَرْبُهُ وَحَرْبُكُمْ قُلْتُ: كَانَتْ دُوَلًا وَسِجَالًا يُدَالُ عَلَيْنَا الْمَرَّةَ وَنُدَالُ عَلَيْهِ الْأُخْرَى قَالَ: فَمَاذَا يَأْمُرُكُمْ بِهِ قَالَ: يَأْمُرُنَا أَنْ نَعْبُدَ اللهَ وَحْدَهُ لَا نُشْرِكُ بِهِ شَيْئًا وَيَنْهَانَا عَمَّا كَانَ يَعْبُدُ آبَاؤُنَا وَيَأْمُرُنَا بِالصَّلَاةِ وَالصَّدَقَةِ وَالْعَفَافِ وَالْوَفَاءِ بِالْعَهْدِ وَأَدَاءِ الْأَمَانَةِ فَقَالَ لِتَرْجُمَانِهِ حِينَ قُلْتُ ذَلِكَ لَهُ: قُلْ لَهُ: إِنِّي سَأَلْتُكَ عَنْ نَسَبِهِ فِيكُمْ فَزَعَمْتَ أَنَّهُ ذُو نَسَبٍ وَكَذَلِكَ الرُّسُلُ تُبْعَثُ فِي نَسَبِ قَوْمِهَا وَسَأَلْتُكَ: هَلْ قَالَ أَحَدٌ مِنْكُمْ هَذَا الْقَوْلَ قَبْلَهُ فَزَعَمْتَ أَنْ لَا فَقُلْتُ: لَوْ كَانَ أَحَدٌ مِنْكُمْ قَالَ هَذَا الْقَوْلَ قَبْلَهُ قُلْتُ رَجُلٌ يَأْتَمُّ بِقَوْلٍ قَدْ قِيلَ قَبْلَهُ وَسَأَلْتُكَ: هَلْ كُنْتُمْ تَتَّهِمُونَهُ بِالْكَذِبِ قَبْلَ أَنْ يَقُولَ مَا قَالَ فَزَعَمْتَ أَنْ لَا فَعَرَفْتُ أَنَّهُ لَمْ يَكُنْ لِيَدَعَ الْكَذِبَ عَلَى النَّاسِ وَيَكْذِبَ عَلَى اللهِ وَسَأَلْتُكَ: هَلْ كَانَ مِنْ آبَائِهِ مِنْ مَلِكٍ فَزَعَمْتَ أَنْ لَا فَقُلْتُ لَوْ كَانَ مِنْ آبَائِهِ مَلِكٌ قُلْتُ يَطْلُبُ مُلْكَ آبَائِهِ وَسَأَلْتُكَ: أَشْرَافُ النَّاسِ يَتَّبِعُونَهُ أَمْ ضُعَفَاؤُهُمْ فَزَعَمْتَ أَنَّ ضُعَفَاءَهُمُ اتَّبَعُوهُ وَهُمْ أَتْبَاعُ الرُّسُلِ وَسَأَلْتُكَ: هَلْ يَزِيدُونَ أَوْ يَنْقُصُونَ فَزَعَمْتَ أَنَّهُمْ يَزِيدُونَ وَكَذَلِكَ الْإِيمَانُ حَتَّى يَتِمَّ وَسَأَلْتُكَ هَلْ يَرْتَدُّ أَحَدٌ سَخْطَةً لِدِينِهِ بَعْدَ أَنْ يَدْخُلَ فِيهِ فَزَعَمْتَ أَنْ لَا فَكَذَلِكَ الْإِيمَانُ حِينَ تَخْلِطُ بَشَاشَتُهُ الْقُلُوبَ لَا يَسْخَطُهُ أَحَدٌ وَسَأَلْتُكَ هَلْ يَغْدِرُ فَزَعَمْتَ أَنْ لَا وَكَذَلِكَ الرُّسُلُ لَا يَغْدِرُونَ وَسَأَلْتُكَ: هَلْ قَاتَلْتُمُوهُ وَقَاتَلَكُمْ فَزَعَمْتَ أَنْ قَدْ فَعَلَ وَأَنَّ حَرْبَكُمْ وَحَرْبَهُ تَكُونُ دُوَلًا وَيُدَالُ عَلَيْكُمُ الْمَرَّةَ وَتُدَالُونَ عَلَيْهِ الْأُخْرَى وَكَذَلِكَ الرُّسُلُ تُبْتَلَى وَتَكُونُ لَهَا الْعَاقِبَةُ وَسَأَلْتُكَ: بِمَاذَا يَأْمُرُكُمْ فَزَعَمْتَ أَنَّهُ يَأْمُرُكُمْ أَنْ تَعْبُدُوا اللهَ وَلَا تُشْرِكُوا بِهِ شَيْئًا وَيَنْهَاكُمْ عَمَّا كَانَ يَعْبُدُ آبَاؤُكُمْ وَيَأْمُرُكُمْ بِالصَّلَاةِ وَالصَّدَقَةِ وَالْعَفَافِ وَالْوَفَاءِ بِالْعَهْدِ وَأَدَاءِ الْأَمَانَةِ قَالَ: وَهَذِهِ صِفَةُ النَّبِيِّ قَدْ كُنْتُ أَعْلَمُ أَنَّهُ خَارِجٌ وَلَكِنْ لَمْ أَظُنَّ أَنَّهُ مِنْكُمْ وَإِنْ يَكُ مَا قُلْتَ حَقًّا فَيُوشِكُ أَنْ يَمْلِكَ مَوْضِعَ قَدَمَيَّ هَاتَيْنِ وَلَوْ أَرْجُو أَنْ أَخْلُصَ إِلَيْهِ لَتَجَشَّمْتُ لُقِيَّهُ وَلَوْ كُنْتُ عِنْدَهُ لَغَسَلْتُ قَدَمَيْهِ. قَالَ أَبُو سُفْيَانَ: ثُمَّ دَعَا بِكِتَابِ رَسُولِ اللهِ ﷺ فَقُرِئَ فَإِذَا فِيهِ: بِسْمِ اللهِ الرَّحْمَنِ الرَّحِيمِ مِنْ مُحَمَّدٍ عَبْدِ اللهِ وَرَسُولِهِ إِلَى هِرَقْلَ عَظِيمِ الرُّومِ سَلَامٌ عَلَى مَنِ اتَّبَعَ الْهُدَى أَمَّا بَعْدُ: فَإِنِّي أَدْعُوكَ بِدِعَايَةِ الْإِسْلَامِ أَسْلِمْ تَسْلَمْ وَأَسْلِمْ يُؤْتِكَ اللهُ أَجْرَكَ مَرَّتَيْنِ فَإِنْ تَوَلَّيْتَ فَعَلَيْكَ إِثْمُ الْأَرِيسِيِّينَ وَ: { يَا أَهْلَ الْكِتَابِ تَعَالَوْا إِلَى كَلِمَةٍ سَوَاءٍ بَيْنَنَا وَبَيْنَكُمْ أَلا نَعْبُدَ إِلا اللهَ وَلا نُشْرِكَ بِهِ شَيْئًا وَلا يَتَّخِذَ بَعْضُنَا بَعْضًا أَرْبَابًا مِنْ دُونِ اللهِ فَإِنْ تَوَلَّوْا فَقُولُوا اشْهَدُوا بِأَنَّا مُسْلِمُونَ } قَالَ أَبُو سُفْيَانَ: فَلَمَّا أَنْ قَضَى مَقَالَتَهُ عَلَتْ أَصْوَاتُ الَّذِينَ حَوْلَهُ مِنْ عُظَمَاءِ الرُّومِ وَكَثُرَ لَغَطُهُمْ فَلَا أَدْرِي مَاذَا قَالُوا وَأُمِرَ بِنَا فَأُخْرِجْنَا فَلَمَّا أَنْ خَرَجْتُ مَعَ أَصْحَابِي وَخَلَوْتُ بِهِمْ قُلْتُ لَهُمْ: لَقَدْ أَمِرَ أَمْرُ ابْنِ أَبِي كَبْشَةَ هَذَا مَلِكُ بَنِي الْأَصْفَرِ يَخَافُهُ قَالَ أَبُو سُفْيَانَ: وَاللهِ مَا زِلْتُ ذَلِيلًا مُسْتَيْقِنًا بِأَنَّ أَمْرَهُ سَيَظْهَرُ حَتَّى أَدْخَلَ اللهُ قَلْبِي الْإِسْلَامَ وَأَنَا كَارِهٌ.,އަބޫ ސުފްޔާނު ބިން ޙަރްބު ރިވާ ކުރެއްވިއެވެ: ގުރައިޝްގެ ބަޔަކާއެކު ވިޔަފާރި ކުރުމަށް ޝާމްގައި އެކަލޭގެފާނުވިއެވެ. އެއީ ރަސޫލު ﷲ ﷺ އާއި، ގުރައިޝްގެ ކާފަރުންނާ ދެމެދު ކުރެވިފައިވާ (ޙުދައިބިއްޔާގެ) ސުލްޙައެއްގައި ތިބި ވަގުތެކެވެ. ދެން ޝާމްގެ ކޮންމެވެސް ހިސާބެއްގައި ގައިޞަރު ފޮނުވި މީހާ ތިމަންމެން ފެނުމުން، ތިމަންނައާއި ތިމަންނައާއެކު އުޅުނު މީހުން ގޮވައިގެން އީލިޔާއާ ހިސާބަށް ހިނގައްޖެއެވެ. އަދި ގައިޞަރު ގާތަށް ތިމަންމެން ވެއްދުނު ހިނދު، އޭނާ ހުރީ ރަސްކަމުގެ މަޖިލީހުގައެވެ. އޭނާގެ ބޮލުގައި ތާޖެއް ހުއްޓެވެ. އަދި ވަށައިގެން ތިބީ ރޫމްގެ އިސްވެރިންނެވެ. ދެން ގައިޞަރުގެ ތަރުޖަމާނަށް އޭނާ ދެންނެވިއެވެ: ނަބިއްޔެއްކަމަށް މި ދަޢުވާ ކުރާ މީހާއާ ނަސަބުގެ ގޮތުން އެބައިމީހުންގެ ތެރެއިން އެންމެ ގާތީ ކާކުތޯ ސުވާލު ކުރާށެވެ؟ އަބޫ ސުފްޔާނު ދެންނެވިއެވެ: އެބައިމީހުންގެ ތެރެއިން ނަސަބުގެ ގޮތުން އެންމެ ގާތް ވާނީ ތިމަންނައެވެ. އޭނާ ދެންނެވިއެވެ: ތިބާއާއި އެކަލޭގެފާނާ ދެމެދު ހުރި ގާތްކަމަކީ ކޮބައިތޯއެވެ؟ ތިމަން ދެންނެވީމެވެ: އެއީ ތިމަންނަގެ ބޮޑުބޭބެގެ ދަރިފުޅެވެ. އަދި އެ ދުވަހު ތިމަން ފިޔަވައި އެ ވިޔަފާރި ޣާފިލާގައި ބަނީ ޢަބްދު މަނާފްގެ އެހެން އެއްވެސް މީހަކު ނެތެވެ. ގައިޞަރު ދެންނެވިއެވެ: އޭނާ (އަބޫ ސުފްޔާނު) ކައިރި ކުރާށެވެ. އަބޫ ސުފްޔާނު ދެންނެވިއެވެ: ދެން ތިމަންނައާއެކު ހުރި މީހުން، ތިމަންނަގެ ފަހަތުން ކޮނޑުކައިރީގައި ހުރުމަށް އެނގިއެވެ. އަދި އޭނާގެ ތަރުޖަމާނު ގާތު ދެންނެވިއެވެ: އޭނާއާއެކު ހުރި މީހުން ގާތު ދަންނަވާށެވެ. ހަމަކަށަވަރުން ނަބީކަމަށް ދަޢުވާ ކުރާ މީހާއާ ބެހޭ ގޮތުން، މީނާ (އަބޫ ސުފްޔާނު) ގާތު ތިމަން ސުވާލު ކުރާނަމެވެ. އަދި އޭނާ ތިމަންނައަށް ދޮގު ހަދައިފި ނަމަ، ތިޔަބައިމީހުން އޭނާ ދޮގު ކުރާށެވެ. އަބޫ ސުފްޔާނު ދެންނެވިއެވެ: ﷲ ގަންދީ ބުނަމެވެ. ތިމަންނައާއެކު އުޅުނު މީހުން ތިމަން ދޮގުކޮށްފާނެ ކަމުގެ ލަދު އެ ދުވަހު ނެތްނަމަ، ތިމަންނައާ ސުވާލު ކުރި ހިނދު ނަބިއްޔާއާ ބެހޭ ގޮތުން ދޮގު ހެދީމުސްކަން ކަށަވަރެވެ. އެހެނެއްކަމަކު ދޮގުކުރެވިދާނެ ކަމަށްޓަކައި ތިމަން ލަދުވެތިވެ، ނަބިއްޔާ ތެދުކުރީމެވެ. ދެން ގައިޞަރު އޭނާގެ ތަރުޖަމާނަށް ދެންނެވިއެވެ: އޭނާ ގާތު އަހާށެވެ. ތިޔަބައިމީހުންގެ ތެރޭގައި މި މީހާގެ ނަސަބުފުޅު ކިހިނެއްތޯއެވެ؟ ތިމަން ދެންނެވީމެވެ: ތިމަންމެންގެ ތެރޭގައި އެކަލޭގެފާނަކީ (ރަނގަޅު) ނަސަބުފުޅެއްގެ ވެރިއެކެވެ. އޭނާ ދެންނެވިއެވެ: ތިޔަބައިމީހުންގެ ތެރެއިން އެކަކުވެސް މިފަދަ ބަހެއް (ދަޢުވާއެއް) އެކަލޭގެފާނުގެ ކުރިން ބުނެފައިވޭތޯއެވެ؟ ތިމަން ދެންނެވީމެވެ: ނޫނެކެވެ. އޭނާ ދެންނެވިއެވެ: އެ ވާހަކަފުޅުތައް ވިދާޅުވުމުގެ ކުރިން، އެކަލޭގެފާނު އިތުރުފުޅު ހައްދަވާކަމަށް ތިޔަބައިމީހުން ތުހުމަތުކޮށް އުޅުނިންތޯއެވެ؟ ތިމަން ދެންނެވީމެވެ: ނޫނެކެވެ. އޭނާ ދެންނެވިއެވެ: އެކަލޭގެފާނުގެ ކާބަފައިންގެ ތެރޭގައި އެއްވެސް ރަސްކަލެއް ވޭތޯއެވެ؟ ތިމަން ދެންނެވީމެވެ: ނޫނެކެވެ. އޭނާ ދެންނެވިއެވެ: އެކަލޭގެފާނަށް ތަބާވަނީ މީސްތަކުން ކުރެ ޝަރަފުވެރި (ބޮޑުންތޯ) ނޫނީ ނިކަމެތިންތޯއެވެ؟ ތިމަން ދެންނެވީމެވެ: ހަމަ މީސްތަކުން ކުރެ ނިކަމެތިންނެވެ. އޭނާ ދެންނެވިއެވެ: އެބައިމީހުން ވަނީ ގިނަތޯ ނޫނީ މަދުތޯއެވެ؟ ތިމަން ދެންނެވީމެވެ: އެބައިމީހުން ވަނީ ހަމަ ގިނައެވެ. އޭނާ ދެންނެވިއެވެ: އެބައިމީހުން ދީނަށް ވަނުމަށް ފަހު، އެ ދީނާމެދު ނުރުހިގެން އެއްވެސް މީހަކު މުރުތައްދުވޭތޯއެވެ؟ ތިމަން ދެންނެވީމެވެ: ނޫނެކެވެ. އޭނާ ދެންނެވިއެވެ: އެކަލޭގެފާނު ޚިޔާނާތްތެރި ވޭތޯއެވެ؟ ތިމަން ދެންނެވީމެވެ: ނޫނެކެވެ. އަދި ތިމަންމެން މި ވަގުތު މި ތިބީ އެކަލޭގެފާނާއެކު ކުރެވިފައިވާ ޞުލްޙައެއްގެ ވަގުތެއްގައެވެ. އޭގައި އެކަލޭގެފާނު ޚިޔާނާތްތެރިވެދާނެ ކަމަށްޓަކައި ތިމަންމެން ބިރުގަންނަމެވެ. އަބޫ ސުފްޔާނު (މި ހާދިސާ ކިޔައިދެއްވަމުން) ދެންނެވިއެވެ: ނަބިއްޔާއާ ދެކޮޅަށް އިތުރު ބުނާކަށް ތިމަންނައަކަށް ފުރުސަތެއް ނުލިބުނެވެ. މި ނޫން ބަހެއް ބުނެގެން ތިމަންނަ ދޮގުކޮށްފާނެ ކަމަކަށް ބިރެއް ނުގަންނަމެވެ. އޭނާ ދެންނެވިއެވެ: ތިޔަބައިމީހުން އެކަލޭގެފާނާ ދެކޮޅަށް، ނޫނީ އެކަލޭގެފާނު ތިޔަބައިމީހުންނާ ދެކޮޅަށް ހަނގުރާމަ ކުރިންތޯއެވެ؟ ތިމަން ދެންނެވީމެވެ: އާދޭހެވެ. އޭނާ ދެންނެވިއެވެ: އެކަލޭގެފާނާ ތިޔަބައިމީހުންގެ ހަނގުރާމަ ކިހިނެއްތޯއެވެ؟ ތިމަން ދެންނެވީމެވެ: ތިމަންމެންނާ އެކަލޭގެފާނާ ދެމެދު ހަނގުރާމައިގެ ނަތީޖާ ވަނީ ބެހިފައެވެ. ބައެއް ފަހަރު އެކަލޭގެފާނު ކާމިޔާބު ހޯއްދަވައެވެ. އަދި އަނެއްބައި ފަހަރު ތިމަންމެން ކާމިޔާބު ހޯދަމެވެ. އޭނާ ދެންނެވިއެވެ: އެކަލޭގެފާނު ތިޔަބައިމީހުންނަށް އަމުރު ކުރައްވަނީ ކޮންކަމަކަށްތޯއެވެ؟ ތިމަން ދެންނެވީމެވެ: އެކަލޭގެފާނު ތިމަންމެންނަށް އަމުރު ކުރައްވަނީ ހަމައެކަނި ﷲ އަށް އަޅުކަންކޮށް، އެ އިލާހާ އެއްވެސް ފަރާތަކު ޝަރީކު ނުކުރާށެވެ. އަދި ތިމަންމެންގެ ކާބަފައިން އަޅުކަންކޮށް އުޅުނު ތަކެތިން ނަހީ ކުރައްވައެވެ. އަދި ނަމާދު ކުރުމަށާއި، ޞަދަގާތް ދިނުމަށާއި، ޢިއްފަތްތެރިވުމަށާއި، ޢަހުދަށް ވަފާތެރިވުމަށާއި، އަމާނާތް އަދާކުރުމަށް ތިމަންމެންނަށް އަމުރު ކުރައްވައެވެ. ދެން އެހެން ބުނުމުން ގައިޞަރު އޭނާގެ ތަރުޖަމާނު ގާތު ދެންނެވިއެވެ: އޭނާ ގާތު ދަންނަވާށެވެ: ހަމަކަށަވަރުން ތިޔަބައިމީހުންގެ ތެރޭގައި އެކަލޭގެފާނުގެ ނަސަބުފުޅާ މެދު ތިބާއާ ސުވާލު ކުރީމެވެ. އަދި ތިބާ ދެންނެވީ އެކަލޭގެފާނަކީ (ރަނގަޅު) ނަސަބުފުޅެއްގެ ވެރިއެއްކަމަށެވެ. ހަމައެފަދައިން ރަސޫލުން ފޮނުއްވެނީ އެބޭކަލުންގެ ގައުމުގެ (ރަނގަޅު) ނަސަބަކުންނެވެ. އަދި ތިޔަބައިމީހުންގެ ތެރެއިން އެކަކުވެސް މިފަދަ ބަހެއް ކުރިން ބުނިތޯ ސުވާލު ކުރީމެވެ. ތިބާ ދެންނެވީ ނޫނެކެވެ. އެކަލޭގެފާނުގެ ކުރިން މިފަދަ ބަހެއް ތިޔަބައިމީހުންގެ ތެރެއިން އެކަކުވެސް ބުނިކަމުގައި ވާނަމަ، އެއީ ހަމަ އެކަލޭގެފާނުގެ ކުރިން ބުނެވުނު ބަހެއްގެ ފަހަތުން ތަބާވާ މީހެއްކަމަށް ތިމަން ބުނީމުހެވެ. އަދި އެ ވާހަކަފުޅުތައް ވިދާޅުވުމުގެ ކުރިން، އެކަލޭގެފާނު އިތުރުފުޅު ހައްދަވާކަމަށް ތިޔަބައިމީހުން ތުހުމަތުކޮށް އުޅުނިންތޯ ސުވާލު ކުރީމެވެ. ތިބާ ދެންނެވީ ނޫނެކެވެ. ހަމަކަށަވަރުން އެކަލޭގެފާނު މީސްތަކުންގެ މައްޗަށް އިތުރުފުޅު ނަހައްދަވާ ހިނދު، ﷲއަށް އިތުރުފުޅު ނިސްބަތް ނުކުރައްވާނެކަން ތިމަންނައަށް އެނގެއެވެ. އަދި އެކަލޭގެފާނުގެ ކާބަފައިންގެ ތެރޭގައި އެއްވެސް ރަސްކަލެއް ވޭތޯ ސުވާލު ކުރީމެވެ. ތިބާ ދެންނެވީ ނޫނެކެވެ. އެކަލޭގެފާނުގެ ކާބަފައިންގެ ތެރޭގައި ރަސްކަލެއް ވިކަމުގައި ވާނަމަ، އެއީ އެކަލޭގެފާނުގެ ކާބަފައިންގެ ރަސްކަން ހޯދަން އުޅޭ މީހެއްކަމަށް ތިމަން ބުނީމުހެވެ. އަދި އެކަލޭގެފާނަށް ތަބާވަނީ މީސްތަކުން ކުރެ ޝަރަފުވެރި (ބޮޑުންތޯ) ނޫނީ ނިކަމެތިންތޯ ސުވާލު ކުރީމެވެ. ތިބާ ދެންނެވީ ތަބާވަނީ ނިކަމެތީންކަމަށެވެ. އެއީ ހަމަ ރަސޫލުންނަށް ތަބާވާ މީހުންނެވެ. އަދި އެބައިމީހުން ވަނީ ގިނަތޯ ނޫނީ މަދުތޯ ސުވާލު ކުރީމެވެ. ތިބާ ދެންނެވީ ގިނަވާކަމަށެވެ. ހަމައެފަދައިން އީމާންކަން ފުރިހަމަވުމަށް ދާންދެން ވާނީ އެހެންނެވެ. އަދި އެބައިމީހުން ދީނަށް ވަނުމަށް ފަހު، އެ ދީނާމެދު ނުރުހިގެން އެއްވެސް މީހަކު މުރުތައްދުވޭތޯ ސުވާލު ކުރީމެވެ. ތިބާ ދެންނެވީ ނޫނެކެވެ. ހަމައެފަދައިން އީމާންކަމުގެ އުފާވެރިކަން ހިތާ އެއްވެގެން ދާއިރު އެއްވެސް މީހަކު އެކަމާމެދު ނުރުހިގެން ނުދާނެއެވެ. އަދި އެލޭގެފާނު ޚިޔާނާތްތެރި ވޭތޯ ސުވާލު ކުރީމެވެ. ތިބާ ދެންނެވީ ނޫނެކެވެ. ހަމައެފަދައިން ރަސޫލުން ޚިޔާނާތްތެރިއެއް ނުވާނެއެވެ. އަދި ތިޔަބައިމީހުން އެކަލޭގެފާނާ ހަނގުރާމަ ކުރިންތޯ ސުވާލު ކުރީމެވެ. ތިބާ ދެންނެވީ އެކަން ކުރި ކަމަށާއި، ބައެއް ފަހަރު އެކަލޭގެފާނު ކާމިޔާބު ހޯއްދަވާކަމަށާއި، އަނެއްބައި ފަހަރު ތިޔަބައިމީހުން ކާމިޔާބު ހޯދާކަމަށެވެ. އަބޫ ސުފްޔާނު ބިން ޙަރްބު ރިވާ ކުރެއްވިއެވެ: ހިރަގްލު އެކަލޭގެފާނަށް ދެންނެވިއެވެ: ތިޔަބައިމީހުން އެ ނަބިއްޔާއާ ކުރި ހަނގުރާމަ ކިހިނެއްތޯ ސުވާލު ކުރީމެވެ. ތިބާ ދެންނެވީ ބައެއް ފަހަރު އެ ނަބިއްޔާ ކާމިޔާބު ހޯއްދަވާކަމަށާއި އަނެއްބައި ފަހަރު ތިޔަބައިމީހުން ކާމިޔާބު ހޯދާކަމަށެވެ. ހަމައެފަދައިން ރަސޫލުން އިމްތިޚާނު ކުރެއްވޭނެއެވެ. އެއަށްފަހު ހެޔޮނިމުންވާނީ އެ ބޭކަލުންނަށެވެ. އަދި އެކަލޭގެފާނު ތިޔަބައިމީހުންނަށް އަމުރު ކުރައްވަނީ ކޮންކަމަކަށްތޯ ސުވާލު ކުރީމެވެ. ތިބާ ދެންނެވީ އެކަލޭގެފާނު އަމުރު ކުރައްވަނީ ހަމައެކަނި ﷲ އަށް އަޅުކަންކޮށް، އެ އިލާހާ އެއްވެސް ފަރާތަކު ޝަރީކު ނުކުރުމަށެވެ. އަދި ތިޔަބައިމީހުންގެ ކާބަފައިން އަޅުކަންކޮށް އުޅުނު ތަކެތިން ނަހީ ކުރައްވައެވެ. އަދި ނަމާދު ކުރުމަށާއި، ޞަދަގާތް ދިނުމަށާއި، ޢިއްފަތްތެރިވުމަށާއި، ޢަހުދަށް ވަފާތެރިވުމަށާއި، އަމާނާތް އަދާ ކުރުމަށް އަމުރު ކުރައްވައެވެ. އަދި މިއީ ނަބިއްޔެއްގެ ސިފަފުޅުތަކެވެ. އެކަލޭގެފާނު ފާޅުވާނޭކަން ތިމަންނައަށް އެނގުނެވެ. އެކަމަކު އެކަލޭގެފާނު ވާނީ ތިޔަބައިމީހުންގެ ތެރެއިންކަމަށް ތިމަންނަ ހިއެއްނުކުރަމެވެ. އަދި ތިބާ ތިޔަ ދެންނެވީ ތެދު ކަމުގައި ވަނީނަމަ، ފަހެ ތިމަންނަގެ މި ދެ ފައި އަޅައިގެން ހުރި ތަން (އެބަހީ: އޭނާގެ ރަސްކަން) އެކަލޭގެފާނުގެ މިލްކުވެރިކަމަށް އައުން ގާތްވެއްޖެއެވެ. އަދި އެކަލޭގެފާނު އަރިހަށް ވާސިލުވެވެން ތިމަންނަ އުންމީދު ކުރެވެނު ނަމަ، އެކަލޭގެފާނާ ބައްދަލު ކުރުމަށް ތިމަން ނުކުތީސްކަން ކަށަވަރެވެ. އަދި އެކަލޭގެފާނުގެ އަރިހުގައި ތިމަން ހުރި ނަމަ، އެކަލޭގެފާނުގެ ދެ ފައިންޕުޅު ތިމަންނަ ދޮވުނީސްކަން ކަށަވަރެވެ. އަބޫ ސުފްޔާނު ދެންނެވިއެވެ: ދެން ރަސޫލު ﷲ ﷺ ގެ ސިޓީފުޅު ގެނައުމަށް އޭނާ އެނގިއެވެ. އެ ސިޓީފުޅު ކިޔުނު ހިނދު އޭގައި ވަނީ މިފަދައިންނެވެ: ﷲ، އައްރަޙްމާން، އައްރަޙީމުގެ އިސްމުފުޅުން (ފަށައިގަންނަމެވެ.) ﷲގެ އަޅާ އަދި ރަސޫލާ މުޙައްމަދުގެފާނުގެ އަރިހުން، ރޫމްގެ ވެރިޔާ ހިރަގްލަށް: ހިދާޔަތަށް ތަބާވެއްޖެ މީހަކަށް ސަލާމް ހުއްޓެވެ. އެއަށްފަހު ދަންނާށެވެ. ހަމަކަށަވަރުން ތިބާ އިސްލާމް ދީނަށް ވަނުމަށް ގޮވާލައްވަމެވެ. އިސްލާމްވާށެވެ. ތިބާ ސަލާމަތް ވާނެއެވެ. އަދި އިސްލާމްވެއްޖެ ނަމަ، ﷲ ތިބާއަށް ދެގުނަ އަޖުރު ދެއްވާނެއެވެ. އަދި ތިބާ ފުރަގަސްދީފި ނަމަ، ފަހެ ހަމަކަށަވަރުން ތިބާގެ ބެލުމުގެ ދަށުގައިވާ މީހުންގެ ފާފަ ވާނީ ތިބާގެ މައްޗަށެވެ. އަދި ❞އޭ ފޮތުގެ އަހުލުވެރިންނޭވެ. އަހަރެމެންގެ މެދުގައި އަދި ތިޔަބައިމީހުންގެ މެދުގައި ހަމަހަމަ އެއްގޮތްވެގެންވާ ބަހަކަށް އަންނާށެވެ. އެއީ ﷲ ފިޔަވައި އެހެން ފަރާތަކަށް ތިމަންމެން އަޅުކަން ނުކުރާނެކަމަށާއި، އެ އިލާހައަށް އެއްވެސް ފަރާތެއް ޝަރީކު ނުކުރާނެކަމަށާއި، އަދި ތިމަންމެންގެ ތެރެއިން އެއްބަޔަކު އަނެއްބަޔަކީ ﷲ ފިޔަވައި ރައްބުންތަކެއްގެ ގޮތުގައި ނުނަގާނެކަމަށެވެ. އަދި އެބައިމީހުން ފުރަގަސްދީފި ނަމަ، ތިޔަބައިމީހުން ބުނާށެވެ: ތިމަންމެންނީ ހަމަކަށަވަރުން މުސްލިމުން ކަމުގައި ތިޔަބައިމީހުން ހެކިވާށެވެ.❝ އަބޫ ސުފްޔާނު ދެންނެވިއެވެ: ދެން އޭނާ އެ ދެންނެވި އެއްޗެއް ދަންނަވައި ނިމުމުން، އޭނާ ވަށައިގެން ތިބި ރޫމުގެ އިސްވެރިންގެ އަޑުތައް ގަދަވެ، ހަލަބޮލިކަން އިތުރުވެއްޖެއެވެ.އަދި އެބައިމީހުން ބުނި އެއްޗެއް ތިމަންނައަކަށް ނޭންގުނެވެ. އަދި ތިމަންމެން އެ ތަނުން ބޭރު ކުރުމަށް އެންގެވުނެވެ. ދެން ނުކުމެގެން ތިމަންނައާއެކު ހުރި މީހުން ގާތު ވަކިން ތިމަން ދެންނެވީމެވެ: ހަމަކަށަވަރުން އިބްނު އަބީ ކަބްޝާ (އެބަހީ: މުޙައްމަދުގެފާނުގެ) ކަންތައް ވަރަށްވެސް ބޮޑުވެއްޖެއެވެ. ދޮންމީހުންގެ މި ރަސްގެފާނު އެކަލޭގެފާނު ދެކެ ބިރުގަނެއެވެ. އަބޫ ސުފްޔާނު ދެންނެވިއެވެ: ﷲ ގަންދީ ބުނަމެވެ. ނަބިއްޔާ ކާމިޔާބުވެގެން ދާނެކަމުގެ ޔަގީންކަންމަތީ ތިމަން ނިކަމެތިކަމާއެކު ދެމިހުރީމެވެ. އެއީ ތިމަންނަ ނުރުހި ހުއްޓައި ﷲ ތިމަންނަގެ ހިތް އިސްލާމް ދީނަށް ވެއްދުމަށް ދާންދެންނެވެ.,b7
صحيح البخاري,2972,حَدَّثَنَا مُسَدَّدٌ: حَدَّثَنَا يَحْيَى بْنُ سَعِيدٍ عَنْ يَحْيَى بْنِ سَعِيدٍ الْأَنْصَارِيِّ قَالَ: حَدَّثَنِي أَبُو صَالِحٍ قَالَ: سَمِعْتُ أَبَا هُرَيْرَةَ رَضِيَ اللهُ عَنْهُ قَالَ: قَالَ رَسُولُ اللهِ ﷺ: لَوْلَا أَنْ أَشُقَّ عَلَى أُمَّتِي مَا تَخَلَّفْتُ عَنْ سَرِيَّةٍ وَلَكِنْ لَا أَجِدُ حَمُولَةً وَلَا أَجِدُ مَا أَحْمِلُهُمْ عَلَيْهِ وَيَشُقُّ عَلَيَّ أَنْ يَتَخَلَّفُوا عَنِّي وَلَوَدِدْتُ أَنِّي قَاتَلْتُ فِي سَبِيلِ اللهِ فَقُتِلْتُ ثُمَّ أُحْيِيتُ ثُمَّ قُتِلْتُ ثُمَّ أُحْيِيتُ.,އަބޫ ހުރައިރާ رَضِيَ اللَّهُ عَنْهُ ރިވާ ކުރެއްވިއެވެ: ރަސޫލު ﷲ ﷺ ޙަދީޘް ކުރެއްވިއެވެ: ”ތިމަން ނަބިއްޔާގެ އުއްމަތަށް ދަތިކަމަކަށް ނުވާ ނަމަ، (ހަނގުރާމައަށް ނުކުންނަ) އެއްވެސް ލަޝްކަރެއްގެ ފަހަތުން ނުގޮސް (ރަށުގައި) ތިމަން ނަބިއްޔާ ނީންނެވީމުހެވެ. އެހެނެއްކަމަކު ސަވާރީއެއް ތިމަން ނަބިއްޔާއަށް ނުފެނުނެވެ. އަދި އެބައިމީހުން ގެންދިޔުމަށް ސަވާރު ވާނެ އެއްޗެއް ތިމަން ނަބިއްޔާއަށް ނުހޯދުނެވެ. އަދި ތިމަން ނަބިއްޔާގެ ފަހަތުގައި އެބައިމީހުން ބަހައްޓާފައި ދިޔުމަށް ތިމަން ނަބިއްޔާއަށް ދަތިފުޅުވެއެވެ. އަދި ހަމަކަށަވަރުން ﷲގެ މަގުގައި ގަތުލުވުމަށް ފަހު އަލުން ދިރުއްވި، ދެން އަނެއްކާވެސް ގަތުލުވުމަށް ފަހު އަލުން ދިރުއްވި، އަނެއްކާވެސް ގަތުލުވުމަށް ތިމަން ނަބިއްޔާ ލޯބި ކުރައްވަމެވެ.“,b36
صحيح البخاري,2978,حَدَّثَنَا أَبُو الْيَمَانِ: أَخْبَرَنَا شُعَيْبٌ عَنِ الزُّهْرِيِّ قَالَ: أَخْبَرَنِي عُبَيْدُ اللهِ بْنُ عَبْدِ اللهِ: أَنَّ ابْنَ عَبَّاسٍ رَضِيَ اللهُ عَنْهُمَا أَخْبَرَهُ: أَنَّ أَبَا سُفْيَانَ أَخْبَرَهُ: أَنَّ هِرَقْلَ أَرْسَلَ إِلَيْهِ وَهُمْ بِإِيلِيَاءَ ثُمَّ دَعَا بِكِتَابِ رَسُولِ اللهِ ﷺ فَلَمَّا فَرَغَ مِنْ قِرَاءَةِ الْكِتَابِ كَثُرَ عِنْدَهُ الصَّخَبُ فَارْتَفَعَتِ الْأَصْوَاتُ وَأُخْرِجْنَا فَقُلْتُ لِأَصْحَابِي حِينَ أُخْرِجْنَا: لَقَدْ أَمِرَ أَمْرُ ابْنِ أَبِي كَبْشَةَ إِنَّهُ يَخَافُهُ مَلِكُ بَنِي الْأَصْفَرِ.,އަބޫ ސުފްޔާނު ރިވާ ކުރެއްވިއެވެ: އަބޫ ސުފްޔާނުމެން އީލިޔާގައި ވަނިކޮށް، ހިރަގްލު އެކަލޭގެފާނު ހޯދަން މީހަކު ފޮނުވިއެވެ. (އޭނާގެ ގާތަށް ދިޔުމަށްފަހު) ރަސޫލު ﷲ ﷺ ގެ ސިޓީފުޅު ގެނައުމަށް ހިރަގްލު އެންގިއެވެ. އެ ސިޓީފުޅު ކިޔައި ނިމުމަށް ފަހު، ހިރަގްލުގެ ގާތު ހަލަބޮލިވުން އިތުރުވެ، އަޑުތައް ގަދަވެއްޖެއެވެ. އަދި ތިމަންމެން އެ ތަނުން ބޭރު ކުރެވި، ތިމަންނައާއެކު ހުރި މީހުން ގާތު ދެންނެވީމެވެ: ހަމަކަށަވަރުން އިބްނު އަބީ ކަބްޝާ (އެބަހީ: މުޙައްމަދުގެފާނުގެ) ކަންތައް ވަރަށްވެސް ބޮޑުވެއްޖެއެވެ. ހަމަކަށަވަރުން ދޮންމީހުންގެ ރަސްގެފާނުވެސް އެކަލޭގެފާނުދެކެ ބިރުގަނެއެވެ.,b7
صحيح البخاري,2989,حَدَّثَنِي إِسْحَاقُ: أَخْبَرَنَا عَبْدُ الرَّزَّاقِ: أَخْبَرَنَا مَعْمَرٌ عَنْ هَمَّامٍ عَنْ أَبِي هُرَيْرَةَ رَضِيَ اللهُ عَنْهُ قَالَ: قَالَ رَسُولُ اللهِ ﷺ: كُلُّ سُلَامَى مِنَ النَّاسِ عَلَيْهِ صَدَقَةٌ كُلَّ يَوْمٍ تَطْلُعُ فِيهِ الشَّمْسُ يَعْدِلُ بَيْنَ الِاثْنَيْنِ صَدَقَةٌ وَيُعِينُ الرَّجُلَ عَلَى دَابَّتِهِ فَيَحْمِلُ عَلَيْهَا أَوْ يَرْفَعُ عَلَيْهَا مَتَاعَهُ صَدَقَةٌ وَالْكَلِمَةُ الطَّيِّبَةُ صَدَقَةٌ وَكُلُّ خُطْوَةٍ يَخْطُوهَا إِلَى الصَّلَاةِ صَدَقَةٌ وَيُمِيطُ الْأَذَى عَنِ الطَّرِيقِ صَدَقَةٌ.,އަބޫ ހުރައިރާ رَضِيَ اللَّهُ عَنْهُ ރިވާ ކުރެއްވިއެވެ: ރަސޫލު ﷲ ﷺ ޙަދީޘް ކުރެއްވިއެވެ: ”އިރު އަރާ ކޮންމެ ދުވަހަކު، މީސްތަކުންގެ ކޮންމެ ހުޅަކަށް (ނުވަތަ ކަށިގަނޑަކަށް) ޞަދަގާތެއް ވެއެވެ. (އެ ގޮތުން) ދެ މީހެއްގެ ދެމެދުގައި ޢަދުލުވެރިވުމަކީ ޞަދަގާތެކެވެ. (އެބަހީ: ސުލްހަކުރުން، ނުވަތަ އިންސާފުން ޙުކުމް ކުރުމުން ސަވާބު ލިބޭނެއެވެ.) އަދި މީހަކަށް އެހީތެރިވެ ދިނުމުގެ ގޮތުން، އެ މީހާގެ ސަވާރީގެ މައްޗަށް އޭނާ އަރުވައި ދިނުން، ނުވަތަ އޭނާގެ ސާމާނު އެ ސަވާރީގެ މައްޗަށް އަރުވައި ދިނުމަކީ ޞަދަގާތެކެވެ. އަދި ހެޔޮ ބަހަކީ ޞަދަގާތެކެވެ. އަދި ނަމާދަށް ދާން އަޅާ ކޮންމެ ފިޔަވަޅަކީ ޞަދަގާތެކެވެ. އަދި (މީސްތަކުންނަށް) އުނދަގޫވާ ފަދަ އެއްޗެއް މަގުމަތިން ނަގައި ދުރު ކުރުމަކީ ޞަދަގާތެކެވެ.“,
صحيح البخاري,3006,حَدَّثَنَا قُتَيْبَةُ بْنُ سَعِيدٍ: حَدَّثَنَا سُفْيَانُ عَنْ عَمْرٍو عَنْ أَبِي مَعْبَدٍ عَنِ ابْنِ عَبَّاسٍ رَضِيَ اللهُ عَنْهُمَا: أَنَّهُ سَمِعَ النَّبِيَّ ﷺ يَقُولُ: لَا يَخْلُوَنَّ رَجُلٌ بِامْرَأَةٍ وَلَا تُسَافِرَنَّ امْرَأَةٌ إِلَّا وَمَعَهَا مَحْرَمٌ فَقَامَ رَجُلٌ فَقَالَ: يَا رَسُولَ اللهِ اكْتُتِبْتُ فِي غَزْوَةِ كَذَا وَكَذَا وَخَرَجَتِ امْرَأَتِي حَاجَّةً قَالَ: اذْهَبْ فَحُجَّ مَعَ امْرَأَتِكَ.,އިބްނު ޢައްބާސް رَضِيَ اللَّهُ عَنْهُمَا ރިވާ ކުރެއްވިއެވެ: ނަބިއްޔާ ﷺ ޙަދީޘް ކުރައްވަނިކޮށް ތިމަން އަޑު އެހީމެވެ: ”މަޙްރަމަކާއެކު މެނުވީ، (ހިލޭ) އަންހެނަކު (ހިލޭ) ފިރިހެނަކާ އެކަހެރިވެގެން ނުވާނެ، އަދި އަންހެނަކު ދަތުރުކޮށްގެން ނުވާނެއެވެ. “ ދެން މީހަކު ތެދުވެ ދެންނެވިއެވެ: އޭ ﷲ ގެ ރަސޫލާއެވެ. މިވެނި ލަޝްކަރަކާއެކު (ޖިހާދަށް) ނުކުންނަން ތިމަންނަގެ ނަން ލިޔެވިއްޖެއެވެ. އަދި ތިމަންނަގެ އަންހެނުން ޙައްޖުވުމަށް ނުކުމެއްޖެއެވެ. ނަބިއްޔާ ﷺ ޙަދީޘް ކުރެއްވިއެވެ: ”ގޮސް ތިބާގެ އަންހެނުންނާއެކު ޙައްޖުވާށެވެ.“,b1862
صحيح البخاري,3017,مَنْ بَدَّلَ دِينَهُ فَاقْتُلُوهُ,"""އެމީހެއްގެ ދީން(އިސްލާމްދީން) ބަދަލުކޮށްފިމީހާ ފަހެ ތިޔަބައިމީހުން އޭނާ ގަތުލުކުރާށެވެ.!""",
صحيح البخاري,3017,مَن بَدَّلَ دِينَهُ فَاقْتُلُوهُ.,”ދީން ދޫކޮށްފި މީހާ، ގަތުލު ކުރާހުށި ކަމެވެ.“,
صحيح البخاري,3030,"جَابِرَ بْنَ عَبْدِ اللَّهِ رضى الله عنهما قَالَ، قَالَ النَّبِيُّ ﷺ ""الْحَرْبُ خُدْعَةٌ","""ހަނގުރާމައަކީ މަކަރެކެވެ.""",
صحيح البخاري,3039,"فَقَالَ "" إِنْ رَأَيْتُمُونَا تَخْطَفُنَا الطَّيْرُ، فَلاَ تَبْرَحُوا مَكَانَكُمْ هَذَا حَتَّى أُرْسِلَ إِلَيْكُمْ، وَإِنْ رَأَيْتُمُونَا هَزَمْنَا الْقَوْمَ وَأَوْطَأْنَاهُمْ فَلاَ تَبْرَحُوا حَتَّى أُرْسِلَ إِلَيْكُمْ """,ހަމަކަށަވަރުން އިތުރުއެކަލޭގެފާނު ޙަދީޘުކުރެއްވިއެވެ. ދޫނިއައިސް ތިމަންމެން ޖަހައިގަންނަތަން ތިޔަބައިމީހުނަށް ފެނުނުނަމަވެސް ތިމަންކަލޭގެފާނު ތިޔަބައިމީހުންގެ ގާތަށް ފޮނުވައިފުމަށް ދާންދެން ތިޔަބައިމީހުން ތިއަތިބިތަންނުން ހެލިނުލާށެވެ! އަދި ތިމަންމެން އެބައިމީހުން ބަލިކޮށް އެބައިމީހުންގެ މައްޗަށް ގަދަވެގަނެ ތިމަންމެން އެބައިމީހުން ޗިސްކުރަމުން ދާނތަން ތިޔަބައިމީހުނަށް ފެނުނުކަމުގައިވިއަސް ތިމަންކަލޭގެފާނު ތިޔަބައިމީހުންގެ ގާތަށްފޮނުވައިފުމަށްދާންދެން ތިޔަބައިމީހުން ތިއަތިބިތަންތަނުން ހެލިނުލާށެވެ!,
صحيح البخاري,3061,حَدَّثَنَا أَبُو نُعَيْمٍ: حَدَّثَنَا سُفْيَانُ، عَنِ ابْنِ جُرَيْجٍ، عَنْ عَمْرِو بْنِ دِينَارٍ، عَنْ أَبِي مَعْبَدٍ، عَنِ ابْنِ عَبَّاسٍ رَضِيَ اللهُ عَنْهُمَا قَالَ: جَاءَ رَجُلٌ إِلَى النَّبِيِّ ﷺ فَقَالَ: يَا رَسُولَ اللهِ، إِنِّي كُتِبْتُ فِي غَزْوَةِ كَذَا وَكَذَا، وَامْرَأَتِي حَاجَّةٌ، قَالَ: ارْجِعْ فَحُجَّ مَعَ امْرَأَتِكَ.,އިބްނު ޢައްބާސް رَضِيَ اللَّهُ عَنْهُمَا ރިވާ ކުރެއްވިއެވެ: ނަބިއްޔާ ﷺ ގެ އަރިހަށް މީހަކު އައިސް ދެންނެވިއެވެ: އޭ ﷲ ގެ ރަސޫލާއެވެ. ހަމަކަށަވަރުން މިވެނި ލަޝްކަރަކާއެކު (ޖިހާދަށް) ނުކުންނަން ތިމަންނަގެ ނަން ލިޔެވިއްޖެއެވެ. އަދި ތިމަންނަގެ އަންހެނުން ޙައްޖުވުމަށް ނުކުމެއްޖެއެވެ. ނަބިއްޔާ ﷺ ޙަދީޘް ކުރެއްވިއެވެ: ”އެނބުރި ގޮސް ތިބާގެ އަންހެނުންނާއެކު ޙައްޖުވާށެވެ.“,b1862
صحيح البخاري,3088,عَنْ كَعْبٍ رَضِيَ اللَّهُ عَنْهُ: «أَنَّ النَّبِيَّ صَلَّى اللهُ عَلَيْهِ وَسَلَّمَ كَانَ إِذَا قَدِمَ مِنْ سَفَرٍ، ضُحًى دَخَلَ المَسْجِدَ، فَصَلَّى رَكْعَتَيْنِ قَبْلَ أَنْ يَجْلِسَ»,"""ކަޢުބު ބުން މާލިކް ރަޟިޔަﷲ ޢަންހު ރިވާވެގެންވެއެވެ. ""ޟުޙާ ވަގުތުގައި ނަބިއްޔާ ޞައްލަﷲ ޢަލައިހި ވަސައްލަމަ ދަތުރުފުޅެއްކުރައްވާފައި އެނބުރި ވަޑައިގެންފިނަމަ (ފުރަތަމަ) ވަޑައިގަންނަވަނީ މިސްކިތަށެވެ.އަދި މިސްކިތުގައި ދެރަކްޢަތް ކުރެއްވުމަށްފަހު އިށީދެ ވަޑައިގަންނަވައެވެ.""",
صحيح البخاري,3105,حَدَّثَنَا عَبْدُ اللهِ بْنُ يُوسُفَ: أَخْبَرَنَا مَالِكٌ، عَنْ عَبْدِ اللهِ بْنِ أَبِي بَكْرٍ، عَنْ عَمْرَةَ ابْنَةِ عَبْدِ الرَّحْمَنِ: أَنَّ عَائِشَةَ زَوْجَ النَّبِيِّ ﷺ أَخْبَرَتْهَا: أَنَّ رَسُولَ اللهِ ﷺ كَانَ عِنْدَهَا، وَأَنَّهَا سَمِعَتْ صَوْتَ إِنْسَانٍ يَسْتَأْذِنُ فِي بَيْتِ حَفْصَةَ، فَقُلْتُ: يَا رَسُولَ اللهِ هَذَا رَجُلٌ يَسْتَأْذِنُ فِي بَيْتِكَ، فَقَالَ رَسُولُ اللهِ ﷺ: أُرَاهُ فُلَانًا لِعَمِّ حَفْصَةَ مِنَ الرَّضَاعَةِ الرَّضَاعَةُ تُحَرِّمُ مَا تُحَرِّمُ الْوِلَادَةُ.,ޢާއިޝާ ރިވާ ކުރެއްވިއެވެ: ރަސޫލު ﷲ ﷺ ތިމަން ކަމަނާ ގާތު ހުންނެވިއެވެ. އަދި ޙަފްޞާގެ ގެކޮޅަށް ވަނުމަށް މީހަކު ހުއްދައަށް އެދޭ އަޑު ތިމަން ކަމަނާ އެހީމެވެ. ތިމަން ކަމަނާ ދެންނެވީމެވެ: އޭ ﷲގެ ރަސޫލާއެވެ. އިބަ ނަބިއްޔާގެ ގެކޮޅަށް ވަނުމަށް މި މީހާ ހުއްދައަށް އެބަ އެދެއެވެ. ރަސޫލު ﷲ ﷺ ޙަދީޘް ކުރެއްވިއެވެ: ”އެއީ ކިރުގެ ގޮތުން ޙަފްޞާގެ ބޮޑުބޭބެ، މިވެނި މީހެއްކަމަށް ތިމަން ނަބިއްޔާ ދެކިލައްވަމެވެ. ވިހެއުމުގެ ސަބަބުން ޙަރާމްވާ ކަންތައް، ގާތުން ކިރު ދިނުމުގެ ސަބަބުން ވެސް ޙަރާމްވެގެން ދެއެވެ.“ (އެބަހީ: ނަސަބުގެ ގާތްކަމުގެ ސަބަބުން މީހުންނާ ކާވެނިކުރުން ޙަރާމްވާ ފަދައިން، މައިމީހާ ނޫން އެހެން މީހެއްގެ ފަރާތުން ކިރު ދިނުމުން، އެ ކިރު ދިން މީހާގެ ނަސަބުގެ ބައެއް މީހުންނާ ކާވެނިކުރުން ވެސް ޙަރާމްވެގެން ދެއެވެ.),
صحيح البخاري,3116,مَنْ يُرِدِ اللهُ بِهِ خَيْرًا يُفَقِّهْهُ فِي الدِّينِ,ﷲ، އެ މީހަކަށް ހެޔޮކަމަކަށް އިރާދަކުރައްވައިފި ނަމަ، އެ މީހަކަށް ދީނުގެ ފިޤުހުވެރިކަން ދެއްވައެވެ.,
صحيح البخاري,3123,حَدَّثَنَا إِسْمَاعِيلُ قَالَ: حَدَّثَنِي مَالِكٌ، عَنْ أَبِي الزِّنَادِ، عَنِ الْأَعْرَجِ، عَنْ أَبِي هُرَيْرَةَ رَضِيَ اللهُ عَنْهُ: أَنَّ رَسُولَ اللهِ ﷺ قَالَ: تَكَفَّلَ اللهُ لِمَنْ جَاهَدَ فِي سَبِيلِهِ، لَا يُخْرِجُهُ إِلَّا الْجِهَادُ فِي سَبِيلِهِ وَتَصْدِيقُ كَلِمَاتِهِ، بِأَنْ يُدْخِلَهُ الْجَنَّةَ، أَوْ يُرْجِعَهُ إِلَى مَسْكَنِهِ الَّذِي خَرَجَ مِنْهُ مِنْ أَجْرٍ أَوْ غَنِيمَةٍ.,އަބޫ ހުރައިރާ رَضِيَ اللَّهُ عَنْهُ ރިވާ ކުރެއްވިއެވެ: ރަސޫލު ﷲ ﷺ ޙަދީޘް ކުރެއްވިއެވެ: ”ﷲގެ މަގުގައި (ޖިހާދަށް) ނުކުންނަ މީހަކަށް، އޭނާ ނެރުނު ހަމައެކަނި ކަމަކީ އެ އިލާހުގެ މަގުގައި ޖިހާދު ކުރުމާއި އެ އިލާހުގެ ކަލިމަފުޅުތަށް ތެދުކުރުން ކަމުގައި ވަނީނަމަ، ފަހެ އޭނާ ސުވަރުގެ ވައްދަވާނެކަމަށް، ނޫނީ އެނބުރި އެނާ ނުކުތް ގެއަށް އަޖުރު ނުވަތަ ޣަނީމާ މުދަލައިގެން ފޮނުއްވާނެކަމަށް ﷲ ވަނީ ކަށަވަރުކޮށް ދެއްވާފައެވެ.“,b36
صحيح البخاري,3123,"عَنْ أَبِي هُرَيْرَةَ، قَالَ قَالَ رَسُولُ اللَّهِ ﷺ "" تَضَمَّنَ اللَّهُ لِمَنْ خَرَجَ فِي سَبِيلِهِ لاَ يُخْرِجُهُ إِلاَّ جِهَادًا فِي سَبِيلِي وَإِيمَانًا بِي وَتَصْدِيقًا بِرُسُلِي فَهُوَ عَلَىَّ ضَامِنٌ أَنْ أُدْخِلَهُ الْجَنَّةَ أَوْ أَرْجِعَهُ إِلَى مَسْكَنِهِ الَّذِي خَرَجَ مِنْهُ نَائِلاً مَا نَالَ مِنْ أَجْرٍ أَوْ غَنِيمَةٍ . وَالَّذِي نَفْسُ مُحَمَّدٍ بِيَدِهِ مَا مِنْ كَلْمٍ يُكْلَمُ فِي سَبِيلِ اللَّهِ إِلاَّ جَاءَ يَوْمَ الْقِيَامَةِ كَهَيْئَتِهِ حِينَ كُلِمَ لَوْنُهُ لَوْنُ دَمٍ وَرِيحُهُ مِسْكٌ وَالَّذِي نَفْسُ مُحَمَّدٍ بِيَدِهِ لَوْلاَ أَنْ يَشُقَّ عَلَى الْمُسْلِمِينَ مَا قَعَدْتُ خِلاَفَ سَرِيَّةٍ تَغْزُو فِي سَبِيلِ اللَّهِ أَبَدًا وَلَكِنْ لاَ أَجِدُ سَعَةً فَأَحْمِلَهُمْ وَلاَ يَجِدُونَ سَعَةً وَيَشُقُّ عَلَيْهِمْ أَنْ يَتَخَلَّفُوا عَنِّي وَالَّذِي نَفْسُ مُحَمَّدٍ بِيَدِهِ لَوَدِدْتُ أَنِّي أَغْزُو فِي سَبِيلِ اللَّهِ فَأُقْتَلُ ثُمَّ أَغْزُو فَأُقْتَلُ ثُمَّ أَغْزُو فَأُقْتَلُ ""","ަބޫ ހުރައިރާ ރަޟިޔަﷲ ޢަންހުގެ ކިބައިން ރިވާވެގެންވެއެވެ. އެކަލޭގެފާނު ވިދާޅުވިއެވެ. ރަސޫލުﷲ ﷺ ޙަދީޘްކުރެއްވިއެވެ. ""ތިމަންﷲގެ މަގުގައި ޖިހާދުކުރަން މެނުވީ ކަމުގައި ނުވާ ހާލު، އަދި ތިމަންﷲއަށް އީމާންވާ ހާލު، އަދި ތިމަންﷲގެ ރަސޫލާ ތެދުކޮށް އީމާންވާ ހާލު ނުކުންނަ މީހާ ދަންނާށެވެ. ފަހެ އޭނާ ވަނީ ތިމަންﷲގެ (އަންނަނިވި ކަންތައްތަކުގެ މައްޗަށް) ޒިންމާވުމުގެ މަތީގައެވެ. އެއީ އޭނާ ސުވަރުގެއަށް ވެއްދެވުމެވެ ނުވަތަ އޭނާ އެތަނަކުން ނުކުތް ތަނަށް ރައްދުކޮށްދެއްވުމެވެ. އެއީ އޭނާ ޙާޞިލުކުރި އަޖުރާއި އެކު ނުވަތަ ޣަނީމާއާއި އެކުގައެވެ. އެފަރާތެއްގެ އަތްޕުޅުގެ ދަށުގައި މުޙައްމަދުގެ ނަފުސުވާ ފަރާތް ގަންދެއްވާފައި ދަންނަވަމެވެ. ﷲގެ މަގުގައި މީހަކު (ޖިހާދުކުރަނިކޮށް) ޒަހަމްވެއްޖެނަމަ، ގިޔާމަތް ދުވަހު އޭނާގެ ޒަހަމްވީ އިރު ހުރިގޮތަށް (އެޒަހަމްތަކާއެކު) އަންނަ ހުއްޓެވެ. އޭގެ ކުލަހުންނަ ހުށީ ރަތްކުލައިގައެވެ. ނަމަވެސް އޭގެ ވަސްވަނީ ގޮމަކަސްތޫރީގެ ވަހެވެ. އަދި ﷲގެ އަތްޕުޅުގެ ދަށުގައި ތިމަންކަލޭގެފާނުގެ ނަފުސުވާ ފަރާތް ގަންދެއްވާފައި ބުނަމެވެ. މުސްލިމުންގެ މައްޗަށް ދަތިނުވާނެ ނަމަ ތިމަންކަލޭގެފާނު ﷲގެ މަގުގައި ޖިހާދުކުރަން ފޮނުއްވާ އެއްވެސް ލަޝްކަރެއްގައި ތިމަންކަލޭގެފާނު ވަޑައިނުގެން ނުހުންނެވީމުހެވެ. ނަމަވެސް ތިމަންކަލޭގެފާނަށް އެބައިމީހުންނަށް (މުޖާހިދުންނަށް ދަތުރުކުރެވޭ ވަރަށް) އުފުލާނެ ސަވާރީފޯރުކޮށްދިނުމުގެ ކުޅަދާނަކަމެއް ނެތެވެ. އަދި މުޖާހިދުންނަށްވެސް ތިމަންކަލޭގެފާނާ އެކު ދަތުރުކުރުމަށް(ހުރިހާ އެންމެންނަށް) އުފުލާނެ ސަވާރީއެއް ހޯދުމުގެ ކުޅަދާނަކަން ލިބިގެން ނުވެއެވެ. (އަދި ތިމަންކަލޭގެނުކުމެއްޖެނަމަ) އެބައިމީހުންނަށްވަނީ ތިމަންކަލޭގެފާނާއި އެކު ނުނުކުމެވުމުގެ މައްޗަށް އެކަން ދަތިކަމަކަށް ވެގެންނެވެ. (އެހެންކަމުން އެބައިމީހުން އެގޮތުގައި ދޫކޮށްލެވިފައިވަނީއެވެ) މުޙައްމަދު ގެފާނުގެ ނަފުސު އެފަރާތެއްގެ އަތްޕުޅުގައިވާ ފަރާތް ގަންދެއްވާފައިވާ ވިދާޅުވަމެވެ. ތިމަންކަލޭގެފާނު ﷲގެ މަގުގައި ޖިހާދުކޮށް އަދި ޝަހީދުވުމަށް ލޯބިކުރައްވަމެވެ. އަދި އެޔަށްފަހު ޖިހާދުކުރައްވައި ޝަހީދުވުމަށް އަދި އެޔަށްފަހު ޖިހާދުކޮށް ޝަހީދުވުމަށް ލޯބިކުރައްވަމެވެ.""",
صحيح البخاري,3130,إنَّما تَغَيَّبَ عُثْمَانُ عن بَدْرٍ، فإنَّه كَانَتْ تَحْتَهُ بنْتُ رَسولِ اللَّهِ صَلَّى اللهُ عليه وسلَّمَ، وكَانَتْ مَرِيضَةً، فَقالَ له النبيُّ صَلَّى اللهُ عليه وسلَّمَ: إنَّ لكَ أَجْرَ رَجُلٍ مِمَّنْ شَهِدَ بَدْرًا وسَهْمَهُ.,"ރުގައްޔާ رضي الله عنها އާލާސްކަންފުޅާއި އުޅުއްވާތިވެ ނަބިއްޔާ ﷺގެ އަމުރުފުޅަށް ޢުޘްމާނުގެފާނު ބަދުރުހަނގުރާމައިގެ ދުވަހު ހަނގުރާމައިގައި ބައިވެރިވެވަޑައިނުގަން މަޑުކުރެއްވިއެވެ. އަދި ބަދުރުހަނގުރާމައިގައި ބައިވެރިވެވަޑައި ނުގެންނެވިނަމަވެސް ނަބިއްޔާﷺ އެކަލޭގެފާނަށް ގަނީމާމުދަލުން ބައެއްއަޅުއްވާ ގަނީމާމުދަލުން ދެއްވެވިއެވެ. ނަބިއްޔާ ޙަދީޘްކުރައްވާފައިވާ ބަސފުޅެއްގައިވެއެވެ. "" إِنَّ لَكَ أَجْرَ رَجُلٍ مِمَّنْ شَهِدَ بَدْرًا وَسَهْمَهُ"" މާނައީ: ހަމަކަށަވަރުން ކަލޭގެފާނަށް (އުޘްމާނުގެފާނަށް) ބަދުރު ހަނގުރާމައިގައި ހަނގުރާމަކުރި މީހަކާއެއްފަދައިން އަޖުރުލިބެގެންވެއެވެ. އަދި ޣަނީމާމުދަލުންވެސްމެއެވެ.",
صحيح البخاري,3130,إنَّما تَغَيَّبَ عُثْمَانُ عن بَدْرٍ، فإنَّه كَانَتْ تَحْتَهُ بنْتُ رَسولِ اللَّهِ صَلَّى اللهُ عليه وسلَّمَ، وكَانَتْ مَرِيضَةً، فَقالَ له النبيُّ صَلَّى اللهُ عليه وسلَّمَ: إنَّ لكَ أَجْرَ رَجُلٍ مِمَّنْ شَهِدَ بَدْرًا وسَهْمَهُ.,ރުގައްޔާ رضي الله عنها އާލާސްކަންފުޅާއި އުޅުއްވާތިވެ ނަބިއްޔާ ﷺގެ އަމުރުފުޅަށް ޢުޘްމާނުގެފާނު ބަދުރުހަނގުރާމައިގެ ދުވަހު ހަނގުރާމައިގައި ބައިވެރިވެވަޑައިނުގަން މަޑުކުރެއްވިއެވެ. އަދި ބަދުރުހަނގުރާމައިގައި ބައިވެރިވެވަޑައިނުގެންނެވިނަމަވެސް ނަބިއްޔާﷺ އެކަލޭގެފާނަށް ގަނީމާމުދަލުން ބައެއްއަޅުއްވާ ގަނީމާމުދަލުން ދެއްވެވިއެވެ. ނަބިއްޔާ ޙަދީޘްކުރައްވާފައިވާ ބަސފުޅެއްގައިވެއެވެ. ހަމަކަށަވަރުން ކަލޭގެފާނަށް (އުޘްމާނުގެފާނަށް) ބަދުރު ހަނގުރާމައިގައި ހަނގުރާމަކުރި މީހަކާއެއްފަދައިން އަޖުރުލިބެގެންވެއެވެ. އަދި ޣަނީމާމުދަލުންވެސްމެއެވެ.,
صحيح البخاري,3174,حَدَّثَنَا يَحْيَى بْنُ بُكَيْرٍ حَدَّثَنَا اللَّيْثُ، عَنْ يُونُسَ، عَنِ ابْنِ شِهَابٍ، عَنْ عُبَيْدِ اللهِ بْنِ عَبْدِ اللهِ بْنِ عُتْبَةَ أَخْبَرَهُ: أَنَّ عَبْدَ اللهِ بْنَ عَبَّاسٍ أَخْبَرَهُ: أَنَّ أَبَا سُفْيَانَ بْنَ حَرْبٍ أَخْبَرَهُ: أَنَّ هِرَقْلَ أَرْسَلَ إِلَيْهِ فِي رَكْبٍ مِنْ قُرَيْشٍ، كَانُوا تُجَّارًا بِالشَّامِ، فِي الْمُدَّةِ الَّتِي مَادَّ فِيهَا رَسُولُ اللهِ ﷺ أَبَا سُفْيَانَ فِي كُفَّارِ قُرَيْشٍ.,އަބޫ ސުފްޔާނު ބިން ޙަރްބު ރިވާ ކުރެއްވިއެވެ: ގުރައިޝްގެ ވިޔަފާރި ގާފިލާއެއްގައި އެކަލޭގެފާނު ޝާމްކަރައިގައި ވަނިކޮށް، ހިރަގްލު އެކަލޭގެފާނު ހޯދަން މީހަކު ފޮނުވިއެވެ. އެއީ ރަސޫލު ﷲ ﷺ، އަބޫ ސުފްޔާނާއި ގުރައިޝްގެ ކާފަރުންނާއެކު ކުރެވިފައިވާ (ޙުދައިބިއްޔާގެ) ސުލްޙައެއްގައި ތިބި ވަގުތެކެވެ.,b7
صحيح البخاري,3178,حَدَّثَنَا قُتَيْبَةُ بْنُ سَعِيدٍ: حَدَّثَنَا جَرِيرٌ، عَنِ الْأَعْمَشِ، عَنْ عَبْدِ اللهِ بْنِ مُرَّةَ، عَنْ مَسْرُوقٍ، عَنْ عَبْدِ اللهِ بْنِ عَمْرٍو رَضِيَ اللهُ عَنْهُمَا قَالَ: قَالَ رَسُولُ اللهِ ﷺ: أَرْبَعُ خِلَالٍ مَنْ كُنَّ فِيهِ كَانَ مُنَافِقًا خَالِصًا: مَنْ إِذَا حَدَّثَ كَذَبَ وَإِذَا وَعَدَ أَخْلَفَ وَإِذَا عَاهَدَ غَدَرَ وَإِذَا خَاصَمَ فَجَرَ. وَمَنْ كَانَتْ فِيهِ خَصْلَةٌ مِنْهُنَّ كَانَتْ فِيهِ خَصْلَةٌ مِنَ النِّفَاقِ حَتَّى يَدَعَهَا.,ޢަބްދު ﷲ ބިން ޢަމްރު رَضِيَ اللَّهُ عَنْهُمَا ރިވާ ކުރެއްވިއެވެ: ރަސޫލު ﷲ ﷺ ޙަދީޘް ކުރެއްވިއެވެ: ”ހަތަރު ސިފައެއް ހުރެއްޖެ މީހަކީ ޚާލިޞް މުނާފިގެކެވެ. އޭނާއަށް އަމާނާތެއް ހަވާލު ކުރެވިއްޖެ ނަމަ، ޚިޔާނާތްތެރި ވާނެއެވެ. އަދި ވާހަކައެއް ދައްކައިފި ނަމަ، ދޮގު ހަދާނެއެވެ. އަދި ޢަހުދެއް (އެއްބަސްވުމެއް) ވެއްޖެ ނަމަ، ޚިޔާނާތްތެރި ވާނެއެވެ. އަދި އަރައިރުމެއް ވެއްޖެ ނަމަ، (ހައްދުފަހަނަޅައި) ހުތުރު އެއްޗެހި ގޮވާނެއެވެ. އަދި އެއިން (އެންމެ) ސިފައެއް ހުއްޓަސް، އެ ސިފަ ދޫކޮށްފުމަށް ދާންދެން އޭނާގެ ކިބައިގައި އެ ހުރީ މުނާފިގުކަމުގެ ސިފައެކެވެ.“,b34
صحيح البخاري,3197,إِنَّ الزَّمَانَ قَدْ اسْتَدَارَ كَهَيْئَتِهِ يَوْمَ خَلَقَ اللَّهُ السَّمَوَاتِ وَالأَرْضَ السَّنَةُ اثْنَا عَشَرَ شَهْرًا مِنْهَا أَرْبَعَةٌ حُرُمٌ ثَلاثَةٌ مُتَوَالِيَاتٌ ذُو الْقَعْدَةِ وَذُو الْحِجَّةِ وَالْمُحَرَّمُ وَرَجَبٌ شَهْرُ مُضَرَ الَّذِي بَيْنَ جُمَادَى وَشَعْبَانَ,ހަމަކަށަވަރުން އިހު ހުރިގޮތަށް ޒަމާންތައްވަނީ އެނބުރި އައިސްފައެވެ. އެއީ ﷲ، އުޑާއި ބިން ޚަލްގުކުރެއްވި ދުވަހު ހުރިގޮތަށެވެ. އަހަރެއްގައި ބާރަ މައްސަރެވެ. އޭގެތެރެއިން ހަތަރު މަސް ޙުރުމަތްތެރިވެގެންވެއެވެ. ޖެހިޖެހިގެން އަންނަ ތިން މަސް: ޛުލްގަޢިދާ، ޛުލްޙިއްޖާ، މުޙައްރަމް މަހެވެ. އަދި ޖުމާދާއާއި ޝަޢްބާންމަހުގެ ދެމެދަށް އަންނަ މުޟަރުގެ މަސް، ރަޖަބު މަހެވެ.,
صحيح البخاري,3202,حَدَّثَنَا إِسْمَاعِيلُ بْنُ أَبِي أُوَيْسٍ قَالَ حَدَّثَنِي مَالِكٌ، عَنْ زَيْدِ بْنِ أَسْلَمَ، عَنْ عَطَاءِ بْنِ يَسَارٍ، عَنْ عَبْدِ اللهِ بْنِ عَبَّاسٍ رَضِيَ اللهُ عَنْهُمَا قَالَ قَالَ النَّبِيُّ ﷺ: إِنَّ الشَّمْسَ وَالْقَمَرَ آيَتَانِ مِنْ آيَاتِ اللهِ لَا يَخْسِفَانِ لِمَوْتِ أَحَدٍ وَلَا لِحَيَاتِهِ فَإِذَا رَأَيْتُمْ ذَلِكَ فَاذْكُرُوا اللهَ.,ޢަބްދު ﷲ ބިން ޢައްބާސް رَضِيَ اللَّهُ عَنْهُمَا ރިވާ ކުރެއްވިއެވެ: ނަބިއްޔާ ﷺ ޙަދީޘް ކުރެއްވިއެވެ: ”ހަމަކަށަވަރުން އިރާއި ހަނދަކީ ﷲގެ އާޔަތްތަކު ތެރެއިންވާ ދެ އާޔަތެވެ. އެއްވެސް މީހެއްގެ މަރުވުމާއި ދިރުމަކަށް އެ ދޭތި ކޭތަ ނުހިފާނެއެވެ. ފަހެ ތިޔަބައިމީހުންނަށް އެ (ކޭތަ ހިފާ) ތަން ފެނިއްޖެ ނަމަ ﷲ ޒިކުރު ކުރާށެވެ.“,b29
صحيح البخاري,3208,حَدَّثَنَا الْحَسَنُ بْنُ الرَّبِيعِ: حَدَّثَنَا أَبُو الْأَحْوَصِ، عَنِ الْأَعْمَشِ، عَنْ زَيْدِ بْنِ وَهْبٍ قَالَ عَبْدُ اللهِ: حَدَّثَنَا رَسُولُ اللهِ ﷺ وَهُوَ الصَّادِقُ الْمَصْدُوقُ قَالَ: إِنَّ أَحَدَكُمْ يُجْمَعُ خَلْقُهُ فِي بَطْنِ أُمِّهِ أَرْبَعِينَ يَوْمًا ثُمَّ يَكُونُ عَلَقَةً مِثْلَ ذَلِكَ ثُمَّ يَكُونُ مُضْغَةً مِثْلَ ذَلِكَ ثُمَّ يَبْعَثُ اللهُ مَلَكًا فَيُؤْمَرُ بِأَرْبَعِ كَلِمَاتٍ وَيُقَالُ لَهُ: اكْتُبْ عَمَلَهُ وَرِزْقَهُ وَأَجَلَهُ وَشَقِيٌّ أَوْ سَعِيدٌ ثُمَّ يُنْفَخُ فِيهِ الرُّوحُ فَإِنَّ الرَّجُلَ مِنْكُمْ لَيَعْمَلُ حَتَّى مَا يَكُونُ بَيْنَهُ وَبَيْنَ الْجَنَّةِ إِلَّا ذِرَاعٌ فَيَسْبِقُ عَلَيْهِ كِتَابُهُ فَيَعْمَلُ بِعَمَلِ أَهْلِ النَّارِ. وَيَعْمَلُ حَتَّى مَا يَكُونُ بَيْنَهُ وَبَيْنَ النَّارِ إِلَّا ذِرَاعٌ فَيَسْبِقُ عَلَيْهِ الْكِتَابُ فَيَعْمَلُ بِعَمَلِ أَهْلِ الْجَنَّةِ.,ޢަބްދު ﷲ ބިން މަސްޢޫދު ރިވާ ކުރެއްވިއެވެ: ރަސޫލު ﷲ ﷺ ތިމަންމެންނަށް ޙަދީޘް ކުރެއްވިއެވެ. އަދި އެ ނަބިއްޔާ ތެދުވެރިވެފައި، (އެ ނަބިއްޔާގެ ބަސްފުޅު ވެސް) ތެދުކުރެވިގެން ވެއެވެ—: ”ހަމަކަށަވަރުން ތިޔަބައިމީހުންގެ ތެރެއިން ކޮންމެ މީހަކުމެ ސާޅީސް ދުވަސް ވަންދެން، އޭނާގެ މައިމީހާގެ ބަނޑުގައި ( އޭނާގެ މައިންބަފައިންގެ ދެ ފެން) އެކުވެ، އޭނާ އުފެދިގެން އާދެއެވެ. ދެން ގަނޑުލޭކޮޅަކަށްވެ، ހަމަ އެހައި ދުވަސް ވަންދެން އެ ގޮތުގައި އޮވެއެވެ. ދެން މަސްކޮޅަކަށްވެ، ހަމަ އެހައި ދުވަސް ވަންދެން އެ ގޮތުގައި އޮވެއެވެ. ދެން ﷲ އޭނާގެ ގާތަށް މަލާއިކަތަކު ފުއްވަވައި، އެ މަލާއިކަތާއަށް ހަތަރު ކަމަކުން އަމުރު ކުރެއްވޭނެއެވެ. އަދި އެ މަލާއިކަތާއަށް އެންގެވޭނެއެވެ: އެ މީހާގެ އަމަލާއި، ރިޒުގާއި، އަޖަލާއި، އަދި އޭނާއަކީ އަބާއްޖަވެރިއެއް ނުވަތަ ބާއްޖަވެރިއެއްތޯ ލިޔުއްވާށެވެ. އެއަށްފަހު އެ މަލާއިކަތާ އޭނާއަށް ފުރާނަ އެޅުއްވުމަށް ފުމެލައްވައެވެ. ހަމަކަށަވަރުން ތިޔަބައިމީހުންގެ ތެރެއިން މީހަކު، އޭނާއާއި ސުވަރުގެއާ ދެމެދު މުށެއްގެ މިންވަރު މެނުވީ ނެތިއްޖައުމަށް ދާންދެން، (ހެޔޮ) އަމަލު ކުރަމުން ދާނެއެވެ. ދެން ފަހެ، އޭނާގެ ފޮތުގައިވާ ގޮތް އިސްވެ ހިނގައި، (އެބަހީ: އުމުރުގެ ފަހުކޮޅުގައި އޭނާ އަމިއްލައަށް ބަދަލުވެ، ނުބައިކޮށް އުޅެ) ނަރަކައިގެ އަހުލުވެރިންގެ އަމަލުން އަމަލު ކުރާނެއެވެ. އަދި (ހަމައެހެންމެ މީހަކު) އޭނާއާއި ނަރަކައާ ދެމެދު މުށެއްގެ މިންވަރު މެނުވީ ނެތިއްޖައުމަށް ދާންދެން، (ނުބައި) އަމަލު ކުރަމުން ދާނެއެވެ. ދެން ފަހެ، ފޮތް (އެބަހީ: ލައުޙުލް މަޙްފޫޡު)ގައިވާ ގޮތް އިސްވެ ހިނގައި، (އެބަހީ: އުމުރުގެ ފަހުކޮޅުގައި އޭނާ އަމިއްލައަށް ބަދަލުވެ، ރަނގަޅަށް އުޅެ) ސުވަރުގޭގެ އަހުލުވެރިންގެ އަމަލުން އަމަލު ކުރާނެއެވެ.“,
صحيح البخاري,3215,حَدَّثَنَا فَرْوَةُ حَدَّثَنَا عَلِيُّ بْنُ مُسْهِرٍ، عَنْ هِشَامِ بْنِ عُرْوَةَ، عَنْ أَبِيهِ، عَنْ عَائِشَةَ رَضِيَ اللهُ عَنْهَا أَنَّ الْحَارِثَ بْنَ هِشَامٍ سَأَلَ النَّبِيَّ ﷺ كَيْفَ يَأْتِيكَ الْوَحْيُ؟ قَالَ: كُلُّ ذَاكَ يَأْتِي الْمَلَكُ أَحْيَانًا فِي مِثْلِ صَلْصَلَةِ الْجَرَسِ فَيَفْصِمُ عَنِّي وَقَدْ وَعَيْتُ مَا قَالَ وَهُوَ أَشَدُّهُ عَلَيَّ وَيَتَمَثَّلُ لِيَ الْمَلَكُ أَحْيَانًا رَجُلًا فَيُكَلِّمُنِي فَأَعِي مَا يَقُولُ.,ޢާއިޝާ رَضِيَ اللَّهُ عَنْهَا ރިވާ ކުރެއްވިއެވެ: އަލްޙާރިޘް ބިން ހިޝާމް، ނަބިއްޔާ ﷺ އަރިހު ސުވާލު ކުރެއްވިއެވެ: އިބަ ނަބިއްޔާއަށް ވަހީ ބާވައިލެވެނީ ކިހިނަކުންތޯއެވެ؟ ނަބިއްޔާ ޙަދީޘް ކުރެއްވިއެވެ: ”ތިހުރިހާ ކަމެއް ވާގޮތަކީ، ބައެއް ފަހަރު މަލާއިކަތާ (ޖިބްރީލު) ރަނގަބީލެއްގެ އަޑުފަދައިން ވަޑައިގަނެއެވެ. ދެން ތިމަން ނަބިއްޔާއާ ވަކިވެވަޑައިގަތުމުން އެ ވިދާޅުވި އެއްޗެއް ތިމަން ނަބިއްޔާއަށް ވާނީ އެނގިވަޑައިގެންފައެވެ. (މި ގޮތަށް ވަހީ ބާވައިލެވުމަކީ) ތިމަން ނަބިއްޔާއަށް އެންމެ ބުރަވެގެންވާ ގޮތެވެ. އަދި އަނެއްބައި ފަހަރު ތިމަން ނަބިއްޔާއަށް ފިރިހެނެއްގެ ސިފައިގައި މަލާއިކަތާ ވަޑައިގަން ތިމަން ނަބިއްޔާއާ ވާހަކަފުޅު ދައްކަވައެވެ. ދެން އެ ވިދާޅުވާ އެއްޗެއް އެނގިވަޑައިގަންނަވަމެވެ.“,b2
صحيح البخاري,3220,حَدَّثَنَا مُحَمَّدُ بْنُ مُقَاتِلٍ أَخْبَرَنَا عَبْدُ اللهِ أَخْبَرَنَا يُونُسُ، عَنِ الزُّهْرِيِّ قَالَ: حَدَّثَنِي عُبَيْدُ اللهِ بْنُ عَبْدِ اللهِ، عَنِ ابْنِ عَبَّاسٍ رَضِيَ اللهُ عَنْهُمَا قَالَ: كَانَ رَسُولُ اللهِ ﷺ أَجْوَدَ النَّاسِ وَكَانَ أَجْوَدُ مَا يَكُونُ فِي رَمَضَانَ حِينَ يَلْقَاهُ جِبْرِيلُ وَكَانَ جِبْرِيلُ يَلْقَاهُ فِي كُلِّ لَيْلَةٍ مِنْ رَمَضَانَ فَيُدَارِسُهُ الْقُرْآنَ فَلَرَسُولُ اللهِ ﷺ حِينَ يَلْقَاهُ جِبْرِيلُ أَجْوَدُ بِالْخَيْرِ مِنَ الرِّيحِ الْمُرْسَلَةِ. وَعَنْ عَبْدِ اللهِ حَدَّثَنَا مَعْمَرٌ بِهَذَا الْإِسْنَادِ نَحْوَهُ وَرَوَى أَبُو هُرَيْرَةَ وَفَاطِمَةُ رَضِيَ اللهُ عَنْهُمَا عَنِ النَّبِيِّ ﷺ: أَنَّ جِبْرِيلَ كَانَ يُعَارِضُهُ الْقُرْآنَ.,އިބްނު ޢައްބާސް رَضِيَ اللَّهُ عَنْهُمَا ރިވާ ކުރެއްވިއެވެ: މީސްތަކުންގެ ތެރެއިން އެންމެ ދީލަތިވެގެން ވަނީރަސޫލު ﷲ ﷺ އެވެ. އަދި ނަބިއްޔާ އެންމެ ދީލަތިވެގެން ވަނީ ރަމަޟާން މަހުގައެވެ. އެއީ ނަބިއްޔާ ޖިބްރީލާ ބައްދަލު ކުރައްވައި ހިނދެވެ. އެ ގޮތުން ރަމަޟާން މަހުގެ ކޮންމެ ރެޔަކު ޖިބްރީލު ނަބިއްޔާއާ ބައްދަލު ކުރައްވައި، ނަބިއްޔާއަށް ގުރްއާން މުރާޖާކޮށްދެއްވައެވެ. އަދި ހަމަކަށަވަރުން ރަސޫލު ﷲ ﷺ ޖިބްރީލާ ބައްދަލު ކުރައްވައި ހިނދު، (ވާރެ ވިލާގަނޑަކައިގެން) ފޮނުއްވެވުނު ވައިރޯޅިއަކަށް ވުރެ ރަސޫލު ﷲ ﷺ ހެޔޮ ކަންކަމައިގެން ދީލަތިވެގެންވެއެވެ. އަދި އަބޫ ހުރައިރާއާއި ފާޠިމާ رَضِيَ اللَّهُ عَنْهُمَا ރިވާ ކުރެއްވިއެވެ: ނަބިއްޔާ ﷺ ޖިބްރީލަށް ގުރްއާން (އެއްކޮށް) ކިޔަވައި ވިދާޅުވެދެއްވައެވެ.,b6
صحيح البخاري,3238,حَدَّثَنَا عَبْدُ اللهِ بْنُ يُوسُفَ أَخْبَرَنَا اللَّيْثُ قَالَ حَدَّثَنِي عُقَيْلٌ، عَنِ ابْنِ شِهَابٍ قَالَ سَمِعْتُ أَبَا سَلَمَةَ قَالَ: أَخْبَرَنِي جَابِرُ بْنُ عَبْدِ اللهِ رَضِيَ اللهُ عَنْهُمَا: أَنَّهُ سَمِعَ النَّبِيَّ ﷺ يَقُولُ: ثُمَّ فَتَرَ عَنِّي الْوَحْيُ فَتْرَةً فَبَيْنَا أَنَا أَمْشِي سَمِعْتُ صَوْتًا مِنَ السَّمَاءِ فَرَفَعْتُ بَصَرِي قِبَلَ السَّمَاءِ فَإِذَا الْمَلَكُ الَّذِي جَاءَنِي بِحِرَاءٍ قَاعِدٌ عَلَى كُرْسِيٍّ بَيْنَ السَّمَاءِ وَالْأَرْضِ فَجُئِثْتُ مِنْهُ حَتَّى هَوَيْتُ إِلَى الْأَرْضِ فَجِئْتُ أَهْلِي فَقُلْتُ: زَمِّلُونِي زَمِّلُونِي فَأَنْزَلَ اللهُ تَعَالَى { يَا أَيُّهَا الْمُدَّثِّرُ } إِلَى { فَاهْجُرْ } قَالَ أَبُو سَلَمَةَ: { وَالرُّجْزَ } الْأَوْثَانُ.,ޖާބިރު ބިން ޢަބްދު ﷲ رَضِيَ اللَّهُ عَنْهُمَا ރިވާ ކުރެއްވިއެވެ: ނަބިއްޔާ ޙާދީޘް ކުރައްވަނިކޮށް ތިމަން އަޑު އެހީމެވެ: ”ދެންފަހެ ތިމަން ނަބިއްޔާއަށް ވަހީ ބާވައިލެއްވުން މުއްދަތަކަށް މެދުކެނޑުނެވެ. އެއަށްފަހު ތިމަން ނަބިއްޔާ ހިނގައިވަޑައިގަންނަވަމުން ދަނިކޮށް، އުޑުން އަޑެއް އިވިވަޑައިގަތީމެވެ. ފަހެ ތިމަން ނަބިއްޔާ އިސްއުފުއްލަވާފައި އުޑާ ދިމާލަށް ބަލައިލެއްވުމުން، ޙިރާ ފަރުބަދައިގެ ހޮހަޅާގައި ތިމަން ނަބިއްޔާގެ އަރިހަށް އަތުވި މަލާއިކަތާ ދެކެވެޑައިގަތީމެވެ. އުޑާއި ބިމާ ދެމެދުގައިވާ ގޮނޑިކޮޅެއްގައި އެ މަލާއިކަތާ އިށީނދެ އިންނެވިއެވެ. ފަހެ އެ މަލާއިކަތާގެ ކިބައިން ތިމަން ނަބިއްޔާ ބިރުފުޅު ގަންނަވައިގެން ގޮސް ބިން މައްޗަށް ވެއްޓިވަޑައިގަތީމެވެ. ދެން އެނބުރި ތިމަން ނަބިއްޔާގެ އަނބިކަންބަލުންގެ ގާތަށް ވަޑައިގެން ދެންނެވީމެވެ: ތިމަން ކަލޭގެފާނުގެ ހަށިކޮޅުގައި ރަޖާ ތުރުކުރައްވައި ދެއްވާށެވެ. ތިމަން ކަލޭގެފާނުގެ ހަށިކޮޅުގައި ރަޖާ ތުރުކުރައްވައި ދެއްވާށެވެ. ދެން ﷲ ތަޢާލާ ވަހީ ބާވައިލެއްވިއެވެ:“ ❞އޭ ގައިކޮޅުގައި ފޭރާން އޮޅުއްވައިގެން އޮންނެވި ކަލޭގެފާނެވެ. ތެދުވެވަޑައިގެން އިންޒާރު ދެއްވާށެވެ. އަދި ކަލޭގެފާނުގެ ރައްބަށް ތަކްބީރު ވިދާޅުވާށެވެ. އަދި ކަލޭގެފާނުގެ ހެދުންކޮޅު ތާހިރު ކުރައްވާށެވެ. އަދި (ބުދަށް އަޅުކަން ކުރުމާ) ދުރުވެ ވަޑައިގަންނަވާށެވެ.❝ (ޙަދީޘްގެ ރާވީއެއް ކަމަށްވާ) އަބޫ ސަލަމާ ވިދާޅުވިއެވެ: ރުޖްޒަކީ ބުދުތަކެވެ.,b4
صحيح البخاري,3244,قالَ اللَّهُ أَعْدَدْتُ لِعِبَادِي الصَّالِحِينَ ما لا عَيْنٌ رَأَتْ، ولَا أُذُنٌ سَمِعَتْ، ولَا خَطَرَ علَى قَلْبِ بَشَرٍ، فَاقْرَؤُوا إنْ شِئْتُمْ {فلا تَعْلَمُ نَفْسٌ ما أُخْفِيَ لهمْ مِن قُرَّةِ أَعْيُنٍ},ﷲ ވަހީ ކުރެއްވިއެވެ: “ލޮލަކަށް ފެނިފައި ނުވާ، ކަންފަތަކުން އެ ވާހަކައެއް އަހައިފައި ނުވާ އަދި އިންސާނެއްގެ ހިތަށް ގެނެސްގަނެވިފައިވެސް ނުމެވާ ފަދައިން ތިމަންރަސްކަލާނގެ ޞާލިޙު އަޅުންނަށްޓަކައި ސުވަރުގެ ތައްޔާރުކުރެއްވީމެވެ.” ތިޔަބައިމީހުން އެދޭނަމަ، އަންނަނިވި އާޔަތް ކިޔަވާށެވެ! ﴿فَلَا تَعْلَمُ نَفْسٌ مَّا أُخْفِيَ لَهُم مِّن قُرَّةِ أَعْيُنٍ﴾ ‎“ފަހެ، އެއުރެންނަށްޓަކައި ފޮރުއްވާފައިވާ ލޮލުގެ ފިނިކަން (އެބަހީ: ލޮލަށް ފިނިކަންދެނިވި، ސުވަރުގޭގެ ނިޢުމަތްތައް) އެއްވެސް ނަފުސަކަށް ނޭނގޭނެތެވެ. (އެއީ) އެއުރެން ކޮށްއުޅުނު އަމަލުތަކުގެ ޖަޒާއެއްކަމުގައެވެ.”,
صحيح البخاري,3246,أَوَّلُ زُمْرَةٍ تَدْخُلُ الْجَنَّةَ عَلَى صُورَةِ الْقَمَرِ لَيْلَةَ الْبَدْرِ، وَالَّذِينَ عَلَى إِثْرِهِمْ كَأَشَدِّ كَوْكَبٍ إِضَاءَةً، قُلُوبُهُمْ عَلَى قَلْبِ رَجُلٍ وَاحِدٍ، لاَ اخْتِلاَفَ بَيْنَهُمْ وَلاَ تَبَاغُضَ، لِكُلِّ امْرِئٍ مِنْهُمْ زَوْجَتَانِ، كُلُّ وَاحِدَةٍ مِنْهُمَا يُرَى مُخُّ سَاقِهَا مِنْ وَرَاءِ لَحْمِهَا مِنَ الْحُسْنِ، يُسَبِّحُونَ اللَّهَ بُكْرَةً وَعَشِيًّا، لاَ يَسْقَمُونَ وَلاَ يَمْتَخِطُونَ، وَلاَ يَبْصُقُونَ، آنِيَتُهُمُ الذَّهَبُ وَالْفِضَّةُ، وَأَمْشَاطُهُمُ الذَّهَبُ، وَقُودُ مَجَامِرِهِمُ الأُلُوَّةُ,ސުވަރުގެއަށް އެންމެ ފުރަތަމަ ވަންނަ މީހުންގެ ޞޫރަވަނީ ސާދަވިލޭރޭގެ ހަނދުފަދައިންނެވެ. އެއަށްފަހުގައި ވަންނަ މީހުން، އަލިކަން އެންމެގަދަ ވެގެންވާ ތަރި ފަދައެވެ. އެބޭކަލުންގެ ހިތްތައްވާނީ އެކެއްގެ ހިތްފަދައިން (އެކުވެރި ކަންމަތީ) އެވެ. ޚިލާފުވުމެއް ނުވަތަ އެއްބަޔަކު އަނެއް ބަޔަކަށް ރުޅިވެރިކަމެއް އެ މީހުންގެ މެދުގައި ނުވެއެވެ. އޭގެ ތެރެއިން ކޮންމެ މީހަކަށްމެ ދެ އަނބީން ވެއެވެ. އެ ކަނބަލުން ކުރެ ކޮންމެ މީހެއްގެ ރީތިކަމުގެ ސަބަބުން، (ހަންގަޑުގެ ތުނިކަމުން) ފައިގެ ފުންނާބުގެ މަސްގަނޑުގެ ތެރެއިން (ކަށިގަނޑު) ފެންނާނެތެވެ. (އެއްވެސް ތަކުލީފެއް އުފުލުމަކާ ނުލައި) ސުވަރުގޭގެ އަހުލުވެރީން ހެނދުނާއި ހަވީރު ﷲއަށް ތަސްބީޙަ ކިޔާނެތެވެ. އެ މީހުންނަށް އެއްވެސް ބައްޔެއް ޖެހުމެއް ނުވެއެވެ. އަރިދަފުސް ބޭރު ކުރުމެއް ނުވަތަ ކުޅެއް ޖެހުމެއް އެ މީހުންނަށް ނުވެއެވެ. އެ މީހުންގެ ކަންވާރުތައްވަނީ ރަނާއި ރިހީންނެވެ. އެ މީހުންގެ ބޮލުފުނާތައްވަނީ ރަނުންނެވެ. އެ މީހުންގެ މެދުގައި ޢޫދު އެންދޭނެއެވެ.,
صحيح البخاري,3257,فِي الْجَنَّةِ ثَمَانِيَةُ أَبْوَابٍ، فِيهَا باب يُسَمَّى الرَّيَّانَ لاَ يَدْخُلُهُ إِلاَّ الصَّائِمُونَ,ﷲގެ ރަސޫލާ ﷺ ހަދީޘްކުރެއްވިއެވެ: ސުވަރުގޭގައި އަށް ދޮރުކޮޅު ވެއެވެ. އޭގެ ތެރޭގައި 'އައް- ރައްޔާން' އޭ ކިޔުނު ދޮރުކޮޅެއް ވެއެވެ. އެ ދޮރުކޮޅުން ރޯދަވެރިން ނޫން ބަޔަކު ނުވަންނާނެތެވެ.,
صحيح البخاري,3275,إِذَا أَوَيْتَ إِلَى فِرَاشِكَ فَاقْرَأْ آيَةَ الكُرْسِيِّ، لَنْ يَزَالَ عَلَيْكَ مِنَ اللَّهِ حَافِظٌ، وَلاَ يَقْرَبُكَ شَيْطَانٌ حَتَّى تُصْبِحَ,ތިބާ ނިދަން އޮށޯންނަ ހިނދު، އާޔަތުލް ކުރްސި ކިޔަވާށެވެ. ﷲގެ ހަޒްރަތުން ތިބާގެ މައްޗަށް ރައްކާތެރިކޮށްދޭނެ (މަލާއިކަތަކު) މެދުނުކެނޑި ވާނެއެވެ. އަދި ތިބާއަށް ހެނދުނުވަންދެން ޝައިތާނު ތިބާއާ ކައިރި ނުވާނެއެވެ.,
صحيح البخاري,3293,أنَّ رَسولَ اللَّهِ صلَّى اللهُ عليه وسلَّمَ قالَ: مَن قالَ: لا إلَهَ إلَّا اللَّهُ، وحْدَهُ لا شَرِيكَ له، له المُلْكُ وله الحَمْدُ، وهو علَى كُلِّ شَيءٍ قَدِيرٌ، في يَومٍ مِئَةَ مَرَّةٍ؛ كانَتْ له عَدْلَ عَشْرِ رِقابٍ، وكُتِبَتْ له مِئَةُ حَسَنَةٍ، ومُحِيَتْ عنْه مِئَةُ سَيِّئَةٍ، وكانَتْ له حِرْزًا مِنَ الشَّيْطانِ يَومَهُ ذلكَ حتَّى يُمْسِيَ، ولَمْ يَأْتِ أحَدٌ بأَفْضَلَ ممَّا جاءَ به، إلَّا أحَدٌ عَمِلَ أكْثَرَ مِن ذلكَ.,އަބޫ ހުރައިރާ رضي الله عنه ވިދާޅުވިއެވެ. رَسُولَ اللَّهِ صَلَّى اللَّهُ عَلَيْهِ وَسَلَّمَ ޙާދީޘް ކުރެއްވިއެވެ.” ދުވާލަކު 100 ފަހަރު لا إِلَهَ إِلا اللَّهُ وَحْدَهُ لا شَرِيكَ لَهُ، لَهُ الْمُلْكُ وَلَهُ الْحَمْدُ، وَهُوَ عَلَى كُلِّ شَيْءٍ قَدِيرٌ ކިޔައިފި މީހާ ދަންނާށެވެ. އޭނާ 10 އަޅުން މިނިވަންކުރިފަދަ އެވެ. (އެބަހީ : އެކަމުގެ ޘަވާބާ ދަރުމަ ލިބޭނެއެވެ). އަދި އޭނާގެ ހެޔޮކަމުގެ ފަތުގައި 100 ހެޔޮކަން ލިޔުންވޭނެއެވެ. އަދި އޭނާގެ ކިބައިން 100 ފާފަ ފުއްސެވޭނެއެވެ. އަދި އެދުވަހުގެ އިރުއޮއްސުމާހަމައަށް އޭނާއަށް ޝައިޠާނާގެ ކިބައިން ރައްކައުތެރިކަން ލިބޭނެއެވެ. އަދި އެދުވަހު އެއަށްވުރެ ހެޔޮވެގެންވާ ކަމަކައިގެން އެއްވެސް މީހަކު ނާންނަހުއްޓެވެ. އެއަށްވުރެ އިތުރަށް އަމަލުކޮށްފި މިހަކު މެނުވީއެވެ.”,
صحيح البخاري,3300,حَدَّثَنَا إِسْمَاعِيلُ بْنُ أَبِي أُوَيْسٍ قَالَ: حَدَّثَنِي مَالِكٌ، عَنْ عَبْدِ الرَّحْمَنِ بْنِ عَبْدِ اللهِ بْنِ عَبْدِ الرَّحْمَنِ بْنِ أَبِي صَعْصَعَةَ، عَنْ أَبِيهِ، عَنْ أَبِي سَعِيدٍ الْخُدْرِيِّ رَضِيَ اللهُ عَنْهُ قَالَ: قَالَ رَسُولُ اللهِ ﷺ: يُوشِكَ أَنْ يَكُونَ خَيْرَ مَالِ الرَّجُلِ غَنَمٌ يَتْبَعُ بِهَا شَعَفَ الْجِبَالِ وَمَوَاقِعَ الْقَطْرِ يَفِرُّ بِدِينِهِ مِنَ الْفِتَنِ.,އަބޫ ސައީދު އަލްޚުދްރީ رَضِيَ اللَّهُ عَنْهُ ރިވާ ކުރެއްވިއެވެ: ރަސޫލު ﷲ ﷺ ޙަދީޘް ކުރެއްވިއެވެ: ”މީހެއްގެ އެންމެ ހެޔޮ މުދަލަކީ ބަކަރި ކަމުގައިވުން ގާތްވެއްޖެއެވެ. އެ ބަކަރިތައް ފަހަތުން ފަރުބަދަ މައްޗަށާއި ވާރޭ ލިބޭ ވާދީތަކަށް އޭނާ ދާނެއެވެ. އެއީ އޭނާގެ ދީން ސަލާމަތް ކުރުމުގެ ގޮތުން ފިތުނަތަކުން ފިލުމަށްޓަކައެވެ.“,b19
صحيح البخاري,3320,"قال النَّبِيُّ ﷺ "" إِذَا وَقَعَ الذ‌ُّبَابُ فِي شَرَابِ أَحَدِكُمْ فَلْيَغْمِسْهُ، ثُمَّ لِيَنْزِعْهُ، فَإِنَّ فِي إِحْدَى جَنَاحَيْهِ دَاءً وَالأُخْرَى شِفَاءً """,ނަބިއްޔާ ޞައްލަﷲ ޢަލައިހި ވަސައްލަމަ ޙަދީޘް ކުރައްވާފައިވާ ބަސްފުޅެއްގެ މާނައިގައި ވެއެވެ. ((ތިޔަބައިމީހުން ބޯން ބޭނުންކުރާ ކަންވާރެއްގެ ތެރެއަށް މެއްސެއް ވެއްޓިއްޖެ ނަމަ، އެ މެހި އޭގެ ތެރެއަށް ގަންބާލުމަށްފަހު ނަގާށެވެ. ފަހެ ހ‌ަމަ ކަށަވަރުން އޭގެ އެއް ފިޔައިގައި ބައްޔެއްވެއެވެ. އަދި އަނެއް ފިޔައިގައި އެ ބައްޔަށް ޝިފާވެއެވެ.)),
صحيح البخاري,3360,حَدَّثَنَا عُمَرُ بْنُ حَفْصِ بْنِ غِيَاثٍ حَدَّثَنَا أَبِي حَدَّثَنَا الْأَعْمَشُ قَالَ حَدَّثَنِي إِبْرَاهِيمُ عَنْ عَلْقَمَةَ عَنْ عَبْدِ اللهِ رَضِيَ اللهُ عَنْهُ قَالَ لَمَّا نَزَلَتِ: { الَّذِينَ آمَنُوا وَلَمْ يَلْبِسُوا إِيمَانَهُمْ بِظُلْمٍ } قُلْنَا: يَا رَسُولَ اللهِ أَيُّنَا لَا يَظْلِمُ نَفْسَهُ قَالَ: لَيْسَ كَمَا تَقُولُونَ لَمْ يَلْبِسُوا إِيمَانَهُمْ بِظُلْمٍ بِشِرْكٍ أَوَلَمْ تَسْمَعُوا إِلَى قَوْلِ لُقْمَانَ لِابْنِهِ { يَا بُنَيَّ لا تُشْرِكْ بِاللهِ إِنَّ الشِّرْكَ لَظُلْمٌ عَظِيمٌ }.,ޢަބްދު ﷲ ބިން މަސްޢޫދު رَضِيَ اللَّهُ عَنْهُ ރިވާ ކުރެއްވިއެވެ: ❞އެބައިމީހުންނަކީ އީމާންވެ ތިބެ، އެބައިމީހުންގެ އީމާންކަމާއެކު އަނިޔާވެރިކަން އެއްނުކުރާ މީހުންނެވެ.❝ (މި އާޔަތް) ބާވައިލެއްވުމުން، ތިމަންމެން ދެންނެވީމެވެ: އޭ ﷲ ގެ ރަސޫލާއެވެ. ތިމަންމެންގެ ތެރެއިން (ކުށްފާފަކޮށް) އަމިއްލަ ނަފްސަށް އަނިޔާވެރި ނުވަނީ ފަހެ ކާކުތޯއެވެ؟ ނަބިއްޔާ ޙަދީޘް ކުރެއްވިއެވެ: އެކަން އޮތީ ތިބައިމީހުން ތިޔަ ބުނާ ގޮތަކަށް ނޫނެވެ. އެބައިމީހުންގެ އީމާންކަމާއެކު އަނިޔާވެރިކަން އެއްނުކުރުމުގެ މާނައަކީ ޝިރްކު އެއްނުކުރާ ވާހަކައެވެ. ލުގްމާނުގެފާނުގެ ދަރިކަލުންނަށް އެކަލޭގެފާނު ވިދާޅުވި ބަސްފުޅު އަޑުނާހަމުތޯއެވެ؟ ❞އޭ ދަރިފުޅާއެވެ. ﷲ އަށް ޝިރްކު ނުކުރާށެވެ. ހަމަކަށަވަރުން ޝިރްކަކީ ބޮޑުވެގެންވާ އަނިޔާވެރިކަމެކެވެ.❝,b32
صحيح البخاري,3371,عَنْ ابْنِ عَبَّاسٍ رَضِيَ اللَّهُ عَنْهُمَا قَالَ : ( كَانَ النَّبِيُّ صَلَّى اللَّهُ عَلَيْهِ وَسَلَّمَ يُعَوِّذُ الْحَسَنَ وَالْحُسَيْنَ وَيَقُولُ : إِنَّ أَبَاكُمَا كَانَ يُعَوِّذُ بِهَا إِسْمَاعِيلَ وَإِسْحَاقَ : أعُوذُ بِكَلِمَاتِ اللَّهِ التَّامَّةِ ، مِنْ كُلِّ شَيْطَانٍ وَهَامَّةٍ ، وَمِنْ كُلِّ عَيْنٍ لاَمَّةٍ,އިބްނު ޢައްބާސް ރަޟިޔަﷲ ޢަންހުމާގެ އަރިހުން ރިވާވެފައިވެއެވެ. ރަސޫލުﷲ ޞައްލަﷲ ޢަލައިހި ވަސައްލަމް، ޙަސަންގެފާނާއި ޙުސައިންގެފާނަށް، ﷲގެ ހަޒްރަތުން ރައްކާތެރިކަމަށް އެދިވަޑައިގެން ވިދާޅުވިއެވެ. ހަމަކަށަވަރުން ތިދެބޭކަލުންގެ ބައްޕާފުޅު ކަމުގައިވާ އިބްރާހީމް ޢަލައިހިއްސަލާމް، (އެކަލޭގެފާނުގެ ދެދަރިކަލުން ކަމަށްވާ) އިސްމާޢީލްގެފާނާއި އިސްޙާގުގެފާނަށް (ﷲގެ ހަޒްރަތުން ރައްކާތެރިކަމަށް އެދި އަންނަނިވި) ދުއާ ކުރެއްވިއެވެ. “أَعُوذُ بِكَلِمَاتِ اللَّهِ التَّامَّةِ ، مِنْ كُلِّ شَيْطَانٍ وَهَامَّةٍ ، وَمِنْ كُلِّ عَيْنٍ لاَمَّةٍ” މާނަ: “ﷲގެ ފުރިހަމަ ކަލިމަފުޅުތައް މެދުވެރިކޮށް، އެންމެހާ ޝައިޠާނުންނާއި، އެންމެހާ ވިހަލާ ސޫފިތަކާއި، އެންމެހާ އެސްފީނާ ޖައްސުވައިދޭ ލޮލަކުން ތިޔަ ދެކަލުންނަށް ރައްކާތެރިކަން ދެއްވުމަށް އެދެމެވެ.”,
صحيح البخاري,3386,اللَّهُمَّ أنْجِ عَيَّاشَ بنَ أبِي رَبِيعَةَ، اللَّهُمَّ أنْجِ سَلَمَةَ بنَ هِشامٍ، اللَّهُمَّ أنْجِ الوَلِيدَ بنَ الوَلِيدِ، اللَّهُمَّ أنْجِ المُسْتَضْعَفِينَ مِنَ المُؤْمِنِينَ، اللَّهُمَّ اشْدُدْ وطْأَتَكَ علَى مُضَرَ، اللَّهُمَّ اجْعَلْها سِنِينَ كَسِنِي يُوسُفَ.,އަބޫ ހުރައިރާގެ އަރިހުން ރިވާވެގެންވެއެވެ. ހަމަކަށަވަރުން ނަބިއްޔާ ﷺ (ފަތިސް) ނަމާދުގެ ފަހު ރަކުޢަތުން ތެދުވެވަޑައިގެންފިނަމަ ދުއާކުރައްވައެވެ: (އޭ ﷲ! ޢައްޔާޝު ބިން އަބީ ރަބީޢާ މިންޖުކުރައްވާނދޭވެ! އޭ ﷲ! ސަލަމާ ބިން ހިޝާމް މިންޖުކުރައްވާނދޭވެ! އޭ ﷲ! އަލް-ވަލީދު ބުނުލް ވަލީދު މިންޖުކުރައްވާނދޭވެ! އޭ ﷲ! މުއުމިން އަޅުންގެ ތެރެއިން ނިކަމެތިވެގެންވާ އަޅުން ސަލާމަތްކުރައްވާނދޭވެ! އޭ ﷲ! މުޟަރުވަންހައިގެ މުޝްރިކުން އިބައިލާހު ވަރުގަދަވެގެންވާ ހިއްޕެވުމަކުން ހިއްޕަވާނދޭވެ! އޭ ﷲ! އެބައިމީހުންގެ އަހަރުތަށް ޔޫސުފްގެފާނުގެ ދުވަސްވަރު އައި ތަދު އަހަރުތަށް ފަދައިން ލައްވާނދޭވެ!,
صحيح البخاري,3392,حَدَّثَنَا عَبْدُ اللهِ بْنُ يُوسُفَ حَدَّثَنَا اللَّيْثُ قَالَ حَدَّثَنِي عُقَيْلٌ عَنِ ابْنِ شِهَابٍ سَمِعْتُ عُرْوَةَ قَالَ قَالَتْ عَائِشَةُ رَضِيَ اللهُ عَنْهَا فَرَجَعَ النَّبِيُّ ﷺ إِلَى خَدِيجَةَ يَرْجُفُ فُؤَادُهُ فَانْطَلَقَتْ بِهِ إِلَى وَرَقَةَ بْنِ نَوْفَلٍ وَكَانَ رَجُلًا تَنَصَّرَ يَقْرَأُ الْإِنْجِيلَ بِالْعَرَبِيَّةِ فَقَالَ وَرَقَةُ مَاذَا تَرَى فَأَخْبَرَهُ فَقَالَ وَرَقَةُ هَذَا النَّامُوسُ الَّذِي أَنْزَلَ اللهُ عَلَى مُوسَى وَإِنْ أَدْرَكَنِي يَوْمُكَ أَنْصُرْكَ نَصْرًا مُؤَزَّرًا. النَّامُوسُ صَاحِبُ السِّرِّ الَّذِي يُطْلِعُهُ بِمَا يَسْتُرُهُ عَنْ غَيْرِهِ.,ޢާއިޝާ رَضِيَ اللَّهُ عَنْهَا ރިވާ ކުރެއްވިއެވެ: ނަބިއްޔާ ﷺ މޭފުޅު ތުރުތުރު އަޅުއްވާ ހާލު އެނބުރި ޚަދީޖާގެ ގާތަށް ވަޑައިގަތެވެ. ދެން ޚަދީޖާ، ނަބިއްޔާއައިގެން ވަރަގާ ބިން ނައުފަލުގެ ގާތަށް ވަޑައިގަތެވެ. އެއީ ނަޞާރަ ދީނަށް ވަތް މީހެކެވެ. އަދި ޢިބްރާނީ (ޔަހޫދީ) ބަހުން އިންޖީލު ކިޔަވައި އުޅުނެވެ. ވަރަގާ ދެންނެވިއެވެ: ކަލޭގެފާނަށް ފެނިވަޑައިގަތީ ކޮންކަމެއްތޯއެވެ؟ ދެން ނަބިއްޔާ އެ ކަމުގެ ޚަބަރު ދެއްވިއެވެ. ވަރަގާ ދެންނެވިއެވެ: ތިޔައީ މޫސާގެފާނަށް ފޮނުއްވެވި ނާމޫސް (މަލާއިކަތާ ޖިބްރީލު) އެވެ. އަދި ކަލޭގެފާނުގެ އެ ދުވަސްވަރު ތިމަންނައާ ދިމާވާ ނަމަ، ކަލޭގެފާނަށް ގަދަވެގެންވާ ނަޞްރަކުން ނަޞްރު ދޭނެކަން ކަށަވަރެވެ. އިމާމު ބުޚާރީ ވިދާޅުވިއެވެ: ނާމޫސްއަކީ ސިއްރު ގެންގުޅޭ ފަރާތެވެ. އެ ފަރާތަށް އަނގަނީ، އެހެން ފަރާތްތަކަށް ފޮރުވިފައިވާ ކަންތަކެވެ.,b3
صحيح البخاري,3428,حَدَّثَنَا أَبُو الْوَلِيدِ حَدَّثَنَا شُعْبَةُ عَنِ الْأَعْمَشِ عَنْ إِبْرَاهِيمَ عَنْ عَلْقَمَةَ عَنْ عَبْدِ اللهِ قَالَ لَمَّا نَزَلَتِ { الَّذِينَ آمَنُوا وَلَمْ يَلْبِسُوا إِيمَانَهُمْ بِظُلْمٍ } قَالَ أَصْحَابُ النَّبِيِّ ﷺ أَيُّنَا لَمْ يَلْبِسْ إِيمَانَهُ بِظُلْمٍ فَنَزَلَتْ: { لا تُشْرِكْ بِاللهِ إِنَّ الشِّرْكَ لَظُلْمٌ عَظِيمٌ }.,ޢަބްދު ﷲ ބިން މަސްޢޫދު ރިވާ ކުރެއްވިއެވެ: ❞އެބައިމީހުންނަކީ އީމާންވެ ތިބެ، އެބައިމީހުންގެ އީމާންކަމާއެކު އަނިޔާވެރިކަން އެއްނުކުރާ މީހުންނެވެ.❝ (މި އާޔަތް) ބާވައިލެއްވުމުން، ނަބިއްޔާ ﷺ ގެ ޞަޙާބީން ދެންނެވިއެވެ: ތިމަންމެން އީމާންކަމާއެކު (ކުށްފާފަ ކުރުމުގެ) އަނިޔާވެރިކަން އެއްނުކުރަނީ ތިމަންމެންގެ ތެރެއިން ފަހެ ކާކުތޯއެވެ؟ ދެން (މި އާޔަތް) ބާވައިލެއްވިއެވެ: ❞ﷲ އަށް ޝިރްކު ނުކުރާށެވެ. ހަމަކަށަވަރުން ޝިރްކަކީ ބޮޑުވެގެންވާ އަނިޔާވެރިކަމެކެވެ.❝,b32
صحيح البخاري,3435,حَدَّثَنَا صَدَقَةُ بْنُ الْفَضْلِ حَدَّثَنَا الْوَلِيدُ عَنِ الْأَوْزَاعِيِّ قَالَ حَدَّثَنِي عُمَيْرُ بْنُ هَانِئٍ قَالَ حَدَّثَنِي جُنَادَةُ بْنُ أَبِي أُمَيَّةَ عَنْ عُبَادَةَ رَضِيَ اللهُ عَنْهُ عَنِ النَّبِيِّ صَلَّى اللهُ عَلَيْهِ وَسَلَّمَ قَالَ مَنْ شَهِدَ أَنْ لَا إِلَهَ إِلَّا اللهُ وَحْدَهُ لَا شَرِيكَ لَهُ وَأَنَّ مُحَمَّدًا عَبْدُهُ وَرَسُولُهُ وَأَنَّ عِيسَى عَبْدُ اللهِ وَرَسُولُهُ وَكَلِمَتُهُ أَلْقَاهَا إِلَى مَرْيَمَ وَرُوحٌ مِنْهُ وَالْجَنَّةُ حَقٌّ وَالنَّارُ حَقٌّ أَدْخَلَهُ اللهُ الْجَنَّةَ عَلَى مَا كَانَ مِنَ الْعَمَلِ . قَالَ الْوَلِيدُ حَدَّثَنِي ابْنُ جَابِرٍ عَنْ عُمَيْرٍ عَنْ جُنَادَةَ وَزَادَ مِنْ أَبْوَابِ الْجَنَّةِ الثَّمَانِيَةِ أَيَّهَا شَاءَ,"ޢުބާދާ ބިން ޞާމިތު رَضِيَ اللَّهُ عَنْهُ ރިވާ ކުރެއްވިއެވެ: ނަބިއްޔާ ﷺ ޙަދީޘް ކުރެއްވިއެވެ: ""ﷲ ފިޔަވައި (އަޅުކަން ޙައްގުވާ) އެހެން އެއްވެސް އިލާހަކު ނުވެ، އެ އިލާހީ އެއްކައުވަންތަ ޝަރީކަކު ނުވާ އިލާހު ކަމަށާއި، މުޙައްމަދުގެފާނީ ﷲގެ އަޅާއާއި ރަސޫލާ ކަމަށް ހެކިވެ، އަދި ޢީސާގެފާނީ ﷲގެ އަޅާއާއި ރަސޫލާ ކަމަށާއި، އެކެލޭގެފާނީ މަރިޔަމްގެފާނާ ހަމައަށް ﷲ ފޮނުއްވެވި އެ އިލާހުގެ ބަސްފުޅެއް ކަމަށާއި، އެކަލޭގެފާނީ ﷲ ގެ ހަޒްރަތުން ލެއްވުނު ފުރާނަފުޅެއް ކަމަށް ހެކިވެ، އަދި ސުވަރުގެއަކީ ޙައްގު ތެދުކަމަށް ހެކިވެ، އަދި ނަރަކައަކީ ޙައްގު ތެދުކަމަށް މީހަކު ހެކިވެއްޖެ ނަމަ، ފަހެ އެ މީހަކަށް ކުރެވުނު އަމަލަތައް (މަދުވިކަމުގައި ވިޔަސް) އެއާއެކުވެސް ﷲ އެ މީހަކު ސުވަރުގެ ވައްދަވާނެއެވެ."" (ޙަދީޘްގެ ރާވީއެއް ކަމަށްވާ) ޖުނާދާ ވިދާޅުވިއެވެ: އަދި ޢުބާދާ (މި ތަންކޮޅު) އިތުރު ކުރެއްވިއެވެ: އެއީ ސުވަރުގޭގެ އަށް ދޮރުކޮޅުތަކު ތެރެއިން އޭނާ ބޭނުން ދޮރުކޮޅަކުންނެވެ.",
صحيح البخاري,3435,"عَنْ عُبَادَةَ بن الصامت رضى الله عنه، عَنِ النَّبِيِّ ﷺ قَالَ "" مَنْ شَهِدَ أَنْ لاَ إِلَهَ إِلاَّ اللَّهُ وَحْدَهُ لاَ شَرِيكَ لَهُ، وَأَنَّ مُحَمَّدًا عَبْدُهُ وَرَسُولُهُ، وَأَنَّ عِيسَى عَبْدُ اللَّهِ وَرَسُولُهُ وَكَلِمَتُهُ، أَلْقَاهَا إِلَى مَرْيَمَ، وَرُوحٌ مِنْهُ، وَالْجَنَّةُ حَقٌّ وَالنَّارُ حَقٌّ، أَدْخَلَهُ اللَّهُ الْجَنَّةَ عَلَى مَا كَانَ مِنَ الْعَمَلِ ""‌.","ޢުބާދާ ބިން ޞާމިތު ރަޟިޔަﷲ ޢަންހުގެ ކިބައިން ރިވާވެގެންވެއެވެ. ނަބިއްޔާ ﷺ ޙަދީޘްކުރެއްވިއެވެ. : ""ﷲ ފިޔަވައި ޙައްގުގޮތުގައި އަޅުކަންވެވޭ އިލާހެއް އިލާހެއް ނުވާކަމަށާއި، އަދި އެއިލާހަކީ އެއްކައުވަންތަ ޝަރީކެއްނުވާ އިލާހެއްކަމަށާއި އަދި މުޙައްމަދު ގެފާނީ ﷲގެ އަޅާ އަދި ރަސޫލާ ކަމަށާއި އަދި، ހަމަކަށަވަރުން ޢީސާގެފަނީގެފާނަކީ ﷲގެ އަޅާ އަދި ރަސޫލާކަމަށާއި އަދި މަރްޔަމްގެފާނުގެ މައްޗަށް ދެއްވުނު ކަލިމަފުޅު ކަމަށާއި އަދި ﷲގެ ފަރާތުންވާ ރޫހެއްކަމަށާއި އަދި ސުވަރުގެ އަކީ ޙައްގުކަމަށާއި އަދި ނަރަކައަކީ ޙައްގުކަމަށް ހެކިވާ މީހާ، ﷲ ސުވަރުގެ ވައްދަވާނެއެވެ. އެއީ އޭނާ ކޮންމެ އަމަލެއްގެ މަތީގައި ވީ ކަމުގައިވިޔަސް މެއެވެ. (ތައުޙީދު ނަފީކުރާ އަމަލެއް ނުގެންނަހާ ހިނދަކުއެވެ)""",
صحيح البخاري,3456,لتَتِّبِعُنَّ سُنَنَ مَن كان قَبلَكم باعًا بباعٍ، وذِراعًا بذِراعٍ، وشِبرًا بشِبرٍ، حتى لو دَخلوا في جُحرِ ضَبٍّ لدَخَلتُم معهم، قالوا: يا رسولَ اللهِ، اليهودُ والنَّصارى؟ قال: فمَن إذنْ؟!,ހަމަކަށަވަރުން ތިޔަބައިމީހުން، ތިޔަބައިމީހުންގެ ކުރީން އައި މީހުންގެ ގޮތްތަކަށް ތަބާވާނެއެވެ. މުށަކަށްފަހު މުށެކެވެ. ކައިވަތަކަށްފަހު ކައިވަތެކެވެ. އެބައިމީހުން ضبّއެއްގެ (ސަހަރާތެރޭ އުޅޭ ބޮނޑެއްގެ) ހޮރަށް ވަންކަމުގައި ވިޔަސް ތިޔަބައިމީހުން އެމީހުންނަށް އެކަމުގައި ތަބާވާނެއެވެ. (އެބަހީ އެމީހުންގެ ފަހަތުން ގޮސް އެހޮރަށް ވަންނާނެއެވެ.) އެހިނދު ތިމަންބޭކަލުން ދެންނެވީމެއެވެ. އޭ اللهގެރަސޫލާއެވެ. އެބަޔަކީ ޔަހޫދީންނާއި ނަޞާރާއިން ހެއްޔެވެ؟ އެކަލޭގެފާނު ޙަދީޘްފުޅު ކުރެއްވެވިއެވެ. “ފަހެ އެނޫން ދެން ކޮންބައެއް ހެއްޔެވެ؟,
صحيح البخاري,3461,بَلِّغُوا عَنِّي وَلَوْ آيَةً، وَحَدِّثُوا عَنْ بَنِي إِسْرَائِيلَ وَلاَ حَرَجَ، وَمَنْ كَذَبَ عَلَىَّ مُتَعَمِّدًا فَلْيَتَبَوَّأْ مَقْعَدَهُ مِنَ النَّارِ ‏,ތިމަންކަލޭގެފާނުގެ ކިބައިން ފޯރުކޮށްދޭށޭ، އެއީ އެންމެ އާޔަތެއް ނަމަވެސް މެއެވެ. އަދި ބަނީ އިސްރާއީލުގެ ކިބައިން (ވާހަކަތައް) ކިޔާދީ ހަދާށޭ، އަދި އެކަމުގައި ކުށެއް ނެތެވެ. އަދި ތިމަންކަލޭގެފާނުގެ މައްޗަށް ގަސްދުގައި ދޮގެއް ހަދައިފި މީހާ، ފަހެ ނަރަކައިން އޭނާ އިށީންނާނޭ ޖާގަ ހޯދާ ހުށިކަމެވެ.,
صحيح البخاري,3461,حَدَّثَنَا أَبُو عَاصِمٍ الضَّحَّاكُ بْنُ مَخْلَدٍ أَخْبَرَنَا الْأَوْزَاعِيُّ حَدَّثَنَا حَسَّانُ بْنُ عَطِيَّةَ عَنْ أَبِي كَبْشَةَ عَنْ عَبْدِ اللهِ بْنِ عَمْرٍو أَنَّ النَّبِيَّ صَلَّى اللهُ عَلَيْهِ وَسَلَّمَ قَالَ : بَلِّغُوا عَنِّي وَلَوْ آيَةً وَحَدِّثُوا عَنْ بَنِي إِسْرَائِيلَ وَلَا حَرَجَ وَمَنْ كَذَبَ عَلَيَّ مُتَعَمِّدًا فَلْيَتَبَوَّأْ مَقْعَدَهُ مِنَ النَّارِ .,"ރަސޫލާ ﷺ ޙަދީޘްކުރެއްވިއެވެ: (بَلِّغُوا عَنِّي وَلَوْ آيَةً) މާނައީ: ""ތިމަންކަލޭގެފާނުގެ ކިބައިން ފޯރުކޮށްދޭށެވެ. (އެއީ) އަދި އާޔަތެއްގެ މިންވަރު ވިޔަސް މެއެވެ"" رواه البخاري 3461",
صحيح البخاري,3464,"حَدَّثَنِي أَحْمَدُ بْنُ إِسْحَاقَ، حَدَّثَنَا عَمْرُو بْنُ عَاصِمٍ، حَدَّثَنَا هَمَّامٌ، حَدَّثَنَا إِسْحَاقُ بْنُ عَبْدِ اللَّهِ، قَالَ حَدَّثَنِي عَبْدُ الرَّحْمَنِ بْنُ أَبِي عَمْرَةَ، أَنَّ أَبَا هُرَيْرَةَ، حَدَّثَهُ أَنَّهُ، سَمِعَ النَّبِيَّ صلى الله عليه وسلم ح وَحَدَّثَنِي مُحَمَّدٌ، حَدَّثَنَا عَبْدُ اللَّهِ بْنُ رَجَاءٍ، أَخْبَرَنَا هَمَّامٌ، عَنْ إِسْحَاقَ بْنِ عَبْدِ اللَّهِ، قَالَ أَخْبَرَنِي عَبْدُ الرَّحْمَنِ بْنُ أَبِي عَمْرَةَ، أَنَّ أَبَا هُرَيْرَةَ ـ رضى الله عنه ـ حَدَّثَهُ أَنَّهُ، سَمِعَ رَسُولَ اللَّهِ صلى الله عليه وسلم يَقُولُ "" إِنَّ ثَلاَثَةً فِي بَنِي إِسْرَائِيلَ أَبْرَصَ وَأَقْرَعَ وَأَعْمَى بَدَا لِلَّهِ أَنْ يَبْتَلِيَهُمْ، فَبَعَثَ إِلَيْهِمْ مَلَكًا، فَأَتَى الأَبْرَصَ. فَقَالَ أَىُّ شَىْءٍ أَحَبُّ إِلَيْكَ قَالَ لَوْنٌ حَسَنٌ وَجِلْدٌ حَسَنٌ، قَدْ قَذِرَنِي النَّاسُ. قَالَ فَمَسَحَهُ، فَذَهَبَ عَنْهُ، فَأُعْطِيَ لَوْنًا حَسَنًا وَجِلْدًا حَسَنًا. فَقَالَ أَىُّ الْمَالِ أَحَبُّ إِلَيْكَ قَالَ الإِبِلُ ـ أَوْ قَالَ الْبَقَرُ هُوَ شَكَّ فِي ذَلِكَ، إِنَّ الأَبْرَصَ وَالأَقْرَعَ، قَالَ أَحَدُهُمَا الإِبِلُ، وَقَالَ الآخَرُ الْبَقَرُ ـ فَأُعْطِيَ نَاقَةً عُشَرَاءَ. فَقَالَ يُبَارَكُ لَكَ فِيهَا. وَأَتَى الأَقْرَعَ فَقَالَ أَىُّ شَىْءٍ أَحَبُّ إِلَيْكَ قَالَ شَعَرٌ حَسَنٌ، وَيَذْهَبُ عَنِّي هَذَا، قَدْ قَذِرَنِي النَّاسُ. قَالَ فَمَسَحَهُ فَذَهَبَ، وَأُعْطِيَ شَعَرًا حَسَنًا. قَالَ فَأَىُّ الْمَالِ أَحَبُّ إِلَيْكَ قَالَ الْبَقَرُ. قَالَ فَأَعْطَاهُ بَقَرَةً حَامِلاً، وَقَالَ يُبَارَكُ لَكَ فِيهَا. وَأَتَى الأَعْمَى فَقَالَ أَىُّ شَىْءٍ أَحَبُّ إِلَيْكَ قَالَ يَرُدُّ اللَّهُ إِلَىَّ بَصَرِي، فَأُبْصِرُ بِهِ النَّاسَ. قَالَ فَمَسَحَهُ، فَرَدَّ اللَّهُ إِلَيْهِ بَصَرَهُ. قَالَ فَأَىُّ الْمَالِ أَحَبُّ إِلَيْكَ قَالَ الْغَنَمُ. فَأَعْطَاهُ شَاةً وَالِدًا، فَأُنْتِجَ هَذَانِ، وَوَلَّدَ هَذَا، فَكَانَ لِهَذَا وَادٍ مِنْ إِبِلٍ، وَلِهَذَا وَادٍ مِنْ بَقَرٍ، وَلِهَذَا وَادٍ مِنَ الْغَنَمِ. ثُمَّ إِنَّهُ أَتَى الأَبْرَصَ فِي صُورَتِهِ وَهَيْئَتِهِ فَقَالَ رَجُلٌ مِسْكِينٌ، تَقَطَّعَتْ بِيَ الْحِبَالُ فِي سَفَرِي، فَلاَ بَلاَغَ الْيَوْمَ إِلاَّ بِاللَّهِ ثُمَّ بِكَ، أَسْأَلُكَ بِالَّذِي أَعْطَاكَ اللَّوْنَ الْحَسَنَ وَالْجِلْدَ الْحَسَنَ وَالْمَالَ بَعِيرًا أَتَبَلَّغُ عَلَيْهِ فِي سَفَرِي. فَقَالَ لَهُ إِنَّ الْحُقُوقَ كَثِيرَةٌ. فَقَالَ لَهُ كَأَنِّي أَعْرِفُكَ، أَلَمْ تَكُنْ أَبْرَصَ يَقْذَرُكَ النَّاسُ فَقِيرًا فَأَعْطَاكَ اللَّهُ فَقَالَ لَقَدْ وَرِثْتُ لِكَابِرٍ عَنْ كَابِرٍ. فَقَالَ إِنْ كُنْتَ كَاذِبًا فَصَيَّرَكَ اللَّهُ إِلَى مَا كُنْتَ، وَأَتَى الأَقْرَعَ فِي صُورَتِهِ وَهَيْئَتِهِ، فَقَالَ لَهُ مِثْلَ مَا قَالَ لِهَذَا، فَرَدَّ عَلَيْهِ مِثْلَ مَا رَدَّ عَلَيْهِ هَذَا فَقَالَ إِنْ كُنْتَ كَاذِبًا فَصَيَّرَكَ اللَّهُ إِلَى مَا كُنْتَ. وَأَتَى الأَعْمَى فِي صُورَتِهِ فَقَالَ رَجُلٌ مِسْكِينٌ وَابْنُ سَبِيلٍ وَتَقَطَّعَتْ بِيَ الْحِبَالُ فِي سَفَرِي، فَلاَ بَلاَغَ الْيَوْمَ إِلاَّ بِاللَّهِ، ثُمَّ بِكَ أَسْأَلُكَ بِالَّذِي رَدَّ عَلَيْكَ بَصَرَكَ شَاةً أَتَبَلَّغُ بِهَا فِي سَفَرِي. فَقَالَ قَدْ كُنْتُ أَعْمَى فَرَدَّ اللَّهُ بَصَرِي، وَفَقِيرًا فَقَدْ أَغْنَانِي، فَخُذْ مَا شِئْتَ، فَوَاللَّهِ لاَ أَجْهَدُكَ الْيَوْمَ بِشَىْءٍ أَخَذْتَهُ لِلَّهِ. فَقَالَ أَمْسِكْ مَالَكَ، فَإِنَّمَا ابْتُلِيتُمْ، فَقَدْ رَضِيَ اللَّهُ عَنْكَ وَسَخِطَ عَلَى صَاحِبَيْكَ "".","މަތް ﷲ އެކަލޭގެފާނަށް ރުއްސުންލެއްވި އަބޫ ހުރައިރަތުގެފާނު ކިބައިން ރުވާވެގެން ވެއެވެ. އެކަލޭގެފާނު ވިދާޅުވި. ހަމަކަށަވަރުން ރަސޫލުﷲ ޞައްލަﷲ ޢަލައިހި ވަސައްލަމަ ޙަދީޘް ކުރައްވާތީ ތިމަންކަލޭގެފާނު އަޑު އެއްސެވީމެވެ. އެކަލޭގެފާނު ޙަދީޘް ކުރެއްވިއެވެ. ބަނޫ އިސްރާއީލުންގެ ތެރެއިން މުޞީބާތް ޖެހިފައިވާ 3 މީހަކު ތިއްބެވެ. އޭގެތެރެއިން އެކަކީ ބަރަސްބަލި ޖެހިފައިވާ މީހެކެވެ. އަނެކަކަކީ އޭނާގެ ބޮލުގެ އިސްތަށި ފައިބައިފައިވާ މީހެކެވެ. އަދި އަނެކަކަކީ އޭނާގެ ދެ ލޯ ކަނުވެފައިވާ މީހެކެވެ. ފަހެ ﷲ ސުބުޙާނަހޫ ވަތަޢާލާ އެބައިމީހުން އިމްތިޙާނު ކުރެއްވުމަށް އިރާދަކުރައްވާ، އެބައިމީހުންގެ ގާތަށް (އިންސާނެއްގެ ސިފައިގައި) މަލާއިކަތަކު ފޮނުއްވިއެވެ.
ފަހެ، އެކަލޭގެފާނު ބަރަސްބަލި ޖެހިފައިވާ މީހާގެ ގާތަށް ވަޑައިގެން ވިދާޅުވިއެވެ. ތިބާއަށް އެންމެ ބޮޑަށް ބޭނުމީ ކޮންކަމެއް ހެއްޔެވެ؟ އޭނާ ދެންނެވިއެވެ. އަޅުގަނޑުގެ ގައިގެ ކުލަ ރީތިވުމާއި، ގައިގެ ހަން ރީތިވުމެވެ. އަދި އަޅުގަނޑުދެކެ މީސްތަކުން ފޫހިވެ ނަފުރަތުކުރާ މި ބަލި ފިލައި ދިއުމެވެ. ފަހެ އެކަލޭގެފާނު އޭނާގެ ގައިގައި އަތްޕުޅުން ފިރުންމަވައިލެއްވުމުން އޭނާގެ ކިބައިގައި ހުރި ފަކުރުވެރި ބަލިމަޑުކަން ފިލައިގެން ހިނގައްޖެއެވެ. އަދި ގައިގެ ކުލަވެސް އަލިވެއްޖެއެވެ. ދެން އެކަލޭގެފާނު އޭނަގެ ގާތުގައި އެއްސެވިއެވެ. މުދަލުގެ ތެރެއިން ތިބާ އެންމެ ބޮޑަށް ބޭނުމީ ކޮން އެއްޗެއް ހެއްޔެވެ. އޭނާ ދެންނެވިއެވެ. އަޅުގަނޑު އެންމެ ބޮޑަށް ބޭނުމީ ޖަމަލެވެ. ނުވަތަ އޭނާދެންނެވީ ގެރިކަމުގައެވެ. މިއީ ރާވީއަށް އަރައިފައިވާ އޮޅުމެކެވެ. (އެބަހީ: އޭނާ ދެންނެވިކަމުގައި ރަސޫލުﷲ ޞައްލަﷲ ޢަލައިހި ވަސައްލަމަ ޙަދީޘްކުރެއްވީ، ޖަމަލު ތޯ ނުވަތަ ގެރި ތޯ މި ދެބަހުންކުރެ ކީކޭކަން ރާވީއަށް އޮޅުނީއެވެ.) ފަހެ، އެކަލޭގެފާނު އޭނާއަށް މާބަނޑު ޖަމަލެއް ދެއްވިއެވެ. އަދި ވިދާޅުވިއެވެ. ތިބާއަށްޓަކައި މި ޖަމަލުގައި ﷲ ބަރަކާތް އިތުރު ކޮށްދެއްވާށިއެވެ!
އެއަށްފަހު، ބޮލުގެ އިސްތަށި ފައިބާފައިވާ މީހެއްގެ ގާތަށް އެކަލޭގެފާނު ވަޑައިގަތެވެ. އަދި އޭނާއަށް ވިދާޅުވި ތިބާއަށް އެންމެ ބޮޑަށް ބޭނުމީ ކޮންކަމެއް ހެއްޔެވެ. އޭނާ ދެންނެވިއެވެ. އަޅުގަނޑު އެންމެ ބޮޑަށް ބޭނުމީ ބޮލުގައި ރީތި އިސްތަޑިގަނޑެއް އޮތުމެވެ. އަދި އަޅުގަނޑު ދެކެ މީސްތަކުން ފޫހިވެ ނަފުރަތުކުރާ މި ބަލި ފިލާދިއުމެވެ.
ފަހެ އެކަލޭގެފާނު އޭނަގެ ގައިގާ އަތްޕުޅުން ފިރުންމަވައިލެއްވުމުން އޭނަގެ ގައިގާ ހުރި ބަލިމަޑުކަން ފިލައިގެން ހިނގައްޖެއެވެ. އަދި ރީތި އިސްތަށިގަނޑެއް އޭނާއަށް ދެއްވުނެވެ. ދެން އެކަލޭގެފާނު އޭނާގެ ގާތުގައި އެއްސެވިއެވެ. މުދަލުގެ ތެރެއިން ތިބާ އެންމެ ބޮޑަށް ބޭނުމީ ކޮން އެއްޗެއް ހެއްޔެވެ؟ އޭނާ ދެންނެވިއެވެ. އަޅުގަނޑު އެންމެ ބޭނުމީ ގެރިއެވެ. ފަހެ، އެކަލޭގެފާނު އޭނާއަށް ،މާބަނޑު ގެރިއެއް ދެއްވި، އަދި ވިދާޅުވި ތިބާއަށްޓަކައި މި ގެރީގައި ﷲ ބަރަކާތް އިތުރު ކޮށްދެއްވާށިއެވެ.
އެއަށްފަހު، ދެ ލޯކަނު މީހާގެ ގާތަށް އެކަލޭގެފާނު ވަޑައިގެން. އަދި އޭނާއަށް ދެންނެވި ތިބާއަށް އެންމެ ބޮޑަށް ބޭނުމީ ކޮންކަމެއް ހެއްޔެވެ؟ އޭނާ ދެންނެވީ އަޅުގަނޑު އެންމެ ބޮޑަށް ބޭނުމީ އަޅުގަނޑުގެ ދެލޮލުގެ ފެނުން މާތް ﷲ އަނބުރާ އަޅުގަނޑަށް ލިބިދެއްވުމެވެ. އަދި އެ ދެލޮލުން އަޅުގަނޑު މީސްތަކުން ދުށުމެވެ. ފަހެ އެކަލޭގެފާނު އޭނާގެ ގައިގާ އަތްޕުޅު ފިރުންމަވައިލެއްވުމުން ﷲ އޭނާގެ ދެލޮލުގެ ފެނުން އޭނާއަށް އަނބުރާ ލިބިދެއްވިއެވެ. ދެން އެކަލޭގެފާނު އޭނާގެ ގާތުގައި އެއްސެވިއެވެ. މުދަލުގެ ތެރެއިން ތިބާ އެންމެ ބޮޑަށް ބޭނުމީ ކޮންއެއްޗެއް ހެއްޔެއެވެ؟ އޭނާ ދެންނެވީ އަޅުގަނޑު އެންމެ ބޭނުމީ ބަކަރިއެވެ. ފަހެ އެކަލޭގެފާނު އޭނާއަށް މާބަނޑު ބަކަރިއެއް ދެއްވިއެވެ.
ފަހެ އެދެމީހުންނަށް ދެއްވުނު ޖަމަލާ ގެރިއާ އަދި މިމީހާއަށް ދެއްވުނު ބަކަރި ވިހާ މި ހުރިހާ ތަކެތި އިތުރުވެ ގިނަވެ. ފަހެ އެމީހާގެ އަތުގައި ވާދީއެއް ފުރެންދެން ޖަމަލުތައް އޮތް، އަދި އަނެކާގެ އަތުގައި ވާދީއެއް ފުރެންދެން ގެރިތައް އޮތެވެ. އަދި އަނެކާގެ އަތުގައި ވާދީއެއް ފުރެންދެން ބަކަރިތައް އޮތެވެ.
ދެން އެއަށްފަހު (އަނެއްކާ) އެކަލޭގެފާނު އެ ބަރަސްބަލި ޖެހުނު މީހާގެ ގާތަށް އައިސް އޭނާގެ، އޭނާގެ ސިފައިގައި އެ ހާލަތުގައި ވަޑައިގަތެވެ. (އެބަހީ: ކުރިން އޭނާ ބަރަސްބަލި ޖެހިފައި ހުރިއިރު ހަމަ ހުރިހެން ބަލިހާލަތުގައި އެ ސިފައިގައި ވަޑައިގަތެވެ.) އަދި ވިދާޅުވި ތިމަންނައަކީ ވަރަށް އެކަނިވެރި މިސްކީނަކީމެވެ. ދަތުރު މަތީގައި މިވަނީ ހާލުގައި ޖެހި ކާނޭ، ބޯނޭ ފަދަ އެއްވެސް އެއްޗެއް ނެތިފައެވެ. މިއަދު ތިމަންނާ އެހީއަކަށް އެދުމަށް ﷲ ފިޔަވާ އެހެން ފަރާތެއް ނުވެއެވެ. ދެން ތިބާގެ އެހީތެރިކަމަށް އެދުން ނޫން ގޮތެއް ނެތެވެ. ތިބާއަށް ތިޔަފަދަ ރީތި ގައިގެ ކުލައާއި އޮމާން ހަމާއި މުދާ ދެއްވި ފަރާތުގެ ޙައްޤުގައި އަހަރެންގެ މި ދަތުރުގައި ސަވާރުވުމަށްޓަކައި ޖަމަލެއް ދިނުމަށް ތިބާގެ ކިބައިން އެދެމެވެ. ފަހެ އޭނާ ދެންނެވިއެވެ. އަހަރެން އަދާކުރަންޖެހޭ ޙައްޤުތައް ވަރަށް ގިނައެވެ. (ވީމާ ޖަމަލެއް ދެވޭކަށް ނެތެވެ.) ފަހެ އެކަލޭގެފާނު އޭނާއަށް ވިދާޅުވި، އަހަރެން މީގެ ކުރިންވެސް ކަލޭ ދުށް ހަނދާންވެއެވެ! ކަލެއަކީ ބަރަސްބަލި ޖެހިގެން މީސްތަކުން ކަލޭ ދެކެ ފަކުރުހީވެ، އެކަނިވެރިވެފާވީ ނިކަމެތި ފަޤީރު މީހާ ނޫންހެއްޔެއެވެ؟ ފަހެ ﷲ ކަލެއަށް ތިޔަފަދަ ބޮޑު މުދާވެރިކަން ދެއްވީ ނޫންހެއްޔެވެ؟
އޭނާ ދެންނެވީ، ހަމަހިލާ އެހެނަކުނެއް ނުވާނެއެވެ. މީ އަހަރެންގެ ކާބަފައިންގެ ފަރާތުން މިރިމިނީން ވާރުތައިން ލިބިފައިވާ ތަކެއްޗެވެ. އެކަލޭގެފާނު ވިދާޅުވި. ކަލޭ ތިޔަބުނާ ބަހުގައި ކަލެއަކީ ދޮގު ވެރިއެއް ކަމުގައި ވަނީނަމަ ކަލޭ ކުރިން ހުރި ނިކަމެތި ޙާލަށް މާތް ﷲ ކަލޭ އަނބުރާ ރައްދު ކުރައްވާށިއެވެ!!
ދެން އެކަލޭގެފާނު ވަޑައިގަތީ ބޮލުން އިސްތަށި ވެރިފައި ހުރި މީހާގެ ގާތަށް. އޭނާ ކުރިން ހުރި ސިފައިގައި، އެހާލަތުގައި ވަޑައިގެން ކުރީމީހާގެ ގާތުގައިވެސް ވިދާޅުވިފަދައިން އާދޭސް ކުރައްވާ އެހީއަކަށް އެދިވަޑައިގަތެވެ. ފަހެ މިމީހާވެސް ކުރީ މީހާ ދެންނެވި ކަހަލަ ގޮތަކަށް އެކަލޭގެފާނަށް ދެންނެވިއެވެ. އެކަލޭގެފާނު ވިދާޅުވި، ކަލޭ ތިޔަބުނާ ބަހުގައި ކަލެއަކީ ދޮގުވެރިއަކު ކަމުގައި ވަނީނަމަ، ކަލޭ ކުރިން ހުރި ނިކަމެތި ޙާލަށް މާތް ﷲ ކަލޭ އަނބުރާ ރައްދު ކުރައްވާށިއެވެ. ދެން އެކަލޭގެފާނު ވަޑައިގަތީ ދެލޯ ކަނު މީހާގެ ގާތަށް، އޭނާ ކުރިން ހުރި ސިފައިގައި، އެ ހާލަތުގައި ވަޑައިގެންނެވި. އަދި ވިދާޅުވި، ތިމަންނައަކީ ވަރަށް އެކަނިވެރި މިސްކީނަކީމެވެ. ދަތުރުމަތީގައި މިވަނީ ހާލުގައި ޖެހި ކާނޭ ބޯނޭ ފަދަ އެއްވެސް އެއްޗެއް ނެތިފައެވެ. މިއަދު ތިމަންނާ އެހީއަކަށް އެދުމަށް ﷲ ފިޔަވައި އެހެން ފަރާތެއް ނުވެއެވެ. ދެން، ތިބާގެ އެހީތެރިކަމަށް އެދުން ނޫންގޮތެއް ނެތެވެ. ތިބާއަށް ދެ ލޮލުގެ ފެނުން ދެއްވި މާތް ރަސްކާލާންގެ ޙައްޤުގައި އަހަރެންނަށް ތިޔަތަނުން އެންމެ ބަކަރިއެއް ދިނުމަށް ތިބާގެ ކިބައިން އެދެމެވެ. ފަހެ އޭނާ ދެންނެވި، އަޅުގަނޑަކީ ކުރީގައި ދެލޯ ކަނު މީހަކީމެވެ. މާތް ﷲ ޢަޅުގަނޑުގެ ދެލޮލުގެ ފެނުން އަނބުރާ ލިބިދެއްވިއެވެ. ފަހެ މި ތަކެތީގެ ތެރެއިން ތިބާ ބޭނުންފުޅު މިންވަރަކަށް ނަންގަވާފައި، އެއްޗެއް ބަހައްޓަވަން ފެނި ލައްވައިފި ނަމަ ބަހައްޓަވާށެވެ.
ﷲ ގަންދީ ދަންނަވަމެވެ! ﷲ ގެ މަގުގައި ތިބަ ކޮންމެ އެއްޗެއް ނެންގެވިޔަސް އަޅުގަނޑު ހުރަހެއް ނާޅާހުށިކަމެވެ. އެކަލޭގެފާނު ވިދާޅުވިއެވެ. ކަލޭގެ މުދާ ކަލޭ ބަހައްޓާށެވެ. ހަމަކަށަވަރުން މާތްﷲ ކަލޭމެން ތިންމީހުން އިމްތިހާނު ކުރެވިއެވެ. ހަމަކަށަވަރުން ﷲ ކަލެއަށް ރުއްސަވައިފިއެވެ. އަދި ކަލޭގެ އެކުވެރި އަނެއް ދެމީހުންނަށް އެކަލާންގެ ކޯފާ ލައްވަވައިފިއެވެ.",
صحيح البخاري,3477,كَأَنِّي أنْظُرُ إلى النَّبيِّ صلَّى اللهُ عليه وسلَّمَ يَحْكِي نَبِيًّا مِنَ الأنْبِيَاءِ ضَرَبَهُ قَوْمُهُ فأدْمَوْهُ، وهو يَمْسَحُ الدَّمَ عن وجْهِهِ ويقولُ: اللَّهُمَّ اغْفِرْ لِقَوْمِي؛ فإنَّهُمْ لا يَعْلَمُونَ.,"އޭ ހައްދަވައިބޮޑުކުރެއްވި ރަސްކަލާކޮ މިއަޅާގެ ގަވޮމުގެ މީހުނަށް ފުއްސަވާދޭވެ! ފަހެ ހަމަކަށަވަރުން އެބައިމީހުނަށް ނޭގެނީއެވެ.""",
صحيح البخاري,3484,إذا لَمْ تَسْتَحْيِ فاصْنَعْ ما شِئْتَ.,ތިބާ ލަދުވެތި ނުވަންޏާ ތިބާ ބޭނުންކަމެއް ކުރާނެއެވެ.,
صحيح البخاري,3554,حَدَّثَنَا عَبْدَانُ حَدَّثَنَا عَبْدُ اللهِ أَخْبَرَنَا يُونُسُ عَنِ الزُّهْرِيِّ قَالَ حَدَّثَنِي عُبَيْدُ اللهِ بْنُ عَبْدِ اللهِ عَنِ ابْنِ عَبَّاسٍ رَضِيَ اللهُ عَنْهُمَا قَالَ كَانَ النَّبِيُّ ﷺ أَجْوَدَ النَّاسِ وَأَجْوَدُ مَا يَكُونُ فِي رَمَضَانَ حِينَ يَلْقَاهُ جِبْرِيلُ وَكَانَ جِبْرِيلُ عَلَيْهِ السَّلَامُ يَلْقَاهُ فِي كُلِّ لَيْلَةٍ مِنْ رَمَضَانَ فَيُدَارِسُهُ الْقُرْآنَ فَلَرَسُولُ اللهِ ﷺ أَجْوَدُ بِالْخَيْرِ مِنَ الرِّيحِ الْمُرْسَلَةِ.,އިބްނު ޢައްބާސް رَضِيَ اللَّهُ عَنْهُمَا ރިވާ ކުރެއްވިއެވެ: މީސްތަކުންގެ ތެރެއިން އެންމެ ދީލަތިވެގެން ވަނީ ނަބިއްޔާ ﷺ އެވެ. އަދި ނަބިއްޔާ އެންމެ ދީލަތިވެގެން ވަނީ ރަމަޟާން މަހުގައެވެ. އެއީ ނަބިއްޔާ ޖިބްރީލާ ބައްދަލު ކުރައްވައި ހިނދެވެ. އެ ގޮތުން ރަމަޟާން މަހު ކޮންމެ ރެޔަކު ޖިބްރީލު ޢަލައިހިއްސަލާމް ނަބިއްޔާއާ ބައްދަލު ކުރައްވައި، ނަބިއްޔާއަށް ގުރްއާން މުރާޖާކޮށްދެއްވައެވެ. އަދި (ވާރެ ވިލާގަނޑަކައިގެން) ފޮނުއްވެވުނު ވައިރޯޅިއަކަށް ވުރެ ރަސޫލު ﷲ ﷺ ހެޔޮ ކަންކަމައިގެން ދީލަތިވެގެންވެއެވެ.,b6
صحيح البخاري,3559,"حَدَّثَنَا عَبْدَانُ، عَنْ أَبِي حَمْزَةَ، عَنِ الأَعْمَشِ، عَنْ أَبِي وَائِلٍ، عَنْ مَسْرُوقٍ، عَنْ عَبْدِ اللَّهِ بْنِ عَمْرٍو ـ رضى الله عنهما ـ قَالَ لَمْ يَكُنِ النَّبِيُّ صلى الله عليه وسلم فَاحِشًا وَلاَ مُتَفَحِّشًا وَكَانَ يَقُولُ "" إِنَّ مِنْ خِيَارِكُمْ أَحْسَنَكُمْ أَخْلاَقًا "".",ޢަބްދު ﷲ ބިން ޢަމްރު رَضِيَ اللَّهُ عَنْهُمَا ވިދާޅުވިކަމަށް ރިވާވެގެންވެއެވެ: ފާހިޝް އަދި ފާހިޝްވެގަނެގެން އުޅުއްވި ބޭކަލެއް ކަމުގައި ނަބިއްޔާ ﷺ ވެވަޑައިނުގަންނަވައެވެ. އަދި އެކަލޭގެފާނު ވިދާޅުވެ އުޅުއްވިއެވެ: ”ހަމަކަށަވަރުން ތިޔަބައިމީހުންގެ އެންމެ ހެޔޮ މީހުންގެ ތެރެއިން ވަނީ، ތިޔަބައިމީހުންގެ ތެރެއިން އެންމެ އަޚްލާޤު ރިވެތި މީހުންނެވެ.“,
صحيح البخاري,3563,"""مَا عَابَ النَّبِيُّ صَلَّى اللهُ عَلَيْهِ وَسَلَّمَ طَعَامًا قَطُّ، إِنِ اشْتَهَاهُ أَكَلَهُ وَإِلَّا تَرَكَهُ""","""ނަބިއްޔާ ޞައްލަﷲ ޢަލައިހި ވަސައްލަމަ ފަހަރެއްގައިވެސް ފަރީއްކުޅުއްވާ އެއްޗެއްގައި ހުންނަ އުނިކަމެއްގެ ވާހަކަ ޙަދީޘެއް ނުކުރައްވައެވެ. ބޭނުން ފުޅުނަމަ ފަރިއްކުޅުއްވައެވެ. ނޫންނަމަ ދޫކޮށްލައްވައެވެ.""",
صحيح البخاري,3600,حَدَّثَنَا أَبُو نُعَيْمٍ حَدَّثَنَا عَبْدُ الْعَزِيزِ بْنُ أَبِي سَلَمَةَ بْنِ الْمَاجِشُونِ عَنْ عَبْدِ الرَّحْمَنِ بْنِ أَبِي صَعْصَعَةَ عَنْ أَبِيهِ عَنْ أَبِي سَعِيدٍ الْخُدْرِيِّ رَضِيَ اللهُ عَنْهُ قَالَ قَالَ لِي إِنِّي أَرَاكَ تُحِبُّ الْغَنَمَ وَتَتَّخِذُهَا فَأَصْلِحْهَا وَأَصْلِحْ رُعَامَهَا فَإِنِّي سَمِعْتُ النَّبِيَّ ﷺ يَقُولُ يَأْتِي عَلَى النَّاسِ زَمَانٌ تَكُونُ الْغَنَمُ فِيهِ خَيْرَ مَالِ الْمُسْلِمِ يَتْبَعُ بِهَا شَعَفَ الْجِبَالِ أَوْ سَعَفَ الْجِبَالِ فِي مَوَاقِعِ الْقَطْرِ يَفِرُّ بِدِينِهِ مِنَ الْفِتَنِ.,އަބޫ ސައީދު އަލްޚުދްރީ رَضِيَ اللَّهُ عَنْهُ، އަބޫ ޞަޢުޞައުއަށް ދެންނެވިއެވެ: ހަމަކަށަވަރުން ތިބާ ބަކަރިއާއި އެ ތަކެތި ގެންގުޅުމަށް ލޯބި ކުރައްވާތަން ތިމަންނައަށް ފެނެއެވެ. ވީމާ އެ ބަކަރިތަކާއި އެ ތަކެތީގެ ކާއެއްޗެހި ވެސް ރަނގަޅަށް ބަލަހައްޓާށެވެ. އެހެނީ ހަމަކަށަވަރުން ނަބިއްޔާ ﷺ ޙަދީޘް ކުރައްވަނިކޮށް ތިމަން އަޑު އެހީމެވެ: މުސްލިމެއްގެ އެންމެ ހެޔޮ މުދަލަކީ ބަކަރި ކަމުގައިވާ ޒަމާނެއް މީސްތަކުންނަށް އަންނާނެއެވެ. އެ ބަކަރިތައް ފަހަތުން ފަރުބަދަ މައްޗަށާއި ވާރޭ ލިބޭ ވާދީތަކަށް އޭނާ ދާނެއެވެ. އެއީ އޭނާގެ ދީން ސަލާމަތް ކުރުމުގެ ގޮތުން ފިތުނަތަކުން ފިލުމަށްޓަކައެވެ.“,b19
صحيح البخاري,3653,ما ظَنُّكَ يا أبَا بَكْرٍ باثْنَيْنِ اللَّهُ ثَالِثُهُمَا,އޭ އަބޫބަކުރެވެ، 2 މީހުންނާއިއެކު الله 3 ވަނަ ފަރާތެއްގެ ގޮތުގައި އެ 2 މީހުންނާއެކު ހުންނެވުމަށް ތިބާ ދެކެނީ ކިހިނަކުން ހެއްޔެވެ؟,
صحيح البخاري,3667,أنَّ رَسولَ اللَّهِ صَلَّى اللهُ عليه وسلَّمَ مَاتَ وأَبُو بَكْرٍ بالسُّنْحِ، -قَالَ إسْمَاعِيلُ: يَعْنِي بالعَالِيَةِ- فَقَامَ عُمَرُ يقولُ: واللَّهِ ما مَاتَ رَسولُ اللَّهِ صَلَّى اللهُ عليه وسلَّمَ، قَالَتْ: وقَالَ عُمَرُ: واللَّهِ ما كانَ يَقَعُ في نَفْسِي إلَّا ذَاكَ، ولَيَبْعَثَنَّهُ اللَّهُ، فَلَيَقْطَعَنَّ أيْدِيَ رِجَالٍ وأَرْجُلَهُمْ، فَجَاءَ أبو بَكْرٍ فَكَشَفَ عن رَسولِ اللَّهِ صَلَّى اللهُ عليه وسلَّمَ فَقَبَّلَهُ، قَالَ: بأَبِي أنْتَ وأُمِّي، طِبْتَ حَيًّا ومَيِّتًا، والذي نَفْسِي بيَدِهِ، لا يُذِيقُكَ اللَّهُ المَوْتَتَيْنِ أبَدًا، ثُمَّ خَرَجَ فَقَالَ: أيُّها الحَالِفُ، علَى رِسْلِكَ، فَلَمَّا تَكَلَّمَ أبو بَكْرٍ جَلَسَ عُمَرُ، فَحَمِدَ اللَّهَ أبو بَكْرٍ وأَثْنَى عليه، وقَالَ: ألا مَن كانَ يَعْبُدُ مُحَمَّدًا صَلَّى اللهُ عليه وسلَّمَ فإنَّ مُحَمَّدًا قدْ مَاتَ، ومَن كانَ يَعْبُدُ اللَّهَ فإنَّ اللَّهَ حَيٌّ لا يَمُوتُ، وقَالَ: {إِنَّكَ مَيِّتٌ وَإِنَّهُمْ مَيِّتُونَ} [الزمر: 30]، وقَالَ: {وَمَا مُحَمَّدٌ إِلَّا رَسُولٌ قَدْ خَلَتْ مِنْ قَبْلِهِ الرُّسُلُ أَفَإِنْ مَاتَ أَوْ قُتِلَ انْقَلَبْتُمْ عَلَى أَعْقَابِكُمْ وَمَنْ يَنْقَلِبْ عَلَى عَقِبَيْهِ فَلَنْ يَضُرَّ اللَّهَ شَيْئًا وَسَيَجْزِي اللَّهُ الشَّاكِرِينَ} [آل عمران: 144]، قَالَ: فَنَشَجَ النَّاسُ يَبْكُونَ، قَالَ: واجْتَمعتِ الأنْصَارُ إلى سَعْدِ بنِ عُبَادَةَ في سَقِيفَةِ بَنِي سَاعِدَةَ، فَقالوا: مِنَّا أمِيرٌ ومِنكُم أمِيرٌ، فَذَهَبَ إليهِم أبو بَكْرٍ، وعُمَرُ بنُ الخَطَّابِ، وأَبُو عُبَيْدَةَ بنُ الجَرَّاحِ، فَذَهَبَ عُمَرُ يَتَكَلَّمُ فأسْكَتَهُ أبو بَكْرٍ، وكانَ عُمَرُ يقولُ: واللَّهِ ما أرَدْتُ بذلكَ إلَّا أنِّي قدْ هَيَّأْتُ كَلَامًا قدْ أعْجَبَنِي، خَشِيتُ ألَّا يَبْلُغَهُ أبو بَكْرٍ، ثُمَّ تَكَلَّمَ أبو بَكْرٍ، فَتَكَلَّمَ أبْلَغَ النَّاسِ، فَقَالَ في كَلَامِهِ: نَحْنُ الأُمَرَاءُ وأَنْتُمُ الوُزَرَاءُ، فَقَالَ حُبَابُ بنُ المُنْذِرِ: لا واللَّهِ لا نَفْعَلُ، مِنَّا أمِيرٌ، ومِنكُم أمِيرٌ، فَقَالَ أبو بَكْرٍ: لَا، ولَكِنَّا الأُمَرَاءُ، وأَنْتُمُ الوُزَرَاءُ، هُمْ أوْسَطُ العَرَبِ دَارًا، وأَعْرَبُهُمْ أحْسَابًا، فَبَايِعُوا عُمَرَ، أوْ أبَا عُبَيْدَةَ بنَ الجَرَّاحِ، فَقَالَ عُمَرُ: بَلْ نُبَايِعُكَ أنْتَ؛ فأنْتَ سَيِّدُنَا، وخَيْرُنَا، وأَحَبُّنَا إلى رَسولِ اللَّهِ صَلَّى اللهُ عليه وسلَّمَ، فأخَذَ عُمَرُ بيَدِهِ فَبَايَعَهُ، وبَايَعَهُ النَّاسُ، فَقَالَ قَائِلٌ: قَتَلْتُمْ سَعْدَ بنَ عُبَادَةَ، فَقَالَ عُمَرُ: قَتَلَهُ اللَّهُ. وقَالَ عبدُ اللَّهِ بنُ سَالِمٍ، عَنِ الزُّبَيْدِيِّ، قَالَ: عبدُ الرَّحْمَنِ بنُ القَاسِمِ، أخْبَرَنِي القَاسِمُ، أنَّ عَائِشَةَ رَضِيَ اللَّهُ عَنْهَا قَالَتْ: شَخَصَ بَصَرُ النَّبيِّ صَلَّى اللهُ عليه وسلَّمَ، ثُمَّ قَالَ: في الرَّفِيقِ الأعْلَى، ثَلَاثًا، وقَصَّ الحَدِيثَ. قَالَتْ: فَما كَانَتْ مِن خُطْبَتِهِما مِن خُطْبَةٍ إلَّا نَفَعَ اللَّهُ بهَا، لقَدْ خَوَّفَ عُمَرُ النَّاسَ، وإنَّ فيهم لَنِفَاقًا، فَرَدَّهُمُ اللَّهُ بذلكَ، ثُمَّ لقَدْ بَصَّرَ أبو بَكْرٍ النَّاسَ الهُدَى، وعَرَّفَهُمُ الحَقَّ الذي عليهم، وخَرَجُوا به يَتْلُونَ {وَمَا مُحَمَّدٌ إِلَّا رَسُولٌ قَدْ خَلَتْ مِنْ قَبْلِهِ الرُّسُلُ} إلى {الشَّاكِرِينَ} [آل عمران: 144].,“ޢުމަރު ބްނުލް ޚައްޠާބަށް ރަސޫލާﷲ -ޞައްލަﷲޢަލައިހިވަސައްލަމަ- އަވަހާރަވެވަޑައިގަތް ޚަބަރު ލިބިވަޑައިގަތުމުން އެކަން ގަބޫލުފުޅު ނުކުރެއްވިއެވެ. އަދި ވިދާޅުވަމުން ގެންދެވިއެވެ: “ރަސޫލުﷲ -ޞައްލަﷲޢަލައިހިވަސައްލަމަ- އަވަހާރަވެ ވަޑައިނުގަންނަވައެވެ. އެކަމަކު އެކަލޭގެފާނުގެ ރައްބު މުސާގެފާނު ގެންދެވިގޮތަށް އެކަލޭގެފާނުވެސް ގެންދެވިއެވެ. އެކަލޭގެފާނުގެ ގައުމުގެ މީސްތަކުންނާއި އެކަހެރިވެ ވަޑައިގެން ސާޅީސް ދުވަހު ﷲ މުނާޖާ ދެއްނެވުމަށް ވަޑައިގަތީއެވެ. ﷲ ގަންދީ ބުނަމެވެ. އަހަރެން އުއްމީދުކުރާ ގޮތުގައި ރަސޫލުﷲ -ޞައްލަﷲޢަލައިހިވަސައްލަމަ- އެކަލޭގެފާނު އަވަހާރެވެއްޖެއޭ ބުނާ މުނާފިގުގެ އަތްތަށް ބުރިކުރެވެންދެން ދުނިޔޭގައި ދިރި ހުންނަވާނެއެވެ.” ދެން ޢުމަރު–ރަޟިޔަﷲ ޢަންހު- މި ގޮތަށް މީސްތަކުންނާއި މުޚާތަބު ކުރައްވަން ހުންނަވަނިކޮށް އަބޫ ބަކުރު–ރަޟިޔަﷲ ޢަންހު- ނުކުމެވަޑައިގެން ޢުމަރު–ރަޟިޔަﷲ ޢަންހު- ހަމަޖެހިވަޑައިގެން އެކަލޭގެފާނު މީސްތަކުންނާއީ މުޚާތަބުކުރެއްވުމަށް ފުރުޞަތު ދެއްވުމަށް އެދިވަޑައިގެންނެވިއެވެ. ނަމަވެސް ޢުމަރު–ރަޟިޔައްﷲ ޢަންހު- އަށް ލިބިވަޑައިގެންފައިވާ ފުން އަސަރުގެ ސަބަބުން އެކަމާ ދެކޮޅު ހެއްދެވުމުން އަބޫބަކުރުގެފާނު އެކަމާ އަޅާނުލައްވާ މީސްތަކުންނާއި ކުރިމަތި ލައްވާ ރަސޫލުﷲ-ޞައްލަﷲ ޢަލައިހިވަސައްލަމަ- ދުނިޔެ ދޫކުރެއްވިކަމާއި އެކަލޭގެފާނުވެސް އެހެން އިންސާނުން ފަދައިން މަރުގެ ރަހަ ތަހައްމަލުކުރައްވަން ޖެހިވަޑައިގަންނަވާނެކަމަށް ކީރިތި ގުރުއާން ދަލީލު ދައްކަވާ ސޫރަތު އާލްޢިމްރާނުގެ 144 ވަނަ އާޔަތް ކިޔަވާ ވިދާޅުވުމުން ޢުމަރު–ރަޟިޔަﷲ ޢަންހު- އާއި އެކަލޭގެފާނުގެ ބަސް ގަބޫލުކޮށްގެން ތިއްބެވި ބޭފުޅުންނަށްވެސް މިހާރު ރަސޫލުﷲ -ޞައްލަﷲޢަލައިހިވަސައްލަމަ- އަވަހާރަވެ ވަޑައިގެންފިކަން ގަބޫލުކުރެވުނެވެ. އެވަގުތު ޢުމަރު–ރަޟިޔަﷲ ޢަންހު- ކޮޅަށް ނުހުރެވިގެން ބިންމައްޗަށް ތިރިވެވަޑައިގެން އެތައް އިރަކު އެކަލޭގެފާނު އެގޮތަށް އިށީނދެވަޑައިގެން އިންނެވިއެވެ.,
صحيح البخاري,3673,«لاَ تَسُبُّوا أَصْحَابِي، فَلَوْ أَنَّ أَحَدَكُمْ أَنْفَقَ مِثْلَ أُحُدٍ، ذَهَبًا مَا بَلَغَ مُدَّ أَحَدِهِمْ، وَلاَ نَصِيفَهُ»,""" ތިމަންކަލޭގެފާނުގެ އަޞްޙާބުބޭކަލުންނަށް ހުތުރުބަސް ނުބުނާށެވެ. ތިޔަބައިމީހުންގެ ތެރެއިން މީހަކު އުޙުދު ފަރުބަދައާއިއެއްވަރަށް ރަން ހޭދަކުރި ނަމަވެސް އެއިން ބޭކަލަކާ އެއްވަރަށް މުއްދެއް ނުވަތަ މުއްދެއްގެ ދެބައިކުޅައެއްބައިގެ މިންވަރުވެސް (ޘަވާބު) ނުލިބޭ ހުއްޓެވެ.""",
صحيح البخاري,3691,حَدَّثَنَا يَحْيَى بْنُ بُكَيْرٍ، حَدَّثَنَا اللَّيْثُ، عَنْ عُقَيْلٍ، عَنِ ابْنِ شِهَابٍ قَالَ: أَخْبَرَنِي أَبُو أُمَامَةَ بْنُ سَهْلِ بْنِ حُنَيْفٍ، عَنْ أَبِي سَعِيدٍ الْخُدْرِيِّ رَضِيَ اللهُ عَنْهُ قَالَ: سَمِعْتُ رَسُولَ اللهِ ﷺ يَقُولُ: بَيْنَا أَنَا نَائِمٌ، رَأَيْتُ النَّاسَ عُرِضُوا عَلَيَّ وَعَلَيْهِمْ قُمُصٌ، فَمِنْهَا مَا يَبْلُغُ الثَّدْيَ، وَمِنْهَا مَا يَبْلُغُ دُونَ ذَلِكَ، وَعُرِضَ عَلَيَّ عُمَرُ وَعَلَيْهِ قَمِيصٌ اجْتَرَّهُ. قَالُوا: فَمَا أَوَّلْتَهُ يَا رَسُولَ اللهِ؟ قَالَ: الدِّينَ.,އަބޫ ސައީދު އަލްޚުދްރީ رَضِيَ اللَّهُ عَنْهُ ރިވާ ކުރެއްވިއެވެ: ރަސޫލު ﷲ ﷺ ޙަދީޘް ކުރައްވަނިކޮށް ތިމަން އަޑު އެހީމެވެ: ”އަވަހާރަފުޅު ލައްޕަވަނިކޮށް (ހުވަފެންފުޅެއްގައި) ތިމަން ނަބިއްޔާއަށް ގަމީސް ލައިގެން ތިބި ބަޔަކު ދެއްކެވުނެވެ. އެއްބަޔެއްގެ މެއާ ހިސާބަށް އެ ގަމީސްތައް ފޯރިއެވެ. އަދި އަނެއް ބަޔަކަށް އެއަށްވުރެ ތިރިއަށް އެ ގަމީސްތައް ފޯރިއެވެ. އަދި ޢުމަރު ބިން އަލްޚައްޠާބު ތިމަން ނަބިއްޔާއަށް ދެއްކެވުނެވެ. އެކަލޭގެފާނުގެ ގައިކޮޅުގައިވާ ގަމީސް (ދިގުކަމުން އޭތި) ގެންދިޔައީ ދަމަމުންނެވެ.“ މީސްތަކުން ދެންނެވިއެވެ: އޭ ﷲގެ ރަސޫލާއެވެ. އިބަ ނަބިއްޔާ އެ މާނަ ކުރައްވަނީ ކިހިނަކުންތޯއެވެ؟ ނަބިއްޔާ ޙަދީޘް ކުރެއްވިއެވެ: ”(އެއީ) ދީނެވެ.“,b23
صحيح البخاري,3759,"قَالَ عَبْدُ اللَّهِ بْنُ عَمْرٍو إِنَّ رَسُولَ اللَّهِ صلى الله عليه وسلم لَمْ يَكُنْ فَاحِشًا وَلاَ مُتَفَحِّشًا وَقَالَ ‏""‏ إِنَّ مِنْ أَحَبِّكُمْ إِلَىَّ أَحْسَنَكُمْ أَخْلاَقًا""",ޢަބްދު ﷲ ބިން ޢަމްރުގެފާނު ވިދާޅުވިއެވެ: ހަމަކަށަވަރުން ﷲގެ ރަސޫލާ ﷺ ބަސްހުތުރު ބޭކަލެއްކަމުގައި ނުވެއެވެ. އަދި ހުތުރުބަހުން އަޑުލާ ބޭކަލެއްކަމުގައި ވެސް ނުމެވޭމެއެވެ. އަދި (ރަސޫލާ ﷺ) ހަދީޘްކުރެއްވިއެވެ: ހަމަކަށަވަރުން ތިޔަބައިމީހުންކުރެ ތިމަންކަލޭގެފާނަށް އެންމެ ލޯބިވެތި މީހުންގެ ތެރޭ ވަނީ ތިޔަބައިމީހުންކުރެ އެންމެ އަޚްލާޤު ރަނގަޅު މީހުންނެވެ.,
صحيح البخاري,3767,اطِمةُ بَضعةٌ مِنِّي، فمَن أغضَبَها أغضَبَني.,ފާތިމާގެފާނަކީ، ތިމަން ކަލޭގެފާނުގެ (ހަށިކޮޅުން) ބައެކެވެ. ފަހެ އެ ކަމަނާ ކޯފާކުރުވައިފި މީހަކު، ތިމަން ކަލޭގެފާނު ވެސް ކޯފާކުރުވައިފިއެވެ.,
صحيح البخاري,3783,حَدَّثَنَا حَجَّاجُ بْنُ مِنْهَالٍ: حَدَّثَنَا شُعْبَةُ قَالَ: أَخْبَرَنِي عَدِيُّ بْنُ ثَابِتٍ قَالَ: سَمِعْتُ الْبَرَاءَ رَضِيَ اللهُ عَنْهُ قَالَ: سَمِعْتُ النَّبِيَّ صَلَّى اللهُ عَلَيْهِ وَسَلَّمَ ، أَوْ قَالَ قَالَ النَّبِيُّ صَلَّى اللهُ عَلَيْهِ وَسَلَّمَ: الْأَنْصَارُ لَا يُحِبُّهُمْ إِلَّا مُؤْمِنٌ ، وَلَا يُبْغِضُهُمْ إِلَّا مُنَافِقٌ ، فَمَنْ أَحَبَّهُمْ أَحَبَّهُ اللهُ ، وَمَنْ أَبْغَضَهُمْ أَبْغَضَهُ اللهُ .,ނަބިއްޔާ ﷺ ޙަދީޘްކުރެއްވިއެވެ. ” الْأَنْصَارُ لَا يُحِبُّهُمْ إِلَّا مُؤْمِنٌ وَلَا يُبْغِضُهُمْ إِلَّا مُنَافِقٌ فَمَنْ أَحَبَّهُمْ أَحَبَّهُ اللَّهُ وَمَنْ أَبْغَضَهُمْ أَبْغَضَهُ اللَّهُ” މާނައީ: “އަންޞާރުބޭކަލުން ދެކެ މުއުމިނުން މެނުވީ ލޯބިނުވާހުއްޓެވެ. އަދި އެބައިމީހުންދެކެ މުނާފިގުން މެނުވީ ރުޅިނާރާ ހުއްޓެވެ. އަދި އެބައިމީހުން ދެކެ ލޯބިވެއްޖެމީހަކު ދެކެ ﷲ (ސުބުޙާނަހޫ) ވަތަޢާލާ ލޯބިވެތިވެވޮޑިގެންވެއެވެ. އަދި އެބައިމީހުން ދެކެ ރުޅިއަރައިފި މީހަކު ދެކެ، ﷲ (ސުބުޙާނަހޫ) ކޯފާވެވޮޑިގެންވެއެވެ.” (رواه البخاري(3572) و مسلم (75),
صحيح البخاري,3784,حَدَّثَنَا مُسْلِمُ بْنُ إِبْرَاهِيمَ: حَدَّثَنَا شُعْبَةُ، عَنْ عَبْدِ الرَّحْمَنِ بْنِ عَبْدِ اللهِ بْنِ جَبْرٍ، عَنْ أَنَسِ بْنِ مَالِكٍ رَضِيَ اللهُ عَنْهُ: عَنِ النَّبِيِّ ﷺ قَالَ: آيَةُ الْإِيمَانِ حُبُّ الْأَنْصَارِ، وَآيَةُ النِّفَاقِ بُغْضُ الْأَنْصَارِ.,އަނަސް ބިން މާލިކު رَضِيَ اللَّهُ عَنْهُ ރިވާ ކުރެއްވިއެވެ: ނަބިއްޔާ ﷺ ޙަދީޘް ކުރެއްވިއެވެ: ”އީމާންކަމުގެ އަލާމާތަކީ އަންޞާރުން ދެކެ ލޯބިވުމެވެ. އަދި މުނާފިގުކަމުގެ އަލާމާތަކީ އަންޞާރުން ދެކެ ނަފުރަތު ކުރުމެވެ.“,b17
صحيح البخاري,3798,أنَّ رَجُلًا أتَى النَّبيَّ صَلَّى اللهُ عليه وسلَّمَ، فَبَعَثَ إلى نِسَائِهِ، فَقُلْنَ: ما معنَا إلَّا المَاءُ، فَقالَ رَسولُ اللَّهِ صَلَّى اللهُ عليه وسلَّمَ: مَن يَضُمُّ -أوْ يُضِيفُ- هذا؟ فَقالَ رَجُلٌ مِنَ الأنْصَارِ: أنَا، فَانْطَلَقَ به إلى امْرَأَتِهِ، فَقالَ: أكْرِمِي ضَيْفَ رَسولِ اللَّهِ صَلَّى اللهُ عليه وسلَّمَ، فَقالَتْ: ما عِنْدَنَا إلَّا قُوتُ صِبْيَانِي، فَقالَ: هَيِّئِي طَعَامَكِ، وأَصْبِحِي سِرَاجَكِ، ونَوِّمِي صِبْيَانَكِ إذَا أرَادُوا عَشَاءً، فَهَيَّأَتْ طَعَامَهَا، وأَصْبَحَتْ سِرَاجَهَا، ونَوَّمَتْ صِبْيَانَهَا، ثُمَّ قَامَتْ كَأنَّهَا تُصْلِحُ سِرَاجَهَا فأطْفَأَتْهُ، فَجَعَلَا يُرِيَانِهِ أنَّهُما يَأْكُلَانِ، فَبَاتَا طَاوِيَيْنِ، فَلَمَّا أصْبَحَ غَدَا إلى رَسولِ اللَّهِ صَلَّى اللهُ عليه وسلَّمَ، فَقالَ: ضَحِكَ اللَّهُ اللَّيْلَةَ -أوْ عَجِبَ- مِن فَعَالِكُما. فأنْزَلَ اللَّهُ: {وَيُؤْثِرُونَ عَلَى أَنْفُسِهِمْ وَلَوْ كَانَ بِهِمْ خَصَاصَةٌ وَمَنْ يُوقَ شُحَّ نَفْسِهِ فَأُولَئِكَ هُمُ الْمُفْلِحُونَ} [الحشر: 9],"އަބޫ ހުރައިރާ ރަޟިޔަ الله ޢަންހު ރިވާކުރައްވައިފައިވާ ޙަދީޘެއްގެ މާނައިގައި ވެއެވެ. ""ރަސޫލުﷲ ޞައްލަﷲ ޢަލައިހި ވަސައްލަމަގެ އަރިހަށް އެއްދުވަހަކު މީހަކު އައިސް ދެންނެވިއެވެ. އަޅުގަނޑު މިވަނީ ބަނޑުހައިހޫނުކަމާއި ފަގީރުކަމާއި ކުރިމަތިލާން ޖެހިފައެވެ. އެ ހިނދު ރަސޫލު الله ޞައްލަﷲ ޢަލައިހި ވަސައްލަމަ އެކަލޭގެފާނުގެ އަނިބި އަނބިކަނބަލުންގެ ގޭގެއަށް ކާއެއްޗެއް ހުރިތޯ ބައްލަވަން ފޮނުއްވިއެވެ. އެއިން އެއްވެސް ގެއެއްގައި ކާއެއްޗެއް ނެތުމުން ރަސޫލު الله ޞައްލަﷲ ޢަލައިހި ވަސައްލަމަ ޙަދީޘް ކުރެއްވިއެވެ. މިރޭ މި މީހާ ގޭގައި ބަހައްޓަވައިގެން މެހްމާންދާރީ އަދާކުރައްވާނީ ތިޔަބައިމީހުންގެ ތެރެއިން ކާކުހެއްޔެވެ؟ އެ މީހަކަށް މާތް الله ރަޙްމަތް ލައްވާހުއްޓެވެ. އެ ހިނދު އަބޫ ޠަލްޙާ ރަޟިޔަﷲ ޢަންހު ދެންނެވިއެވެ. އެ މީހަކީ ތިމަންކަލޭގެފާނެވެ. ދެން އަބޫޠަލްޙާ އެމީހާ ގޮވައިގެން ގެއަށް ވަޑައިގެން އަނބިކަނބަލުންނަށް ވިދާޅުވިއެވެ. މިއީ ރަސޫލު الله ޞައްލަﷲ ޢަލައިހި ވަސައްލަމަގެ މެހުމާނެކެވެ. ގޭގައި އެއްވެސް ކާއެއްޗެއް ހުރިނަމަ، އެ ހުރި އެއްޗެއް ގެންނާށެވެ! އެ ވަގުތު އަބޫޠަލްޙާގެ އަނބިކަނބަލުން ދެންނެވިއެވެ. ގޭގައި ހުރީ ހަމައެކަނި ކުޑަކުދިންނަށް ހުރި ކާއެތިކޮޅެކެވެ. އަޑުގަނޑުމެން ދެމީހުން ކާނެ އެއްޗެއް ވެސް ނެތެވެ. ދެން އަބޫޠަލްޙާ ވިދާޅުވިއެވެ. އެ ކުދިން ބަޑުހައިވެގެން ރޯންފަށައިފިނަމަ، ކޮންމެވެސް ގޮތަކުން އެ ކުދީން ހަމަޖައްސައި މަސަލަސްކޮށް، ނިންދަވާށެވެ! އަދި ތިޔަ ހުރި އެއްޗެއް ގެނެސް ކާން ތައްޔާރު ކުރެއްވުމަށްފަހު، ބައްތި ރަނގަޅުކުރަނީ ކަމަށް ހަދަވައި އެބައްތި ނިއްވައިލައްވަވާށެވެ! އެއީ، ރަސޫލު الله ޞައްލަﷲ ޢަލައިހި ވަސައްލަމަގެ މެހުމާނަކާއެކު އަހަރެން ނުކާކަން އޭނާއަށް އެނގުނަ ނުދިނުމަށެވެ. އަހަރެމެން ދެމަފިރިންނާއި ކުދީންކޮޅު މިރޭ މިގޮތުގައި ބަޑުހައިކަމާއެކު ވޭތިކޮށްލާނީއެވެ. އަބޫޠަލްޙާގެ ދެކަނބަލުން ރަސޫލު الله ޞައްލަﷲ ޢަލައިހި ވަސައްލަމަގެ މެހުމާނަށް ކާންދެއްވީ އެ ދެކަނބަލުންނާއި ތުއްޕުޅު ބޭފުޅުން ކާއެތިކޮޅަކަށް ނުހަނު ބޭނުންފުޅުވެފައި ވަނިކޮށެވެ. ހެނދުނު އަބޫޠަލްޙާ އެ މެހުމާނާ އެކު ރަސޫލު الله ޞައްލަﷲ ޢަލައިހި ވަސައްލަމަގެ އަރިހަށް ވަޑައިގެންނެވުމުން، އިތުރު އެކަލޭގެފާނު ޙަދީޘް ކުރެއްވިއެވެ. ރޭގައި ތިޔަ ދެކަނބަލުން ކަންތައް ކުރެއްވިގޮތާ މެދު الله ސުބުޙާނަހޫ ވަތަޢާލާ ރުހިވޮޑިގެންފިއެވެ. ދެން އެ ދެކަނބަލުންނަށް ތަޢުރީފުކުރައްވައި އަލްޙަޝްރު ސޫރަތުގެ ނުވަ ވަނަ އާޔަތް މާތް الله ބާވައިލެއްވިއެވެ.",
صحيح البخاري,3811,لَمَّا كانَ يَوْمُ أُحُدٍ انْهَزَمَ النَّاسُ عَنِ النَّبيِّ صَلَّى اللهُ عليه وسلَّمَ، وأَبُو طَلْحَةَ بيْنَ يَدَيِ النَّبيِّ صَلَّى اللهُ عليه وسلَّمَ مُجَوِّبٌ به عليه بحَجَفَةٍ له، وكانَ أبو طَلْحَةَ رَجُلًا رَامِيًا شَدِيدَ القِدِّ، يَكْسِرُ يَومَئذٍ قَوْسَيْنِ أوْ ثَلَاثًا، وكانَ الرَّجُلُ يَمُرُّ معهُ الجَعْبَةُ مِنَ النَّبْلِ، فيَقولُ: انْشُرْهَا لأبِي طَلْحَةَ. فأشْرَفَ النَّبيُّ صَلَّى اللهُ عليه وسلَّمَ يَنْظُرُ إلى القَوْمِ، فيَقولُ أبو طَلْحَةَ: يا نَبِيَّ اللَّهِ، بأَبِي أنْتَ وأُمِّي، لا تُشْرِفْ يُصِيبُكَ سَهْمٌ مِن سِهَامِ القَوْمِ، نَحْرِي دُونَ نَحْرِكَ.,އުޙްދުގެ ދުވަހުގައި رسول الله ﷺގެކިބައިން މީސްތަކުން ފޭވެގެން ދިޔަހިނދު ފެނިގެންދިޔައީ އެކަލޭގެފާނުގެ ކުރިމަތިފުޅުގައި އެކަލޭގެފާނަށްވާ ނިވާފަތްގަޑެއްގެގޮތުގައި أبو طلحة ގެފާނު ކޮޅުކޮޅަށް ހިންގަވަ ހިންގަވާ ހުންނެވިއެވެ. އެކަލޭގެފާނަކީ ދުނިޖެއްސެވުމުގައިގަދަފަދަ ބޭކަލަކުކަމުގައިވިއެވެ. އެދުވަހުއެކަލޭގެފާނުގެ އަތްޕުޅުން ދޭއް ނުވަތަ ތިނެއް ދުނިދަޑި ބިދުނުކަމުގައި ވިއެވެ. މީހަކުދުނިހިފައިގެން ދަނީނަމަ އެމީހަކަށް އިތުރުއެކަލޭގެފާނު ވިދާޅުވެއެވެ. ތިބާގެއަތުގައި ތިޔަހުރިދުނިތައް އެކަލޭގެފާނުގެ ކުރިފުޅުމަތީގައި ބަހައްޓާށެވެ. އައްނަބިއްޔާ ﷺ އިސްއުފުއްލަވާ ބައްލަވަންފެއްޓެވުމުން أبو طلحة ދަންނަވައެވެ. ތިއަގޮތަށް ނުބައްލަވާށެވެ. އަޅުގަޑުގެ މަންމައާއި ބައްޕަ ކަލޭގެފާނަށް ޓަކައިގުރުބާނެވެ. އެމީހުންގެ ތީރެއް ކަލޭގެފާނުގެ ގައިކޮޅަށް އަރާފާނެއެވެ. އަޅުގަޑުގެމޭމަތި މިހުރީ ކަލޭގެފާނުގެ މޭމަތީގެ ބަދަލުގައެވެ.,
صحيح البخاري,3842,كَانَ لأَبِي بَكْرٍ غُلاَمٌ يُخْرِجُ لَهُ الْخَرَاجَ، وَكَانَ أَبُو بَكْرٍ يَأْكُلُ مِنْ خَرَاجِهِ، فَجَاءَ يَوْمًا بِشَىْءٍ فَأَكَلَ مِنْهُ أَبُو بَكْرٍ فَقَالَ لَهُ الْغُلاَمُ تَدْرِي مَا هَذَا فَقَالَ أَبُو بَكْرٍ وَمَا هُوَ قَالَ كُنْتُ تَكَهَّنْتُ لإِنْسَانٍ فِي الْجَاهِلِيَّةِ وَمَا أُحْسِنُ الْكِهَانَةَ، إِلاَّ أَنِّي خَدَعْتُهُ، فَلَقِيَنِي فَأَعْطَانِي بِذَلِكَ، فَهَذَا الَّذِي أَكَلْتَ مِنْهُ. فَأَدْخَلَ أَبُو بَكْرٍ يَدَهُ فَقَاءَ كُلَّ شَىْءٍ فِي بَطْنِهِ.,"ހަމަކަށަވަރުން އަބޫ ބަކުރުއްޞިއްދީގު ރަޟިޔަﷲ ޢަންހުގެ އަރިހުގައި ގެންގުޅުއްވި އަޅަކު އެއްދުވަހަކު އެކަލޭގެފާނަށް ކާއެއްޗެއް ފަރީއްކޮޅުއެރުވުނެވެ. އެހިނދު އެކަލޭގެފާނު އެ އެއްޗެއް ފަރީއްކުޅުއްވިއެވެ. އެކަލޭގެފާނު ފަރީއްކުޅުއްވައި ނިމިވަޑައިގަތުމުން އެ އަޅުމީހާ ދަންނަވައިފިއެވެ. އޭ އަބޫބަކުރުގެފާނެއެވެ. ދެންމެ ތިޔަ ފަރީއްކުޅުއްވި އެއްޗާއި ބެހޭ ގޮތުން (އެބަހީ އެއީ ކޮންގޮތަކަށް ކިހިނެއް ހޯދި އެއްޗެއްތޯ) ކަލޭގެފާނު ސުވާލު ނުކުރައްވަމެއް ނޫންތޯއެވެ؟ ދެން އަބޫބަކުރުގެފާނު އެ އަޅުމީހާ އާއި އެ ފަރިއްކުޅުއްވި ތަކެތި ލިބުނުގޮތާ މެދު ސުވާލުކުރެއްވިއެވެ. އޭނާ ދެންނެވިއެވެ. ތިމަންނާ އަކީ ޖާހިލިއްޔަ ޒަމާނުގައި ކަހީނުކަން ކޮށް އުޅުނު މީހަކީމެވެ. އެ ދުވަސްވަރު އެ ކަހަލަ ކަމެއް ކޮށްދިން މީހަކާއި ދިމާވުމުން އެމީހާ ތިމަންނާއަށް ދިން ކާ އެއްޗެކެވެ. ދެން އަބޫބަކުރުގެފާނު އެކަލޭގެފާނުންގެ ކަރފުޅުގެ ތެރެއަށް އިނގިލިފުޅު ބޭނުއްވުމަށް ފަހު އެ ކެއި އެއްޗެތި ހޮޑަށް ބޭރުކޮށް ލެއްވިއެވެ. އަދި ވިދާޅުވިއެވެ. މާތް الله ގަންދެއްވައި ވިދާޅުވަމެވެ. ތިމަންކަލޭގެފާނު ފަރީކުޅުއްވި ތަކެތި ނެރުމަށްޓަކައި ތިމަންކަލޭގެފާނުގެ ފުރާނަފުޅު ގޮސްގެން ނެރެންޖެހުނު ކަމުގައި ވީނަމަ ވެސް ތިމަންކަލޭގެފާނު އެކަން ކުރެއްވީމުހެވެ. އެހެނީ ތިމަންކަލޭގެފާނުގެ މިތުރު ރަސޫލާ ޙަދީޘްކުރެއްވި އަޑު އެއްސެވީމެއެވެ. އެޙަދީޘުފުޅުގެ މާނާގައި ވެއެވެ. ""ޙަރާމްތަކެތި ކައިގެން ބޮޑުވެފައިވާ ކޮންމެ ހަށިގަނޑަކަށް އެއްމެ އައުލާކަން ބޮޑީ ނަރަކައެވެ. މާތްﷲ އަށް ބިރުވެތިވެ އެކަލާނގެ އެންގެވިފަދައިން ޙަލާލު ތަކެތި ކައިބޮއި ހަދާނަމަ އެމީހަކަށް ރިޒުގް ތަނަވަސް ކޮށްދެއްވާނެކަމަށް މާތް الله ވަނީ ވަޢުދުވެ ވޮޑިގެންފައެވެ. އެކަލާނގެ ވަހީ ބަސްފުޅުގެ މާނާގައި ވެއެވެ. ""ފަހެ الله އަށް ތަގްވާ ވެރިވާ މީހާ ދަންނާށެވެ! އެކަލާނގެ އޭނާއަށް ނުކުންނާނެ މަގެއް ދައްކަވާނެތެވެ.""",
صحيح البخاري,3883,"عن سَعِيدُ بْنُ الْمُسَيَّبِ، عَنْ أَبِيهِ، قَالَ لَمَّا حَضَرَتْ أَبَا طَالِبٍ الْوَفَاةُ جَاءَهُ رَسُولُ اللَّهِ ﷺ فَوَجَدَ عِنْدَهُ أَبَا جَهْلٍ وَعَبْدَ اللَّهِ بْنَ أَبِي أُمَيَّةَ بْنِ الْمُغِيرَةِ فَقَالَ رَسُولُ اللَّهِ ﷺ "" يَا عَمِّ قُلْ لاَ إِلَهَ إِلاَّ اللَّهُ . كَلِمَةً أَشْهَدُ لَكَ بِهَا عِنْدَ اللَّهِ "" . فَقَالَ أَبُو جَهْلٍ وَعَبْدُ اللَّهِ بْنُ أَبِي أُمَيَّةَ يَا أَبَا طَالِبٍ أَتَرْغَبُ عَنْ مِلَّةِ عَبْدِ الْمُطَّلِبِ . فَلَمْ يَزَلْ رَسُولُ اللَّهِ ﷺ يَعْرِضُهَا عَلَيْهِ وَيُعِيدُ لَهُ تِلْكَ الْمَقَالَةَ حَتَّى قَالَ أَبُو طَالِبٍ آخِرَ مَا كَلَّمَهُمْ هُوَ عَلَى مِلَّةِ عَبْدِ الْمُطَّلِبِ . وَأَبَى أَنْ يَقُولَ لاَ إِلَهَ إِلاَّ اللَّهُ . فَقَالَ رَسُولُ اللَّهِ ﷺ "" أَمَا وَاللَّهِ لأَسْتَغْفِرَنَّ لَكَ مَا لَمْ أُنْهَ عَنْكَ "" . فَأَنْزَلَ اللَّهُ عَزَّ وَجَلَّ { مَا كَانَ لِلنَّبِيِّ وَالَّذِينَ آمَنُوا أَنْ يَسْتَغْفِرُوا لِلْمُشْرِكِينَ وَلَوْ كَانُوا أُولِي قُرْبَى مِنْ بَعْدِ مَا تَبَيَّنَ لَهُمْ أَنَّهُمْ أَصْحَابُ الْجَحِيمِ} . وَأَنْزَلَ اللَّهُ تَعَالَى فِي أَبِي طَالِبٍ فَقَالَ لِرَسُولِ اللَّهِ ﷺ { إِنَّكَ لاَ تَهْدِي مَنْ أَحْبَبْتَ وَلَكِنَّ اللَّهَ يَهْدِي مَنْ يَشَاءُ وَهُوَ أَعْلَمُ بِالْمُهْتَدِينَ}‌.","ސައީދު ބިން މުސައްޔިބު އެކަލޭގެފާނުގެ ބައްޕާފުޅުގެ ކިބައިން ރިވާކުރައްވާފައިވެއެވެ. އަބޫ ޠާލިބު ގެ އަރިހަށް މަރު ހާޒިރުވުމުން ރަސޫލުﷲ ﷺ އެކަލޭގެފާނުގެ އަރިހަށް ވަދެވަޑައިގަތެވެ. އޭރު އެތަނުގައި އަބޫ ޖަހުލާ އަދި އަދި ޢަބްދުﷲ ބިން އަބީ އުމައްޔާ ބިން މުޣީރާވާތަން ދެކެވަޑައިގަތެވެ. ދެން ރަސޫލުﷲ ﷺ އެކަލޭގެފާނަށް ވިދާޅުވިއެވެ. "" އެބޮޑުބޭބޭއެވެ. لاَ إِلَهَ إِلاَّ اللَّهُ ކިޔާށެވެ. ﷲގެ ހަޒްރަތުގައި ތިމަންކަލޭގެފާނު ކަލޭގެފާނުގެ މައްޗަށް ހެކިވެވޭނެ ކަލިމައެކެވެ"" ދެން އަބޫ ޖަހުލާ އަދި ޢަބްދުﷲ ބިން އަބީ އުމައްޔާ ކިޔައިފިއެވެ. އޭ އަބޫ ޠާލިބެވެ. ޢަބްދުލްމުއްތަލިބުގެ މިއްލަތަށް ފުރަގަސް ދެނީ ހެއްޔެވެ؟ ދެން ރަސޫލުﷲ ﷺ އެކަލޭގެފާނުގެ މައްޗަށް އެކަލިމަ ކިޔުމަށް ހުށައަޅުއްވަމުން ދިޔައެވެ. އެއީ އެންމެ ފަހުން އަބޫ ތާލިބު އެބައިމީހުންނާ ވާހަކަދައްކަމުން ބުނި ބަހަކީ އެކަލޭގެފާނުވަނީ ޢަބްދުލްމުއްތަލިބުގެ މިއްލަތުގައި ކަމެވެ. އަދި لاَ إِلَهَ إِلاَّ اللَّهُ ކިޔަން ދެކޮޅު ހެދިއެވެ. ދެން ރަސޫލުﷲ ﷺ ޙަދީޘްކުރެއްވިއެވެ ""ތިމަންކަލޭގެފާނުގެ މައްޗަށް ނަހީނުކުރެއްވޭހާ ހިނދަކު ކަލޭގެފާނުގެ މައްޗަށް ފާފަ ފުއްސެވުން އެދި ދަންނަވާނަމެވެ"" ދެން ﷲ ޢައްޒަވަޖައްލަ މިއާޔަތް ބާވާލައްވައިފިއެވެ. { مَا كَانَ لِلنَّبِيِّ وَالَّذِينَ آمَنُوا أَنْ يَسْتَغْفِرُوا لِلْمُشْرِكِينَ وَلَوْ كَانُوا أُولِي قُرْبَى مِنْ بَعْدِ مَا تَبَيَّنَ لَهُمْ أَنَّهُمْ أَصْحَابُ الْجَحِيمِ} މާނައީ: ""ނަބިއްޔާއަކަށްވެސް، އަދި އީމާން ވި މީހުންނަކަށްވެސް މުޝްރިކުންނަށްޓަކައި ފާފަފުއްސެވުންއެދި ދުއާކުރެއްވުމެއް ނެތެވެ. އެއުރެންނީ ގާތްތިމާގެ މީހުންކަމުގައި ވީނަމަވެސްމެއެވެ. ހަމަކަށަވަރުން، އެއުރެންނީ ނަރަކައިގެ އަހުލު ވެރިންކަން އެއުރެންނަށް ފާޅުވެ އެނގުމަށްފަހުގައެވެ."" އަދި މިއާޔަތްބާވާލެއްވީ އަބޫ ތާލިބާމެދުގައި ކަމަށްވެސް ރަސޫލުﷲ ﷺ ޙަދީޘްކުރެއްވިއެވެ. { إِنَّكَ لاَ تَهْدِي مَنْ أَحْبَبْتَ وَلَكِنَّ اللَّهَ يَهْدِي مَنْ يَشَاءُ وَهُوَ أَعْلَمُ بِالْمُهْتَدِينَ}‌. މާނައީ: ""ހަމަކަށަވަރުން، ކަލޭގެފާނު ލޯބިވެވަޑައިގަންނަވާހާ މީހަކަށް ކަލޭގެފާނަކަށް ތެދުމަގެއް ނުދެއްކެވޭނެއެވެ. އެހެނެއްކަމަކު، ﷲ، އެކަލާނގެ އިރާދަކުރެއްވި އަޅަކަށް ތެދުމަގު ދައްކަވަތެވެ. އަދި ތެދުމަގު ލިބެނިވި މީހުން މޮޅަށް ދެނެވޮޑިގެންވަނީ އެކަލާނގެއެވެ.""",
صحيح البخاري,3892,"حَدَّثَنِي إِسْحَاقُ بْنُ مَنْصُورٍ: أَخْبَرَنَا يَعْقُوبُ بْنُ إِبْرَاهِيمَ: حَدَّثَنَا ابْنُ أَخِي ابْنِ شِهَابٍ، عَنْ عَمِّهِ قَالَ: أَخْبَرَنِي أَبُو إِدْرِيسَ عَائِذُ اللهِ: أَنَّ عُبَادَةَ بْنَ الصَّامِتِ، مِنَ الَّذِينَ شَهِدُوا بَدْرًا مَعَ رَسُولِ اللهِ ﷺ، وَمِنْ أَصْحَابِهِ لَيْلَةَ الْعَقَبَةِ أَخْبَرَهُ، أَنَّ رَسُولَ اللهِ ﷺ قَالَ، وَحَوْلَهُ عِصَابَةٌ مِنْ أَصْحَابِهِ: تَعَالَوْا بَايِعُونِي عَلَى أَنْ لَا تُشْرِكُوا بِاللهِ شَيْئًا، وَلَا تَسْرِقُوا، وَلَا تَزْنُوا، وَلَا تَقْتُلُوا أَوْلَادَكُمْ، وَلَا تَأْتُونَ بِبُهْتَانٍ، تَفْتَرُونَهُ بَيْنَ أَيْدِيكُمْ وَأَرْجُلِكُمْ، وَلَا تَعْصُونِي فِي مَعْرُوفٍ، فَمَنْ وَفَّى مِنْكُمْ فَأَجْرُهُ عَلَى اللهِ، وَمَنْ أَصَابَ مِنْ ذَلِكَ شَيْئًا فَعُوقِبَ بِهِ فِي الدُّنْيَا فَهُوَ لَهُ كَفَّارَةٌ، وَمَنْ أَصَابَ مِنْ ذَلِكَ شَيْئًا فَسَتَرَهُ اللهُ فَأَمْرُهُ إِلَى اللهِ، إِنْ شَاءَ عَاقَبَهُ، وَإِنْ شَاءَ عَفَا عَنْهُ"" قَالَ: فَبَايَعْتُهُ عَلَى ذَلِكَ.",ރަސޫލު ﷲ ﷺ ގެ އަރިހުގައި ބަދުރުގެ ހަނގުރާމައާއި، ބައިޢަތުލް ޢަގަބާގެ ރޭގައި ބައިވެރިވެލެއްވި ޢުބާދާ ބިން ޞާމިތު ރިވާ ކުރެއްވިއެވެ: ރަސޫލު ﷲ ﷺ ވަށައިގެން ޞަޙާބީންގެ ޖަމާއަތަކު ވަނިކޮށް ޙަދީޘް ކުރެއްވިއެވެ: ”ތިޔަބައިމީހުން އަންނާށެވެ. ﷲ އަށް އަޅުކަމުގައި އެއްވެސް ފަރާތެއް ބައިވެރި ނުކުރާނެކަމަށާއި، ވައްކަން ނުކުރާނެކަމަށާއި، ޒިނޭ ނުކުރާނެކަމަށާއި، ތިޔަބައިމީހުންގެ ދަރީން ނުމަރާނެކަމަށާއި، ތިޔަބައިމީހުން އަތުންފައިން ބުހުތާނު ދޮގު (މީހުންނަށް ނިސްބަތްކޮށް) ނަހަދާނެކަމަށާއި، އެއްވެސް ހެޔޮ ކަމެއްގައި ތިމަން ނަބިއްޔާއަށް އުރެދިނުގަންނާނެކަމަށް، ތިޔަބައިމީހުން ތިމަން ނަބިއްޔާއަށް ބައިޢަތު ހިފާށެވެ. އަދި (ބައިޢަތަށް) ވަފާތެރިވެއްޖެ މީހަކަށް އަޖުރު ދެއްވާނީ ﷲ އެވެ. އަދި އޭގެ ތެރެއިން ކަމަކަށް އަރައިގަނެވި، އެކަމުގެ ސަބަބުން ދުނިޔެ މަތީގައި ޢުގޫބާތް ދެވިއްޖެ ނަމަ، ފަހެ އެ ވާނީ އެ މީހަކަށްވާ ކައްފާރައަކަށެވެ. އަދި އެއިން ކަމަކަށް އަރައިގަނެވި، ﷲ އޭނާއަށް އެކަން ފޮރުވައިދެއްވައިފި ނަމަ، ފަހެ އޭނާގެ ކަންތައް ވާނީ ﷲ އަށެވެ. (އެބަހީ: އެ އިލާހުގެ އިރާދަފުޅުގެ ދަށުންނެވެ) އިރާދަ ކުރައްވައިފި ނަމަ އޭނާއަށް އަޒާބު ދެއްވާނެއެވެ. އޭނާގެ ފާފަ ފުއްސަވާނެއެވެ. އަދި އިރާދަ ކުރައްވައިފި ނަމަ އޭނާއަށް ޢަފޫކޮށްދެއްވާނެއެވެ.“ ދެން އެ ގޮތުގެ މަތީން ތިމަންނަ ނަބިއްޔާއަށް ބައިޢަތު ހިފީމެވެ.,b18
صحيح البخاري,3893,حَدَّثَنَا قُتَيْبَةُ: حَدَّثَنَا اللَّيْثُ، عَنْ يَزِيدَ بْنِ أَبِي حَبِيبٍ، عَنْ أَبِي الْخَيْرِ، عَنِ الصُّنَابِحِيِّ، عَنْ عُبَادَةَ بْنِ الصَّامِتِ رَضِيَ اللهُ عَنْهُ أَنَّهُ قَالَ: إِنِّي مِنَ النُّقَبَاءِ الَّذِينَ بَايَعُوا رَسُولَ اللهِ ﷺ، وَقَالَ: بَايَعْنَاهُ عَلَى أَنْ لَا نُشْرِكَ بِاللهِ شَيْئًا، وَلَا نَسْرِقَ، وَلَا نَزْنِيَ، وَلَا نَقْتُلَ النَّفْسَ الَّتِي حَرَّمَ اللهُ، وَلَا نَنْتَهِبَ، وَلَا نَعْصِيَ، بِالْجَنَّةِ إِنْ فَعَلْنَا ذَلِكَ، فَإِنْ غَشِينَا مِنْ ذَلِكَ شَيْئًا، كَانَ قَضَاءُ ذَلِكَ إِلَى اللهِ.,ޢުބާދާ ބިން ޞާމިތު رَضِيَ اللَّهُ عَنْهُ ރިވާ ކުރެއްވިއެވެ: ހަމަކަށަވަރުން ތިމަންނައީ ބައިޢަތުލް ޢަގަބާގެ ރޭގައި ރަސޫލު ﷲ ﷺ އަށް ބައިޢަތު ހިފި ވަފުދުގެ ތެރެއިންވާ މީހަކީމުވެ. ތިމަންމެން ﷲ އަށް އަޅުކަމުގައި އެއްވެސް ފަރާތެއް ބައިވެރި ނުކުރާނެކަމަށާއި، ވައްކަން ނުކުރާނެކަމަށާއި، ޒިނޭ ނުކުރާނެކަމަށާއި، ﷲ ހުރުމަތްތެރި ކުރެއްވި ފުރާނައެއް (ޙައްގަކާއި ނުލައި) ގަތުލު ނުކުރާނެކަމަށާއި، ނުފޭރޭނެކަމަށާއި، އުރެދިނުގަންނާނެކަމަށް ތިމަންމެން ނަބިއްޔާއަށް ބައިޢަތު ހިފީމެވެ. އަދި އެ ގޮތަށް ކަންކޮށްފި ނަމަ ތިމަންމެންނަށް ސުވަރުގެ ވާނެކަމަށާއި، އަދި އެއިން ކަމަކަށް އަރައިގަންނަ ނަމަ، އެކަމުގައި ނިޔާ ކުރެއްވުން ވާނީ ﷲ އަށެވެ. (އެބަހީ: އެ އިލާހުގެ އިރާދަފުޅުގެ ދަށުންނެވެ.),b18
صحيح البخاري,3898,حَدَّثَنَا مُسَدَّدٌ: حَدَّثَنَا حَمَّادٌ هُوَ ابْنُ زَيْدٍ، عَنْ يَحْيَى، عَنْ مُحَمَّدِ بْنِ إِبْرَاهِيمَ، عَنْ عَلْقَمَةَ بْنِ وَقَّاصٍ قَالَ: سَمِعْتُ عُمَرَ رَضِيَ اللهُ عَنْهُ قَالَ: سَمِعْتُ النَّبِيَّ ﷺ يَقُولُ: الْأَعْمَالُ بِالنِّيَّةِ، فَمَنْ كَانَتْ هِجْرَتُهُ إِلَى دُنْيَا يُصِيبُهَا، أَوِ امْرَأَةٍ يَتَزَوَّجُهَا، فَهِجْرَتُهُ إِلَى مَا هَاجَرَ إِلَيْهِ، وَمَنْ كَانَتْ هِجْرَتُهُ إِلَى اللهِ وَرَسُولِهِ فَهِجْرَتُهُ إِلَى اللهِ وَرَسُولِهِ ﷺ.,ޢުމަރު ބިން އަލްޚައްޠާބު رَضِيَ اللَّهُ عَنْهُ ރިވާ ކުރެއްވިއެވެ: ނަބިއްޔާ ﷺ ޙަދީޘް ކުރެއްވިއެވެ: ”އަމަލުތައް ބިނާ ވެގެން ވަނީ ނިޔަތުގެ މައްޗަށެވެ. ވީމާ، ހިޖުރަ ކުރީ ދުނިޔެ ހޯދުމަށް ނުވަތަ އަންހެނަކާ އިނުމަށް ކަމުގައި ވަނީ ނަމަ، ފަހެ އެ މީހެއްގެ ހިޖުރަ ވަނީ، އޭނާ އެ ހިޖުރަ ކުރި ކަމަކަށެވެ. އަދި މީހަކު ހިޖުރަ ކުރީ ﷲ އާއި އެ އިލާހުގެ ރަސޫލާއަށްޓަކައި ނަމަ، ފަހެ އޭނާގެ ހިޖުރަ ވަނީ ﷲ އާއި އެ އިލާހުގެ ރަސޫލާ ﷺ އަށެވެ.“,b1
صحيح البخاري,3943,عَنِ ابْنِ عَبَّاسٍ ـ رضى الله عنهما ـ قَالَ لَمَّا قَدِمَ النَّبِيُّ ﷺ الْمَدِينَةَ وَجَدَ الْيَهُودَ يَصُومُونَ عَاشُورَاءَ، فَسُئِلُوا عَنْ ذَلِكَ، فَقَالُوا هَذَا الْيَوْمُ الَّذِي أَظْفَرَ اللَّهُ فِيهِ مُوسَى وَبَنِي إِسْرَائِيلَ عَلَى فِرْعَوْنَ، وَنَحْنُ نَصُومُهُ تَعْظِيمًا لَهُ، فَقَالَ رَسُولُ اللَّهِ ﷺ: نَحْنُ أَوْلَى بِمُوسَى مِنْكُمْ. ثُمَّ أَمَرَ بِصَوْمِهِ.,އިބްނު ޢައްބާސް رَضِيَ اللَّهُ عَنْهُمَا ގެ އަރިހުން ރިވާވެގެން ވެއެވެ: ނަބިއްޔާ ﷺ މަދީނާއަށް ވަޑައިގަތް އިރު، ޔަހޫދީން ޢާޝޫރާ ދުވަހު ރޯދަ ހިފާތަން އެކަލޭގެފާނު ދެކިވަޑައިގަތެވެ. ފަހެ އެކަމާ ބެހޭ ގޮތުން އެކަލޭގެފާނު ސުވާލު ކުރެއްވިއެވެ. އެބައިމީހުން ދެންނެވިއެވެ: މިއީ ފިރުއައުނުގެ މައްޗަށް ބަނީ އިސްރާއީލުގެ މީހުންނަށް ﷲ ނަސްރު ދެއްވި ދުވަހެވެ. އެހެންކަމުން އެ ދުވަސް މަތިވެރި ކުރުމަށް ޓަކައި ތިމަންމެން އެ ދުވަހު ރޯދަ ހިފަމެވެ. ފަހެ ރަސޫލު ﷲ ﷺ ޙަދީޘް ކުރެއްވިއެވެ: ”ތިޔަބައިމީހުންނަށް ވުރެ މޫސާގެފާނަށް ހައްގުކަން ބޮޑީ އަހަރުމެންނެވެ.“ ދެން އެ ދުވަހު ރޯދަ ހިފުމަށް އެކަލޭގެފާނު އަމުރު ކުރެއްވިއެވެ.,
صحيح البخاري,3976,"عَنْ أَبِي طَلْحَةَ، أَنَّ نَبِيَّ اللَّهِ ﷺ أَمَرَ يَوْمَ بَدْرٍ بِأَرْبَعَةٍ وَعِشْرِينَ رَجُلاً مِنْ صَنَادِيدِ قُرَيْشٍ فَقُذِفُوا فِي طَوِيٍّ مِنْ أَطْوَاءِ بَدْرٍ خَبِيثٍ مُخْبِثٍ، وَكَانَ إِذَا ظَهَرَ عَلَى قَوْمٍ أَقَامَ بِالْعَرْصَةِ ثَلاَثَ لَيَالٍ، فَلَمَّا كَانَ بِبَدْرٍ الْيَوْمَ الثَّالِثَ، أَمَرَ بِرَاحِلَتِهِ فَشُدَّ عَلَيْهَا رَحْلُهَا، ثُمَّ مَشَى وَاتَّبَعَهُ أَصْحَابُهُ وَقَالُوا مَا نُرَى يَنْطَلِقُ إِلاَّ لِبَعْضِ حَاجَتِهِ، حَتَّى قَامَ عَلَى شَفَةِ الرَّكِيِّ، فَجَعَلَ يُنَادِيهِمْ بِأَسْمَائِهِمْ وَأَسْمَاءِ آبَائِهِمْ "" يَا فُلاَنُ بْنَ فُلاَنٍ، وَيَا فُلاَنُ بْنَ فُلاَنٍ، أَيَسُرُّكُمْ أَنَّكُمْ أَطَعْتُمُ اللَّهَ وَرَسُولَهُ فَإِنَّا قَدْ وَجَدْنَا مَا وَعَدَنَا رَبُّنَا حَقًّا، فَهَلْ وَجَدْتُمْ مَا وَعَدَ رَبُّكُمْ حَقًّا "". قَالَ فَقَالَ عُمَرُ يَا رَسُولَ اللَّهِ، مَا تُكَلِّمُ مِنْ أَجْسَادٍ لاَ أَرْوَاحَ لَهَا فَقَالَ رَسُولُ اللَّهِ ﷺ "" وَالَّذِي نَفْسُ مُحَمَّدٍ بِيَدِهِ، مَا أَنْتُمْ بِأَسْمَعَ لِمَا أَقُولُ مِنْهُمْ "". قَالَ قَتَادَةُ أَحْيَاهُمُ اللَّهُ حَتَّى أَسْمَعَهُمْ قَوْلَهُ تَوْبِيخًا وَتَصْغِيرًا وَنَقِيمَةً وَحَسْرَةً وَنَدَمًا.","أَبُو طُلَيْحَة ގެކިބައިން ރިވާވެގެން ވިއެވެ. ގުރައިޝުންގެ ސަރުދާރުންގެ ތެރެއިން ސައުވީސް ސަރުދާރަކާ ބެހޭގޮތުން ބަދުރުގެ ދުވަހުގައި ނަބިއްޔާ ﷺ ތިމަންކަލޭގެފާނަށް އަމުރުކުރެއްވިއެވެ. ފަހެ ބަދުރުގެ ވަޅުތަކުގެ ތެރެއިން ނުބައިވެގެންވާ ގުލައިބުވަޅަށް އެބައިމީހުން އުކާލުމަށެވެ. ބައެއްގެ މައްޗަށް ކާމިޔާބުވެއްޖެއްޔާއި ތިންދުވަސްވަންދެން އެތަނެއްގައި ތިބޭކަމުގައި ވިއެވެ. ފަހެ ބަދުރުގައި ތިންވަނަދުވަގައި އެމީހެއްގެ ސަވާރީގެ މަތީގައި އަސްތާނުބަނުމަށް އަމުރުކުރެއްވިއެވެ. ދެން އިތުރުއެކަލޭގެފާނު ހިންގެވިއެވެ. އެކަލޭގެފާނާ އެކުގައި އެކަލޭގެފާނުގެ އަޞްޙާބުން އައްރުކާގެ ތުންފަތް މައްޗާއި ހަމައަށް ހިނގެވިއެވެ. ފަހެ އިތުރުއެކަލޭގެފާނު އެމީހުނަށް އެމީހުންގެ ކާބަފައިންގެ ނަމާއިއެކުގައި އެމީހުންގެ ނަންތައް ވިދާޅުވިއެވެ."" އޭމިވެނި މީހާގެ ދަރި މިވެނިމީހާއެވެ. އޭމިވެނި މީހާގެދަރި މިވެނިމީހާއެވެ. ﷲއަށާއި، އެކަލާނގެ ރަސޫލާއަށް ކިޔަމަންތެރިވިނަމަ ތިޔަބައި މީހުން އުފާވީސް ހެއްޔެވެ؟ ފަހެ ހަމަކަށަވަރުން ތިމަންމެންގެ ވެރިރަސްކަލާނގެ ތިމަންމެނަށް ކުރެއްވި ވަޢްދު ތެދުކުރައްވާ ދެއްކެވިއެވެ. ތިޔަބައި މީހުންގެ ވެރިރަސްކަލާނގެ ތިޔަބައި މީހުނަށް ކުރެއްވި ވަޢްދުފުޅު ޙައްގުކަމުގައި ތިޔަބައިމީހުނަށް ދެއްކެވި ހެއްޔެވެ""؟ ފަހެ ޢުމަރުގެފާނު ދެންނެވިއެވެ. އޭﷲގެރަސޫލާއެވެ. ކަލޭގެފާނު ތިއަވާހަކަ ދައްކަވަނީ ފުރާނަނެތް ހަށިތަކާއި ނޫންތޯއެވެ؟ ނަބިއްޔާ ﷺ ޙަދީޘުކުރެއްވިއެވެ.""އެޒާތުފުޅެއްގެ އަތްޕުޅުގައި މުޙައްމަދުގެ ފުރާނަވާ ޒާތުގަންދެއްވައި ވިދާޅުވަމެވެ. އެމީހުންގެ ތެރެއިން މީހުނަށް ތިމަންކަލޭގެފާނު މިވިދާޅުވާއެއްޗެއް އެމީހުނަށްވުރެ ބޮޑަށް ތިޔަބައި މީހުން ނާހަމުއެވެ.""",
صحيح البخاري,3999,حَدَّثَنَا أَبُو الْيَمَانِ: أَخْبَرَنَا شُعَيْبٌ، عَنِ الزُّهْرِيِّ قَالَ: أَخْبَرَنِي أَبُو إِدْرِيسَ، عَائِذُ اللهِ بْنُ عَبْدِ اللهِ: أَنَّ عُبَادَةَ بْنَ الصَّامِتِ، وَكَانَ شَهِدَ بَدْرًا: أَنَّ رَسُولَ اللهِ ﷺ قَالَ: بَايِعُونِي.,ބަދުރުގެ ހަނގުރާމައިގައި ބައިވެރިވެލެއްވި ޢުބާދާ ބިން ޞާމިތު ރިވާ ކުރެއްވިއެވެ: ރަސޫލު ﷲ ﷺ ޙަދީޘް ކުރެއްވިއެވެ: ”ތިޔަބައިމީހުން ތިމަން ނަބިއްޔާއަށް ބައިޢަތު ހިފާށެވެ.“,b18
صحيح البخاري,4008,الآيَتَانِ مِنْ آخِرِ سُورَةِ البَقَرَةِ، مَنْ قَرَأَهُمَا فِي لَيْلَةٍ كَفَتَاهُ,ބަގަރާ ސޫރަތުގެ ފަހު ދެ އާޔަތް، އެ ދެ އާޔަތް ރޭގަނޑެއްގައި ކިޔަވައިފި މީހަކަށް، އެ ދެ އާޔަތް ފުދޭނެއެވެ.,
صحيح البخاري,4015,فوالله لا الفقر أخشى عليكم، ولكن أخشى عليكم أن تبسط عليكم الدنيا كما بسطت على من كان قبلكم، فتنافسوها كما تنافسوها، وتهلككم كما أهلكتهم) متفق عليه.,"""ފަހެ ﷲ ގަންދީފައި ބުނަމެވެ. ތިމަންކަލޭގެފާނު ތިޔަބައިމީހުންގެ މައްޗަށް ބިރުވެތިވަނީ ފަގީރުކަމުގެ މައްޗަކަށް ނޫނެވެ. ނަމަވެސް ތިމަންކަލޭގެފާނު ބިރުފުޅުގަންނަނީ ތިޔަބައިމީހުންގެ ތިޔަބައިމީހުންގެ ކުރީގެ މީސްތަކުންގެ މައްޗަށް ތަނަވަސްވީ ފަދައިން ދުނިޔެ ތަނަވަސްވެ ، އެބައިމީހުން އޭގެ މައްޗަށް ވާދަކުރި ފަދައިން ތިޔަބައިމީހުން ވާދަކުރުމެވެ. އަދި އެބައިމީހުން ހަލާކުވެދިޔަ ފަދައިން ތިޔަބައިމީހުން ހަލާކުވެގެން ދިޔުމެވެ""",
صحيح البخاري,4054,رَأَيْتُ رَسولَ اللَّهِ صلَّى اللهُ عليه وسلَّمَ يَومَ أُحُدٍ ومعهُ رَجُلَانِ يُقَاتِلَانِ عنْه -عليهما ثِيَابٌ بيضٌ- كَأَشَدِّ القِتَالِ، ما رَأَيْتُهُما قَبْلُ ولَا بَعْدُ.,އުޙްދުގެ ދުވަހުގައި ތިމަން رسول الله ﷺ ދުށީމެވެ. އޭރުއެކަލޭގެފާނުގެ އަރިއަހުގައި ދެބޭކަލަކު އެކަލޭގެފާނުދިފާޢުކޮށް ހަގުރާމަކުރައްވާތީ ތިމަންދުށީމެވެ. އެދެބޭކަލުންތިއްބެވީ ހުދުފޭރާން ތުރުކުރައްވައިގެންނެވެ. ހަނގުރާމަކުރެވޭނޭ އެންމެގަދަޔަކަށް ހަނގުރާމަކުރައްވާތީއެވެ. އެދެބޭކަލުންނެއް މީގެކުރިޔަކުން އަދި މީގެފަހުންވެސް ނުދެކެމެވެ. އ,
صحيح البخاري,4055,نَثَلَ لي النَّبيُّ صلَّى اللهُ عليه وسلَّمَ كِنَانَتَهُ يَومَ أُحُدٍ، فَقالَ: ارْمِ، فِدَاكَ أبِي وأُمِّي.,ހަމަކަށަވަރުން رسول الله ﷺ ގެދުނިތައް އެކަލޭގެފާނުގެ ކުރިމަތިފުޅުގައި ބެހެއްޓެވިއެވެ. އަދި ޙަދީޘުކުރެއްވިއެވެ. ތިމަންކަލޭގެފާނުގެ މައިންބަފައިން ކަލޭގެފާނަށްޓަކައި ގުރުބާނެވެ. ދުނިޖައްސަވާށެވެ!,
صحيح البخاري,4063,رَأَيْتُ يَدَ طَلْحَةَ شَلَّاءَ وقَى بهَا النبيَّ صَلَّى اللهُ عليه وسلَّمَ يَومَ أُحُدٍ.,ތަލްޙަތުގެފާނުގެ އަތްޕުޅު ވާވެފައިވަނިކޮށް ތިމަންދުށީމެވެ. އެއީ އުޙްދުގެ ދުވަހުގައި ނަބިއްޔާ ﷺ ރައްކާތެރިކުރައްވަން އުޅުއްވުމުގެ ތެރޭގައެވެ.,
صحيح البخاري,4075,أَمَا وَاللَّهِ إِنِّي لأَعْرِفُ مَنْ كَانَ يَغْسِلُ جُرْحَ رَسُولِ اللَّهِ ﷺ وَمَنْ كَانَ يَسْكُبُ الْمَاءَ وَبِمَا دُووِيَ ـ قَالَ كَانَتْ فَاطِمَةُ ـ عَلَيْهَا السَّلاَمُ ـ بِنْتُ رَسُولِ اللَّهِ ﷺ تَغْسِلُهُ وَعَلِيٌّ يَسْكُبُ الْمَاءَ بِالْمِجَنِّ، فَلَمَّا رَأَتْ فَاطِمَةُ أَنَّ الْمَاءَ لاَ يَزِيدُ الدَّمَ إِلاَّ كَثْرَةً أَخَذَتْ قِطْعَةً مِنْ حَصِيرٍ، فَأَحْرَقَتْهَا وَأَلْصَقَتْهَا فَاسْتَمْسَكَ الدَّمُ،,ﷲތަޢާލާ ގަންދެމެވެ. رسول الله ﷺ ގެމޫނުފުޅު ޒަޚަމުވެގެން އޮހޮރިފައިހުރި ލޭފޮދު ދޮވެދެއްވީ ކޮންބޭކަލަކުކަން ތިމަންނަޔަށް އެނގެއެވެ. އަދި ފެންއަޅުއްވާދެއްވީ އަދި ފަރުވާދެއްވީ ކޮންބޭކަލަކުކަންވެސް ތިމަންނަޔަށް އެނގެއެވެ. އެއީ އިތުރުއެކަލޭގެފާނުގެ ދަރިކަބަލުން فاطمة ގެފާނެވެ. އަދި މިޖަންނުންފެން އޮއްސަވާދެއްވީ علي بن ابي طالب އެވެ. فاطمة ގެފާނު ދޮންނެވުމުން ނުކުންނަމުންދިޔަ ލޭފޮދުދިޔައީ އިތުރުވެގެންނެވެ. އެހިނދު ކުނަލަކުން ތަންކޮޅެއް ނައްޓަވާލައްވާ ފަހެ އެއަންދަވާލެއްވެވިއެވެ. އަދި އެތަތްކޮށް ލެއްވެވިއެވެ. ފަހެ އެހިނދު ލޭފޮދު ހިފެހެއްޓިއްޖެއެވެ.,
صحيح البخاري,4087,يَا رَسُولَ اللهِ، إِنَّ شَرَابًا يُصْنَعُ بِأَرْضِنَا يُقَالُ لَهُ الْمِزْرُ مِنَ الشَّعِيرِ، وَشَرَابٌ يُقَالُ لَهُ الْبِتْعُ مِنَ الْعَسَلِ، فَقَالَ: «كُلُّ مُسْكِرٍ حَرَامٌ»,އަބޫ މޫސާ ވިދާޅުވިއެވެ: ސަލާމާއި ޞަލަވާތް ލެއްވި އިތުރު އެކަލޭގެފާނުން އަޅުގަނޑު އަދި މުޢާޛު ބްނު ޖަބަލު ޔަމަނަށް ފޮނުއްވިއެވެ. އަޅުގަނޑު ދެންނެވީމެވެ. އޭ ﷲގެ ރަސޫލާއެވެ! އަޅުގަނޑުމެންގެ ރަށުގައި އަލްމިރްޒު އެވެ ކިޔާ ބުއިމެއް ބާރުލީން ތައްޔާރު ކުރެތެވެ. އަދި އަލްބިތުޢު ކިޔާ ބުއިމެއް މާމުއިން ތައްޔާރު ކުރެއެވެ. އިތުރުއެކަލޭގެފާނުން ޙަދީޘް ކުރެއްވިއެވެ: “މަސްތު ކުރުވަނިވި ކޮންމެ އެއްޗަކީ ޙަރާމު އެއްޗެކެވެ.”,
صحيح البخاري,4114,أنَّ رَسولَ اللَّهِ صَلَّى اللهُ عليه وسلَّمَ كانَ يقولُ: لا إلَهَ إلَّا اللَّهُ وحْدَهُ، أعَزَّ جُنْدَهُ، ونَصَرَ عَبْدَهُ، وغَلَبَ الأحْزَابَ وحْدَهُ، فلا شيءَ بَعْدَهُ.,ﷲ ފިޔަވާ އަޅުކަންކުރުން ހައްގުވާ އިލާހަކު ނުވެއެވެ. (އަޅުކަންކުރުން ހައްގުވަނީ) ހަމައެކަނި އެ އިލާހަށެވެ. އެ އިލާހުގެ ލަޝްކަރަށް އިއްޒަތްދެއްވިއެވެ. އަދި އެ އިލާހުގެ އަޅާއަށް ނަސްރުދެއްވިއެވެ. އަދި އެ އިލާހު އެކަނި (ކާފިރުންގެ) ޖަމާއަތްތައް ބަލިކުރެއްވިއެވެ. ފަހެ އެ އިލާހަށް ފަހު އެއްވެސް އެއްޗެއް ނުވާހުއްޓެވެ. (އެބަހީ: އެ އިލާހު ފިޔަވާ ހުރިހާ އެއްޗެއް ފަނާވެދާހުއްޓެވެ.) (ޞަޙީޙު މުސްލިމް),
صحيح البخاري,4227,مَنْ مَاتَ وَهوَ يَدْعُو مِنْ دُونِ اللَّهِ نِدًّا دَخَلَ النَّارَ,ﷲ ނޫން ފަރާތަކާ ، އެއިލާހާ އެއްފަދަކޮށް ، ކަންކަމު އެދި ދަންނަވާ ހާލު މަރުވާ މީހަކީ ނަރަކަ ވަންނާނެ މީހެކެވެ.,
صحيح البخاري,4295,عن عَبْدَ اللَّهِ بْنٍ عَبَّاسٍ أَنَّهُ بَاتَ لَيْلَةً عِنْدَ مَيْمُونَةَ زَوْجِ النَّبِيِّ صَلَّى اللَّهُ عَلَيْهِ وَسَلَّمَ – وَهِيَ خَالَتُهُ – قال : فَاضْطَجَعْتُ فِي عَرْضِ الْوِسَادَةِ وَاضْطَجَعَ رَسُولُ اللَّهِ صَلَّى اللَّهُ عَلَيْهِ وَسَلَّمَ وَأَهْلُهُ فِي طُولِهَا فَنَامَ رَسُولُ اللَّهِ صَلَّى اللَّهُ عَلَيْهِ وَسَلَّمَ حَتَّى إِذَا انْتَصَفَ اللَّيْلُ أَوْ قَبْلَهُ بِقَلِيلٍ أَوْ بَعْدَهُ بِقَلِيلٍ اسْتَيْقَظَ رَسُولُ اللَّهِ صَلَّى اللَّهُ عَلَيْهِ وَسَلَّمَ فَجَلَسَ يَمْسَحُ النَّوْمَ عَنْ وَجْهِهِ بِيَدِهِ ثُمَّ قَرَأَ الْعَشْرَ الْآيَاتِ الْخَوَاتِمَ مِنْ سُورَةِ آلِ عِمْرَانَ ثُمَّ قَامَ إِلَى شَنٍّ مُعَلَّقَةٍ فَتَوَضَّأَ مِنْهَا فَأَحْسَنَ وُضُوءَهُ ثُمَّ قَامَ يُصَلِّي,ޢަބްދުﷲ ބުން އައްބާސް ރަޟިޔަﷲ ޢަންހު ކިބައިން ރިވާވެގެން އައިސްފައިވެއެވެ. އެކަލޭގެފާނު ރަސޫލުﷲ ޞައްލަﷲ ޢަލައިހިވަސައްލަމަގެ އަނބިކަނބަލުން މައިމޫނާގެ އަރިހުގައި އެއްރޭ މަޑުކުރެއްވިއެވެ. -އެއީ އެކަލޭގެފާނު ބޮޑުދައިތައެވެ – “އަހަރެން ބާލީހުގެ ހުރަހަށް އޮތްއިރު ރަސޫލުﷲ ޞައްލަﷲ ޢަލައިހި ވަސައްލަމައާއި އެކަލޭގެފާނުގެ އަނބިކަބަލުން ބާލީހުގެ ދިގަށްވާގޮތަށް އޮންނެވިއެވެ. ރޭގަނޑުގެ ދެބައިވަންދެން ނުވަތަ އޭގެ ކުޑައިރުކޮޅެއް ކުރިން ނުވަތަ ކުޑަވަގުތުކޮޅެއްގެ ފަހާ ޖެެހެންދެން ނިދިކުރެއްވިއެވެ. އެއަށްފަހު ރަސޫލުﷲޞައްލަﷲ ޢަލައިހިވަސައްލަމަނިދިން ތެދުވެވަޑައިގެން، އިށީނދެވަޑައިގަތުމަށްފަހު ނިދިފިލުވާލުމަށްޓަކައި މޫނު ފޮހެލެއްވެވިއެވެ. ދެން އެއަށްފަހުގައި އާލް-ޢިމްރާން ސޫރަތުގެ ފަހު ދިހަ އާޔަތް ކިޔަވާ ވިދާޅުވިއެވެ…. ދެން ތެދުވެވަޑައިގެން (ވުޟޫކުރެއްވުމަށްޓަކައި) ފެންއަޅާފައި އެލުވާފައިވާ ކަންވާރުުގެ ކަރިއަށް ވަޑައިގަތެވެ. ދެން އެއަށްފަހު ފުރިހަމަ ވުޟޫއެއް ކުރެއްވުމަށްފަހު ނަމާދަށް ތެދުވެވަޑައިގަތެވެ.,
صحيح البخاري,4304,حَدَّثَنَا مُحَمَّدُ بْنُ مُقَاتِلٍ: أَخْبَرَنَا عَبْدُ اللهِ: أَخْبَرَنَا يُونُسُ ، عَنِ الزُّهْرِيِّ قَالَ: أَخْبَرَنِي عُرْوَةُ بْنُ الزُّبَيْرِ : أَنَّ امْرَأَةً سَرَقَتْ فِي عَهْدِ رَسُولِ اللهِ صَلَّى اللهُ عَلَيْهِ وَسَلَّمَ فِي غَزْوَةِ الْفَتْحِ ، فَفَزِعَ قَوْمُهَا إِلَى أُسَامَةَ بْنِ زَيْدٍ يَسْتَشْفِعُونَهُ. قَالَ عُرْوَةُ: فَلَمَّا كَلَّمَهُ أُسَامَةُ فِيهَا تَلَوَّنَ وَجْهُ رَسُولِ اللهِ صَلَّى اللهُ عَلَيْهِ وَسَلَّمَ ، فَقَالَ: أَتُكَلِّمُنِي فِي حَدٍّ مِنْ حُدُودِ اللهِ . قَالَ أُسَامَةُ: اسْتَغْفِرْ لِي يَا رَسُولَ اللهِ ، فَلَمَّا كَانَ الْعَشِيُّ قَامَ رَسُولُ اللهِ صَلَّى اللهُ عَلَيْهِ وَسَلَّمَ خَطِيبًا ، فَأَثْنَى عَلَى اللهِ بِمَا هُوَ أَهْلُهُ ، ثُمَّ قَالَ: أَمَّا بَعْدُ ، فَإِنَّمَا أَهْلَكَ النَّاسَ قَبْلَكُمْ: أَنَّهُمْ كَانُوا إِذَا سَرَقَ فِيهِمُ الشَّرِيفُ تَرَكُوهُ ، وَإِذَا سَرَقَ فِيهِمُ الضَّعِيفُ أَقَامُوا عَلَيْهِ الْحَدَّ ، وَالَّذِي نَفْسُ مُحَمَّدٍ بِيَدِهِ ، لَوْ أَنَّ فَاطِمَةَ بِنْتَ مُحَمَّدٍ سَرَقَتْ لَقَطَعْتُ يَدَهَا. ثُمَّ أَمَرَ رَسُولُ اللهِ صَلَّى اللهُ عَلَيْهِ وَسَلَّمَ بِتِلْكَ الْمَرْأَةِ فَقُطِعَتْ يَدُهَا ، فَحَسُنَتْ تَوْبَتُهَا بَعْدَ ذَلِكَ وَتَزَوَّجَتْ ، قَالَتْ عَائِشَةُ : فَكَانَتْ تَأْتِي بَعْدَ ذَلِكَ ، فَأَرْفَعُ حَاجَتَهَا إِلَى رَسُولِ اللهِ صَلَّى اللهُ عَلَيْهِ وَسَلَّمَ .,"قَالَ رَسُولُ اللَّهِ صَلَّى اللَّهُ عَلَيْهِ وَسَلَّمَ: أَتَشْفَعُ فِى حَدًّ مِنْ حُدُودِ اللهِ؟ ثُمَّ قَامَ فَاخْتَطَبَ فَقَالَ: يَاأَيُّهَا النَّاسُ إِنَّمَا أَهْلَكَ الَّذِيْنَ مِنْ قَبْلِكُمْ أَنَّهُمْ كَانُوا إِذَا سَرَقَ فِيهِمُ الشَّرِيفُ تَرَكُوهُ، وَإِذَا سَرَقَ فِيهِمُ الضَّعِيْفُ أَقَامُوا عَلَيْهِ الْحَدَّ، وَايْمُ اللَّهِ لَوْأَنَّ فَاطِمَةَ بِنْتَ مُحَمَّدٍ سَرَقَتْ لَقَطَعْتُ يَدَهَا، ثُمَّ أَمَرَبِهَا فَقُطِعَتْ يَدُهَا (متفق عليه) މާނައީ: ""ކަލޭގެފާނު (އެބަހީ: އުސާމާ) الله ކަނޑަ އަޅުއްވާފައިވާ ޙައްދު ތަކުގެ ތެރެއިން ޙައްދެއްގައި ޝަފާޢަތްތެރިވެ ވަޑައި ގަންނަވަނީ ތޯއެވެ؟ ދެން އިތުރު އެކަލޭގެފާނު ތެދުވެ ވަޑައިގެން ޚުޠުބާ އެއް ދެއްވިއެވެ. ދެން ފަހެ އެކަލޭގެފާނު ޙަދީޘްކުރެއްވިއެވެ. އޭ މީސްތަކުންނޭވޭ! ތިޔަބައި މީހުންގެ ކުރީގެ އުއްމަތްތަކުގެ މީހުން ހަލާކު ކުރެއްވީ، އެއުރެންގެ ތެރެއިން މާތް މީހަކު ވައްކަމެއް ކޮށްފި ނަމަ އަތްނުކަނޑައި ދޫކޮށްލަނީ އެވެ. އަދި އެއުރެންގެ ތެރެއިން ދެރަނިކަމެތި މީހަކު ވައްކަމެއް ކޮށްފި ނަމަ، ޙައްދު ގާއިމުކޮށް އޭނާގެ އަތް ކަނޑަނީ އެވެ. މާތް الله ގަންދެއްވައި ވިދާޅުވަމެވެ. ހަމަ ކަށަވަރުން، މުޙައްމަދުގެފާނުގެ ދަރިކަނބަލުން ފާޠިމަތުގެފާނު ވައްކަމެއް ކުރެއްވި ނަމަވެސް، ތިމަން ކަލޭގެފާނު އެކަމަނާގެ އަތްޕުޅު ކަނޑުއްވާ ނަމެވެ. ދެން އެއަންހެނާގެ އަތްކެނޑުމަށް އެކަލޭގެފާނު އަމުރުކުރެއްވިއެވެ. އަދި އެއަންހެނާގެ އަތްކެނޑުނެވެ.""",
صحيح البخاري,4343,حَدَّثَنِي إِسْحَاقُ: حَدَّثَنَا خَالِدٌ، عَنِ الشَّيْبَانِيِّ، عَنْ سَعِيدِ بْنِ أَبِي بُرْدَةَ، عَنْ أَبِيهِ، عَنْ أَبِي مُوسَى الْأَشْعَرِيِّ رَضِيَ اللهُ عَنْهُ: أَنَّ النَّبِيَّ ﷺ بَعَثَهُ إِلَى الْيَمَنِ، فَسَأَلَهُ عَنْ أَشْرِبَةٍ تُصْنَعُ بِهَا، فَقَالَ: وَمَا هِيَ. قَالَ: الْبِتْعُ وَالْمِزْرُ، فَقُلْتُ لِأَبِي بُرْدَةَ: مَا الْبِتْعُ؟ قَالَ: نَبِيذُ الْعَسَلِ، وَالْمِزْرُ نَبِيذُ الشَّعِيرِ، فَقَالَ: كُلُّ مُسْكِرٍ حَرَامٌ. رَوَاهُ جَرِيرٌ وَعَبْدُ الْوَاحِدِ، عَنِ الشَّيْبَانِيِّ، عَنْ أَبِي بُرْدَةَ.,އަބޫ ބުރްދާ، އެ ޞަޙާބީގެ ބައްޕާފުޅު އަބޫ މޫސާ އަލްއަޝްޢަރީ رَضِيَ اللَّهُ عَنْهُ ގެ އަރިހުން ރިވާ ކުރެއްވިއެވެ: ހަމަކަށަވަރުން ނަބިއްޔާ ﷺ، އަބޫ މޫސާ އަލްއަޝްޢަރީ ޔަމަނަށް ފޮނުއްވިއެވެ. ފަހެ އެ ރަށުގައި އުފައްދައި އުޅުނު ބުއިންތަކަކާ ބެހޭ ގޮތުން އަބޫ މޫސާ އަލްއަޝްޢަރީ، ރަސޫލާގެ އަރިހު ސުވާލު ކުރެއްވިއެވެ. ރަސޫލާ ޙަދީޘް ކުރެއްވިއެވެ: ”އެއީ ކޮން ބުއިންތަކެއްތޯއެވެ؟“ އަބޫ މޫސާ އަލްއަޝްޢަރީ ދެންނެވިއެވެ: ބިތުޢުއާއި މިޒްރުއެވެ. —(ޙަދީޘްގެ ރާވީކަމަށްވާ) އަބޫ ބުރްދާއަށް ދެންނެވުނެވެ: ބިތުޢުއާއި މިޒްރުއަކީ ކޮން އެއްޗެއްސެއްތޯއެވެ؟ އަބޫ ބުރްދާ ދެންނެވިއެވެ: ބިތުޢުއަކީ ފެނަށް މާމުއި އަޅައިގެން ހަދާ ރަލެކެވެ. އަދި މިޒްރުއަކީ ފެނަށް ހިމަގޮދަން އަޅައިގެން ހަދާ ރަލެކެވެ— ނަބިއްޔާ ޙަދީޘް ކުރެއްވިއެވެ: ”މަސްތުވާ ކޮންމެ އެއްޗެއް ޙަރާމްވެގެން ވެއެވެ.“,
صحيح البخاري,4407,حَدَّثَنَا مُحَمَّدُ بْنُ يُوسُفَ: حَدَّثَنَا سُفْيَانُ الثَّوْرِيُّ، عَنْ قَيْسِ بْنِ مُسْلِمٍ، عَنْ طَارِقِ بْنِ شِهَابٍ: أَنَّ أُنَاسًا مِنَ الْيَهُودِ قَالُوا: لَوْ نَزَلَتْ هَذِهِ الْآيَةُ فِينَا لَاتَّخَذْنَا ذَلِكَ الْيَوْمَ عِيدًا، فَقَالَ عُمَرُ: أَيَّةُ آيَةٍ؟ فَقَالُوا: { الْيَوْمَ أَكْمَلْتُ لَكُمْ دِينَكُمْ وَأَتْمَمْتُ عَلَيْكُمْ نِعْمَتِي } فَقَالَ عُمَرُ: إِنِّي لَأَعْلَمُ أَيَّ مَكَانٍ أُنْزِلَتْ، أُنْزِلَتْ وَرَسُولُ اللهِ ﷺ وَاقِفٌ بِعَرَفَةَ.,ޠާރިގު ބިން ޝިހާބު ރިވާ ކުރެއްވިއެވެ: ޔަހޫދީންގެ ތެރެއިން ބަޔަކު ދެންނެވިއެވެ: މިވެނި އާޔަތް ތިމަންމެންގެ މައްޗަށް ބާވައިލެވުނު ނަމަ، އެ ދުވަސް ޢީދެއްގެ ގޮތުގައި ނެގީމުސްކަން ކަށަވަރެވެ. ޢުމަރު ދެންނެވިއެވެ: ކޮން އާޔަތެއްތޯއެވެ؟ އެ މީހުން ދެންނެވިއެވެ: ❞މިއަދު، ތިޔަބައިމީހުންގެ ދީން ތިޔަބައިމީހުންނަށް ޓަކައި ތިމަން އިލާހު ފުރިހަމަކޮށް ދެއްވައިފީމެވެ. އަދި ތިޔަބައިމީހުންގެ މައްޗަށް ތިމަން އިލާހުގެ ނިޢުމަތް ފުރިހަމަކޮށް ދެއްވައިފީމެވެ.❝ އެކަލޭގެފާނު ދެންނެވިއެވެ: ހަމަކަށަވަރުން އެ އާޔަތް ބާވައިލެވުނު ތަން ތިމަން ދެނެހުރީމެވެ. ބާވައިލެއްވުނީ ރަސޫލު ﷲ ﷺ އަރަފާތުގައި ހުންނަވަނިކޮށެވެ.,b45
صحيح البخاري,4476,حَدَّثَنَا مُسْلِمُ بْنُ إِبْرَاهِيمَ، حَدَّثَنَا هِشَامٌ، حَدَّثَنَا قَتَادَةُ، عَنْ أَنَسٍ رَضِيَ اللهُ عَنْهُ، عَنِ النَّبِيِّ ﷺ. وَقَالَ لِي خَلِيفَةُ: حَدَّثَنَا يَزِيدُ بْنُ زُرَيْعٍ، حَدَّثَنَا سَعِيدٌ، عَنْ قَتَادَةَ، عَنْ أَنَسٍ رَضِيَ اللهُ عَنْهُ، عَنِ النَّبِيِّ ﷺ قَالَ: يَجْتَمِعُ الْمُؤْمِنُونَ يَوْمَ الْقِيَامَةِ فَيَقُولُونَ: لَوِ اسْتَشْفَعْنَا إِلَى رَبِّنَا، فَيَأْتُونَ آدَمَ فَيَقُولُونَ: أَنْتَ أَبُو النَّاسِ، خَلَقَكَ اللهُ بِيَدِهِ، وَأَسْجَدَ لَكَ مَلَائِكَتَهُ، وَعَلَّمَكَ أَسْمَاءَ كُلِّ شَيْءٍ، فَاشْفَعْ لَنَا عِنْدَ رَبِّكَ حَتَّى يُرِيحَنَا مِنْ مَكَانِنَا هَذَا، فَيَقُولُ: لَسْتُ هُنَاكُمْ، وَيَذْكُرُ ذَنْبَهُ فَيَسْتَحِي، ائْتُوا نُوحًا، فَإِنَّهُ أَوَّلُ رَسُولٍ بَعَثَهُ اللهُ إِلَى أَهْلِ الْأَرْضِ، فَيَأْتُونَهُ فَيَقُولُ: لَسْتُ هُنَاكُمْ، وَيَذْكُرُ سُؤَالَهُ رَبَّهُ مَا لَيْسَ لَهُ بِهِ عِلْمٌ فَيَسْتَحِي، فَيَقُولُ: ائْتُوا خَلِيلَ الرَّحْمَنِ، فَيَأْتُونَهُ فَيَقُولُ: لَسْتُ هُنَاكُمُ، ائْتُوا مُوسَى، عَبْدًا كَلَّمَهُ اللهُ وَأَعْطَاهُ التَّوْرَاةَ، فَيَأْتُونَهُ فَيَقُولُ: لَسْتُ هُنَاكُمْ، وَيَذْكُرُ قَتْلَ النَّفْسِ بِغَيْرِ نَفْسٍ، فَيَسْتَحِي مِنْ رَبِّهِ فَيَقُولُ: ائْتُوا عِيسَى عَبْدَ اللهِ وَرَسُولَهُ، وَكَلِمَةَ اللهِ وَرُوحَهُ، فَيَقُولُ: لَسْتُ هُنَاكُمُ، ائْتُوا مُحَمَّدًا ﷺ، عَبْدًا غَفَرَ اللهُ لَهُ مَا تَقَدَّمَ مِنْ ذَنْبِهِ وَمَا تَأَخَّرَ، فَيَأْتُونِي، فَأَنْطَلِقُ حَتَّى أَسْتَأْذِنَ عَلَى رَبِّي فَيُؤْذَنَ، فَإِذَا رَأَيْتُ رَبِّي وَقَعْتُ سَاجِدًا، فَيَدَعُنِي مَا شَاءَ اللهُ، ثُمَّ يُقَالُ: ارْفَعْ رَأْسَكَ، وَسَلْ تُعْطَهْ، وَقُلْ يُسْمَعْ، وَاشْفَعْ تُشَفَّعْ، فَأَرْفَعُ رَأْسِي، فَأَحْمَدُهُ بِتَحْمِيدٍ يُعَلِّمُنِيهِ، ثُمَّ أَشْفَعُ، فَيَحُدُّ لِي حَدًّا فَأُدْخِلُهُمُ الْجَنَّةَ، ثُمَّ أَعُودُ إِلَيْهِ، فَإِذَا رَأَيْتُ رَبِّي، مِثْلَهُ، ثُمَّ أَشْفَعُ فَيَحُدُّ لِي حَدًّا فَأُدْخِلُهُمُ الْجَنَّةَ، ثُمَّ أَعُودُ الرَّابِعَةَ فَأَقُولُ: مَا بَقِيَ فِي النَّارِ إِلَّا مَنْ حَبَسَهُ الْقُرْآنُ، وَوَجَبَ عَلَيْهِ الْخُلُودُ. قَالَ أَبُو عَبْدِ اللهِ: إِلَّا مَنْ حَبَسَهُ الْقُرْآنُ، يَعْنِي قَوْلَ اللهِ تَعَالَى: { خَالِدِينَ فِيهَا }.,އަނަސް رَضِيَ اللَّهُ عَنْهُ ރިވާ ކުރެއްވިއެވެ: ނަބިއްޔާ ﷺ ޙަދީޘް ކުރެއްވިއެވެ: ”ގިޔާމަތް ދުވަހު މުއުމިނުން އެއްވެގެން ދަންނަވާނެއެވެ: ތިމަންގެ ރައްބުގެ ހަޒްރަތުގައި ޝަފާޢަތްތެރިވުމަށް އެދި މީހަކު ގާތު ދަންނަވަމާތޯއެވެ. ދެން އާދަމުގެފާނު އަރިހަށް އައިސް ދަންނަވާނެއެވެ: ތިބާއީ އިންސާނުންގެ ބައްޕާފުޅެވެ. ﷲ ތިބާ އުފެއްދެވީ އެ އިލާހުގެ އަތްޕުޅުންނެވެ. އަދި މަލާއިކަތުން ތިބާއަށް ސަޖިދަ ކުރިއެވެ. އަދި ތިބާއަށް ހުރިހާ އެއްޗެއްގެ ނަންތައް އުނގަންނަވައި ދެއްވިއެވެ. ވީމާ ތިމަންމެން މި ތަނުން ސަލާމަތް ކޮށްދެއްވުމަށް އެދި ތިބާގެ ރައްބުގެ ހަޒްރަތުގައި ޝަފާޢަތްތެރިވާށެވެ. ދެން އާދަމުގެފާނު ދަންނަވާނެއެވެ: ތިމަން ކަލޭގެފާނީ ތިކަމަށް އެކަށީގެންވާ ބޭކަލެއް ނޫނެކީމެވެ. އަދި އެކަލޭގެފާނަށް ކުރެވުނު ކުށް ހަނދުމަ ކުރައްވާފައި ލަދުފުޅު ގަންނަވައިގެން ދަންނަވާނެއެވެ: ނޫޙުގެފާނު އަރިހަށް ދާށެވެ. އެހެނީ އެކަލޭގެފާނަކީ ދުނިޔޭގެ މީސްތަކުންނަށް ﷲ ފޮނުއްވި އެންމެ ފުރަތަމަ ރަސޫލާއެވެ. ދެން އެބައިމީހުން ނޫޙުގެފާނު އަރިހަށް ދިޔުމުން އެކަލޭގެފާނު ދަންނަވާނެއެވެ: ތިމަން ކަލޭގެފާނީ ތިކަމަށް އެކަށީގެންވާ ބޭކަލެއް ނޫނެކީމެވެ. އަދި އެކަލޭގެފާނަށް އެ ކަމަކާމެދު އެއްވެސް ޢީލްމެއް ލިބިފައި ނުވާ ކަމަކަށް އެކަލޭގެފާނުގެ ރައްބުގެ ހަޒްރަތުގައި އެދި ދެންނެވުނު ހަނދާންކޮށް ލަދުފުޅު ގަންނަވައިގެން ދަންނަވާނެއެވެ: އައްރަޙްމާނުގެ ޚަލީލު އަރިހަށް ދާށެވެ. ދެން އެބައިމީހުން އިބްރާހީމްގެފާނު އަރިހަށް ދިޔުމުން އެކަލޭގެފާނު ދަންނަވާނެއެވެ: ތިމަން ކަލޭގެފާނީ ތިކަމަށް އެކަށީގެންވާ ބޭކަލެއް ނޫނެކީމެވެ. މޫސާގެފާނު އަރިހަށް ދާށެވެ. އެކަލޭގެފާނީ، ﷲ އެކަލޭގެފާނަށް (މެދުވެރިއެއް ނެތި) ބަސް ވަހީ ކުރައްވައި، ތައުރާތު ދެއްވި އަޅެކެވެ. ދެން އެބައިމީހުން މޫސާގެފާނު އަރިހަށް ދިޔުމުން އެކަލޭގެފާނު ދަންނަވާނެއެވެ: ތިމަން ކަލޭގެފާނީ ތިކަމަށް އެކަށީގެންވާ ބޭކަލެއް ނޫނެކީމެވެ. އަދި ނަފްސަކާ ނުލާ ނަފްސެއް ގަތުލު ކުރެވުނުކަން ހަނދުމަ ކުރައްވާފައި އެކަލޭގެފާނުގެ ރައްބުގެ ހަޒްރަތުން ލަދުފުޅު ގަންނަވައިގެން ދަންނަވާނެއެވެ: ޢީސާގެފާނު އަރިހަށް ދާށެވެ. އެކަލޭގެފާނީ ﷲގެ އަޅާ އަދި ރަސޫލާއެވެ. އަދި އެ އިލާހުގެ ކަލިމަފުޅު (ވަހީ ކުރެއްވުމުން ވުޖޫދުވެވަޑައިގަތް ބޭކަލަކާއި، އެ އިލާހު ލެއްވި) ފުރާނަފުޅެކެވެ. (ދެން އެބައިމީހުން ޢީސާގެފާނު އަރިހަށް ދިޔުމުން) އެކަލޭގެފާނު ދަންނަވާނެއެވެ: ތިމަން ކަލޭގެފާނީ ތިކަމަށް އެކަށީގެންވާ ބޭކަލެއް ނޫނެކީމެވެ. މުޙައްމަދު ﷺ އަރިހަށް ދާށެވެ. އެކަލޭގެފާނީ، އެކަލޭގެފާނުގެ އިސްވެދިޔަ ފާފަތަކާއި، ފަހުން އަންނާނެ ފާފަތައް ﷲ ފުއްސެވި އަޅެކެވެ. ދެން އެބައިމީހުން ތިމަން ނަބިއްޔާގެ އަރިހަށް އަންނާނެއެވެ. އަދި ތިމަން ނަބިއްޔާގެ ރައްބުގެ ހަޒްރަތަށް ވަޑައިގެން ހުއްދައަށް އެދުމުން، ތިމަން ނަބިއްޔާއަށް ހުއްދަ ދެވޭނެއެވެ. އަދި ތިމަން ނަބިއްޔާގެ ރައްބު ފެނިވަޑައިގަތުމުން ސަޖިދައަށް ވެއްޓިވަޑައިގަންނަވާނަމެވެ. އަދި ﷲ އިރާދަފުޅު ކުރެއްވިހައި ހިނދަކު ތިމަން ނަބިއްޔާ އެ ގޮތް މަތީ ހުންނަވަން އެ އިލާހު ދޫކުރައްވާނެއެވެ. އެއަށްފަހު ވަހީ ކުރައްވާނެއެވެ: އިބަ ނަބިއްޔާގެ އިސްތަށިފުޅު އުފުއްލަވާށެވެ. އަދި އެދިލައްވާށެވެ. އިބަ ނަބިއްޔާއަށް އެ ކަމެއް ދެވޭނެއެވެ. އަދި ވިދާޅުވާށެވެ. އިބަ ނަބިއްޔާގެ ބަސްފުޅު އެހޭނެއެވެ. އަދި ޝަފާޢަތްތެރިވާށެވެ. އިބަ ނަބިއްޔާގެ ޝަފާޢަތް ގަބޫލު ކުރެއްވޭނެއެވެ. ދެން ތިމަން ނަބިއްޔާގެ އިސްތަށިފުޅު އުފުއްލަވާނަމެވެ. އަދި އެ އިލާހު އުނގަންނަވައި ދެއްވައި ޙަމްދަކުން އެ އިލާހަށް ޙަމްދު ކުރައްވާނަމެވެ. އެއަށްފަހު ތިމަން ނަބިއްޔާ ޝަފާޢަތްތެރިވެ، އެ އިލާހު (ވަކިވަރަކަށް) ތިމަން ނަބިއްޔާއަށް ހައްދެއް ކަނޑައަޅުއްވާނެއެވެ. އަދި ތިމަން ނަބިއްޔާ އެ ބަޔަކު ސުވަރުގެއަށް ވައްދަވާނަމެވެ. އެއަށްފަހު އެ އިލާހުގެ ހަޒްރަތަށް އެނބުރި ވަޑައިގަންނަވާނަމެވެ. އަދި ތިމަން ނަބިއްޔާގެ ރައްބު ފެނުމުން (ދެވަނަ ފަހަރަށް) ކުރިން ހިނގައިދިޔަ ގޮތަށް ކަންތައް ވާނެއެވެ. އެއަށްފަހު އަނެއްކާވެސް (ތިންވަނަ ފަހަރަށް) ތިމަން ނަބިއްޔާ ޝަފާޢަތްތެރިވެ، އެ އިލާހު (ވަކިވަރަކަށް) ތިމަން ނަބިއްޔާއަށް ހައްދެއް ކަނޑައަޅުއްވާނެއެވެ. އަދި ތިމަން ނަބިއްޔާ އެ ބަޔަކު ސުވަރުގެއަށް ވައްދަވާނަމެވެ. އެއަށްފަހު ހަތަރުވަނަ ފަހަރަށް އެ އިލާހުގެ ހަޒްރަތަށް އެނބުރި ވަޑައިގެން ދަންނަވާނަމެވެ: ގުރްއާން ބަންދު ކުރި ބަޔަކު ފިޔަވައި ނަރަކައިގައި ބާކީ އެކަކުވެސް ނުވެއެވެ.“ (ގަތާދާ ދެންނެވިއެވެ:) އެބަހީ ނަރަކައިގައި އަބަދުމެ ދެމިތިބުން ވާޖިބު (ކަމަށް އެ ފޮތުގައި ޚަބަދު ދެވިފައިވާ ބަޔަކު ފިޔަވައެވެ.) އަބޫ ޢަބްދު ﷲ (އިމާމު ބުޚާރީ) ވިދާޅުވިއެވެ: ގުރްއާން ބަންދު ކުރި ބަޔަކު، މި ބަހުގެ މުރާދަކީ ﷲ ތަޢާލާގެ ވަހީ ބަސްފުޅުގައިވާ ފަދައިންނެވެ: ❞އެބައިމީހުން އެ ތަނުގައި އަބަދަށް ދެމިތިބޭނެއެވެ.❝,b44
صحيح البخاري,4477,حَدَّثَنِي عُثْمَانُ بْنُ أَبِي شَيْبَةَ ، حَدَّثَنَا جَرِيرٌ ، عَنْ مَنْصُورٍ ، عَنْ أَبِي وَائِلٍ ، عَنْ عَمْرِو بْنِ شُرَحْبِيلَ ، عَنْ عَبْدِ اللهِ قَالَ: سَأَلْتُ النَّبِيَّ صَلَّى اللهُ عَلَيْهِ وَسَلَّمَ: أَيُّ الذَّنْبِ أَعْظَمُ عِنْدَ اللهِ؟ قَالَ: أَنْ تَجْعَلَ لِلهِ نِدًّا وَهُوَ خَلَقَكَ ، قُلْتُ: إِنَّ ذَلِكَ لَعَظِيمٌ ، قُلْتُ: ثُمَّ أَيُّ؟ قَالَ: وَأَنْ تَقْتُلَ وَلَدَكَ تَخَافُ أَنْ يَطْعَمَ مَعَكَ ، قُلْتُ: ثُمَّ أَيُّ؟ قَالَ: أَنْ تُزَانِيَ حَلِيلَةَ جَارِكَ .,"ޢަބްދު ﷲ (ބްނު މަސްޢޫދު) رضي الله عنه ވިދާޅުވިއެވެ: (سَأَلْتُ النَّبِيَّ صَلَّى اللهُ عَلَيْهِ وَسَلَّمَ: "" أَيُّ الذَّنْبِ أَعْظَمُ عِنْدَ الله؟ قَالَ: «أَنْ تَجْعَلَ لِله نِدًّا وَهُوَ خَلَقَكَ» قُلْتُ: إِنَّ ذَلِكَ لَعَظِيمٌ) މާނައީ: ""އަހުރެން ﷲ ގެ ރަސޫލާ ؛ ގެ އަރިހުން ސުވާލުކުރީމެވެ: 'ﷲ ގެ ހަޒްރަތުގައި އެންމެ ބޮޑުވެގެންވާ ފާފައަކީ ކޮބައިތޯއެވެ؟' ޙަދީޘްކުރެއްވިއެވެ: 'އެކަލާނގެ ތިބާ ޚަލްގުކުރައްވާފައިވާހިނދު، ތިބާ އެކަލާނގެއަށް ބައިވެރިޔަކު ލުމެވެ.' އަހުރެން ދެންނެވީމެވެ: 'ހަމަކަށަވަރުންވެސް އެކަންތައް ބޮޑުވެގެންވެއެވެ."" متفق عليه. (رواه البخاري: 4477, و مسلم: 86)",
صحيح البخاري,4486,حَدَّثَنَا أَبُو نُعَيْمٍ سَمِعَ زُهَيْرًا، عَنْ أَبِي إِسْحَاقَ، عَنِ الْبَرَاءِ رَضِيَ اللهُ عَنْهُ: أَنَّ رَسُولَ اللهِ ﷺ صَلَّى إِلَى بَيْتِ الْمَقْدِسِ سِتَّةَ عَشَرَ شَهْرًا، أَوْ سَبْعَةَ عَشَرَ شَهْرًا، وَكَانَ يُعْجِبُهُ أَنْ تَكُونَ قِبْلَتُهُ قِبَلَ الْبَيْتِ، وَإِنَّهُ صَلَّى، أَوْ صَلَّاهَا، صَلَاةَ الْعَصْرِ وَصَلَّى مَعَهُ قَوْمٌ، فَخَرَجَ رَجُلٌ مِمَّنْ كَانَ صَلَّى مَعَهُ فَمَرَّ عَلَى أَهْلِ الْمَسْجِدِ وَهُمْ رَاكِعُونَ، قَالَ: أَشْهَدُ بِاللهِ، لَقَدْ صَلَّيْتُ مَعَ النَّبِيِّ ﷺ قِبَلَ مَكَّةَ، فَدَارُوا كَمَا هُمْ قِبَلَ الْبَيْتِ، وَكَانَ الَّذِي مَاتَ عَلَى الْقِبْلَةِ قَبْلَ أَنْ تُحَوَّلَ قِبَلَ الْبَيْتِ رِجَالٌ قُتِلُوا، لَمْ نَدْرِ مَا نَقُولُ فِيهِمْ، فَأَنْزَلَ اللهُ: { وَمَا كَانَ اللهُ لِيُضِيعَ إِيمَانَكُمْ إِنَّ اللهَ بِالنَّاسِ لَرَءُوفٌ رَحِيمٌ }.,އަލްބަރާއު ބިން ޢާޒިބު رَضِيَ اللَّهُ عَنْهُ ރިވާ ކުރެއްވިއެވެ: ސޯޅަ ނުވަތަ ސަތާރަ މަސްދުވަސް ވަންދެން ބައިތުލް މަގްދިސާ ދިމާލަށް ރަސޫލު ﷲ ﷺ ނަމާދު ކުރެއްވިއެވެ. އެހެނަސް ކަޢުބާއާ ދިމާލަށް ކުރިމަތިލެއްވުމަށް ނަބިއްޔާ ލޯބިފުޅު ކުރެއްވިއެވެ. އަދި ހަމަކަށަވަރުން ނަބިއްޔާ (ގެފުޅާ ކުރިމަތިލައްވައިގެން) ކުރެއްވި އެންމެ ފުރަތަމަ ނަމާދަކީ އަޞުރު ނަމާދެވެ. އަދި ނަބިއްޔާގެ އަރިހުގައި ނަމާދު ކުރި މީހުންގެ ތެރެއިން މީހަކު ނުކުމެ، މިސްކިތެއްގައި ރުކޫޢު ކުރަން ތިބި ބަޔަކު ކައިރިންލައިފާ ދިޔައެވެ. އޭނާ ދެންނެވިއެވެ: ﷲ ގަންދީ ހެކިކުރަމެވެ. ހަމަކަށަވަރުން މައްކާއާ ދިމާލަށް ނަބިއްޔާ ﷺ ގެ އަރިހުގައި ތިމަންނަ މިއައީ ނަމާދުކޮށްގެންނެވެ. ދެން އެބައިމީހުން ހުރި ގޮތަށް (ނަމާދަށް ހުރެ) ގެފުޅާ ދިމާލަށް އެނބުރުނެވެ. އަދި ގެފުޅާ ދިމާލަށް ގިބްލަ ބަދަލު ކުރެއްވުމުގެ ކުރިން (މުސްލިމުންގެ ތެރެއިން) ބަޔަކު އަވަހާރަވެ، އަނެއް ބަޔަކު ގަތުލުވެފައި ވެއެވެ. އެބައިމީހުންގެ (ނަމާދާ) މެދު ބުނާނެ އެއްޗެއް ތިމަންމެންނަކަށް ނޭނގުނެވެ. ދެން ﷲ ބާވައިލެއްވިއެވެ: ❞އަދި ތިޔަބައިމީހުންގެ އީމާންކަން ﷲ ގެއްލެނި ނުކުރައްވާނެއެވެ. ހަމަކަށަވަރުން ﷲއީ މީސްތަކުންނަށް ނުހަނު އޯގާވަންތަ ރަޙީމްވަންތަ އިލާހެއެވެ.❝,b40
صحيح البخاري,4492,حَدَّثَنَا مُحَمَّدُ بْنُ الْمُثَنَّى، حَدَّثَنَا يَحْيَى، عَنْ سُفْيَانَ، حَدَّثَنِي أَبُو إِسْحَاقَ قَالَ: سَمِعْتُ الْبَرَاءَ رَضِيَ اللهُ عَنْهُ قَالَ: صَلَّيْنَا مَعَ النَّبِيِّ ﷺ نَحْوَ بَيْتِ الْمَقْدِسِ سِتَّةَ عَشَرَ، أَوْ سَبْعَةَ عَشَرَ شَهْرًا، ثُمَّ صَرَفَهُ نَحْوَ الْقِبْلَةِ.,އަލްބަރާއު ބިން ޢާޒިބު رَضِيَ اللَّهُ عَنْهُ ރިވާ ކުރެއްވިއެވެ: ސޯޅަ ނުވަތަ ސަތާރަ މަސްދުވަސް ވަންދެން ބައިތުލް މަގްދިސާ ދިމާލަށް ނަބިއްޔާ ﷺ ގެ އަރިހު ތިމަންމެން ނަމާދު ކުރީމެވެ. އެއަށްފަހު (ގެފުޅުގެ) ގިބްލައާ ދިމާލަށް އެ އިލާހު ނަބިއްޔާ ކުރިމަތި ކުރެއްވިއެވެ.,b40
صحيح البخاري,4553,حَدَّثَنِي إِبْرَاهِيمُ بْنُ مُوسَى، عَنْ هِشَامٍ، عَنْ مَعْمَرٍ. وَحَدَّثَنِي عَبْدُ اللهِ بْنُ مُحَمَّدٍ: حَدَّثَنَا عَبْدُ الرَّزَّاقِ: أَخْبَرَنَا مَعْمَرٌ، عَنِ الزُّهْرِيِّ قَالَ: أَخْبَرَنِي عُبَيْدُ اللهِ بْنُ عَبْدِ اللهِ بْنِ عُتْبَةَ قَالَ: حَدَّثَنِي ابْنُ عَبَّاسٍ قَالَ: حَدَّثَنِي أَبُو سُفْيَانَ مِنْ فِيهِ إِلَى فِيَّ قَالَ: انْطَلَقْتُ فِي الْمُدَّةِ الَّتِي كَانَتْ بَيْنِي وَبَيْنَ رَسُولِ اللهِ ﷺ، قَالَ: فَبَيْنَا أَنَا بِالشَّأْمِ، إِذْ جِيءَ بِكِتَابٍ مِنَ النَّبِيِّ ﷺ إِلَى هِرَقْلَ، قَالَ: وَكَانَ دِحْيَةُ الْكَلْبِيُّ جَاءَ بِهِ، فَدَفَعَهُ إِلَى عَظِيمِ بُصْرَى، فَدَفَعَهُ عَظِيمُ بُصْرَى إِلَى هِرَقْلَ، قَالَ: فَقَالَ هِرَقْلُ: هَلْ هَا هُنَا أَحَدٌ مِنْ قَوْمِ هَذَا الرَّجُلِ الَّذِي يَزْعُمُ أَنَّهُ نَبِيٌّ، فَقَالُوا: نَعَمْ، قَالَ: فَدُعِيتُ فِي نَفَرٍ مِنْ قُرَيْشٍ، فَدَخَلْنَا عَلَى هِرَقْلَ، فَأُجْلِسْنَا بَيْنَ يَدَيْهِ، فَقَالَ: أَيُّكُمْ أَقْرَبُ نَسَبًا مِنْ هَذَا الرَّجُلِ الَّذِي يَزْعُمُ أَنَّهُ نَبِيٌّ؟ فَقَالَ أَبُو سُفْيَانَ: فَقُلْتُ: أَنَا، فَأَجْلَسُونِي بَيْنَ يَدَيْهِ، وَأَجْلَسُوا أَصْحَابِي خَلْفِي، ثُمَّ دَعَا بِتَرْجُمَانِهِ، فَقَالَ: قُلْ لَهُمْ إِنِّي سَائِلٌ هَذَا عَنْ هَذَا الرَّجُلِ الَّذِي يَزْعُمُ أَنَّهُ نَبِيٌّ، فَإِنْ كَذَبَنِي فَكَذِّبُوهُ، قَالَ أَبُو سُفْيَانَ: وَايْمُ اللهِ، لَوْلَا أَنْ يُؤْثِرُوا عَلَيَّ الْكَذِبَ لَكَذَبْتُ، ثُمَّ قَالَ لِتَرْجُمَانِهِ: سَلْهُ كَيْفَ حَسَبُهُ فِيكُمْ؟ قَالَ: قُلْتُ: هُوَ فِينَا ذُو حَسَبٍ، قَالَ: فَهَلْ كَانَ مِنْ آبَائِهِ مَلِكٌ؟ قَالَ: قُلْتُ: لَا، قَالَ: فَهَلْ كُنْتُمْ تَتَّهِمُونَهُ بِالْكَذِبِ قَبْلَ أَنْ يَقُولَ مَا قَالَ؟ قُلْتُ: لَا، قَالَ: أَيَتَّبِعُهُ أَشْرَافُ النَّاسِ أَمْ ضُعَفَاؤُهُمْ؟ قَالَ: قُلْتُ: بَلْ ضُعَفَاؤُهُمْ، قَالَ: يَزِيدُونَ أَوْ يَنْقُصُونَ؟ قَالَ: قُلْتُ: لَا، بَلْ يَزِيدُونَ، قَالَ: هَلْ يَرْتَدُّ أَحَدٌ مِنْهُمْ عَنْ دِينِهِ بَعْدَ أَنْ يَدْخُلَ فِيهِ سَخْطَةً لَهُ؟ قَالَ: قُلْتُ: لَا، قَالَ: فَهَلْ قَاتَلْتُمُوهُ؟ قَالَ: قُلْتُ: نَعَمْ، قَالَ: فَكَيْفَ كَانَ قِتَالُكُمْ إِيَّاهُ؟ قَالَ: قُلْتُ: تَكُونُ الْحَرْبُ بَيْنَنَا وَبَيْنَهُ سِجَالًا، يُصِيبُ مِنَّا وَنُصِيبُ مِنْهُ، قَالَ: فَهَلْ يَغْدِرُ؟ قَالَ: قُلْتُ: لَا، وَنَحْنُ مِنْهُ فِي هَذِهِ الْمُدَّةِ لَا نَدْرِي مَا هُوَ صَانِعٌ فِيهَا، قَالَ: وَاللهِ مَا أَمْكَنَنِي مِنْ كَلِمَةٍ أُدْخِلُ فِيهَا شَيْئًا غَيْرَ هَذِهِ، قَالَ: فَهَلْ قَالَ هَذَا الْقَوْلَ أَحَدٌ قَبْلَهُ؟ قُلْتُ: لَا، ثُمَّ قَالَ لِتَرْجُمَانِهِ: قُلْ لَهُ: إِنِّي سَأَلْتُكَ عَنْ حَسَبِهِ فِيكُمْ، فَزَعَمْتَ أَنَّهُ فِيكُمْ ذُو حَسَبٍ، وَكَذَلِكَ الرُّسُلُ تُبْعَثُ فِي أَحْسَابِ قَوْمِهَا، وَسَأَلْتُكَ هَلْ كَانَ فِي آبَائِهِ مَلِكٌ، فَزَعَمْتَ أَنْ لَا، فَقُلْتُ: لَوْ كَانَ مِنْ آبَائِهِ مَلِكٌ، قُلْتُ رَجُلٌ يَطْلُبُ مُلْكَ آبَائِهِ، وَسَأَلْتُكَ عَنْ أَتْبَاعِهِ: أَضُعَفَاؤُهُمْ أَمْ أَشْرَافُهُمْ؟ فَقُلْتَ: بَلْ ضُعَفَاؤُهُمْ، وَهُمْ أَتْبَاعُ الرُّسُلِ، وَسَأَلْتُكَ: هَلْ كُنْتُمْ تَتَّهِمُونَهُ بِالْكَذِبِ قَبْلَ أَنْ يَقُولَ مَا قَالَ، فَزَعَمْتَ أَنْ لَا، فَعَرَفْتُ أَنَّهُ لَمْ يَكُنْ لِيَدَعَ الْكَذِبَ عَلَى النَّاسِ، ثُمَّ يَذْهَبَ فَيَكْذِبَ عَلَى اللهِ، وَسَأَلْتُكَ: هَلْ يَرْتَدُّ أَحَدٌ مِنْهُمْ عَنْ دِينِهِ بَعْدَ أَنْ يَدْخُلَ فِيهِ سَخْطَةً لَهُ، فَزَعَمْتَ أَنْ لَا، وَكَذَلِكَ الْإِيمَانُ إِذَا خَالَطَ بَشَاشَةَ الْقُلُوبِ، وَسَأَلْتُكَ هَلْ يَزِيدُونَ أَمْ يَنْقُصُونَ؟ فَزَعَمْتَ أَنَّهُمْ يَزِيدُونَ، وَكَذَلِكَ الْإِيمَانُ حَتَّى يَتِمَّ، وَسَأَلْتُكَ هَلْ قَاتَلْتُمُوهُ؟ فَزَعَمْتَ أَنَّكُمْ قَاتَلْتُمُوهُ فَتَكُونُ الْحَرْبُ بَيْنَكُمْ وَبَيْنَهُ سِجَالًا، يَنَالُ مِنْكُمْ وَتَنَالُونَ مِنْهُ، وَكَذَلِكَ الرُّسُلُ تُبْتَلَى، ثُمَّ تَكُونُ لَهُمُ الْعَاقِبَةُ، وَسَأَلْتُكَ هَلْ يَغْدِرُ؟ فَزَعَمْتَ أَنَّهُ لَا يَغْدِرُ، وَكَذَلِكَ الرُّسُلُ لَا تَغْدِرُ، وَسَأَلْتُكَ هَلْ قَالَ أَحَدٌ هَذَا الْقَوْلَ قَبْلَهُ؟ فَزَعَمْتَ أَنْ لَا، فَقُلْتُ: لَوْ كَانَ قَالَ هَذَا الْقَوْلَ أَحَدٌ قَبْلَهُ، قُلْتُ رَجُلٌ ائْتَمَّ بِقَوْلٍ قِيلَ قَبْلَهُ، قَالَ: ثُمَّ قَالَ: بِمَ يَأْمُرُكُمْ؟ قَالَ: قُلْتُ: يَأْمُرُنَا بِالصَّلَاةِ، وَالزَّكَاةِ، وَالصِّلَةِ، وَالْعَفَافِ، قَالَ: إِنْ يَكُ مَا تَقُولُ فِيهِ حَقًّا فَإِنَّهُ نَبِيٌّ، وَقَدْ كُنْتُ أَعْلَمُ أَنَّهُ خَارِجٌ، وَلَمْ أَكُ أَظُنُّهُ مِنْكُمْ، وَلَوْ أَنِّي أَعْلَمُ أَنِّي أَخْلُصُ إِلَيْهِ لَأَحْبَبْتُ لِقَاءَهُ، وَلَوْ كُنْتُ عِنْدَهُ لَغَسَلْتُ عَنْ قَدَمَيْهِ، وَلَيَبْلُغَنَّ مُلْكُهُ مَا تَحْتَ قَدَمَيَّ، قَالَ: ثُمَّ دَعَا بِكِتَابِ رَسُولِ اللهِ ﷺ فَقَرَأَهُ، فَإِذَا فِيهِ: بِسْمِ اللهِ الرَّحْمَنِ الرَّحِيمِ، مِنْ مُحَمَّدٍ رَسُولِ اللهِ إِلَى هِرَقْلَ عَظِيمِ الرُّومِ، سَلَامٌ عَلَى مَنِ اتَّبَعَ الْهُدَى، أَمَّا بَعْدُ: فَإِنِّي أَدْعُوكَ بِدِعَايَةِ الْإِسْلَامِ، أَسْلِمْ تَسْلَمْ، وَأَسْلِمْ يُؤْتِكَ اللهُ أَجْرَكَ مَرَّتَيْنِ، فَإِنْ تَوَلَّيْتَ فَإِنَّ عَلَيْكَ إِثْمَ الْأَرِيسِيِّينَ، وَ: { يَا أَهْلَ الْكِتَابِ تَعَالَوْا إِلَى كَلِمَةٍ سَوَاءٍ بَيْنَنَا وَبَيْنَكُمْ أَلا نَعْبُدَ إِلا اللهَ } إِلَى قَوْلِهِ: { اشْهَدُوا بِأَنَّا مُسْلِمُونَ }، فَلَمَّا فَرَغَ مِنْ قِرَاءَةِ الْكِتَابِ، ارْتَفَعَتِ الْأَصْوَاتُ عِنْدَهُ، وَكَثُرَ اللَّغَطُ، وَأُمِرَ بِنَا فَأُخْرِجْنَا، قَالَ: فَقُلْتُ لِأَصْحَابِي حِينَ خَرَجْنَا: لَقَدْ أَمِرَ أَمْرُ ابْنِ أَبِي كَبْشَةَ، إِنَّهُ لَيَخَافُهُ مَلِكُ بَنِي الْأَصْفَرِ، فَمَا زِلْتُ مُوقِنًا بِأَمْرِ رَسُولِ اللهِ ﷺ أَنَّهُ سَيَظْهَرُ حَتَّى أَدْخَلَ اللهُ عَلَيَّ الْإِسْلَامَ. قَالَ الزُّهْرِيُّ: فَدَعَا هِرَقْلُ عُظَمَاءَ الرُّومِ، فَجَمَعَهُمْ فِي دَارٍ لَهُ، فَقَالَ: يَا مَعْشَرَ الرُّومِ، هَلْ لَكُمْ فِي الْفَلَاحِ وَالرُّشْدِ آخِرَ الْأَبَدِ، وَأَنْ يَثْبُتَ لَكُمْ مُلْكُكُمْ؟ قَالَ: فَحَاصُوا حَيْصَةَ حُمُرِ الْوَحْشِ إِلَى الْأَبْوَابِ، فَوَجَدُوهَا قَدْ غُلِّقَتْ، فَقَالَ: عَلَيَّ بِهِمْ، فَدَعَا بِهِمْ فَقَالَ: إِنِّي إِنَّمَا اخْتَبَرْتُ شِدَّتَكُمْ عَلَى دِينِكُمْ، فَقَدْ رَأَيْتُ مِنْكُمُ الَّذِي أَحْبَبْتُ، فَسَجَدُوا لَهُ، وَرَضُوا عَنْهُ.,އަބޫ ސުފްޔާނު ރިވާ ކުރެއްވިއެވެ: ރަސޫލު ﷲ ﷺ އާއި، ތިމަންނައާ ދެމެދު ކުރެވިފައިވާ (ޙުދައިބިއްޔާގެ) ސުލްޙައެއްގައި ތިބި ވަގުތުގައި، ތިމަންނަ (ވިޔަފާރި) ދަތުރަކަށް ނުކުތީމެވެ. ދެން ތިމަންނަ ޝާމްކަރައިގައި ވަނިކޮށް، ނަބިއްޔާ ﷺ ގެ ސިޓީފުޅެއް ހިރަގްލަށް އެރުވުނެވެ. އެ ސިޓީފުޅައިގެން ފޮނުއްވުނީ ދިޙްޔާ އަލްކަލްބީއެވެ. އަދި އެކަލޭގެފާނު އެ ސިޓީފުޅު އެރުވީ ބުޞްރާގެ ވެރިޔާއަށެވެ. ދެން އޭނާ އޭތި އެރުވީ ހިރަގްލަށެވެ. ހިރަގްލު ދެންނެވިއެވެ: ނަބިއްޔެއްކަމަށް މި ދަޢުވާ ކުރާ މީހާގެ ގައުމުގެ އެކަކުވެސް މިތާ އެބަތިބިތޯއެވެ؟ މީސްތަކުން ދެންނެވިއެވެ: އާދޭހެވެ. ދެން ގުރައިޝްގެ ބަޔަކާއެކު ތިމަންނަ ގެނެވުނެވެ. އަދި ހިރަގްލު ގާތާށް އައިސް، އޭނާގެ ކުރިމަތީގައި ތިމަންމެން އިށީންދެވުނެވެ. ދެން އޭނާ ދެންނެވިއެވެ: ނަބިއްޔެއްކަމަށް މި ދަޢުވާ ކުރާ މީހާއާ ނަސަބުގެ ގޮތުން ތިޔަބައިމީހުންގެ ތެރެއިން އެންމެ ގާތީ ކާކުތޯއެވެ؟ އަބޫ ސުފްޔާނު ދެންނެވިއެވެ: ތިމަންނައެވެ. ދެން ހިރަގްލުގެ ކުރިމަތީގައި ތިމަންނަ ބެހެއްޓި، ތިމަންނައާއެކު ހުރި މީހުން ތިމަންނަގެ ފަހަތަށް ވާގޮތަށް ބައިތިއްބައިފިއެވެ. ދެން ހިރަގްލުގެ ތަރުޖަމާނު ގެނެސް ދެންނެވިއެވެ: އެބައިމީހުންނަށް ދަންނަވާށެވެ. ހަމަކަށަވަރުން ނަބީކަމަށް މި ދަޢުވާ ކުރާ މީހާއާ ބެހޭ ގޮތުން، މީނާ (އަބޫ ސުފްޔާނު) ގާތު ތިމަން ސުވާލު ކުރާނަމެވެ. އަދި އޭނާ ތިމަންނައަށް ދޮގު ހަދައިފި ނަމަ، ތިޔަބައިމީހުން އޭނާ ދޮގު ކުރާށެވެ. އަބޫ ސުފްޔާނު (މި ހާދިސާ ކިޔައިދެއްވަމުން) ދެންނެވިއެވެ: ﷲ ގަންދީ ބުނަމެވެ. އެބައިމީހުން ތިމަން ދޮގުކޮށްފާނެ ކަމުގެ ލަދު ނެތްނަމަ، (ނަބިއްޔާއާ ބެހޭ ގޮތުން) ތިމަން ދޮގު ހެދީމުސްކަން ކަށަވަރެވެ. ދެން ހިރަގްލު އޭނާގެ ތަރުޖަމާނު ގާތު ދެންނެވިއެވެ: އެބައިމީހުންގެ ތެރޭގައި އެކަލޭގެފާނުގެ ޙަސަބުފުޅު ކިހިނެއްތޯއެވެ؟ ތިމަން ދެންނެވީމެވެ: ތިމަންމެންގެ ތެރޭގައި އެކަލޭގެފާނަކީ (ރަނގަޅު) ޙަސަބުފުޅެއްގެ ވެރިއެކެވެ. އޭނާ ދެންނެވިއެވެ: އެކަލޭގެފާނުގެ ކާބަފައިންގެ ތެރޭގައި އެއްވެސް ރަސްކަލެއް ވޭތޯއެވެ؟ ތިމަން ދެންނެވީމެވެ: ނޫނެކެވެ. އޭނާ ދެންނެވިއެވެ: އެ ވާހަކަފުޅުތައް ވިދާޅުވުމުގެ ކުރިން، އެކަލޭގެފާނު އިތުރުފުޅު ހައްދަވާކަމަށް ތިޔަބައިމީހުން ތުހުމަތުކޮށް އުޅުނިންތޯއެވެ؟ ތިމަން ދެންނެވީމެވެ: ނޫނެކެވެ. އޭނާ ދެންނެވިއެވެ: އެކަލޭގެފާނަށް ތަބާވަނީ މީސްތަކުން ކުރެ ޝަރަފުވެރި (ބޮޑުންތޯ) ނޫނީ ނިކަމެތިންތޯއެވެ؟ ތިމަން ދެންނެވީމެވެ: ހަމަ މީސްތަކުން ކުރެ ނިކަމެތިންނެވެ. އޭނާ ދެންނެވިއެވެ: އެބައިމީހުން ވަނީ ގިނަތޯ ނޫނީ މަދުތޯއެވެ؟ ތިމަން ދެންނެވީމެވެ: ނޫނެކެވެ. އެބައިމީހުން ވަނީ ހަމަ ގިނައެވެ. އޭނާ ދެންނެވިއެވެ: ތިޔަބައިމީހުން އެކަލޭގެފާނާ ހަނގުރާމަ ކުރިންތޯއެވެ؟ ތިމަން ދެންނެވީމެވެ: އާދޭހެވެ. އޭނާ ދެންނެވިއެވެ: ތިޔަބައިމީހުން އެކަލޭގެފާނާ ކުރި ހަނގުރާމަ ކިހިނެއްތޯއެވެ؟ ތިމަން ދެންނެވީމެވެ: ތިމަންމެންނާ އެކަލޭގެފާނާ ދެމެދު ހަނގުރާމައިގެ ނަތީޖާ ވަނީ ބެހިފައެވެ. ބައެއް ފަހަރު އެކަލޭގެފާނު ކާމިޔާބު ހޯއްދަވައެވެ. އަދި އަނެއްބައި ފަހަރު ތިމަންމެން ކާމިޔާބު ހޯދަމެވެ. އޭނާ ދެންނެވިއެވެ: އެކަލޭގެފާނު ޚިޔާނާތްތެރި ވޭތޯއެވެ؟ ތިމަން ދެންނެވީމެވެ: ނޫނެކެވެ. އަދި ތިމަންމެން މި ތިބީ އެކަލޭގެފާނާއެކު ކުރެވިފައިވާ ޞުލްޙައެއްގެ ވަގުތެއްގައެވެ. އޭގައި އެކަލޭގެފާނު ކަންތައް ކުރައްވާނެ ގޮތެއް ތިމަންމެންނަކަށް ނޭނގެއެވެ. އަބޫ ސުފްޔާނު (މި ހާދިސާ ކިޔައިދެއްވަމުން) ދެންނެވިއެވެ: ﷲ ގަންދީ ބުނަމެވެ. (ނަބިއްޔާއާ ދެކޮޅަށް) މި ނޫން ބަހެއް ބުނާކަށް ތިމަންނައަކަށް ފުރުސަތެއް ނުލިބުނެވެ. އޭނާ ދެންނެވިއެވެ: ތިޔަބައިމީހުންގެ ތެރެއިން އެކަކުވެސް މިފަދަ ބަހެއް (ދަޢުވާއެއް) އެކަލޭގެފާނުގެ ކުރިން ބުނެފައިވޭތޯއެވެ؟ ތިމަން ދެންނެވީމެވެ: ނޫނެކެވެ. ދެން ހިރަގްލު އޭނާގެ ތަރުޖަމާނު ގާތު ދެންނެވިއެވެ: އޭނާ ގާތު ދަންނަވާށެވެ: އެކަލޭގެފާނުގެ ޙަސަބުފުޅާ މެދު ތިބާއާ ސުވާލު ކުރީމެވެ. އަދި ތިބާ ދެންނެވީ އެކަލޭގެފާނަކީ ތިޔަބައިމީހުންގެ ތެރޭގައި (ރަނގަޅު) ޙަސަބުފުޅެއްގެ ވެރިއެއްކަމަށެވެ. ހަމައެފަދައިން ރަސޫލުން ފޮނުއްވެނީ އެބޭކަލުންގެ ގައުމުގެ (ރަނގަޅު) ޙަސަބަކުންނެވެ. އަދި އެކަލޭގެފާނުގެ ކާބަފައިންގެ ތެރޭގައި އެއްވެސް ރަސްކަލެއް ވޭތޯ ސުވާލު ކުރީމެވެ. ތިބާ ދެންނެވީ ނޫނެކެވެ. އެކަލޭގެފާނުގެ ކާބަފައިންގެ ތެރޭގައި ރަސްކަލެއް ވިކަމުގައި ވާނަމަ، އެއީ އެކަލޭގެފާނުގެ ކާބަފައިންގެ ރަސްކަން ހޯދަން އުޅޭ މީހެއްކަމަށް ތިމަން ބުނީމުހެވެ. އަދި އެކަލޭގެފާނަށް ތަބާވަނީ މީސްތަކުން ކުރެ ޝަރަފުވެރި (ބޮޑުންތޯ) ނޫނީ ނިކަމެތިންތޯ ސުވާލު ކުރީމެވެ. ތިބާ ދެންނެވީ ތަބާވަނީ ނިކަމެތީންކަމަށެވެ. އެއީ ހަމަ ރަސޫލުންނަށް ތަބާވާ މީހުންނެވެ. އަދި އެ ވާހަކަފުޅުތައް ވިދާޅުވުމުގެ ކުރިން، އެކަލޭގެފާނު އިތުރުފުޅު ހައްދަވާކަމަށް ތިޔަބައިމީހުން ތުހުމަތުކޮށް އުޅުނިންތޯ ސުވާލު ކުރީމެވެ. ތިބާ ދެންނެވީ ނޫނެކެވެ. އެކަލޭގެފާނު މީސްތަކުންގެ މައްޗަށް އިތުރުފުޅު ނަހައްދަވާ ހިނދު، ﷲއަށް އިތުރުފުޅު ނިސްބަތް ނުކުރައްވާނެކަން ތިމަންނައަށް އެނގެއެވެ. އަދި އެބައިމީހުން ދީނަށް ވަނުމަށް ފަހު، އެ ދީނާމެދު ނުރުހިގެން އެއްވެސް މީހަކު މުރުތައްދުވޭތޯ ސުވާލު ކުރީމެވެ. ތިބާ ދެންނެވީ ނޫނެކެވެ. ހަމައެފަދައިން އީމާންކަމުގެ އުފާވެރިކަން ހިތާ އެއްވެގެން ދާއިރު ވާނީ އެހެންނެވެ. އަދި އެބައިމީހުން ވަނީ ގިނަތޯ ނޫނީ މަދުތޯ ސުވާލު ކުރީމެވެ. ތިބާ ދެންނެވީ ގިނަވާކަމަށެވެ. ހަމައެފަދައިން އީމާންކަން ފުރިހަމަވުމަށް ދާންދެން ވާނީ އެހެންނެވެ. އަދި ތިޔަބައިމީހުން އެ ނަބިއްޔާއާ ހަނގުރާމަ ކުރިންތޯ ސުވާލު ކުރީމެވެ. ތިބާ ދެންނެވީ ހަނގުރާމަ ކުރިކަމަށާއި، ބައެއް ފަހަރު އެ ނަބިއްޔާ ކާމިޔާބު ހޯއްދަވާކަމަށާއި އަނެއްބައި ފަހަރު ތިޔަބައިމީހުން ކާމިޔާބު ހޯދާކަމަށެވެ. ހަމައެފަދައިން ރަސޫލުން އިމްތިޚާނު ކުރެއްވޭނެއެވެ. އެއަށްފަހު ހެޔޮނިމުންވާނީ އެ ބޭކަލުންނަށެވެ. އަދި އެލޭގެފާނު ޚިޔާނާތްތެރި ވޭތޯ ސުވާލު ކުރީމެވެ. ތިބާ ދެންނެވީ ނޫނެކެވެ. ހަމައެފަދައިން ރަސޫލުން ޚިޔާނާތްތެރިއެއް ނުވާނެއެވެ. އަދި ތިޔަބައިމީހުންގެ ތެރެއިން އެކަކުވެސް މިފަދަ ބަހެއް ކުރިން ބުނިތޯ ސުވާލު ކުރީމެވެ. ތިބާ ދެންނެވީ ނޫނެކެވެ. އެކަލޭގެފާނުގެ ކުރިން މިފަދަ ބަހެއް އެކަކުވެސް ބުނިކަމުގައި ވާނަމަ، އެއީ އެކަލޭގެފާނުގެ ކުރިން ބުނެވުނު ބަހެއްގެ ފަހަތުން ތަބާވާ މީހެއްކަމަށް ތިމަން ބުނީމުހެވެ. ދެން ހިރަގްލު ދެންނެވިއެވެ: އެކަލޭގެފާނު ތިޔަބައިމީހުންނަށް އަމުރު ކުރައްވަނީ ކޮންކަމަކަށްތޯއެވެ؟ ތިމަން ދެންނެވީމެވެ: އެކަލޭގެފާނު ތިމަންމެންނަށް އަމުރު ކުރައްވަނީ ނަމާދު ކުރުމަށާއި، ޒަކާތް ދިނުމަށާއި، ރަޙިމުގެ ގުޅުން ދެމެހެއްޓެވުމަށާއި، ޢިއްފަތްތެރިވުމަށެވެ. އޭނާ ދެންނެވިއެވެ: ތިބާ ތިޔަ ދަންނަވަނީ ތެދު ކަމުގައި ވަނީނަމަ، ފަހެ ހަމަކަށަވަރުން އެއީ ނަބިއްޔެކެވެ. އެކަލޭގެފާނު ފާޅުވާނޭކަން ތިމަންނައަށް އެނގުނެވެ. އެކަމަކު އެކަލޭގެފާނު ވާނީ ތިޔަބައިމީހުންގެ ތެރެއިންކަމަށް ތިމަންނަ ހިއެއްނުކުރަމެވެ. އަދި ހަމަކަށަވަރުން އެކަލޭގެފާނު އަރިހަށް ވާސިލުވެވެން ހުރި ނަމަ، އެކަލޭގެފާނާ ބައްދަލު ކުރުމަށް ތިމަން ލޯބިކުރީމުސްކަން ކަށަވަރެވެ. އަދި އެކަލޭގެފާނުގެ އަރިހުގައި ތިމަން ހުރި ނަމަ، އެކަލޭގެފާނުގެ ދެ ފައިންޕުޅު ތިމަންނަ ދޮވުނީސްކަން ކަށަވަރެވެ. އަދި އެކަލޭގެފާނުގެ ވެރިކަން، ތިމަންނަގެ ދެ ފައި ދަށުގައިވާ ތަން (އެބަހީ: ރަސްކަމާ) ހަމައަށް ފޯރާނެކަން ކަށަވަރެވެ. ދެން ރަސޫލު ﷲ ﷺ ގެ ސިޓީފުޅު ގެނައުމަށް ހިރަގްލު އަނގުމަށް ފަހު އޭތި ކިޔައިފިއެވެ. އޭގައި ވަނީ މިފަދައިންނެވެ: ﷲ، އައްރަޙްމާން، އައްރަޙީމުގެ އިސްމުފުޅުން (ފަށައިގަންނަމެވެ.) ﷲގެ ރަސޫލާ މުޙައްމަދުގެފާނުގެ އަރިހުން، ރޫމްގެ ވެރިޔާ ހިރަގްލަށް: ހިދާޔަތަށް ތަބާވެއްޖެ މީހަކަށް ސަލާމް ހުއްޓެވެ. އެއަށްފަހު ދަންނާށެވެ. ހަމަކަށަވަރުން ތިބާ އިސްލާމް ދީނަށް ވަނުމަށް ގޮވާލައްވަމެވެ. އިސްލާމްވާށެވެ. ތިބާ ސަލާމަތް ވާނެއެވެ. އަދި އިސްލާމްވެއްޖެ ނަމަ، ﷲ ތިބާއަށް ދެގުނަ އަޖުރު ދެއްވާނެއެވެ. އަދި ތިބާ ފުރަގަސްދީފި ނަމަ، ފަހެ ހަމަކަށަވަރުން ތިބާގެ ބެލުމުގެ ދަށުގައިވާ މީހުންގެ ފާފަ ވާނީ ތިބާގެ މައްޗަށެވެ. އަދި ❞އޭ ފޮތުގެ އަހުލުވެރިންނޭވެ. އަހަރެމެންގެ މެދުގައި އަދި ތިޔަބައިމީހުންގެ މެދުގައި ހަމަހަމަ އެއްގޮތްވެގެންވާ ބަހަކަށް އަންނާށެވެ. އެއީ ﷲ ފިޔަވައި އެހެން ފަރާތަކަށް ތިމަންމެން އަޅުކަން ނުކުރާނެކަމަށާއި، އެ އިލާހައަށް އެއްވެސް ފަރާތެއް ޝަރީކު ނުކުރާނެކަމަށާއި، އަދި ތިމަންމެންގެ ތެރެއިން އެއްބަޔަކު އަނެއްބަޔަކީ ﷲ ފިޔަވައި ރައްބުންތަކެއްގެ ގޮތުގައި ނުނަގާނެކަމަށެވެ. އަދި އެބައިމީހުން ފުރަގަސްދީފި ނަމަ، ތިޔަބައިމީހުން ބުނާށެވެ: ތިމަންމެންނީ ހަމަކަށަވަރުން މުސްލިމުން ކަމުގައި ތިޔަބައިމީހުން ހެކިވާށެވެ.❝ ދެން ހިރަގްލު އެ ކިޔައި ނިމުމަށް ފަހު، އޭނާގެ ގާތު އަޑުތައް ގަދަވެ، ހަލަބޮލިވުން އިތުރުވެއްޖެއެވެ. އަދި ތިމަންމެން އެ ތަނުން ބޭރު ކުރަން އެންގެވި، ބޭރުވުމަށް ފަހު ތިމަންނައާއެކު ހުރި މީހުން ގާތު ތިމަން ދެންނެވީމެވެ: ހަމަކަށަވަރުން އިބްނު އަބީ ކަބްޝާ (އެބަހީ: މުޙައްމަދުގެފާނުގެ) ކަންތައް ވަރަށްވެސް ބޮޑުވެއްޖެއެވެ. ހަމަކަށަވަރުން ދޮންމީހުންގެ ރަސްގެފާނުވެސް އެކަލޭގެފާނުދެކެ ބިރުގަނެއެވެ. ދެން ރަސޫލު ﷲ ﷺ ގެ ކަންތައް ކާމިޔާބުވެގެން ދާނެކަމުގެ ޔަގީންކަންމަތީ ތިމަން ދެމިހުރީމެވެ. އެއީ ﷲ ތިމަން އިސްލާމް ދީނަށް ވެއްދުމަށް ދާންދެންނެވެ. އިމާމު ޒުހްރީ ވުދާޅުވިއެވެ: ރޫމްގެ އިސްވެރިން ހާޒިރުވުމަށް ހިރަގްލު އަނގައި، އޭނާގެ ގެއެއްގައި އެބައިމީހުން އެއްކުރިއެވެ. އޭ ރޫމްގެ މީސްތަކުންނޭވެ. ތިޔަބައިމީހުން އަބަދުގެ އަބަދަށް ކާމިޔާބާއި ތެދުމަގު އެދެމުތޯއެވެ؟ އަދި ތިޔަބައިމީހުންގެ ވެރިކަން ދެމިހުރުމަށް އެދެމުތޯއެވެ؟ ދެން އެބައިމީހުން ކަފިހިއަސްތަކެއް ފަދައިން ދޮރުތަކާ ދިމާލަށް ދުއްވައިގަތެވެ. އެހެނަސް އެބައިމީހުންނަށް ފެނުނީ އެ ދޮރުތަށް ބަނދުކޮށްފައި ވަނިކޮށެވެ. ދެން ހިރަގްލު ދެންނެވިއެވެ: އެބައިމީހުން އެނބުރި ތިމަން ގާތަށް ގެންނާށެވެ. އެބައިމީހުން ގެނައުމުން އޭނާ ދެންނެވިއެވެ: ހަމަކަށަވަރުން ތިޔަބައިމީހުންގެ ދީނުގައި ތިޔަބައިމީހުން ހިފަހައްޓައިގެން ހުރި ވަރު ހަމައެކަނި އިމްތިޚާނުކޮށްލީއެވެ. އަދި ހަމަކަށަވަރުން މިހާރު ތިޔަބައިމީހުންގެ ފަރާތުން ތިމަންނަ އެދޭ ކަންތައް ފެނިއްޖެއެވެ. ދެން އެބައިމީހުން ހިރަގްލަށް ސަޖިދަކޮށް އޭނާއާމެދު ރުހިއްޖެއެވެ.,b7
صحيح البخاري,4562,أنَّ أبَا طَلْحَةَ، قالَ: غَشِيَنَا النُّعَاسُ ونَحْنُ في مَصَافِّنَا يَومَ أُحُدٍ، قالَ: فَجَعَلَ سَيْفِي يَسْقُطُ مِن يَدِي وآخُذُهُ ويَسْقُطُ وآخُذُهُ.,އުޙްދުގެ ދުވަހުގައި ނިދިޖެހުނު މީހުންގެ ތެރެއިން ތިމަންވީމެވެ. ފަހެ ތިމަންގެއަތުން ތިމަންގެ ކަނޑިއެތަކެއްފަހަރު ވެއްޓުނެވެ. ވެއްޓޭއިރަށް ހޭލެވި އެކަންޑިތިމަން ނަގަމެވެ.,
صحيح البخاري,4581,حَدَّثَنِي مُحَمَّدُ بْنُ عَبْدِ الْعَزِيزِ، حَدَّثَنَا أَبُو عُمَرَ حَفْصُ بْنُ مَيْسَرَةَ، عَنْ زَيْدِ بْنِ أَسْلَمَ، عَنْ عَطَاءِ بْنِ يَسَارٍ، عَنْ أَبِي سَعِيدٍ الْخُدْرِيِّ رَضِيَ اللهُ عَنْهُ: أَنَّ أُنَاسًا فِي زَمَنِ النَّبِيِّ ﷺ قَالُوا: يَا رَسُولَ اللهِ، هَلْ نَرَى رَبَّنَا يَوْمَ الْقِيَامَةِ؟ قَالَ النَّبِيُّ ﷺ: نَعَمْ، هَلْ تُضَارُّونَ فِي رُؤْيَةِ الشَّمْسِ بِالظَّهِيرَةِ، ضَوْءٌ لَيْسَ فِيهَا سَحَابٌ، قَالُوا: لَا، قَالَ: وَهَلْ تُضَارُّونَ فِي رُؤْيَةِ الْقَمَرِ لَيْلَةَ الْبَدْرِ، ضَوْءٌ لَيْسَ فِيهَا سَحَابٌ، قَالُوا: لَا، قَالَ النَّبِيُّ ﷺ: مَا تُضَارُّونَ فِي رُؤْيَةِ اللهِ عَزَّ وَجَلَّ يَوْمَ الْقِيَامَةِ إِلَّا كَمَا تُضَارُّونَ فِي رُؤْيَةِ أَحَدِهِمَا، إِذَا كَانَ يَوْمُ الْقِيَامَةِ أَذَّنَ مُؤَذِّنٌ: تَتْبَعُ كُلُّ أُمَّةٍ مَا كَانَتْ تَعْبُدُ، فَلَا يَبْقَى مَنْ كَانَ يَعْبُدُ غَيْرَ اللهِ مِنَ الْأَصْنَامِ وَالْأَنْصَابِ إِلَّا يَتَسَاقَطُونَ فِي النَّارِ، حَتَّى إِذَا لَمْ يَبْقَ إِلَّا مَنْ كَانَ يَعْبُدُ اللهَ، بَرٌّ أَوْ فَاجِرٌ، وَغُبَّرَاتُ أَهْلِ الْكِتَابِ، فَيُدْعَى الْيَهُودُ، فَيُقَالُ لَهُمْ: مَنْ كُنْتُمْ تَعْبُدُونَ؟ قَالُوا: كُنَّا نَعْبُدُ عُزَيْرَ ابْنَ اللهِ، فَيُقَالُ لَهُمْ: كَذَبْتُمْ، مَا اتَّخَذَ اللهُ مِنْ صَاحِبَةٍ وَلَا وَلَدٍ، فَمَاذَا تَبْغُونَ؟ فَقَالُوا: عَطِشْنَا رَبَّنَا فَاسْقِنَا، فَيُشَارُ: أَلَا تَرِدُونَ؟ فَيُحْشَرُونَ إِلَى النَّارِ، كَأَنَّهَا سَرَابٌ يَحْطِمُ بَعْضُهَا بَعْضًا، فَيَتَسَاقَطُونَ فِي النَّارِ، ثُمَّ يُدْعَى النَّصَارَى فَيُقَالُ لَهُمْ: مَنْ كُنْتُمْ تَعْبُدُونَ؟ قَالُوا: كُنَّا نَعْبُدُ الْمَسِيحَ ابْنَ اللهِ، فَيُقَالُ لَهُمْ: كَذَبْتُمْ مَا اتَّخَذَ اللهُ مِنْ صَاحِبَةٍ وَلَا وَلَدٍ، فَيُقَالُ لَهُمْ: مَاذَا تَبْغُونَ؟ فَكَذَلِكَ مِثْلَ الْأَوَّلِ، حَتَّى إِذَا لَمْ يَبْقَ إِلَّا مَنْ كَانَ يَعْبُدُ اللهَ، مِنْ بَرٍّ أَوْ فَاجِرٍ، أَتَاهُمْ رَبُّ الْعَالَمِينَ فِي أَدْنَى صُورَةٍ مِنَ الَّتِي رَأَوْهُ فِيهَا، فَيُقَالُ: مَاذَا تَنْتَظِرُونَ، تَتْبَعُ كُلُّ أُمَّةٍ مَا كَانَتْ تَعْبُدُ، قَالُوا: فَارَقْنَا النَّاسَ فِي الدُّنْيَا عَلَى أَفْقَرِ مَا كُنَّا إِلَيْهِمْ وَلَمْ نُصَاحِبْهُمْ، وَنَحْنُ نَنْتَظِرُ رَبَّنَا الَّذِي كُنَّا نَعْبُدُ، فَيَقُولُ: أَنَا رَبُّكُمْ، فَيَقُولُونَ: لَا نُشْرِكُ بِاللهِ شَيْئًا، مَرَّتَيْنِ أَوْ ثَلَاثًا.,އަބޫ ސައީދު އަލްޚުދްރީ رَضِيَ اللَّهُ عَنْهُ ރިވާ ކުރެއްވިއެވެ: ނަބިއްޔާ ﷺ ގެ ޒަމާނުގައި ބަޔަކު މީހުން ދެންނެވިއެވެ: އޭ ﷲ ގެ ރަސޫލާއެވެ. ގިޔާމަތް ދުވަހު ތިމަންމެންގެ ރައްބު ތިމަންމެންނަށް ފެންނާނެތޯއެވެ؟ ނަބިއްޔާ ﷺ ޙަދީޘް ކުރެއްވިއެވެ: ”އާދޭހެވެ. މެންދުރު ގަޑީގައި ވިލާގަނޑަކާ ނުލާ އަވިދޭހިނދު، އިރު ފެނުމުގައި ތިޔަބައިމީހުންނަށް އެއްވެސް ދަތިކަމެއް ވޭތޯއެވެ؟“ އެބައިމީހުން ދެންނެވިއެވެ: ނޫނެކެވެ. ނަބިއްޔާ ޙަދީޘް ކުރެއްވިއެވެ: ”އަދި ފުރިހަމަ ހަނދުގެ ރޭގައި ވިލާގަނޑަކާ ނުލާ އަލިދޭހިނދު، ހަނދު ފެނުމުގައި ތިޔަބައިމީހުންނަށް އެއްވެސް ދަތިކަމެއް ވޭތޯއެވެ؟“ އެބައިމީހުން ދެންނެވިއެވެ: ނޫނެކެވެ. ނަބިއްޔާ ﷺ ޙަދީޘް ކުރެއްވިއެވެ: ”އެއިން ކަމެއްގައި ތިޔަބައިމީހުންނަށް ދަތިކަމެއް (ނުވާ) ފަދައިން، ގިޔާމަތް ދުވަހު ﷲ ޢައްޒަ ވަޖައްލަ ފެނުމުގައި ވެސް ތިޔަބައިމީހުންނަކަށް ދަތިކަމެއް ނުވާނެއެވެ. ގިޔާމަތް ދުވަހު، ގޮވާލާ މީހަކު ގޮވާލާނެއެވެ: ކޮންމެ އުއްމަތެއް ވެސް އެ ބަޔަކު އަޅުކަންކޮށް އުޅުނު ފަރާތެއްގެ ފަހަތުން ދާށެވެ. ދެން ﷲ ފިޔަވައި ބުދުތަކާއި ހިލަތަކަށް އަޅުކަންކޮށް އުޅުނު އެންމެން ވެސް ނަރަކައަށް ވެއްޓޭނެއެވެ. އަދި ބާކީ ހުންނާނީ ﷲއަށް އަޅުކަންކޮށް އުޅުނު ހެޔޮ ރަނގަޅު މީހުންނާއި ފާޖިރުންނެވެ. އަދި ފޮތުގެ އަހުލުވެރިންގެ ތެރެއިން ބާކީ ތިބި ބަޔެއްވެސް މެއެވެ. ދެން ޔަހޫދީންނަށް ގޮވާލެވި އެބައިމީހުންނަށް ދެންނެވޭނެއެވެ: ތިޔަބައިމީހުން އަޅުކަންކޮށް އުޅުނީ ކޮން ފަރާތަކަށްތޯއެވެ؟ އެބައިމީހުން ބުނާނެއެވެ: ތިމަންމެން އަޅުކަންކޮށް އުޅުނީ ﷲގެ ދަރިކަލުން ޢުޒައިރުގެފާނަށެވެ. ދެން އެބައިމީހުންނަށް ދެންނެވޭނެއެވެ: ތިޔަ ހެދީ ދޮގެވެ. ﷲ އަނބިކަނބަލަކު ވެސް އަދި ދަރިކަލަކު ވެސް ނުނަންގަވައެވެ. ތިޔަބައިމީހުން އެދެނީ ފަހެ ކޮންކަމެއްތޯއެވެ؟ އެބައިމީހުން ބުނާނެއެވެ: އޭ އަޅަމެންގެ ރައްބެވެ. ތިމަންމެން ކަރުހިއްކައިގަނެފިއެވެ. ވީމާ ތިމަންމެންނަށް ފެން ބޯންދެއްވާށެވެ. ދެން އެބައިމީހުންނަށް އަވާމެންދުރެއް ފަދައިން ނަރަކަ ދެއްކެވި އެއާ ދިމާލަށް އެބައިމީހުން އެއްކުރެވޭނެއެވެ. އެ ނަރަކައިގެ އެއްބައި އަނެއްބައި ހަލާކު ކުރަމުން ގެންދާނެއެވެ. ދެން އެބައިމީހުން ނަރަކައަށް ވެއްޓޭނެއެވެ. އެއަށްފަހު ނަޞާރައިންނަށް ގޮވާލެވި އެބައިމީހުންނަށް ދެންނެވޭނެއެވެ: ތިޔަބައިމީހުން އަޅުކަންކޮށް އުޅުނީ ކޮން ފަރާތަކަށްތޯއެވެ؟ އެބައިމީހުން ބުނާނެއެވެ: ތިމަންމެން އަޅުކަންކޮށް އުޅުނީ ﷲގެ ދަރިކަލުން އަލްމަސީޙު (ޢީސާގެފާނަށެވެ.) ދެން އެބައިމީހުންނަށް ދެންނެވޭނެއެވެ: ތިޔަ ހެދީ ދޮގެވެ. ﷲ އަނބިކަނބަލަކު ވެސް އަދި ދަރިކަލަކު ވެސް ނުނަންގަވައެވެ. ތިޔަބައިމީހުން އެދެނީ ފަހެ ކޮންކަމެއްތޯއެވެ؟ ދެން ކުރިން ހިނގި ގޮތަށް ކަންތައް ވާނެއެވެ. އެއަށްފަހު ބާކީ ހުންނާނީ ހަމައެކަނި ﷲއަށް އަޅުކަންކޮށް އުޅުނު ހެޔޮ ރަނގަޅު މީހުންނާއި ފާޖިރުންނެވެ. ދެން ޢާލަމްތަކުގެ ރައްބު ސުބްޙާނަހޫ ވަތަޢާލާ އެބައިމީހުންގެ ގާތަށް އަތުވެވޮޑިގަންނަވާނެއެވެ. އެއީ އެބައިމީހުންނަށް އޭގެ ކުރިން އެ އިލާހު ފެނުނު ވަރަށްވުރެ ގާތުންނެވެ. އަދި އެބައިމީހުންނަށް ދެންނެވޭނެއެވެ: ތިޔަ އިންތިޒާރު ކުރަނީ ކޮންކަމަކަށްތޯއެވެ؟ ކޮންމެ އުއްމަތެއް ވެސް އެ ބަޔަކު އަޅުކަންކޮށް އުޅުނު ފަރާތެއްގެ ފަހަތުން ހިނގައްޖެއެވެ. އެބައިމީހުން ދަންނަވާނެއެވެ: ތިމަންމެން ދުނިޔެމަތީގައި މީސްތަކުންނަށް މާ ބޮޑަށް ބޭނުން ޖެހުނު ހާލުގައިވެސް، ތިމަންމެން އެބައިމީހުންނާ ވަކިވެގަތީމެވެ. އަދި އެބައިމީހުންނާ އެއްކޮށެއް ނޫޅެމުއެވެ. އަދި މި އިންތިޒާރު ކުރަނީ ތިމަންމެން އަޅުކަންކޮށް އުޅުނު ތިމަންމެންގެ ރައްބަށެވެ. ދެން ﷲ ވަހީ ކުރައްވާނެއެވެ: ތިމަން އިލާހީ ތިޔަބައިމީހުންގެ ރައްބެވެ. އެބައިމިހުން ދެތިން ފަހަރު ދަންނަވާނެއެވެ: ﷲ އާ އެއްވެސް ފަރާތަކު ޝަރީކެއް ނުކުރަމެވެ.“,b22
صحيح البخاري,4606,حَدَّثَنِي مُحَمَّدُ بْنُ بَشَّارٍ، حَدَّثَنَا عَبْدُ الرَّحْمَنِ، حَدَّثَنَا سُفْيَانُ، عَنْ قَيْسٍ، عَنْ طَارِقِ بْنِ شِهَابٍ: قَالَتِ الْيَهُودُ لِعُمَرَ: إِنَّكُمْ تَقْرَءُونَ آيَةً، لَوْ نَزَلَتْ فِينَا لَاتَّخَذْنَاهَا عِيدًا. فَقَالَ عُمَرُ: إِنِّي لَأَعْلَمُ حَيْثُ أُنْزِلَتْ، وَأَيْنَ أُنْزِلَتْ، وَأَيْنَ رَسُولُ اللهِ ﷺ حِينَ أُنْزِلَتْ: يَوْمَ عَرَفَةَ، وَإِنَّا وَاللهِ بِعَرَفَةَ. قَالَ سُفْيَانُ: وَأَشُكُّ كَانَ يَوْمَ الْجُمُعَةِ أَمْ لَا؛ { الْيَوْمَ أَكْمَلْتُ لَكُمْ دِينَكُمْ }.,ޠާރިގު ބިން ޝިހާބު ރިވާ ކުރެއްވިއެވެ: ޔަހޫދީން ޢުމަރަށް ދެންނެވިއެވެ: ހަމަކަށަވަރުން ތިޔަބައިމީހުންގެ ފޮތުގައިވާ އާޔަތެއް ތިޔަބައިމީހުން ކިޔަވައި ހަދައެވެ. ތިމަންމެންގެ މައްޗަށް އެ އާޔަތް ބާވައިލެވުނު ނަމަ، އެ ދުވަސް ޢީދެއްގެ ގޮތުގައި ނެގީމުސްކަން ކަށަވަރެވެ. ޢުމަރު ދެންނެވިއެވެ: ހަމަކަށަވަރުން އެ އާޔަތް ބާވައިލެއްވުނު ވަގުތާއި ތަނާއި، އަދި ބާވައިލެއްވުނު ހިނދު ރަސޫލު ﷲ ﷺ ހުންނެވި ތަން ވެސް ތިމަން ދެނެހުރީމެވެ. ބާވައިލެއްވުނީ ހުކުރު ދުވަހެއްގައެވެ. އަދި ﷲ ގަންދީ ބުނަމެވެ. ތިމަންމެން ތިބީ އަރަފާތުގައެވެ.,b45
صحيح البخاري,4619,حَدَّثَنَا إِسْحَاقُ بْنُ إِبْرَاهِيمَ الْحَنْظَلِيُّ، أَخْبَرَنَا عِيسَى وَابْنُ إِدْرِيسَ، عَنْ أَبِي حَيَّانَ، عَنِ الشَّعْبِيِّ، عَنِ ابْنِ عُمَرَ قَالَ: سَمِعْتُ عُمَرَ رَضِيَ اللهُ عَنْهُ عَلَى مِنْبَرِ النَّبِيِّ ﷺ يَقُولُ: أَمَّا بَعْدُ، أَيُّهَا النَّاسُ إِنَّهُ نَزَلَ تَحْرِيمُ الْخَمْرِ، وَهِيَ مِنْ خَمْسَةٍ: مِنَ الْعِنَبِ، وَالتَّمْرِ، وَالْعَسَلِ، وَالْحِنْطَةِ، وَالشَّعِيرِ، وَالْخَمْرُ مَا خَامَرَ الْعَقْلَ.,އިބްނު ޢުމަރު ރިވާ ކުރެއްވިއެވެ: ނަބިއްޔާ ﷺ ގެ މިންބަރުކޮޅު މަތީގައި އިންނަވައިގެން ޢުމަރު رَضِيَ اللَّهُ عَنْهُ ވިދާޅުވި އަޑު ތިމަން އެހީމެވެ: އެއަށްފަހު ދަންނާށެވެ! އޭ މީސްތަކުންނޭވެ. ހަމަކަށަވަރުން ރާ ޙަރާމްކަމަށް ބާވައިލެއްވުނެވެ. އަދި ރާ އުފައްދަނީ ފަސް އެއްޗަކުންނެވެ. އެއީ މޭބިސްކަދުރާއި، ކަދުރާއި، މާމުޔާއި، ގޮދަނާއި، ހިމަގޮދަނުންނެވެ. އަދި ރަލަކީ ބުއްދި ފޮރުވާލާ (އެ ގޮތުން: ފިލުވާލާ) ކޮންމެ އެއްޗެކެވެ.,
صحيح البخاري,4620,عَنْ أَنَسٍ ـ رضى الله عنه ـ أَنَّ الْخَمْرَ، الَّتِي أُهْرِيقَتِ الْفَضِيخُ. وَزَادَنِي مُحَمَّدٌ عَنْ أَبِي النُّعْمَانِ قَالَ كُنْتُ سَاقِيَ الْقَوْمِ فِي مَنْزِلِ أَبِي طَلْحَةَ فَنَزَلَ تَحْرِيمُ الْخَمْرِ، فَأَمَرَ مُنَادِيًا فَنَادَى. فَقَالَ أَبُو طَلْحَةَ اخْرُجْ فَانْظُرْ مَا هَذَا الصَّوْتُ قَالَ فَخَرَجْتُ فَقُلْتُ هَذَا مُنَادٍ يُنَادِي أَلاَ إِنَّ الْخَمْرَ قَدْ حُرِّمَتْ. فَقَالَ لِي اذْهَبْ فَأَهْرِقْهَا. قَالَ فَجَرَتْ فِي سِكَكِ الْمَدِينَةِ. قَالَ وَكَانَتْ خَمْرُهُمْ يَوْمَئِذٍ الْفَضِيخَ فَقَالَ بَعْضُ الْقَوْمِ قُتِلَ قَوْمٌ وَهْىَ فِي بُطُونِهِمْ قَالَ فَأَنْزَلَ اللَّهُ {لَيْسَ عَلَى الَّذِينَ آمَنُوا وَعَمِلُوا الصَّالِحَاتِ جُنَاحٌ فِيمَا طَعِمُوا}.,އަނަސް ރަޟިޔަﷲ ޢަންހު އަރިހުން ރިވާވެގެންވެއެވެ. އެކަލޭގެފާނު ވިދާޅުވިއެވެ “ތިމަންކަލޭގެފާނު އަބޫ ޠަލްޙާގެ ގެކޮޅުގައި ގައުމުގެ މީހުންނަށް ރާފޮދު އެރުވުމުގައި މަޝްޢޫލުވެ އުޅުނީމެވެ. އެހިނދު ރަސޫލު ﷲ ޞައްލަﷲ ޢަލައިހި ވަސައްލަމަގެ އަރިހުން ވަޑައިގެންނެވި ބޭކަލަކު އައިސް ދެންނެވިއެވެ. “ހަމަކަށަވަރުން ރާ ޙަރާމްކުރެވިއްޖެއެވެ. ދެން އެހިނދު ﷲ ގެ ވަހީބަސްފުޅު ކިޔަވާވިދާޅުވެއްޖެއެވެ. (يَا أَيُّهَا الَّذِينَ آمَنُوا إِنَّمَا الْخَمْرُ وَالْمَيْسِرُ وَالْأَنصَابُ وَالْأَزْلَامُ رِجْسٌ مِّنْ عَمَلِ الشَّيْطَانِ فَاجْتَنِبُوهُ لَعَلَّكُمْ تُفْلِحُونَ ﴿٩٠﴾ إِنَّمَا يُرِيدُ الشَّيْطَانُ أَن يُوقِعَ بَيْنَكُمُ الْعَدَاوَةَ وَالْبَغْضَاءَ فِي الْخَمْرِ وَالْمَيْسِرِ وَيَصُدَّكُمْ عَن ذِكْرِ اللَّـهِ وَعَنِ الصَّلَاةِ ۖ فَهَلْ أَنتُم مُّنتَهُونَ ﴿٩١﴾ މާނައީ: ” އޭ إيمان ވެއްޖެ މީސްތަކުންނޭވެ! ހަމަކަށަވަރުން، ރާއާއި، ޖުވާކުޅުމާއި، އަޅުކަންކުރަން ހަދާފައި ހުންނަ ބުދުތަކާއި نصيب ހުރިގޮތް ބަލަން ގެންގުޅޭ ދުނިދަނޑިތަކަކީ، شيطان އާގެ عمل ތަކުގެ ތެރެއިންވާ މުޑުދާރު ތަކެއްޗެވެ. ފަހެ، ތިޔަބައިމީހުން އެކަންތަކާ ދުރުވެގަންނާށެވެ! (އެއީ) ތިޔަބައިމީހުން ދިންނަވައި نصيب ލިބުމަށްޓަކައެވެ.(90) شيطان އާ އެދޭކަން ކަށަވަރީ، ރާއާއި، ޖުވާގެ ސަބަބުން، ތިޔަބައިމީހުންގެ މެދުގައި عداوة ތެރިކަމާއި، ރުޅިވެރިކަން އުފެއްދުމަށެވެ. އަދި اللَّه ހަނދުމަކުރުމާއި، ނަމާދުކުރުމަށް ތިޔަބައިމީހުންނަށް ހުރަސްއެޅުމަށެވެ. ފަހެ، ތިޔަބައިމީހުން ތިޔަތިބީ އެކަންތައްތައް ހުއްޓާލަންހެއްޔެވެ؟ (އެބަހީ: ހުއްޓާލާށެވެ!) (91) “ އެހިނދު އަނަސް ރަޟިޔަﷲ ޢަންހު ވިދާޅުވިއެވެ. “ﷲ ގަންދީ ބުނަމެވެ. ގޮވާލާ މީހާއަށް ” ފަހެ، ތިޔަބައިމީހުން ތިޔަތިބީ އެކަންތައްތައް ހުއްޓާލަންހެއްޔެވެ؟ ” މިހެން ނުބުނެވެނީސް އެބޭކަލުންގެ އަނގައިގައި ޖައްސަވާފައި ހުރި ތަށިތަކާއި އަތްތަކުގައި ހުރި ތަށިތައް ބިންމައްޗަށް އުއްކަވާލެއެވިއެވެ. އަދި މީސްތަކުން ގެތަކުގައި ރައްކާކުރެވިފައި ހުރި ރާ ޖާޑީތައް ބަންޑުން ޖައްސަވައި ތަޅުއްވާލެއްވިއެވެ.”. އެހިނދު މަދީނާގެ މަގުތަކުގައިރަލުގެ ސައިލު ހެދިގެން ދިޔައެވެ.,
صحيح البخاري,4629,- حَدَّثَنِي مُحَمَّدُ بْنُ بَشَّارٍ، حَدَّثَنَا ابْنُ أَبِي عَدِيٍّ، عَنْ شُعْبَةَ، عَنْ سُلَيْمَانَ، عَنْ إِبْرَاهِيمَ، عَنْ عَلْقَمَةَ، عَنْ عَبْدِ اللهِ رَضِيَ اللهُ عَنْهُ قَالَ: لَمَّا نَزَلَتْ: { وَلَمْ يَلْبِسُوا إِيمَانَهُمْ بِظُلْمٍ } قَالَ أَصْحَابُهُ: وَأَيُّنَا لَمْ يَظْلِمْ؟ فَنَزَلَتْ: { إِنَّ الشِّرْكَ لَظُلْمٌ عَظِيمٌ }.,ޢަބްދު ﷲ ބިން މަސްޢޫދު رَضِيَ اللَّهُ عَنْهُ ރިވާ ކުރެއްވިއެވެ: ❞އެބައިމީހުންނަކީ އީމާންވެ ތިބެ، އެބައިމީހުންގެ އީމާންކަމާއެކު އަނިޔާވެރިކަން އެއްނުކުރާ މީހުންނެވެ.❝ (މި އާޔަތް) ބާވައިލެއްވުމުން، ނަބިއްޔާގެ ޞަޙާބީން ދެންނެވިއެވެ: ތިމަންމެންގެ ތެރެއިން (ކުށްފާފަކޮށް އަމިއްލަ ނަފްސަށް) އަނިޔާވެރި ނުވަނީ ފަހެ ކާކުތޯއެވެ؟ ދެން (މި އާޔަތް) ބާވައިލެއްވިއެވެ: ❞ހަމަކަށަވަރުން ޝިރްކަކީ ބޮޑުވެގެންވާ އަނިޔާވެރިކަމެކެވެ.❝,b32
صحيح البخاري,4699,"عَنِ الْبَرَاءِ بْنِ عَازِبٍ، أَنَّ رَسُولَ اللَّهِ ﷺ قَالَ "" الْمُسْلِمُ إِذَا سُئِلَ فِي الْقَبْرِ يَشْهَدُ أَنْ لاَ إِلَهَ إِلاَّ اللَّهُ وَأَنَّ مُحَمَّدًا رَسُولُ اللَّهِ، فَذَلِكَ قَوْلُهُ {يُثَبِّتُ اللَّهُ الَّذِينَ آمَنُوا بِالْقَوْلِ الثَّابِتِ فِي الْحَيَاةِ الدُّنْيَا وَفِي الآخِرَةِ}‌""","ބަރާ ބިން ޢާޒިބް ރަޟިޔަﷲ ޢަންހުގެ ކިބައިން ރިވާވެގެންވެއެވެ. ހަމަކަށަވަރުން ރަސޫލުﷲ ﷺ ޙަދީޘްކުރެއްވިއެވެ. ""މުސްލިމު ކައްވަޅުގައި (މަލާއިކަތާ) ސުވާލުކުރެއްވުމުން ޙައްގުގޮތުގައި އަޅުކަންވެވޭ އިލާހެއް ﷲ ނޫން ފަރާތެއް ނުވާކަމަށް ހެކިވެ އަދި މުޙައްމަދުގެފާނީ ﷲގެ ރަސޫލާކަމަށް ހެކިވާނެއެވެ. ﷲގެ (އަންނިވި) ބަސްފުޅުގައި އެވަނީ އެވާހަކައެވެ. ({يُثَبِّتُ اللَّهُ الَّذِينَ آمَنُوا بِالْقَوْلِ الثَّابِتِ فِي الْحَيَاةِ الدُّنْيَا وَفِي الآخِرَةِ})،މާނައީ: ""އަދި އީމާންވީ މީސްތަކުން ސާބިތުވެގެންވާ ބަހުގައި ދުނިޔޭގެ ޙަޔާތުގަޔާއި އަދި އާޚިރަތުގައި ﷲ ސާބިތުކޮށްދެއްވާނެއެވެ""",
صحيح البخاري,4776,- حَدَّثَنَا قُتَيْبَةُ بْنُ سَعِيدٍ، حَدَّثَنَا جَرِيرٌ، عَنِ الْأَعْمَشِ، عَنْ إِبْرَاهِيمَ، عَنْ عَلْقَمَةَ، عَنْ عَبْدِ اللهِ - رَضِيَ اللهُ عَنْهُ - قَالَ: لَمَّا نَزَلَتْ هَذِهِ الْآيَةُ: { الَّذِينَ آمَنُوا وَلَمْ يَلْبِسُوا إِيمَانَهُمْ بِظُلْمٍ } شَقَّ ذَلِكَ عَلَى أَصْحَابِ رَسُولِ اللهِ - ﷺ - وَقَالُوا: أَيُّنَا لَمْ يَلْبِسْ إِيمَانَهُ بِظُلْمٍ؟ فَقَالَ رَسُولُ اللهِ - ﷺ -: إِنَّهُ لَيْسَ بِذَاكَ، أَلَا تَسْمَعُ إِلَى قَوْلِ لُقْمَانَ لِابْنِهِ: { إِنَّ الشِّرْكَ لَظُلْمٌ عَظِيمٌ }.,ޢަބްދު ﷲ ބިން މަސްޢޫދު رَضِيَ اللَّهُ عَنْهُ ރިވާ ކުރެއްވިއެވެ: ❞އެބައިމީހުންނަކީ އީމާންވެ ތިބެ، އެބައިމީހުންގެ އީމާންކަމާއެކު އަނިޔާވެރިކަން އެއްނުކުރާ މީހުންނެވެ.❝ މި އާޔަތް ބާވައިލެއްވުމުން، ރަސޫލު ﷲ ﷺ ގެ ޞަޙާބީންނަށް އެކަން ވަރަށް ދަތި އުނދަގޫ ކަމަކަށްވިއެވެ. އަދި ދެންނެވިއެވެ: ތިމަންމެން އީމާންކަމާއެކު (ކުށްފާފަ ކުރުމުގެ) އަނިޔާވެރިކަން އެއްނުކުރަނީ ތިމަންމެންގެ ތެރެއިން ފަހެ ކާކުތޯއެވެ؟ ރަސޫލު ﷲ ﷺ ޙަދީޘް ކުރެއްވިއެވެ: ހަމަކަށަވަރުން އެކަން އޮތީ ތިގޮތަކަށް ނޫނެވެ. ލުގްމާނުގެފާނުގެ ދަރިކަލުންނަށް އެކަލޭގެފާނު ވިދާޅުވި ބަސްފުޅު އަޑުނާހަމުތޯއެވެ؟ ❞ހަމަކަށަވަރުން ޝިރްކަކީ ބޮޑުވެގެންވާ އަނިޔާވެރިކަމެކެވެ.❝,b32
صحيح البخاري,4777,حَدَّثَنِي إِسْحَاقُ، عَنْ جَرِيرٍ، عَنْ أَبِي حَيَّانَ، عَنْ أَبِي زُرْعَةَ، عَنْ أَبِي هُرَيْرَةَ - رَضِيَ اللهُ عَنْهُ -: أَنَّ رَسُولَ اللهِ - ﷺ - كَانَ يَوْمًا بَارِزًا لِلنَّاسِ، إِذْ أَتَاهُ رَجُلٌ يَمْشِي، فَقَالَ: يَا رَسُولَ اللهِ، مَا الْإِيمَانُ؟ قَالَ: الْإِيمَانُ: أَنْ تُؤْمِنَ بِاللهِ وَمَلَائِكَتِهِ وَرُسُلِهِ وَلِقَائِهِ، وَتُؤْمِنَ بِالْبَعْثِ الْآخِرِ، قَالَ: يَا رَسُولَ اللهِ، مَا الْإِسْلَامُ؟ قَالَ: الْإِسْلَامُ أَنْ تَعْبُدَ اللهَ، وَلَا تُشْرِكَ بِهِ شَيْئًا، وَتُقِيمَ الصَّلَاةَ، وَتُؤْتِيَ الزَّكَاةَ الْمَفْرُوضَةَ، وَتَصُومَ رَمَضَانَ، قَالَ: يَا رَسُولَ اللهِ، مَا الْإِحْسَانُ؟ قَالَ: الْإِحْسَانُ أَنْ تَعْبُدَ اللهَ كَأَنَّكَ تَرَاهُ فَإِنْ لَمْ تَكُنْ تَرَاهُ فَإِنَّهُ يَرَاكَ، قَالَ: يَا رَسُولَ اللهِ، مَتَى السَّاعَةُ؟ قَالَ: مَا الْمَسْئُولُ عَنْهَا بِأَعْلَمَ مِنَ السَّائِلِ، وَلَكِنْ سَأُحَدِّثُكَ عَنْ أَشْرَاطِهَا: إِذَا وَلَدَتِ الْمَرْأَةُ رَبَّتَهَا، فَذَاكَ مِنْ أَشْرَاطِهَا، وَإِذَا كَانَ الْحُفَاةُ الْعُرَاةُ رُءُوسَ النَّاسِ، فَذَاكَ مِنْ أَشْرَاطِهَا، فِي خَمْسٍ لَا يَعْلَمُهُنَّ إِلَّا اللهُ: { إِنَّ اللهَ عِنْدَهُ عِلْمُ السَّاعَةِ وَيُنَزِّلُ الْغَيْثَ وَيَعْلَمُ مَا فِي الْأَرْحَامِ } ثُمَّ انْصَرَفَ الرَّجُلُ، فَقَالَ: رُدُّوا عَلَيَّ، فَأَخَذُوا لِيَرُدُّوا فَلَمْ يَرَوْا شَيْئًا، فَقَالَ: هَذَا جِبْرِيلُ جَاءَ لِيُعَلِّمَ النَّاسَ دِينَهُمْ.,އަބޫ ހުރައިރާ رَضِيَ اللَّهُ عَنْهُ ރިވާ ކުރެއްވިއެވެ: އެއް ދުވަހަކު ރަސޫލު ﷲ ﷺ މީސްތަކުންގެ ތެރޭގައި ފާޅުވެ ހުންނަވަނިކޮށް، ނަބިއްޔާގެ އަރިހަށް މީހަކު ހިނގާފަ އައިސް ދެންނެވިއެވެ: އޭ ﷲ ގެ ރަސުލާއެވެ. އީމާންކަމަކީ ކޮބައިތޯއެވެ؟ ނަބިއްޔާ ޙަދީޘް ކުރެއްވިއެވެ: ”އީމާންކަމަކީ ތިބާ ﷲ އަށާއި، އެ އިލާހުގެ މަލާއިކަތުންނަށާއި، އެ އިލާހުގެ ރަސޫލުންނަށާއި، އެ އިލާހާ ބައްދަލުވާނެ ކަމަށާއި، އަދި ފަހުން އަލުން ދިރުއްވޭނެކަމަށް އީމާންވުމެވެ.“ އޭނާ ދެންނެވިއެވެ: އޭ ﷲ ގެ ރަސުލާއެވެ. އިސްލާމްކަމީ ކޮބައިތޯއެވެ؟ ނަބިއްޔާ ޙަދީޘް ކުރެއްވިއެވެ: ”އިސްލާމްކަމަކީ ތިބާ ﷲ އަށް އަޅުކަންކޮށް، އެ އިލާހާ އެއްވެސް ފަރާތެއް ޝަރީކު ނުކުރުމެވެ. އަދި ނަމާދު ގާއިމުކޮށް، ފަރުޟުވެގެންވާ (މުދަލު) ޒަކާތް ދީ، ރަމަޟާން މަހު ރޯދަ ހިފުމެވެ.“ އޭނާ ދެންނެވިއެވެ: އޭ ﷲ ގެ ރަސުލާއެވެ. އިޙުސާންކަމަކީ ކޮބައިތޯއެވެ؟ ނަބިއްޔާ ޙަދީޘް ކުރެއްވިއެވެ: ”އިޙުސާންކަމަކީ، ތިބާ ﷲ ފެނިހުރެ އަޅުކަން ކުރާނެ ފަދައިން އެ އިލާއަށް އަޅުކަން ކުރުމެވެ. އަދި ތިބާއަށް އެ އިލާހު ނުފެނުނު ކަމުގައި ވިޔަސް، ހަމަކަށަވަރުން އެ އިލާހު ތިބާއަށް ބައްލަވާ ވޮޑިގެންވެއެވެ.“ އޭނާ ދެންނެވިއެވެ: އޭ ﷲ ގެ ރަސުލާއެވެ. ގިޔާމަތް ވާނީ ކޮންއިރަކުތޯއެވެ؟ ނަބިއްޔާ ޙަދީޘް ކުރެއްވިއެވެ: ”އެކަމާ ބެހޭ ގޮތުން ސުވާލު ކުރި ފަރާތަށް ވުރެ ބޮޑަށް، ސުވާލު ކުރެވުނު ފަރާތް އެނގިގެން ނުވެއެވެ. (އެބަހީ: ދެ މީހުން ކުރެ އެކަކަށް ވެސް އެނގިގެން ނުވެއެވެ.) އެހެނަސް، އޭގެ އަލާމާތްތަކާ ބެހޭ ގޮތުން ތިބާއަށް ކިޔައިދެއްވާނަމެވެ. އެއީ އަންހެނަކު އޭނާގެ ސާހިބު ކަމަނާ ވިހައިފި ހިނދު، އެއީ އޭގެ ޢަލާމަތްތަކު ތެރޭ ހިމެނޭ ކަމެކެވެ. އަދި ހުސްފަޔާ އޮރިޔާންކަންމަތީ އުޅުނު މީހުން، މީސްތަކުންގެ އިސްވެރިންކަމުގައި ވެއްޖެ ހިނދު، އެއީ އޭގެ ޢަލާމަތްތަކު ތެރޭ ހިމެނޭ ކަމެކެވެ. (ގިޔާމަތް ވާނެ ވަގުތުގެ ޢިލްމަކީ) ﷲ ފިޔަވައި އެއްވެސް ފަރާތަކަށް ނޭނގޭނެ ފަސް ކަމެއްގެ ތެރެއިންވާ ކަމެކެވެ.“ (ދެން ނަބިއްޔާ މި އާޔަތް ކިޔަވައި ވިދާޅުވިއެވެ:) ❞ހަމަކަށަވަރުން ގިޔާމަތް ވާނެ ވަގުތުގެ ޢިލްމު ވަނީ (ހަމައެކަނި) ﷲ ގެ ހަޒްރަތުގައެވެ. އަދި އެ އިލާހު ވާރޭ ވެއްސަވައެވެ. އަދި ރަޙިމުތަކުގައިވާ ތަކެތި އެ އިލާހު ދެނެވޮޑިގެން ވެއެވެ.❝ އެއަށްފަހު އެ މީހާ އެނބުރި ހިނގައްޖެއެވެ. ނަބިއްޔާ ޙަދީޘް ކުރެއްވިއެވެ: ”އޭނާ ތިމަން ނަބިއްޔާ އަރިހަށް އެނބުރި ގެންނާށެވެ.“ ދެން އެ މީހާ އެނބުރި ގެނައުމަށް މީސްތަކުން އުޅުނެވެ. އެކަމަކު އެބައިމީހުންނަށް އެއްވެސް އެއްޗެއް ނުފެނުނެވެ. ދެން ނަބިއްޔާ ޙަދީޘް ކުރެއްވިއެވެ: ”އެއީ ޖިބްރީލެވެ. އެކަލޭގެފާނު އެ ވަޑައިގަތީ، މީސްތަކުންނަށް އެބައިމީހުންގެ ދީން ދަސްކޮށްދެއްވުމަށެވެ.“,b50
صحيح البخاري,4837,حَدَّثَنَا الْحَسَنُ بْنُ عَبْدِ الْعَزِيزِ ، حَدَّثَنَا عَبْدُ اللهِ بْنُ يَحْيَى ، أَخْبَرَنَا حَيْوَةُ ، عَنْ أَبِي الْأَسْوَدِ : سَمِعَ عُرْوَةَ ، عَنْ عَائِشَةَ رَضِيَ اللهُ عَنْهَا : أَنَّ نَبِيَّ اللهِ صَلَّى اللهُ عَلَيْهِ وَسَلَّمَ كَانَ يَقُومُ مِنَ اللَّيْلِ حَتَّى تَتَفَطَّرَ قَدَمَاهُ ، فَقَالَتْ عَائِشَةُ : لِمَ تَصْنَعُ هَذَا يَا رَسُولَ اللهِ ، وَقَدْ غَفَرَ اللهُ لَكَ مَا تَقَدَّمَ مِنْ ذَنْبِكَ وَمَا تَأَخَّرَ ؟ قَالَ : أَفَلَا أُحِبُّ أَنْ أَكُونَ عَبْدًا شَكُورًا ، فَلَمَّا كَثُرَ لَحْمُهُ صَلَّى جَالِسًا ، فَإِذَا أَرَادَ أَنْ يَرْكَعَ ، قَامَ فَقَرَأَ ثُمَّ رَكَعَ . .,މި ޙަދީޡްގެ މާނައަކީ މާތްﷲ އެކަމަނާއަށް ރުއްސުންލެއްވި ޢާއިޝަތުގެފާނުގެ އަރިހުން ރިވާވިއެވެ. ހަމަކަށަވަރުން ސަލާމާއި ޞަލަވާތްް ލެއްވި ނަބީކަލޭގެފާނު، އެކަލޭގެފާނުގެ ފައިންޕުޅު ދުޅަވެ ފައިންޕުޅު ފެެޅިގެންދާ މިންވަރަށް ރޭ އަޅުކަމުގައި ދެމިހުންނަވާ ކަމުގައި ވެއެވެ. ފަހެ ތިމަން ކަމަނާ ދެންނެވީމެވެ، އޭ ﷲ ގެ ރަސޫލާއެވެ! ތިޔަފަދައިން އަޅުކަން ކުރެއްވުމުގައި ދެމިހުންނަވަނީ ކީއްވެތޯއެވެ؟ ހަމަކަށަވަރުން މާތްﷲ، ކަލޭގެފާނުގެ އިސްވެ ދިޔަ ފާފަ އާއި ފަހުގެ ފާފަ ފުއްސަވައި ދެއްވައިފައި ވެއެވެ. ޙަދީޡް ކުރެއްވިއެވެ. ފަހެ ޝުކުރުވެރިވެ ވަޑައިގަންނަވާ އަޅުކަމުގައި ވުމަށް ތިމަން ކަލޭގެފާނު ލޯބި ނުކުރައްވާނޫ ހެއްޔެވެ؟ މިއެވެ.,
صحيح البخاري,4894,"حَدَّثَنَا عَلِيُّ بْنُ عَبْدِ اللهِ، حَدَّثَنَا سُفْيَانُ قَالَ الزُّهْرِيُّ: حَدَّثَنَاهُ، قَالَ: حَدَّثَنِي أَبُو إِدْرِيسَ: سَمِعَ عُبَادَةَ بْنَ الصَّامِتِ رَضِيَ اللهُ عَنْهُ قَالَ: كُنَّا عِنْدَ النَّبِيِّ ﷺ فَقَالَ: أَتُبَايِعُونِي عَلَى أَنْ لَا تُشْرِكُوا بِاللهِ شَيْئًا، وَلَا تَزْنُوا، وَلَا تَسْرِقُوا، وَقَرَأَ آيَةَ النِّسَاءِ.
وَأَكْثَرُ لَفْظِ سُفْيَانَ: قَرَأَ الْآيَةَ فَمَنْ وَفَّى مِنْكُمْ فَأَجْرُهُ عَلَى اللهِ، وَمَنْ أَصَابَ مِنْ ذَلِكَ شَيْئًا فَعُوقِبَ فَهُوَ كَفَّارَةٌ لَهُ، وَمَنْ أَصَابَ مِنْهَا شَيْئًا مِنْ ذَلِكَ فَسَتَرَهُ اللهُ فَهُوَ إِلَى اللهِ، إِنْ شَاءَ عَذَّبَهُ وَإِنْ شَاءَ غَفَرَ لَهُ.
تَابَعَهُ عَبْدُ الرَّزَّاقِ، عَنْ مَعْمَرٍ فِي الْآيَةِ.",ޢުބާދާ ބިން ޞާމިތު رَضِيَ اللَّهُ عَنْهُ ރިވާ ކުރެއްވިއެވެ: ނަބިއްޔާ ﷺ އަރިހު ތިމަންމެން ވަނިކޮށް ޙަދީޘް ކުރެއްވިއެވެ: ”ތިޔަބައިމީހުން ﷲ އަށް އަޅުކަމުގައި އެއްވެސް ފަރާތެއް ބައިވެރި ނުކުރާނެކަމަށާއި، ޒިނޭ ނުކުރާނެކަމަށާއި، ވައްކަން ނުކުރާނެކަމަށް ތިޔަބައިމީހުން ތިމަން ނަބިއްޔާއަށް ބައިޢަތު ހިފާނަންތޯއެވެ؟“ ދެން އަންހެނުންގެ ބައިޢަތުގެ އާޔަތް (އެބަހީ: މުމްތަޙިނާ ސޫރަތުގެ ބާރަ ވަނަ އާޔަތް) ކިޔަވައި ވިދާޅުވިއެވެ. އަދި ޙަދީޘް ކުރެއްވިއެވެ: ”ދެން (ބައިޢަތަށް) ވަފާތެރިވެއްޖެ މީހަކަށް އަޖުރު ދެއްވުން ވަނީ ﷲ އަށެވެ. އަދި އޭގެ ތެރެއިން ކަމަކަށް އަރައިގަނެވި، (ދުނިޔެ މަތީގައި) ޢުގޫބާތް ދެވިއްޖެ ނަމަ، ފަހެ އެ ވާނީ އެ މީހަކަށްވާ ކައްފާރައަކަށެވެ. އަދި އެއިން ކަމަކަށް އަރައިގަނެވި، ﷲ އޭނާއަށް އެކަން ފޮރުވައިދެއްވައިފި ނަމަ، ފަހެ އޭނާގެ ކަންތައް ވާނީ ﷲ އަށެވެ. (އެބަހީ: އެ އިލާހުގެ އިރާދަފުޅުގެ ދަށުންނެވެ.) އިރާދަ ކުރައްވައިފި ނަމަ އޭނާއަށް ޢަފޫކޮށްދެއްވާނެއެވެ. އަދި އިރާދަ ކުރައްވައިފި ނަމަ އޭނާއަށް އަޒާބު ދެއްވާނެއެވެ.“,b18
صحيح البخاري,4919,حَدَّثَنَا آدَمُ، حَدَّثَنَا اللَّيْثُ، عَنْ خَالِدِ بْنِ يَزِيدَ، عَنْ سَعِيدِ بْنِ أَبِي هِلَالٍ، عَنْ زَيْدِ بْنِ أَسْلَمَ، عَنْ عَطَاءِ بْنِ يَسَارٍ، عَنْ أَبِي سَعِيدٍ رَضِيَ اللهُ عَنْهُ قَالَ: سَمِعْتُ النَّبِيَّ ﷺ يَقُولُ: يَكْشِفُ رَبُّنَا عَنْ سَاقِهِ، فَيَسْجُدُ لَهُ كُلُّ مُؤْمِنٍ وَمُؤْمِنَةٍ، وَيَبْقَى مَنْ كَانَ يَسْجُدُ فِي الدُّنْيَا رِئَاءً وَسُمْعَةً، فَيَذْهَبُ لِيَسْجُدَ، فَيَعُودُ ظَهْرُهُ طَبَقًا وَاحِدًا.,އަބޫ ސައީދު އަލްޚުދްރީ رَضِيَ اللَّهُ عَنْهُ ރިވާ ކުރެއްވިއެވެ: ނަބިއްޔާ ﷺ ޙަދީޘް ކުރައްވަނިކޮށް ތިމަން އަޑު އެހީމެވެ: ”(އާޚިރަތް ދުވަހު) އަހަރެމެންގެ ރައްބު، އެ އިލާހުގެ ކަށިމަތިފުޅު ކަޝްފު ކުރައްވާނެއެވެ. ދެން ކޮންމެ މުއުމިނު ފިރިހެނަކާއި އަންހެނަކު އެ އިލާހަށް ސަޖިދަ ކުރާނެއެވެ. އަދި ދުނިޔެ މަތީގައި (މީސްތަކުންނަށް) ދެއްކުންތެރިކަމުގެ ގޮތުން ސަޖިދަކޮށް އުޅުނު ބަޔަކު ތިބޭނެއެވެ. އެބައިމީހުން ސަޖިދަ ކުރަން އުޅޭނެއެވެ. އެކަމަކު (ގުދު ނުވެވޭ ގޮތަށް) އެބައިމީހުންގެ ބުރަކަށިތައް އެއް ކަށްޓެއް ފަދައިން ތެދުކުރެވިގެންދާނެއެވެ.“,b22
صحيح البخاري,4922,حَدَّثَنَا يَحْيَى، حَدَّثَنَا وَكِيعٌ، عَنْ عَلِيِّ بْنِ الْمُبَارَكِ، عَنْ يَحْيَى بْنِ أَبِي كَثِيرٍ: سَأَلْتُ أَبَا سَلَمَةَ بْنَ عَبْدِ الرَّحْمَنِ، عَنْ أَوَّلِ مَا نَزَلَ مِنَ الْقُرْآنِ، قَالَ: { يَا أَيُّهَا الْمُدَّثِّرُ } قُلْتُ: يَقُولُونَ: { اقْرَأْ بِاسْمِ رَبِّكَ الَّذِي خَلَقَ } فَقَالَ أَبُو سَلَمَةَ: سَأَلْتُ جَابِرَ بْنَ عَبْدِ اللهِ رَضِيَ اللهُ عَنْهُمَا عَنْ ذَلِكَ، وَقُلْتُ لَهُ مِثْلَ الَّذِي قُلْتَ، فَقَالَ جَابِرٌ: لَا أُحَدِّثُكَ إِلَّا مَا حَدَّثَنَا رَسُولُ اللهِ ﷺ، قَالَ: جَاوَرْتُ بِحِرَاءٍ، فَلَمَّا قَضَيْتُ جِوَارِي هَبَطْتُ، فَنُودِيتُ، فَنَظَرْتُ عَنْ يَمِينِي فَلَمْ أَرَ شَيْئًا، وَنَظَرْتُ عَنْ شِمَالِي فَلَمْ أَرَ شَيْئًا، وَنَظَرْتُ أَمَامِي فَلَمْ أَرَ شَيْئًا، وَنَظَرْتُ خَلْفِي فَلَمْ أَرَ شَيْئًا، فَرَفَعْتُ رَأْسِي فَرَأَيْتُ شَيْئًا، فَأَتَيْتُ خَدِيجَةَ فَقُلْتُ: دَثِّرُونِي، وَصُبُّوا عَلَيَّ مَاءً بَارِدًا، قَالَ: فَدَثَّرُونِي وَصَبُّوا عَلَيَّ مَاءً بَارِدًا، قَالَ: فَنَزَلَتْ: { يَا أَيُّهَا الْمُدَّثِّرُ * قُمْ فَأَنْذِرْ * وَرَبَّكَ فَكَبِّرْ }.,ޔަޙްޔާ ބިން ކަޘީރު ވިދާޅުވިއެވެ: އަބޫ ސަލަމާ ބިން ޢަބްދުއްރަޙްމާންގެ އަރިހުގައި ގުރްއާނުން އެންމެ ފުރަތަމަ ބާވައިލެއްވުނު އާޔަތާ ބެހޭ ގޮތުން ތިމަން ސުވާލު ކުރީމެވެ. އަބޫ ސަލަމާ ވިދާޅުވިއެވެ: يَا أَيُّهَا الْمُدَّثِّرُ އެވެ. ތިމަން ދެންނެވީމެވެ: މީސްތަކުން ބުނާ ގޮތުގައި އެއީ اقْرَأْ بِاسْمِ رَبِّكَ الَّذِي خَلَقَ އެވެ. އަބޫ ސަލަމާ ވިދާޅުވިއެވެ: ތިކަމާ ބެހޭ ގޮތުން ޖާބިރު ބިން ޢަބްދު ﷲ رَضِيَ اللَّهُ عَنْهُمَا ގެ އަރިހުގައި ތިމަން ސުވާލު ކުރީމެވެ. އަދި ޖާބިރުގެ އަރިހުގައި ތިމަން ދެންނެވީ ހަމަ ތިބާ ތިޔަ ދެންނެވި ފަދައިންނެވެ. ފަހެ ޖާބިރު ވިދާޅުވިއެވެ: ރަސޫލު ﷲ ﷺ ތިމަންމެންނަށް ޙަދީޘް ކުރެއްވި ފަދައިން މެނުވީ ތިބާއަކަށް ތިމަންނަ ކިޔައެއް ނުދެމެވެ. ނަބިއްޔާ ޙަދީޘް ކުރެއްވިއެވެ: ”ޙިރާ ފަރުބަދައިގެ ހޮހަޅާގައި ތިމަން ނަބިއްޔާ އެކަހެރިވެ އިންނެވީމެވެ. ދެން ތިމަން ނަބިއްޔާ އެކަހެރިވެ އިންނެވުން ނިންމެވުމަށް ފަހު އެ ތަނުން ފައިބާވަޑައިގެންނެވީމެވެ. ފަހެ ތިމަން ނަބިއްޔާއަށް ގޮވާލެއްވުނެވެ. ދެން ތިމަން ނަބިއްޔާގެ ކަނާތަށް ބަލާލެއްވުމުން އެއްވެސް އެއްޗެއް ފެނިވަޑައި ނުގަންނަވަމެވެ. އަދި ތިމަން ނަބިއްޔާގެ ވާތަށް ބަލާލެއްވުމުން އެއްވެސް އެއްޗެއް ފެނިވަޑައި ނުގަންނަވަމެވެ. އަދި ތިމަން ނަބިއްޔާގެ ކުރިމައްޗަށް ބަލާލެއްވުމުން އެއްވެސް އެއްޗެއް ފެނިވަޑައި ނުގަންނަވަމެވެ. އަދި ތިމަން ނަބިއްޔާގެ ފަހަތްޕުޅަށް ބަލާލެއްވުމުން އެއްވެސް އެއްޗެއް ފެނިވަޑައި ނުގަންނަވަމެވެ. ދެން ތިމަން ނަބިއްޔާ އިސް އުފުލައިލެއްވުމުން އެއްޗެއް ފެނިވަޑައިގެންނެވީމެވެ. ފަހެ އެނބުރި ޚަދީޖާގެ ގާތަށް ވަޑައިގެން ދެންނެވީމެވެ: ތިމަން ކަލޭގެފާނުގެ ހަށިކޮޅުގައި ރަޖާ ތުރުކުރައްވައި ދެއްވާށެވެ. އަދި ތިމަން ނަބިއްޔާގެ ހަށިކޮޅުގައި ފިނި ފެން އޮއްސަވާށެވެ. ދެން ތިމަން ކަލޭގެފާނުގެ ހަށިކޮޅުގައި ރަޖާ ތުރުކުރައްވައި ފިނި ފެން އޮއްސެވިއެވެ. އެއަށްފަހު ވަހީ ބާވައިލެއްވުނެވެ:“ ❞އޭ ގައިކޮޅުގައި ފޭރާން އޮޅުއްވައިގެން އޮންނެވި ކަލޭގެފާނެވެ. ތެދުވެވަޑައިގެން އިންޒާރު ދެއްވާށެވެ. އަދި ކަލޭގެފާނުގެ ރައްބަށް ތަކްބީރު ވިދާޅުވާށެވެ.❝,b4
صحيح البخاري,4923,حَدَّثَنِي مُحَمَّدُ بْنُ بَشَّارٍ، حَدَّثَنَا عَبْدُ الرَّحْمَنِ بْنُ مَهْدِيٍّ وَغَيْرُهُ قَالَا: حَدَّثَنَا حَرْبُ بْنُ شَدَّادٍ، عَنْ يَحْيَى بْنِ أَبِي كَثِيرٍ، عَنْ أَبِي سَلَمَةَ، عَنْ جَابِرِ بْنِ عَبْدِ اللهِ رَضِيَ اللهُ عَنْهُمَا، عَنِ النَّبِيِّ ﷺ قَالَ: جَاوَرْتُ بِحِرَاءٍ مِثْلَ حَدِيثِ عُثْمَانَ بْنِ عُمَرَ، عَنْ عَلِيِّ بْنِ الْمُبَارَكِ.,ޖާބިރު ބިން ޢަބްދު ﷲ رَضِيَ اللَّهُ عَنْهُمَا ރިވާ ކުރެއްވިއެވެ: ނަބިއްޔާ ﷺ ޙަދީޘް ކުރެއްވިއެވެ: ”ޙިރާ ފަރުބަދައިގެ ހޮހަޅާގައި ތިމަން ނަބިއްޔާ އެކަހެރިވެ އިންނެވީމެވެ.“ އަދި ކުރީގެ ޙަދީޘާ އެއްފަދައިން ރިވާ ކުރެއްވިއެވެ.,b4
صحيح البخاري,4924,حَدَّثَنَا إِسْحَاقُ بْنُ مَنْصُورٍ، حَدَّثَنَا عَبْدُ الصَّمَدِ، حَدَّثَنَا حَرْبٌ، حَدَّثَنَا يَحْيَى قَالَ: سَأَلْتُ أَبَا سَلَمَةَ: أَيُّ الْقُرْآنِ أُنْزِلَ أَوَّلُ؟ فَقَالَ: { يَا أَيُّهَا الْمُدَّثِّرُ } فَقُلْتُ: أُنْبِئْتُ أَنَّهُ: { اقْرَأْ بِاسْمِ رَبِّكَ الَّذِي خَلَقَ } فَقَالَ أَبُو سَلَمَةَ: سَأَلْتُ جَابِرَ بْنَ عَبْدِ اللهِ: أَيُّ الْقُرْآنِ أُنْزِلَ أَوَّلُ؟ فَقَالَ: { يَا أَيُّهَا الْمُدَّثِّرُ } فَقُلْتُ: أُنْبِئْتُ أَنَّهُ: { اقْرَأْ بِاسْمِ رَبِّكَ } فَقَالَ: لَا أُخْبِرُكَ إِلَّا بِمَا قَالَ رَسُولُ اللهِ ﷺ، قَالَ رَسُولُ اللهِ ﷺ: جَاوَرْتُ فِي حِرَاءٍ، فَلَمَّا قَضَيْتُ جِوَارِي، هَبَطْتُ، فَاسْتَبْطَنْتُ الْوَادِيَ، فَنُودِيتُ، فَنَظَرْتُ أَمَامِي وَخَلْفِي وَعَنْ يَمِينِي وَعَنْ شِمَالِي، فَإِذَا هُوَ جَالِسٌ عَلَى عَرْشٍ بَيْنَ السَّمَاءِ وَالْأَرْضِ، فَأَتَيْتُ خَدِيجَةَ فَقُلْتُ: دَثِّرُونِي وَصُبُّوا عَلَيَّ مَاءً بَارِدًا، وَأُنْزِلَ عَلَيَّ: { يَا أَيُّهَا الْمُدَّثِّرُ * قُمْ فَأَنْذِرْ * وَرَبَّكَ فَكَبِّرْ }.,ޔަޙްޔާ ބިން ކަޘީރު ވިދާޅުވިއެވެ: އަބޫ ސަލަމާ ބިން ޢަބްދުއްރަޙްމާންގެ އަރިހުގައި ތިމަން ސުވާލު ކުރީމެވެ: ގުރްއާނުން އެންމެ ފުރަތަމަ ބާވައިލެއްވުނީ ކޮން އާޔަތެއްތޯއެވެ؟ އަބޫ ސަލަމާ ވިދާޅުވިއެވެ: يَا أَيُّهَا الْمُدَّثِّرُ އެވެ. ތިމަން ދެންނެވީމެވެ: ތިމަންނައަށް އެނގިފައިވާ ގޮތުގައި އެއީ اقْرَأْ بِاسْمِ رَبِّكَ الَّذِي خَلَقَ އެވެ. އަބޫ ސަލަމާ ވިދާޅުވިއެވެ: ޖާބިރު ބިން ޢަބްދު ﷲ ގެ އަރިހުގައި ތިމަން ސުވާލު ކުރީމެވެ: ގުރްއާނުން އެންމެ ފުރަތަމަ ބާވައިލެއްވުނީ ކޮން އާޔަތެއްތޯއެވެ؟ ފަހެ ޖާބިރު ވިދާޅުވިއެވެ: يَا أَيُّهَا الْمُدَّثِّرُ އެވެ. ތިމަން ދެންނެވީމެވެ: ތިމަންނައަށް އެނގިފައިވާ ގޮތުގައި އެއީ اقْرَأْ بِاسْمِ رَبِّكَ الَّذِي خَلَقَ އެވެ. ޖާބިރު ވިދާޅުވިއެވެ: ރަސޫލު ﷲ ﷺ ތިމަންމެންނަށް ޙަދީޘް ކުރެއްވި ފަދައިން މެނުވީ ތިބާއަކަށް ތިމަންނަ ކިޔައެއް ނުދެމެވެ. ފަހެ ރަސޫލު ﷲ ﷺ ޙަދީޘް ކުރެއްވިއެވެ: ”ޙިރާ ފަރުބަދައިގެ ހޮހަޅާގައި ތިމަން ނަބިއްޔާ އެކަހެރިވެ އިންނެވީމެވެ. ދެން ތިމަން ނަބިއްޔާ އެކަހެރިވެ އިންނެވުން ނިންމެވުމަށް ފަހު އެ ތަނުން ނުކުމެ ވާދީއަށް ފައިބާވަޑައިގެންނެވީމެވެ. ފަހެ ތިމަން ނަބިއްޔާއަށް ގޮވާލެއްވުނެވެ. ދެން ތިމަން ނަބިއްޔާގެ ކުރިމައްޗަށާއި ފަހަތްޕުޅަށާއި ކަނާތަށާއި ވާތަށް ބަލާލެއްވީމެވެ. ފަހެ އުޑާއި ބިމާ ދެމެދުގައިވާ ގޮނޑިކޮޅެއްގައި އެ މަލާއިކަތާ އިށީނދެ އިންނެވިއެވެ. ދެން އެނބުރި ޚަދީޖާގެ ގާތަށް ވަޑައިގެން ދެންނެވީމެވެ: ތިމަން ކަލޭގެފާނުގެ ހަށިކޮޅުގައި ރަޖާ ތުރުކުރައްވައި ދެއްވާށެވެ. އަދި ތިމަން ނަބިއްޔާގެ ހަށިކޮޅުގައި ފިނި ފެން އޮއްސަވާށެވެ. ދެން ތިމަން ނަބިއްޔާއަށް ބާވައިލެއްވުނެވެ:“ ❞އޭ ގައިކޮޅުގައި ފޭރާން އޮޅުއްވައިގެން އޮންނެވި ކަލޭގެފާނެވެ. ތެދުވެވަޑައިގެން އިންޒާރު ދެއްވާށެވެ. އަދި ކަލޭގެފާނުގެ ރައްބަށް ތަކްބީރު ވިދާޅުވާށެވެ.❝,b4
صحيح البخاري,4925,حَدَّثَنَا يَحْيَى بْنُ بُكَيْرٍ، حَدَّثَنَا اللَّيْثُ، عَنْ عُقَيْلٍ، عَنِ ابْنِ شِهَابٍ، وَحَدَّثَنِي عَبْدُ اللهِ بْنُ مُحَمَّدٍ، حَدَّثَنَا عَبْدُ الرَّزَّاقِ: أَخْبَرَنَا مَعْمَرٌ، عَنِ الزُّهْرِيِّ: فَأَخْبَرَنِي أَبُو سَلَمَةَ بْنُ عَبْدِ الرَّحْمَنِ، عَنْ جَابِرِ بْنِ عَبْدِ اللهِ رَضِيَ اللهُ عَنْهُمَا قَالَ: سَمِعْتُ النَّبِيَّ ﷺ، وَهُوَ يُحَدِّثُ عَنْ فَتْرَةِ الْوَحْيِ، فَقَالَ فِي حَدِيثِهِ: فَبَيْنَا أَنَا أَمْشِي، إِذْ سَمِعْتُ صَوْتًا مِنَ السَّمَاءِ، فَرَفَعْتُ رَأْسِي، فَإِذَا الْمَلَكُ الَّذِي جَاءَنِي بِحِرَاءٍ، جَالِسٌ عَلَى كُرْسِيٍّ بَيْنَ السَّمَاءِ وَالْأَرْضِ، فَجُئِثْتُ مِنْهُ رُعْبًا، فَرَجَعْتُ فَقُلْتُ: زَمِّلُونِي زَمِّلُونِي، فَدَثَّرُونِي، فَأَنْزَلَ اللهُ تَعَالَى: { يَا أَيُّهَا الْمُدَّثِّرُ } إِلَى { وَالرُّجْزَ فَاهْجُرْ } قَبْلَ أَنْ تُفْرَضَ الصَّلَاةُ، وَهِيَ الْأَوْثَانُ.,ޖާބިރު ބިން ޢަބްދު ﷲ رَضِيَ اللَّهُ عَنْهُمَا ރިވާ ކުރެއްވިއެވެ: ވަހީ ބާވައިލެއްވުން (މެދުކެނޑުނު) މުއްދަތުގެ ވާހަކަފުޅު ދައްކަވަމުން، ނަބިއްޔާ ޙާދީޘް ކުރައްވަނިކޮށް ތިމަން އަޑު އެހީމެވެ: ”ތިމަން ނަބިއްޔާ ހިނގައިވަޑައިގަންނަވަމުން ދަނިކޮށް، އުޑުން އަޑެއް އިވިވަޑައިގަތީމެވެ. ފަހެ ތިމަން ނަބިއްޔާ އިސްއުފުއްލަވާފައި ބަލައިލެއްވުމުން، ޙިރާ ފަރުބަދައިގެ ހޮހަޅާގައި ތިމަން ނަބިއްޔާގެ އަރިހަށް އަތުވި މަލާއިކަތާ ދެކެވެޑައިގަތީމެވެ. އުޑާއި ބިމާ ދެމެދުގައިވާ ގޮނޑިކޮޅެއްގައި އެ މަލާއިކަތާ އިށީނދެ އިންނެވިއެވެ. ފަހެ އެ މަލާއިކަތާގެ ކިބައިން ތިމަން ނަބިއްޔާ ބިރުފުޅު ގަންނަވައިގެން، އެނބުރި (ޚަދީޖާގެ ގާތަށް) ވަޑައިގެން ދެންނެވީމެވެ: ތިމަން ކަލޭގެފާނުގެ ހަށިކޮޅުގައި ރަޖާ ތުރުކުރައްވައި ދެއްވާށެވެ. ތިމަން ކަލޭގެފާނުގެ ހަށިކޮޅުގައި ރަޖާ ތުރުކުރައްވައި ދެއްވާށެވެ. ދެން ތިމަން ކަލޭގެފާނުގެ ހަށިކޮޅުގައި ރަޖާ ތުރުކުރެއްވުނެވެ. އެއަށްފަހު ﷲ ތަޢާލާ ވަހީ ބާވައިލެއްވިއެވެ: ❞އޭ ގައިކޮޅުގައި ފޭރާން އޮޅުއްވައިގެން އޮންނެވި ކަލޭގެފާނެވެ. ތެދުވެވަޑައިގެން އިންޒާރު ދެއްވާށެވެ. އަދި ކަލޭގެފާނުގެ ރައްބަށް ތަކްބީރު ވިދާޅުވާށެވެ. އަދި ކަލޭގެފާނުގެ ހެދުންކޮޅު ތާހިރު ކުރައްވާށެވެ. އަދި (ބުދަށް އަޅުކަން ކުރުމާ) ދުރުވެ ވަޑައިގަންނަވާށެވެ.❝ އެއީ ނަމާދު ފުރުޟު ކުރެއްވުމުގެ ކުރިން ހިނގައިދިޔަ ކަމެކެވެ.“ (ޙަދީޘްގެ ރާވީއެއް ކަމަށްވާ އަބޫ ސަލަމާ ވިދާޅުވިއެވެ: ރުޖްޒަކީ) ބުދުތަކެވެ.,b4
صحيح البخاري,4926,حَدَّثَنَا عَبْدُ اللهِ بْنُ يُوسُفَ، حَدَّثَنَا اللَّيْثُ، عَنْ عُقَيْلٍ: قَالَ ابْنُ شِهَابٍ: سَمِعْتُ أَبَا سَلَمَةَ قَالَ: أَخْبَرَنِي جَابِرُ بْنُ عَبْدِ اللهِ: أَنَّهُ سَمِعَ رَسُولَ اللهِ ﷺ، يُحَدِّثُ عَنْ فَتْرَةِ الْوَحْيِ: فَبَيْنَا أَنَا أَمْشِي، سَمِعْتُ صَوْتًا مِنَ السَّمَاءِ، فَرَفَعْتُ بَصَرِي قِبَلَ السَّمَاءِ، فَإِذَا الْمَلَكُ الَّذِي جَاءَنِي بِحِرَاءٍ، قَاعِدٌ عَلَى كُرْسِيٍّ بَيْنَ السَّمَاءِ وَالْأَرْضِ، فَجُئِثْتُ مِنْهُ، حَتَّى هَوَيْتُ إِلَى الْأَرْضِ، فَجِئْتُ أَهْلِي فَقُلْتُ: زَمِّلُونِي زَمِّلُونِي، فَزَمَّلُونِي، فَأَنْزَلَ اللهُ تَعَالَى: { يَا أَيُّهَا الْمُدَّثِّرُ } إِلَى قَوْلِهِ: { فَاهْجُرْ } قَالَ أَبُو سَلَمَةَ: { وَالرُّجْزَ } الْأَوْثَانَ ثُمَّ حَمِيَ الْوَحْيُ وَتَتَابَعَ.,ޖާބިރު ބިން ޢަބްދު ﷲ ރިވާ ކުރެއްވިއެވެ: ވަހީ ބާވައިލެއްވުން (މެދުކެނޑުނު) މުއްދަތުގެ ވާހަކަފުޅު ދައްކަވަމުން، ރަސޫލު ﷲ ﷺ ޙާދީޘް ކުރައްވަނިކޮށް ތިމަން އަޑު އެހީމެވެ: ”ތިމަން ނަބިއްޔާ ހިނގައިވަޑައިގަންނަވަމުން ދަނިކޮށް، އުޑުން އަޑެއް އިވިވަޑައިގަތީމެވެ. ފަހެ ތިމަން ނަބިއްޔާ އިސްއުފުއްލަވާފައި އުޑާ ދިމާލަށް ބަލައިލެއްވުމުން، ޙިރާ ފަރުބަދައިގެ ހޮހަޅާގައި ތިމަން ނަބިއްޔާގެ އަރިހަށް އަތުވި މަލާއިކަތާ ދެކެވެޑައިގަތީމެވެ. އުޑާއި ބިމާ ދެމެދުގައިވާ ގޮނޑިކޮޅެއްގައި އެ މަލާއިކަތާ އިށީނދެ އިންނެވިއެވެ. ފަހެ އެ މަލާއިކަތާގެ ކިބައިން ތިމަން ނަބިއްޔާ ބިރުފުޅު ގަންނަވައިގެން ގޮސް ބިން މައްޗަށް ވެއްޓިވަޑައިގަތީމެވެ. ދެން އެނބުރި ތިމަން ނަބިއްޔާގެ އަނބިކަންބަލުންގެ ގާތަށް ވަޑައިގެން ދެންނެވީމެވެ: ތިމަން ކަލޭގެފާނުގެ ހަށިކޮޅުގައި ރަޖާ ތުރުކުރައްވައި ދެއްވާށެވެ. ތިމަން ކަލޭގެފާނުގެ ހަށިކޮޅުގައި ރަޖާ ތުރުކުރައްވައި ދެއްވާށެވެ. ދެން ތިމަން ކަލޭގެފާނުގެ ހަށިކޮޅުގައި ރަޖާ ތުރުކުރެއްވުނެވެ. އެއަށްފަހު ﷲ ތަޢާލާ ވަހީ ބާވައިލެއްވިއެވެ:“ ❞އޭ ގައިކޮޅުގައި ފޭރާން އޮޅުއްވައިގެން އޮންނެވި ކަލޭގެފާނެވެ. ތެދުވެވަޑައިގެން އިންޒާރު ދެއްވާށެވެ. އަދި ކަލޭގެފާނުގެ ރައްބަށް ތަކްބީރު ވިދާޅުވާށެވެ. އަދި ކަލޭގެފާނުގެ ހެދުންކޮޅު ތާހިރު ކުރައްވާށެވެ. އަދި (ބުދަށް އަޅުކަން ކުރުމާ) ދުރުވެ ވަޑައިގަންނަވާށެވެ.❝ (ޙަދީޘްގެ ރާވީއެއް ކަމަށްވާ) އަބޫ ސަލަމާ ވިދާޅުވިއެވެ: ރުޖްޒަކީ ބުދުތަކެވެ. އެއަށްފަހު ވަރަށް ގިނަގިނައިން ވަހީ ބާވައިލެއްވިގެން ދިޔައެވެ.,b4
صحيح البخاري,4927,حَدَّثَنَا الْحُمَيْدِيُّ، حَدَّثَنَا سُفْيَانُ، حَدَّثَنَا مُوسَى بْنُ أَبِي عَائِشَةَ، وَكَانَ ثِقَةً، عَنْ سَعِيدِ بْنِ جُبَيْرٍ، عَنِ ابْنِ عَبَّاسٍ رَضِيَ اللهُ عَنْهُمَا قَالَ: كَانَ النَّبِيُّ ﷺ إِذَا نَزَلَ عَلَيْهِ الْوَحْيُ حَرَّكَ بِهِ لِسَانَهُ، وَوَصَفَ سُفْيَانُ: يُرِيدُ أَنْ يَحْفَظَهُ، فَأَنْزَلَ اللهُ: { لا تُحَرِّكْ بِهِ لِسَانَكَ لِتَعْجَلَ بِهِ }.,އިބްނު ޢައްބާސް رَضِيَ اللَّهُ عَنْهُمَا ރިވާ ކުރެއްވިއެވެ: ނަބިއްޔާ ﷺ އަށް ވަހީ ބާވައިލެއްވޭ ހިނދު، ނަބިއްޔާގެ ދޫފުޅު އެ ގުރްއާނައިގެން ހަރަކާތް ކުރައްވައެވެ. – (ޙަދީޘްގެ ރާވީއެއް ކަމަށްވާ) ސުފްޔާނު ބިން ޢުޔައިނާ އެކަން ސިފަކޮށްދެއްވިއެވެ. ނަބިއްޔާ އޭގެން ބޭނުންފުޅުވީ ގުރްއާން ހިތުދަސް ކުރެއްވުމަށެވެ. – ދެން ﷲ ވަޙި ބާވައިލެއްވިއެވެ: ❞އެ ގުރްއާން އަވަހަށް ދަސްކުރެއްވުމަށް ކަލޭގެފާނުގެ ދޫފުޅު، އެ ގުރްއާނައިގެން ޙަރަކާތް ނުކުރައްވާށެވެ.❝,b5
صحيح البخاري,4928,حَدَّثَنَا عُبَيْدُ اللهِ بْنُ مُوسَى، عَنْ إِسْرَائِيلَ، عَنْ مُوسَى بْنِ أَبِي عَائِشَةَ أَنَّهُ سَأَلَ سَعِيدَ بْنَ جُبَيْرٍ عَنْ قَوْلِهِ تَعَالَى: { لا تُحَرِّكْ بِهِ لِسَانَكَ } قَالَ: وَقَالَ ابْنُ عَبَّاسٍ: كَانَ يُحَرِّكُ شَفَتَيْهِ إِذَا أُنْزِلَ عَلَيْهِ، فَقِيلَ لَهُ: { لا تُحَرِّكْ بِهِ لِسَانَكَ } يَخْشَى أَنْ يَنْفَلِتَ مِنْهُ، { إِنَّ عَلَيْنَا جَمْعَهُ وَقُرْآنَهُ } أَنْ نَجْمَعَهُ فِي صَدْرِكَ، وَقُرْآنَهُ: أَنْ تَقْرَأَهُ، { فَإِذَا قَرَأْنَاهُ } يَقُولُ: أُنْزِلَ عَلَيْهِ { فَاتَّبِعْ قُرْآنَهُ * ثُمَّ إِنَّ عَلَيْنَا بَيَانَهُ } أَنْ نُبَيِّنَهُ عَلَى لِسَانِكَ.,❞އެ ގުރްއާން (އަވަހަށް ދަސްކުރެއްވުމަށް) ކަލޭގެފާނުގެ ދޫފުޅު، އެ ގުރްއާނައިގެން ޙަރަކާތް ނުކުރައްވާށެވެ.❝ ﷲ ތަޢާލާގެ މި ވަހީ ބަސްފުޅާ ބެހޭ ގޮތުން، ސަޢިދު ބިން ޖުބައިރުގެ އަރިހުގައި، މޫސާ ބިން އަބޫ ޢާއިޝާ ސުވާލު ކުރިއެވެ. އިބްނު ޢައްބާސް ވިދާޅުވިކަމަށް ސައީދު ވިދާޅުވިއެވެ: ނަބިއްޔާއަށް ގުރްއާން ބާވައިލެއްވޭ ހިނދު، ނަބިއްޔާގެ ދޫފުޅު އެ ގުރްއާނައިގެން ހަރަކާތް ކުރައްވައެވެ. ދެން ނަބިއްޔާއަށ ވަޙި ބާވައިލެއްވުނެވެ: ❞އެ ގުރްއާން (އަވަހަށް ދަސްކުރެއްވުމަށް) ކަލޭގެފާނުގެ ދޫފުޅު، އެ ގުރްއާނައިގެން ޙަރަކާތް ނުކުރައްވާށެވެ.❝ (މި އާޔަތާ ބެހޭ ގޮތުން އިބްނު ޢައްބާސް ވިދާޅުވިއެވެ:) ނަބިއްޔާ އެކަން ކުރެއްވީ ހަނދުމަފުޅު ނެތިދާނެތީވެއެވެ. ❞ހަމަކަށަވަރުން އެ ގުރްއާން (ކަލޭގެފާނުގެ ހިތްޕުޅުގައި) އެއްކުރެއްވުމާއި، އެ ކިޔަވައި ވިދާޅުވުމުގެ (ކުޅަދާނަކަން) ދެއްވުމަކީ، ތިމަން އިލާހަށް އޮތް ކެމެވެ.❝ (މި އާޔަތާ ބެހޭ ގޮތުން އިބްނު ޢައްބާސް ވިދާޅުވިއެވެ:) އެބަހީ އިބަ ނަބިއްޔާއަށް ޓަކައި، އިބަ ނަބިއްޔާގެ ހިތްޕުޅުގައި އެ ގުރްއާން ތިމަން އިލާހު އެއްކުރައްވައިގެން އިބަ ނަބިއްޔާ ކިޔަވާ ވިދާޅުވާނެއެވެ. ❞ފަހެ ތިމަން އިލާހު އެ ގުރްއާން ކިޔައިވައިދެއްވާ ހިނދު❝ (މި އާޔަތާ ބެހޭ ގޮތުން) އިބްނު ޢައްބާސް ވިދާޅުވިއެވެ: އެބަހީ ނަބިއްޔާއަށް ވަހީ ބާވައިލެއްވޭ ހިނދެވެ.❝ ❞ކަލޭގެފާނު (ހަނުހުންނަވައިގެން) އެ ކިޔަވައިދެއްވުމާ ތަބާވެވަޑައިގަންނަވާށެވެ. ދެން ހަމަކަށަވަރުން އެ ގުރްއާން ބަޔާންކޮށްދެއްވުން ވަނީވެސް ތިމަން އިލާހަށެވެ.❝ (މި އާޔަތާ ބެހޭ ގޮތުން އިބްނު ޢައްބާސް ވިދާޅުވިއެވެ:) އެބަހީ އިބަ ނަބިއްޔާގެ ދޫފުޅުމަތިން ތިމަން އިލާހު އެ ގުރްއާން ބަޔާންކޮށްދެއްވާނަމެވެ.,b5
صحيح البخاري,4929,حَدَّثَنَا قُتَيْبَةُ بْنُ سَعِيدٍ، حَدَّثَنَا جَرِيرٌ، عَنْ مُوسَى بْنِ أَبِي عَائِشَةَ، عَنْ سَعِيدِ بْنِ جُبَيْرٍ، عَنِ ابْنِ عَبَّاسٍ، فِي قَوْلِهِ: { لا تُحَرِّكْ بِهِ لِسَانَكَ لِتَعْجَلَ بِهِ } قَالَ: كَانَ رَسُولُ اللهِ ﷺ إِذَا نَزَلَ جِبْرِيلُ بِالْوَحْيِ، وَكَانَ مِمَّا يُحَرِّكُ بِهِ لِسَانَهُ وَشَفَتَيْهِ فَيَشْتَدُّ عَلَيْهِ، وَكَانَ يُعْرَفُ مِنْهُ، فَأَنْزَلَ اللهُ الْآيَةَ الَّتِي فِي: { لا أُقْسِمُ بِيَوْمِ الْقِيَامَةِ } { لا تُحَرِّكْ بِهِ لِسَانَكَ لِتَعْجَلَ بِهِ * إِنَّ عَلَيْنَا جَمْعَهُ وَقُرْآنَهُ } قَالَ: عَلَيْنَا أَنْ نَجْمَعَهُ فِي صَدْرِكَ، وَقُرْآنَهُ { فَإِذَا قَرَأْنَاهُ فَاتَّبِعْ قُرْآنَهُ } فَإِذَا أَنْزَلْنَاهُ فَاسْتَمِعْ، { ثُمَّ إِنَّ عَلَيْنَا بَيَانَهُ } عَلَيْنَا أَنْ نُبَيِّنَهُ بِلِسَانِكَ. قَالَ: فَكَانَ إِذَا أَتَاهُ جِبْرِيلُ أَطْرَقَ، فَإِذَا ذَهَبَ قَرَأَهُ كَمَا وَعَدَهُ اللهُ. { أَوْلَى لَكَ فَأَوْلَى } تَوَعُّدٌ.,❞އެ ގުރްއާން އަވަހަށް ދަސްކުރެއްވުމަށް ކަލޭގެފާނުގެ ދޫފުޅު، އެ ގުރްއާނައިގެން ޙަރަކާތް ނުކުރައްވާށެވެ.❝ ﷲގެ މި ވަހީ ބަސްފުޅާ ބެހޭ ގޮތުން އިބްނު ޢައްބާސް ރިވާ ކުރެއްވިއެވެ: ރަސޫލު ﷲ ﷺ ގެ އަރިހަށް ވަހީއައިގެން ޖިބްރީލު ވަޑައިގަންނަވާ ހިނދު، (އެ ގުރްއާނައިގެން) ނަބިއްޔާގެ ދޫފުޅާއި ތުންފަތްކޮޅު ހަރަކާތް ކުރައްވައެވެ. އަދި ވަހީ ލިބިވަޑައިގެންނެވީ ބުރަކަމާއެކީގައެވެ. ނަބިއްޔާގެ އަރިހުން އެކަން އެނގެން ހުއްޓެވެ. ދެން ❞ގިޔާމަތް ދުވަސް ގަންދެއްވައި ހުވާ ވަހީ ކުރައްވަމެވެ.❝ މި (ސޫރަތުގައި) ވާ އާޔަތް ﷲ ބާވައިލެއްވިއެވެ: ❞އެ ގުރްއާން އަވަހަށް ދަސްކުރެއްވުމަށް ކަލޭގެފާނުގެ ދޫފުޅު، އެ ގުރްއާނައިގެން ޙަރަކާތް ނުކުރައްވާށެވެ. ހަމަކަށަވަރުން އެ ގުރްއާން (ކަލޭގެފާނުގެ ހިތްޕުޅުގައި) އެއްކުރެއްވުމާއި، އެ ކިޔަވައި ވިދާޅުވުމުގެ (ކުޅަދާނަކަން) ދެއްވުމަކީ، ތިމަން އިލާހަށް އޮތް ކެމެވެ.❝ (މި އާޔަތާ ބެހޭ ގޮތުން) އިބްނު ޢައްބާސް ވިދާޅުވިއެވެ: އެބަހީ އިބަ ނަބިއްޔާއަށް ޓަކައި، އިބަ ނަބިއްޔާގެ ހިތްޕުޅުގައި އެ ގުރްއާން ﷲ އެއްކުރައްވައިގެން އިބަ ނަބިއްޔާ ކިޔަވާ ވިދާޅުވާނެއެވެ. ❞ފަހެ ތިމަން އިލާހު އެ ގުރްއާން ކިޔައިވައިދެއްވާ ހިނދު، ކަލޭގެފާނު (ހަނުހުންނަވައިގެން) އެ ކިޔަވައިދެއްވުމާ ތަބާވެވަޑައިގަންނަވާށެވެ.❝ (މި އާޔަތާ ބެހޭ ގޮތުން) އިބްނު ޢައްބާސް ވިދާޅުވިއެވެ: އެބަހީ އެ ގުރްއާން ބާވައިލެއްވޭ ހިނދު އެއަށް ކަނުލައި އަޑުއައްސަވާށެވެ. ❞ދެން ހަމަކަށަވަރުން އެ ގުރްއާން ބަޔާންކޮށްދެއްވުން ވަނީވެސް ތިމަން އިލާހަށެވެ.❝ (މި އާޔަތާ ބެހޭ ގޮތުން) އިބްނު ޢައްބާސް ވިދާޅުވިއެވެ: އެބަހީ އިބަ ނަބިއްޔާގެ ދޫފުޅުމަތިން އެ ގުރްއާން ބަޔާންކޮށްދެއްވުން ވަނީވެސް ތިމަން އިލާހަށެވެ. އެއަށްފަހު ނަބިއްޔާގެ އަރިހަށް ޖިބްރީލު ވަޑައިގަންނަވާ ހިނދު، ނަބިއްޔާ ކަނުލައި އަޑުއައްސަވައެވެ. ދެން ޖިބްރީލު ވަޑައިގެން ދިޔުމަށް ފަހު، ﷲ ނަބިއްޔާއަށް ވަޢުދުވެވަޑައިގެންނެވި ފަދައިން ނަބިއްޔާ އެ ގުރްއާން ކިޔަވައި ވިދާޅުވެއެވެ. (ދެން އެ ސޫރަތުގެ ފަހުކޮޅުގައިވާ) ❞ތިބާއަށް ހަލާކު ހުއްޓެވެ. ދެންވެސް ތިބާއަށް ހަލާކު ހުއްޓެވެ.❝ (މި އާޔަތާ ބެހޭ ގޮތުން) އިބްނު ޢައްބާސް ވިދާޅުވިއެވެ: އެއީ (ދީން ދޮގުކޮށް ފުރަގަސްދިން މީހުންނަށް ﷲ ކުރެއްވި) ވައީދުގެ ބަސްފުޅެކެވެ.,b5
صحيح البخاري,4937,الْمَاهِرُ بِالْقُرْآنِ مَعَ السَّفَرَةِ الْكِرَامِ الْبَرَرَةِ، وَالَّذِي يَقْرَأُ الْقُرْآنَ وَيَتَتَعْتَعُ فِيهِ وَهُوَ عَلَيْهِ شَاقٌّ لَهُ أَجْرَانِ,ކީރިތި ގުރުއާނު (ހިތުދަސްކޮށް) ރިވެތިކޮށް ރަނގަޅަށް ކިޔަވާމީހާވާނީ ކިޔަމަންތެރި މާތްވެގެންވާ މަލާއިކަތުންނާ އެކުގައެވެ. އަދި ދަތި އުނދަގުލާއެކު އަޅައަޅައިގަންނަ ހާލު (ގުރުއާނަށް ފަރުވާތެރިވެ) އެކަމަށް މަސައްކަތްކުރާ މީހާއަށް ދެ ދަރުމަ ވެއެވެ.,
صحيح البخاري,4937,مَثَلُ الذي يَقْرَأُ القُرْآنَ وهو حافِظٌ له، مع السَّفَرَةِ الكِرامِ البَرَرَةِ، ومَثَلُ الذي يَقْرَأُ وهو يَتَعاهَدُهُ، وهو عليه شَدِيدٌ؛ فَلَهُ أجْرانِ.,ގުރްއާން ހިތުދަސް ހާލު (އެޔަށް ރައްކާތެރިވެ) ކިޔަވާމީހާވަނީ ކިޔަމަންތެރި މާތްވެގެންވާ ވަހީ ލިޔުއްވާ މަލާއިކަތުންނާއެކުގައެވެ. އަދި އޭނާއަށް ކިޔަން އުނދަގޫވުމާއިއެކުވެސް (ގަދައަޅައި) ދެމިހުންނަނިވި ގޮތުގައި އެގުރްއާން ކިޔަވާ މީހާއަށް ދެދަރުމަވެއެވެ.,
صحيح البخاري,4953,حَدَّثَنَا يَحْيَى، حَدَّثَنَا اللَّيْثُ، عَنْ عُقَيْلٍ، عَنِ ابْنِ شِهَابٍ. حَدَّثَنِي سَعِيدُ بْنُ مَرْوَانَ، حَدَّثَنَا مُحَمَّدُ بْنُ عَبْدِ الْعَزِيزِ بْنِ أَبِي رِزْمَةَ، أَخْبَرَنَا أَبُو صَالِحٍ سَلْمَوَيْهِ قَالَ: حَدَّثَنِي عَبْدُ اللهِ، عَنْ يُونُسَ بْنِ يَزِيدَ قَالَ: أَخْبَرَنِي ابْنُ شِهَابٍ: أَنَّ عُرْوَةَ بْنَ الزُّبَيْرِ أَخْبَرَهُ: أَنَّ عَائِشَةَ زَوْجَ النَّبِيِّ ﷺ قَالَتْ: كَانَ أَوَّلَ مَا بُدِئَ بِهِ رَسُولُ اللهِ ﷺ الرُّؤْيَا الصَّادِقَةُ فِي النَّوْمِ، فَكَانَ لَا يَرَى رُؤْيَا إِلَّا جَاءَتْ مِثْلَ فَلَقِ الصُّبْحِ، ثُمَّ حُبِّبَ إِلَيْهِ الْخَلَاءُ، فَكَانَ يَلْحَقُ بِغَارِ حِرَاءٍ، فَيَتَحَنَّثُ فِيهِ، قَالَ: وَالتَّحَنُّثُ التَّعَبُّدُ اللَّيَالِيَ ذَوَاتِ الْعَدَدِ، قَبْلَ أَنْ يَرْجِعَ إِلَى أَهْلِهِ، وَيَتَزَوَّدُ لِذَلِكَ، ثُمَّ يَرْجِعُ إِلَى خَدِيجَةَ، فَيَتَزَوَّدُ بِمِثْلِهَا، حَتَّى فَجِئَهُ الْحَقُّ وَهُوَ فِي غَارِ حِرَاءٍ، فَجَاءَهُ الْمَلَكُ فَقَالَ: اقْرَأْ، فَقَالَ رَسُولُ اللهِ ﷺ: مَا أَنَا بِقَارِئٍ، قَالَ: فَأَخَذَنِي فَغَطَّنِي حَتَّى بَلَغَ مِنِّي الْجَهْدُ، ثُمَّ أَرْسَلَنِي، فَقَالَ: اقْرَأْ، قُلْتُ: مَا أَنَا بِقَارِئٍ، فَأَخَذَنِي فَغَطَّنِي الثَّانِيَةَ، حَتَّى بَلَغَ مِنِّي الْجَهْدُ، ثُمَّ أَرْسَلَنِي، فَقَالَ: اقْرَأْ، قُلْتُ: مَا أَنَا بِقَارِئٍ، فَأَخَذَنِي فَغَطَّنِي الثَّالِثَةَ، حَتَّى بَلَغَ مِنِّي الْجَهْدُ، ثُمَّ أَرْسَلَنِي، فَقَالَ: { اقْرَأْ بِاسْمِ رَبِّكَ الَّذِي خَلَقَ * خَلَقَ الإِنْسَانَ مِنْ عَلَقٍ * اقْرَأْ وَرَبُّكَ الأَكْرَمُ * الَّذِي عَلَّمَ بِالْقَلَمِ } الْآيَاتِ إِلَى قَوْلِهِ: { عَلَّمَ الإِنْسَانَ مَا لَمْ يَعْلَمْ } فَرَجَعَ بِهَا رَسُولُ اللهِ ﷺ تَرْجُفُ بَوَادِرُهُ، حَتَّى دَخَلَ عَلَى خَدِيجَةَ، فَقَالَ: زَمِّلُونِي زَمِّلُونِي، فَزَمَّلُوهُ حَتَّى ذَهَبَ عَنْهُ الرَّوْعُ، قَالَ لِخَدِيجَةَ: أَيْ خَدِيجَةُ، مَا لِي، لَقَدْ خَشِيتُ عَلَى نَفْسِي، فَأَخْبَرَهَا الْخَبَرَ، قَالَتْ خَدِيجَةُ: كَلَّا، أَبْشِرْ، فَوَاللهِ لَا يُخْزِيكَ اللهُ أَبَدًا، فَوَاللهِ إِنَّكَ لَتَصِلُ الرَّحِمَ، وَتَصْدُقُ الْحَدِيثَ، وَتَحْمِلُ الْكَلَّ، وَتَكْسِبُ الْمَعْدُومَ، وَتَقْرِي الضَّيْفَ، وَتُعِينُ عَلَى نَوَائِبِ الْحَقِّ، فَانْطَلَقَتْ بِهِ خَدِيجَةُ حَتَّى أَتَتْ بِهِ وَرَقَةَ بْنَ نَوْفَلٍ،وَهُوَ ابْنُ عَمِّ خَدِيجَةَ أَخِي أَبِيهَا، وَكَانَ امْرَأً تَنَصَّرَ فِي الْجَاهِلِيَّةِ، وَكَانَ يَكْتُبُ الْكِتَابَ الْعَرَبِيَّ، وَيَكْتُبُ مِنَ الْإِنْجِيلِ بِالْعَرَبِيَّةِ مَا شَاءَ اللهُ أَنْ يَكْتُبَ، وَكَانَ شَيْخًا كَبِيرًا قَدْ عَمِيَ، فَقَالَتْ خَدِيجَةُ: يَا عَمِّ، اسْمَعْ مِنَ ابْنِ أَخِيكَ، قَالَ وَرَقَةُ: يَا ابْنَ أَخِي، مَاذَا تَرَى؟ فَأَخْبَرَهُ النَّبِيُّ ﷺ خَبَرَ مَا رَأَى، فَقَالَ وَرَقَةُ: هَذَا النَّامُوسُ الَّذِي أُنْزِلَ عَلَى مُوسَى، لَيْتَنِي فِيهَا جَذَعًا، لَيْتَنِي أَكُونُ حَيًّا، ذَكَرَ حَرْفًا، قَالَ رَسُولُ اللهِ ﷺ: أَوَمُخْرِجِيَّ هُمْ؟ قَالَ وَرَقَةُ: نَعَمْ، لَمْ يَأْتِ رَجُلٌ بِمَا جِئْتَ بِهِ إِلَّا أُوذِيَ، وَإِنْ يُدْرِكْنِي يَوْمُكَ حَيًّا أ َنْصُرْكَ نَصْرًا مُؤَزَّرًا، ثُمَّ لَمْ يَنْشَبْ وَرَقَةُ أَنْ تُوُفِّيَ، وَفَتَرَ الْوَحْيُ فَتْرَةً، حَتَّى حَزِنَ رَسُولُ اللهِ ﷺ.,ނަބިއްޔާ ﷺ ގެ އަނބިކަނބަލުން ޢާއިޝާ ރިވާ ކުރެއްވިއެވެ: ރަސޫލު ﷲ ﷺ އަށް (އެންމެ ފުރަތަމަ ވަހީ ބާވައިލެވެން) ފެއްޓުނީ، އަވަހާރަފުޅުލައްޕަވަނިކޮށް ފެނިވަޑައިގަންނަވާ ތެދު ހުވަފެންފުޅުތަކުންނެވެ. ނަބިއްޔާއަށް ހުވަފެންފުޅެއް ފެނިވަޑައިގަންނަވާ ނަމަ، އެކަން ހެނދުނުގެ އަލިކަން ފަދައިން (ޙަގީގަތަށްވެ) ނައިސް ނުދެއެވެ. އެއަށްފަހު ނަބިއްޔާ އެކަހެރިވެ އިންނެވުމަށް ލޯބި ޖެއްސެވުނެވެ. އަދި ޙިރާ ފަރުބަދައިގެ ހޮހަޅައިގައި އެކަހެރިވެލައްވައެވެ. -ޙަދީޘްގެ ރާވީ ވިދާޅުވިއެވެ: އެކަހެރިވެލެއްވުމުގެ މާނައަކީ، އެތައް ރޭތަކެއް ވާންދެން އެ ތަނުގައި އަޅުކަން ކުރައްވަން ހުންނެވިކަމެވެ.- އެއަށްފަހު އަހުލުވެރިން ގާތަށް ވަޑައިގެން ދަތުރުގެ ކޮއްތު ތައްޔާރު ކުރައްވައި އަނބުރާ އެ ތަނަށްވަޑައިގަންނަވައެވެ. ހަމަ އެފަދައިން އަނެއްކާ ޚަދީޖާގެ ގާތަށް ވަޑައިގެން، ދަތުރުގެ ކޮއްތު ތައްޔާރު ކުރައްވައި އަނބުރާ އެ ތަނަށްވަޑައިގަންނަވައެވެ. އެހެން ގޮސް، ޙިރާ ފަރުބަދައިގެ ހޮހަޅައިގައި ހުންނަވަނިކޮށް ކުއްލި ގޮތަކަށް އެކަލޭގެފާނަށް ޙައްގުތެދު އަތުވެއްޖެއެވެ. ދެން މަލާއިކަތާ (ޖިބްރީލު) ވަޑައިގެން ދެންނެވިއެވެ: ކިޔަވައި ވިދާޅުވާށެވެ. ރަސޫލު ﷲ ﷺ ދެންނެވިއެވެ: ”ތިމަންކަލޭގެފާނީ ކިޔަވައި ވިދާޅުވަން ދެނެވަޑައިގަންނަވާ ބޭކަލެއް ނޫނެވެ.“ ނަބިއްޔާ ޙަދީޘް ކުރެއްވިއެވެ: ”ދެން އެ މަލާއިކަތާ ތިމަން ނަބިއްޔާ ހާސްފުޅުވަންދެން (ހަށިކޮޅުގައި) ހިއްޕަވައި ފިއްތަވައިލެއްވިއެވެ. އެއަށްފަހު ދޫކޮށްލަވާފައި ދެންނެވިއެވެ: ކިޔަވައި ވިދާޅުވާށެވެ. ތިމަން ނަބިއްޔާ ދެންނެވީމެވެ: ”ތިމަންކަލޭގެފާނީ ކިޔަވައި ވިދާޅުވަން ދެނެވަޑައިގަންނަވާ ބޭކަލެއް ނޫނެވެ. ދެން ދެވަނަ ފަހަރަށް ތިމަން ނަބިއްޔާ ހާސްފުޅުވަންދެން (ހަށިކޮޅުގައި) ހިއްޕަވައި ފިއްތަވައިލެއްވިއެވެ. އެއަށްފަހު ދޫކޮށްލަވާފައި ދެންނެވިއެވެ: ކިޔަވައި ވިދާޅުވާށެވެ. ތިމަން ނަބިއްޔާ ދެންނެވީމެވެ: ތިމަންކަލޭގެފާނީ ކިޔަވައި ވިދާޅުވަން ދެނެވަޑައިގަންނަވާ ބޭކަލެއް ނޫނެވެ. ދެން ތިންވަނަ ފަހަރަށް ތިމަން ނަބިއްޔާ ހާސްފުޅުވަންދެން (ހަށިކޮޅުގައި) ހިއްޕަވައި ފިއްތަވައިލެއްވިއެވެ. އެއަށްފަހު ދޫކޮށްލަވާފައި ދެންނެވިއެވެ:“ ❞އިބަ ނަބިއްޔާގެ ރައްބުގެ އިސްމުފުޅުން އިބަ ނަބިއްޔާ ކިޔަވައި ވިދާޅުވާށެވެ. އެ އިލާހީ (އެންމެހައި ތަކެތި) އުފެއްދެވި އިލާހެވެ. އެ އިލާހު އިންސާނާ އުފެއްދެވީ ގަނޑު ލޭކޮޅަކުންނެވެ. އިބަ ނަބިއްޔާ ކިޔަވައި ވިދާޅުވާށެވެ. އަދި އިބަ ނަބިއްޔާގެ ރައްބަކީ، އެންމެ ދީލަތިވަންތަ އިލާހެވެ. އެ އިލާހީ ގަލަމުން (ލިޔަން) އުނގަންނަވައިދެއްވި އިލާހެވެ. އިންސާނާއަށް އޭނާ ނުދަންނަ ކަންތައް، އެ އިލާހު އުނގަންވައިދެއްވިއެވެ.❝ ދެން ރަސޫލު ﷲ ﷺ ލަގޮނޑިފުޅު ތުރުތުރު އަޅުއްވާ ހާލު، އެ އާޔަތްތަކާއެކު އެނބުރި ޚަދީޖާ ބިންތި ޚުވައިލިދު رَضِيَ اللَّهُ عَنْهَا ގެ ގާތަށް ވަދެވަޑައިގެން ދެންނެވިއެވެ: ”ތިމަން ކަލޭގެފާނުގެ ހަށިކޮޅުގައި ރަޖާ ތުރުކުރައްވައި ދެއްވާށެވެ. ތިމަން ކަލޭގެފާނުގެ ހަށިކޮޅުގައި ރަޖާ ތުރުކުރައްވައި ދެއްވާށެވެ.“ ދެން ނަބިއްޔާގެ ކިބައިން ބިރުފުޅު ފިލައްޖައުމަށް ދާންދެން ހަށިކޮޅުގައި ރަޖާ ތުރުކުރެއްވިއެވެ. އެކަލޭގެދާނު ދެންނެވިއެވެ: ”އޭ ޚަދީޖާއެވެ. ތިމަން ކަލޭގެފާނަށް މިވީ ކިހިނެއްބާވައެވެ. ހަމަކަށަވަރުން ތިމަން ކަލޭގެފާނުގެ ފުރާނަފުޅަށް ނުރައްކާ ވެދާނެކަމަށް ބިރުފުޅުގަތީމެވެ.“ އަދި ޚަދީޖާއަށް ކަން ހިނގި ގޮތުގެ ޚަބަރު ދެއްވިއެވެ. ޚަދީޖާ ދެންނެވިއެވެ: ހަމަހިލާ އެހެނެންނަކުން ނުވާނެވެ. ކަލޭގެފާނު އުފާވެރިކަމުގެ ޚަބަރު ލިބިގަންނާށެވެ. ﷲ ގަންދީ ބުނަމެވެ. ދުވަހަކު ވެސް ﷲ ކަލޭގެފާނު ގެއްލެނި ނުކުރައްވާނެއެވެ. ﷲ ގަންދީ ބުނަމެވެ. ހަމަކަށަވަރުން ކަލޭގެފާނު ރަޙިމުގެ ގުޅުން ދަމަހައްޓަވައެވެ. އަދި ތެދުބަސްފުޅު ވިދާޅުވެއެވެ. އަދި ނިކަމެތިންގެ ބުރަ އުފުއްލަވައެވެ. އަދި ނުލިބޭ މީހުންނަށް އެހީތެރިކަން ފޯރުވައި ދެއްވައެވެ. އަދި މެހެމާނުންނަށް ކަމޭހިއްތަވައެވެ. އަދި (މީސްތަކުންގެ) ޙައްގުތަކުގައި އެހީތެރިވެލައްވައެވެ. ދެން ޚަދީޖާ، ނަބިއްޔާއައިގެން އެ ކަމަނާގެ ބައްޕަ ފަރާތު ބޮޑުބޭބެގެ ދަރި ވަރަގާ ބިން ނައުފަލުގެ ގާތަށް ވަޑައިގަތެވެ. އެއީ ޖާހިލިއްޔަ ޒަމާނުގައި ނަޞާރަ ދީނަށް ވަތް މީހެކެވެ. އަދި ޢަރަބި ބަހުން ލިޔެއުޅުނެވެ. އެ ގޮތުން ﷲ އިރާދަ ކުރެއްވި މިންވަރަކަށް (ޢިބްރާނީ ބަހުން) ޢަރަބި ބަހަށް އިންޖީލު ލިޔެ އުޅުނެވެ. އަދި އެއީ މުސްކުޅި، ލޯ އަނދިރިވެފައިވާ މީހެކެވެ. ޚަދީޖާ އޭނާއަށް ދެންނެވިއެވެ: އޭ ތިމަންކަމަނާގެ ބޮޑުބޭބެގެ ދަރިއާއެވެ. ތިބާގެ ބޭބެގެ ދަރިކަލުންގެ ވާހަކަފުޅު އަޑުއަހާށެވެ. ވަރަގާ ނަބިއްޔާއަށް ދެންނެވިއެވެ: އޭ ތިމަންނަގެ ބޭބެގެ ދަރިކަލުންނޭވެ. ކަލޭގެފާނަށް ފެނިވަޑައިގަތީ ކޮންކަމެއްތޯއެވެ؟ ދެން ނަބިއްޔާ ﷺ އަށް ފެނިވަޑައިގަތް ކަންތަކުގެ ޚަބަރު ވަރަގާއަށް ދެއްވިއެވެ. ވަރަގާ ދެންނެވިއެވެ: ތިޔައީ މޫސާގެފާނަށް ފޮނުއްވެވި ނާމޫސް (މަލާއިކަތާ ޖިބްރީލު) އެވެ. ތިމަންނަ ޒުވާން މީހަކަށް ވެހުރެ، (ކަލޭގެފާނުގެ ގައުމުގެ މީހުން، ކަލޭގެފާނު ނެރެލައްވައި ހިނދު) ތިމަން ދިރި ހުންނާނެ ނަމަ ކިހާ ރަނގަޅުހެއްޔެވެ. ރަސޫލު ﷲ ﷺ ޙަދީޘް ކުރެއްވިއެވެ: ”އެބައިމީހުން ތިމަން ކަލޭގެފާނު ނެރެލައްވާނެތޯއެވެ؟“ ވަރަގާ ދެންނެވިއެވެ: އާއެކެވެ. އެ މީހަކަށް ބަޔަކު އުނދަގޫކޮށް (އަދާވާތްތެރި) ނުވެ، ތިޔަ ގެންނެވި ފަދަ ކަމެއް އެއްވެސް މީހަކު ދުވަހަކުވެސް ގެނެސްފައެއް ނެތެވެ. އަދި ކަލޭގެފާނުގެ އެ ދުވަސްވަރު ތިމަންނަ ދިރިހުއްޓައި ދިމާވާ ނަމަ، ކަލޭގެފާނަށް ގަދަވެގެންވާ ނަޞްރަކުން ނަޞްރު ދޭނެކަން ކަށަވަރެވެ. އެއަށްފަހު މާ ގިނަ ދުވަސްތަކެއް ނުވަނީސް ވަރަގާ ނިޔާވެއްޖެއެވެ. އަދި މުއްދަތަކަށް ވަހީ ބާވައިލެއްވުން މެދުކެނޑިގެން އެކަމާމެދު ރަސޫލު ﷲ ﷺ ހިތާމަ ކުރެއްވިއެވެ.,b3
صحيح البخاري,4954,قَالَ مُحَمَّدُ بْنُ شِهَابٍ: فَأَخْبَرَنِي أَبُو سَلَمَةَ: أَنَّ جَابِرَ بْنَ عَبْدِ اللهِ الْأَنْصَارِيَّ رَضِيَ اللهُ عَنْهُمَا: قَالَ: قَالَ رَسُولُ اللهِ ﷺ، وَهُوَ يُحَدِّثُ عَنْ فَتْرَةِ الْوَحْيِ، قَالَ فِي حَدِيثِهِ: بَيْنَا أَنَا أَمْشِي، سَمِعْتُ صَوْتًا مِنَ السَّمَاءِ، فَرَفَعْتُ بَصَرِي، فَإِذَا الْمَلَكُ الَّذِي جَاءَنِي بِحِرَاءٍ، جَالِسٌ عَلَى كُرْسِيٍّ بَيْنَ السَّمَاءِ وَالْأَرْضِ، فَفَرِقْتُ مِنْهُ، فَرَجَعْتُ، فَقُلْتُ: زَمِّلُونِي زَمِّلُونِي، فَدَثَّرُوهُ، فَأَنْزَلَ اللهُ تَعَالَى: { يَا أَيُّهَا الْمُدَّثِّرُ * قُمْ فَأَنْذِرْ * وَرَبَّكَ فَكَبِّرْ * وَثِيَابَكَ فَطَهِّرْ * وَالرُّجْزَ فَاهْجُرْ }. قَالَ أَبُو سَلَمَةَ: وَهِيَ الْأَوْثَانُ الَّتِي كَانَ أَهْلُ الْجَاهِلِيَّةِ يَعْبُدُونَ، قَالَ: ثُمَّ تَتَابَعَ الْوَحْيُ.,ޖާބިރު ބިން ޢަބްދު ﷲ އަލްއަންޞާރީ رَضِيَ اللَّهُ عَنْهُمَا ރިވާ ކުރެއްވިއެވެ: ވަހީ ބާވައިލެއްވުން (މެދުކެނޑުނު) މުއްދަތުގެ ވާހަކަފުޅު ދައްކަވަމުން، ރަސޫލު ﷲ ﷺ ޙާދީޘް ކުރައްވަނިކޮށް ތިމަން އަޑު އެހީމެވެ: ”ތިމަން ނަބިއްޔާ ހިނގައިވަޑައިގަންނަވަމުން ދަނިކޮށް، އުޑުން އަޑެއް އިވިވަޑައިގަތީމެވެ. ފަހެ ތިމަން ނަބިއްޔާ އިސްއުފުއްލަވާފައި އުޑާ ދިމާލަށް ބަލައިލެއްވުމުން، ޙިރާ ފަރުބަދައިގެ ހޮހަޅާގައި ތިމަން ނަބިއްޔާގެ އަރިހަށް އަތުވި މަލާއިކަތާ ދެކެވެޑައިގަތީމެވެ. އުޑާއި ބިމާ ދެމެދުގައިވާ ގޮނޑިކޮޅެއްގައި އެ މަލާއިކަތާ އިށީނދެ އިންނެވިއެވެ. ފަހެ އެ މަލާއިކަތާގެ ކިބައިން ތިމަން ނަބިއްޔާ ބިރުފުޅު ގަންނަވައިގެން، އެނބުރި (ޚަދީޖާގެ ގާތަށް) ވަޑައިގެން ދެންނެވީމެވެ: ތިމަން ކަލޭގެފާނުގެ ހަށިކޮޅުގައި ރަޖާ ތުރުކުރައްވައި ދެއްވާށެވެ. ތިމަން ކަލޭގެފާނުގެ ހަށިކޮޅުގައި ރަޖާ ތުރުކުރައްވައި ދެއްވާށެވެ.“ ދެން ނަބިއްޔާގެ ހަށިކޮޅުގައި ރަޖާ ތުރުކުރެއްވުނެވެ. އެއަށްފަހު ﷲ ތަޢާލާ ވަހީ ބާވައިލެއްވިއެވެ:“ ❞އޭ ގައިކޮޅުގައި ފޭރާން އޮޅުއްވައިގެން އޮންނެވި ކަލޭގެފާނެވެ. ތެދުވެވަޑައިގެން އިންޒާރު ދެއްވާށެވެ. އަދި ކަލޭގެފާނުގެ ރައްބަށް ތަކްބީރު ވިދާޅުވާށެވެ. އަދި ކަލޭގެފާނުގެ ހެދުންކޮޅު ތާހިރު ކުރައްވާށެވެ. އަދި (ބުދަށް އަޅުކަން ކުރުމާ) ދުރުވެ ވަޑައިގަންނަވާށެވެ.❝ (ޙަދީޘްގެ ރާވީއެއް ކަމަށްވާ) އަބޫ ސަލަމާ ވިދާޅުވިއެވެ: (ރުޖްޒަކީ) ޖާހިލިއްޔަ ޒަމާނުގައި މީހުން އަޅުކަންކޮށް އުޅުނު ބުދުތަކެވެ. އެއަށްފަހު ވަރަށް ގިނަގިނައިން ވަހީ ބާވައިލެއްވިގެން ދިޔައެވެ.,b4
صحيح البخاري,4955,حَدَّثَنَا ابْنُ بُكَيْرٍ، حَدَّثَنَا اللَّيْثُ، عَنْ عُقَيْلٍ، عَنِ ابْنِ شِهَابٍ، عَنْ عُرْوَةَ: أَنَّ عَائِشَةَ رَضِيَ اللهُ عَنْهَا قَالَتْ: أَوَّلُ مَا بُدِئَ بِهِ رَسُولُ اللهِ ﷺ الرُّؤْيَا الصَّالِحَةُ، فَجَاءَهُ الْمَلَكُ، فَقَالَ: { اقْرَأْ بِاسْمِ رَبِّكَ الَّذِي خَلَقَ * خَلَقَ الإِنْسَانَ مِنْ عَلَقٍ * اقْرَأْ وَرَبُّكَ الأَكْرَمُ }.,ޢާއިޝާ رَضِيَ اللَّهُ عَنْهَا ރިވާ ކުރެއްވިއެވެ: ރަސޫލު ﷲ ﷺ އަށް (އެންމެ ފުރަތަމަ ވަހީ ބާވައިލެވެން) ފެއްޓުނީ، އަވަހާރަފުޅުލައްޕަވަނިކޮށް ފެނިވަޑައިގަންނަވާ ހެޔޮ ހުވަފެންފުޅުތަކުންނެވެ. އެއަށްފަހު މަލާއިކަތާ (ޖިބްރީލު) ވަޑައިގެން ދެންނެވިއެވެ: ❞އިބަ ނަބިއްޔާގެ ރައްބުގެ އިސްމުފުޅުން އިބަ ނަބިއްޔާ ކިޔަވައި ވިދާޅުވާށެވެ. އެ އިލާހީ (އެންމެހައި ތަކެތި) އުފެއްދެވި އިލާހެވެ. އެ އިލާހު އިންސާނާ އުފެއްދެވީ ގަނޑު ލޭކޮޅަކުންނެވެ. އިބަ ނަބިއްޔާ ކިޔަވައި ވިދާޅުވާށެވެ. އަދި އިބަ ނަބިއްޔާގެ ރައްބަކީ، އެންމެ ދީލަތިވަންތަ އިލާހެވެ.❝,b3
صحيح البخاري,4956,حَدَّثَنَا عَبْدُ اللهِ بْنُ مُحَمَّدٍ، حَدَّثَنَا عَبْدُ الرَّزَّاقِ: أَخْبَرَنَا مَعْمَرٌ، عَنِ الزُّهْرِيِّ (ح) وَقَالَ اللَّيْثُ: حَدَّثَنِي عُقَيْلٌ: قَالَ مُحَمَّدٌ: أَخْبَرَنِي عُرْوَةُ، عَنْ عَائِشَةَ رَضِيَ اللهُ عَنْهَا: أَوَّلُ مَا بُدِئَ بِهِ رَسُولُ اللهِ ﷺ الرُّؤْيَا الصَّادِقَةُ، جَاءَهُ الْمَلَكُ فَقَالَ: { اقْرَأْ بِاسْمِ رَبِّكَ الَّذِي خَلَقَ * خَلَقَ الإِنْسَانَ مِنْ عَلَقٍ * اقْرَأْ وَرَبُّكَ الأَكْرَمُ * الَّذِي عَلَّمَ بِالْقَلَمِ }.,ޢާއިޝާ رَضِيَ اللَّهُ عَنْهَا ރިވާ ކުރެއްވިއެވެ: ރަސޫލު ﷲ ﷺ އަށް (އެންމެ ފުރަތަމަ ވަހީ ބާވައިލެވެން) ފެއްޓުނީ، އަވަހާރަފުޅުލައްޕަވަނިކޮށް ފެނިވަޑައިގަންނަވާ ތެދު ހުވަފެންފުޅުތަކުންނެވެ. އެއަށްފަހު މަލާއިކަތާ (ޖިބްރީލު) ވަޑައިގެން ދެންނެވިއެވެ: ❞އިބަ ނަބިއްޔާގެ ރައްބުގެ އިސްމުފުޅުން އިބަ ނަބިއްޔާ ކިޔަވައި ވިދާޅުވާށެވެ. އެ އިލާހީ (އެންމެހައި ތަކެތި) އުފެއްދެވި އިލާހެވެ. އެ އިލާހު އިންސާނާ އުފެއްދެވީ ގަނޑު ލޭކޮޅަކުންނެވެ. އިބަ ނަބިއްޔާ ކިޔަވައި ވިދާޅުވާށެވެ. އަދި އިބަ ނަބިއްޔާގެ ރައްބަކީ، އެންމެ ދީލަތިވަންތަ އިލާހެވެ. އެ އިލާހީ ގަލަމުން (ލިޔަން) އުނގަންނަވައިދެއްވި އިލާހެވެ.❝,b3
صحيح البخاري,4957,حَدَّثَنَا عَبْدُ اللهِ بْنُ يُوسُفَ، حَدَّثَنَا اللَّيْثُ، عَنْ عُقَيْلٍ، عَنِ ابْنِ شِهَابٍ قَالَ: سَمِعْتُ عُرْوَةَ: قَالَتْ عَائِشَةُ رَضِيَ اللهُ عَنْهَا: فَرَجَعَ النَّبِيُّ ﷺ إِلَى خَدِيجَةَ، فَقَالَ: زَمِّلُونِي زَمِّلُونِي فَذَكَرَ الْحَدِيثَ.,ޢާއިޝާ رَضِيَ اللَّهُ عَنْهَا ރިވާ ކުރެއްވިއެވެ: ނަބިއްޔާ ﷺ އެނބުރި ޚަދީޖާގެ ގާތަށް ވަދެވަޑައިގެން ދެންނެވިއެވެ: ”ތިމަން ކަލޭގެފާނުގެ ހަށިކޮޅުގައި ރަޖާ ތުރުކުރައްވައި ދެއްވާށެވެ. ތިމަން ކަލޭގެފާނުގެ ހަށިކޮޅުގައި ރަޖާ ތުރުކުރައްވައި ދެއްވާށެވެ.“ ދެން (ޙަދީޘްގެ ރާވީއެއް ކަމަށްވާ) ޢުރްވާ (ކުރިން ދިޔަ) ޙަދީޘް ކިޔައިދެއްވިއެވެ.,b3
صحيح البخاري,4997,حَدَّثَنَا يَحْيَى بْنُ قَزَعَةَ، حَدَّثَنَا إِبْرَاهِيمُ بْنُ سَعْدٍ، عَنِ الزُّهْرِيِّ، عَنْ عُبَيْدِ اللهِ بْنِ عَبْدِ اللهِ، عَنِ ابْنِ عَبَّاسٍ رَضِيَ اللهُ عَنْهُمَا قَالَ: كَانَ النَّبِيُّ ﷺ أَجْوَدَ النَّاسِ بِالْخَيْرِ، وَأَجْوَدُ مَا يَكُونُ فِي شَهْرِ رَمَضَانَ؛ لِأَنَّ جِبْرِيلَ كَانَ يَلْقَاهُ فِي كُلِّ لَيْلَةٍ فِي شَهْرِ رَمَضَانَ حَتَّى يَنْسَلِخَ، يَعْرِضُ عَلَيْهِ رَسُولُ اللهِ ﷺ الْقُرْآنَ، فَإِذَا لَقِيَهُ جِبْرِيلُ، كَانَ أَجْوَدَ بِالْخَيْرِ مِنَ الرِّيحِ الْمُرْسَلَةِ.,އިބްނު ޢައްބާސް رَضِيَ اللَّهُ عَنْهُمَا ރިވާ ކުރެއްވިއެވެ: މީސްތަކުންގެ ތެރެއިން ހެޔޮ ކަންކަމައިގެން އެންމެ ދީލަތިވެގެން ވަނީނަބިއްޔާ ﷺ އެވެ. އަދި ނަބިއްޔާ އެންމެ ދީލަތިވެގެން ވަނީ ރަމަޟާން މަހުގައެވެ. ސަބަބަކީ، ރަމަޟާން މަސް ނިމެންދެން ކޮންމެ ރެޔަކު ޖިބްރީލު ނަބިއްޔާއާ ބައްދަލު ކުރައްވައި، ރަސޫލު ﷲ ﷺ ޖިބްރީލަށް ގުރްއާން (އެއްކޮށް) ކިޔަވައި ވިދާޅުވެދެއްވައެވެ. އަދި އަދި ނަބިއްޔާ ޖިބްރީލާ ބައްދަލު ކުރައްވައި ހިނދު، (ވާރެ ވިލާގަނޑަކައިގެން) ފޮނުއްވެވުނު ވައިރޯޅިއަކަށް ވުރެ ރަސޫލު ﷲ ﷺ ހެޔޮ ކަންކަމައިގެން ދީލަތިވެގެންވެއެވެ.,b6
صحيح البخاري,5017,أَنَّ النَّبِيَّ صَلَّى اللهُ عَلَيْهِ وَسَلَّمَ كَانَ إِذَا أَوَى إِلَى فِرَاشِهِ كُلَّ لَيْلَةٍ جَمَعَ كَفَّيْهِ، ثُمَّ نَفَثَ فِيهِمَا فَقَرَأَ فِيهِمَا: قُلْ هُوَ اللَّهُ أَحَدٌ وَقُلْ أَعُوذُ بِرَبِّ الفَلَقِ وَقُلْ أَعُوذُ بِرَبِّ النَّاسِ، ثُمَّ يَمْسَحُ بِهِمَا مَا اسْتَطَاعَ مِنْ جَسَدِهِ، يَبْدَأُ بِهِمَا عَلَى رَأْسِهِ وَوَجْهِهِ وَمَا أَقْبَلَ مِنْ جَسَدِهِ يَفْعَلُ ذَلِكَ ثَلاَثَ مَرَّاتٍ,ހަމަކަށަވަރުން ނަބިއްޔާ ﷺ ކޮންމެ ރެއަކު އެކަލޭގެފާނުގެ ދާންމަތިކޮޅުގައި އޮށޯވެވަޑައިގަންނަވާ ހިނދު، އެކަލޭގެފާނުގެ ދެ އަތްޕުޅު އެއްކުރައްވައި، ދެން އެ ދެ އަތްޕުޅަށް ފުމެލެއްވައެވެ. އެއަށްފަހު އެ ދެ އަތްޕުޅަށް قُلْ هُوَ اللهُ أَحَدٌ، قُلْ أَعُوذُ بِرَبِّ الْفَلَقِ އަދި قُلْ أَعُوذُ بِرَبِّ النَّاسِ ކިޔަވައި ވިދާޅުވެއެވެ. އެއަށްފަހު އެ ދެ އަތްޕުޅުން އެކަލޭގެފާނަށް ވީވަރަކަށް އެކަލޭގެފާނުގެ ހަށިކޮޅުގައި ބީއްސަވައެވެ. (އެ ގޮތުން) އެ ދެ އަތްޕުޅުން (ބީއްސަވަން) ފައްޓަވަނީ، އެކަލޭގެފާނުގެ ބޮލާއި، މޫނުފުޅާއި، ހަށިކޮޅުގެ ކުރިމައްޗާ ވާ ބައެވެ. އެފަދައިން ތިން ފަހަރު އެކަލޭގެފާނު ހައްދަވައެވެ.,
صحيح البخاري,5017,أن النبي – ﷺ – كان إذا أوى إلى فراشه كل ليلة جمع كفيه ثم نفث فيهما فقرأ فيهما (قل هو الله أحد) و (قل أعوذ برب الفلق) و (قل أعوذ برب الناس) ثم يمسح بهما ما استطاع من جسده، يبدأ بهما على رأسه ووجهه وما أقبل من جسده، يفعل ذلك ثلاث مرات»,“ހަމަކަށަވަރުން ނަބިއްޔާ ﷺ ކޮންމެ ރެއަކުވެސް ތަންމަތީގައި އޮށޯވެ ދެއަތްޕުޅު ޖަމާކުރެއްވުމަށްފަހު އެއަށް ފުމެލައްވައެވެ. ފަހެ ( قل هو الله أحد ) ( قل أعوذ برب الفلق ) ( قل أعوذ برب الناس ) އެއަށް ކިޔުއްވައެވެ. އެއަށްފަހު ވީވަރަކުން ހަށިގަނޑުގައި ދެއަތް ހިންގަވާލައްވައެވެ. ފައްޓަވަނީ ބޮލާއި މޫނުފުޅުންނެވެ. އަދި ހަށިގަނޑުގެ ކުރިމަތީގައިވާ ގުނަވަންތަކުންނެވެ. (އެބަހީ: މޭފުޅާއި ބަނޑުފަދަ ގުނަވަންތަކުންނެވެ.) އެފަދައިން ތިންފަހަރު ކަންތައް ކުރައްވައެވެ.”,
صحيح البخاري,5026,لا حَسَدَ إلَّا في اثْنَتَيْنِ: رَجُلٌ عَلَّمَهُ اللَّهُ القُرْآنَ، فَهو يَتْلُوهُ آناءَ اللَّيْلِ، وآناءَ النَّهارِ، فَسَمِعَهُ جارٌ له، فقالَ: لَيْتَنِي أُوتِيتُ مِثْلَ ما أُوتِيَ فُلانٌ، فَعَمِلْتُ مِثْلَ ما يَعْمَلُ، ورَجُلٌ آتاهُ اللَّهُ مالًا فَهو يُهْلِكُهُ في الحَقِّ، فقالَ رَجُلٌ: لَيْتَنِي أُوتِيتُ مِثْلَ ما أُوتِيَ فُلانٌ، فَعَمِلْتُ مِثْلَ ما يَعْمَلُ.,ދެކަމެއްގައި މެނުވީ ޙަސަދަވެރިވުމެއް ނުވެއެވެ. ﷲ މީހަކަށް ގުރުއާން އުނގަންނަވައި ދެއްވައި، އެމީހަކު ރެޔާއި ދުވާލު އެ ގުރުއާން ކިޔަވައެވެ. ދެން އެ އަޑު އަވަށްޓެރިއަކަށް އިވުމުން ބުނެއެވެ. އޭނާއާ އެއްގޮތަށް އަމަލުކުރުމަށް، އޭނާއަށް ދެއްވިފަދަ (ނިޢުމަތެއް) ތިމަންނައަށްވެސް ލިބޭނެނަމަ ކޮންފަދަ ހެއްޔެވެ. އަދި ﷲ މީހަކަށް މުދާ ދެއްވައި، އެމީހަކު ޙައްގުގޮތުގައި އެ މުދާ ހޭދަކުރެއެވެ. ދެން މީހަކު ބުނެއެވެ. އޭނާއާ އެއްގޮތަށް އަމަލުކުރުމަށް، އޭނާއަށް ދެއްވިފަދަ (ނިޢުމަތެއް) ތިމަންނައަށްވެސް ލިބޭނެނަމަ ކޮންފަދަ ހެއްޔެވެ.,
صحيح البخاري,5027,خَيْرُكُمْ مَنْ تَعَلَّمَ الْقُرْآنَ وَعَلَّمَهُ,ތިޔަބައިމީހުންގެ ތެރެއިން އެންމެ ހެޔޮވެގެންވާ މީހަކީ ގުރުއާން އުނގެނި އެގުރުއާން އުނގަންނައިދޭ މީހާއެވެ.,
صحيح البخاري,5027,خَيْرُكُمْ مَنْ تَعَلَّمَ القُرْآنَ وَعَلَّمَهُ,ތިޔަބައިމީހުންކުރެ އެންމެ ހެޔޮވެގެންވާ މީހަކީ، ގުރުއާން އުނގެނި އެ ގުރުއާން އުނގަންނައިދޭ މީހާއެވެ.,
صحيح البخاري,5044,حَدَّثَنَا قُتَيْبَةُ بْنُ سَعِيدٍ، حَدَّثَنَا جَرِيرٌ، عَنْ مُوسَى بْنِ أَبِي عَائِشَةَ، عَنْ سَعِيدِ بْنِ جُبَيْرٍ، عَنِ ابْنِ عَبَّاسٍ رَضِيَ اللهُ عَنْهُمَا: فِي قَوْلِهِ: { لا تُحَرِّكْ بِهِ لِسَانَكَ لِتَعْجَلَ بِهِ } قَالَ: كَانَ رَسُولُ اللهِ ﷺ إِذَا نَزَلَ جِبْرِيلُ بِالْوَحْيِ، وَكَانَ مِمَّا يُحَرِّكُ بِهِ لِسَانَهُ وَشَفَتَيْهِ، فَيَشْتَدُّ عَلَيْهِ، وَكَانَ يُعْرَفُ مِنْهُ، فَأَنْزَلَ اللهُ الْآيَةَ الَّتِي فِي: { لا أُقْسِمُ بِيَوْمِ الْقِيَامَةِ } { لا تُحَرِّكْ بِهِ لِسَانَكَ لِتَعْجَلَ بِهِ * إِنَّ عَلَيْنَا جَمْعَهُ وَقُرْآنَهُ * فَإِذَا قَرَأْنَاهُ فَاتَّبِعْ قُرْآنَهُ } فَإِذَا أَنْزَلْنَاهُ فَاسْتَمِعْ، { ثُمَّ إِنَّ عَلَيْنَا بَيَانَهُ } قَالَ: إِنَّ عَلَيْنَا أَنْ نُبَيِّنَهُ بِلِسَانِكَ، قَالَ: وَكَانَ إِذَا أَتَاهُ جِبْرِيلُ أَطْرَقَ، فَإِذَا ذَهَبَ قَرَأَهُ كَمَا وَعَدَهُ اللهُ.,❞އެ ގުރްއާން އަވަހަށް ދަސްކުރެއްވުމަށް ކަލޭގެފާނުގެ ދޫފުޅު، އެ ގުރްއާނައިގެން ޙަރަކާތް ނުކުރައްވާށެވެ.❝ ﷲގެ މި ވަހީ ބަސްފުޅާ ބެހޭ ގޮތުން އިބްނު ޢައްބާސް رَضِيَ اللَّهُ عَنْهُمَا ރިވާ ކުރެއްވިއެވެ: ރަސޫލު ﷲ ﷺ ގެ އަރިހަށް ވަހީއައިގެން ޖިބްރީލު ވަޑައިގަންނަވާ ހިނދު، (އެ ގުރްއާނައިގެން) ނަބިއްޔާގެ ދޫފުޅާއި ތުންފަތްކޮޅު ހަރަކާތް ކުރައްވައެވެ. އަދި ވަހީ ލިބިވަޑައިގެންނެވީ ބުރަކަމާއެކީގައެވެ. ނަބިއްޔާގެ އަރިހުން އެކަން އެނގެން ހުއްޓެވެ. ދެން ❞ގިޔާމަތް ދުވަސް ގަންދެއްވައި ހުވާ ވަހީ ކުރައްވަމެވެ.❝ މި (ސޫރަތުގައި) ވާ އާޔަތް ﷲ ބާވައިލެއްވިއެވެ: ❞އެ ގުރްއާން އަވަހަށް ދަސްކުރެއްވުމަށް ކަލޭގެފާނުގެ ދޫފުޅު، އެ ގުރްއާނައިގެން ޙަރަކާތް ނުކުރައްވާށެވެ. ހަމަކަށަވަރުން އެ ގުރްއާން (ކަލޭގެފާނުގެ ހިތްޕުޅުގައި) އެއްކުރެއްވުމާއި، އެ ކިޔަވައި ވިދާޅުވުމުގެ (ކުޅަދާނަކަން) ދެއްވުމަކީ، ތިމަން އިލާހަށް އޮތް ކެމެވެ. ފަހެ ތިމަން އިލާހު އެ ގުރްއާން ކިޔައިވައިދެއްވާ ހިނދު، ކަލޭގެފާނު (ހަނުހުންނަވައިގެން) އެ ކިޔަވައިދެއްވުމާ ތަބާވެވަޑައިގަންނަވާށެވެ.❝ (މި އާޔަތާ ބެހޭ ގޮތުން) އިބްނު ޢައްބާސް ވިދާޅުވިއެވެ: އެބަހީ އެ ގުރްއާން ބާވައިލެއްވޭ ހިނދު އެއަށް ކަނުލައި އަޑުއައްސަވާށެވެ. ❞ދެން ހަމަކަށަވަރުން އެ ގުރްއާން ބަޔާންކޮށްދެއްވުން ވަނީވެސް ތިމަން އިލާހަށެވެ.❝ (މި އާޔަތާ ބެހޭ ގޮތުން) އިބްނު ޢައްބާސް ވިދާޅުވިއެވެ: އެބަހީ ހަމަކަށަވަރުން އިބަ ނަބިއްޔާގެ ދޫފުޅުމަތިން އެ ގުރްއާން ބަޔާންކޮށްދެއްވުން ވަނީވެސް ތިމަން އިލާހަށެވެ. އެއަށްފަހު ނަބިއްޔާގެ އަރިހަށް ޖިބްރީލު ވަޑައިގަންނަވާ ހިނދު، ނަބިއްޔާ ކަނުލައި އަޑުއައްސަވައެވެ. ދެން ޖިބްރީލު ވަޑައިގެން ދިޔުމަށް ފަހު، ﷲ ނަބިއްޔާއަށް ވަޢުދުވެވަޑައިގެންނެވި ފަދައިން ނަބިއްޔާ އެ ގުރްއާން ކިޔަވައި ވިދާޅުވެއެވެ.,b5
صحيح البخاري,5063,حَدَّثَنَا سَعِيدُ بْنُ أَبِي مَرْيَمَ: أَخْبَرَنَا مُحَمَّدُ بْنُ جَعْفَرٍ: أَخْبَرَنَا حُمَيْدُ بْنُ أَبِي حُمَيْدٍ الطَّوِيلُ: أَنَّهُ سَمِعَ أَنَسَ بْنَ مَالِكٍ رَضِيَ اللهُ عَنْهُ يَقُولُ: جَاءَ ثَلَاثَةُ رَهْطٍ إِلَى بُيُوتِ أَزْوَاجِ النَّبِيِّ ﷺ، يَسْأَلُونَ عَنْ عِبَادَةِ النَّبِيِّ ﷺ، فَلَمَّا أُخْبِرُوا كَأَنَّهُمْ تَقَالُّوهَا، فَقَالُوا: وَأَيْنَ نَحْنُ مِنَ النَّبِيِّ ﷺ قَدْ غُفِرَ لَهُ مَا تَقَدَّمَ مِنْ ذَنْبِهِ وَمَا تَأَخَّرَ؟! قَالَ أَحَدُهُمْ: أَمَّا أَنَا فَإِنِّي أُصَلِّي اللَّيْلَ أَبَدًا، وَقَالَ آخَرُ: أَنَا أَصُومُ الدَّهْرَ وَلَا أُفْطِرُ، وَقَالَ آخَرُ: أَنَا أَعْتَزِلُ النِّسَاءَ فَلَا أَتَزَوَّجُ أَبَدًا، فَجَاءَ رَسُولُ اللهِ ﷺ فَقَالَ: أَنْتُمُ الَّذِينَ قُلْتُمْ كَذَا وَكَذَا، أَمَا وَاللهِ إِنِّي لَأَخْشَاكُمْ لِلهِ وَأَتْقَاكُمْ لَهُ، لَكِنِّي أَصُومُ وَأُفْطِرُ، وَأُصَلِّي وَأَرْقُدُ، وَأَتَزَوَّجُ النِّسَاءَ، فَمَنْ رَغِبَ عَنْ سُنَّتِي فَلَيْسَ مِنِّي.,އަނަސް ބިން މާލިކު رَضِيَ اللَّهُ عَنْهُ ރިވާ ކުރެއްވިއެވެ: ނަބިއްޔާ ﷺ ގެ އަނބިކަނބަލުންގެ ގެކޮޅުތަކަށް ތިން މީހުންގެ ޖަމާއަތެއް އައެވެ. ނަބިއްޔާގެ އަޅުކަމާ ބެހޭ ގޮތުން އެ މީހުން ސުވާލު ކުރިއެވެ. ދެން އެ ވާހަކަ ކިޔައިދެވުމުން އެ މީހުންގެ އަމިއްލަ އަޅުކަންތައް އެ މީހުންނަށް މާ ކުޑައެއްޗެއް ކަމުގައި ދެކެވުނު ފަދައެވެ. އެބައިމީހުން ދެންނެވިއެވެ: ނަބިއްޔާ ﷺ އާ އަޅާ ބަލާއިރު ތިމަންމެން ތިބީ ކޮން ހިސާބަކުހެއްޔެވެ؟ އެ ނަބިއްޔާގެ އިސްވެދިޔަ ފާފަތަކާއި، ފަހުން އަންނާނެ ފާފަތައް ވަނީ ފުއްސަވާފަކަށް ކަށަވެރެވެ. ދެން އޭގެ ތެރެއިން އެކަކު ދެންނެވިއެވެ: ހަމަކަށަވަރުން މުޅި ރޭގަނޑު ތިމަންނަ އަބަދު ނަމާދު ކުރާނަމެވެ. އަނެކަކު ދެންނެވިއެވެ: ކޮންމެ ދުވަހަކު ވިދިވިދިގެން ތިމަންނަ އަބަދު ރޯދަ ހިފާނަމެވެ. އަނެކަކު ދެންނެވިއެވެ: ތިމަންނަ އަންހެނުންނާ ދުރުވެގަނެ ދުވަހަކުވެސް ކައިވެންޏެއް ނުކުރާނަމެވެ. ދެން ރަސޫލު ﷲ ﷺ ވަޑައިގެން ޙަދީޘް ކުރެއްވިއެވެ: ”މިވެނި ގޮތަކަށް ބުނެ ހެދީ ތިޔަބައިމީހުންތޯއެވެ؟ ﷲ ގަންދީ ބުނަމެވެ. ތިޔަބައިމީހުންގެ ތެރެއިން ﷲ އަށް އެންމެ ބިރުވެތިވެ އަދި ތަގުވާވެރި ވަނީ ތިމަން ނަބިއްޔާއެވެ. އެއާއެކު ވެސް ތިމަން ނަބިއްޔާ ރޯދަ ހިފައި، އަދި ރޯދަ ނުހިފައި ދުވަސްތައް ވެއެވެ. އަދި ނަމާދުކޮށް އަވަހާރަފުޅު ލައްޕަވަމެވެ. އަދި އަންހެނުންނާ ކައިވެނިބައްލަވަމުއެވެ. ވީމާ ތިމަން ނަބިއްޔާގެ ސުންނަތުން އެއްކިބާވެއްޖެ މީހާ، ފަހެ އޭނާއީ ތިމަން ނަބިއްޔާގެ (މީސްތަކުންގެ) ތެރެއިންވާ މީހެއް ނޫނެވެ.“,
صحيح البخاري,5070,حَدَّثَنَا يَحْيَى بْنُ قَزَعَةَ: حَدَّثَنَا مَالِكٌ، عَنْ يَحْيَى بْنِ سَعِيدٍ، عَنْ مُحَمَّدِ بْنِ إِبْرَاهِيمَ بْنِ الْحَارِثِ، عَنْ عَلْقَمَةَ بْنِ وَقَّاصٍ، عَنْ عُمَرَ بْنِ الْخَطَّابِ رَضِيَ اللهُ عَنْهُ قَالَ: قَالَ النَّبِيُّ ﷺ: الْعَمَلُ بِالنِّيَّةِ، وَإِنَّمَا لِامْرِئٍ مَا نَوَى، فَمَنْ كَانَتْ هِجْرَتُهُ إِلَى اللهِ وَرَسُولِهِ، فَهِجْرَتُهُ إِلَى اللهِ وَرَسُولِهِ ﷺ، وَمَنْ كَانَتْ هِجْرَتُهُ إِلَى دُنْيَا يُصِيبُهَا أَوِ امْرَأَةٍ يَنْكِحُهَا، فَهِجْرَتُهُ إِلَى مَا هَاجَرَ إِلَيْهِ.,ޢުމަރު ބިން އަލްޚައްޠާބު رَضِيَ اللَّهُ عَنْهُ ރިވާ ކުރެއްވިއެވެ: ނަބިއްޔާ ﷺ ޙަދީޘް ކުރެއްވިއެވެ: ”އަމަލު ބިނާ ވެގެން ވަނީ ނިޔަތުގެ މައްޗަށެވެ. ވީމާ، މީހަކު ހިޖުރަ ކުރީ ﷲ އާއި އެ އިލާހުގެ ރަސޫލާއަށްޓަކައި ނަމަ، ފަހެ އޭނާގެ ހިޖުރަ ވަނީ ﷲ އާއި އެ އިލާހުގެ ރަސޫލާ ﷺ އަށެވެ. އަދި މީހަކު ހިޖުރަ ކުރީ ދުނިޔެ ހޯދުމަށް ނުވަތަ އަންހެނަކާ އިނުމަށް ކަމުގައި ވަނީ ނަމަ، ފަހެ އެ މީހެއްގެ ހިޖުރަ ވަނީ، އޭނާ އެ ހިޖުރަ ކުރި ކަމަކަށެވެ.“,b1
صحيح البخاري,5143,حَدَّثَنَا يَحْيَى بْنُ بُكَيْرٍ: حَدَّثَنَا اللَّيْثُ ، عَنْ جَعْفَرِ بْنِ رَبِيعَةَ ، عَنِ الْأَعْرَجِ قَالَ: قَالَ أَبُو هُرَيْرَةَ : يَأْثُرُ عَنِ النَّبِيِّ صَلَّى اللهُ عَلَيْهِ وَسَلَّمَ قَالَ: إِيَّاكُمْ وَالظَّنَّ؛ فَإِنَّ الظَّنَّ أَكْذَبُ الْحَدِيثِ ، وَلَا تَجَسَّسُوا ، وَلَا تَحَسَّسُوا ، وَلَا تَبَاغَضُوا ، وَكُونُوا إِخْوَانًا.,އަބޫ ހުރައިރާ ވިދާޅުވިކަމަށް ރިވާވެގެންވެއެވެ: ނަބިއްޔާ ﷺ ޙަދީޘް ކުރެއްވިއެވެ: ”ތިޔަބައިމީހުން ނުރަނގަޅު ހީތަކާމެދު ސަމާޅުވެ ރައްކާތެރިވާށެވެ. އެހެނީ ހަމަކަށަވަރުން ހީއަކީ އެންމެ ދޮގު ވާހަކައެވެ. އަދި ތިޔަބައިމީހުން ޖާސޫސް ނުކުރާށެވެ. އަދި ތިޔަބައިމީހުން ތަޙައްސުސް ނުކުރާށެވެ. (އެބަހީ: ބަޔަކު އެ ކަމަށް ނުރުހޭ ހާލު އެބައިމީހުންގެ ވާހަކަތައް އަޑުނާހާށެވެ.) އަދި އެއްބަޔަކު އަނެއްބަޔަކަށް ރުޅިވެރި ނުވާށެވެ. އަދި ތިޔަބައިމީހުން އަޚުންކަމުގައި ވާށެވެ.“,
صحيح البخاري,5146,حَدَّثَنَا قَبِيصَةُ: حَدَّثَنَا سُفْيَانُ ، عَنْ زَيْدِ بْنِ أَسْلَمَ قَالَ: سَمِعْتُ ابْنَ عُمَرَ يَقُولُ: جَاءَ رَجُلَانِ مِنَ الْمَشْرِقِ فَخَطَبَا فَقَالَ النَّبِيُّ صَلَّى اللهُ عَلَيْهِ وَسَلَّمَ: إِنَّ مِنَ الْبَيَانِ سِحْرًا .,"ރަސޫލﷲ ﷺ ޙަދީޘްކުރައްވާފައިވެއެވެ. «إِنَّ مِنَ البَيَانِ لَسِحْرًا» މާނައީ: ""ހަމަކަށަވަރުން ބަޔާންކުރުމުގައި ސިޙުރެއްވާކަން ކަށަވަރެވެ."" رواه البخاري في صحيحه: 5146",
صحيح البخاري,5185,حَدَّثَنَا إِسْحَاقُ بْنُ نَصْرٍ: حَدَّثَنَا حُسَيْنٌ الْجُعْفِيُّ، عَنْ زَائِدَةَ، عَنْ مَيْسَرَةَ، عَنْ أَبِي حَازِمٍ، عَنْ أَبِي هُرَيْرَةَ عَنِ النَّبِيِّ ﷺ قَالَ: مَنْ كَانَ يُؤْمِنُ بِاللهِ وَالْيَوْمِ الْآخِرِ فَلَا يُؤْذِي جَارَهُ.,އަބޫ ހުރައިރާ ރިވާ ކުރެއްވިއެވެ: ނަބިއްޔާ ﷺ ޙަދީޘް ކުރެއްވިއެވެ: ”ﷲ އަށާއި އާޚިރަތް ދުވަހަށް އީމާންވާ މީހާ، ފަހެ އޭނާގެ އަވަށްޓެރިޔާއަށް އުނދަގޫ ނުކުރާށެވެ.“,
صحيح البخاري,5186,وَاسْتَوْصُوا بِالنِّسَاءِ خَيْرًا؛ فَإِنَّهُنَّ خُلِقْنَ مِنْ ضِلَعٍ ، وَإِنَّ أَعْوَجَ شَيْءٍ فِي الضِّلَعِ أَعْلَاهُ ، فَإِنْ ذَهَبْتَ تُقِيمُهُ كَسَرْتَهُ ، وَإِنْ تَرَكْتَهُ لَمْ يَزَلْ أَعْوَجَ ، فَاسْتَوْصُوا بِالنِّسَاءِ خَيْرًا .,"عَنْ أَبِي هُرَيْرَةَ رضى الله عنه قَالَ قَالَ رَسُولُ اللَّهِ ﷺ ""اسْتَوْصُوا بِالنِّسَاءِ خَيْرًا فَإِنَّ الْمَرْأَةَ خُلِقَتْ مِنْ ضِلَعٍ وَإِنَّ أَعْوَجَ شَىْءٍ فِي الضِّلَعِ أَعْلاَهُ فَإِنْ ذَهَبْتَ تُقِيمُهُ كَسَرْتَهُ وَإِنْ تَرَكْتَهُ لَمْ يَزَلْ أَعْوَجَ فَاسْتَوْصُوا بِالنِّسَاءِ خَيْرًا"" (متفق عليه) މިޙަދީޘުގެ މާނައަކީ، الله ރުއްސުންލެއްވި އަބޫ ހުރައިރަތުގެފާނު ވިދާޅުވިއެވެ. ރަސޫލުالله ޙަދީޘް ކުރެއްވިއެވެ. އަނބިންނާމެދުގައި ތިމަންކަލޭގެފާނު ކުރައްވާފައިވާ ވަޞިއްޔަތް ތިޔަބައިމީހުން ގަބޫލުކޮށް، އެއަށް އަމަލުކޮށް، އެކަނބަލުންނާމެދު ހެޔޮގޮތުގައި ކަންތައްކުރާށެވެ! އެހެނީ ހަމަކަށަވަރުން އަންހެނާ ހެއްދެވިގެންވަނީ އަރިކަށީގެ ކަށިކޮޅަކުންނެވެ. އަރިކަށީގައި އެންމެ ގުދުކޮށް ހުންނަނީ އޭގެ އެންމެ މަތީބަޔެވެ. އެތެދުކުރަން އުޅެފިނަމަ އެބިންދައިގެން ހިނގައިދާނެއެވެ. (އެބަހީ، އެކަނބަލުންގެ ޠަބީޢަތަށް ވިސްނައިނުލައި، ހަރުކަށިކޮށް، ގަދަބާރުން މުޢާމަލާތް ކުރުމުން ދެން އަރާނީ ވަރިފަށަށެވެ.) އެ ތެދުކުރަން ނޫޅެ ދޫކޮށްލައިފިނަމަ އެހުންނާނީ އެހުރި ގުދުކަންމަތީގައެވެ. ވީމާ، އަނބީންނަށް ތިޔަބައިމީހުން ހެޔޮކޮށް ހިތާށެވެ! މިއެވެ.",
صحيح البخاري,5197,حَدَّثَنَا عَبْدُ اللهِ بْنُ يُوسُفَ: أَخْبَرَنَا مَالِكٌ، عَنْ زَيْدِ بْنِ أَسْلَمَ، عَنْ عَطَاءِ بْنِ يَسَارٍ، عَنْ عَبْدِ اللهِ بْنِ عَبَّاسٍ أَنَّهُ قَالَ: خَسَفَتِ الشَّمْسُ عَلَى عَهْدِ رَسُولِ اللهِ ﷺ، فَصَلَّى رَسُولُ اللهِ ﷺ وَالنَّاسُ مَعَهُ، فَقَامَ قِيَامًا طَوِيلًا نَحْوًا مِنْ سُورَةِ الْبَقَرَةِ، ثُمَّ رَكَعَ رُكُوعًا طَوِيلًا، ثُمَّ رَفَعَ فَقَامَ قِيَامًا طَوِيلًا، وَهُوَ دُونَ الْقِيَامِ الْأَوَّلِ، ثُمَّ رَكَعَ رُكُوعًا طَوِيلًا وَهُوَ دُونَ الرُّكُوعِ الْأَوَّلِ، ثُمَّ سَجَدَ، ثُمَّ قَامَ فَقَامَ قِيَامًا طَوِيلًا وَهُوَ دُونَ الْقِيَامِ الْأَوَّلِ، ثُمَّ رَكَعَ رُكُوعًا طَوِيلًا وَهُوَ دُونَ الرُّكُوعِ الْأَوَّلِ، ثُمَّ رَفَعَ فَقَامَ قِيَامًا طَوِيلًا وَهُوَ دُونَ الْقِيَامِ الْأَوَّلِ، ثُمَّ رَكَعَ رُكُوعًا طَوِيلًا وَهُوَ دُونَ الرُّكُوعِ الْأَوَّلِ، ثُمَّ رَفَعَ، ثُمَّ سَجَدَ، ثُمَّ انْصَرَفَ وَقَدْ تَجَلَّتِ الشَّمْسُ، فَقَالَ: إِنَّ الشَّمْسَ وَالْقَمَرَ آيَتَانِ مِنْ آيَاتِ اللهِ، لَا يَخْسِفَانِ لِمَوْتِ أَحَدٍ وَلَا لِحَيَاتِهِ، فَإِذَا رَأَيْتُمْ ذَلِكَ فَاذْكُرُوا اللهَ قَالُوا: يَا رَسُولَ اللهِ، رَأَيْنَاكَ تَنَاوَلْتَ شَيْئًا فِي مَقَامِكَ هَذَا، ثُمَّ رَأَيْنَاكَ تَكَعْكَعْتَ، فَقَالَ: إِنِّي رَأَيْتُ الْجَنَّةَ أَوْ أُرِيتُ الْجَنَّةَ، فَتَنَاوَلْتُ مِنْهَا عُنْقُودًا، وَلَوْ أَخَذْتُهُ لَأَكَلْتُمْ مِنْهُ مَا بَقِيَتِ الدُّنْيَا، وَرَأَيْتُ النَّارَ فَلَمْ أَرَ كَالْيَوْمِ مَنْظَرًا قَطُّ، وَرَأَيْتُ أَكْثَرَ أَهْلِهَا النِّسَاءَ قَالُوا: لِمَ يَا رَسُولَ اللهِ؟ قَالَ: بِكُفْرِهِنَّ. قِيلَ: يَكْفُرْنَ بِاللهِ؟ قَالَ: يَكْفُرْنَ الْعَشِيرَ، وَيَكْفُرْنَ الْإِحْسَانَ، لَوْ أَحْسَنْتَ إِلَى إِحْدَاهُنَّ الدَّهْرَ، ثُمَّ رَأَتْ مِنْكَ شَيْئًا، قَالَتْ: مَا رَأَيْتُ مِنْكَ خَيْرًا قَطُّ.,ޢަބްދު ﷲ ބިން ޢައްބާސް ރިވާ ކުރެއްވިއެވެ: ރަސޫލު ﷲ ﷺ ގެ ޒަމާނުގައި އިރުކޭތަ ހިފިއެވެ. ދެން ރަސޫލު ﷲ ﷺ މީސްތަކުންނައިގެން (އިރުކޭތަ) ނަމާދު ކުރެއްވިއެވެ. ބަގަރާ ސޫރަތް ކިޔޭ ވަރަށް ގިނައިރު ވަންދެން ނަބިއްޔާ ތެދުވެވަޑައިގެން ހުންނެވިއެވެ. އެއަށްފަހު ވަރަށް ގިނައިރު ވަންދެން ރުކޫޢު ކުރެއްވިއެވެ. ދެން (އިޢުތިދާލުގައި) ފުރަތަމަ ފަހަރަށް ވުރެ ކުރުކޮށް ނަމަވެސް ގިނައިރު ވަންދެން ތެދުވެވަޑައިގެން ހުންނެވިއެވެ. ދެން ފުރަތަމަ ރުކޫޢަށް ވުރެ ކުރުކޮށް ނަމަވެސް ގިނައިރު ވަންދެން ރުކޫޢު ކުރެއްވިއެވެ. ދެން (ދެ ފަހަރު) ސަޖިދަ ކުރެއްވިއެވެ. އެއަށްފަހު (ދެވަނަ ރަކުޢަތުގައި) ހަމަ އެފަދައިން ފުރަތަމަ ފަހަރަށް ވުރެ ކުރުކޮށް ނަމަވެސް ގިނައިރު ވަންދެން ތެދުވެވަޑައިގަނެ ރުކޫޢުކޮށް ސަޖިދަ ކުރެއްވިއެވެ. އަދި ނަމާދުން އަވަދިވަޑައިގަތެވެ. އޭރު (ކޭތަ ނިމިގެން) އިރުފެންނަށް ހުއްޓެވެ. ދެން ނަބިއްޔާ ﷺ ޙަދީޘް ކުރެއްވިއެވެ: ”ހަމަކަށަވަރުން އިރާއި ހަނދަކީ ﷲގެ އާޔަތްތަކު ތެރެއިންވާ ދެ އާޔަތެވެ. އެއްވެސް މީހެއްގެ މަރުވުމާއި ދިރުމަކަށް އެ ދޭތި ކޭތަ ނުހިފައެވެ. ފަހެ ތިޔަބައިމީހުންނަށް އެ (ކޭތަ ހިފާ) ތަން ފެނިއްޖެ ނަމަ ﷲ ޒިކުރު ކުރާށެވެ.“ އެބައިމީހުން ދެންނެވިއެވެ: އޭ ﷲގެ ރަސޫލާއެވެ. އިބަ ނަބިއްޔާ ތިޔަ ހުންނެވި ތަނުން އެއްޗެއް ނަންގަވަން އުޅުއްވިކަމާއި، އެއަށްފަހު ފަހަތަށް ޖެހިވަޑަިގަތްތަން ތިމަންމެން ދުށީމެވެ. ނަބިއްޔާ ﷺ ޙަދީޘް ކުރެއްވިއެވެ: ”ހަމަކަށަވަރުން ތިމަން ނަބިއްޔާއަށް ސުވަރުގެ ފެނިވަޑައިގަތެވެ. ދެން އެ ތަނުން މޭވާ ކޯންޏެއް ނަންގަވަން އުޅުނީމުއެވެ. އަދި އެ ނެގުނު ނަމަ، ދުނިޔެ ދެމިހުރިހާ ދުވަހަކު ތިޔަބައިމީހުން އޭގެން ކެވުނީސްކަން ކަށަވަރެވެ. އަދި ތިމަން ނަބިއްޔާއަށް ނަރަކަ ފެނިވަޑައިގަތެވެ. އަދި މިއަދު ފެނުނުފަދަ މަންޒަރެއް ދުވަހަކުވެސް ތިމަން ނަބިއްޔާ ނުދެކެމުއެވެ. އަދި އެ ތަނުގެ އަހުލުވެރިންގެ ތެރެއިން ގިނައީ އަންހެނުންކަން ތިމަން ނަބިއްޔާ ދެކުނީމުއެވެ.“ އެބައިމީހުން ދެންނެވިއެވެ: އޭ ﷲގެ ރަސޫލާއެވެ. އެއީ ކީއްވެގެންތޯއެވެ؟ ނަބިއްޔާ ޙަދީޘް ކުރެއްވިއެވެ: އެއީ އެ ކަނބަލުން ކުފުރުވެ އުޅުމުގެ ސަބަބުންނެވެ.“ ނަބިއްޔާއަށް ދެންނެވުނެވެ: އެ ކަނބަލުން ކުފުރު ވަނީ ﷲ އަށްތޯއެވެ؟ ނަބިއްޔާ ޙަދީޘް ކުރެއްވިއެވެ: ”އެ ކަނބަލުން ކުފުރު ވަނީ ފިރިންނަށެވެ. އަދި ކުފުރު ވަނީ އިޙުސާންތެރިކަމަށެވެ. ތިބާ އެއިން އަންހެނަކަށް މުޅި އުމުރުދުވަހު އިޙުސާންތެރިވެ (އެންމެ ރަނގަޅަށް ކަންތައްކޮށްދީ) އުޅުނަކަސް، އެ ކަނބުލޭގެއަށް ތިބާގެ ކިބައިން (ނޭދެވޭ) ކަމެއް ފެނިއްޖެ ނަމަ ބުނާނެއެވެ: ދުވަހަކުވެސް ތިބާގެ ކިބައިން ހެވެއް ނުދެކެމެވެ.“,b29
صحيح البخاري,5208,سَمِعَ جَابِرًا رَضِيَ اللَّهُ عنْه، قالَ: كُنَّا نَعْزِلُ والقُرْآنُ يَنْزِلُ،,ގުރްއާން ބާވައިލެއްވެމުން ދިޔައިރު ތިމަންބޭކަލުން ޢަޒަލުކުރައްވާކަމުގައި ވީމެވެ.,
صحيح البخاري,5225,"عَنْ أَنَسٍ، قَالَ كَانَ النَّبِيُّ ﷺ عِنْدَ بَعْضِ نِسَائِهِ فَأَرْسَلَتْ إِحْدَى أُمَّهَاتِ الْمُؤْمِنِينَ بِصَحْفَةٍ فِيهَا طَعَامٌ، فَضَرَبَتِ الَّتِي النَّبِيُّ ﷺ فِي بَيْتِهَا يَدَ الْخَادِمِ فَسَقَطَتِ الصَّحْفَةُ فَانْفَلَقَتْ، فَجَمَعَ النَّبِيُّ ﷺ فِلَقَ الصَّحْفَةِ، ثُمَّ جَعَلَ يَجْمَعُ فِيهَا الطَّعَامَ الَّذِي كَانَ فِي الصَّحْفَةِ وَيَقُولُ "" غَارَتْ أُمُّكُمْ ""، ثُمَّ حَبَسَ الْخَادِمَ حَتَّى أُتِيَ بِصَحْفَةٍ مِنْ عِنْدِ الَّتِي هُوَ فِي بَيْتِهَا، فَدَفَعَ الصَّحْفَةَ الصَّحِيحَةَ إِلَى الَّتِي كُسِرَتْ صَحْفَتُهَا، وَأَمْسَكَ الْمَكْسُورَةَ فِي بَيْتِ الَّتِي كَسَرَتْ فِيه.",އެއްދުވަހަކު ރަސޫލުﷲ ޞައްލަﷲ ޢަލައިހި ވަސައްލަމަ، ޢާއިޝާ ރަޟިޔަﷲ ޢަންހާގެ ގެކޮޅުގައި ވަޑައިގެންވަނިކޮށް އެކަލޭގެފާނުގެ އަނބިކަނބަލުންގެ ތެރެއިން އެހެން އަނބިކަނަބަލެއްގެ ފަރާތުން އެކަލޭގެފާނަށް ކާތަކެތި ފޮނުވުނެވެ. އެވަގުތު ޢާއިޝާ ރަޟިޔަﷲ ޢަންހާ ވަޑައިގެން އެކަމާ ނުރުހުންވެވަޑައިގެން، އެކަތަކެތި ހިފައިގެން އައި ޚާދިމްގެ އަތުގައި ޖެއްސެވުމުގެ ސަބަބުން އެތަކެތި ވެއްޓި ތަޅައިގެންގޮސް ކާއެއްޗިހި ބުރަބުރައިގެން ދިޔައެވެ. އެވަގުތު ރަސޫލުﷲ ޞައްލަﷲ ޢަލައިހި ވަސައްލަމަ، ބުރައިގެންގޮސްފައިވާ ކާތަކެތި ހޮއްވަވާ އެއްކުރެއްވިއެވެ. އަދި އެކަލޭގެފާނުގެ އަރިހުގައިތިއްބެވި ބޭފުޅުންނަށް ޙަދީޘްކުރެއްވިއެވެ. “ކޭންބައްލަވާށެވެ! ތިޔަބޭކަލުންގެ މަންމާފުޅު ނުރުހުންވެއްޖެެވެ.,
صحيح البخاري,5233,حَدَّثَنَا عَلِيُّ بْنُ عَبْدِ اللهِ: حَدَّثَنَا سُفْيَانُ: حَدَّثَنَا عَمْرٌو، عَنْ أَبِي مَعْبَدٍ، عَنِ ابْنِ عَبَّاسٍ عَنِ النَّبِيِّ ﷺ قَالَ: لَا يَخْلُوَنَّ رَجُلٌ بِامْرَأَةٍ إِلَّا مَعَ ذِي مَحْرَمٍ. فَقَامَ رَجُلٌ فَقَالَ: يَا رَسُولَ اللهِ، امْرَأَتِي خَرَجَتْ حَاجَّةً وَاكْتُتِبْتُ فِي غَزْوَةِ كَذَا وَكَذَا، قَالَ: ارْجِعْ فَحُجَّ مَعَ امْرَأَتِكَ.,އިބްނު ޢައްބާސް رَضِيَ اللَّهُ عَنْهُمَا ރިވާ ކުރެއްވިއެވެ: ނަބިއްޔާ ﷺ ޙަދީޘް ކުރެއްވިއެވެ: ”މަޙްރަމަކާއެކު މެނުވީ، (ހިލޭ) އަންހެނަކު (ހިލޭ) ފިރިހެނަކާ އެކަހެރިވެގެން ނުވާނެއެވެ. “ ދެން މީހަކު ތެދުވެ ދެންނެވިއެވެ: އޭ ﷲ ގެ ރަސޫލާއެވެ. ތިމަންނަގެ އަންހެނުން ޙައްޖުވުމަށް ނުކުމެއްޖެއެވެ. އަދި މިވެނި ލަޝްކަރަކާއެކު (ޖިހާދަށް) ނުކުންނަން ތިމަންނަގެ ނަން ލިޔެވިއްޖެއެވެ. ނަބިއްޔާ ﷺ ޙަދީޘް ކުރެއްވިއެވެ: ”ގޮސް ތިބާގެ އަންހެނުންނާއެކު ޙައްޖުވާށެވެ.“,b1862
صحيح البخاري,5343,وَقَالَ الْأَنْصَارِيُّ: حَدَّثَنَا هِشَامٌ، حَدَّثَتْنَا حَفْصَةُ، حَدَّثَتْنِي أُمُّ عَطِيَّةَ نَهَى النَّبِيُّ ﷺ وَلَا تَمَسَّ طِيبًا إِلَّا أَدْنَى طُهْرِهَا إِذَا طَهُرَتْ نُبْذَةً مِنْ قُسْطٍ وَأَظْفَارٍ.,އުއްމު ޢަޠިއްޔާ ރިވާ ކުރެއްވިއެވެ: ނަބިއްޔާ ﷺ ނަހީ ކުރައްވަމުން ޙަދީޘް ކުރެއްވިއެވެ: ”(އިޙްދާދުގައިވާ) އަންހެނާ ހުވަނދުގައި އަތްލައިގެން ނުވާނެއެވެ. އެއީ އެ ކަނބުލޭގެ ޙައިޟުވުމުން ތާހިރުވެގަންނަ ހިނދުގައި މެނުވީއެވެ. ފަހެ އެ ހިނދު ގުސްޠާއި އަޠްފަރުން އެތިކޮޅެއް ބޭނުން ކުރެވިދާނެއެވެ.“,
صحيح البخاري,5352,"""عَنْ أَبِي هُرَيْرَةَ رَضِيَ اللَّهُ عَنْهُ: أَنَّ رَسُولَ اللَّهِ صَلَّى اللهُ عَلَيْهِ وَسَلَّمَ قَالَ:"" قَالَ اللَّهُ: أَنْفِقْ يَا ابْنَ آدَمَ أُنْفِقْ عَلَيْكَ ""","އަބޫ ހުރައިރާ ރަޟިޔަﷲ ޢަންހު އަރިހުން ރިވާވެގެންވެއެވެ. ރަސޫލާ ޞައްލަﷲ ޢަލައިހި ވަސައްލަމަ ހަދީޘް ކުރެއްވިއެވެ. ""ﷲ (ގުރުސިއްޔަ ޙަދީޘެއްގައި) ވަހީ ކުރެއްވިއެވެ. ""އޭ އާދަމުގެ ދަރިޔާއެވެ! ކަލޭ ހޭދަކުރާށެވެ. އެއިރުން ﷲ ކަލެއަށް ދެއްވާހުއްޓެވެ.""",
صحيح البخاري,5362,أنَّ فَاطِمَةَ عَلَيْهَا السَّلَامُ أتَتِ النبيَّ صَلَّى اللهُ عليه وسلَّمَ تَسْأَلُهُ خَادِمًا، فَقالَ: ألَا أُخْبِرُكِ ما هو خَيْرٌ لَكِ منه؟ تُسَبِّحِينَ اللَّهَ عِنْدَ مَنَامِكِ ثَلَاثًا وثَلَاثِينَ، وتَحْمَدِينَ اللَّهَ ثَلَاثًا وثَلَاثِينَ، وتُكَبِّرِينَ اللَّهَ أرْبَعًا وثَلَاثِينَ ثُمَّ قالَ سُفْيَانُ: إحْدَاهُنَّ أرْبَعٌ وثَلَاثُونَ، فَما تَرَكْتُهَا بَعْدُ، قيلَ: ولَا لَيْلَةَ صِفِّينَ؟ قالَ: ولَا لَيْلَةَ صِفِّينَ.,ފާޠިމާ ـ عَلَيْهَا السَّلاَمُ ـ ނަބިއްޔު ﷺ އަރިހަށް ވަޑައިގެން ޚާދިމަކަށްއެދި ދެންނެވިއެވެ. އެހެންކަމުން ޙަދީޘް ކުރެއްވިއެވެ: ”ތިއަށްވުރެ ކަމަނާއަށް ހެޔޮވެގެންވާ ކަމެއް ތިމަންކަލޭގެފާނު ބުނެދެއްވަން ހެއްޔެވެ؟ ކަމަނާ ނިދާހިނދު، ތިރީސް ތިންފަހަރު ތަސްބީޙަ (سبحان الله)، އަދި ތިރީސް ތިންފަހަރު ތަޙްމީދު (الحمد لله)، އަދި ތިރީސް ހަތަރުފަހަރު ތަކްބީރު ( الله أكبر) ކިޔާށެވެ.“ ޢަލީގެފާނު ވިދާޅުވިއެވެ: ”އޭގެ ފަހުން ތިމަން މިއެއް ދޫކޮށެއް ނުލައްވަމުއެވެ.“ ބުނެވުނެވެ: ”ޞިއްފީނު (ހަނގުރާމައި) ގެ ރޭގައިވެސް ހެއްޔެވެ؟“ ވިދާޅުވިއެވެ: ”ޞިއްފީނުގެ ރެޔަކުވެސް ނުމެ ދޫކުރައްވަމުއެވެ.“,
صحيح البخاري,5376,"""يَا غُلاَمُ، سَمِّ اللَّهَ، وَكُلْ بِيَمِينِكَ، وَكُلْ مِمَّا يَلِيكَ""","""އޭ ކޮއިފުޅާއެވެ! ބިސްމި ކިޔާށެވެ. އަދި ކަނާއަތުން ކާށެވެ. އަދި ތިމާއާ ވީފަރާތުން ކާށެވެ.""",
صحيح البخاري,5398,"""لاَ آكُلُ مُتَّكِئًا""","""ތިމަންކަލޭގެފާނު ލެނގިވަޑައިގެން އޮންނަވައި ފަރީއްކުޅުއްވައެއް ނޫޅުއްވައެވެ.""",
صحيح البخاري,5414,أنَّهُ مَرَّ بقَوْمٍ بيْنَ أيْدِيهِمْ شَاةٌ مَصْلِيَّةٌ، فَدَعَوْهُ، فأبَى أنْ يَأْكُلَ، وقَالَ: خَرَجَ رَسولُ اللَّهِ صَلَّى اللهُ عليه وسلَّمَ مِنَ الدُّنْيَا ولَمْ يَشْبَعْ مِن خُبْزِ الشَّعِيرِ.,الله ގެ ރަސޫލާ ﷺ ދުނިޔެއިން ނިކުމެވަޑައިގެން ދިޔަހިނދުގައި (އެބަހީ ސުވަރުގެ ވަޑައިގެން ހިނދުގައި) ހިމަގޮދަނުން ފިހެފައި ހުންނަ ރޮށްޓެެއްގެ މިންވަރުންވެސް އެކަލޭގެފާނު ބަނޑު ނުފުރައްވައެވެ.,
صحيح البخاري,5471,""" مَعَ الغُلاَمِ عَقِيقَةٌ، فَأَهْرِيقُوا عَنْهُ دَمًا، وَأَمِيطُوا عَنْهُ الأَذَى""","""ކުއްޖާއާއިއެކު ޢަގީގާވެއެވެ. ތިޔަބައިމީހުން އެކުއްޖާގެ ފަރާތުން އެއްޗެއްކަތިލާށެވެ. އަދި ތިޔަބައިމީހުން އެކުއްޖާގެ ކިބައިން އުނދަގޫތައް ދުރުކުރާށެވެ.""",
صحيح البخاري,5533,حَدَّثَنَا مُسَدَّدٌ: عَنْ عَبْدِ الْوَاحِدِ: حَدَّثَنَا عُمَارَةُ بْنُ الْقَعْقَاعِ، عَنْ أَبِي زُرْعَةَ بْنِ عَمْرِو بْنِ جَرِيرٍ، عَنْ أَبِي هُرَيْرَةَ قَالَ: قَالَ رَسُولُ اللهِ ﷺ: مَا مِنْ مَكْلُومٍ يُكْلَمُ فِي اللهِ إِلَّا جَاءَ يَوْمَ الْقِيَامَةِ وَكَلْمُهُ يَدْمَى اللَّوْنُ لَوْنُ دَمٍ وَالرِّيحُ رِيحُ مِسْكٍ.,އަބޫ ހުރައިރާ ރިވާ ކުރެއްވިއެވެ: ރަސޫލު ﷲ ﷺ ޙަދީޘް ކުރެއްވިއެވެ: ”ﷲގެ މަގުގައި (ޖިހާދު ކުރުމުގައި) މީހަކަށް ޒަހަމުވެއްޖެ ނަމަ، ގިޔާމަތް ދުވަހު އެ ޒަހަމުން ލޭ އޮހޮރި، އޭގެ ކުލައަކީ ހަމަ ލޭގެ ކުލައަށް ވެފައި، އަދި އޭގެ ވަހަކީ ގޮމަކަސްތޫރި ވަސް ކަމުގައިވާ ހާލު ނޫން ގޮތަކަށް އެ މީހަކު ނާންނާނެއެވެ.“,b36
صحيح البخاري,5543,"""مَا أَنْهَرَ الدَّمَ وَذُكِرَ اسْمُ اللَّهِ فَكُلُوهُ، مَا لَمْ يَكُنْ سِنٌّ وَلاَ ظُفُرٌ""","""ކަތިލުމުގައި ލޭއޮހޮރިއްޖެ އަދި ﷲ ގެ ނަންފުޅުގެ މަތީގައި ކަތިލައިފި ކޮންމެ އެއްޗެއް ތިޔަބައިމީހުން ކާށެވެ! ދަތުންނާއި ނިޔަފަތިން (ވަކިގަނޑަކުން) ކަތިލާތަކެތި މެނުވީއެވެ.""",
صحيح البخاري,5546,مَن ذَبَحَ قَبْلَ الصَّلاةِ فإنَّما ذَبَحَ لِنَفْسِهِ، ومَن ذَبَحَ بَعْدَ الصَّلاةِ فقَدْ تَمَّ نُسُكُهُ، وأَصابَ سُنَّةَ المُسْلِمِينَ.,(އީދު) ނަމާދުގެ ފަހުން (އުޟްހިޔާ) ކަތިލައިފި މީހާ، އެ މީހެއްގެ ނުސުކު (އެބަހީ: ކަތިލުން) ފުރިހަމަކޮށްފިއެވެ. އަދި މުސްލިމުންގެ ސުންނަތާ އެއްގޮތަށް ކަންތައްކޮށްފިއެވެ.,
صحيح البخاري,5565,"""ضَحَّى النَّبِيُّ صَلَّى اللهُ عَلَيْهِ وَسَلَّمَ بِكَبْشَيْنِ أَمْلَحَيْنِ أَقْرَنَيْنِ، ذَبَحَهُمَا بِيَدِهِ، وَسَمَّى وَكَبَّرَ، وَوَضَعَ رِجْلَهُ عَلَى صِفَاحِهِمَا""","""ހުދުކުލައިގެ ނުވަތަ ހުދުކުލަ ބޯޑަށްހުރި ދެ ދަޅުފަޅާފައިވާ ދެކަންބަޅި ކީރިތި ރަސޫލާ ޞައްލަﷲ ޢަލައިހި ވަސައްލަމަ ގެ އަތްޕުޅުން ކަތިލެއްވިއެވެ. އަދި އެކަލޭގެފާނު (بِسْمِ اللهِ اللهُ أَكْبَرُ މިހެން) ވިދާޅުވިއެވެ. އަދި ފައިންޕުޅުން އޭތީގެ ކަރުގައި ހިފަހައްޓަވަމުން ކަތިލެއްވިއެވެ.""",
صحيح البخاري,5565,ضَحَّى النبيُّ صَلَّى اللهُ عليه وسلَّمَ بكَبْشينِ أمْلَحَيْنِ أقْرَنَيْنِ، ذَبَحَهُما بيَدِهِ، وسَمَّى وكَبَّرَ، ووَضَعَ رِجْلَهُ علَى صِفَاحِهِمَا.,ރަސޫލު اللّه ﷺ އުޟްޙިޔާގެ ގޮތުގައި ދެ ދަޅު ފަޅާފައިވާ ދެ ކަންބަޅި ބަކަރި ކަތިލެއްވިއެވެ. އެކަލޭގެފާނުގެ ފައިންޕުޅު ބަކަރީގެ ކަރުގެ އަރިމަތީގައި އެޅުއްވުމަށް ފަހު “بِسْمِ اللهِ، وَاللَّهُ أَكْبَرُ” އޭ ވިދާޅުވެފައި އެކަލޭގެފާނުގެ އަތްޕުޅުން އޭތި ކަތިލެއްވިއެވެ.”,
صحيح البخاري,5590,«لَيَكونَنَّ مِن أُمَّتي أقْوامٌ يَسْتَحِلُّونَ الحِرَ والحَرِيرَ، والخَمْرَ والمَعازِفَ، ولَيَنْزِلَنَّ أقْوامٌ إلى جَنْبِ عَلَمٍ، يَرُوحُ عليهم بسارِحَةٍ لهمْ، يَأْتِيهِمْ -يَعْنِي الفقِيرَ- لِحاجَةٍ، فيَقولونَ: ارْجِعْ إلَيْنا غَدًا، فيُبَيِّتُهُمُ اللَّهُ، ويَضَعُ العَلَمَ، ويَمْسَخُ آخَرِينَ قِرَدَةً وخَنازِيرَ إلى يَومِ القِيامَةِ.»,”ހަމަކަށަވަރުން ޒިނޭއާއި، ފަށުވިފޭރާމާއި، ރަލާ، މިޔުޒިކު ކުޅޭ އާލާތްތައް ހުއްދަކުރާ ބަޔަކު، ތިމަން ކަލޭގެފާނުގެ އުއްމަތުގެ ތެރެއިން ވާނެކަން ކަށަވަރެވެ. (އެބަހީ: އެފަދަ ހަރާމް ކަންތައްތައް، ހަލާލު ކަމުގައި ހަދާނެ ބަޔަކު އަންނާނެއެވެ.) އަދި ހަމަކަށަވަރުން ބަޔަކު މީހުން ބޮޑު ފަރުބަދައެއްގެ ކައިރިއަށް ފައިބާނެއެވެ. އެ މީހުންގެ ހުއިހައްޕާ ޖަނަވާރުތައް ހަވީރުގެ ވަގުތުގައި އެ މީހުން ގާތަށް ގެންދެވޭނެއެވެ. (އެބަހީ: ވަރަށް ފަސޭހަކަމާއި، ތިޔާގިކަމާއި، ނިއުމަތުގައި އެ މީހުން ދިރިއުޅޭނެއެވެ. އެ ވަރުން ވެސް ކުރިން ދެންނެވުނު ކަންތައްތައް އެ މީހުން ހަލާލުކުރާނެއެވެ.) ދެން ފަގީރަކު އޭނާގެ ހާޖަތް ފުއްދުމަށް އެ މީހުންގެ ގާތަށް އައުމުން، އެ މީހުން ބުނާނެއެވެ: މާދަމާ އަހަރެމެންގެ ގާތަށް އެނބުރި އަންނާށެވެ. (ނޯޓު: އެ މީހުން ގަސްދުކުރީ އެއްޗެއް ނުދީ އޭނާ ފޮނުވާލުމަށެވެ.) ދެން ރޭގަނޑު ﷲ އެ މީހުންނަށް އަޒާބު ފޮނުއްވާ، އެ ފަރުބަދަ އެ މީހުންގެ މައްޗަށް ވައްޓަވާލައްވާ، އެ ބަޔަކު ނެތިކުރައްވާނެއެވެ. އަދި (އޭގެ) އެހެން ބަޔަކު ގިޔާމަތާ ހަމައަށް ރާމާމަކުނުތަކަށާއި އޫރުތަކަކަށް ބަދަލުކުރައްވާނެއެވެ.“,
صحيح البخاري,5615,إِنَّ نَاسًا يَكْرَهُ أَحَدُهُمْ أَنْ يَشْرَبَ وَهُوَ قَائِمٌ، وَإِنِّي رَأَيْتُ النَّبِيَّ صَلَّى اللَّهُ عَلَيْهِ وَسَلَّمَ فَعَلَ كَمَا رَأَيْتُمُونِي فَعَلْتُ,މީހަކު ކޮޅަށްހުރެ ފެންބުއިމަކީ މަކްރޫޙަ ކަމެއްކަމުގައި ބަޔަކުމީހުން، ދެކެއެވެ. އެހެނަސް ތިމަންކަލޭގެފާނު މި ފެންފޮދުހިއްޕެވި ފަދައިން(ކޮޅަށް ހުންނަވައި) ނަބިއްޔާ ﷺ ވެސް ފެންފޮދުހިއްޕެވީތީ ދެކެވަޑައިގަތީމެވެ.,
صحيح البخاري,5641,"عَنِ النَّبِيِّ صلى الله عليه وسلم قَالَ "" مَا يُصِيبُ الْمُسْلِمَ مِنْ نَصَبٍ وَلاَ وَصَبٍ وَلاَ هَمٍّ وَلاَ حُزْنٍ وَلاَ أَذًى وَلاَ غَمٍّ حَتَّى الشَّوْكَةِ يُشَاكُهَا، إِلاَّ كَفَّرَ اللَّهُ بِهَا مِنْ خَطَايَاهُ "".","މާތްﷲ އެކަލޭގެފާނަށް ރުއްސުންލެއްވި އަބޫ ސަޢީދު (އަލްޚުދުރީ) އާއި، މާތްﷲ އެކަލޭގެފާނަށް ރުއްސުންލެއްވި އަބޫ ހުރައިރަތުގެފާނާ ދެ ބޭކަލުންގެ އަރިހުން ރިވާވެގެންވެއެވެ. މާތް ނަބިއްޔާ ޞައްލަﷲ ޢަލައިހި ވަސައްލަމަ ޙަދީޘްކުރެއްވިއެވެ: ""އެ މީހަކަށް ވަރުބަލިކަމެއް، ދާއިމީ ތަދެއް، ހިތްދަތިކަމެއް، ހިތާމައެއް، އުނދަގުލެއް، އަދި ބޮޑު ހިތާމައެއް ކުރިމަތިވެ، އަކަންކަމަށް އޭނާ ކެތްތެރިވެއްޖެނަމަ، އަދި އެންމެ ކުޑަމިނުން ގަޔަށް ކަށްޓެއް ހެރުމުން (އެކަމަށް ކެތްތެރިވިނަމަ) އޭގެ ސަބަބުން، މާތް ﷲ، އެމީހެއްގެ ކުށްފާފަތައް ނުފުއްސަވާނޭ މުސްލިމަކު ނުވެއެވެ.""",
صحيح البخاري,5671,لاَ يَتَمَنَّيَنَّ أَحَدُكُمُ الْمَوْتَ مِنْ ضُرٍّ أَصَابَهُ، فَإِنْ كَانَ لاَ بُدَّ فَاعِلاً فَلْيَقُلِ اللَّهُمَّ أَحْيِنِي مَا كَانَتِ الْحَيَاةُ خَيْرًا لِي، وَتَوَفَّنِي إِذَا كَانَتِ الْوَفَاةُ خَيْرًا لِي‏. اللَّهُمَّ أَحْيِنِي مَا كَانَتِ الْحَيَاةُ خَيْرًا لِي، وَتَوَفَّنِي إِذَا كَانَتِ الْوَفَاةُ خَيْرًا لِي ‏,"ޖެހިފައިވި މުޞީބާތަކާހުރެ، ތިޔަބައިމީހުންކުރެ އެކަކުވެސް މަރަށް ނޭދޭހުށިކަމެވެ. ފަހެ ކޮންމެހެން އެދެންޖެހިއްޖެނަމަ، އެމީހަކު ބުނާހުށިކަމޭ: "" ހައްދަވާ ބޮޑުކުރެއްވި ރަސްކަލާކޯއެވެ! މިއަޅާއަށް ޙަޔާތުގައި ހެޔޮކަން ވާހާ ހިނދަކު މިއަޅާ ދިރުން މަތީ ލަހައްޓަވާންދޭވެ! އަދި މިއަޅާއަށް މަރުވުން ހެޔޮވެގެންފި ހިނދަކު މިއަޅާ މަރުގަންނަވާންދޭވެ!""",
صحيح البخاري,5681,"عَنِ النَّبِيِّ صلى الله عليه وسلم قَالَ "" الشِّفَاءُ فِي ثَلاَثَةٍ شَرْطَةِ مِحْجَمٍ، أَوْ شَرْبَةِ عَسَلٍ، أَوْ كَيَّةٍ بِنَارٍ، وَأَنْهَى أُمَّتِي عَنِ الْكَىِّ "".",ނަބިއްޔާ ﷺ ޙަދީޘް ކުރެއްވިކަމަށް ރިވާވެގެންވެއެވެ: ”ޝިފާ ވަނީ ތިނެއްޗެއްގައެވެ. ހިޖާމާ ޖަހާ އެތީގެ ކަފާލުމާއި، މާމުއިފޮދެއް ބޯލުމާއި، ދޮންދަގަނޑު ޖެއްސުމެވެ. އެކަމަކު ދޮންދަނގަޑު ޖެއްސުމުން ތިމަން ނަބިއްޔާގެ އުއްމަތަށް ނަހީ ކުރައްވަމެވެ.“,
صحيح البخاري,5687,حَدَّثَنَا عَبْدُ اللهِ بْنُ أَبِي شَيْبَةَ: حَدَّثَنَا عُبَيْدُ اللهِ: حَدَّثَنَا إِسْرَائِيلُ، عَنْ مَنْصُورٍ، عَنْ خَالِدِ بْنِ سَعْدٍ قَالَ: خَرَجْنَا وَمَعَنَا غَالِبُ بْنُ أَبْجَرَ فَمَرِضَ فِي الطَّرِيقِ فَقَدِمْنَا الْمَدِينَةَ وَهُوَ مَرِيضٌ فَعَادَهُ ابْنُ أَبِي عَتِيقٍ، فَقَالَ: لَنَا عَلَيْكُمْ بِهَذِهِ الْحُبَيْبَةِ السَّوْدَاءِ فَخُذُوا مِنْهَا خَمْسًا أَوْ سَبْعًا فَاسْحَقُوهَا، ثُمَّ اقْطُرُوهَا فِي أَنْفِهِ بِقَطَرَاتِ زَيْتٍ فِي هَذَا الْجَانِبِ وَفِي هَذَا الْجَانِبِ، فَإِنَّ عَائِشَةَ حَدَّثَتْنِي أَنَّهَا سَمِعَتِ النَّبِيَّ ﷺ يَقُولُ: إِنَّ هَذِهِ الْحَبَّةَ السَّوْدَاءَ شِفَاءٌ مِنْ كُلِّ دَاءٍ إِلَّا مِنَ السَّامِ. قُلْتُ: وَمَا السَّامُ؟ قَالَ: الْمَوْتُ.,"ޚާލިދު ބިން ސަޢުދު ރިވާ ކުރެއްވިއެވެ: ތިމަންމެން (ދަތުރެއްގައި) ނުކުތީމެވެ. އަދި ދިޔަ މަގުމަތީގައި ތިމަންމެންނާއެކުގައި އުޅުނު ޣާލިބު ބިން އަބްޖަރު ބަލިވިއެވެ. ތިމަންމެން މަދީނާއަށް ދެވުނު އިރުވެސް ޣާލިބު އުޅުނީ ބަލި ހާލުގައެވެ. ފަހެ އިބްނު އަބީ ޢަތީގު އެކަލޭފެފާނަށް ޒިޔާރާތް ކުރައްވާފައި ތިމަންމެންނަށް ދެންނެވިއެވެ: ތިޔަބައިމީހުންގެ މައްޗަށް އޮތީ މި ކަޅުދިރި ބޭނުން ކުރުމެވެ. ފަހެ އޭގެން ފަހެއް ނުވަތަ ހަތް އޮށް ނަގާފައި މުގުރާށެވެ. އެއަށްފަހު ތެލާ އެއްކޮށްފައި އޭނާގެ ނޭފަތް ތެރޭ މި ދެ ދިމާލަށް ވެސް ތިކި ޖަހާށެވެ. އެހެނީ ހަމަކަށަވަރުން ޢާއިޝާ ތިމަންނައަށް ރިވާ ކުރެއްވިއެވެ: ނަބިއްޔާ ﷺ ޙަދީޘް ކުރައްވަނިކޮށް އެ ކަމަނާ އަޑު އެއްސެވިއެވެ: ”ހަމަކަށަވަރުން މި ކަޅުދިރިއަކީ ސާއްމު ފިޔަވާ ކޮންމެ ބައްޔަކަށްވާ ޝިފާއެކެވެ.“ ތިމަން ކަމަނާ ދެންނެވީމެވެ: ސާއްމަކީ ކޮބައިތޯއެވެ؟ ނަބިއްޔާ ޙަދިޘް ކުރެއްވިއެވެ: ""މަރެވެ.“",
صحيح البخاري,5688,حَدَّثَنَا يَحْيَى بْنُ بُكَيْرٍ: حَدَّثَنَا اللَّيْثُ، عَنْ عُقَيْلٍ، عَنِ ابْنِ شِهَابٍ قَالَ: أَخْبَرَنِي أَبُو سَلَمَةَ وَسَعِيدُ بْنُ الْمُسَيِّبِ: أَنَّ أَبَا هُرَيْرَةَ أَخْبَرَهُمَا أَنَّهُ سَمِعَ رَسُولَ اللهِ ﷺ يَقُولُ: فِي الْحَبَّةِ السَّوْدَاءِ شِفَاءٌ مِنْ كُلِّ دَاءٍ إِلَّا السَّامَ. قَالَ ابْنُ شِهَابٍ: وَالسَّامُ: الْمَوْتُ، وَالْحَبَّةُ السَّوْدَاءُ: الشُّونِيزُ.,އަބޫ ހުރައިރާ ރިވާ ކުރެއްވިއެވެ: ރަސޫލު ﷲ ﷺ ޙަދީޘް ކުރައްވަނިކޮށް ތިމަން އަޑު އެހީމެވެ: ”ކަޅުދިރީގައި ސާއްމު ފިޔަވާ ކޮންމެ ބައްޔަކަށް ޝިފާވެއެވެ.“ (ޙަދީޘްގެ ރާވީއެއް ކަމަށްވާ) އިބްނު ޝިހާބު ވިދާޅުވިއެވެ: އަދި ސާއްމަކީ މަރެވެ. އަދި ކަޅުދިރިއަކީ ޝޫނީޒެވެ. (ނޯޓު: އޭރު އެ ޒަމާނުގައި ކަޅުދިރި މަޝްހޫރުވެފައިވަނީ އެ ނަމުންނެވެ.),
صحيح البخاري,5692,حَدَّثَنَا صَدَقَةُ بْنُ الْفَضْلِ: أَخْبَرَنَا ابْنُ عُيَيْنَةَ قَالَ: سَمِعْتُ الزُّهْرِيَّ، عَنْ عُبَيْدِ اللهِ، عَنْ أُمِّ قَيْسٍ بِنْتِ مِحْصَنٍ قَالَتْ: سَمِعْتُ النَّبِيَّ ﷺ يَقُولُ: عَلَيْكُمْ بِهَذَا الْعُودِ الْهِنْدِيِّ؛ فَإِنَّ فِيهِ سَبْعَةَ أَشْفِيَةٍ، يُسْتَعَطُ بِهِ مِنَ الْعُذْرَةِ، وَيُلَدُّ بِهِ مِنْ ذَاتِ الْجَنْبِ.,އުއްމު ގައިސް ބިންތި މިޙްޞަން ރިވާ ކުރެއްވިއެވެ: ނަބިއްޔާ ﷺ ޙަދީޘް ކުރައްވަނިކޮށް ތިމަން އަޑު އެހީމެވެ: ތިޔަބައިމީހުންގެ މައްޗަށް އޮތީ މި އިންޑިޔާ ގުސްޠު ބޭނުން ކުރުމެވެ. އެހެނީ ހަމަކަށަވަރުން އޭގައި ހަތް ޝިފާވެއެވެ. ޓޮންސިލައިޓިސަށް ފަރުވާ ކުރުމަށް އޭތި ނޭފަތަށް ދަމާލާނީއެވެ. އަދި ޕްލިއުރިސީއށް ފަރުވާ ކުރުމަށް އޭތި ކޮލުދަތްތައް ކައިރީގައި ހާކާލާނީއެވެ.,
صحيح البخاري,5696,حَدَّثَنَا مُحَمَّدُ بْنُ مُقَاتِلٍ: أَخْبَرَنَا عَبْدُ اللهِ: أَخْبَرَنَا حُمَيْدٌ الطَّوِيلُ، عَنْ أَنَسٍ رَضِيَ اللهُ عَنْهُ، أَنَّهُ سُئِلَ عَنْ أَجْرِ الْحَجَّامِ، فَقَالَ احْتَجَمَ رَسُولُ اللهِ ﷺ حَجَمَهُ أَبُو طَيْبَةَ وَأَعْطَاهُ صَاعَيْنِ مِنْ طَعَامٍ وَكَلَّمَ مَوَالِيَهُ فَخَفَّفُوا عَنْهُ وَقَالَ: إِنَّ أَمْثَلَ مَا تَدَاوَيْتُمْ بِهِ الْحِجَامَةُ وَالْقُسْطُ الْبَحْرِيُّ. وَقَالَ: لَا تُعَذِّبُوا صِبْيَانَكُمْ بِالْغَمْزِ مِنَ الْعُذْرَةِ، وَعَلَيْكُمْ بِالْقُسْطِ.,އަނަސް رَضِيَ اللَّهُ عَنْهُ ރިވާ ކުރެއްވިއެވެ: ޙިޖާމާ ޖެހައިގެން ނަގާ އަގާ ބެހޭ ގޮތުން އަނަސްގެ ގާތު ސުވާލު ކުރެވުނުވެ. އެކަލޭގެފާނު ދެންނެވިއެވެ: އަބޫ ޠައިބާ، ރަސޫލު ﷲ ﷺ އަށް ހިޖާމާ ޖެއްސެވިއެވެ. އަދި އަބޫ ޠައިބާއަށް ދެ ޞާޢުގެ ކާތަކެތި ނަބިއްޔާ ދެއްވިއެވެ. އަދި އަބޫ ޠައިބާގެ ސާހިބު މީހުންގެ ގާތު ނަބިއްޔާ ވާހަކަފުޅު ދެއްކެވުމުން އެ މީހުން އަބޫ ޠައިބާ (ލައްވާ މަސައްކަތް ކުރުވައިގެން ހޯދާ ފައިސާ) މަދު ކުރިއެވެ. އަދި ނަބިއްޔާ ޙަދީޘް ކުރެއްވިއެވެ: ”ހަމަކަށަވަރުން ތިޔަބައިމީހުން ފަރުވާ ކުރުމަށް ބޭނުން ކުރާ އެންމެ ރަނގަޅު އެއްޗަކީ ޙިޖާމާއާއި ކަނޑު ގުސްޠެވެ.“ ދެންވެސް ނަބިއްޔާ ޙަދީޘް ކުރެއްވިއެވެ: ”ޓޮންސިލައިޓިސް ޖެހުމުން ތިޔަބައިމިހުންގެ ކުދިންގެ ޓޮންސިލްތަކުގައި ފިއްތައިގެން އަނިޔާ ނުކުރާށެވެ. އެހެނެއްކަމަކު ތިޔަބައިމީހުންގެ މައްޗަށް އޮތީ ގުސްޠު ބޭނުން ކުރުމެވެ.“,
صحيح البخاري,5713,حَدَّثَنَا عَلِيُّ بْنُ عَبْدِ اللهِ: حَدَّثَنَا سُفْيَانُ، عَنِ الزُّهْرِيِّ أَخْبَرَنِي عُبَيْدُ اللهِ، عَنْ أُمِّ قَيْسٍ قَالَتْ: دَخَلْتُ بِابْنٍ لِي عَلَى رَسُولِ اللهِ ﷺ وَقَدْ أَعْلَقْتُ عَلَيْهِ مِنَ الْعُذْرَةِ، فَقَالَ: عَلَى مَا تَدْغَرْنَ أَوْلَادَكُنَّ بِهَذَا الْعِلَاقِ، عَلَيْكُنَّ بِهَذَا الْعُودِ الْهِنْدِيِّ؛ فَإِنَّ فِيهِ سَبْعَةَ أَشْفِيَةٍ، مِنْهَا ذَاتُ الْجَنْبِ يُسْعَطُ مِنَ الْعُذْرَةِ وَيُلَدُّ مِنْ ذَاتِ الْجَنْبِ فَسَمِعْتُ الزُّهْرِيَّ يَقُولُ: بَيَّنَ لَنَا اثْنَيْنِ وَلَمْ يُبَيِّنْ لَنَا خَمْسَةً. قُلْتُ لِسُفْيَانَ: فَإِنَّ مَعْمَرًا يَقُولُ: أَعْلَقْتُ عَلَيْهِ، قَالَ: لَمْ يَحْفَظْ، أَعْلَقْتُ عَنْهُ حَفِظْتُهُ مِنْ فِي الزُّهْرِيِّ، وَوَصَفَ سُفْيَانُ الْغُلَامَ يُحَنَّكُ بِالْإِصْبَعِ وَأَدْخَلَ سُفْيَانُ فِي حَنَكِهِ، إِنَّمَا يَعْنِي: رَفْعَ حَنَكِهِ بِإِصْبَعِهِ وَلَمْ يَقُلْ: أَعْلِقُوا عَنْهُ شَيْئًا.,އުއްމު ގައިސް ބިންތި މިޙްޞަން ރިވާ ކުރެއްވިއެވެ: ތިމަން ކަމަނާގެ ފިރިހެން ކުޑަ ކުއްޖަކު ގޮވައިގެން، ރަސޫލު ﷲ ﷺ ގެ އަރިހަށް ދިޔައިމެވެ. އެ ކުއްޖާއަށް ޓޮންސިލައިޓިސް ޖެހުމުގެ ސަބަބުން، އެ ކުއްޖާގެ ޓޮންސިލްތަކުގައި ތިމަން ކަމަނާ ހުންނެވީ ފިއްތަވާލައިގެންނެވެ. ނަބިއްޔާ ޙަދީޘް ކުރެއްވިއެވެ: ”ތިޔަ ކަނބަލުންގެ ދަރިންގެ ޓޮންސިލްތަކުގައި ތި ގޮތަށް ފިއްތައިގެން ތިޔަ އަނިޔާ ކުރަނީ ކީއްވެތޯއެވެ؟ ތިޔަ ކަނބަލުންގެ މައްޗަށް އޮތީ މި އިންޑިޔާ ގުސްޠު ބޭނުން ކުރުމެވެ. އެހެނީ ހަމަކަށަވަރުން އޭގައި ހަތް ޝިފާއެއް ލެއްވިގެންވެއެވެ. އޭގެ ތެރެއިން ޕްލިއުރިސީއަށް ޝިފާ ހިމެނެއެވެ. ޓޮންސިލައިޓިސަށް ފަރުވާ ކުރުމަށް އޭތި ނޭފަތަށް ދަމާލާނީއެވެ. އަދި ޕްލިއުރަސީއށް ފަރުވާ ކުރުމަށް އޭތި ކޮލުދަތްތައް ކައިރީގައި ހާކާލާނީއެވެ.“ (ޙަދީޘްގެ ރާވީއެއް ކަމަށްވާ) ޒުހްރީ ވިދާޅުވިއެވެ: (އެ ހަތް ޝިފާގެ ތެރެއިން) ދެ ކަމެއް ނަބިއްޔާ ތިމަންމެންނަށް ބަޔާންކޮށްދެއްވިއެވެ. އަދި ފަސް ކަމެއް ބަޔާން ނުކޮށްދެއްވައެވެ. (ޙަދީޘްގެ އެހެން ރާވީއެއް ކަމަށްވާ) ސުފްޔާނަށް ދެންނެވުނެވެ: ހަމަކަށަވަރުން މަޢުމަރު ވިދާޅުވަނީ ޓޮންސިލް މަތީގައި އެލުވި ވާހަކައެވެ، ސުފްޔާން ދެންނެވިއެވެ: އެފަދައިން ރިވާޔަތްތަކުގައި ދަސްވެ އައިސްފައެވެ ނުވެއެވެ. އެހެނެއް ކަމަކު އައިސްފައި ވަނީ ޓޮންސިލްގައި ފިއްތެވި ވާހަކައެވެ. ޒުހްރީގެ އަނގަފުޅުން ތިމަން ދަސްކުރީ މިފަދައިންނެވެ. އަދި ކުއްޖާގެ (ޓޮންސިލް) އިނގިލިން ފިއްތެވުނު ގޮތް ސިފަ ކުރަމުން ދެއްކިއެވެ: ސުފްޔާންގެ ތައްޔާ ހިސާބަށް އިނގިލި ވެއްދިއެވެ. އެބަހީ: އޭނާގެ ތަލީގައި އިނގިލިން ޖައްސައި ހިއްލާލެވުނެވެ. އަދި މިފަދައިން ވިދާޅެއް ނުވެއެވެ: އެ ޓޮންސިލުގައި އެއްޗެއް އައްސާށެވެ.,
صحيح البخاري,5715,حَدَّثَنَا أَبُو الْيَمَانِ: أَخْبَرَنَا شُعَيْبٌ، عَنِ الزُّهْرِيِّ قَالَ: أَخْبَرَنِي عُبَيْدُ اللهِ بْنُ عَبْدِ اللهِ أَنَّ أُمَّ قَيْسٍ بِنْتَ مِحْصَنٍ الْأَسَدِيَّةَ أَسَدَ خُزَيْمَةَ، وَكَانَتْ مِنَ الْمُهَاجِرَاتِ الْأُوَلِ اللَّاتِي بَايَعْنَ النَّبِيَّ ﷺ، وَهِيَ أُخْتُ عُكَّاشَةَ أَخْبَرَتْهُ أَنَّهَا أَتَتْ رَسُولَ اللهِ ﷺ بِابْنٍ لَهَا قَدْ أَعْلَقْتُ عَلَيْهِ مِنَ الْعُذْرَةِ، فَقَالَ النَّبِيُّ ﷺ: عَلَى مَا تَدْغَرْنَ أَوْلَادَكُنَّ بِهَذَا الْعِلَاقِ عَلَيْكُمْ بِهَذَا الْعُودِ الْهِنْدِيِّ، فَإِنَّ فِيهِ سَبْعَةَ أَشْفِيَةٍ مِنْهَا ذَاتُ الْجَنْبِ يُرِيدُ الْكُسْتَ وَهُوَ الْعُودُ الْهِنْدِيُّ وَقَالَ يُونُسُ وَإِسْحَاقُ بْنُ رَاشِدٍ عَنِ الزُّهْرِيِّ: عَلَّقَتْ عَلَيْهِ.,ޚުޒައިމާގެ އަސަދުގެ ދަރިކަލުންގެ ތެރެއިންވާ، އުއްމު ގައިސް ބިންތި މިޙްޞަން އަލްއަސަދިއްޔާ ރިވާ ކުރެއްވިއެވެ. އަދި އެ ކަމަނާއަކީ ފުރަތަމަ ފަހަރު ހިޖުރަ ކުރެއްވި، ނަބިއްޔާ ﷺ އަށް ބައިޢަތު ހިއްޕެވި އަންހެން ކަނބަލެކެވެ. އެ ކަމަނާއަކީ ޢުއްކާޝާގެއުޚްތެވެ. އެ ކަމަނާގެ ފިރިހެން ކުޑަ ކުއްޖަކު ގޮވައިގެން، ރަސޫލު ﷲ ﷺ ގެ އަރިހަށް އައެވެ. އެ ކުއްޖާއަށް ޓޮންސިލައިޓިސް ޖެހުމުގެ ސަބަބުން، އެ ކުއްޖާގެ ޓޮންސިލްތަކުގައި އެ ކަމަނާ ހުންނެވީ ފިއްތަވާލައިގެންނެވެ. ނަބިއްޔާ ﷺ ޙަދީޘް ކުރެއްވިއެވެ: ”ތިޔަ ކަނބަލުންގެ ދަރިންގެ ޓޮންސިލްތަކުގައި ތި ގޮތަށް ފިއްތައިގެން ތިޔަ އަނިޔާ ކުރަނީ ކީއްވެތޯއެވެ؟ ތިޔަ ކަނބަލުންގެ މައްޗަށް އޮތީ މި އިންޑިޔާ ގުސްޠު ބޭނުން ކުރުމެވެ. އެހެނީ ހަމަކަށަވަރުން އޭގައި ހަތް ޝިފާއެއް ލެއްވިގެންވެއެވެ. އޭގެ ތެރެއިން ޕްލިއުރިސީއަށް ޝިފާ ހިމެނެއެވެ.“,
صحيح البخاري,5716,"عَنْ أَبِي سَعِيدٍ، قَالَ جَاءَ رَجُلٌ إِلَى النَّبِيِّ صلى الله عليه وسلم فَقَالَ إِنَّ أَخِي اسْتَطْلَقَ بَطْنُهُ. فَقَالَ "" اسْقِهِ عَسَلاً "". فَسَقَاهُ. فَقَالَ إِنِّي سَقَيْتُهُ فَلَمْ يَزِدْهُ إِلاَّ اسْتِطْلاَقًا. فَقَالَ "" صَدَقَ اللَّهُ وَكَذَبَ بَطْنُ أَخِيكَ "". تَابَعَهُ النَّضْرُ عَنْ شُعْبَةَ.",އަބޫ ސަޢީދު ވިދާޅުވިކަމަށް ރިވާވެގެންވެއެވެ: މީހަކު ނަބިއްޔާ ﷺ އަރިހަށް އައިސް ދެންނެވިއެވެ: ހަމަކަށަވަރުން ތިމަންނަގެ އަޚާ އުޅެނީ ބަނޑު ދިޔާވެގެންނެވެ. ފަހެ އެކަލޭގެފާނު ޙަދީޘް ކުރެއްވިއެވެ: ”އޭނާއަށް މާމުއި ބޯންދޭށެވެ.“ ފަހެ އެ މީހާ އޭނާއަށް ބޯންދިނެވެ. ދެން އޭނާ ދެންނެވިއެވެ: ހަމަކަށަވަރުން ތިމަންނަ އޭނާއަށް ބޯންދިނީމެވެ. ފަހެ އޭގެން އޭނާގެ ބަނޑު ދިޔާވުން އިތުރުވުން ނޫން ކަމެއް ނުވެއެވެ. ދެން އެކަލޭގެފާނު ޙަދީޘް ކުރެއްވިއެވެ: ”ﷲ ހެއްދެވީ ތެދެވެ. އަދި ތިބާގެ އަޚާގެ ބަނޑު ހެދީ ދޮގެވެ.“,
صحيح البخاري,5718,حَدَّثَنِي مُحَمَّدٌ: أَخْبَرَنَا عَتَّابُ بْنُ بَشِيرٍ، عَنْ إِسْحَاقَ، عَنِ الزُّهْرِيِّ قَالَ: أَخْبَرَنِي عُبَيْدُ اللهِ بْنُ عَبْدِ اللهِ أَنَّ أُمَّ قَيْسٍ بِنْتَ مِحْصَنٍ وَكَانَتْ مِنَ الْمُهَاجِرَاتِ الْأُوَلِ اللَّاتِي بَايَعْنَ رَسُولَ اللهِ ﷺ وَهِيَ أُخْتُ عُكَّاشَةَ بْنِ مِحْصَنٍ أَخْبَرَتْهُ أَنَّهَا أَتَتْ رَسُولَ اللهِ ﷺ بِابْنٍ لَهَا قَدْ عَلَّقَتْ عَلَيْهِ مِنَ الْعُذْرَةِ، فَقَالَ: اتَّقُوا اللهَ عَلَى مَا تَدْغَرُونَ أَوْلَادَكُمْ بِهَذِهِ الْأَعْلَاقِ عَلَيْكُمْ بِهَذَا الْعُودِ الْهِنْدِيِّ فَإِنَّ فِيهِ سَبْعَةَ أَشْفِيَةٍ مِنْهَا ذَاتُ الْجَنْبِ يُرِيدُ الْكُسْتَ يَعْنِي: الْقُسْطَ قَالَ: وَهِيَ لُغَةٌ.,އުއްމު ގައިސް ބިންތި މިޙްޞަން ރިވާ ކުރެއްވިއެވެ. އަދި އެ ކަމަނާއަކީ ފުރަތަމަ ފަހަރު ހިޖުރަ ކުރެއްވި، ރަސޫލު ﷲ ﷺ އަށް ބައިޢަތު ހިއްޕެވި އަންހެން ކަނބަލެކެވެ. އެ ކަމަނާއަކީ ޢުއްކާޝާ ބިން މިޙްޞަންގެ އުޚްތެވެ. އެ ކަމަނާގެ ފިރިހެން ކުޑަ ކުއްޖަކު ގޮވައިގެން، ރަސޫލު ﷲ ﷺ ގެ އަރިހަށް އައެވެ. އެ ކުއްޖާއަށް ޓޮންސިލައިޓިސް ޖެހުމުގެ ސަބަބުން، އެ ކުއްޖާގެ ޓޮންސިލްތަކުގައި އެ ކަމަނާ ހުންނެވީ ފިއްތަވާލައިގެންނެވެ. ނަބިއްޔާ ޙަދީޘް ކުރެއްވިއެވެ: ”ﷲ އަށް ބިރުވެތިވާށެވެ. ތިޔަބައިމީހުންގެ ދަރިންގެ ޓޮންސިލްތަކުގައި ތި ގޮތަށް ފިއްތައިގެން ތިޔަ އަނިޔާ ކުރަނީ ކީއްވެތޯއެވެ؟ ތިޔަބައިމީހުންގެ މައްޗަށް އޮތީ މި އިންޑިޔާ ގުސްޠު ބޭނުން ކުރުމެވެ. އެހެނީ ހަމަކަށަވަރުން އޭގައި ހަތް ޝިފާއެއް ލެއްވިގެންވެއެވެ. އޭގެ ތެރެއިން ޕްލިއުރިސީއަށް ޝިފާ ހިމެނެއެވެ.“,
صحيح البخاري,5748,حَدَّثَنَا عَبْدُ الْعَزِيزِ بْنُ عَبْدِ اللَّهِ الأُوَيْسِيُّ، حَدَّثَنَا سُلَيْمَانُ، عَنْ يُونُسَ، عَنِ ابْنِ شِهَابٍ، عَنْ عُرْوَةَ بْنِ الزُّبَيْرِ، عَنْ عَائِشَةَ ـ رضى الله عنها ـ قَالَتْ كَانَ رَسُولُ اللَّهِ ﷺ إِذَا أَوَى إِلَى فِرَاشِهِ نَفَثَ فِي كَفَّيْهِ بِقُلْ هُوَ اللَّهُ أَحَدٌ وَبِالْمُعَوِّذَتَيْنِ جَمِيعًا، ثُمَّ يَمْسَحُ بِهِمَا وَجْهَهُ، وَمَا بَلَغَتْ يَدَاهُ مِنْ جَسَدِهِ. قَالَتْ عَائِشَةُ فَلَمَّا اشْتَكَى كَانَ يَأْمُرُنِي أَنْ أَفْعَلَ ذَلِكَ بِهِ. قَالَ يُونُسُ كُنْتُ أَرَى ابْنَ شِهَابٍ يَصْنَعُ ذَلِكَ إِذَا أَتَى إِلَى فِرَاشِهِ.,ހަމަކަށަވަރުން ރަސޫލުﷲ ޞައްލަﷲ ޢަލައިހި ވަސައްލަމަ ރޭގަނޑު އެކަލޭގެފާނު ތަންމައްޗަށް އަރާވަޑައިގަންނަވާ ހިނދު ” قُلْ هُوَ اللَّهُ أَحَدٌ “މިސޫރަތާއި المعوذتين (سورة الفلق އަދި سورة الناس) ކިޔަވައި ދެއަތްތިލައަށް ފުމެލައްވައެވެ. ދެން އެއަށްފަހު ބޮލުގައާއި އެކަލޭގެފާނަށް ކުޅަދާނަވީވަރަކަށް ހަށިގަނޑުގައި އަތްޕުޅު ބީއްސަވައެވެ. ޢާއިޝާ ރަޟިޔަﷲ ޢަންހާ ވިދާޅުވިއެވެ. ދެން އެކަލޭގެފާނު ބަލިވުމުން އެފަދައިން އަމަލުކޮށްދެއްވުމަށް ތިމަންކަމަނާގެ އަރިހުން އެދިލައްވައެވެ.,
صحيح البخاري,5827,"عن أبي ذر رضي الله عنه، قال رسول الله ﷺ: "" مَا مِنْ عَبْدٍ قَالَ لاَ إِلَهَ إِلاَّ اللَّهُ. ثُمَّ مَاتَ عَلَى ذَلِكَ، إِلاَّ دَخَلَ الْجَنَّةَ ""‌. قُلْتُ وَإِنْ زَنَى وَإِنْ سَرَقَ قَالَ "" وَإِنْ زَنَى وَإِنْ سَرَقَ ""‌.","އަބޫ ޛައްރު ރަޟިޔަﷲ ޢަންހުގެ ކިބައިން ރިވާވެގެންވެއެވެ. ރަސޫލުﷲ ﷺ ޙަދީޘްކުރެއްވިއެވެ. "" އަޅުތަކުންގެ ތެރެއިން އަޅަކު لاَ إِلَهَ إِلاَّ اللَّهُ (ޙައްގު ގޮތުގައި އަޅުކަންވެވޭ އިލާހެއް ﷲ ފިޔަވައި ނުވެއެވެ) ކިޔައިފިނަމަ އަދި އެޔަށްފަހު އެބަހުގެ މަތީގައި މަރުވެއްޖެނަމަ ސުވަރުގެ ވައްދަވައެވެ."" ތިމަންކަލޭގެފާނު ދެންނެވީމެވެ. އެމީޙަކު ޒިނޭކޮށް އަދި ވައްކަން ކުރިކަމުގައިވިޔަސް ހެއްޔެވެ. ޙަދީޘްކުރެއްވިއެވެ. "" ޒިނޭކޮށް ވައްކަންކުރިކަމުގައިވިޔަސްމެއެވެ(ތައުޙީދުނަފީކުރާ އަމަލެއް ނުގެންނަނަމައެވެ)""",
صحيح البخاري,5885,لَعَنَ رَسولُ اللَّهِ صَلَّى اللهُ عليه وسلَّمَ المُتَشَبِّهِينَ مِنَ الرِّجَالِ بالنِّسَاءِ، والمُتَشَبِّهَاتِ مِنَ النِّسَاءِ بالرِّجَالِ,ފިރިހެނުންގެ ތެރެއިން އަންހެނުންނާއި އެއްގޮތއްވާ މީހުންނަށާއި އަންހެނުންގެ ތެރެއިން ފިރިހެނުންނާއި އެއްގޮތަވާ މީހުންނަށް ﷲ ގެ ރަސޫލާ ޞައްލަﷲ ޢަލައިހި ވަސައްލަމް ލަޢްނަތްލެއްވިއެވެ.,
صحيح البخاري,5893,انْهَكُوا الشَّوَارِبَ، وَأَعْفُوا اللِّحَى.,ތިޔަބައިމީހުން މަތިމަސް ކުރުކުރާށެވެ. އަދި ތުނބުޅިއަށް މާފު ކުރާށެވެ. (އެބަހީ: ދިގުވާން ދޫކޮށްލާށެވެ.),
صحيح البخاري,5927,"عَنْ أَبِي هُرَيْرَةَ ـ رضى الله عنه ـ عَنِ النَّبِيِّ صلى الله عليه وسلم قَالَ "" كُلُّ عَمَلِ ابْنِ آدَمَ لَهُ، إِلاَّ الصَّوْمَ فَإِنَّهُ لِي، وَأَنَا أَجْزِي بِهِ، وَلَخَلُوفُ فَمِ الصَّائِمِ أَطْيَبُ عِنْدَ اللَّهِ مِنْ رِيحِ الْمِسْكِ "".",ނަބިއްޔާ ﷺ ޙަދީޘް ކުރެއްވިއެވެ: ”(ﷲ ޢައްޒަ ވަޖައްލަ ވަޙީ ކުރެއްވިއެވެ:) އާދަމުގެ ދަރިޔާގެ ކޮންމެ ޢަމަލެއް ވެސްވަނީ އޭނާއަށެވެ. ރޯދަ ފިޔަވައެވެ. އެހެނީ ހަމަކަށަވަރުން އެ ރޯދަވަނީ ތިމަން އިލާހަށެވެ. އަދި އެ ރޯދައަށް ޖަޒާދެއްވާނީ ތިމަން އިލާހީމެވެ. އަދި ހަމަކަށަވަރުން ﷲ ގެ ހަޒްރަތުގައި، ރޯދަވެރިޔާގެ އަނގައިން ދުވާ ވަސް، ގޮމަކަސްތޫރީގެ ވަހަށްވުރެ ވަސްމީރުވެގެން ވެއެވެ.“,
صحيح البخاري,5970,"وعن عَبْدِ اللَّهِ بن مسعودٍ، قَالَ سَأَلْتُ النَّبِيَّ ﷺ أَىُّ الْعَمَلِ أَحَبُّ إِلَى اللَّهِ قَالَ "" الصَّلاَةُ عَلَى وَقْتِهَا ""‌. قَالَ ثُمَّ أَىُّ قَالَ "" ثُمَّ بِرُّ الْوَالِدَيْنِ ""‌. قَالَ ثُمَّ أَىّ قَالَ "" الْجِهَادُ فِي سَبِيلِ اللَّهِ","ޢަބްދުﷲ ބިން މަސްޢޫދު ރަޟިޔަﷲ ޢަންހުގެ ކިބައިން ރިވާވެގެންވެއެވެ. އެކަލޭގެފާނު ވިދާޅުވިއެވެ. ތިމަންކަލޭގެފާނު ނަބިއްޔާ ﷺ ގެ އަރިހުން ސުވާލުކުރެއްވީމެވެ. ﷲއަށް އެންމެ ލޮބުވެތިކަން ބޮޑުވެގެންވަނީ ކޮން އަމަލެއް ހެއްޔެވެ؟ ޙަދީޘްކުރެއްވިއެވެ. ""ނަމާދު އޭގެ ވަގުތުގައި ކުރުމެވެ."" ދެންނެވީމެވެ. ދެން ކޮންކަމެއް ހެއްޔެވެ؟ ޙަދީޘްކުރެއްވިއެވެ. ""މައިންބަފައިންނަށް ހެޔޮކޮށް ހިތުމެވެ."" ދެންނެވީމެވެ. ދެން ކޮންކަމެއް ހެއްޔެވެ؟ ""ﷲގެ މަގުގައި ޖިހާދުކުރުމެވެ.""",
صحيح البخاري,5971,جَاءَ رَجُلٌ إلى رَسولِ اللَّهِ صَلَّى اللهُ عليه وسلَّمَ فَقالَ: يا رَسولَ اللَّهِ، مَن أحَقُّ النَّاسِ بحُسْنِ صَحَابَتِي؟ قالَ: أُمُّكَ، قالَ: ثُمَّ مَنْ؟ قالَ: ثُمَّ أُمُّكَ، قالَ: ثُمَّ مَنْ؟ قالَ: ثُمَّ أُمُّكَ، قالَ: ثُمَّ مَنْ؟ قالَ: ثُمَّ أبُوكَ.,ރަސޫލުﷲ ޞައްލަﷲ ޢަލައިހި ވަސައްލަމްގެ އަރިހަށް މީހަކު އައިސް ދެންނެވިއެވެ. މީސްތަކުންގެ ތެރެއިން ތިމަންނަ އެންމެ އޯގާތެރިވުން ޙައްގުކަންބޮޑީ ކާކަށްތޯއެވެ؟ އެކަލޭގެފާނު ޙަދީޘްކުރެއްވިއެވެ: ތިބާގެ މަންމައަށެވެ. އޭނާ ދެންނެވިއެވެ. ދެން ކާކަށްތޯއެވެ؟ އެކަލޭގެފާނު ޙަދީޘްކުރެއްވިއެވެ: ތިބާގެ މަންމައަށެވެ. އޭނާ ދެންނެވިއެވެ. ދެން ކާކަށްތޯއެވެ؟ އެކަލޭގެފާނު ޙަދީޘްކުރެއްވިއެވެ: ތިބާގެ މަންމައަށެވެ. އޭނާ ދެންނެވިއެވެ. ދެން ކާކަށްތޯއެވެ؟ އެކަލޭގެފާނު ޙަދީޘްކުރެއްވިއެވެ: ތިބާގެ ބައްޕައަށެވެ.,
صحيح البخاري,5980,حَدَّثَنَا يَحْيَى: حَدَّثَنَا اللَّيْثُ، عَنْ عُقَيْلٍ، عَنِ ابْنِ شِهَابٍ، عَنْ عُبَيْدِ اللهِ بْنِ عَبْدِ اللهِ: أَنَّ عَبْدَ اللهِ بْنَ عَبَّاسٍ أَخْبَرَهُ أَنَّ أَبَا سُفْيَانَ أَخْبَرَهُ أَنَّ هِرَقْلَ أَرْسَلَ إِلَيْهِ، فَقَالَ يَعْنِي النَّبِيَّ ﷺ يَأْمُرُنَا بِالصَّلَاةِ، وَالصَّدَقَةِ، وَالْعَفَافِ، وَالصِّلَةِ.,އަބޫ ސުފްޔާނު ރިވާ ކުރެއްވިއެވެ: ހިރަގްލު އެކަލޭގެފާނު ހޯދަން މީހަކު ފޮނުވިއެވެ. (ދެން އޭނާގެ ގާތަށްގޮސް) ދެންނެވިއެވެ: ނަބިއްޔާ ﷺ ތިމަންމެންނަށް އަމުރު ކުރައްވަނީ ނަމާދު ކުރުމަށާއި، ޞަދަގާތް ދިނުމަށާއި، ޢިއްފަތްތެރިވުމަށާއި، ރަޙިމުގެ ގުޅުން ދެމެހެއްޓެވުމަށެވެ.,b7
صحيح البخاري,5986,حَدَّثَنَا يَحْيَى بْنُ بُكَيْرٍ: حَدَّثَنَا اللَّيْثُ ، عَنْ عُقَيْلٍ ، عَنِ ابْنِ شِهَابٍ قَالَ: أَخْبَرَنِي أَنَسُ بْنُ مَالِكٍ أَنَّ رَسُولَ اللهِ صَلَّى اللهُ عَلَيْهِ وَسَلَّمَ قَالَ: مَنْ أَحَبَّ أَنْ يُبْسَطَ لَهُ فِي رِزْقِهِ وَيُنْسَأَ لَهُ فِي أَثَرِهِ ، فَلْيَصِلْ رَحِمَهُ .,"ރަސޫލުﷲ ﷺ ޙަދީޘްކުރެއްވިއެވެ. (مَنْ أَحَبَّ أَنْ يُبْسَطَ لَهُ فِي رِزْقِهِ، وَأَنْ يُنْسَأَ لَهُ فِي أَثَرِهِ، فَلْيَصِلْ رَحِمَهُ) މާނައީ: ""ފަހެ އެމީހެއްގެ ރިޒުގު ތަނަވަސްވުމަށާއި އަދި އުމުރު ދިގުވުމަށް އެދޭ މީހާ ފަހެ ރަޙިމުގެ ގުޅުން ގުޅުވާށެވެ."" رواه البخاري في الأدب المفرد (56) وصححه الألباني.",
صحيح البخاري,5991,حَدَّثَنَا مُحَمَّدُ بْنُ كَثِيرٍ: أَخْبَرَنَا سُفْيَانُ ، عَنِ الْأَعْمَشِ وَالْحَسَنِ بْنِ عَمْرٍو وَفِطْرٍ ، عَنْ مُجَاهِدٍ ، عَنْ عَبْدِ اللهِ بْنِ عَمْرٍو قَالَ سُفْيَانُ لَمْ يَرْفَعْهُ الْأَعْمَشُ إِلَى النَّبِيِّ صَلَّى اللهُ عَلَيْهِ وَسَلَّمَ وَرَفَعَهُ حَسَنٌ وَفِطْرٌ ، عَنِ النَّبِيِّ صَلَّى اللهُ عَلَيْهِ وَسَلَّمَ قَالَ: لَيْسَ الْوَاصِلُ بِالْمُكَافِئِ ، وَلَكِنِ الْوَاصِلُ الَّذِي إِذَا قُطِعَتْ رَحِمُهُ وَصَلَهَا .,"ރަސޫލުﷲ ޞައްލަﷲ ޢަލައިހި ވަސައްލަމަ ޙަދީޘްކުރެއްވިއެވެ. (لَيْسَ الْوَاصِلُ بِالْمُكَافِئِ، وَلَكِنَّ الْوَاصِلَ الَّذِي إِذَا قُطِعَتْ رَحِمُهُ وَصَلَهَا.) މާނައީ: ""އެއްޗެހި ދޭތީ ބަދަލެއްގެ ގޮތުން ރަޙިމުގެ ގުޅުން ގުޅުވާ މީހާއަކީ އަދި ރަޙިމުގެ ގުޅުން ގުޅުވާމީހާއެއް ނޫނެވެ. ނަމަވެސް ރަޙިމުގެ ގުޅުން ގުޅުވާ މީހާއަކީ ގުޅުން ކަނޑާލީމާ ގުޅުން އިޢާދަކޮށް ގުޅުވާ މީހާއެވެ."" رواه البخاري في الأدب المفرد (68) وصححه الألباني.",
صحيح البخاري,6008,وصَلُّوا كما رَأَيْتُمُونِي أُصَلِّي,"އަދި ތިމަން ނަބިއްޔާ ނަމާދު ކުރައްވަނިކޮށް ތިޔަބައިމީހުންނަށް ފެނުނު ފަދައިން ތިޔަބައިމީހުން ވެސް ނަމާދު ކުރާށެވެ.
//
ތިމަންކަލޭގެފާނު ނަމާދު ކުރައްވަނިކޮށް ތިޔަބައިމީހުން ދުށްގޮތަށް ތިޔަބައި މީހުން ނަމާދު ކުރާށެވެ.",
صحيح البخاري,6011,تَرَى المُؤْمِنِينَ في تَراحُمِهِمْ وتَوادِّهِمْ وتَعاطُفِهِمْ، كَمَثَلِ الجَسَدِ، إذا اشْتَكَى عُضْوًا تَداعَى له سائِرُ جَسَدِهِ بالسَّهَرِ والحُمَّى.,""" މުއުމިނުންނަކީ އެއްހަށިގަނޑެއްފަދަބައެކެވެ. އޭނާގެ ގުނަވަނެއްގައި ރިއްސައިފިނަމަ އެގުނަވަނުގެވޭން މުޅިހަށިގަނޑަށް ކުރެއެވެ. އަދި ބޮލުގައި ރިއްސައިފިނަމަ އެކަމުގެ ވޭން އޭނާގެ މުޅިހަށިގަނޑަށް ލިބެއެވެ.",
صحيح البخاري,6015,حَدَّثَنَا مُحَمَّدُ بْنُ مِنْهَالٍ: حَدَّثَنَا يَزِيدُ بْنُ زُرَيْعٍ: حَدَّثَنَا عُمَرُ بْنُ مُحَمَّدٍ، عَنْ أَبِيهِ، عَنِ ابْنِ عُمَرَ رَضِيَ اللهُ عَنْهُمَا قَالَ: قَالَ رَسُولُ اللهِ ﷺ: مَا زَالَ جِبْرِيلُ يُوصِينِي بِالْجَارِ حَتَّى ظَنَنْتُ أَنَّهُ سَيُوَرِّثُهُ.,އިބްނު ޢުމަރު رَضِيَ اللَّهُ عَنْهُمَا ރިވާ ކުރެއްވިއެވެ: ރަސޫލު ﷲ ﷺ ޙަދީޘް ކުރެއްވިއެވެ: ”އަވަށްޓެރިޔާ ވާރުތަވެރިއެއް ކަމުގައި ހަދާފާނެ ކަމަށް ތިމަން ނަބިއްޔާއަށް ހީފުޅުވެއްޖައުމަށް ދާންދެން، އަވަށްޓެރިންނަށް ހެޔޮކޮށް ހިތުމަށް ޖިބްރީލުގެފާނު ތިމަން ނަބިއްޔާއަށް ވަޞިއްޔަތް ކުރެއްވިއެވެ.“,
صحيح البخاري,6021,حَدَّثَنَا عَلِيُّ بْنُ عَيَّاشٍ: حَدَّثَنَا أَبُو غَسَّانَ قَالَ: حَدَّثَنِي مُحَمَّدُ بْنُ الْمُنْكَدِرِ ، عَنْ جَابِرِ بْنِ عَبْدِ اللهِ رَضِيَ اللهُ عَنْهُمَا ، عَنِ النَّبِيِّ صَلَّى اللهُ عَلَيْهِ وَسَلَّمَ قَالَ: كُلُّ مَعْرُوفٍ صَدَقَةٌ .,"ނަބިއްޔާ ﷺ ޙަދީޘްކުރައްވާފައިވެއެވެ. (كل معروف صدقة) މާނައީ: ""ކޮންމެ ހެޔޮކަމަކީވެސް ޞަދަގާތެވެ""",
صحيح البخاري,6037,حَدَّثَنَا أَبُو الْيَمَانِ: أَخْبَرَنَا شُعَيْبٌ، عَنِ الزُّهْرِيِّ قَالَ: أَخْبَرَنِي حُمَيْدُ بْنُ عَبْدِ الرَّحْمَنِ: أَنَّ أَبَا هُرَيْرَةَ قَالَ: قَالَ رَسُولُ اللهِ ﷺ: يَتَقَارَبُ الزَّمَانُ وَيَنْقُصُ الْعَمَلُ، وَيُلْقَى الشُّحُّ وَيَكْثُرُ الْهَرْجُ، قَالُوا: وَمَا الْهَرْجُ؟ قَالَ: الْقَتْلُ الْقَتْلُ.,އަބޫ ހުރައިރާ ރިވާ ކުރެއްވިއެވެ: ރަސޫލު ﷲ ﷺ ޙަދީޘް ކުރެއްވިއެވެ: ”ޒަމާން ކައިރިވާނެއެވެ. އަދި އަމަލުކުރުން މަދުވާނެއެވެ. އަދި ދަހިވެތިކަން ލައިގަންނާނެއެވެ. އަދި ހަރްޖު ގިނަވާނެއެވެ.“ މީސްތަކުން ދެންނެވިއެވެ: ހަރްޖަކީ ކޮބައިތޯއެވެ؟ ނަބިއްޔާ ޙަދީޘް ކުރެއްވިއެވެ: ”ގަތުލު ކުރުމެވެ. ގަތުލު ކުރުމެވެ.“,
صحيح البخاري,6041,حَدَّثَنَا آدَمُ: حَدَّثَنَا شُعْبَةُ، عَنْ قَتَادَةَ، عَنْ أَنَسِ بْنِ مَالِكٍ رَضِيَ اللهُ عَنْهُ قَالَ: قَالَ النَّبِيُّ ﷺ: لَا يَجِدُ أَحَدٌ حَلَاوَةَ الْإِيمَانِ حَتَّى يُحِبَّ الْمَرْءَ لَا يُحِبُّهُ إِلَّا لِلهِ، وَحَتَّى أَنْ يُقْذَفَ فِي النَّارِ أَحَبُّ إِلَيْهِ مِنْ أَنْ يَرْجِعَ إِلَى الْكُفْرِ بَعْدَ إِذْ أَنْقَذَهُ اللهُ، وَحَتَّى يَكُونَ اللهُ وَرَسُولُهُ أَحَبَّ إِلَيْهِ مِمَّا سِوَاهُمَا.,އަނަސް ބިން މާލިކު رَضِيَ اللَّهُ عَنْهُ ރިވާ ކުރެއްވިއެވެ: ނަބިއްޔާ ﷺ ޙަދީޘް ކުރެއްވިއެވެ: ”(މި ކަންތައްތައް) ނުކުރަނީސް އެއްވެސް މީހަކަށް އީމާންކަމުގެ ފޮނިކަން (އެބަހީ: އުފާވެރިކަން) ނުލިބޭނެއެވެ. އެއީ އޭނާ މީހަކު ދެކެ ލޯބި ވާއިރު، ހަމައެކަނި ﷲ އަށްޓަކައި އެ މީހަކު ދެކެ ލޯބިވުމެވެ. އަދި އޭނާ އަލިފާންގަނޑަކަށް އެއްލައިލެވެން ނަފުރަތު ކުރާ ފަދައިން، ﷲ އޭނާ ސަލާމަތް ކުރުމަށް ފަހު ކުފުރަށް އެނބުރި ދިޔުމަށް އޭނާ ނަފުރަތު ކުރުމެވެ. އަދި އެހެން ހުރިހާ ކަމަކަށްވުރެ ބޮޑަށް ﷲ އާއި އެ އިލާހުގެ ރަސޫލާ ދެކެ ލޯބިވުމެވެ.“,b16
صحيح البخاري,6044,حَدَّثَنَا سُلَيْمَانُ بْنُ حَرْبٍ: حَدَّثَنَا شُعْبَةُ، عَنْ مَنْصُورٍ قَالَ: سَمِعْتُ أَبَا وَائِلٍ يُحَدِّثُ عَنْ عَبْدِ اللهِ قَالَ: قَالَ رَسُولُ اللهِ ﷺ: سِبَابُ الْمُسْلِمِ فُسُوقٌ، وَقِتَالُهُ كُفْرٌ تَابَعَهُ غُنْدَرٌ عَنْ شُعْبَةَ.,ޢަބްދު ﷲ ބިން މަސްޢޫދު ރިވާ ކުރެއްވިއެވެ: ރަސޫލު ﷲ ﷺ ޙަދީޘް ކުރެއްވިއެވެ: ”މުސްލިމަކަށް ހުތުރު އެއްޗެހި ގޮވުމަކީ ފާސިގުކަމެކެވެ. އަދި އޭނާއާ ތަޅާފޮޅުމަކީ ކުރުމަކީ ކުފުރެކެވެ.“,b48
صحيح البخاري,6049,حَدَّثَنَا مُسَدَّدٌ: حَدَّثَنَا بِشْرُ بْنُ الْمُفَضَّلِ، عَنْ حُمَيْدٍ قَالَ: قَالَ أَنَسٌ: حَدَّثَنِي عُبَادَةُ بْنُ الصَّامِتِ قَالَ: خَرَجَ رَسُولُ اللهِ ﷺ لِيُخْبِرَ النَّاسَ بِلَيْلَةِ الْقَدْرِ فَتَلَاحَى رَجُلَانِ مِنَ الْمُسْلِمِينَ قَالَ النَّبِيُّ ﷺ: خَرَجْتُ لِأُخْبِرَكُمْ فَتَلَاحَى فُلَانٌ وَفُلَانٌ، وَإِنَّهَا رُفِعَتْ، وَعَسَى أَنْ يَكُونَ خَيْرًا لَكُمْ، فَالْتَمِسُوهَا فِي التَّاسِعَةِ وَالسَّابِعَةِ وَالْخَامِسَةِ.,ޢުބާދާ ބިން އައްޞާމިތު ރިވާ ކުރެއްވިއެވެ: ލައިލަތުލް ގަދްރި ވިލޭރޭ (އޮންނަ ވަގުތުގެ) ޚަބަރު މީސްތަކުންނަށް ދެއްވުމަށް ރަސޫލު ﷲ ﷺ ނުކުމެވަޑައިގަތް ހިނދު، މުސްލިމުންގެ ދެ މީހަކު އެކަކު އަނެކަކާ ޒުވާބެއް ހިނގިއެވެ. ނަބިއްޔާ ﷺ ޙަދީޘް ކުރެއްވިއެވެ: ”ހަމަކަށަވަރުން ތިމަން ނަބިއްޔާ ނުކުމެވަޑައިގަތީ ލައިލަތުލް ގަދްރި ވިލޭރޭގެ ޚަބަރު ތިޔަބައިމީހުންނަށް ދެއްވުމަށެވެ. އަދި މިވެނި މީހަކާއި އެވެނި މީހަކު ޒުވާބު ކުރުމުން، އެ ޚަބަރު (ތިމަން ނަބިއްޔާ ހަނދާނުން) އުފުލިގެން ހިނގައްޖެކަން ކަށަވަރެވެ. އަދި އެއީ ތިޔަބައިމީހުންނަށް ޓަކައިވާ ހެވެއް ކަމުގައި ވެދާނެއެވެ. (ރަމަޟަން މަހުގެ ފަހު) ހަތެއް، ނުވައެއް އަދި ފަހެއްގައި އެ (ލައިލަތުލް ގަދްރި) ވިލޭރޭ ހޯދާށެވެ.“,b49
صحيح البخاري,6050,حَدَّثَنَا عُمَرُ بْنُ حَفْصٍ: حَدَّثَنَا أَبِي: حَدَّثَنَا الْأَعْمَشُ، عَنِ الْمَعْرُورِ، عَنْ أَبِي ذَرٍّ قَالَ: رَأَيْتُ عَلَيْهِ بُرْدًا، وَعَلَى غُلَامِهِ بُرْدًا، فَقُلْتُ: لَوْ أَخَذْتَ هَذَا فَلَبِسْتَهُ كَانَتْ حُلَّةً، وَأَعْطَيْتَهُ ثَوْبًا آخَرَ، فَقَالَ: كَانَ بَيْنِي وَبَيْنَ رَجُلٍ كَلَامٌ، وَكَانَتْ أُمُّهُ أَعْجَمِيَّةً، فَنِلْتُ مِنْهَا، فَذَكَرَنِي إِلَى النَّبِيِّ ﷺ، فَقَالَ لِي: أَسَابَبْتَ فُلَانًا؟ قُلْتُ: نَعَمْ، قَالَ: أَفَنِلْتَ مِنْ أُمِّهِ؟ قُلْتُ: نَعَمْ، قَالَ: إِنَّكَ امْرُؤٌ فِيكَ جَاهِلِيَّةٌ، قُلْتُ: عَلَى حِينِ سَاعَتِي هَذِهِ مِنْ كِبَرِ السِّنِّ؟ قَالَ: نَعَمْ، هُمْ إِخْوَانُكُمْ، جَعَلَهُمُ اللهُ تَحْتَ أَيْدِيكُمْ، فَمَنْ جَعَلَ اللهُ أَخَاهُ تَحْتَ يَدِهِ، فَلْيُطْعِمْهُ مِمَّا يَأْكُلُ، وَلْيُلْبِسْهُ مِمَّا يَلْبَسُ، وَلَا يُكَلِّفْهُ مِنَ الْعَمَلِ مَا يَغْلِبُهُ، فَإِنْ كَلَّفَهُ مَا يَغْلِبُهُ فَلْيُعِنْهُ عَلَيْهِ.,އަލްމަޢުރޫރު ރިވާ ކުރެއްވިއެވެ: އަބޫ ޛައްރު ހެދުންކޮޅެއް ތުރުކޮށްގެން ހުންނަވަނިކޮށް ތިމަން ދެކުނީމެވެ. އަދި އެކަލޭގެފާނުގެ އަޅުކުއްޖާ ވެސް ހުރީ (އެފަދަ) ހެދުމެއް ލައިގެންނެވެ. ދެން ތިމަން ދެންނެވީމެވެ: ތިބާ މި (އަޅުކުއްޖާގެ ހެދުން) ނަންގަވާފައި އޭތިވެސް ތުރުކުރައްވާ ނަމަ (ދެ ފޭރާން އެކުލެވޭ ފުރިހަމަ) ހެދުންކޮޅަކަށް ވީހެވެ. އަދި އެ ކުއްޖާއަށް ކޮންމެވެސް އެހެން ހެދުމެއް ދެވިދާނެއެވެ. ދެން އެކަލޭގެފާނު ދެންނެވިއެވެ: ތިމަންނައާއި މީހަކާ ދެމެދު އަރައިރުންވުމެއް ހިނގިއެވެ. އޭނާގެ މަންމައަކީ ޢަޖަމީއެކެވެ. ދެން (ތިމަންނަ އެ މީހަކަށް ހުތުރު އެއްޗެހި ގޮވައި) އެ މީހާގެ މަންމައަށް ނިސްބަތްކޮށް (އޭނާ) ދެރަކޮށްލެވުނެވެ. (ނޯޓު: އަބޫ ޛައްރަށް ބުނެވުނީ: އޭ މިހިރަ ކަޅު ބަބުރު އަންހެނާގެ ދަރިޔާއެވެ.) ދެން ތިމަންނަގެ ވާހަކަ ނަބިއްޔާ ﷺ ގާތު އެ މީހާ ދެއްކިއެވެ. އަދި ނަބިއްޔާ ތިމަންނައަށް ޙަދީޘް ކުރެއްވިއެވެ: ”މިވެނި މީހަކަށް ހުތުރު އެއްޗެހި ގޮވިންތޯއެވެ؟“ ތިމަން ދެންނެވީމެވެ: އާދޭހެވެ. ނަބިއްޔާ ޙަދީޘް ކުރެއްވިއެވެ: އަދި އޭނާގެ މަންމައަށް ނިސްބަތްކޮށް ތިބާ އޭނާ ދެރަކޮށްލީތޯއެވެ؟“ ތިމަން ދެންނެވީމެވެ: އާދޭހެވެ. ނަބިއްޔާ ޙަދީޘް ކުރެއްވިއެވެ: ”ހަމަކަށަވަރުން ތިބާއަކީ، ތިބާގެ ކިބައިގައި ޖާހިލިއްޔަ ކަމެއް ހުރި މީހެކެވެ.“ ތިމަން ދެންނެވީމެވެ: ތިމަންނަ މިހައި އުމުރުން ދުވަސްވީ އިރުގައިވެސް (ތިމަންނަ ކިބައިގައި ޖާހިލިއްޔަ ކަމެއް) ހުރީތޯއެވެ؟ ނަބިއްޔާ ޙަދީޘް ކުރެއްވިއެވެ: ”އާދޭހެވެ. ހަމަކަށަވަރުން އެ އަޅުންނަކީ ހަމަ ތިޔަބައިމީހުންގެ އަޚުންނެވެ. ތިޔަބައިމީހުންގެ (ބާރާއި) ބެލުމުގެ ދަށަށް ﷲ އެބައިމީހުން ލެއްވިއެވެ. އަދި އެ މީހެއްގެ (ބާރާއި) ބެލުމުގެ ދަށުގައި ﷲ އޭނާގެ އަޚާ ލައްވައިފި ނަމަ، ފަހެ އެ މީހާކު ކައި އުޅޭ ތަކެތިން އޭނާއަށް ކާން ދޭށެވެ. އަދި އެ މީހަކު ލައި އުޅޭ ހެދުމުން އޭނާއަށް ހެދުންލައި ދޭށެވެ. އަދި އެ މީހަކަށް ނުކުރެވޭވަރު ކަންތައް އޭނާއާ ހަވާލު ނުކުރާށެވެ. އަދި އެ މީހަކަށް ނުކުރެވޭވަރު ކަމެއް ހަވާލުކޮށްފި ނަމަ، ފަހެ އޭނާއަށް އެ ކަމުގައި އެހީވެދޭށެވެ.“,b30
صحيح البخاري,6052,مَرَّ رَسولُ اللَّهِ صَلَّى اللهُ عليه وسلَّمَ علَى قَبْرَيْنِ، فَقالَ: إنَّهُما لَيُعَذَّبَانِ، وما يُعَذَّبَانِ في كَبِيرٍ، أمَّا هذا: فَكانَ لا يَسْتَتِرُ مِن بَوْلِهِ، وأَمَّا هذا: فَكانَ يَمْشِي بالنَّمِيمَةِ ثُمَّ دَعَا بعَسِيبٍ رَطْبٍ فَشَقَّهُ باثْنَيْنِ، فَغَرَسَ علَى هذا واحِدًا، وعلَى هذا واحِدًا، ثُمَّ قالَ: لَعَلَّهُ يُخَفَّفُ عنْهما ما لَمْ يَيْبَسَا.,ހަމަކަށަވަރުން އެދެ ގަބުރަށް އެދަނީ ޢަޛާބު ލިބެމުންނެވެ(2) އަދި އެދެ ގަބުރަށް ޢަޛާބު ލިބެމުން އެދަނީ ބޮޑުކަމަކާ ހެދިއެއް ނޫނެވެ. (3) (އެބަހީ: އެއީ ބޮޑު ކަމެއްކަމުގައި އެބައިމީހުން ނުދެކޭ ކަމެއްގައެވެ.) އެހެނެއްކަމަކު ހަމަ ކަށަވަރުންވެސް އެއީ ބޮޑުކަމެކެވެ. އެގޭން އެކަކީ ފަހެ މީސްތަކުންގެ ތެރޭގައި ދެބައުޑުވަމުން(4) ހިނގާ މީހެއްކަމުގައި ވިއެވެ، އަދި އަނެއްމީހާއީ ފަހެ ކުޑަކަމުދާ ތަކެތިން ރައްކާތެރިނުވާ މީހަކުކަމުގައި ވިއެވެ(5).,
صحيح البخاري,6056,«لَا يَدْخُلُ الْجَنَّةَ نَمَّامٌ»,"""ދޭތެރެ ޖައްސާ މީހަކު ސުވަރުގެ ނުވަންނަހުއްޓެވެ.""",
صحيح البخاري,6057,"عَنِ النَّبِيِّ صلى الله عليه وسلم قَالَ "" مَنْ لَمْ يَدَعْ قَوْلَ الزُّورِ وَالْعَمَلَ بِهِ وَالْجَهْلَ فَلَيْسَ لِلَّهِ حَاجَةٌ أَنْ يَدَعَ طَعَامَهُ وَشَرَابَهُ "".",ދޮގު ބުހުތާނު ބަސްތަކާއި، އެފަދަ ބަސްތަކަށް ޢަމަލުކުރުމާއި ޖާހިލުކަން (ތަންދޮރު ނުދަންނަ މީހުން އުޅޭ ފާޑު) ދޫކޮށްނުލައިފި މީހަކު، އޭނާގެ ކެއިންބުއިން ދޫކޮށްލުމަށް ﷲ ބޭނުންޖެހިވޮޑިގެން ނުވެއެވެ.,
صحيح البخاري,6076,لا تَباغَضُوا، ولا تَحاسَدُوا، ولا تَدابَرُوا، وكُونُوا عِبادَ اللَّهِ إخْوانًا، ولا يَحِلُّ لِمُسْلِمٍ أنْ يَهْجُرَ أخاهُ فَوْقَ ثَلاثِ لَيالٍ.,""" ތިޔަބައިމީހުން އެއްބަޔަކު އަނެއްބަޔަކަށް ނަފުރަތުނުކުރާށެވެ! ތިޔަބައިމީހުން އެއްބަޔަކު އަނެއްބަޔަކަށް ހަސަދަވެރި ނުވާށެވެ! އަދި އެއްބަޔަކު އަނެއްބަޔެއްގެ ފަސްފަހަތުން އެއްޗެހިނުކިޔާށެވެ! އަދި ތިޔބައިމީޙުން ﷲ ގެ އަޅުން އަޚުންކަމުގައި ވާށެވެ! މުސްލިމަކަށް ތިމާގެމުސްލިމުއަޚާއާއި ތިންދުވަހަށްވުރެ ގިނަދުވަހު ވާހަކަނުދައްކާހުރުން ހުއްދަވެގެނެއްނުވެއެވެ.""",
صحيح البخاري,6094,حَدَّثَنَا عُثْمَانُ بْنُ أَبِي شَيْبَةَ: حَدَّثَنَا جَرِيرٌ، عَنْ مَنْصُورٍ، عَنْ أَبِي وَائِلٍ، عَنْ عَبْدِ اللهِ رَضِيَ اللهُ عَنْهُ عَنِ النَّبِيِّ ﷺ قَالَ: إِنَّ الصِّدْقَ يَهْدِي إِلَى الْبِرِّ، وَإِنَّ الْبِرَّ يَهْدِي إِلَى الْجَنَّةِ، وَإِنَّ الرَّجُلَ لَيَصْدُقُ حَتَّى يَكُونَ صِدِّيقًا، وَإِنَّ الْكَذِبَ يَهْدِي إِلَى الْفُجُورِ، وَإِنَّ الْفُجُورَ يَهْدِي إِلَى النَّارِ، وَإِنَّ الرَّجُلَ لَيَكْذِبُ حَتَّى يُكْتَبَ عِنْدَ اللهِ كَذَّابًا.,ޢަބްދު ﷲ ބިން މަސްޢޫދު رَضِيَ اللَّهُ عَنْهُ ރިވާ ކުރެއްވިއެވެ: ނަބިއްޔާ ﷺ ޙަދީޘް ކުރެއްވިއެވެ: ”ހަމަކަށަވަރުން ތެދުވެރިކަން މަގުދައްކަނީ ހެޔޮކަމަށެވެ. އަދި ހަމަކަށަވަރުން ހެޔޮކަން މަގުދައްކަނީ ސުވަރުގެއަށެވެ. އަދި ހަމަކަށަވަރުން ތެދުވެރިއެއްކަމުގައި ވެއްޖައުމަށް ދާންދެން މީހަކު ތެދުހެދުމުގައި ދެމިހުރެދާނެއެވެ. އަދި ހަމަކަށަވަރުން ދޮގުވެރިކަން މަގުދައްކަނީ ނުބައިކަމަށެވެ. އަދި ހަމަކަށަވަރުން ނުބައިކަން މަގުދައްކަނީ ނަރަކައަށެވެ. އަދި ހަމަކަށަވަރުން ﷲގެ ހަޒްރަތުގައި ދޮގުވެރިއެއް ކަމުގައި ލިޔެވިއްޖައުމަށް ދާންދެން މީހަކު ދޮގުހެދުމުގައި ދެމިހުރެދާނެއެވެ.“,
صحيح البخاري,6094,"""عَنْ عَبْدِ اللَّهِ رَضِيَ اللَّهُ عَنْهُ، عَنِ النَّبِيِّ صَلَّى اللهُ عَلَيْهِ وَسَلَّمَ قَالَ: «إِنَّ الصِّدْقَ يَهْدِي إِلَى البِرِّ، وَإِنَّ البِرَّ يَهْدِي إِلَى الجَنَّةِ، وَإِنَّ الرَّجُلَ لَيَصْدُقُ حَتَّى يَكُونَ صِدِّيقًا. وَإِنَّ الكَذِبَ يَهْدِي إِلَى الفُجُورِ، وَإِنَّ الفُجُورَ يَهْدِي إِلَى النَّارِ، وَإِنَّ الرَّجُلَ لَيَكْذِبُ حَتَّى يُكْتَبَ عِنْدَ اللَّهِ كَذَّابًا»""","""ޢަބްދުﷲ ބުން މަސްޢޫދު ރިވާ ކުރެއްވިއެވެ. ނަބިއްޔާ ޞައްލަﷲ ޢަލައިހި ވަސައްލަމަ ޙަދީޘްކުރެއްވިއެވެ. ""ތެދުވެރިކަމަކީ ހެޔޮކަމަށް މަގުދައްކާ ކަމެކެވެ. ހެޔޮކަމަކީ ސުވަރުގެއަށް މަގުފަހިކޮށްދޭ ކަމެކެވެ. މީހަކު ތެދުބުނުންމަތީ ދެމިހުރެއްޖެނަމަ (އޭނާގެ ދަރަޖަ މަތިވެރިވަމުން ގޮސް) ﷲގެ ހަޒްރަތުގައި ޞިއްދީގެއްގެ ގޮތުގައި އޭނާގެ ނަން ލިޔުއްވޭ ހުއްޓެވެ. ދޮގުހެދުމަކީ ނުބައިކަމަށް މަގުފަހިކޮށްދޭ ކަމެކެވެ. ނުބައިކަމަކީ ނަރަކައަށް މަގު ފަހިކޮށްދޭ ކަމެކެވެ. މީހަކު ދޮގުހެދުމުގެ މަތީގައި ދެމިހުރެއްޖަނަމަ އޭނާއަކީ ދޮގުވެރިއެއްގެ ގޮތުގައި ﷲގެ ހަޒްރަތުގައި ލިޔުއްވޭ ހުއްޓެވެ.""",
صحيح البخاري,6095,حَدَّثَنِي مُحَمَّدُ بْنُ سَلَّامٍ حَدَّثَنَا إِسْمَاعِيلُ بْنُ جَعْفَرٍ، عَنْ أَبِي سُهَيْلٍ نَافِعِ بْنِ مَالِكِ بْنِ أَبِي عَامِرٍ، عَنْ أَبِيهِ، عَنْ أَبِي هُرَيْرَةَ أَنَّ رَسُولَ اللهِ ﷺ قَالَ: آيَةُ الْمُنَافِقِ ثَلَاثٌ: إِذَا حَدَّثَ كَذَبَ، وَإِذَا وَعَدَ أَخْلَفَ، وَإِذَا اؤْتُمِنَ خَانَ.,އަބޫ ހުރައިރާ ރިވާ ކުރެއްވިއެވެ: ރަސޫލު ﷲ ﷺ ޙަދީޘް ކުރެއްވިއެވެ: ”މުނާފިގެއްގެ ތިން އަލާމާތެއް ވެއެވެ. އޭނާ ވާހަކައެއް ދައްކައިފި ނަމަ، ދޮގު ހަދާނެއެވެ. އަދި ވަޢުދެއް ވެއްޖެ ނަމަ، ޚިލާފު ވާނެއެވެ. އަދި އަމާނާތެއް ހަވާލު ކުރެވިއްޖެ ނަމަ، ޚިޔާނާތްތެރި ވާނެއެވެ.“,b33
صحيح البخاري,6095,""" آيَةُ المُنَافِقِ ثَلاَثٌ: إِذَا حَدَّثَ كَذَبَ، وَإِذَا وَعَدَ أَخْلَفَ، وَإِذَا اؤْتُمِنَ خَانَ ""","""މުނާފިގެއްގެ އަލާމާތް ތިނެކެވެ. (އެއީ) ވާހަކައެއް ދައްކައިފިނަމަ ދޮގުހަދާނެއެވެ. އަދި ވަޢުދެއްކޮށްފިނަމަ އެވަޢުދާ ޚިލާފުވާނެއެވެ. އަދި އަމާނާތެއް ހަވާލުކުރެވިއްޖެނަމަ އެއަމާނާތަށް ޚިޔާނާތްތެރިވާނެއެވެ.""",
صحيح البخاري,6098,قالَ عبدُ اللَّهِ: إنَّ أحْسَنَ الحَديثِ كِتَابُ اللَّهِ، وأَحْسَنَ الهَدْيِ هَدْيُ مُحَمَّدٍ صَلَّى اللهُ عليه وسلَّمَ.,އަދި އެންމެ ހެޔޮވެގެންވާ ގޮތަކީ މުޙައްމަދު –صلى الله عليه و سلم- ގެ ގޮތެވެ.,
صحيح البخاري,6104,حَدَّثَنَا إِسْمَاعِيلُ قَالَ: حَدَّثَنِي مَالِكٌ ، عَنْ عَبْدِ اللهِ بْنِ دِينَارٍ ، عَنْ عَبْدِ اللهِ بْنِ عُمَرَ رَضِيَ اللهُ عَنْهُمَا ، أَنَّ رَسُولَ اللهِ صَلَّى اللهُ عَلَيْهِ وَسَلَّمَ قَالَ: أَيُّمَا رَجُلٍ قَالَ لِأَخِيهِ: يَا كَافِرُ ، فَقَدْ بَاءَ بِهَا أَحَدُهُمَا .,"ނަބިއްޔާ ﷺ ޙަދީޘްކުރައްވާފައިވެއެވެ. ( أَيُّمَا رَجُلٍ قَالَ لأَخِيهِ يَا كَافِرُ. فَقَدْ بَاءَ بِهَا أَحَدُهُمَا) މާނައީ: ""މީހަކު އޭނާގެ އަޚާގެ މައްޗަށް އޭ ކާފަރޭ ބުނެފިނަމަ، ފަހެ އެކަން އެތަނުން އެކަކުގެ މައްޗަށް ދާހުށިކަމެވެ."" رواه البخاري 6104 في صحيحه.",
صحيح البخاري,6114,ليسَ الشَّدِيدُ بالصُّرَعَةِ، إنَّما الشَّدِيدُ الذي يَمْلِكُ نَفْسَهُ عِنْدَ الغَضَبِ.,ވަރުގަދަ މީހާޔަކީ ތަޅާފޮޅުމުގައި ގަދަމީހާއެއްނޫނެވެ. އެހެނެއްކަމަކު އެއީ ރުޅިއަންނަހިނދު ތިމާގެ ނަފްސު ކޮންޓްރޯލުކުރާ މީހާއެވެ.,
صحيح البخاري,6116,حَدَّثَنِي يَحْيَى بْنُ يُوسُفَ: أَخْبَرَنَا أَبُو بَكْرٍ هُوَ ابْنُ عَيَّاشٍ، عَنْ أَبِي حَصِينٍ، عَنْ أَبِي صَالِحٍ، عَنْ أَبِي هُرَيْرَةَ رَضِيَ اللهُ عَنْهُ: أَنَّ رَجُلًا قَالَ لِلنَّبِيِّ ﷺ: أَوْصِنِي، قَالَ: لَا تَغْضَبْ، فَرَدَّدَ مِرَارًا قَالَ: لَا تَغْضَبْ.,އަބޫ ހުރައިރާ رَضِيَ اللَّهُ عَنْهُ ރިވާ ކުރެއްވިއެވެ: ނަބިއްޔާ ﷺ ގެ އަރިހުގައި މީހަކު ދެންނެވިއެވެ: ތިމަންނާއަށް ވަޞިއްޔަތެއް ކޮށްދެއްވާށެވެ. (އެބަހީ: ނަސޭހަތެއް ދެއްވާށެވެ.) ނަބިއްޔާ ޙަދީޘް ކުރެއްވިއެވެ: ”ރުޅި އިސް ނުކުރާށެވެ.“ ފަހެ، އޭނާ ތަކުރާރުކޮށް (އެ ފަދައިން ސުވާލު) ދެންނެވުމުން ވެސް ނަބިއްޔާ ޙަދީޘް ކުރެއްވިއެވެ: ”ރުޅި އިސް ނުކުރާށެވެ.“,
صحيح البخاري,6116,أنَّ رَجُلًا قالَ للنَّبيِّ صلَّى اللهُ عليه وسلَّم: أوْصِنِي، قالَ: لا تَغْضَبْ. فَرَدَّدَ مِرَارًا، قالَ: لا تَغْضَبْ.,ތިމަންނާއަށް ނަސޭހަތެއް ދެއްވާށެވެ.އެކަލޭގެފާނު ޙަދީޘްކުރެއްވިއެވެ. އެމީހާ އެ އެމީހާ އެތައްފަހަރަކު ތަކުރާރުކޮށް ނަސޭހަތަކަށް އެދިލެއްވުމުން ވެސް ޙަދީ ސްޙަދީޘްކުރެއްވީ ގުވިނާންނާށެވެ.,
صحيح البخاري,6118,حَدَّثَنَا أَحْمَدُ بْنُ يُونُسَ: حَدَّثَنَا عَبْدُ الْعَزِيزِ بْنُ أَبِي سَلَمَةَ: حَدَّثَنَا ابْنُ شِهَابٍ، عَنْ سَالِمٍ، عَنْ عَبْدِ اللهِ بْنِ عُمَرَ رَضِيَ اللهُ عَنْهُمَا، مَرَّ النَّبِيُّ ﷺ عَلَى رَجُلٍ وَهُوَ يُعَاتِبُ أَخَاهُ فِي الْحَيَاءِ يَقُولُ: إِنَّكَ لَتَسْتَحْيِي حَتَّى كَأَنَّهُ يَقُولُ: قَدْ أَضَرَّ بِكَ، فَقَالَ رَسُولُ اللهِ ﷺ: دَعْهُ فَإِنَّ الْحَيَاءَ مِنَ الْإِيمَانِ.,ޢަބްދު ﷲ ބިން ޢުމަރު رَضِيَ اللَّهُ عَنْهُمَا ރިވާ ކުރެއްވިއެވެ: އަންޞާރުންގެ މީހަކު، އޭނާގެ އަޚާ ލަދުވެތި ވާތީ އެކަމާ (ދެކޮޅަށް) ވާހަކަ ދައްކަނިކޮށް، ނަބިއްޔާ ﷲ ﷺ އެބައިމީހުން ކައިރިންލާފައި ވަޑައިގަތެވެ. އެ މީހާ ބުނަމުން ދިޔައެވެ: ހަމަކަށަވަރުން ތިބާ (މާ ބޮޑަށް) ލަދުގަންނަނީއެވެ. އޭގެ ސަބަބުން ތިބާއަށް ދެރަގޮތެއް ވެދާނެއެވެ. ދެން ރަސޫލު ﷲ ﷺ ޙަދީޘް ކުރެއްވިއެވެ: ”އޭނާ (އެ ގޮތް މަތީ) ދޫކޮށްލާށެވެ. އެހެނީ ހަމަކަށަވަރުން ލަދުވެތިކަމަކީ އީމާންކަމުގެ ތެރެއިންވާ ކަމެކެވެ.“,b24
صحيح البخاري,6120,حَدَّثَنَا أَحْمَدُ بْنُ يُونُسَ: حَدَّثَنَا زُهَيْرٌ: حَدَّثَنَا مَنْصُورٌ، عَنْ رِبْعِيِّ بْنِ حِرَاشٍ: حَدَّثَنَا أَبُو مَسْعُودٍ قَالَ: قَالَ النَّبِيُّ ﷺ: إِنَّ مِمَّا أَدْرَكَ النَّاسُ مِنْ كَلَامِ النُّبُوَّةِ الْأُولَى: إِذَا لَمْ تَسْتَحْيِ فَاصْنَعْ مَا شِئْتَ.,އަބޫ މަސްޢޫދު، ޢުގްބާ ބިން ޢަމްރު އަލްއަންޞާރީ ރިވާ ކުރެއްވިއެވެ: ނަބިއްޔާ ﷺ ޙަދީޘް ކުރެއްވިއެވެ: ”ހަމަކަށަވަރުން، އިހު ޒަމާނުގެ (އުއްމަތްތަކުގެ) ނަބިއްޔުންގެ ފަރާތުން މީސްތަކުންނާ ހަމައަށް ފޯރާފައިވާ ބަސްފުޅުތަކުގެ ތެރޭގައި ވެއެވެ: ތިބާގެ ލަދެއް (ހަޔާތެއް) ނެތް ނަމަ، (ނިކަން) ހިތަށް އެރިހައި ގޮތަކަށް އުޅެބަލާށެވެ.“ (ނުވަތަ މާނައަކީ: ލަދުގަންނަން ޖެހޭ (ފާފަވެރި) ކަމަކަށް ނުވާނަމަ، ތިބާ ކުރަން ބޭނުންވާ ކަމެއް ކުރާށެވެ.),
صحيح البخاري,6133, لاَ يُلْدَغُ الْمُؤْمِنُ مِنْ جُحْرٍ وَاحِدٍ مَرَّتَيْنِ,މުއްމިނެއްގެ ގައިގައި އެއްހޮރަކުން ދެފަހަރަކަށް ކައްޓެއް ނުޖެހޭނެތެވެ.,
صحيح البخاري,6138,مَنْ كَانَ يُؤْمِنُ بِاللهِ وَالْيَوْمِ آخِرِ فَلْيَقُلْ خَيْرًا أَوْلِيَصْمُتْ,ﷲ އާއި އާޚިރަތްދުވަހަށް އީމާންވާމީހާ ހެޔޮބަސްބުނާހުށިކަމެވެ. ނޫންނަމަ ހަނުހުންނާށެވެ.,
صحيح البخاري,6214,حَدَّثَنَا ابْنُ بُكَيْرٍ: حَدَّثَنَا اللَّيْثُ، عَنْ عُقَيْلٍ، عَنِ ابْنِ شِهَابٍ قَالَ: سَمِعْتُ أَبَا سَلَمَةَ بْنَ عَبْدِ الرَّحْمَنِ يَقُولُ: أَخْبَرَنِي جَابِرُ بْنُ عَبْدِ اللهِ: أَنَّهُ سَمِعَ رَسُولَ اللهِ ﷺ يَقُولُ: ثُمَّ فَتَرَ عَنِّي الْوَحْيُ، فَبَيْنَا أَنَا أَمْشِي سَمِعْتُ صَوْتًا مِنَ السَّمَاءِ، فَرَفَعْتُ بَصَرِي إِلَى السَّمَاءِ، فَإِذَا الْمَلَكُ الَّذِي جَاءَنِي بِحِرَاءٍ قَاعِدٌ عَلَى كُرْسِيٍّ بَيْنَ السَّمَاءِ وَالْأَرْضِ.,ޖާބިރު ބިން ޢަބްދު ﷲ ރިވާ ކުރެއްވިއެވެ: ނަބިއްޔާ ޙާދީޘް ކުރައްވަނިކޮށް ތިމަން އަޑު އެހީމެވެ: ”ދެންފަހެ ތިމަން ނަބިއްޔާއަށް ވަހީ ބާވައިލެއްވުން މުއްދަތަކަށް މެދުކެނޑުނެވެ. އެއަށްފަހު ތިމަން ނަބިއްޔާ ހިނގައިވަޑައިގަންނަވަމުން ދަނިކޮށް، އުޑުން އަޑެއް އިވިވަޑައިގަތީމެވެ. ފަހެ ތިމަން ނަބިއްޔާ އިސްއުފުއްލަވާފައި އުޑާ ދިމާލަށް ބަލައިލެއްވުމުން، ޙިރާ ފަރުބަދައިގެ ހޮހަޅާގައި ތިމަން ނަބިއްޔާގެ އަރިހަށް އަތުވި މަލާއިކަތާ ދެކެވެޑައިގަތީމެވެ. އުޑާއި ބިމާ ދެމެދުގައިވާ ގޮނޑިކޮޅެއްގައި އެ މަލާއިކަތާ އިށީނދެ އިންނެވިއެވެ.“,b4
صحيح البخاري,6232,حَدَّثَنَا مُحَمَّدُ: أَخْبَرَنَا مَخْلَدٌ : أَخْبَرَنَا ابْنُ جُرَيْجٍ قَالَ: أَخْبَرَنِي زِيَادٌ: أَنَّهُ سَمِعَ ثَابِتًا مَوْلَى عَبْدِ الرَّحْمَنِ بْنِ زَيْدٍ : أَنَّهُ سَمِعَ أَبَا هُرَيْرَةَ يَقُولُ: قَالَ رَسُولُ اللهِ صَلَّى اللهُ عَلَيْهِ وَسَلَّمَ: يُسَلِّمُ الرَّاكِبُ عَلَى الْمَاشِي ، وَالْمَاشِي عَلَى الْقَاعِدِ ، وَالْقَلِيلُ عَلَى الْكَثِيرِ .,نَ أبي هريرة الله عنه قال: قال رسول الله صل الله عليه و ( الراكب على الماشي الناشِي على القاعد، والقليل على الكثير ”އެއްޗަކަށް ސަވާރުވެގެންދާމީހާ ހިނގާފައިދާ މީހާއަށް ސަލާމްކުރާހުށިކަމެވެ. އަދި ހިނގާފައިދާމީހާ އިށީނދެއިންނަމީހާއަށް ސަލާމްކުރާހުށިކަމެވެ. އަދި މަދުމީހުން ގިނަމީހުންނަށް ސަލާމްކުރާހުށިކަމެވެ.“,
صحيح البخاري,6236,حَدَّثَنَا عَبْدُ اللهِ بْنُ يُوسُفَ: حَدَّثَنَا اللَّيْثُ قَالَ: حَدَّثَنِي يَزِيدُ، عَنْ أَبِي الْخَيْرِ، عَنْ عَبْدِ اللهِ بْنِ عَمْرٍو أَنَّ رَجُلًا سَأَلَ النَّبِيَّ ﷺ: أَيُّ الْإِسْلَامِ خَيْرٌ؟ قَالَ: تُطْعِمُ الطَّعَامَ، وَتَقْرَأُ السَّلَامَ عَلَى مَنْ عَرَفْتَ وَعَلَى مَنْ لَمْ تَعْرِفْ.,ޢަބްދު ﷲ ބިން ޢަމްރު ރިވާ ކުރެއްވިއެވެ: ނަބިއްޔާ ﷺ އަރިހު މީހަކު ސުވާލު ކުރެއްވިއެވެ: އިސްލާމްކަމުގައި އެންމެ ހެޔޮވެގެންވަނީ ކޮންކަމެއްތޯއެވެ؟ ނަބިއްޔާ ޙަދީޘް ކުރެއްވިއެވެ: ”ތިބާ (އެހެން މީހުންނަށް) ކާން ދިނުމެވެ. އަދި ތިބާ ދަންނަ މީހުންނަށާއި ނުދަންނަ މީހުންނަށް ސަލާން ދިނުމެވެ.“,b12
صحيح البخاري,6260,حَدَّثَنَا مُحَمَّدُ بْنُ مُقَاتِلٍ أَبُو الْحَسَنِ: أَخْبَرَنَا عَبْدُ اللهِ: أَخْبَرَنَا يُونُسُ، عَنِ الزُّهْرِيِّ قَالَ: أَخْبَرَنِي عُبَيْدُ اللهِ بْنُ عَبْدِ اللهِ بْنِ عُتْبَةَ: أَنَّ ابْنَ عَبَّاسٍ أَخْبَرَهُ: أَنَّ أَبَا سُفْيَانَ بْنَ حَرْبٍ أَخْبَرَهُ أَنَّ هِرَقْلَ أَرْسَلَ إِلَيْهِ فِي نَفَرٍ مِنْ قُرَيْشٍ وَكَانُوا تُجَّارًا بِالشَّأْمِ فَأَتَوْهُ فَذَكَرَ الْحَدِيثَ قَالَ: ثُمَّ دَعَا بِكِتَابِ رَسُولِ اللهِ ﷺ فَقُرِئَ، فَإِذَا فِيهِ: بِسْمِ اللهِ الرَّحْمَنِ الرَّحِيمِ، مِنْ مُحَمَّدٍ عَبْدِ اللهِ وَرَسُولِهِ، إِلَى هِرَقْلَ عَظِيمِ الرُّومِ، السَّلَامُ عَلَى مَنِ اتَّبَعَ الْهُدَى، أَمَّا بَعْدُ.,އަބޫ ސުފްޔާނު ބިން ޙަރްބު ރިވާ ކުރެއްވިއެވެ: ގުރައިޝްގެ ވިޔަފާރި ގާފިލާއެއްގައި އެކަލޭގެފާނު ޝާމްކަރައިގައި ވަނިކޮށް، ހިރަގްލު އެކަލޭގެފާނު ހޯދަން މީހަކު ފޮނުވިއެވެ. ދެން އެބައިމީހުން ހިރަގްލުގެ ގާތަށް ދިޔައެވެ. އެ ރިވާޔަތް ކިޔާދިނުމަށް ފަހު ދެންނެވިއެވެ: ދެން ރަސޫލު ﷲ ﷺ ގެ ސިޓީފުޅު ގެނައުމަށް ހިރަގްލު އެނގައި، އޭތި ކިޔައިފިއެވެ. އޭގައި ވަނީ މިފަދައިންނެވެ: ﷲ، އައްރަޙްމާން، އައްރަޙީމުގެ އިސްމުފުޅުން (ފަށައިގަންނަމެވެ.) ﷲގެ އަޅާ އަދި ރަސޫލާ މުޙައްމަދުގެފާނުގެ އަރިހުން، ރޫމްގެ ވެރިޔާ ހިރަގްލަށް: ހިދާޔަތަށް ތަބާވެއްޖެ މީހަކަށް ސަލާމް ހުއްޓެވެ. އެއަށްފަހު ދަންނާށެވެ.,b7
صحيح البخاري,6307,وَاللهِ إِنِّي لأَسْتَغْفِرُ اللهَ وَأَتُوبُ إِلَيْهِ فِي الْيَوْمِ أَكْثَرَ مِنْ سَبْعِينَ مَرَّةً,ﷲތަޢާލާ ގަންދީބުނަމެވެ. ތިމަންކަލޭގެފާނު ކޮންމެ ދުވަހަކު 70 ފަހަރަށްވުރެ ގިނައިން ﷲތަޢާލާއަށް އަސްތަޣްފާރުކޮށް توبة ވެ ވަޑައިގަންނަވަމެވެ,
صحيح البخاري,6308,لله أفرح بتوبة العبد من رجل نزل منزلا وبه مهلكة، ومعه راحلته عليها طعامه وشرابه، فوضع رأسه فنام نومة فاستيقظ وقد ذهبت راحلته، حتى اشتدَّ عليه الحرُّ والعطش أو ما شاء الله، قال: أرجع إلى مكاني، فرجع فنام نومة، ثم رفع رأسه فإذا راحلته عنده.,ފިރިހެނަކު އޭނާގެ، ކޮއްތާއި ބޯތަކެއްޗާއި އަރުވާފައިވާ ސަވާރީއާއެކު މަންޒިލަކަށް ފައިބެ، އޮށޯވެ ނިދާފައި ހޭލެވުނު އިރު އޭނާގެ ސަވާރީ ގެއްލި ހޫނުގަދަވުމާއި، ކަރުހިއްކުމުގެ ސަބަބުން އޭނާއަށް ދަތިވެފައިވާ ހާލު، ނުވަތަ ﷲތަޢާލާ މެދުވެރިކުރެއްވި އެނޫންވެސް ކަމެއް މެދުވެރިވެ، މާޔޫސްވެފައިވާ ހާލު ކުރީންވެސް އޮށޯވެ އޮތްތަނަށް އެނބުރިއައިސް ނިދައި ހޭލިއިރު އޭނާގެ ސަވާރީ އޭނާގެ ގާތުގައި ވަނިކޮށް ފެނުމުން އޭނާ އުފާކުރާވަރަށްވުރެ ބޮޑަށް ﷲތަޢާލާ، އަޅަކު توبة ވުމުން އުފާވެވޮޑިގަންނަވައެވެ.,
صحيح البخاري,6316,بِتُّ عِنْدَ مَيْمُونَةَ، فَقامَ النبيُّ صَلَّى اللهُ عليه وسلَّمَ فأتَى حاجَتَهُ، فَغَسَلَ وجْهَهُ ويَدَيْهِ، ثُمَّ نامَ، ثُمَّ قامَ، فأتَى القِرْبَةَ فأطْلَقَ شِناقَها، ثُمَّ تَوَضَّأَ وُضُوءًا بيْنَ وُضُوءَيْنِ لَمْ يُكْثِرْ وقدْ أبْلَغَ، فَصَلَّى، فَقُمْتُ فَتَمَطَّيْتُ، كَراهيةَ أنْ يَرَى أنِّي كُنْتُ أتَّقِيهِ، فَتَوَضَّأْتُ، فَقامَ يُصَلِّي، فَقُمْتُ عن يَسارِهِ، فأخَذَ بأُذُنِي فأدارَنِي عن يَمِينِهِ، فَتَتامَّتْ صَلاتُهُ ثَلاثَ عَشْرَةَ رَكْعَةً، ثُمَّ اضْطَجَعَ فَنامَ حتَّى نَفَخَ ، وكانَ إذا نامَ نَفَخَ، فَآذَنَهُ بلالٌ بالصَّلاةِ، فَصَلَّى ولَمْ يَتَوَضَّأْ، وكانَ يقولُ في دُعائِهِ: اللَّهُمَّ اجْعَلْ في قَلْبِي نُورًا، وفي بَصَرِي نُورًا، وفي سَمْعِي نُورًا، وعَنْ يَمِينِي نُورًا، وعَنْ يَسارِي نُورًا، وفَوْقِي نُورًا، وتَحْتي نُورًا، وأَمامِي نُورًا، وخَلْفِي نُورًا، واجْعَلْ لي نُورًا. قالَ كُرَيْبٌ: وسَبْعٌ في التَّابُوتِ، فَلَقِيتُ رَجُلًا مِن ولَدِ العبَّاسِ، فَحدَّثَني بهِنَّ، فَذَكَرَ عَصَبِي ولَحْمِي ودَمِي وشَعَرِي وبَشَرِي، وذَكَرَ خَصْلَتَيْنِ.,އޭ ﷲ އެވެ. މި އަޅާގެ ހިތުގައި ނޫރެއް ލައްވާށިއެވެ. އަދި މި އަޅާގެ ފެނުމުގައި ނޫރެއް ލައްވާށިއެވެ. އަދި މި އަޅާގެ އިވުމުގައި ނޫރެއް ލައްވާށިއެވެ. އަދި މި އަޅާގެ ކަނާތް ފަރާތުގައި ނޫރެއް ލައްވާށިއެވެ. އަދި މި އަޅާގެ ވާތް ފަރާތުގައި ނޫރެއް ލައްވާށިއެވެ. އަދި މި އަޅާގެ މަތިން ނޫރެއް ލައްވާށިއެވެ. އަދި މި އަޅާގެ ދަށުން ނޫރެއް ލައްވާށިއެވެ. އަދި މި އަޅާގެ ކުރިމަތީގައި ނޫރެއް ލައްވާށިއެވެ. އަދި މި އަޅާގެ ފަހަތުގައި ނޫރެއް ލައްވާށިއެވެ. އަދި އިބަ އިލާހާ ބައްދަލުވާ ދުވަހު މި އަޅާއަށް ނޫރެއް ލައްވާށިއެވެ.,
صحيح البخاري,6346,أنَّ رَسولَ اللَّهِ صَلَّى اللهُ عليه وسلَّمَ كانَ يقولُ عِنْدَ الكَرْبِ: لا إلَهَ إلَّا اللَّهُ العَظِيمُ الحَلِيمُ، لا إلَهَ إلَّا اللَّهُ رَبُّ العَرْشِ العَظِيمِ، لا إلَهَ إلَّا اللَّهُ رَبُّ السَّمَوَاتِ ورَبُّ الأرْضِ، ورَبُّ العَرْشِ الكَرِيمِ,ﷲ ފިޔަވާ އަޅުކަންކުރުން ހައްގުވާ އިލާހަކު ނުވެއެވެ. (އެ އިލާހީ) އަލްޢަޡީމުލް ޙަލީމެވެ. (އެބަހީ: ގަދަކީރިތިވަންތަ ޙަލީމުވަންތަ އިލާހެވެ.) މަތިވެރި ޢަރްޝުގެ ވެރި ރައްބު، ﷲ ފިޔަވާ އަޅުކަންކުރުން ހައްގުވާ އިލާހަކު ނުވެއެވެ. އުޑުތަކުގެ ވެރި، ބިމުގެ ވެރި އަދި މާތްވެގެންވާ ޢަރްޝުގެ ވެރި ރައްބު، ﷲ ފިޔަވާ އަޅުކަންކުރުން ހައްގުވާ އިލާހަކު ނުވެއެވެ. (ޞަޙީޙުލް ބުޚާރީ),
صحيح البخاري,6347,كانَ رَسولُ اللَّهِ صَلَّى اللهُ عليه وسلَّمَ يَتَعَوَّذُ مِن جَهْدِ البَلَاءِ، ودَرَكِ الشَّقَاءِ، وسُوءِ القَضَاءِ، وشَمَاتَةِ الأعْدَاءِ. قَالَ سُفْيَانُ: الحَديثُ ثَلَاثٌ، زِدْتُ أنَا واحِدَةً، لا أدْرِي أيَّتُهُنَّ هي.,އޭ ﷲ އެވެ. ބޮޑެތި ބަލާތަކުންނާއި، ދަތި އުނދަގޫކަމާ ދިމާވުމުންނާއި، ގަޟާގަދަރުގެ ނުބައި މިންވަރުންނާއި، (އަޅަމެންނަށް ދެރައެއް ލިބުމުން) އަދުއްވުން އުފާކުރުމުން، މި އަޅާ އިބަ އިލާހުގެ ހަޒްރަތުން ރައްކާތެރިކަން އެދެމެވެ. ,
صحيح البخاري,6347,اللهمَّ إنِّي أعُوذُ بِكَ مِنْ جَهْدِ الْبَلَاءِ، وَدَرَكِ الشَّقَاءِ، وَسُوءِ الْقَضَاءِ، وَشَمَاتَةِ الْأَعْدَاءِ,އަޅަމެން ހައްދަވާ ބޮޑުކުރެއްވި ރަސްކަލާކޮ! މުޞީބާތުގެ ގަދަފަދަ ކަމުންނާއި އަބާއްޖަވެރިކަމުންނާއި، އަދި ނިޔާގެ (އެބަހީ: ގަޟޯ ގަދަރު) ނުބައިކަމުން، އަދި ހަނގުރާމާގައި ޢަދުއްވުންނާ ކުރިމަތިލާ ހިނދު ލިބުނު ދެރައާމެދު ޢަދުއްވުން އުފާކުރުމުން ރައްކާތެރިކޮށްދެއްވުމަށް އެދި އިބަ اللهގެ حضرةން ދަންނަވަމެވެ.,
صحيح البخاري,6368,"أَنَّ النَّبِيَّ صلى الله عليه وسلم كَانَ يَقُولُ ‏ ""‏ اللَّهُمَّ إِنِّي أَعُوذُ بِكَ مِنَ الْكَسَلِ وَالْهَرَمِ، وَالْمَأْثَمِ وَالْمَغْرَمِ، وَمِنْ فِتْنَةِ الْقَبْرِ وَعَذَابِ الْقَبْرِ، وَمِنْ فِتْنَةِ النَّارِ وَعَذَابِ النَّارِ، وَمِنْ شَرِّ فِتْنَةِ الْغِنَى، وَأَعُوذُ بِكَ مِنْ فِتْنَةِ الْفَقْرِ، وَأَعُوذُ بِكَ مِنْ فِتْنَةِ الْمَسِيحِ الدَّجَّالِ، اللَّهُمَّ اغْسِلْ عَنِّي خَطَايَاىَ بِمَاءِ الثَّلْجِ وَالْبَرَدِ، وَنَقِّ قَلْبِي مِنَ الْخَطَايَا، كَمَا نَقَّيْتَ الثَّوْبَ الأَبْيَضَ مِنَ الدَّنَسِ، وَبَاعِدْ بَيْنِي وَبَيْنَ خَطَايَاىَ كَمَا بَاعَدْتَ بَيْنَ الْمَشْرِقِ وَالْمَغْرِبِ ‏""‏‏.‏",އޭ ﷲ އެވެ. ސްނޯއާއި ގަނޑުފެނުގެ ފެނުން މި އަޅާގެ ފާފަތައް މި އަޅާގެ ކިބައިން ދޮވެ ސާފުކޮށްދެއްވާށިއެވެ. އަދި ހުދު ފޮތިގަނޑަކުން ހަޑިތައް އިބަ އިލާހު ސާފުކުރެއްވި ފަދައިން، މި އަޅާގެ ހިތް ފާފަތަކުން ސާފުކޮށްދެއްވާށިއެވެ. އަދި އިރުމައްޗާއި ހުޅަނގާ ދެމެދު އިބަ އިލާހު ދުރުކުރެއްވި ފަދައިން މި އަޅާއާއި މި އަޅާގެ ފާފަތަކާ ދެމެދު ދުރުކޮށްދެއްވާށިއެވެ.,
صحيح البخاري,6369,"كَانَ النَّبِيُّ صلى الله عليه وسلم يَقُولُ ‏ ""‏ اللَّهُمَّ إِنِّي أَعُوذُ بِكَ مِنَ الْهَمِّ وَالْحَزَنِ، وَالْعَجْزِ وَالْكَسَلِ، وَالْجُبْنِ وَالْبُخْلِ، وَضَلَعِ الدَّيْنِ، وَغَلَبَةِ الرِّجَالِ ‏""‏‏.‏",އޭ ﷲ އެވެ. ހަމަކަށަވަރުން ކަންބޮޑުވުމުންނާއ، މޮޅިވެރިކަމުންނާއި، ނުކުޅެދުންތެރިކަމުންނާއި، ކަންނެތްކަމުންނާއި، ފިނޑިކަމުންނާއި، ދަރަނީގެ ބުރައިންނާއި މީސްތަކުންގެ ގަދަފަދަކަމުން، މި އަޅާ އިބަ އިލާހުގެ ހަޒްރަތުން ރައްކާތެރިކަން އެދެމެވެ. ,
صحيح البخاري,6388,لَوْ أنَّ أحَدَهُمْ إذا أرادَ أنْ يَأْتِيَ أهْلَهُ قالَ: باسْمِ اللَّهِ، اللَّهُمَّ جَنِّبْنا الشَّيْطانَ، وجَنِّبِ الشَّيْطانَ ما رَزَقْتَنا، فإنَّه إنْ يُقَدَّرْ بيْنَهُما ولَدٌ في ذلكَ لَمْ يَضُرَّهُ شيطانٌ أبَدًا.,ތިޔަބައިމީހުންކުރެ މީހަކު އެމީހެއްގެ އަނބިމީހާއާއި ޖިމާޢުވާން ވެއްޖެހިނދު ކިޔާށެވެ. “بِاسْمِ اللَّهِ اللَّهُمَّ جَنِّبْنَا الشَّيْطَانَ وَجَنِّبْ الشَّيْطَانَ مَا رَزَقْتَنَا”. ދެން ޙަދީޘްކުރެއްވިއެވެ. (فَإِنَّهُ إِنْ يُقَدَّرْ بَيْنَهُمَا وَلَدٌ فِي ذَلِكَ لَمْ يَضُرَّهُ شَيْطَانٌ أَبَدًا) މާނައީ: ” ފަހެ އެދެމީހުންގެ ދެމެދުން ދަރިއަކު އުފަންވުމަށް މިންވަރުފުޅު ވެއްޖެނަމަ، އެކުއްޖާއާއި ދުވަހަކުވެސް ޝައިޠާނަކު ގާތްނުވާހުއްޓެވެ.,
صحيح البخاري,6398,اللهمَّ اغفِرْ لي خطيئَتي وجَهلي ، وإسرافي في أمري ، وما أنت أعلمُ به مني ، اللهمَّ اغفرْ لي خطَئي وعَمْدي ، وهَزْلي وجِدِّي ، وكلُّ ذلك عندي ، اللهمَّ اغفرْ لي ما قدَّمتُ وما أخَّرتُ ، وما أسررتُ وما أعلنتُ ، أنت المقدِّمُ وأنت المؤخِّرُ ، وأنت على كلِّ شيء قديرٌ,އޭ ﷲ އެވެ. މި އަޅާގެ ކުށްތަކާއި، ޖާހިލުކޮށް ކުރެވުނު ކަންތަކާއި، މި އަޅާގެ ކަންކަމުގައި މި އަޅާ ހައްދުފަހަނައަޅާ ދިޔުމާއި، މި އަޅާއަށް ވުރެ ބޮޑަށް އިބަ އިލާހު މޮޅަށް ދެނެވޮޑިގެންވާ ކަންތައްތައް، މި އަޅާއަށް ޓަކައި ފުއްސަވާށިއެވެ. އޭ ﷲ އެވެ. މި އަޅާއަށް ސަމާސާއަށް ކުރެވުނު ކަންތަކާއި، ސީރިއަސްކޮށް ކުރެވުނު ކަންތައްތަކާއި، އޮޅިގެން ކުރެވުނު ކަންތަކާއި ގަސްދުގައި ކުރެވުނު ކަންތައްތައް، މި އަޅާއަށް ޓަކައި ފުއްސަވާށިއެވެ. އެ ހުރިހާ ކަމެއްވެސް މި އަޅާގެ ކިބައިގައި ވެއެވެ. އޭ ﷲ އެވެ. މި އަޅާގެ އިސްވެ ދިޔަ ފާފަތަކާއި ފަހުން އަންނާނެ ފާފަތަކާއި، ސިއްރުގައި ކުރި ފާފަތަކާއި ފާޅުގައި ކުރި ފާފަތަކާއި، މި އަޅާއަށް ވުރެ ބޮޑަށް އިބަ އިލާހު މޮޅަށް ދެނެވޮޑިގެންވާ ކަންތައްތައް، މި އަޅާއަށް ޓަކައި ފުއްސަވާށިއެވެ. އިބަ އިލާހީ އަލްމުގައްދިމެވެ. (އެބަހީ: އިސްކުރައްވާ އިލާހެވެ.) އަދި އިބަ އިލާހީ އަލްމުއައްޚިރެވެ. (އެބަހީ: ފަސްކުރައްވާ އިލާހެވެ.) އަދި ހުރިހާ ކަމެއްގެ މައްޗަށް އިބަ އިލާހު ކުޅަދުންވަންތަވެ ވޮޑިގެންވަމުއެވެ.,
صحيح البخاري,6407,مَثَلُ الَّذِي يَذْكُرُ رَبَّهُ وَالَّذِي لا يَذْكُرُ رَبَّهُ مَثَلُ الحَيِّ وَالمَيِّتِ,އެ މީހެއްގެ ރައްބު ޒިކުރުކޮށް (ހަނދުމަ ކުރާ) މީހަކާއި، އެ މީހެއްގެ ރައްބު ޒިކުރު ނުކުރާ މީހާގެ މިސާލަކީ، ދިރިހުރި މީހަކާއި މަރުވެފައިވާ މައްޔިތެއްގެ މިސާލެވެ.,
صحيح البخاري,6412,حَدَّثَنَا الْمَكِّيُّ بْنُ إِبْرَاهِيمَ: أَخْبَرَنَا عَبْدُ اللهِ بْنُ سَعِيدٍ هُوَ ابْنُ أَبِي هِنْدٍ، عَنْ أَبِيهِ، عَنِ ابْنِ عَبَّاسٍ رَضِيَ اللهُ عَنْهُمَا قَالَ: قَالَ النَّبِيُّ ﷺ: نِعْمَتَانِ مَغْبُونٌ فِيهِمَا كَثِيرٌ مِنَ النَّاسِ الصِّحَّةُ وَالْفَرَاغُ.,އިބްނު ޢައްބާސް رَضِيَ اللَّهُ عَنْهُمَا ރިވާ ކުރެއްވިއެވެ: ނަބިއްޔާ ﷺ ޙަދީޘް ކުރެއްވިއެވެ: ”މީސްތަކުންގެ ތެރެއިން ގިނަ މީހުން ޣާފިލުވެ (ބޭކާރު ގޮތްގޮތުގައި ހޭދާކޮށް ގެއްލުވާލާ) ދެ ނިޢުމަތެއް ވެއެވެ. އެއީ (ފުރިހަމަ) ސިއްހަތާއި ހުސްވަގުތެވެ.“,
صحيح البخاري,6412,""" نِعْمَتَانِ مَغْبُونٌ فِيهِمَا كَثِيرٌ مِنَ النَّاسِ: الصِّحَّةُ وَالفَرَاغُ ""","""މީސްތަކުގެ ތެރެއިން ގިނަބަޔަކު ފަރުވާ ކުޑަކުރާ ދެ ނިޢުމަތެއްވެއެވެ. އެއީ ޞިއްޙަތާއި ހުސްވަގުތެވެ.""",
صحيح البخاري,6412,نِعْمَتانِ مَغْبُونٌ فِيهِما كَثِيرٌ مِنَ النَّاسِ: الصِّحَّةُ والفَراغُ.,"""މީސްތަކުންގެ ތެރެއިން ގިނަ ބަޔަކު އެކަމަކާމެދު ޣާފިލުވެފައިވާ ދެނިޢުމަތެއް ވެއެވެ. އެއީ ފުރިހަމަ ޞިއްޙަތާއި ހުސްވަގުތެވެ.",
صحيح البخاري,6416,حَدَّثَنَا عَلِيُّ بْنُ عَبْدِ اللهِ: حَدَّثَنَا مُحَمَّدُ بْنُ عَبْدِ الرَّحْمَنِ أَبُو الْمُنْذِرِ الطُّفَاوِيُّ، عَنْ سُلَيْمَانَ الْأَعْمَشِ قَالَ: حَدَّثَنِي مُجَاهِدٌ، عَنْ عَبْدِ اللهِ بْنِ عُمَرَ رَضِيَ اللهُ عَنْهُمَا قَالَ: أَخَذَ رَسُولُ اللهِ ﷺ بِمَنْكِبِي، فَقَالَ: كُنْ فِي الدُّنْيَا كَأَنَّكَ غَرِيبٌ أَوْ عَابِرُ سَبِيلٍ. وَكَانَ ابْنُ عُمَرَ يَقُولُ إِذَا أَمْسَيْتَ فَلَا تَنْتَظِرِ الصَّبَاحَ، وَإِذَا أَصْبَحْتَ فَلَا تَنْتَظِرِ الْمَسَاءَ، وَخُذْ مِنْ صِحَّتِكَ لِمَرَضِكَ، وَمِنْ حَيَاتِكَ لِمَوْتِكَ.,ޢަބްދު ﷲ ބިން ޢުމަރު رَضِيَ اللَّهُ عَنْهُمَا ރިވާ ކުރެއްވިއެވެ: ރަސޫލު ﷲ ﷺ ތިމަންނަގެ ކޮނޑުގައި ހިއްޕަވާފައި ޙަދީޘް ކުރެއްވިއެވެ: ”(ބޭރުން އައިސްގެން އުޅޭ) ބީރައްޓެއްސެއް، ނުވަތަ (ތަނެއް ހުރަސްކޮށްފަދާ) ދަތުރުވެރިއެއް ފަދައިން ތިބާ ދުނިޔޭގައި އުޅޭށެވެ.“ އަދި އިބްނު ޢުމަރު ވިދާޅުވެ އުޅުއްވިއެވެ: ’ތިބާ ހަވީރު (ދުނިޔޭގައި) ހުރެއްޖެ ނަމަ، ފަހެ ހެނދުނު ވަންދެން ހުންނާނެކަމަށް އިންތިޒާރު ނުކުރާށެވެ. އަދި ތިބާ ހެނދުނު (ދުނިޔޭގައި) ހުރެއްޖެ ނަމަ، ހަވީރު ވަންދެން ހުންނާނެކަމަށް އިންތިޒާރު ނުކުރާށެވެ. އަދި ތިބާ ބަލިވުމުގެ ކުރިން، ތިބާގެ ދުޅަހެޔޮކަމުގެ ފައިދާ ލިބިގަންނާށެވެ. އަދި ތިބާ މަރުވުމުގެ ކުރިން، ތިބާގެ ޙަޔާތުގެ ފައިދާ ލިބިގަންނާށެވެ.‘,
صحيح البخاري,6423,"عَنْ عِتْبَانَ بْنَ مَالِكٍ الأَنْصَارِيَّ، رَسُولُ اللَّهِ ﷺ َقَالَ "" لَنْ يُوَافِيَ عَبْدٌ يَوْمَ الْقِيَامَةِ يَقُولُ لاَ إِلَهَ إِلاَّ اللَّهُ. يَبْتَغِي بِهِ وَجْهَ اللَّهِ، إِلاَّ حَرَّمَ اللَّهُ عَلَيْهِ النَّارَ ""‌.","ޢިތްބާން ބިން މާލިކް އަލްއަންޞާރީ ރަޟިޔަﷲ ޢަންހުގެ ކިބައިން ރިވާވެގެންވެއެވެ. ރަސޫލުﷲ ﷺ ޙަދީޘްކުރެއްވިއެވެ. ""ﷲގެ ވަޖުހުފުޅު އެދިގެން(އިޚުލާޞްތެރިކަމާއެކު) لاإله إلا الله (ޙައްގުގޮތުގައި އަޅުކަންވެވޭ އިލާހެއް ﷲ ފިޔަވައި ނުވާކަމަށް) ކީމީހާ ގިޔާމަތްދުވަހު އޭނާގެ މައްޗަށް ނަރަކަ ޙަރާމްކުރެވިގެންވާ ހާލު މެނުވީ އެއިލާހާ ބައްދަލުނުކުރާ ހުއްޓެވެ""",
صحيح البخاري,6436,لَوْ كَانَ لاِبْنِ آدَمَ وَادِيَانِ مِنْ مَالٍ لاَبْتَغَى ثَالِثًا، وَلاَ يَمْلأُ جَوْفَ ابْنِ آدَمَ إِلاَّ التُّرَابُ، وَيَتُوبُ اللهُ عَلَى مَنْ تَابَ,އާދަމު ދަރިޔާއަށް މުދަލުން ފުރިގެންވާ ދެވާދީ ލިބިގެންވި ކަމުގައި ވިނަމަ ތިންވަނަ ވާދީއަކަށް އެދުނީހެވެ. އަދި އާދަމުގެ ދަރިޔާގެ ހިތް، ވެލި ނޫން އެއްޗަކުން ނުފުރޭ ހުއްޓެވެ. އަދި ތައުބާވެއްޖެ މީހެއްގެ މައްޗަށް ﷲ ތައުބާ ލައްވަތެވެ.,
صحيح البخاري,6444,"عَنْ زَيْدِ بْنِ وَهْبٍ، قَالَ قَالَ أَبُو ذَرٍّ كُنْتُ أَمْشِي مَعَ النَّبِيِّ ﷺ فِي حَرَّةِ الْمَدِينَةِ فَاسْتَقْبَلَنَا أُحُدٌ فَقَالَ "" يَا أَبَا ذَرٍّ "". قُلْتُ لَبَّيْكَ يَا رَسُولَ اللَّهِ. قَالَ "" مَا يَسُرُّنِي أَنَّ عِنْدِي مِثْلَ أُحُدٍ هَذَا ذَهَبًا، تَمْضِي عَلَىَّ ثَالِثَةٌ وَعِنْدِي مِنْهُ دِينَارٌ، إِلاَّ شَيْئًا أُرْصِدُهُ لِدَيْنٍ، إِلاَّ أَنْ أَقُولَ بِهِ فِي عِبَادِ اللَّهِ هَكَذَا وَهَكَذَا وَهَكَذَا "". عَنْ يَمِينِهِ وَعَنْ شِمَالِهِ وَمِنْ خَلْفِهِ. ثُمَّ مَشَى فَقَالَ "" إِنَّ الأَكْثَرِينَ هُمُ الأَقَلُّونَ يَوْمَ الْقِيَامَةِ إِلاَّ مَنْ قَالَ هَكَذَا وَهَكَذَا وَهَكَذَا ـ عَنْ يَمِينِهِ وَعَنْ شِمَالِهِ وَمِنْ خَلْفِهِ ـ وَقَلِيلٌ مَا هُمْ "".","މާތް ﷲ ރުއްސުންލެއްވި އަބޫ ޛައްރުގެ ކިބައިން ރިވާވެގެންވެއެވެ. ވިދާޅުވިއެވެ. ތިމަންނަ ނަބިއްޔާ ﷺ ގެ އަރިހުގައި މަދީނާގެ ގާވެލި މަތީގައި ހިނގައިފައި ދިޔައީމެވެ. ފަހެ ތިމަންމެން އުހުދު ފަރުބަދައާއި އަރާ ހަމަވިއެވެ. ފަހެ އެކަލޭގެފާނު ޙަދީޘް ކުރެއްވިއެވެ. "" އޭ އަބޫ ޛައްރެވެ!"" ތިމަން ދެންނެވީމެވެ. "" ލައްބައެކައެވެ. އޭ ﷲ ގެ ރަސޫލާ އެވެ. "" ޙަދީޘް ކުރެއްވިއެވެ. "" ތިމަންކަލޭގެފާނުގެ އަތުގައި އުހުދު ފަރުބަދައިގެ އަދަދަށް ރަން ހުރެއްޖެ ނަމަވެސް ތިން ދުވަސް ވާއިރު އޭގެ ތެރެއިން ތިމަންރަސޫލާ ދަރަންޏެއް އަދާ ކުރުމަށް ޓަކައި ބާކީ ކުޅަ އެއްޗެއް ފިޔަވައި ނުބަހާ އެންމެ ދީނާރެއް ވެސް ނުބާއްވާ ހުރުމަކީ ތިމަންރަސޫލާ އުފާވާ ކަމެއް ނޫނެވެ. އެވަގުތު ތިމަންކަލޭގެފާނު ގެންދަވާ ހުށީ ﷲ ގެ އަޅުތަކުންނަށް އެތަކެތި ދީލަތިކަމާއި އެކު އަދި ކަނާތްފަރާތުންނާއި އަދި ވާތްފަރަތުންނާއި އަދި ބިއްދޮށު ފަރާތުން ބަހަމުން އުކަމުންނެވެ. "" ދެން އެކަލެގެފާނު ކައިރިއަށް ވަޑައިގަތެވެ. އެހިނދު ޙަދީޘް ކުރައްވަމުން ގެންދެވިއެވެ. "" ހަމަކަށަވަރުން ގިޔާމަތްދުވަހުން ، ދުނިޔެ މަތީގައިވާ މުދާވެރީން ތިބޭ ހުށީ އަތްމަތި ދަތި ބައެއްގެ ގޮތުގައެވެ. ނަމަވެސް އެމީހުންގެ ތެރެއިން ދަހިނުވެތިނުވެ ދީލަތިކަމާއި އެކު ކަނާތްފަރާތުންނާއި އަދި ވާތްފަރަތުންނާއި އަދި ހަތަރު ފަރާތުން މުދާ ހޭދަކުރަމުން ގެންދާ މީހުން މިގައި ނުހިމެނެއެވެ. އެފަދަ މީހުންނަކީ މަދު ބައެކެވެ. """,
صحيح البخاري,6446,لَيْسَ الْغِنَى عَنْ كَثْرَةِ الْعَرَضِ وَلَكِنَّ الْغِنَى غِنَى النَّفْسِ,މުއްސަނދިކަމަކީ މުދަލުގެ ގިނަކަމެއް ނޫނެވެ. އެހެނެއްކަމަކު މުއްސަނދިކަމަކީ ނަފްސުގެ މުއްސަނދިކަމެވެ.,
صحيح البخاري,6464,"عَنْ عَائِشَةَ، أَنَّ رَسُولَ اللَّهِ صلى الله عليه وسلم قَالَ "" سَدِّدُوا وَقَارِبُوا، وَاعْلَمُوا أَنْ لَنْ يُدْخِلَ أَحَدَكُمْ عَمَلُهُ الْجَنَّةَ، وَأَنَّ أَحَبَّ الأَعْمَالِ أَدْوَمُهَا إِلَى اللَّهِ، وَإِنْ قَلَّ """,ރަސޫލު ﷲ ﷺ ޙަދީޘް ކުރެއްވިއެވެ: ”ތިޔަބައިމީހުން ސީދާ ކުރާށެވެ. އަދި (ވެވުނު ވަރަކުން) ގާތް ކުރާށެވެ. އަދި ދަންނާށެވެ. ހަމަކަށަވަރުން ތިޔަބައިމީހުންގެ ތެރެއިން އެކަކުގެވެސް ޢަމަލަކުން އޭނާ ސުވަރުގެ ނުވައްދަވާނެއެވެ. އަދި ﷲ ގެ ހަޒްރަތުގައި އެންމެ ލޮބުވެތިކަން ބޮޑު ޢަމަލަކީ، އެ ޢަމަލެއް ކުޑަވިކަމުގައި ވިޔަސް، އެންމެ ދާއިމީކޮށް ކުރެވޭ ޢަމަލެވެ.“,
صحيح البخاري,6474,"عَنْ سَهْلِ بْنِ سَعْدٍ، عَنْ رَسُولِ اللَّهِ ﷺ قَالَ: ‏ ""‏ مَنْ يَضْمَنْ لِي مَا بَيْنَ لَحْيَيْهِ وَمَا بَيْنَ رِجْلَيْهِ أَضْمَنْ لَهُ الْجَنَّةَ ‏""‏‏.","ސަހްލު ބްނު ސަޢްދުގެ އަރިހުން ރިވާވެގެން ވެއެވެ. ރަސޫލު ﷲ ﷺ ޙަދީޘްކުރެއްވިއެވެ: ""އެ މީހެއްގެ ދެ ކަތުރުކަށިގަނޑުގެ ދޭތެރޭގައިވާ އެތި (އެބަހީ: އޭނާގެ ދޫ)، އަދި އޭނާގެ ދެފައި ދޭތެރޭގައިވާ އެތި (އެބަހީ: އޭނާގެ ލަދުވެތި ގުނަވަން، މި ދޭއްޗަށް) ޖާމިނުވެ (ރައްކާތެރިވާނެކަމުގެ ޔަގީންކަން) ތިމަން ނަބިއްޔާއަށް ދީފި މީހާ، އޭނާއަށް ސުވަރުގެ (ލިބޭނެކަމަށް) ތިމަން ނަބިއްޔާ ޖާމިނުވަމެވެ.""",
صحيح البخاري,6474,مَن يَضْمَن لي ما بيْنَ لَحْيَيْهِ وما بيْنَ رِجْلَيْهِ، أضْمَنْ له الجَنَّةَ.,އެމީހެއްގެ ދުލާއި ލަދުވެތިގުނަވަނަށް ރައްކާތެރިވާނެކަމުގެ ޔަގީންކަންދީފި މީހަކަށް ސުވަރުގެ ލިބޭނެކަމުގެ ޔަގީންކަން ތިމަންކަލޭގެފާނު ދެއްވަމެވެ,
صحيح البخاري,6475,حَدَّثَنِي عَبْدُ الْعَزِيزِ بْنُ عَبْدِ اللهِ: حَدَّثَنَا إِبْرَاهِيمُ بْنُ سَعْدٍ، عَنِ ابْنِ شِهَابٍ، عَنْ أَبِي سَلَمَةَ، عَنْ أَبِي هُرَيْرَةَ رَضِيَ اللهُ عَنْهُ قَالَ: قَالَ رَسُولُ اللهِ ﷺ: مَنْ كَانَ يُؤْمِنُ بِاللهِ وَالْيَوْمِ الْآخِرِ فَلْيَقُلْ خَيْرًا أَوْ لِيَصْمُتْ، وَمَنْ كَانَ يُؤْمِنُ بِاللهِ وَالْيَوْمِ الْآخِرِ فَلَا يُؤْذِ جَارَهُ، وَمَنْ كَانَ يُؤْمِنُ بِاللهِ وَالْيَوْمِ الْآخِرِ فَلْيُكْرِمْ ضَيْفَهُ.,އަބޫ ހުރައިރާ رَضِيَ اللَّهُ عَنْهُ ރިވާ ކުރެއްވިއެވެ: ރަސޫލު ﷲ ﷺ ޙަދީޘް ކުރެއްވިއެވެ: ”ﷲ އަށާއި އާޚިރަތް ދުވަހަށް އީމާންވާ މީހާ، ފަހެ އޭނާ ހެޔޮ ބަސް ބުނާށެވެ. ނޫންނަމަ ހަނު ހުންނާށެވެ. އަދި ﷲ އަށާއި އާޚިރަތް ދުވަހަށް އީމާންވާ މީހާ، ފަހެ އޭނާގެ އަވަށްޓެރިޔާއަށް އުނދަގޫ ނުކުރާށެވެ. އަދި ﷲ އަށާއި އާޚިރަތް ދުވަހަށް އީމާންވާ މީހާ، ފަހެ އޭނާގެ މެހުމާނަށް ހެޔޮކޮށް ހިތާށެވެ.“,
صحيح البخاري,6477,"عَنْ أَبِي هُرَيْرَةَ، سَمِعَ رَسُولَ اللَّهِ صلى الله عليه وسلم يَقُولُ ‏ ""‏ إِنَّ الْعَبْدَ لَيَتَكَلَّمُ بِالْكَلِمَةِ مَا يَتَبَيَّنُ فِيهَا، يَزِلُّ بِهَا فِي النَّارِ أَبْعَدَ مِمَّا بَيْنَ الْمَشْرِقِ ‏""‏‏.‏",އަބޫ ހުރައިރާ رَضِيَ اللَّهُ عَنْهُ ގެ އަރިހުން ރިވާވެގެންވެއެވެ. ހަމަކަށަވަރުން ރަސޫލު ﷲ ﷺ ޙަދީޘްކުރެއްވިއެވެ: ”ހަމަކަށަވަރުން އަޅާ ބަހެއް ބުނެލައެވެ. އޭނާ އެ ބުނާ ބަހުގައި ވަނީ ކޮންފަދަ ކަމެއްކަން އޭނާއަށް ބަޔާންވެގެން ނުވެއެވެ. އޭގެ ސަބަބުން މަޝްރިގާއި މަޣްރިބާ ދެމެދުވާ ދުރުމިނަށް ވުރެ ދުރަށް އޭނާ ނަރަކައަށް ވެއްޓިގެންދެއެވެ.“,
صحيح البخاري,6478,وإنَّ العَبْدَ لَيَتَكَلَّمُ بالكَلِمَةِ مِن سَخَطِ اللَّهِ، لا يُلْقِي لها بالًا، يَهْوِي بها في جَهَنَّمَ.,އަދި ހަމަކަށަވަރުން އަޅާ ވާހަކަ ދައްކާއިރު ބުނެލާ ބަހާއިމެދު ވިސްނާނުލައި ﷲ ތަޢާލާ ކޯފާވާ އޭގޮތުން ބަސް ބުނުމުގެ ސަބަބުން، ނަރަކައަށް ވަދެގެންދެއެވެ.,
صحيح البخاري,6484,حَدَّثَنَا أَبُو نُعَيْمٍ: حَدَّثَنَا زَكَرِيَّاءُ، عَنْ عَامِرٍ قَالَ: سَمِعْتُ عَبْدَ اللهِ بْنَ عَمْرٍو يَقُولُ: قَالَ النَّبِيُّ ﷺ: الْمُسْلِمُ مَنْ سَلِمَ الْمُسْلِمُونَ مِنْ لِسَانِهِ وَيَدِهِ، وَالْمُهَاجِرُ مَنْ هَجَرَ مَا نَهَى اللهُ عَنْهُ.,ޢަބްދު ﷲ ބިން ޢަމްރު ރިވާ ކުރެއްވިއެވެ: ނަބިއްޔާ ﷺ ޙަދީޘް ކުރެއްވިއެވެ: ”މުސްލިމަކީ، އެހެން މުސްލިމުން އޭނާގެ ދުލާއި އަތުގެ (ނުބައިކަމުން) ސަލާމަތްކަން ލިބިގެންވާ މީހާއެވެ. އަދި ހިޖުރަ ކުރި މީހަކީ، ﷲ ނަހީ ކުރެއްވި ކަންތައް ދޫކުރި މީހާއެވެ.“,b10
صحيح البخاري,6484,الْمُسْلِمُ مَنْ سَلِمَ الْمُسْلِمُونَ مِنْ لِسَانِهِ وَيَدِهِ، وَالْمُهَاجِرُ مَنْ هَجَرَ مَا نَهَى اللَّهُ عَنْهُ,މުސްލިމަކީ އޭނާގެ ދުލާއި އަތުން (އަނިޔާ ނުލިބި އެހެން) މުސްލިމުންތައް ސަލާމަތް ވެގެންވާ މީހާއެވެ. އަދި ހިޖުރަކުރާ މީހަކީ ﷲ ނަހީކުރެއްވި ކަންތައްތައް އެއްކިބާކޮށްފި މީހާއެވެ.,
صحيح البخاري,6491,حَدَّثَنَا أَبُو مَعْمَرٍ: حَدَّثَنَا عَبْدُ الْوَارِثِ: حَدَّثَنَا جَعْدُ أَبُو عُثْمَانَ: حَدَّثَنَا أَبُو رَجَاءٍ الْعُطَارِدِيُّ، عَنِ ابْنِ عَبَّاسٍ رَضِيَ اللهُ عَنْهُمَا، عَنِ النَّبِيِّ ﷺ فِيمَا يَرْوِي عَنْ رَبِّهِ عَزَّ وَجَلَّ قَالَ: قَالَ: إِنَّ اللهَ كَتَبَ الْحَسَنَاتِ وَالسَّيِّئَاتِ، ثُمَّ بَيَّنَ ذَلِكَ، فَمَنْ هَمَّ بِحَسَنَةٍ فَلَمْ يَعْمَلْهَا كَتَبَهَا اللهُ لَهُ عِنْدَهُ حَسَنَةً كَامِلَةً، فَإِنْ هُوَ هَمَّ بِهَا فَعَمِلَهَا كَتَبَهَا اللهُ لَهُ عِنْدَهُ عَشْرَ حَسَنَاتٍ إِلَى سَبْعِمِائَةِ ضِعْفٍ، إِلَى أَضْعَافٍ كَثِيرَةٍ، وَمَنْ هَمَّ بِسَيِّئَةٍ فَلَمْ يَعْمَلْهَا كَتَبَهَا اللهُ لَهُ عِنْدَهُ حَسَنَةً كَامِلَةً، فَإِنْ هُوَ هَمَّ بِهَا فَعَمِلَهَا كَتَبَهَا اللهُ لَهُ سَيِّئَةً وَاحِدَةً.,އިބްނު ޢައްބާސް رَضِيَ اللَّهُ عَنْهُمَا ރިވާ ކުރެއްވިއެވެ: ﷲ ޢައްޒަ ވަޖައްލަގެ ހަޒްރަތުން، ނަބިއްޔާ ﷺ ރިވާ ކުރެއްވި (ގުދުސީ ޙަދީޘެއްގައި ވެއެވެ:) ”ހަމަކަށަވަރުން ﷲ ވަނީ (އިންސާނާ ކުރާ) ހެޔޮ ކަންތަކާއި ނުބައި ކަންތައް ލިޔުއްވާފައެވެ. ދެން އެ ކަންތައް ބަޔާން ކޮށްދެއްވިއެވެ: ފަހެ މީހަކު ހެޔޮ ކަމެއް ކުރުމަށް ގަސްދު ކުރުމަށް ފަހު އެކަން ނުކޮށްފި ނަމަ، ﷲގެ ހަޒްރަތުގައި އެ ކަން އެއީ ފުރިހަމަ ހެޔޮ ކަމެއްގެ ގޮތުގައި އެ އިލާހު ލިޔުއްވައެވެ. އަދި އެ މީހާ ހެޔޮ ކަމެއް ކުރުމަށް ގަސްދުކޮށް އެކަންކޮށްފި ނަމަ، ﷲގެ ހަޒްރަތުގައި އެ ކަން އެއީ ދިހަ ހެޔޮ ކަމުން ފެށިގެން ހަތް ސަތޭކަ ގުނައަށް، ނުވަތަ އެއަށް ވުރެ ވެސް އިތުރު އެތައް ގުނައަކަށް އެ އިލާހު ލިޔުއްވައެވެ. އަދި އެ މީހާ ނުބައި ކަމެއް ކުރުމަށް ގަސްދުކުރުމަށް ފަހު، އެކަން ނުކޮށް ދޫކޮށްލައިފި ނަމަ، ﷲގެ ހަޒްރަތުގައި އެކަން އެއީ ފުރިހަމަ ހެޔޮ ކަމެއްގެ ގޮތުގައި އެ އިލާހު ލިޔުއްވައެވެ. އަދި އެ މީހާ ނުބައި ކަމެއް ކުރުމަށް ގަސްދުކޮށް އެކަންކޮށްފި ނަމަ، ﷲގެ ހަޒްރަތުގައި އެކަން އެއީ އެންމެ ނުބައި ކަމެއްގެ ގޮތުގައި އެ އިލާހު ލިޔުއްވައެވެ.“,
صحيح البخاري,6494,"عَنْ أَبِي سَعِيدٍ الْخُدْرِيِّ قَالَ جَاءَ أَعْرَابِيٌّ إِلَى النَّبِيِّ ﷺ فَقَالَ يَا رَسُولَ اللَّهِ أَىُّ النَّاسِ خَيْرٌ قَالَ "" رَجُلٌ جَاهَدَ بِنَفْسِهِ وَمَالِهِ، وَرَجُلٌ فِي شِعْبٍ مِنَ الشِّعَابِ يَعْبُدُ رَبَّهُ، وَيَدَعُ النَّاسَ مِنْ شَرِّهِ ""‌.","އަބޫ ސައީދުލް ޚުދްރީ ރަޟިޔަﷲ ޢަންހުގެ ކިބައިން ރިވާވެގެންވެއެވެ. ރަށްފުށުގެ ބަދަވީއެއް(އަޢުރާބީއެއް) ނަބިއްޔާ ﷺ ގެ އަރިހަށް އައިސް ދެންނެވިއެވެ. އެންމެ ހެޔޮވެގެންވާ މީހާއަކީ ކޮބައި ހެއްޔެވެ؟ ޙަދީޘްކުރެއްވިއެވެ. ""އެމީހެއްގެ ނަފުސުންނާއި އަދި މުދަލުން ޖިހާދުކުރި މީހާއެވެ. އަދި ދެފަރުބަދަ ދެމެދުގައި (ވާދީތަކުގައި އެކަނި) ދިރިއުޅޭ މީހާ އޭނާގެ ރައްބަށް އަޅުކަންކޮށް އަދި އޭނާގެ ނުބައިކަމުން އެހެން މީހުން ދުރުކޮށްފައިވާ މީހާއެވެ""",
صحيح البخاري,6495,حَدَّثَنَا أَبُو نُعَيْمٍ: حَدَّثَنَا الْمَاجِشُونُ، عَنْ عَبْدِ الرَّحْمَنِ بْنِ أَبِي صَعْصَعَةَ، عَنْ أَبِيهِ، عَنْ أَبِي سَعِيدٍ: أَنَّهُ سَمِعَهُ يَقُولُ: سَمِعْتُ النَّبِيَّ ﷺ يَقُولُ: يَأْتِي عَلَى النَّاسِ زَمَانٌ خَيْرُ مَالِ الرَّجُلِ الْمُسْلِمِ الْغَنَمُ يَتْبَعُ بِهَا شَعَفَ الْجِبَالِ وَمَوَاقِعَ الْقَطْرِ، يَفِرُّ بِدِينِهِ مِنَ الْفِتَنِ.,އަބޫ ސައީދު އަލްޚުދްރީ ރިވާ ކުރެއްވިއެވެ: ނަބިއްޔާ ﷺ ޙަދީޘް ކުރައްވަނިކޮށް ތިމަން އަޑު އެހީމެވެ: މީހެއްގެ އެންމެ ހެޔޮ މުދަލަކީ ބަކަރި ކަމުގައިވާ ޒަމާނެއް މީސްތަކުންނަށް އަންނާނެއެވެ. އެ ބަކަރިތައް ފަހަތުން ފަރުބަދަ މައްޗަށާއި ވާރޭ ލިބޭ ވާދީތަކަށް އޭނާ ދާނެއެވެ. އެއީ އޭނާގެ ދީން ސަލާމަތް ކުރުމުގެ ގޮތުން ފިތުނަތަކުން ފިލުމަށްޓަކައެވެ.“,b19
صحيح البخاري,6502,حَدَّثَنِي مُحَمَّدُ بْنُ عُثْمَانَ: حَدَّثَنَا خَالِدُ بْنُ مَخْلَدٍ: حَدَّثَنَا سُلَيْمَانُ بْنُ بِلَالٍ: حَدَّثَنِي شَرِيكُ بْنُ عَبْدِ اللهِ بْنِ أَبِي نَمِرٍ، عَنْ عَطَاءٍ، عَنْ أَبِي هُرَيْرَةَ قَالَ: قَالَ رَسُولُ اللهِ ﷺ: إِنَّ اللهَ قَالَ: مَنْ عَادَى لِي وَلِيًّا فَقَدْ آذَنْتُهُ بِالْحَرْبِ، وَمَا تَقَرَّبَ إِلَيَّ عَبْدِي بِشَيْءٍ أَحَبَّ إِلَيَّ مِمَّا افْتَرَضْتُ عَلَيْهِ، وَمَا يَزَالُ عَبْدِي يَتَقَرَّبُ إِلَيَّ بِالنَّوَافِلِ حَتَّى أُحِبَّهُ، فَإِذَا أَحْبَبْتُهُ كُنْتُ سَمْعَهُ الَّذِي يَسْمَعُ بِهِ، وَبَصَرَهُ الَّذِي يُبْصِرُ بِهِ، وَيَدَهُ الَّتِي يَبْطِشُ بِهَا، وَرِجْلَهُ الَّتِي يَمْشِي بِهَا، وَإِنْ سَأَلَنِي لَأُعْطِيَنَّهُ، وَلَئِنِ اسْتَعَاذَنِي لَأُعِيذَنَّهُ، وَمَا تَرَدَّدْتُ عَنْ شَيْءٍ أَنَا فَاعِلُهُ تَرَدُّدِي عَنْ نَفْسِ الْمُؤْمِنِ؛ يَكْرَهُ الْمَوْتَ وَأَنَا أَكْرَهُ مَسَاءَتَهُ.,އަބޫ ހުރައިރާ ރިވާ ކުރެއްވިއެވެ: (ގުދުސީ ޙަދީޘެއްގައި) ރަސޫލު ﷲ ﷺ ޙަދީޘް ކުރެއްވިއެވެ: ”ހަމަކަށަވަރުން ﷲ ތަޢާލާ ވަހީ ކުރެއްވިއެވެ: ތިމަން އިލާހުގެ ވަލީވެރިއަކާ (އެބަހީ: ތިމަން އިލާހުގެ ގާތްކަން ހާސިލުކޮށްފައިވާ ތަގުވާވެރި އަޅަކާ) އަދާވާތްތެރި ވެއްޖެ މީހާ (ދަންނާށެވެ!) ފަހެ، ތިމަން އިލާހު އޭނާއާ ދެކޮޅަށް ހަނގުރާމަ އިޢުލާން ކުރައްވައިފިމުކަން ކަށަވަރެވެ. އަދި ތިމަން އިލާހުގެ އަޅާގެ މައްޗަށް ފަރުޟު ކުރެއްވި ކަންތައްތައް އަދާ ކުރުމަށް ވުރެ، ތިމަން އިލާހުގެ ހަޒްރަތުގައި ލޮބުވެތިކަން ބޮޑު ކަމަކުން އެ އަޅާ ތިމަން އިލާހާ ކުއްތަން ނުވެއެވެ. އަދި ތިމަން އިލާހުގެ އަޅާ ދެކެ ލޯބިވެ ވޮޑިގެންފުމަށް ދާންދެން، އެ އަޅާ ސުންނަތް އަޅުކަންތައް އަދާކޮށް ތިމަން އިލާހަށް ކުއްތަންވުން މަތީ ދެމިހުރެއެވެ. އަދި އެ އަޅާ ދެކެ ތިމަން އިލާހު ލޯބިވެ ވޮޑިގެންފި ނަމަ، އެ އަޅާގެ އަޑު އަހައި އުޅޭ އިވުން ކަމުގައި، އަދި ބަލާ އުޅޭ ބެލުން ކަމުގައި، އަދި ހިފާ އުޅޭ އަތް ކަމުގައި، އަދި ހިނގައި އުޅޭ ފައި ކަމުގައި ތިމަން އިލާހު ވެވޮޑިގަންނަވާނަމެވެ. (އެބަހީ: ﷲ، އެ އަޅާގެ އަމަލުތައް އިޞްލާހުކޮށް ސީދާ ކުރައްވާނެއެވެ. އަދި އެ ގުނަވަންތަކުން އޭނާ ކޮށްއުޅޭނީ މުޅިން ވެސް ﷲ ރުހިވޮޑިގަންނަވާ އަމަލުތަކެވެ.) އަދި އެ އަޅާ ކަމަކަށް އެދި ތިމަން އިލާހަށް ދަންނަވައިފި ނަމަ، ތިމަން އިލާހު އެ ކަމެއް އެ އަޅާއަށް ދެއްވާނެކަށް ކަށަވަރެވެ. އަދި އެ އަޅާ ރައްކާތެރިކޮށް ދެއްވުމަށް އެދި ތިމަން އިލާހަށް ދަންނަވައިފި ނަމަ، ތިމަން އިލާހު އެ އަޅާއަށް ރައްކާތެރިކަން ދެއްވާނެކަށް ކަށަވަރެވެ. އަދި މުއުމިނާގެ ފުރާނަ ހިއްޕެވުމުގައި ތިމަން އިލާހު ފަސްޖެހިވޮޑިގަންނަވާ ވަރަށް، އެހެން އެއްވެސް ކަމެއް ކުރެެއްވުމުގައި ތިމަން އިލާހު ފަސްޖެހިވޮޑި ނުގަންނަވަމެވެ. އެހެނީ، އެ އަޅާ މަރުވުމަށް ނުރުއްސަވައެވެ. އަދި އެ އަޅާއަށް އުނދަގުލާއި ހިތާމަ ލިބިގެންދާ ކަމެއް ކުރެއްވުމަށް ތިމަން އިލާހު ރުހިވޮޑިގެން ނުވަމުއެވެ.“,
صحيح البخاري,6502,""" إِنَّ اللَّهَ قَالَ: مَنْ عَادَى لِي وَلِيًّا فَقَدْ آذَنْتُهُ بِالحَرْبِ، وَمَا تَقَرَّبَ إِلَيَّ عَبْدِي بِشَيْءٍ أَحَبَّ إِلَيَّ مِمَّا افْتَرَضْتُ عَلَيْهِ، وَمَا يَزَالُ عَبْدِي يَتَقَرَّبُ إِلَيَّ بِالنَّوَافِلِ حَتَّى أُحِبَّهُ، فَإِذَا أَحْبَبْتُهُ: كُنْتُ سَمْعَهُ الَّذِي يَسْمَعُ بِهِ، وَبَصَرَهُ الَّذِي يُبْصِرُ بِهِ، وَيَدَهُ الَّتِي يَبْطِشُ بِهَا، وَرِجْلَهُ الَّتِي يَمْشِي بِهَا، وَإِنْ سَأَلَنِي لَأُعْطِيَنَّهُ""","""ހަމަކަށަވަރުން މާތް ﷲ ވަހީކުރެއްވިއެވެ. ތިމަން އިލާހުގެ ވަލިއްޔަކާމެދު ތިމަން އިލާހާ ޢަދާވާތްތެރިވެއްޖެނަމަ އެމީހަކާ ދެކޮޅަށް ތިމަން އިލާހު ހަނގުރާމަ އިޢުލާންކުރައްވާ ހުށީމެވެ. ތިމަން ﷲ އާ ކުއްތަންވުމަށް އަޅާ ކުރާކަންތައްތަކުގެ ތެރެއިން ތިމަން އިލާހުގެ ޙަޟުރަތުގައި އެންމެ ލޮބުވެތިކަން ބޮޑު ކަމަކީ އޭނާގެ މައްޗަށް ފަރުޟުކުރައްވާފައިވާ ކަންތައްތަކެވެ. އަދި ތިމަން ﷲގެ އަޅާ ނަފުލް އަޅުކަންތައް (ސުންނަތްތައް) ކުރަމުންދިޔަވަރަކުން އޭނާ ތިމަންﷲގެ ރުހިވޮޑިގަތުން ލިބިއްޖެއުމަށް ދާންދެން އޭނާ ތިމަންﷲއާ ކައިރިވަމުންދެއެވެ. ފަހެ ތިމަންﷲގެ ރުހިވޮޑިގަތުން އޭނާއަށް ލިބުމުން އޭނާގެ އަޑުއެހުމާއި، އޭނާގެ ބެލުމާއި އޭނާ އެއްޗެހިގައިހިފުމާއި އަދި އޭނާ ހިނގާ ހިނގުންވަނީ ތިމަންﷲ އާ އެކުގައެވެ. އަދި ތިމަން އިލާހުގެ ހަޒްރަތުން ކަމަކު އެދިއްޖެނަމަ އެކަމެއް ފުއްދަވައިދެއްވާ ހުށީމެވެ. އަދި ތިމަން އިލާހުގެ ހަޒްރަތުން ރައްކާތެރިކަމަށް އެދިއްޖެނަމަ، ތިމަން އިލާހު އެމީހަކަށް ރައްކާތެރިކަން ދެއްވާހުށީމެވެ.""",
صحيح البخاري,6535,حَدَّثَنِي الصَّلْتُ بْنُ مُحَمَّدٍ: حَدَّثَنَا يَزِيدُ بْنُ زُرَيْعٍ { وَنَزَعْنَا مَا فِي صُدُورِهِمْ مِنْ غِلٍّ } قَالَ: حَدَّثَنَا سَعِيدٌ، عَنْ قَتَادَةَ، عَنْ أَبِي الْمُتَوَكِّلِ النَّاجِيِّ: أَنَّ أَبَا سَعِيدٍ الْخُدْرِيَّ رَضِيَ اللهُ عَنْهُ قَالَ: قَالَ رَسُولُ اللهِ ﷺ: يَخْلُصُ الْمُؤْمِنُونَ مِنَ النَّارِ فَيُحْبَسُونَ عَلَى قَنْطَرَةٍ بَيْنَ الْجَنَّةِ وَالنَّارِ، فَيُقَصُّ لِبَعْضِهِمْ مِنْ بَعْضٍ مَظَالِمُ كَانَتْ بَيْنَهُمْ فِي الدُّنْيَا، حَتَّى إِذَا هُذِّبُوا وَنُقُّوا أُذِنَ لَهُمْ فِي دُخُولِ الْجَنَّةِ، فَوَالَّذِي نَفْسُ مُحَمَّدٍ بِيَدِهِ لَأَحَدُهُمْ أَهْدَى بِمَنْزِلِهِ فِي الْجَنَّةِ مِنْهُ بِمَنْزِلِهِ كَانَ فِي الدُّنْيَا.,އަބޫ ސައީދު އަލްޚުދްރީ رَضِيَ اللَّهُ عَنْهُ ރިވާ ކުރެއްވިއެވެ: ރަސޫލު ﷲ ﷺ ޙަދީޘް ކުރެއްވިއެވެ: ”މުއުމިނުން (ނަރަކަ މަތީގައިވާ ޞިރާތު މަގު ހުރަސްކޮށް) ނަރަކައިން ސަލާމަތް ވުމަށްފަހު، ސުވަރުގެއާއި ނަރަކައާ ދެމެދުގައިވާ ފާލަމެއް ކައިރިން ހުއްޓުވޭނެއެވެ. ދެން އެބައިމީހުންގެ މެދުގައި ހިނގި އަނިޔާތަކަށް އެކަކު އަނެކެއްގެ ކިބައިން ބަދަލުހިފާނެއެވެ. އަދި (ތާހިރުވެ) އެކަންތައް ފުރިހަމަކޮށް ޚަލާޞް ކުރުމަށްފަހު، ސުވަރުގެ ވަނުމަށް އެބައިމީހުންނަށް ހުއްދަ ދެވޭނެއެވެ. މުޙައްމަދު ﷺ ގެ ފުރާނަފުޅު އެ ފަރާތެއްގެ އަތްޕުޅުގައިވާ ފަރާތް ގަންދީ ބުނަމެވެ. ހަމަކަށަވަރުން ތިޔަބައިމީހުންގެ ތެރެއިން މީހަކު، ދުނިޔޭގައި އޭނާގެ ގެ ދަންނަވަރަށް ވުރެ ބޮޑަށް، ސުވަރުގޭގައި އެ މީހެއްގެ ގެ ދަންނަލެއް ބޮޑުވާނެއެވެ.“,b22
صحيح البخاري,6560,حَدَّثَنَا مُوسَى: حَدَّثَنَا وُهَيْبٌ: حَدَّثَنَا عَمْرُو بْنُ يَحْيَى، عَنْ أَبِيهِ، عَنْ أَبِي سَعِيدٍ الْخُدْرِيِّ رَضِيَ اللهُ عَنْهُ أَنَّ النَّبِيَّ ﷺ قَالَ: إِذَا دَخَلَ أَهْلُ الْجَنَّةِ الْجَنَّةَ وَأَهْلُ النَّارِ النَّارَ، يَقُولُ اللهُ: مَنْ كَانَ فِي قَلْبِهِ مِثْقَالُ حَبَّةٍ مِنْ خَرْدَلٍ مِنْ إِيمَانٍ فَأَخْرِجُوهُ، فَيَخْرُجُونَ قَدِ امْتَحَشُوا وَعَادُوا حُمَمًا، فَيُلْقَوْنَ فِي نَهَرِ الْحَيَاةِ، فَيَنْبُتُونَ كَمَا تَنْبُتُ الْحِبَّةُ فِي حَمِيلِ السَّيْلِ، أَوْ قَالَ: حَمِيَّةِ السَّيْلِ. وَقَالَ النَّبِيُّ ﷺ: أَلَمْ تَرَوْا أَنَّهَا تَنْبُتُ صَفْرَاءَ مُلْتَوِيَةً.,އަބޫ ސައީދު އަލްޚުދްރީ رَضِيَ اللَّهُ عَنْهُ ރިވާ ކުރެއްވިއެވެ: ނަބިއްޔާ ﷺ ޙަދީޘް ކުރެއްވިއެވެ: ”ސުވަރުގޭގެ އަހުލުވެރިން ސުވުރުގެ ވަނުމަށް ފަހު، އަދި ނަރަކައިގެ އަހުލުވެރިން ނަރަކައަށް ވަނުމަށް ފަހު، ﷲ ވަހީ ކުރައްވާނެއެވެ: އެ މީހެއްގެ ހިތުގައި ރެވިއޮށްޓަރެއްގެ ބަރުދަންހައި އީމާންކަން ހުރެއްޖެ މީހާ (ނަރަކައިން) ނެރޭށެވެ. ދެން އެބައިމީހުން އެ ތަނުން ނެރެވޭނެއެވެ. އެބައިމީހުން ވާނީ ކަޅުވެ އަނދާ ދެއްޔަށްވެފައެވެ. ދެން އެބައިމީހުން ހަޔާތުގެ ކޯރަށް އެއްލާލެވޭނެއެވެ. އަދި ކޯރެއްގައި އުފުލިގެން އަންނަ ތަކެތީގައި އޮށް ފަޅާ ނުކުމެ ހެދިބޮޑުވާ ފަދައިން އެބައިމީހުން ވެސް ފަޅާ ނުކުމެ ހެދިބޮޑުވާނެއެވެ. (އެ ގޮތަށް) އޮށުން (ގަސް ފަޅާ އިރު) ރީނދުވެ ލެނބިފާހުއްޓައި ނުކުންނަ ތަން ތިޔަބައިމިހުން ނުދެކެމުތޯއެވެ؟“,b22
صحيح البخاري,6565,حَدَّثَنَا مُسَدَّدٌ: حَدَّثَنَا أَبُو عَوَانَةَ، عَنْ قَتَادَةَ، عَنْ أَنَسٍ رَضِيَ اللهُ عَنْهُ قَالَ: قَالَ رَسُولُ اللهِ ﷺ: يَجْمَعُ اللهُ النَّاسَ يَوْمَ الْقِيَامَةِ فَيَقُولُونَ: لَوِ اسْتَشْفَعْنَا عَلَى رَبِّنَا حَتَّى يُرِيحَنَا مِنْ مَكَانِنَا، فَيَأْتُونَ آدَمَ فَيَقُولُونَ: أَنْتَ الَّذِي خَلَقَكَ اللهُ بِيَدِهِ، وَنَفَخَ فِيكَ مِنْ رُوحِهِ، وَأَمَرَ الْمَلَائِكَةَ فَسَجَدُوا لَكَ، فَاشْفَعْ لَنَا عِنْدَ رَبِّنَا، فَيَقُولُ: لَسْتُ هُنَاكُمْ، وَيَذْكُرُ خَطِيئَتَهُ وَيَقُولُ: ائْتُوا نُوحًا أَوَّلَ رَسُولٍ بَعَثَهُ اللهُ، فَيَأْتُونَهُ فَيَقُولُ: لَسْتُ هُنَاكُمْ، وَيَذْكُرُ خَطِيئَتَهُ، ائْتُوا إِبْرَاهِيمَ الَّذِي اتَّخَذَهُ اللهُ خَلِيلًا، فَيَأْتُونَهُ فَيَقُولُ: لَسْتُ هُنَاكُمْ، وَيَذْكُرُ خَطِيئَتَهُ، ائْتُوا مُوسَى الَّذِي كَلَّمَهُ اللهُ، فَيَأْتُونَهُ فَيَقُولُ: لَسْتُ هُنَاكُمْ، فَيَذْكُرُ خَطِيئَتَهُ، ائْتُوا عِيسَى فَيَأْتُونَهُ، فَيَقُولُ: لَسْتُ هُنَاكُمُ، ائْتُوا مُحَمَّدًا ﷺ فَقَدْ غُفِرَ لَهُ مَا تَقَدَّمَ مِنْ ذَنْبِهِ وَمَا تَأَخَّرَ، فَيَأْتُونِي فَأَسْتَأْذِنُ عَلَى رَبِّي، فَإِذَا رَأَيْتُهُ وَقَعْتُ سَاجِدًا، فَيَدَعُنِي مَا شَاءَ اللهُ، ثُمَّ يُقَالُ: ارْفَعْ رَأْسَكَ، سَلْ تُعْطَهْ، وَقُلْ يُسْمَعْ، وَاشْفَعْ تُشَفَّعْ، فَأَرْفَعُ رَأْسِي فَأَحْمَدُ رَبِّي بِتَحْمِيدٍ يُعَلِّمُنِي، ثُمَّ أَشْفَعُ فَيَحُدُّ لِي حَدًّا، ثُمَّ أُخْرِجُهُمْ مِنَ النَّارِ وَأُدْخِلُهُمُ الْجَنَّةَ، ثُمَّ أَعُودُ فَأَقَعُ سَاجِدًا مِثْلَهُ فِي الثَّالِثَةِ أَوِ الرَّابِعَةِ، حَتَّى مَا بَقِيَ فِي النَّارِ إِلَّا مَنْ حَبَسَهُ الْقُرْآنُ وَكَانَ قَتَادَةُ يَقُولُ: عِنْدَ هَذَا أَيْ وَجَبَ عَلَيْهِ الْخُلُودُ.,އަނަސް رَضِيَ اللَّهُ عَنْهُ ރިވާ ކުރެއްވިއެވެ: ރަސޫލު ﷲ ﷺ ޙަދީޘް ކުރެއްވިއެވެ: ”ގިޔާމަތް ދުވަހު ﷲ މީސްތަކުން އެއްކުރައްވާނެއެވެ. ދެން އެބައިމީހުން ދަންނަވާނެއެވެ: މި ތަނުން ސަލާމަތް ކުރެއްވުމަށް ތިމަންގެ ރައްބުގެ ހަޒްރަތުގައި ޝަފާޢަތްތެރިވުމަށް އެދި މީހަކު ގާތު ދަންނަވަމާތޯއެވެ. ދެން އާދަމުގެފާނު އަރިހަށް އައިސް ދަންނަވާނެއެވެ: ﷲ ތިބާ އުފެއްދެވީ އެ އިލާހުގެ އަތްޕުޅުންނެވެ. އަދި އެ އިލާހުގެ (ތިބާއަށް ޓަކައި އުފެއްދެވި) ފުރާނައެއް އެޅުއްވުމަށް ތިބާއަށް ފުމެލެއްވިއެވެ. އަދި އެ އިލާހު އަމުރުފުޅު ކުރެއްވުމުން މަލާއިކަތުން ތިބާއަށް ސަޖިދަ ކުރިއެވެ. ވީމާ ތިމަންމެންގެ ރައްބުގެ ހަޒްރަތުގައި ތިމަންމެންނަށް ޝަފާޢަތްތެރިވާށެވެ. ދެން އާދަމުގެފާނު ދަންނަވާނެއެވެ: ތިމަން ކަލޭގެފާނީ ތިކަމަށް އެކަށީގެންވާ ބޭކަލެއް ނޫނެކީމެވެ. އަދި އެކަލޭގެފާނަށް ކުރެވުނު ކުށް ހަނދުމަ ކުރައްވާފައި ދަންނަވާނެއެވެ: ނޫޙުގެފާނު އަރިހަށް ދާށެވެ. އެކަލޭގެފާނީ ﷲ ފޮނުއްވި އެންމެ ފުރަތަމަ ރަސޫލާއެވެ. ދެން އެބައިމީހުން ނޫޙުގެފާނު އަރިހަށް ދިޔުމުން އެކަލޭގެފާނު ދަންނަވާނެއެވެ: ތިމަން ކަލޭގެފާނީ ތިކަމަށް އެކަށީގެންވާ ބޭކަލެއް ނޫނެކީމެވެ. އަދި އެކަލޭގެފާނަށް ކުރެވުނު ކުށް ހަނދުމަ ކުރައްވާފައި ދަންނަވާނެއެވެ: އިބްރާހީމްގެފާނު އަރިހަށް ދާށެވެ. ﷲ އެކަލޭގެފާނު ޚަލީލެއް ގޮތުގައި ނެންނެގިވެއެވެ. ދެން އެބައިމީހުން އިބްރާހީމްގެފާނު އަރިހަށް ދިޔުމުން އެކަލޭގެފާނު ދަންނަވާނެއެވެ: ތިމަން ކަލޭގެފާނީ ތިކަމަށް އެކަށީގެންވާ ބޭކަލެއް ނޫނެކީމެވެ. އަދި އެކަލޭގެފާނަށް ކުރެވުނު ކުށް ހަނދުމަ ކުރައްވާފައި ދަންނަވާނެއެވެ: މޫސާގެފާނު އަރިހަށް ދާށެވެ. ﷲ އެކަލޭގެފާނަށް (މެދުވެރިއެއް ނެތި) ބަސް ވަހީ ކުރައްވިއެވެ. ދެން އެބައިމީހުން މޫސާގެފާނު އަރިހަށް ދިޔުމުން އެކަލޭގެފާނު ދަންނަވާނެއެވެ: ތިމަން ކަލޭގެފާނީ ތިކަމަށް އެކަށީގެންވާ ބޭކަލެއް ނޫނެކީމެވެ. އަދި އެކަލޭގެފާނަށް ކުރެވުނު ކުށް ހަނދުމަ ކުރައްވާފައި ދަންނަވާނެއެވެ: ޢީސާގެފާނު އަރިހަށް ދާށެވެ. ދެން އެބައިމީހުން ޢީސާގެފާނު އަރިހަށް ދިޔުމުން އެކަލޭގެފާނު ދަންނަވާނެއެވެ: ތިމަން ކަލޭގެފާނީ ތިކަމަށް އެކަށީގެންވާ ބޭކަލެއް ނޫނެކީމެވެ. މުޙައްމަދު ﷺ އަރިހަށް ދާށެވެ. ހަމަކަށަވަރުން އެކަލޭގެފާނުގެ އިސްވެދިޔަ ފާފަތަކާއި، ފަހުން އަންނާނެ ފާފަތައް ވަނީ ފުއްސެވިފައެވެ. ދެން އެބައިމީހުން ތިމަން ނަބިއްޔާގެ އަރިހަށް އަންނާނެއެވެ. އަދި ތިމަން ނަބިއްޔާގެ ރައްބުގެ ހަޒްރަތުގައި ހުއްދައަށް އެދޭނަމެވެ. އަދި ތިމަން ނަބިއްޔާގެ ރައްބު ފެނިވަޑައިގަތުމުން ސަޖިދައަށް ވެއްޓިވަޑައިގަންނަވާނަމެވެ. އަދި ﷲ އިރާދަފުޅު ކުރެއްވިހައި ހިނދަކު ތިމަން ނަބިއްޔާ އެ ގޮތް މަތީ ހުންނަވަން އެ އިލާހު ދޫކުރައްވާނެއެވެ. އެއަށްފަހު ވަހީ ކުރައްވާނެއެވެ: އިބަ ނަބިއްޔާގެ އިސްތަށިފުޅު އުފުއްލަވާށެވެ. އަދި އެދިލައްވާށެވެ. އިބަ ނަބިއްޔާއަށް އެ ކަމެއް ދެވޭނެއެވެ. އަދި ވިދާޅުވާށެވެ. އިބަ ނަބިއްޔާގެ ބަސްފުޅު އެހޭނެއެވެ. އަދި ޝަފާޢަތްތެރިވާށެވެ. އިބަ ނަބިއްޔާގެ ޝަފާޢަތް ގަބޫލު ކުރެއްވޭނެއެވެ. ދެން ތިމަން ނަބިއްޔާގެ އިސްތަށިފުޅު އުފުއްލަވާނަމެވެ. އަދި އެ އިލާހު އުނގަންނަވައި ދެއްވައި ޙަމްދަކުން ތިމަން ނަބިއްޔާގެ ރައްބަށް ޙަމްދު ކުރައްވާނަމެވެ. އެއަށްފަހު ތިމަން ނަބިއްޔާ ޝަފާޢަތްތެރިވެ، އެ އިލާހު (ވަކިވަރަކަށް) ތިމަން ނަބިއްޔާއަށް ހައްދެއް ކަނޑައަޅުއްވާނެއެވެ. އަދި ތިމަން ނަބިއްޔާ އެ ބަޔަކު ނަރަކައިން ނެރުއްވާ ސުވަރުގެއަށް ވައްދަވާނަމެވެ. އެއަށްފަހު ކުރިން ހިނގައި ދިޔަ ގޮތަށް ތިންހަތަރު ފަހަރު އެނބުރި ވަޑައިގެން އަނެއްކާވެސް ސަޖިދައަށް ވެއްޓިވަޑައިގަންނަވާނަމެވެ. ދެން އެންމެ ފަހުން ގުރްއާން ބަންދު ކުރި ބަޔަކު ފިޔަވައި ބާކީ އެކަކުވެސް ނުވާނެއެވެ. އަދި މި ހިސާބުން ގަތާދާ ދެންނެވިއެވެ: އެބަހީ ނަރަކައިގައި އަބަދުމެ ދެމިތިބުން ވާޖިބު (ކަމަށް އެ ފޮތުގައި ޚަބަދު ދެވިފައިވާ ބަޔަކު ފިޔަވައެވެ.),b44
صحيح البخاري,6576,وَحَدَّثَنِي عَمْرُو بْنُ عَلِيٍّ: حَدَّثَنَا مُحَمَّدُ بْنُ جَعْفَرٍ: حَدَّثَنَا شُعْبَةُ ، عَنِ الْمُغِيرَةِ قَالَ: سَمِعْتُ أَبَا وَائِلٍ ، عَنْ عَبْدِ اللهِ رَضِيَ اللهُ عَنْهُ عَنِ النَّبِيِّ صَلَّى اللهُ عَلَيْهِ وَسَلَّمَ قَالَ: أَنَا فَرَطُكُمْ عَلَى الْحَوْضِ ، وَلَيُرْفَعَنَّ رِجَالٌ مِنْكُمْ ، ثُمَّ لَيُخْتَلَجُنَّ دُونِي ، فَأَقُولُ: يَا رَبِّ أَصْحَابِي ، فَيُقَالُ: إِنَّكَ لَا تَدْرِي مَا أَحْدَثُوا بَعْدَكَ تَابَعَهُ عَاصِمٌ عَنْ أَبِي وَائِلٍ ، وَقَالَ حُصَيْنٌ عَنْ أَبِي وَائِلٍ ، عَنْ حُذَيْفَةَ ، عَنِ النَّبِيِّ صَلَّى اللهُ عَلَيْهِ وَسَلَّمَ .,"ޢަބްދު ﷲ އިބްނު މަސްޢޫދު ވިދާޅުވިއެވެ . * ﷲ ގެ ރަސޫލާ ( 2 ) ޙަދީޘްފުޅު ކުރެއްވިއެވެ: ތިމަންކަލޭގެފާނީ ތިޔަބައި މީހުންގެ ތެރެއިން އެންމެފުރަތަމަ ޙައުޟު ކުއިރީއަށްދާ ބޭކަލެވެ. ބައެއްމީހުން އޭގެ ކައިރިއަށް ދިޔުން މަނާކުރެވޭނެތެވެ. އެހެންކަމުން ތިމަންކަލޭގެފާނު ދަންނަވާނެއެވެ. "" އޭރައްބެވެ. (އެމީހުންނީ) ތިމަންކަލޭގެފާނަށް ތަބަޢަވީ ބައެކެވެ."" ދެން ދެންނެވޭނެވެ. ""ކަލޭގެފާނަށް ފަހު އެބައިމީހުން އަލަށް (ދީނުގެ ތެރެއަށް) އުފެއްދި ކަންތައްތައް ކަލޭގެފާނަށް އެނގިވަޑައި ނުގަންނަވަތެވެ.]",
صحيح البخاري,6582,لَيَرِدَنَّ عَلَيَّ ناسٌ مِن أصْحابِي الحَوْضَ، حتَّى عَرَفْتُهُمُ، اخْتُلِجُوا دُونِي، فأقُولُ: أصْحابِي! فيَقولُ: لا تَدْرِي ما أحْدَثُوا بَعْدَكَ.,އަނަސްގެފާނުގެ އަރިހުން ކިރިތި ރަސޫގެ ހަދީޘްފުޅުކުރައްވާފައިވެއެވެ. “ހަމަޔަގީނުންވެސް ތިމަންކަލޭގެފާނުންގެ އުއްމަތުގެ ބަޔަކު ހަވްޟަށް އަންނަ ހުއްޓެއެވެ. ދެން އެއީ ކޮންބައެއްކަން ތިމަންކަލޭގެފާނަށް އެނގިވަޑައިގަތުމުން އެމީހުން ޙަވްޟަށް އައުން މަނާކުރެވޭ ހުއްޓެއެވެ. އެހިނދު ތިމަންކަލޭގެފާނު ވިދާޅުވާހުށީމުއެވެ. އެއީ ތިމަންކަލޭގފަނުގެ އުއްމަތުގެ މީހުންނެވެ. އެހިނދު ދެންނެވޭނެއެވެ. ކަލޭގެފާނަށްފަހު އެމީހުން ދީނުގައި ބިދުޢަ އުފެއްދިކަމަށް ކަލޭގެފާނަށް އެނގިވަޑައިއެއް ނުގަންނަވައެވެ.”,
صحيح البخاري,6584,((فَأَقُولُ إِنَّهُمْ مِنِّي، فَيُقَالُ: إِنَّكَ لاَ تَدْرِي مَا أَحْدَثُوا بَعْدَكَ، فَأَقُولُ: سُحْقًا سُحْقًا لِمَنْ غَيَّرَ بَعْدِي)),ފަހެ އެބައިމީހުންވަނީ ތިމަންކަލޭގެފާނާ އެކުގައިކަމަށް ތިމަންކަލޭގެފާނު ޙަދީޘްކުރައްވާނަމެވެ.” ފަހެ ތިމަންކަލޭގެފާނަށް ދެންނެވޭނެއެވެ. ކަލޭގެފާނަށް ފަހު އެބައިމީހުން ގެނެސްގަތް ކަންތައްތައް ކަލޭގެފާނަށް އެނގިވަޑައިގެން ނުވެއެވެ. ފަހެ ތިމަންކަލޭގެފާނު ޙަދީޘްކުރައްވާނަމެވެ. “(ދީނުގައިވާ ކަންތައްތައް) ތިމަން ކަލޭގެފާނަށް ފަހު ބަދަލުކުރިމީހަކު ދަންނައެވެ. އެމީހަކަށްވަނީ ދުރުކުރެއްވުމެވެ. އެމީހަކަށްވަނީ ދުރުކުރެއްވުމެވެ.,
صحيح البخاري,6606,وإنَّ اللَّهَ لَيُؤَيِّدُ هذا الدِّينَ بالرَّجُلِ الفاجِرِ,ހަމަކަށަވަރުން ފާޖިރު މީހެއް މެދުވެރިކޮށް ވެސް، ﷲ މި ދީނަށް ނަސްރު ދެއްވައެވެ.,
صحيح البخاري,6607,إِنَّ الْعَبْدَ لَيَعْمَلُ عَمَلَ أَهْلِ النَّارِ، وَإِنَّهُ مِنْ أَهْلِ الْجَنَّةِ، وَيَعْمَلُ عَمَلَ أَهْلِ الْجَنَّةِ، وَإِنَّهُ مِنْ أَهْلِ النَّارِ، وَإِنَّمَا الأَعْمَالُ بِالْخَوَاتِيمِ,ހަމަކަށަވަރުން އަޅަކު، ނަރަކަވަންތަވެރިން ކުރާފަދަ ޢަމަލުތައް ކުރާ ހުއްޓެވެ. އެހެނެއްކަމަކު އޭނާއީ ސުވަރުގެވަންތަވެރިއެކެވެ. އަދި އަޅަކު، ސުވަރުގެވަންތަވެރިން ކުރާފަދަ ޢަމަލުތައް ކުރާހުއްޓެވެ. އެހެނެއްކަމަކު އޭނާއީ ނަރަކަވަންތަވެރިއެކެވެ. އަދި ހަމަކަށަވަރުން ޢަމަލުތަަކަށް (ޖަޒާދެވުން) އޮތީ އެ ޢަމަލުތަކުގެ ނިމުންވާގޮތަކަށެވެ.,
صحيح البخاري,6608,"""إِنَّهُ لَا يَأْتِي بِخَيْرٍ، وَإِنَّمَا يُسْتَخْرَجُ بِهِ مِنَ الْبَخِيلِ""","""ހަމަކަށަވަރުން ނަދުރު ހެވަކާއިގެން ނާދެއެވެ. އަދި ހަމަކަށަވަރުން ނަދުރަކީ ދަހި މީހުންގެ ކިބައިން ނެރެވޭ އެއްޗެކެވެ""",
صحيح البخاري,6628,"عَنِ ابْنِ عُمَرَ، قَالَ: كَانَتْ يَمِينُ النَّبِيِّ صَلَّى اللهُ عَلَيْهِ وَسَلَّمَ: « لاَ وَمُقَلِّبِ القُلُوبِ»""","""އިބްން ޢުމަރު ރިވާ ކުރެއްވިއެވެ. ރަސޫލާ ޞައްލަﷲ ޢަލައިހި ވަސައްލަމަ މިފަދައިން ވިދާޅުވެ ހުވާކުރައްވައެވެ. لاَ وَمُقَلِّبِ القُلُوبِ ""ނޫނެކެވެ. ހިތްތައްބަދަލުކުރައްވާ ރަސްކަލާނގެ ގަންދީ ހުވާކުރަމެވެ.""",
صحيح البخاري,6631,يَا أُمَّةَ مُحَمَّدٍ وَاللهِ لَوْ تَعْلَمُونَ مَا أَعْلَمُ لَبَكَيْتُمْ كَثِيرًا، وَلَضَحِكْتُمْ قَلِيلاً,އޭ މުޙައްމަދުގެފާނުގެ އުއްމަތެވެ! ﷲ ގަންދީ ބުނަމެވެ. ތިޔަބައިމީހުންނަށް ތިމަންކަލޭގެފާނަށް އެނގިލައްވާ ކަންތައްތައް އެނގޭނަމަ، ތިޔަބައިމީހުން ރުއިން ގިނަކުރީހެވެ. އަދި ހުނުން މަދުކުރީހެވެ.,
صحيح البخاري,6646,"""أَلاَ إِنَّ اللَّهَ يَنْهَاكُمْ أَنْ تَحْلِفُوا بِآبَائِكُمْ، مَنْ كَانَ حَالِفًا فَلْيَحْلِفْ بِاللَّهِ أَوْ لِيَصْمُتْ""","""ދަންނާށެވެ! ތިޔަބައިމީހުންގެ މައިންބަފައިން ގަންދީ ހުވާކުރުން ހަމަކަށަވަރުންވެސް ﷲ ނަހީކުރެއްވިއެވެ. އ",
صحيح البخاري,6652,حَدَّثَنَا مُعَلَّى بْنُ أَسَدٍ ، حَدَّثَنَا وُهَيْبٌ ، عَنْ أَيُّوبَ ، عَنْ أَبِي قِلَابَةَ ، عَنْ ثَابِتِ بْنِ الضَّحَّاكِ قَالَ: قَالَ النَّبِيُّ صَلَّى اللهُ عَلَيْهِ وَسَلَّمَ: مَنْ حَلَفَ بِغَيْرِ مِلَّةِ الْإِسْلَامِ فَهُوَ كَمَا قَالَ ، قَالَ: وَمَنْ قَتَلَ نَفْسَهُ بِشَيْءٍ عُذِّبَ بِهِ فِي نَارِ جَهَنَّمَ ، وَلَعْنُ الْمُؤْمِنِ كَقَتْلِهِ ، وَمَنْ رَمَى مُؤْمِنًا بِكُفْرٍ فَهُوَ كَقَتْلِهِ .,"ރަސޫލާ ﷺ ޙަދީޘްކުރައްވާފައިވެއެވެ. «مَنْ حَلَفَ بِغَيْرِ الله فَقَدْ أَشْرَكَ» މާނައީ: ""ﷲ ފިޔަވައި އެހެން ފަރާތެއް ގަންދީ ހުވާކޮށްފިމީހާ، ފަހެ ޝަރީކުކޮށްފިއެވެ. "" رواه أبو داود:3251 والترمذي: 1535",
صحيح البخاري,6675,""" الكَبَائِرُ: الإِشْرَاكُ بِاللَّهِ، وَعُقُوقُ الوَالِدَيْنِ، وَقَتْلُ النَّفْسِ، وَاليَمِينُ الغَمُوسُ ""","""ﷲއަށް ޝަރީކުކުރުމާއި، މައިންބަފައިންނަށް ނުކިޔަމަންތެރިވުމާއި، ޙައްގަކާއިނުލައި މީހުން މެރުމާއި އަދި ދޮގުހުވާކުރުމަކީ ބޮޑުފާފަތަކުގެ ތެރެއިން ހިމެނިގެންވާ ކަންތައްތަކެވެ.""",
صحيح البخاري,6689,حَدَّثَنَا قُتَيْبَةُ بْنُ سَعِيدٍ، حَدَّثَنَا عَبْدُ الْوَهَّابِ قَالَ: سَمِعْتُ يَحْيَى بْنَ سَعِيدٍ يَقُولُ: أَخْبَرَنِي مُحَمَّدُ بْنُ إِبْرَاهِيمَ: أَنَّهُ سَمِعَ عَلْقَمَةَ بْنَ وَقَّاصٍ اللَّيْثِيَّ يَقُولُ: سَمِعْتُ عُمَرَ بْنَ الْخَطَّابِ رَضِيَ اللهُ عَنْهُ يَقُولُ: سَمِعْتُ رَسُولَ اللهِ ﷺ يَقُولُ: إِنَّمَا الْأَعْمَالُ بِالنِّيَّةِ، وَإِنَّمَا لِامْرِئٍ مَا نَوَى، فَمَنْ كَانَتْ هِجْرَتُهُ إِلَى اللهِ وَرَسُولِهِ، فَهِجْرَتُهُ إِلَى اللهِ وَرَسُولِهِ، وَمَنْ كَانَتْ هِجْرَتُهُ إِلَى دُنْيَا يُصِيبُهَا، أَوِ امْرَأَةٍ يَتَزَوَّجُهَا، فَهِجْرَتُهُ إِلَى مَا هَاجَرَ إِلَيْهِ.,ޢުމަރު ބިން އަލްޚައްޠާބު رَضِيَ اللَّهُ عَنْهُ ރިވާ ކުރެއްވިއެވެ: ރަސޫލު ﷲ ﷺ ޙަދީޘް ކުރައްވަނިކޮށް ތިމަން އަޑު އެހީމެވެ: ”ނިޔަތުގެ މައްޗަށް މެނުވީ އަމަލުތައް ބިނާ ވެގެނެއް ނުވެއެވެ. އަދި މީހަކަށް ވަނީ، ހަމައެކަނި އެ މީހަކު ނިޔަތް ގަތް ކަމެކެވެ. ވީމާ، މީހަކު ހިޖުރަ ކުރީ ދުނިޔެ ހޯދުމަށް ނުވަތަ އަންހެނަކާ އިނުމަށް ކަމުގައި ވަނީ ނަމަ، ފަހެ އެ މީހެއްގެ ހިޖުރަ ވަނީ، އޭނާ އެ ހިޖުރަ ކުރި ކަމަކަށެވެ.“,b1
صحيح البخاري,6696,"""مَنْ نَذَرَ أَنْ يُطِيعَ اللَّهَ فَلْيُطِعْهُ، وَمَنْ نَذَرَ أَنْ يَعْصِيَهُ فَلاَ يَعْصِهِ""","""ﷲއަށް ކިޔަމަންތެރިވުމަށް ނަދުރުބުނި މީހާ އެކަލާނގެއަށް ކިޔަމަންތެރިވާށެވެ! އަދި ﷲއަށް އުރެދެން ނަދުރު ބުނިމީހާ ފަހެ، އެކަލާނގެއަށް ނުއުރެދޭށެވެ!""",
صحيح البخاري,6732,حَدَّثَنَا مُوسَى بْنُ إِسْمَاعِيلَ، حَدَّثَنَا وُهَيْبٌ، حَدَّثَنَا ابْنُ طَاوُسٍ، عَنْ أَبِيهِ، عَنِ ابْنِ عَبَّاسٍ رَضِيَ اللهُ عَنْهُمَا، عَنِ النَّبِيِّ ﷺ قَالَ: أَلْحِقُوا الْفَرَائِضَ بِأَهْلِهَا، فَمَا بَقِيَ فَهُوَ لِأَوْلَى رَجُلٍ ذَكَرٍ.,އިބްނު ޢައްބާސް رَضِيَ اللَّهُ عَنْهُمَا ރިވާ ކުރެއްވިއެވެ: ރަސޫލު ﷲ ﷺ ޙަދީޘް ކުރެއްވިއެވެ: ”ތަރިކަ މުދަލުން ފަރުޟު ކަނޑައެޅިފައިވާ ބައިތައް، އޭގެ ޙައްގުވެރިންނަށް ބަހާށެވެ. އެއަށްފަހު ބާކީ ހުރި އެއްޗެއް ލިބުން ވަނީ، ޢާއިލީ ގޮތުން (މައްޔިތާއާ) އެންމެ ގާތް ފިރިހެނަކަށެވެ.“,
صحيح البخاري,6735,أَلْحِقُوا الفَرَائِضَ بِأَهْلِهَا، فَمَا بَقِيَ فَهُوَ لِأَوْلَى رَجُلٍ ذَكَرٍ,"""ކަނޑައެޅިގެންވާ ބައިތައް އޭގެ އަހުލުވެރިންނަށް ރައްދުކުރާށެވެ! ދެންބާކީ ހުރިއެއްޗެއް މަރުވިމީހާގެ އެންމެ ގާތް ޢަޞަބާގެ ފިރިހެނާއަށް ދޭށެވެ!""",
صحيح البخاري,6764,«لَا يَرِثُ الْمُسْلِمُ الْكَافِرَ، وَلَا الْكَافِرُ الْمُسْلِمَ»,"""މުސްލިމަކު ކާފިރަކަށް ވާރުތަނުކުރާނެއެވެ. އަދި ކާފިރަކު މުސްލިމަކަށް ވާރުތަނުކުރާނެއެވެ.""",
صحيح البخاري,6780,حَدَّثَنَا يَحْيَى بْنُ بُكَيْرٍ ، حَدَّثَنِي اللَّيْثُ قَالَ: حَدَّثَنِي خَالِدُ بْنُ يَزِيدَ ، عَنْ سَعِيدِ بْنِ أَبِي هِلَالٍ ، عَنْ زَيْدِ بْنِ أَسْلَمَ ، عَنْ أَبِيهِ ، عَنْ عُمَرَ بْنِ الْخَطَّابِ: أَنَّ رَجُلًا عَلَى عَهْدِ النَّبِيِّ صَلَّى اللهُ عَلَيْهِ وَسَلَّمَ كَانَ اسْمُهُ عَبْدَ اللهِ ، وَكَانَ يُلَقَّبُ حِمَارًا ، وَكَانَ يُضْحِكُ رَسُولَ اللهِ صَلَّى اللهُ عَلَيْهِ وَسَلَّمَ ، وَكَانَ النَّبِيُّ صَلَّى اللهُ عَلَيْهِ وَسَلَّمَ قَدْ جَلَدَهُ فِي الشَّرَابِ ، فَأُتِيَ بِهِ يَوْمًا فَأَمَرَ بِهِ فَجُلِدَ ، فَقَالَ رَجُلٌ مِنَ الْقَوْمِ : اللَّهُمَّ الْعَنْهُ ، مَا أَكْثَرَ مَا يُؤْتَى بِهِ؟ فَقَالَ النَّبِيُّ صَلَّى اللهُ عَلَيْهِ وَسَلَّمَ: لَا تَلْعَنُوهُ فَوَاللهِ مَا عَلِمْتُ أَنَّهُ يُحِبُّ اللهَ وَرَسُولَهُ .,"ޢުމަރު ބްނުލް ޚައްޠާބު رضي الله عنه ގެ އަރިހުން ރިވާވެގެންވެއެވެ. (أَنَّ رَجُلًا عَلَى عَهْدِ النَّبِيِّ صَلَّى اللهُ عَلَيْهِ وَسَلَّمَ كَانَ اسْمُهُ عَبْدَ اللَّهِ، وَكَانَ يُلَقَّبُ حِمَارًا، وَكَانَ يُضْحِكُ رَسُولَ اللَّهِ صَلَّى اللهُ عَلَيْهِ وَسَلَّمَ، وَكَانَ النَّبِيُّ صَلَّى اللهُ عَلَيْهِ وَسَلَّمَ قَدْ جَلَدَهُ فِي الشَّرَابِ، فَأُتِيَ بِهِ يَوْمًا فَأَمَرَ بِهِ فَجُلِدَ، فَقَالَ رَجُلٌ مِنَ القَوْمِ: اللَّهُمَّ العَنْهُ، مَا أَكْثَرَ مَا يُؤْتَى بِهِ؟ فَقَالَ النَّبِيُّ صَلَّى اللهُ عَلَيْهِ وَسَلَّمَ: «لاَ تَلْعَنُوهُ، فَوَاللَّهِ مَا عَلِمْتُ إلا إِنَّهُ يُحِبُّ اللَّهَ وَرَسُولَهُ») މާނައީ: ""ނަބިއްޔާ ؛ ގެ ޒަމާނުގައި ޢަބްދު ﷲ އޭ ކިޔުނު މީހަކު އުޅުނެވެ. އަދި އޭނާއަށް ލަގަބަކަށް ޙިމާރު އޭ ކިޔެއެވެ. އަދި އޭނާ ﷲ ގެ ރަސޫލާ ؛ ހިނިވަރުނަކުރައްވާ ކަންތައް ކުރައްވައެވެ. އަދި ރާބުއިމުގެ ސަބަބުން ނަބިއްޔާ ؛ އޭނާގެ ގައިގައި ވަނީ ޙައްދު ޖައްސަވާފައިއެވެ. ދެން އެއްދުވަހަކު (އަނެއްކާ) އޭނާ (ރާބޮއެގެން) ގެނެވި، އޭނާގެ ގައިގައި ޙައްދު ޖެހުނެވެ. ދެން ގައުމުގެ މީހަކު ބުންޏެވެ: 'ﷲ އެވެ! އޭނާއަށް ލަޢުނަތް ލައްވާށިއެވެ! އެކަމުގައި އޭނާ ގެނެވޭ ފަހަރުގެ ގިނަކަމާއެވެ!' އެހިނދު ނަބިއްޔާ ؛ ޙަދީޘްކުރެއްވިއެވެ: 'ތިޔަބައިމީހުން އޭނާއަށް ލަޢުނަތް ނުދޭށެއެވެ! ފަހެ ﷲ ގަންދީ ބުނަމެވެ! އޭނާ ﷲ އާއި އެކަލާނގެ ރަސޫލާ ދެކެ ލޯބިވާކަން މެނުވީ ތިމަންކަލޭގެފާނު އޭނާގެ ކިބައިން ދެނެވަޑައިގެން ނުވަމެވެ.""",
صحيح البخاري,6784,حَدَّثَنَا مُحَمَّدُ بْنُ يُوسُفَ، حَدَّثَنَا ابْنُ عُيَيْنَةَ، عَنِ الزُّهْرِيِّ، عَنْ أَبِي إِدْرِيسَ الْخَوْلَانِيِّ، عَنْ عُبَادَةَ بْنِ الصَّامِتِ رَضِيَ اللهُ عَنْهُ قَالَ: كُنَّا عِنْدَ النَّبِيِّ ﷺ فِي مَجْلِسٍ فَقَالَ: بَايِعُونِي عَلَى أَنْ لَا تُشْرِكُوا بِاللهِ شَيْئًا، وَلَا تَسْرِقُوا، وَلَا تَزْنُوا وَقَرَأَ هَذِهِ الْآيَةَ كُلَّهَا فَمَنْ وَفَّى مِنْكُمْ فَأَجْرُهُ عَلَى اللهِ، وَمَنْ أَصَابَ مِنْ ذَلِكَ شَيْئًا فَعُوقِبَ بِهِ فَهُوَ كَفَّارَتُهُ، وَمَنْ أَصَابَ مِنْ ذَلِكَ شَيْئًا فَسَتَرَهُ اللهُ عَلَيْهِ، إِنْ شَاءَ غَفَرَ لَهُ، وَإِنْ شَاءَ عَذَّبَهُ.,ޢުބާދާ ބިން ޞާމިތު رَضِيَ اللَّهُ عَنْهُ ރިވާ ކުރެއްވިއެވެ: ނަބިއްޔާ ﷺ އަރިހު މަޖިލީހެއްގައި ތިމަންމެން ވަނިކޮށް ޙަދީޘް ކުރެއްވިއެވެ: ”ތިޔަބައިމީހުން ﷲ އަށް އަޅުކަމުގައި އެއްވެސް ފަރާތެއް ބައިވެރި ނުކުރާނެކަމަށާއި، ވައްކަން ނުކުރާނެކަމަށާއި، ޒިނޭ ނުކުރާނެކަމަށް، ތިޔަބައިމީހުން ތިމަން ނަބިއްޔާއަށް ބައިޢަތު ހިފާށެވެ.“ ދެން ބައިޢަތުގެ މި އާޔަތް (އެބަހީ: މުމްތަޙިނާ ސޫރަތުގެ ބާރަ ވަނަ އާޔަތް) އެއްކޮށް ކިޔަވައި ވިދާޅުވިއެވެ. އަދި ޙަދީޘް ކުރެއްވިއެވެ: ”(ބައިޢަތަށް) ވަފާތެރިވެއްޖެ މީހަކަށް އަޖުރު ދެއްވާނީ ﷲ އެވެ. އަދި އޭގެ ތެރެއިން ކަމަކަށް އަރައިގަނެވި، އޭގެ ސަބަބުން (ދުނިޔެ މަތީގައި) ޢުގޫބާތް ދެވިއްޖެ ނަމަ، ފަހެ އެ ވާނީ އެ މީހަކަށްވާ ކައްފާރައަކަށެވެ. އަދި އެއިން ކަމަކަށް އަރައިގަނެވި، ﷲ އޭނާއަށް އެކަން ފޮރުވައިދެއްވައިފި ނަމަ، ފަހެ އޭނާގެ ކަންތައް ވާނީ ﷲ އަށެވެ. (އެބަހީ: އެ އިލާހުގެ އިރާދަފުޅުގެ ދަށުންނެވެ.) އިރާދަ ކުރައްވައިފި ނަމަ އޭނާއަށް ޢަފޫކޮށްދެއްވާނެއެވެ. އަދި އިރާދަ ކުރައްވައިފި ނަމަ އޭނާއަށް އަޒާބު ދެއްވާނެއެވެ.“,b18
صحيح البخاري,6801,حَدَّثَنَا عَبْدُ اللهِ بْنُ مُحَمَّدٍ الْجُعْفِيُّ، حَدَّثَنَا هِشَامُ بْنُ يُوسُفَ، أَخْبَرَنَا مَعْمَرٌ، عَنِ الزُّهْرِيِّ، عَنْ أَبِي إِدْرِيسَ، عَنْ عُبَادَةَ بْنِ الصَّامِتِ رَضِيَ اللهُ عَنْهُ قَالَ: بَايَعْتُ رَسُولَ اللهِ ﷺ فِي رَهْطٍ، فَقَالَ: أُبَايِعُكُمْ عَلَى أَنْ لَا تُشْرِكُوا بِاللهِ شَيْئًا، وَلَا تَسْرِقُوا، وَلَا تَقْتُلُوا أَوْلَادَكُمْ، وَلَا تَأْتُوا بِبُهْتَانٍ تَفْتَرُونَهُ بَيْنَ أَيْدِيكُمْ وَأَرْجُلِكُمْ، وَلَا تَعْصُونِي فِي مَعْرُوفٍ، فَمَنْ وَفَّى مِنْكُمْ فَأَجْرُهُ عَلَى اللهِ، وَمَنْ أَصَابَ مِنْ ذَلِكَ شَيْئًا فَأُخِذَ بِهِ فِي الدُّنْيَا فَهُوَ كَفَّارَةٌ لَهُ وَطَهُورٌ، وَمَنْ سَتَرَهُ اللهُ، فَذَلِكَ إِلَى اللهِ: إِنْ شَاءَ عَذَّبَهُ وَإِنْ شَاءَ غَفَرَ لَهُ قَالَ أَبُو عَبْدِ اللهِ إِذَا تَابَ السَّارِقُ بَعْدَ مَا قُطِعَ يَدُهُ قُبِلَتْ شَهَادَتُهُ، وَكُلُّ مَحْدُودٍ كَذَلِكَ إِذَا تَابَ قُبِلَتْ شَهَادَتُهُ.,ޢުބާދާ ބިން ޞާމިތު رَضِيَ اللَّهُ عَنْهُ ރިވާ ކުރެއްވިއެވެ: (ބައިޢަތުލް ޢަގަބާގެ) ވަފުދުގައި ތިމަން ރަސޫލު ﷲ ﷺ އަށް ބައިޢަތު ހިފީމެވެ. ނަބިއްޔާ ޙަދީޘް ކުރެއްވިއެވެ: ”ތިޔަބައިމީހުން ﷲ އަށް އަޅުކަމުގައި އެއްވެސް ފަރާތެއް ބައިވެރި ނުކުރާނެކަމަށާއި، ވައްކަން ނުކުރާނެކަމަށާއި، ތިޔަބައިމީހުންގެ ދަރިން ނުމަރާނެކަމަށާއި، ތިޔަބައިމީހުން އަތުންފައިން ބުހުތާނު ދޮގު (މީހުންނަށް ނިސްބަތްކޮށް) ނަހަދާނެކަމަށާއި، އެއްވެސް ހެޔޮ ކަމެއްގައި ތިމަން ނަބިއްޔާއަށް އުރެދިނުގަންނާނެކަމަށް، ތިމަން ނަބިއްޔާ ތިޔަބައިމީހުންގެ ބައިޢަތު ނަގަމެވެ. ދެން (ބައިޢަތަށް) ވަފާތެރިވެއްޖެ މީހަކަށް އަޖުރު ދެއްވާނީ ﷲ އެވެ. އަދި އޭގެ ތެރެއިން ކަމަކަށް އަރައިގަނެވި، އޭގެ ސަބަބުން ދުނިޔެ މަތީގައި ޢުގޫބާތް ދެވިއްޖެ ނަމަ، ފަހެ އެ ވާނީ އެ މީހަކަށްވާ ކައްފާރައަކަށާއި ތާހިރުވެގަތުމަކަށެވެ. އަދި (އެއިން ކަމަކަށް އަރައިގަނެވި) ﷲ އޭނާއަށް އެކަން ފޮރުވައިދެއްވައިފި ނަމަ، ފަހެ އޭނާގެ ކަންތައް ވާނީ ﷲ އަށެވެ. (އެބަހީ: އެ އިލާހުގެ އިރާދަފުޅުގެ ދަށުންނެވެ.) އިރާދަ ކުރައްވައިފި ނަމަ އޭނާއަށް އަޒާބު ދެއްވާނެއެވެ. އަދި އިރާދަ ކުރައްވައިފި ނަމަ އޭނާއަށް ފާފަ ފުއްސަވައި ދެއްވާނެއެވެ.“ އަބޫ ޢަބްދު ﷲ (އިމާމު ބުޚާރީ) ވިދާޅުވިއެވެ: ވައްކަން ކުރި މީހާގެ އަތް ކެނޑުމަށް ފަހު އޭނާ ތައުބާވެއްޖެ ނަމަ، އޭނާގެ ހެކި ގަބޫލު ކުރެވޭނެއެވެ. އަދި ހަމައެފަދައިން ހައްދު ކަނޑައެޅިފައިވާ ކޮންމެ ކަމަކުން ތައުބާވުމުން އޭނާގެ ހެކި ގަބޫލު ކުރެވޭނެއެވެ.,b18
صحيح البخاري,6806,سبعة يظلهم الله في ظله يوم لا ظل إلا ظله ، إمام عادل وشاب نشأ في عبادة الله ، ورجل قلبه معلق بالمساجد ، ورجلان تحابا في الله اجتمعا عليه وتفرقا عليه ، ورجل دعته امرأة ذات منصب وجمال فقال إني أخاف الله . ورجل تصدق بصدقة فأخفاها حتى لا تعلم شماله ما تنفق يمينه ، ورجل ذكر الله خالياً ففاضت عيناه,ﷲގެ ޢަރުޝީގެ ހިޔާވަހިކަން މެނުވީ އެހެން ހިޔަލެއްނުވާ ދުވަހު ހަތްމީހަކަށް އެއިލާހުގެ ޢަރުޝިކޮޅުގެ ހިޔާދެއްވާ ހުއްޓެވެ. އެއީ ޢަދުލުވެރި ވެރިމީހާޔާއި، ﷲއަށް އަޅުކަން ކުރުމުގައި ދެމިހުންނަ ޒުވާނާއާއި، މިސްކިތާއި އެމީހެއްގެ ހިތްގުޅުވާފައިވާ މީހާއާއި، ﷲއަށްޓަކައި ލޯބިވެ އަދި ﷲއަށްޓަކައި ވަކިވާ ދެމީހުންނާއި އަދި ދަރަޖައާއި ރީތިކަންހުރި އަންހެނަކު އޭނާގެ ނަފުސު ހުއްދަނޫންގޮތުގައި ބޭނުންކުރުމަށް ދަޢުވަތު ދިނުމުން ﷲ ދެކި ބިރުވެތިވަމޭ ބުނަމުން އެކަމުން ދުރުވާ މީހާއާއި، ކަނާތުން ދޭ ޞަދަޤާތް ވާތަށްވެސް ނޭނގޭހާ ސިއްރުން ޞަދަޤާތްކުރާ މީހާޔާ އަދި އެކަނިހުރެ ﷲ ހަނދުމަކޮށް އެމީހެއްގެ ލޮލުން ކަރުނަ އޮހޮރުވާ މީހާއެވެ.,
صحيح البخاري,6807,«مَنْ تَوَكَّلَ لِي مَا بَيْنَ رِجْلَيْهِ وَمَا بَيْنَ لَحْيَيْهِ، تَوَكَّلْتُ لَهُ بِالْجَنَّةِ»,"""'އެމީހެއްގެ ފަރުޖާއި ދޫ (ނުބައި ފާހިޝް ކަންތައްތަކުން) ރައްކާތެރިކުރުމުގެ ގެރެންޓީ ތިމަންކަލޭގެފާނަށް ދީފިމީހަކަށް ސުވަރުގެ ހޯދައިދިނުމަށް ތިމަންކަލޭގެފާނު ޖާމިނުވަމެވެ. (ގެރެންޓީދެމެވެ.)'""",
صحيح البخاري,6810,حَدَّثَنَا آدَمُ، حَدَّثَنَا شُعْبَةُ، عَنِ الْأَعْمَشِ، عَنْ ذَكْوَانَ، عَنْ أَبِي هُرَيْرَةَ قَالَ: قَالَ النَّبِيُّ ﷺ: لَا يَزْنِي الزَّانِي حِينَ يَزْنِي وَهُوَ مُؤْمِنٌ، وَلَا يَسْرِقُ حِينَ يَسْرِقُ وَهُوَ مُؤْمِنٌ، وَلَا يَشْرَبُ حِينَ يَشْرَبُهَا وَهُوَ مُؤْمِنٌ، وَالتَّوْبَةُ مَعْرُوضَةٌ بَعْدُ.,އަބޫ ހުރައިރާ ރިވާ ކުރެއްވިއެވެ: ނަބިއްޔާ ﷺ ޙަދީޘް ކުރެއްވިއެވެ: ”ޒިނޭ ކުރާ މީހާ، ޒިނޭ ކުރާ ހިނދު މުއުމިނެއް ކަމުގައި ވެހުރެ އެކަމެއް ނުކުރާނެއެވެ. އަދި ވައްކަން ކުރާ މީހާ، ވައްކަން ކުރާ ހިނދު މުއުމިނެއް ކަމުގައި ވެހުރެ އެކަމެއް ނުކުރާނެއެވެ. އަދި ރާ ބޯ މީހާ، ރާ ބޯ ހިނދު ކުރާ ހިނދު މުއުމިނެއް ކަމުގައި ވެހުރެ އެކަމެއް ނުބޯނެއެވެ. އަދި ތައުބާވުމުގެ ފުރުސަތު ވަނީ އެއަށްފަހު ހުޅުވާލެވިފައެވެ.“,
صحيح البخاري,6815,حَدَّثَنَا يَحْيَى بْنُ بُكَيْرٍ ، حَدَّثَنَا اللَّيْثُ ، عَنْ عُقَيْلٍ ، عَنِ ابْنِ شِهَابٍ ، عَنْ أَبِي سَلَمَةَ وَسَعِيدِ بْنِ الْمُسَيِّبِ ، عَنْ أَبِي هُرَيْرَةَ رَضِيَ اللهُ عَنْهُ قَالَ: أَتَى رَجُلٌ رَسُولَ اللهِ صَلَّى اللهُ عَلَيْهِ وَسَلَّمَ وَهُوَ فِي الْمَسْجِدِ ، فَنَادَاهُ فَقَالَ: يَا رَسُولَ اللهِ ، إِنِّي زَنَيْتُ ، فَأَعْرَضَ عَنْهُ حَتَّى رَدَّدَ عَلَيْهِ أَرْبَعَ مَرَّاتٍ ، فَلَمَّا شَهِدَ عَلَى نَفْسِهِ أَرْبَعَ شَهَادَاتٍ ، دَعَاهُ النَّبِيُّ صَلَّى اللهُ عَلَيْهِ وَسَلَّمَ فَقَالَ: أَبِكَ جُنُونٌ ؟ ، قَالَ: لَا ، قَالَ: فَهَلْ أَحْصَنْتَ؟ ، قَالَ: نَعَمْ ، فَقَالَ النَّبِيُّ صَلَّى اللهُ عَلَيْهِ وَسَلَّمَ: اذْهَبُوا بِهِ فَارْجُمُوهُ,"ކީރިތި ރަސޫލާގެ ޙަޔާތްޕުޅުގައި ހިނގާފައިވާ މި ޙާދިޘާއިން މިކަމަށް ދަލީލު ލިބެއެވެ. ماعز بن مالك ޒިނޭކުރި ކަމަށް އިޢުތިރާފް ވުމުން ރަޖަމްކުރެއްވި އެވެ. عَنْ أَبِي هُرَيْرَةَ، قَالَ: }أَتَى رَجُلٌ مِنَ الْمُسْلِمِينَ رَسُولَ اللهِ صَلَّى اللهُ عَلَيْهِ وَسَلَّمَ، وَهُوَ فِي الْمَسْجِدِ فَنَادَاهُ فَقَالَ: يَا رَسُولَ اللهِ، إِنِّي زَنَيْتُ فَأَعْرَضَ عَنْهُ فَتَنَحَّى تِلْقَاءَ وَجْهِهِ فَقَالَ: يَا رَسُولَ اللهِ، إِنِّي زَنَيْتُ فَأَعْرَضَ عَنْهُ حَتَّى ثَنَّى ذَلِكَ عَلَيْهِ أَرْبَعَ مَرَّاتٍ، فَلَمَّا شَهِدَ عَلَى نَفْسِهِ أَرْبَعَ شَهَادَاتٍ دَعَاهُ فَقَالَ: «أَبِكَ جُنُونٌ؟» قَالَ: لَا قَالَ: «فَهَلْ أُحْصِنْتَ؟» قَالَ: نَعَمْ فَقَالَ رَسُولُ اللهِ صَلَّى اللهُ عَلَيْهِ وَسَلَّمَ: «اذْهَبُوا بِهِ فَارْجُمُوهُ» متفق عليهމާނައީ: أبو هريرةرضي الله عنه ގެ އަރިއަހުން ރިވާވެގެން ވެއެވެ. އެކަލޭގެފާނު ވިދާޅުވިއެވެ. ""ސަލާމާއި، ޞަލާވާތް ލެއްވި ރަސޫލާ މިސްކިތުގައި އިންނަވަނިކޮށް މުސްލިމުންގެ ތެރެއިން ފިރިހެނަކު އައިސް އެކަލޭގެފާނަށް ގޮވައިލައިފައި ދެންނެވިއެވެ. އޭ ރަސޫލުاللهގެ ފާނެވެ! ހަމަކަށަވަރުން އަޅުގަނޑު ޒިނޭ ކޮށްފީމެވެ. ދެން ފަހެ އިތުރު އެކަލޭގެފާނު މޫނުފުޅު އަނެއް ފަރާތަށް އަނބުރައިލެއްވިއެވެ. އެމީހަކު އެފަރާތަށް ގޮސް ހަމަ އެގޮތަށް ދެންނެވިއެވެ. އެމީހާ އެގޮތަށް 4 ފަހަރު ދެންނެވުމުން، އިތުރު އެކަލޭގެފާނު ޙަދީޘްކުރެއްވި އެވެ. ""ތިބާގެ ކިބައިގައި މޮޔަކަމެއް ވޭހެއްޔެވެ؟"" އޭނާ ދެންނެވިއެވެ. ނޫނެކެވެ. އެކަލޭގެފާނު ޙަދީޘް ކުރެއްވިއެވެ. ""ތިބާއީ މުޙްޞަނެއް ހެއްޔެވެ؟"" އޭނާ ދެންނެވި އެވެ. އާދޭހެވެ. ދެން ފަހެ ކީރިތި ރަސޫލާ އެކަލޭގެފާނުގެ އަޞްޙާބުންނަށް ޙަދީޘް ކުރެއްވިއެވެ. ""ތިޔަ ބޭކަލުން މި މީހާ ގޮވައިގެން ދާށެވެ! އަދި އޭނާ ރަޖަމް ކުރާށެވެ.""",
صحيح البخاري,6872,"حَدَّثَنَا عَمْرُو بْنُ زُرَارَةَ، حَدَّثَنَا هُشَيْمٌ، حَدَّثَنَا حُصَيْنٌ، حَدَّثَنَا أَبُو ظَبْيَانَ، قَالَ سَمِعْتُ أُسَامَةَ بْنَ زَيْدِ بْنِ حَارِثَةَ ـ رضى الله عنهما ـ يُحَدِّثُ قَالَ بَعَثَنَا رَسُولُ اللَّهِ ﷺ إِلَى الْحُرَقَةِ مِنْ جُهَيْنَةَ ـ قَالَ ـ فَصَبَّحْنَا الْقَوْمَ فَهَزَمْنَاهُمْ ـ قَالَ ـ وَلَحِقْتُ أَنَا وَرَجُلٌ مِنَ الأَنْصَارِ رَجُلاً مِنْهُمْ ـ قَالَ ـ فَلَمَّا غَشِينَاهُ قَالَ لاَ إِلَهَ إِلاَّ اللَّهُ ـ قَالَ ـ فَكَفَّ عَنْهُ الأَنْصَارِيُّ، فَطَعَنْتُهُ بِرُمْحِي حَتَّى قَتَلْتُهُ ـ قَالَ ـ فَلَمَّا قَدِمْنَا بَلَغَ ذَلِكَ النَّبِيَّ ﷺ قَالَ فَقَالَ لِي "" يَا أُسَامَةُ أَقَتَلْتَهُ بَعْدَ مَا قَالَ لاَ إِلَهَ إِلاَّ اللَّهُ "". قَالَ قُلْتُ يَا رَسُولَ اللَّهِ إِنَّمَا كَانَ مُتَعَوِّذًا. قَالَ "" أَقَتَلْتَهُ بَعْدَ أَنْ قَالَ لاَ إِلَهَ إِلاَّ اللَّهُ "". قَالَ فَمَا زَالَ يُكَرِّرُهَا عَلَىَّ حَتَّى تَمَنَّيْتُ أَنِّي لَمْ أَكُنْ أَسْلَمْتُ قَبْلَ ذَلِكَ الْيَوْمِ.",އެއްދުވަހެއްގައި އުސާމާ ބިން ޒައިދު ރަޟިޔަﷲޢަންހުއަށް ރަސޫލުﷲ ޞައްލަﷲ ޢަލައިހި ވަސައްލަމަ ލަޝްރަކަރާއިގެން ޖުހައިނާއަށް ވަޑައިގަތުމަށް އަމުރުކުރެއްވިއެވެ. ހަނގުރާމައިގައި ޢަދުއްވުން ބަލިކަށިވެ ފަސްޖެހި ދާންފެށުމުން ކާފަރުންގެ މިހަކާއި އުސާމާ ރަޟިޔަﷲޢަންހުއާއި ދިމާވިއެވެ. އެވަގުތު އެކަލޭގެފާނުގެ އަރިހުގައި އަންޞާރިއްޔަ ބޭކަލެއްވެސް ހުންނެވިއެވެ. އެކަލޭގެފާނު އޭނާ އާ ކުރިމަތިލެއްވުމުން އޭނާ ގަހެއްގެ ނިވަލަށް ވަދެ ފިލިއެވެ. އެހިނދު އޭގެ ދެބޭކަލުން ގަހުގެ ދެފަރާތުން އައިސް ދިމާކުރެއްވިއެވެ. އެވަގުތު އެމީހާ ގޮތްހުސްވެ ޝަހާދަތްކިޔައި އިސްލާމްވިއެވެ. އެހިނދު އަންޞާރިއްޔަ ބޭކަލާ ކަނޑިތިރިކުރައްވައިފިއެވެ. ނަމަވެސް އުސާމާ ރަޟިޔަﷲޢަންހު ކަނޑިން ޖައްސަވައި އޭނާގެ ބޯ ކަނދުރާއިން ވަކިކޮށްލެއްވިއެވެ. ދެން މިދެބޭކަލުންގެ ދެމެދުގައި ޚިޔާލުތަފާތުވެ މިކަމުގެ ހުކުމް ހޯއްދެވުމަށްޓަކައި ރަސޫލުﷲ ޞައްލަﷲ ޢަލައިހިވަސައްލަމަގެ އަރިހަށް ވަޑައިގެން ކަންތައް ހިނގައިދިޔަ ގޮތުގެ ވާހަކަ ދަންނަވައިފިއެވެ. ދެންފަހެ ރަސޫލުﷲ ޞައްލަﷲ ޢަލައިވަސައްލަމަ ހިއްޕުޅާހަމަޖެހިވަޑައިނުގެން ޙަދީޘްކުރެއްވިއެވެ. ” އޭނާ ޝަހާދަތްކިޔުމަށްފަހުވެސް ގަތުލުކޮށްލީތޯއެވެ؟ ކަލޭގެފާނު އެކަން ކުރެއްވުން ހުއްދަވެގެންވަނީ ކިހިނެއްތޯއެވެ؟” އުސާމާ ވިދާޅުއެވެ. “އޭނާ ޝަހާދަތުގެ ދެކަލިމަ ކީ ﷲ އީމާންވާކަށް ނޫނެވެ. އެހެން ނަމަވެސް އޭނާ އެ ކަލިމަކީ ކަނޑިޔަށް ބިރަށެވެ.” ދެން ރަސޫލުﷲ ޞައްލަﷲ ޢަލައިހިވަސައްލަމަ ޙަދީޘްކުރެއްވިއެވެ. “ކަލޭގެފާނު އޭނާގެ ހިތްފަޅައި ބެލީތޯއެވެ؟” އެހިނދު ދެރަފުޅުވެ ވަޑައިގެން ހިތާހިތާ ދެންނެވިއެވެ. ތިމަންކަލޭގެފާނުގެ އިސްލާމްވުން މިޙާދިޘާއަށް ފަހުގައި ވީނަމަ ކޮންފަދަހެއްޔެވެ.,
صحيح البخاري,6873,حَدَّثَنَا عَبْدُ اللهِ بْنُ يُوسُفَ، حَدَّثَنَا اللَّيْثُ، حَدَّثَنَا يَزِيدُ، عَنْ أَبِي الْخَيْرِ، عَنِ الصُّنَابِحِيِّ، عَنْ عُبَادَةَ بْنِ الصَّامِتِ رَضِيَ اللهُ عَنْهُ قَالَ: إِنِّي مِنَ النُّقَبَاءِ الَّذِينَ بَايَعُوا رَسُولَ اللهِ ﷺ، بَايَعْنَاهُ عَلَى أَنْ لَا نُشْرِكَ بِاللهِ شَيْئًا، وَلَا نَسْرِقَ، وَلَا نَزْنِيَ، وَلَا نَقْتُلَ النَّفْسَ الَّتِي حَرَّمَ اللهُ، وَلَا نَنْتَهِبَ، وَلَا نَعْصِيَ، بِالْجَنَّةِ إِنْ فَعَلْنَا ذَلِكَ، فَإِنْ غَشِينَا مِنْ ذَلِكَ شَيْئًا، كَانَ قَضَاءُ ذَلِكَ إِلَى اللهِ.,ޢުބާދާ ބިން ޞާމިތު رَضِيَ اللَّهُ عَنْهُ ރިވާ ކުރެއްވިއެވެ: ހަމަކަށަވަރުން ތިމަންނައީ (ބައިޢަތުލް ޢަގަބާގައި) ރަސޫލު ﷲ ﷺ އަށް ބައިޢަތު ހިފި ވަފުދުގެ ތެރެއިންވާ މީހަކީމުވެ. ތިމަންމެން ﷲ އަށް އަޅުކަމުގައި އެއްވެސް ފަރާތެއް ބައިވެރި ނުކުރާނެކަމަށާއި، ވައްކަން ނުކުރާނެކަމަށާއި، ޒިނޭ ނުކުރާނެކަމަށާއި، ﷲ ހުރުމަތްތެރި ކުރެއްވި ފުރާނައެއް (ޙައްގަކާއި ނުލައި) ނުމަރާނެކަމަށާއި، ނުފޭރޭނެކަމަށާއި، އުރެދިނުގަންނާނެކަމަށް ތިމަންމެން ނަބިއްޔާއަށް ބައިޢަތު ހިފީމެވެ. އަދި އެ ގޮތަށް ކަންކޮށްފި ނަމަ ތިމަންމެންނަށް ސުވަރުގެ ވާނެކަމަށާއި، އަދި އެއިން ކަމަކަށް އަރައިގެންނަ ނަމަ، އެކަމުގައި ނިޔާ ކުރެއްވުން ވާނީ ﷲ އަށެވެ. (އެބަހީ: އެ އިލާހުގެ އިރާދަފުޅުގެ ދަށުންނެވެ.),b18
صحيح البخاري,6875,حَدَّثَنَا عَبْدُ الرَّحْمَنِ بْنُ الْمُبَارَكِ، حَدَّثَنَا حَمَّادُ بْنُ زَيْدٍ، حَدَّثَنَا أَيُّوبُ وَيُونُسُ، عَنِ الْحَسَنِ، عَنِ الْأَحْنَفِ بْنِ قَيْسٍ قَالَ: ذَهَبْتُ لِأَنْصُرَ هَذَا الرَّجُلَ، فَلَقِيَنِي أَبُو بَكْرَةَ، فَقَالَ: أَيْنَ تُرِيدُ؟ قُلْتُ: أَنْصُرُ هَذَا الرَّجُلَ، قَالَ: ارْجِعْ، فَإِنِّي سَمِعْتُ رَسُولَ اللهِ ﷺ يَقُولُ: إِذَا الْتَقَى الْمُسْلِمَانِ بِسَيْفَيْهِمَا فَالْقَاتِلُ وَالْمَقْتُولُ فِي النَّارِ قُلْتُ: يَا رَسُولَ اللهِ، هَذَا الْقَاتِلُ، فَمَا بَالُ الْمَقْتُولِ؟ قَالَ: إِنَّهُ كَانَ حَرِيصًا عَلَى قَتْلِ صَاحِبِهِ.,އަލްއަޙްނަފު ބިން ގައިސް ރިވާ ކުރެއްވިއެވެ: މިވެނި މީހަކަށް (ޢަލީ ބިން އަބީ ޠާލިބަށް) ނަޞްރު ދިނުމަށް ތިމަން ނުކުތީމެވެ. ދެން އަބޫ ބަކްރާ ތިމަންނައާ ބައްދަލުވެގެން ދެންނެވިއެވެ: ދާން ބޭނުންވަނީ ކޮންތަނަކަށްތޯއެވެ؟ ތިމަން ދެންނެވީމެވެ: މިވެނި މީހަކަށް ނަޞްރު ދިނުމަށެވެ. އެކަލޭގެފާނު ދެންނެވިއެވެ: (ތިކަން ނުކޮށް) އެނބުރި ދާށެވެ. އެހެނީ ހަމަކަށަވަރުން ރަސޫލު ﷲ ﷺ ޙަދީޘް ކުރައްވަނިކޮށް ތިމަން އަޑު އެހީމެވެ: ”ކަނޑި ހިފައިގެން ދެ މުސްލިމަކު ބައްދަލުވެއްޖެ ނަމަ، ފަހެ މަރާ މީހާއާއި މަރާލެވުނު މީހާއާ ދެ މީހުންވެސް ވާނީ ނަރަކައިގައެވެ.“ ތިމަން ދެންނެވީމެވެ: އޭ ﷲގެ ރަސޫލާއެވެ. މިއީ މަރާލި މީހާ (ގެ ޖަޒާއެވެ.) ފަހެ މަރާލެވުނު މީހާއަށްވީ ކިހިނެއްތޯއެވެ؟ ނަބިއްޔާ ޙަދީޘް ކުރެއްވިއެވެ: ”އޭނާއާއެކު އުޅުނު މީހާ މަރާލަން އޭނާ ބޭނުންވިކަން ކަށަވަރެވެ.“,b31
صحيح البخاري,6878,حَدَّثَنَا عُمَرُ بْنُ حَفْصٍ، حَدَّثَنَا أَبِي، حَدَّثَنَا الْأَعْمَشُ، عَنْ عَبْدِ اللهِ بْنِ مُرَّةَ، عَنْ مَسْرُوقٍ، عَنْ عَبْدِ اللهِ قَالَ: قَالَ رَسُولُ اللهِ ﷺ: لَا يَحِلُّ دَمُ امْرِئٍ مُسْلِمٍ، يَشْهَدُ أَنْ لَا إِلَهَ إِلَّا اللهُ وَأَنِّي رَسُولُ اللهِ، إِلَّا بِإِحْدَى ثَلَاثٍ: النَّفْسُ بِالنَّفْسِ، وَالثَّيِّبُ الزَّانِي، وَالْمَارِقُ مِنَ الدِّينِ التَّارِكُ الْجَمَاعَةَ.,ޢބްދު ﷲ ބިން މަސްޢޫދު ރިވާ ކުރެއްވިއެވެ: ރަސޫލު ﷲ ﷺ ޙަދީޘް ކުރެއްވިއެވެ: ”ﷲ ފިޔަވައި އެހެން އެއްވެސް އިލާހަކު ނުވާކަމަށް ހެކިވާ، އަދި ތިމަން ނަބިއްޔާއީ އެ އިލާހުގެ ރަސޫލާކަމަށް ހެކިވާ މުސްލިމެއްގެ ލޭ، ތިން ކަމަކުން މެނުވީ ހުއްދަ ވެގެނެއް ނުވެއެވެ. އެއީ (ޙައްގަކާ ނުލައި ގަސްދުގައި މީހަކު މެރުމުން) ނަފްސަކަށް ނަފްސެއްގެ ބަދަލު ހިފުމާއި، ކާވެންޏަކަށް ފަހު ޒިނޭ ކުރުމާ، އަދި ދީން ދޫކޮށް (މުސްލިމުންގެ) ޖަމާއަތާ ވަކިވެގަތުމެވެ.“,
صحيح البخاري,6878,""" لَا يَحِلُّ دَمُ امْرِئٍ مُسْلِمٍ، يَشْهَدُ أَنْ لَا إِلَهَ إِلَّا اللهُ وَأَنِّي رَسُولُ اللهِ، إِلَّا بِإِحْدَى ثَلَاثٍ: الثَّيِّبُ الزَّانِي، وَالنَّفْسُ بِالنَّفْسِ، وَالتَّارِكُ لِدِينِهِ الْمُفَارِقُ لِلْجَمَاعَةِ ""","""ﷲ ފިޔަވައި ޙައްގުވެގެން އަޅުކަމެއްވެވޭ އިލާހަކު ނުވާކަމަށްހެކިވާ އަދި ތިމަންކަލޭގެފާނީ ﷲގެ ރަސޫލާކަމަށް ހެކިވާ މުސްލިމެއްގެ ލޭ އޮހޮރުވުން ތިންކަމަކުން މެނުވީ ހުއްދަވެގެންނުވެއެވެ. އެއީ ޙަލާލު ކައިވެންޏެއްގެ ތަޖްރިބާކުރުމަށްފަހު ޒިނޭކުރާމީހާ އެކަމުގެ ސަބަބުން މެރުމާއި، ޙައްގަކާއިނުލާ މީހަކުމެރުމުގެ ބަދަލުހިފުމުގެ ގޮތުން މެރުމާއި، އިސްލާމް ދީނުން މުރުތައްދުވެ، އިސްލާމީ ޖަމާއަތް ދޫކޮށް ދާމީހާ އެކަމުގެ ސަބަބުން މެރުމެވެ.""",
صحيح البخاري,6910,"""أَنَّ أَبَا هُرَيْرَةَ رَضِيَ اللَّهُ عَنْهُ، قَالَ: اقْتَتَلَتِ امْرَأَتَانِ مِنْ هُذَيْلٍ، فَرَمَتْ إِحْدَاهُمَا الأُخْرَى بِحَجَرٍ فَقَتَلَتْهَا وَمَا فِي بَطْنِهَا، فَاخْتَصَمُوا إِلَى النَّبِيِّ صَلَّى اللهُ عَلَيْهِ وَسَلَّمَ، «فَقَضَى أَنَّ دِيَةَ جَنِينِهَا غُرَّةٌ، عَبْدٌ أَوْ وَلِيدَةٌ، وَقَضَى أَنَّ دِيَةَ المَرْأَةِ عَلَى عَاقِلَتِهَا»""",""" އަބޫ ހުރައިރާ ރަޟިޔަﷲ ޢަންހު ރިވާ ކުރެއްވިއެވެ. އެކަލޭގެފާނު ވިދާޅުވިއެވެ. ""ޚުޛައިލުވަންހައިގެ ދެއަންހެނުންގެ ތަޅާފޮޅުމުގެ ތެރޭގައި އެއްއަންހެނަކު އެއްލި ހިލަގަނޑަކުންޖެހި އަނެއް އަންހެންމީހާއާއި އޭނާގެ ބަނޑުގައިވާ ދަރިފުޅު މަރުވިއެވެ. ދެން އެބައިމީހުން ނަބިއްޔާ ޞައްލަﷲ ޢަލައިހި ވަސައްލަމަ އަރިހަށް މައްސަލައިގެ ދަޢުވާ އުފުލިއެވެ."" ފަހެ (އެކަލޭގެފާނު) މަރުވި ދަރިފުޅުގެ މަރުގެ ދިޔައަށް ޢައިބުތަކުން ސަލާމަތްވެގެންވާ މުސްލިމު އަޅަކު ކަނޑައެޅުއްވިއެވެ. (އެއީ ފިރިހެން އަޅަކަށް އަންހެންއަޅަކަސް) އަދި އެންހެންމީހާގެ މަރުގެ ދިޔަ ވާޖިބުކުރީ ގާތިލު އަންހެން މީހާގެ (ޢާއިލާގެ) (އަޞްލާއި ފަރުޢު ފިޔަވައި) ދެންތިބި (ޢަޞަބާއިންގެ) ޢާގިލާއިންގެ މައްޗަށެވެ.""",
صحيح البخاري,6918,حَدَّثَنَا قُتَيْبَةُ بْنُ سَعِيدٍ، حَدَّثَنَا جَرِيرٌ، عَنِ الْأَعْمَشِ، عَنْ إِبْرَاهِيمَ، عَنْ عَلْقَمَةَ، عَنْ عَبْدِ اللهِ رَضِيَ اللهُ عَنْهُ قَالَ: لَمَّا نَزَلَتْ هَذِهِ الْآيَةُ { الَّذِينَ آمَنُوا وَلَمْ يَلْبِسُوا إِيمَانَهُمْ بِظُلْمٍ } شَقَّ ذَلِكَ عَلَى أَصْحَابِ النَّبِيِّ ﷺ، وَقَالُوا: أَيُّنَا لَمْ يَلْبِسْ إِيمَانَهُ بِظُلْمٍ؟ فَقَالَ رَسُولُ اللهِ ﷺ: إِنَّهُ لَيْسَ بِذَاكَ، أَلَا تَسْمَعُونَ إِلَى قَوْلِ لُقْمَانَ: { إِنَّ الشِّرْكَ لَظُلْمٌ عَظِيمٌ }.,ޢަބްދު ﷲ ބިން މަސްޢޫދު رَضِيَ اللَّهُ عَنْهُ ރިވާ ކުރެއްވިއެވެ: ❞އެބައިމީހުންނަކީ އީމާންވެ ތިބެ، އެބައިމީހުންގެ އީމާންކަމާއެކު އަނިޔާވެރިކަން އެއްނުކުރާ މީހުންނެވެ.❝ މި އާޔަތް ބާވައިލެއްވުމުން، ނަބިއްޔާ ﷺ ގެ ޞަޙާބީންނަށް އެކަން ވަރަށް ދަތި އުނދަގޫ ކަމަކަށްވިއެވެ. އަދި ދެންނެވިއެވެ: ތިމަންމެން އީމާންކަމާއެކު (ކުށްފާފަ ކުރުމުގެ) އަނިޔާވެރިކަން އެއްނުކުރަނީ ތިމަންމެންގެ ތެރެއިން ފަހެ ކާކުތޯއެވެ؟ ރަސޫލު ﷲ ﷺ ޙަދީޘް ކުރެއްވިއެވެ: ހަމަކަށަވަރުން އެކަން އޮތީ ތިގޮތަކަށް ނޫނެވެ. ލުގްމާނުގެފާނު ވިދާޅުވި ބަސްފުޅު އަޑުނާހަމުތޯއެވެ؟ ❞ހަމަކަށަވަރުން ޝިރްކަކީ ބޮޑުވެގެންވާ އަނިޔާވެރިކަމެކެވެ.❝,b32
صحيح البخاري,6937,حَدَّثَنَا إِسْحَاقُ بْنُ إِبْرَاهِيمَ، أَخْبَرَنَا وَكِيعٌ (ح) حَدَّثَنَا يَحْيَى، حَدَّثَنَا وَكِيعٌ، عَنِ الْأَعْمَشِ، عَنْ إِبْرَاهِيمَ، عَنْ عَلْقَمَةَ، عَنْ عَبْدِ اللهِ رَضِيَ اللهُ عَنْهُ قَالَ: لَمَّا نَزَلَتْ هَذِهِ الْآيَةُ { الَّذِينَ آمَنُوا وَلَمْ يَلْبِسُوا إِيمَانَهُمْ بِظُلْمٍ } شَقَّ ذَلِكَ عَلَى أَصْحَابِ النَّبِيِّ ﷺ، وَقَالُوا: أَيُّنَا لَمْ يَظْلِمْ نَفْسَهُ؟ فَقَالَ رَسُولُ اللهِ ﷺ: لَيْسَ كَمَا تَظُنُّونَ، إِنَّمَا هُوَ كَمَا قَالَ لُقْمَانُ لِابْنِهِ { يَا بُنَيَّ لا تُشْرِكْ بِاللهِ إِنَّ الشِّرْكَ لَظُلْمٌ عَظِيمٌ }.,ޢަބްދު ﷲ ބިން މަސްޢޫދު رَضِيَ اللَّهُ عَنْهُ ރިވާ ކުރެއްވިއެވެ: ❞އެބައިމީހުންނަކީ އީމާންވެ ތިބެ، އެބައިމީހުންގެ އީމާންކަމާއެކު އަނިޔާވެރިކަން އެއްނުކުރާ މީހުންނެވެ.❝ މި އާޔަތް ބާވައިލެއްވުމުން، ނަބިއްޔާ ﷺ ގެ ޞަޙާބީންނަށް އެކަން ވަރަށް ދަތި އުނދަގޫ ކަމަކަށްވިއެވެ. އަދި ދެންނެވިއެވެ: ތިމަންމެންގެ ތެރެއިން (ކުށްފާފަކޮށް) އަމިއްލަ ނަފްސަށް އަނިޔާވެރި ނުވަނީ ފަހެ ކާކުތޯއެވެ؟ ރަސޫލު ﷲ ﷺ ޙަދީޘް ކުރެއްވިއެވެ: އެކަން އޮތީ ތިޔަ ހީކުރާ ގޮތަކަށް ނޫނެވެ. އެހެނެއްކަމަކު އެކަން އޮތީ ހަމަ ލުގްމާނުގެފާނުގެ ދަރިކަލުންނަށް އެކަލޭގެފާނު ވިދާޅުވި ގޮތަށެވެ: ❞އޭ ދަރިފުޅާއެވެ. ﷲ އަށް ޝިރްކު ނުކުރާށެވެ. ހަމަކަށަވަރުން ޝިރްކަކީ ބޮޑުވެގެންވާ އަނިޔާވެރިކަމެކެވެ.❝,b32
صحيح البخاري,6941,حَدَّثَنَا مُحَمَّدُ بْنُ عَبْدِ اللهِ بْنِ حَوْشَبٍ الطَّائِفِيُّ، حَدَّثَنَا عَبْدُ الْوَهَّابِ، حَدَّثَنَا أَيُّوبُ، عَنْ أَبِي قِلَابَةَ، عَنْ أَنَسٍ رَضِيَ اللهُ عَنْهُ قَالَ: قَالَ رَسُولُ اللهِ ﷺ: ثَلَاثٌ مَنْ كُنَّ فِيهِ وَجَدَ حَلَاوَةَ الْإِيمَانِ: أَنْ يَكُونَ اللهُ وَرَسُولُهُ أَحَبَّ إِلَيْهِ مِمَّا سِوَاهُمَا، وَأَنْ يُحِبَّ الْمَرْءَ لَا يُحِبُّهُ إِلَّا لِلهِ، وَأَنْ يَكْرَهَ أَنْ يَعُودَ فِي الْكُفْرِ كَمَا يَكْرَهُ أَنْ يُقْذَفَ فِي النَّارِ.,އަނަސް رَضِيَ اللَّهُ عَنْهُ ރިވާ ކުރެއްވިއެވެ: ރަސޫލު ﷺ ޙަދީޘް ކުރެއްވިއެވެ: ”އެ މީހެއްގެ ކިބައިގައި ތިން (ސިފައެއް) ހުރެއްޖެ މީހަކަށް އީމާންކަމުގެ ފޮނިކަން (އެބަހީ: އުފާވެރިކަން) ލިބޭނެއެވެ. އެއީ އެހެން ހުރިހާ ކަމަކަށްވުރެ ބޮޑަށް ﷲ އާއި އެ އިލާހުގެ ރަސޫލާ ދެކެ ލޯބިވުމެވެ. އަދި އޭނާ މީހަކު ދެކެ ލޯބި ވާއިރު، ހަމައެކަނި ﷲ އަށްޓަކައި އެ މީހަކު ދެކެ ލޯބިވުމެވެ. އަދި އޭނާ އަލިފާންގަނޑަކަށް އެއްލައިލެވެން ނަފުރަތު ކުރާ ފަދައިން، ކުފުރަށް އެނބުރި ދިޔުމަށް އޭނާ ނަފުރަތު ކުރުމެވެ.“,b16
صحيح البخاري,6943,حَدَّثَنَا مُسَدَّدٌ ، حَدَّثَنَا يَحْيَى ، عَنْ إِسْمَاعِيلَ ، حَدَّثَنَا قَيْسٌ ، عَنْ خَبَّابِ بْنِ الْأَرَتِّ قَالَ: شَكَوْنَا إِلَى رَسُولِ اللهِ صَلَّى اللهُ عَلَيْهِ وَسَلَّمَ ، وَهُوَ مُتَوَسِّدٌ بُرْدَةً لَهُ فِي ظِلِّ الْكَعْبَةِ ، فَقُلْنَا: أَلَا تَسْتَنْصِرُ لَنَا ، أَلَا تَدْعُو لَنَا؟ فَقَالَ: قَدْ كَانَ مَنْ قَبْلَكُمْ ، يُؤْخَذُ الرَّجُلُ فَيُحْفَرُ لَهُ فِي الْأَرْضِ ، فَيُجْعَلُ فِيهَا ، فَيُجَاءُ بِالْمِنْشَارِ فَيُوضَعُ عَلَى رَأْسِهِ فَيُجْعَلُ نِصْفَيْنِ ، وَيُمْشَطُ بِأَمْشَاطِ الْحَدِيدِ مَا دُونَ لَحْمِهِ وَعَظْمِهِ ، فَمَا يَصُدُّهُ ذَلِكَ عَنْ دِينِهِ ، وَاللهِ لَيَتِمَّنَّ هَذَا الْأَمْرُ ، حَتَّى يَسِيرَ الرَّاكِبُ مِنْ صَنْعَاءَ إِلَى حَضْرَمَوْتَ ، لَا يَخَافُ إِلَّا اللهَ ، وَالذِّئْبَ عَلَى غَنَمِهِ ، وَلَكِنَّكُمْ تَسْتَعْجِلُونَ .,"عن أبي عبد الله خّباب بن الأرتّ قال: شكونا إلى رسول الله - ﷺ - وهو متوسِّد بردة له في ظلّ الكعبة، فقلنا: ألا تستنصر لنا؟ ألا تدعو لنا؟ فقال: ""قد كان من قبلكم يؤخذ الرجل، فيحفر له في الأرض، فيجعل فيها، فيجاء بالمنشار، فيوضع على رأسه، فيجعل نصفين، ويمشط بأمشاط الحديد من دون لحمه وعظمه، فما يصده ذلك عن دينه، والله ليتمّنَّ الله هذا الأمر حتى يسير الراكب من صنعاء إلى حضرموت لا يخاف إلاَّ الله والذئب على غنمه، ولكنكم تستعجلون"" (رواه البخاري) މި ޙަދީޘުގެ މާނައަކީ، ޚައްބާބު އިބްނުލް އަރައްތު ގެ އަރިހުން ރިވާވެގެންވެއެވެ. ހަމަކަށަވަރުން އެކަލޭގެފާނު ވިދާޅުވިއެވެ. ރަސޫލުالله، އެކަލޭގެފާނުގެ ރިދާކޮޅެއް، ބާލީހެއްގެ ގޮތެއްގައި ލައްވައި އޭގައި އިސްތަށިފުޅު އަޅުއްވައިގެން ގެފުޅުގެ ހިޔަލުގައި އޮންނަވަނިކޮށް ތިމަންބޭކަލުން ދަންނަވައިފީމުއެވެ. ޢަދާވާތްތެރީންގެ އުނދަގޫތަކުން ސަލާމަތް ވުމަށާއި، އެބައިމީހުންގެ މައްޗަށް ތިމަންމެންނަށް ނަޞްރު ދެއްވުމަށް އެދިވަޑައިގެން ދުއާކޮށް ނުދެއްވާނުތޯއެވެ؟ ފަހެ، ޙަދީޘް ކުރެއްވިއެވެ. ތިޔަބައިމީހުންގެ ކުރީގައި އިސްވެދިޔަ އުއްމަތްތަކުގެ މީހުން ދަންނައެވެ! ފަހެ ހަމަކަށަވަރުން އެބައިމީހުންގެ ތެރެއިން اللهއަށް އީމާންވީ މީހާ ގެނެސް އޭނާއަށްޓަކައި ބިމުގައި ވަޅުގަނޑު ކޮނެ، އެވަޅުގަނޑުގައި އޭނާ ވަޅުކެވޭކަމުގައި ވިއެވެ. ދެން ކީސް ގެނެސް އޭނާގެ ބޮލުގައި ކީސްއަޅައި ދެފަޅިއަށް ކީހާލެވޭކަމުގައި ވިއެވެ. އަދި ދަގަނޑު ފުނަލުން ހަށިގަނޑުގައި ފުނާއަޅައި ކަށިން މަސް ވަކިކުރެވޭ ކަމުގައި ވިއެވެ. މިކަންކަމުން އޭނާ ދީން ދުކޮށެއް ނުލައެވެ. الله ގަންދެއްވާ ވިދާޅުވަމެވެ. ހަމަކަށަވަރުން މިކަންތައް (އެބަހީ، މިދީން) الله ފުރިހަމަ ކޮށްދެއްވާނެއެވެ. ޞަންޢާއިން ޙަޟްރަމަޥްތަށް ދަތުރުކޮށްފައިދާ މީހާ، الله މެނުވީ އެހެން ފަރާތަކަށް އެއްވެސް ބިރެއްނެތި ދަތުރުކޮށްފުމަށް ދާންދެންނެވެ. އޭނާގެ ބަކަރިތަކުގެ މައްޗަށް މިނިކާވަގު ދެކެ ގަންނަ ބިރެއް މެނުވީއެވެ. އެހެނެއްކަމަކު ތިޔަބައިމީހުން އަވަސްވެގަންނަނީއެވެ. މިއެވެ.",
صحيح البخاري,6953,حَدَّثَنَا أَبُو النُّعْمَانِ، حَدَّثَنَا حَمَّادُ بْنُ زَيْدٍ، عَنْ يَحْيَى بْنِ سَعِيدٍ، عَنْ مُحَمَّدِ بْنِ إِبْرَاهِيمَ، عَنْ عَلْقَمَةَ بْنِ وَقَّاصٍ قَالَ: سَمِعْتُ عُمَرَ بْنَ الْخَطَّابِ رَضِيَ اللهُ عَنْهُ يَخْطُبُ قَالَ: سَمِعْتُ النَّبِيَّ ﷺ يَقُولُ: يَا أَيُّهَا النَّاسُ، إِنَّمَا الْأَعْمَالُ بِالنِّيَّةِ، وَإِنَّمَا لِامْرِئٍ مَا نَوَى، فَمَنْ كَانَتْ هِجْرَتُهُ إِلَى اللهِ وَرَسُولِهِ، فَهِجْرَتُهُ إِلَى اللهِ وَرَسُولِهِ، وَمَنْ هَاجَرَ إِلَى دُنْيَا يُصِيبُهَا، أَوِ امْرَأَةٍ يَتَزَوَّجُهَا، فَهِجْرَتُهُ إِلَى مَا هَاجَرَ إِلَيْهِ.,ޢުމަރު ބިން އަލްޚައްޠާބު رَضِيَ اللَّهُ عَنْهُ ޚުތުބާ ދެއްވަމުން ރިވާ ކުރެއްވިއެވެ: ރަސޫލު ﷲ ﷺ ޙަދީޘް ކުރައްވަނިކޮށް ތިމަން އަޑު އެހީމެވެ: ”އޭ މީސްތަކުންނޭވެ. ނިޔަތުގެ މައްޗަށް މެނުވީ އަމަލުތައް ބިނާ ވެގެނެއް ނުވެއެވެ. އަދި މީހަކަށް ވަނީ، ހަމައެކަނި އެ މީހަކު ނިޔަތް ގަތް ކަމެކެވެ. ވީމާ، ދުނިޔެ ހޯދުމަށް ނުވަތަ އަންހެނަކާ އިނުމަށް މީހަކު ހިޖުރަ ކުރި ނަމަ، ފަހެ އެ މީހެއްގެ ހިޖުރަ ވަނީ، އޭނާ އެ ހިޖުރަ ކުރި ކަމަކަށެވެ.“,b1
صحيح البخاري,6982,حَدَّثَنَا يَحْيَى بْنُ بُكَيْرٍ، حَدَّثَنَا اللَّيْثُ، عَنْ عُقَيْلٍ، عَنِ ابْنِ شِهَابٍ، وَحَدَّثَنِي عَبْدُ اللهِ بْنُ مُحَمَّدٍ، حَدَّثَنَا عَبْدُ الرَّزَّاقِ، حَدَّثَنَا مَعْمَرٌ، قَالَ الزُّهْرِيُّ: فَأَخْبَرَنِي عُرْوَةُ، عَنْ عَائِشَةَ رَضِيَ اللهُ عَنْهَا أَنَّهَا قَالَتْ: أَوَّلُ مَا بُدِئَ بِهِ رَسُولُ اللهِ ﷺ مِنَ الْوَحْيِ الرُّؤْيَا الصَّادِقَةُ فِي النَّوْمِ، فَكَانَ لَا يَرَى رُؤْيَا إِلَّا جَاءَتْ مِثْلَ فَلَقِ الصُّبْحِ، فَكَانَ يَأْتِي حِرَاءً فَيَتَحَنَّثُ فِيهِ، وَهُوَ التَّعَبُّدُ، اللَّيَالِيَ ذَوَاتِ الْعَدَدِ، وَيَتَزَوَّدُ لِذَلِكَ، ثُمَّ يَرْجِعُ إِلَى خَدِيجَةَ فَتُزَوِّدُهُ لِمِثْلِهَا، حَتَّى فَجِئَهُ الْحَقُّ وَهُوَ فِي غَارِ حِرَاءٍ، فَجَاءَهُ الْمَلَكُ فِيهِ، فَقَالَ: اقْرَأْ، فَقَالَ لَهُ النَّبِيُّ ﷺ: فَقُلْتُ: مَا أَنَا بِقَارِئٍ، فَأَخَذَنِي فَغَطَّنِي حَتَّى بَلَغَ مِنِّي الْجَهْدُ، ثُمَّ أَرْسَلَنِي فَقَالَ: اقْرَأْ، فَقُلْتُ: مَا أَنَا بِقَارِئٍ، فَأَخَذَنِي فَغَطَّنِي الثَّانِيَةَ حَتَّى بَلَغَ مِنِّي الْجَهْدُ، ثُمَّ أَرْسَلَنِي فَقَالَ: اقْرَأْ، فَقُلْتُ: مَا أَنَا بِقَارِئٍ، فَأَخَذَنِي فَغَطَّنِي الثَّالِثَةَ حَتَّى بَلَغَ مِنِّي الْجَهْدُ، ثُمَّ أَرْسَلَنِي فَقَالَ: { اقْرَأْ بِاسْمِ رَبِّكَ الَّذِي خَلَقَ } حَتَّى بَلَغَ { مَا لَمْ يَعْلَمْ } فَرَجَعَ بِهَا تَرْجُفُ بَوَادِرُهُ، حَتَّى دَخَلَ عَلَى خَدِيجَةَ، فَقَالَ: زَمِّلُونِي زَمِّلُونِي. فَزَمَّلُوهُ حَتَّى ذَهَبَ عَنْهُ الرَّوْعُ، فَقَالَ: يَا خَدِيجَةُ، مَا لِي. وَأَخْبَرَهَا الْخَبَرَ، وَقَالَ: قَدْ خَشِيتُ عَلَى نَفْسِي. فَقَالَتْ لَهُ: كَلَّا، أَبْشِرْ، فَوَاللهِ لَا يُخْزِيكَ اللهُ أَبَدًا، إِنَّكَ لَتَصِلُ الرَّحِمَ، وَتَصْدُقُ الْحَدِيثَ، وَتَحْمِلُ الْكَلَّ، وَتَقْرِي الضَّيْفَ، وَتُعِينُ عَلَى نَوَائِبِ الْحَقِّ. ثُمَّ انْطَلَقَتْ بِهِ خَدِيجَةُ حَتَّى أَتَتْ بِهِ وَرَقَةَ بْنَ نَوْفَلِ بْنِ أَسَدِ بْنِ عَبْدِ الْعُزَّى بْنِ قُصَيٍّ، وَهُوَ ابْنُ عَمِّ خَدِيجَةَ أَخُو أَبِيهَا، وَكَانَ امْرَأً تَنَصَّرَ فِي الْجَاهِلِيَّةِ، وَكَانَ يَكْتُبُ الْكِتَابَ الْعَرَبِيَّ، فَيَكْتُبُ بِالْعَرَبِيَّةِ مِنَ الْإِنْجِيلِ مَا شَاءَ اللهُ أَنْ يَكْتُبَ، وَكَانَ شَيْخًا كَبِيرًا قَدْ عَمِيَ، فَقَالَتْ لَهُ خَدِيجَةُ: أَيِ ابْنَ عَمِّ، اسْمَعْ مِنَ ابْنِ أَخِيكَ، فَقَالَ وَرَقَةُ: ابْنَ أَخِي مَاذَا تَرَى؟ فَأَخْبَرَهُ النَّبِيُّ ﷺ مَا رَأَى، فَقَالَ وَرَقَةُ: هَذَا النَّامُوسُ الَّذِي أُنْزِلَ عَلَى مُوسَى، يَا لَيْتَنِي فِيهَا جَذَعًا، أَكُونُ حَيًّا حِينَ يُخْرِجُكَ قَوْمُكَ. فَقَالَ رَسُولُ اللهِ ﷺ: أَوَمُخْرِجِيَّ هُمْ فَقَالَ وَرَقَةُ: نَعَمْ، لَمْ يَأْتِ رَجُلٌ قَطُّ بِمَا جِئْتَ بِهِ إِلَّا عُودِيَ، وَإِنْ يُدْرِكْنِي يَوْمُكَ أَنْصُرْكَ نَصْرًا مُؤَزَّرًا، ثُمَّ لَمْ يَنْشَبْ وَرَقَةُ أَنْ تُوُفِّيَ، وَفَتَرَ الوَحْيُ فَتْرَةً حَتَّى حَزِنَ النَّبِيُّ ﷺ، فِيمَا بَلَغَنَا، حُزْنًا غَدَا مِنْهُ مِرَارًا كَيْ يَتَرَدَّى مِنْ رُؤُوسِ شَوَاهِقِ الْجِبَالِ، فَكُلَّمَا أَوْفَى بِذِرْوَةِ جَبَلٍ لِكَيْ يُلْقِيَ مِنْهُ نَفْسَهُ تَبَدَّى لَهُ جِبْرِيلُ، فَقَالَ: يَا مُحَمَّدُ، إِنَّكَ رَسُولُ اللهِ حَقًّا. فَيَسْكُنُ لِذَلِكَ جَأْشُهُ، وَتَقِرُّ نَفْسُهُ، فَيَرْجِعُ، فَإِذَا طَالَتْ عَلَيْهِ فَتْرَةُ الْوَحْيِ غَدَا لِمِثْلِ ذَلِكَ، فَإِذَا أَوْفَى بِذِرْوَةِ جَبَلٍ تَبَدَّى لَهُ جِبْرِيلُ فَقَالَ لَهُ مِثْلَ ذَلِكَ قَالَ ابْنُ عَبَّاسٍ { فَالِقُ الإِصْبَاحِ } ضَوْءُ الشَّمْسِ بِالنَّهَارِ، وَضَوْءُ الْقَمَرِ بِاللَّيْلِ.,ޢާއިޝާ رَضِيَ اللَّهُ عَنْهَا ރިވާ ކުރެއްވިއެވެ: ރަސޫލު ﷲ ﷺ އަށް އެންމެ ފުރަތަމަ ވަހީ ބާވައިލެވެން ފެއްޓުނީ، އަވަހާރަފުޅުލައްޕަވަނިކޮށް ފެނިވަޑައިގަންނަވާ ތެދު ހުވަފެންފުޅުތަކުންނެވެ. ނަބިއްޔާއަށް ހުވަފެންފުޅެއް ފެނިވަޑައިގަންނަވާ ނަމަ، އެކަން ހެނދުނުގެ އަލިކަން ފަދައިން (ޙަގީގަތަށްވެ) ނައިސް ނުދެއެވެ. އަދި ޙިރާ ފަރުބަދައިގެ ހޮހަޅައިގައި އެކަހެރިވެ، އެތައް ރޭތަކެއް ވާންދެން އެ ތަނުގައި އަޅުކަން ކުރައްވަން ހުންނެވިއެވެ. އެއަށްފަހު އަހުލުވެރިން ގާތަށް ވަޑައިގެން ދަތުރުގެ ކޮއްތު ތައްޔާރު ކުރައްވައި އަނބުރާ އެ ތަނަށްވަޑައިގަންނަވައެވެ. ހަމަ އެފަދައިން އަނެއްކާ ޚަދީޖާގެ ގާތަށް ވަޑައިގެން، ދަތުރުގެ ކޮއްތު ނަބިއްޔާއަށް އެ ކަމަނާ ތައްޔާރު ކުރައްވައި، އަނބުރާ އެ ތަނަށްވަޑައިގަންނަވައެވެ. އެހެން ގޮސް، ޙިރާ ފަރުބަދައިގެ ހޮހަޅައިގައި ހުންނަވަނިކޮށް ކުއްލި ގޮތަކަށް އެކަލޭގެފާނަށް ޙައްގުތެދު އަތުވެއްޖެއެވެ. ދެން އެ ހޮހަޅައަށް މަލާއިކަތާ (ޖިބްރީލު) ވަޑައިގެން ދެންނެވިއެވެ: ކިޔަވައި ވިދާޅުވާށެވެ. ނަބިއްޔާ ﷺ ދެންނެވިއެވެ: ”ތިމަންކަލޭގެފާނީ ކިޔަވައި ވިދާޅުވަން ދެނެވަޑައިގަންނަވާ ބޭކަލެއް ނޫނެވެ.“ ނަބިއްޔާ ޙަދީޘް ކުރެއްވިއެވެ: ”ދެން އެ މަލާއިކަތާ ތިމަން ނަބިއްޔާ ހާސްފުޅުވަންދެން (ހަށިކޮޅުގައި) ހިއްޕަވައި ފިއްތަވައިލެއްވިއެވެ. އެއަށްފަހު ދޫކޮށްލަވާފައި ދެންނެވިއެވެ: ކިޔަވައި ވިދާޅުވާށެވެ. ތިމަން ނަބިއްޔާ ދެންނެވީމެވެ: ތިމަންކަލޭގެފާނީ ކިޔަވައި ވިދާޅުވަން ދެނެވަޑައިގަންނަވާ ބޭކަލެއް ނޫނެވެ. ދެން ދެވަނަ ފަހަރަށް ތިމަން ނަބިއްޔާ ހާސްފުޅުވަންދެން (ހަށިކޮޅުގައި) ހިއްޕަވައި ފިއްތަވައިލެއްވިއެވެ. އެއަށްފަހު ދޫކޮށްލަވާފައި ދެންނެވިއެވެ: ކިޔަވައި ވިދާޅުވާށެވެ. ތިމަން ނަބިއްޔާ ދެންނެވީމެވެ: ތިމަންކަލޭގެފާނީ ކިޔަވައި ވިދާޅުވަން ދެނެވަޑައިގަންނަވާ ބޭކަލެއް ނޫނެވެ. ދެން ތިންވަނަ ފަހަރަށް ތިމަން ނަބިއްޔާ ހާސްފުޅުވަންދެން (ހަށިކޮޅުގައި) ހިއްޕަވައި ފިއްތަވައިލެއްވިއެވެ. އެއަށްފަހު ދޫކޮށްލަވާފައި ދެންނެވިއެވެ:“ ❞އިބަ ނަބިއްޔާގެ ރައްބުގެ އިސްމުފުޅުން އިބަ ނަބިއްޔާ ކިޔަވައި ވިދާޅުވާށެވެ. އެ އިލާހީ (އެންމެހައި ތަކެތި) އުފެއްދެވި އިލާހެވެ. އެ އިލާހު އިންސާނާ އުފެއްދެވީ ގަނޑު ލޭކޮޅަކުންނެވެ. އިބަ ނަބިއްޔާ ކިޔަވައި ވިދާޅުވާށެވެ. އަދި އިބަ ނަބިއްޔާގެ ރައްބަކީ، އެންމެ ދީލަތިވަންތަ އިލާހެވެ. އެ އިލާހީ ގަލަމުން (ލިޔަން) އުނގަންނަވައިދެއްވި އިލާހެވެ. އިންސާނާއަށް އޭނާ ނުދަންނަ ކަންތައް، އެ އިލާހު އުނގަންވައިދެއްވިއެވެ.❝ ދެން ރަސޫލު ﷲ ﷺ ލަގޮނޑިފުޅު ތުރުތުރު އަޅުއްވާ ހާލު، އެ އާޔަތްތަކާއެކު އެނބުރި ޚަދީޖާގެ ގާތަށް ވަދެވަޑައިގެން ދެންނެވިއެވެ: ”ތިމަން ކަލޭގެފާނުގެ ހަށިކޮޅުގައި ރަޖާ ތުރުކުރައްވައި ދެއްވާށެވެ. ތިމަން ކަލޭގެފާނުގެ ހަށިކޮޅުގައި ރަޖާ ތުރުކުރައްވައި ދެއްވާށެވެ.“ ދެން ނަބިއްޔާގެ ކިބައިން ބިރުފުޅު ފިލައްޖައުމަށް ދާންދެން ހަށިކޮޅުގައި ރަޖާ ތުރުކުރެއްވިއެވެ. ނަބިއްޔާ ދެންނެވިއެވެ: ”އޭ ޚަދީޖާއެވެ. ތިމަން ކަލޭގެފާނަށް މިވީ ކިހިނެއްބާވައެވެ.“ އަދި ޚަދީޖާއަށް ކަން ހިނގި ގޮތުގެ ޚަބަރު ދެއްވިއެވެ. އަދި ދެންނެވިއެވެ: ”ހަމަކަށަވަރުން ތިމަން ކަލޭގެފާނުގެ ފުރާނަފުޅަށް ނުރައްކާ ވެދާނެކަމަށް ބިރުފުޅުގަތީމެވެ.“ ޚަދީޖާ ދެންނެވިއެވެ: ހަމަހިލާ އެހެނެންނަކުން ނުވާނެވެ. ކަލޭގެފާނު އުފާވެރިކަމުގެ ޚަބަރު ލިބިގަންނާށެވެ. ﷲ ގަންދީ ބުނަމެވެ. ދުވަހަކު ވެސް ﷲ ކަލޭގެފާނު ގެއްލެނި ނުކުރައްވާނެއެވެ. ހަމަކަށަވަރުން ކަލޭގެފާނު ރަޙިމުގެ ގުޅުން ދަމަހައްޓަވައެވެ. އަދި ތެދުބަސްފުޅު ވިދާޅުވެއެވެ. އަދި ނިކަމެތިންގެ ބުރަ އުފުއްލަވައެވެ. އަދި ނުލިބޭ މީހުންނަށް އެހީތެރިކަން ފޯރުވައި ދެއްވައެވެ. އަދި މެހެމާނުންނަށް ކަމޭހިއްތަވައެވެ. އަދި (މީސްތަކުންގެ) ޙައްގުތަކުގައި އެހީތެރިވެލައްވައެވެ. ދެން ޚަދީޖާ، ނަބިއްޔާއައިގެން އެ ކަމަނާގެ ބައްޕަ ފަރާތު ބޮޑުބޭބެގެ ދަރި ވަރަގާ ބިން ނައުފަލު ބިން އަސަދު ބިން ޢަބްދުލް ޢުއްޒާ ބިން ގުޞައްޔުގެ ގާތަށް ވަޑައިގަތެވެ. އެއީ ޖާހިލިއްޔަ ޒަމާނުގައި ނަޞާރަ ދީނަށް ވަތް މީހެކެވެ. އަދި ޢަރަބި ބަހުން ލިޔެއުޅުނެވެ. އެ ގޮތުން ﷲ އިރާދަ ކުރެއްވި މިންވަރަކަށް (ޢިބްރާނީ ބަހުން) ޢަރަބި ބަހަށް އިންޖީލު ލިޔެ އުޅުނެވެ. އަދި އެއީ މުސްކުޅި، ލޯ އަނދިރިވެފައިވާ މީހެކެވެ. ޚަދީޖާ އޭނާއަށް ދެންނެވިއެވެ: އޭ ތިމަންކަމަނާގެ ބޮޑުބޭބެގެ ދަރިއާއެވެ. ތިބާގެ ބޭބެގެ ދަރިކަލުންގެ ވާހަކަފުޅު އަޑުއަހާށެވެ. ވަރަގާ ނަބިއްޔާއަށް ދެންނެވިއެވެ: އޭ ތިމަންނަގެ ބޭބެގެ ދަރިކަލުންނޭވެ. ކަލޭގެފާނަށް ފެނިވަޑައިގަތީ ކޮންކަމެއްތޯއެވެ؟ ދެން ނަބިއްޔާ ﷺ އަށް ފެނިވަޑައިގަތް ކަންތަކުގެ ޚަބަރު ވަރަގާއަށް ދެއްވިއެވެ. ވަރަގާ ދެންނެވިއެވެ: ތިޔައީ މޫސާގެފާނަށް ފޮނުއްވެވި ނާމޫސް (މަލާއިކަތާ ޖިބްރީލު) އެވެ. ތިމަންނަ ޒުވާން މީހަކަށް ވެހުރެ، ކަލޭގެފާނުގެ ގައުމުގެ މީހުން، ކަލޭގެފާނު ނެރެލައްވައި ހިނދު ތިމަން ދިރި ހުންނާނެ ނަމަ ކިހާ ރަނގަޅުހެއްޔެވެ. ރަސޫލު ﷲ ﷺ ޙަދީޘް ކުރެއްވިއެވެ: ”އެބައިމީހުން ތިމަން ކަލޭގެފާނު ނެރެލައްވާނެތޯއެވެ؟“ ވަރަގާ ދެންނެވިއެވެ: އާއެކެވެ. އެ މީހަކަށް ބަޔަކު އަދާވާތްތެރިނުވެ، ތިޔަ ގެންނެވި ފަދަ ކަމެއް އެއްވެސް މީހަކު ދުވަހަކުވެސް ގެނެސްފައެއް ނެތެވެ. އަދި ކަލޭގެފާނުގެ އެ ދުވަސްވަރު ތިމަންނައާ ދިމާވާ ނަމަ، ކަލޭގެފާނަށް ގަދަވެގެންވާ ނަޞްރަކުން ނަޞްރު ދޭނެކަން ކަށަވަރެވެ. އެއަށްފަހު މާ ގިނަ ދުވަސްތަކެއް ނުވަނީސް ވަރަގާ ނިޔާވެއްޖެއެވެ. އަދި މުއްދަތަކަށް ވަހީ ބާވައިލެއްވުން މެދުކެނޑިގެން އެކަމާމެދު ނަބިއްޔާ ﷺ ހިތާމަ ކުރެއްވިއެވެ.,b3
صحيح البخاري,7008,حَدَّثَنَا عَلِيُّ بْنُ عَبْدِ اللهِ، حَدَّثَنَا يَعْقُوبُ بْنُ إِبْرَاهِيمَ، حَدَّثَنِي أَبِي، عَنْ صَالِحٍ، عَنِ ابْنِ شِهَابٍ قَالَ: حَدَّثَنِي أَبُو أُمَامَةَ بْنُ سَهْلٍ: أَنَّهُ سَمِعَ أَبَا سَعِيدٍ الْخُدْرِيَّ يَقُولُ: قَالَ رَسُولُ اللهِ ﷺ: بَيْنَمَا أَنَا نَائِمٌ، رَأَيْتُ النَّاسَ يُعْرَضُونَ عَلَيَّ وَعَلَيْهِمْ قُمُصٌ، مِنْهَا مَا يَبْلُغُ الثُّدِيَّ، وَمِنْهَا مَا يَبْلُغُ دُونَ ذَلِكَ، وَمَرَّ عَلَيَّ عُمَرُ بْنُ الْخَطَّابِ وَعَلَيْهِ قَمِيصٌ يَجُرُّهُ قَالُوا: مَا أَوَّلْتَ يَا رَسُولَ اللهِ؟ قَالَ: الدِّينَ.,އަބޫ ސައީދު އަލްޚުދްރީ ރިވާ ކުރެއްވިއެވެ: ރަސޫލު ﷲ ﷺ ޙަދީޘް ކުރެއްވިއެވެ: ”އަވަހާރަފުޅު ލައްޕަވަނިކޮށް (ހުވަފެންފުޅެއްގައި) ތިމަން ނަބިއްޔާއަށް ގަމީސް ލައިގެން ތިބި ބަޔަކު ދެއްކެވުނެވެ. އެއްބަޔެއްގެ މެއާ ހިސާބަށް އެ ގަމީސްތައް ފޯރިއެވެ. އަދި އަނެއް ބަޔަކަށް އެއަށްވުރެ ތިރިއަށް އެ ގަމީސްތައް ފޯރިއެވެ. އަދި ޢުމަރު ބިން އަލްޚައްޠާބު ތިމަން ނަބިއްޔާއަށް ދެއްކެވުނެވެ. އެކަލޭގެފާނުގެ ގައިކޮޅުގައިވާ ގަމީސް (ދިގުކަމުން އޭތި) ގެންދިޔައީ ދަމަމުންނެވެ.“ މީސްތަކުން ދެންނެވިއެވެ: އޭ ﷲގެ ރަސޫލާއެވެ. އިބަ ނަބިއްޔާ އެ މާނަ ކުރައްވަނީ ކިހިނަކުންތޯއެވެ؟ ނަބިއްޔާ ޙަދީޘް ކުރެއްވިއެވެ: ”(އެއީ) ދީނެވެ.“,b23
صحيح البخاري,7009,حَدَّثَنَا سَعِيدُ بْنُ عُفَيْرٍ، حَدَّثَنِي اللَّيْثُ، حَدَّثَنِي عُقَيْلٌ، عَنِ ابْنِ شِهَابٍ: أَخْبَرَنِي أَبُو أُمَامَةَ بْنُ سَهْلٍ، عَنْ أَبِي سَعِيدٍ الْخُدْرِيِّ رَضِيَ اللهُ عَنْهُ أَنَّهُ قَالَ: سَمِعْتُ رَسُولَ اللهِ ﷺ يَقُولُ: بَيْنَا أَنَا نَائِمٌ، رَأَيْتُ النَّاسَ عُرِضُوا عَلَيَّ وَعَلَيْهِمْ قُمُصٌ، فَمِنْهَا مَا يَبْلُغُ الثَّدْيَ، وَمِنْهَا مَا يَبْلُغُ دُونَ ذَلِكَ، وَعُرِضَ عَلَيَّ عُمَرُ بْنُ الْخَطَّابِ، وَعَلَيْهِ قَمِيصٌ يَجْتَرُّهُ قَالُوا: فَمَا أَوَّلْتَهُ يَا رَسُولَ اللهِ؟ قَالَ: الدِّينَ.,އަބޫ ސައީދު އަލްޚުދްރީ رَضِيَ اللَّهُ عَنْهُ ރިވާ ކުރެއްވިއެވެ: ރަސޫލު ﷲ ﷺ ޙަދީޘް ކުރައްވަނިކޮށް ތިމަން އަޑު އެހީމެވެ: ”އަވަހާރަފުޅު ލައްޕަވަނިކޮށް (ހުވަފެންފުޅެއްގައި) ތިމަން ނަބިއްޔާއަށް ގަމީސް ލައިގެން ތިބި ބަޔަކު ދެއްކެވުނެވެ. އެއްބަޔެއްގެ މެއާ ހިސާބަށް އެ ގަމީސްތައް ފޯރިއެވެ. އަދި އަނެއް ބަޔަކަށް އެއަށްވުރެ ތިރިއަށް އެ ގަމީސްތައް ފޯރިއެވެ. އަދި ޢުމަރު ބިން އަލްޚައްޠާބު ތިމަން ނަބިއްޔާއަށް ދެއްކެވުނެވެ. އެކަލޭގެފާނުގެ ގައިކޮޅުގައިވާ ގަމީސް (ދިގުކަމުން އޭތި) ގެންދިޔައީ ދަމަމުންނެވެ.“ މީސްތަކުން ދެންނެވިއެވެ: އޭ ﷲގެ ރަސޫލާއެވެ. އިބަ ނަބިއްޔާ އެ މާނަ ކުރައްވަނީ ކިހިނަކުންތޯއެވެ؟ ނަބިއްޔާ ޙަދީޘް ކުރެއްވިއެވެ: ”(އެއީ) ދީނެވެ.“,b23
صحيح البخاري,7042,وَمَنِ اسْتَمَعَ إِلَى حَدِيثِ قَوْمٍ، وَهُمْ لَهُ كَارِهُونَ، أَوْ يَفِرُّونَ مِنْهُ، صُبَّ فِي أُذُنِهِ الآنُكُ يَوْمَ القِيَامَةِ,"އިބްން ޢައްބާސްގެ އަރިހުން ރިވާވެފައިވެއެވެ.""... ނަބިއްޔާ ޞައްލަﷲ ޢަލައިހި ވަސައްލަމަ ޙަދީޘްކުރެއްވިއެވެ. ""މީހަކު ބަޔަކުމީހުންގެ ނުރުހުމުގައި (ނުވަތަ އޭނާ ކިބައިން ފިލަނިކޮށް) ސިއްރުން އެމީހުންގެ ވާހަކަ އަހައިފިނަމަ ގިޔާމަތް ދުވަހުން އޭނާގެ ދެކަންފަތަށް ވިރުވިފައިހުރި ތިމަރަ އޮއްސޭނެއެވެ.""",
صحيح البخاري,7076,حَدَّثَنَا عُمَرُ بْنُ حَفْصٍ، حَدَّثَنِي أَبِي، حَدَّثَنَا الْأَعْمَشُ، حَدَّثَنَا شَقِيقٌ قَالَ: قَالَ عَبْدُ اللهِ: قَالَ النَّبِيُّ ﷺ: سِبَابُ الْمُسْلِمِ فُسُوقٌ، وَقِتَالُهُ كُفْرٌ.,ޢަބްދު ﷲ ބިން މަސްޢޫދު ރިވާ ކުރެއްވިއެވެ: ނަބިއްޔާ ﷺ ޙަދީޘް ކުރެއްވިއެވެ: ”މުސްލިމަކަށް ހުތުރު އެއްޗެހި ގޮވުމަކީ ފާސިގުކަމެކެވެ. އަދި އޭނާއާ ތަޅާފޮޅުމަކީ ކުރުމަކީ ކުފުރެކެވެ.“,b48
صحيح البخاري,7083,حَدَّثَنَا عَبْدُ اللهِ بْنُ عَبْدِ الْوَهَّابِ، حَدَّثَنَا حَمَّادٌ، عَنْ رَجُلٍ لَمْ يُسَمِّهِ، عَنِ الْحَسَنِ قَالَ: خَرَجْتُ بِسِلَاحِي لَيَالِيَ الْفِتْنَةِ، فَاسْتَقْبَلَنِي أَبُو بَكْرَةَ فَقَالَ: أَيْنَ تُرِيدُ؟ قُلْتُ: أُرِيدُ نُصْرَةَ ابْنِ عَمِّ رَسُولِ اللهِ ﷺ. قَالَ: قَالَ رَسُولُ اللهِ ﷺ: إِذَا تَوَاجَهَ الْمُسْلِمَانِ بِسَيْفَيْهِمَا فَكِلَاهُمَا مِنْ أَهْلِ النَّارِ. قِيلَ: فَهَذَا الْقَاتِلُ، فَمَا بَالُ الْمَقْتُولِ؟ قَالَ: إِنَّهُ أَرَادَ قَتْلَ صَاحِبِهِ.,(އަލްއަޙްނަފު ބިން ގައިސް) ރިވާ ކުރެއްވިއެވެ: (ޞަޙާބީންގެ ދެމެދުގައި ހިނގި) ފިތުނައިގެ ރޭތަކުގައި ތިމަންނަގެ ހަތިޔާރު ހިފައިގެން ނުކުތީމެވެ. ދެން އަބޫ ބަކްރާ ތިމަންނައާ ބައްދަލުވެގެން ދެންނެވިއެވެ: ދާން ބޭނުންވަނީ ކޮންތަނަކަށްތޯއެވެ؟ ތިމަން ދެންނެވީމެވެ: ރަސޫލު ﷲ ﷺ ގެ ބޮޑުބޭބެގެ ދަރިފުޅު (ޢަލީއަށް) ނަޞްރު ދިނުމަށެވެ. އެކަލޭގެފާނު ދެންނެވިއެވެ: ރަސޫލު ﷲ ﷺ ޙަދީޘް ކުރެއްވިއެވެ: ”ކަނޑި ހިފައިގެން ދެ މުސްލިމަކު އެކަކު އަނެކަކާ ދިމާކޮށްފި ނަމަ، ފަހެ އެ ދެ މީހުންވެސް ވާނީ ނަރަކައިގައެވެ.“ ތިމަން ދެންނެވީމެވެ: މިއީ މަރާލި މީހާ (ގެ ޖަޒާއެވެ.) ފަހެ މަރާލެވުނު މީހާއަށްވީ ކިހިނެއްތޯއެވެ؟ ނަބިއްޔާ ޙަދީޘް ކުރެއްވިއެވެ: ”އޭނާއާއެކު އުޅުނު މީހާ މަރާލަން އޭނާ ބޭނުންވިކަން ކަށަވަރެވެ.“,b31
صحيح البخاري,7088,حَدَّثَنَا عَبْدُ اللهِ بْنُ يُوسُفَ، أَخْبَرَنَا مَالِكٌ، عَنْ عَبْدِ الرَّحْمَنِ بْنِ عَبْدِ اللهِ بْنِ أَبِي صَعْصَعَةَ، عَنْ أَبِيهِ، عَنْ أَبِي سَعِيدٍ الْخُدْرِيِّ رَضِيَ اللهُ عَنْهُ أَنَّهُ قَالَ: قَالَ رَسُولُ اللهِ ﷺ: يُوشِكُ أَنْ يَكُونَ خَيْرَ مَالِ الْمُسْلِمِ غَنَمٌ يَتْبَعُ بِهَا شَعَفَ الْجِبَالِ وَمَوَاقِعَ الْقَطْرِ، يَفِرُّ بِدِينِهِ مِنَ الْفِتَنِ.,އަބޫ ސައީދު އަލްޚުދްރީ رَضِيَ اللَّهُ عَنْهُ ރިވާ ކުރެއްވިއެވެ: ރަސޫލު ﷲ ﷺ ޙަދީޘް ކުރެއްވިއެވެ: ”މުސްލިމެއްގެ އެންމެ ހެޔޮ މުދަލަކީ ބަކަރި ކަމުގައިވުން ގާތްވެއްޖެއެވެ. އެ ބަކަރިތައް ފަހަތުން ފަރުބަދަ މައްޗަށާއި ވާރޭ ލިބޭ ވާދީތަކަށް އޭނާ ދާނެއެވެ. އެއީ އޭނާގެ ދީން ސަލާމަތް ކުރުމުގެ ގޮތުން ފިތުނަތަކުން ފިލުމަށްޓަކައެވެ.“,b19
صحيح البخاري,7108,إذا أنْزَلَ اللَّهُ بقَوْمٍ عَذابًا، أصابَ العَذابُ مَن كانَ فيهم، ثُمَّ بُعِثُوا علَى أعْمالِهِمْ.,ﷲ ތަޢާލާ ބަޔެއްގެ މައްޗަށް ޢަޒާބެއް ފޮނުއްވައިފިނަމަ، އެތަނެއްގައި ތިބި އެންމެންގެ މައްޗަށް އެޢަޒާބު އާދެއެވެ. ދެން ﷲ ތަޢާލާ އެބައިމީހުންގެ އަމަލުތަކުގެ ޙިސާބު ބެއްލެވުމަށް މަޙްޝަރު ކުރައްވައެވެ.,
صحيح البخاري,7137,مَن أطاعَنِي فقَدْ أطاعَ اللَّهَ، ومَن عَصانِي فقَدْ عَصَى اللَّهَ,ތިމަންކަލޭގެފާނަށް ކިޔަމަންވެއްޖެމީހާ ﷲ އަށް ކިޔަމަންތެރިވެއްޖެއެވެ. އަދި ތިމަންކަލޭގެފާނަށް އުރެދިއްޖެމީހާ ﷲ އަށް އުރެދިއްޖެއެވެ.,
صحيح البخاري,7138,"حَدَّثَنَا إِسْمَاعِيلُ، حَدَّثَنِي مَالِكٌ، عَنْ عَبْدِ اللَّهِ بْنِ دِينَارٍ، عَنْ عَبْدِ اللَّهِ بْنِ عُمَرَ ـ رضى الله عنهما ـ أَنَّ رَسُولَ اللَّهِ صلى الله عليه وسلم قَالَ "" أَلاَ كُلُّكُمْ رَاعٍ، وَكُلُّكُمْ مَسْئُولٌ عَنْ رَعِيَّتِهِ، فَالإِمَامُ الَّذِي عَلَى النَّاسِ رَاعٍ وَهْوَ مَسْئُولٌ عَنْ رَعِيَّتِهِ، وَالرَّجُلُ رَاعٍ عَلَى أَهْلِ بَيْتِهِ وَهْوَ مَسْئُولٌ عَنْ رَعِيَّتِهِ، وَالْمَرْأَةُ رَاعِيَةٌ عَلَى أَهْلِ بَيْتِ زَوْجِهَا وَوَلَدِهِ وَهِيَ مَسْئُولَةٌ عَنْهُمْ، وَعَبْدُ الرَّجُلِ رَاعٍ عَلَى مَالِ سَيِّدِهِ وَهْوَ مَسْئُولٌ عَنْهُ، أَلاَ فَكُلُّكُمْ رَاعٍ وَكُلُّكُمْ مَسْئُولٌ عَنْ رَعِيَّتِهِ "".",“ތިޔަބައިމީހުންކުރެ ކޮންމެ މީހަކީވެސް މަސްއޫލުވެރިޔެކެވެ. އިމާމްމީހާ ނުވަތަ ގައުމުގެ ވެރިޔާ އަކީ ރަޢްޔިތުންގެ މަސްއޫލުވެރިޔާއެވެ. އޭނާގެ މަސްއޫލިއްޔަތާއި ބެހޭ ގޮތުން ސުވާލުވެވޭނެއެވެ. ފިރިމީހާ އަކީ އޭނާގެ އަހުލުވެރިންގެ ބެލެނިވެރިޔާއެވެ. އެމީހުންގެ ކަންތައްތަކާއި ބެހޭގޮތުން އޭނާ އާ ސުވާލުކުރެވޭނެއެވެ. އަނބިމީހާ އަކީ އޭނާގެ ފިރިމީހާގެ ގޭގެ މަސްޢޫލުވެރިޔާ އެވެ. އޭނާގެ މަސްއޫލިއްޔަތާ ބެހޭގޮތުން ސުވާލުވެވޭނެއެވެ. ޚާދިމް މީހާ އަކީ އޭނާގެ ސާހިބު މީހާގެ މުދަލުގެ މަސްއޫލުވެރިޔާއެވެ. އެކަމާއި މެދު އޭނާ އާ ސުވާލުކުރެވޭނެއެވެ. ތިޔަބައިމީހުންކުރެ ކޮންމެ މީހަކީވެސް ބެލެނިވެރިޔެކެވެ. ތިމާގެ ބެލެނިވެރިކަމުގެ ދަށުގައިވާ މީހުންނާއި މެދު ސުވާލު ކުރެވޭނެއެވެ”,
صحيح البخاري,7138,كُلُّكُمْ راعٍ وكُلُّكُمْ مَسْئُولٌ عن رَعِيَّتِهِ، فالإِمامُ الذي علَى النَّاسِ راعٍ وهو مَسْئُولٌ عن رَعِيَّتِهِ،,ތިޔަބައިމީހުންގެ ތެރެއިން ކޮންމެ މީހަކީ ބެލެހެއްޓުންތެރިޔެކެވެ، އަދި ކޮންމެ މީހަކީވެސް އެމީހެއްގެ ބެލުމުގެ ދަށުގައިވާ ފަރާތްތަކާއިމެދު ސުވާލު ކުރެވޭނެ މީހެކެވެ. ވެރިމީހާ އަކީ ބެލެހެއްޓުންތެރިޔެކެވެ. އޭނާގެ ބެލެހެއްޓުމުގެ ދަށުގައިވާ ފަރާތްތަކާއިމެދު އޭނާއާއި ސުވާލުކުރެވޭނެއެވެ.,
صحيح البخاري,7179,إنَّ شَرَّ النَّاسِ ذُو الوَجْهَيْنِ، الذي يَأْتي هَؤُلَاءِ بوَجْهٍ، وهَؤُلَاءِ بوَجْهٍ.,ހަމަކަށަވަރުން ﷲ ގެ ޙަޟުރަތުގައި އެންމެ ނުބައިވެގެންވާ މީހުންނަކީ ދެ މޫނުގެ ވެރިންނެވެ. އޭނާ އެއްބައެއްގެ ގާތަށް މޫނަކާއިގެންދެ އެވެ. އަދި އަނެއްބައެއްގެ ގާތަށް އެހެން މޫނަކައިގެން ދެއެވެ.,
صحيح البخاري,7190,إِذَا نَابَكُمْ أَمْرٌ، فَلْيُسَبِّحِ الرِّجَالُ، وَلْيُصَفِّحِ النِّسَاءُ.,ނަބިއްޔާ ޙަދީޘް ކުރެއްވިއެވެ: ”ތިޔަބައިމީހުންނަށް (ނަމާދުގައި) ކަމެއް ރޭކާލައިގެން (އިމާމަށް އަންގަން ޖެހިއްޖެ ނަމަ) ފަހެ ފިރިހެނުން ތަސްބީހަ ކިޔާ ހުއްޓެވެ. އަދި އަންހެނުން އަތްޖަހާ ހުއްޓެވެ.“,
صحيح البخاري,7196,حَدَّثَنَا أَبُو الْيَمَانِ، أَخْبَرَنَا شُعَيْبٌ، عَنِ الزُّهْرِيِّ، أَخْبَرَنِي عُبَيْدُ اللهِ بْنُ عَبْدِ اللهِ، أَنَّ عَبْدَ اللهِ بْنَ عَبَّاسٍ أَخْبَرَهُ، أَنَّ أَبَا سُفْيَانَ بْنَ حَرْبٍ أَخْبَرَهُ، أَنَّ هِرَقْلَ أَرْسَلَ إِلَيْهِ فِي رَكْبٍ مِنْ قُرَيْشٍ، ثُمَّ قَالَ لِتَرْجُمَانِهِ: قُلْ لَهُمْ: إِنِّي سَائِلٌ هَذَا، فَإِنْ كَذَبَنِي فَكَذِّبُوهُ، فَذَكَرَ الْحَدِيثَ، فَقَالَ لِلتَّرْجُمَانِ: قُلْ لَهُ: إِنْ كَانَ مَا تَقُولُ حَقًّا، فَسَيَمْلِكُ مَوْضِعَ قَدَمَيَّ هَاتَيْنِ.,އަބޫ ސުފްޔާނު ބިން ޙަރްބު ރިވާ ކުރެއްވިއެވެ: ގުރައިޝްގެ ގާފިލާއެއްގައި އެކަލޭގެފާނު ވަނިކޮށް، ހިރަގްލު އެކަލޭގެފާނު ހޯދަން މީހަކު ފޮނުވިއެވެ. ދެން (އެބައިމީހުން ގެނެސް) އޭނާގެ ތަރުޖަމާނު ގާތު ދެންނެވިއެވެ: އެބައިމީހުންނަށް ދަންނަވާށެވެ: ހަމަކަށަވަރުން (ނަބީކަމަށް މި ދަޢުވާ ކުރާ މީހާއާ ބެހޭ ގޮތުން) މީނާ (އަބޫ ސުފްޔާނު) ގާތު ތިމަން ސުވާލު ކުރާނަމެވެ. އަދި އޭނާ ތިމަންނައަށް ދޮގު ހަދައިފި ނަމަ، ތިޔަބައިމީހުން އޭނާ ދޮގު ކުރާށެވެ. ދެން އެ ރިވާޔަތް ކިޔައިދެނިއެވެ. އަދި ހިރަގްލު އޭނާގެ ތަރުޖަމާނު ގާތު ދެންނެވިއެވެ: އޭނާ (އަބޫ ސުފްޔާނަށް) ދަންނަވާށެވެ: ތިބާ ތިޔަ ދަންނަވަނީ ތެދު ކަމުގައި ވަނީނަމަ، ފަހެ ތިމަންނަގެ މި ދެ ފައި އަޅައިގެން ހުރި ތަން (އެބަހީ: އޭނާގެ ރަސްކަން) އެކަލޭގެފާނުގެ މިލްކުވެރިކަމަށް އަންނާނެއެވެ.,b7
صحيح البخاري,7213,حَدَّثَنَا أَبُو الْيَمَانِ، أَخْبَرَنَا شُعَيْبٌ، عَنِ الزُّهْرِيِّ. وَقَالَ اللَّيْثُ: حَدَّثَنِي يُونُسُ، عَنِ ابْنِ شِهَابٍ، أَخْبَرَنِي أَبُو إِدْرِيسَ الْخَوْلَانِيُّ، أَنَّهُ سَمِعَ عُبَادَةَ بْنَ الصَّامِتِ يَقُولُ: قَالَ لَنَا رَسُولُ اللهِ ﷺ وَنَحْنُ فِي مَجْلِسٍ: تُبَايِعُونِي عَلَى أَنْ لَا تُشْرِكُوا بِاللهِ شَيْئًا، وَلَا تَسْرِقُوا، وَلَا تَزْنُوا، وَلَا تَقْتُلُوا أَوْلَادَكُمْ، وَلَا تَأْتُوا بِبُهْتَانٍ تَفْتَرُونَهُ بَيْنَ أَيْدِيكُمْ وَأَرْجُلِكُمْ، وَلَا تَعْصُوا فِي مَعْرُوفٍ، فَمَنْ وَفَّى مِنْكُمْ فَأَجْرُهُ عَلَى اللهِ، وَمَنْ أَصَابَ مِنْ ذَلِكَ شَيْئًا فَعُوقِبَ فِي الدُّنْيَا فَهُوَ كَفَّارَةٌ لَهُ، وَمَنْ أَصَابَ مِنْ ذَلِكَ شَيْئًا فَسَتَرَهُ اللهُ، فَأَمْرُهُ إِلَى اللهِ: إِنْ شَاءَ عَاقَبَهُ وَإِنْ شَاءَ عَفَا عَنْهُ. فَبَايَعْنَاهُ عَلَى ذَلِكَ.,ޢުބާދާ ބިން ޞާމިތު ރިވާ ކުރެއްވިއެވެ: މަޖިލީހެއްގައި ވަނިކޮށް ރަސޫލު ﷲ ﷺ ތިމަންމެންނަށް ޙަދީޘް ކުރެއްވިއެވެ: ”ތިޔަބައިމީހުން ﷲ އަށް އަޅުކަމުގައި އެއްވެސް ފަރާތެއް ބައިވެރި ނުކުރާނެކަމަށާއި، ވައްކަން ނުކުރާނެކަމަށާއި، ޒިނޭ ނުކުރާނެކަމަށާއި، ތިޔަބައިމީހުންގެ ދަރީން ނުމަރާނެކަމަށާއި، ތިޔަބައިމީހުން އަތުންފައިން ބުހުތާނު ދޮގު (މީހުންނަށް ނިސްބަތްކޮށް) ނަހަދާނެކަމަށާއި، އެއްވެސް ހެޔޮ ކަމެއްގައި އުރެދިނުގަންނާނެކަމަށް، ތިޔަބައިމީހުން ތިމަން ނަބިއްޔާއަށް ބައިޢަތު ހިފާށެވެ. އަދި (ބައިޢަތަށް) ވަފާތެރިވެއްޖެ މީހަކަށް އަޖުރު ދެއްވާނީ ﷲ އެވެ. އަދި އޭގެ ތެރެއިން ކަމަކަށް އަރައިގަނެވި، ދުނިޔެ މަތީގައި ޢުގޫބާތް ދެވިއްޖެ ނަމަ، ފަހެ އެ ވާނީ އެ މީހަކަށްވާ ކައްފާރައަކަށެވެ. އަދި އެއިން ކަމަކަށް އަރައިގަނެވި، ﷲ އޭނާއަށް އެކަން ފޮރުވައިދެއްވައިފި ނަމަ، ފަހެ އޭނާގެ ކަންތައް ވާނީ ﷲ އަށެވެ. (އެބަހީ: އެ އިލާހުގެ އިރާދަފުޅުގެ ދަށުންނެވެ.) އިރާދަ ކުރައްވައިފި ނަމަ އޭނާއަށް އަޒާބު ދެއްވާނެއެވެ. އަދި އިރާދަ ކުރައްވައިފި ނަމަ އޭނާއަށް ޢަފޫކޮށްދެއްވާނެއެވެ.“ ދެން އެ ގޮތުގެ މަތީން ތިމަންމެން ނަބިއްޔާއަށް ބައިޢަތު ހިފީމެވެ.,b18
صحيح البخاري,7226,حَدَّثَنَا سَعِيدُ بْنُ عُفَيْرٍ، حَدَّثَنِي اللَّيْثُ، حَدَّثَنِي عَبْدُ الرَّحْمَنِ بْنُ خَالِدٍ، عَنِ ابْنِ شِهَابٍ، عَنْ أَبِي سَلَمَةَ وَسَعِيدِ بْنِ الْمُسَيِّبِ: أَنَّ أَبَا هُرَيْرَةَ قَالَ: سَمِعْتُ رَسُولَ اللهِ ﷺ يَقُولُ: وَالَّذِي نَفْسِي بِيَدِهِ، لَوْلَا أَنَّ رِجَالًا يَكْرَهُونَ أَنْ يَتَخَلَّفُوا بَعْدِي، وَلَا أَجِدُ مَا أَحْمِلُهُمْ، مَا تَخَلَّفْتُ، لَوَدِدْتُ أَنِّي أُقْتَلُ فِي سَبِيلِ اللهِ، ثُمَّ أُحْيَا ثُمَّ أُقْتَلُ، ثُمَّ أُحْيَا ثُمَّ أُقْتَلُ، ثُمَّ أُحْيَا ثُمَّ أُقْتَلُ.,އަބޫ ހުރައިރާ رَضِيَ اللَّهُ عَنْهُ ރިވާ ކުރެއްވިއެވެ: ރަސޫލު ﷲ ﷺ ޙަދީޘް ކުރައްވަނިކޮށް ތިމަން އަޑު އެހީމެވެ: ”ތިމަން ނަބިއްޔާގެ ނަފްސުފުޅު އެ ފަރާތެއްގެ އަތްޕުޅުގައިވާ އިލާހު ގަންދީ ބުނަމެވެ. (ހަނގުރާމައަށް ނުކުންނަ ހިނދު) ތިމަން ނަބިއްޔާގެ ފަހަތުގައި މަޑުކުރުމަށް ނުރުހޭ ފިރިހެނުންތަކެއް ނުވާ ނަމަ، އަދި (އެކުގައި) އެބައިމީހުން ގެންދިޔުމަށް ސަވާރު ވާނެ އެއްޗެއް ތިމަން ނަބިއްޔާއަށް ހޯދެވުނު ނަމަ، (ﷲގެ މަގުގައި ހަނގުރާމައަށް ނުކުންނަ ލަޝްކަރެއްގެ ފަހަތުން) ނުގޮސް ތިމަން ނަބިއްޔާ ނީންނެވީމުހެވެ. އަދި ހަމަކަށަވަރުން ﷲގެ މަގުގައި ގަތުލުވުމަށް ފަހު އަލުން ދިރުއްވި، ދެން އަނެއްކާވެސް ގަތުލުވުމަށް ފަހު އަލުން ދިރުއްވި، އަނެއްކާވެސް ގަތުލުވުމަށް ތިމަން ނަބިއްޔާ ލޯބި ކުރައްވަމެވެ.“,b36
صحيح البخاري,7227,حَدَّثَنَا عَبْدُ اللهِ بْنُ يُوسُفَ، أَخْبَرَنَا مَالِكٌ، عَنْ أَبِي الزِّنَادِ، عَنِ الْأَعْرَجِ، عَنْ أَبِي هُرَيْرَةَ: أَنَّ رَسُولَ اللهِ ﷺ قَالَ: وَالَّذِي نَفْسِي بِيَدِهِ، وَدِدْتُ أَنِّي لَأُقَاتِلُ فِي سَبِيلِ اللهِ فَأُقْتَلُ، ثُمَّ أُحْيَا ثُمَّ أُقْتَلُ، ثُمَّ أُحْيَا ثُمَّ أُقْتَلُ، ثُمَّ أُحْيَا ثُمَّ أُقْتَلُ، ثُمَّ أُحْيَا. فَكَانَ أَبُو هُرَيْرَةَ يَقُولُهُنَّ ثَلَاثًا، أَشْهَدُ بِاللهِ.,އަބޫ ހުރައިރާ رَضِيَ اللَّهُ عَنْهُ ރިވާ ކުރެއްވިއެވެ: ރަސޫލު ﷲ ﷺ ޙަދީޘް ކުރައްވަނިކޮށް ތިމަން އަޑު އެހީމެވެ: ”ތިމަން ނަބިއްޔާގެ ނަފްސުފުޅު އެ ފަރާތެއްގެ އަތްޕުޅުގައިވާ އިލާހު ގަންދީ ބުނަމެވެ. ހަމަކަށަވަރުން ﷲގެ މަގުގައި ހަނގުރާމަކޮށް ގަތުލުވުމަށް ފަހު އަލުން ދިރުއްވި، ދެން އަނެއްކާވެސް ގަތުލުވުމަށް ފަހު އަލުން ދިރުއްވި، ދެން އަނެއްކާވެސް ގަތުލުވުމަށް ފަހު އަލުން ދިރުއްވި، ދެން އަނެއްކާވެސް ގަތުލުވުމަށް ފަހު އަލުން ދިރުއްވުމަށް ތިމަން ނަބިއްޔާ ލޯބި ކުރައްވަމެވެ.“ ރާވީ ދެންނެވިއެވެ: އަބޫ ހުރައިރާ އެފަދައިން ތިން ފަހަރު ވިދާޅުވިކަމަށް ﷲ ގަންދީ ތިމަން ހެކިވަމެވެ.,b36
صحيح البخاري,7252,حَدَّثَنَا يَحْيَى، حَدَّثَنَا وَكِيعٌ، عَنْ إِسْرَائِيلَ، عَنْ أَبِي إِسْحَاقَ، عَنِ الْبَرَاءِ قَالَ: لَمَّا قَدِمَ رَسُولُ اللهِ ﷺ الْمَدِينَةَ، صَلَّى نَحْوَ بَيْتِ الْمَقْدِسِ سِتَّةَ عَشَرَ، أَوْ سَبْعَةَ عَشَرَ شَهْرًا، وَكَانَ يُحِبُّ أَنْ يُوَجَّهَ إِلَى الْكَعْبَةِ، فَأَنْزَلَ اللهُ تَعَالَى: { قَدْ نَرَى تَقَلُّبَ وَجْهِكَ فِي السَّمَاءِ فَلَنُوَلِّيَنَّكَ قِبْلَةً تَرْضَاهَا } فَوُجِّهَ نَحْوَ الْكَعْبَةِ، وَصَلَّى مَعَهُ رَجُلٌ الْعَصْرَ، ثُمَّ خَرَجَ، فَمَرَّ عَلَى قَوْمٍ مِنَ الْأَنْصَارِ، فَقَالَ: هُوَ يَشْهَدُ أَنَّهُ صَلَّى مَعَ النَّبِيِّ ﷺ، وَأَنَّهُ قَدْ وُجِّهَ إِلَى الْكَعْبَةِ، فَانْحَرَفُوا وَهُمْ رُكُوعٌ فِي صَلَاةِ الْعَصْرِ.,އަލްބަރާއު ބިން ޢާޒިބު ރިވާ ކުރެއްވިއެވެ: ރަސޫލު ﷲ ﷺ ފުރަތަމަ މަދީނާއަށް ވަޑައިގަތް ހިނދު، ސޯޅަ ނުވަތަ ސަތާރަ މަސްދުވަސް ވަންދެން ބައިތުލް މަގްދިސާ ދިމާލަށް ނަމާދު ކުރެއްވިއެވެ. އެހެނަސް ކަޢުބާއާ ދިމާލަށް ކުރިމަތިލެއްވުމަށް ނަބިއްޔާ ލޯބިފުޅު ކުރެއްވިއެވެ. އެހެނަސް ކަޢުބާއާ ދިމާލަށް ކުރިމަތިލެއްވުމަށް ނަބިއްޔާ ލޯބިފުޅު ކުރެއްވިއެވެ. ދެން ﷲ ތަޢާލާ ބާވައިލެއްވިއެވެ: ❞އުޑާ ދިމާލަށް ބައްލަވައިގެން އިބަ ނަބިއްޔާގެ މޫނުފުޅު އެފުށްމިފުށަށް އެނބުރުއްވާތަން ހަމަކަށަވަރުން ތިމަން އިލާހު ދެކެވޮޑިގެންވަމެވެ. ފަހެ އިބަ ނަބިއްޔާ ރުހިވޮޑިގަންނަވާނޭ ގިބްލައަކަށް ތިމަން އިލާހު އިބަ ނަބިއްޔާ ކުރިމަތި ކުރައްވާނަމެވެ.❝ ދެން ކަޢުބާއާ ދިމާލަށް ނަބިއްޔާ ކުރިމަތި ކުރެއްވުނެވެ. އަދި ނަބިއްޔާގެ އަރިހުގައި ޢަޞުރު ނަމާދު ކުރި މީހަކު، ނަމާދަށް ފަހު ނުކުމެ، (ނަމާދުގައި ބައިތުލް މަގްދިސާ ކުރިމަތިލައިގެން ތިބި) އަންޞާރުންގެ ބަޔަކު ކައިރިންލައިފާ ދިޔައެވެ. ﷲ ހެކިކޮށްފައި އޭނާ ދެންނެވިއެވެ: ހަމަކަށަވަރުން ނަބިއްޔާ ﷺ ގެ އަރިހުގައި ތިމަންނަ މިއައީ ނަމާދުކޮށްގެންނެވެ. އަދި ކަޢުބާއާ ދިމާލަށް ނަބިއްޔާ ކުރިމަތި ކުރެއްވުނެވެ. ދެން އެބައިމީހުން ހުރި ގޮތަށް ޢަޞުރު ނަމާދުގައި ރުކޫވެ ތިބެގެން ކަޢުބާއާ ދިމާލަށް އެނބުރުނެވެ.,b40
صحيح البخاري,7268,حَدَّثَنَا الْحُمَيْدِيُّ، حَدَّثَنَا سُفْيَانُ، عَنْ مِسْعَرٍ وَغَيْرِهِ، عَنْ قَيْسِ بْنِ مُسْلِمٍ، عَنْ طَارِقِ بْنِ شِهَابٍ قَالَ: قَالَ رَجُلٌ مِنَ الْيَهُودِ لِعُمَرَ: يَا أَمِيرَ الْمُؤْمِنِينَ، لَوْ أَنَّ عَلَيْنَا نَزَلَتْ هَذِهِ الْآيَةُ: { الْيَوْمَ أَكْمَلْتُ لَكُمْ دِينَكُمْ وَأَتْمَمْتُ عَلَيْكُمْ نِعْمَتِي وَرَضِيتُ لَكُمُ الإِسْلامَ دِينًا } لَاتَّخَذْنَا ذَلِكَ الْيَوْمَ عِيدًا، فَقَالَ عُمَرُ: إِنِّي لَأَعْلَمُ أَيَّ يَوْمٍ نَزَلَتْ هَذِهِ الْآيَةُ، نَزَلَتْ يَوْمَ عَرَفَةَ، فِي يَوْمِ جُمُعَةٍ. سَمِعَ سُفْيَانُ مِنْ مِسْعَرٍ، وَمِسْعَرٌ قَيْسًا، وَقَيْسٌ طَارِقًا.,ޠާރިގު ބިން ޝިހާބު ރިވާ ކުރެއްވިއެވެ: ޔަހޫދީންގެ ތެރެއިން މީހަކު ޢުމަރަށް ދެންނެވިއެވެ: ދެންނެވިއެވެ: އޭ އަމީރުލް މުއުމިނީނެވެ. ތިމަންމެންގެ މައްޗަށް މި އާޔަތް ބާވައިލެވުނު ނަމަ، ❞މިއަދު، ތިޔަބައިމީހުންގެ ދީން ތިޔަބައިމީހުންނަށް ޓަކައި ތިމަން އިލާހު ފުރިހަމަކޮށް ދެއްވައިފީމެވެ. އަދި ތިޔަބައިމީހުންގެ މައްޗަށް ތިމަން އިލާހުގެ ނިޢުމަތް ފުރިހަމަކޮށް ދެއްވައިފީމެވެ. އަދި އިސްލާމް ތިޔަބައިމީހުންނަށް ދީނެއް ކަމުގައި ތިމަން އިލާހު ރުހިވޮޑިގެންފީމެވެ.❝ އެ ދުވަސް ޢީދެއްގެ ގޮތުގައި ނެގީމުސްކަން ކަށަވަރެވެ. އެކަލޭގެފާނު ދެންނެވިއެވެ: ހަމަކަށަވަރުން އެ އާޔަތް ބާވައިލެވުނު ދުވަސް ތިމަން ދެނެހުރީމެވެ. ބާވައިލެއްވުނީ އަރަފާތް ދުވަހު، ހުކުރު ދުވަހެއްގައެވެ.,b45
صحيح البخاري,7280,حَدَّثَنَا مُحَمَّدُ بْنُ سِنَانٍ، حَدَّثَنَا فُلَيْحٌ، حَدَّثَنَا هِلَالُ بْنُ عَلِيٍّ، عَنْ عَطَاءِ بْنِ يَسَارٍ، عَنْ أَبِي هُرَيْرَةَ: أَنَّ رَسُولَ اللهِ ﷺ قَالَ: كُلُّ أُمَّتِي يَدْخُلُونَ الْجَنَّةَ إِلَّا مَنْ أَبَى قَالُوا: يَا رَسُولَ اللهِ، وَمَنْ يَأْبَى؟ قَالَ: مَنْ أَطَاعَنِي دَخَلَ الْجَنَّةَ، وَمَنْ عَصَانِي فَقَدْ أَبَى.,އަބޫ ހުރައިރާ ރިވާ ކުރެއްވިއެވެ: ރަސޫލު ﷲ ﷺ ޙަދީޘް ކުރެއްވިއެވެ: ”ތިމަން ނަބިއްޔާގެ އުއްމަތުގެ އެންމެން ސުވަރުގެ ވަންނާނެއެވެ. އިންކާރުކޮށްފި މީހެއް މެނުވީއެވެ. ޞަޙާބީން ސުވާލު ކުރެއްވިއެވެ: އޭ اﷲގެ ރަސޫލާއެވެ. އިންކާރު ކުރާނީ ފަހެ ކާކުތޯއެވެ؟“ ނަބިއްޔާ ޙަދީޘް ކުރެއްވިއެވެ: ”ތިމަން ނަބިއްޔާއަށް ތަބާވެއްޖެ މީހާ ސުވަރުގެ ވަންނާނެއެވެ. އަދި ތިމަން ނަބިއްޔާއަށް ނުކިޔަމަންތެރިވެއްޖެ މީހާ، ފަހެ އިންކާރުކޮށްފިކަން ކަށަވަރެއެވެ.“,
صحيح البخاري,7280,كُلُّ أُمَّتي يَدْخُلُونَ الجَنَّةَ إِلَّا مَن أَبَى، قالوا: يا رَسُولَ اللَّهِ، وَمَن يَأْبَى؟ قالَ: مَن أَطَاعَنِي دَخَلَ الجَنَّةَ، وَمَن عَصَانِي فقَدْ أَبَى,ދެކޮޅުހަފައިފި މީހަކުމެނުވީ ތިމަންކަލޭގެފާނުގެ މުޅިއުއްމަތް ސުވަރުގެ ވަންނާނެއެވެ. އެހިނދު ޞަޙާބީން ސުވާލުކުރެއްވިއެވެ. އޭ ﷲ ގެ ރަސޫލާއެވެ. ދެކޮޅުހަދަނީ ކާކުތޯއެވެ؟ އެކަލޭގެފާނު ވިދާޅުވިއެވެ. ތިމަންކަލޭގެފާނަށް ކިޔަމަންވެއްޖެ މީހާ ސުވަރުގެ ވަދެއްޖެއެވެ. އަދި ތިމަންކަލޭގެފާނަށް އުރެދިއްޖެމީހާ ހަމަކަށަވަރުންވެސް ދެކޮޅުހަދައިފިއެވެ.,
صحيح البخاري,7288,حَدَّثَنَا إِسْمَاعِيلُ، حَدَّثَنِي مَالِكٌ، عَنْ أَبِي الزِّنَادِ، عَنِ الْأَعْرَجِ، عَنْ أَبِي هُرَيْرَةَ عَنِ النَّبِيِّ ﷺ قَالَ: دَعُونِي مَا تَرَكْتُكُمْ، إِنَّمَا هَلَكَ مَنْ كَانَ قَبْلَكُمْ بِسُؤَالِهِمْ وَاخْتِلَافِهِمْ عَلَى أَنْبِيَائِهِمْ، فَإِذَا نَهَيْتُكُمْ عَنْ شَيْءٍ فَاجْتَنِبُوهُ، وَإِذَا أَمَرْتُكُمْ بِأَمْرٍ فَأْتُوا مِنْهُ مَا اسْتَطَعْتُمْ.,އަބޫ ހުރައިރާ ރިވާ ކުރެއްވިއެވެ: ނަބިއްޔާ ﷺ ޙަދީޘް ކުރެއްވިއެވެ: ”(މާ ގިނައިން ސުވާލު ނުކުރައްވާ) ތިމަން ނަބިއްޔާ ތިޔަބައިމީހުންނަށް ކަންތައްތައް ދޫކުރެއްވި ގޮތަށް (އެ ކަންތައްތައް) ތިޔަބައިމީހުން ދޫކުރައްވާށެވެ. ހަމަކަށަވަރުން ތިޔަބައިމީހުންގެ ކުރީގެ (އުއްމަތްތަކުގެ) މީހުން ހަލާކުވެދިޔައީ އެބައިމީހުންގެ ސުވާލުތަކުގެ ސަބަބުންނާއި، އަދި އެބައިމީހުންގެ ނަބިއްޔުންނާ އެބައިމީހުން ޚިލާފުވެގަތުމުންނެވެ. ވީމާ، ތިމަން ނަބިއްޔާ ކަމަކުން ތިޔަބައިމީހުންނަށް ނަހީ ކުރައްވައިފި ހިނދު، ފަހެ އެ ކަމަކުން ތިޔަބައިމީހުން ދުރުވެގަންނާށެވެ. އަދި ތިމަން ނަބިއްޔާ ކަމަކުން ތިޔަބައިމީހުންނަށް އަމުރު ކުރައްވައިފި ހިނދު، ފަހެ އެ ކަމެއް ތިޔަބައިމީހުންނަށް ކުޅަދާނަވި ވަރަކުން ކުރާށެވެ.“,
صحيح البخاري,7292,إنَّ نَبِيَّ اللَّهِ صَلَّى اللهُ عليه وسلَّمَ كانَ يقولُ في دُبُرِ كُلِّ صَلَاةٍ: لا إلَهَ إلَّا اللَّهُ وحْدَهُ لا شَرِيكَ له، له المُلْكُ، وله الحَمْدُ، وهو علَى كُلِّ شيءٍ قَدِيرٌ، اللَّهُمَّ لا مَانِعَ لِما أعْطَيْتَ، ولَا مُعْطِيَ لِما مَنَعْتَ، ولَا يَنْفَعُ ذَا الجَدِّ مِنْكَ الجَدُّ وكَتَبَ إلَيْهِ إنَّه كانَ يَنْهَى عن قيلَ وقالَ، وكَثْرَةِ السُّؤَالِ، وإضَاعَةِ المَالِ، وكانَ يَنْهَى عن عُقُوقِ الأُمَّهَاتِ، ووَأْدِ البَنَاتِ، ومَنْعٍ وهَاتِ.,ﷲ ފިޔަވާ އަޅުކަންކުރުން ހައްގުވާ އިލާހަކު ނުވެއެވެ. (އަޅުކަންކުރުން ހައްގުވަނީ) ހަމައެކަނި އެ އިލާހަށެވެ. އެ އިލާހަށް އެއްވެސް ބައިވެރިއަކު ނުވެއެވެ. ވެރިކަން ވަނީ އެ އިލާހަށެވެ. އަދި ހަމްދު ވަނީ އެ އިލާހަށެވެ. އަދި އެ އިލާހު ހުރިހާ ކަމެއްގެ މައްޗަށް ކުޅަދުންވަންތަވެ ވޮޑިގެންވެއެވެ. އޭ ﷲ އެވެ. އިބަ އިލާހު ދެއްވި އެއްޗެއް މަނާކުރާނެ ފަރާތެއް ނުވެއެވެ. އަދި އިބަ އިލާހު މަނާކުރެއްވި އެއްޗެއް ދޭނެ ފަރާތެއް ނުވެއެވެ. އަދި މުއްސަނދިކަމުގެ ވެރިޔަކަށް، އޭނާގެ މުއްސަނދިކަމުން އިބަ އިލާހުގެ ހަޒްރަތުގައި ފައިދާއެއް ނުކުރާނެއެވެ.,
صحيح البخاري,7369,فقالوا : ما صنَعْنا ؟ رَدَدْنا على رسولِ اللهِ رأيَه فجاءوا ، فقالوا : شأنُكَ يا رسولَ اللهِ صلَّى اللهُ عليه وسلَّم ، قال : الآنَ ليس لنبيٍّ إذا لبِس لَأْمَتَه أن يضَعَها حتى يُقاتِلَ,ތިޔަބައިމީހުން رسول الله ﷺނުކުންނެވުމަށް މަޖުބޫރުކޮށް ފީމެވެ. އެކަލޭގެފާނަށް ފެނިވަޑައިގެންނެވިގޮތް ރައްދުކޮށް ފީމެވެ. ފަހެ އެއެންމެބޭކަލުން އެބޭކަލުންނަށް ކުރެވުނުކަންތަކަށް ދެރަފުޅުވެވަޑައިގެން ހިތާމަކުރެއްވިއެވެ. ފަހެ އިތުރުއެކަލޭގެފާނު ނުކުމެވަޑައި ގެންނެވި ހިނދު އިތުރުއެކަލޭގެފާނަށް އެވާހަކަދެންނެވިއެވެ. އޭﷲގެ ރަސޫލާއެވެ. ކަލޭގެފާނާއި ޚިލާފުކުރުމެއް ތިމަންމެނަކަށް ނުވެއެވެ. ފަހެ ކަލޭގެފާނު އެދިވަޑައި ގަންނަވާގޮތަކަށް ކަންތައް ކުރައްވާށެވެ. މަދީނާގައި ހުންނަވަން ލޯބިފުޅުކުރައްވާނަމަ މަދީނާގައި މަޑުކުރައްވާށެވެ. ފަހެ رسول الله ﷺ ޙަދީޘުކުރެއްވިއެވެ. ހަނގުރާމައިގެ ހެނދުން އެޅުމަށްފަހު އެބޭއްލެވުމެން ނަބީބޭކަލަކަށް ނުވެއެވެ. އޭނާޔާއި ދުޝްމަނުންނާއި ދެމެދު ކީރިތިﷲ ކުރައްވާ ޙުކުމެއް ކުރައްވައިފުމަށް ދާނދެނެވެ.,
صحيح البخاري,7373,"عَنْ مُعَاذِ بْنِ جَبَلٍ، قَالَ قَالَ النَّبِيُّ ﷺ "" يَا مُعَاذُ أَتَدْرِي مَا حَقُّ اللَّهِ عَلَى الْعِبَادِ ""‌. قَالَ اللَّهُ وَرَسُولُهُ أَعْلَمُ. قَالَ "" أَنْ يَعْبُدُوهُ وَلاَ يُشْرِكُوا بِهِ شَيْئًا، أَتَدْرِي مَا حَقُّهُمْ عَلَيْهِ ""‌. قَالَ اللَّهُ وَرَسُولُهُ أَعْلَمُ. قَالَ "" أَنْ لاَ يُعَذِّبَهُمْ ""‌.","މުޢާޛު ބިން ޖަބަލް ރަޟިޔަﷲ ޢަންހުގެ ކިބައިން ރިވާވެގެންވެއެވެ. ރަސޫލުﷲ ﷺ ޙަދީޘްކުރެއްވިއެވެ. ""އޭ މުޢާޛެވެ. އަޅުތަކުންގެ މައްޗަށްވާ ﷲގެ ޙައްގަކީ ކޮބައިކަން އެނގޭ ހެއްޔެވެ؟"" އެކަލޭގެފާނު ވިދާޅުވިއެވެ. އެންމެ މޮޅަށް ދެނެވޮޑިގެންވަނީ ﷲއާއި އަދި އެ އިލާހުގެ ރަސޫލާއެވެ. ޙަދީޘްކުރެއްވިއެވެ. ""އެއީ ﷲއަށް އެއްވެސް އެއްޗެއް ޝަރީކުކުރުމެއްނެތި އަޅުކަންކުރުމެވެ. ﷲގެ މައްޗަށްވާ އެބައިމީހުންގެ ޙައްގަކީ ކޮބައިކަން ކަލޭގެފާނަށް އެނގޭ ހެއްޔެވެ؟"" ވިދާޅުވިއެވެ. އެންމެ މޮޅަށް ދެނެވޮޑިގެންވަނީ ﷲއާއި އަދި އެ އިލާހުގެ ރަސޫލާއެވެ. ޙަދީޘްކުރެއްވިއެވެ: ""އެބައިމީހުންނަށް ޢަޛާބު ނުދެއްވުމެވެ""",
صحيح البخاري,7375,عن عائشة رضي الله عنها: (أَنَّ رَسُولَ اللَّهِ ﷺ بَعَثَ رَجُلاً عَلَى سَرِيَّة.ٍ فَكَانَ يَقْرَأُ لأَصْحَابِهِ فِي صَلاتِهِمْ، فَيَخْتِمُ بـ (قُلْ هُوَ اللَّهُ أَحَدٌ) فَلَمَّا رَجَعُوا ذَكَرُوا ذَلِكَ لِرَسُولِ اللهِ ﷺ. فَقَالَ: (سَلُوهُ لأَيِّ شَيْءٍ يصْنَعُ ذَلِكَ؟) فَسَأَلُوهُ فَقَالَ: لأَنَّهَا صِفَةُ الرَّحْمنِ عز وجل، فَأَنَا أُحِبُّ أَنْ أَقْرَأَ بِهَا، فَقَالَ رَسُولُ اللَّهِ ﷺ: (أَخْبِرُوهُ: أَنَّ اللهَ تَعَالَى يُحِبُّهُ).,"ޢާއިޝާ ރަޟިޔަﷲ ޢަންހާގެ ކިބައިން ރިވާވެގެންވެއެވެ: ހަމަކަށަވަރުން ރަސޫލުﷲ ﷺ ބޭކަލެއް ކުޑަ ލަޝްކަރެއްގެ މައްޗަށް ވެރިކުރައްވާފައި ފޮނުއްވިއެވެ. އަދި އެކަލޭގެފާނު އެކަލޭގެފާނުގެ ލަޝްކަރުގެ މީހުންނާއިގެން އެބައިމީހުންގެ ނަމާދުގައި ކިޔަވާ ވިދާޅުވެ (ފާތިޙާއަށް ފަހު އެހެން ސޫރަތެއް ކިޔެވުމަށްފަހު ކިޔެވުން) ނިންމަވަނީ قُلْ هُوَ اللَّهُ أَحَدٌ މިސޫރަތުންނެވެ. ދެން އެލަޝްކަރު (މަދީނާއަށް) ރުޖޫޢަވުމުން އެބައިމީހުން އެވާހަކަ ރަސޫލުﷲ ﷺ އަށް ދަންނަވައިފިއެވެ. ދެން އެކަލޭގެފާނު ޙަދީޘްކުރެއްވިއެވެ: ""އެކަލޭގެފާނު އެފަދައިން ކަންތައްކުރެއްވީ ކޮންކަމަކާހުރެތޯ ތިޔަބައިމީހުން އެކަލޭގެފާނާއި ސުވާލުކުރައްވާށެވެ."" ދެން އެބައިމީހުން ސުވާލުކުރެއްވުމުން އެކަލޭގެފާނު ދަންނަވައިފިއެވެ: އެއީ އައްރަޙުމާނު(ﷲގެ) ސިފަފުޅުތައް ހިމެނޭ ސޫރަތަކަށް ވުމުންނެވެ. ފަހެ ތިމަންކަލޭގެފާނު އެސޫރަތް ކިޔެވުމަށް ލޯބިކުރައްވަނީއެވެ. ދެން ރަސޫލުﷲ ﷺ (އެކަން އެނގިވަޑައިގަތުމުން) ޙަދީޘްކުރެއްވިއެވެ: ""އެކަލޭގެފާނަށް ތިޔަބައިމީހުން ޚަބަރު ދެއްވާށެވެ. ހަމަކަށަވަރުން ﷲ ތަޢާލާ އެކަލޭގެފާނު ދެކެ ލޯބިވެ ވޮޑިގަންނަވައެވެ.""",
صحيح البخاري,7383,عَنِ ابْنِ عَبَّاسٍ، أَنَّ رَسُولَ اللهِ صَلَّى اللهُ عَلَيْهِ وَسَلَّمَ، كَانَ يَقُولُ: «اللهُمَّ إِنِّي أَعُوذُ بِعِزَّتِكَ، لَا إِلَهَ إِلَّا أَنْتَ، أَنْ تُضِلَّنِي، أَنْتَ الْحَيُّ الَّذِي لَا يَمُوتُ، وَالْجِنُّ وَالْإِنْسُ يَمُوتُونَ,އިބްނު ޢައްބާސް –رضي الله عنهما- ގެ އަރިހުން ރިވާވެގެންވެއެވެ. ނަބިއްޔާ ﷺ ޙަދީޘްކުރައްވާ ކަމުގައިވެއެވެ. “އޭﷲ! އިބައިލާހު މެނުވީ މިއަޅާ މަގުފުރެއްދޭނޭ އިލާހެއް ނުވެއެވެ. އިބައިލާހުގެ ޢިއްޒަތްވަންތަކަން މެދުވެރިކޮށް، މިއަޅާ އިބައިލާހުގެ ހަޒްރަތުން ރައްކާތެރިކަމަށް އެދެމެވެ. އިބައިލާހީ އަވަހާރަވުމެއް ނުވާ، ދާއިމަށް ދިރިދެމިވޮޑިގެންވާ އިލާހެވެ. އަދި ޖިންނީންނާއި އިންސީންނަކީ މަރުވާނެ ބަޔެކެވެ.,
صحيح البخاري,7405,يقولُ اللَّهُ تَعالَى: أنا عِنْدَ ظَنِّ عَبْدِي بي، وأنا معهُ إذا ذَكَرَنِي، فإنْ ذَكَرَنِي في نَفْسِهِ ذَكَرْتُهُ في نَفْسِي، وإنْ ذَكَرَنِي في مَلَإٍ ذَكَرْتُهُ في مَلَإٍ خَيْرٍ منهمْ، وإنْ تَقَرَّبَ إلَيَّ بشِبْرٍ تَقَرَّبْتُ إلَيْهِ ذِراعًا، وإنْ تَقَرَّبَ إلَيَّ ذِراعًا تَقَرَّبْتُ إلَيْهِ باعًا، وإنْ أتانِي يَمْشِي أتَيْتُهُ هَرْوَلَةً.,ﷲ ސުބުޙާނަހޫ ވަތަޢާލާ (ގުދުސީ ޙަދީޘެއްގައި) ވަހީކުރެއްވިއެވެ. ތިމަންރަސްކަލާނގެއާމެދު ތިމަންރަސްކަލާންގެ އަޅާ އުންމީދު ކުރާ ގޮތެއްގައި ތިމަންރަސްކަލާނގެ ވޮޑިގެންވަމެވެ. އަދި އޭނާ ތިމަންރަސްކަލާނގެ މަތީން ހަނދުމަކޮށްފިނަމަ އޭނާއާއެކު ތިމަންރަސްކަލާނގެ ވޮޑިގެންވަމެވެ. އޭނާ ތިމަންރަސްކަލާނގެ މަތިން ހަނދުމަކުރީ އެކަނިހުރެ ކަމުގައި ވަނީނަމަ، ތިމަންރަސްކަލާނގެ އޭނާގެމަތީން ހަނދުމަކުރައްވާ ހުށީމެވެ. އަދި އޭނާ ތިމަންރަސްކަލާނގެ މަތީން ހަނދުމަކުރީ ޖަމާއަތެއްގައި ކަމުގައި ވަނީނަމަ އެއަށްވުރެ ހެޔޮކަންބޮޑު ޖަމާއަތެއްގައި އޭނާ ހަނދުމަކުރައްވާ ހުށީމެވެ. އޭނާ ތިމަންރަސްކަލާނގެއާ ކައިވަތަކުން ގާތްވެއްޖެނަމަ، ތިމަންރަސްކަލާނގެ އޭނާއާ މުށަކަށް ގާތްވެވޮޑިގަންނަވާ ހުށީމެވެ. އަދި އޭނާ ތިމަންރަސްކަލާންގެއާއި މުށަކަށް ގާތްވެއްޖެނަމަ، ބާޢަކަށް (ދެއަތުގެ ދުރުމިނަށް) ގާތްވެވޮޑިގަންނަވާ ހުށީމެވެ. އޭނާ ތިމަންރަސްކަލާނގެއަށް ހިނގާފައި އަތުވެއްޖެނަމަ، ތިމަންރަސްކަލާނގެ ބާރު ހިނގުމަކުން އޭނާގެ ގާތަށް ދާހުށީމެވެ.,
صحيح البخاري,7410,حَدَّثَنِي مُعَاذُ بْنُ فَضَالَةَ، حَدَّثَنَا هِشَامٌ، عَنْ قَتَادَةَ، عَنْ أَنَسٍ: أَنَّ النَّبِيَّ ﷺ قَالَ: يَجْمَعُ اللهُ الْمُؤْمِنِينَ يَوْمَ الْقِيَامَةِ كَذَلِكَ، فَيَقُولُونَ: لَوِ اسْتَشْفَعْنَا إِلَى رَبِّنَا حَتَّى يُرِيحَنَا مِنْ مَكَانِنَا هَذَا، فَيَأْتُونَ آدَمَ فَيَقُولُونَ: يَا آدَمُ، أَمَا تَرَى النَّاسَ، خَلَقَكَ اللهُ بِيَدِهِ وَأَسْجَدَ لَكَ مَلَائِكَتَهُ، وَعَلَّمَكَ أَسْمَاءَ كُلِّ شَيْءٍ، شَفِّعْ لَنَا إِلَى رَبِّنَا حَتَّى يُرِيحَنَا مِنْ مَكَانِنَا هَذَا، فَيَقُولُ: لَسْتُ هُنَاكَ، وَيَذْكُرُ لَهُمْ خَطِيئَتَهُ الَّتِي أَصَابَ، وَلَكِنِ ائْتُوا نُوحًا، فَإِنَّهُ أَوَّلُ رَسُولٍ بَعَثَهُ اللهُ إِلَى أَهْلِ الْأَرْضِ، فَيَأْتُونَ نُوحًا، فَيَقُولُ: لَسْتُ هُنَاكُمْ، وَيَذْكُرُ خَطِيئَتَهُ الَّتِي أَصَابَ، وَلَكِنِ ائْتُوا إِبْرَاهِيمَ خَلِيلَ الرَّحْمَنِ، فَيَأْتُونَ إِبْرَاهِيمَ فَيَقُولُ: لَسْتُ هُنَاكُمْ، وَيَذْكُرُ لَهُمْ خَطَايَاهُ الَّتِي أَصَابَهَا، وَلَكِنِ ائْتُوا مُوسَى، عَبْدًا آتَاهُ اللهُ التَّوْرَاةَ وَكَلَّمَهُ تَكْلِيمًا، فَيَأْتُونَ مُوسَى فَيَقُولُ: لَسْتُ هُنَاكُمْ، وَيَذْكُرُ لَهُمْ خَطِيئَتَهُ الَّتِي أَصَابَ، وَلَكِنِ ائْتُوا عِيسَى، عَبْدَ اللهِ وَرَسُولَهُ، وَكَلِمَتَهُ وَرُوحَهُ، فَيَأْتُونَ عِيسَى فَيَقُولُ: لَسْتُ هُنَاكُمْ، وَلَكِنِ ائْتُوا مُحَمَّدًا ﷺ، عَبْدًا غُفِرَ لَهُ مَا تَقَدَّمَ مِنْ ذَنْبِهِ وَمَا تَأَخَّرَ، فَيَأْتُونِي فَأَنْطَلِقُ فَأَسْتَأْذِنُ عَلَى رَبِّي فَيُؤْذَنُ لِي عَلَيْهِ، فَإِذَا رَأَيْتُ رَبِّي وَقَعْتُ لَهُ سَاجِدًا، فَيَدَعُنِي مَا شَاءَ اللهُ أَنْ يَدَعَنِي، ثُمَّ يُقَالُ لِي: ارْفَعْ مُحَمَّدُ، وَقُلْ يُسْمَعْ، وَسَلْ تُعْطَهْ، وَاشْفَعْ تُشَفَّعْ، فَأَحْمَدُ رَبِّي بِمَحَامِدَ عَلَّمَنِيهَا، ثُمَّ أَشْفَعُ، فَيَحُدُّ لِي حَدًّا فَأُدْخِلُهُمُ الْجَنَّةَ، ثُمَّ أَرْجِعُ فَإِذَا رَأَيْتُ رَبِّي وَقَعْتُ سَاجِدًا، فَيَدَعُنِي مَا شَاءَ اللهُ أَنْ يَدَعَنِي، ثُمَّ يُقَالُ: ارْفَعْ مُحَمَّدُ، وَقُلْ يُسْمَعْ، وَسَلْ تُعْطَهْ، وَاشْفَعْ تُشَفَّعْ، فَأَحْمَدُ رَبِّي بِمَحَامِدَ عَلَّمَنِيهَا رَبِّي، ثُمَّ أَشْفَعُ فَيَحُدُّ لِي حَدًّا فَأُدْخِلُهُمُ الْجَنَّةَ، ثُمَّ أَرْجِعُ، فَإِذَا رَأَيْتُ رَبِّي وَقَعْتُ سَاجِدًا، فَيَدَعُنِي مَا شَاءَ اللهُ أَنْ يَدَعَنِي، ثُمَّ يُقَالُ: ارْفَعْ مُحَمَّدُ، قُلْ يُسْمَعْ، وَسَلْ تُعْطَهْ، وَاشْفَعْ تُشَفَّعْ، فَأَحْمَدُ رَبِّي بِمَحَامِدَ عَلَّمَنِيهَا، ثُمَّ أَشْفَعُ فَيَحُدُّ لِي حَدًّا فَأُدْخِلُهُمُ الْجَنَّةَ، ثُمَّ أَرْجِعُ فَأَقُولُ: يَا رَبِّ مَا بَقِيَ فِي النَّارِ إِلَّا مَنْ حَبَسَهُ الْقُرْآنُ، وَوَجَبَ عَلَيْهِ الْخُلُودُ قَالَ النَّبِيُّ ﷺ: يَخْرُجُ مِنَ النَّارِ مَنْ قَالَ لَا إِلَهَ إِلَّا اللهُ، وَكَانَ فِي قَلْبِهِ مِنَ الْخَيْرِ مَا يَزِنُ شَعِيرَةً، ثُمَّ يَخْرُجُ مِنَ النَّارِ مَنْ قَالَ لَا إِلَهَ إِلَّا اللهُ، وَكَانَ فِي قَلْبِهِ مِنَ الْخَيْرِ مَا يَزِنُ بُرَّةً، ثُمَّ يَخْرُجُ مِنَ النَّارِ مَنْ قَالَ لَا إِلَهَ إِلَّا اللهُ، وَكَانَ فِي قَلْبِهِ مَا يَزِنُ مِنَ الْخَيْرِ ذَرَّةً.,އަނަސް ރިވާ ކުރެއްވިއެވެ: ނަބިއްޔާ ﷺ ޙަދީޘް ކުރެއްވިއެވެ: ”ގިޔާމަތް ދުވަހު ﷲ މީސްތަކުން އެއްކުރައްވާނެއެވެ. އެހެން ވުމުން އެބައިމީހުން ދަންނަވާނެއެވެ: މި ތަނުން ސަލާމަތް ކޮށްދެއްވުމަށް އެދި ތިމަންގެ ރައްބުގެ ހަޒްރަތުގައި ޝަފާޢަތްތެރިވުމަށް މީހަކު ގާތު ދަންނަވަމާތޯއެވެ. ދެން އާދަމުގެފާނު އަރިހަށް އައިސް ދަންނަވާނެއެވެ: އޭ އާދަމުގެފާނެވެ. މީސްތަކުން (ގެ ޙާލަތު) ފެނިވަޑައި ނުގަންނަވަމުތޯއެވެ؟ ﷲ ތިބާ އުފެއްދެވީ އެ އިލާހުގެ އަތްޕުޅުންނެވެ. އަދި މަލާއިކަތުން ތިބާއަށް ސަޖިދަ ކުރުވިއެވެ. އަދި ތިބާއަށް ހުރިހާ އެއްޗެއްގެ ނަންތައް އުނގަންނަވައި ދެއްވިއެވެ. ވީމާ ތިމަންމެން މި ތަނުން ސަލާމަތް ކޮށްދެއްވުމަށް އެދި ތިމަންމެންގެ ރައްބުގެ ހަޒްރަތުގައި ޝަފާޢަތްތެރިވާށެވެ. ދެން އާދަމުގެފާނު ދަންނަވާނެއެވެ: ތިމަން ކަލޭގެފާނީ ތިކަމަށް އެކަށީގެންވާ ބޭކަލެއް ނޫނެކީމެވެ. އަދި އެކަލޭގެފާނަށް ކުރެވުނު ކުށް އެބައިމީހުންނަށް ހަނދުމަ ކޮށްދެއްވާފައި ދަންނަވާނެއެވެ: އެހެނެއްކަމަކު ނޫޙުގެފާނު އަރިހަށް ދާށެވެ. އެކަލޭގެފާނީ ދުނިޔޭގެ މީސްތަކުންނަށް ﷲ ފޮނުއްވި އެންމެ ފުރަތަމަ ރަސޫލާއެވެ. ދެން އެބައިމީހުން ނޫޙުގެފާނު އަރިހަށް ދިޔުމުން އެކަލޭގެފާނު ދަންނަވާނެއެވެ: ތިމަން ކަލޭގެފާނީ ތިކަމަށް އެކަށީގެންވާ ބޭކަލެއް ނޫނެކީމެވެ. އަދި އެކަލޭގެފާނަށް ކުރެވުނު ކުށް އެބައިމީހުންނަށް ހަނދުމަ ކޮށްދެއްވާފައި ދަންނަވާނެއެވެ: އެހެނެއްކަމަކު އިބްރާހީމްގެފާނު އަރިހަށް ދާށެވެ. އެކަލޭގެފާނީ ﷲ ގެ ޚަލީލެވެ. ދެން އެބައިމީހުން އިބްރާހީމްގެފާނު އަރިހަށް ދިޔުމުން އެކަލޭގެފާނު ދަންނަވާނެއެވެ: ތިމަން ކަލޭގެފާނީ ތިކަމަށް އެކަށީގެންވާ ބޭކަލެއް ނޫނެކީމެވެ. އަދި އެކަލޭގެފާނަށް ކުރެވުނު ކުށްތައް އެބައިމީހުންނަށް ހަނދުމަ ކޮށްދެއްވާފައި ދަންނަވާނެއެވެ: އެހެނެއްކަމަކު މޫސާގެފާނު އަރިހަށް ދާށެވެ. އެކަލޭގެފާނީ، ﷲ އެކަލޭގެފާނަށް ތައުރާތު ދެއްވައި، މެދުވެރިއެއް ނެތި ބަސް ވަހީ ކުރެއްވި އަޅެކެވެ. ދެން އެބައިމީހުން މޫސާގެފާނު އަރިހަށް ދިޔުމުން އެކަލޭގެފާނު ދަންނަވާނެއެވެ: ތިމަން ކަލޭގެފާނީ ތިކަމަށް އެކަށީގެންވާ ބޭކަލެއް ނޫނެކީމެވެ. އަދި އެކަލޭގެފާނަށް ކުރެވުނު ކުށް އެބައިމީހުންނަށް ހަނދުމަ ކޮށްދެއްވާފައި ދަންނަވާނެއެވެ: އެހެނެއްކަމަކު ޢީސާގެފާނު އަރިހަށް ދާށެވެ. އެކަލޭގެފާނީ ﷲގެ އަޅާ އަދި ރަސޫލާއެވެ. އަދި އެ އިލާހުގެ ކަލިމަފުޅު (ވަހީ ކުރެއްވުމުން ވުޖޫދުވެވަޑައިގަތް ބޭކަލަކާއި، އެ އިލާހު ލެއްވި) ފުރާނަފުޅެކެވެ. ދެން އެބައިމީހުން ޢީސާގެފާނު އަރިހަށް ދިޔުމުން އެކަލޭގެފާނު ދަންނަވާނެއެވެ: ތިމަން ކަލޭގެފާނީ ތިކަމަށް އެކަށީގެންވާ ބޭކަލެއް ނޫނެކީމެވެ. އެހެނެއްކަމަކު މުޙައްމަދު ﷺ އަރިހަށް ދާށެވެ. އެކަލޭގެފާނީ، އެކަލޭގެފާނުގެ އިސްވެދިޔަ ފާފަތަކާއި، ފަހުން އަންނާނެ ފާފަތައް ފުއްސެވިފައިވާ އަޅެކެވެ. ދެން އެބައިމީހުން ތިމަން ނަބިއްޔާގެ އަރިހަށް އަންނާނެއެވެ. އަދި ތިމަން ނަބިއްޔާގެ ރައްބުގެ ހަޒްރަތަށް ވަޑައިގެން ހުއްދައަށް އެދުމުން، ތިމަން ނަބިއްޔާއަށް ހުއްދަ ދެވޭނެއެވެ. އަދި ތިމަން ނަބިއްޔާގެ ރައްބު ފެނިވަޑައިގަތުމުން ތިމަން ނަބިއްޔާ އެ އިލާހަށްޓަކައި ސަޖިދައަށް ވެއްޓިވަޑައިގަންނަވާނަމެވެ. އަދި ﷲ އިރާދަފުޅު ކުރެއްވިހައި ހިނދަކު ތިމަން ނަބިއްޔާ އެ ގޮތް މަތީ ހުންނަވަން އެ އިލާހު ދޫކުރައްވާނެއެވެ. އެއަށްފަހު ތިމަން ނަބިއްޔާއަށް ވަހީ ކުރައްވާނެއެވެ: މުޙައްމަދުގެފާނު އިސްތަށިފުޅު އުފުއްލަވާށެވެ. އަދި ވިދާޅުވާށެވެ. އިބަ ނަބިއްޔާގެ ބަސްފުޅު އެހޭނެއެވެ. އަދި އެދިލައްވާށެވެ. އިބަ ނަބިއްޔާއަށް އެ ކަމެއް ދެވޭނެއެވެ. އަދި ޝަފާޢަތްތެރިވާށެވެ. އިބަ ނަބިއްޔާގެ ޝަފާޢަތް ގަބޫލު ކުރެއްވޭނެއެވެ. ދެން އެ އިލާހު އުނގަންނަވައި ދެއްވައި ޙަމްދުތަކަކުން ތިމަން ނަބިއްޔާގެ ރައްބަށް ޙަމްދު ކުރައްވާނަމެވެ. އެއަށްފަހު ތިމަން ނަބިއްޔާ ޝަފާޢަތްތެރިވެ، (ވަކިވަރަކަށް) ތިމަން ނަބިއްޔާއަށް ހައްދެއް ކަނޑައެޅުއްވޭނެއެވެ. އަދި ތިމަން ނަބިއްޔާ އެ ބަޔަކު ސުވަރުގެއަށް ވައްދަވާނަމެވެ. އެއަށްފަހު އެނބުރި ވަޑައިގެން އަނެއްކާވެސް ތިމަން ނަބިއްޔާގެ ރައްބު ފެނިވަޑައިގަތުމުން ސަޖިދައަށް ވެއްޓިވަޑައިގަންނަވާނަމެވެ. އަދި ﷲ އިރާދަފުޅު ކުރެއްވިހައި ހިނދަކު ތިމަން ނަބިއްޔާ އެ ގޮތް މަތީ ހުންނަވަން އެ އިލާހު ދޫކުރައްވާނެއެވެ. އެއަށްފަހު ތިމަން ނަބިއްޔާއަށް ވަހީ ކުރައްވާނެއެވެ: މުޙައްމަދުގެފާނު އިސްތަށިފުޅު އުފުއްލަވާށެވެ. އަދި ވިދާޅުވާށެވެ. އިބަ ނަބިއްޔާގެ ބަސްފުޅު އެހޭނެއެވެ. އަދި އެދިލައްވާށެވެ. އިބަ ނަބިއްޔާއަށް އެ ކަމެއް ދެވޭނެއެވެ. އަދި ޝަފާޢަތްތެރިވާށެވެ. އިބަ ނަބިއްޔާގެ ޝަފާޢަތް ގަބޫލު ކުރެއްވޭނެއެވެ. ދެން ތިމަން ނަބިއްޔާގެ ރައްބު އުނގަންނަވައި ދެއްވައި ޙަމްދުތަކަކުން ތިމަން ނަބިއްޔާގެ ރައްބަށް ޙަމްދު ކުރައްވާނަމެވެ. އެއަށްފަހު ތިމަން ނަބިއްޔާ ޝަފާޢަތްތެރިވެ، (ވަކިވަރަކަށް) ތިމަން ނަބިއްޔާއަށް ހައްދެއް ކަނޑައެޅުއްވޭނެއެވެ. އަދި ތިމަން ނަބިއްޔާ އެ ބަޔަކު ސުވަރުގެއަށް ވައްދަވާނަމެވެ. އެއަށްފަހު އެނބުރި ވަޑައިގެން އަނެއްކާވެސް ތިމަން ނަބިއްޔާގެ ރައްބު ފެނިވަޑައިގަތުމުން ސަޖިދައަށް ވެއްޓިވަޑައިގަންނަވާނަމެވެ. އަދި ﷲ އިރާދަފުޅު ކުރެއްވިހައި ހިނދަކު ތިމަން ނަބިއްޔާ އެ ގޮތް މަތީ ހުންނަވަން އެ އިލާހު ދޫކުރައްވާނެއެވެ. އެއަށްފަހު ތިމަން ނަބިއްޔާއަށް ވަހީ ކުރައްވާނެއެވެ: މުޙައްމަދުގެފާނު އިސްތަށިފުޅު އުފުއްލަވާށެވެ. އަދި ވިދާޅުވާށެވެ. އިބަ ނަބިއްޔާގެ ބަސްފުޅު އެހޭނެއެވެ. އަދި އެދިލައްވާށެވެ. އިބަ ނަބިއްޔާއަށް އެ ކަމެއް ދެވޭނެއެވެ. އަދި ޝަފާޢަތްތެރިވާށެވެ. އިބަ ނަބިއްޔާގެ ޝަފާޢަތް ގަބޫލު ކުރެއްވޭނެއެވެ. ދެން އެ އިލާހު އުނގަންނަވައި ދެއްވައި ޙަމްދުތަކަކުން ތިމަން ނަބިއްޔާގެ ރައްބަށް ޙަމްދު ކުރައްވާނަމެވެ. ދެން ތިމަން ނަބިއްޔާގެ ރައްބު އުނގަންނަވައި ދެއްވައި ޙަމްދުތަކަކުން ތިމަން ނަބިއްޔާގެ ރައްބަށް ޙަމްދު ކުރައްވާނަމެވެ. އެއަށްފަހު ތިމަން ނަބިއްޔާ ޝަފާޢަތްތެރިވެ، (ވަކިވަރަކަށް) ތިމަން ނަބިއްޔާއަށް ހައްދެއް ކަނޑައެޅުއްވޭނެއެވެ. އަދި ތިމަން ނަބިއްޔާ އެ ބަޔަކު ސުވަރުގެއަށް ވައްދަވާނަމެވެ. އެއަށްފަހު އަނެއްކާވެސް އެ އިލާހުގެ ހަޒްރަތަށް އެނބުރި ވަޑައިގެން ދަންނަވާނަމެވެ: އޭ އަޅުގެ ރައްބެވެ. ގުރްއާން ބަންދު ކުރި ބަޔަކު ފިޔަވައި ބާކީ އެކަކުވެސް ނުވެއެވެ.“ (ގަތާދާ ދެންނެވިއެވެ:) އެބަހީ ނަރަކައިގައި އަބަދުމެ ދެމިތިބުން ވާޖިބު (ކަމަށް އެ ފޮތުގައި ޚަބަދު ދެވިފައިވާ ބަޔަކު ފިޔަވައެވެ.) ނަބިއްޔާ ޙަދީޘް ކުރެއްވިއެވެ: ”لا إله إلا الله ކިޔައި، އެ މީހެއްގެ ހިތުގައި ހިމަގޮދަން އޮށްޓަރެއްގެ މިންވަރަށް ހެޔޮކަން (އެބަހީ: އީމާންކަން) ހުރެއްޖެ މީހަކު ނަރަކައިން ނުކުންނާނެއެވެ. އެއަށްފަހު لا إله إلا الله ކިޔައި، އެ މީހެއްގެ ހިތުގައި ގޮދަން އޮށްޓަރެއްގެ މިންވަރަށް ހެޔޮކަން ހުރެއްޖެ މީހަކު ނަރަކައިން ނުކުންނާނެއެވެ. އެއަށްފަހު އެއަށްފަހު لا إله إلا الله ކިޔައި، އެ މީހެއްގެ ހިތުގައި ޛައްރެގެ މިންވަރަށް ހެޔޮކަން ހުރެއްޖެ މީހަކު ނަރަކައިން ނުކުންނާނެއެވެ.“,b44
صحيح البخاري,7423,"عَنْ أَبِي هُرَيْرَةَ، عَنِ النَّبِيِّ ﷺ قَالَ "" مَنْ آمَنَ بِاللَّهِ وَرَسُولِهِ، وَأَقَامَ الصَّلاَةَ، وَصَامَ رَمَضَانَ، كَانَ حَقًّا عَلَى اللَّهِ أَنْ يُدْخِلَهُ الْجَنَّةَ هَاجَرَ، فِي سَبِيلِ اللَّهِ، أَوْ جَلَسَ فِي أَرْضِهِ الَّتِي وُلِدَ فِيهَا ""‌. قَالُوا يَا رَسُولَ اللَّهِ أَفَلاَ نُنَبِّئُ النَّاسَ بِذَلِكَ. قَالَ "" إِنَّ فِي الْجَنَّةِ مِائَةَ دَرَجَةٍ أَعَدَّهَا اللَّهُ لِلْمُجَاهِدِينَ فِي سَبِيلِهِ، كُلُّ دَرَجَتَيْنِ مَا بَيْنَهُمَا كَمَا بَيْنَ السَّمَاءِ وَالأَرْضِ، فَإِذَا سَأَلْتُمُ اللَّهَ فَسَلُوهُ الْفِرْدَوْسَ، فَإِنَّهُ أَوْسَطُ الْجَنَّةِ وَأَعْلَى الْجَنَّةِ، وَفَوْقَهُ عَرْشُ الرَّحْمَنِ، وَمِنْهُ تَفَجَّرُ أَنْهَارُ الْجَنَّةِ ""","އަބޫ ހުރައިރާ ރަޟިޔަﷲ ޢަންހުގެ ކިބައިން ރިވާވެގެންވެއެވެ. ނަބިއްޔާ ﷺ ޙަދީޘްކުރެއްވިއެވެ. ﷲއާ އެ އިލާހުގެ ރަސޫލާއަށް އީމާންވެ އަދި ނަމާދު ގާއިމުކޮށް އަދި ރަމަޟާންމަހު ރޯދަހިފާ މީހާ ސުވަރުގެ ވެއްދެވުމަކީ ﷲގެ މައްޗަށްވާ ޙައްގެކެވެ. އެއީ ﷲގެ މަގުގައި ހިޖުރަކުރިކަމުގައިވިޔަސް އަދި އަދި އޭނާގެ އެތަނަކަށް އުފަންވި ބިމުގައި ހުރި މީހެއްކަމުގައިވިޔަސްމެއެވެ. (ޞަޙާބީ) ބޭކަލުން ދެންނެވިއެވެ. އޭ ރަސޫލުﷲއެވެ. އެކަން ތިމަންބޭކަލުން މީސްތަކުންނަށް ބަޔާންނުކޮށްދޭންވީ ހެއްޔެވެ؟ ޙަދީޘްކުރެއްވިއެވެ. ""ހަމަކަށަވަރުން ސުވަރުގޭގައި ﷲ މުޖާހިދުންނަށް ތައްޔާރުކުރައްވާފައިވާ ސަތޭކަ ދަރަޖަވެއެވެ. ކޮންމެ ދެދަރަޖައެއް ދެމެދުގައި ބިމާއި އުޑާދެމެދުގައިވާހާ މިންވަރުވެއެވެ. އަދި ތިޔަބައިމީހުން ﷲގެ ކިބައިން ދުއާކޮށް އެދި ދަންނަވާނަމަ ފިރުދައުސް ދެއްވުން އެދި ދަންނަވާށެވެ. އެއީ ސުވަރުގޭގެ މެދެވެ. އަދި ސުވަރުގޭގެ އެންމެ އުސް ހިސާބެވެ. އަދި އެތަނުގެ މަތީގައިވަނީ ﷲގެ ޢަރްޝެވެ. އަދި ސުވަރުގޭގެ ކޯރުތައް ނުކުމެގެންދަނީ އެތަނުންނެވެ.""",
صحيح البخاري,7426,"عَنِ ابْنِ عَبَّاسٍ ـ رضى الله عنهما ـ قَالَ كَانَ النَّبِيُّ ﷺ يَقُولُ عِنْدَ الْكَرْبِ "" لاَ إِلَهَ إِلاَّ اللَّهُ الْعَلِيمُ الْحَلِيمُ لاَ إِلَهَ إِلاَّ اللَّهُ رَبُّ الْعَرْشِ الْعَظِيمِ لاَ إِلَهَ إِلاَّ اللَّهُ رَبُّ السَّمَوَاتِ وَرَبُّ الأَرْضِ رَبُّ الْعَرْشِ الْكَرِيمِ ""‌.","އިބުނު ޢައްބާސް ރަޟިޔަﷲ ޢަންހުމާގެ ކިބައިން ރިވާވެގެންވެއެވެ. އެކަލޭގެފާނު ވިދާޅުވިއެވެ. ""މުސީބާތުގެ ވަގުތުގައި ރަސޫލުﷲ ﷺ ވިދާޅުވެއެވެ. "" لاَ إِلَهَ إِلاَّ اللَّهُ الْعَلِيمُ الْحَلِيمُ لاَ إِلَهَ إِلاَّ اللَّهُ رَبُّ الْعَرْشِ الْعَظِيمِ لاَ إِلَهَ إِلاَّ اللَّهُ رَبُّ السَّمَوَاتِ وَرَبُّ الأَرْضِ رَبُّ الْعَرْشِ الْكَرِيمِ "": އެންމެ ޢިލްމުވެރި އަދި އެންމެ ޙިލްމުވެރި ﷲ ފިޔަވައި ޙައްގުގޮތުގައި އަޅުކަންވެވޭ އިލާހެއްނުވެއެވެ. މަތިވެރިވެގެންވާ ޢަރްޝުގެ ރައްބު ﷲ ފިޔަވައި ޙައްގުގޮތުގައި އަޅުކަންވެވޭ އިލާހެއްނުވެއެވެ. އެންމެ ދީލަތިވަންތަ ﷲގެ ޢަރްޝުގެ ރައްބު، އުޑުތަކާއި އަދި ބިމުގެ ރައްބު ﷲ ފިޔަވައި ޙައްގުގޮތުގައި އަޅުކަންވެވޭ އިލާހެއްނުވެއެވެ""",
صحيح البخاري,7439,حَدَّثَنَا يَحْيَى بْنُ بُكَيْرٍ، حَدَّثَنَا اللَّيْثُ، عَنْ خَالِدِ بْنِ يَزِيدَ، عَنْ سَعِيدِ بْنِ أَبِي هِلَالٍ، عَنْ زَيْدٍ، عَنْ عَطَاءِ بْنِ يَسَارٍ، عَنْ أَبِي سَعِيدٍ الْخُدْرِيِّ قَالَ: قُلْنَا يَا رَسُولَ اللهِ هَلْ نَرَى رَبَّنَا يَوْمَ الْقِيَامَةِ؟ قَالَ: هَلْ تُضَارُّونَ فِي رُؤْيَةِ الشَّمْسِ وَالْقَمَرِ إِذَا كَانَتْ صَحْوًا. قُلْنَا: لَا، قَالَ: فَإِنَّكُمْ لَا تُضَارُّونَ فِي رُؤْيَةِ رَبِّكُمْ يَوْمَئِذٍ إِلَّا كَمَا تُضَارُّونَ فِي رُؤْيَتِهِمَا ثُمَّ قَالَ: يُنَادِي مُنَادٍ: لِيَذْهَبْ كُلُّ قَوْمٍ إِلَى مَا كَانُوا يَعْبُدُونَ، فَيَذْهَبُ أَصْحَابُ الصَّلِيبِ مَعَ صَلِيبِهِمْ، وَأَصْحَابُ الْأَوْثَانِ مَعَ أَوْثَانِهِمْ، وَأَصْحَابُ كُلِّ آلِهَةٍ مَعَ آلِهَتِهِمْ، حَتَّى يَبْقَى مَنْ كَانَ يَعْبُدُ اللهَ مِنْ بَرٍّ أَوْ فَاجِرٍ، وَغُبَّرَاتٌ مِنْ أَهْلِ الْكِتَابِ، ثُمَّ يُؤْتَى بِجَهَنَّمَ تُعْرَضُ كَأَنَّهَا سَرَابٌ، فَيُقَالُ لِلْيَهُودِ: مَا كُنْتُمْ تَعْبُدُونَ؟ قَالُوا: كُنَّا نَعْبُدُ عُزَيْرَ بْنَ اللهِ، فَيُقَالُ: كَذَبْتُمْ، لَمْ يَكُنْ لِلهِ صَاحِبَةٌ وَلَا وَلَدٌ، فَمَا تُرِيدُونَ؟ قَالُوا: نُرِيدُ أَنْ تَسْقِيَنَا، فَيُقَالُ: اشْرَبُوا، فَيَتَسَاقَطُونَ فِي جَهَنَّمَ. ثُمَّ يُقَالُ لِلنَّصَارَى: مَا كُنْتُمْ تَعْبُدُونَ؟ فَيَقُولُونَ: كُنَّا نَعْبُدُ الْمَسِيحَ بْنَ اللهِ، فَيُقَالُ: كَذَبْتُمْ، لَمْ يَكُنْ لِلهِ صَاحِبَةٌ وَلَا وَلَدٌ، فَمَا تُرِيدُونَ؟ فَيَقُولُونَ: نُرِيدُ أَنْ تَسْقِيَنَا، فَيُقَالُ: اشْرَبُوا، فَيَتَسَاقَطُونَ، حَتَّى يَبْقَى مَنْ كَانَ يَعْبُدُ اللهَ مِنْ بَرٍّ أَوْ فَاجِرٍ، فَيُقَالُ لَهُمْ: مَا يَحْبِسُكُمْ وَقَدْ ذَهَبَ النَّاسُ؟ فَيَقُولُونَ: فَارَقْنَاهُمْ وَنَحْنُ أَحْوَجُ مِنَّا إِلَيْهِ الْيَوْمَ، وَإِنَّا سَمِعْنَا مُنَادِيًا يُنَادِي: لِيَلْحَقْ كُلُّ قَوْمٍ بِمَا كَانُوا يَعْبُدُونَ، وَإِنَّمَا نَنْتَظِرُ، رَبَّنَا قَالَ: فَيَأْتِيهِمُ الْجَبَّارُ فَيَقُولُ: أَنَا رَبُّكُمْ، فَيَقُولُونَ: أَنْتَ رَبُّنَا، فَلَا يُكَلِّمُهُ إِلَّا الْأَنْبِيَاءُ، فَيَقُولُ: هَلْ بَيْنَكُمْ وَبَيْنَهُ آيَةٌ تَعْرِفُونَهُ، فَيَقُولُونَ: السَّاقُ، فَيَكْشِفُ عَنْ سَاقِهِ، فَيَسْجُدُ لَهُ كُلُّ مُؤْمِنٍ، وَيَبْقَى مَنْ كَانَ يَسْجُدُ لِلهِ رِيَاءً وَسُمْعَةً، فَيَذْهَبُ كَيْمَا يَسْجُدَ فَيَعُودُ ظَهْرُهُ طَبَقًا وَاحِدًا، ثُمَّ يُؤْتَى بِالْجِسْرِ فَيُجْعَلُ بَيْنَ ظَهْرَيْ جَهَنَّمَ قُلْنَا يَا رَسُولَ اللهِ، وَمَا الْجِسْرُ؟ قَالَ: مَدْحَضَةٌ مَزَلَّةٌ، عَلَيْهِ خَطَاطِيفُ وَكَلَالِيبُ، وَحَسَكَةٌ مُفَلْطَحَةٌ لَهَا شَوْكَةٌ عُقَيْفَاءُ، تَكُونُ بِنَجْدٍ، يُقَالُ لَهَا: السَّعْدَانُ، الْمُؤْمِنُ عَلَيْهَا كَالطَّرْفِ وَكَالْبَرْقِ وَكَالرِّيحِ، وَكَأَجَاوِيدِ الْخَيْلِ وَالرِّكَابِ، فَنَاجٍ مُسَلَّمٌ وَنَاجٍ مَخْدُوشٌ، وَمَكْدُوسٌ فِي نَارِ جَهَنَّمَ، حَتَّى يَمُرَّ آخِرُهُمْ يُسْحَبُ سَحْبًا، فَمَا أَنْتُمْ بِأَشَدَّ لِي مُنَاشَدَةً فِي الْحَقِّ قَدْ تَبَيَّنَ لَكُمْ مَنِ الْمُؤْمِنُ يَوْمَئِذٍ لِلْجَبَّارِ، وَإِذَا رَأَوْا أَنَّهُمْ قَدْ نَجَوْا، فِي إِخْوَانِهِمْ، يَقُولُونَ: رَبَّنَا إِخْوَانُنَا، كَانُوا يُصَلُّونَ مَعَنَا، وَيَصُومُونَ مَعَنَا، وَيَعْمَلُونَ مَعَنَا، فَيَقُولُ اللهُ تَعَالَى: اذْهَبُوا فَمَنْ وَجَدْتُمْ فِي قَلْبِهِ مِثْقَالَ دِينَارٍ مِنْ إِيمَانٍ فَأَخْرِجُوهُ، وَيُحَرِّمُ اللهُ صُوَرَهُمْ عَلَى النَّارِ، فَيَأْتُونَهُمْ وَبَعْضُهُمْ قَدْ غَابَ فِي النَّارِ إِلَى قَدَمِهِ، وَإِلَى أَنْصَافِ سَاقَيْهِ، فَيُخْرِجُونَ مَنْ عَرَفُوا، ثُمَّ يَعُودُونَ، فَيَقُولُ: اذْهَبُوا فَمَنْ وَجَدْتُمْ فِي قَلْبِهِ مِثْقَالَ نِصْفِ دِينَارٍ فَأَخْرِجُوهُ، فَيُخْرِجُونَ مَنْ عَرَفُوا ثُمَّ يَعُودُونَ، فَيَقُولُ: اذْهَبُوا فَمَنْ وَجَدْتُمْ فِي قَلْبِهِ مِثْقَالَ ذَرَّةٍ مِنْ إِيمَانٍ فَأَخْرِجُوهُ، فَيُخْرِجُونَ مَنْ عَرَفُوا قَالَ أَبُو سَعِيدٍ: فَإِنْ لَمْ تُصَدِّقُونِي فَاقْرَؤُوا { إِنَّ اللهَ لا يَظْلِمُ مِثْقَالَ ذَرَّةٍ وَإِنْ تَكُ حَسَنَةً يُضَاعِفْهَا } فَيَشْفَعُ النَّبِيُّونَ وَالْمَلَائِكَةُ وَالْمُؤْمِنُونَ، فَيَقُولُ الْجَبَّارُ: بَقِيَتْ شَفَاعَتِي، فَيَقْبِضُ قَبْضَةً مِنَ النَّارِ، فَيُخْرِجُ أَقْوَامًا قَدِ امْتَحَشُوا، فَيُلْقَوْنَ فِي نَهَرٍ بِأَفْوَاهِ الْجَنَّةِ يُقَالُ لَهُ: مَاءُ الْحَيَاةِ، فَيَنْبُتُونَ فِي حَافَتَيْهِ كَمَا تَنْبُتُ الْحِبَّةُ فِي حَمِيلِ السَّيْلِ، قَدْ رَأَيْتُمُوهَا إِلَى جَانِبِ الصَّخْرَةِ، إِلَى جَانِبِ الشَّجَرَةِ، فَمَا كَانَ إِلَى الشَّمْسِ مِنْهَا كَانَ أَخْضَرَ، وَمَا كَانَ مِنْهَا إِلَى الظِّلِّ كَانَ أَبْيَضَ، فَيَخْرُجُونَ كَأَنَّهُمُ اللُّؤْلُؤُ، فَيُجْعَلُ فِي رِقَابِهِمُ الْخَوَاتِيمُ، فَيَدْخُلُونَ الْجَنَّةَ، فَيَقُولُ أَهْلُ الْجَنَّةِ: هَؤُلَاءِ عُتَقَاءُ الرَّحْمَنِ، أَدْخَلَهُمُ الْجَنَّةَ بِغَيْرِ عَمَلٍ عَمِلُوهُ، وَلَا خَيْرٍ قَدَّمُوهُ، فَيُقَالُ لَهُمْ: لَكُمْ مَا رَأَيْتُمْ وَمِثْلُهُ مَعَهُ.,އަބޫ ސައީދު އަލްޚުދްރީ ރިވާ ކުރެއްވިއެވެ: ތިމަންމެން ދެންނެވިއެވެ: އޭ ﷲ ގެ ރަސޫލާއެވެ. ގިޔާމަތް ދުވަހު ތިމަންމެންގެ ރައްބު ތިމަންމެންނަށް ފެންނާނެތޯއެވެ؟ ނަބިއްޔާ ޙަދީޘް ކުރެއްވިއެވެ: ”ވިލާގަނޑު ނެތް ހިނދު އިރާއި ހަނދު ފެނުމުގައި ތިޔަބައިމީހުންނަށް އެއްވެސް ދަތިކަމެއް ވޭތޯއެވެ؟“ ތިމަންމެން ދެންނެވިއެވެ: ނޫނެކެވެ. ނަބިއްޔާ ޙަދީޘް ކުރެއްވިއެވެ: ”ފަހެ ހަމަކަށަވަރުން އެއިން ކަމެއްގައި ތިޔަބައިމީހުންނަށް ދަތިކަމެއް (ނުވާ) ފަދައިން، ގިޔާމަތް ދުވަހު ތިޔަބައިމީހުންގެ ރައްބު ފެނުމުގައި ވެސް ތިޔަބައިމީހުންނަކަށް ދަތިކަމެއް ނުވާނެއެވެ. (ގިޔާމަތް ދުވަހު) ގޮވާލާ މީހަކު ގޮވާލާނެއެވެ: ކޮންމެ އުއްމަތެއް ވެސް އެ ބަޔަކު އަޅުކަންކޮށް އުޅުނު ފަރާތެއްގެ ފަހަތުން ދާށެވެ. ދެން ޞަލީބުގެ އަހުލުވެރި (ނަޞާރާއިން) އެބައިމީހުންގެ ޞަލީބުގެ ފަހަތުން ދާނެއެވެ. އަދި ބުދުތަކުގެ އަހުލުވެރިން އެބައިމީހުންގެ ބުދުތަކުގެ ފަހަތުން ދާނެއެވެ. އަދި އަޅުކަން ކުރެވުނު ކޮންމެ ފަރާތެއްގެ އަހުލުވެރިން އެބައިމީހުންގެ އިލާހުންތަކުގެ ފަހަތުން ދާނެއެވެ. ދެން ބާކީ ހުންނާނީ ﷲއަށް އަޅުކަންކޮށް އުޅުނު ހެޔޮ ރަނގަޅު މީހުންނާއި ފާޖިރުންނެވެ. އަދި ފޮތުގެ އަހުލުވެރިންގެ ތެރެއިން ބާކީ ތިބި ބަޔެއްވެސް މެއެވެ. ދެން ނަރަކަ ގެންނެވި، އަވާމެންދުރެއް ފަދައިން ދެއްކޭނެއެވެ. އަދި ޔަހޫދީންނަށް ދެންނެވޭނެއެވެ: ތިޔަބައިމީހުން އަޅުކަންކޮށް އުޅުނީ ކޮން ފަރާތަކަށްތޯއެވެ؟ އެބައިމީހުން ބުނާނެއެވެ: ތިމަންމެން އަޅުކަންކޮށް އުޅުނީ ﷲގެ ދަރިކަލުން ޢުޒައިރުގެފާނަށެވެ. ދެން އެބައިމީހުންނަށް ދެންނެވޭނެއެވެ: ތިޔަ ހެދީ ދޮގެވެ. ﷲ އަނބިކަނބަލަކު ވެސް އަދި ދަރިކަލަކު ވެސް ނުނަންގަވައެވެ. ތިޔަބައިމީހުން އެދެނީ ފަހެ ކޮންކަމެއްތޯއެވެ؟ އެބައިމީހުން ބުނާނެއެވެ: އެދެނީ އިބަ އިލާހު ތިމަންމެންނަށް ފެން ބޯންދެއްވާށެވެ. އެބައިމީހުންނަށް ދެންނެވޭނެއެވެ: ފެން ބޯށެވެ. ދެން އެބައިމީހުން ނަރަކައަށް ވެއްޓޭނެއެވެ. އެއަށްފަހު ނަޞާރައިންނަށް ދެންނެވޭނެއެވެ: ތިޔަބައިމީހުން އަޅުކަންކޮށް އުޅުނީ ކޮން ފަރާތަކަށްތޯއެވެ؟ އެބައިމީހުން ބުނާނެއެވެ: ތިމަންމެން އަޅުކަންކޮށް އުޅުނީ ﷲގެ ދަރިކަލުން އަލްމަސީޙު (ޢީސާގެފާނަށެވެ.) ދެން އެބައިމީހުންނަށް ދެންނެވޭނެއެވެ: ތިޔަ ހެދީ ދޮގެވެ. ﷲ އަނބިކަނބަލަކު ވެސް އަދި ދަރިކަލަކު ވެސް ނުނަންގަވައެވެ. ތިޔަބައިމީހުން އެދެނީ ފަހެ ކޮންކަމެއްތޯއެވެ؟ އެބައިމީހުން ބުނާނެއެވެ: އެދެނީ އިބަ އިލާހު ތިމަންމެންނަށް ފެން ބޯންދެއްވާށެވެ. އެބައިމީހުންނަށް ދެންނެވޭނެއެވެ: ފެން ބޯށެވެ. ދެން އެބައިމީހުން ވެސް (ނަރަކައަށް) ވެއްޓޭނެއެވެ. އެއަށްފަހު ބާކީ ހުންނާނީ ހަމައެކަނި ﷲއަށް އަޅުކަންކޮށް އުޅުނު ހެޔޮ ރަނގަޅު މީހުންނާއި ފާޖިރުންނެވެ. ދެން އެބައިމީހުންނަށް ދެންނެވޭނެއެވެ: މީސްތަކުން (އެންމެން) ހިނގައިގެންފި ހިނދު ތިޔަބައިމީހުން ހިފަހައްޓަނީ ކޮންކަމެއްތޯއެވެ؟ އެބައިމީހުން ދަންނަވާނެއެވެ: ތިމަންމެން މިއަދަށް ވުރެ ބޮޑޮށް (ދުނިޔެމަތީގައި) އެބައިމީހުންނަށް ބޭނުން ޖެހުނު ހާލުގައިވެސް، އެބައިމީހުންނާ ވަކިވެގަތީމެވެ. އަދި ގޮވާލައްވާ (ރަސޫލު) ބޭކަލަކު މިފަދައިން ގޮވާލައްވާ އަޑު ހަމަކަށާވަރުން ތިމަންމެން އެހީމުއެވެ: ކޮންމެ ބަޔަކު ވެސް އެބައިމީހުން އަޅުކަންކޮށް އުޅުނު ފަރާތަކާ ބައްދަލު ކުރާނެއެވެ. އަދި ތިމަންމެން މި އިންތިޒާރު ކުރަނީ ތިމަންމެންގެ ރައްބަށެވެ. ދެން އަލްޖައްބާރު އެބައިމީހުންގެ ގާތަށް އަތުވެވޮޑިގެންވާނެއެވެ. އަދި ވަހީ ކުރައްވާނެއެވެ: ތިމަން އިލާހީ ތިޔަބައިމީހުންގެ ރައްބެވެ. އެބައިމިހުން ދަންނަވާނެއެވެ: އިބަ އިލާހީ އަޅަމެންގެ ރައްބެވެ. ދެން ނަބިއްޔުން ފިޔަވައި އެހެން ބަޔަކު އެ އިލާހާ ވާހަކަފުޅެއް ނުދައްކަވާނެއެވެ. އަދި ﷲ ވަހީ ކުރައްވާނެއެވެ: އެ އިލާހު ދެނެގަނެވޭނެ ހެއްކެތް، ތިޔަބައިމީހުންނާ އެ އިލާހާ ދެމެދު ވޭތޯއެވެ؟ އެބައިމީހުން ދަންނަވާނެއެވެ: ކަށިމަތިފުޅެވެ. ދެން އެ އިލާހުގެ ކަށިމަތިފުޅު ކަޝްފު ކުރައްވާނެއެވެ. ކޮންމެ މުއުމިނަކު އެ އިލާހަށް ސަޖިދަ ކުރާނެއެވެ. އަދި (ދުނިޔެ މަތީގައި މީސްތަކުންނަށް) ދެއްކުންތެރިކަމުގެ ގޮތުން ﷲއަށް ސަޖިދަކޮށް އުޅުނު ބަޔަކު ތިބޭނެއެވެ. އެބައިމީހުން ސަޖިދަ ކުރަން އުޅޭނެއެވެ. އެކަމަކު (ގުދު ނުވެވޭ ގޮތަށް) އެބައިމީހުންގެ ބުރަކަށިތައް އެއް ކަށްޓެއް ފަދައިން ތެދުކުރެވިގެންދާނެއެވެ. އެއަށްފަހު ނަރަކަ މަތީގައި (ޞިރާޠު) ފާލަން އެޅުއްވޭނެއެވެ.“ ތިމަންމެން ދެންނެވީމެވެ: އޭ ﷲގެ ރަސޫލާއެވެ. އެއީ ކޮން ފާލަމެއްތޯއެވެ؟ ނަބިއްޔާ ޙަދީޘް ކުރެއްވިއެވެ: ”އޭގައި ކައްސާލެވިގެން ވެއްޓިގެންދާ ފާލަމެކެވެ. އޭގެ މަތީ ބުޅިތަކާއި ލެނބިފައިވާ ބޮޑެތި ކަށިތައް ވާނެއެވެ. އެއީ ނަޖުދުކަރައިގައިވާ ސަޢުދާނޭ ކިޔުނު ގަހުގައިވާ ފަދަ ކަށިތަކެކެވެ. މުއުމިނާ އެ ފާލަން މަތިން (ހުރަސް ކުރާނީ) ލޮލުގެ އެސްފިޔަ ޖަހާލެވޭ ފަދައިންނާއި، ވިދުވަރެއް ފަދައިންނާއި، ވައިރޯޅިއެއް ފަދައިންނާއި، އަވަސް އަސްތަކާއި ޖަމަލުތަށް ފަދައިންނެވެ. ދެން އެއްވެސް ގެއްލުމެއް ނުލިބި ސަލާމަތްވާ ބަޔަކާއި ގައިގެ ތަންތަން ކެނޑިގެން ސަލާމަތްވާ ބަޔަކު ވާނެއެވެ. އަދި މަތިމައްޗަށް ނަރަކައަށް ވެއްޓޭ ބަޔަކުވެސް ވާނެއެވެ. ދެން އެންމެ ފަހު މީހާ އެ ފާލަން މަތިން ކާއްތައިގެން ގެންދެވޭނެއެވެ. ފަހެ ތިޔަބައިމީހުންނަށް ލިބެން ޖެހޭކަމަށް ސާބިތުވެގެންވާ ޙައްގެއް ހޯދުމުގައި ތިމަން ނަބިއްޔާގެ އަރިހުގައި އެދޭ ވަރަށް ވުރެ ބޮޑަށް، އެ ދުވަހު އަލްޖައްބާރުގެ އަރިހުގައި މުއުމިނުން ޝަފާޢަތަށް އެދޭނެއެވެ. އަދި އެބައިމީހުން (އަމިއްލައަށް) ސަލާމަތް ވެއްޖެކަން ފެނުމުން، އެބައިމީހުންގެ އަޚުންގެ ޙައްގުގައި ދަންނަވާނެއެވެ: އޭ އަޅަމެންގެ ރައްބެވެ. (އެއީ) އަޅަމެންގެ އަޚުންނެވެ. އެބައިމީހުން އަޅަމެންނާއެކު ނަމާދުކޮށް، ރޯދަ ހިފައި، (ހެޔޮ) އަމަލުކޮށް އުޅުނެވެ. ދެން ﷲ ތަޢާލާ ވަހީ ކުރައްވާނެއެވެ: ގޮސް ބަލާފައި އެ މީހެއްގެ ހިތުގައި ދީނާރެއްގެ މިންވަރަށް އީމާންކަން ހުރެއްޖެ މީހަކު ނެރޭށެވެ. އަދި ﷲ އެބައިމީހުންގެ ހަށިތަށް ނަރަކައަށް ޙަރާމް ކުރައްވާނެއެވެ. ދެން އެބައިމީހުންގެ ގާތާށް ދެވޭ ހިނދު، އެއްބަޔަކު ނަރަކައިގައި ވާނީ ފަޔާ ހިސާބަށެވެ. އަނެއް ބަޔަކު ކަށިމަތީގެ މެދާ ހިސާބަށެވެ. ފަހެ އެބައިމީހުން ދަންނަ ބަޔަކު ނެރުމަށް ފަހު އެނބުރި އަންނާނެއެވެ. ދެން ﷲ ވަހީ ކުރައްވާނެއެވެ: ގޮސް ބަލާފައި އެ މީހެއްގެ ހިތުގައި ދީނާރެއްގެ ދެބައިކުޅަ އެއްބައިގެ މިންވަރަށް އީމާންކަން ހުރެއްޖެ މީހަކު ނެރޭށެވެ. އަދި އެބައިމީހުން ދަންނަ ބަޔަކު ނެރުމަށް ފަހު އެނބުރި އަންނާނެއެވެ. ދެން ﷲ ވަހީ ކުރައްވާނެއެވެ: ގޮސް ބަލާފައި އެ މީހެއްގެ ހިތުގައި ޛައްރެއްގެ މިންވަރަށް އީމާންކަން ހުރެއްޖެ މީހަކު ނެރޭށެވެ. އަދި އެބައިމީހުން ދަންނަ ބަޔަކު ނެރުމަށް ފަހު އެނބުރި އަންނާނެއެވެ.“ އަބޫ ސައީދު އަލްޚުދްރީ (މި ޙަދީޘް ކިޔައިދެއްވަމުން) ދެންނެވިއެވެ: ތިޔަބައިމީހުން ތިމަންނަ ތެދުނުކުރާ ނަމަ، ފަހެ (މި އާޔަތް) ކިޔަވާށެވެ: ❞ހަމަކަށަވަރުން ﷲ (އެއްވެސް މީހަކަށް) ޛައްރެއްގެ މިންވަރުވިޔަސް އަނިޔާވެރިވެވޮޑިގެން ނުވެއެވެ. އަދި ހެޔޮކަމެއް (ކުރާ) ނަމަ (އޭގެ ސަވާބު) ގިނަގުނަ ކުރައްވައެވެ.❝ ނަބިއްޔާ ޙަދީޘް ކުރެއްވިއެވެ: ”ދެން ނަބިއްޔުންނާއި މަލާއިކަތުންނާއި މުއުމިނުން ޝަފާޢަތްތެރިވާނެއެވެ. އަދި އަލްޖައްބާރު ވަހީ ކުރައްވާނެއެވެ: ބާކީ އޮންނަވަނީ ތިމަން އިލާހުގެ ޝަފާޢަތެވެ. ދެން އެ އިލާހު ނަރަކައިން މުށެއް ހިއްޕަވާވޮޑިގަންނަވާނެއެވެ. ދެން ކަޅުވެ އަނދާ ދެއްޔަށްވެފައިވާ ބަޔަކު ނެރެވޭނެއެވެ. އަދި ސުވަރުގޭގެ ދޮރުކޮޅު ކައިރީގައިވާ ހަޔާތުގެ ފެނޭ ކިޔުނު ކޯރަކަށް އެބައިމީހުން އެއްލާލެވޭނެއެވެ. އަދި ކޯރެއްގައި އުފުލިގެން އަންނަ ތަކެތީގައި އޮށް ފަޅާ ނުކުމެ ހެދިބޮޑުވާ ފަދައިން އެބައިމީހުން ވެސް އެ ކޯރުގެ ދެ އަރިމަތީގައި ފަޅާ ނުކުމެ ހެދިބޮޑުވާނެއެވެ. ހިލަގަނޑެއް ނޫނީ ގަހެއްގެ ކައިރީގައި އެ މަންޒަރު ތިޔަބައިމީހުންނަށް ފެނިފައިވާނެކަން ކަށަވަރެވެ. އެ ގޮތުން އޭގެން އިރާ ދިމާލަށްވާ ފަޅި ހުންނާނީ ފެހިކޮށެވެ. އަދި ހިޔަލާ ދިމާލަށްވާ ފަޅި ހުންނާނީ ހުދުކޮށެވެ. ފަހެ އެބައިމީހުންނީ މުތީތަކެއް ފަދައިން (އެ ތަނުން) ނުކުންނާނެއެވެ. އަދި އެބައިމީހުންގެ ކަރުގައި ފަށް އެޅުއްވޭނެއެވެ. އަދި އެބައިމީހުން ސުވަރުގެއަށް ވަންނާނެއެވެ. ދެން ސުވަރުގޭގެ އަހުލުވެރިން ދަންނަވާނެއެވެ: މިއީ އައްރަޙްމާނު މިނިވަން ކުރެއްވި މީހުންނެވެ. އެ އިލާހު އެބައިމީހުން ސުވަރުގެ ވެއްދެވީ އެބައިމީހުން ކުރި އަމަލެއް ނުވަތަ އިސްކުރި ހެޔޮ ކަމަކާ ނުލައެވެ. ދެން އެބައިމީހުންނަށް ދެންނެވޭނެއެވެ: ތިޔަބައިމީހުންނަށް ފެނުނު އެއްޗެއް ވަނީ ތިޔަބައިމީހުންނަށެވެ. އަދި އެއާއެކު ހަމަ އެފަދަ އިތުރު ގުނައެއްވެސް ދެވޭނެއެވެ.“,b22
صحيح البخاري,7440,وَقَالَ حَجَّاجُ بْنُ مِنْهَالٍ: حَدَّثَنَا هَمَّامُ بْنُ يَحْيَى، حَدَّثَنَا قَتَادَةُ، عَنْ أَنَسٍ رَضِيَ اللهُ عَنْهُ: أَنَّ النَّبِيَّ ﷺ قَالَ: يُحْبَسُ الْمُؤْمِنُونَ يَوْمَ الْقِيَامَةِ حَتَّى يُهِمُّوا بِذَلِكَ، فَيَقُولُونَ: لَوِ اسْتَشْفَعْنَا إِلَى رَبِّنَا فَيُرِيحُنَا مِنْ مَكَانِنَا، فَيَأْتُونَ آدَمَ فَيَقُولُونَ: أَنْتَ آدَمُ أَبُو النَّاسِ، خَلَقَكَ اللهُ بِيَدِهِ، وَأَسْكَنَكَ جَنَّتَهُ، وَأَسْجَدَ لَكَ مَلَائِكَتَهُ، وَعَلَّمَكَ أَسْمَاءَ كُلِّ شَيْءٍ، لِتَشْفَعْ لَنَا عِنْدَ رَبِّكَ حَتَّى يُرِيحَنَا مِنْ مَكَانِنَا هَذَا. قَالَ فَيَقُولُ: لَسْتُ هُنَاكُمْ، قَالَ: وَيَذْكُرُ خَطِيئَتَهُ الَّتِي أَصَابَ: أَكْلَهُ مِنَ الشَّجَرَةِ وَقَدْ نُهِيَ عَنْهَا، وَلَكِنِ ائْتُوا نُوحًا أَوَّلَ نَبِيٍّ بَعَثَهُ اللهُ إِلَى أَهْلِ الْأَرْضِ، فَيَأْتُونَ نُوحًا فَيَقُولُ: لَسْتُ هُنَاكُمْ، وَيَذْكُرُ خَطِيئَتَهُ الَّتِي أَصَابَ: سُؤَالَهُ رَبَّهُ بِغَيْرِ عِلْمٍ، وَلَكِنِ ائْتُوا إِبْرَاهِيمَ خَلِيلَ الرَّحْمَنِ، قَالَ: فَيَأْتُونَ إِبْرَاهِيمَ فَيَقُولُ: إِنِّي لَسْتُ هُنَاكُمْ، وَيَذْكُرُ ثَلَاثَ كَلِمَاتٍ كَذَبَهُنَّ، وَلَكِنِ ائْتُوا مُوسَى: عَبْدًا آتَاهُ اللهُ التَّوْرَاةَ وَكَلَّمَهُ وَقَرَّبَهُ نَجِيًّا، قَالَ: فَيَأْتُونَ مُوسَى فَيَقُولُ: إِنِّي لَسْتُ هُنَاكُمْ، وَيَذْكُرُ خَطِيئَتَهُ الَّتِي أَصَابَ: قَتْلَهُ النَّفْسَ، وَلَكِنِ ائْتُوا عِيسَى عَبْدَ اللهِ وَرَسُولَهُ، وَرُوحَ اللهِ وَكَلِمَتَهُ، قَالَ: فَيَأْتُونَ عِيسَى فَيَقُولُ: لَسْتُ هُنَاكُمْ، وَلَكِنِ ائْتُوا مُحَمَّدًا ﷺ، عَبْدًا غَفَرَ اللهُ لَهُ مَا تَقَدَّمَ مِنْ ذَنْبِهِ وَمَا تَأَخَّرَ، فَيَأْتُونِي، فَأَسْتَأْذِنُ عَلَى رَبِّي فِي دَارِهِ فَيُؤْذَنُ لِي عَلَيْهِ، فَإِذَا رَأَيْتُهُ وَقَعْتُ سَاجِدًا، فَيَدَعُنِي مَا شَاءَ اللهُ أَنْ يَدَعَنِي، فَيَقُولُ: ارْفَعْ مُحَمَّدُ، وَقُلْ يُسْمَعْ، وَاشْفَعْ تُشَفَّعْ، وَسَلْ تُعْطَ، قَالَ: فَأَرْفَعُ رَأْسِي فَأُثْنِي عَلَى رَبِّي بِثَنَاءٍ وَتَحْمِيدٍ يُعَلِّمُنِيهِ، فَيَحُدُّ لِي حَدًّا، فَأَخْرُجُ فَأُدْخِلُهُمُ الْجَنَّةَ قَالَ قَتَادَةُ وَسَمِعْتُهُ أَيْضًا يَقُولُ: فَأَخْرُجُ فَأُخْرِجُهُمْ مِنَ النَّارِ وَأُدْخِلُهُمُ الْجَنَّةَ ثُمَّ أَعُودُ فَأَسْتَأْذِنُ عَلَى رَبِّي فِي دَارِهِ، فَيُؤْذَنُ لِي عَلَيْهِ، فَإِذَا رَأَيْتُهُ وَقَعْتُ سَاجِدًا فَيَدَعُنِي مَا شَاءَ اللهُ أَنْ يَدَعَنِي، ثُمَّ يَقُولُ: ارْفَعْ مُحَمَّدُ، وَقُلْ يُسْمَعْ، وَاشْفَعْ تُشَفَّعْ، وَسَلْ تُعْطَ، قَالَ: فَأَرْفَعُ رَأْسِي فَأُثْنِي عَلَى رَبِّي بِثَنَاءٍ وَتَحْمِيدٍ يُعَلِّمُنِيهِ، قَالَ: ثُمَّ أَشْفَعُ فَيَحُدُّ لِي حَدًّا، فَأَخْرُجُ فَأُدْخِلُهُمُ الْجَنَّةَ قَالَ قَتَادَةُ: وَسَمِعْتُهُ يَقُولُ: فَأَخْرُجُ فَأُخْرِجُهُمْ مِنَ النَّارِ وَأُدْخِلُهُمُ الْجَنَّةَ ثُمَّ أَعُودُ الثَّالِثَةَ، فَأَسْتَأْذِنُ عَلَى رَبِّي فِي دَارِهِ فَيُؤْذَنُ لِي عَلَيْهِ، فَإِذَا رَأَيْتُهُ وَقَعْتُ سَاجِدًا، فَيَدَعُنِي مَا شَاءَ اللهُ أَنْ يَدَعَنِي، ثُمَّ يَقُولُ: ارْفَعْ مُحَمَّدُ، وَقُلْ يُسْمَعْ، وَاشْفَعْ تُشَفَّعْ، وَسَلْ تُعْطَهْ، قَالَ: فَأَرْفَعُ رَأْسِي، فَأُثْنِي عَلَى رَبِّي بِثَنَاءٍ وَتَحْمِيدٍ يُعَلِّمُنِيهِ، قَالَ: ثُمَّ أَشْفَعُ فَيَحُدُّ لِي حَدًّا، فَأَخْرُجُ فَأُدْخِلُهُمُ الْجَنَّةَ قَالَ قَتَادَةُ: وَقَدْ سَمِعْتُهُ يَقُولُ: فَأَخْرُجُ فَأُخْرِجُهُمْ مِنَ النَّارِ وَأُدْخِلُهُمُ الْجَنَّةَ حَتَّى مَا يَبْقَى فِي النَّارِ إِلَّا مَنْ حَبَسَهُ الْقُرْآنُ أَيْ وَجَبَ عَلَيْهِ الْخُلُودُ. قَالَ: ثُمَّ تَلَا هَذِهِ الْآيَةَ: { عَسَى أَنْ يَبْعَثَكَ رَبُّكَ مَقَامًا مَحْمُودًا } قَالَ وَهَذَا الْمَقَامُ الْمَحْمُودُ الَّذِي وُعِدَهُ نَبِيُّكُمْ ﷺ.,އަނަސް رَضِيَ اللَّهُ عَنْهُ ރިވާ ކުރެއްވިއެވެ: ނަބިއްޔާ ﷺ ޙަދީޘް ކުރެއްވިއެވެ: ”މީސްތަކުން ކަންބޮޑު ވެއްޖައުމަށް ދާންދެން ގިޔާމަތް ދުވަހު އެބައިމީހުން (އިންތިޒާރުގައި) ބެހެއްޓޭނެއެވެ. ދެން އެބައިމީހުން ދަންނަވާނެއެވެ: މި ތަނުން ސަލާމަތް ކޮށްދެއްވުމަށް އެދި ތިމަންގެ ރައްބުގެ ހަޒްރަތުގައި ޝަފާޢަތްތެރިވުމަށް މީހަކު ގާތު ދަންނަވަމާތޯއެވެ. ދެން އާދަމުގެފާނު އަރިހަށް އައިސް ދަންނަވާނެއެވެ: ތިބާއީ އިންސާނުންގެ ބައްޕާފުޅެވެ. ﷲ ތިބާ އުފެއްދެވީ އެ އިލާހުގެ އަތްޕުޅުންނެވެ. އަދި ސުވަރުގޭގައި ވަޒަންވެރި ކުރެއްވިއެވެ. އަދި މަލާއިކަތުން ތިބާއަށް ސަޖިދަ ކުރުވިއެވެ. އަދި ތިބާއަށް ހުރިހާ އެއްޗެއްގެ ނަންތައް އުނގަންނަވައި ދެއްވިއެވެ. ވީމާ ތިމަންމެން މި ތަނުން ސަލާމަތް ކޮށްދެއްވުމަށް އެދި ތިމަންމެންގެ ރައްބުގެ ހަޒްރަތުގައި ޝަފާޢަތްތެރިވާށެވެ. ދެން އާދަމުގެފާނު ދަންނަވާނެއެވެ: ތިމަން ކަލޭގެފާނީ ތިކަމަށް އެކަށީގެންވާ ބޭކަލެއް ނޫނެކީމެވެ. އަދި އެކަލޭގެފާނަށް ކުރެވުނު ކުށް، އެކަލޭގެފާނަށް ނަހީ ކުރެއްވުނު ގަހުން ފަރީކުޅުވުން ހަނދުމަ ކޮށްދެއްވާނެއެވެ. އަދި ދަންނަވާނެއެވެ: އެހެނެއްކަމަކު ނޫޙުގެފާނު އަރިހަށް ދާށެވެ. އެކަލޭގެފާނީ ދުނިޔޭގެ މީސްތަކުންނަށް ﷲ ފޮނުއްވި އެންމެ ފުރަތަމަ ނަބިއްޔާއެވެ. ދެން އެބައިމީހުން ނޫޙުގެފާނު އަރިހަށް ދިޔުމުން އެކަލޭގެފާނު ދަންނަވާނެއެވެ: ތިމަން ކަލޭގެފާނީ ތިކަމަށް އެކަށީގެންވާ ބޭކަލެއް ނޫނެކީމެވެ. އަދި އެކަލޭގެފާނަށް ކުރެވުނު ކުށް، ޢީލްމެއް ލިބިފައި ނުވާ ކަމަކަށް އެކަލޭގެފާނުގެ ރައްބުގެ ހަޒްރަތުގައި އެދި ދެންނެވުނުކަން ހަނދުމަ ކޮށްދެއްވާނެއެވެ. އަދި ދަންނަވާނެއެވެ: އެހެނެއްކަމަކު އިބްރާހީމްގެފާނު އަރިހަށް ދާށެވެ. އެކަލޭގެފާނީ އައްރަޙްމާނުގެ ޚަލީލެވެ. ދެން އެބައިމީހުން އިބްރާހީމްގެފާނު އަރިހަށް ދިޔުމުން އެކަލޭގެފާނު ދަންނަވާނެއެވެ: ހަމަކަށަވަރުން ތިމަން ކަލޭގެފާނީ ތިކަމަށް އެކަށީގެންވާ ބޭކަލެއް ނޫނެކީމެވެ. އަދި އެކަލޭގެފާނަށް ބުނެވުނު ތެދުނޫން ތިން ބަސްފުޅު ހަނދުމަ ކޮށްދެއްވާނެއެވެ. އަދި ދަންނަވާނެއެވެ: އެހެނެއްކަމަކު މޫސާގެފާނު އަރިހަށް ދާށެވެ. އެކަލޭގެފާނީ، ﷲ އެކަލޭގެފާނަށް ތައުރާތު ދެއްވައި، (މެދުވެރިއެއް ނެތި) ބަސް ވަހީ ކުރައްވައި، ކުއްތަން ކުރެއްވި އަޅެކެވެ. ދެން އެބައިމީހުން މޫސާގެފާނު އަރިހަށް ދިޔުމުން އެކަލޭގެފާނު ދަންނަވާނެއެވެ: ހަމަކަށަވަރުން ތިމަން ކަލޭގެފާނީ ތިކަމަށް އެކަށީގެންވާ ބޭކަލެއް ނޫނެކީމެވެ. އަދި އެކަލޭގެފާނަށް ކުރެވުނު ކުށް، ފުރާނައެއް ގަތުލު ކުރެއްވުން ހަނދުމަ ކޮށްދެއްވާނެއެވެ. އަދި ދަންނަވާނެއެވެ: އެހެނެއްކަމަކު ޢީސާގެފާނު އަރިހަށް ދާށެވެ. އެކަލޭގެފާނީ ﷲގެ އަޅާ އަދި ރަސޫލާއެވެ. އަދި ﷲގެ (ލެއްވި) ފުރާނަފުޅަކާއި، (ވުޖޫދުވެވަޑައިގަތުމަށް ވަހީ ކުރެއްވި) ކަލިމަފުޅެކެވެ. ދެން އެބައިމީހުން ޢީސާގެފާނު އަރިހަށް ދިޔުމުން އެކަލޭގެފާނު ދަންނަވާނެއެވެ: ތިމަން ކަލޭގެފާނީ ތިކަމަށް އެކަށީގެންވާ ބޭކަލެއް ނޫނެކީމެވެ. އެހެނެއްކަމަކު މުޙައްމަދު ﷺ އަރިހަށް ދާށެވެ. އެކަލޭގެފާނީ، އެކަލޭގެފާނުގެ އިސްވެދިޔަ ފާފަތަކާއި، ފަހުން އަންނާނެ ފާފަތައް ﷲ ފުއްސެވިފައިވާ އަޅެކެވެ. ދެން އެބައިމީހުން ތިމަން ނަބިއްޔާގެ އަރިހަށް އަންނާނެއެވެ. އަދި ތިމަން ނަބިއްޔާގެ ރައްބުގެ ސުވަރުގޭގައި ހުއްދައަށް އެދުމުން، ތިމަން ނަބިއްޔާއަށް ހުއްދަ ދެވޭނެއެވެ. އަދި ތިމަން ނަބިއްޔާގެ ރައްބު ފެނިވަޑައިގަތުމުން ސަޖިދައަށް ވެއްޓިވަޑައިގަންނަވާނަމެވެ. އަދި ﷲ އިރާދަފުޅު ކުރެއްވިހައި ހިނދަކު ތިމަން ނަބިއްޔާ އެ ގޮތް މަތީ ހުންނަވަން އެ އިލާހު ދޫކުރައްވާނެއެވެ. އެއަށްފަހު ވަހީ ކުރައްވާނެއެވެ: މުޙައްމަދުގެފާނު އިސްތަށިފުޅު އުފުއްލަވާށެވެ. އަދި ވިދާޅުވާށެވެ. އިބަ ނަބިއްޔާގެ ބަސްފުޅު އެހޭނެއެވެ. އަދި ޝަފާޢަތްތެރިވާށެވެ. އިބަ ނަބިއްޔާގެ ޝަފާޢަތް ގަބޫލު ކުރެއްވޭނެއެވެ. އަދި އެދިލައްވާށެވެ. އިބަ ނަބިއްޔާއަށް އެ ކަމެއް ދެވޭނެއެވެ. ދެން ތިމަން ނަބިއްޔާގެ އިސްތަށިފުޅު އުފުއްލަވާނަމެވެ. އަދި އެ އިލާހު އުނގަންނަވައި ދެއްވައި ޙަމްދުޘަނާއަކުން ތިމަން ނަބިއްޔާގެ ރައްބަށް ޙަމްދުޘަނާ ލައްވާނަމެވެ. އެއަށްފަހު (ވަކިވަރަކަށް) ތިމަން ނަބިއްޔާއަށް ހައްދެއް ކަނޑައެޅުއްވޭނެއެވެ. އަދި ތިމަން ނަބިއްޔާ ނުކުމެވަޑައިގެން، އެ ބަޔަކު ނަރަކައިން ނެރުއްވާ ސުވަރުގެއަށް ވައްދަވާނަމެވެ. އެއަށްފަހު އެނބުރި ވަޑައިގެން އަނެއްކާވެސް ތިމަން ނަބިއްޔާގެ ރައްބުގެ ސުވަރުގޭގައި ހުއްދައަށް އެދުމުން، ތިމަން ނަބިއްޔާއަށް ހުއްދަ ދެވޭނެއެވެ. އަދި ތިމަން ނަބިއްޔާގެ ރައްބު ފެނިވަޑައިގަތުމުން ސަޖިދައަށް ވެއްޓިވަޑައިގަންނަވާނަމެވެ. އަދި ﷲ އިރާދަފުޅު ކުރެއްވިހައި ހިނދަކު ތިމަން ނަބިއްޔާ އެ ގޮތް މަތީ ހުންނަވަން އެ އިލާހު ދޫކުރައްވާނެއެވެ. އެއަށްފަހު ވަހީ ކުރައްވާނެއެވެ: މުޙައްމަދުގެފާނު އިސްތަށިފުޅު އުފުއްލަވާށެވެ. އަދި ވިދާޅުވާށެވެ. އިބަ ނަބިއްޔާގެ ބަސްފުޅު އެހޭނެއެވެ. އަދި ޝަފާޢަތްތެރިވާށެވެ. އިބަ ނަބިއްޔާގެ ޝަފާޢަތް ގަބޫލު ކުރެއްވޭނެއެވެ. އަދި އެދިލައްވާށެވެ. އިބަ ނަބިއްޔާއަށް އެ ކަމެއް ދެވޭނެއެވެ. ދެން ތިމަން ނަބިއްޔާގެ އިސްތަށިފުޅު އުފުއްލަވާނަމެވެ. އަދި އެ އިލާހު އުނގަންނަވައި ދެއްވައި ޙަމްދުޘަނާއަކުން ތިމަން ނަބިއްޔާގެ ރައްބަށް ޙަމްދުޘަނާ ލައްވާނަމެވެ. އެއަށްފަހު (ވަކިވަރަކަށް) ތިމަން ނަބިއްޔާއަށް ހައްދެއް ކަނޑައެޅުއްވޭނެއެވެ. އަދި ތިމަން ނަބިއްޔާ ނުކުމެވަޑައިގެން، އެ ބަޔަކު ނަރަކައިން ނެރުއްވާ ސުވަރުގެއަށް ވައްދަވާނަމެވެ. އެއަށްފަހު އެނބުރި ވަޑައިގެން އަނެއްކާވެސް ތިންވަނަ ފަހަރަށް ތިމަން ނަބިއްޔާގެ ރައްބުގެ ސުވަރުގޭގައި ހުއްދައަށް އެދުމުން، ތިމަން ނަބިއްޔާއަށް ހުއްދަ ދެވޭނެއެވެ. އަދި ތިމަން ނަބިއްޔާގެ ރައްބު ފެނިވަޑައިގަތުމުން ސަޖިދައަށް ވެއްޓިވަޑައިގަންނަވާނަމެވެ. އަދި ﷲ އިރާދަފުޅު ކުރެއްވިހައި ހިނދަކު ތިމަން ނަބިއްޔާ އެ ގޮތް މަތީ ހުންނަވަން އެ އިލާހު ދޫކުރައްވާނެއެވެ. އެއަށްފަހު ވަހީ ކުރައްވާނެއެވެ: މުޙައްމަދުގެފާނު އިސްތަށިފުޅު އުފުއްލަވާށެވެ. އަދި ވިދާޅުވާށެވެ. އިބަ ނަބިއްޔާގެ ބަސްފުޅު އެހޭނެއެވެ. އަދި ޝަފާޢަތްތެރިވާށެވެ. އިބަ ނަބިއްޔާގެ ޝަފާޢަތް ގަބޫލު ކުރެއްވޭނެއެވެ. އަދި އެދިލައްވާށެވެ. އިބަ ނަބިއްޔާއަށް އެ ކަމެއް ދެވޭނެއެވެ. ދެން ތިމަން ނަބިއްޔާގެ އިސްތަށިފުޅު އުފުއްލަވާނަމެވެ. އަދި އެ އިލާހު އުނގަންނަވައި ދެއްވައި ޙަމްދުޘަނާއަކުން ތިމަން ނަބިއްޔާގެ ރައްބަށް ޙަމްދުޘަނާ ލައްވާނަމެވެ. އެއަށްފަހު (ވަކިވަރަކަށް) ތިމަން ނަބިއްޔާއަށް ހައްދެއް ކަނޑައެޅުއްވޭނެއެވެ. އަދި ތިމަން ނަބިއްޔާ ނުކުމެވަޑައިގެން، އެ ބަޔަކު ނަރަކައިން ނެރުއްވާ ސުވަރުގެއަށް ވައްދަވާނަމެވެ. ދެން އެންމެ ފަހުން ގުރްއާން ބަންދު ކުރި ބަޔަކު ފިޔަވައި ބާކީ އެކަކުވެސް ނުވާނެއެވެ.“ (ގަތާދާ ދެންނެވިއެވެ:) އެބަހީ ނަރަކައިގައި އަބަދުމެ ދެމިތިބުން ވާޖިބު (ކަމަށް އެ ފޮތުގައި ޚަބަދު ދެވިފައިވާ ބަޔަކު ފިޔަވައެވެ.) ދެން މި އާޔަތް ކިޔެވިއެވެ: ❞ޙަމްދު ލިބިގެންވާ މަގާމަކަށް އިބަ ނަބިއްޔާގެ ރައްބު އިބަ ނަބިއްޔާ އުފުއްލަވާފާނެއެވެ.❝ ފަހެ ތިޔަބައިމީހުންގެ ނަބިއްޔާ ﷺ އަށް ވަޢުދުވެވޮޑިގެންވާ ޙަމްދު ލިބިގެންވާ މަގާމަކީ މިއީއެވެ.,b44
صحيح البخاري,7450,حَدَّثَنَا حَفْصُ بْنُ عُمَرَ، حَدَّثَنَا هِشَامٌ، عَنْ قَتَادَةَ، عَنْ أَنَسٍ رَضِيَ اللهُ عَنْهُ، عَنِ النَّبِيِّ ﷺ قَالَ: لَيُصِيبَنَّ أَقْوَامًا سَفْعٌ مِنَ النَّارِ، بِذُنُوبٍ أَصَابُوهَا عُقُوبَةً، ثُمَّ يُدْخِلُهُمُ اللهُ الْجَنَّةَ بِفَضْلِ رَحْمَتِهِ، يُقَالُ لَهُمُ: الْجَهَنَّمِيُّونَ وَقَالَ هَمَّامٌ: حَدَّثَنَا قَتَادَةُ، حَدَّثَنَا أَنَسٌ، عَنِ النَّبِيِّ ﷺ.,އަނަސް رَضِيَ اللَّهُ عَنْهُ ރިވާ ކުރެއްވިއެވެ: ނަބިއްޔާ ﷺ ޙަދީޘް ކުރެއްވިއެވެ: ”ބަޔަކު މީހުން ކުރި ފާފަތަކުގެ ސަބަބުން، އުގޫބަތެއްގެ ގޮތުގައި ނަރަކައިން އަނދާލެވޭނެއެވެ. އެއަށްފަހު ﷲގެ ފަޟްލުވަންތަކަމާއި ރަޙްމަތްވަންތަކަމުން އެބައިމީހުން ސުވަރުގެ ވައްދަވާނެއެވެ. އެބައިމީހުންނަށް ޖަހަންނަމީންނޭ ކިޔޭނެއެވެ.,b44
صحيح البخاري,7457,حَدَّثَنَا إِسْمَاعِيلُ، حَدَّثَنِي مَالِكٌ، عَنْ أَبِي الزِّنَادِ، عَنِ الْأَعْرَجِ، عَنْ أَبِي هُرَيْرَةَ: أَنَّ رَسُولَ اللهِ ﷺ قَالَ: تَكَفَّلَ اللهُ لِمَنْ جَاهَدَ فِي سَبِيلِهِ، لَا يُخْرِجُهُ إِلَّا الْجِهَادُ فِي سَبِيلِهِ وَتَصْدِيقُ كَلِمَاتِهِ، بِأَنْ يُدْخِلَهُ الْجَنَّةَ، أَوْ يُرْجِعَهُ إِلَى مَسْكَنِهِ الَّذِي خَرَجَ مِنْهُ، مَعَ مَا نَالَ مِنْ أَجْرٍ أَوْ غَنِيمَةٍ.,އަބޫ ހުރައިރާ ރިވާ ކުރެއްވިއެވެ: ރަސޫލު ﷲ ﷺ ޙަދީޘް ކުރެއްވިއެވެ: ”ﷲގެ މަގުގައި (ޖިހާދަށް) ނުކުންނަ މީހަކަށް، އޭނާ ނެރުނު ހަމައެކަނި ކަމަކީ އެ އިލާހުގެ މަގުގައި ޖިހާދު ކުރުމާއި އެ އިލާހުގެ ކަލިމަފުޅުތަށް ތެދުކުރުން ކަމުގައި ވަނީނަމަ، ފަހެ އޭނާ ސުވަރުގެ ވައްދަވާނެކަމަށް، ނޫނީ އެނބުރި އެނާ ނުކުތް ގެއަށް އަޖުރު ނުވަތަ ޣަނީމާ މުދަލައިގެން ފޮނުއްވާނެކަމަށް ﷲ ވަނީ ކަށަވަރުކޮށް ދެއްވާފައެވެ.“,b36
صحيح البخاري,7463,حَدَّثَنَا عَبْدُ اللهِ بْنُ يُوسُفَ، أَخْبَرَنَا مَالِكٌ، عَنْ أَبِي الزِّنَادِ، عَنِ الْأَعْرَجِ، عَنْ أَبِي هُرَيْرَةَ: أَنَّ رَسُولَ اللهِ ﷺ قَالَ: تَكَفَّلَ اللهُ لِمَنْ جَاهَدَ فِي سَبِيلِهِ، لَا يُخْرِجُهُ مِنْ بَيْتِهِ إِلَّا الْجِهَادُ فِي سَبِيلِهِ وَتَصْدِيقُ كَلِمَتِهِ، أَنْ يُدْخِلَهُ الْجَنَّةَ، أَوْ يَرُدَّهُ إِلَى مَسْكَنِهِ بِمَا نَالَ مِنْ أَجْرٍ أَوْ غَنِيمَةٍ.,އަބޫ ހުރައިރާ ރިވާ ކުރެއްވިއެވެ: ރަސޫލު ﷲ ﷺ ޙަދީޘް ކުރެއްވިއެވެ: ”ﷲގެ މަގުގައި (ޖިހާދަށް) ނުކުންނަ މީހަކަށް، އޭނާ ގެއިން ނެރުނު ހަމައެކަނި ކަމަކީ އެ އިލާހުގެ މަގުގައި ޖިހާދު ކުރުމާއި އެ އިލާހުގެ ކަލިމަފުޅު ތެދުކުރުން ކަމުގައި ވަނީނަމަ، ފަހެ އޭނާ ސުވަރުގެ ވައްދަވާނެކަމަށް، ނޫނީ އެނބުރި އޭނާގެ ގެއަށް އަޖުރު ނުވަތަ ޣަނީމާ މުދަލައިގެން ފޮނުއްވާނެކަމަށް ﷲ ވަނީ ކަށަވަރުކޮށް ދެއްވާފައެވެ.“,b36
صحيح البخاري,7468,حَدَّثَنَا عَبْدُ اللهِ الْمُسْنَدِيُّ، حَدَّثَنَا هِشَامٌ، أَخْبَرَنَا مَعْمَرٌ، عَنِ الزُّهْرِيِّ، عَنْ أَبِي إِدْرِيسَ، عَنْ عُبَادَةَ بْنِ الصَّامِتِ قَالَ: بَايَعْتُ رَسُولَ اللهِ ﷺ فِي رَهْطٍ، فَقَالَ: أُبَايِعُكُمْ عَلَى أَنْ لَا تُشْرِكُوا بِاللهِ شَيْئًا، وَلَا تَسْرِقُوا، وَلَا تَزْنُوا، وَلَا تَقْتُلُوا أَوْلَادَكُمْ، وَلَا تَأْتُوا بِبُهْتَانٍ تَفْتَرُونَهُ بَيْنَ أَيْدِيكُمْ وَأَرْجُلِكُمْ، وَلَا تَعْصُونِي فِي مَعْرُوفٍ، فَمَنْ وَفَّى مِنْكُمْ فَأَجْرُهُ عَلَى اللهِ، وَمَنْ أَصَابَ مِنْ ذَلِكَ شَيْئًا فَأُخِذَ بِهِ فِي الدُّنْيَا فَهُوَ لَهُ كَفَّارَةٌ وَطَهُورٌ، وَمَنْ سَتَرَهُ اللهُ فَذَلِكَ إِلَى اللهِ: إِنْ شَاءَ عَذَّبَهُ وَإِنْ شَاءَ غَفَرَ لَهُ.,ޢުބާދާ ބިން ޞާމިތު رَضِيَ اللَّهُ عَنْهُ ރިވާ ކުރެއްވިއެވެ: (ބައިޢަތުލް ޢަގަބާގެ) ވަފުދުގައި ތިމަން ރަސޫލު ﷲ ﷺ އަށް ބައިޢަތު ހިފީމެވެ. ނަބިއްޔާ ޙަދީޘް ކުރެއްވިއެވެ: ”ތިޔަބައިމީހުން ﷲ އަށް އަޅުކަމުގައި އެއްވެސް ފަރާތެއް ބައިވެރި ނުކުރާނެކަމަށާއި، ވައްކަން ނުކުރާނެކަމަށާއި، ޒިނޭ ނުކުރާނެކަމަށާއި، ތިޔަބައިމީހުންގެ ދަރިން ނުމަރާނެކަމަށާއި، ތިޔަބައިމީހުން އަތުންފައިން ބުހުތާނު ދޮގު (މީހުންނަށް ނިސްބަތްކޮށް) ނަހަދާނެކަމަށާއި، އެއްވެސް ހެޔޮ ކަމެއްގައި ތިމަން ނަބިއްޔާއަށް އުރެދިނުގަންނާނެކަމަށް، ތިމަން ނަބިއްޔާ ތިޔަބައިމީހުންގެ ބައިޢަތު ނަގަމެވެ. ދެން (ބައިޢަތަށް) ވަފާތެރިވެއްޖެ މީހަކަށް އަޖުރު ދެއްވާނީ ﷲ އެވެ. އަދި އޭގެ ތެރެއިން ކަމަކަށް އަރައިގަނެވި، އޭގެ ސަބަބުން ދުނިޔެ މަތީގައި ޢުގޫބާތް ދެވިއްޖެ ނަމަ، ފަހެ އެ ވާނީ އެ މީހަކަށްވާ ކައްފާރައަކަށާއި ތާހިރުވެގަތުމަކަށެވެ. އަދި (އެއިން ކަމަކަށް އަރައިގަނެވި) ﷲ އޭނާއަށް އެކަން ފޮރުވައިދެއްވައިފި ނަމަ، ފަހެ އޭނާގެ ކަންތައް ވާނީ ﷲ އަށެވެ. (އެބަހީ: އެ އިލާހުގެ އިރާދަފުޅުގެ ދަށުންނެވެ.) އިރާދަ ކުރައްވައިފި ނަމަ އޭނާއަށް އަޒާބު ދެއްވާނެއެވެ. އަދި އިރާދަ ކުރައްވައިފި ނަމަ އޭނާއަށް ފާފަ ފުއްސަވައި ދެއްވާނެއެވެ.“,b18
صحيح البخاري,7472,"عَن ابْنِ عَبَّاسٍ، أَنَّ النَّبِيَّ ﷺ كَانَ يَقُولُ "" أَعُوذُ بِعِزَّتِكَ الَّذِي لاَ إِلَهَ إِلاَّ أَنْتَ، الَّذِي لاَ يَمُوتُ وَالْجِنُّ وَالإِنْسُ يَمُوتُونَ ""","އިބުނު އައްބާސް ރަޟިޔަﷲ ޢަންހުގެ ކިބައިން ރިވާވެގެންވެއެވެ. ހަމަކަށަވަރުން ރަސޫލުﷲ ﷺ ވިދާޅުވެލައްވާ އުޅުއްވައެވެ: أَعُوذُ بِعِزَّتِكَ الَّذِي لاَ إِلَهَ إِلاَّ أَنْتَ، الَّذِي لاَ يَمُوتُ وَالْجِنُّ وَالإِنْسُ يَمُوتُونَ: އިބަ ﷲ ފިޔަވައި ޙައްގުގޮތުގައި އަޅުކަންވެވޭ އެހެން އިލާހެއްނުވާ ﷲގެ ޢިއްޒަތުން މިއަޅާއަށް ރައްކާތެރިކަމަށް އެދެމެވެ. އެއިލާހަކީ މަރުވުމެއް ނުވާ އިލާހެވެ. އަދި ޖިންނީންނާއި އަދި އިންސީން މަރުވެއެވެ""",
صحيح البخاري,7494,يَنْزِلُ رَبُّنا تَبارَكَ وتَعالَى كُلَّ لَيْلَةٍ إلى السَّماءِ الدُّنْيا، حِينَ يَبْقَى ثُلُثُ اللَّيْلِ الآخِرُ فيَقولُ: مَن يَدْعُونِي فأسْتَجِيبَ له، مَن يَسْأَلُنِي فَأُعْطِيَهُ، مَن يَسْتَغْفِرُنِي فأغْفِرَ له.,އަހަރެމެންގެ ރައްބު ތަބާރަކަ ވަތަޢާލާ، ކޮންމެ ރެޔަކު ރޭގަނޑުގެ ތިންބައިން ފަހު ބަޔަށް ވެފައިވަނިކޮށް، އެންމެ ގާތް އުޑަށް ފައިބާވޮޑިގަންނަވާ ވަހީ ކުރައްވައެވެ: ތިމަން އިލާހަށް ދުއާ ކުރަނީ ކާކުހެއްޔެވެ؟ ފަހެ ތިމަން އިލާހު އެ މީހަކަށް ދުއާ އިޖާބަ ކުރައްވާނަމެވެ. ތިމަން އިލާހަށް އެދި ދަންނަވަނީ ކާކުހެއްޔެވެ؟ ފަހެ ތިމަން އިލާހު އެ މީހަކަށް ދެއްވާނަމެވެ. ތިމަން އިލާހަށް ފާފަފުއްސެވުމަށް އެދި ދަންނަވަނީ ކާކުހެއްޔެވެ؟ ފަހެ އެ މީހަކަށް ތިމަން އިލާހު ފާފަ ފުއްސަވައި ދެއްވާނަމެވެ.,
صحيح البخاري,7509,حَدَّثَنَا يُوسُفُ بْنُ رَاشِدٍ، حَدَّثَنَا أَحْمَدُ بْنُ عَبْدِ اللهِ، حَدَّثَنَا أَبُو بَكْرِ بْنُ عَيَّاشٍ، عَنْ حُمَيْدٍ قَالَ: سَمِعْتُ أَنَسًا رَضِيَ اللهُ عَنْهُ قَالَ: سَمِعْتُ النَّبِيَّ ﷺ يَقُولُ: إِذَا كَانَ يَوْمُ الْقِيَامَةِ شُفِّعْتُ، فَقُلْتُ: يَا رَبِّ أَدْخِلِ الْجَنَّةَ مَنْ كَانَ فِي قَلْبِهِ خَرْدَلَةٌ، فَيَدْخُلُونَ، ثُمَّ أَقُولُ: أَدْخِلِ الْجَنَّةَ مَنْ كَانَ فِي قَلْبِهِ أَدْنَى شَيْءٍ فَقَالَ أَنَسٌ: كَأَنِّي أَنْظُرُ إِلَى أَصَابِعِ رَسُولِ اللهِ ﷺ.,އަނަސް رَضِيَ اللَّهُ عَنْهُ ރިވާ ކުރެއްވިއެވެ: ނަބިއްޔާ ﷺ ޙަދީޘް ކުރައްވަނިކޮށް ތިމަން އަޑު އެހީމެވެ: ”ގިޔާމަތް ދުވަހު ތިމަން ނަބިއްޔާ ޝަފާޢަތްތެރި ވާނަމެވެ. އަދި ދަންނަވާނަމެވެ: އޭ އަޅުގެ ރައްބެވެ. އެ މީހެއްގެ ހިތުގައި ރެވި އޮށްޓަރެއްގެ މިންވަރަށް (އީމާންކަން) ހުރެއްޖެ މީހަކު ސުވަރުގެ ވައްދަވާށެވެ. ދެން އެބައިމީހުން (ސުވަރުގެ) ވަންނާނެއެވެ. އެއަށްފަހު ދަންނަވާނަމެވެ: އެ މީހެއްގެ ހިތުގައި އެންމެ ކުޑަ މިންވަރެއްގެ (އީމާންކަން) ހުރެއްޖެ މީހަކު ސުވަރުގެ ވައްދަވާށެވެ.“ އަނަސް (މި ޙަދީޘް ކިޔައިދެއްވަމުން) ދެންނެވިއެވެ: ރަސޫލު ﷲ ﷺ ގެ އިނގިލިފުޅުތައް (ލައްޕަވާތަން) ތިމަން ބަލާފަދައެވެ.,b44
صحيح البخاري,7510,حَدَّثَنَا سُلَيْمَانُ بْنُ حَرْبٍ، حَدَّثَنَا حَمَّادُ بْنُ زَيْدٍ، حَدَّثَنَا مَعْبَدُ بْنُ هِلَالٍ الْعَنَزِيُّ قَالَ: اجْتَمَعْنَا نَاسٌ مِنْ أَهْلِ الْبَصْرَةِ، فَذَهَبْنَا إِلَى أَنَسِ بْنِ مَالِكٍ، وَذَهَبْنَا مَعَنَا بِثَابِتٍ إِلَيْهِ، يَسْأَلُهُ لَنَا عَنْ حَدِيثِ الشَّفَاعَةِ، فَإِذَا هُوَ فِي قَصْرِهِ، فَوَافَقْنَاهُ يُصَلِّي الضُّحَى، فَاسْتَأْذَنَّا فَأَذِنَ لَنَا وَهُوَ قَاعِدٌ عَلَى فِرَاشِهِ، فَقُلْنَا لِثَابِتٍ: لَا تَسْأَلْهُ عَنْ شَيْءٍ أَوَّلَ مِنْ حَدِيثِ الشَّفَاعَةِ، فَقَالَ: يَا أَبَا حَمْزَةَ، هَؤُلَاءِ إِخْوَانُكَ مِنْ أَهْلِ الْبَصْرَةِ، جَاءُوكَ يَسْأَلُونَكَ عَنْ حَدِيثِ الشَّفَاعَةِ، فَقَالَ: حَدَّثَنَا مُحَمَّدٌ ﷺ قَالَ: إِذَا كَانَ يَوْمُ الْقِيَامَةِ مَاجَ النَّاسُ بَعْضُهُمْ فِي بَعْضٍ، فَيَأْتُونَ آدَمَ فَيَقُولُونَ: اشْفَعْ لَنَا إِلَى رَبِّكَ، فَيَقُولُ لَسْتُ لَهَا، وَلَكِنْ عَلَيْكُمْ بِإِبْرَاهِيمَ فَإِنَّهُ خَلِيلُ الرَّحْمَنِ، فَيَأْتُونَ إِبْرَاهِيمَ، فَيَقُولُ: لَسْتُ لَهَا، وَلَكِنْ عَلَيْكُمْ بِمُوسَى فَإِنَّهُ كَلِيمُ اللهِ، فَيَأْتُونَ مُوسَى، فَيَقُولُ: لَسْتُ لَهَا، وَلَكِنْ عَلَيْكُمْ بِعِيسَى فَإِنَّهُ رُوحُ اللهِ وَكَلِمَتُهُ، فَيَأْتُونَ عِيسَى فَيَقُولُ: لَسْتُ لَهَا، وَلَكِنْ عَلَيْكُمْ بِمُحَمَّدٍ ﷺ، فَيَأْتُونِي، فَأَقُولُ: أَنَا لَهَا، فَأَسْتَأْذِنُ عَلَى رَبِّي فَيُؤْذَنُ لِي، وَيُلْهِمُنِي مَحَامِدَ أَحْمَدُهُ بِهَا لَا تَحْضُرُنِي الْآنَ، فَأَحْمَدُهُ بِتِلْكَ الْمَحَامِدِ، وَأَخِرُّ لَهُ سَاجِدًا، فَيُقَالُ: يَا مُحَمَّدُ ارْفَعْ رَأْسَكَ، وَقُلْ يُسْمَعْ لَكَ، وَسَلْ تُعْطَ، وَاشْفَعْ تُشَفَّعْ، فَأَقُولُ: يَا رَبِّ، أُمَّتِي أُمَّتِي، فَيُقَالُ: انْطَلِقْ فَأَخْرِجْ مِنْهَا مَنْ كَانَ فِي قَلْبِهِ مِثْقَالُ شَعِيرَةٍ مِنْ إِيمَانٍ، فَأَنْطَلِقُ فَأَفْعَلُ، ثُمَّ أَعُودُ فَأَحْمَدُهُ بِتِلْكَ الْمَحَامِدِ ثُمَّ أَخِرُّ لَهُ سَاجِدًا، فَيُقَالُ: يَا مُحَمَّدُ، ارْفَعْ رَأْسَكَ، وَقُلْ يُسْمَعْ لَكَ، وَسَلْ تُعْطَ، وَاشْفَعْ تُشَفَّعْ، فَأَقُولُ: يَا رَبِّ أُمَّتِي أُمَّتِي، فَيُقَالُ: انْطَلِقْ فَأَخْرِجْ مِنْهَا مَنْ كَانَ فِي قَلْبِهِ مِثْقَالُ ذَرَّةٍ أَوْ خَرْدَلَةٍ مِنْ إِيمَانٍ، فَأَنْطَلِقُ فَأَفْعَلُ، ثُمَّ أَعُودُ فَأَحْمَدُهُ بِتِلْكَ الْمَحَامِدِ ثُمَّ أَخِرُّ لَهُ سَاجِدًا، فَيُقَالُ: يَا مُحَمَّدُ ارْفَعْ رَأْسَكَ، وَقُلْ يُسْمَعْ لَكَ، وَسَلْ تُعْطَ، وَاشْفَعْ تُشَفَّعْ، فَأَقُولُ: يَا رَبِّ أُمَّتِي أُمَّتِي، فَيَقُولُ: انْطَلِقْ فَأَخْرِجْ مَنْ كَانَ فِي قَلْبِهِ أَدْنَى أَدْنَى أَدْنَى مِثْقَالِ حَبَّةِ خَرْدَلٍ مِنْ إِيمَانٍ فَأَخْرِجْهُ مِنَ النَّارِ، فَأَنْطَلِقُ فَأَفْعَلُ. فَلَمَّا خَرَجْنَا مِنْ عِنْدِ أَنَسٍ، قُلْتُ لِبَعْضِ أَصْحَابِنَا: لَوْ مَرَرْنَا بِالْحَسَنِ، وَهُوَ مُتَوَارٍ فِي مَنْزِلِ أَبِي خَلِيفَةَ، بِمَا حَدَّثَنَا أَنَسُ بْنُ مَالِكٍ، فَأَتَيْنَاهُ فَسَلَّمْنَا عَلَيْهِ فَأَذِنَ لَنَا، فَقُلْنَا لَهُ: يَا أَبَا سَعِيدٍ، جِئْنَاكَ مِنْ عِنْدِ أَخِيكَ أَنَسِ بْنِ مَالِكٍ، فَلَمْ نَرَ مِثْلَ مَا حَدَّثَنَا فِي الشَّفَاعَةِ، فَقَالَ: هِيهْ، فَحَدَّثْنَاهُ بِالْحَدِيثِ، فَانْتَهَى إِلَى هَذَا الْمَوْضِعِ، فَقَالَ: هِيهْ، فَقُلْنَا: لَمْ يَزِدْ لَنَا عَلَى هَذَا، فَقَالَ: لَقَدْ حَدَّثَنِي، وَهُوَ جَمِيعٌ، مُنْذُ عِشْرِينَ سَنَةً، فَلَا أَدْرِي أَنَسِيَ أَمْ كَرِهَ أَنْ تَتَّكِلُوا، قُلْنَا: يَا أَبَا سَعِيدٍ فَحَدِّثْنَا: فَضَحِكَ وَقَالَ: خُلِقَ الْإِنْسَانُ عَجُولًا، مَا ذَكَرْتُهُ إِلَّا وَأَنَا أُرِيدُ أَنْ أُحَدِّثَكُمْ، حَدَّثَنِي كَمَا حَدَّثَكُمْ بِهِ، قَالَ: ثُمَّ أَعُودُ الرَّابِعَةَ فَأَحْمَدُهُ بِتِلْكَ الْمَحَامِدِ، ثُمَّ أَخِرُّ لَهُ سَاجِدًا، فَيُقَالُ: يَا مُحَمَّدُ ارْفَعْ رَأْسَكَ، وَقُلْ يُسْمَعْ، وَسَلْ تُعْطَهْ، وَاشْفَعْ تُشَفَّعْ، فَأَقُولُ: يَا رَبِّ ائْذَنْ لِي فِيمَنْ قَالَ لَا إِلَهَ إِلَّا اللهُ، فَيَقُولُ: وَعِزَّتِي وَجَلَالِي وَكِبْرِيَائِي وَعَظَمَتِي لَأُخْرِجَنَّ مِنْهَا مَنْ قَالَ لَا إِلَهَ إِلَّا اللهُ.,އަނަސް ބިން މާލިކު ރިވާ ކުރެއްވިއެވެ: މުޙައްމަދު ﷺ ތިމަންމެންނަށް ޙަދީޘް ކުރެއްވިއެވެ: ”ގިޔާމަތް ދުވަހު މީސްތަކުން އެއްބަޔަކު އަނެއްބަޔަކާ ރާޅުތަކެއް ފަދައިން އެއްވެގެން ދާނެއެވެ. ދެން އެބައިމީހުން އާދަމުގެފާނު އަރިހަށް އައިސް ދަންނަވާނެއެވެ: ތިބާގެ ރައްބުގެ ހަޒްރަތުގައި ތިމަންމެންނަށް ޝަފާޢަތްތެރިވާށެވެ. ދެން އާދަމުގެފާނު ދަންނަވާނެއެވެ: ތިމަން ކަލޭގެފާނީ ތިކަމަށް އެކަށީގެންވާ ބޭކަލެއް ނޫނެކީމެވެ. އެހެނެއްކަމަކު އިބްރާހީމްގެފާނު އަރިހަށް ދާށެވެ. އެހެނީ ހަމަކަށަވަރުން އެކަލޭގެފާނީ އައްރަޙްމާނުގެ ޚަލީލެވެ. ދެން އެބައިމީހުން އިބްރާހީމްގެފާނު އަރިހަށް ދިޔުމުން އެކަލޭގެފާނު ދަންނަވާނެއެވެ: ހަމަކަށަވަރުން ތިމަން ކަލޭގެފާނީ ތިކަމަށް އެކަށީގެންވާ ބޭކަލެއް ނޫނެކީމެވެ. އެހެނެއްކަމަކު މޫސާގެފާނު އަރިހަށް ދާށެވެ. އެހެނީ ހަމަކަށަވަރުން އެކަލޭގެފާނީ (މެދުވެރިއެއް ނެތި) ﷲ ބަސް ވަހީ ބޭކަލެކެވެ. ދެން އެބައިމީހުން މޫސާގެފާނު އަރިހަށް ދިޔުމުން އެކަލޭގެފާނު ދަންނަވާނެއެވެ: ހަމަކަށަވަރުން ތިމަން ކަލޭގެފާނީ ތިކަމަށް އެކަށީގެންވާ ބޭކަލެއް ނޫނެކީމެވެ. އެހެނެއްކަމަކު ޢީސާގެފާނު އަރިހަށް ދާށެވެ. އެހެނީ ހަމަކަށަވަރުން އެކަލޭގެފާނީ ﷲގެ (ލެއްވި) ފުރާނަފުޅަކާއި، (ވުޖޫދުވެވަޑައިގަތުމަށް ވަހީ ކުރެއްވި) ކަލިމަފުޅެކެވެ. ދެން އެބައިމީހުން ޢީސާގެފާނު އަރިހަށް ދިޔުމުން އެކަލޭގެފާނު ދަންނަވާނެއެވެ: ތިމަން ކަލޭގެފާނީ ތިކަމަށް އެކަށީގެންވާ ބޭކަލެއް ނޫނެކީމެވެ. އެހެނެއްކަމަކު މުޙައްމަދު ﷺ އަރިހަށް ދާށެވެ. ދެން އެބައިމީހުން ތިމަން ނަބިއްޔާގެ އަރިހަށް އަންނާނެއެވެ. ތިމަން ނަބިއްޔާ ޙަދީޘް ކުރައްވާނަމެވެ: ތިމަން ނަބިއްޔާ ތި ކަމެއް ކުރައްވާނަމެވެ. އަދި ތިމަން ނަބިއްޔާގެ ރައްބުގެ ހަޒްރަތުގައި ހުއްދައަށް އެދުމުން، ތިމަން ނަބިއްޔާއަށް ހުއްދަ ދެވޭނެއެވެ. އަދި އެ އިލާހު އިލްހާމު ކުރައްވާނެ ޙަމްދުތަކަކުން އެ އިލާހަށް ޙަމްދު ކުރައްވާނަމެވެ. މި ވަގުތު އެ ޙަމްދުތަކެއް ތިމަން ނަބިއްޔާ އެނގިވަޑައި ނުގަންނަވަމެވެ. އަދި އެ ގޮތަށް ޙަމްދު ކުރެއްވުމަށް ފަހު، އެ އިލާހަށް ސަޖިދައަށް ވެއްޓިވަޑައިގަންނަވާނަމެވެ. ދެން އެ އިލާހު ވަހީ ކުރައްވާނެއެވެ: އޭ މުޙައްމަދުގެފާނެވެ. އިސްތަށިފުޅު އުފުއްލަވާށެވެ. އަދި ވިދާޅުވާށެވެ. އިބަ ނަބިއްޔާގެ ބަސްފުޅު އެހޭނެއެވެ. އަދި އެދިލައްވާށެވެ. އިބަ ނަބިއްޔާއަށް އެ ކަމެއް ދެވޭނެއެވެ. އަދި ޝަފާޢަތްތެރިވާށެވެ. އިބަ ނަބިއްޔާގެ ޝަފާޢަތް ގަބޫލު ކުރެއްވޭނެއެވެ. ދެން ތިމަން ނަބިއްޔާ ދަންނަވާނަމެވެ: އޭ އަޅުގެ ރައްބެވެ. ތިމަން ނަބިއްޔާގެ އުއްމަތެވެ. ތިމަން ނަބިއްޔާގެ އުއްމަތެވެ. ދެން ވަހީ ކުރެއްވޭނެއެވެ: ވަޑައިގެން އެ މީހެއްގެ ހިތުގައި ހިމަގޮދަން އޮށްޓަރެއްގެ މިންވަރަށް އީމާންކަން ހުރެއްޖެ މީހަކު ނެރޭށެވެ. އަދި ތިމަން ނަބިއްޔާ ވަޑައިގެން އެ ކަމެއް ކުރައްވާނަމެވެ. ދެން އެނބުރި ވަޑައިގެން އަނެއްކާވެސް އެ ގޮތަށް ޙަމްދު ކުރެއްވުމަށް ފަހު، އެ އިލާހަށް ސަޖިދައަށް ވެއްޓިވަޑައިގަންނަވާނަމެވެ. ދެން އެ އިލާހު ވަހީ ކުރައްވާނެއެވެ: އޭ މުޙައްމަދުގެފާނެވެ. އިސްތަށިފުޅު އުފުއްލަވާށެވެ. އަދި ވިދާޅުވާށެވެ. އިބަ ނަބިއްޔާގެ ބަސްފުޅު އެހޭނެއެވެ. އަދި އެދިލައްވާށެވެ. އިބަ ނަބިއްޔާއަށް އެ ކަމެއް ދެވޭނެއެވެ. އަދި ޝަފާޢަތްތެރިވާށެވެ. އިބަ ނަބިއްޔާގެ ޝަފާޢަތް ގަބޫލު ކުރެއްވޭނެއެވެ. ދެން ތިމަން ނަބިއްޔާ ދަންނަވާނަމެވެ: އޭ އަޅުގެ ރައްބެވެ. ތިމަން ނަބިއްޔާގެ އުއްމަތެވެ. ތިމަން ނަބިއްޔާގެ އުއްމަތެވެ. ދެން ވަހީ ކުރެއްވޭނެއެވެ: ވަޑައިގެން އެ މީހެއްގެ ހިތުގައި ޛައްރެއް ނުވަތަ ރެވި އޮށްޓަރެއްގެ މިންވަރަށް އީމާންކަން ހުރެއްޖެ މީހަކު އެ ނަރަކައިން ނެރޭށެވެ. އަދި ތިމަން ނަބިއްޔާ ވަޑައިގެން އެ ކަމެއް ކުރައްވާނަމެވެ. ދެން އެނބުރި ވަޑައިގެން އަނެއްކާވެސް އެ ގޮތަށް ޙަމްދު ކުރެއްވުމަށް ފަހު، އެ އިލާހަށް ސަޖިދައަށް ވެއްޓިވަޑައިގަންނަވާނަމެވެ. ދެން އެ އިލާހު ވަހީ ކުރައްވާނެއެވެ: އޭ މުޙައްމަދުގެފާނެވެ. އިސްތަށިފުޅު އުފުއްލަވާށެވެ. އަދި ވިދާޅުވާށެވެ. އިބަ ނަބިއްޔާގެ ބަސްފުޅު އެހޭނެއެވެ. އަދި އެދިލައްވާށެވެ. އިބަ ނަބިއްޔާއަށް އެ ކަމެއް ދެވޭނެއެވެ. އަދި ޝަފާޢަތްތެރިވާށެވެ. އިބަ ނަބިއްޔާގެ ޝަފާޢަތް ގަބޫލު ކުރެއްވޭނެއެވެ. ދެން ތިމަން ނަބިއްޔާ ދަންނަވާނަމެވެ: އޭ އަޅުގެ ރައްބެވެ. ތިމަން ނަބިއްޔާގެ އުއްމަތެވެ. ތިމަން ނަބިއްޔާގެ އުއްމަތެވެ. ދެން ވަހީ ކުރެއްވޭނެއެވެ: ވަޑައިގެން އެ މީހެއްގެ ހިތުގައި އެންމެ ކުޑަކުޑަ ރެވި އޮށްޓަރެއްގެ މިންވަރަށް އީމާންކަން ހުރެއްޖެ މީހަކު އެ ނަރަކައިން ނެރޭށެވެ. އަދި ތިމަން ނަބިއްޔާ ވަޑައިގެން އެ ކަމެއް ކުރައްވާނަމެވެ. ދެން ހަތަރުވަނަ ފަހަރަށް އެނބުރި ވަޑައިގެން އަނެއްކާވެސް އެ ގޮތަށް ޙަމްދު ކުރެއްވުމަށް ފަހު، އެ އިލާހަށް ސަޖިދައަށް ވެއްޓިވަޑައިގަންނަވާނަމެވެ. ދެން އެ އިލާހު ވަހީ ކުރައްވާނެއެވެ: އޭ މުޙައްމަދުގެފާނެވެ. އިސްތަށިފުޅު އުފުއްލަވާށެވެ. އަދި ވިދާޅުވާށެވެ. އިބަ ނަބިއްޔާގެ ބަސްފުޅު އެހޭނެއެވެ. އަދި އެދިލައްވާށެވެ. އިބަ ނަބިއްޔާއަށް އެ ކަމެއް ދެވޭނެއެވެ. އަދި ޝަފާޢަތްތެރިވާށެވެ. އިބަ ނަބިއްޔާގެ ޝަފާޢަތް ގަބޫލު ކުރެއްވޭނެއެވެ. ދެން ތިމަން ނަބިއްޔާ ދަންނަވާނަމެވެ: އޭ އަޅުގެ ރައްބެވެ. لا إله إلا الله ކިޔައިފި މީހަކު (ނެރުމަށް) ތިމަން ނަބިއްޔާއަށް ހުއްދަ ދެއްވާށެވެ. ދެން އެ އިލާހު ވަހީ ކުރައްވާނެއެވެ: ތިމަން އިލާހުގެ ޢީއްޒަތާއި ޖަލާލަތާއި މަތިވެރިވަންތަކަން ގަންދީ ވަހީ ކުރައްވަމެވެ. ހަމަކަށަވަރުން لا إله إلا الله ކިޔައިފި މީހަކު އެ ނަރަކައިން ނެރުއްވާނަމެވެ.“,b44
صحيح البخاري,7516,حَدَّثَنَا مُسْلِمُ بْنُ إِبْرَاهِيمَ، حَدَّثَنَا هِشَامٌ، حَدَّثَنَا قَتَادَةُ، عَنْ أَنَسٍ رَضِيَ اللهُ عَنْهُ قَالَ: قَالَ رَسُولُ اللهِ ﷺ: يُجْمَعُ الْمُؤْمِنُونَ يَوْمَ الْقِيَامَةِ، فَيَقُولُونَ: لَوِ اسْتَشْفَعْنَا إِلَى رَبِّنَا فَيُرِيحُنَا مِنْ مَكَانِنَا هَذَا، فَيَأْتُونَ آدَمَ فَيَقُولُونَ لَهُ: أَنْتَ آدَمُ أَبُو الْبَشَرِ، خَلَقَكَ اللهُ بِيَدِهِ، وَأَسْجَدَ لَكَ الْمَلَائِكَةَ، وَعَلَّمَكَ أَسْمَاءَ كُلِّ شَيْءٍ، فَاشْفَعْ لَنَا إِلَى رَبِّنَا حَتَّى يُرِيحَنَا، فَيَقُولُ لَهُمْ: لَسْتُ هُنَاكُمْ، فَيَذْكُرُ لَهُمْ خَطِيئَتَهُ الَّتِي أَصَابَ.,އަނަސް رَضِيَ اللَّهُ عَنْهُ ރިވާ ކުރެއްވިއެވެ: ނަބިއްޔާ ﷺ ޙަދީޘް ކުރެއްވިއެވެ: ”ގިޔާމަތް ދުވަހު މުއުމިނުން އެއްކުރެވިގެން ދަންނަވާނެއެވެ: މި ތަނުން ސަލާމަތް ކުރެއްވުމަށް ތިމަންގެ ރައްބުގެ ހަޒްރަތުގައި ޝަފާޢަތްތެރިވުމަށް އެދި މީހަކު ގާތު ދަންނަވަމާތޯއެވެ. ދެން އާދަމުގެފާނު އަރިހަށް އައިސް ދަންނަވާނެއެވެ: ތިބާއީ އާދަމުގެފާނެވެ. އިންސާނުންގެ ބައްޕާފުޅެވެ. ﷲ ތިބާ އުފެއްދެވީ އެ އިލާހުގެ އަތްޕުޅުންނެވެ. އަދި މަލާއިކަތުން ތިބާއަށް ސަޖިދަ ކުރުވިއެވެ. އަދި ތިބާއަށް ހުރިހާ އެއްޗެއްގެ ނަންތައް އުނގަންނަވައި ދެއްވިއެވެ. ވީމާ ތިމަންމެން (މި ތަނުން) ސަލާމަތް ކޮށްދެއްވުމަށް އެދި ތިބާގެ ރައްބުގެ ހަޒްރަތުގައި ޝަފާޢަތްތެރިވާށެވެ. ދެން އާދަމުގެފާނު ދަންނަވާނެއެވެ: ތިމަން ކަލޭގެފާނީ ތިކަމަށް އެކަށީގެންވާ ބޭކަލެއް ނޫނެކީމެވެ. އަދި އެކަލޭގެފާނަށް ކުރެވުނު ކުށް އެބައިމީހުންނަށް ހަނދުމަ ކޮށްދެއްވާނެއެވެ.“,b44
صحيح البخاري,7524,حَدَّثَنَا قُتَيْبَةُ بْنُ سَعِيدٍ، حَدَّثَنَا أَبُو عَوَانَةَ، عَنْ مُوسَى بْنِ أَبِي عَائِشَةَ، عَنْ سَعِيدِ بْنِ جُبَيْرٍ، عَنِ ابْنِ عَبَّاسٍ فِي قَوْلِهِ تَعَالَى: { لا تُحَرِّكْ بِهِ لِسَانَكَ } قَالَ: كَانَ النَّبِيُّ ﷺ يُعَالِجُ مِنَ التَّنْزِيلِ شِدَّةً، وَكَانَ يُحَرِّكُ شَفَتَيْهِ، فَقَالَ لِيَ ابْنُ عَبَّاسٍ: أُحَرِّكُهُمَا لَكَ، كَمَا كَانَ رَسُولُ اللهِ ﷺ يُحَرِّكُهُمَا. فَقَالَ سَعِيدٌ: أَنَا أُحَرِّكُهُمَا، كَمَا كَانَ ابْنُ عَبَّاسٍ يُحَرِّكُهُمَا. فَحَرَّكَ شَفَتَيْهِ، فَأَنْزَلَ اللهُ عَزَّ وَجَلَّ: { لا تُحَرِّكْ بِهِ لِسَانَكَ لِتَعْجَلَ بِهِ * إِنَّ عَلَيْنَا جَمْعَهُ وَقُرْآنَهُ } قَالَ: جَمْعُهُ فِي صَدْرِكَ، ثُمَّ تَقْرَؤُهُ. { فَإِذَا قَرَأْنَاهُ فَاتَّبِعْ قُرْآنَهُ } قَالَ: فَاسْتَمِعْ لَهُ وَأَنْصِتْ، ثُمَّ إِنَّ عَلَيْنَا أَنْ تَقْرَأَهُ، قَالَ: فَكَانَ رَسُولُ اللهِ ﷺ إِذَا أَتَاهُ جِبْرِيلُ عَلَيْهِ السَّلَامُ اسْتَمَعَ، فَإِذَا انْطَلَقَ جِبْرِيلُ، قَرَأَهُ النَّبِيُّ ﷺ كَمَا أَقْرَأَهُ.,❞އެ ގުރްއާން (އަވަހަށް ދަސްކުރެއްވުމަށް) ކަލޭގެފާނުގެ ދޫފުޅު، އެ ގުރްއާނައިގެން ޙަރަކާތް ނުކުރައްވާށެވެ.❝ ﷲ ތަޢާލާގެ މި ވަހީ ބަސްފުޅާ ބެހޭ ގޮތުން އިބްނު ޢައްބާސް ރިވާ ކުރެއްވިއެވެ: ނަބިއްޔާ ﷺ ވަހީ ލިބިވަޑައިގެންނެވީ ބުރަކަމާއެކީގައެވެ. އަދި (ހިތުދަސް ނުވެދާނެތީވެ، ވަޙި ބާވައިލެއްވުމުން ދިޔަ ހިނދު) އެ ކިޔަވައި ވިދާޅުވުމައިގެން ނަބިއްޔާގެ ތުންފަތްކޮޅު ހަރަކާތް ކުރައްވައެވެ. –އިބްނު ޢައްބާސް (މި ވާހަކަ ކިޔައިދެއްވަމުން) ވިދާޅުވިއެވެ: ފަހެ ރަސޫލު ﷲ ﷺ ތުންފަތްކޮޅު ހަރަކާތް ކުރައްވި ފަދައިން، ތިޔަބައިމިހުންނަށް ދެއްކުމަށް ޓަކައި ތިމަންނަވެސް މި ހަރަކާތް ކުރަނީއެވެ. (އަދި އިބްނު ޢައްބާސްގެ އަރިހުން ރިވާ ކުރެއްވި ސައީދު ބިން ޖުބައިރުވެސް އެފަދައިން ކަންކުރެއްވިއެވެ.)- އެއަށްފަހު ﷲ ޢައްޒަ ވަޖައްލަ ވަހީ ބާވައިލެއްވިއެވެ: ❞އެ ގުރްއާން އަވަހަށް ދަސްކުރެއްވުމަށް ކަލޭގެފާނުގެ ދޫފުޅު، އެ ގުރްއާނައިގެން ޙަރަކާތް ނުކުރައްވާށެވެ. ހަމަކަށަވަރުން އެ ގުރްއާން (ކަލޭގެފާނުގެ ހިތްޕުޅުގައި) އެއްކުރެއްވުމާއި، އެ ކިޔަވައި ވިދާޅުވުމުގެ (ކުޅަދާނަކަން) ދެއްވުމަކީ، ތިމަން އިލާހަށް އޮތް ކެމެވެ.❝ (މި އާޔަތާ ބެހޭ ގޮތުން) އިބްނު ޢައްބާސް ވިދާޅުވިއެވެ: އެބަހީ އިބަ ނަބިއްޔާއަށް ޓަކައި، އިބަ ނަބިއްޔާގެ ހިތްޕުޅުގައި އެ ގުރްއާން ﷲ އެއްކުރައްވައިގެން އިބަ ނަބިއްޔާ ކިޔަވާ ވިދާޅުވާނެއެވެ. ❞ފަހެ ތިމަން އިލާހު އެ ގުރްއާން ކިޔައިވައިދެއްވާ ހިނދު، ކަލޭގެފާނު (ހަނުހުންނަވައިގެން) އެ ކިޔަވައިދެއްވުމާ ތަބާވެވަޑައިގަންނަވާށެވެ.❝ (މި އާޔަތާ ބެހޭ ގޮތުން) އިބްނު ޢައްބާސް ވިދާޅުވިއެވެ: އެބަހީ ހަނުހުންނަވައިގެން އެ ގުރްއާނަށް ކަނުލައި އަޑުއައްސަވާށެވެ. ދެން އިބަ ނަބިއްޔާ އެ ގުރްއާން ކިޔަވައި ވިދާޅުވުމުގެ (ކުޅަދާނަކަށް) ދެއްވުމަކީ ވެސް ތިމަން އިލާހަށް އޮތް ކަމެކެވެ. އެއަށްފަހު ރަސޫލު ﷲ ﷺ ގެ އަރިހަށް ޖިބްރީލު ވަޑައިގަންނަވާ ހިނދު، ނަބިއްޔާ ކަނުލައި އަޑުއައްސަވައެވެ. ދެން ޖިބްރީލު ވަޑައިގެން ދިޔުމަށް ފަހު، ނަބިއްޔާ ﷺ އަށް ކިޔަވައި ވިދާޅުވަން ޖެއްސެވުނު ފަދައިން އެ ގުރްއާން ކިޔަވައި ވިދާޅުވެއެވެ.,b5
صحيح البخاري,7538,عَنِ أَبي هُرَيْرَةَ عَنِ النَّبِيِّ ﷺ يَرْوِيهِ عَنْ رَبِّكُمْ قَالَ: لِكُلِّ عَمَلٍ كَفَّارَةٌ، وَالصَّوْمُ لِي وَأَنَا أَجْزِي بِهِ، وَلَخُلُوفُ فَمِ الصَّائِمِ أَطْيَبُ عِنْدَ اللهِ مِنْ رِيحِ الْمِسْكِ.,އަބޫ ހުރައިރާގެ އަރިހުން، ނަބިއްޔާ ﷺ ގެ އަރިހުން، ތިޔަބައިމީހުންގެ ރައްބުގެ ހަޒްރަތުން ރިވާވެގެންވެއެވެ: އެ އިލާހު ވަހީ ކުރެއްވިއެވެ: ”ކޮންމެ (ނުބައި) އަމަލަކަށް ކައްފާރާއެއް ވެއެވެ. އަދި ރޯދަ ވަނީ ތިމަން އިލާހަށެވެ. އަދި އެއަށް ޖަޒާ ދެއްވާނީ ތިމަން އިލާހެވެ. އަދި ހަމަކަށަވަރުން ﷲ ގެ ހަޒްރަތުގައި، ރޯދަވެރިޔާގެ އަނގައިން ދުވާ ވަސް، ގޮމަކަސްތޫރީގެ ވަހަށްވުރެ ވަސްމީރުވެގެން ވެއެވެ.“,
صحيح البخاري,7083(م),قَالَ حَمَّادُ بْنُ زَيْدٍ: فَذَكَرْتُ هَذَا الْحَدِيثَ لِأَيُّوبَ وَيُونُسَ بْنِ عُبَيْدٍ، وَأَنَا أُرِيدُ أَنْ يُحَدِّثَانِي بِهِ، فَقَالَا: إِنَّمَا رَوَى هَذَا الْحَدِيثَ: الْحَسَنُ، عَنِ الْأَحْنَفِ بْنِ قَيْسٍ، عَنْ أَبِي بَكْرَةَ حَدَّثَنَا سُلَيْمَانُ، حَدَّثَنَا حَمَّادٌ بِهَذَا. وَقَالَ مُؤَمَّلٌ: حَدَّثَنَا حَمَّادُ بْنُ زَيْدٍ، حَدَّثَنَا أَيُّوبُ، وَيُونُسُ، وَهِشَامٌ، وَمُعَلَّى بْنُ زِيَادٍ، عَنِ الْحَسَنِ، عَنِ الْأَحْنَفِ، عَنْ أَبِي بَكْرَةَ، عَنِ النَّبِيِّ ﷺ. وَرَوَاهُ مَعْمَرٌ، عَنْ أَيُّوبَ. وَرَوَاهُ بَكَّارُ بْنُ عَبْدِ الْعَزِيزِ، عَنْ أَبِيهِ، عَنْ أَبِي بَكْرَةَ وَقَالَ غُنْدَرٌ: حَدَّثَنَا شُعْبَةُ، عَنْ مَنْصُورٍ، عَنْ رِبْعِيِّ بْنِ حِرَاشٍ، عَنْ أَبِي بَكْرَةَ، عَنِ النَّبِيِّ ﷺ، وَلَمْ يَرْفَعْهُ سُفْيَانُ، عَنْ مَنْصُورٍ,,b31
صحيح البخاري,99(م),حَدَّثَنَا الْعَلَاءُ بْنُ عَبْدِ الْجَبَّارِ قَالَ: حَدَّثَنَا عَبْدُ الْعَزِيزِ بْنُ مُسْلِمٍ، عَنْ عَبْدِ اللهِ بْنِ دِينَارٍ بِذَلِكَ، يَعْنِي حَدِيثَ عُمَرَ بْنِ عَبْدِ الْعَزِيزِ إِلَى قَوْلِهِ: ذَهَابَ الْعُلَمَاءِ,ޢުމަރު ބިން ޢަބްދުލް ޢަޒީޒު، ޢަމްރު ބިން ޙަޒްމަށް ލިޔުނެވެ: ރަސޫލު ﷲ ﷺ ގެ ޙަދީޘްގައިވާ އެއްޗެއް ބަލާފައި ލިޔާށެވެ. އެހެނީ ހަމަކަށަވަރުން ޢިލްމީ ދަރުސްތަކާއި ޢިލްމުވެރިން ނެތިދާނެތީ ތިމަންނަ ބިރުގަންނަމެވެ.,
صحيح البخاري,بَاب ‌‌10الْعِلْمُ قَبْلَ الْقَوْلِ وَالْعَمَلِ,وَقَالَ ابْنُ عَبَّاسٍ: {كُونُوا رَبَّانِيِّينَ}: حُلَمَاءَ فُقَهَاءَ، وَيُقَالُ: الرَّبَّانِيُّ الَّذِي يُرَبِّي النَّاسَ ‌بِصِغَارِ ‌الْعِلْمِ ‌قَبْلَ ‌كِبَارِهِ,ބުޚާރީ ވިދާޅުވިއެވެ: އިބްނު ޢައްބާސް ވިދާޅުވިއެވެ: ”’ތިޔަބައިމީހުން ރައްބާނީން ކަމުގައި ވާށެވެ.‘ (މި އާޔަތުގެ) މާނައީ، ހިލްމުވެރި ފިގްހުވެރިން (ކަމުގައި ވާށެވެ.) އަދި ބުނެވުނެވެ: ރައްބާނީއަކީ، އިލްމުގެ ބޮޑެތި ކަންކަމުގެ ކުރިން، އޭގެ ކުދި ކަންކަމުން މީސްތަކުން ތަރުބިއްޔަތުކުރާ މީހާއެވެ.“,