source,#,bodyAR,bodyDV,takhrij
إعلام الموقعين، ابن القيم,2/14,هم في الأرض بمنزلة النجوم في السماء، بهم يهتدي الحيران في الظلماء، وحاجة الناس إليهم أعظم من حاجتهم إلى الطعام والشراب، وطاعتهم أفرض من طاعة الآباء والأمهات بنص الكتاب,"އިބްނުލް ގައްޔިމް އިލްމުވެރިންނާމެދު ވިދާޅުވެފައިވެއެވެ: ""ބިމުގައި އެ ބޭކަލުންގެ މަގާމު ވަނީ، އުޑުގައި ތަރިތަކުގެ މަގާމު ފަދައިންނެވެ. އެ ބޭކަލުން މެދުވެރިކޮށް، އަނދިރިކަމުގެ ތެރޭގައި ގެއްލިފައިވާ މީހާ ތެދުމަގު ލިބިގަނެއެވެ. އަދި ކެއިންބުއިމަށް މީސްތަކުން ޖެހިފައިވާ ބޭނުމަށްވުރެ އެ ބޭކަލުންނަށް ޖެހިފައިވާ ބޭނުން މާ ބޮޑެވެ. އަދި ގުރްއާނުގެ ނައްސުން (ސާބިތުވާ ގޮތުގައި)، މައިންބަފައިންނަށް ކިޔަމަންވުމަށްވުރެ އެ ބޭކަލުންނަށް ކިޔަމަންވުން ފަރުޟުކަން ބޮޑެވެ.""",
الأحاديث المختارة، المقدسي,896,وَأَخْبَرَنَا أَبُو أَحْمَدَ عَبْدُ اللهِ بْنُ أَحْمَدَ الْحَرْبِيُّ بِهَا ، أَنَّ هِبَةَ اللهِ بْنَ مُحَمَّدٍ أَخْبَرَهُمْ قِرَاءَةً عَلَيْهِ ، أَنَا الْحَسَنُ بْنُ عَلِيِّ بْنِ الْمُذْهِبِ بْنِ جَعْفَرٍ ، نَا عَبْدُ اللهِ بْنُ أَحْمَدَ ، حَدَّثَنِي أَبِي ، نَا بِشْرُ بْنُ شُعَيْبِ بْنِ أَبِي حَمْزَةَ ، حَدَّثَنِي أَبِي ، عَنِ الزُّهْرِيِّ ، حَدَّثَنِي أَبُو سَلَمَةَ بْنُ عَبْدِ الرَّحْمَنِ ، أَنَّ أَبَا الرَّدَّادِ اللَّيْثِيَّ أَخْبَرَهُ ، عَنْ عَبْدِ الرَّحْمَنِ بْنِ عَوْفٍ ، أَنَّهُ سَمِعَ رَسُولَ اللهِ صَلَّى اللهُ عَلَيْهِ وَسَلَّمَ يَقُولُ : قَالَ اللهُ عَزَّ وَجَلَّ : أَنَا الرَّحْمَنُ ، وَأَنَا خَلَقْتُ الرَّحِمَ ، وَاشْتَقَقْتُ لَهَا مِنَ اسْمِي ، فَمَنْ وَصَلَهَا وَصَلَهُ اللهُ ، وَمَنْ قَطَعَهَا بَتَتُّهُ .,"ރަސޫލުﷲ ﷺ ޙަދީޘްކުރެއްވިއެވެ. (قَالَ اللَّهُ عَزَّ وَجَلَّ: أَنَا الرَّحْمَنُ، وَأَنَا خَلَقْتُ الرَّحِمَ، وَاشْتَقَقْتُ لَهَا مِنَ اسْمِي، فَمَنْ وَصَلَهَا وَصَلْتُهُ، وَمَنْ قَطَعَهَا بَتَتُّهُ) މާނައީ: "" ﷲ ޢައްޒަ ވަޖައްލަ ވަހީކުރެއްވިއެވެ: ތިމަން ﷲއަކީ އައްރަޙުމާންއެވެ. އަދި ރަޙިމު އުފެއްދެވީ ތިމަންކަލާނގެއެވެ. އަދި ރަޙިމަށް ނަން ދެއްވީ ތިމަން ﷲގެ ނަންފުޅުން ނެގިފައިވާ ނަމަކުންނެވެ. ރަޙިމުގެ ގުޅުން ގުޅުވައިފިމީހާއާ ތިމަން ﷲ ގުޅުން ބާއްވަވަމެވެ. އަދި ރަޙިމުގެ ގުޅުން ކަނޑައިފިމީހާޔާ ތިމަން ﷲ ގުޅުން ކަނޑުއްވަމެވެ.""",
الأحاديث المختارة، المقدسي,1392,أَخْبَرَنَا أَسْعَدُ بْنُ سَعِيدِ بْنِ رَوْحٍ - بِأَصْبَهَانَ - أَنَّ فَاطِمَةَ بِنْتَ عَبْدِ اللهِ الْجُوزْدَانِيَّةَ أَخْبَرَتْهُمْ، أَنَا مُحَمَّدُ بْنُ عَبْدِ اللهِ بْنِ رِيذَةَ، أَنَا سُلَيْمَانُ بْنُ أَحْمَدَ الطَّبَرَانِيُّ، نَا عَبْدُ اللهِ بْنُ أَحْمَدَ بْنِ حَنْبَلٍ، نَا سُرَيْجُ بْنُ يُونُسَ، نَا الْمُطَّلِبُ بْنُ زِيَادٍ، عَنْ زِيَادِ بْنِ عِلَاقَةَ، عَنْ أُسَامَةَ بْنِ شَرِيكٍ، قَالَ: قَالَ النَّبِيُّ ﷺ: فِي الْحَبَّةِ السَّوْدَاءِ شِفَاءٌ مِنْ كُلِّ دَاءٍ إِلَّا السَّامَ. الْمُطَّلِبُ: وَثَّقَهُ أَحْمَدُ وَيَحْيَى.,އުސާމާ ބިން ޝަރީކު ރިވާ ކުރެއްވިއެވެ: ނަބިއްޔާ ﷺ ޙަދީޘް ކުރެއްވިއެވެ: ”ކަޅުދިރީގައި މަރު ފިޔަވާ ކޮންމެ ބައްޔަކަށް ޝިފާވެއެވެ.“,
الإبانة الكبرى، ابن بطة,1/260,سَمِعْتُ أَبَا عَبْدِ اللَّهِ، يَقُولُ: «مَنْ رَدَّ حَدِيثَ النَّبِيِّ صَلَّى اللَّهُ عَلَيْهِ وَسَلَّمَ، فَهُوَ ‌عَلَى ‌شَفَا ‌هَلَكَةٍ»,އަބޫ ޢަބްދު ﷲ (އިމާމު އަޙްމަދު) ވިދާޅުވިކަމަށް ރިވާވެގެންވެއެވެ: ނަބިއްޔާ ﷺ ގެ ޙަދީޘްފުޅެއް ރައްދުކޮށްފި މީހާ ވަނީ ހަލާކުގެ ތުންފަތްމަތީގައެވެ.,
الاستذكار، ابن عبدالبر,44603,إذا كانَ يومُ الجُمُعةِ كان على كلِّ بابٍ من أبوابِ المسجد ملائكةٌ يكتُبونَ الناسَ الأوَّلَ فالأوَّلَ، فالمُهَجِّرُ إلى الصَّلاةِ كالمُهدِي بَدَنةً، ثمَّ الذي يَليهِ كالمُهْدي بقَرةً ثمَّ الذِي يليهِ كالمُهْدِي الكَبْشَ حَتَّى ذكر الدَّجاجةَ والبيضةَ فإِذا جلَسَ الإِمامُ طَوَوُا الصُّحُفَ، واستمعوا الخُطبةَ.,أبو هريرة رضي الله عنه ވިދާޅުވެފައި ވެއެވެ. ނަބިއްޔާ صلى الله عليه و سلم ޙަދީޘްފުޅު ކުރެއްވިއެވެ. “ހުކުރު ދުވަހުގައި މަލާއިކަތުން މިސްކިތުގެ ދޮރުކޮޅު ތަކުގައި ދެމިތިއްބަވައެވެ. މިސްކިތައް ވަންނަ މީސްތަކުން އެންމެ ފުރަތަމަ އަދި އެއަށްފަހު ވަންނަ މީހުން އެތަރުތީބުން ލިޔުއްވައެވެ. އެންމެ ފުރަތަމަ ވަގުތުގައި މިސްކިތައް ވަންނަ މީހުންނަށް ޖަމަލެއް ހަދިޔާ ކުރުމުގެ ޘަވާބު ލިބިދެއެވެ. ދެވަނަ ވަގުތުގައި މިސްކިތައް ވަންނަ މީހުންނަށް ގެރިއެއް ހަދިޔާ ކުރުމުގެ ޘަވާބު ލިބިދެއެވެ. އެއަށްފަހު ތިންވަނަ ވަގުތުގައި ކަންބަޅިއެވެ. އެއަށްފަހު ކުކުޅެކެވެ. އެއަށްފަހު ކުކުޅުބިހެއް ހަދިޔާކުރުމުގެ ޘަވާބެއެވެ. އިމާމް ޚުޠުބާ ދިނުމަށް ނުކުތުމުން މަލާއިކަތުން ލިޔުއްވާ ފޮތްތަށް ބަންދު ކޮށްލެއްވުމަށް ފަހު ޒިކުރު އަޑުއެއްސެވުމަށް އިށީންނަވައެވެ.”,
الاعتصام، الشاطبي,1/112,"وَعَنِ ‌الْفُضَيْلِ بْنِ عِيَاضٍ: "" اتَّبِعْ طُرُقَ الْهُدَى وَلَا يَضُرُّكَ قِلَّةُ السَّالِكِينَ، وَإِيَّاكَ وَطُرُقَ الضَّلَالَةِ وَلَا تَغْتَرَّ ‌بِكَثْرَةِ ‌الْهَالِكِينَ """,އަދި ފުޟައިލު ބިން ޢިޔާޟު ވިދާޅުވިކަމަށް ރިވާވެގެންވެއެވެ: ހިދާޔަތުގެ މަގުތަކަށް ތަބާވާށެވެ. އަދި (އެ މަގުތަކުގައި) ހިނގައި އުޅޭ މީހުންގެ މަދުކަމުން ތިބާއަކަށް ގެއްލުމެއް ނުކުރާނެއެވެ. އަދި މަގުފުރެދުމުގެ މަގުތަކުން ސަމާލުވެ ރައްކާތެރިވާށެވެ. އަދި (އެ މަގުތަކުގައި ގެއްލި) ހަލާކުވެދާ މީހުންގެ ގިނަކަމުން ތިބާ ހެއްލުންތެރި ނުވާށެވެ.,
البداية والنهاية، ابن كثير,2/256,عن نَفَرٍ من أصحابِ رسولِ الله ﷺ قالوا له: يا رسولَ الله، أخبرنا عن نَفسِك. قال: (نعمْ، أنا دعوةُ أبي إبراهيمَ، وبُشرى عيسى، ورأتْ أمِّي حين حملتْ بي أنَّه خرج منها نورٌ أضاءَ لها قُصورَ الشَّام),އިބްނު އިސްޙާގް رضي الله عنه ރިވާކުރައްވާފައި ވެއެވެ. “އަޞްޙާބުބޭކަލުންގެ ތެރެއިން ބޭކަލުންތަކެއް ރަސޫލާ ﷺ ގެ އަރިހުގައި ދެންނެވިއެވެ. އޭ ﷲގެ ރަސޫލާއެވެ. ކަލޭގެފާނާ ބެހޭގޮތުން ތިމަންމެންނަށް ޚަބަރުދެއްވާށެވެ. ރަސޫލާ ﷺ ޙަދީޘް ކުރެއްވިއެވެ. “ތިމަން ކަލޭގެފާނަކީ، ތިމަންކަލޭގެފާނުގެ ބައްޕާފުޅު، އިބްރާހީމް عليه السلام ގެ ދުއާފުޅެވެ. އަދި ޢީސާ عليه السلام ގެ ފަރާތުން އައި ހެޔޮ ކަމެވެ. ތިމަންކަލޭގެފާނުގެ މަންމާފުޅު ތިމަންކަލޭގެފާނު ވިހޭހިނދު، އެކަމަނާގެ ހަށިގަނޑުން އައްޔެއް ނުކުންނަތަން، އެކަމަނާއަށް ފެނިވަޑައިގެންނެވިއެވެ. އަދި އެ އަލިން، ޝާމްކަރައިގެ ގަނޑުވަރުތައް އަލިކުރުވިއެވެ.” އަލް އަލްބާނީ رحمه الله ވިދާޅުވިއެވެ. “މި ޙަދިޘް ބަސްފުޅުގެ ސަނަދަކީ ވަރަށް ވަރުގަދަ، ރަނގަޅު ސަނަދެކެވެ.”,
الترغيب والترهيب، المنذري,44639,استَحْيُوا من اللهِ حقَّ الحياءِ قال قلنا يا نبيَّ اللهِ إنَّا لنستحيي والحمدُ للهِ قال ليس ذلك ولكنَّ الاستحياءَ من اللهِ حقَّ الحياءِ أن تحفَظَ الرَّأسَ وما وعَى وتحفَظَ البطنَ وما حوَى ولتذكُرِ الموتَ والبِلَى ومن أراد الآخرةَ ترك زِينةَ الدُّنيا فمن فعل ذلك فقد استحيا من اللهِ حقَّ الحياءِ,ޢަބްދުﷲ ބުނު މަސްޢޫދު رضي الله عنهގެ އަރިހުން ރިވާވެގެންވެއެވެ. ރަސޫލުﷲ ޞައްލަﷲ ޢަލައިހި ވަސައްލަމް ޙަދީޘް ކުރެއްވިއެވެ. ” ތިޔަބައިމީހުން ލަދުވެތިވުން ޙައްގުގޮތުގައި ﷲއަށް ލަދުވެތިވާށެވެ.” އެކަލޭގެފާނު ވިދާޅުވިއެވެ. ތިމަންބޭކަލުން ދެންނެވީމެވެ. އޭ ﷲގެ ރަސޫލާއެވެ. އަހަރެމެން ލަދުވެތިވަމެވެ. އަދި ﷲއަށް ޙަމްދުހުއްޓެވެ. އެކަލޭގެފާނު ޙަދީޘް ކުރެއްވިއެވެ. ” އެހެނަކުން ނޫނެވެ. އަދި އެހެނެއްކަމަކު ﷲ ތަޢަލާއަށް ޙައްގުގޮތުގައި ލަދުވެތިވުމަކީ ތިބާގެ ބޮލާއި، ބޮލާއި ގުޅިފައަވާ ގުނަންތައް ރައްކާތެރި ކުރުމެވެ. އަދި ބަނޑާއި، ބަނޑާއި ގުޅިފައިވާ ގުނަންތައް ރައްކާތެރި ކުރުމެވެ. އަދި މަރާއި، ފާނަވެދިޔުން ހަނދާން ކުރުމެވެ. އަދި ޢާޚިރަތަށް އެދޭމީހާ ދުނިޔޭގެ ޒީނަތްތެރިން ދޫކޮށްލައެވެ. އަދި މިގޮތަށް އަމަލުކޮށްފިމީހާ ﷲ ތަޢާލާއަށް ލަދުވެތިވުން ޙައްގުގޮތުގައި ލަދުވެތިވެއްޖެއެވެ.,
الترغيب والترهيب، المنذري,2/103,من لم يشكرِ القليلَ لم يشكرِ الكثيرَ ومن لم يشكرِ النَّاسَ لم يشكرِ اللهَ والتحدُّثُ بنعمةِ اللهِ شكرٌ وتركُها كفرٌ والجماعةُ رحمةٌ والفُرقةُ عذابٌ,❞ އައްނުޢްމާނު ބުނު ބަޝީރު رَضِيَ اللَّهُ عَنْهُ އަރިހުން، ވިދާޅުވިއެވެ: ނަބިއްޔު ﷺ ޙަފީޘް ކުރެއްވި އެވެ: • މަދު މިންވަރަކަށް ޝުކުރު ނުކުރާ މީހެއް، ގިނަ މިންވަރަކަށް ޝުކުރު ނުކުރާނެތެވެ. • މީސްތަކުންނަށް ޝުކުރުވެރި ނުވާ މީހާ، ﷲ އަށް ޝުކުރުވެރި ނުވާނެއެވެ. • އަދި ﷲ ގެ ނިޢްމަތްތަކާއި މެދު ވާހަކަ ދެއްކުމީ ޝުކުރެވެ. އެކަން އެއްލާލުމަކީ ކުފުރެވެ. • އަދި ޖަމާއަތަކީ ރަޙުމަތެވެ. ބައިބައިވުމީ ޢަޛާބެވެ. ❝,
الترغيب والترهيب، المنذري,2/161,""" مَنْ بَاعَ جِلْدَ أُضْحِيَّتِهِ فَلَا أُضْحِيَّةَ لَهُ""","""އެމީހެއްގެ އުޟްޙިޔާގެ ހަންވިއްކައިފި މީހަކަށް އުޟްޙިޔާއެއްނުވެއެވެ.""",
الترغيب والترهيب، المنذري,2/303,[عن بريدة بن الحصيب الأسلمي:] من قرأ القرآنَ وتعلَّم وعمِل به أُلْبِس والداه يومَ القيامةِ تاجًا من نورٍ ضوءُه مثلُ الشَّمسِ ويُكسى والداه حُلَّتَيْن لا يقومُ لهما الدُّنيا فيقولان بمَ كُسينا هذا فيُقالُ بأخذِ ولدِكما القرآنَ,ރަސޫލާ ﷺ ގެ ޙާދީޘް ބަސްފުޅެއްގައި ވެއެވެ: '' ގުރުއާން ކިޔަވައި އަދި އުގަންނައިދީ އަދި އެ އާއި އެއްގޮތަށް އަމަލުކުރި މީހާގެ މައިންބަފައިންގެ ބޮލުގައި ނޫރުން ވާ ތާޖެއް ގިޔާމަތްދުވަހުގައި އެޅުވޭނެއެވެ. އޭގެ އަލިކަން އިރުފަދައެވެ. އަދި އޭނާގެ މައިންބަފައިނަށް ދެ ފޭރާން ލެއްވޭނެއެވެ. މުޅި ދުނިޔެއަށް ވުރެ އޭގެ އަގު މަތިވެރިވެގެންވެއެވެ. އެދެމީހުން ބުނާނެއެވެ. އަހުރެމެންނަށް މިތަކެތި ދެވުނީ ކީއްވެގެން ހެއްޔެވެ. އެހިނދު ބުނެވޭނެއެވެ. އެއީ ތިޔަދެމީހުންގެ ދަރިފުޅު ގުރްއާނުގައި ހިފުމުގެ (އުނގެނި ދަސްކުރުމުގެ) ސަބަބުންނެވެ.,
الترغيب والترهيب، المنذري,2/304,من حافظ على هؤلاء الصَّلواتِ المكتوباتِ لم يُكتبْ من الغافلين ومن قرأَ في ليلةٍ مائةَ آيةٍ كُتِب من القانتين,ފަރުޟު ފަސް ނަމާދަށް ރައްކާތެރިވެއްޖެމީހާ ޣާފިލުވީ މީހުންގެ ތެރެއިން ނުލިޔުއްވޭ ހުއްޓެވެ. އަދި ރޭގަނޑު ސަތޭކަ އާޔަތް ކިޔަވައިފި މީހަކު ކިޔަމަންތެރިވީ އަޅުންގެ ތެރެއިން ލިޔުއްވޭ ހުއްޓެވެ.,
الترغيب والترهيب، المنذري,2/368,من قرأ عشرَ آياتٍ في ليلةٍ لم يُكتَبْ من الغافلين,ރޭގަނޑު ދިހަ އާޔަތް ކިޔަވައިފި މީހަކު ޣާފިލުވީ މީހުންގެ ތެރެއިން ނުލިޔުއްވޭ ހުއްޓެވެ.,
الترغيب والترهيب، المنذري,2/43,قال لي رسولُ اللهِ صلَّى اللهُ عليه وسلَّم يا أبا ذرٍّ أترَى كثرةَ المالِ هو الغنَى قلتُ نعم يا رسولَ اللهِ قال أفترَى قِلَّةَ المالِ هو الفقرُ قلت نعم يا رسولَ اللهِ قال إنَّما الغنَى غنَى القلبِ والفقرُ فقرُ القلبِ,“އޭ އަބޫ ޛައްރުއެވެ! މުދާ ގިނަ ވުމަކީ ، މުއްސަނދި ވުން ކަމުގައި ތިބާ ދެކެމު ހެއްޔެވެ؟” ތިމަން ދެންނެވީމެވެ. އޭ ﷲ ގެ ރަސޫލާއެވެ! އާދޭހެވެ. ޙަދީޘް ކުރެއްވިއެވެ. “މުދާ މަދު ވުމަކީ ފަގީރުވުން ކަމުގައި ތިބާ ދެކެމު ހެއްޔެވެ؟” ތިމަން ދެންނެވީމެވެ. އޭ ﷲ ގެ ރަސޫލާއެވެ! އާދޭހެވެ. ޙަދީޘް ކުރެއްވިއެވެ. “ޙަގީގީ މުއްސަނދި ކަމަކީ ހިތުގެ މުއްސަނދި ކަމެވެ. ޙަގީގީ ފަގީރު ކަމަކީ ހިތް ފަގީރުވުމެވެ.,
الترغيب والترهيب، المنذري,4/289,أنَّه لمَّا حضره الموتُ دعا بثيابٍ جُددٍ فلبِسها ثمَّ قال : سمِعتُ رسولَ اللهِ صلَّى اللهُ عليه وسلَّم يقولُ : الميِّتُ يُبعثُ في ثيابِه الَّتي يموتُ فيها,ހަމަކަށަވަރުން މައްޔިތާ އަލުން ދިރުއްވޭނީ އޭނާ އެ ހެދުމެއްގައި ވަނިކޮށް މަރުވި ހެދުން ލައިގެންވަނިކޮށެވެ.,
التلخيص الحبير، ابن حجر,2/593,إنَّ من أفضلِ أيَّامِكم يومَ الجمعةِ فأَكثِروا عليَّ منَ الصَّلاةِ فيهِ,ހަމަކަށަވަރުން ތިޔަބައިމީހުންގެ މައްޗަށްވާ އެންމެ މާތް ދުވަހަކީ ހުކުރު ދުވަހެވެ. ފަހެ އެދުވަހުގައި ތިޔަބައިމީހުން ތިމަންކަލޭގެފާނުގެ މައްޗަށް ޞަލަވާތް ކިޔެވުން ގިނަކުރާށެވެ.,
الثاني من أمالي، ابن السماك,86,عَنْ عَبْدِ اللَّهِ، قَالَ: «تَعَلَّمُوا الْعِلْمَ فَإِنَّ أَحَدَكُمْ لا يَدْرِي مَتَى يَحْتَاجُ إِلَيْهِ؟»,ﷲ އެބޭކަލަކަށް ރުއްސުންލެއްވި ޢަބްދުﷲ ބިން މަސްޢޫދު ވިދާޅުވިއެވެ: އޭ މީސްތަކުންނޭވެ! ތިޔަބައިމީހުން ޢިލްމު އުނގެނޭށެވެ، ފަހެ ހަމަކަށަވަރުން ތިޔަބައިމީހުންކުރެ މީހެއް އެ ޢިލްމަށް ބޭނުންޖެހޭނީ ކޮން އިރަކު ކަމެއް ނޭނގެއެވެ.,
الجامع الصغير، جلال الدين السيوطي,9173,المرأةُ لآخرِ أزواجِها,“އެ މީހެއްގެ ފިރިމީހާ މަރުވުމުން ކައިވެންޏެއް ކޮށްފި އަންހެނާ (ސުވަރުގޭގައި)ވަނީ އޭނާގެ ފަހުގެ ފިރިމީހާއަށެވެ.”,
الجامع لأخلاق الراوي، الخطيب البغدادي,1752,"أنا أَحْمَدُ بْنُ أَبِي جَعْفَرٍ الْقَطِيعِيُّ، نا مُحَمَّدُ بْنُ عَبْدِ اللَّهِ بْنِ الْمُطَّلِبِ، بِالْكُوفَةِ نا يَحْيَى بْنُ مُحَمَّدِ بْنِ صَاعِدٍ، نا الْحَسَنُ بْنُ عِيسَى بْنِ مَاسَرْجِسَ، قَالَ: سَمِعْتُ عَبْدَ اللَّهِ بْنَ الْمُبَارَكِ، وَقَدْ قِيلَ لَهُ: "" يَا أَبَا عَبْدِ الرَّحْمَنِ تُكْثِرُ الْقُعُودَ فِي الْبَيْتِ وَحْدَكَ؟ قَالَ: ‌لَيْسَ ‌أَنَا ‌وَحْدِي ‌أَنَا ‌مَعَ النَّبِيِّ صَلَّى اللهُ عَلَيْهِ وَسَلَّمَ وَأَصْحَابِهِ بَيْنَهُمْ يَعْنِي النَّظَرَ فِي الْكُتُبِ """,ޢަބްދު ﷲ ބިން އަލްމުބާރަކަށް ދެންނެވުނެވެ: އޭ އަބޫ ޢަބްދުއްރަޙްމާނެވެ. ގޭގައި އެކަނި އިނުން ގިނަކުރަނީހެއްޔެވެ؟ އެކަލޭގެފާނު ވިދާޅުވިއެވެ: ތިމަންނަ ވަނީ އެކަންޏެއް ނޫނެވެ. ތިމަންނަ ވަނީ ނަބިއްޔާ ﷺ އަދި އެކަލޭގެފާނުގެ ސަހާބީންގެ ތެރޭގައެވެ. އެބަހީ: ފޮތް ބަލާ (ކިޔާ ހެދުމުގައެވެ.),
الجهاد، ابن المبارك,91,"أَنَّ طَلْحَةَ رَجَعَ بِسَبْعٍ وَثَلاثِينَ ، أَوْ خَمْسٍ وَسَبْعِينَ بَيْنَ ضَرْبَةٍ وَطَعْنَةٍ وَرَمْيَةٍ , رُبِعَ فِيهَا جَبِينُهُ , وَقُطِعَ فِيهَا عِرْقُ نِسَائِهِ , وَشُلَّتْ أُصْبُعُهُ هَذِهِ الَّتِي تَلِي الإِبْهَامَ",މަކަށަވަރުން އެކަލޭގެފާނު އުޙުދުގެދުވަހުގައި ތިރީސް ނުވަ ޒަޚަމުވެވަޑައި ގެންނެވިއެވެ. ނުވަތަ ފަންސާސްތިން ޒަޚަމެވެ. އެކަލޭގެފާނުގެ އިލިފުޅުތައް އެލިގެން ދިޔައެވެ. އެބަހީ: ބޮޑުވައިއިނގިއްޔާއި ،އެއިނގިއްޔާއި ޖެހިގެންހުރި އިނގިއްޔެވެ.,
الداء والدواء، ابن قيم,52,إِنِّي ‌أَرَى ‌اللَّهَ ‌قَدْ ‌أَلْقَى ‌عَلَى قَلْبِكَ نُورًا، فَلَا تُطْفِئْهُ بِظُلْمَةِ الْمَعْصِيَةِ.,ހަމަކަށަވަރުން އަހަރެންނަށް ފެންނަނީ، ﷲ ތިބާގެ ހިތަށް ނޫރު އަޅުއްވާފައިވާ ކަމަށެވެ. ފަހެ، ފާފަތަކުގެ އަނދިރިކަމުން ތިބާ އެ ނޫރު ނިއްވާނުލާށެވެ.,
الداء والدواء، ابن قيم,52,وَقَالَ الشَّافِعِيُّ رَحِمَهُ اللَّهُ: ‌شَكَوْتُ ‌إِلَى ‌وَكِيعٍ ‌سُوءَ ‌حِفْظِي … فَأَرْشَدَنِي إِلَى تَرْكِ الْمَعَاصِي ... وَقَالَ اعْلَمْ بِأَنَّ الْعِلْمَ فَضْلٌ … وَفَضْلُ اللَّهِ لَا يُؤْتَاهُ عَاصِي.,އިމާމު ޝާފިޢީ [204 ހ.] (ޅެންބައިތެއްގައި އެކަލޭގެފާނުގެ ޝައިޚަކާމެދު) ވިދާޅުވެފައިވެއެވެ: ވަކީޢުއަށް އަހުރެންގެ ހަނދާން ދެރަކަމުގެ ޝަކުވާކުރީމެވެ. އެ ހިނދު ފާފަތައް ދޫކޮށްލުމަށް އެކަލޭގެފާނު އިރުޝާދު ދެއްވިއެވެ. އަދި ވިދާޅުވިއެވެ: ދަންނާށެވެ. ހަމަކަށަވަރުން އިލްމަކީ ނޫރެކެވެ. ﷲ ގެ ފަޟްލު ފާފަވެރިއަކަށް ފާފަވެރިޔާއަކަށް ނުދެއްވާނެއެވެ.“ [الداء والدواء 52],
الدعوات الكبير، البيهقي,265,أَخْبَرَنَا أَبُو الْحَسَنِ عَلِيُّ بْنُ أَحْمَدَ بْنِ عَبْدَانَ، حَدَّثَنَا أَحْمَدُ بْنُ عُبَيْدٍ الصَّفَّارُ، حَدَّثَنَا تَمْتَامٌ، حَدَّثَنَا عَبْدُ اللَّهِ بْنُ مَسْلَمَةَ، حَدَّثَنَا حَمَّادُ بْنُ سَلَمَةَ، عَنْ ثَابِتٍ، أَنَّ رَسُولَ اللَّهِ صَلَّى اللهُ عَلَيْهِ وَسَلَّمَ كَانَ يَقُولُ: «‌اللَّهُمَّ ‌لَا ‌سَهْلَ ‌إِلَّا ‌مَا ‌جَعَلْتَهُ ‌سَهْلًا، ‌وَأَنْتَ ‌تَجْعَلُ ‌الْحَزَنَ ‌إِذَا ‌شِئْتَ ‌سَهْلًا»,ޔާ ﷲ! އިބަ އިލާހު ފަސޭހަ ކޮށްދެއްވައިފި ކަމެއް މެނުވީ ފަސޭހަވެގެނެއް ނުވެއެވެ. އަދި އިބަ އިލާހު އިރާދަ ކުރައްވައިފި ނަމަ، އިބަ އިލާހު ދަތިކަން ފަސޭހަކަމަށް ހައްދަވަމުއެވެ.,صَحَّحَهُ مُقبِل بن هَادِي الوَادِعِي فِي الصَّحِيحِ المُسنَدِ 72
الرد على الجهمية والزنادقة، أحمد بن حنبل,55,يدعون من ضل إلى الهدى، ويصبرون منهم على الأذى، يحيون بكتاب الله الموتى، ويبصرون بنور الله أهل العمى، فكم من قتيل لإبليس قد أحيوه، وكم من ضالٍ تائه قد هدوه، فما أحسن أثرهم على الناس، وأقبح أثر الناس عليهم.,އިމާމް އަޙްމަދު އިލްމުވެރިންނާމެދު ވިދާޅުވިއެވެ: އެ ބޭކަލުން، މަގުފުރެދިފައިވާ މީސްތަކުންނަށް ތެދުމަގަށް ގޮވާލައްވައެވެ. އަދި އެބައިމީހުންގެ ފަރާތުން ލިބޭ އުނދަގޫތަކަށް ކެތްތެރިވެލައްވައެވެ. އަދި (ހިތް) މަރުވެފައިވާ މީހުން، ﷲގެ ފޮތުން ދިރުއްވައެވެ. އަދި ލޯ ކަނުވެފައިވާ މީހުންނަށް ﷲގެ ނޫރުން ފެނުން ދައްކަވައެވެ. ފަހެ އިބްލީސް، އެ ބަޔަކު މަރާލާފައިވާ ކިތައް މީހުންނަށް އެ ބޭކަލުން ދިރުންދެއްވައިފައި ވޭހެއްޔެވެ؟ އަދި މަގުފުރެދި ގެއްލިފައިވާ ކިތައް މީހުންނަށް އެ ބޭކަލުން ތެދުމަގު ދައްކަވައިފައި ވޭހެއްޔެވެ؟ ފަހެ މީސްތަކުންގެ މައްޗަށް އެ ބޭކަލުންގެ އަސަރުގެ ރިވެތިކަމާއެވެ! އަދި އެ ބޭކަލުންގެ މައްޗަށް މީސްތަކުންގެ އަސަރުގެ ހުތުރުކަމާއެވެ!,
الزهد، أحمد بن حنبل,22,كانوا يقولون: موت العالم ثلمة في الإسلام لا يسدها شيء ما اختلف الليل والنهار.,"އަލްޙަސަން އަލްބަޞްރީ رحمه الله ވިދާޅުވެފައިވެއެވެ: އެ ބޭކަލުން (އެބަހީ: ސަހާބީން) ވިދާޅުވެ އުޅުއްވިއެވެ: އިލްމުވެރިޔާގެ މަރަކީ އިސްލާމް ދީނުގައި އެޅޭ ރެނދެކެވެ. ރޭދުވާ ދައުރުވާހާ ހިނދަކު، އެއްވެސް އެއްޗަކުން އެ ފޫނުބެއްދޭނެއެވެ.""",
الزهد، ابن أبي الدنيا,210,إِنَّ اللَّهَ إِنَّمَا أَعْطَاكُمُ الدُّنْيَا لِتَطْلُبُوا بِهَا الآخِرَةَ ، وَلَمْ يُعْطِكُمُوهَا لِتَرْكَنُوا إِلَيْهَا,މާތް ﷲ އެބޭކަލަކަށް ރުއްސުންލެއްވި ޢުޘްމާން ބިން ޢައްފާން ވިދާޅުވިއެވެ: ހަމަކަށަވަރުން ތިޔަބައިމީހުންނަށް ﷲ ދުނިޔެދެއްވީ އޭގެން އާޚިރަތް ހޯދުމަށެވެ. އަދި ތިޔަބައިމީހުންނަށް އެދުނިޔެ ދެއްވީ ތިޔަބައިމީހުން އެއަށް ލެނބިގެން ދިޔުމަށްޓަކައެއް ނޫނެވެ.,
السنة، ابن أبي عاصم,892,«مَنْ فَارَقَ الْجَمَاعَةَ قَيْدَ شِبْرٍ، فَقَدْ خَلَعَ رِبْقَةَ الْإِسْلَامِ مِنْ عُنُقِهِ»,""" ކައިވަތެއްގެ މިންވަރު ނަމަވެސް ޖަމާއަތުން ބޭރުވެއްޖެ މީހާ، ފަހެ، ހަމަކަށަވަރުން އިސްލާމް ދީނުގެ ގޮށް( އަޙުދު އުވާލާ) އޭނާގެ ކަރުން ނަގައި އެއްލައިފިމީހެކެވެ.""",
السنة، عبد الله بن أحمد,639,حَدَّثَنِي أَبِي رحمه الله، نا عَبْدُ اللَّهِ بْنُ يَزِيدَ، نا ابْنُ لَهِيعَةَ، عَنْ عَبْدِ اللَّهِ بْنِ هُبَيْرَةَ السَّبَائِيِّ، عَنْ عُبَيْدِ بْنِ عُمَيْرٍ اللَّيْثِيِّ، أَنَّهُ قَالَ: «‌لَيْسَ ‌الْإِيمَانُ ‌بِالتَّمَنِّي وَلَكِنِ الْإِيمَانُ قَوْلٌ يُعْقَلُ وَعَمَلٌ يُعْمَلُ»,"ޢުބައިދު ބިން ޢުމައިރު އައްލައިޘީ ވިދާޅުވެފައި ވެއެވެ: ""އީމާންކަންވަނީ އުއްމީދުކުރުމަކުން ނޫނެވެ. އެހެނަސް އީމާންކަމަކީ، ވިސްނައިގަނެވޭ ބަހާއި، ކުރެވޭ އަމަލެވެ.""",
السنن الكبرى، البيهقي,2873,أَخْبَرَنَا الرَّبِيعُ بْنُ سُلَيْمَانَ، قَالَ: حَدَّثَنَا يَحْيَى بْنُ حَسَّانَ، قَالَ: حَدَّثَنَا يَحْيَى بْنُ حَمْزَةَ، قَالَ: أَخْبَرَنِي يَحْيَى بْنُ الْحَارِثِ، عَنْ أَبِي أَسْمَاءَ الرَّحَبِيِّ، عَنْ ثَوْبَانَ، أَنَّ رَسُولَ اللهِ ﷺ قَالَ: صِيَامُ شَهْرِ رَمَضَانَ بِعَشَرَةِ أَشْهُرٍ، وَصِيَامُ سِتَّةِ أَيَّامٍ مِنْ شَوَّالٍ بِشَهْرَيْنِ، فَذَلِكَ صِيَامُ سَنَةٍ.,ޘައުބާން ރިވާ ކުރެއްވިއެވެ: ރަސޫލު ﷲ ﷺ ޙަދީޘް ކުރެއްވިއެވެ: ”ރަމަޟާން މަހު ހިފާ ރޯދަ، (އެ ނޫން) ދިހަ މަސްދުވަހުގެ ރޯދަ ހިފުމާ އެއްފަދައެވެ. އަދި (ރަމަޟާން މަހަށް ފަހު) ޝައްވާލު މަހުން ހިފާ ހަ ރޯދަ، ދެ މަސްދުވަހުގެ ރޯދަ ހިފުމާ އެއްފަދައެވެ. ފަހެ އެފަދައިން މުޅި އަހަރުދުވަހު ރޯދަ ހިފުނު ފަދައެވެ.“,
السنن الكبرى، البيهقي,7534,أَخْبَرَنَا قُتَيْبَةُ بْنُ سَعِيدٍ، قَالَ: حَدَّثَنَا سُفْيَانُ، عَنِ الزُّهْرِيِّ، عَنْ أَبِي سَلَمَةَ، عَنْ أَبِي هُرَيْرَةَ، قَالَ: قَالَ رَسُولُ اللهِ ﷺ: عَلَيْكُمْ بِهَذِهِ الْحَبَّةِ السَّوْدَاءِ، فَإِنَّ فِيهَا شِفَاءً مِنْ كُلِّ دَاءٍ إِلَّا السَّامَ. وَالسَّامُ: الْمَوْتُ.,އަބޫ ހުރައިރާ ރިވާ ކުރެއްވިއެވެ: ރަސޫލު ﷲ ﷺ ޙަދީޘް ކުރެއްވިއެވެ: ”ތިޔަބައިމީހުންގެ މައްޗަށް އޮތީ މި ކަޅުދިރި ބޭނުން ކުރުމެވެ. އެހެނީ ހަމަކަށަވަރުން އޭގައި ސާއްމު ފިޔަވާ ކޮންމެ ބައްޔަކަށް ޝިފާވެއެވެ.“ އަދި ސާއްމަކީ މަރެވެ.,
السنن الكبرى، البيهقي,8031,مَنْ قَالَ فِي الْقُرْآنِ بِرَأْيِهِ، أَوْ بِمَا لَا يَعْلَمُ فَلْيَتَبَوَّأْ مَقْعَدَهُ مِنَ النَّارِ,"""ތިމާގެ ރައުޔަށް ގުރުއާން ތަފްސީރުކޮށްފިމީހާ ނުވަތަ ގުރުއާނާމެދު ތިމާއަށް ނޭގޭ އެއްޗެއް ބުނެފި މީހާ އޭނާގެ ޖާގަ ނަރަކައިން ހިފާހުށިކަމެވެ.""",
السنن الكبرى، البيهقي,10812,(عَنْ عُتَيِّ بْنِ ضَمْرَةَ قَالَ: رَأَيْتُ عِنْدَ أُبَيٍّ رَجُلاً تَعَزَّى بِعَزَاءِ الْجَاهِلِيَّةِ، فَأَعَضَّهُ أُبَيٌّ وَلَمْ يُكْنِهِ، فَنَظَرَ إِلَيْهِ أَصْحَابُهُ، قَالَ: كَأَنَّكُمْ أَنْكَرْتُمُوهُ؟ فَقَالَ: إِنِّي لاَ أَهَابُ فِي هَذَا أَحَدًا أَبَدًا، إِنِّي سَمِعْتُ النَّبِيَّ ﷺ يَقُولُ: مَنْ تَعَزَّى بِعَزَاءِ الْجَاهِلِيَّةِ فَأَعِضُّوهُ وَلا تَكْنُوهُ.),"ޢުތައްޔު ބިން ޟަމްރާގެ އަރިހުން ރިވާވެގެންވެއެވެ. ޢުބައްޔުގެ އަރިހުގައި މީހަކު ޖާހިލިއްޔަތުގެ ގޮވުމަށް މީހަކު ދަޢުވަތު ދެނިކޮށް ދުށީމެވެ. އުބައްޔު (ބިން ކަޢުބު ރަޟިޔަﷲ ޢަންހު) ދެން އޭނާގެ ބަައްޕަގެ ކުރިމަތި ފަރާތުގައި ދައިގަންނާށޭ ބުންޏެވެ. އަދި (ކުރިމަތި ފަރާތަށް) ނުސީދާ ލަފުޒެއް ބޭނުން ނުކުރައްވައެވެ. ދެން އެކަލޭގެފާނާއި ދިމާއަށް އެކަލޭގެފާނުގެ އަރިހުގައި ތިބިމީހުން ބަލަންފެށިއެވެ. އެކަލޭގެފާނު ވިދާޅުވިއެވެ. ތިޔަބައިމީހުން އެކަމަށް އިންކާރު ކުރަނީ ހެއްޔެވެ؟ އެޔަށް ފަހު ވިދާޅުވިއެވެ. މިކަމުގައި ތިމަންކަލޭގެފާނު އެއްވެސް މީހަކަށް ދުވަހަކުވެސް ބިރުވެތި ނުވާނަމެވެ. ތިމަންކަލޭގެފާނު ނަބިއްޔާ ﷺ ޙަދީޘްކުރައްވަނިކޮށް އަޑުއެހީމެވެ. ""ޖާހިލިއްޔަތުގެ ދައުވަތަށް ދަޢުވަތު ދޭ މީހާގެ ބަފާގެ ކުރިމަތި ފަރާތުގައި ދައިގަންނަން ބުނާށެވެ. އަދި ނުސީދާ ލަފުޒެއް (ކުރިމަތި ފަރާތް ނުވަތަ ބަފާގެ އެތި ފަދަ) މިފަދަ ނުސީދާ ލަފުޒެއް (ބުނާއިރު) ބޭނުން ނުކުރާށެވެ.""",
السنن الكبرى، البيهقي,155,لَوْلَا أَنْ أَشُقَّ عَلَى أُمَّتِي لَأَمَرْتُهُمْ بِالسِّوَاكِ مَعَ كُلِّ صَلَاةٍ,"""ތިމަން ކަލޭގެފާނުގެ އުއްމަތަށް އުނދަގޫކަމަކަށް ނުވާނެނަމަ ކޮންމެ ނަމާދަކަށް ދަތްއުނގުޅުމަށް އެމީހުންނަށް އަމުރުކުރެއްވީމުހެވެ.""",
السنن الكبرى، البيهقي,3642,"( وَأَخْبَرَنَا ) أَبُو عَبْدِ اللهِ الْحَافِظُ ، ثَنَا أَبُو عَبْدِ اللهِ مُحَمَّدُ بْنُ عَبْدِ اللهِ الصَّفَّارُ ، ثَنَا بِشْرُ بْنُ مُوسَى ، ثَنَا مُحَمَّدُ بْنُ سَعِيدٍ الْأَصْبَهَانِيُّ ، ثَنَا أَبُو خَالِدٍ الْأَحْمَرُ عَنْ سَعْدِ بْنِ إِسْحَاقَ بْنِ كَعْبِ بْنِ عُجْرَةَ ، عَنْ عَاصِمِ بْنِ عُمَرَ بْنِ قَتَادَةَ ، عَنْ مَحْمُودِ بْنِ لَبِيدٍ ، عَنْ جَابِرِ بْنِ عَبْدِ اللهِ - رَضِيَ اللهُ عَنْهُ - قَالَ : خَرَجَ النَّبِيُّ - صَلَّى اللهُ عَلَيْهِ وَسَلَّمَ - فَقَالَ : أَيُّهَا النَّاسُ ، إِيَّاكُمْ وَشِرْكَ السَّرَائِرِ . قَالُوا : يَا رَسُولَ اللهِ ، مَا شِرْكُ السَّرَائِرِ ؟ قَالَ : "" يَقُومُ الرَّجُلُ فَيُصَلِّي ، فَيُزَيِّنُ صَلَاتَهُ جَاهِدًا لِمَا يَرَى مِنْ نَظَرِ النَّاسِ إِلَيْهِ ، فَذَاكَ شِرْكُ السَّرَائِرِ .","قال رسول الله ﷺ : (( أيها الناس إياكم وشرك الشرائر "" قالوا: يا رسول ال له ما شرك السرائر؟ قال: يقوم الرجل فيصل فيزين صَلاته جاهداء لما يرى من نظر الناس إليه ذاك شزك السرائر( السنن الكبرى للبيهقي )2/ 413( ]މާތް الله ރުއްސުންލެއްވި މަޙްމޫދު ބިން ލުބައިދު ގެ ކިބައިން ރިވާވެގެންވެއެވެ. ކީރިތި ރަސޫލާ  މީސްތަކުންގެ ތެރެއަށް ނިކުމެވަޑައިގެން ޙަދީޘް ކުރެއްވިއެވެ. ]އޭ މީސްތަކުންނޭވެ. ތިޔަބައިމީހުން ސިއްރު ޝިރްކުން ސަލާމަތްވެ ދުރުހެލިވާށެވެ.[ ޞަޙާބީން ދެންނެވިއެވެ. ]ސިއްރު ޝިރްކަކީ ކޮބައިތޯއެވެ؟[ ޙަދީޘް ކުރެއްވިއެވެ. ]މީހަކު ގަދައަޅައި ނަމާދު ކުރެއެވެ، ނަމަވެސް މީސްތަކުންނަށް ދެއްކުމަށް ޓަކައެވެ. އެއީ ސިއްރު ޝިރްކެވެ.[",
السنن الكبرى، البيهقي,11660,"( أَخْبَرَنَا ) أَبُو بَكْرِ بْنُ الْحَارِثِ الْفَقِيهُ ، أَنْبَأَ أَبُو مُحَمَّدِ بْنُ حَيَّانَ ، ثَنَا حَسَنُ بْنُ هَارُونَ بْنِ سُلَيْمَانَ ، ثَنَا عَبْدُ الْأَعْلَى بْنُ حَمَّادٍ ، ثَنَا حَمَّادُ بْنُ سَلَمَةَ ، عَنْ عَلِيِّ بْنِ زَيْدٍ ، عَنْ أَبِي حُرَّةَ الرَّقَاشِيِّ ، عَنْ عَمِّهِ : أَنَّ رَسُولَ اللهِ - صَلَّى اللهُ عَلَيْهِ وَسَلَّمَ - قَالَ : "" لَا يَحِلُّ مَالُ امْرِئٍ مُسْلِمٍ إِلَّا بِطِيبِ نَفْسٍ مِنْهُ .",އެއްحَدِيثއަކީ اَلَا لَا تَظْلِمُوا إِنَّهُ لَا يَحِلُّ مَالُ امْرِئٍ إِلَّا بِطِيبِ نَفْسٍ مِنْهُ (رواه أحمد) މިحَدِيثގެ މާނައަކީ، ދަންނާށެވެ! ތިޔަބައިމީހުން އަނިޔާވެރި ނުވާހުށިކަމެވެ. އެހެނީ ހަމަކަށަވަރުން އެއްވެސް މީހެއްގެ މުދަލުގެ ތެރެއިން އެމީހާ ހެޔޮހިތުން ދީފިއެއްޗެއް މެނުވީ ހުއްދަ ނުވާހުއްޓެވެ. މިއެވެ.,
السنن الكبرى، البيهقي,17943,( أَخْبَرَنَا ) أَبُو عَبْدِ اللهِ الْحَافِظُ ، أَنْبَأَ أَبُو جَعْفَرٍ الْبَغْدَادِيُّ ، ثَنَا أَبُو عُلَاثَةَ ، ثَنَا أَبِي ، ثَنَا ابْنُ لَهِيعَةَ ، عَنْ أَبِي الْأَسْوَدِ ، عَنْ عُرْوَةَ ، قَالَ : ثُمَّ إِنَّ رَسُولَ اللهِ - صَلَّى اللهُ عَلَيْهِ وَسَلَّمَ - تَجَهَّزَ غَازِيًا يُرِيدُ الشَّامَ ، فَأَذَّنَ فِي النَّاسِ بِالْخُرُوجِ ، وَأَمَرَهُمْ بِهِ فِي قَيْظٍ شَدِيدٍ فِي لَيَالِي الْخَرِيفِ ، فَأَبْطَأَ عَنْهُ نَاسٌ كَثِيرٌ ، وَهَابُوا الرُّومَ ، فَخَرَجَ أَهْلُ الْحِسْبَةِ ، وَتَخَلَّفَ الْمُنَافِقُونَ ، وَحَدَّثُوا أَنْفُسَهُمْ أَنَّهُ لَا يَرْجِعُ أَبَدًا ، وَثَبَّطُوا عَنْهُ مَنْ أَطَاعَهُمْ ، وَتَخَلَّفَ عَنْهُ رِجَالٌ مِنَ الْمُسْلِمِينَ لِأَمْرٍ كَانَ لَهُمْ فِيهِ عُذْرٌ ، فَذَكَرَ الْقِصَّةَ ، قَالَ : وَأَتَاهُ جَدُّ بْنُ قَيْسٍ وَهُوَ جَالِسٌ فِي الْمَسْجِدِ مَعَهُ نَفَرٌ ، فَقَالَ : يَا رَسُولَ اللهِ ائْذَنْ لِي فِي الْقُعُودِ ؛ فَإِنِّي ذُو ضَيْعَةٍ وَعِلَّةٍ بِهَا عُذْرٌ ، فَقَالَ رَسُولُ اللهِ - صَلَّى اللهُ عَلَيْهِ وَسَلَّمَ : تَجَهَّزْ فَإِنَّكَ مُوسِرٌ لَعَلَّكَ تُحْقِبُ بَعْضَ بَنَاتِ الْأَصْفَرِ ، فَقَالَ : يَا رَسُولَ اللهِ ائْذَنْ لِي ، وَلَا تَفْتِنِّي بِبَنَاتِ الْأَصْفَرِ ، فَأَنْزَلَ اللهُ عَزَّ وَجَلَّ فِيهِ وَفِي أَصْحَابِهِ : { وَمِنْهُمْ مَنْ يَقُولُ ائْذَنْ لِي وَلا تَفْتِنِّي أَلا فِي الْفِتْنَةِ سَقَطُوا وَإِنَّ جَهَنَّمَ لَمُحِيطَةٌ بِالْكَافِرِينَ } عَشْرَ آيَاتٍ يَتْبَعُ بَعْضُهَا بَعْضًا ، وَخَرَجَ رَسُولُ اللهِ - صَلَّى اللهُ عَلَيْهِ وَسَلَّمَ - وَالْمُؤْمِنُونَ مَعَهُ ، وَكَانَ فِيمَنْ تَخَلَّفَ ابْنُ عَنَمَةَ أَوْ عَنَمَةَ مِنْ بَنِي عَمْرِو بْنِ عَوْفٍ ، فَقِيلَ لَهُ : مَا خَلَّفَكَ ، عَنْ رَسُولِ اللهِ - صَلَّى اللهُ عَلَيْهِ وَسَلَّمَ - ؟ قَالَ : الْخَوْضُ وَاللَّعِبُ . فَأَنْزَلَ اللهُ عَزَّ وَجَلَّ فِيهِ وَفِيمَنْ تَخَلَّفَ مِنَ الْمُنَافِقِينَ : { وَلَئِنْ سَأَلْتَهُمْ لَيَقُولُنَّ إِنَّمَا كُنَّا نَخُوضُ وَنَلْعَبُ قُلْ أَبِاللهِ وَآيَاتِهِ وَرَسُولِهِ كُنْتُمْ تَسْتَهْزِئُونَ } ثَلَاثَ آيَاتٍ مُتَتَابِعَاتٍ .,"ނަބިއްޔާ ﷺ ޙަދީޘްކުރައްވާފައިވެއެވެ. (عن عبد الله بن عمر قال: قال رجل في غزوة تبوك في مجلس: ما رأينا مثل قرائنا هؤلاء، أرغبَ بطونًا، ولا أكذبَ ألسنًا، ولا أجبن عند اللقاء! فقال رجل في المجلس: كذبتَ, ولكنك منافق ! لأخبرن رسول الله ﷺ، فبلغ ذلك النبي ﷺ ونـزل القرآن. قال عبد الله بن عمر: فأنا رأيته متعلقًا بحَقَب ناقة رسول الله ﷺ تَنْكُبه الحجارة, وهو يقول: ” يا رسول الله، إنما كنا نخوض ونلعب!”ورسول الله ﷺ يقول: أَبِاللهِ وَآيَاتِهِ وَرَسُولِهِ كُنْتُمْ تَسْتَهْزِئُونَ * لا تَعْتَذِرُوا قَدْ كَفَرْتُمْ بَعْدَ إِيمَانِكُمْ) މާނައީ: ޢަބްދުﷲ ބްނު ޢުމަރު ރަޟިޔަﷲ ޢަންހު ރިވާކުރައްވައެވެ. ތަބޫކު ހަނގުރާމައިގައި އެތަނުން ބައެއްގެ ތެރޭގައި މީހަކު ބުންޏެވެ. ތިމަންމެންގެ މިކިޔަވާއުޅޭ މިބައިމީހުން (ނަބިއްޔާގެ ޞަޙާބީންނަށް ނިސްބަތްކޮށް މި) ފަދަ ބަޔަކު ތިމަންނާމެން ނުދެކެމެވެ. އެބައިމީހުންގެ އެންމެ ސަމާލުކަންދެނީ އެބައިމީހުން ބަނޑުތައް ފުރުމަށެވެ. އަދި އެޔަށްވުރެ ދޮގުވެރި ބަޔަކު ނުވެއެވެ. އަދި ޢަދުއްވުންނާއި ބައްދަލުކުރާހިނދު އެޔަށްވުރެ ފިނޑިބަޔަކުނުވެއެވެ. ދެންއެތަނުގައިވީ އެހެން މީހަކު ބުންޏެވެ. “ކަލޭ ދޮގު ހަދައިފިއެވެ. ނަމަވެސް ތިބާއީ މުނާފިގެކެވެ. ނަބިއްޔާ ޞައްލަﷲ ޢަލައިހި ވަސައްލަމައަށް ތިކަމުގެ ޚަބަރު ހަމަކަށަވަރުން ދޭހުށީމެވެ. ދެން ނަބިއްޔާ ޞައްލަﷲ ޢަލައިހި ވަސައްލަމައަށް އެޚަބަރު ފޯރައްޖެއެވެ. އަދި ގުރުއާނުން (އާޔަތްތަކެއް އެކަމާ ގުޅިގެން) ބާވާލައްވައިފިއެވެ.” ދެން ޢަބްދުﷲ ބްނު ޢުމަރު ރަޟިޔަﷲ ޢަންހު ވިދާޅުވިއެވެ. “ހަމަކަށަވަރުން ތިމަންބޭކަލުން އެހެން ބުނި މީހާ ނަބިއްޔާ ޞައްލަﷲ ޢަލައިހި ވަސައްލަމަގެ ޖަމަލުކޮޅުގެ ވާގަނޑުގައި އެލިގަނެގެންވާހާލު އޭނާގެ ފައި ހިލަތަކުގައި (ބިންމަތީގައި) ދެމެމުންދާ ހާލު ދެކެވަޑައިގަތީމެވެ. އަދި އޭނާ ބުނަމުންދިޔައެވެ. “ތިމަންމެން ފޫހިފިލުވާލައި މަޖާކުރުމަށްޓަކައި މެނުވީ އެކަންނުކުރަމެވެ.” އަދި ނަބިއްޔާ ޞައްލަﷲ ޢަލައިހި ވަސައްލަމަ ޙަދީޘްކުރައްވައެވެ.”أَبِاللهِ وَآيَاتِهِ وَرَسُولِهِ كُنْتُمْ تَسْتَهْزِئُونَ * لا تَعْتَذِرُوا قَدْ كَفَرْتُمْ بَعْدَ إِيمَانِكُمْ .(މާނައީ): ތިޔަބައިމީހުން މަލާމާތްކޮށްއުޅުނީ ﷲއާއި އެ އިލާހުގެ އާޔަތްތަކާއި އަދި ރަސޫލާއަށް ހެއްޔެވެ؟ އުޒުރުނުދައްކާށެވެ. އީމާންވުމަށްފަހުގައި ތިޔަބައިމީހުން ކާފަރުވެއްޖެއެވެ.” رواه ابن أبي حاتم في تفسيره والطبري وصححه أحمد شاكر. (14/334)",
السنن الكبرى، البيهقي,19625,(أَخْبَرَنَا) أَبُو مُحَمَّدٍ عَبْدُ اللهِ بْنُ يُوسُفَ الْأَصْبَهَانِيُّ، أَنْبَأَ أَبُو بَكْرٍ مُحَمَّدُ بْنُ الْحُسَيْنِ بْنِ الْحَسَنِ الْقَطَّانُ، ثَنَا أَبُو بَكْرٍ أَحْمَدُ بْنُ يُوسُفَ السُّلَمِيُّ، ثَنَا عَبْدُ الرَّزَّاقِ، أَنْبَأَ مَعْمَرُ بْنُ رَاشِدٍ، عَنِ الزُّهْرِيِّ، أَخْبَرَنِي أَبُو سَلَمَةَ بْنُ عَبْدِ الرَّحْمَنِ، عَنْ أَبِي هُرَيْرَةَ - رَضِيَ اللهُ عَنْهُ - قَالَ: سَمِعْتُ رَسُولَ اللهِ - ﷺ - يَقُولُ لِلشُّونِيزِ: عَلَيْكُمْ بِهَذِهِ الْحَبَّةِ السَّوْدَاءِ، فَإِنَّ فِيهَا شِفَاءً مِنْ كُلِّ شَيْءٍ أَوْ دَاءٍ إِلَّا السَّامَ. يُرِيدُ بِهِ الْمَوْتَ. رَوَاهُ مُسْلِمٌ فِي الصَّحِيحِ عَنْ عَبْدِ بْنِ حُمَيْدٍ، عَنْ عَبْدِ الرَّزَّاقِ، وَأَخْرَجَهُ الْبُخَارِيُّ مِنْ وَجْهٍ آخَرَ عَنِ الزُّهْرِيِّ.,އަބޫ ހުރައިރާ رَضِيَ اللَّهُ عَنْهُ ރިވާ ކުރެއްވިއެވެ: ކަޅުދިރިއާ ބެހޭ ގޮތުން ރަސޫލު ﷲ ﷺ ޙަދީޘް ކުރައްވަނިކޮށް ތިމަން އަޑުއެހީމެވެ: ”ތިޔަބައިމީހުންގެ މައްޗަށް އޮތީ މި ކަޅުދިރި ބޭނުން ކުރުމެވެ. އެހެނީ ހަމަކަށަވަރުން އޭގައި ސާއްމު ފިޔަވާ ކޮންމެ ބައްޔަކަށް ޝިފާވެއެވެ.“ ސާއްމު އެ މާނަ ކުރައްވަނީ މަރަށެވެ.,
السنن الكبرى، النسائي,9848,مَنْ قَرَأَ آيَةَ الْكُرْسِيِّ فِي دُبُرِ كُلِّ صَلَاةٍ مَكْتُوبَةٍ لَمْ يَمْنَعْهُ مِنْ دُخُولِ الْجَنَّةِ إِلَّا أَنْ يَمُوتَ,ކޮންމެ ފަރުޟު ނަމާދެއްގެ ފަހުގައި ކުރުސި ކިޔައިފި މީހާ ދަންނައެވެ. މަރުވުން މެނުވީ އެހެން އެއްޗެއް އޭނާ ސުވަރުގެ ވަނުން މަނާނުކުރެއެވެ.,
السنن الكبرى، النسائي ,344,ليس للقاتِلِ مِنَ الميراثِ شيءٌ,"""ވާރުތަ ކުރާމީހާ މަރާ މީހާއަށް ވާރުތަމުދަލުން އެއްވެސް އެއްޗެއް ނުވެއެވެ.""",
الطبقات الكبرى، ابن سعد,1/ 347,جَاءَ مَجُوسِيٌّ إِلَى رَسُولِ اللَّهِ صَلَّى اللَّهُ عَلَيْهِ وَسَلَّمَ قَدْ أَعْفَى شَارِبَهُ وَأَحْفَى لِحْيَتَهُ فَقَالَ : ( مَنْ أَمَرَكَ بِهَذَا ؟ ) ، قَالَ: رَبِّي ، قَالَ : ( لَكِنَّ رَبِّي أَمَرَنِي أَنْ أُحْفِيَ شَارِبِي وَأُعْفِيَ لِحْيَتِي ) .,"ފާރިސީންގެ ރަސްގެފާނު ކިސްރާގެ ފަރާތުން ޔަމަނަށް ކަނޑައަޅާފައިވާ ވެރިޔާގެ ފަރާތުން ރަސޫލާ ޞައްލަﷲ ޢަލައިހި ވަސައްލަމްގެ އަރިހަށް ދެ މަންދޫބަކު ފޮނުވިއެވެ. އެކެލޭގެފާނުގެ ކުރިފުޅުމައްޗަށް އެދެމީހުންނަށް އާދެވުނު ހިނދު، އެކަލޭގެފާނަށް ފެނި ވަޑައިގަތީ އެމީހުން ތުނބުޅި ބާލައި ބޮޑެތިމަތިމަސް ލާފައި ތިއްބައެވެ. އެމީހުންގެ ބުރުސޫރައާއިމެދު ހިތްހަމަޖެހިވަޑައިނުގެން ނަފްރަތުކުރައްވާ ހާލު، މޫނުފުޅު އަނބުރާލައްވައި އެމީހުނަށް ފުރަގަސްދެއްވާ ވިދާޅިއެވެ. ((وَيْحَكُمَا مَنْ أَمَرَ كُمَا بِهَذَا؟)) މާނައީ: “ކަލޭމެން ދެމީހުންނަށް ހަލާކުހުއްޓެވެ! ތިގޮތަށް އަމަލުކުރުމަށް ކަލޭމެންނަށް އަމުރުކުރީ ކާކުތޯއެވެ؟” އެމީހުން ބުންޏެވެ. “އަހަރެމެންގެ ވެރިޔާއެވެ.” އެކަލޭގެފާނު ޙަދީޘްފުޅު ކުރެއްވިއެވެ.” (( لَكِنَّنِيْ أَمَرَنِي رَبِّي عَزَّ وَجَلَّ أَنْ أُعْفِيَ لِحْيَتِيْ, وَ أَنْ أُحْفِيَ شَارِبِيْ )) حسنه الأباني މާނައީ: ” އެހެން ނަމަވެސް ތިމަންކަލޭގެފާނުގެ ރައްބުވަނީ ތިމަންކަލޭގެފާނަށް ތުނބުޅި ދޫކޮށްލުމަށް އަމުރުކުރައްވާފައެވެ. އަދި މަތިމަސް ކުރުކުރުމަށް އަމުރު ކުރައްވާފައެވެ.”",
الفتوحات الربانية، ابن حجر,3/58,ما دنوتُ مِن رسولِ اللَّهِ صلَّى اللَّهُ عليهِ وسلَّمَ في دُبُرِ مَكْتوبةٍ ولا تطوُّعٍ إلَّا سَمِعْتُهُ يقول : اللَّهمَّ اغفِر لي ذُنوبي وخَطايايَ كلَّها اللَّهمَّ أنعِشْني واجبُرني واهدِني لصالِحِ الأعمالِ والأخلاقِ ; إنَّهُ لا يَهْدي لصالحِها ولا يصرِفُ سيِّئَها إلَّا أنتَ,އޭ ﷲ އެވެ. މި އަޅާގެ ހުރިހާ ފާފަތަކާއި ކުށްތައް ފުއްސަވާދެއްވާށިއެވެ. އޭ ﷲ އެވެ. މި އަޅާ އުފުއްލަވާ، ފުދުންތެރިކުރައްވައި، މި އަޅާއަށް ހެޔޮ ޢަމަލުތަކާއި އަޚްލާގަށް މަގުދައްކަވާށިއެވެ. ހަމަކަށަވަރުން އެ ކަންކަމުގެ ހެޔޮ ގޮތްތަކަށް މަގުދައްކަވައި، އޭގެ ނުބައި ގޮތްތަކުން ދުރުކުރައްވާ ފަރާތެއް އިބަ އިލާހު ފިޔަވާ ނުވެއެވެ.,
الفقيه والمتفقه، الخطيب البغدادي,7/168,عنْ عبدِ اللهِ بنِ مسعودٍ قال مَنْ أرادَ العِلْمَ فَلْيُثَوِّرِ القرآنَ فإنَّ فيه علمَ الأولينَ والآخرينَ,"އިބްނު މަސްޢޫދު ރަޟިޔަﷲ ޢަންހު ވިދާޅުވިއެވެ: ""ތިޔަބައިމީހުން ޢިލްމު ލިބުމަށް އެދޭނަމަ، ގުރްއާން ކިޔަވައި އޭގައި ވާ އާޔަތްތަކާމެދު ތަދައްބުރުކޮށް ވިސްނައި ފިކުރު ކުރާށެވެ. ހަމަކަށަވަރުން އެ ގުރްއާނުގައި އިހުގެ އަދި ފަހުގެ ޢިލްމުތައް ވެއެވެ.""",
الكامل في الضعفاء، ابن عدي,5/63,مَنْ صلَّى يُرَائِي فقد أَشْرَكَ ومَنْ تَصَدَّقَ يُرَائِي فقد أَشْرَكَ ومَنْ صامَ يُرَائِي فقد أَشْرَكَ,"ދެއްކުންތެރިކަމާއެކު ނަމާދު ކުރާމީހާ ޝިރުކު ކޮށްފިކަން ކަށަވަރެވެ. ދެއްކުންތެރިކަމާއެކު ރޯދަހިފާމީހާ ޝިރުކު ކޮށްފިކަން ކަށަވަރެވެ. ދެއްކުންތެރިކަމާއެކު ޞަދަގާތްދޭމީހާ ޝިރުކު ކޮށްފިކަން ކަށަވަރެވެ.""",
المحمدون من الشعراء، جمال الدين القفطي,138,"شَكَوْتُ إِلَى وَكِيعٍ سُوءَ حِفْظِي … فَأَرْشَدَنِي إِلَى تَرْكِ المَعَاصِي
‌وَقَالَ ‌اعْلَمْ ‌بِأَنَّ ‌العِلْمَ ‌نُورٌ … وَنُورُ الله لَا يُؤْتَاهُ عَاصِ",ވަކީޢުއަށް އަހުރެންގެ ހަނދާން ދެރަކަމުގެ ޝަކުވާކުރީމެވެ. އެ ހިނދު ފާފަތައް ދޫކޮށްލުމަށް އެކަލޭގެފާނު އިރުޝާދު ދެއްވިއެވެ. އަދި ވިދާޅުވިއެވެ: ދަންނާށެވެ. ހަމަކަށަވަރުން އިލްމަކީ ނޫރެކެވެ. އަދި ﷲ ގެ ނޫރު ފާފަވެރިޔާއަކަށް ނުދެއްވާނެއެވެ.,
المستدرك، الحاكم,207,عَنْ طَارِقِ بْنِ شِهَابٍ قَالَ عُمَرُ بْنُ الْخَطَّابِ رضي الله عنه إِنَّا كُنَّا أَذَلَّ قَوْمٍ فَأَعَزَّنَا اللَّهُ بِالْإِسْلَامِ فَمَهْمَا نَطْلُبُ الْعِزَّةَ بِغَيْرِ مَا أَعَزَّنَا اللَّهُ بِهِ أَذَلَّنَا اللَّهُ,*الله އެބޭކަލަކަަށް ރުއްސުންލެއްވި ޢުމަރް ބުނުލް ޚައްޠާބް ވިދާޅުވިއެވެ: ހަމަކަށަވަރުން ތިޔަބައިމީހުން ވީ މީސްތަކުންގެ ތެރެއިން އެންމެ ނިކަމެތި މީހުންގެތެރެއިންނެވެ، ފަހެ ދެން الله ތިޔަބައިމީހުން އިސްލާމް ދީނުން ޢިއްޒަތްތެރި ކުރެއްވިއެވެ، ފަހެ އިސްލާމްދީން ނޫން ގޮތަކަށް ޢިއްޒަތްތެރިކަން ތިޔަބައިމީހުން ހޯދަންއުޅޭހާ ހިނދަކު الله ތިޔަބައިމީހުން ނިކަމެތި ކުރައްވާނެއެވެ.,
المستدرك، الحاكم,3392,"حَدَّثَنَا أَبُو بَكْرٍ مُحَمَّدُ بْنُ الْمُؤَمَّلِ، ثنا الْفَضْلُ بْنُ مُحَمَّدٍ الشَّعْرَانِيُّ، ثنا نُعَيْمُ بْنُ حَمَّادٍ، ثنا هُشَيْمٌ، أَنْبَأَ أَبُو هَاشِمٍ، عَنْ أَبِي مِجْلَزٍ، عَنْ قَيْسِ بْنِ عَبَّادٍ، عَنْ أَبِي سَعِيدٍ الْخُدْرِيِّ رَضِيَ اللَّهُ عَنْهُ، أَنَّ النَّبِيَّ صَلَّى اللهُ عَلَيْهِ وَسَلَّمَ قَالَ: «إِنَّ مَنْ قَرَأَ سُورَةَ الْكَهْفِ ‌يَوْمَ ‌الْجُمُعَةِ ‌أَضَاءَ ‌لَهُ مِنَ النُّورِ مَا بَيْنَ الْجُمُعَتَيْنِ» هَذَا حَدِيثٌ صَحِيحُ الْإِسْنَادِ وَلَمْ يُخْرِجَاهُ """,އަބޫ ސައީދު އަލްޚުދްރީ رَضِيَ اللَّهُ عَنْهُ ރިވާ ކުރެއްވިއެވެ:: ނަބިއްޔާ ﷺ ޙަދީޘް ކުރެއްވިއެވެ: ”ހުކުރު ދުވަހު ކަހްފު ސޫރަތް ކިޔަވައިފި މީހާއަށް، ޖެހިގެން އަންނަ ހުކުރާ ހަމައަށް ނޫރަކުން އަލިކޮށްދެއްވާނެއެވެ.“,صححه الألباني في صحيح الترغيب والترهيب 736
المستدرك، الحاكم,3675,أَخْبَرَنَا أَبُو زَكَرِيَّا الْعَنْبَرِيُّ ، ثَنَا مُحَمَّدُ بْنُ عَبْدِ السَّلَامِ ، ثَنَا إِسْحَاقُ ، أَنْبَأَ عَبْدُ الصَّمَدِ بْنُ عَبْدِ الْوَارِثِ ، ثَنَا هَمَّامٌ ، عَنْ قَتَادَةَ ، ثَنَا عِكْرِمَةُ ، عَنِ ابْنِ عَبَّاسٍ رَضِيَ اللهُ عَنْهُمَا قَالَ : كَانَ بَيْنَ آدَمَ وَنُوحٍ عَشَرَةُ قُرُونٍ ، كُلُّهُمْ عَلَى شَرِيعَةٍ مِنَ الْحَقِّ ، فَلَمَّا اخْتَلَفُوا بَعَثَ اللهُ النَّبِيِّينَ وَالْمُرْسَلِينَ ، وَأَنْزَلَ كِتَابَهُ ، فَكَانُوا أُمَّةً وَاحِدَةً . هَذَا حَدِيثٌ صَحِيحٌ عَلَى شَرْطِ الْبُخَارِيِّ ، وَلَمْ يُخَرِّجَاهُ .,"عن ابن عباس رضي الله عنهما، قال:""كان بين آدم ، ونوح عشرة قرون كلهم على الإسلام"" (رواه البخاري) މިޙަދީޘުގެ މާނައަކީ، الله ރުއްސުންލެއްވި އިބްނު ޢައްބާސްގެފާނު ވިދާޅުވިއެވެ. އާދަމުގެފާނާއި، ނޫޙުގެފާނާ ދެމެދުގައި ދިހަ ގަރްނުގައި އެންމެހައި މީސްތަކުން ތިބީ އިސްލާމްދީންމަތީގައެވެ. މިއެވެ.",
المستدرك، الحاكم,6218,عَنْ أَبِي سَعِيدٍ الْخُدْرِيِّ، عَنْ رَسُولِ اللَّهِ صَلَّى اللَّهُ عَلَيْهِ وَسَلَّمَ أَنَّهُ قَالَ: «قَالَ مُوسَى: يَا رَبِّ عَلِّمْنِي شَيْئًا أَذْكُرُكَ بِهِ، وَأَدْعُوكَ بِهِ، قَالَ: قُلْ يَا مُوسَى: لَا إِلَهَ إِلَّا اللَّهُ، قَالَ: يَا رَبِّ كُلُّ عِبَادِكَ يَقُولُ هَذَا، قَالَ: قُلْ لَا إِلَهَ إِلَّا اللَّهُ، قَالَ: إِنَّمَا أُرِيدُ شَيْئًا تَخُصُّنِي بِهِ، قَالَ: يَا مُوسَى لَوْ أَنَّ أَهْلَ السَّمَاوَاتِ السَّبْعِ وَالْأَرَضِينَ السَّبْعِ فِي كِفَّةٍ، وَلَا إِلَهَ إِلَّا اللَّهُ فِي كِفَّةٍ، مَالَتْ بِهِمْ لَا إِلَهَ إِلَّا اللَّهُ»,"އަބޫ ސައީދުލް ޚުދްރީ ރަޟިޔަﷲ ޢަންހުގެ ކިބައިން ރިވާވެގެންވެއެވެ. ރަސޫލުﷲ ﷺ ޙަދީޘްކުރެއްވިއެވެ. : ""މޫސާގެފާނު ދެންނެވިއެވެ. އޭ ރައްބެވެ. މިއަޅާއަށް އިބަﷲގެ މަތިން ޒިކުރުކުރާނެ އަދި އެއިން ދުއާކުރާނެ ކަލިމައެއް އުގަންނަވައިދެއްވާށެވެ. ﷲ ވަހީކުރެއްވިއެވެ. އޭ މޫސާއެވެ. لَا إِلَهَ إِلَّا اللَّهُ ކިޔާށެވެ. މޫސާގެފާނު ދެންނެވިއެވެ. އޭ ރައްބެވެ. އިބައިލާހުގެ ހުރިހާ އަޅުން ތިޔަ ކަލިމަ ކިޔައެވެ. ﷲ ވަހީކުރެއްވިއެވެ. ""އޭ މޫސާއެވެ. ތަރާދުގެ އެއްފަޅީގައި ހަތްއުޑާއި ހަތްބިން އޮވެފައި އަނެއްފަޅީގައި لَا إِلَهَ إِلَّا اللَّهُ އޮވެއްޖެނަމަ، لَا إِلَهَ إِلَّا اللَّهُ އޮތްފަޅިޔަށް ބުރަވާނެއެވެ""",
المستدرك، الحاكم,7990,الْوَلَاءُ لُحْمَةٌ كَلُحْمَةِ النَّسَبِ,"""އަޅުން މިނިވަން ކުރުމުގެ ސަބަބުން، އެއަޅުކަލޭގެއާއި މިނިވަންކުރި ފަރާތާ ދެމެދު އުފެދޭ ވަލާއުގެ ގުޅުމަކީ ނަސަބުގެ ގުޅުންފަދަ ގުޅުމެކެވެ.""",
المستدرك، الحاكم,8553,تذاكرْنا ونحنُ عندَ رسولِ اللهِ صلَّى اللهُ عليه وسلَّم أَيُّما أفضلُ مسجدُ رسولِ اللهِ صلَّى اللهُ عليه وسلَّم أوْ بيتُ المقدسِ فقال رسولُ اللهِ صلَّى اللهُ عليه وسلَّم صلاةٌ في مسجدي هذا أفضلُ من أربعِ صلواتٍ فيه ولَنِعْمَ الْمُصَلَّى هو ولَيُوشِكَنَّ أن يكونَ قوسُهُ من الأرضِ حيثُ يَرَى منه بيتَ المقدسِ خيرًا له منَ الدنيا جميعًا,އަބޫ ޛައްރު ރަޟިޔަﷲޢަންހު ގެ ކިބައިން ރިވާވެގެންވެއްވެ. ” އަހަރެމެން ބޭކަލުން ރަސޫލާ ﷺ ގެ އަރިހުގައި ތިއްބަވައިގެން ރަސޫލާ ﷺ ގެ މިސްކިތާއި ބައިތުލް މަގްދިސް [މަސްޖިދުލް އަގްޞާ ހުރިބިން ] ކުރެން މާތްވެގެންވާނީ ކޮންތަނެއްތޯ އާއި ބެހޭގޮތުން ވާހަކަދެއްކެވީމެވެ. ރަސޫލާ ﷺ ޙަދީޘްކުރެއްވިއެވެ: ތިމަންކަލޭގެފާނުގެ މިސްކިތުގައި ކުރާ އެއް ނަމާދު އެތާނގައިކުރާ 4 ނަމާދަށްވުރެ ހެޔޮވެގެންވެއެވެ. އަދި ނަމާދުކުރާ ތަނެއްގެ ގޮތުގައި [ބައިތުލް މަގްދިސްއަކީ] ކޮންފަދަ ހެޔޮތަނެއް ހެއްޔެވެ. މީހެއްގެ އަތުގައި އަހުގެ ވާފަށެއް ވަރުގެ ބިންކޮޅެއް އޮވެފައި އެބިންކޮޅުން ބައިތުލް މަގްދިސް ފެންނަ ނަމަ މުޅި ދުނިޔެއަށްވުރެ އެކަން ހެޔޮކަމުގައި އޭނާދެކޭނެ ދުވަސް އައުން ގާތް ވެއްޖެއެވެ.”,
المستدرك، الحاكم,1/353,«إِنَّ مَنْ قَرَأَ سُورَةَ الْكَهْفِ يَوْمَ الْجُمُعَةِ أَضَاءَ لَهُ مِنَ النُّورِ مَا بَيْنَ الْجُمُعَتَيْنِ»,ހުކުރު ދުވަހުގެ ކަހްފު ސޫރަތް ކިޔަވައިފި މީހާއަށް ދެން ޖެހިގެން އަންނަ ހުކުރާއި ހަމައަށް އަލިކޮށްދެނިވި ނޫރެއް ލެއްވިގެންވެއެވެ.,
المعجم الأوسط، الطبراني,3579,"""إِنَّ اللَّهَ فَرَضَ عَلَى أَغْنِيَاءِ الْمُسْلِمِينَ فِي أَمْوَالِهِمْ بِقَدْرِ الَّذِي يَسَعُ فُقَرَاءَهُمْ , وَلَنْ تُجْهَدَ الْفُقَرَاءُ إِذَا جَاعُوا وَعُرُوا إِلَّا بِمَا يَصْنَعُ أَغْنِيَاؤُهُمْ , أَلَا وَإِنَّ اللَّهَ يُحَاسِبُهُمْ حِسَابًا شَدِيدًا , وَ يُعَذِّبَهُمْ عَذَابًا أَلِيمًا""",""" މުސްލިމުންގެ ތެރެއިން މުއްސަދީންގެ މައްޗަށް އެބައިމީހުންގެ މުދަލުން ފަގީރުންނަށް ތަނަވަސްކަން ލިބޭނެ މިންވަރު ޒަކާތުގެ ގޮތުގައި ދިނުން ﷲ ފަރުޟުކުރައްވާފައިވެއެވެ. ފަގީރުންނަށް ދަތިކަންލިބި ބަޑުހައިހޫނު ކަމުގައި ޖެހި އައުރަ ނިވާކުރާނެ މިންވަރު ލިބިފައިނުވަނީ އެބައިމީހުންގެ މުއްސަދީން ކަންތައްކުރާގޮރުންނެވެ. ދަންނާށެވެ.! (އަދި ހަމަކަށަވަރުން) ﷲ އެބައިމީހުން (މުއްސަދީން) ގަދަފަދަ ވެގެންވާ ހިސާބު ބެއްލެވުމަކުން ހިސާބު ބައްލަވާނެއެވެ. އަދި އެބައިމީހުންނަށް ވޭންދެނިވި ޢަޛާބު ދެއްވާނެތެވެ.""",
المعجم الأوسط، الطبراني,8/119,أُمِرْتُ أنْ أُقاتِلَ النَّاسَ حتَّى يقولوا لا إلهَ إلَّا اللهُ فإذا قالوها حرُمَتْ علَيَّ أموالُهم ودماؤُهم، وحسابُهم على اللهِ,لا إله إلا الله ކިޔައި އަދި الله ނޫން އަޅުކަންކުރެވޭ ހުރިހާ އެއްޗަކަށް ކާފަރުވެއްޖެ ނަމަ، އެމީހެއްގެ މުދަލާއި ލޭ ޙަރާމް ވާނެއެވެ، އަދި އެމީހާގެ ޙިސާބު ބެއްލެވުންވަނީ الله ތަޢާލާއަށެވެ. »,
المعجم الكبير، الطبراني,821,حَدَّثَنَا يَحْيَى بْنُ أَيُّوبَ الْعَلَّافُ الْمِصْرِيُّ، ثَنَا سَعِيدُ بْنُ أَبِي مَرْيَمَ، أَنَا نَافِعُ بْنُ يَزِيدَ، حَدَّثَنِي بَكْرُ بْنُ عَمْرٍو، أَنَّهُ سَمِعَ مِشْرَحَ بْنَ هَاعَانَ يَقُولُ: سَمِعْتُ عُقْبَةَ بْنَ عَامِرٍ يَقُولُ: قَالَ رَسُولُ اللهِ صَلَّى اللهُ عَلَيْهِ وَسَلَّمَ: «سَيَخْرُجُ أَقْوَامٌ مِنْ أُمَّتِي يَشْرَبُونَ الْقُرْآنَ ‌كُشُرْبِهِمُ ‌اللَّبَنَ»,ރަސޫލު ﷲ ﷺ ޙަދީޘް ކުރެއްވިއެވެ: ”ތިމަން ނަބިއްޔާގެ އުއްމަތުގެ ތެރެއިން، އެބައިމީހުން ކިރު ބޯ ފަދައިން، ގުރްއާން ބޯލާނެ ބަޔަކު ނުކުމެގެން އަންނާނެއެވެ.“,صححه الألباني في صحيح الجامع 3653
المعجم الكبير، الطبراني,3291,حَدَّثَنَا عَلِيُّ بْنُ عَبْدِ الْعَزِيزِ ، ثَنَا الْقَعْنَبِيُّ ، عَنْ مَالِكٍ ، عَنِ ابْنِ شِهَابٍ ، عَنْ سِنَانِ بْنِ أَبِي سِنَانٍ الدُّؤَلِيِّ ، عَنْ أَبِي وَاقِدٍ اللَّيْثِيِّ ، قَالَ : خَرَجْنَا مَعَ رَسُولِ اللهِ صَلَّى اللهُ عَلَيْهِ وَسَلَّمَ إِلَى حُنَيْنٍ وَنَحْنُ حُدَثَاءُ عَهْدٍ بِكُفْرٍ ، وَلِلْمُشْرِكِينَ سِدْرَةٌ يَعْكُفُونَ عِنْدَهَا ، وَيَنُوطُونَ بِهَا أَسْلِحَتَهُمْ يُقَالُ لَهَا ذَاتُ أَنْوَاطٍ . قَالَ : فَمَرَرْنَا بِالسِّدْرَةِ ، فَقُلْنَا : يَا رَسُولَ اللهِ اجْعَلْ لَنَا ذَاتَ أَنْوَاطٍ كَمَا لَهُمْ ذَاتُ أَنْوَاطٍ . فَقَالَ رَسُولُ اللهِ صَلَّى اللهُ عَلَيْهِ وَسَلَّمَ : اللهُ أَكْبَرُ ، إِنَّهَا السَّنَنُ ، قُلْتُمْ وَالَّذِي نَفْسِي بِيَدِهِ كَمَا قَالَتْ بَنُو إِسْرَائِيلَ : { اجْعَلْ لَنَا إِلَهًا كَمَا لَهُمْ آلِهَةٌ قَالَ إِنَّكُمْ قَوْمٌ تَجْهَلُونَ } ، لَتَرْكَبُنَّ سَنَنَ مَنْ كَانَ قَبْلَكُمْ .,އަބޫ ވާގިދު އައްލައިޘީ ވިދާޅުވިކަމަށް ރިވާވެގެންވެއެވެ: ޙުނައިނު (ހަނގުރާމައަށް) ތިމަންމެން ރަސޫލު ﷲ ﷺ ގެ އަރިހުގައި ނުކުތީމެވެ. އޭރު ތިމަންމެން އަލަށް (އިސްލާމްވެގެން) ކުފުރުމަތީ ތިބި ޒަމާނުން މާ ގިނަ ދުވަހެއް ނުވެއެވެ. އަދި މުޝްރިކުން (އަޅުކަމުގެ ގޮތުން) އޭގެ ކައިރީގައި މަޑުކޮށް ހަދާ ކުންނާރު ގަހެއް އެބައިމީހުންނަށް ވިއެވެ. އަދި (ބަރަކާތް ހޯދުމުގެ ގޮތުން) އެ ގަހުގައި އެބައިމީހުންގެ ހަތިޔާރުތަށް އެލުވައި ހަދައެވެ. އެ ގަހަށް ކިޔައި އުޅެނީ ޛާތު އަންވާޠެވެ. ފަހެ (އެ ދަތުރު މަތީގައި) ކުންނާރު ގަހެއް ކައިރިންލާފައި ތިމަންމެން ދިޔައިމެވެ. ދެން ތިމަންމެން ދެންނެވީމެވެ: އޭ ﷲ ގެ ރަސޫލާއެވެ. އެބައިމީހުންނަށް ޛާތު އަންވާޠެއްވާ ފަދައިން، ތިމަންމެންނަށް ވެސް ޛާތު އަންވާޠެއް ލައްވާށެވެ. ފަހެ ރަސޫލު ﷲ ﷺ ޙަދީޘް ކުރެއްވިއެވެ: ”ﷲ އަކްބަރެވެ! ހަމަކަށަވަރުން ތިޔައީ ހަމަ (ތިޔަބައިމީހުންގެ ކުރީގެ އުއްމަތްތަކުގެ މީހުން އުޅުނު) ގޮތްތަކެވެ. ތިމަން ނަބިއްޔާގެ ފުރާނަފުޅު އެ ފަރާތެއްގެ އަތްޕުޅުގައިވާ ފަރާތް ގަންދީ ބުނަމެވެ. ތިޔަ ބުނީ ހަމަ ބަނީ އިސްރާއީލުގެ މީހުން ބުނި ފަދައިންނެވެ: ’އެބައިމީހުންނަށް އިލާހުންތަކެއް ވާފަދައިން، ތިމަންމެންނަށް ވެސް އިލާހެއް ލައްވައި ދެއްވާށެވެ! އެކަލޭގެފާނު ވިދާޅުވިއެވެ: ހަމަކަށަވަރުން ތިޔަބައިމީހުންނީ ހަމަ ޖާހިލު ބަޔެކެވެ.‘ ތިޔަބައިމީހުންގެ ކުރީގެ (އުއްމަތްތަކުގެ) މީހުން ހިނގި މަގުތަކުން ތިޔަބައިމީހުންވެސް ހިނގާނެކަން ކަށަވަރެވެ.“,
المعجم الكبير، الطبراني,8510,لا يَزَالُ النَّاسُ بِخَيْرٍ مَا أَتَاهُمُ الْعِلْمُ مِنْ أَصْحَابِ مُحَمَّدٍ صَلَّى اللَّهُ عَلَيْهِ وَسَلَّمَ، وَمِنْ أَكَابِرِهِمْ، فَإِذَا جَاءَ الْعِلْمُ مِنْ قِبَلِ أَصَاغِرِهِمْ فَذَاكَ حِينَ هَلَكُوا,“މުޙައްމަދު ﷺ އަޞްޙާބުންނާއި [ޢާލިމުންގެ] ބޮޑުބޮޑެތީންގެ އަރިހުން ޢިލްމު ޙާޞިލްކުރާހާ ހިނދަކު މީސްތަކުން ހެޔޮކަމުން ފިލައިގެން ނުދާހުއްޓެވެ. ފަހެ އެބައިމީހުންގެ ކުދިވެރީންނާއި ހަވާނަފްސަށް ތަބާވާ މީހުންގެ ގާތުން ޢިލްމު އުނގެނެން ފަށައިފި ނަމަ ހަލާކުވެދާނެއެވެ.”,
المعجم الكبير، الطبراني,8902,لَأَنْ أَحْلِفَ بِاللهِ كَاذِبًا أَحَبُّ إِلَيَّ مِنْ أَنْ أَحْلِفَ بِغَيْرِهِ وَأَنَا صَادِقٌ,عبد الله بن مسعود رضي الله عنه ވިދާޅުވިއެވެ. ތެދެއްގެ މައްޗަށް ﷲ ނޫން ފަރާތެއް ގަންދީ ހުވާކުރުމަށްވުރެ، ﷲ ގަންދީ ދޮގު ހުވާކުރުންވެސް ތިމަންކަލޭގެފާނަށް މާ ލޮބުވެތިކަން ބޮޑެވެ.,
المعجم الكبير، الطبراني,1/218,"اللهم إني أعوذُ بك من يومِ السُّوءِ, ومن ليلةِ السُّوءِ, ومن ساعةِ السُّوءِ, ومن صاحِبِ السُّوءِ, ومن جارِ السُّوءِ في دارِ المُقَامَةِ",އޭ ﷲ އެވެ. ހަމަކަށަވަރުން ނުބައި ދުވަހަކުން، އަދި ނުބައި ރެއަކުން، އަދި ނުބައި ވަގުތަކުން، އަދި ނުބައި އެކުވެރިއެއްގެ ކިބައިން، އަދި ދިރިއުޅޭ ތަނުގައިވާ ނުބައި އަވައްޓެރިއެއްގެ ކިބައިން، އިބަ އިލާހުގެ ހަޒްރަތުން މި އަޅާ ރައްކާތެރިކަން އެދެމެވެ.,
المعجم الكبير، الطبراني,10/ 206,للجنة ثمانية أبواب، سبعة مغلقة و باب مفتوح للتوبة حتى تطلع الشمس من مغربها,ސުވަރުގޭގައި 8 ދޮރުކޮޅެއްވެއެވެ. 7 ދޮރުކޮޅު ވަނީ ލެއްޕިގެންނެވެ. އަދި توبة އަށްޓަކައި ވާ ދޮރުކޮޅުވަނީ ހުޅުވިގެންނެވެ. ހުޅަނގުފަރާތުން އިރުއަރައްޖައުމަށް ދާނދެނެވެ.,
المعجم الكبير، الطبراني,9/105,أنَّ ابنَ مسعودٍ كان يدعو اللهمَّ زِدْني إيمانًا ويقينًا وفَهْمًا أو قال عِلْمًا,ޔާ ﷲ މި އަޅާއަށް އީމާންކަމާއި، ޔަގީންކަމާއި، ފަހުމްވުން (ނުވަތަ ޢިލްމު) އިތުރު ކޮށްދެއްވާނދޭވެ!,
المنتخب من العلل، الخلال,71,"""إِنَّ هَذَا الدِّينَ مَتِينٌ، فَأَوْغِلُوا فِيهِ بِرِفْقٍ""","""ހަމަކަށަވަރުން މިދީނަކީ ހަރުދަނާ ދީނެކެވެ. ވީމާ، ތިޔަބައިމީހުން މަޑުމައިތިރި ކަމާއެކު މިދީނުގެ ކަންތައްތަކުގައި ހިފަހައްޓާށެވެ""",
تاريخ دمشق، ابن عساكر,7/39,يحمِلُ هذا العِلمَ من كلِّ خلَفٍ عدولُه ينفونَ عنهُ تحريفَ الجاهِلينَ وانتحالَ المبطلينَ وتأويلَ الغالينَ,ފަހުން އަންނަ ކޮންމެ ބަޔެއްގެ ތެރެއިންވެސް އެބައިމީހުންގެ އަދުލުވެރިން މި އިލްމު އުފުލާނެއެވެ. ޖާހިލުންގެ ބަދަލު ކުރުންތަކާއި، ބާތިލު ކުރާ މީހުންގެ ދައުވާތަކާއި، ފަހަނައަޅައިދާ މީހުންގެ އޮޅުވާލުންތައް އެބައިމީހުން އެ އިލްމުން ނަފީ ކުރާނެއެވެ.,
تحفة المجيب على أسئلة الحاضر والغريب، مقبل الوادعي,252,يقول بعض السلف: لا تخلون بامرأة ولو أن تعلمها القرآن.,ސަލަފުންގެ ބައެއް ބޭކަލުން ވިދާޅުވިއެވެ: އެއްގޮތަކަށް ވެސް އަންހެނަކާއެކު އެކަހެރި ނުވާށެވެ. އެއީ ތިބާ އޭނާއަށް ގުރްއާން ކިޔަވައިދޭން ކަމުގައި ވިޔަސްމެއެވެ.,
تخريج كتاب السنة، الألباني,1096,مَن أرادَ أن يَنصَحَ لِذي سُلطانٍ فلا يُبدِهِ عَلانيةً ولَكِن يأخذُ بيدِهِ فيخلوا بهِ فإن قبلَ منهُ فذاكَ وإلَّا كانَ قد أدَّى الَّذي عليهِ,ވެރިއަކަށް ނަޞޭޙަތެއް ދޭން އެދޭ މީހާ، ފަހެ އޭނާ ފާޅުގައި އެކަން ނުކުރާހުށްޓެވެ. އެހެނެއްކަމަކު، އެ ވެރިޔާގެ އަތުގައި ހިފައިގެން ގޮސް އެކަހެރިވެ، އޭނާއަށް ނަޞޭޙަތް­ދޭށެވެ. އެ ނަޞޭޙަތް އޭނާގެ ކިބައިން ބަލައިގެންފިނަމަ، (އޭނާ އެދުނު ކަމަކީ) އެއެވެ. އަދި ބަލައިނުގެންފި ނަމަ، ނަޞޭޙަތް ދިން މީހާ އޭނާގެ މަސްއޫލިއްޔަތު އަދާކޮށްފިއެވެ.,
تفسير ابن أبي حاتم,2350/7,َعَنْ ابْنِ عَبَّاسٍ: مَا بعث الله نبيًا إلا وهو شاب، ولا أوتي العلم عالم إلا وهو شاب وقرأ: قَالُوا سَمِعْنَا فَتًى يَذْكُرُهُمْ يُقَالُ لَهُ إِبْرَاهِيمُ وَإِذْ قَالَ مُوسَى لفتاه، إنهم فتية آمنوا بربهم,އިބްނު ޢައްބާސްގެ އަރިހުން ރިވާވެގެންވެއެވެ: ޒުވާނެއް ކަމުގައި މެނުވީ ﷲ ނަބިއްޔަކު ނުފޮނުއްވަތެވެ. އަދި ޒުވާނެއް ކަމުގައި މެނުވީ ޢިލްމުވެރިޔަކަށް ޢިލްމެއް އެ އިލާހު ނުދެއްވަތެވެ. އަދި އެބޭފުޅާ ކިޔަވާ ވިދާޅުވިއެވެ: ”އެބައިމީހުން ބުންޏެވެ. އިބްރާހީމް އޭ ކިޔާ ޒުވާނަކު އެ އެއްޗިއްސަށް އައިބު ބަސް ބުނާއަޑު ތިމަންމެންއެހީމުއެވެ.“ ”މޫސާގެފާނު އެކަލޭގެފާނުގެ ޚާދިމު ޒުވާނާއަށް ވިދާޅުވި ހިނދު ހަނދުމަކުރާށެވެ!“ ”ހަމަކަށަވަރުން އެޒުވާނުންނީ އެޒުވާނުންގެ ރައްބަށް އީމާންވި ބަޔެކެވެ.“,
تفسير ابن كثير,1/208,قَالَ بَعْضُ السَّلَفِ: ‌إِذَا ‌سَمِعْتُ ‌الْمَثَلَ ‌فِي ‌الْقُرْآنِ ‌فَلَمْ ‌أَفْهَمْهُ بِكَيْتُ عَلَى نَفْسِي؛ لِأَنَّ اللَّهَ تَعَالَى يَقُولُ: {وَتِلْكَ الأمْثَالُ نَضْرِبُهَا لِلنَّاسِ وَمَا يَعْقِلُهَا إِلا الْعَالِمُونَ},ސަލަފުންގެ ބައެއް ބޭކަލުން ވިދާޅުވިއެވެ: ގުރްއާނުގައި (ޖެއްސެވޭ) މިސާލުތައް ތިމަންނައަށް އަޑުއިވޭ، ދެން ތިމަންނައަށް އެ ފަހުމް ނުވާނަމަ، ތިމަންނަގެ އަމިއްލަ ނަފްސުގެ މައްޗަށް ރޮމެވެ. އެހެނީ ހަމަކަށަވަރުން ﷲ ތަޢާލާ ވަހީ ކުރެއްވިއެވެ: ’އަދި އެ މިސާލުތައް ތިމަން އިލާހު މީސްތަކުންނަށް ޖައްސަވަމެވެ. އަދި (އިލްމު) ދަންނަ މީހުންނަށް މެނުވީ އެ މިސާލުތަކެއް ނުވިސްނެއެވެ.‘,
تفسير ابن كثير,2/122,كان أبو بكرٍ رضيَ اللهُ عنه إذا ذكر يومَ أُحُدٍ قال ذاك يومٌ كلُّه لطلحةَ,އުޙްދު ހަނގުރާމައިގެ ވާހަކަފުޅު ދައްކަވަމުން أبوبكر ގެފާނު ވިދާޅުވިއެވެ. މުޅިއެދުވަސްވަނީ طلحة ގެފާނަށެވެ.,
تفسير الطبري,2/527,إنَّ ناسًا من حِمْيَرَ أتَوْا رسولَ اللهِ صلَّى اللهُ عليه وسلَّمَ يَسأَلونَه عنِ النِّساءِ، فأنزَلَ اللهُ: {نِسَاؤُكُمْ حَرْثٌ لَكُمْ فَأْتُوا حَرْثَكُمْ أَنَّى شِئْتُمْ} [البقرة: 223]، فقال رسولُ اللهِ صلَّى اللهُ عليه وسلَّمَ: ائْتِها مُقبِلةً، ومُدبِرةً، إذا كان ذلك في الفَرْجِ.,ޔަހޫދީން ބުނެއުޅުނުކަމަށްވިއެވެ. ފިރިހެނާ އޭނާގެ އަނބިމީހާއާއި ޖިމާޢުވާއިރު، ފުރަގަހުން ގެނެސް ކުރިމަތިފަރާތަށް ޖިމާޢުވެއްޖެނަމަ، ލިބޭކުއްޖާގެ ލޯ (ޢައިބުވެ) އަވަރުވާނެއެވެ. ދެން މިއާޔަތް ބާވައިލައްވައިފިއެވެ. ” ތިޔަބައިމީހުންގެ އަނބިންނީ، ތިޔަބައިމީހުންނަށްވާ ދަނޑުބިމެކެވެ. ފަހެ ތިޔަބައިމީހުން ބޭނުންފަދައަކުން ތިޔަބައިމީހުންގެ ދަނޑުބިމަށް އަންނާށެވެ! (އެބަހީ: ނަސްލު އުފެދުމުގެ މަގު ޚިޔާރުކުރާށެވެ.) ” ދެން ރަސޫލާ صلى الله عليه و سلم ޙަދީޘްކުރެއްވިއެވެ. ” ފަރުޖަށްނަމަ، (އެބަހީ: ކުރިމަތި ފަރާތަށްނަމަ) ކުރިމަތިންވިޔަސް އަދި ފުރަގަހުންވިޔަސް ޖިމާޢުވެވިދާނެއެވެ. “,
جامع العلوم والحكم، ابن رجب,484,وقيل للحسن: إنَّ ناساً يقولون: من قال: لا إله إلا الله، دخل الجنَّة، فقال: من قال: لا إله إلا الله، ‌فأدَّى ‌حقَّها ‌وفرضها، ‌دخلَ ‌الجنَّةَ,ޙަސަން (އަލްބަޞްރީ)ގެ އަރިހު ދެންނެވުނެވެ: ހަމަކަށަވަރުން މީސްތަކުން ބުނެއެވެ: لاَ إِلَهَ إِلاَّ اللَّهُ ކިޔައިފި މީހާ ސުވަރުގެ ވަންނާނެއެވެ. ފަހެ އެކަލޭގެފާނު ވިދާޅުވިއެވެ: لاَ إِلَهَ إِلاَّ اللَّهُ ކިޔައި، އޭގެ ހައްގާއި ފަރުޟު އަދާކޮށްފި މީހާ، ސުވަރުގެ ވަންނާނެއެވެ.,
حصن المسلم، سعيد القحطاني,61,اللّهُـمَّ إِنِّـي أَسْأَلُـكَ الجَـنَّةَ وأََعوذُ بِـكَ مِـنَ الـنّار,އޭ ﷲ އެވެ. ހަމަކަށަވަރުން މި އަޅާ އިބަ އިލާހުގެ ހަޒްރަތުން ސުވަރުގެއަށް އެދި ދަންނަވަމެވެ. އަދި ނަރަކައިން ސަލާމަތްކޮށްދެއްވުން އެދި އިބަ އިލާހުގެ ހަޒްރަތުގައި މި އަޅާ ދަންނަވަމެވެ. ,
حصن المسلم، سعيد القحطاني,64,اللّهُـمَّ إِنِّـي أَسْأَلُـكَ بِأَنَّ لَكَ الْحَـمْدُ لا إِلـهَ إِلاّ أَنْـتَ وَحْـدَكَ لا شَـريكَ لَـكَ المَنّـانُ يا بَديـعَ السَّمواتِ وَالأَرْضِ يا ذا الجَلالِ وَالإِكْـرام يا حَـيُّ يا قَـيّومُ إِنِّـي أَسْأَلُـكَ الجَـنَّةَ وَأَعـوذُ بِـكَ مِنَ الـنّار,އޭ ﷲ އެވެ. ހަމްދު ވަނީ އިބަ އިލާހަށެވެ. ވީމާ މި އަޅާ އިބަ އިލާހަށް އެދި ދަންނަވަމެވެ. އިބަ އިލާހު ފިޔަވައި އަޅުކަންކުރުން ހައްގުވެގެންވާ އެހެން އިލާހަކު ނުވެއެވެ. އިބަ އިލާހީ އެއްކައުވަންތަ އިލާހެވެ. އިބަ އިލާހަށް ޝަރީކަކު ނުވެއެވެ. (އިބަ އިލާހީ) އަލްމައްނާނެވެ. (އެބަހީ: ނިއުމަތްތައް ދެއްވާ އިލާހެވެ.) އޭ އުޑުތަކާއި ބިން އުފެއްދެވި އިލާހެވެ. އޭ ޛުލް ޖަލާލި ވަލް އިކްރާމެވެ. (އެބަހީ: މަތިވެރިކަމާއި މާތްކަމުގެ ވެރި އިލާހެވެ.) އޭ އަލްޙައްޔުއެވެ. އޭ އަލްގައްޔޫމެވެ. (އެބަހީ: އަބަދަށް ދިރިދެމިވޮޑިގެންވާ، އަމިއްލަ ޒާތުގައި ގާއިމުވެވޮޑިގެންވާ އިލާހެވެ.) ހަމަކަށަވަރުން މި އަޅާ އިބަ އިލާހުގެ ހަޒްރަތުން ސުވަރުގެއަށް އެދި ދަންނަވަމެވެ. އަދި އިބަ އިލާހުގެ ހަޒްރަތުން މި އަޅާ ނަރަކައިން ރައްކާތެރިކޮށްދެއްވުން އެދެމެވެ.,
حلية الأولياء، أبو نعيم,105,حَدَّثَنَا أَحْمَدُ بْنُ إِسْحَاقَ، قَالَ: ثنا أَحْمَدُ بْنُ عَمْرٍو الْبَزَّارُ، ثنا إِسْحَاقُ بْنُ إِبْرَاهِيمَ الْبَغْدَادِيُّ، ثنا دَاوُدُ بْنُ عَبْدِ الْحَمِيدِ، ثنا عَمْرُو بْنُ قَيْسٍ، عَنْ عَطِيَّةَ، عَنْ أَبِي سَعِيدٍ، قَالَ: قَالَ رَسُولُ اللهِ صَلَّى اللهُ عَلَيْهِ وَسَلَّمَ: «‌نَضَّرَ ‌اللهُ ‌امْرَأً ‌سَمِعَ ‌مَقَالَتِي ‌فَوَعَاهَا فَبَلَّغَهَا ‌كَمَا ‌سَمِعَهَا» الْحَدِيثَ غَرِيبُ مِنْ حَدِيثِ عَمْرٍو تَفَرَّدَ بِهِ إِسْحَاقُ عَنْ دَاوُدَ,”ތިމަން ނަބިއްޔާގެ ބަސްފުޅު އަޑުއަހައި، އެ ރަނގަޅަށް ވިސްނި، ދެން އެ ބަސްފުޅު އަޑުއެހި ގޮތަށް (އެހެން މީހަކަށް) ފޯރުކޮށްދީފި މީހާގެ މޫނު ﷲ އުޖާލާ ކުރައްވާށިއެވެ.“,
رياض الصالحين، النووي,199,"عن أبي هريرة ، رضي الله عنه ، أن رسول الله ﷺ قال: “آية المنافق ثلاث: إذا حدث كذب، وإذا وعد أخلف، وإذا أؤتمن خان""",މުނާފިގުންގެ އަލާމާތްތައް ތިނެކެވެ. އޭނާ ވަހަކަ ދައްކައިފިނަމަ ދޮގު ހަދާނެއެވެ. އަދި ވަޢުދެއް ވެއްޖެނަމަ އެއާ ޚިލާފުވާނެއެވެ. އަދި އަމާނާތެއް ހަވާލުކުރެވިއްޖެނަމަ އެއަށް ޚިޔާނަތްތެރި ވާނެއެވެ.,
رياض الصالحين، النووي,626,"عَنْ أَبِي هُرَيْرَةَ، قَالَ سُئِلَ رَسُولُ اللَّهِ ﷺ عَنْ أَكْثَرِ مَا يُدْخِلُ النَّاسَ الْجَنَّةَ فَقَالَ "" تَقْوَى اللَّهِ وَحُسْنُ الْخُلُقِ "" . وَسُئِلَ عَنْ أَكْثَرِ مَا يُدْخِلُ النَّاسَ النَّارَ فَقَالَ "" الْفَمُ وَالْفَرْجُ "" .","އަބޫ ހުރައިރާ ރަޟިޔަﷲ ޢަންހުގެ ކިބައިން ރިވާވެގެންވެއެވެ. ރަސޫލުﷲ ﷺ އާ އެންމެ ގިނައިން ސުވަރުގެ ވައްދަވާ ކަމަކީ ކޮބައިތޯ ސުވާލު ދެންނެވުނެވެ. އެކަލޭގެފާނު ޙަދީޘްކުރެއްވިއެވެ. ""ﷲއަށް ތަގުވާވެރިވުމާއި އަދި ރިވެތި އަޚުލާގެވެ."" އަދި މީސްތަކުން އެންމެ ގިނައިން ނަރަކައަށް ވައްދަނީ ކޮންކަމަކާ ބެހޭގޮތުން ސުވާލުކުރެވުނެވެ. ޙަދީޘްކުރެއްވިއެވެ: ""އަނގަޔާއި(ދުލާއި) އަދި ލަދުވެތި ގުނަވަަނެވެ.""",
رياض الصالحين، النووي,1410,"عنه أن رسول الله ﷺ قال: ""من قال لا إله إلا الله وحده لا شريك له، له الملك، وله الحمد، وهو على كل شيء قدير، في يوم مائة مرة كانت له عدل عشر رقاب وكتبت له مائة حسنة، ومحيت عنه مائة سيئة، وكانت له حرزًا من الشيطان يومه ذلك حتى يمسي، ولم يأتِ أحد بأفضل مما جاء به إلا رجل عمل أكثر منه"" وقال: ""من قال سبحان الله وبحمده، في يوم مائة مرة حطت عنه خطاياه وإن كانت مثل زبد البحر"" ((متفق عليه)).",ރަސޫލާ ﷺ ޙަދީޘްކުރެއްވިއެވެ. ދުވާލަކު ސަތޭކަ ފަހަރު لَا إِله إِلَّا اللهُ وَحْدَهُ لَا شَرِيْكَ لَهُ لَهُ المُلْكُ وَلَهُ الحَمْدُ وَهُوَ عَلَى كُلِّ شَيْءٍ قَدِيرٌ . މިފަދައިން ކިޔައިފި މީހަކަށް ދިހަ އަޅުން މިނިވަންކުރުމާއި، ސަތޭކަ ހެޔޮކަން ލިޔުއްވޭނެތެވެ. އަދި ސަތޭކަ ފާފަ ފުއްސެވޭނެތެވެ. ހަވީރުވެއްޖެއެމަށް ދާދެން ޝައިޠާނާގެކިބައިން އޭނާއަށް ސަލާމަތްކަން ލިބޭނެތެވެ. އަދި އޭނާއަށްވުރެ ހެޔޮކަންބޮޑު ދަރުމަމަތިވެރި މީހަކު ނާންނާނެތެވެ. އޭނާއަށްވުރެ އިތުރަށްކިއި މީހަކު މެނުވީއެވެ.,
رياض الصالحين، النووي,1570,"«إيَّاكُمْ وَالظَّنَّ، فَإنَّ الظَّنَّ أَكْذَبُ الحَدِيثِ، ولا تحسَّسوا وَلاَ تَجَسَّسُوا وَلاَ تَنَافَسُوا ، وَلاَ تَحَاسَدُوا، وَلاَ تَبَاغَضُوا، وَلاَ تَدَابَرُوا، وَكُونُوا عِبَادَ اللهِ إخْوَانًا كَمَا أَمَرَكُمْ""","""ތިޔަބައިމީހުން ހީކުރުންތަކާއި ދުރުވާށެވެ. އެހެނީ ވާހަތަކުގެ ތެރެއިން އެންމެ ދޮގުވާހަކައަކީ ހީކުރުންތަކުގެ މައްޗަށް ބިނާކޮށްގެން ދައްކާ ވާހަކައެވެ. އަދި ތިޔަބައިމީހުން މީސްތަކުންގެ ކުށްހޯދައި ނޫޅޭށެވެ. އަދި ތިޔަބައިމީހުން މީހުންގެ ވާހަކަތައް ސިއްރުން ނާހާށެވެ. އަދި މޮޅުކަމާއި މުދާ ހަމައެކަނި ތިމާއަށް ލިބެން ނޭދޭށެވެ. އަދި ޙަސަދަވެރިނުވާށެވެ. އަދި ރުޅިވެރިނުވާށެވެ. އަދި އެކަކު އަނެކަކަށް ފުރަގަސްނުދޭށެވެ. ތިޔަބައިމީހުން، އަންގަވާފައިވާ ފަދައިން ﷲގެ އަޅުންތަކެއްގެގޮތުގައި އެއްބަނޑު އެއްބަފައި އަޚުންތަކެއް ފަދައިން ވާށެވެ.""",
سنن البيهقي,9620,(وَأَخْبَرَنَا) عَلِيُّ بْنُ أَحْمَدَ بْنِ عَبْدَانَ، أَنْبَأَ سُلَيْمَانُ بْنُ أَحْمَدَ بْنِ أَيُّوبَ، ثَنَا عَلِيُّ بْنُ عَبْدِ الْعَزِيزِ، ثَنَا أَبُو نُعَيْمٍ قَالَ: وَحَدَّثَنَا حَفْصٌ، ثَنَا قَبِيصَةُ قَالَ: وَحَدَّثَنَا يُوسُفُ الْقَاضِي، وَمُعَاذُ بْنُ الْمُثَنَّى قَالَا: ثَنَا ابْنُ كَثِيرٍ قَالُوا: ثَنَا سُفْيَانُ، عَنْ أَبِي الزُّبَيْرِ، عَنْ جَابِرٍ قَالَ: أَفَاضَ رَسُولُ اللهِ - ﷺ - وَعَلَيْهِ السَّكِينَةُ، وَأَمَرَهُمْ بِالسَّكِينَةِ، وَأَوْضَعَ فِي وَادِي مُحَسِّرٍ، وَأَمَرَهُمْ أَنْ يَرْمُوا الْجِمَارَ مِثْلَ حَصَى الْخَذْفِ، وَقَالَ: خُذُوا عَنِّي مَنَاسِكَكُمْ؛ لَعَلِّي لَا أَرَاكُمْ بَعْدَ عَامِي هَذَا.,ޖާބިރު ބިން ޢަބްދު ﷲ ރިވާ ކުރެއްވިއެވެ: ރަސޫލު ﷲ ﷺމުޒްދަލިފާއިން ވަޑައިގަތީ މަޑުމޮޅިކަމާ އެކުގައެވެ. އަދި މީސްތަކުންނަށް އަމުރު ކުރެއްވީ މަޑުމޮޅިކަމާއެކު އުޅުމަށެވެ. ދެން މުޙައްސިރު ވާދީއަށް (ވަނުމަށް ފަހު) އެ ނަބިއްޔާގެ ޖަމަލުކޮޅު އަވަސް ކުރެއްވިއެވެ. އަދި މީސްތަކުންނަށް އަމުރު ކުރެއްވީ ޖަމަރާތަކަށް ކުދި ހިލަތަކުން އުކުމަށެވެ. އަދި ނަބިއްޔާ ޙަދީޘް ކުރެއްވިއެވެ: ”ޙައްޖުގެ އަޅުކަން އަދާކުރަންވީ ގޮތްތަށް ތިމަން ނަބިއްޔާގެ ކިބައިން ތިޔަބައިމީހުންގެ ނަގާށެވެ. ތިމަން ނަބިއްޔާގެ މި އަހަރަށް ފަހު، ތިމަން ނަބިއްޔާ ތިޔަބައިމީހުން ނުފެނިދާނެއެވެ.“,
سنن البيهقي,21201,(أَخْبَرَنَا) أَبُو الْحَسَنِ: عَلِيُّ بْنُ أَحْمَدَ بْنِ عَبْدَانَ، أَنْبَأَ أَحْمَدُ بْنُ عُبَيْدٍ الصَّفَّارُ، ثَنَا جَعْفَرُ بْنُ مُحَمَّدٍ الْفِرْيَابِيُّ، ثَنَا الْحَسَنُ بْنُ سَهْلٍ، ثَنَا عَبْدُ اللهِ بْنُ إِدْرِيسَ، ثَنَا ابْنُ جُرَيْجٍ وَعُثْمَانُ بْنُ الْأَسْوَدِ عَنِ ابْنِ أَبِي مُلَيْكَةَ قَالَ: كُنْتُ قَاضِيًا لِابْنِ الزُّبَيْرِ عَلَى الطَّائِفِ فَذَكَرَ قِصَّةَ الْمَرْأَتَيْنِ قَالَ فَكَتَبْتُ إِلَى ابْنِ عَبَّاسٍ فَكَتَبَ ابْنُ عَبَّاسٍ رَضِيَ اللهُ عَنْهُمَا إِنَّ رَسُولَ اللهِ - ﷺ - قَالَ: لَوْ يُعْطَى النَّاسُ بِدَعْوَاهُمْ لَادَّعَى رِجَالٌ أَمْوَالَ قَوْمٍ وَدِمَاءَهُمْ وَلَكِنَّ الْبَيِّنَةَ عَلَى الْمُدَّعِي وَالْيَمِينَ عَلَى مَنْ أَنْكَرَ. وَذَكَرَ الْحَدِيثَ.,އިބްނު ޢައްބާސް رَضِيَ اللَّهُ عَنْهُمَا ރިވާ ކުރެއްވިއެވެ: ހަމަކަށަވަރުން ރަސޫލު ﷲ ﷺ ޙަދީޘް ކުރެއްވިއެވެ: ”ހަމައެކަނި މީސްތަކުން ކޮށްލާ ދަޢުވާއަކުން، (ޝަރީޢަތުން) އެބައިމީހުންނަށް ކަންކަން ނިންމައިދެވޭ ނަމަ، (ﷲ އަށް ބިރުވެތި ނުވާ) މީހުން، އެހެން މީހުންގެ މުދަލާއި (މަރުގެ) ދިޔައަށް ދަޢުވާ ކުރީސްކަން ކަށަވަރެވެ. އެހެނެއްކަމަކު، ދަޢުވާ ކުރާ މީހާގެ މައްޗަށް ވަނީ (ދަޢުވާގެ ތެދުކަން ސާބިތު ކުރުމަށް) ހެކި ހުށަހެޅުމެވެ. އަދި (ދަޢުވާ ލިބި، އެއަށް) އިންކާރު ކުރާ މީހާގެ މައްޗަށް ވަނީ (އެ ދަޢުވާގެ ދޮގުކަން ބަޔާންކޮށް، ﷲ ގަންދީ) ހުވާ ކުރުމެވެ.“ (އެބަހީ: މީހެއްގެ މައްޗަށް ކުރެވޭ ދަޢުވާ ސާބިތު ކުރެވިއްޖައުމަށް ދާންދެން، އޭނާ ވާނީ އެ ކަމަކުން ބަރީއަ ވެގެންނެވެ.),
سنن البيهقي,21201,(أَخْبَرَنَا) أَبُو الْحَسَنِ: عَلِيُّ بْنُ أَحْمَدَ بْنِ عَبْدَانَ، أَنْبَأَ أَحْمَدُ بْنُ عُبَيْدٍ الصَّفَّارُ، ثَنَا جَعْفَرُ بْنُ مُحَمَّدٍ الْفِرْيَابِيُّ، ثَنَا الْحَسَنُ بْنُ سَهْلٍ، ثَنَا عَبْدُ اللهِ بْنُ إِدْرِيسَ، ثَنَا ابْنُ جُرَيْجٍ وَعُثْمَانُ بْنُ الْأَسْوَدِ عَنِ ابْنِ أَبِي مُلَيْكَةَ قَالَ: كُنْتُ قَاضِيًا لِابْنِ الزُّبَيْرِ عَلَى الطَّائِفِ فَذَكَرَ قِصَّةَ الْمَرْأَتَيْنِ قَالَ فَكَتَبْتُ إِلَى ابْنِ عَبَّاسٍ فَكَتَبَ ابْنُ عَبَّاسٍ رَضِيَ اللهُ عَنْهُمَا إِنَّ رَسُولَ اللهِ - ﷺ - قَالَ: لَوْ يُعْطَى النَّاسُ بِدَعْوَاهُمْ لَادَّعَى رِجَالٌ أَمْوَالَ قَوْمٍ وَدِمَاءَهُمْ وَلَكِنَّ الْبَيِّنَةَ عَلَى الْمُدَّعِي وَالْيَمِينَ عَلَى مَنْ أَنْكَرَ. وَذَكَرَ الْحَدِيثَ.,އިބްނު ޢައްބާސް رَضِيَ اللَّهُ عَنْهُمَا ރިވާ ކުރެއްވިއެވެ: ހަމަކަށަވަރުން ރަސޫލު ﷲ ﷺ ޙަދީޘް ކުރެއްވިއެވެ: ”ހަމައެކަނި މީސްތަކުން ކޮށްލާ ދަޢުވާއަކުން، (ޝަރީޢަތުން) އެބައިމީހުންނަށް ކަންކަން ނިންމައިދެވޭ ނަމަ، (ﷲ އަށް ބިރުވެތި ނުވާ) މީހުން، އެހެން މީހުންގެ މުދަލާއި (މަރުގެ) ދިޔައަށް ދަޢުވާ ކުރީސްކަން ކަށަވަރެވެ. އެހެނެއްކަމަކު، ދަޢުވާ ކުރާ މީހާގެ މައްޗަށް ވަނީ (ދަޢުވާގެ ތެދުކަން ސާބިތު ކުރުމަށް) ހެކި ހުށަހެޅުމެވެ. އަދި (ދަޢުވާ ލިބި، އެއަށް) އިންކާރު ކުރާ މީހާގެ މައްޗަށް ވަނީ (އެ ދަޢުވާގެ ދޮގުކަން ބަޔާންކޮށް، ﷲ ގަންދީ) ހުވާ ކުރުމެވެ.“ (އެބަހީ: މީހެއްގެ މައްޗަށް ކުރެވޭ ދަޢުވާ ސާބިތު ކުރެވިއްޖައުމަށް ދާންދެން، އޭނާ ވާނީ އެ ކަމަކުން ބަރީއަ ވެގެންނެވެ.),
سنن الدارقطني,1068,"حَدَّثَنَا عُمَرُ بْنُ أَحْمَدَ بْنِ عَلِيٍّ الْقَطَّانُ ، حَدَّثَنَا مُحَمَّدُ بْنُ الْوَلِيدِ ، حَدَّثَنَا عَبْدُ الْوَهَّابِ ، حَدَّثَنَا أَيُّوبُ ، عَنْ أَبِي قِلَابَةَ ، حَدَّثَنَا مَالِكُ بْنُ الْحُوَيْرِثِ ، عَنِ النَّبِيِّ - صَلَّى اللهُ عَلَيْهِ وَسَلَّمَ - نَحْوَهُ ، وَقَالَ فِيهِ أَيْضًا : "" صَلُّوا كَمَا رَأَيْتُمُونِي أُصَلِّي .",حَدِيثކުރެއްވިއެވެ. صَلُّوا كَمَا رَأَيْتُمُونِيْ أُصَلِّيْ މާނައަކީ،ތިމަންކަލޭގެފާނު ނަމާދުކުރައްވާތަން ތިޔަބާއިމީހުން ދުށްގޮތަށް ނަމާދުކުރާށެވެ!,
سنن الدارقطني,3286,"""أَنَّ رَسُولَ اللَّهِ صَلَّى اللهُ عَلَيْهِ وَسَلَّمَ «فَرَضَ عَلَى كُلِّ مُسْلِمٍ قَتَلَ رَجُلًا مِنْ أَهْلِ الْكِتَابِ أَرْبَعَةَ آلَافِ دِرْهَمٍ»""","""އަހުލުކަތާބީންގެ ތެރެއިން މީހަކު ގަތުލުކުރާ ކޮންމެ މުސްލިމެއްގެ މައްޗަށް 4000 ދިރުހަމް އަދާކުރުމަށް ކީރިތި ރަސޫލާ ޞައްލަﷲ ޢަލައިހި ވަސައްލަމަ ލާޒިމުކުރެއްވިއެވެ.""",
سنن الدارقطني,4396,حَدَّثَنَا الْقَاسِمُ بْنُ إِسْمَاعِيلَ، حَدَّثَنَا يَعْقُوبُ بْنُ إِبْرَاهِيمَ وَمُحَمَّدُ بْنُ حَسَّانَ الْأَزْرَقُ قَالَا: حَدَّثَنَا إِسْحَاقُ الْأَزْرَقُ، حَدَّثَنَا دَاوُدُ بْنُ أَبِي هِنْدٍ، عَنْ مَكْحُولٍ، عَنْ أَبِي ثَعْلَبَةَ الْخُشَنِيِّ قَالَ: قَالَ رَسُولُ اللهِ - ﷺ -: إِنَّ اللهَ تَعَالَى فَرَضَ فَرَائِضَ فَلَا تُضَيِّعُوهَا، وَحَرَّمَ حُرُمَاتٍ فَلَا تَنْتَهِكُوهَا، وَحَدَّ حُدُودًا فَلَا تَعْتَدُوهَا، وَسَكَتَ عَنْ أَشْيَاءَ مِنْ غَيْرِ نِسْيَانٍ فَلَا تَبْحَثُوا عَنْهَا.,އަބޫ ޘަޢުލަބާ އަލްޚުޝަނީ ރިވާ ކުރެއްވިއެވެ: ރަސޫލު ﷲ ﷺ ޙަދީޘް ކުރެއްވިއެވެ: ”ހަމަކަށަވަރުން ﷲ ތަޢާލާ ވަނީ ފަރުޟު ކަންތައްތަކެއް ކަނޑައަޅުއްވާފައެވެ. ވީމާ ތިޔަބައިމީހުން އެ ކަންތައްތަކަށް (އިހުމާލުވެ) ދޫކޮށް ނުލާށެވެ. އަދި އެ އިލާހު ކަންތައްތަކެއް ޙަރާމް ކުރެއްވިއެވެ. ވީމާ ތިޔަބައިމީހުން އެ ކަންތައްތަކަށް އަރައިނުގަންނާށެވެ. އަދި އެ އިލާހު (އިންތަކަކާއި) ޙައްދުތަކެއް ކަނޑައެޅުއްވިއެވެ. ވީމާ ތިޔަބައިމީހުން އެ ޙައްދުތައް ފަހަނަޅައި ނުދާށެވެ. އަދި އެ އިލާހު (ބައެއް) ކަންތައްތަކާ މެދު ސުކޫތުވެވޮޑިގަތެވެ. (އެބަހީ: ވަކި ގޮތެއް ކަނޑަނާޅުއްވައި ދޫކޮށްލެއްވިއެވެ.) އެއީ ހަނދުމަނެތިވެވޮޑިގެނެއް ނޫނެވެ. ވީމާ ތިޔަބައިމީހުން އެ ކަންތައްތައް ހޯދަން ނޫޅޭށެވެ.“,
سنن الدارقطني,4396,"حَدَّثَنَا الْقَاسِمُ بْنُ إِسْمَاعِيلَ، حَدَّثَنَا يَعْقُوبُ بْنُ إِبْرَاهِيمَ وَمُحَمَّدُ بْنُ حَسَّانَ الْأَزْرَقُ قَالَا: حَدَّثَنَا إِسْحَاقُ الْأَزْرَقُ، حَدَّثَنَا دَاوُدُ بْنُ أَبِي هِنْدٍ، عَنْ مَكْحُولٍ، عَنْ أَبِي ثَعْلَبَةَ الْخُشَنِيِّ قَالَ: قَالَ رَسُولُ اللهِ - ﷺ -: "" إِنَّ اللهَ تَعَالَى فَرَضَ فَرَائِضَ فَلَا تُضَيِّعُوهَا، وَحَرَّمَ حُرُمَاتٍ فَلَا تَنْتَهِكُوهَا، وَحَدَّ حُدُودًا فَلَا تَعْتَدُوهَا، وَسَكَتَ عَنْ أَشْيَاءَ مِنْ غَيْرِ نِسْيَانٍ فَلَا تَبْحَثُوا عَنْهَا.",އަބޫ ޘަޢުލަބާ އަލްޚުޝަނީ ރިވާ ކުރެއްވިއެވެ: ރަސޫލު ﷲ ﷺ ޙަދީޘް ކުރެއްވިއެވެ: ”ހަމަކަށަވަރުން ﷲ ތަޢާލާ ވަނީ ފަރުޟު ކަންތައްތަކެއް ކަނޑައަޅުއްވާފައެވެ. ވީމާ ތިޔަބައިމީހުން އެ ކަންތައްތަކަށް (އިހުމާލުވެ) ދޫކޮށް ނުލާށެވެ. އަދި އެ އިލާހު ކަންތައްތަކެއް ޙަރާމް ކުރެއްވިއެވެ. ވީމާ ތިޔަބައިމީހުން އެ ކަންތައްތަކަށް އަރައިނުގަންނާށެވެ. އަދި އެ އިލާހު (އިންތަކަކާއި) ޙައްދުތަކެއް ކަނޑައެޅުއްވިއެވެ. ވީމާ ތިޔަބައިމީހުން އެ ޙައްދުތައް ފަހަނަޅައި ނުދާށެވެ. އަދި އެ އިލާހު (ބައެއް) ކަންތައްތަކާ މެދު ސުކޫތުވެވޮޑިގަތެވެ. (އެބަހީ: ވަކި ގޮތެއް ކަނޑަނާޅުއްވައި ދޫކޮށްލެއްވިއެވެ.) އެއީ ހަނދުމަނެތިވެވޮޑިގެނެއް ނޫނެވެ. ވީމާ ތިޔަބައިމީހުން އެ ކަންތައްތައް ހޯދަން ނޫޅޭށެވެ.“,
سير أعلام النبلاء، الذهبي,14/392,المُتَّبِعُ السُّنَّةَ، كَالقَابِضِ عَلَى الجَمْرِ، هُوَ اليَوْمَ عِنْدِي أَفْضَلُ مِنْ ضَرْبِ السَّيْفِ فِي سَبِيْلِ اللهِ,އިމާމް އަބޫ ޢުބައިދު އަލްޤާސިމު ބްނު ސައްލާމް ވިދާޅުވިއެވެ: ސުންނަތަށް ތަބަޢަވާމީހާ، އަނގުރުއަލިފާނުގައި މުށްކަވައި ހިފަހައްޓައިގެން ހުންނަ މީހާފަދައެވެ. ﷲ ގެ މަގުގައި ކަނޑިންޖެހޭ އެތިފަހަރަށްވުރެ މިއަދު އަހުރެންގެ ގާތުގައި އެކަންތައް މާ މާތްވެގެންވެއެވެ.,
شرح الخرشي,1/35,مِمَّا نُقِلَ عَنْ الْإِمَامِ (مالك) أَنَّهُ أَوْصَى الشَّافِعِيَّ عِنْدَ فِرَاقِهِ لَهُ فَقَالَ لَهُ ‌لَا ‌تَسْكُنْ ‌الرِّيفَ يَذْهَبْ عِلْمُك وَاكْتَسِبْ الدِّرْهَمَ لَا تَكُنْ عَالَةً عَلَى النَّاسِ وَاِتَّخِذْ لَك ذَا جَاهٍ ظَهْرًا لِئَلَّا تَسْتَخِفَّ بِك الْعَامَّةُ وَلَا تَدْخُلْ عَلَى ذِي سَلْطَنَةٍ إلَّا وَعِنْدَهُ مَنْ يَعْرِفُك وَإِذَا جَلَسَتْ عِنْدَ كَبِيرٍ فَلْيَكُنْ بَيْنَك وَبَيْنَهُ فُسْحَةٌ لِئَلَّا يَأْتِيَ إلَيْهِ مَنْ هُوَ أَقْرَبُ مِنْك فَيُدْنِيَهُ وَيُبْعِدَك فَيَحْصُلَ فِي نَفْسِك شَيْءٌ.,އިމާމު މާލިކު، އިމާމު ޝާފިޢީއަށް ވަސިއްޔަތް ކުރެއްވިއެވެ: ރަށްފުށުގައި ދިރިނޫޅޭށެވެ. އެ ހިނދު ތިބާގެ އިލްމު ގެއްލެނިވެގެން ގޮސްދާނެއެވެ. އަދި ދިރުހުމް ހޯދަން މަސައްކަތް ކުރާށެވެ. އަދި (ސަލާން ޖެހުމައިގެން) މީސްތަކުންގެ މައްޗަށްވާ ބުރައަކަށް ނުވާށެވެ. އަދި ޖާހު ހުރި މީހަކު އެހީތެރިއެއްގެ ގޮތުގައި ނަގާށެވެ. އެއީ އާންމު މީސްތަކުން ތިބާ ކުޑައިމީސް ނުކުރުމަށެވެ. އަދި ވެރިއެއްގެ ގާތުގައި ތިބާ ދަންނަ މީހަކުވާ ހާލު މެނުވީ، އޭނާގެ ގާތަށް ތިބާ ނުވަންނާށެވެ. އަދި ބޮޑު މީހަކާއެކު ތިބާ އިށީންނަ ނަމަ، އޭނާއާ ތިބާއާ މެދުގައި ހުސް ޖާގައެއް ބަހައްޓާށެވެ. އެއީ ތިބާއަށް ވުރެ ގާތް މީހަކު އޭނާ ގާތަށް އައުމުން، އޭނާ އެ މީހާ ގާތްކޮށް، ތިބާ ދުރުކޮށްގެން، ތިބާގެ ހިތުގައި އެއްޗެއް ހީވެދާނެތީއެވެ.,
شرح كتاب الشهاب،عبد القادر بدران,514,إنَّ رُوحَ القُدُسِ نَفَثَ فِي رُوعِي ، أنَّ نَفْسًا لَنْ تَمُوْتَ حَتَّى تَسْتَكْمِلَ أَجَلَهَا ، وَتَسْتَوْعِبَ رِزْقَهَا ، فاتَّقُوْا اللهَ ، وَأَجْمِلُوْا فِي الطَّلَبِ,"""ރޫޙުލްގުދުސް(އެބަހީ ޖިބްރީލްގެފާނު) ތިމަންކަލޭގެފާނުގެ ހިތްޕުޅަށް ވައްދަވައި އެންގެވި ގޮތުގައި، އެއްވެސް ނަފްސެއްގެ އަޖަލާއި ރިޒްގު ފުރިހަމަކޮށްފުމަށް ދާންދެން އެ ނަފްސެއް މަރުނުވާ ހުއްޓެވެ. ފަހެ، ތިޔަބައިމީހުން މާތް ﷲގެ ހަޒްރަތަށް ތަގްވާވެރިވާށެވެ. އަދި ރިޒުގު ހޯދުމުގައި ރިވެތިވެގެންވާ މަގުތަށް ޚިޔާރުކުރާށެވެ. އަދި އަދަބުވެރިކަމާއިއެކު ރަނގަޅުގޮތުގައި ކަންކަމަށް އެދި ދުއާކުރާށެވެ.""",
شعب الإيمان، البيهقي,2370,""" فَاتِحَةُ الْكِتَابِ شِفَاءٌ مِنْ كُلِّ دَاءٍ ""","""ފާތިޙާ ސޫރަތަކީ ކޮންމެ ބައްޔަކަށް ހުރި ފަރުވާއެކެވެ.""",
شعب الإيمان، البيهقي,5137,يَا أَيُّهَا النَّاسُ أَلَا إِنَّ رَبَّكُمْ وَاحِدٌ وَإِنَّ أَبَاكُمْ وَاحِدٌ ، أَلَا لَا فَضْلَ لِعَرَبِيٍّ عَلَى أَعْجَمِيٍّ وَلَا لِعَجَمِيٍّ عَلَى عَرَبِيٍّ وَلَا لِأَحْمَرَ عَلَى أَسْوَدَ وَلَا أَسْوَدَ عَلَى أَحْمَرَ إِلَّا بِالتَّقْوَى,"""އޭ މީސްތަކުންނޭވެ. ތިޔަބައިމީހުންގެ ކަލާނގެއީ އެއްކައުވަންތަ ކަލާނގެއެވެ. ތިޔަބައިމީހުން އެންމެންގެ ބައްޕައަކީ އެކެކެވެ. ތިޔަބައިމީހުން އެންމެންނީ އާދަމްގެ ދަރިންނެވެ. އަދި އާދަމްގެފާނު ހައްދަވާފައިވަނީ މަށީންނެވެ. ހަމަކަށަވަރުން ﷲގެ ހަޒްރަތުގައި ތިޔަބައިމީހުންކުރެ އެންމެ މާތްކަން ބޮޑީ ތިޔަބައިމީހުންކުރެ އެންމެ ތަގުވާވެރި މީހާއެވެ. އަރަތްބަކަށް އަޖަމީއެއްގެ މައްޗަކަށް އަދި އަޖަމީއަކަށް އަރަތްބެއްގެ މައްޗަކަށް އަދި ކަޅުމީހަކަށް ދޮންމީހެއްގެ މައްޗަކަށް އަދި ދޮންމީހަކަށް ކަޅުމީހެއްގެ މައްޗަކަށް ތަގުވާވެރިކަމުން މެނުވީ މަތިވެރިކަމެއް ލިބިގެނެއް ނުވެއެވެ.""",
شمائل المحمدية، الترمذي,1,وَلاَ بِالْجَعْدِ الْقَطَطِ,އެކަލޭގެފާނުގެ އިސްތަށިފުޅު ބޮލެވެ. އެ އިސްތަށިފުޅު ބުޅިއެއްވެސް ފފަނެއްވެސް ނޫނެވެ.,
شمائل المحمدية، الترمذي,1,وَلاَ بِالأَبْيَضِ الأَمْهَقِ، وَلاَ بِالآدَمِ,އެކަލޭގެފާނުގެ ހަށިކޮލު ހުންނެވީ ފިޔާތޮށިކުލައަކަށް ދާ ކުލައެއްގައެވެ. ހަށިކޮޅުގެ ކުލަ އެހާ ދޮނެއް ވެސް އަދި ކަޅެއް ވެސް ނޫނެވެ.,
شمائل المحمدية، الترمذي,4,بَعِيدُ مَا بَيْنَ الْمَنْكِبَيْ,އެކަލޭގެފާނުގެ ބައިމަތިފުޅު ފުޅަލެވެ.,
شمائل المحمدية، الترمذي,7,أَدْعَجُ الْعَيْنَيْنِ، أَهْدَبُ الأَشْفَارِ,އެކަލޭގެފާނުގެ ކަޅީގެ ކަޅު ކުލަކަން ގަދައެވެ. އަދި އެސްފިޔަފުޅުތައް ދިގެވެ.,
شمائل المحمدية، الترمذي,8,وَاسِعُ الْجَبِينِ، أَزَجُّ الْحَوَاجِبِ، سَوَابِغَ فِي غَيْرِ قَرَنٍ,އެކަލޭގެފާނުގެ ނިއްކުރިފުޅު ފުޅަލެވެ. އެކަލޭގެފާނުގެ ބުމަފުޅު ސާދާވެފައި ބޮލެވެ. އަދި ދެ ބުމަ ދޭތެރެވަނީ ހުސްކޮށެވެ.,
شمائل المحمدية، الترمذي,8,كَثُّ اللِّحْيَةِ,އެކަލޭގެފާނުގެ ތުނބުޅިފުޅު ބޮލެވެ.,
شمائل المحمدية، الترمذي,27,كَانَ يَبْلُغُ شَعَرُهُ شَحْمَةَ أُذُنَيْهِ,އެކަލޭގެފާނުގެ އިސްތަށިފުޅު ކަންފަތުގެ ފޫޅާ ހަމައަށް އަދި ކޮނޑުފުޅާ ހަމައަށް ހުންނަކަމުގައި ވެއެވެ.,
شمائل المحمدية، الترمذي,352,هَذَا الْحَدِيثُ دِينٌ فَانْظُرُوا عَمَّنْ تَأْخُذُونَ دِيْنَكُم,ޙަދީޘަކީ ދީނުގެ ތެރެއިންވާ އެއްޗެކެވެ. ފަހެ ތިޔަބައިމީހުންގެ ދީން ނަގަނީ ކޮންފަރާތަކުންކަން ބަލާށެެވެ.,
شمائل المحمدية، الترمذي,4820,كان ضخمَ الهامَةِ ، عظيمَ اللِّحيةِ,ރަސޫލުﷲ ޞައްލަﷲގެ އިސްތަށިފުޅު ބޮޑުކަމުގައި ވިއެވެ. އެކަލޭގެފާނުގެ ތުނބުޅިފުޅުވެސް ބޮޑެވެ.,
صحيح ابن حبان,158,أَخْبَرَنَا عَبْدُ اللهِ بْنُ مُحَمَّدٍ الْأَزْدِيُّ، حَدَّثَنَا إِسْحَاقُ بْنُ إِبْرَاهِيمَ الْحَنْظَلِيُّ، أَخْبَرَنَا وَكِيعٌ، عَنْ حَنْظَلَةَ بْنِ أَبِي سُفْيَانَ، سَمِعْتُ عِكْرِمَةَ بْنَ خَالِدٍ يُحَدِّثُ طَاوُسًا، أَنَّ رَجُلًا قَالَ لِابْنِ عُمَرَ: أَلَا تَغْزُو؟ فَقَالَ عَبْدُ اللهِ بْنُ عُمَرَ: إِنِّي سَمِعْتُ رَسُولَ اللهِ ﷺ، يَقُولُ: بُنِيَ الْإِسْلَامُ عَلَى خَمْسٍ: شَهَادَةِ أَنْ لَا إِلَهَ إِلَّا اللهُ، وَإِقَامِ الصَّلَاةِ، وَإِيتَاءِ الزَّكَاةِ، وَصِيَامِ رَمَضَانَ، وَحَجِّ الْبَيْتِ. قَالَ أَبُو حَاتِمٍ: هَذَانِ خَبَرَانِ خَرَجَ خِطَابُهُمَا عَلَى حَسَبِ الْحَالِ، لِأَنَّهُ ﷺ ذَكَرَ الْإِيمَانَ، ثُمَّ عَدَّهُ أَرْبَعَ خِصَالٍ، ثُمَّ ذَكَرَ الْإِسْلَامَ وَعَدَّهُ خَمْسَ خِصَالٍ، وَهَذَا مَا نَقُولُ فِي كُتُبِنَا: بِأَنَّ الْعَرَبَ تَذْكُرُ الشَّيْءَ فِي لُغَتِهَا بِعَدَدٍ مَعْلُومٍ، وَلَا تُرِيدُ بِذِكْرِهَا ذَلِكَ الْعَدَدَ نَفْيًا عَمَّا وَرَاءَهُ، وَلَمْ يُرِدْ بِقَوْلِهِ ﷺ: إِنَّ الْإِيمَانَ لَا يَكُونُ إِلَّا مَا عُدَّ فِي خَبَرِ ابْنِ عَبَّاسٍ، لِأَنَّهُ ذَكَرَ ﷺ فِي غَيْرِ خَبَرٍ أَشْيَاءَ كَثِيرَةً مِنَ الْإِيمَانِ لَيْسَتْ فِي خَبَرِ ابْنِ عُمَرَ، وَلَا ابْنِ عَبَّاسٍ اللَّذَيْنِ ذَكَرْنَاهُمَا.,ޢަބްދު ﷲ ބިން ޢުމަރަށް މީހަކު ދެންނެވިއެވެ: ތިބާ (ﷲ ގެ މަގުގައި ޖިހާދު ކުރުމަށް) ޣަޒްވާއަކަށް ނުނިކުންނަމުތޯއެވެ؟ ޢަބްދު ﷲ ބިން ޢުމަރު ވިދާޅުވިއެވެ: ހަމަކަށަވަރުން ރަސޫލު ﷲ ﷺ ޙަދީޘް ކުރައްވަނިކޮށް ތިމަން އަޑު އެހީމެވެ: ”އިސްލާމް (ދީން) ބިނާވެގެން ވަނީ ފަސް ކަމެއްގެ މައްޗަށެވެ. އެއީ ﷲ ފިޔަވައި އެހެން އެއްވެސް އިލާހަކު ނުވާކަމަށް ހެކިވުމާއި، ނަމާދު ގާއިމު ކުރުމާއި، (މުދަލު) ޒަކާތް ދިނުމާއި، ރަމަޟާން މަހުގެ ރޯދަ ހިފުމާއި، ގެފުޅަށް ގޮސް ޙައްޖުވުމެވެ.“,b8
صحيح ابن حبان,232,""" رَحِمَ اللهُ مَنْ سَمِعَ مِنِّي حَدِيثًا فَبَلَّغَهُ كَمَا سَمِعَهُ ..""","""އަހުރެންގެ ބަސްފުޅު އަޑުއެހުމަށްފަހު އެ އަޑު އެހިފަދައިން އެހެން މީހަކަށް އެބަސްފުޅު ފޯރުކޮށްދީފި މީހާއަށް މާތް ﷲ ރަޙުމަތް ލައްވާށިއެވެ....""",
صحيح ابن حبان,388,"أَخْبَرَنَا عَلِيُّ بْنُ مُحَمَّدٍ الْقَبَّانِيُّ حَدَّثَنَا عَبْدُ اللهِ بْنُ هَاشِمٍ الطُّوسِيُّ حَدَّثَنَا يَحْيَى بْنُ سَعِيدٍ الْقَطَّانُ عَنْ يَحْيَى بْنِ سَعِيدٍ الْأَنْصَارِيِّ عَنْ مُحَمَّدِ بْنِ إِبْرَاهِيمَ التَّيْمِيِّ عَنْ عَلْقَمَةَ بْنِ وَقَّاصٍ عَنْ عُمَرَ بْنِ الْخَطَّابِ - رَضِيَ اللهُ عَنْهُ - قَالَ: قَالَ رَسُولُ اللهِ - ﷺ -: الْأَعْمَالُ بِالنِّيَّاتِ، وَلِكُلِّ امْرِئٍ مَا نَوَى، فَمَنْ كَانَتْ هِجْرَتُهُ إِلَى اللهِ وَرَسُولِهِ، فَهِجْرَتُهُ إِلَى اللهِ وَرَسُولِهِ، وَمَنْ كَانَتْ هِجْرَتُهُ إِلَى دُنْيَا يُصِيبُهَا، أَوِ امْرَأَةٍ يَتَزَوَّجُهَا، فَهِجْرَتُهُ إِلَى مَا هَاجَرَ إِلَيْهِ "".",ޢުމަރު ބިން އަލްޚައްޠާބު رَضِيَ اللَّهُ عَنْهُ ރިވާ ކުރެއްވިއެވެ: ރަސޫލު ﷲ ﷺ ޙަދީޘް ކުރެއްވިއެވެ: ”އަމަލުތައް ބިނާ ވަނީ ނިޔަތްތަކުގެ މައްޗަށެވެ. އަދި ކޮންމެ މީހަކަށް ވަނީ، އެ މީހަކު ނިޔަތް ގަތް ކަމެކެވެ. ވީމާ، މީހަކު ހިޖުރަ ކުރީ ﷲ އާއި އެ އިލާހުގެ ރަސޫލާއަށްޓަކައި ނަމަ، ފަހެ އޭނާގެ ހިޖުރަ ވަނީ ﷲ އާއި އެ އިލާހުގެ ރަސޫލާއަށެވެ. އަދި މީހަކު ހިޖުރަ ކުރީ ދުނިޔެ ހޯދުމަށް ނުވަތަ އަންހެނަކާ އިނުމަށް ކަމުގައި ވަނީ ނަމަ، ފަހެ އެ މީހެއްގެ ހިޖުރަ ވަނީ، އޭނާ އެ ހިޖުރަ ކުރި ކަމަކަށެވެ.“,b1
صحيح ابن حبان,389,"أَخْبَرَنَا عُمَرُ بْنُ سَعِيدِ بْنِ سِنَانٍ قَالَ: حَدَّثَنَا أَبِي قَالَ: حَدَّثَنَا عِيسَى بْنُ يُونُسَ عَنْ يَحْيَى بْنِ سَعِيدٍ الْأَنْصَارِيِّ عَنْ مُحَمَّدِ بْنِ إِبْرَاهِيمَ التَّيْمِيِّ عَنْ عَلْقَمَةَ بْنِ وَقَّاصٍ اللَّيْثِيِّ عَنْ عُمَرَ بْنِ الْخَطَّابِ، قَالَ: قَالَ رَسُولُ اللهِ - ﷺ -: الْأَعْمَالُ بِالنِّيَّةِ، وَلِكُلِّ امْرِئٍ مَا نَوَى، فَمَنْ كَانَتْ هِجْرَتُهُ إِلَى اللهِ وَرَسُولِهِ، فَهِجْرَتُهُ إِلَى اللهِ وَرَسُولِهِ، وَمَنْ كَانَتْ هِجْرَتُهُ لِدُنْيَا يُصِيبُهَا، أَوِ امْرَأَةٍ يَتَزَوَّجُهَا، فَهِجْرَتُهُ إِلَى مَا هَاجَرَ إِلَيْهِ "".",ޢުމަރު ބިން އަލްޚައްޠާބު ރިވާ ކުރެއްވިއެވެ: ރަސޫލު ﷲ ﷺ ޙަދީޘް ކުރެއްވިއެވެ: ”އަމަލުތައް ބިނާ ވަނީ ނިޔަތުގެ މައްޗަށެވެ. އަދި ކޮންމެ މީހަކަށް ވަނީ، އެ މީހަކު ނިޔަތް ގަތް ކަމެކެވެ. ވީމާ، މީހަކު ހިޖުރަ ކުރީ ﷲ އާއި އެ އިލާހުގެ ރަސޫލާއަށްޓަކައި ނަމަ، ފަހެ އޭނާގެ ހިޖުރަ ވަނީ ﷲ އާއި އެ އިލާހުގެ ރަސޫލާއަށެވެ. އަދި މީހަކު ހިޖުރަ ކުރީ ދުނިޔެ ހޯދުމަށް ނުވަތަ އަންހެނަކާ އިނުމަށް ކަމުގައި ވަނީ ނަމަ، ފަހެ އެ މީހެއްގެ ހިޖުރަ ވަނީ، އޭނާ އެ ހިޖުރަ ކުރި ކަމަކަށެވެ.“,b1
صحيح ابن حبان,1028,للَّهُمَّ إِنِّي أَعُوذُ بِكَ مِنَ الْكُفْرِ وَالْفَقْرِ، اللَّهُمَّ إِنِّي أَعُوذُ بِكَ مِنْ عَذَابِ الْقَبْرِ، لَا إِلَهَ إِلَّا أَنْتَ,އޭ ﷲ! ކާފިރުވުމާއި ފަގީރުކަމުން މި އަޅާ އިބަ އިލާހު ހަޒްރަތުން ރައްކާތެރިކަން އެދެމެވެ. އޭ ﷲ! ކަށްވަޅުގެ ޢަޛާބުން މިއަޅާ އިބަ އިލާހުގެ ހަޒްރަތުން ރައްކާތެރިކަން އެދެމެވެ. އިބަ އިލާހުމެނުވީ ޙައްގުވެގެން އަޅުކަންވެވޭ އެހެން ފަރާތެއް ނުވެއެވެ.,
صحيح ابن حبان,1216,عن عمرَ أنَّه سأَل رسولَ اللهِ صلَّى اللهُ عليه وسلَّم: أينامُ أحدُنا وهو جُنبٌ ؟ فقال: ( نَعم ويتوضَّأُ إنْ شاء,އާދޭހެވެ. އަދި އޭނާ ބޭނުންނަމަ ވުޟޫކުރާށެވެ.,
صحيح ابن حبان,1391,"""إِنَّ اللَّهَ لَمْ يَجْعَلْ شِفَاءَكُمْ فِي حَرَامٍ""","""ހަމަކަށަވަރުން ﷲ ޙަރާމް ކުރެއްވި އެއްޗެއްގައި ތިޔަބައިމީހުންނަށް ފަރުވާއެއްނުލައްވައެވެ.""",
صحيح ابن حبان,1446,أَخْبَرَنَا الْحَسَنُ بْنُ سُفْيَانَ، قَالَ: حَدَّثَنَا حَرْمَلَةُ بْنُ يَحْيَى، قَالَ: حَدَّثَنَا ابْنُ وَهْبٍ، قَالَ: حَدَّثَنَا حَنْظَلَةُ بْنُ أَبِي سُفْيَانَ، قَالَ: سَمِعْتُ عِكْرِمَةَ بْنَ خَالِدٍ الْمَخْزُومِيَّ، يُحَدِّثُ أَنَّ رَجُلًا قَالَ لِعَبْدِ اللهِ بْنِ عُمَرَ: أَلَا تَغْزُو؟ فَقَالَ: إِنِّي سَمِعْتُ رَسُولَ اللهِ ﷺ يَقُولُ: بُنِيَ الْإِسْلَامُ عَلَى خَمْسٍ: شَهَادَةِ أَنْ لَا إِلَهَ إِلَّا اللهُ، وَإِقَامِ الصَّلَاةِ، وَإِيتَاءِ الزَّكَاةِ، وَصَوْمِ رَمَضَانَ، وَحَجِّ الْبَيْتِ.,ޢަބްދު ﷲ ބިން ޢުމަރަށް މީހަކު ދެންނެވިއެވެ: ތިބާ (ﷲ ގެ މަގުގައި ޖިހާދު ކުރުމަށް) ޣަޒްވާއަކަށް ނުނިކުންނަމުތޯއެވެ؟ ޢަބްދު ﷲ ބިން ޢުމަރު ވިދާޅުވިއެވެ: ހަމަކަށަވަރުން ރަސޫލު ﷲ ﷺ ޙަދީޘް ކުރައްވަނިކޮށް ތިމަން އަޑު އެހީމެވެ: ”އިސްލާމް (ދީން) ބިނާވެގެން ވަނީ ފަސް ކަމެއްގެ މައްޗަށެވެ. އެއީ ﷲ ފިޔަވައި އެހެން އެއްވެސް އިލާހަކު ނުވާކަމަށް ހެކިވުމާއި، ނަމާދު ގާއިމު ކުރުމާއި، (މުދަލު) ޒަކާތް ދިނުމާއި، ރަމަޟާން މަހުގެ ރޯދަ ހިފުމާއި، ގެފުޅަށް ގޮސް ޙައްޖުވުމެވެ.“,b8
صحيح ابن حبان,2435,عن ابن عمر رضي الله عنهما : أنه كان يفصل بين شفعه ووتره بتسليمة ، وأخبر أن النبي صَلَّى اللَّهُ عَلَيْهِ وَسَلَّمَ كان يفعل ذلك .,އިބްނު ޢުމަރު رضي الله عنهما ގެ އަރިހުން ރިވާވެގެންވެއެވެ. އެކަލޭގެފާނު ވިތުރިކުރައްވާހިނދު، (ފުރަތަމަ) ދެރަކުޢަތާއި (ވަކިން ކުރާ) އެއްރަކުޢަތް، ސަލާމަކުން ވަކި ކުރައްވަތެވެ. އަދި ރަސޫލުﷲ ﷺ އެފަދައިން ކަންތައްކުރައްވާކަމަށް އެކަލޭގެފާނު ވިދާޅުވިއެވެ.,
صحيح ابن حبان,2563,سأَل رجلٌ رسولَ اللهِ صلَّى اللهُ عليه وسلَّم: أيُّ الصَّلاةِ أفضلُ بعدَ المكتوبةِ ؟ قال: ( الصَّلاةُ في جوفِ اللَّيلِ ) قال: فأيُّ الصِّيامِ أفضلُ بعدَ شهرِ رمضانَ ؟ قال: ( شهرُ اللهِ الَّذي يدْعونه المُحرَّمَ ),ރަސޫލުﷲﷺ އާ މީހަކު ސުވާލުކުރިއެވެ. ފަރުޟު ނަމާދަށް ފަހު އެންމެ މާތް ނަމާދަކީ ކޮބާތޯއެވެ؟ ޙަދީޘްކުރެއްވިއެވެ. ރޭގަނޑުގެ ނަމާދެވެ. (އެބަހީ ދަމު ނަމާދެވެ.) ދެންނެވިއެވެ. ރަމަޟާންމަހު ރޯދައަށް ފަހުގައި އެންމެ މާތް ރޯދައަކީ ކޮބާތޯއެވެ؟ ޙަދީޘްކުރެއްވިއެވެ. އެއީ ﷲގެ މަހުގައި ހިފާ ރޯދައެވެ. ތިޔަބައިމީހުން ކިޔާ ގޮތުންނަމަ މުޙައްރަމު މަހެވެ.”,
صحيح ابن حبان,2994,أكثِروا ذِكْرَ هاذمِ اللَّذَّاتِ,ރަސޫލުﷲ ޞައްލަﷲ ޢަލައިޙި ވަސައްލަމަ ޙަދީޘްކުރެއްވިއެވެ. “ލައްޒަތުތައް މެދުކަނޑާލާ ކަންތަކާއި މެދުގައި ތިޔަބައިމީހުން ގިނަގިނައިން ހަނދުމަކުރާށެވެ. (އެބަހީ މަރެވެ),
صحيح ابن حبان,3223,لكلِّ أمَّةٍ فتنةٌ وإنَّ فتنةَ أمَّتي المالُ,ހަމަކަށަވަރުން ކޮންމެ އުއްމަތްތަކަށް ފިތުނައެއް ވެއެވެ، އަދި ތިމަންކަލޭގެފާނުގެ އުއްމަތުގެ ފިތުނައަކީ މުދަލެވެ.,
صحيح ابن حبان,4032,أربعٌ من السعادةِ : المرأةُ الصالحةُ ، والمسكنُ الواسعُ ، والجارُ الصالحُ ، والمركبُ الهنيءُ. أربعٌ من الشَّقاءِ : الجارُ السوءُ ، والمرأةُ السوءُ ، والمركبُ السوءُ ، والمسكنُ الضَّيِّقُ.,އުފާވެރިކަމުގެ ތެރެއިންވާ ހަތަރުކަމެއް ވެއެވެ: ޞާލިޙު އަނބިމީހާ އާއި ތަނަވަސްވެގެންވާ ގެއާއި ހެޔޮ އަވައްޓެރިޔާ އަދި ފަސޭހަވެގެންވާ ސަވާރީއެވެ. ހިތާމައިގެ ތެރެއިންވާ ހަތަރުކަމެއް ވެއެވެ: ނުބައި އަވައްޓެރިޔާ އާއި ނުބައި އަނބިމީހާ އާއި އުނދަގޫވެގެންވާ ސަވާރީ އަދި ދަތި ގެއެވެ.,
صحيح ابن حبان,4500,"عَنْ أَسْمَاءَ بِنْتِ أَبِي بَكْرٍ ـ رضى الله عنهما ـ قَالَتْ تَزَوَّجَنِي الزُّبَيْرُ، وَمَا لَهُ فِي الأَرْضِ مِنْ مَالٍ، وَلاَ مَمْلُوكٍ، وَلاَ شَىْءٍ غَيْرَ نَاضِحٍ، وَغَيْرَ فَرَسِهِ، فَكُنْتُ أَعْلِفُ فَرَسَهُ، وَأَسْتَقِي الْمَاءَ، وَأَخْرِزُ غَرْبَهُ وَأَعْجِنُ، وَلَمْ أَكُنْ أُحْسِنُ أَخْبِزُ، وَكَانَ يَخْبِزُ جَارَاتٌ لِي مِنَ الأَنْصَارِ وَكُنَّ نِسْوَةَ صِدْقٍ، وَكُنْتُ أَنْقُلُ النَّوَى مِنْ أَرْضِ الزُّبَيْرِ الَّتِي أَقْطَعَهُ رَسُولُ اللَّهِ ﷺ عَلَى رَأْسِي، وَهْىَ مِنِّي عَلَى ثُلُثَىْ فَرْسَخٍ، فَجِئْتُ يَوْمًا وَالنَّوَى عَلَى رَأْسِي فَلَقِيتُ رَسُولَ اللَّهِ ﷺ وَمَعَهُ نَفَرٌ مِنَ الأَنْصَارِ فَدَعَانِي ثُمَّ قَالَ "" إِخْ إِخْ "". لِيَحْمِلَنِي خَلْفَهُ، فَاسْتَحْيَيْتُ أَنْ أَسِيرَ مَعَ الرِّجَالِ، وَذَكَرْتُ الزُّبَيْرَ وَغَيْرَتَهُ، وَكَانَ أَغْيَرَ النَّاسِ، فَعَرَفَ رَسُولُ اللَّهِ ﷺ أَنِّي قَدِ اسْتَحْيَيْتُ فَمَضَى، فَجِئْتُ الزُّبَيْرَ فَقُلْتُ لَقِيَنِي رَسُولُ اللَّهِ ﷺ وَعَلَى رَأْسِي النَّوَى، وَمَعَهُ نَفَرٌ مِنْ أَصْحَابِهِ، فَأَنَاخَ لأَرْكَبَ، فَاسْتَحْيَيْتُ مِنْهُ وَعَرَفْتُ غَيْرَتَكَ. فَقَالَ وَاللَّهِ لَحَمْلُكِ النَّوَى كَانَ أَشَدَّ عَلَىَّ مِنْ رُكُوبِكِ مَعَهُ. قَالَتْ حَتَّى أَرْسَلَ إِلَىَّ أَبُو بَكْرٍ بَعْدَ ذَلِكَ بِخَادِمٍ يَكْفِينِي سِيَاسَةَ الْفَرَسِ، فَكَأَنَّمَا أَعْتَقَنِي.",އަސްމާ ބިންތު އަބޫބަކުރު ރަޟިޔަﷲ ޢަންހާގެ ކިބައިން ރިވާވެގެން ވެއެވެ. އެކަމަނާ ވިދާޅުވިއެވެ. ” ޒުބައިރުގެފާނު ތިމަންކަމަނާއާ ކައިވެނި ބައްލަވައިގަތެވެ. އޭރު އެކަލޭގެފާނުގެ އަތްޕުޅުގައި އެއްވެސް އަޅެއް އަދި މުދަލެއްފަދަ އެއްޗެއްވެސް ނުވެއެވެ. އެއީ އެކަލޭގެފާނުގެ ޖަމަލާއި އަސްފިޔަވައެވެ. އެއަހަށް ކާންދީ ފެންދީ ހަދަނީ ތިމަންކަމަނާއެވެ. އަދި އެކަލޭގެފާނުގެ ބާލިދީތައް ވަލުން އަމުނާ ހަދަމެވެ. އަދި ފުށްމޮޑެވެސް ހަދަމެވެ. ނަމަވެސް ރަނގަޅަށް ރޮށިފިހާކަށް ތިމަންކަމަނާއަކަށް އޭރަކު ނޭނގެއެވެ. އެކަން ތިމަންކަމަނާއަށް ކުރިން ކޮށްދެއްވާ އުޅުއްވީ އަންޞާރިއްޔަ ބޭކަނބަލުންގެ ތެރެއިން ތިމަންކަމަނާއަށް ވަރަށް ހެޔޮ ބޭކަނބަލުންތަކެކެވެ. ޒުބައިރުގެފާނު މަސައްކަތްކުރެއްވުމަށް رسول الله ﷺ ދެއްވި ބިމުން ފެށިގެން ތިމަންކަމަނާ އުޅޭ ހިސާބަށް ކަދުރުއޮށްތައް ގެންނަނީ ބޯމަތީގައެވެ. އެއީ ގާތްގަނޑަކަށް ފަރްސަޚެއްގެ ތިންބައިކޮށްފަދެބައެވެ. (ފަރްސަޚަކީ: ގާތްގަނޑަކަށް ފަސްކިލޯމީޓަރެވެ.) އެއްދުވަހަކު ބޯމައްޗަށް ކަދުރު އޮށްތައް ލައިގެން އަންނަނިކޮށް ފަހެ، رسول الله ﷺ އާ ބައްދަލުވެއްޖެއެވެ. އެކަލޭގެފާނުގެ އަރިހުގައި އަންޞާރުންގެ ތެރެއިން ބައެއް ބޭކަލުން ތިއްބެވިއެެވެ. ފަހެ، ތިމަންކަމަނާއަށް އެކަލޭގެފާނު ގޮވާލެއްވުމަށްފަހު ދެން ‘އިޚް އިޚް’ އޭ ޙަދީޘްކުރެއްވިއެވެ. (އެއީ ޖަމަލުމަޑުކުރުވުމަށް ބުނާ ކަލިމައެކެވެ.) އެއީ އެކަލޭގެފާނާއެކު ތިމަންކަމަނާ ގެންދެވުމަށެވެ.(1) ފަހެ، ފިރިހެނުންތަކަކާ އެކީ ދިޔުމަށް ތިމަންކަމަނާ ލަދުވެތިވީމެވެ. އަދި ޒުބައިރުގެފާނުގެ ޣީރަތްތެރިކަން ތިމަންކަމަނާއަށް ހަނދާންވިއެވެ. އެކަލޭގެފާނަކީ ވަރަށް ޣީރަތްތެރި ބޭކަލެކެވެ. ފަހެ، رسول الله ﷺ އަށް ތިމަންކަމަނާ ލަދުގަތީކަން އެނގިވަޑައިގަތުމުން އެކަލޭގެފާނު ވަޑައިގެންފިއެވެ. ޒުބައިރުގެފާނުގެ އަރިހަށްއައިސް ތިމަންކަމަނާ ދަންނަވައިފީމެވެ. އަޅުގަނޑާ رسول الله ﷺ އާ ބައްދަލުވިއެވެ. އޭރު އަޅުގަނޑުގެ ބޯމަތީ ކަދުރުއޮށްތަކެއް ހުއްޓެވެ. އަދި އެކަލޭގެފާނާއެކު އެކަލޭގެފާނުގެ އަޞްޙާބުބޭކަލުން ތިއްބެވިއެވެ. ފަހެ އަޅުގަނޑު ސަވާރުވުމަށްޓަކާ އެކަލޭގެފާނުގެ ޖަމަލުކޮޅު ތިރިކުރެއްވިއެވެ. ނަމަވެސް އަޅުގަނޑު ލަދުވެތިވީއެވެ. އަދި ކަލޭގެފާނުގެ ޣީރަތްތެރިކަން އަޅުގަނޑަށްވަނީ އެނގިފައެވެ.” ފަހެ ޒުބައިރުގެ ފާނު ވިދާޅުވިއެވެ. “ﷲގަންދީ ހުވާކޮށްފައި ބުނަމެވެ. އެކަލޭގެފާނާ އެކު އައުމަށްވުރެ ކަމަނާގެ ބޯމަތީގައި ކަދުރުއޮށްތައް އުފުލައިގެން އައުން ތިމަންކަލޭގެފާނަށް މާބޮޑެވެ.” ދެން އެކަމަނާ ވިދާޅުވިއެވެ. “އެއަށްފަހު އަބޫބަކުރުގެފާނު ތިމަންނައަށް ޚާދިމަކު ފޮނުވައިދެއްވިއެވެ. އޭގެ ފަހުން އަސްތައް ބަލަހައްޓަން ތިމަންނައަށް ނުޖެހެއެވެ. ފަހެ އޭގެ ސަބަބުން ތިމަން އަޅުވެތިކަމަކުން މިނިވަންވިފަދައެވެ.”,
صحيح ابن حبان,4603,عَنْ أَبِي هُرَيْرَة رَضِيَ الله عَنْهُ أَنَّهُ كَانَ فِي الرِّبَاطِ فَفَزَعُوا إِلَى السَّاحِلِ ثُمَّ قِيْلَ لاَ بَأسَ فَانْصَرَفَ النَّاسُ وَوَقَفَ أَبُو هُرَيْرَة فَمَرَّ بِهِ إِنْسَانٌ فَقَالَ مَا يُوَقِّفُكَ يَا أَبَا هُرَيرَة فَقَالَ سَمِعْتُ رَسُوْلَ الله صَلَّى الله عَلَيْهِ وَسَلَّمَ يَقُوْلُ (مَوقِفُ ساعةٍ في سَبيلِ اللهِ خَيرٌ من قِيامِ لَيلَةِ القَدْرِ عند الحَجَرِ الأسْوَدِ),"އަބޫ ހުރައިރާ ރަޟިޔަﷲ އަންހުގެ އަރިހުން ރިވާވެގެންވެއެވެ. އެކަލޭގެފާނު ޖިހާދުގެ މައިދާނުގައި(ރިބާޠުގައި) ވަނިކޮށް މީސްތަކުން (ކޯރެއްގެ)އައްސޭރިފަށަށް ނުކުމެޖެއްއެވެ. އެޔަށްފަހު މައްސަލައެއް ނެތްކަމަށް ބުނެވިއްޖެއެވެ. ދެން މީސްތަކުން އަނބުރާގޮސްފިއެވެ. އަދި އަބޫ ހުރައިރާ ރަޟިޔަﷲ އަންހު އެތަނުގައި ހުއްޓިވަޑައިގެން ހުންނެވިއެވެ. އަދި މީހަކު އެތަނުން އެކަލޭގެފާނު ހުރަސްކުރިއެވެ. ދެންނެވިއެވެ. އޭ އަބޫ ހުރައިރާއެވެ. ކަލޭގެފާނު ހުއްޓިވަޑައިގެން ތިހުންނެވީ ކޮންކަމަކާތޯއެވެ؟ އަބޫ ހުރައިރާ ރަޟިޔަﷲ ޢަންހު ދެންނެވިއެވެ. ރަސޫލުﷲ ﷺ ޙަދީޘްކުރައްވާ އަޑު ތިމަންކަލޭގެފާނު އެއްސެވީމެވެ. ""ﷲގެ މަގުގައި ގަޑިއެއްހާއިރު ހުއްޓިހުރުން، ލައިލަތުލް ގަދުރިވިލޭރޭ ހަޖަރުލް އަސްވަދުގެ ކައރީގައި ރޭއަޅުކަމުގައި ހުރުމަށްވުރެ ހެޔޮވެގެންވެއެވެ.""",
صحيح ابن حبان,4868,أَخْبَرَنَا الْعَبَّاسُ بْنُ أَحْمَدَ بْنِ حَسَّانَ السَّامِيُّ بِالْبَصْرَةِ، حَدَّثَنَا الصَّلْتُ بْنُ مَسْعُودٍ الْجَحْدَرِيُّ حَدَّثَنَا عُمَرُ بْنُ عَلِيٍّ حَدَّثَنَا يَحْيَى بْنُ سَعِيدٍ عَنْ مُحَمَّدِ بْنِ إِبْرَاهِيمَ عَنْ عَلْقَمَةَ بْنِ وَقَّاصٍ عَنْ عُمَرَ بْنِ الْخَطَّابِ رَضِيَ اللهُ عَنْهُ، قَالَ: قَالَ رَسُولُ اللهِ ﷺ: الْأَعْمَالُ بِالنِّيَّاتِ وَلِكُلِّ امْرِئٍ مَا نَوَى، فَمَنْ كَانَتْ هِجْرَتُهُ إِلَى اللهِ وَرَسُولِهِ فَهِجْرَتُهُ إِلَى اللهِ وَرَسُولِهِ، وَمَنْ كَانَتْ هِجْرَتُهُ لِدُنْيَا يُصِيبُهَا، أَوِ امْرَأَةٍ يَتَزَوَّجُهَا، فَهِجْرَتُهُ إِلَى مَا هَاجَرَ إِلَيْهِ.,ޢުމަރު ބިން އަލްޚައްޠާބު رَضِيَ اللَّهُ عَنْهُ ރިވާ ކުރެއްވިއެވެ: ރަސޫލު ﷲ ﷺ ޙަދީޘް ކުރެއްވިއެވެ: ”އަމަލުތައް ބިނާ ވަނީ ނިޔަތްތަކުގެ މައްޗަށެވެ. އަދި ކޮންމެ މީހަކަށް ވަނީ، އެ މީހަކު ނިޔަތް ގަތް ކަމެކެވެ. ވީމާ، މީހަކު ހިޖުރަ ކުރީ ﷲ އާއި އެ އިލާހުގެ ރަސޫލާއަށްޓަކައި ނަމަ، ފަހެ އޭނާގެ ހިޖުރަ ވަނީ ﷲ އާއި އެ އިލާހުގެ ރަސޫލާއަށެވެ. އަދި މީހަކު ހިޖުރަ ކުރީ ދުނިޔެ ހޯދުމަށް ނުވަތަ އަންހެނަކާ އިނުމަށް ކަމުގައި ވަނީ ނަމަ، ފަހެ އެ މީހެއްގެ ހިޖުރަ ވަނީ، އޭނާ އެ ހިޖުރަ ކުރި ކަމަކަށެވެ.“,b1
صحيح ابن حبان,4950,الْوَلَاءُ لُحْمَةٌ كَلُحْمَةِ النَّسَبِ,"""އަޅުން މިނިވަން ކުރުމުގެ ސަބަބުން، އެއަޅުކަލޭގެއާއި މިނިވަންކުރި ފަރާތާ ދެމެދު އުފެދޭ ވަލާއުގެ ގުޅުމަކީ ނަސަބުގެ ގުޅުންފަދަ ގުޅުމެކެވެ.""",
صحيح ابن حبان,5753,سيكونُ في آخِرِ أمَّتي رجالٌ يركَبونَ على سُروجٍ كأشباهِ الرِّحالِ ينزِلونَ على أبوابِ المساجدِ نساؤُهم كاسياتٌ عارياتٌ على رؤوسِهنَّ كأسنمةِ البُخْتِ العِجافِ، الْعَنُوهُنَّ فإنَّهنَّ ملعوناتٌ لو كان وراءَكم أمَّةٌ مِن الأممِ خدَمهنَّ نساؤُكم كما خدَمكم نساءُ الأممِ قبْلَكم,“ތިމަންކަލޭގެފާނުގެ އުއްމަތުގެ ފަހުކޮޅުގައި ދަތުރުގެ ސަވާރީ ތަކަކަށް ސަވާރުވެގެން އަންނަ ފިރިހެނުންތަކެއް ވާނެއެވެ. އެބައިމީހުން މިސްކިތްތަކުގެ ދޮރުކޮޅުތައް ކައިރިއަށް ފައިބައެވެ. އެމީހުންގެ އަންހެނުންނީ ހެދުންލައިގެން އޮރިޔާމުން ތިބޭ ބައެކެވެ. އެކަނބަލުންގެ ބޯތައް ޖަމަލުތަކެއްގެ ގޮންގަނޑުތައް ފަދައެވެ. ތިޔަބައިމީހުން އެކަނބަލުންނަށް ލަޢުނަތް ދޭށެވެ. ފަހެ އެކަނބަލުންނީ ލަޢުނަތް ދެވިގެންވާ ބައެކެވެ. ތިޔަބައިމީހުންގެ އުއްމަތުގެ ފަހުން އުއްމަތެއް ވާނެނަމަ، އެބައިމީހުންގެ އަންހެން ކަނބަލުންނަށް ތިޔަބައިމީހުންގެ އަންހެން ކަނބަލުން ޚިދުމަތް ކުރާނެކަން ކަށަވަރެވެ. (އެބަހީ: ޚާދިމުން ކަމުގައި ވާނެއެވެ.) ތިޔަބައިމީހުންގެ ކުރީގެ އުއްމަތްތަކުގެ ކަނބަލުން ތިޔަބައިމީހުންނަށް ޚިދުމަތް ކުރިފަދައިންނެވެ.”,
صحيح ابن حبان,6040,إذا اقتَرَب الزَّمانُ لَمْ تكَدْ رؤيا المؤمنِ تكذِبُ وأصدَقُهم رؤيا أصدَقُهم حديثًا والرُّؤيا جزءٌ مِن خمسةٍ وأربعينَ جزءًا مِن النُّبوَّةِ,“ޒަމާން ކައިރި ވެއްޖައުމުން؛ މުސްލިމު މީހާގެ ހުވަފެން ދޮގެއް ނުވާނެއެވެ. އަދި އެބައިމީހުންކުރެ އެންމެ ތެދުހުވަފެން [ފެންނަ މީހާއީ] އެބައިމީހުންގެ ތެރެއިން އެންމެ ހެޔޮ ވާހަކަ ދައްކާ މީހާއެވެ. މުސްލިމު މީހާގެ ހުވަފެނަކީ ނަބީކަމުގެ ސާޅީސް ފަސްބައިކުޅައިން ބައެކެވެ.”,
صحيح ابن حبان,6086,أَخْبَرَنَا مُحَمَّدُ بْنُ الْحَسَنِ بْنِ قُتَيْبَةَ ، قَالَ : حَدَّثَنَا حَرْمَلَةُ بْنُ يَحْيَى ، قَالَ : حَدَّثَنَا ابْنُ وَهْبٍ ، قَالَ : أَخْبَرَنِي حَيْوَةُ بْنُ شُرَيْحٍ ، أَنَّ خَالِدَ بْنَ عُبَيْدٍ الْمَعَافِرِيَّ ، حَدَّثَهُ عَنْ مِشْرَحِ بْنِ هَاعَانَ ، أَنَّهُ سَمِعَ عُقْبَةَ بْنَ عَامِرٍ ، يَقُولُ : سَمِعْتُ رَسُولَ اللهِ - صَلَّى اللهُ عَلَيْهِ وَسَلَّمَ - يَقُولُ : مَنْ عَلَّقَ تَمِيمَةً فَلَا أَتَمَّ اللهُ لَهُ ، وَمَنْ عَلَّقَ وَدَعَةً فَلَا وَدَعَ اللهُ لَهُ .,"ރަސޫލާ ﷺ ޙަދީޘްކުރެއްވިއެވެ. (مَنْ عَلَّقَ تَمِيمَةً فَقَدْ أَشْرَكَ.) މާނައީ: ""ތަވީދެއް އެލުވައިފި މީހާ ފަހެ ޝަރީކުކޮށްފިއެވެ."" رواه أحمد: 17422",
صحيح ابن حبان,6105,ألَا برَّكْتَ,އޭނާއަށްޓަކައި ﷲ ބަރަކާތްލެއްވުން އެދި ދުއާ ނުކުރަނީ ކީއްވެ ހެއްޔެވެ؟,
صحيح ابن حبان,6218,عَنْ أَبِي سَعِيدٍ الْخُدْرِيِّ، عَنْ رَسُولِ اللَّهِ صَلَّى اللَّهُ عَلَيْهِ وَسَلَّمَ أَنَّهُ قَالَ: «قَالَ مُوسَى: يَا رَبِّ عَلِّمْنِي شَيْئًا أَذْكُرُكَ بِهِ، وَأَدْعُوكَ بِهِ، قَالَ: قُلْ يَا مُوسَى: لَا إِلَهَ إِلَّا اللَّهُ، قَالَ: يَا رَبِّ كُلُّ عِبَادِكَ يَقُولُ هَذَا، قَالَ: قُلْ لَا إِلَهَ إِلَّا اللَّهُ، قَالَ: إِنَّمَا أُرِيدُ شَيْئًا تَخُصُّنِي بِهِ، قَالَ: يَا مُوسَى لَوْ أَنَّ أَهْلَ السَّمَاوَاتِ السَّبْعِ وَالْأَرَضِينَ السَّبْعِ فِي كِفَّةٍ، وَلَا إِلَهَ إِلَّا اللَّهُ فِي كِفَّةٍ، مَالَتْ بِهِمْ لَا إِلَهَ إِلَّا اللَّهُ»,"އަބޫ ސައީދުލް ޚުދްރީ ރަޟިޔަﷲ ޢަންހުގެ ކިބައިން ރިވާވެގެންވެއެވެ. ރަސޫލުﷲ ﷺ ޙަދީޘްކުރެއްވިއެވެ. : ""މޫސާގެފާނު ދެންނެވިއެވެ. އޭ ރައްބެވެ. މިއަޅާއަށް އިބަﷲގެ މަތިން ޒިކުރުކުރާނެ އަދި އެއިން ދުއާކުރާނެ ކަލިމައެއް އުގަންނަވައިދެއްވާށެވެ. ﷲ ވަހީކުރެއްވިއެވެ. އޭ މޫސާއެވެ. لَا إِلَهَ إِلَّا اللَّهُ ކިޔާށެވެ. މޫސާގެފާނު ދެންނެވިއެވެ. އޭ ރައްބެވެ. އިބައިލާހުގެ ހުރިހާ އަޅުން ތިޔަ ކަލިމަ ކިޔައެވެ. ﷲ ވަހީކުރެއްވިއެވެ. ""އޭ މޫސާއެވެ. ތަރާދުގެ އެއްފަޅީގައި ހަތްއުޑާއި ހަތްބިން އޮވެފައި އަނެއްފަޅީގައި لَا إِلَهَ إِلَّا اللَّهُ އޮވެއްޖެނަމަ، لَا إِلَهَ إِلَّا اللَّهُ އޮތްފަޅިޔަށް ބުރަވާނެއެވެ""",
صحيح ابن حبان,7219,"""إِنَّ اللَّهَ تَجَاوَزَ عَنْ أُمَّتِي الْخَطَأَ، وَالنِّسْيَانَ، وَمَا اسْتُكْرِهُوا عَلَيْهِ""","""ގަޞްދެއްނެތި ކުރެވޭ ކުށްތަކާއި، ހަނދާންނެތިގެން ކުރެވޭ ކުށްތައް އަދި ގަދަކަމުން ކުރުވާކަންތަކުގެ ފާފަ ތިމަން ކަލޭގެފާނުގެ އުއްމަތަށް ﷲ މަޢާފްކޮށްދެއްވިކަން ކަށަވަރެވެ.""",
صحيح ابن خزيمة,135,السواكُ مَطْهَرَةٌ للفَمِ ، مَرضاةٌ للرَّبِّ .,ދަތްއުނގުޅުމަކީ އަނގަ ޠާހިރުކޮށްދީ، ރައްބުގެ ރުއްސެވުން ލިބޭނޭކަމެކެވެ.,
صحيح ابن خزيمة,142,أَخْبَرَنَا أَبُو طَاهِرٍ، قَالَ: حَدَّثَنَا أَبُو بَكْرٍ، قَالَ: حَدَّثَنَا يَحْيَى بْنُ حَبِيبٍ الْحَارِثِيُّ، وَأَحْمَدُ بْنُ عَبْدَةَ الضَّبِّيُّ قَالَا: حَدَّثَنَا حَمَّادُ بْنُ زَيْدٍ، عَنْ يَحْيَى بْنِ سَعِيدٍ، عَنْ مُحَمَّدِ بْنِ إِبْرَاهِيمَ، عَنْ عَلْقَمَةَ بْنِ وَقَّاصٍ اللَّيْثِيِّ قَالَ: سَمِعْتُ عُمَرَ بْنَ الْخَطَّابِ يَقُولُ: سَمِعْتُ رَسُولَ اللهِ - ﷺ - يَقُولُ: إِنَّمَا الْأَعْمَالُ بِالنِّيَّةِ وَإِنَّمَا لِامْرِئٍ مَا نَوَى، فَمَنْ كَانَتْ هِجْرَتُهُ إِلَى اللهِ وَإِلَى رَسُولِهِ فَهِجْرَتُهُ إِلَى اللهِ وَإِلَى رَسُولِهِ، وَمَنْ كَانَتْ هِجْرَتُهُ إِلَى دُنْيَا يُصِيبُهَا أَوِ امْرَأَةٍ يَتَزَوَّجُهَا فَهِجْرَتُهُ إِلَى مَا هَاجَرَ إِلَيْهِ. لَمْ يَقُلْ أَحْمَدُ: وَإِنَّمَا لِامْرِئٍ مَا نَوَى.,ޢުމަރު ބިން އަލްޚައްޠާބު رَضِيَ اللَّهُ عَنْهُ ރިވާ ކުރެއްވިއެވެ: ރަސޫލު ﷲ ﷺ ޙަދީޘް ކުރައްވަނިކޮށް ތިމަން އަޑު އެހީމެވެ: ”ނިޔަތުގެ މައްޗަށް މެނުވީ އަމަލުތައް ބިނާ ވެގެނެއް ނުވެއެވެ. އަދި މީހަކަށް ވަނީ، އެ މީހަކު ނިޔަތް ގަތް ކަމެކެވެ. ވީމާ، މީހަކު ހިޖުރަ ކުރީ ﷲ އަށް އަދި އެ އިލާހުގެ ރަސޫލާއަށްޓަކައި ނަމަ، ފަހެ އޭނާގެ ހިޖުރަ ވަނީ ﷲ އަށް އަދި އެ އިލާހުގެ ރަސޫލާއަށެވެ. އަދި މީހަކު ހިޖުރަ ކުރީ ދުނިޔެ ހޯދުމަށް ނުވަތަ އަންހެނަކާ އިނުމަށް ކަމުގައި ވަނީ ނަމަ، ފަހެ އެ މީހެއްގެ ހިޖުރަ ވަނީ، އޭނާ އެ ހިޖުރަ ކުރި ކަމަކަށެވެ.“,b1
صحيح ابن خزيمة,143,أَخْبَرَنَا أَبُو طَاهِرٍ، قَالَ: حَدَّثَنَا أَبُو بَكْرٍ، قَالَ: حَدَّثَنَا مُحَمَّدُ بْنُ الْوَلِيدِ، قَالَ: حَدَّثَنَا عَبْدُ الْوَهَّابِ - يَعْنِي ابْنَ عَبْدِ الْمَجِيدِ الثَّقَفِيَّ - قَالَ: سَمِعْتُ يَحْيَى بْنَ سَعِيدٍ يَقُولُ: أَخْبَرَنِي مُحَمَّدُ بْنُ إِبْرَاهِيمَ، أَنَّهُ سَمِعَ عَلْقَمَةَ بْنَ وَقَّاصٍ اللَّيْثِيَّ يَقُولُ: سَمِعْتُ عُمَرَ بْنَ الْخَطَّابِ يَقُولُ: سَمِعْتُ رَسُولَ اللهِ - ﷺ - يَقُولُ: الْأَعْمَالُ بِالنِّيَّةِ، وَإِنَّمَا لِامْرِئٍ مَا نَوَى.,ޢުމަރު ބިން އަލްޚައްޠާބު ރިވާ ކުރެއްވިއެވެ: ރަސޫލު ﷲ ﷺ ޙަދީޘް ކުރައްވަނިކޮށް ތިމަން އަޑު އެހީމެވެ: ”އަމަލުތައް ބިނާ ވަނީ ނިޔަތުގެ މައްޗަށެވެ. އަދި މީހަކަށް ވަނީ، އެ މީހަކު ނިޔަތް ގަތް ކަމެކެވެ.“,b1
صحيح ابن خزيمة,308,"أَخْبَرَنَا أَبُو طَاهِرٍ، قَالَ: حَدَّثَنَا أَبُو بَكْرٍ، قَالَ: حَدَّثَنَا مُحَمَّدُ بْنُ يَحْيَى، قَالَ: حَدَّثَنَا رَوْحُ بْنُ عُبَادَةَ، عَنْ حَنْظَلَةَ قَالَ: سَمِعْتُ عِكْرِمَةَ بْنَ خَالِدِ بْنِ الْعَاصِ يُحَدِّثُ طَاوُسًا:
أَنَّ رَجُلًا قَالَ لِعَبْدِ اللهِ بْنِ عُمَرَ: أَلَا تَغْزُو؟ فَقَالَ عَبْدُ اللهِ بْنُ عُمَرَ: إِنِّي سَمِعْتُ رَسُولَ اللهِ - ﷺ - يَقُولُ: بُنِيَ الْإِسْلَامُ عَلَى خَمْسٍ: شَهَادَةِ أَنْ لَا إِلَهَ إِلَّا اللهُ، وَإِقَامِ الصَّلَاةِ، وَإِيتَاءِ الزَّكَاةِ، وَصِيَامِ رَمَضَانَ، وَحَجِّ الْبَيْتِ "".",ޢަބްދު ﷲ ބިން ޢުމަރަށް މީހަކު ދެންނެވިއެވެ: ތިބާ (ﷲ ގެ މަގުގައި ޖިހާދު ކުރުމަށް) ޣަޒްވާއަކަށް ނުނިކުންނަމުތޯއެވެ؟ ޢަބްދު ﷲ ބިން ޢުމަރު ވިދާޅުވިއެވެ: ހަމަކަށަވަރުން ރަސޫލު ﷲ ﷺ ޙަދީޘް ކުރައްވަނިކޮށް ތިމަން އަޑު އެހީމެވެ: ”އިސްލާމް (ދީން) ބިނާވެގެން ވަނީ ފަސް ކަމެއްގެ މައްޗަށެވެ. އެއީ ﷲ ފިޔަވައި އެހެން އެއްވެސް އިލާހަކު ނުވާކަމަށް ހެކިވުމާއި، ނަމާދު ގާއިމު ކުރުމާއި، (މުދަލު) ޒަކާތް ދިނުމާއި، ރަމަޟާން މަހުގެ ރޯދަ ހިފުމާއި، ގެފުޅަށް ގޮސް ޙައްޖުވުމެވެ.“,b8
صحيح ابن خزيمة,309,"أَخْبَرَنَا أَبُو طَاهِرٍ، قَالَ: حَدَّثَنَا أَبُو بَكْرٍ، قَالَ: حَدَّثَنَا أَحْمَدُ بْنُ مَنْصُورٍ الرَّمَادِيُّ، قَالَ: حَدَّثَنَا أَبُو النَّضْرِ، قَالَ: حَدَّثَنَا عَاصِمٌ - وَهُوَ ابْنُ مُحَمَّدِ بْنِ زَيْدِ بْنِ عَبْدِ اللهِ بْنِ عُمَرَ بْنِ الْخَطَّابِ -، عَنْ أَبِيهِ، عَنِ ابْنِ عُمَرَ، عَنِ النَّبِيِّ - ﷺ - قَالَ:
بُنِيَ الْإِسْلَامُ عَلَى خَمْسٍ: شَهَادَةِ أَنْ لَا إِلَهَ إِلَّا اللهُ، وَأَنَّ مُحَمَّدًا رَسُولُ اللهِ، وَإِقَامِ الصَّلَاةِ، وَإِيتَاءِ الزَّكَاةِ، وَحَجِّ الْبَيْتِ، وَصَوْمِ رَمَضَانَ.",އިބްނު ޢުމަރު ރިވާ ކުރެއްވިއެވެ: ނަބިއްޔާ ﷺ ޙަދީޘް ކުރެއްވިއެވެ: ”އިސްލާމް (ދީން) ބިނާވެގެން ވަނީ ފަސް ކަމެއްގެ މައްޗަށެވެ. އެއީ ﷲ ފިޔަވައި އެހެން އެއްވެސް އިލާހަކު ނުވާކަމަށް ހެކިވުމާއި، އަދި މުޙައްމަދުގެފާނީ އެ އިލާހުގެ ރަސޫލާކަމަށް ހެކިވުމާއި، ނަމާދު ގާއިމު ކުރުމާއި، (މުދަލު) ޒަކާތް ދިނުމާއި، ގެފުޅަށް ގޮސް ޙައްޖުވުމާއި، ރަމަޟާން މަހުގެ ރޯދަ ހިފުމެވެ.“,b8
صحيح ابن خزيمة,455,"أَخْبَرَنَا أَبُو طَاهِرٍ، قَالَ: حَدَّثَنَا أَبُو بَكْرٍ، قَالَ: حَدَّثَنَا يَحْيَى بْنُ حَبِيبِ بْنِ عَرَبِيٍّ الْحَارِثِيُّ، وَأَحْمَدُ بْنُ عَبْدَةَ الضَّبِّيُّ قَالَا: حَدَّثَنَا حَمَّادُ بْنُ زَيْدٍ، عَنْ يَحْيَى بْنِ سَعِيدٍ، عَنْ مُحَمَّدِ بْنِ إِبْرَاهِيمَ، عَنْ عَلْقَمَةَ بْنِ وَقَّاصٍ اللَّيْثِيِّ قَالَ: سَمِعْتُ عُمَرَ بْنَ الْخَطَّابِ يَقُولُ: سَمِعْتُ رَسُولَ اللهِ - ﷺ - يَقُولُ: إِنَّمَا الْأَعْمَالُ بِالنِّيَّةِ.
زَادَ يَحْيَى بْنُ حَبِيبٍ: "" وَإِنَّمَا لِامْرِئٍ مَا نَوَى "".",ޢުމަރު ބިން އަލްޚައްޠާބު ރިވާ ކުރެއްވިއެވެ: ރަސޫލު ﷲ ﷺ ޙަދީޘް ކުރައްވަނިކޮށް ތިމަން އަޑު އެހީމެވެ: ”ނިޔަތުގެ މައްޗަށް މެނުވީ އަމަލުތައް ބިނާ ވެގެނެއް ނުވެއެވެ. އަދި މީހަކަށް ވަނީ، އެ މީހަކު ނިޔަތް ގަތް ކަމެކެވެ.“,b1
صحيح ابن خزيمة,1223,وأن لا أدعَ ركعتَي الضحى فإنها صلاةُ الأوَّابينَ,"""ފަހެ ހަމަކަށަވަރުން އެއީ ކިޔަމަންތެރިންގެ ނަމާދެވެ.""",
صحيح ابن خزيمة,1292,من حفر ماءً لم يشرَبْ منه كَبِدٌ حَرَّى من جِنٍّ ، و لا إنسٍ ولا طائرٍ ، إلا آجَره اللهُ يومَ القيامةِ,މީހަކު ފެން (ވަޅެއް) ކޮނެދީފި ނަމަ، ޖިންނިއަކަސް އިންސިއަކަސް ނުވަތަ ދޫންޏަކަސް، އޭގެން ފެންބޯ ކޮންމެ ދިރޭ އެއްޗަކަށް ގިޔާމަތް ދުވަހު ﷲ އޭނާއަށް ސަވާބު ދެއްވާނެއެވެ.,
صحيح ابن خزيمة,1880,حَدَّثَنَا سَلْمُ بْنُ جُنَادَةَ، قَالَ: حَدَّثَنَا وَكِيعٌ، عَنْ حَنْظَلَةَ الْجُمَحِيِّ، عَنْ عِكْرِمَةَ بْنِ خَالِدٍ الْمَخْزُومِيِّ، عَنِ ابْنِ عُمَرَ قَالَ: قَالَ رَسُولُ اللهِ - ﷺ -: بُنِيَ الْإِسْلَامُ عَلَى خَمْسٍ: شَهَادَةِ أَنْ لَا إِلَهَ إِلَّا اللهُ، وَإِقَامِ الصَّلَاةِ، وَإِيتَاءِ الزَّكَاةِ، وَحَجِّ الْبَيْتِ، وَصَوْمِ شَهْرِ رَمَضَانَ.,އިބްނު ޢުމަރު ރިވާ ކުރެއްވިއެވެ: ރަސޫލު ﷲ ﷺ ޙަދީޘް ކުރެއްވިއެވެ: ”އިސްލާމް (ދީން) ބިނާވެގެން ވަނީ ފަސް ކަމެއްގެ މައްޗަށެވެ. އެއީ ﷲ ފިޔަވައި އެހެން އެއްވެސް އިލާހަކު ނުވާކަމަށް ހެކިވުމާއި، ނަމާދު ގާއިމު ކުރުމާއި، (މުދަލު) ޒަކާތް ދިނުމާއި، ގެފުޅަށް ގޮސް ޙައްޖުވުމާއި، ރަމަޟާން މަހުގެ ރޯދަ ހިފުމެވެ.“,b8
صحيح ابن خزيمة,1888,"حَدَّثَنَا الرَّبِيعُ بْنُ سُلَيْمَانَ، قَالَ: حَدَّثَنَا ابْنُ وَهْبٍ، قَالَ: أَخْبَرَنِي سُلَيْمَانُ وَهُوَ ابْنُ بِلَالٍ، عَنْ كَثِيرِ بْنِ زَيْدٍ، عَنِ الْوَلِيدِ بْنِ رَبَاحٍ، عَنْ أَبِي هُرَيْرَةَ أَنَّ رَسُولَ اللهِ - ﷺ - رَقِيَ الْمِنْبَرَ، فَقَالَ: "" آمِينَ، آمِينَ، آمِينَ "". فَقِيلَ لَهُ: يَا رَسُولَ اللهِ، مَا كُنْتَ تَصْنَعُ هَذَا؟ فَقَالَ: قَالَ لِي جِبْرِيلُ: أَرْغَمَ اللهُ أَنْفَ عَبْدٍ - أَوْ بَعُدَ - دَخَلَ رَمَضَانَ فَلَمْ يُغْفَرْ لَهُ، فَقُلْتُ: آمِينَ، ثُمَّ قَالَ: رَغِمَ أَنْفُ عَبْدٍ - أَوْ بَعُدَ - أَدْرَكَ وَالِدَيْهِ، أَوْ أَحَدَهُمَا لَمْ يُدْخِلْهُ الْجَنَّةَ، فَقُلْتُ: آمِينَ، ثُمَّ قَالَ: رَغِمَ أَنْفُ عَبْدٍ - أَوْ بَعُدَ - ذُكِرْتَ عِنْدَهُ فَلَمْ يُصَلِّ عَلَيْكَ، فَقُلْتُ: آمِينَ.",އަބޫ ހުރައިރާ ރިވާ ކުރެއްވިއެވެ: ރަސޫލު ﷲ ﷺ މިންބަރު މައްޗަށް އަރައިވަޑައިގެން ޙަދީޘް ކުރެއްވިއެވެ: ”އާމީން، އާމީން، އާމީން.“ ނަބިއްޔާއަށް ދެންނެވުނެވެ: އޭ ﷲގެ ރަސޫލާއެވެ. ތިޔަފަދައިން ކަންތައް ކުރެއްވީ ކީއްވެގެންތޯއެވެ؟ ނަބިއްޔާ ޙަދީޘް ކުރެއްވިއެވެ: ”ޖިބްރީލު ތިމަން ނަބިއްޔާއަށް ދެންނެވިއެވެ: ރަމަޟާން މަހާ ބައްދަލުވެ އެ އަޅެއްގެ ފާފަ ނުފުއްސެވޭ އަޅަކު ﷲ ނިކަމެތިކުރައްވާށިއެވެ. (ނުވަތަ އެ މީހަކަށް ހިތާމައާއި ގެއްލުން ހުއްޓެވެ.) ފަހެ ތިމަން ނަބިއްޔާ ވިދާޅުވީމެވެ: އާމީން. އެއަށްފަހު ޖިބްރީލު ދެންނެވިއެވެ: އެ އަޅެއްގެ މައިންބަފައިންނާ ބައްދަލުވެ، ނުވަތަ އެ ދެމީހުން ކުރެ އެކަކާ ބައްދަލުވެ، (މައިންބަފައިންނަށް ހެޔޮކޮށް ހިތުމުގެ) ސަބަބުން ސުވަރުގެއަށް ނުވައްދަވާ އަޅަކު ﷲ ނިކަމެތިކުރައްވާށިއެވެ. ފަހެ ތިމަން ނަބިއްޔާ ވިދާޅުވީމެވެ: އާމީން. އެއަށްފަހު ޖިބްރީލުގެ ދެންނެވިއެވެ: އެ އަޅެއްގެ ހާޒިރުގައި އިބަ ނަބިއްޔާގެ ނަންގަނެވޭ ހިނދު އިބަ ނަބިއްޔާގެ މައްޗަށް ޞަލަވާތް ނުކިޔާ އަޅަކު ﷲ ނިކަމެތިކުރައްވާށިއެވެ. ފަހެ ތިމަން ނަބިއްޔާ ވިދާޅުވީމެވެ: އާމީން.“,
صحيح ابن خزيمة,1888,"حَدَّثَنَا الرَّبِيعُ بْنُ سُلَيْمَانَ، قَالَ: حَدَّثَنَا ابْنُ وَهْبٍ، قَالَ: أَخْبَرَنِي سُلَيْمَانُ وَهُوَ ابْنُ بِلَالٍ، عَنْ كَثِيرِ بْنِ زَيْدٍ، عَنِ الْوَلِيدِ بْنِ رَبَاحٍ، عَنْ أَبِي هُرَيْرَةَ أَنَّ رَسُولَ اللهِ - ﷺ - رَقِيَ الْمِنْبَرَ، فَقَالَ: "" آمِينَ، آمِينَ، آمِينَ "". فَقِيلَ لَهُ: يَا رَسُولَ اللهِ، مَا كُنْتَ تَصْنَعُ هَذَا؟ فَقَالَ: قَالَ لِي جِبْرِيلُ: أَرْغَمَ اللهُ أَنْفَ عَبْدٍ - أَوْ بَعُدَ - دَخَلَ رَمَضَانَ فَلَمْ يُغْفَرْ لَهُ، فَقُلْتُ: آمِينَ، ثُمَّ قَالَ: رَغِمَ أَنْفُ عَبْدٍ - أَوْ بَعُدَ - أَدْرَكَ وَالِدَيْهِ، أَوْ أَحَدَهُمَا لَمْ يُدْخِلْهُ الْجَنَّةَ، فَقُلْتُ: آمِينَ، ثُمَّ قَالَ: رَغِمَ أَنْفُ عَبْدٍ - أَوْ بَعُدَ - ذُكِرْتَ عِنْدَهُ فَلَمْ يُصَلِّ عَلَيْكَ، فَقُلْتُ: آمِينَ.",އަބޫ ހުރައިރާ ރިވާ ކުރެއްވިއެވެ: ރަސޫލު ﷲ ﷺ މިންބަރު މައްޗަށް އަރައިވަޑައިގެން ވިދާޅިއެވެ: ”އާމީން، އާމީން، އާމީން.“ ނަބިއްޔާއަށް ދެންނެވުނެވެ: އޭ ﷲ ގެ ރަސޫލާއެވެ! ތިޔަފަދައިން ކަންތައް ކުރެއްވީ ކީއްވެގެންތޯއެވެ؟ ނަބިއްޔާ ޙަދީޘް ކުރެއްވިއެވެ: ”ޖިބްރީލުގެފާނު ތިމަން ނަބިއްޔާއަށް ދެންނެވިއެވެ: ރަމަޟާން މަހާ ބައްދަލުވެ އެ އަޅެއްގެ ފާފަ ނުފުއްސެވޭ އަޅަކު ﷲ ނިކަމެތިކުރައްވާށިއެވެ. (ނުވަތަ އެ މީހަކަށް ހިތާމައާއި ގެއްލުން ހުއްޓެވެ.) ފަހެ ތިމަން ނަބިއްޔާ ވިދާޅުވީމެވެ: އާމީން. އެއަށްފަހު ޖިބްރީލުގެފާނު ދެންނެވިއެވެ: އެ އަޅެއްގެ މައިންބަފައިންނާ ބައްދަލުވެ، ނުވަތަ އެ ދެމީހުން ކުރެ އެކަކާ ބައްދަލުވެ، (މައިންބަފައިންނަށް ހެޔޮކޮށް ހިތުމުގެ) ސަބަބުން ސުވަރުގެއަށް ނުވައްދަވާ އަޅަކު ﷲ ނިކަމެތިކުރައްވާށިއެވެ. ފަހެ ތިމަން ނަބިއްޔާ ވިދާޅުވީމެވެ: އާމީން. އެއަށްފަހު ޖިބްރީލުގެފާނު ދެންނެވިއެވެ: އެ އަޅެއްގެ ހާޒިރުގައި އިބަ ނަބިއްޔާގެ ނަންގަނެވޭ ހިނދު އިބަ ނަބިއްޔާގެ މައްޗަށް ޞަލަވާތް ނުކިޔާ އަޅަކު ﷲ ނިކަމެތިކުރައްވާށިއެވެ. ފަހެ ތިމަން ނަބިއްޔާ ވިދާޅުވީމެވެ: އާމީން.“,
صحيح ابن خزيمة,1986,"حَدَّثَنَا الرَّبِيعُ بْنُ سُلَيْمَانَ الْمُرَادِيُّ، وَبَحْرُ بْنُ نَصْرٍ الْخَوْلَانِيُّ قَالَا: حَدَّثَنَا بِشْرُ بْنُ بَكْرٍ، قَالَ: حَدَّثَنَا ابْنُ جَابِرٍ، عَنْ سُلَيْمِ بْنِ عَامِرٍ أَبِي يَحْيَى الْكَلَاعِيِّ، قَالَ: حَدَّثَنِي أَبُو أُمَامَةَ الْبَاهِلِيُّ قَالَ: سَمِعْتُ رَسُولَ اللهِ - ﷺ - يَقُولُ: بَيْنَمَا أَنَا نَائِمٌ إِذْ أَتَانِي رَجُلَانِ، فَأَخَذَا بِضَبْعَيَّ، فَأَتَيَا بِي جَبَلًا وَعْرًا، فَقَالَا: اصْعَدْ، فَقُلْتُ: إِنِّي لَا أُطِيقُهُ، فَقَالَا: إِنَّا سَنُسَهِّلُهُ لَكَ، فَصَعِدْتُ حَتَّى إِذَا كُنْتُ فِي سَوَاءِ الْجَبَلِ إِذَا بِأَصْوَاتٍ شَدِيدَةٍ، قُلْتُ: مَا هَذِهِ الْأَصْوَاتُ؟ قَالُوا: هَذَا عُوَاءُ أَهْلِ النَّارِ، ثُمَّ انْطُلِقَ بِي، فَإِذَا أَنَا بِقَوْمٍ مُعَلَّقِينَ بِعَرَاقِيبِهِمْ، مُشَقَّقَةٌ أَشْدَاقُهُمْ، تَسِيلُ أَشْدَاقُهُمْ دَمًا. قَالَ: قُلْتُ: مَنْ هَؤُلَاءِ؟ قَالَ: هَؤُلَاءِ الَّذِينَ يُفْطِرُونَ قَبْلَ تَحِلَّةِ صَوْمِهِمْ، فَقَالَ: خَابَتِ الْيَهُودُ وَالنَّصَارَى. فَقَالَ سُلَيْمٌ: مَا أَدْرِي أَسَمِعَهُ أَبُو أُمَامَةَ مِنْ رَسُولِ اللهِ - ﷺ - أَمْ شَيْءٌ مِنْ رَأْيِهِ؟ ثُمَّ انْطَلَقَ، فَإِذَا بِقَوْمٍ أَشَدَّ شَيْءٍ انْتِفَاخًا وَأَنْتَنِهِ رِيحًا، وَأَسْوَئِهِ مَنْظَرًا، فَقُلْتُ: مَنْ هَؤُلَاءِ؟ فَقَالَ: هَؤُلَاءِ قَتْلَى الْكُفَّارِ، ثُمَّ انْطُلِقَ بِي، فَإِذَا بِقَوْمٍ أَشَدِّ [شَيْءٍ] انْتِفَاخًا، وَأَنْتَنِهِ رِيحًا، كَأَنَّ رِيحَهُمُ الْمَرَاحِيضُ، قُلْتُ: مَنْ هَؤُلَاءِ؟ قَالَ: هَؤُلَاءِ الزَّانُونَ وَالزَّوَانِي، ثُمَّ انْطُلِقَ بِي، فَإِذَا أَنَا بِنِسَاءٍ تَنْهَشُ ثُدِيَّهُنَّ الْحَيَّاتُ، قُلْتُ: مَا بَالُ هَؤُلَاءِ؟ قَالَ: هَؤُلَاءِ يَمْنَعْنَ أَوْلَادَهُنَّ أَلْبَانَهُنَّ، ثُمَّ انْطُلِقَ بِي، فَإِذَا أَنَا بِغِلْمَانٍ يَلْعَبُونَ بَيْنَ نَهَرَيْنِ، قُلْتُ: مَنْ هَؤُلَاءِ؟ قَالَ: هَؤُلَاءِ ذَرَارِيُّ الْمُؤْمِنِينَ، ثُمَّ شَرَفَ شَرَفًا، فَإِذَا أَنَا بِنَفَرٍ ثَلَاثَةٍ يَشْرَبُونَ مِنْ خَمْرٍ لَهُمْ، قُلْتُ: مَنْ هَؤُلَاءِ؟ قَالَ: هَؤُلَاءِ جَعْفَرٌ، وَزَيْدٌ، وَابْنُ رَوَاحَةَ، ثُمَّ شَرَفَنِي شَرَفًا آخَرَ، فَإِذَا أَنَا بِنَفَرٍ ثَلَاثَةٍ، قُلْتُ: مَنْ هَؤُلَاءِ؟ قَالَ: هَذَا إِبْرَاهِيمُ، وَمُوسَى، وَعِيسَى، وَهُمْ يَنْظُرُونِي. هَذَا حَدِيثُ الرَّبِيعِ "".",އަބޫ އުމާމާ އަލްބާހިއްލީ ރިވާ ކުރެއްވިއެވެ: ރަސޫލު ﷲ ﷺ ޙަދީޘް ކުރައްވަނިކޮށް ތިމަން އަޑު އެހީމެވެ: ”ތިމަން ނަބިއްޔާ އަވަހާރަފުޅުލައްޕަވަނިކޮށް، (ހުވަފެނެއްގައި) ދެ މީހަކު އަތުވެއްޖެއެވެ. ފަހެ އެ ދެ މީހުން ތިމަން ނަބިއްޔާގެ ދެ އަތްޕުޅުގައި ހިއްޕަވައިގެން، އަރަން އުނދަގޫ ފަރުބަދައެއް ކައިރިއަށް ހިނގައްޖެއެވެ. އެ ދެ މީހުން ދެންނެވިއެވެ: އަރާށެވެ. ވީމާ ތިމަން ނަބިއްޔާ ވިދާޅުވީމެވެ: އެކަމަށް ތިމަން ނަބިއްޔާ ކުޅަދާނަވެގެނެއް ނުވެއެވެ. އެ ދެމީހުން ދެންނެވިއެވެ: ހަމަކަށަވަރުން އިބަ ނަބިއްޔާއަށް ޓަކައި އެކަން ފަށޭހަކޮށްދެއްވާނަމެވެ. ދެން ތިމަން ނަބިއްޔާ އަރައިވަޑައިގަންނަވަން ފެއްޓެވީމެވެ. ފަހެ އެ ފަރުބަދައިގެ މެދާ ހިސާބަށް އަރާ ހަމަވުމުން، ވަރުގަދަ އަޑުފަށްގަނޑެއް އިވިވަޑައިގަތީމެވެ. ތިމަން ނަބިއްޔާ ވިދާޅުވީމެވެ: މިއީ ކޮން އަޑުފަށްގަނޑެއްތޯއެވެ؟ އެ މީހުން ދެންނެވިއެވެ: މިއީ ނަރަކައިގެ އަހުލުވެރިން ހޭރޭ އަޑުފަށްގަނޑެވެ. އެއަށްފަހު ތިމަން ނަބިއްޔާއައިގެން ކުރިއަށް ހިނގައިގަނެފިއެވެ. ދެން ތިމަން ނަބިއްޔާވީ އެ ބައެއްގެ ފުންނާބުތަކުން އެކޮޅުކޮޅަށް އެލުވިފައިވާ ބަޔެއްގެ ގާތުގައެވެ. އެބައިމީހުންގެ އަނގައިގެ މިޔަކަންތައް އިރިގެން ލޭ ފައިބަފައިބަ ހުއްޓެވެ. ތިމަން ނަބިއްޔާ ވިދާޅުވީމެވެ: މިއީ ކޮންބައެއްތޯއެވެ؟ އެ މީހުން ދެންނެވިއެވެ: މިއީ އެބައިމީހުންގެ ރޯދަ ވީއްލާން ހުއްދަ ނުވަނީސް، ރޯދަ ވީއްލާ އުޅުނު މީހުންނެވެ.,
صحيح ابن خزيمة,2505,حَدَّثَنَا أَبُو الْأَشْعَثِ أَحْمَدُ بْنُ الْمِقْدَامِ الْعِجْلِيُّ، قَالَ: حَدَّثَنَا بِشْرُ بْنُ الْمُفَضَّلِ، قَالَ: حَدَّثَنَا عَاصِمٌ، وَهُوَ ابْنُ مُحَمَّدِ بْنِ زَيْدِ بْنِ عَبْدِ اللهِ بْنِ عُمَرَ بْنِ الْخَطَّابِ، قَالَ: سَمِعْتُ أَبِي يُحَدِّثُ عَنِ ابْنِ عُمَرَ قَالَ: قَالَ رَسُولُ اللهِ - ﷺ -: إِنَّ الْإِسْلَامَ بُنِيَ عَلَى خَمْسٍ: شَهَادَةِ أَنْ لَا إِلَهَ إِلَّا اللهُ، وَإِقَامِ الصَّلَاةِ، وَإِيتَاءِ الزَّكَاةِ، وَحَجِّ الْبَيْتِ، وَصَوْمِ رَمَضَانَ.,އިބްނު ޢުމަރު ރިވާ ކުރެއްވިއެވެ: ރަސޫލު ﷲ ﷺ ޙަދީޘް ކުރެއްވިއެވެ: ”ހަމަކަށަވަރުން އިސްލާމް (ދީން) ބިނާވެގެން ވަނީ ފަސް ކަމެއްގެ މައްޗަށެވެ. އެއީ ﷲ ފިޔަވައި އެހެން އެއްވެސް އިލާހަކު ނުވާކަމަށް ހެކިވުމާއި، ނަމާދު ގާއިމު ކުރުމާއި، (މުދަލު) ޒަކާތް ދިނުމާއި، ގެފުޅަށް ގޮސް ޙައްޖުވުމާއި، ރަމަޟާން މަހުގެ ރޯދަ ހިފުމެވެ.“,b8
صحيح ابن خزيمة,2526,لَا تُسَافِرُ امْرَأَةُ بَرِيدًا إِلَّا وَمَعَهَا ذُو مَحْرَمٍ,މަޙްރަމަކާ އެކު މެނުވީ އަންހެނަކު ބަރީދެއްގެ ދިގުމިނަށް ދަތުރު ނުކުރާހުށިކަމެވެ.,
صحيح ابن خزيمة,1/ 303,مَن رَغِبَ عَن سنَّتي فلَيسَ منِّي,ތިމަން ނަބިއްޔާގެ ސުންނަތުން މޫނު އަނބުރާލައިފި މީހާއީ ތިމަން ނަބިއްޔާގެ ހިދާޔަތުގައިވާ މީހެއް ނޫނެވެ.[,
صحيح ابن خزيمة,1/ 324,إذا أرادَ أحدُكُمُ العَودَ فليتَوضَّأ فإنَّهُ أنشَطُ لَهُ في العَودِ,ތިޔަބައިމީހުންކުރެ މީހަކު އޭނާގެ އަނބިމީހާއާއިއެކު ޖިމާޢުވުމަށްފަހު، އަނެއްކާވެސް ޖިމާޢުވާން ގަސްދުކޮށްފިނަމަ އެދެމެދުގައި ވުޟޫކުރާހުށިކަމެވެ. އަދި އެހެން ރިވާޔަތެއްގައި ވެއެވެ. ނަމާދަށް ވުޟޫކުރާފަދައިން ވުޟޫކުރާށެވެ. ހަމަކަށަވަރުން އެއީ އަލުން ޖިމާޢުވުމަށްވާ ތާޒާކަމާއި ހީވާގިކަމެކެވެ.,
صحيح ابن خزيمة,3/ 554,لا تَصوموا يومَ السَّبتِ، إلَّا فيما افتُرِضَ عليكُم، وإن لم يجِد أحدُكُم إلَّا عودَ عنبةٍ، أو لحاءَ شجرةٍ فليمضُغها,ތިޔަބައިމީހުންގެ މައްޗަށް ފަރުޟުވެވިގެންވާ ރޯދައެއްގައި މެނުވީ ތިޔަބައިމީހުން ހޮނިހިރު ދުވަހު ރޯދާ ނުހިފާށެވެ! އަދި (ރޯދަ ވީއްލާނެ އެއްޗެއް ނުލިބިގެން) މޭބިސްކަދުރެއްގެ ތޮށިގަނޑު ނުވަތަ ގަހެއްގެ ދަނޑިގަނޑެއް މެނުވީ ނުފެނުނަމަ، ފަހެ އެ ހަފާށެވެ! (އެބަހީ: އެ ހަފައިގެން ވިޔަސް ރޯދަ ދޫކުރުރާށެވެ!),
صحيح ابن خزيمة,4/158,اتَّقوا النَّارَ، ولَو بِشِقِّ تمرةٍ,"“ކަދުރުފަޅިއަކުން ޞަދަގާތްކޮށްގެން ނަމަވެސް ނަރަކައިން މިންޖުވާށެވެ.)
//
ކަދުރުފަޅި އަކުންނަމަވެސް ތިޔަބައިމީހުން ނަރަކައިން ރައްކާތެރިވާށެވެ!",
صحيح الترغيب والترهيب، الألباني,40,إني قد تركتُ فيكم ما إن اعتصمتُم به فلن تَضِلُّوا أبدًا ، كتابَ اللهِ ، و سُنَّةَ نبيِّه,"ތިމަންކަލޭގެފާނު މިވަނީ ތިޔަބައިމީހުންގެ ތެރެއަށް، އެ ދޭއްޗެއްގައި ތިޔަބައިމީހުން ގަދައަށް ހިފަހައްޓައިގެން ތިބިހައި ހިނދަކު ތިޔަބައިމީހުން މަގުފުރެދިގެން ނުދާނޭ ދޭއްޗެއް ދޫކުރައްވާފައެވެ. އެއީ ﷲގެ ފޮތާއި އެކަލާނގެ ރަސޫލާގެ ސުންނަތެވެ.
//
ތިޔަބައިމީހުންގެ ތެރެއަށް ބަޔާން ވެގެންވާ ދެއެއްޗެއް ތިމަން ނަބިއްޔާ ދޫކުރީމެވެ. އޭގައި ތިޔަބައިމީހުން ހިފަހައްޓައިގެން ތިބިހާ ހިނދަކު، ދުވަހަކުވެސް ތިޔަބައިމިހުން މަގުނުފުރެދޭނެއެވެ. އެއީ الله ތަޢާލާގެ ފޮތާއި އެ އިލާހުގެ ނަބިއްޔާ  ގެ ސުންނަތެވެ.[",
صحيح الترغيب والترهيب، الألباني,736,مَنْ قَرَأَ سُورَةَ الْكَهْفِ لَيْلَةَ الْجُمُعَةِ، أَضَاءَ لَهُ مِنَ النُّورِ فِيمَا بَيْنَهُ وَبَيْنَ الْبَيْتِ الْعَتِيقِ« [رواه الدارمي (3450)، وصححه الشيخ الألباني في “صحيح الجامع,ހުކުރު ދުވަހު ކަހްފު ސޫރަތް ކިޔަވައިފި މީހަކަށް، އެމީހަކާއި ކަޢުބަތުﷲ ގެފުޅާ ދެމެދު އަލިކޮށްދެނިވި ނޫރެއް ލެއްވޭނެއެވެ.,
صحيح الترغيب والترهيب، الألباني,2827,هي الحالقةُ لا أقولُ تحلقُ الشعرَ ولكن أقولُ تحلقُ الدِّينَ,އެއީ ނެތިދިޔުމެވެ. އަދި އިސްތަށިބޭލީމާ އެއިސްތަށި ނެތިގެންދާވާހަކައެއް ތިމަންކަލޭގެފާނު ވިދާޅުނުވަމެވެ. އެހެނެއްކަމަކު ތިމަންކަލޭގެފާނު މިވިދާޅުވަނީ ދީން ނެތިދާވާހަކައެވެ.,
صحيح الترغيب والترهيب، الألباني,2/124,بينا أنا نائمٌ أتاني رجلان فأخذ بضَبعي فأتيا بي جبلًا وعرًا فقالا اصعَدْ فقلتُ إنِّي لا أُطيقُه فقال إنَّا سنُسهِّلُه لك فصعِدتُ حتَّى إذا كنتُ في سواءِ الجبلِ إذا بأصواتٍ شديدةٍ قلتُ ما هذه الأصواتُ قالوا هذا عُواءُ أهلِ النَّارِ ثمَّ انطلق بي فإذا أنا بقومٍ معلَّقين بعراقيبِهم مشقَّقةٌ أشداقُهم تسيلُ أشداقُهم دمًا قال قلتُ من هولاء قال الَّذين يُفطِرون قبل تَحِلَّةِ صومِهم,އަބޫ އުމާމާ އަލްބާހިލީ ރަޟިޔަﷲ ޢަންހުގެ ކިބައިން ރިވާވެގެންވެއެވެ. ރަސޫލުﷲ ޞައްލަﷲ ޢަލައިހި ވަސައްލަމަ ޙަދީޘުކުރައްވަނިކޮށް ތިމަން އަޑުއެހީމެވެ. “އަހުރެން ނިދިކުރައްވަނިކޮށް ދެ ފިރިހެނަކު ވަޑައިގެން އަހުރެންގެ ދެއަތުގައި ހިއްޕެވިއެވެ. އަދި އެދެމީހުން އަހުރެން، ފަރުބަދައެއްގެ ކައިރިއަށް ގެންނެވިއެވެ. އަދި އެދެމީހުން ވިދާޅުވިއެވެ. ” (ފަރުބަދައަށް) އަރުއްވާށެވެ!” އަހުރެން ދެންނެވީމެވެ. “ހަމަކަށަވަރުން ތިޔަކަން އަހުރެންނަށް ކުޅަދާނަވެގެން ނުވެއެވެ.” ދެން އެދެމީހުން ދެންނެވިއެވެ. “ހަމަކަށަވަރުން އަހަރެމެން ތިބާއަށް އެކަން ފަސޭހަކޮށްދޭނަމެވެ.” ދެން އަހުރެން އެ ފަރުބަދައަށް އަރައިފީމެވެ. އެފަރުބަދައިގެ އެންމެ މައްޗަށް ފޯރައި، ގަދަފަދަ އަޑުތަކެއް އިވިއްޖެއުމަށް ދާންދެނެވެ. އަހުރެން ދެންނެވީމެވެ. “މިއީ ކޮން އަޑުތަކެއް ތޯއެވެ؟” އެމީހުން ބުންޏެވެ. “މިއީ ނަރަކައިގެ އަހުލުވެރިންގެ ރުއިމުގެ އަޑެވެ.” ދެން އެމީހުން އަހުރެންނައިގެން ވަޑައިގަތެވެ. އެހިނދުގައި އެބައެއްގެ ފުންނާބުން އެލުވިފައިވާ ބަޔަކު އަހުރެން ދުށީމެވެ. އެބައިމީހުންގެ އަނގަތަކުގެ ދެފަރާތް ވީދިފައިވެއެވެ. އަދި އެ ވީދިފައިވާ ތަންތަނުން ލޭ އޮހޮރި އޮހޮރި ވެއެވެ. އަހުރެން ދެންނެވީމެވެ. “އެއީ ކޮން ބައެއްތޯއެވެ؟” އެމީހާ ދެންނެވިއެވެ. “އެއީ އެބައިމީހުންނަށް ރޯދަ ދޫކޮށްލުން ހުއްދަވުމުގެ ކުރީގައި ރޯދަ ދޫކޮށްލި މީހުންނެވެ.”,
ضعيف الجامع، الألباني,2023,إِنَّ هذا العلمَ دينٌ ، فانظروا عمن تأخذونَ دينَكم,ހަމަކަށަވަރުން މިޢިލްމަކީ ދީނެވެ. ފަހެ ތިޔަބައިމީހުން ތިޔަބައިމީހުންގެ ދީން ނަގަނީ ކޮންފަރާތަކުންކަން ބަލާށެވެ.,
عمدة التفسير، أحمد شاكر,1/139,خيرُكُم مَن طالَ عُمرُهُ ، وحسُنَ عملُهُ,ނަބީ ﷺ ޙަދީޘްކުރައްވާފައި ވެއެވެ: ”ތިޔަބައިމީހުންގެ ތެރެއިން އެންމެ ހެޔޮވެގެންވަނީ، އެ މީހެއްގެ އުމުރު ދިގުވެ، އޭނާގެ އަމަލު ހެޔޮވި މީހެކެވެ.“,
عمدة التفسير، أحمد شاكر,1/162,اللهم أَحْسِنْ عاقبتَنا في الأمورِ كلِّها، وأَجِرْنا من خِزْيِ الدنيا وعذابِ الآخرةِ.,އޭ ﷲ އެވެ. އަޅަމެންގެ އެންމެހާ ކަންތައްތަކުގެ ނިމުން ރަނގަޅު ކޮށްދެއްވާށިއެވެ. އަދި ދުނިޔޭގެ ނިކަމެތިކަމާއި، އާޚިރަތުގެ އަޒާބުން އަޅަމެން ރައްކާތެރިކޮށްދެއްވާށިއެވެ.,
غاية المرام، الألباني,117,عَنْ حُذَيْفَةَ بْنِ الْيَمَانِ، قَالَ: نَهَانَا رَسُولُ اللَّهِ صَلَّى اللهُ عَلَيْهِ وَسَلَّمَ أَنْ نَأْكُلَ وَنَشْرَبَ فِي آنِيَةِ الذَّهَبِ وَالْفِضَّةِ وَأَنْ نَلْبَسَ الْحَرِيرَ وَالدِّيبَاجَ، وَقَالَ: «هِيَ لَهُمْ فِي الدُّنْيَا، وَهِيَ لَنَا فِي الْآخِرَةِ»,"""ޚުޛައިފާ ބުން އަލްޔަމާން ވިދާޅުވިއެވެ. ރަނާއި ރިހީގެ ކަންވާރުން ކެއުމާއި ބުއިން އަދި ފަށުވި ފެރާމުން ފޭރާންލުން ކީރިތި ރަސޫލާ ޞައްލަﷲ ޢަލައިހި ވަސައްލަމަ އަހަރެމެންނަށް މަނާ ކުރެއްވިއެވެ. އަދި އެކަލޭގެފާނު ވިދާޅުވިއެވެ. އެތަކެއްޗަކީ ދުނިޔޭގައި އެބައިމީހުންނަށް (ކާފިރުންނަށް) ހުރި ތަކެއްޗެވެ. އަދި އަހަރެމެންނަށް އެތަކެތި ހުރީ އާޚިރަތުގައެވެ""",
فتح الباري، ابن رجب,2/119,يخرُجُ من أصلِها أنهارٌ من ماءٍ غيرِ آسِنٍ، وأنهارٍ من لبنٍ لم يتغيرْ طَعمُه، وأنهارٌ من خَمرٍ لذةٍ للشارِبين، وأنهارٌ من عسلٍ مُصَفًّى,ކޯރުތައްވެއެވެ. ހަތަރު ވައްތަރެއްގެ ކޯރުތަ ސުވަރުގޭގައި އެއީ، ރަހައަށް ބަދަލެއް ނާންނަ ފެންކޯރުތަކާއި، ރަހައަށް ބަދަލެއް ނާންނަ ކިރުގެ ކޯރުތަކާއި، ބޯމީހުންނަށް މައްދަތު ލިއްބައިދޭ މަސްތުވުމެއްނެތް ރަލުގެ ކޯރުތަކާއި، ސާފް މައިގެ ކޯރުތަކެވެ.,
فقه السيرة، الألباني,259,قُم يا عمرُ فأجِبْهُ فقُل : اللهُ أعلَى وأجَلُّ . لا سَواءَ . قَتلانا في الجنَّةِ وقتلاكُم في النَّارِ . فقالَ لهُ أبو سفْيانَ : هلمَّ إليَّ يا عمرُ . فقالَ رسولُ اللهِ لعمرَ : ائتِه فانظرْ ما شأنُهُ ، فجاءَه . فقالَ لهُ أبو سفْيانَ : أنشُدُكَ اللهَ يا عمرَ أقتَلْنا محمَّدًا ؟ فقالَ عمرُ : اللَّهمَّ لا ، وإنَّه لَيسمعُ كلامَكَ الآنَ . قالَ : أنتَ عندي أصدَقُ مِن ابنِ قَميئَةَ – وهوَ الَّذي زعمَ أنَّه قتلَ النَّبيَّ - . ثمَّ نادَى أبو سفْيانَ : إنَّه قد كانَ في قتلاكُم مُثلَةٌ ، واللهِ ما رضيتُ ولا سخطتُ ما نهَيتُ ولا أمرتُ .,ދެންأبوسفيان ބުންޏެވެ. އޭ عمر އެވެ. ތިމަންގެ ގާތަށް އަންނާށެވެ! ފަހެ رسول الله ﷺ ޙަދީޘުކުރެއްވިއެވެ. ކަލޭގެފާނު އޭނާގެގާތަށް ވަޑައިގަންނަވާށެވެ! އަދި އޭނާބުނާއެއްޗެއް ބައްލަވާށެވެ! ފަހެ عمر ގެފާނު އޭނާގެގާތަށް ވަޑައިގެންނެވިއެވެ. ފަހެ އެކަލޭގެފާނަށް أبوسفيان ބުންޏެވެ. އޭ عمرއެވެ. ކީރިތިﷲ ހެކިކޮށް ކަލޭގެފާނަށް ބުނަމެވެ. ތިމަންމެނަށް محمد ގަތުލުކުރެވިއްޖެ ހެއްޔެވެ؟ عمر ގެފާނުވިދާޅުވިއެވެ. اللهم :އޭހައްދަވާބޮޑުކުރެއްވި ރަސްކަލާކޮ! ނޫނެކެވެ. ހަމަކަށަވަރުން މިހާރުވެސް ކަލޭގެވާހަކަ އައްސަވާނެއެވެ. އޭނާބުންޏެވެ. ތިމަންގެ ގާތުގައި اِبْنُ قَمْئَة :އިބުނު ގަމުއާގެ ބަހަށްވުރެ ކަލޭގެފާނުގެބަސް މާތެދުކަން ބޮޑެވެ. އަދި މާބޮޑަށްގަބޫލުކުރެވެއެވެ.,
لباب النقول، جلال الدين السيوطي,319,أنَّ الوليدَ بنَ المغيرةِ جاء إلى النَّبيِّ صلَّى اللهُ عليه وسلَّم فقرأ عليه القرآنَ فكأنَّه رقَّ له ، فبلغ ذلك أبا جهلٍ فأتاه فقال : يا عمِّ إنَّ قومَك يريدون أن يجمعوا لك مالًا ليُعطوكه ، فإن أتيتَ محمَّدًا لتعرِضَ لَما قبِله، قال : لقد علِمتْ قريشٌ أنِّي من أكثرِها مالًا ، قال : فقُلْ فيه قولًا يبلغُ قومَك أنَّك منكِرٌ له وأنَّك كارهٌ له . فقال : وماذا أقولُ فواللهِ ما فيكم رجلٌ أعلمَ بالشِّعرِ منِّي ، ولا برجزِه ولا بقصيدِه منِّي ، ولا بأشعارِ الجنِّ ، واللهِ ما يُشبهُ الَّذي يقولُ شيئًا من هذا ، واللهِ إنَّ لقولِه لحلاوةً ، وإنَّ عليه لطلاوةً ، وإنَّه لمنيرٌ أعلاه مشرقٌ أسفلُه ، وإنَّه ليعلو وما يُعلَى عليه ، وإنَّه ليُحطِّمُ ما تحته قال : لا يرضَى عنك قومُك حتَّى تقولَ فيه ، قال : فدَعْني حتَّى أفكِّرَ ، فلمَّا فكَّر قال : هذا سحرٌ يُؤثرُ يَأثرُه عن غيرِه ، فنزلت : ذَرْنِي وَمَنْ خَلَقْتُ وَحِيدًا,އަލްވަލީދު ބުނުލް މުޣީރާ އަކީ ގުރައިޝުންގެ ބޮޑުންގެ ތެރޭ ކަމުވޮށިވެގެންވާ ހަރު މީހެކެވެ. އޭނާގެ ވިސްނުން­ތެރި­ކަމަށް­ޓަކައި ރައިޙާނަތު ގުރައިޝްގެ ލަގަބު އޭނާއަށް ދެވިފަައި ވެއެވެ. އޭނާ ގުރުއާނުގެ ވާހަކަ އޮޅުން­ފިލުވުމަށް­ޓަކައި އަބޫބަކުރުގެފާނުގެ އަރިހަށް އެއްދުވަހަކު ޒިޔާރަތްކުރިއެވެ. ދެން އެވާހަކަތައް އަހާފައި އެއާމެދު އަޖާއިބުވެގެން ބުންޏެވެ. ”އިބްނު އަބީ ކަބްސާ (އެބަހީ ﷲގެ ރަސޫލާ ﷺ) މި ކިޔާ ބަސްތަކަކީ ކޮންފަދަ އަޖައިބު ބަސްތަކެއް ހެއްޔެވެ! ﷲ ގަންދީ ބުނަމެވެ. އެއީކީ ޅެމެއް ނޫނެވެ. ސިޙުރެއް ވެސް ނޫނެވެ. އަދިކިޔެއް، އެއީ މޮޔަގޮވުމެއް ވެސް ނޫނެވެ. ހަމަކަށަވަރުންވެސް މިއީ މާތްރަސްކަލާނގެ ބަސްފުޅުތަކެކެވެ.“ ދެން އޭނާ މާތް ނަބިއްޔާ ﷺ ގެ އަރިހަށް ޒިޔާރަތްކުރިއެވެ. ދެން އެކަލޭގެފާނު އޭނާއަށް ގުރުއާން ކިޔައިދެއްވިއެވެ. ރަސޫލު ﷲ ﷺ ކީރިތި ގުރްއާނުގެ އާޔަތްތައް ކިޔަވާވިދާޅުވާ އަޑުފުޅު އިވިފައި އޭނާގެ ހިތް އެޔަށް ލެނބުނު ފަދައެވެ. އެއަށްފަހު އޭނާ ބުންޏެވެ: ”ﷲ ގަންދީ ބުނަމެވެ. ހަމަކަށަވަރުން ވެސް އެކަލޭގެފާނުގެ އަރިހުން ބަސްފުޅުތަކެއް އަހައިފީމެވެ. މި އަޑުއިވުނު ބަސްފުޅުތަކަކީ އިންސިއެއްގެ ބަސްތަކެއް ނޫނެވެ. ޖިންނިއެއްގެ ބަސްތަކެއްވެސް ނޫނެވެ. އަދި ހަމަކަށަވަރުން އެއަށް ފޮނިމީރުކަމެއް ލިބިގެން ވެއެވެ. އޭގައި ފަޞާޙަތްތެރިކަމާއި ރިވެތިކަން ވެއެވެ. އެއީ މަތިވެރިވެގެންދާ ބަސްފުޅުތަކެކެވެ. އޭގެ މައްޗަކަށް އެހެންއެއްޗަކަށް ކުރިއެއް ނުހޯދޭނެއެވެ. މިއީކީ އިންސާނަކަށް ބުނެވޭނޭ ބަސްތަކެއް ނޫނެވެ.“ ދެން މި ވާހަކަތައް ގުރައިޝުން އަހައިގެން ބުނެފިއެވެ. ވަލީދު އަހަރެމެންގެ ދީން ދޫކޮށްލައިފިއެވެ. ގުރައިޝުންގެ އެންމެން ވެސް ދީން ދޫކޮށްލާނެއެވެ. އަބޫ ޖަހުލު ބުންޏެވެ. ”އޭނާގެ ކަންތައް އަހަންނަށް ދޫކޮށްލާށެވެ. އަހުރެން އެ ކަންތައް ހަމަޖައްސަފާނަމެވެ.“ ދެން އަބޫޖަހުލު ވަރަށް ހިތާމަވެރި މޫނަކާއިގެން ވަލީދުގެ ގެއަށް ހިނގައްޖެއެވެ. ދެން ވަލީދު އެހިއެވެ. ”ކަލޭ މާ ދެރަވެފައި ތިޔަހުރީ ކިއްވެފައިހެއްޔެވެ؟“ އަބޫ ޖަހުލު ބުންޏެވެ. ”ހިތާމަ ނުކުރާންވީ ހީއްވެހޭ؟ އޭ ބޮޑުބޭބޭއެވެ! ތިބާގެ ގައުމުގެ މީހުން އެއުޅެނީ ތިބާއަށް މުދާތަކެއް އެއްކުރަން ވެގެންނެވެ.“ ބުންޏެވެ: ”އެއީ ކީއްވެގެން ހެއްޔެވެ؟“ ”ތިބާއަށް ދޭން ވެގެންނެވެ. ގުރައިޝުން މުދާ އެ އެއްކުރަނީ ތިބާގެ މުސްކުޅި ޢުމުރުގައި އެހީތެރިވުމުގެ ގޮތުންނެވެ. އެމީހުން ބުނާ ގޮތުގައި މުޙައްމަދުގެ ވާހަކަ ތިބާ ޒީނަތްތެރިކޮށްފީމުއެވެ. އަދި އިބްނު އަބީ ކަބްސާއާއި އިބްނު އަބީ ގުޙާފާގެ ގެއަށް ތިޔަ ދަނީ އެދެމީހުން ކައިފައި ބާކީ ހުންނަ އެތިކޮޅު ހޯދާށެވެ.“ ދެން މި ވާހަކަ އަހައިފައި ވަލީދު ވަލީދު ވަރަށް ރުޅިގަދަވެއްޖެއެވެ. އަދި ބުންޏެވެ. ”އަހަރެންގެ ތިމާގެ މީހުން ތިފަދައިން ވާހަކަ ދެއްކީހެއްޔެވެ! ގުރައިޝުންކުރެ އެންމެ މުއްސަނދި މީހަކީ އަހަރެން ކަން ގުރައިޝުން ދަންނާނެއެވެ. އަދި އަހަރެންގެ މުދަލުގެ ގިނަކަން ކަލޭމެންނަށް ރަނގަޅަށް އެނގޭނއެވެ.“ ދެން އަބޫޖަހުލު ބުންޏެވެ. ”އެ ގުރްއާނަށް ތިބާ އިންކާރު ކުރާކަމާއި، މުޙައްމަދު އެ ދައްކާ ވާހަކަތަކާމެދު ކަލޭ ނުރެހޭކަން ގައުމުގެ މީހުންނަށް އެނގޭފަދަ ބަހެއް ތިބާ ވާނީ ބުނާށެވެ!“ ބުންޏެވެ: ”އަހުރެން ބުނާނީ ފަހެ ކީކޭ ހެއްޔެވެ؟ ﷲ ގަންދީ ބުނަމެވެ. ކަލޭމެންގެ ތެރޭގައި ޅެންވެރިކަމަށް އަހަންނަށްވުރެ މޮޅު މީހަކު ނުވެއެވެ. އޭގެ ވަޒަަންތަކާއި ޅެން ކިޔާގޮތާއި އެކި ޅެންބައިތަކާއި ޖިންނީންގެ ޅެމަށްދާންދެން ވެސް އަހަންނަށް ވުރެ މޮޅަށް އެނގޭ މީހަކު ނުވެއެވެ. ﷲ ގަންދީ ބުނަމެވެ. މުޙައްމަދު އެ ކިޔާ ތަކެއްޗަކީ މިޒާތުގެ އެއްޗެއް ނޫނެވެ. އޭނާ އެކިޔާ ތަކެތީގައި ފޮނިމީރުކަަމެއް ވެއެވެ. އޭއިން އޭގެ ދަށުގައި ވާތަކެތި ޗިސްޗިސްކޮށްލައެވެ. އެއީ އެހެން ތަކެތީގެ މައްޗަށް މަތިވެރިވެގެންވާ އެއްވެސް އެއްޗަކަށް އޭގެ މައްޗަށް ގަދަވެނުގަނެވޭ އެއްޗެކެވެ.“ އަބޫޖަހުލު ބުންޏެވެ. ﷲ ގަންދީ ބުނަމެވެ. ކަލޭ މުޙައްމަދާ ބެހޭ ގޮތުން އެއްޗެއް ނުބުނަނީސް ކަލޭގެ ގައުމުގެ މީހުން ކަލެޔާމެދު ނުރުހޭނެއެވެ. ބުންޏެވެ. އެހެން ވެއްޖެއްޔާ އަހަރެން ވިސްނާ ފިކުރުކޮށްލަން ވަގުތުކޮޅެއް ދޭށެވެ. ދެން އޭނާ ވިސްނުމަށްފަހު ގުރައިޝުން ސައްލާކުރާ ދާރުއްނަދުވާއަށް ހިނގައްޖެއެވެ. އޭރު ގުރައިޝުން ތިބީ ޙައްޖު މޫސުމުގައި ޢަރަބީންގެ އެކި ހިސާބުތަކުގެ މީހުން މައްކާއަށް އައިސް މުޙައްމަދުގެފާނާ ތަބާވެދާނެތީ އެކަލޭގެފާނާ ބެހޭ ގޮތުން އެންމެން އެއްބަހެއް ކިޔުމަށްޓަކައި އެންމެންގެ ރައުޔުތައް ހޯދަންވެގެންނެވެ. އެއްބަޔަކު ބުންޏެވެ. އެއީ ދޮގުވެރިއެކެވެ. އަނެއްބަޔަކު ބުންޏެވެ. އެކީ ޝާޢިރެކެވެ. އަނެއްބަޔަކު ބުންޏެވެ. އެކީ ކާހިނެކެވެ. އަނެއްބަޔަކު ބުންޏެވެ. އެއީ މޮޔައެކެވެ. ވަލީދު އިނީ މި ވާހަކަތަކަށް ވިސްނައި ފިކުރުކުރުމަށެވެ. ދެން ބޮޑާވެގެންފައި އޭނާ ބުންޏެވެ. ކަލޭމެން ތިކިޔަނީ އޭނާއަކީ މޮޔައެއްކަމުކައެވެ. އޭނާ ދުވަހަކުވެސް މޮޔައިން ކުރާކަހަލަ ކަމެއް ކުރަނިކޮށް ދެކުނިންހެއްޔެވެ؟ އެމީހުން ބުންޏެވެ. ﷲ ގަންދީބުނަމެވެ. ނުދެކެމެވެ. އޭނާ ބުންޏެވެ. ކަލޭމެން ތިޔަ ދަޢުވާކުރަނީ އޭނާއަކީ ޅެންވެރިއެއް ކަމުގައެވެ. އޭނާ ދުވަހަކުވެސް ޅެމެއް ކީއަޑު ކަލެމެން އެހިންހެއްޔެވެ؟ އެމީހުން ބުންޏެވެ. ﷲ ގަންދީބުނަމެވެ. ނާހަމެވެ. އޭނާ ބުންޏެވެ. ކަލޭމެން ތިޔަ ބުނާ ގޮތުގައި އޭނާއަކީ ދޮގުވެރިއެކެވެ. އޭނާގެ ކިބައިން ދުވަހަކުވެސް ދޮގެއް ކަލޭމެންނަށް ތަޖުރިބާކުރެވުނު ހެއްޔެވެ؟ އެމީހުން ބުންޏެވެ. ﷲ ގަންދީބުނަމެވެ. ނޫނެކެވެ. އޭނާ ބުންޏެވެ. ކަލޭމެން ތިކިޔަނީ އޭނާއަކީ ކާހިނެއް ކަމުގައެވެ. އޭނާ ދުވަހަކުވެސް ކާހިނުކަން ކުރިތަން ކަލޭމެން ދެކުނިން ހެއްޔެވެ؟ އަހަރެމެންނަން ފެންނަނީ ކާހިނުން ޒާތްޒާތުގެ ބަނދިވަރުތަކާއި ހާސަރުތައް ކިޔާތަނެވެ. ތިޔައިންކުރެ އެކަކު ވެސް އޭނާގެ ކިބައިން އެފަދަ ކަމެއް ދުށިންހެއްޔެވެ؟ އެމީހުން ބުންޏެވެ. ﷲ ގަންދީބުނަމެވެ. ނުދެކެމެވެ. ދެން ގުރައިޝުން ވަލީދަށް ބުންޏެވެ. އެހެންވެއްޖެއްޔާ ދެން އަހަރެމެން ކިޔަންވީ ކީކޭހެއްޔެވެ؟ ދެން އޭނާ ދޭނޭ ޖަވާބަކާމެދު ބަލައި ވިސްނިއެވެ. ދެން އޭނާ މޫނު ކުނިކޮށްލުމަށްފަހު ބުންޏެވެ. އެއި ސިހުރުވެރިއެކެވެ. މީހާއާއި އޭނާގެ އަނބިދަރިންނާއި އަޅުންނާ ދެމެދު އޭނާ ބައިބައިކުރާތީ ކަލޭމެންނަށް ފެންނާނެއެވެ. މިކަމާ ގުޅިގެން އަންނަނިވި އާޔަތްތައް ﷲ ބާވައިލެއްވިއެވެ. ذَرۡنِي وَمَنۡ خَلَقۡتُ وَحِيدٗا ١١ وَجَعَلۡتُ لَهُۥ مَالٗا مَّمۡدُودٗا ١٢ وَبَنِينَ شُهُودٗا ١٣ وَمَهَّدتُّ لَهُۥ تَمۡهِيدٗا ١٤ ثُمَّ يَطۡمَعُ أَنۡ أَزِيدَ ١٥ كَلَّآۖ إِنَّهُۥ كَانَ لِأٓيَٰتِنَا عَنِيدٗا ١٦ سَأُرۡهِقُهُۥ صَعُودًا ١٧ إِنَّهُۥ فَكَّرَ وَقَدَّرَ ١٨ فَقُتِلَ كَيۡفَ قَدَّرَ ١٩ ثُمَّ قُتِلَ كَيۡفَ قَدَّرَ ٢٠ ثُمَّ نَظَرَ ٢١ ثُمَّ عَبَسَ وَبَسَرَ ٢٢ ثُمَّ أَدۡبَرَ وَٱسۡتَكۡبَرَ ٢٣ فَقَالَ إِنۡ هَٰذَآ إِلَّا سِحۡرٞ يُؤۡثَرُ ٢٤ إِنۡ هَٰذَآ إِلَّا قَوۡلُ ٱلۡبَشَرِ ٢٥ سَأُصۡلِيهِ سَقَرَ ٢٦ ހަމައެކަނި ތިމަންރަސްކަލާނގެ ހެއްދެވި މީހާ، ކަލޭގެފާނު ތިމަންރަސްކަލާނގެއަށް ދޫކޮށްލައްވާށެވެ! (11) އަދި ގިނަވެގެންވާ މުދަލާއި ކައިރީގައި ތިބޭނެ ފިރިހެންދަރިން، ތިމަންރަސްކަލާނގެ އޭނާޔަށް ދެއްވީމެވެ. (12–13) އަދި (ދުނިޔޭގެ ހުރިހާ ކަމެއް) ތަނަވަސްކޮށްދެއްވައި، އޭނާޔަށް ފަސޭހަކޮށްދެއްވީމެވެ. (14) ދެންވެސް އޭނާ އެދެނީ، ތިމަންރަސްކަލާނގެ އިތުރުކޮށްދެއްވުމަށެވެ. (15) ހަމަހިލާ އެހެންނަކުން ނުވާނެއެވެ. ހަމަކަށަވަރުން، އޭނާވީ، ތިމަންރަސްކަލާނގެ އާޔަތްތަކަށް ދެކޮޅުހަދާ މީހެއް ކަމުގައެވެ. (16) ނިކަންހުރެ ތިމަންރަސްކަލާނގެ، ގަދަފަދަވެގެންވާ ޢަޛާބަކަށް ކުރިމަތިލުމަށް އޭނާއަށް ޖައްސަވާހުށީމެވެ. (17) ހަމަކަށަވަރުން، އޭނާ ވިސްނައި ފިކުރު ކޮށް ރޭވިއެވެ. (18) ފަހެ، އޭނާޔަށް ލަޢުނަތް ލެއްވިއެވެ. އޭނާ ރޭވީ ކޮންފަދައަކުން ހެއްޔެވެ؟ (19) ދެން އޭނާޔަށް ލަޢުނަތް ލެއްވިއެވެ. އޭނާ ރޭވީ ކޮންފަދައަކުން ހެއްޔެވެ؟ (20) ދެން އޭނާ ބަލައި ވިސްނިއެވެ. (21) ދެން އޭނާ މޫނު ކުނިކޮށްލިއެވެ. އަދި މޫނު ހެދިއެވެ. (22) ދެން އޭނާ ފުރަގަސްދިނެވެ. އަދި ބޮޑާވެގަތެވެ. (23) ފަހެ، އޭނާ ބުންޏެވެ. ޖާދޫގަރުންގެ ކިބައިން އައިސްފައިވާ ޖާދޫއެއް ކަމުގައި މެނުވީ މި ގުރްއާން ނުވެއެވެ. (24) އާދަމުގެދަރިންގެ ބަސްކަމުގައި މެނުވީ މި ގުރްއާން ނުވެއެވެ. (25) ނިކަންހުރެ ތިމަންރަސްކަލާނގެ އޭނާ ނަރަކަޔަށް ވައްދަވާހުށީމެވެ. (26),
لترغيب والترهيب، المنذري ,3/230,والذي نفْسُ محمَّدٍ صلَّى اللهُ عليه وسلَّمَ بيدِهِ لَتأمُرُنَّ بالمعروفِ ولَتَنهَوُنَّ عنِ المُنكَرِ، ولَتأخُذُنَّ على يَدَيِ السَّفيهِ، ولَتأطُرُنَّهُ على الحقِّ أَطْرًا، أو لَيضرِبَنَّ اللهُ قُلوبَ بعضِكم على بعضٍ، ويلعَنَكم كما لعَنهم.,"އިބްނު މަސްޢޫދުގެ އަރިއަހުން ރިވާވެގެންވާ ޙަދީޘެއްގެ މާނައިގައިވެ އެވެ. ނަބިއްޔާ (ޞ) ޙަދީޘްކުރެއްވި އެވެ. ""ތިމަން ނަބިއްޔާގެ ނަފްސުފުޅު އެފަރާތްޕުޅުގެ މިލްކުގައިވާ އިލާހު ގަންދެއްވައި ހުވާކުރައްވަމެވެ. ހަމަކަށަވަރުން ތިޔަބައި މީހުން ހެޔޮކަންތަކަށް އަމުރުކުރާނެ އެވެ. އަދި ތިޔަބައި މީހުން ނުބައިކަން ނަހީކުރާނެ އެވެ. އަދި ތިޔަބައި މީހުން ބުއްދި މަދު މީހާގެ އަތުގައި ހިފަހައްޓާނެ އެވެ. އަދި ތިޔަބައި މީހުން ރުޖޫޢަކުރުމަކުން އޭނާ ޙައްގަށް ރުޖޫޢަކުރާނެ އެވެ. ނުވަތަ (އެހެން ނޫންނަމަ)، الله ތިޔަބައި މީހުންގެ ތެރެއިން ބައެއްގެ ހިތްތައް އަނެއް ބައެއްގެ މައްޗަށް ޖައްސަވާނެ އެވެ. (އެބަހީ: ހިތްތައް މަސްހުނި ކުރައްވާނެ އެވެ.) ދެން އެއަށްފަހު (الله) އެބައި މީހުންނަށް ލަޢުނަތް ލެއްވި ފަދައިން ތިޔަބައި މީހުންނަށް ލަޢުނަތް ލައްވާނެ އެވެ.""",
لطائف المعارف، ابن رجب,348,وقالَ مُعَلَّى بنُ الفَضْلِ: كانوا يَدْعونَ الله ‌ستَّةَ ‌أشهرٍ ‌أنْ ‌يُبَلِّغَهُمْ ‌رمضانَ، ثمَّ يَدْعونَهُ ستَّةَ أشهرٍ أنْ يُتَقَبَّلَ منهُم,މުޢައްލާ ބިން ފަޟްލު ވިދާޅުވިއެވެ: (ސަލަފުންގެ) ބޭކަލުން ރަމަޟާން މަހާ ހިސާބަށް ފޯރުކޮށްދެއްވުން އެދި ހަ މަސްދުވަހު ﷲ އަށް ދުޢާކުރެއެވެ. އެއަށްފަހު ހަ މަސްދުވަހު އެ ބޭކަލުންގެ ކިބައިން ގަބޫލު ކުރެއްވުން އެދި އެ ބޭކަލުން އެ އިލާހަށް ދުޢާކުރެއެވެ.,
لطائف المعارف، ابن رجب,376,وعن الحسن، قال: إنَّ الله جَعَلَ شَهْرَ ‌رمضانَ ‌مضمارًا لخلقه يستبِقُون فيه بطاعتِه إلى مَرْضَاتِه، فَسَبَقَ قَوْمٌ ففازوا، وتخلَّف آخرون فخابُوا. فالعجَب من اللاعِب الضَّاحِك في اليوم الذي يفوز فيه المحسنون ويخسر فيه المبطِلُون,އަދި ޙަސަން (އަލްބަޞްރީ) ވިދާޅުވިއެވެ: ހަމަކަށަވަރުން ﷲ ރަމަޟާން މަސް ލެއްވެވީ އެ އިލާހުގެ ޚަލްގުތަކުން ވާދަކުރާ މައިދާނެއްގެ ގޮތުގައެވެ. އެބައިމީހުން އެތާ ވާދަކުރަނީ، އެ އިލާހަށް ކިޔަމަންވެގެން، އެ އިލާހުގެ ރުއްސެވުން ހޯދުމަށެވެ. ދެން ފަހެ ބަޔަކު މީހުން ކުރިއަރާ މޮޅުވެއެވެ. އަދި އެހެން ބަޔަކު ފަހަތަށް ޖެހި ދެރަވެއެވެ. ފަހެ އެ ދުވަހެއްގައި ހެޔޮ ކަންތައް ކުރާ މީހުން ކާމިޔާބުވެ، އަދި ބާތިލު ކަންތައް ކުރާ މީހުން ބަލިވާ ދުވަހު، ކުޅެމަޖާކޮށް ހޭންހުރި މީހާގެ އަޖައިބުކަމާއެވެ.,
لقط اللآلئ المتناثرة، الزبيدي,161,"""نَضَرَ اللهُ امرأً سَمِعَ مَقالَتي فوَعاها، فأدَّاها إلى مَن لم يَسمَعْ؛ فرُبَّ حامِلِ فِقهٍ غَيرِ فَقيهٍ، ورُبَّ حامِلِ فِقهٍ إلى مَن هو أفقَهُ منه."" وزادَ في كَثيرٍ مِن طُرُقِه: ثلاثٌ لا يُغِلُّ عليهنَّ قَلبُ المُؤمِنِ: إخلاصُ العَمَلِ للهِ، وطاعةُ ذوي الأمْرِ، ولُزومُ جَماعةِ المُسلِمينَ. وفي أوَّلِه مِن كَثيرٍ مِن طُرُقِه: خَطَبَنا بمَسجِدِ الخَيفِ بمِنًى.",ރަސޫލު ﷲ ﷺ ޙަދީޘް ކުރެއްވިއެވެ: ”ތިމަން ނަބިއްޔާގެ ބަސްފުޅު އަޑުއަހައި، އެ ދަސްކޮށް، ދެން އެ ބަސްފުޅު އަހައިފާ ނުވާ މީހަކަށް ފޯރުކޮށްދީފި މީހާގެ މޫނު އުޖާލާ ކުރައްވާށިއެވެ. އެހެނީ، ފަހަރެއްގައި ފިގްހެއް އުފުލާ މީހަކު، ފަގީހަކަށް ނުވެދާނެއެވެ. (އެބަހީ: އިލްމެއް ރައްކާކޮށް ނަގުލުކުރާ މީހަކު، އެ ރަނގަޅަށް ފަހުމްވާ އިލްމުވެރިއަކަށް ނުވެދާނެއެވެ.) އަދި ފަހަރެއްގައި ފިގްހެއް އުފުލާ މީހަކު، އޭނާއަށް ވުރެ (ބޮޑަށް ފަހުމްވާ) ފިގްހުވެރިއަކަށް އެ ފޯރުކޮށްދީފާނެއެވެ. ތިން ކަމެއްގައި މުއުމިނެއްގެ ހިތެއް ޚިޔާނާތްތެރިއެއް ނުވާނެއެވެ. (އެބަހީ: ހަގީގީ މުއުމިނަކު އެ ކަންކަމުގައި ބޭވަފާތެރިއެއް ނުވާނެއެވެ.) އެއީ ﷲ އަށް އަމަލުތައް އިޚްލާސްތެރި ކުރުމެވެ. އަދި ވެރިންނަށް ކިޔަމަންވުމެވެ. އަދި މުސްލިމުންގެ ޖަމާއަތަށް ލާޒިމުވުމެވެ.“,
مجمع الزوائد، الهيثمي,10/188,أنَّ ابنَ مسعودٍ كان يدعو اللهمَّ زِدْني إيمانًا ويقينًا وفَهْمًا أو قال عِلْمًا,"""އަޅުގެ ވެރިރަސްކަލާކޮ! މިއަޅާ އަށް ޢިލްމާއި އީމާންކަމާއި ޢަގީދާގެ ޔަގީންކަން އިތުރު ކޮށްދެއްވާނދޭވެ!""",
مجمع الزوائد، الهيثمي,4/53,إنِّي قَيَّنتُ عائشةَ لرسولِ اللهِ صلَّى اللهُ عليه وسلَّم، ثم جِئتُه فدَعوْتُه لجِلْوَتِها، فجاءَ فجلَس إلى جَنْبِها، فأتَى بعُسِّ لَبَنٍ فشَرِبَ، ثم ناوَلها فخَفَضتْ رَأْسَها واستَحْيَتْ، قالت أسماءُ: فانتَهَرْتُها، وقُلتُ لها: خُذي من يَدِ رسولِ اللهِ صلَّى اللهُ عليه وسلَّم، قالت: فأَخَذتْ فشَرِبَتْ شيئًا، ثم قال لها النَّبيُّ صلَّى اللهُ عليه وسلَّم: أَعطي تِرْبَكِ، قالت أسماءُ: فقُلتُ: يا رسولَ اللهِ، بل خُذْه فاشْرَبْ منه، ثم ناوِلْنيهِ من يَدِك فأَخَذَه فشَرِبَ منه، ثم ناوَلَنيهِ، قالت: فجَلَستُ ثم وَضَعتُ على رُكبَتي ثم طَفِقتُ أُديرُه وأَتبَعُه شَفَتَيَّ؛ لِأُصيبَ منه مَشرَبَ النَّبيِّ صلَّى اللهُ عليه وسلَّم، ثم قال لنِسْوَةٍ عندي: ناوِليهِنَّ، فقُلنَ: لا نَشْتَهيهِ، فقال النَّبيُّ صلَّى اللهُ عليه وسلَّم: لا تَجمَعْنَ جوعًا وكَذِبًا.,އެކަމަނާ ވިދާޅުވިއެވެ. ހަމަކަށަވަރުން ތިމަން، ރަސޫލާ صَلَّى اللهُ عَلَيْهِ وَسَلَّمَ ގެ އަރިހަށް ގެންދިޔުމަށްޓަކައި، ޢައިޝަތުގެފާނު ޒީނަތްތެރިކޮށްދެއްވީމެވެ. ދެން ތިމަން އެކަލޭގެފާނުގެ އަރިހަށް އައިސް، އެކަލޭގެފާނުގެ އަރިހުގައި އެކަމަނާ ކަޝްފުކުރެވިގެންވާ ހާލު ބައްލަވާލެއްވުމަށް ދެންނެވީމެވެ. އެކަލޭގެފާނު ވަޑައިގެން އެކަމަނާގެ އަރިހުގައި އިށީންދެވަޑައިގެން އިންނަވައިފިއެވެ. ދެން ބޮޑު ކިރުތައްޓެއް ގެނެވުނެވެ. އެއިން އެކަލޭގެފާނު ހިއްޕެވުމަށްފަހު އެކަމަނާއަށް އެއިން ދެއްވިއެވެ. ދެން އެކަމަނާ އިސްތަށުފުޅު ތިރިކުރެއްވިއެވެ. އަދި ލަދުފުޅުގަތެވެ. އަސްމާގެފާނު ވިދާޅުވިއެވެ. ފަހެ، ތިމަން އެކަމަނާއަށް ބާރަށް އެއްޗެއްބުނީމެވެ. އަދި ތިމަން އެކަމަނާއަށް ދެންނެވީމެވެ. ރަސޫލާ صَلَّى اللهُ عَلَيْهِ وَسَلَّمَ ގެ އަތްޕުޅުން ( ކިރުފޮދު ) ހިއްޕަވާށެވެ. އަސްމާގެފާނު ވިދާޅުވިއެވެ. ދެން އެކަމަނާ އެތަށިން މިންވަރެއް ހިއްޕެވިއެވެ. ރަސޫލާ صَلَّى اللهُ عَلَيْهِ وَسَلَّمَ އެކަމަނާއަށް ވިދާޅުވިއެވެ. ކަމަނާގެ އެކުވެރިޔާއަށްވެސް ދެއްވާށެވެ. އަސްމާގެފާނު ވިދާޅުވިއެވެ. ތިމަން ދެންނެވީމެވެ. އޭ ﷲގެ ރަސޫލާއެވެ! އަދި ކިއެއްތޯއެވެ. ކަލޭގެފާނު އެތަށިންނަންގަވާ އެއިން ހިއްޕަވާށެވެ. ދެން(އެއަށްފަހު) ކަލޭގެފާނުގެ އެ އަޅުގަނޑަށް ދެއްވާށެވެ. އެކަލޭގެފާނު އެތަށިނަންގަވައި، އެއިން މިންވަރެއް ހިއްޕެވުމަށްފަހު، އަހުރެންނަށް ދެއްވިއެވެ. އަސްމާގެފަނު ވިދާޅުވިއެވެ. ދެން ތިމަން އިށީންދެ، ތިމަންގެ ކަކޫމަތީގައި އެތަށި ބަހައްޓައިފީމެވެ. އެއަށްފަހު، އެބުއިމާއިގެން ކުރިޔަށް ދިއުމަށްޓަކައި އެތަށިނަގާ ކޮންމެހެންވެސް އެކަލޭގެފާނު ހިއްޕެވި އެއްޗަކުން ( އެހިއްޕެވި ދިމާއަކުން ) ބުއިމަށްޓަކައި އޭގައި ތުންފަތްޖެހީމެވެ. ދެން އެއަށްފަހު ތިމަންކައިރީގައި ތިބި އަންހެން ބޭކަނބަލުންނަށް ( ނިސްބަތްކުރައްވައި ) އެކަލޭގެފާނު ޙަދިޘްކުރެއްވިއެވެ. އެކަނބަލުންނަށްވެސް ދެއްވާށެވެ. ދެން އެކަނބަލުން ދެންނެވިއެވެ. އަޅުގަނޑުމެން އެބޯހިތެއް ނުވެއެވެ. ދެން އެކަލޭގެފާނު ޙަދީޘްކުރެއްވިއެވެ. ބަނޑުހައިހޫނުކަމާއި ދޮގުހެދުމާއި ( ދެކަން ) އެއްނުކުރައްވާށެވެ.”,
مجموع الفتاوى، ابن تيمية,44723,إذا دخلَ أَهلُ الجنَّةِ الجنَّةَ نادى منادٍ: يا أَهلَ الجنَّةِ إنَّ لَكُم عندَ اللَّهِ موعِدًا يريدُ أن يُنجزَكموه فيقولون: ما هو؟ ألم يبيِّضْ وجوهَنا ويثقِّل موازينَنا ويُدخِلْنا الجنَّةَ ويُجِرْنا من النَّار؛ قال فيَكشفُ الحجابَ فينظرونَ إليْهِ فما أعطاهم شيئًا أحبَّ إليْهم من النَّظرِ إليْهِ وَهيَ الزِّيادةُ,ޞުހައިބް رضي الله عنه ވިދާޅުވިއެވެ. ރަސޫލުﷲ ޞައްލަﷲ ޢަލައިހި ވަސައްލަމް ( لِّلَّذِينَ أَحْسَنُواْ ٱلْحُسْنَىٰ وَزِيَادَةٌ ) މިއާޔަތުގެ މާނައިގައި ޙަދީޘް ކުރެއްވިއެވެ. “ސުވަރުގޭގެ އަހުލުވެރިން ސުވަރުގެއަށް ވަދެ ނަރަކައިގެ އަހުލުވެރިން ނަރަކައަށް ވަނުމުން، ގޮވާލައްވާ ބޭކަލަކު ގޮވާލައްވާނެއެވެ. އެ ސުވަރުގޭގެ އަހުލުވެރިންނޭވެ! ﷲ ތަޢާލާ ތިޔަބައިމީހުންގެ މައްޗަށް އެ އިލާހުގެ ނިޢުމަށް ފުރިހަމަ ކުރެއްވުމަށްޓަކައި މަޥްޢިދެއް ކަނޑައަޅުއްވައިފިއެވެ. އެހިނދު އެބައިމީހުން ދަންނަވާނެއެވެ. އެއީ ކޮން ނިޢުމަތެއްތޯއެވެ؟ އެ އިލާހު އަހުރެމެންގެ މޫނުތައް އަލި ނުކުރައްވާ ހެއްޔެވެ؟ އަހުރެމެންގެ (ހެޔޮކަމުގެ) ފަތް ބަރުނުކުރައްވާ ހެއްޔެވެ؟ އަހުރެމެން ނަރަކައިން ދުރުކުރައްވާ ސުވަރުގެ ނުވައްދަވާހެއްޔެވެ؟ (އެބަހީ: އެހުރިހާ ނިޢުމަތެއްވެސް އެ އިލާހު ވަނީ އަހުރެމެންނަށް ދެއްވާފައެވެ. ދެން އެއަށްފަހުގައި ވަނީ ފަހެ ކޮން ނިޢުމަތެއްތޯއެވެ؟). ދެން ﷲ ތަޢާލާ އެބައިމީހުންނަށްޓަކައި ކަޝްފުވެވޮޑިގަންނަވާނެއެވެ. ފަހެ އެހިނދުން އެ އިލާހު ދުށުމަށްވުރެ ލޮބްވެތިކަން ބޮޑު ކަމެއް އެބައިމީހުންނަކަށް ނުވެއެވެ. الزيادة ގެމާނައަކީ އެއީއެވެ.),
مجموع الفتاوى، ابن تيمية,24/171,تفترقُ أمَّتي على ثلاثٍ وسبعينَ فرقة كلُّهُم في النَّارِ إلَّا واحدةٌ قيل يا رسولَ اللَّهِ و مَن هيَ قال من كان على مثلِ ما أنا عليه اليومُ وأصحابي وفي روايةٍ هي الجماعَةُ وفي روايةٍ يدُ اللَّهِ على الجماعةِ,އެބައިމީހުންނަކީ މިއަދު ތިމަންކަލޭގެފާނާއި ތިމަންކަލޭގެފާނުގެ ޞަޙާބީން ތިއްބެވި ގޮތުގައި ވާނޭ މީހުންނެވެ.,
مختصر المقاصد، الزرقاني,806,عن أبي الدرداء: لِكلِّ مَقامٍ مَقالٌ، ولِكلِّ زَمانٍ رِجالٌ.,އަބުއްދަރްދާ ވިދާޅުވިއެވެ: ”ކޮންމެ މަގާމަކަށް އެކަށޭނަ ބަހެއް ވެއެވެ. އަދި ކޮންމެ ޒަމާނަކަށް އެކަށޭނަ ފިރިހެނުންތަކެއް ވެއެވެ.“,
مسند الدارمي,608,أَخْبَرَنَا مُحَمَّدُ بْنُ كَثِيرٍ ، عَنِ الْأَوْزَاعِيِّ ، عَنْ حَسَّانَ قَالَ : كَانَ جِبْرِيلُ يَنْزِلُ عَلَى النَّبِيِّ - صَلَّى اللهُ عَلَيْهِ وَسَلَّمَ - بِالسُّنَّةِ كَمَا يَنْزِلُ عَلَيْهِ بِالْقُرْآنِ .,"ޙައްސާނު ބްނު ޢަޠިއްޔާرحمه الله ގެ އަރިހުން ރިވާވެގެންވެއެވެ. «كَانَ جِبْرِيلُ يَنْزِلُ عَلَى النَّبِيِّ صَلَّى اللهُ عَلَيْهِ وَسَلَّمَ بِالسُّنَّةِ، كَمَا يَنْزِلُ عَلَيْهِ بِالْقُرْآنِ» މާނައީ: ""ނަބިއްޔާ ﷺ ގެ މައްޗަށް ގުރްއާނައިގެން ޖިބްރީލުގެފާނު ފައިބާވަޑައިގަންނަވާ ފަދައިން، ސުންނަތައިގެން އެކަލޭގެފާނުގެ މައްޗަށް ފައިބާވަޑައިގަންނަވައެވެ."" سنن الدارمي: 108، والمراسيل لأبي داود: 536.",
مسند الدارمي,1815,أَخْبَرَنَا يَزِيدُ بْنُ هَارُونَ ، أَنْبَأَنَا أَصْبَغُ ، عَنِ الْقَاسِمِ بْنِ أَبِي أَيُّوبَ ، عَنْ سَعِيدٍ ، عَنِ ابْنِ عَبَّاسٍ ، عَنِ النَّبِيِّ - صَلَّى اللهُ عَلَيْهِ وَسَلَّمَ - قَالَ : مَا مِنْ عَمَلٍ أَزْكَى عِنْدَ اللهِ - عَزَّ وَجَلَّ - وَلَا أَعْظَمَ أَجْرًا مِنْ خَيْرٍ يَعْمَلُهُ فِي عَشْرِ الْأَضْحَى . قِيلَ : وَلَا الْجِهَادُ فِي سَبِيلِ اللهِ ؟ قَالَ : وَلَا الْجِهَادُ فِي سَبِيلِ اللهِ - عَزَّ وَجَلَّ - إِلَّا رَجُلٌ خَرَجَ بِنَفْسِهِ وَمَالِهِ فَلَمْ يَرْجِعْ مِنْ ذَلِكَ بِشَيْءٍ . قَالَ : وَكَانَ سَعِيدُ بْنُ جُبَيْرٍ إِذَا دَخَلَ أَيَّامُ الْعَشْرِ اجْتَهَدَ اجْتِهَادًا شَدِيدًا حَتَّى مَا يَكَادُ يَقْدِرُ عَلَيْهِ .,"އަދިވެސް އިބްނު ޢައްބާސް رضي الله عنهما ގެ އަރިހުން ރިވާވެގެންވެއެވެ. ރަސޫލުﷲ ﷺ ޙަދީޘްކުރެއްވިއެވެ. އަޟްޙާގެ (ޛުލްޙިއްޖާ މަހުގެ ފުރަތަމަ) ދިހަ ދުވަހު ކުރާ އަމަލުތަކަށްވުރެ، ﷲގެ ޙަޟުރަތުގައި އެއަމަލުތަކެއްގެ އިތުރުކަން ބޮޑު އަދި މަތިވެރި އަޖުރު ލިބޭ އަމަލެއް ނުވެއެވެ.”
//
ނަބިއްޔާ ޙަދީޘްކުރެއްވިއެވެ. ”މިދިހަ ދުވަސް (ޛުލްޙިއްޖާ މަހުގެ ފުރަތަމަ ދިހަ ދުވަސް) ފިޔަވައި ﷲ ތަޢާލާގެ ހަޒްރަތުގައި ހެޔޮ އަމަލުކުރުން ލޮބުވެތިކަންބޮޑު އެހެން ދުވަސްތަކެއް ނުވެއެވެ “",
مسند الروياني,239,نا أَبُو بَكْرٍ، نا سَعِيدُ بْنُ أَبِي مَرْيَمَ، نا نَافِعُ بْنُ يَزِيدَ، حَدَّثَنِي بَكْرُ بْنُ عَمْرٍو، حَدَّثَنِي شُعَيْبُ بْنُ زُرْعَةَ، أَنَّهُ سَمِعَ عُقْبَةَ بْنَ عَامِرٍ يَقُولُ: قَالَ رَسُولُ اللَّهِ صَلَّى اللهُ عَلَيْهِ وَسَلَّمَ: «‌يَخْرُجُ ‌مِنْ ‌أُمَّتِي ‌أَقْوَامٌ ‌يَشْرَبُونَ ‌الْقُرْآنَ ‌كَشُرْبِهِمُ ‌اللَّبَنَ»,ރަސޫލު ﷲ ﷺ ޙަދީޘް ކުރެއްވިއެވެ: ”ތިމަން ނަބިއްޔާގެ އުއްމަތުގެ މީސްތަކުން ތެރެއިން، އެބައިމީހުން ކިރު ބޯފަދައިން، ގުރްއާން ބޯލާނެ މީހުން ނުކުންނާނެއެވެ.“,صححه الألباني في صحيح الجامع 3653
مسند الشافعي,275,أنَّ رجُلًا سَأَلَ النَّبيَّ صلَّى اللهُ عليه وسلَّم عن إتْيانِ النِّساءِ في أدْبارِهنَّ، فقال: حَلالٌ، فلمَّا ولَّى دَعاهُ، فقال: كيف قلْتَ؟ في أيِّ الخُرْبتَينِ، أو في أيِّ الخُرْزتَينِ، أو في أيِّ الخُصفتَينِ؛ أمِنْ دُبُرِها في قُبُلِها؟ فنعَمْ، أمْ مِن دُبُرِها في دُبِرِها؟ فلا؛ إنَّ اللهَ لا يَسْتحيي مِن الحقِّ، لا تَأْتوا النِّساءَ في أدْبارِهنَّ.,އަންހެނުންގެ ފުރަގަސްފަރާތް ބޭނުންކުރުމާއި ބެހޭގޮތުން ނުވަތަ ފިރިހެނާ އޭނާގެ އަނބިމީހާގެ ފުރަގަސްފަރާތަށް ޖިމާޢުވުމާއި ބެހޭގޮތުން ހަމަކަށަވަރުން މީހަކު ރަސޫލާ صلى الله عليه و سلمގެ އަރިހުގައި ސުވާލު ދެންނެވިއެވެ. އެހިނދު އެކަލޭގެފާނު ޙަދީޘްކުރެއްވިއެވެ. ޙަލާލެވެ. ދެން އޭނާ ދާން އެނބުރިލި ހިނދު އެކަލޭގެފާނު އޭނާއަށް ގޮވާލެއްވިއެވެ. ނުވަތަ އޭނާ ގެނައުމަށް އަމުރުކުރައްވައި ގޮވާލައްވައި ހަދީޘްކުރެއްވިއެވެ. ތިޔަބުނުއްވީ ކީކޭހެއްޔެވެ؟ ޢައުރައިގެ ކޮންގުނަވަނަކަށް ހެއްޔެވެ؟ ނުވަތަ ކޮން ލޯވަޅަކަށް ހެއްޔެވެ؟ ނުވަތަ ކޮން ބާގަނޑަކަށްހެއްޔެވެ؟ އެއަންހެނާގެ ފަހަތުން ކުރިމަތިފަރާތުދޮރަށް ހެއްޔެވެ؟ އެހެންވެއްޖެނަމަ އާނއެކެވެ. ނަމަވެސް އޭނާގެ ފުރަގަހުން ގެންގޮސް ފުރަގަސްފަރާތުގެ ދޮރަށް ޖިމާޢުވުން ދަންނައެވެ! ފަހެ ނޫނެކެވެ! ފަހެ ޙައްގު ފާޅުކުރެއްވުމަށް ﷲ ސުބުޙާނަހޫ ވަތަޢާލަ ލަދުވެތިވެވޮޑިގެންނުވެއެވެ. ތިޔަބައިމީހުން އަންހެނުންގެ ފުރަގަސްފަރާތުގެ ދޮރަށް ޖިމާޢުވުނުވާށެވެ.,
مسند الشاميين، الطبراني,2118,عَنْ عُبَادَةَ بْنِ الصَّامِتِ قَالَ قَالَ رَسُولُ اللَّهِ صَلَّى اللَّهُ عَلَيْهِ وَسَلَّمَ مَنِ اسْتَغْفَرَ لِلْمُؤْمِنِينَ وَالْمُؤْمِنَاتِ كَتَبَ اللَّهُ لَهُ بِكُلِّ مُؤْمِنٍ وَمُؤْمِنَةٍ حَسَنَةً,ރަސޫލު ﷲ ﷺ ޙަދީޘް ކުރެއްވިއެވެ: ”ފިރިހެން މުއުމިނުންނާއި އަންހެން މުއުމިނުންނަށް ފާފަ ފުއްސެވުން އެދި ދަންނަވައިފި މީހަކަށް، (އެއިން) ކޮންމެ ފިރިހެން މުއުމިނަކާއި އަންހެން މުއުމިނަކަށް ﷲ އޭނާއަށް ހެޔޮކަމެއް ލިޔުއްވާނެއެވެ.“,
مسند الفاروق، ابن كثير,2/536,قال لي عمرُ بنُ الخطَّابِ : يا زيادُ هل تدري ما يهدِمُ دعائمَ الإسلامِ ؟ قلتُ : لا . قال : زَلَّةُ العالِمِ وجِدالُ المُنافقِ بالقرآنِ وحكمُ الأئمَّةِ المُضلِّين,(އިސްލާމްކަން) މުގުރައިލެވެނީ ޢިލްމުވެރިންގެ ކުށް ޖެހުމާއި، ގުރުއާނާއިމެދު މުނާފިގުން ކުރާ ޖަދަލާއި، މަގުފުރެދިނިވި އިމާމުންގެ ވެރިކަމުންނެވެ.,
مصنف ابن أبي شيبة,7545,عن نافع، قال: بلغ عمر بن الخطاب أن ناسا يأتون الشجرة التي بويع تحتها، قال: فأمر بها فقطعت.,އިބުން އަބީ ޝައިބާ އެކަލޭގެފާނުގެ މުޞަންނަފުގައި ނާފިޢުގެ އަރިހުން ރިވާކުރައްވާފައިވެއެވެ. އެކަލޭގެފާނު ވިދާޅުވިއެވެ. “އެގަހެއްގެ ދަށުގައި ބައިއަތު ހިފުނު ގަސްދޮށަށް ބަޔަކު ގޮސްހަދާކަން ޢުމަރު ބުން ޚައްޠާބާ ހަމަޔަށް ފޯރިއެވެ. ނާފިޢުގެފާނު ވިދާޅުވިއެވެ. “ޢުމަރުގެފާނު އަމުރުކުރެއްވުމުން އެގަސް ކަނޑާލެވުނެވެ.”,
مصنف ابن أبي شيبة,26949,حَدَّثَنَا هُشَيْمٌ ، عَنْ مُجَالِدٍ ، عَنِ الشَّعْبِيِّ ، عَنْ جَابِرٍ : أَنَّ عُمَرَ بْنَ الْخَطَّابِ أَتَى النَّبِيَّ صَلَّى اللهُ عَلَيْهِ وَسَلَّمَ بِكِتَابٍ أَصَابَهُ مِنْ بَعْضِ الْكُتُبِ ، فَقَالَ : يَا رَسُولَ اللهِ ! إِنِّي أَصَبْتُ كِتَابًا حَسَنًا مِنْ بَعْضِ أَهْلِ الْكِتَابِ ، قَالَ : فَغَضِبَ وَقَالَ : أَمُتَهَوِّكُونَ فِيهَا يَا ابْنَ الْخَطَّابِ ؟ وَالَّذِي نَفْسِي بِيَدِهِ لَقَدْ جِئْتُكُمْ بِهَا بَيْضَاءَ نَقِيَّةً ، لَا تَسْأَلُوهُمْ عَنْ شَيْءٍ فَيُخْبِرُوكُمْ بِحَقٍّ فَتُكَذِّبُوا بِهِ ، أَوْ بِبَاطِلٍ فَتُصَدِّقُوا بِهِ ، وَالَّذِي نَفْسِي بِيَدِهِ لَوْ أَنَّ مُوسَى كَانَ حَيًّا الْيَوْمَ مَا وَسِعَهُ إِلَّا أَنْ يَتَّبِعَنِي .,"ޖާބިރު ބްނު ޢަބްދިﷲ رضي الله عنه ގެ އަރިހުން ރިވާވެެގެންވެއެވެ: ""ފޮތުގެ އަހުލުވެރިންގެ ތެރެއިން ބަޔަކުގެ ކައިރިން ހޯދި ފޮތެއް ހިފައިގެން ޢުމަރު ބްނުލް ޚައްޠާބު، ނަބިއްޔާ ؛ ގެ އަރިހަށް ވަޑައިގެންނެވިއެވެ. ދެން އެކަލޭގެފާނު އެފޮތް ނަބިއްޔާ ؛ އަށް ކިޔަވާވިދާޅުވުމުން އެކަލޭގެފާނު ކޯފާއިސްކުރެއްވިއެވެ. އަދި ޙަދީޘްކުރެއްވިއެވެ: 'އޭ ޚައްޠާބުގެ ދަރިޔާއެވެ! (ޔަހޫދީންނާއި ނަޞާރާއިން އެބައިމީހުންގެ ދީނާއި ފޮތާއިމެދު ހައިރާންކަމެއްގައި ދެއަތަށް ކިރިކިރިތިބި ފަދައިން ތިޔަބައިމީހުންވެސް) އެކަމުގައި ޙައިރާންކަމުގައި ދެއަތަށް ކިރިކިރިވަނީ ހެއްޔެވެ؟! ތިމަންކަލޭގެފާނު ނަފްސު އެފަރާތެއް އަތްޕުޅުގައިވާ ފަރާތް ގަންދެއްވާ ވިދާޅުވަމެވެ. ހަމަކަށަވަރުން ތިމަންކަލޭގެފާނު އެމިއްލަތަކާއިގެން ތިޔަބައިމީހުންގެ ގާތަށް މިވަޑައިގެންނެވީ ސާފުވެ ހުދުވެ (ބަޔާންވެގެންވާ) ހާލުގައިއެވެ. ތިޔަބައިމީހުން އެބައިމީހުންގެ ގާތުން ކަމަކުން ސުވާލުނުކުރާށެވެ. ދެން އެބައިމީހުން ތިޔަބައިމީހުންނަށް ޙައްގުގޮތުން ޚަބަރުދިނުމުން ތިޔަބައިމީހުން އެކަންތައް ދޮގުކޮށް ނުވަތަ އެބައިމީހުން ބާޠިލުން ޚަބަރުދިނުމުން ތިޔަބައިމީހުން އެކަންތައް ތެދުކޮށްފާނެއެވެ. އެފަރާތެއްގެ އަތްޕުޅުގައި ތިމަންކަލޭގެފާނު ނަފްސުވާ ފަރާތް ގަންދެއްވާ ވިދާޅުވަމެވެ. މޫސާ ދިރިހުންނެވި ނަމަވެސް ތިމަންކަލޭގެފާނަށް ތަބަޢަވުން ނޫންގޮތެއް އެކަލޭގެފާނަށް ތަނަވަސްވެގެންނުވެއެވެ."" رواه أحمد في المسند: 15156",
مصنف ابن أبي شيبة,29914,حَدَّثَنَا عِيسَى بْنُ يُونُسَ، عَنْ ثَوْرٍ، عَنْ عَمْرِو بْنِ دِينَارٍ قَالَ: كَتَبَ عُمَرُ إِلَى أَبِي مُوسَى: «أَمَّا بَعْدُ فَتَفَقَّهُوا فِي السُّنَّةِ، ‌وَتَفَقَّهُوا ‌فِي ‌الْعَرَبِيَّةِ، وَأَعْرِبُوا الْقُرْآنَ فَإِنَّهُ عَرَبِيٌّ، وَتَمَعْدَدُوا فَإِنَّكُمْ مَعَدِّيُّونَ»,އެއަށްފަހު ދަންނާށެވެ. ތިޔަބައިމީހުން ސުންނަތުގައި ފިގުހުވެރި ވާށެވެ. އަދި އަރަބި ބަހުގައި ވެސް ފިގުހުވެރި ވާށެވެ. އަދި ގުރްއާނުގައިވާ އަރަބި ބަސްތަކުގެ މާނަ ދެނެގަންނާށެވެ. އެހެނީ ހަމަކަށަވަރުން އެ ގުރްއާން ވަނީ އަރަބި ބަހުންނެވެ. އަދި އާދައިގެ ހަރު ފޭރާންލައި އުޅޭށެވެ. އެހެނީ ހަމަކަށަވަރުން ތިޔަބައިމީހުންނީ މަޢުދު (ބިން ޢަދްނާން)ގެ ދަރިފަސްކޮޅުގެ ބަޔަކީމުއެވެ.,
مصنف عبد الرزاق,2734,عن الفاروق عمر ـ رضي الله عنه ـ أنه قال: إنما هلك من كان قبلكم أنهم اتخذوا آثار أنبيائهم بيَعا.,އަދި އިބުން އަބީ ޝައިބާއާއި ޢަބްދުއްރައްޒާގު، އެދެބޭކަލުންގެ މުޞައްނަފުގައި، އަލްފާރޫގު ޢުމަރު رضي الله عنه ގެ އަރިހުން ރިވާ ކުރައްވާފައިވެއެވެ. އެކަލޭގެފާނު ވިދާޅުވިއެވެ. “ތިޔަބައިމީހުންގެ ކުރީގެ އުއްމަތްތައް ހަލާކުވެގެން ދިޔައީ އެބައިމީހުން ނަބީބޭކަލުންގެ އާޡާރުތައް، (އެބޭކަލުން ބޭނުންކޮންފައިވާ ތަކެއްޗާ އަދި ދަތުރުތަކުގައި ނުވަތަ އެނޫންވެސް ހާލަތްތަކުގައި މަޑުކުރައްވާފައިވާ ތަންތަން) އަޅުކަންކުރާ އެއްޗިހި ނުވަތަ ތަންތަން ގޮތުގައި ބަލައިގަތުމުންނެވެ.”,
مصنف عبد الرزاق,5301,عَبْدُ الرَّزَّاقِ، عَنْ مَعْمَرٍ، عَنِ الزُّهْرِيِّ قَالَ: أَخْبَرَنِي مَنْ لَا أَتَّهِمُ، عَنْ أَصْحَابِ النَّبِيِّ ﷺ أَنَّهُمْ سَمِعُوا رَسُولَ اللهِ ﷺ فِي يَوْمِ جُمُعَةٍ مِنَ الْجُمَعِ، وَهُوَ عَلَى الْمِنْبَرِ يَقُولُ: يَا مَعْشَرَ الْمُسْلِمِينَ، إِنَّ هَذَا يَوْمٌ جَعَلَهُ اللهُ عِيدًا لِلْمُسْلِمِينَ فَاغْتَسِلُوا فِيهِ مِنَ الْمَاءِ، وَمَنْ كَانَ عِنْدَهُ طِيبٌ فَلَا يَضُرُّهُ أَنْ يَمَسَّ مِنْهُ، وَعَلَيْكُمْ بِهَذَا السِّوَاكِ.,ނަބިއްޔާގެ ޞަޙާބީންގެ އަރިހުން ރިވާ ކުރެވުނެވެ: ހުކުރު ދުވަހެއްގައި މިސްކިތުގެ މިންބަރު މަތީގައި ހުންނަވައިގެން ރަސޫލު ﷲ ﷺ ޙަދީޘް ކުރައްވަނިކޮށް އެބައިމީހުންނަށް އަޑުއިވުނެވެ: ”އޭ މުސްލިމުންގެ ޖަމާއަތުގެ މީހުންނޭވެ. ހަމަކަށަވަރުން މި ދުވަހަކީ މުސްލިމުންނަށް ޓަކައި ﷲ ލެއްވި އީދު ދުވަހެވެ. ފަހެ މި ދުވަހުގައި ތިޔަބައިމީހުން ފެނުން ހިނައި ތާހިރުވެގަންނާށެވެ. އަދި އެ މީހެއްގެ އަތުގައި ހުވަނދު ހުރި މީހަކު ފަހެ އެ ލުމަކުން އޭނާއަށް ވާނޭ ގެއްލުމެއް ނެތެވެ. އަދި ތިޔަބައިމީހުންގެ މައްޗަށް އޮތީ މި ސިވާކުން ދަތް އުނގުޅުމެވެ.“,
مصنف عبد الرزاق,16341,"عَبْدُ الرَّزَّاقِ ، عَنِ ابْنِ جُرَيْجٍ ، وَمَعْمَرٍ ، وَالثَّوْرِيِّ ، عَنِ ابْنِ طَاوُسٍ ، عَنْ أَبِيهِ ، أَنَّ رَجُلًا جَاءَ النَّبِيَّ صَلَّى اللهُ عَلَيْهِ وَسَلَّمَ فَقَالَ : يَا رَسُولَ اللهِ ، إِنَّ أُمِّي تُوُفِّيَتْ وَلَمْ تُوصِ أَفَأُوصِي عَنْهَا ؟ قَالَ : "" نَعَمْ قَالَ : وَجَاءَ رَجُلٌ مِنْ خَثْعَمَ فَقَالَ : يَا رَسُولَ اللهِ إِنَّ أَبِي شَيْخٌ كَبِيرٌ لَا يَسْتَطِيعُ أَنْ يَحُجَّ إِلَّا مُعْتَرِضًا عَلَى بَعِيرِهِ أَفَأَحُجُّ عَنْهُ قَالَ : "" نَعَمْ .","އިބުނު ޢައްބާސް رضي الله عنهما ގެ ކިބައިން ރިވާވެގެންވެއެވެ. (أَنَّ رَجُلاً قَالَ: يَا رَسُولَ اللهِ، إِنَّ أُمِّي تُوُفِّيَتْ وَلَمْ تُوصِ، أَفَيَنْفَعُهَا أَنْ أَتَصَدَّقَ عَنْهَا؟ قَالَ: نَعَمْ) މާނައީ: ""ހަމަކަށަވަރުން މީހަކު ނަބިއްޔާއަށް ދެންނެވިއެވެ. ""އޭ ﷲގެ ރަސޫލާއެވެ. ތިމަންކަލޭގެފާނުގެ މަންމަ ނިޔާވެއްޖެއެވެ. އަދި އެއްވެސް ވަޞިއްޔަތެއް ނުކުރައްވައެވެ. އެކަމަނާގެ މަތިން ޞަދަގާތްކޮށްފިނަމަ އެކަމަނާއަށް މަންފާކުރާނެ ތޯއެވެ؟ ނަބިއްޔާ ﷺ ޙަދީޘްކުރެއްވިއެވެ: ""އާނއެކެވެ"" رواه البخاري في الأدب المفرد (39) وصححه الألباني.",
معجم الصحابة، ابن قانع,3/133,لَا قُدِّسَتْ أُمَّةً ‌لَا ‌يُؤْخَذُ ‌لِضَعِيفِهَا مِنْ قَوِيِّهَا غَيْرَ مُتَعْتَعٍ.,”އުނދަގުލަކާ ނުލާ ނިކަމެތި މީހާއަށް އޭނާގެ ހައްގު، ގަދަފަދަ މީހާގެ ކިބައިން ހޯދައި ނުދެވޭ އުއްމަތެއް ތާހިރު ނުކުރައްވާށިއެވެ.“,
المنتقى، ابن الجارود,71,حَدَّثَنَا ابْنُ الْمُقْرِئِ، قَالَ: ثَنَا سُفْيَانُ، عَنْ يَحْيَى بْنِ سَعِيدٍ، عَنْ مُحَمَّدِ بْنِ إِبْرَاهِيمَ التَّيْمِيِّ، عَنْ عَلْقَمَةَ بْنِ وَقَّاصٍ، قَالَ: سَمِعْتُ عُمَرَ رَضِيَ اللهُ عَنْهُ عَلَى الْمِنْبَرِ وَهُوَ يُخْبِرُ ذَلِكَ عَنْ رَسُولِ اللهِ ﷺ: إِنَّ الْأَعْمَالَ بِالنِّيَّةِ، وَإِنَّ لِكُلِّ امْرِئٍ مَا نَوَى، فَمَنْ كَانَتْ هِجْرَتُهُ إِلَى اللهِ وَرَسُولِهِ فَهِجْرَتُهُ إِلَى مَا هَاجَرَ إِلَيْهِ، وَمَنْ كَانَتْ هِجْرَتُهُ إِلَى دُنْيَا يُصِيبُهَا أَوِ امْرَأَةٍ يَنْكِحُهَا، فَهِجْرَتُهُ إِلَى مَا هَاجَرَ إِلَيْهِ.,މިންބަރު މަތީގައި ހުންނަވައިގެން ޢުމަރު ބިން އަލްޚައްޠާބު رَضِيَ اللَّهُ عَنْهُ ވިދާޅުވިއެވެ: ރަސޫލު ﷲ ﷺ ޙަދީޘް ކުރެއްވިއެވެ: ”ނިޔަތުގެ މައްޗަށް މެނުވީ އަމަލުތައް ބިނާ ވެގެނެއް ނުވެއެވެ. އަދި ކޮންމެ މީހަކަށް ވެސް ވަނީ، އެ މީހަކު ނިޔަތް ގަތް ކަމެކެވެ. ވީމާ، މީހަކު ހިޖުރަ ކުރީ ﷲ އާއި އެ އިލާހުގެ ރަސޫލާއަށްޓަކައި ނަމަ، ފަހެ އެ މީހެއްގެ ހިޖުރަ ވަނީ، އޭނާ އެ ހިޖުރަ ކުރި ކަމަކަށެވެ. އަދި މީހަކު ހިޖުރަ ކުރީ ދުނިޔެ ހޯދުމަށް ނުވަތަ އަންހެނަކާ އިނުމަށް ކަމުގައި ވަނީ ނަމަ، ފަހެ އެ މީހެއްގެ ހިޖުރަ ވަނީ، އޭނާ އެ ހިޖުރަ ކުރި ކަމަކަށެވެ.“,b1
المنتقى، ابن الجارود,638,حَدَّثَنَا مُحَمَّدُ بْنُ يَحْيَى، قَالَ: ثَنَا أَبُو الْوَلِيدِ، قَالَ: ثَنَا أَبُو عَوَانَةَ، عَنْ عُمَرَ بْنِ أَبِي سَلَمَةَ، عَنْ أَبِيهِ، عَنْ أَبِي هُرَيْرَةَ رَضِيَ اللهُ عَنْهُ قَالَ: قَالَ رَسُولُ اللهِ ﷺ: لَعَنَ اللهُ الرَّاشِيَ وَالْمُرْتَشِيَ.,އަބޫ ހުރައިރާ رَضِيَ اللَّهُ عَنْهُ ރިވާ ކުރެއްވިއެވެ: ރަސޫލު ﷲ ﷺ ޙަދީޘް ކުރެއްވިއެވެ: ”ރިޝްވަރު ދޭ މީހާއާއި ރިޝްވަތުގައި ހިފާ މީހާއަށް ﷲ ލަޢުނެތް ލައްވާށިއެވެ.“,
المنتقى، ابن الجارود,638,حَدَّثَنَا مُحَمَّدُ بْنُ يَحْيَى، قَالَ: ثَنَا أَبُو الْوَلِيدِ، قَالَ: ثَنَا أَبُو عَوَانَةَ، عَنْ عُمَرَ بْنِ أَبِي سَلَمَةَ، عَنْ أَبِيهِ، عَنْ أَبِي هُرَيْرَةَ رَضِيَ اللهُ عَنْهُ قَالَ: قَالَ رَسُولُ اللهِ ﷺ: لَعَنَ اللهُ الرَّاشِيَ وَالْمُرْتَشِيَ.,އަބޫ ހުރައިރާ رَضِيَ اللَّهُ عَنْهُ ރިވާ ކުރެއްވިއެވެ: ރަސޫލު ﷲ ﷺ ޙަދީޘް ކުރެއްވިއެވެ: ”ރިޝްވަރު ދޭ މީހާއާއި ރިޝްވަތުގައި ހިފާ މީހާއަށް ﷲ ލަޢުނެތް ލައްވާށިއެވެ.“,
نيل الأوطار، الشوكاني,6/355,لمَّا قدِمَ المُهاجرونَ المدينةَ علَى الأنصارِ تزوَّجوا من نِسائِهِم، وَكانَ المُهاجرونَ يُجِبُّونَ، وَكانتِ الأنصارُ لا تُجبِّي، فأرادَ رجلٌ امرأتَهُ منَ المُهاجرينَ علَى ذلِكَ، فأبَت علَيهِ حتَّى تَسألَ النَّبيَّ صلَّى اللَّهُ علَيهِ وآلِهِ وسلَّمَ، قالَ: فأتَتْهُ ، فاستحيَتْ أن تسألَهُ، فسَألتهُ أمُّ سلمةَ، فنزلَت: نِسَاؤُكُمْ حَرْثٌ لَكُمْ فَأْتُوا حَرْثَكُمْ أَنَّى شِئْتُمْ وقالَ: لا، إلَّا في صمامٍ واحدٍ,އެކަމަނާ ވިދާޅުވިއެވެ. އަންޞާރުންގެ އަރިހަށް މުހާޖިރުން ހިޖުރަކުރައްވައި މަދީނާއަށް ވަޑައިގެންނެވި ހިނދު، އެބޭކަލުން އަންޞާރިއްޔަ ބޭކަނބަލުންނާއި ކައިވެނިކުރެއްވިއެވެ. އަދި މުހާޖިރުން އޭބޭކަލުންގެ އަނބިން ރުކޫޢުގައި އޮންނަގޮތަށް ގުދަށް ބާއްވައިގެން ނުވަތަ މޫނު ދަށަށް ވާގޮތަށް ބަނޑުޖަހާގޮތަށް ތިރިކޮށް ބާއްވައިގެން ޖިމާޢުވެއުޅެއެވެ. އެހެނެއްކަމަކު އަންޞާރުން މިގޮތަށް އަމަލުކުރާކަމުގައި ނުވެއެވެ. ފަހެ މުހާޖިރުންގެ ތެރެއިން ބޭކަލަކު އެކަލޭގެފާނުގެ އަނބިކަނަބަލުންނާއި އެކީ މިގޮތަށް ޖިމާޢުވުމަށް ގަސްތުކުރިހިނދު، ރަސޫލާ صلى الله عليه و سلم އާއި ސުވާލުކޮށްފުމަށްދާންދެން އެކަނބުލޭގެ އެކަމަށް އިންކާރުކުރިއެވެ. އުއްމުސަލަމާ ވިދާޅުވިއެވެ: ފަހެ އެކަނބުލޭގެ ރަސޫލުﷲ صلى الله عليه و سلمގެ އަރިހަށް އައެވެ. ފަހެ އެކަނބުލޭގެ އެކަލޭގެފާނާއި ސުވާލުކުރުމަށް ލަދުވެތިވިއެވެ. ދެންފަހެ އުއްމުސަލަމާ رضي الله عنها އެކަލޭގެފާނާއި ސުވާލުކުރެއްވިއެވެ. އެހިނދު މިއާޔަތް ބާވައިލެއްވުނެވެ. (نِسَاؤُكُمْ حَرْثٌ لَّكُمْ فَأْتُوا حَرْثَكُمْ أَنَّىٰ شِئْتُمْ)(އަލްބަގަރާ 223) މާނައީ: ” ތިޔަބައިމީހުންގެ އަނބިންނީ، ތިޔަބައިމީހުންނަށްވާ ދަނޑުބިމެކެވެ. ފަހެ ތިޔަބައިމީހުން ބޭނުންފަދައަކުން ތިޔަބައިމީހުންގެ ދަނޑުބިމަށް އަންނާށެވެ! (އެބަހީ: ނަސްލު އުފެދުމުގެ މަގު ޚިޔާރުކުރާށެވެ.) “ އަދި އެކަލޭގެފާނު ޙަދީޘްކުރެއްވިއެވެ. ކުރިމަތިފަރާތްކަމުގައި ވާހާހިނދު އިންކާރުނުކުރާށެވެ.”,