source,#,bodyAR,bodyDV,takhrij
جامع الترمذي,241,حَدَّثَنَا عُقْبَةُ بْنُ مُكْرَمٍ وَنَصْرُ بْنُ عَلِيٍّ، قَالَا: حَدَّثَنَا سَلْمُ بْنُ قُتَيْبَةَ، عَنْ طُعْمَةَ بْنِ عَمْرٍو، عَنْ حَبِيبِ بْنِ أَبِي ثَابِتٍ، عَنْ أَنَسِ بْنِ مَالِكٍ، قَالَ: قَالَ رَسُولُ اللهِ ﷺ: مَنْ صَلَّى لِلهِ أَرْبَعِينَ يَوْمًا فِي جَمَاعَةٍ يُدْرِكُ التَّكْبِيرَةَ الْأُولَى كُتِبَتْ لَهُ بَرَاءَتَانِ: بَرَاءَةٌ مِنَ النَّارِ، وَبَرَاءَةٌ مِنَ النِّفَاقِ. وَقَدْ رُوِيَ هَذَا الْحَدِيثُ عَنْ أَنَسٍ مَوْقُوفًا، وَلَا أَعْلَمُ أَحَدًا رَفَعَهُ إِلَّا مَا رَوَى سَلْمُ بْنُ قُتَيْبَةَ، عَنْ طُعْمَةَ بْنِ عَمْرٍو، وَإِنَّمَا يُرْوَى هَذَا عَنْ حَبِيبِ بْنِ أَبِي حَبِيبٍ الْبَجَلِيِّ، عَنْ أَنَسِ بْنِ مَالِكٍ قَوْلَهُ.,އަނަސް ބިން މާލިކު ރިވާ ކުރެއްވިއެވެ: ރަސޫލު ﷲ ﷺ ޙަދީޘް ކުރެއްވިއެވެ: ”ފުރަތަމަ ތަކްބީރު ލިބޭގޮތަށް ﷲ އަށްޓަކައި ސާޅީސް ދުވަސްވާންދެން ޖަމާއަތުގައި ނަމާދުކޮށްފި މީހާ، އޭނާ ދެ ކަމަކުން ބަރީއަވާނޭ ކަމަށް ލިޔެވޭނެއެވެ. އެއީ ނަރަކައިން ބަރީއަވުމާއި، މުނާފިގުކަމުން ބަރީއަވުމެވެ.“,
جامع الترمذي,241,حَدَّثَنَا عُقْبَةُ بْنُ مُكْرَمٍ وَنَصْرُ بْنُ عَلِيٍّ، قَالَا: حَدَّثَنَا سَلْمُ بْنُ قُتَيْبَةَ، عَنْ طُعْمَةَ بْنِ عَمْرٍو، عَنْ حَبِيبِ بْنِ أَبِي ثَابِتٍ، عَنْ أَنَسِ بْنِ مَالِكٍ، قَالَ: قَالَ رَسُولُ اللهِ ﷺ: مَنْ صَلَّى لِلهِ أَرْبَعِينَ يَوْمًا فِي جَمَاعَةٍ يُدْرِكُ التَّكْبِيرَةَ الْأُولَى كُتِبَتْ لَهُ بَرَاءَتَانِ: بَرَاءَةٌ مِنَ النَّارِ، وَبَرَاءَةٌ مِنَ النِّفَاقِ. وَقَدْ رُوِيَ هَذَا الْحَدِيثُ عَنْ أَنَسٍ مَوْقُوفًا، وَلَا أَعْلَمُ أَحَدًا رَفَعَهُ إِلَّا مَا رَوَى سَلْمُ بْنُ قُتَيْبَةَ، عَنْ طُعْمَةَ بْنِ عَمْرٍو، وَإِنَّمَا يُرْوَى هَذَا عَنْ حَبِيبِ بْنِ أَبِي حَبِيبٍ الْبَجَلِيِّ، عَنْ أَنَسِ بْنِ مَالِكٍ قَوْلَهُ.,އަނަސް ބިން މާލިކު ރިވާ ކުރެއްވިއެވެ: ރަސޫލު ﷲ ﷺ ޙަދީޘް ކުރެއްވިއެވެ: ”ފުރަތަމަ ތަކްބީރު ލިބޭގޮތަށް ﷲ އަށްޓަކައި ސާޅީސް ދުވަސްވާންދެން ޖަމާއަތުގައި ނަމާދުކޮށްފި މީހާ، އޭނާ ދެ ކަމަކުން ބަރީއަވާނޭ ކަމަށް ލިޔެވޭނެއެވެ. އެއީ ނަރަކައިން ބަރީއަވުމާއި، މުނާފިގުކަމުން ބަރީއަވުމެވެ.“,
جامع الترمذي,413,إِنَّ أَوَّلَ مَا يُحَاسَبُ بِهِ الْعَبْدُ يَوْمَ الْقِيَامَةِ مِنْ عَمَلِهِ صَلَاتُهُ فَإِنْ صَلُحَتْ فَقَدْ أَفْلَحَ وَأَنْجَحَ وَإِنْ فَسَدَتْ فَقَدْ خَابَ وَخَسِرَ,ހަމަކަށަވަރުން އަޅާގެ އަމަލުތަކުގެ ތެރެއިން، ގިޔާމާތް ދުވަހު އެންމެ ފުރަތަމަ ޙިސާބު ބެއްލެވޭނީ އެމީހެއްގެ ނަމާދާ ބެހޭގޮތުންނެވެ. ފަހެ ނަމާދު ރަނގަޅުވެއްޖެނަމަ، ނަޖާވެ ކާމިޔާބުވެއްޖެއެވެ. ނަމާދު ފަސާދަވެއްޖެނަމަ ގެއްލި ހަލާކުވެއްޖެއެވެ.,
جامع الترمذي,414,من ثابرَ على ثنتي عشرةَ رَكعةً منَ السُّنَّةِ بنى اللَّهُ لَهُ بيتًا في الجنَّةِ أربعِ رَكعاتٍ قبلَ الظُّهرِ ورَكعتينِ بعدَها ورَكعتينِ بعدَ المغربِ ورَكعتينِ بعدَ العشاءِ ورَكعتينِ قبلَ الفجرِ.,ރަސޫލު ﷲ ﷺ ޙަދީޘް ކުރެއްވިއެވެ: ”ސުންނަތުގެ ތެރެއިންވާ ބާރަ ރަކުޢަތުގެ މަތީ ކެތްތެރިވެ ދެމިހުރެއްޖެ މީހާކަށް، ސުވަރުގޭގައި ގެއެއް ބިނާކުރެވޭނެއެވެ. (އެ ރަކުޢަތްތަކަކީ:) މެންދުރު ނަމާދު ކުރިން ހަތަރު ރަކުޢަތެވެ. އަދި މެންދުރު ނަމާދު ފަހުން ދެ ރަކުޢަތެވެ. އަދި މަޢްރިބް ނަމާދު ފަހުން ދެ ރަކުޢަތެވެ. އަދި ޢިޝާ ނަމާދު ފަހުން ދެ ރަކުޢަތެވެ. އަދި ފަތިސް ނަމާދު ކުރިން ދެ ރަކުޢަތެވެ.“,
جامع الترمذي,415,مَن صلَّى في يومٍ وليلةٍ ثِنْتَيْ عَشْرةَ ركعةٍ ، بَنَي له بيتٌ في الجنَّةِ : أرْبَعًا قبلَ الظُّهرِ ، وركعتيْنِ بعدَها، وركعتيْنِ بعدَ المغرِبِ ، وركعتَيْنِ بعدَ العِشاءِ ، وركعتيْنِ قبلَ الفَجرِ - صلاةِ الغَداةِ,ޢުއްމު ހަބީބާބިންތް އަބޫ ސުފްޔާން ވިދާޅުވިއެވެ. ރަސޫލު صلي الله عليه وسلم ހަދީޘް ކުރެއްވިއެވެ. “ރެއާއި ދުވާލު ސުއްނަތް 12 ރަކްޢަތް އަދާ ކޮށްފި މީހާއަށް ﷲތަޢާލާ ސުވަރުގެއިން ގަނޑުވަރެއް ބިނާކޮށްދެއްވާނެއެވެ.” އެއީ: *މެންދުރު ނަމާދުގެ ކުރީގެ 4 ރަކްޢަށް އަދި ފަހުގެ 2 ރަކުޢްތެވެ. *މަޢްރިބް ނަމާދުގެ ފަހުގެ 2 ރަކުޢަތެވެ. *ޢިޝާ ނަމާދުގެ ފަހުގެ 2 ރަކުޢަތެވެ. *އަދި ފަތިސް ނަމާދުގެ ކުރީގެ 2 ރަކުޢަތެވެ.,
جامع الترمذي,473,مَن صلَّى الضُّحى ثنتي عشرةَ رَكعةً بنى اللَّهُ لَه قصرًا من ذَهبٍ في الجنَّةِ,ޟުޙާ ނަމާދުގައި ބާރަ ރަކްޢަތް ކޮށްފިމީހާއަށް ﷲ ސުވަރުގޭގައި ރަނުން ގަނޑުވަރެއް ބިނާކޮށްދެއްވާނެއެވެ.,
جامع الترمذي,484,"حَدَّثَنَا مُحَمَّدُ بْنُ بَشَّارٍ، بُنْدَارٌ حَدَّثَنَا مُحَمَّدُ بْنُ خَالِدِ ابْنُ عَثْمَةَ، حَدَّثَنِي مُوسَى بْنُ يَعْقُوبَ الزَّمْعِيُّ، حَدَّثَنِي عَبْدُ اللَّهِ بْنُ كَيْسَانَ، أَنَّ عَبْدَ اللَّهِ بْنَ شَدَّادٍ، أَخْبَرَهُ عَنْ عَبْدِ اللَّهِ بْنِ مَسْعُودٍ، أَنَّ رَسُولَ اللَّهِ صلى الله عليه وسلم قَالَ "" أَوْلَى النَّاسِ بِي يَوْمَ الْقِيَامَةِ أَكْثَرُهُمْ عَلَىَّ صَلاَةً "" . قَالَ أَبُو عِيسَى هَذَا حَدِيثٌ حَسَنٌ غَرِيبٌ . وَرُوِيَ عَنِ النَّبِيِّ صلى الله عليه وسلم أَنَّهُ قَالَ "" مَنْ صَلَّى عَلَىَّ صَلاَةً صَلَّى اللَّهُ عَلَيْهِ بِهَا عَشْرًا وَكَتَبَ لَهُ بِهَا عَشْرَ حَسَنَاتٍ "" .",ޢަބްދު ﷲ ބިން މަސްޢޫދުގެ އަރިހުން ރިވާވެގެނެވެއެވެ: ރަސޫލު ﷲ ﷺ ޙަދީޘް ކުރެއްވިއެވެ: ”މީސްތަކުންގެ ތެރެއިން ގިޔާމަތް ދުވަހު ތިމަން ނަބިއްޔާއާ އެންމެ އައުލާވާނެ ބަޔަކީ، އެބައިމީހުންގެ ތެރެއިން އެންމެ ގިނައިން ތިމަން ނަބިއްޔާގެ މައްޗަށް ޞަލަވާތް ލެއްވި މީހުންނެވެ.“...,
جامع الترمذي,614,حَدَّثَنَا عَبْدُ اللهِ بْنُ أَبِي زِيَادٍ الْقَطَوَانِيُّ الْكُوفِيُّ، قَالَ: حَدَّثَنَا عُبَيْدُ اللهِ بْنُ مُوسَى، قَالَ: حَدَّثَنَا غَالِبٌ أَبُو بِشْرٍ، عَنْ أَيُّوبَ بْنِ عَائِذٍ الطَّائِيِّ، عَنْ قَيْسِ بْنِ مُسْلِمٍ، عَنْ طَارِقِ بْنِ شِهَابٍ، عَنْ كَعْبِ بْنِ عُجْرَةَ قَالَ: قَالَ لِي رَسُولُ اللهِ ﷺ: أُعِيذُكَ بِاللهِ يَا كَعْبُ بْنَ عُجْرَةَ مِنْ أُمَرَاءَ يَكُونُونَ مِنْ بَعْدِي فَمَنْ غَشِيَ أَبْوَابَهُمْ فَصَدَّقَهُمْ فِي كَذِبِهِمْ وَأَعَانَهُمْ عَلَى ظُلْمِهِمْ فَلَيْسَ مِنِّي وَلَسْتُ مِنْهُ، وَلَا يَرِدُ عَلَيَّ الْحَوْضَ، وَمَنْ غَشِيَ أَبْوَابَهُمْ أَوْ لَمْ يَغْشَ وَلَمْ يُصَدِّقْهُمْ فِي كَذِبِهِمْ، وَلَمْ يُعِنْهُمْ عَلَى ظُلْمِهِمْ فَهُوَ مِنِّي، وَأَنَا مِنْهُ وَسَيَرِدُ عَلَيَّ الْحَوْضَ، يَا كَعْبُ بْنَ عُجْرَةَ! الصَّلَاةُ بُرْهَانٌ وَالصَّوْمُ جُنَّةٌ حَصِينَةٌ، وَالصَّدَقَةُ تُطْفِئُ الْخَطِيئَةَ كَمَا يُطْفِئُ الْمَاءُ النَّارَ، يَا كَعْبُ بْنَ عُجْرَةَ! إِنَّهُ لَا يَرْبُو لَحْمٌ نَبَتَ مِنْ سُحْتٍ إِلَّا كَانَتِ النَّارُ أَوْلَى بِهِ. هَذَا حَدِيثٌ حَسَنٌ غَرِيبٌ مِنْ هَذَا الْوَجْهِ، لَا نَعْرِفُهُ إِلَّا مِنْ حَدِيثِ عُبَيْدِ اللهِ بْنِ مُوسَى. وَأَيُّوبُ بْنُ عَائِذٍ يُضَعَّفُ وَيُقَالُ: كَانَ يَرَى رَأْيَ الْإِرْجَاءِ. وَسَأَلْتُ مُحَمَّدًا عَنْ هَذَا الْحَدِيثِ فَلَمْ يَعْرِفْهُ إِلَّا مِنْ حَدِيثِ عُبَيْدِ اللهِ بْنِ مُوسَى وَاسْتَغْرَبَهُ جِدًّا.,ކަޢުބް ބިން ޢުޖްރާ ރިވާ ކުރެއްވިއެވެ: ރަސޫލު ﷲ ﷺ ތިމަންނައަށް ޙަދީޘް ކުރެއްވިއެވެ: ”(ނުބައި) ވެރިންތަކެއްގެ ކިބައިން ﷲގެ ހަޒްރަތުން ތިބާއަށް ރައްކާތެރިކޮށް ދެއްވުމަށް އެދި ތިމަން ނަބިއްޔާ ދަންނަވަމެވެ. އެ ވެރިންގެ ދޮރުތަކަށް އެއްވެ، އެ ބަޔެއްގެ ދޮގުތައް ތެދުކޮށް، އަދި އެ ބަޔެއްގެ އަނިޔާވެރިކަމުގައި އެހީތެރިވެއްޖެ މީހާ، ފަހެ އޭނާއީ ތިމަން ނަބިއްޔާގެ (މީސްތަކުންގެ) ތެރެއިންވާ މީހެއް ނޫނެވެ. އަދި ތިމަން ނަބިއްޔާއީ އޭނާގެ (މީސްތަކުންގެ) ތެރެއިންވާ މީހެއް ނޫނެވެ. އަދި (ތިމަން ނަބިއްޔާގެ) ޙައުޟުގައި އޭނާ ތިމަން ނަބިއްޔާއާ ބައްދަލެއް ނުވާނެއެވެ. އަދި އެ ވެރިންގެ ދޮރުތަކަށް އެއްވެ، ނޫނީ އެއްނުވި ކަމުގައި ވިޔަސް، އެ ބަޔެއްގެ ދޮގުތައް ތެދުނުކޮށް، އަދި އެ ބަޔެއްގެ އަނިޔާވެރިކަމުގައި އެހީތެރިނުވާ މީހާ، ފަހެ އޭނާއީ ތިމަން ނަބިއްޔާގެ (މީސްތަކުންގެ) ތެރެއިންވާ މީހެކެވެ. އަދި ތިމަން ނަބިއްޔާއީ އޭނާގެ (މީސްތަކުންގެ) ތެރެއިންވާ މީހަކީމެވެ. އަދި (ތިމަން ނަބިއްޔާގެ) ޙައުޟުގައި އޭނާ ތިމަން ނަބިއްޔާއާ ބައްދަލު ވާނެއެވެ. އޭ ކަޢުބު ބިން ޢުޖްރާއެވެ. ނަމާދަކީ (އީމާންކަމުގެ) ބުރުހާނެކެވެ. އަދި ރޯދައަކީ ވަރުގަދަ އައްޑަނައެކެވެ. (އެބަހީ: ރައްކާތެރި ކަމެކެވެ.) އަދި ފެނުން އަލިފާން ނިވޭ ފަދައިން، ޞަދަގާތުން ފާފަ ފޮހެވިގެންދެއެވެ. އޭ ކަޢުބު ބިން ޢުޖްރާއެވެ. ހަމަކަށަވަރުން ޙަރާމް ތަކެތި ކައިގެން ހަށިގަނޑުގައި މަސްޖަހައިފި ނަމަ، އެ ހަށިގަނޑެއް އެންމެ އައުލާވާނީ ނަރަކައަށް ކަމުގައި މެނުވީ ވެގެން ނުދާނެއެވެ.“,
جامع الترمذي,614,حَدَّثَنَا عَبْدُ اللهِ بْنُ أَبِي زِيَادٍ الْقَطَوَانِيُّ الْكُوفِيُّ، قَالَ: حَدَّثَنَا عُبَيْدُ اللهِ بْنُ مُوسَى، قَالَ: حَدَّثَنَا غَالِبٌ أَبُو بِشْرٍ، عَنْ أَيُّوبَ بْنِ عَائِذٍ الطَّائِيِّ، عَنْ قَيْسِ بْنِ مُسْلِمٍ، عَنْ طَارِقِ بْنِ شِهَابٍ، عَنْ كَعْبِ بْنِ عُجْرَةَ قَالَ: قَالَ لِي رَسُولُ اللهِ ﷺ: أُعِيذُكَ بِاللهِ يَا كَعْبُ بْنَ عُجْرَةَ مِنْ أُمَرَاءَ يَكُونُونَ مِنْ بَعْدِي فَمَنْ غَشِيَ أَبْوَابَهُمْ فَصَدَّقَهُمْ فِي كَذِبِهِمْ وَأَعَانَهُمْ عَلَى ظُلْمِهِمْ فَلَيْسَ مِنِّي وَلَسْتُ مِنْهُ، وَلَا يَرِدُ عَلَيَّ الْحَوْضَ، وَمَنْ غَشِيَ أَبْوَابَهُمْ أَوْ لَمْ يَغْشَ وَلَمْ يُصَدِّقْهُمْ فِي كَذِبِهِمْ، وَلَمْ يُعِنْهُمْ عَلَى ظُلْمِهِمْ فَهُوَ مِنِّي، وَأَنَا مِنْهُ وَسَيَرِدُ عَلَيَّ الْحَوْضَ، يَا كَعْبُ بْنَ عُجْرَةَ! الصَّلَاةُ بُرْهَانٌ وَالصَّوْمُ جُنَّةٌ حَصِينَةٌ، وَالصَّدَقَةُ تُطْفِئُ الْخَطِيئَةَ كَمَا يُطْفِئُ الْمَاءُ النَّارَ، يَا كَعْبُ بْنَ عُجْرَةَ! إِنَّهُ لَا يَرْبُو لَحْمٌ نَبَتَ مِنْ سُحْتٍ إِلَّا كَانَتِ النَّارُ أَوْلَى بِهِ. هَذَا حَدِيثٌ حَسَنٌ غَرِيبٌ مِنْ هَذَا الْوَجْهِ، لَا نَعْرِفُهُ إِلَّا مِنْ حَدِيثِ عُبَيْدِ اللهِ بْنِ مُوسَى. وَأَيُّوبُ بْنُ عَائِذٍ يُضَعَّفُ وَيُقَالُ: كَانَ يَرَى رَأْيَ الْإِرْجَاءِ. وَسَأَلْتُ مُحَمَّدًا عَنْ هَذَا الْحَدِيثِ فَلَمْ يَعْرِفْهُ إِلَّا مِنْ حَدِيثِ عُبَيْدِ اللهِ بْنِ مُوسَى وَاسْتَغْرَبَهُ جِدًّا.,ކަޢުބް ބިން ޢުޖްރާ ރިވާ ކުރެއްވިއެވެ: ރަސޫލު ﷲ ﷺ ތިމަންނައަށް ޙަދީޘް ކުރެއްވިއެވެ: ”(ނުބައި) ވެރިންތަކެއްގެ ކިބައިން ﷲ ގެ ހަޒްރަތުން ތިބާއަށް ރައްކާތެރިކޮށް ދެއްވުމަށް އެދި ތިމަން ނަބިއްޔާ ދަންނަވަމެވެ. އެ ވެރިންގެ ދޮރުތަކަށް އެއްވެ، އެ ބަޔެއްގެ ދޮގުތައް ތެދުކޮށް، އަދި އެ ބަޔެއްގެ އަނިޔާވެރިކަމުގައި އެހީތެރިވެއްޖެ މީހާ، ފަހެ އޭނާއީ ތިމަން ނަބިއްޔާގެ މީސްތަކުންގެ ތެރެއިންވާ މީހެއް ނޫނެވެ. އަދި ތިމަން ނަބިއްޔާއީ އޭނާގެ މީސްތަކުންގެ ތެރެއިންވާ މީހެއް ނޫނެވެ. އަދި (ތިމަން ނަބިއްޔާގެ) ޙައުޟުގައި އޭނާ ތިމަން ނަބިއްޔާއާ ބައްދަލެއް ނުވާނެއެވެ. އަދި އެ ވެރިންގެ ދޮރުތަކަށް އެއްވެ، ނޫނީ އެއްނުވި ކަމުގައި ވިޔަސް، އެ ބަޔެއްގެ ދޮގުތައް ތެދުނުކޮށް، އަދި އެ ބަޔެއްގެ އަނިޔާވެރިކަމުގައި އެހީތެރިނުވާ މީހާ، ފަހެ އޭނާއީ ތިމަން ނަބިއްޔާގެ މީސްތަކުންގެ ތެރެއިންވާ މީހެކެވެ. އަދި ތިމަން ނަބިއްޔާއީ އޭނާގެ މީސްތަކުންގެ ތެރެއިންވާ މީހަކީމެވެ. އަދި (ތިމަން ނަބިއްޔާގެ) ޙައުޟުގައި އޭނާ ތިމަން ނަބިއްޔާއާ ބައްދަލު ވާނެއެވެ. އޭ ކަޢުބު ބިން ޢުޖްރާއެވެ! ނަމާދަކީ (އީމާންކަމުގެ) ބުރުހާނެކެވެ. އަދި ރޯދައަކީ ވަރުގަދަ އައްޑަނައެކެވެ. (އެބަހީ: ރައްކާތެރި ކަމެކެވެ.) އަދި ފެނުން އަލިފާން ނިވޭ ފަދައިން، ޞަދަގާތުން ފާފަ ފޮހެވިގެންދެއެވެ. އޭ ކަޢުބު ބިން ޢުޖްރާއެވެ! ހަމަކަށަވަރުން ޙަރާމް ތަކެތި ކައިގެން ހަށިގަނޑުގައި މަސްޖަހައިފި ނަމަ، އެ ހަށިގަނޑެއް އެންމެ އައުލާވާނީ ނަރަކައަށް ކަމުގައި މެނުވީ ވެގެން ނުދާނެއެވެ.“,
جامع الترمذي,641,"""مَنْ وَلِيَ يَتِيمًا لَهُ مَالٌ فَلْيَتَّجِرْ لَهُ وَلَا يَتْرُكْهُ حَتَّى تَأْكُلَهُ الصَّدَقَةُ""","""އެކުއްޖަކަށް މުދާލިބިފައިވާ ޔަތީމުކުއްޖަކު ބަލަހަށްޓާ ވަލީވެރިޔާ އެމުދަލުން ވިޔަފާރިކުރާށެވެ! އަދި ވިޔަފާރިފަދަ އަގުހުރި މަސައްކަތެއްނުކޮށް ޒަކާތަށް އެމުދާދީ ހުސްކޮށްލުމަށް ދޫނުކުރާށެވެ!""",
جامع الترمذي,742,كانَ رسولُ اللَّهِ صلَّى اللَّهُ عليهِ وسلَّمَ يصومُ من غرَّةِ كلِّ شَهرٍ ثلاثةَ أيَّامٍ ، وقلَّما كانَ يفطرُ يومَ الجمعةِ,ކޮންމެ މަހެއްގެ ކުރީކޮޅުގައި ތިންދުވަހު ރޯދަ ހިއްޕަވައެވެ. އަދި އެކަލޭގެފާނު ހުކުރުދުވަހު ރޯދައަށް ނުހުންނަވަނީ ވަރަށް މަދުންނެވެ.,
جامع الترمذي,747,تُعرَضُ الأعمالُ يومَ الاثنينِ والخميسِ فأحبُّ أن يُعرَضَ عملي وأنا صائمٌ,އަމަލުތައް މާތް ﷲ ގެ ހަޒްރަތަށް ހުށައެޅޭ ދުވަހަކީ ހޯމަ އަދި ބުރާސްފަތި ދުވަހެވެ. ފަހެ ރޯދައަށް ހުންނަވަނިކޮށް ތިމަންކަލޭގެފާނުގެ އަމަލުފުޅުތައް ހުށަހެޅެން ތިމަންކަލޭފާނު ލޯބިކުރައްވަމެވެ,
جامع الترمذي,749,صيامُ يومِ عرفةَ ، إنِّي أحتَسبُ على اللَّهِ أن يُكفِّرَ السَّنةَ الَّتي قبلَهُ والسَّنةَ الَّتي بعدَه,"އަރަފާތް ދުވަހު ރޯދަ ހިފުމުގެ ސަބަބުން، އިސްވެ ދިޔަ އަހަރުގެ ފާފައާއި ކުރިއަށް އޮތް އަހަރުގެ ފާފަ ފުއްސަވާ ދެއްވާނެކަމަށް، ﷲ ތަޢާލާގެ ހަޒްރަތުން ތިމަންކަލޭގެފާނު އުންމީދުކުރައްވަމެވެ.”
//
”ފާއިތުވި އަހަރާއި ކުރިއަށް އޮތް އަހަރުގެ ފާފަތައް ފުހެވިގެންދެއެވެ. //
އަރަފާތް ދުވަހު ރޯދަ ހިފުމުގެ ސަބަބުން، އިސްވެ ދިޔަ އަހަރުގެ ފާފައާއި ކުރިއަށް އޮތް އަހަރުގެ ފާފަ ފުއްސަވާ ދެއްވާނެކަމަށް، ﷲގެ ހަޒްރަތުން ތިމަންކަލޭގެފާނު އުންމީދު ކުރައްވައެވެ.",
جامع الترمذي,761,يا أبا ذَرٍّ إذا صُمْتَ من الشهرِ ثلاثةَ أيامٍ ، فصُمْ ثلاثَ عَشْرَةَ ، وأَرْبَعَ عَشْرَةَ ، وخَمْسَ عَشْرَةَ,ތިބާ ކޮންމެ މަހަކުން ތިންދުވަހު ރޯދަހިފާނަ؛ ތޭރަވަނަ ދުވަހާއި، ސާދަވަނަ ދުވަހާއި ފަނަރަވަނަ ދުވަހު ރޯދަހިފާށެވެ!,
جامع الترمذي,789,"""مَنْ نَزَلَ عَلَى قَوْمٍ فَلَا يَصُومَنَّ تَطَوُّعًا إِلَّا بِإِذْنِهِمْ""","""ބަޔަކު މީހުންގެ މެހްމާނެއްގެ ގޮތުގައި ހުރި މީހަކު އެމީހުންގެ ހުއްދައަކާ ނުލައި ސުންނަތް ރޯދަ ހިފައިގެން ނުވާނެއެވެ.""",
جامع الترمذي,806,إنَّهُ من قام مع الإمامِ حتى ينصرفَ هو ، كُتِبَ لهُ قيامُ ليلةٍ,“އިމާމު މީހާ ނިމެންދެން އޭނާއާ އެކުގައި ބައިވެރިވެއްޖެ މީހަކަށް މުޅިރޭ އަޅުކަން ކުރުމުގެ ޘަވާބު ދެއްވާނެއެވެ.“,
جامع الترمذي,807,"قَالَ رَسُولُ اللَّهِ ﷺ: ""مَنْ فَطَّرَ صَائِمًا كَانَ لَهُ مِثْلُ أَجْرِهِ غَيْرَ أَنَّهُ لاَ يَنْقُصُ مِنْ أَجْرِ الصَّائِمِ شَيْئًا"" .",ރޯދަވެރިއަކަށް ރޯދަވީއްލަން ދީފި މީހަކަށް، އެ ރޯދަވެރިޔެއްގެ އަޖުރާ އެއްފަދަ އަޖުރެއް ލިބޭނެއެވެ. ނަމަވެސް ރޯދަވެރިޔާގެ އަޖުރުން އެއްވެސް އެއްޗެއް އެ ކަމަކުން އުންޏެއް ނުކުރާނެއެވެ.,
جامع الترمذي,889,حَدَّثَنَا مُحَمَّدُ بْنُ بَشَّارٍ، قَالَ: حَدَّثَنَا يَحْيَى بْنُ سَعِيدٍ، وَعَبْدُ الرَّحْمَنِ بْنُ مَهْدِيٍّ قَالَا: حَدَّثَنَا سُفْيَانُ، عَنْ بُكَيْرِ بْنِ عَطَاءٍ، عَنْ عَبْدِ الرَّحْمَنِ بْنِ يَعْمَرَ؛ أَنَّ نَاسًا مِنْ أَهْلِ نَجْدٍ أَتَوْا رَسُولَ اللهِ ﷺ وَهُوَ بِعَرَفَةَ، فَسَأَلُوهُ، فَأَمَرَ مُنَادِيًا فَنَادَى: الْحَجُّ عَرَفَةُ، مَنْ جَاءَ لَيْلَةَ جَمْعٍ قَبْلَ طُلُوعِ الْفَجْرِ فَقَدْ أَدْرَكَ الْحَجَّ، أَيَّامُ مِنًى ثَلَاثَةٌ، { فَمَنْ تَعَجَّلَ فِي يَوْمَيْنِ فَلا إِثْمَ عَلَيْهِ وَمَنْ تَأَخَّرَ فَلا إِثْمَ عَلَيْهِ }. قَالَ: وَزَادَ يَحْيَى: وَأَرْدَفَ رَجُلًا فَنَادَى.,ޢަބްދުއްރަޙްމާން ބިން ޔަޢުމަރު ރިވާ ކުރެއްވިއެވެ: ރަސޫލު ﷲ ﷺ އަރަފާތުގައި ހުންނަވަނިކޮށް، ނަޖުދު ކަރައިގެ ބަޔަކު އެ ނަބިއްޔާގެ އަރިހަށް އަތުވެއްޖެއެވެ. އަދި އެބައިމީހުން (ޙައްޖާ ބެހޭ ގޮތުން) އެ ނަބިއްޔާއާ ސުވާލު ކުރެއްވިއެވެ. ދެން (މި ފަދައިން) ގޮވައިލެއްވުމަށް ނަބިއްޔާ މީހަކަށް އަމުރު ކުރެއްވިއެވެ: ”ޙައްޖަކީ އަރަފާތެވެ. (އެބަހީ: އަރަފާތުގައި މަޑުނުކޮށް ޙައްޖު ޞައްޙައެއް ނުވާނެއެވެ.) (އީދު ދުވަހު) ފަތިސް ވުމުގެ ކުރިން ޖަމްޢުގެ ރޭގައި (އެބަހީ: މުޒްދަލިފާގެ ވިލޭރޭގައި އަރަފާތަށް) އަތުވެއްޖެ މީހާ، ފަހެ ހަމަކަށަވަރުން ޙައްޖު ހޯދައިފިއެވެ. މިނާގައި (މަޑުކުރުން ވަނީ އައްޔާމުއް ތަޝްރީގުގެ) ތިން ދުވަހަށެވެ.“ (ދެން މި އާޔަތް ކިޔަވައި ވިދާޅުވިއެވެ:) ❞ފަހެ، ދެ ދުވަހުގެ ތެރޭގައި (މިނާގައި މަޑުކުރުން ނިންމައި އެނބުރި ދިޔުމަށް) އަވަސްވެގަތް މީހާގެ މައްޗަކަށް ފާފައެއް ނެތެވެ. އަދި (ތިން ދުވަހަށް) ލަސްކުރި މީހާގެ މައްޗަކަށް ވެސް ފާފައެއް ނެތެވެ.❝,
جامع الترمذي,889,حَدَّثَنَا مُحَمَّدُ بْنُ بَشَّارٍ، قَالَ: حَدَّثَنَا يَحْيَى بْنُ سَعِيدٍ، وَعَبْدُ الرَّحْمَنِ بْنُ مَهْدِيٍّ قَالَا: حَدَّثَنَا سُفْيَانُ، عَنْ بُكَيْرِ بْنِ عَطَاءٍ، عَنْ عَبْدِ الرَّحْمَنِ بْنِ يَعْمَرَ؛ أَنَّ نَاسًا مِنْ أَهْلِ نَجْدٍ أَتَوْا رَسُولَ اللهِ ﷺ وَهُوَ بِعَرَفَةَ، فَسَأَلُوهُ، فَأَمَرَ مُنَادِيًا فَنَادَى: الْحَجُّ عَرَفَةُ، مَنْ جَاءَ لَيْلَةَ جَمْعٍ قَبْلَ طُلُوعِ الْفَجْرِ فَقَدْ أَدْرَكَ الْحَجَّ، أَيَّامُ مِنًى ثَلَاثَةٌ، { فَمَنْ تَعَجَّلَ فِي يَوْمَيْنِ فَلا إِثْمَ عَلَيْهِ وَمَنْ تَأَخَّرَ فَلا إِثْمَ عَلَيْهِ }. قَالَ: وَزَادَ يَحْيَى: وَأَرْدَفَ رَجُلًا فَنَادَى.,ޢަބްދުއްރަޙްމާން ބިން ޔަޢުމަރު ރިވާ ކުރެއްވިއެވެ: ރަސޫލު ﷲ ﷺ އަރަފާތުގައި ހުންނަވަނިކޮށް، ނަޖުދު ކަރައިގެ ބަޔަކު އެ ނަބިއްޔާގެ އަރިހަށް އަތުވެއްޖެއެވެ. އަދި އެބައިމީހުން (ޙައްޖާ ބެހޭ ގޮތުން) އެ ނަބިއްޔާއާ ސުވާލު ކުރެއްވިއެވެ. ދެން (މި ފަދައިން) ގޮވައިލެއްވުމަށް ނަބިއްޔާ މީހަކަށް އަމުރު ކުރެއްވިއެވެ: ”ޙައްޖަކީ އަރަފާތެވެ. (އެބަހީ: އަރަފާތުގައި މަޑުނުކޮށް ޙައްޖު ޞައްޙައެއް ނުވާނެއެވެ.) (އީދު ދުވަހު) ފަތިސް ވުމުގެ ކުރިން މުޒްދަލިފާގެ ވިލޭރޭގައި (ًއަރަފާތަށް) އަތުވެއްޖެ މީހާ، ފަހެ ހަމަކަށަވަރުން ޙައްޖު ހޯދައިފިއެވެ. މިނާގައި (މަޑުކުރުން ވަނީ އައްޔާމުއް ތަޝްރީގުގެ) ތިން ދުވަހަށެވެ.“ (ދެން މި އާޔަތް ކިޔަވައި ވިދާޅުވިއެވެ:) ❞ފަހެ، ދެ ދުވަހުގެ ތެރޭގައި (މިނާގައި މަޑުކުރުން ނިންމައި އެނބުރި ދިޔުމަށް) އަވަސްވެގަތް މީހާގެ މައްޗަކަށް ފާފައެއް ނެތެވެ. އަދި (ތިން ދުވަހަށް) ލަސްކުރި މީހާގެ މައްޗަކަށް ވެސް ފާފައެއް ނެތެވެ.❝,
جامع الترمذي,1071,إِذَا قُبِرَ أَحَدُكُمْ أَوْ قُبِرَ الإِنْسَانُ أَتَاهُ مَلَكَانِ يُقَالُ لأَحَدِهِمَا الْمُنْكَرُ وَلِلآخَرِ النَّكِيرُ,ތިޔަބައިމީހުންގެ ތެރެއިން މީހަކު ނުވަތަ އިންސާނަކު ކަށްކުރެވިއްޖެއްޔާ (ކަށްވަޅަށް ލެވިއްޖެއްޔާ) ދެމަލާއިކަތުން ވަޑައިގަނެއެވެ. އެއްބޭކަލަކަށް މުންކަރު ކިޔެއެވެ. އަނެއްބޭކަލަކަށް ނަކީރު ކިޔެއެވެ.,
جامع الترمذي,1258,عَنْ عُرْوَةَ البَارِقِيِّ، قَالَ: دَفَعَ إِلَيَّ رَسُولُ اللَّهِ صَلَّى اللَّهُ عَلَيْهِ وَسَلَّمَ دِينَارًا لِأَشْتَرِيَ لَهُ شَاةً، فَاشْتَرَيْتُ لَهُ شَاتَيْنِ، فَبِعْتُ إِحْدَاهُمَا بِدِينَارٍ، وَجِئْتُ بِالشَّاةِ وَالدِّينَارِ إِلَى النَّبِيِّ صَلَّى اللَّهُ عَلَيْهِ وَسَلَّمَ، فَذَكَرَ لَهُ مَا كَانَ مِنْ أَمْرِهِ، فَقَالَ لَهُ: «بَارَكَ اللَّهُ لَكَ فِي صَفْقَةِ يَمِينِكَ» ، فَكَانَ يَخْرُجُ بَعْدَ ذَلِكَ إِلَى كُنَاسَةِ الكُوفَةِ فَيَرْبَحُ الرِّبْحَ العَظِيمَ، فَكَانَ مِنْ أَكْثَرِ أَهْلِ الكُوفَةِ مَالًا,""" ޢުރްވާ ބިން ބާރިގީ ވިދާޅުވިއެވެ. ކީރިތި ރަސޫލާ ޞައްލަﷲ ޢަލައިހި ވަސައްލަމަ އަށް ބަކަރިއެއް ގަތުމަށްޓަކައި އަހަރެންގެ އަތަށް ދީނާރެއް ދެއްވިއެވެ. ފަހެ، އަހަރެން އެދީނާރަށް ދެބަކަރިގަނެ އޭގެތެރެއިން އެއްބަކަރި ދީނާރަކަށް ވިއްކާލައި ދީނާރަކާއި އެއްބަކަރި ހިފައިގެން ނަބިއްޔާ ޞައްލަﷲ ޢަލައިހި ވަސައްލަމަ އަރިހަށް ދިޔައީމެވެ. އަދި ކަންތައްކުރެއްވިގޮތް އެކަލޭގެފާނު އަރިހު ދެންނެވިއެވެ. ފަހެ، އެކަލޭގެފާނު ޢުރްވާއަށް ހެޔޮ ދުއާ ކުރައްވާ ވިދާޅުވިއެވެ. ތިބާގެ ވިޔަފާރީގައި ބަރަކާތް ލައްވާށެވެ."" އެއަށްފަހު ތިމަންމެން، ކޫފާގެ ކުނާސާއަށް ދިޔައީމެވެ. އަދި އެތާގައި ވިޔަފާރިން ބޮޑެތި ފައިދާތަކެއް ވިއެވެ. އަދި ކޫފާގެ އެންމެ މުއްސަނދިންތެރެއިން ވީމެވެ. """,
جامع الترمذي,1278,حَدَّثَنَا عَلِيُّ بْنُ حُجْرٍ ، قَالَ : أَخْبَرَنَا إِسْمَاعِيلُ بْنُ جَعْفَرٍ ، عَنْ حُمَيْدٍ قَالَ : سُئِلَ أَنَسٌ عَنْ كَسْبِ الْحَجَّامِ ، فَقَالَ أَنَسٌ : احْتَجَمَ رَسُولُ اللهِ صَلَّى اللهُ عَلَيْهِ وَسَلَّمَ وَحَجَمَهُ أَبُو طَيْبَةَ ، فَأَمَرَ لَهُ بِصَاعَيْنِ مِنْ طَعَامٍ ، وَكَلَّمَ أَهْلَهُ فَوَضَعُوا عَنْهُ مِنْ خَرَاجِهِ ، وَقَالَ : إِنَّ أَفْضَلَ مَا تَدَاوَيْتُمْ بِهِ الْحِجَامَةُ - أَوْ : إِنَّ مِنْ أَمْثَلِ دَوَائِكُمُ الْحِجَامَةَ . وَفِي الْبَابِ عَنْ عَلِيٍّ ، وَابْنِ عَبَّاسٍ ، وَابْنِ عُمَرَ . حَدِيثُ أَنَسٍ حَدِيثٌ حَسَنٌ صَحِيحٌ . وَقَدْ رَخَّصَ بَعْضُ أَهْلِ الْعِلْمِ مِنْ أَصْحَابِ النَّبِيِّ صَلَّى اللهُ عَلَيْهِ وَسَلَّمَ وَغَيْرِهِمْ فِي كَسْبِ الْحَجَّامِ ، وَهُوَ قَوْلُ الشَّافِعِيِّ .,ޙުމައިދު ރިވާ ކުރެއްވިއެވެ: ޙިޖާމާ ޖަހައިގެން ހޯދާ އާމްދަނީއާ ބެހޭ ގޮތުން އަނަސްގެ ގާތު ސުވާލު ކުރެވުނުވެ. އެކަލޭގެފާނު ދެންނެވިއެވެ: އަބޫ ޠައިބާ، ރަސޫލު ﷲ ﷺ އަށް ހިޖާމާ ޖެއްސެވިއެވެ. އަދި އަބޫ ޠައިބާއަށް ދެ ޞާޢުގެ ކާތަކެތި ދޭން ނަބިއްޔާ އަމުރު ކުރެއްވިއެވެ. އަދި އަބޫ ޠައިބާގެ ސާހިބު މީހުންގެ ގާތު ނަބިއްޔާ ވާހަކަފުޅު ދެއްކެވުމުން އެ މީހުން އަބޫ ޠައިބާ (ލައްވާ މަސައްކަތް ކުރުވައިގެން ހޯދާ ފައިސާ) މަދު ކުރިއެވެ. އަދި ނަބިއްޔާ ޙަދީޘް ކުރެއްވިއެވެ: ”ހަމަކަށަވަރުން ތިޔަބައިމީހުން ފަރުވާ ކުރުމަށް ބޭނުން ކުރާ އެންމެ ރަނގަޅު އެއްޗަކީ ޙިޖާމާއެވެ.“ ނުވަތަ ޙަދީޘް ކުރެއްވިއެވެ: ”ހަމަކަށަވަރުން ތިޔަބައިމީހުން ފަރުވާ ކުރުމަށް ބޭނުން ކުރާ އެންމެ ރަނގަޅު ތަކެތީގެ ތެރޭގައި ޙިޖާމާ ހިމެނެއެވެ.“ (އިމާމު ތިރުމިޛީ ވިދާޅުވިއެވެ:) އަދި މިކަމާ ބެހޭ ގޮތުން ޢަލީއާއި، އިބްނު ޢައްބާސާއި، އިބްނު ޢުމަރުގެ އަރިހުން ރިވާޔަތްތައް އައިސްފައިވެއެވެ. އަނަސްގެ ޙަދީޘަކީ ޙަސަން ޞަޙީޙު ޙަދީޘެކެވެ. އަދި ޙިޖާމާ ޖަހައިގެން ހޯދާ އާމްދަނީ ހުއްދަ ކުރެއްވި ބައެއް ޢިލްމުވެރިންގެ ތެރެއިން ނަބިއްޔާ ﷺ ގެ ޞަޙާބީންނާއި އެހެނިހެން ބޭކަލުން ހިމެނެއެވެ. އަދި މިއީ އިމާމު ޝާފިޢީގެ ބަސްފުޅުވެސް މެއެވެ.,
جامع الترمذي,1327,""" أَنَّ رَسُولَ اللَّهِ صَلَّى اللَّهُ عَلَيْهِ وَسَلَّمَ بَعَثَ مُعَاذًا إِلَى اليَمَنِ، فَقَالَ: «كَيْفَ تَقْضِي؟» ، فَقَالَ: أَقْضِي بِمَا فِي كِتَابِ اللَّهِ، قَالَ: «فَإِنْ لَمْ يَكُنْ فِي كِتَابِ اللَّهِ؟» ، قَالَ: فَبِسُنَّةِ رَسُولِ اللَّهِ صَلَّى اللَّهُ عَلَيْهِ وَسَلَّمَ، قَالَ: «فَإِنْ لَمْ يَكُنْ فِي سُنَّةِ رَسُولِ اللَّهِ صَلَّى اللَّهُ عَلَيْهِ وَسَلَّمَ؟» ، قَالَ: أَجْتَهِدُ رَأْيِي، قَالَ: «الحَمْدُ لِلَّهِ الَّذِي وَفَّقَ رَسُولَ رَسُولِ اللَّهِ»","ޔަމަންކަރައަށް މުޢާޛް ފޮނުއްވަމުން އެކަލޭގެފާނާއި މުޚާޠަބުކުރައްވާ ރަސޫލާ ޞައްލަﷲ ޢަލައިހި ވަސައްލަމަ ޙަދީޘް ކުރެއްވިއެވެ. ""ކަލޭގެފާނު އަރިހަށް މައްސަލައެއް ހުށަހެޅުމުން، އެމައްސަލައެއް ނިންމަވާނީ ފަހެކޮންގޮތަކަށްތޯއެވެ؟"". އެކަލޭގެފާނު (މުޢާޛްގެފާނު) ދެންނެވިއެވެ. ""އަހަރެން ނިންމާނީ ﷲގެ ފޮތުގައިވާގޮތަށެވެ. އެކަލޭގެފާނު ޙަދީޘްކުރެއްވިއެވެ. ""ﷲގެ ފޮތުގައި އެ(މައްސަލަ)ނުވާނަމަ ދެން ކިހިނެއްތޯއެވެ؟"". އެކަލޭގެފާނު (މުޢާޛްގެފާނު) ދެންނެވިއެވެ. ""ﷲގެ ރަސޫލާ ޞައްލަﷲ ޢަލައިހި ވަސައްލަމަގެ ސުންނަތުގައިވާގޮތަށެވެ"". އެކަލޭފާނު ޙަދީޘް ކުރެއްވިއެވެ. ""ﷲގެ ރަސޫލާ ޞައްލަﷲ ޢަލައިހި ވަސައްލަމަގެ ސުންނަތުގައި އެ(މައްސަލަ)ނުވާނަމަ ދެން ކިހިނެއްތޯއެވެ؟"". އެކަލޭގެފާނު (މުޢާޛްގެފާނު) ދެންނެވިއެވެ. ""އަހަރެންގެ ރައުޔަށް އިޖްތިހާދު ކުރާނީއެވެ."" އެކަލޭގެފާނު ޙަދީޘްކުރެއްވިއެވެ. ""ﷲގެ ރަސޫލާގެ ރަސޫލް(މުޢާޛްގެފާނު)އަށް ތައުފީގްދެއްވި ﷲއަށް ޙަމްދު ހުއްޓެވެ.""",
جامع الترمذي,1401,"""لَا تُقَامُ الحُدُودُ فِي المَسَاجِدِ، وَلَا يُقْتَلُ الوَالِدُ بِالوَلَدِ""","""މިސްކިތުގައި ޙައްދުގާއިމު ނުކުރެވޭނެއެވެ. އަދި ދަރިފުޅު މަރާލުމުގެ ސަބަބުން ބައްޕަ ގަތުލެއް ނުކުރެވޭނެއެވެ.""",
جامع الترمذي,1425,من نفَّسَ عن مسلِمٍ كُربةً من كُرَبِ الدُّنيا نفَّسَ اللَّهُ عنهُ كُربةً من كُرَبِ الآخرةِ,""" މުއުމިނަކަށް ދުނިޔޭގައި ދިމާވާ އުނދަގޫތަކުން އުނދުލެއް ފިލުވައިދީ މީހާ (ދަންނާށެވެ!) އެ މީހަކަށް ގިޔާމަތް ދުވަހުން މެދުވެރިވާ އުނދަގޫތަކުން އުނދަގުލެއް ﷲ ފިއްލަވައިދެއްވާނެއެވެ",
جامع الترمذي,1430,"""....فَقَالَ رَسُولُ اللَّهِ صَلَّى اللَّهُ عَلَيْهِ وَسَلَّمَ: «أَتَشْفَعُ فِي حَدٍّ مِنْ حُدُودِ اللَّهِ؟» ، ثُمَّ قَامَ فَاخْتَطَبَ، فَقَالَ: «إِنَّمَا أَهْلَكَ الَّذِينَ مِنْ قَبْلِكُمْ أَنَّهُمْ كَانُوا إِذَا سَرَقَ فِيهِمُ الشَّرِيفُ تَرَكُوهُ، وَإِذَا سَرَقَ فِيهِمُ الضَّعِيفُ أَقَامُوا عَلَيْهِ الحَدَّ، وَايْمُ اللَّهِ لَوْ أَنَّ فَاطِمَةَ بِنْتَ مُحَمَّدٍ سَرَقَتْ لَقَطَعْتُ يَدَهَا»""","""ރަސޫލާ ޞައްލަﷲ ޢަލައިހި ވަސައްލަމަ ޙަދީޘްކުރެއްވިއެވެ. ""ﷲގެ ޙައްދުތަކުގައި ކަލޭ ޝަފާޢަތްތެރިވަނީ ހެއްޔެވެ؟"" ދެން އެކަލޭގެފާނު ތެދުވެވަޑައިގެން، ޚުޠްބާ ދެއްވާ ޙަދީޘްކުރެއްވިއެވެ.""ހަމަކަށަވަރުން ތިޔަބައިމީހުންގެ ކުރީގެ އުއްމަތްތައް ހަލާކުވެގެން ދިޔައީ، ފަހެ އެމީހުންގެ ތެރެއިން މާތް މީހަކު ވައްކަންކޮށްފިނަމަ އޭނާ ދޫކޮށްލައެވެ. އަދި އެމީހުންގެ ތެރެއިން ނިކަމެތި މީހަކު ވައްކަން ކޮށްފިނަމަ އޭނާގެ މައްޗަށް ޙައްދު ގާއިމުކުރެއެވެ. ﷲ ގަންދީ ވިދާޅުވަމެވެ. މުޙައްމަދުގެފާނު ދަރިކަނބަލުން ފާޠިމަތުގެ ފާނުގެ ވައްކަން ކުރެއްވިނަމަވެސް ތިމަންކަލޭގެފާނު އެކަމާގެ އަތްޕުޅުވެސް ކަނޑުއްވާހުށީމެވެ."" ިހެން ރަސޫލާ ޞައްލަﷲ ޢަލައިހި ވަސައްލަމަ ޙަދީޘްކުރެއްވީ އެއީ މަޚްޒޫމު ވަންހައިގެ އަންހެނަކު ވައްކަން ކޮށްގެން ގެނެވި އޭނާގެ އަތް ކެނޑުމަށް ނިޔާއިއްވި ހިނދު އެޙުކުމް ލުއިކޮށްދެއްވާތޯ އުސާމާ ބުން ޒައިދު ރަސޫލާ ޞައްލަﷲ ޢަލައިހި ވަސައްލަމައަށް ދެންނެވުމުންނެވެ.",
جامع الترمذي,1493,"عَنْ عَائِشَةَ، أَنَّ رَسُولَ اللَّهِ ﷺ قَالَ "" مَا عَمِلَ آدَمِيٌّ مِنْ عَمَلٍ يَوْمَ النَّحْرِ أَحَبَّ إِلَى اللَّهِ مِنْ إِهْرَاقِ الدَّمِ إِنَّهَا لَتَأْتِي يَوْمَ الْقِيَامَةِ بِقُرُونِهَا وَأَشْعَارِهَا وَأَظْلاَفِهَا وَإِنَّ الدَّمَ لَيَقَعُ مِنَ اللَّهِ بِمَكَانٍ قَبْلَ أَنْ يَقَعَ مِنَ الأَرْضِ فَطِيبُوا بِهَا نَفْسًا "" .",ޢާއިޝާގެ އަރިހުން ރިވާވެގެންވެއެވެ: ހަމަކަށަވަރުން ރަސޫލު ﷲ ﷺ ޙަދީޘް ކުރެއްވިއެވެ: ”ނަޙްރު (އެބަހީ: އަޟްހާ އީދު) ދުވަހުގައި އަމަލުތަކުގެ ތެރެއިން (އުޟްހިޔާގެ) ލޭ އޮހުރުވުމަށް ވުރެ، ﷲ ގެ ހަޒުރަތުގައި ލޮބުވެތިކަން ބޮޑު އަމަލެއް އާދަމުގެ ދަރިޔާ ނުކުރެއެވެ. ހަމަކަށަވަރުން އޭގެ ދަޅާއި، ކެހެރިއާއި، މޮށްގަނޑާއެކު ގިޔާމަތް ދުވަހު އެ (އުޟްހިޔާ)އަންނާނެއެވެ. އަދި (އޭގެ) ލޭ ބިމުގައި ޖެހުމުގެ ކުރިން، ﷲގެ ހަޒުރަތުގައި އެ (ގަބޫލުވެގެން ދެއެވެ.) ވީމާ އެ ކަމުން ތިޔަބައިމީހުންގެ ނަފްސުތައް ހިތްހަމަ ޖައްސާލާށެވެ.“,
جامع الترمذي,1507,حَدَّثَنَا أَحْمَدُ بْنُ مَنِيعٍ وَهَنَّادٌ قَالَا: حَدَّثَنَا ابْنُ أَبِي زَائِدَةَ ، عَنْ حَجَّاجِ بْنِ أَرْطَاةَ ، عَنْ نَافِعٍ ، عَنِ ابْنِ عُمَرَ قَالَ: أَقَامَ رَسُولُ اللهِ صَلَّى اللهُ عَلَيْهِ وَسَلَّمَ بِالْمَدِينَةِ عَشْرَ سِنِينَ يُضَحِّي كُلَّ سَنَةٍ هَذَا حَدِيثٌ حَسَنٌ .,އިބްނު ޢުމަރު ރިވާ ކުރެއްވިއެވެ: ރަސޫލު ﷲ ﷺ މަދީނާގައި ހުންނެވި ދިހަ އަހަރުގައިވެސް ކޮންމެ އަހަރަކު އުޟްޙިޔާ ކަތިލައްވައެވެ.,
جامع الترمذي,1518,حَدَّثَنَا أَحْمَدُ بْنُ مَنِيعٍ ، قَالَ : حَدَّثَنَا رَوْحُ بْنُ عُبَادَةَ ، قَالَ : حَدَّثَنَا ابْنُ عَوْنٍ ، قَالَ : حَدَّثَنَا أَبُو رَمْلَةَ ، عَنْ مِخْنَفِ بْنِ سُلَيْمٍ قَالَ: كُنَّا وُقُوفًا مَعَ النَّبِيِّ صَلَّى اللهُ عَلَيْهِ وَسَلَّمَ بِعَرَفَاتٍ فَسَمِعْتُهُ يَقُولُ: يَا أَيُّهَا النَّاسُ عَلَى كُلِّ أَهْلِ بَيْتٍ فِي كُلِّ عَامٍ أُضْحِيَّةٌ وَعَتِيرَةٌ ، هَلْ تَدْرُونَ مَا الْعَتِيرَةُ؟ هِيَ الَّتِي تُسَمُّونَهَا الرَّجَبِيَّةَ هَذَا حَدِيثٌ حَسَنٌ غَرِيبٌ ، وَلَا نَعْرِفُ هَذَا الْحَدِيثَ إِلَّا مِنْ هَذَا الْوَجْهِ مِنْ حَدِيثِ ابْنِ عَوْنٍ .,ނަބިއްޔާ ﷺ ޙަދީޘް ކުރެއްވިއެވެ: ”އޭ މީސްތަކުންނޭވެ. ކޮންމެ ގެއެއްގެ އަހުލުވެރިންގެ މައްޗަށް ކޮންމެ އަހަރަކު އުޟްހިޔާއަކާއި ޢަތީރާއެއް (ކަތިލުން) ހުއްޓެވެ. ޢަތީރާއަކީ ކޮބައިކަން ތިޔަބައިމީހުންނަށް އެނގޭތޯއެވެ؟ އެއީ ރަޖަބިއްޔާއޭ ތިޔަބައިމީހުން ކިޔައި އުޅުނު ކަންތަކެވެ.“,
جامع الترمذي,1521,شَهدتُ معَ النَّبِيِّ صلَّى اللَّه عليه وسلم الأضحى بالمصلَّى فلمَّا قضى خطبتَهُ نزلَ عن منبرِهِ فأتى بِكبشٍ فذبحَهُ رسولُ اللَّهِ صلَّى اللَّه عليه وسلم بيدِهِ وقالَ بسمِ اللَّهِ ، واللَّهُ أَكبرُ ، هذا عنِّي وعمَّن لم يضحِّ من أمَّتي,ޖާބިރު ބިން ޢަބްދު ﷲ ގެ އަރިހުން ރިވާވެގެންވެއެވެ. ނަބިއްޔާ ﷺ ގެ އަރިހުގައި އީދު ދުވަހު ނަމާދު ކުރާ ތަނުގައި ތިމަން ބައިވެރިވީމެވެ. ރަސޫލު اللّه ﷺ އީދު ދުވަހުގެ ޚުޠުބާ ނިންމެވުމަށް ފަހު، މިމްބަރުން ފައިބާވަޑައިގެން ކަންބަޅިއެއް ގެންނެވިއެވެ. އަދި އެކަލޭގެފާނުގެ އަތްޕުޅުން އެ ކަންބަޅި ޒަބަހަ ކުރެއްވިއެވެ. އަދި ވިދާޅުވިއެވެ. “بِاسْمِ اللَّهِ، وَاللَّهُ أَكْبَرُ، هَذَا عَنِّي، وَعَمَّنْ لَمْ يُضَحِّ مِنْ أُمَّتِي” މާނައީ: “اللّه ގެ އިސްމުފުޅުން ފަށަމެވެ. اللّه އީ އެންމެ ބޮޑު ފަރާތެވެ. މިއީ ތިމަންކަލޭގެފާނުގެ ފަރާތުންނާއި، ތިމަން ކަލޭގެފާނުގެ އުއްމަތުގެ މީސްތަކުންގެ ތެރެއިން އުޟްޙިޔާ ކަތިނުލާ މީހުންގެ ފަރާތުން ކަތިލެވޭ އެއްޗެކެވެ.”,
جامع الترمذي,1524,"""لَا نَذْرَ فِي مَعْصِيَةٍ""","""ފާފައެއްކުރުމަށް ނަދުރުބުނުމެއްނުވެއެވެ.""",
جامع الترمذي,1527,"حَدَّثَنَا أَبُو كُرَيْبٍ ، قَالَ : حَدَّثَنَا أَبُو بَكْرِ بْنُ عَيَّاشٍ ، عَنْ عَاصِمِ بْنِ بَهْدَلَةَ ، عَنْ أَبِي صَالِحٍ ، عَنْ مُعَاوِيَةَ قَالَ: قَالَ رَسُولُ اللهِ صَلَّى اللهُ عَلَيْهِ وَسَلَّمَ: مَنْ شَرِبَ الْخَمْرَ فَاجْلِدُوهُ ، فَإِنْ عَادَ فِي الرَّابِعَةِ فَاقْتُلُوهُ وَفِي الْبَابِ عَنْ أَبِي هُرَيْرَةَ ، وَالشَّرِيدِ ، وَشُرَحْبِيلَ بْنِ أَوْسٍ ، وَجَرِيرٍ ، وَأَبِي الرَّمَدِ الْبَلَوِيِّ ، وَعَبْدِ اللهِ بْنِ عَمْرٍو . حَدِيثُ مُعَاوِيَةَ هَكَذَا رَوَى الثَّوْرِيُّ أَيْضًا ، عَنْ عَاصِمٍ ، عَنْ أَبِي صَالِحٍ ، عَنْ مُعَاوِيَةَ ، عَنِ النَّبِيِّ صَلَّى اللهُ عَلَيْهِ وَسَلَّمَ. وَرَوَى ابْنُ جُرَيْجٍ وَمَعْمَرٌ ، عَنْ سُهَيْلِ بْنِ أَبِي صَالِحٍ ، عَنْ أَبِيهِ ، عَنْ أَبِي هُرَيْرَةَ ، عَنِ النَّبِيِّ صَلَّى اللهُ عَلَيْهِ وَسَلَّمَ . سَمِعْتُ مُحَمَّدًا يَقُولُ: حَدِيثُ أَبِي صَالِحٍ ، عَنْ مُعَاوِيَةَ ، عَنِ النَّبِيِّ صَلَّى اللهُ عَلَيْهِ وَسَلَّمَ فِي هَذَا أَصَحُّ مِنْ حَدِيثِ أَبِي صَالِحٍ ، عَنْ أَبِي هُرَيْرَةَ ، عَنِ النَّبِيِّ صَلَّى اللهُ عَلَيْهِ وَسَلَّمَ ، وَإِنَّمَا كَانَ هَذَا فِي أَوَّلِ الْأَمْرِ ثُمَّ نُسِخَ بَعْدُ ، هَكَذَا رَوَى مُحَمَّدُ بْنُ إِسْحَاقَ ، [3/115] عَنْ مُحَمَّدِ بْنِ الْمُنْكَدِرِ ، عَنْ جَابِرِ بْنِ عَبْدِ اللهِ ، عَنِ النَّبِيِّ صَلَّى اللهُ عَلَيْهِ وَسَلَّمَ قَالَ: إِنَّ مَنْ شَرِبَ الْخَمْرَ فَاجْلِدُوهُ ، فَإِنْ عَادَ فِي الرَّابِعَةِ فَاقْتُلُوهُ "" قَالَ: ثُمَّ أُتِيَ النَّبِيُّ صَلَّى اللهُ عَلَيْهِ وَسَلَّمَ بَعْدَ ذَلِكَ بِرَجُلٍ قَدْ شَرِبَ الْخَمْرَ فِي الرَّابِعَةِ فَضَرَبَهُ وَلَمْ يَقْتُلْهُ ، وَكَذَلِكَ رَوَى الزُّهْرِيُّ ، عَنْ قَبِيصَةَ بْنِ ذُؤَيْبٍ ، عَنِ النَّبِيِّ صَلَّى اللهُ عَلَيْهِ وَسَلَّمَ نَحْوَ هَذَا ، قَالَ: فَرُفِعَ الْقَتْلُ. وَكَانَتْ رُخْصَةً . وَالْعَمَلُ عَلَى هَذَا الْحَدِيثِ عِنْدَ عَامَّةِ أَهْلِ الْعِلْمِ لَا نَعْلَمُ بَيْنَهُمُ اخْتِلَافًا فِي ذَلِكَ فِي الْقَدِيمِ وَالْحَدِيثِ ، وَمِمَّا يُقَوِّي هَذَا مَا رُوِيَ عَنِ النَّبِيِّ صَلَّى اللهُ عَلَيْهِ وَسَلَّمَ مِنْ أَوْجُهٍ كَثِيرَةٍ أَنَّهُ قَالَ: لَا يَحِلُّ دَمُ امْرِئٍ مُسْلِمٍ يَشْهَدُ أَنْ لَا إِلَهَ إِلَّا اللهُ وَأَنِّي رَسُولُ اللهِ إِلَّا بِإِحْدَى ثَلَاثٍ: النَّفْسُ بِالنَّفْسِ ، وَالثَّيِّبُ الزَّانِي ، وَالتَّارِكُ لِدِينِهِ "".",أَبُو دَاودއާއި التِّرْمِذِى ނެރުއްވާފައިވާ حَدِيثއެއްގައި ވެއެވެ. (مَنْ شَرِبَ الْخَمْرَ فَجْلِدُوْهُ فَإِنْ عَادَ فِي الرَّابِعَةِ فَقْتُلُوْهُ) މާނައަކީ ބަނގުރާ ބޮއިފި މީހާ حَدُّޖަހާށެވެ! ފަހެ، ހަތަރުވަނަ ފަހަރު އެއަށް ރުޖޫޢަވެއްޖެ މީހާ (އެބަހީ: ހަތަރުވަނަ ފަހަރު ރާބޮއިފި މީހާ) ގަތުލުކުރާހުށިކަމެވެ. މިއެވެ. މިحَدِيثގައި މިވާ، قَتْلُކުރާ ހުށިކަމޭ އޮތް ބަސްފުޅަކީ مَنْسُوخُ ކުރައްވާފައިވާ حُكمއެއް ކަމަށް ދަންނަބޭކަލުން އިޖްމާޢުވެފައިވާ ކަމުގައި الإِمَامُ النَوَوِى ވިދާޅުވިއެވެ. ދަންނައެ! މިދެންނެވީ މިحُكم، مَنْسُوخُ ކުރައްވާފައިވާ ކަމުގައި ދަންނަބޭކަލުން އިޖްމާޢު ވެފައިވާ ވާހަކައެވެ. ދަންނަބޭކަލުންގެ އިޖްމާޢުން حُكمއެއްمَنْسُوخُ ކުރެވޭނެ ވާހކައެއްނޫނެވެ. ފަހެ، އިޖްމާޢުން ދީނުގެ حُكمއެއްمَنْسُوخُއެއް ނުކުރެވޭނެއެވެ. ނަމަވެސް މިވެނި އެވެނި حُكمއަކީ مَنْسُوخُކުރެވިފައިވާ حُكمއެއްކަމުގައި އިޖްމާޢުވެވިދާނެއެވެ. މިގޮތުގެ މަތިން އިޖްމާޢުވުމަކީ حُكمއެއް مَنْسُوخُ ކުރުމެއް ނޫނެވެ.,
جامع الترمذي,1544,حَدَّثَنَا أَحْمَدُ بْنُ مَنِيعٍ ، قَالَ : حَدَّثَنَا أَبُو مُعَاوِيَةَ ، عَنْ إِسْمَاعِيلَ بْنِ مُسْلِمٍ ، عَنِ الْحَسَنِ ، عَنْ جُنْدُبٍ قَالَ: قَالَ رَسُولُ اللهِ صَلَّى اللهُ عَلَيْهِ وَسَلَّمَ: حَدُّ السَّاحِرِ ضَرْبَةٌ بِالسَّيْفِ هَذَا حَدِيثٌ لَا نَعْرِفُهُ مَرْفُوعًا إِلَّا مِنْ هَذَا الْوَجْهِ ، وَإِسْمَاعِيلُ بْنُ مُسْلِمٍ الْمَكِّيُّ يُضَعَّفُ فِي الْحَدِيثِ مِنْ قِبَلِ حِفْظِهِ ، وَإِسْمَاعِيلُ بْنُ مُسْلِمٍ الْعَبْدِيُّ الْبَصْرِيُّ قَالَ وَكِيعٌ: هُوَ ثِقَةٌ ، وَيَرْوِي عَنِ الْحَسَنِ أَيْضًا ، وَالصَّحِيحُ عَنْ جُنْدُبٍ مَوْقُوفًا . وَالْعَمَلُ عَلَى هَذَا عِنْدَ بَعْضِ أَهْلِ الْعِلْمِ مِنْ أَصْحَابِ النَّبِيِّ صَلَّى اللهُ عَلَيْهِ وَسَلَّمَ وَغَيْرِهِمْ ، وَهُوَ قَوْلُ مَالِكِ بْنِ أَنَسٍ. وَقَالَ الشَّافِعِيُّ : إِنَّمَا يُقْتَلُ السَّاحِرُ إِذَا كَانَ يَعْمَلُ فِي سِحْرِهِ مَا يَبْلُغُ بِهِ الْكُفْرَ ، فَإِذَا عَمِلَ عَمَلًا دُونَ الْكُفْرِ فَلَمْ نَرَ عَلَيْهِ قَتْلًا .,"ަސޫލﷲ ﷺ ޙަދީޘްކުރައްވާފައިވެއެވެ. «حَدُّ السَّاحِرِ ضَرْبَةٌ بِالسَّيْفِ» މާނައީ: ""ސިޙުރުވެރިޔާގެ ޙައްދަކީ ކަނޑީގެ އެތިފަހަރެއް ޖެހުމެވެ. (ގަތުލުކޮށްލުމެވެ.) "" رواه الترمذي في السنن: 1460.",
جامع الترمذي,1621,"عَنْ فَضَالَةَ بْنِ عُبَيْدٍ، أَنَّ رَسُولَ اللَّهِ ﷺ قَالَ : "" كُلُّ الْمَيِّتِ يُخْتَمُ عَلَى عَمَلِهِ، إِلاَّ الْمُرَابِطَ فَإِنَّهُ يَنْمُو لَهُ عَمَلُهُ إِلَى يَوْمِ الْقِيَامَةِ وَيُؤَمَّنُ مِنْ فَتَّانِ الْقَبْر","ފަޟާލާ ބިން ޢުބައިދުގެ ކިބައިން ރިވާވެގެންވެއެވެ. ހަމަކަށަވަރުން ރަސޫލުﷲ ﷺ ޙަދީޘްކުރެއްވިއެވެ. ""ކޮންމެ މައްޔިތެއްވެސް އެމީހެއްގެ އަމަލުތައް (އެހިސާބުން) ހުއްޓުނީއެވެ. އެއީ (ﷲގެ މަގުގައި ހަނގުރާމަކުރުމުގެ މައިދާނުގައި ހުރި) މުޖާހިދު ފިޔަވައެވެ. ފަހެ އޭނާގެ މައްޗަށް ގިޔާމަތް ދުވަސް އަތުވެއްޖައުމަށް ދާންދެން އަމަލުތައް ގިނަވޭވޭ ހުންނަ ހުއްޓެވެ. އަދި ކައްވަޅުގެ ޢަޒާބުން އޭނާގެ މައްޗަށް ވަނީ އަމާންވެގެންނެވެ.""",
جامع الترمذي,1621,"""المُجَاهِدُ مَنْ جَاهَدَ نَفْسَهُ""","""މުޖާހިދަކީ ފުރާނަޔާއި ހަނގުރާމަކުރާ މީހާއެވެ.""",
جامع الترمذي,1625,"عَنْ خُرَيْمِ بْنِ فَاتِكٍ، قَالَ قَالَ رَسُولُ اللَّهِ ﷺ: "" مَنْ أَنْفَقَ نَفَقَةً فِي سَبِيلِ اللَّهِ كُتِبَتْ لَهُ بِسَبْعِمِائَةِ ضِعْفٍ ""","ޚުރައިމު ބިން ފާތިކް ރަޟިޔަﷲ ޢަންހުގެ ކިބައިން ރިވާވެގެންވެއެވެ. ރަސޫލުﷲ ﷺ ޙަދީޘްކުރެއްވިއެވެ. ""ﷲގެ މަގުގައި ޖިހާދަށް ހޭދައެއްކޮށްފި މީހާގެ މައްޗަށް ހަތްސަތޭކަ ގުނައިތުރަށް (އަޖުރު) ލިޔުއްވޭ ހުއްޓެވެ",
جامع الترمذي,1634,مَنْ شَابَ شَيْبَةً فِي الْإِسْلَامِ كَانَتْ لَهُ نُورًا يَوْمَ الْقِيَامَةِ.,އިސްލާމްކަމުގައި ހުރެ މީހެއްގެ އިސްތަށީގައި ނުރައެއް ޖަހަފިނަމަ އެނުރަ ގިޔާމަތްދުވަހުން ވާހުށީ ނޫރެއްކަމުގައެވެ.,
جامع الترمذي,1639,"عَنِ ابْنِ عَبَّاسٍ، قَالَ سَمِعْتُ رَسُولَ اللَّهِ ﷺ يَقُولُ "" عَيْنَانِ لاَ تَمَسُّهُمَا النَّارُ عَيْنٌ بَكَتْ مِنْ خَشْيَةِ اللَّهِ وَعَيْنٌ بَاتَتْ تَحْرُسُ فِي سَبِيلِ اللَّهِ","އިބުނު އައްބާސް ރަޟިޔަﷲ ޢަންހުގެ ކިބައިން ރިވާވެގެންވެއެވެ. ރަސޫލުﷲ ﷺ ޙަދީޘްކުރައްވަނިކޮށް ތިމަންކަލޭގެފާނު އަޑުއެއްސެވީމެވެ.: ""ދެލޮލެއްގައި (ނަރަކައިގެ) އަލިފާން ނުބީހޭ ހުއްޓެވެ. (އެއީ) ﷲއަށް ބިރުވެތިވެގެންގޮސް ކަރުނަ އޮހޮރި ލޮލާއި އަދި ﷲގެ މަގުގައި ރޭގަނޑު (ޖިހާދުގައި) ފާރައަށްހުރި (މުޖާހިދުގެ) ލޮލެވެ""",
جامع الترمذي,1647,حَدَّثَنَا مُحَمَّدُ بْنُ الْمُثَنَّى، قَالَ: حَدَّثَنَا عَبْدُ الْوَهَّابِ الثَّقَفِيُّ، عَنْ يَحْيَى بْنِ سَعِيدٍ، عَنْ مُحَمَّدِ بْنِ إِبْرَاهِيمَ، عَنْ عَلْقَمَةَ بْنِ وَقَّاصٍ اللَّيْثِيِّ، عَنْ عُمَرَ بْنِ الْخَطَّابِ قَالَ: قَالَ رَسُولُ اللهِ ﷺ: إِنَّمَا الْأَعْمَالُ بِالنِّيَّةِ، وَإِنَّمَا لِامْرِئٍ مَا نَوَى، فَمَنْ كَانَتْ هِجْرَتُهُ إِلَى اللهِ وَإِلَى رَسُولِهِ، فَهِجْرَتُهُ إِلَى اللهِ وَرَسُولِهِ، وَمَنْ كَانَتْ هِجْرَتُهُ إِلَى دُنْيَا يُصِيبُهَا أَوِ امْرَأَةٍ يَتَزَوَّجُهَا فَهِجْرَتُهُ إِلَى مَا هَاجَرَ إِلَيْهِ. هَذَا حَدِيثٌ حَسَنٌ صَحِيحٌ.,ޢުމަރު ބިން އަލްޚައްޠާބު ރިވާ ކުރެއްވިއެވެ: ރަސޫލު ﷲ ﷺ ޙަދީޘް ކުރެއްވިއެވެ: ”ނިޔަތުގެ މައްޗަށް މެނުވީ އަމަލުތައް ބިނާ ވެގެނެއް ނުވެއެވެ. އަދި މީހަކަށް ވަނީ، ހަމައެކަނި އެ މީހަކު ނިޔަތް ގަތް ކަމެކެވެ. ވީމާ، މީހަކު ހިޖުރަ ކުރީ ﷲ އާއި އެ އިލާހުގެ ރަސޫލާއަށްޓަކައި ނަމަ، ފަހެ އޭނާގެ ހިޖުރަ ވަނީ ﷲ އާއި އެ އިލާހުގެ ރަސޫލާއަށެވެ. އަދި މީހަކު ހިޖުރަ ކުރީ ދުނިޔެ ހޯދުމަށް ނުވަތަ އަންހެނަކާ އިނުމަށް ކަމުގައި ވަނީ ނަމަ، ފަހެ އެ މީހެއްގެ ހިޖުރަ ވަނީ، އޭނާ އެ ހިޖުރަ ކުރި ކަމަކަށެވެ.“,b1
جامع الترمذي,1650,"عَنْ أَبِي هُرَيْرَةَ، قَالَ مَرَّ رَجُلٌ مِنْ أَصْحَابِ رَسُولِ اللَّهِ ﷺ بِشِعْبٍ فِيهِ عُيَيْنَةٌ مِنْ مَاءٍ عَذْبَةٌ فَأَعْجَبَتْهُ لِطِيبِهَا فَقَالَ لَوِ اعْتَزَلْتُ النَّاسَ فَأَقَمْتُ فِي هَذَا الشِّعْبِ وَلَنْ أَفْعَلَ حَتَّى أَسْتَأْذِنَ رَسُولَ اللَّهِ ﷺ . فَذَكَرَ ذَلِكَ لِرَسُولِ اللَّهِ ﷺ فَقَالَ "" لاَ تَفْعَلْ فَإِنَّ مَقَامَ أَحَدِكُمْ فِي سَبِيلِ اللَّهِ أَفْضَلُ مِنْ صَلاَتِهِ فِي بَيْتِهِ سَبْعِينَ عَامًا أَلاَ تُحِبُّونَ أَنْ يَغْفِرَ اللَّهُ لَكُمْ وَيُدْخِلَكُمُ الْجَنَّةَ اغْزُوا فِي سَبِيلِ اللَّهِ مَنْ قَاتَلَ فِي سَبِيلِ اللَّهِ فُوَاقَ نَاقَةٍ وَجَبَتْ لَهُ الْجَنَّةُ ""","""އަބޫ ހުރައިރާ ރަޟިޔަﷲ ޢަންހުގެ ކިބައިން ރިވާވެގެންވެއެވެ. އެކަލޭގެފާނު ވިދާޅުވިއެވެ. ރަސޫލުﷲ ﷺ ޞަޙާބީ ބޭކަލުންގެ ތެރެއިން ބޭކަލެއް (ދެފަރުބަދަ ދެމެދުގައިވާ) ތަނަކުން އެތަނެއްގައި މީރުކުޑަ ފެންގަނޑެއްވާ ތަނަކުން ވަޑައިގަތެވެ. އަދި އޭގެ ރަނގަޅުކަމުގެ ސަބަބުން އެކަލޭގެފާނު އެދެކެ ހިތްޕުޅާވެއްޖެއެވެ. ދެން ދެންނެވިއެވެ. މީސްތަކުން ދޫކޮށް މިތަނުގައި ގާއިމުވެ ހުރެވޭނެ ނަމައެވެ. ނަމަވެސް ރަސޫލުﷲ ﷺ ގެ ކިބައިން ހުއްދަ ހޯއްދެވުމަށްފަހުގައި މެނުވީ އެކަންނުކުރައްވާނަމެވެ. ދެން އެފަދައިން ރަސޫލުﷲ ﷺ ގެ އަރިހަށް ދަންނަވައިފިއެވެ. ދެން ރަސޫލުﷲ ﷺ ޙަދީޘްކުރެއްވިއެވެ. ""އެފަދައިން ކަންތައް ނުކުރާށެވެ. ފަހެ ހަމަކަށަވަރުން ތިޔަބައިމީހުންގެ ތެރެއިން މީހަކު ﷲގެ މަގުގައި(ޖިހާދުކުރުމުގައި) ވާ މަގާމު، ގޭގައިކުރާ ހަތްދިހަ އަހަރުގެ ނަމާދަށްވުރެ މާތްވެގެންވެއެވެ. ﷲ ތިޔަބައިމީހުންގެ ފާފަ ފުއްސަވައި ދެއްވައި އަދި ސުވަރުގެ ވެއްދެވުމަށް ތިޔަބައިމީހުން ލޯބިނުކުރަން ހެއްޔެވެ؟ ﷲގެ މަގުގައި ތިޔަބައިމީހުން ޖިހާދުކުރާށެވެ. ﷲގެ މަގުގައި ޖަމަލެއްގެ ކިރުފެލާހާ ވަގުތުކޮޅެއްގައި ޖިހާދުކުރާ މީހެއްގެ މައްޗަށްވެސް ސުވަރުގެ ވާޖިބުވެގެންވެއެވެ.""",
جامع الترمذي,1655,"عَنْ أَبِي هُرَيْرَةَ، قَالَ قَالَ رَسُولُ اللَّهِ صلى الله عليه وسلم ‏ ""‏ ثَلاَثَةٌ حَقٌّ عَلَى اللَّهِ عَوْنُهُمُ الْمُجَاهِدُ فِي سَبِيلِ اللَّهِ وَالْمُكَاتَبُ الَّذِي يُرِيدُ الأَدَاءَ وَالنَّاكِحُ الَّذِي يُرِيدُ الْعَفَافَ ‏""‏ ‏.‏ قَالَ أَبُو عِيسَى هَذَا حَدِيثٌ حَسَنٌ ‏.‏",3 މީހަކަށް އެހީތެރިވެވޮޑިގެންވުމަށް މާތްﷲ އެކަލާނގެ ޛާތުފުޅަށް ލާޒިމް ކުރެއްވާފައިވެއެވެ: އެއީ ﷲ ގެ މަގުގައި ޖިހާދުކުރާ މީހާއާ، މިނިވަންވުމަށްޓަކައި ސާޙިބުމީހާއަށް އޭގެ އަގު އަދާކުރަން އެދޭ އަޅުމީހާއާއި އަދި ޢިއްފަތްތެރިވުމަށް އެދި ކައިވެނި ކުރާ މީހާއެވެ.,
جامع الترمذي,1655,"عَنْ أَبِي هُرَيْرَةَ، قَالَ قَالَ رَسُولُ اللَّهِ ﷺ: "" ثَلاَثَةٌ حَقٌّ عَلَى اللَّهِ عَوْنُهُمُ الْمُجَاهِدُ فِي سَبِيلِ اللَّهِ وَالْمُكَاتَبُ الَّذِي يُرِيدُ الأَدَاءَ وَالنَّاكِحُ الَّذِي يُرِيدُ الْعَفَافَ","އަބޫ ހުރައިރާ ރަޟިޔަﷲ ޢަންހުގެ ކިބައިން ރިވާވެގެންވެއެވެ. ރަސޫލުﷲ ﷺ ޙަދީޘްކުރެއްވިއެވެ.: ""ތިންމީހެއްގެ މައްޗަށް އެހީވުމަކީ ﷲގެ ޙައްގެކެވެ. (އެއީ) ﷲގެ މަގުގައި ޖިހާދުކުރާ މުޖާހިދެވެ. އަދި މިނިވަންވުމަށް އަގުދެއްކުމަށް ބޭނުންވެގެން (އަގުދުކުރާ) އަޅުމީހާއެވެ. އަދި ޢިއްފަތްތެރިވުމަށްއެދި ކައިވެނިކުރާ މީހާއެވެ.""",
جامع الترمذي,1663,عَنِ الْمِقْدَامِ بْنِ مَعْدِ يكَرِبَ قَالَ: قَالَ رَسُولُ اللَّهِ -ﷺ- (لِلشَّهِيدِ عِنْدَ اللَّهِ سِتُّ خِصَالٍ يُغْفَرُ لَهُ فِي أَوَّلِ دَفْعَةٍ وَيَرَى مَقْعَدَهُ مِنَ الْجَنَّةِ وَيُجَارُ مِنْ عَذَابِ الْقَبْرِ وَيَأْمَنُ مِنَ الْفَزَعِ الأَكْبَرِ وَيُوضَعُ عَلَى رَأْسِهِ تَاجُ الْوَقَارِ الْيَاقُوتَةُ مِنْهَا خَيْرٌ مِنَ الدُّنْيَا وَمَا فِيهَا وَيُزَوَّجُ اثْنَتَيْنِ وَسَبْعِينَ زَوْجَةً مِنَ الْحُورِ الْعِينِ وَيُشَفَّعُ فِي سَبْعِينَ مِنْ أَقَارِبِهِ ),"މިގްދާމް ބިން މަޢުދީކަރިބުގެ އަރިހުން ރިވާވެގެންވެއެވެ. އެކަލޭގެފާނު ވިދާޅުވިއެވެ. ރަސޫލުﷲ ﷺ ޙަދީޘްކުރެއްވިއެވެ. ""(ޖިހާދުގައި) ޝަހީދުވާ މީހާކަށް ﷲގެ ހަޒްރަތުގައި ހަކަމެއްވެއެވެ.. އޭނާގެ ފުރަތަމަ އޮހޮރޭ ލޭތިއްކާއެކު އޭނާގެ ފާފަ ފުއްސެވެއެވެ. އަދި އޭނާގެ މަގާމު ސުވަރުގެއިން ދެއްކެއެވެ. އަދި ކައްވަޅުގެ ޢަޒާބުން މިންޖުވެގެންވެއެވެ. އަދި އެންމެ ބޮޑު ބިރުވެރިކަމުން(ގިޔާމަތްދުވަހު އެއީ ނަރަކާގެ ޢަޒާބު ނުވަތަ ނަރަކައަށް ހުށައެޅުން ނުވަތަ އެނޫން މާނަތައްވެސް ޝަރަހައިގައިވެއެވެ) އަމާންވެގެންވެއެވެ. އަދި އޭނާގެ ބޮލުގައި ޢިއްޒަތުގެ ތާޖެއް އެޅުވޭނެއެވެ. އޭގައިވާ ޔާގޫތެއް ދުނިޔެއާއި ދުނިޔޭގައި ވާހާ އެއްޗަކަށްވުރެ ހެޔޮވެގެންވެއެވެ. އަދި ޙޫރުލް ޢީނުންގެ ތެރެއިން ހަތްދިހަ ދެކަނބަލުންނާއި ކައިވެނިކޮށްދެވެއެވެ. އަދި އޭނާގެ ގާތްތިމާގެ މީހުންގެ ތެރެއިން ހަތްދިހަ މީހުންނަށް ޝަފާޢަތްތެރިވެވެއެވެ.""",
جامع الترمذي,1667,"عن عُثْمَانَ بْنَ عَفَّانَ، رضى الله عنه يَقُولُ سَمِعْتُ رَسُولَ اللَّهِ ﷺ يَقُولُ : ""رِبَاطُ يَوْمٍ فِي سَبِيلِ اللَّهِ خَيْرٌ مِنْ أَلْفِ يَوْمٍ فِيمَا سِوَاهُ مِنَ الْمَنَازِلِ ""","އުޘްމާނު ބިން ޢައްފާނު ރަޟިޔަﷲ ޢަންހު ވިދާޅުވިކަމަށް ރިވާވެގެންވެއެވެ. ރަސޫލުﷲ ﷺ ޙަދީޘްކުރައްވަނިކޮށް އަޑުއެއްސެވީމެވެ. ""ﷲގެ މަގުގައި ޖިހާދުގެ މައިދާނުގައި(ރިބާޠުގައި) އެއްދުވަސް ހޭދަކުރުން، ގެތަކުގައި އޭނޫން އެއްހާސް ދުވަސް ހޭދަކުރުމަށްވުރެ ހެޔޮވެގެންވެއެވެ.""",
جامع الترمذي,1668,عن أَبِي هُرَيْرَةَ رَضيَ الله عنهُ أَنَّ رَسُولَ اللَّهِ صَلَّى اللَّهُ عَلَيْهِ وَسَلَّمَ قَالَ: (مَا يَجِدُ الشَّهِيدُ مِنْ مَسِّ الْقَتْلِ إِلَّا كَمَا يَجِدُ أَحَدُكُمْ مَسَّ الْقَرْصَةِ),"އަބޫ ހުރައިރާ ރަޟިޔަﷲ އަންހުގެ އަރިހުން ރިވާވެގެންވެއެވެ. ރަސޫލުﷲ ﷺ ޙަދީޘްކުރެއްވިއެވެ. ""ތިޔަބައިމީހުންގެ ތެރެއިން މީހެއްގެ ގައިގައި ވިކާލުމުން(ނުވަތަ ހިންޏެއް ދަތްއެޅުމުން) ތަދު އިހުސާސްވާ ފަދައިން މެނުވީ، ޝަހީދުވާ މީހާ މަރުވާ އިރު(މަރުގެ އެތިފަހަރުގައި) ތަދުނުވާހުއްޓެވެ""",
جامع الترمذي,1858,""" إِذَا أَكَلَ أَحَدُكُمْ طَعَامًا فَلْيَقُلْ: بِسْمِ اللَّهِ، فَإِنْ نَسِيَ فِي أَوَّلِهِ فَلْيَقُلْ: بِسْمِ اللَّهِ فِي أَوَّلِهِ وَآخِرِهِ ""","""ތިޔަބައިމީހުންކުރެ މީހަކު އެއްޗެއްކާ ނަމަ بِسْمِ اللَّهِ މިފަދައިން ކިޔާހުށިކަމެވެ. ކާން ފެށިއިރު بِسْمِ اللَّهِ ކިޔަން ހަނދާން ނެތިއްޖަނަމަ بِسْمِ اللَّهِ فِي أَوَّلِهِ وَآخِرِهِ މިފަދައިން ކިޔާ ހުށިކަމެވެ.""",
جامع الترمذي,1881,كُنَّا نَأْكُلُ عَلَى عَهْدِ رَسُولِ اللَّهِ صَلَّى اللَّهُ عَلَيْهِ وَسَلَّمَ وَنَحْنُ نَمْشِي ، وَنَشْرَبُ وَنَحْنُ قِيَامٌ,އަހަރުމެން (ޞަޙާބީން) އެކަލޭގެފާނު ޒަމާނުގައި ހިންގަވާހާލު ކައިއުޅުއްވަމެވެ. އަދި ކޮޅަށްތިބޭ ހާލު ފެންފޮދުހިއްޕަވައި ހައްދަވަމެވެ.,
جامع الترمذي,1954,حَدَّثَنَا أَحْمَدُ بْنُ مُحَمَّدٍ قَالَ: أَخْبَرَنَا عَبْدُ اللَّهِ بْنُ المُبَارَكِ قَالَ: حَدَّثَنَا الرَّبِيعُ بْنُ مُسْلِمٍ قَالَ: حَدَّثَنَا مُحَمَّدُ بْنُ زِيَادٍ، عَنْ أَبِي هُرَيْرَةَ قَالَ: قَالَ رَسُولُ اللَّهِ صَلَّى اللَّهُ عَلَيْهِ وَسَلَّمَ: «مَنْ لَا ‌يَشْكُرُ ‌النَّاسَ ‌لَا ‌يَشْكُرُ ‌اللَّهَ» هَذَا حَدِيثٌ صَحِيحٌ,އަބޫ ހުރައިރާ ވިދާޅުވިކަމަށް ރިވާވެގެންވެއެވެ: ރަސޫލު ﷲ ﷺ ޙަދީޘް ކުރައްވިއެވެ: ”މީސްތަކުންނަށް ޝުކުރު ނުކުރާ މީހަކު، ﷲ އަށް ޝުކުރެއް ނުކުރާނެއެވެ.“,صَحَّحَهُ الأَلبَانِي فِي صَحِيحِ سُنَنِ التِّرمِذِي
جامع الترمذي,1987,حَدَّثَنَا مُحَمَّدُ بْنُ بَشَّارٍ، قَالَ: حَدَّثَنَا عَبْدُ الرَّحْمَنِ بْنُ مَهْدِيٍّ، قَالَ: حَدَّثَنَا سُفْيَانُ، عَنْ حَبِيبِ بْنِ أَبِي ثَابِتٍ، عَنْ مَيْمُونِ بْنِ أَبِي شَبِيبٍ، عَنْ أَبِي ذَرٍّ قَالَ: قَالَ لِي رَسُولُ اللهِ ﷺ: اتَّقِ اللهَ حَيْثُمَا كُنْتَ، وَأَتْبِعِ السَّيِّئَةَ الْحَسَنَةَ تَمْحُهَا، وَخَالِقِ النَّاسَ بِخُلُقٍ حَسَنٍ. وَفِي الْبَابِ عَنْ أَبِي هُرَيْرَةَ. هَذَا حَدِيثٌ حَسَنٌ صَحِيحٌ.,އަބޫ ޛައްރު ރިވާ ކުރެއްވިއެވެ: ރަސޫލު ﷲ ﷺ ތިމަންނައަށް ޙަދީޘް ކުރެއްވިއެވެ: ”ތިބާވީ ކޮންމެ ތާކުމެ ﷲ އަށް ތަގުވާވެރި ވާށެވެ. އަދި (ފާފައެއް ކުރެވިއްޖެ ނަމަ، އެ) ފާފަޔަކާ ވިދިގެން ހެޔޮ ކަމެއް ކުރާށެވެ. (އެހެނީ) އެ ހެޔޮ ކަންތައް، އެ ފާފަ ފޮހެލާނެއެވެ. އަދި ރިވެތި އަޚްލާގުން މީސްތަކުންނާ މުޢާމަލާތް ކުރާށެވެ.“,
جامع الترمذي,1987,حَدَّثَنَا مُحَمَّدُ بْنُ بَشَّارٍ، قَالَ: حَدَّثَنَا عَبْدُ الرَّحْمَنِ بْنُ مَهْدِيٍّ، قَالَ: حَدَّثَنَا سُفْيَانُ، عَنْ حَبِيبِ بْنِ أَبِي ثَابِتٍ، عَنْ مَيْمُونِ بْنِ أَبِي شَبِيبٍ، عَنْ أَبِي ذَرٍّ قَالَ: قَالَ لِي رَسُولُ اللهِ ﷺ: اتَّقِ اللهَ حَيْثُمَا كُنْتَ، وَأَتْبِعِ السَّيِّئَةَ الْحَسَنَةَ تَمْحُهَا، وَخَالِقِ النَّاسَ بِخُلُقٍ حَسَنٍ. وَفِي الْبَابِ عَنْ أَبِي هُرَيْرَةَ. هَذَا حَدِيثٌ حَسَنٌ صَحِيحٌ.,އަބޫ ޛައްރު ރިވާ ކުރެއްވިއެވެ: ރަސޫލު ﷲ ﷺ ތިމަންނައަށް ޙަދީޘް ކުރެއްވިއެވެ: ”ތިބާވީ ކޮންމެ ތާކުމެ ﷲ އަށް ތަގުވާވެރި ވާށެވެ. އަދި (ފާފައެއް ކުރެވިއްޖެ ނަމަ، އެ) ފާފަޔަކާ ވިދިގެން ހެޔޮ ކަމެއް ކުރާށެވެ. (އެހެނީ) އެ ހެޔޮ ކަންތައް، އެ ފާފަ ފޮހެލާނެއެވެ. އަދި ރިވެތި އަޚްލާގުން މީސްތަކުންނާ މުޢާމަލާތް ކުރާށެވެ.“,
جامع الترمذي,2004,"عَنْ أَبِي هُرَيْرَةَ، قَالَ سُئِلَ رَسُولُ اللَّهِ ﷺ عَنْ أَكْثَرِ مَا يُدْخِلُ النَّاسَ الْجَنَّةَ فَقَالَ "" تَقْوَى اللَّهِ وَحُسْنُ الْخُلُقِ "" . وَسُئِلَ عَنْ أَكْثَرِ مَا يُدْخِلُ النَّاسَ النَّارَ فَقَالَ "" الْفَمُ وَالْفَرْجُ "" .","އަބޫ ހުރައިރާ ރަޟިޔަﷲ ޢަންހުގެ ކިބައިން ރިވާވެގެންވެއެވެ. ރަސޫލުﷲ ﷺ އާ އެންމެ ގިނައިން ސުވަރުގެ ވައްދަވާ ކަމަކީ ކޮބައިތޯ ސުވާލު ދެންނެވުނެވެ. އެކަލޭގެފާނު ޙަދީޘްކުރެއްވިއެވެ. ""ﷲއަށް ތަގުވާވެރިވުމާއި އަދި ރިވެތި އަޚުލާގެވެ."" އަދި މީސްތަކުން އެންމެ ގިނައިން ނަރަކައަށް ވައްދަނީ ކޮންކަމަކާ ބެހޭގޮތުން ސުވާލުކުރެވުނެވެ. ޙަދީޘްކުރެއްވިއެވެ: ""އަނގަޔާއި(ދުލާއި) އަދި ލަދުވެތި ގުނަވަަނެވެ.""",
جامع الترمذي,2041,حَدَّثَنَا ابْنُ أَبِي عُمَرَ وَسَعِيدُ بْنُ عَبْدِ الرَّحْمَنِ الْمَخْزُومِيُّ، قَالَا: حَدَّثَنَا سُفْيَانُ، عَنِ الزُّهْرِيِّ، عَنْ أَبِي سَلَمَةَ، عَنْ أَبِي هُرَيْرَةَ أَنَّ النَّبِيَّ ﷺ قَالَ: عَلَيْكُمْ بِهَذِهِ الْحَبَّةِ السَّوْدَاءِ؛ فَإِنَّ فِيهَا شِفَاءً مِنْ كُلِّ دَاءٍ إِلَّا السَّامَ. وَالسَّامُ الْمَوْتُ وَفِي الْبَابِ عَنْ بُرَيْدَةَ، وَابْنِ عُمَرَ، وَعَائِشَةَ. وَهَذَا حَدِيثٌ حَسَنٌ صَحِيحٌ. وَالْحَبَّةُ السَّوْدَاءُ: هِيَ الشُّونِيزُ.,އަބޫ ހުރައިރާ ރިވާ ކުރެއްވިއެވެ: ނަބިއްޔާ ﷺ ޙަދީޘް ކުރެއްވިއެވެ: ”ތިޔަބައިމީހުންގެ މައްޗަށް އޮތީ މި ކަޅުދިރި ބޭނުން ކުރުމެވެ. އެހެނީ ހަމަކަށަވަރުން އޭގައި ސާއްމު ފިޔަވާ ކޮންމެ ބައްޔަކަށް ޝިފާވެއެވެ.“ އަދި ސާއްމަކީ މަރެވެ.,
جامع الترمذي,2047,حَدَّثَنَا مُحَمَّدُ بْنُ مَدُّوَيْهِ ، قَالَ : حَدَّثَنَا عَبْدُ الرَّحْمَنِ بْنُ حَمَّادٍ الشُّعَيْثِيُّ ، قَالَ : حَدَّثَنَا عَبَّادُ بْنُ مَنْصُورٍ ، عَنْ عِكْرِمَةَ ، عَنِ ابْنِ عَبَّاسٍ قَالَ: قَالَ رَسُولُ اللهِ صَلَّى اللهُ عَلَيْهِ وَسَلَّمَ: إِنَّ خَيْرَ مَا تَدَاوَيْتُمْ بِهِ السَّعُوطُ وَاللَّدُودُ وَالْحِجَامَةُ وَالْمَشِيُّ. فَلَمَّا اشْتَكَى رَسُولُ اللهِ صَلَّى اللهُ عَلَيْهِ وَسَلَّمَ لَدَّهُ أَصْحَابُهُ فَلَمَّا فَرَغُوا قَالَ: لُدُّوهُمْ ، قَالَ: فَلُدُّوا كُلُّهُمْ غَيْرَ الْعَبَّاسِ .,"އިބްނު ޢައްބާސް ރިވާ ކުރެއްވިއެވެ: ރަސޫލު ﷲ (ސ) ޙަދީޘް ކުރެއްވިއެވެ: ”ހަމަކަށަވަރުން ތިޔަބައިމީހުން ފަރުވާ ކުރުމަށް ބޭނުން ކުރާ އެންމެ ރަނގަޅު ތަކެއްޗަކީ (ގުސްޠުން) ނޭފަތަށް ތިކިޖެހުމާއި، (ގުސްތުން) ކޮލުދަތްތައް ކައިރީގައި ހާކާލުމާއި، ޙިޖާމާ ޖެހުމާއި، ބަނޑު ހުސްކުރުވާ ތަކެއްޗެވެ.“ އަދި ރަސޫލު ﷲ (ސ) ގެ (ފަހު) އާލާސްކަންފުޅުގައި އޮންނެވި ހިނދު، ނަބިއްޔާގެ ޞަޙާބީން އެކަލޭގެފާނުގެ ކޮލުދަތްޕުޅު ކައިރީގައި ގުސްތު ހާކާލެއްވިއެވެ. ދެން އެބައިމީހުން ވަކިވުމަށްފަހު ނަބިއްޔާ ޙަދީޘް ކުރެއްވިއެވެ: ""އެބައިމީހުންގެ ކޮލުދަތްތައް ކައިރީގައި ގުސްޠު ހާކާށެވެ. ދެން އެބައިމީހުން އެންމެންނަށް އެހެން ހެދުނެވެ. އެއީ ޢިބްނު ޢައްބާސް ފިޔަވައެވެ.",
جامع الترمذي,2048,حَدَّثَنَا مُحَمَّدُ بْنُ يَحْيَى ، قَالَ : حَدَّثَنَا يَزِيدُ بْنُ هَارُونَ ، قَالَ : حَدَّثَنَا عَبَّادُ بْنُ مَنْصُورٍ ، عَنْ عِكْرِمَةَ ، عَنِ ابْنِ عَبَّاسٍ قَالَ: قَالَ رَسُولُ اللهِ صَلَّى اللهُ عَلَيْهِ وَسَلَّمَ: إِنَّ خَيْرَ مَا تَدَاوَيْتُمْ بِهِ اللَّدُودُ وَالسَّعُوطُ وَالْحِجَامَةُ وَالْمَشِيُّ ، وَخَيْرُ مَا اكْتَحَلْتُمْ بِهِ الْإِثْمِدُ؛ فَإِنَّهُ يَجْلُو الْبَصَرَ وَيُنْبِتُ الشَّعَرَ ، وَكَانَ لِرَسُولِ اللهِ صَلَّى اللهُ عَلَيْهِ وَسَلَّمَ مُكْحُلَةٌ يَكْتَحِلُ بِهَا عِنْدَ النَّوْمِ ثَلَاثًا فِي كُلِّ عَيْنٍ. هَذَا حَدِيثٌ حَسَنٌ غَرِيبٌ ، لَا نَعْرِفُهُ إِلَّا مِنْ حَدِيثِ عَبَّادِ بْنِ مَنْصُورٍ .,އިބްނު ޢައްބާސް ރިވާ ކުރެއްވިއެވެ: ރަސޫލު ﷲ ﷺ ޙަދީޘް ކުރެއްވިއެވެ: ”ހަމަކަށަވަރުން ތިޔަބައިމީހުން ފަރުވާ ކުރުމަށް ބޭނުން ކުރާ އެންމެ ރަނގަޅު ތަކެއްޗަކީ (ގުސްތުން) ކޮލުދަތްތައް ކައިރީގައި ހާކާލުމާއި، (ގުސްޠުން) ނޭފަތަށް ތިކިޖެހުމާއި، ޙިޖާމާ ޖެހުމާއި، ބަނޑު ހުސްކުރުވާ ތަކެއްޗެވެ. އަދި އަނދުން އެޅުމަށް ތިޔަބައިމީހުން ބޭނުން ކުރާ އެންމެ ރަނގަޅު އެއްޗަކީ އިޘްމިދެވެ. އެހެނީ ހަމަކަށަވަރުން އޭގެން ލޮލުގެ ފެނުން އަލިކޮށްދެއެވެ. އަދި އެސްފިޔަތައް ދިގުކޮށްދެއެވެ.“ އަދި އަނދުން އަޅާ އެއްޗެއް ރަސޫލު ﷲ ﷺ ގެންގުޅުއްވިއެވެ. ނަބިއްޔާ އަވަހާރަފުޅު ލެއްޕެވުމުގެ ކުރިން ކޮންމެ ލޯފުޅެއްގައި ތިން ފަހަރު އޭގެން އަނދުން އަޅުއްވައެވެ.,
جامع الترمذي,2053,حَدَّثَنَا عَبْدُ بْنُ حُمَيْدٍ ، قَالَ : أَخْبَرَنَا النَّضْرُ بْنُ شُمَيْلٍ ، قَالَ : حَدَّثَنَا عَبَّادُ بْنُ مَنْصُورٍ قَالَ: سَمِعْتُ عِكْرِمَةَ يَقُولُ: كَانَ لِابْنِ عَبَّاسٍ غِلْمَةٌ ثَلَاثَةٌ حَجَّامُونَ ، فَكَانَ اثْنَانِ مِنْهُمْ يُغِلَّانِ عَلَيْهِ وَعَلَى أَهْلِهِ ، وَوَاحِدٌ يَحْجُمُهُ وَيَحْجُمُ أَهْلَهُ ، قَالَ: وَقَالَ ابْنُ عَبَّاسٍ : قَالَ نَبِيُّ اللهِ صَلَّى اللهُ عَلَيْهِ وَسَلَّمَ: نِعْمَ الْعَبْدُ الْحَجَّامُ ، يُذْهِبُ الدَّمَ وَيُخِفُّ الصُّلْبَ ، وَيَجْلُو عَنِ الْبَصَرِ . وَقَالَ: إِنَّ رَسُولَ اللهِ صَلَّى اللهُ عَلَيْهِ وَسَلَّمَ حِينَ عُرِجَ بِهِ مَا مَرَّ عَلَى مَلَإٍ مِنَ الْمَلَائِكَةِ إِلَّا قَالُوا: عَلَيْكَ بِالْحِجَامَةِ ، وَقَالَ: إِنَّ خَيْرَ مَا تَحْتَجِمُونَ فِيهِ يَوْمَ سَبْعَ عَشْرَةَ وَيَوْمَ تِسْعَ عَشْرَةَ وَيَوْمَ إِحْدَى وَعِشْرِينَ وَقَالَ: إِنَّ خَيْرَ مَا تَدَاوَيْتُمْ بِهِ السَّعُوطُ وَاللَّدُودُ وَالْحِجَامَةُ وَالْمَشِيُّ . وَإِنَّ رَسُولَ اللهِ صَلَّى اللهُ عَلَيْهِ وَسَلَّمَ لَدَّهُ الْعَبَّاسُ وَأَصْحَابُهُ فَقَالَ رَسُولُ اللهِ صَلَّى اللهُ عَلَيْهِ وَسَلَّمَ: مَنْ لَدَّنِي؟ فَكُلُّهُمْ أَمْسَكُوا فَقَالَ: لَا يَبْقَى أَحَدٌ مِمَّنْ فِي الْبَيْتِ إِلَّا لُدَّ غَيْرَ عَمِّهِ الْعَبَّاسِ قَالَ عَبْدٌ : قَالَ النَّضْرُ : اللَّدُودُ الْوَجُورُ . هَذَا حَدِيثٌ حَسَنٌ غَرِيبٌ . لَا نَعْرِفُهُ إِلَّا مِنْ حَدِيثِ عَبَّادِ بْنِ مَنْصُورٍ . وَفِي الْبَابِ عَنْ عَائِشَةَ.,"ޢިކްރިމާ ރިވާ ކުރެއްވިއެވެ: ޙިޖާމާ ޖަހާ ތިން ފިރިހެން އަޅުކުދިން އިބްނު ޢައްބާސް ގެންގުޅުއްވިއެވެ. އޭގެ ތެރެއިން ދެ ކުއްޖަކު ޙިޖާމާ ޖަހައިގެން އިބްނު ޢައްބާސަށާއި އެކަލޭގެފާނުގެ އާއިލާއަށް އާމްދަނީ ހޯދައެވެ. އަދި އެއް ކުއްޖަކު އިބްނު ޢައްބާސަށާއި އެކަލޭގެފާނުގެ އާއިލާއަށް ހިޖާމާ ޖަހައިދެއެވެ. އަދި އިބްނު ޢައްބާސް ވިދާޅުވިއެވެ: ނަބިއްޔާ ﷺ ޙަދީޘް ކުރެއްވިއެވެ: ""ޙިޖާމާ ޖަހާ އަޅުކުއްޖާގެ ހެޔޮކަމާއެވެ. އޭނާ ލޭ ނަގައި، ބުރަކައްޓަށް ލުއިކޮށްދީ، ލޮލުގެ ފެނުން އަލިކޮށްދެއެވެ."" އަދިވެސް އިބްނު ޢައްބާސް ވިދާޅުވިއެވެ: ހަމަކަށަވަރުން ރަސޫލު ﷲ ﷺ މިޢުރާޖަށް އަރާވަޑައިގެންނެވި ހިނދު، މަލާއިކަތުން ކައިރިންލައިފާ ނަބިއްޔާ ވަޑައިގެން ކޮންމެ މަލާއިކަތަކު ދެންނެވިއެވެ: އިބަ ނަބިއްޔާ ޙިޖާމާ ޖައްސަވާށެވެ. އަދިވެސް ނަބިއްޔާ ޙަދީޘް ކުރެއްވިއެވެ: ""ތިޔަބައިމީހުން ޙިޖާމާ ޖަހާ އެންމެ ހެޔޮ ދުވަސްތަކަކީ (މަހުގެ) ސަތާރަވަނަ ދުވަހާއި، ނަވާރަވަނަ ދުވަހާއި، އެކާވީސްވަނަ ދުވަހެވެ."" އަދިވެސް ނަބިއްޔާ ޙަދީޘް ކުރެއްވިއެވެ: ”ހަމަކަށަވަރުން ތިޔަބައިމީހުން ފަރުވާ ކުރުމަށް ބޭނުން ކުރާ އެންމެ ރަނގަޅު ތަކެއްޗަކީ (ގުސްޠުން) ނޭފަތަށް ތިކިޖެހުމާއި، (ގުސްތުން) ކޮލުދަތްތައް ކައިރީގައި ހާކާލުމާއި، ޙިޖާމާ ޖެހުމާއި، ބަނޑު ހުސްކުރުވާ ތަކެއްޗެވެ.“ އަދި ރަސޫލު ﷲ ﷺ ގެ (ފަހު އާލާސްކަންފުޅުގައި އޮންނެވި ހިނދު) އަލްޢައްބާސާއި ނަބިއްޔާގެ ޞަޙާބީން އެކަލޭގެފާނުގެ ކޮލުދަތްޕުޅު ކައިރީގައި ގުސްތު ހާކާލެއްވިއެވެ. ދެން ރަސޫލު ﷲ (ސ) ޙަދީޘް ކުރެއްވިއެވެ: ""ތިމަން ނަބިއްޔާގެ ކޮލުދަތްޕުޅު ކައިރީގައި ގުސްތު ހޭކީ ކޮން ބަޔެއްތޯއެވެ؟"" ފަހެ އެބައިމީހުން އެންމެން ހިފެހެއްޓުނެވެ. އިބްނު ޢައްބާސް ވިދާޅުވިއެވެ: ދެން އެ ގެކޮޅުގައި ހުރި އެންމެންގެ ކޮލުދަތްތައް ކައިރީގައި ގުސްޠު ހޭކުނެވެ. އެއީ ނަބިއްޔާގެ ބޮޑުބޭބެފުޅު އަލްޢައްބާސް ފިޔަވައެވެ. (ޙަދީޘްގެ ރާވީއެއް ކަމަށްވާ) ޢަބްދު ވިދާޅުވިއެވެ: އައްނަޟްރު ވިދާޅުވިއެވެ: ލުދޫދަކީ ވުޖޫރެވެ. (އެބަހީ: ކަރަށް ތިކި ޖެހުމެވެ.) (އިމާމު ތިރްމިޛީ ވިދާޅުވިއެވެ): މިއީ ޙަސަން ޣަރީބް ޙަދީޘެކެވެ. ޢައްބާދު ބިން މަންޞޫރުގެ އަރިހުން މެނުވީ މި ޙަދީޘް އައިކަމަށް ތިމަންމެން ނުދަންނަމެވެ. އަދި މި ޙަދީޘްގައިވާ ކަންކަމާ ގުޅޭ ގޮތުން ޢާއިޝާގެ އަރިހުން ރިވާވެގެން އައިސްފައިވެއެވެ.",
جامع الترمذي,2058,كان رسولُ اللهِ صلَّى اللهُ عليه وسلَّم يتعوَّذُ من الجانِّ، وعَينِ الإنسانِ، حتى نزلت المعَوِّذتانِ، فلمَّا نزلت أخذ بهما وتَرَك ما سِواهما,المعوذتين (سورة الفلق އަދި سورة الناس) ދެސޫރަތް ބާވައިލެއްވެއްޖެއުމަށް ދާނދެން ރަސޫލުﷲ ޞައްލައްﷲ އަލައިހި ވަސައްލަމަ ޖިންނީންނާއި އެސްފީނައިން ރައްކާތެރިވުމަށް (ﷲގެ ހަޒްރަތަށް އެކި ދުއާތައްކުރައްވާ) އެދިވަޑައިގެންނަވާ ކަމުގައި ވެއެވެ. ދެންފަހެ އެދެސޫރަތް ބާވައިލެއްވުމުން އެ ދެސޫރަތުގައި ހިއްޕަވައި އެހެނިހެން ތަކެތި ކިޔެވުން ދުކޮށްލެއްވިއެވެ.,
جامع الترمذي,2058,عن أبي سعيد الخدري رضي الله عنه قال : ( كَانَ رَسُولُ اللهِ صَلَّى اللَّهُ عَلَيْهِ وَسَلَّمَ يَتَعَوَّذُ مِنَ الجَانِّ وَعَيْنِ الإِنْسَانِ حَتَّى نَزَلَتِ الْمُعَوِّذَتَانِ ، فَلَمَّا نَزَلَتَا أَخَذَ بِهِمَا وَتَرَكَ مَا سِوَاهُمَا,އަބޫ ސައީދުނިލް ޚުދްރީގެ އަރިހުން ރިވާވެފައިވާ ޙަދީޘެއްގެ މާނާގައި ވެއެވެ. “(ﷲ ޞުބުޙާނަހޫ ވަތަޢާލާ،) މުޢައްވިޛަތައިން (سورة الفلق އަދި سورة الناس) ބާވައިލެއްވުމަށް ދާންދެން ރަސޫލުﷲ ޞައްލަﷲ ޢަލައިހި ވަސައްލަމް، ޖިންނި އާއި އެސްފީނާއިން ﷲގެ ހަޒްރަތުން ރައްކާތެރިކަމަށް އެދިވަޑައިގެން (އެހެނިހެން) ދުއާ ކުރެއްވިއެވެ. މުޢައްވިޛަތައިން ބާވައިލެއްވުމާއެކު، އެކަލޭގެފާނު، (އެކަންކަމަށް) މުޢައްވިޛަތައިން ކިޔުއްވައި ރުގްޔާ ކުރައްވަތެވެ. އަދި ކުރިން ކިޔުއްވި ތަކެތި ކިޔުއްވުން ހުއްޓާލެއްވިއެވެ.”,
جامع الترمذي,2060,كانَ رسولُ اللَّهِ صلى اللَّهُ عليهِ وسلَّمَ يعوِّذُ الحسنَ والحسينَ ، يقولُ : أعيذُكُما بِكلماتِ اللَّهِ التَّامَّةِ ، مِن كلِّ شيطانٍ وَهامَّةٍ ومن كلِّ عينٍ لامَّةٍ,ނަބިއްޔާ ޞައްލަﷲ ޢަލައިހި ވަސައްލަމަ ޙަސަންގެފާނާއި ޙުސައިންގެފާނަށް ﷲގެ ޙަޟުރަތުން ރައްކާތެރިކަމަށް އެދިވަޑައިގަންނަވައެވެ. އަދި ވިދާޅުވެއެވެ. “ހަމަކަށަވަރުން ތިދެކުދިންގެ ބައްޕާފުޅު (އިބްރާޙިމްގެފާނު) އިސްމާޢީލްގެފާނަށާއި އިސްޙާގުގެފާނުގެ ރައްކާތެރިކަމަށް އެދިވަޑައިގެން މިބަސްފުޅުތައް ވިދާޅުވެއެވެ.” ކޮންމެ ޝައިޠާނެއްގެ ކިބައިންނާއި، ވިހަލާ ޖަނަވާރުގެ ކިބައިންނާއި އަދި ކޮންމެ އެސްފީނައަކުން މިދެކުދިން ރައްކާތެރި ކޮށްދެއްވުންއެދި ﷲ ތަޢާލާގެ ފުރިހަމަވެގެންވާ ކަލިމަފުޅުތަކުން އެދެމެވެ.,
جامع الترمذي,2079,حَدَّثَنَا رَجَاءُ بْنُ مُحَمَّدٍ الْعُذْرِيُّ الْبَصْرِيُّ، قَالَ: حَدَّثَنَا عَمْرُو بْنُ مُحَمَّدِ بْنِ أَبِي رَزِينٍ، قَالَ: حَدَّثَنَا شُعْبَةُ، عَنْ خَالِدٍ الْحَذَّاءِ، قَالَ: حَدَّثَنَا مَيْمُونٌ أَبُو عَبْدِ اللهِ قَالَ: سَمِعْتُ زَيْدَ بْنَ أَرْقَمَ قَالَ: أَمَرَنَا رَسُولُ اللهِ ﷺ أَنْ نَتَدَاوَى مِنْ ذَاتِ الْجَنْبِ بِالْقُسْطِ الْبَحْرِيِّ وَالزَّيْتِ.,ޒައިދު ބިން އަރްގަމު ރިވާ ކުރެއްވިއެވެ: ޕްލިއުރިސީއަށް ފަރުވާ ކުރުމުގައި ކަނޑު ގުސްޠާއި ތެޔޮ ބޭނުން ކުރަން ރަސޫލު ﷲ ﷺ ތިމަންމެންނަށް އަމުރު ކުރެއްވިއެވެ.,
جامع الترمذي,2155,"""قَالَ عَطَاءٌ: فَلَقِيتُ الوَلِيدَ بْنَ عُبَادَةَ بْنِ الصَّامِتِ، صَاحِبَ رَسُولِ اللَّهِ صَلَّى اللَّهُ عَلَيْهِ وَسَلَّمَ فَسَأَلْتُهُ: مَا كَانَتْ وَصِيَّةُ أَبِيكَ عِنْدَ الْمَوْتِ؟ قَالَ: دَعَانِي أَبِي فَقَالَ لِي: يَا بُنَيَّ، اتَّقِ اللَّهَ، وَاعْلَمْ أَنَّكَ لَنْ تَتَّقِيَ اللَّهَ حَتَّى تُؤْمِنَ بِاللَّهِ وَتُؤْمِنَ بِالقَدَرِ كُلِّهِ خَيْرِهِ وَشَرِّهِ، فَإِنْ مُتَّ عَلَى غَيْرِ هَذَا دَخَلْتَ النَّارَ، إِنِّي سَمِعْتُ رَسُولَ اللَّهِ صَلَّى اللَّهُ عَلَيْهِ وَسَلَّمَ يَقُولُ: "" إِنَّ أَوَّلَ مَا خَلَقَ اللَّهُ القَلَمَ، فَقَالَ: اكْتُبْ، فَقَالَ: مَا أَكْتُبُ؟ قَالَ: اكْتُبِ القَدَرَ مَا كَانَ وَمَا هُوَ كَائِنٌ إِلَى الأَبَدِ ""","""ޢަޠާ (ބުން އަބީ ރިބާޙް) ވިދާޅުވިއެވެ. ރަސޫލާ ޞައްލަﷲ ޢަލައިހި ވަސައްލަމަގެ އެކުވެރިޔާ އަލްވަލީދު ބުން ޢުބާދަތު ބުން ޞާމިތު ތިމަން ބައްދަލުކޮށް ސުވާލުކުރީމެވެ. ކަލޭގެފާނުގެ ބައްޕާފުޅު މަރުމަތީގައި ކުރެއްވި ވަޞިއްޔަތަކީ ކޮބައިތޯއެވެ؟ އެކަލޭގެފާނު ( ވަލީދު) ވިދާޅުވިއެވެ. ބައްޕާފުޅުގެ ކައިރިއަށް ތިމަންކަލޭގެފާނު ގެންނަވާ ވިދާޅުވިއެވެ. ""އޭ ދަރިފުޅާއެވެ ! މާތް ﷲއަށް ތަގްވާވެރިވާށެވެ! އަދި ދަންނާށެވެ. ! މާތް ﷲއަށް އީމާންވެ ހެޔޮ މިންވަރާއި ނުބައި މިންވަރަށް އީމާންނުވާހާ ހިނދަކު މާތް ﷲ އަށް ތަގްވާވެރި ނުވެވޭ ހުއްޓެވެ."" ހަމަކަށަވަރުން ތިމަންކަލޭގެފާނު ރަސޫލާ ޞައްލަﷲ ޢަލައިހި ވަސައްލަމަ ޙަދީޘް ކުރެއްވި އަޑު އެއްސެވީމެވެ. "" ހަމަކަށަވަރުން ﷲ އެންމެ ފުރަތަމަ ހެއްދެވީ ގަލަމެވެ. ފަހެ ގަލަމަށް އެކަލާނގެ ވަހީކުރެއްވިއެވެ. ލިޔާށެވެ! ގަލަން ދެންނެވިއެވެ. ލިޔަންވީ ކޮންއެއްޗެއް ތޯއެވެ؟ އެކަލާނގެ ވަހީކުރެއްވިއެވެ. (އެންމެހާ ތަކެތީގެ) ގަދަރު ލިޔާށެވެ.! އެއީ ވެފައިވާ ކަމަކާއި އަބަދަށްޓަކައި ވާންހުރިކަންތައްތަކެވެ.""",
جامع الترمذي,2165,لا يخلوَنَّ رجلٌ بامرأةٍ إلَّا كانَ ثالثَهما الشَّيطانُ,"""ހަމަކަށަވަރުން ފިރިހެނަކު އަންހެނަކާ އެކަހެރިނުވާށެވެ. އެދެމީހުންގެ ތިންވަނަ ފަރާތަކީ ޝައިޠާނާއެވެ.""",
جامع الترمذي,2169,حَدَّثَنَا قُتَيْبَةُ، قَالَ: حَدَّثَنَا عَبْدُ الْعَزِيزِ بْنُ مُحَمَّدٍ، عَنْ عَمْرِو بْنِ أَبِي عَمْرٍو، عَنْ عَبْدِ اللهِ الْأَنْصَارِيِّ، عَنْ حُذَيْفَةَ بْنِ الْيَمَانِ، عَنِ النَّبِيِّ ﷺ قَالَ: وَالَّذِي نَفْسِي بِيَدِهِ لَتَأْمُرُنَّ بِالْمَعْرُوفِ وَلَتَنْهَوُنَّ عَنِ الْمُنْكَرِ أَوْ لَيُوشِكَنَّ اللهُ أَنْ يَبْعَثَ عَلَيْكُمْ عِقَابًا مِنْهُ، ثُمَّ تَدْعُونَهُ فَلَا يُسْتَجَابُ لَكُمْ. هَذَا حَدِيثٌ حَسَنٌ.,ޙުޛައިފާ ބިން އަލްޔަމާނު ރިވާ ކުރެއްވިއެވެ: ނަބިއްޔާ ﷺ ޙަދީޘް ކުރެއްވިއެވެ: ”ތިމަން ނަބިއްޔާގެ ނަފްސުފުޅު އެ ފަރާތެއްގެ އަތްޕުޅުގައިވާ ފަރާތް ގަންދީ ބުނަމެވެ. ތިޔަބައިމީހުން ހެޔޮކަންކަމަށް އަމުރުކުރަން ޖެހޭނެއެވެ. އަދި ނުބައިކަންކަން މަނާ ކުރަން ޖެހޭނެއެވެ. ނޫން ނަމަ، ﷲގެ ހަޒްރަތުން އުގޫބާތެއް ތިޔަބައިމީހުންގެ މައްޗަށް ފޮނުއްވާނެކަމީ ވަރަށް ގާތުގައިވާ ކަމެކެވެ. އެއަށްފަހު ތިޔަބައިމީހުން އެ އިލާހަށް ދުއާ ކުރުމުން ތިޔަބައިމީހުންނަކަށް އިޖާބައެއް ނުދެއްވާނެއެވެ.“,
جامع الترمذي,2169,حَدَّثَنَا قُتَيْبَةُ، قَالَ: حَدَّثَنَا عَبْدُ الْعَزِيزِ بْنُ مُحَمَّدٍ، عَنْ عَمْرِو بْنِ أَبِي عَمْرٍو، عَنْ عَبْدِ اللهِ الْأَنْصَارِيِّ، عَنْ حُذَيْفَةَ بْنِ الْيَمَانِ، عَنِ النَّبِيِّ ﷺ قَالَ: وَالَّذِي نَفْسِي بِيَدِهِ لَتَأْمُرُنَّ بِالْمَعْرُوفِ وَلَتَنْهَوُنَّ عَنِ الْمُنْكَرِ أَوْ لَيُوشِكَنَّ اللهُ أَنْ يَبْعَثَ عَلَيْكُمْ عِقَابًا مِنْهُ، ثُمَّ تَدْعُونَهُ فَلَا يُسْتَجَابُ لَكُمْ. هَذَا حَدِيثٌ حَسَنٌ.,ޙުޛައިފާ ބިން އަލްޔަމާނު ރިވާ ކުރެއްވިއެވެ: ނަބިއްޔާ ﷺ ޙަދީޘް ކުރެއްވިއެވެ: ”ތިމަން ނަބިއްޔާގެ ނަފްސުފުޅު އެ ފަރާތެއްގެ އަތްޕުޅުގައިވާ ފަރާތް ގަންދީ ބުނަމެވެ. ތިޔަބައިމީހުން ހެޔޮކަންކަމަށް އަމުރުކުރަން ޖެހޭނެއެވެ. އަދި ނުބައިކަންކަން މަނާ ކުރަން ޖެހޭނެއެވެ. ނޫން ނަމަ، ﷲގެ ހަޒްރަތުން އުގޫބާތެއް ތިޔަބައިމީހުންގެ މައްޗަށް ފޮނުއްވާނެކަމީ ވަރަށް ގާތުގައިވާ ކަމެކެވެ. އެއަށްފަހު ތިޔަބައިމީހުން އެ އިލާހަށް ދުއާ ކުރުމުން ތިޔަބައިމީހުންނަކަށް އިޖާބައެއް ނުދެއްވާނެއެވެ.“,
جامع الترمذي,2169,والَّذي نَفسي بيدِهِ لتأمُرُنَّ بالمعروفِ ولتَنهوُنَّ عنِ المنكرِ أو ليوشِكَنَّ اللَّهُ أن يبعثَ عليكُم عقابًا منهُ ثمَّ تَدعونَهُ فلا يَستجيبُ لَكُم,“ތިމަންކަލޭގެފާނުގެ ނަފްސު އެއިލާހެއްގެ އަތްޕުޅުގައިވާ އިލާހު ގަންދީ ޙަދީޘްކުރައްވަމެވެ. ތިޔަބައިމީހުން ހެޔޮކަންތަކަށް އަމުރުކޮށް ނުބައިކަންތައް ނަހީކުރާހުށިކަމެވެ. ނޫންނަމަ ﷲ ތަޢާލާ ތިޔަބައިމީހުންގެ މައްޗަށް އެ އިލާހުގެ ހަޒްރަތުން ކޯފާއެއް ފޮނުއްވަފާނެއެވެ. ދެން އެއަށްފަހު ތިޔަބައިމީހުން އެއިލާހަށް ދުއާކުރިޔަސް ތިޔަބައިމީހުންނަކަށް އިޖާބައެއް ނުކުރެއްވޭނެތެވެ.”,
جامع الترمذي,2185,يكونُ في آخرِ هذهِ الأمةِ خسفٌ ومسخٌ وقذفٌ ، قالتْ : قلتُ : يا رسولَ اللهِ أنهلِكُ وفينا الصالحونَ ؟ قال : نعم إذا ظَهرَ الخبثُ,ބިންގަނޑު ގަންބަވައިގަތުމަކާއި ބައެއްގެ ޞޫރަ ބަދަލުކުރެއްވުމަކާއި އަދި އުޑުން ހިލައިގެ ވާރޭ ވެއްސެވުން މިއުއްމަތުގެ ފަހުކޮޅުގައި ވެއެވެ.” ވިދާޅުވިއެވެ. ތިމަންކަމަނާ ދެންނެވީމެވެ. އޭ ﷲގެ ރަސޫލާއެވެ! ތިމަންމެންގެ ތެރޭގައި ޞާލިޙުން ވަނިކޮށް ތިމަންމެން ހަލާކުވާނީ ހެއްޔެވެ؟ ޙަދީޘްކުރެއްވިއެވެ. “އާދޭހެވެ. ނުބައިކަން ފާޅުވެއްޖެނަމައެވެ.”,
جامع الترمذي,2202,حَدَّثَنَا قُتَيْبَةُ، قَالَ: حَدَّثَنَا حَمَّادُ بْنُ زَيْدٍ، عَنْ أَيُّوبَ، عَنْ أَبِي قِلَابَةَ، عَنْ أَبِي أَسْمَاءَ، عَنْ ثَوْبَانَ، قَالَ: قَالَ رَسُولُ اللهِ ﷺ: إِذَا وُضِعَ السَّيْفُ فِي أُمَّتِي لَمْ يُرْفَعْ عَنْهَا إِلَى يَوْمِ الْقِيَامَةِ هَذَا حَدِيثٌ صَحِيحٌ..,ޘައުބާން ރިވާ ކުރެއްވިއެވެ: ރަސޫލު ﷲ ﷺ ޙަދީޘް ކުރެއްވިއެވެ: ”ތިމަން ނަބިއްޔާގެ އުއްމަތުގައި ކަނޑި ދަމާލެވިއްޖެ ނަމަ، ގިޔާމަތާ ހަމައަށްވެސް އެ ނުއުފުލޭނެއެވެ.“,
جامع الترمذي,2212,في هذهِ الأمةِ خسْفٌ ومسْخٌ وقذْفٌ . فقال رجلُ من المسلمينَ : يا رسولَ اللهِ ومتَى ذلك ؟ قال : إذا ظهرَتِ القِيانُ والمعازِفُ وشُرِبَتْ الخمورُ,“މިއުއްމަތުގެ ތެރެއިން ބަޔަކު ގަޛުފްކުރެވި، ސިފަބަދަލުވެ، ބިމަށް ގަންބަވައި ގަނެވޭނެއެވެ.” ފަހެ މުސްލިމުންގެތެރެއިން މީހަކު ދެންނެވިއެވެ. “އޭ ﷲގެ ރަސޫލާ ﷺއެވެ. އެއީ ކޮންއިރަކުންތޯއެވެ؟” އެކަލޭގެފާނު ޙަދީޘްކުރެއްވިއެވެ. “ރާބުއިމާއި މިއުޒިކު ސާމާނާއި ލަވަކިޔާ އަޅުއަންހެނުން ޢާއްމުވުމުންނެވެ.”,
جامع الترمذي,2219,عَنْ ثَوْبَانَ قَالَ : قَالَ رَسُولُ اللَّهِ صَلَّى اللَّهُ عَلَيْهِ وَسَلَّمَ : ” لاَ تَقُومُ السَّاعَةُ حَتَّى تَلْحَقَ قَبَائِلُ مِنْ أُمَّتِي بِالْمُشْرِكِينَ ، وَحَتَّى يَعْبُدُوا الْأَوْثَانَ ، وَإِنَّهُ سَيَكُونُ فِي أُمَّتِي ثَلَاثُونَ كَذَّابُونَ كُلُّهُمْ يَزْعُمُ أَنَّهُ نَبِيٌّ ، وَأَنَا خَاتَمُ النَّبِيِّينَ ، لاَ نَبِيَّ بَعْدِي -قال ابو عيسى هذا حديث حسن صحيح قال الشيخ,މާތް ﷲ ރުއްސުންލެއްވި ޘައުބާންގެ ކިބައިން ރިވާވެގެން ވެއެވެ. ސަލާމާއި ޞަލަވާތްލެއްވި ކީރިތި ރަސޫލާ ޙަދީޘްކުރެއްވިއެވެ.” ތިމަންކަލޭގެފާނުންގެ އުއްމަތުން ބައެއް ގަބީލާތައް ޝިރުކާއި ބައްދަލުކޮށް، ބުދަށް އަޅުކަން ކޮށްފުމަށް ދާންދެން ގިޔާމަތް ގާއިމު ނުވާނެތެވެ. އަދި ހަމަކަށަވަރުން ތިމަންކަލޭގެފާނުގެ އުއްމަތުގައި ތިރީސް ( ބައެއް ރިވާޔަތްތަކުގައި ތިރީހާ ގާތްކުރާ ޢަދަދަކަށް) ދޮގުވެރިން ދައްޖާލުން ފާޅުފާނެތެވެ. އެއިން ކޮންމެ މީހަކުވެސް އެއީ ނަބިއްޔެއްކަމަށް ދެކޭނެތެވެ. ތިމަންކަލޭގެފާނީ ނަބީކަން ޚަތުމުކުރެއްވި ސާހިބާއެވެ. ތިމަންކަލޭގެފާނަށްފަހު އައު ނަބިއްޔަކު ނުވެއެވެ.,
جامع الترمذي,2219,لَا تَقُومُ السَّاعَةُ حَتَّى تَلْحَقَ قَبَائِلُ مِنْ أُمَّتِي بِالْمُشْرِكِينَ وَحَتَّى يَعْبُدُوا الْأَوْثَانَ,ތިމަން ކަލޭގެފާނުގެ އުއްމަތުގެ ގަބީލާތަކެއް މުޝްރިކުންނާ ގުޅިއްޖައުމަށް ދާންދެން ގިޔާމަތް ނުވާ ހުށްޓެވެ. އަދި އެބައިމީހުން ބުދަށް އަޅުކަން ކޮށްފުމަށް ދާންދެން ގިޔާމަތް ނުވާ ހުށްޓެވެ…,
جامع الترمذي,2229,"عَنْ ثَوْبَانَ رضي الله عنه, قال رسول الله ﷺ : ( إِنَّمَا أَخَافُ عَلَى أُمَّتِي الْأَئِمَّةَ الْمُضِلِّينَ )","عَنْ ثَوْبَانَ رضي الله عنه, قال رسول الله ﷺ : ( إِنَّمَا أَخَافُ عَلَى أُمَّتِي الْأَئِمَّةَ الْمُضِلِّينَ )",
جامع الترمذي,2245,عَنْ أَبِي ذَرٍّ – رَضِيَ اللَّهُ عَنْهُ – ، قَالَ : قَرَأَ رَسُولُ اللَّهِ – صَلَّى اللَّهُ عَلَيْهِ وآلِهِ وَسَلَّمَ (هَلْ أَتَى عَلَى الْإِنْسَانِ حِينٌ مِنَ الدَّهْرِ لَمْ يَكُنْ شَيْئًا مَذْكُورًا ) حَتَّى خَتَمَهَا ، ثُمَّ قَالَ : ” إِنِّي أَرَى مَا لَا تَرَوْنَ وَأَسْمَعُ مَا لَا تَسْمَعُونَ ، أَطَّتِ السَّمَاءُ وَحُقَّ لَهَا أَنْ تَئِطَّ مَا فِيهَا مَوْضِعُ قَدْرِ أَرْبَعِ أَصَابِعَ إِلَّا مَلَكٌ وَاضِعٌ جَبْهَتَهُ سَاجِدًا لِلَّهِ ، وَاللَّهِ لَوْ تَعْلَمُونَ مَا أَعْلَمُ لَضَحِكْتُمْ قَلِيلًا وَلَبَكَيْتُمْ كَثِيرًا وَمَا تَلَذَّذْتُمْ بِالنِّسَاءِ عَلَى الْفُرُشِ ، وَلَخَرَجْتُمْ إِلَى الصُّعُدَاتِ تَجْأَرُونَ إِلَى اللَّهِ تَعَالَى”,މާތް ﷲ އެބޭކަލަކަށް ރުއްސުންލެއްވި އަބޫޛައްރުގެ ކިބައިން ރިވާވެގެން ވެއެވެ. އެކަލޭގެފާނު ވިދާޅުވިއެވެ. ރަސޫލުﷲ ޞައްލަﷲ ޢަލައިހި ވަސައްލަމަ (هَلْ أَتَى عَلَى الْإِنْسَانِ حِينٌ مِنَ الدَّهْرِ لَمْ يَكُنْ شَيْئًا مَذْكُورًا ) މި ސޫރަތް އެއްކޮށް ކިޔަވާ ވިދާޅުވިއެވެ. އެއަށްފަހު ޙަދީޘް ކުރެއްވިއެވެ. “ތިޔަބައިމީހުންނަށް ނުފެންނަ އެއްޗެތި ތިމަންކަލޭގެފާނަށް ފެނެއެވެ. އަދި ތިޔަބައިމީހުންނަށް އަޑުނީވޭ ތަކެތި ތިމަންކަލޭގެފާނަށް އެބަ އަޑުއިވެއެވެ. އުޑުން އަޑު ކިޔައިފިއެވެ. އެއަޑު ކިޔުން ޙައްގުވެގެން ވެއެވެ. މަލާއިކަތްބޭކަލަކު އެބޭކަލެއްގެ ނިތްކުރި ތިރިކުރައްވައި ސަޖިދަ ކުރައްވައިގެން ނެތް ހަތަރު އިނގިލި ޖައްސާލާނެ ތަންކޮޅެއްވެސް އުޑުގައި ނުވެއެވެ. މާތް ﷲ ގަންދީ ބުނަމެވެ. “ ” ތިމަންކަލޭގެފާނަށް އެނގޭކަންތައް ތިޔަބައިމީހުންނަށް އެނގޭނަމަ ތިޔަބައިމީހުން ހުނީހީ މަދުންނެވެ. އަދި ގިނަގިނައިން ތިޔަބައިމީހުން ރުއީމުއެވެ. އަދި ތިޔަބައިމީހުން އަނބިންނާއެކު ދާންތަކުގައި ލައްޒަތް ހޯދުން ދޫކޮށްލީހެވެ. އަދި ތިޔަބައިމީހުން ހުސްބިންތަކަށް ނިކުމެ ﷲ ތަޢާލާގެ ޢަޒާބުން މިންޖުކުރެއްވުމަށްއެދި ދުއާކުރަން ފަށައިފާނޫއެވެ. “,
جامع الترمذي,2260,يَأْتِي عَلَى النَّاسِ زَمَانٌ الصَّابِرُ فِيهِمْ عَلَى دِينِهِ كَالْقَابِضِ عَلَى الْجَمْرِ,"""މީސްތަކުންގެ ތެރެއަށް ޒަމާނެއް އަންނާނެއެވެ. އެދުވަސްވަރުގައި އެމީހެއްގެ ދީންމަތީގައި ކެތްކޮށްގެން ހުރުމަކީ އަލިފާން ދަރުގަނޑެއްގައި ހިފަހައްޓައިގެން ހުރުންފަދަ ދަތި އުނދަގޫ ކަމެކެވެ"".",
جامع الترمذي,2305,مَنْ يأخُذُ عَنِّي هؤُلاءِ الكلِماتِ فيعملُ بِهِنَّ – أَوْ يُعَلِّمُ مَنْ يعمَلُ بِهِنَّ - ؟ . فقالَ أبو هريرةَ : قلتُ : أنا يا رسولُ اللهِ . فأخَذَ بيدِي فعدَّ خمْسًا وقال : اتقِ المحارِمَ تكنْ أعْبَدَ الناسِ ، وارضَ بما قَسَمَ اللهُ لكَ تكُنْ أغْنَى الناسِ ، وأحسِنْ إلى جارِكَ تكُنْ مؤمنًا ، وأحِبَّ للناسِ ما تُحِبُّ لنفسِكَ ، تَكُنْ مسلِمًا ، وَلَا تُكْثِرِ الضَّحِكَ ، فإِنَّ كثْرَةَ الضَّحِكِ تُمِيتُ القَلْبَ,“ތިމަންކަލޭގެފާނު އަރިހުން މި ކަލިމަތައް ލިބިގަނެ އެއަށް އަމަލު ކުރާނީ ކާކު ހެއްޔެވެ؟ ނުވަތަ އެއަށް އަމަލު ކުރާނޭ ބަޔަކަށް އުނގަންނައި ދޭނީ ކާކު ހެއްޔެވެ؟” މިފަދައިން ޙަދީޘް ކުރެއްވުމުން أبو هريرة رضي الله عنه ވިދާޅުވިއެވެ. އޭ ﷲ ގެ ރަސޫލާއެވެ! އަޅުގަނޑު ތިކަން ކުރާ ހުށީމެވެ. އެހިނދު އެކަލޭގެފާނު، ތިމަންގެ އަތުގައި ހިއްޕަވައި ފަސްކަމެއް ގުނާ ލެއްވިއެވެ. ޙަދީޘް ކުރެއްވިއެވެ. ” ޙަރާމްކަންތައްތަކުން ތިބާ ރައްކާތެރި ވާށެވެ. އޭރުން ތިބާއަކީ މީސްތަކުންގެ ތެރެއިން ވާ އެންމެ އަޅުވެރި މީހާއަށް ވާ ހުއްޓެވެ. ﷲ ތިބާއަށް ބައްސަވައި މިންވަރު ކުރައްވައިފައި ވާ އެއްޗަށް ތިބާ ރުހޭށެވެ. އޭރުން ތިބާއަކީ މީސްތަކުންގެ ތެރެއިން ވާ އެންމެ މުއްސަނދި މީހާއަށް ވާ ހުއްޓެވެ. ތިބާގެ އަވަށްޓެރިޔާއަށް، ތިބާ އިޙުސާންތެރި ވާށެވެ. އޭރުން ތިބާ ފުރިހަމަ މުއުމިނަކަށް ވާ ހުއްޓެވެ. ތިބާގެ އަމިއްލަ ނަފުސަށް އެދޭ ކަންތައްތައް، މީސްތަކުންނަށް ތިބާ އެދޭށެވެ. އޭރުން ތިބާ ފުރިހަމަ މުސްލިމަކަށް ވާ ހުއްޓެވެ. ތިބާ ގިނައިން ނުހޭށެވެ. ފަހެ ، ހަމަކަށަވަރުން ގިނައިން ހުނުމަކީ ހިތް މަރުވާ ކަމެކެވެ.”,
جامع الترمذي,2312,لو تَعلمونَ ما أعْلَمُ لضَحِكْتُمْ قليلًا ولبَكَيتُمْ كثيرًا ، وما تَلَذَّذْتُمْ بالنساءِ على الفُرُشِ ، ولخَرَجْتُمْ إلى الصَّعُدَاتِ تجْأَرونَ إلى اللهِ,ތިމަންކަލޭގެފާނަށް އެނގޭކަންތައް ތިޔަބައިމީހުންނަށް އެނގޭނަމަ ތިޔަބައިމީހުން ހުނީހީ މަދުންނެވެ. އަދި ގިނަގިނައިން ތިޔަބައިމީހުން ރުއީމުއެވެ. އަދި ތިޔަބައިމީހުން އަނބިންނާއެކު ދާންތަކުގައި ލައްޒަތް ހޯދުން ދޫކޮށްލީހެވެ. އަދި ތިޔބައިމީހުން ހުސްބިންތަކަށް ނިކުމެ ﷲ ތަޢާލާގެ ޢަޒާބުން މިންޖުކުރެއްވުމަށްއެދި ދުއާކުރަން ފަށައިފާނޫއެވެ.,
جامع الترمذي,2317,حَدَّثَنَا أَحْمَدُ بْنُ نَصْرٍ النَّيْسَابُورِيُّ وَغَيْرُ وَاحِدٍ، قَالُوا: حَدَّثَنَا أَبُو مُسْهِرٍ، عَنْ إِسْمَاعِيلَ بْنِ عَبْدِ اللهِ بْنِ سَمَاعَةَ، عَنِ الْأَوْزَاعِيِّ، عَنْ قُرَّةَ، عَنِ الزُّهْرِيِّ، عَنْ أَبِي سَلَمَةَ، عَنْ أَبِي هُرَيْرَةَ قَالَ: قَالَ رَسُولُ اللهِ ﷺ: مِنْ حُسْنِ إِسْلَامِ الْمَرْءِ تَرْكُهُ مَا لَا يَعْنِيهِ. هَذَا حَدِيثٌ غَرِيبٌ، لَا نَعْرِفُهُ مِنْ حَدِيثِ أَبِي سَلَمَةَ، عَنْ أَبِي هُرَيْرَةَ، عَنِ النَّبِيِّ ﷺ إِلَّا مِنْ هَذَا الْوَجْهِ.,އަބޫ ހުރައިރާ ރިވާ ކުރެއްވިއެވެ: ރަސޫލު ﷲ ﷺ ޙަދީޘް ކުރެއްވިއެވެ: ”މީހާގެ އިސްލާމްކަން ރަނގަޅުވެ ފުރިހަމަ ވުމުގެ ތެރޭގައި، އޭނާއާ ނުބެހޭ ކަންތައްތަކުގެ ތެރެއަށް ނުވަނުން ހިމެނެއެވެ.“,
جامع الترمذي,2317,حَدَّثَنَا أَحْمَدُ بْنُ نَصْرٍ النَّيْسَابُورِيُّ وَغَيْرُ وَاحِدٍ، قَالُوا: حَدَّثَنَا أَبُو مُسْهِرٍ، عَنْ إِسْمَاعِيلَ بْنِ عَبْدِ اللهِ بْنِ سَمَاعَةَ، عَنِ الْأَوْزَاعِيِّ، عَنْ قُرَّةَ، عَنِ الزُّهْرِيِّ، عَنْ أَبِي سَلَمَةَ، عَنْ أَبِي هُرَيْرَةَ قَالَ: قَالَ رَسُولُ اللهِ ﷺ: مِنْ حُسْنِ إِسْلَامِ الْمَرْءِ تَرْكُهُ مَا لَا يَعْنِيهِ. هَذَا حَدِيثٌ غَرِيبٌ، لَا نَعْرِفُهُ مِنْ حَدِيثِ أَبِي سَلَمَةَ، عَنْ أَبِي هُرَيْرَةَ، عَنِ النَّبِيِّ ﷺ إِلَّا مِنْ هَذَا الْوَجْهِ.,އަބޫ ހުރައިރާ ރިވާ ކުރެއްވިއެވެ: ރަސޫލު ﷲ ﷺ ޙަދީޘް ކުރެއްވިއެވެ: ”މީހާގެ އިސްލާމްކަން ރަނގަޅުވެ ފުރިހަމަ ވުމުގެ ތެރޭގައި، އޭނާއާ ނުބެހޭ ކަންތައްތަކުގެ ތެރެއަށް ނުވަނުން ހިމެނެއެވެ.“,
جامع الترمذي,2317,عَنْ أَبِيْ هُرَيْرَةَ رَضِيَ اللهُ عَنْهُ قَالَ: قَالَ رَسُولُ اللهِ صَلَّى اللهُ عَلَيْهِ وَسَلَّمَ (مِنْ حُسْنِ إِسْلَامِ الْـمَرْءِ تَرْكُهُ مَا لَا يَعْنِيهِ),"އަބޫ ހުރައިރާ ރަޟިޔަﷲ ޢަންހުގެ ކިބައިން ރިވާވެގެންވެއެވެ. ރަސޫލުﷲ ޞައްލަﷲ ޢަލައިހި ވަސައްލަމަ ޙަދީޘްކުރެއްވިއެވެ. ""އެމީހަކާ ނުބެހޭ ކަންކަން ދޫކޮށްލުމީ، މީހާގެ އިސްލާމްކަމުގެ ރިވެތިކަމުގެ ތެރެއިންވާ ކަމެކެވެ.""",
جامع الترمذي,2330,"عَنْ عَبْدِ الرَّحْمَنِ بْنِ أَبِي بَكْرَةَ، عَنْ أَبِيهِ، أَنَّ رَجُلاً، قَالَ يَا رَسُولَ اللَّهِ أَىُّ النَّاسِ خَيْرٌ قَالَ ‏""‏ مَنْ طَالَ عُمُرُهُ وَحَسُنَ عَمَلُهُ ‏""‏ ‏.‏ قَالَ فَأَىُّ النَّاسِ شَرٌّ قَالَ ‏""‏ مَنْ طَالَ عُمُرُهُ وَسَاءَ عَمَلُهُ ‏""‏ ‏.‏ قَالَ أَبُو عِيسَى هَذَا حَدِيثٌ حَسَنٌ صَحِيحٌ",މީހަކު ސުވާލުކުރިއެވެ: އޭ ﷲ ގެ ރަސޫލެވެ. މީސްތަކުންކުރެ އެންމެ ހެޔޮ މީހަކީ ކާކުތޯއެވެ؟ އެކަލޭގެފާނު ޙަދީޘްކުރެއްވިއެވެ: ”އެ މީހެއްގެ އުމުރު ދިގުވެ، އޭނާގެ އަމަލު ހެޔޮވި މީހެކެވެ.“ އޭނާ ދެންނެވިއެވެ: ދެން މީސްތަކުންކުރެ އެންމެ ނުބައި މީހަކީ ކާކުތޯއެވެ؟ ޙަދީޘްކުރެއްވިއެވެ: ”އެ މީހެއްގެ އުމުރު ދިގުވެ، އޭނާގެ އަމަލު ނުބައިވި މީހެކެވެ.“,
جامع الترمذي,2336,حَدَّثَنَا أَحْمَدُ بْنُ مَنِيعٍ، قَالَ: حَدَّثَنَا الْحَسَنُ بْنُ سَوَّارٍ، قَالَ: حَدَّثَنَا لَيْثُ بْنُ سَعْدٍ، عَنْ مُعَاوِيَةَ بْنِ صَالِحٍ، أَنَّ عَبْدَ الرَّحْمَنِ بْنَ جُبَيْرِ بْنِ نُفَيْرٍ حَدَّثَهُ عَنْ أَبِيهِ، عَنْ كَعْبِ بْنِ عِيَاضٍ قَالَ: سَمِعْتُ النَّبِيَّ ﷺ يَقُولُ: إِنَّ لِكُلِّ أُمَّةٍ فِتْنَةً وَفِتْنَةُ أُمَّتِي الْمَالُ. هَذَا حَدِيثٌ حَسَنٌ صَحِيحٌ غَرِيبٌ، إِنَّمَا نَعْرِفُهُ مِنْ حَدِيثِ مُعَاوِيَةَ بْنِ صَالِحٍ.,ކަޢުބް ބިން ޢިޔާޟު ރިވާ ކުރެއްވިއެވެ: ނަބިއްޔާ ﷺ ޙަދީޘް ކުރައްވަނިކޮށް ތިމަން އަޑުއެހީމެވެ: ”ހަމަކަށަވަރުން ކޮންމެ އުއްމަތްތަކަށް ފިތުނައެއް ވެއެވެ. އަދި ތިމަން ނަބިއްޔާގެ އުއްމަތުގެ ފިތުނައަކީ މުދަލެވެ.“,
جامع الترمذي,2336,إِنَّ لِكُلِّ أُمَّةٍ فِتْنَةً وَفِتْنَةُ أُمَّتِي الْمَالُ,ހަމަކަށަވަރުން ކޮންމެ އުއްމަތްތަކަށް ފިތުނައެއް ވެއެވެ، އަދި ތިމަންކަލޭގެފާނުގެ އުއްމަތުގެ ފިތުނައަކީ މުދަލެވެ.,
جامع الترمذي,2344,عَنْ عُمَرَ بْنِ الْخَطَّابِ قَالَ قَالَ رَسُولُ اللَّهِ صَلَّى اللَّهُ عَلَيْهِ وَسَلَّمَ لَوْ أَنَّكُمْ كُنْتُمْ تَوَكَّلُونَ عَلَى اللَّهِ حَقَّ تَوَكُّلِهِ لَرُزِقْتُمْ كَمَا يُرْزَقُ الطَّيْرُ تَغْدُو خِمَاصًا وَتَرُوحُ بِطَانًا,"""ތިޔަބައިމީހުން ހައްގުގޮތުގައި ﷲއަށް ވަކީލު ކޮށްފިނަމަ ދޫނިސޫފާ ސޫތްޕަށް ރިޒުގު ދެއްވާ ފަދައިން ތިޔަބައިމީހުނަށް ރިޒުގު ދެއްވީހެވެ. އެތަކެތި ހެނދުނު ނުކުންނަނީ ހުސްބަނޑާއެވެ. ހަވީރު އެނބުރި އަންނަނީ ބަނޑުފުރައިގެންނެވެ.""",
جامع الترمذي,2352,"نَّ رَسُولَ اللَّهِ صلى الله عليه وسلم قَالَ ‏""‏ اللَّهُمَّ أَحْيِنِي مِسْكِينًا وَأَمِتْنِي مِسْكِينًا وَاحْشُرْنِي فِي زُمْرَةِ الْمَسَاكِينِ يَوْمَ الْقِيَامَةِ ‏""‏ ‏.‏",އޭ ﷲ އެވެ. ނިކަމެއްޗެއް ގޮތުގައި މި އަޅާ ދިރިލަހައްޓަވާށިއެވެ. އަދި ނިކަމެއްޗެއް ގޮތުގައި މި އަޅާ މަރުގަންނަވާށިއެވެ. އަދި ގިޔާމަތް ދުވަހު ނިކަމެތި (އަޅުންގެ) ޖަމާއަތުގައި މި އަޅާ މަހުޝަރުކުރައްވާށިއެވެ.,
جامع الترمذي,2377,حَدَّثَنَا مُوسَى بْنُ عَبْدِ الرَّحْمَنِ الْكِنْدِيُّ، قَالَ: حَدَّثَنَا زَيْدُ بْنُ حُبَابٍ قَالَ: أَخْبَرَنِي الْمَسْعُودِيُّ، قَالَ: حَدَّثَنَا عَمْرُو بْنُ مُرَّةَ، عَنْ إِبْرَاهِيمَ، عَنْ عَلْقَمَةَ، عَنْ عَبْدِ اللهِ قَالَ: نَامَ رَسُولُ اللهِ ﷺ عَلَى حَصِيرٍ، فَقَامَ وَقَدْ أَثَّرَ فِي جَنْبِهِ، فَقُلْنَا: يَا رَسُولَ اللهِ لَوِ اتَّخَذْنَا لَكَ وِطَاءً فَقَالَ: مَا لِي وَلِلدُّنْيَا، مَا أَنَا فِي الدُّنْيَا إِلَّا كَرَاكِبٍ اسْتَظَلَّ تَحْتَ شَجَرَةٍ ثُمَّ رَاحَ وَتَرَكَهَا. وَفِي الْبَابِ عَنِ ابْنِ عُمَرَ، وَابْنِ عَبَّاسٍ. هَذَا حَدِيثٌ حَسَنٌ صَحِيحٌ.,ޢަބްދު ﷲ ބިން މަސްޢޫދު ރިވާ ކުރެއްވިއެވެ: ރަސޫލު ﷲ ﷺ ކުނަލެއް މަތީ އަވަހާރަލެއްޕެވިއެވެ. ދެން ހޭފުޅުލެވުން އިރު ނަބިއްޔާގެ އަރިކަށިފުޅުގައި އޭގެ އަސަރު ހުއްޓެވެ. ތިމަންމެން ދެންނެވީމެވެ: އޭ ﷲގެ ރަސޫލާއެވެ. އިބަ ނަބިއްޔާއަށް ޓަކައި (ރަނގަޅު) އެނދެއް ތިމަންމެން ތައްޔާރު ކުރެވިދާނެއެވެ. ނަބިއްޔާ ޙަދީޘް ކުރެއްވިއެވެ: ”ތިމަން ނަބިއްޔާއާ ދުނިޔެއާ ހުރީ ކޮން ގުޅުމެއްތޯއެވެ؟ ދަތުރުވެރިއަކު ގަހެއްގެ ހިޔަލުގައި މަޑުކޮށްލުމުށް ފަހު، އެ ތަން ދޫކޮށްލައި ދިޔަފަދަ މީހަކަށް މެނުވީ ތިމަން ނަބިއްޔާ މި ދުނިޔެ މަތީ ނުވަމެވެ.“,
جامع الترمذي,2377,حَدَّثَنَا مُوسَى بْنُ عَبْدِ الرَّحْمَنِ الْكِنْدِيُّ، قَالَ: حَدَّثَنَا زَيْدُ بْنُ حُبَابٍ قَالَ: أَخْبَرَنِي الْمَسْعُودِيُّ، قَالَ: حَدَّثَنَا عَمْرُو بْنُ مُرَّةَ، عَنْ إِبْرَاهِيمَ، عَنْ عَلْقَمَةَ، عَنْ عَبْدِ اللهِ قَالَ: نَامَ رَسُولُ اللهِ ﷺ عَلَى حَصِيرٍ، فَقَامَ وَقَدْ أَثَّرَ فِي جَنْبِهِ، فَقُلْنَا: يَا رَسُولَ اللهِ لَوِ اتَّخَذْنَا لَكَ وِطَاءً فَقَالَ: مَا لِي وَلِلدُّنْيَا، مَا أَنَا فِي الدُّنْيَا إِلَّا كَرَاكِبٍ اسْتَظَلَّ تَحْتَ شَجَرَةٍ ثُمَّ رَاحَ وَتَرَكَهَا. وَفِي الْبَابِ عَنِ ابْنِ عُمَرَ، وَابْنِ عَبَّاسٍ. هَذَا حَدِيثٌ حَسَنٌ صَحِيحٌ.,ޢަބްދު ﷲ ބިން މަސްޢޫދު ރިވާ ކުރެއްވިއެވެ: ރަސޫލު ﷲ ﷺ ކުނަލެއް މަތީ އަވަހާރަލެއްޕެވިއެވެ. ދެން ހޭފުޅުލެވުން އިރު ނަބިއްޔާގެ އަރިކަށިފުޅުގައި އޭގެ އަސަރު ހުއްޓެވެ. ތިމަންމެން ދެންނެވީމެވެ: އޭ ﷲ ގެ ރަސޫލާއެވެ! އިބަ ނަބިއްޔާއަށް ޓަކައި (ރަނގަޅު) އެނދެއް ތިމަންމެން ތައްޔާރު ކުރެވިދާނެއެވެ. ނަބިއްޔާ ޙަދީޘް ކުރެއްވިއެވެ: ”ތިމަން ނަބިއްޔާއާ ދުނިޔެއާ ހުރީ ކޮން ގުޅުމެއްތޯއެވެ؟ ދަތުރުވެރިއަކު ގަހެއްގެ ހިޔަލުގައި މަޑުކޮށްލުމުށް ފަހު، އެ ތަން ދޫކޮށްލައި ދިޔަފަދަ މީހަކަށް މެނުވީ ތިމަން ނަބިއްޔާ މި ދުނިޔެ މަތީ ނުވަމެވެ.“,
جامع الترمذي,2378,الرَّجُلُ علَى دينِ خليلِهِ فلينظُر أحدُكُم من يخالِلُ,މީހާވަނީ އޭނާގެ ރަޚްމަތްތެރިޔާގެ ދީނުގައެވެ.ފަހެ ތިޔަބައިމީހުންގެ ތެރެއިން ކޮންމެ މީހަކުވެސް ތިމާއަށް ރަޙްމަތްތެރިކަމުގެ ގުޅުން ގާއިމް ކުރެވެނީ ކާކާތޯ ބަލާށެވެ.”,
جامع الترمذي,2380,"""مَا مَلَأَ آدَمِيٌّ وِعَاءً شَرًّا مِنْ بَطْنٍ. بِحَسْبِ ابْنِ آدَمَ أُكُلَاتٌ يُقِمْنَ صُلْبَهُ، فَإِنْ كَانَ لَا مَحَالَةَ فَثُلُثٌ لِطَعَامِهِ وَثُلُثٌ لِشَرَابِهِ وَثُلُثٌ لِنَفَسِهِ""","""އާދަމުގެ ދަރިޔާ އެއްޗެއް އަޅައި ފުރާލާ އެންމެ ނުބައި ކަންވާރަކީ އޭނާގެ ބަނޑެވެ. ބަނޑުފުރާނަ މުއްތިކުރާވަރުގެ މަދުކާއެތިކޮޅަކުން އޭނާއަށް ފުދޭނެއެވެ. ނުވަތަ ބަނޑުގެ ތިންބައިކުޅަ އެއްބަޔަށް ކައި، ތިންބައިކުޅަ އަނެއްބަޔަށް ފެންބޮއި، އަނެއްބައި ނޭވާލުމަށް ހުސްކޮށް ބަހައްޓާ ހުށިކަމެވެ.""",
جامع الترمذي,2396,إِنَّ عِظَمَ الْجَزَاءِ مَعَ عِظَمِ الْبَلاَءِ وَإِنَّ اللَّهَ إِذَا أَحَبَّ قَوْمًا ابْتَلاَهُمْ فَمَنْ رَضِيَ فَلَهُ الرِّضَا وَمَنْ سَخِطَ فَلَهُ السَّخَطُ,ހަމަކަށަވަރުން ދަރުމައިގެ ބޮޑުކަން ވަނީ މުސީބާތުގެ ބޮޑުކަމާއެކުއެވެ. އަދި ހަމަކަށަވަރުން ﷲ ބަޔަކު މީހުން ދެކެ ލޯބިވެވޮޑިގެންފި ހިނދު އެބަޔަކަށް މުސީބާތް ޖައްސަވަތެވެ. ފަހެ (އެ މިންވަރުފުޅަށް) ރުހިއްޖެ މީހަކަށް (ﷲގެ) ރުއްސެވުން ވެއެވެ. އަދި (އެ މިންވަރުފުޅަށް) ނުރުހިއްޖެ މީހަކަށް (ﷲގެ) ނުރުއްސެވުން ވެއެވެ.,
جامع الترمذي,2398,الأنبياءُ ثمَّ الأمثلُ فالأمثَلُ,ނަބީބޭކަލުންނެވެ. ދެން އެއަށްފަހު އެންމެ ރަނގަޅު މީސްތަކުންނެވެ. އެއަށްފަހު އެންމެ ރަނގަޅު މީހުންނެވެ.,
جامع الترمذي,2399,مَا يَزَالُ الْبَلاَءُ بِالْمُؤْمِنِ وَالْمُؤْمِنَةِ فِي نَفْسِهِ وَوَلَدِهِ وَمَالِهِ حَتَّى يَلْقَى اللَّهَ وَمَا عَلَيْهِ خَطِيئَةٌ ‏,މުއްމިނު ފިރެހެނާއަށާއި މުއްމިނު އަންހެނާއަށް، އޭނާގެ ނަފްސާއި ދަރިންނާއި މުދަލުގައި މުސީބާތްތައް ކުރިމަތިވުން މެދުނުކެޑޭނެތެވެ. އެއީ އެއްވެސް ފާފައެއް އޭނާގެ ބޮލުގައި އެޅުވިފައި ނުވާހާލު އޭނާގެ ރައްބާ ބައްދަލުވެއްޖައުމަށް ދާންދެނެވެ. (އެބަހީ: މުސީބާތްތައް އޭނާގެ ހުރިހާ ފާފައެއް ފޮހެލާނެތެވެ.),
جامع الترمذي,2410,"عَنْ سُفْيَانَ بْنِ عَبْدِ اللَّهِ الثَّقَفِيِّ، قَالَ قُلْتُ يَا رَسُولَ اللَّهِ حَدِّثْنِي بِأَمْرٍ أَعْتَصِمُ بِهِ ‏.‏ قَالَ ‏""‏ قُلْ رَبِّيَ اللَّهُ ثُمَّ اسْتَقِمْ ‏""‏ ‏.‏ قُلْتُ يَا رَسُولَ اللَّهِ مَا أَخْوَفُ مَا تَخَافُ عَلَىَّ فَأَخَذَ بِلِسَانِ نَفْسِهِ ثُمَّ قَالَ ‏""‏ هَذَا ‏""‏ ‏.‏ قَالَ أَبُو عِيسَى هَذَا حَدِيثٌ حَسَنٌ صَحِيحٌ وَقَدْ رُوِيَ مِنْ غَيْرِ وَجْهٍ عَنْ سُفْيَانَ بْنِ عَبْدِ اللَّهِ الثَّقَفِيِّ ‏.‏",ސުފްޔާން ބިން ޢަބްދު ﷲ އައްޘަގަފީ رَضِيَ اللَّهُ عَنْهُ ވިދާޅުވިކަމަށް ރިވާވެގެންވެއެވެ: އަހަރެން ބުނީމެވެ: އޭ ﷲ ގެ ރަސޫލުއެވެ. އަހަރެން އެ ކަމެއްގައި ހިފަހައްޓާނޭ ކަމެއް ވިދާޅުވެދެއްވާށެވެ. އެކަލޭގެފާނު ޙަދީޘްކުރެއްވިއެވެ: ”ތިބާ ބުނާށެވެ. ﷲ އީ އަހަރެންގެ ރައްބެވެ. ދެން ތިބާ ސީދާވެ ދެމިހުންނާށެވެ.“ އަހަރެން ދެންނެވީމެވެ: އޭ ﷲ ގެ ރަސޫލެވެ. އަހަރެންގެ މައްޗަށް ކަލޭގެފާނު އެންމެ ބޮޑަށް ބިރުފުޅުވެވަޑައިގަންނަވަނީ ކޮން ކަމަކާމެދުތޯއެވެ؟ ފަހެ އެކަލޭގެފާނުގެ އަމިއްލަ ދޫފުޅުފައި ހިފަހައްޓަވާފައި ދެން ޙަދީޘްކުރެއްވިއެވެ: ”މިއެވެ.“,
جامع الترمذي,2410,"عَنْ سُفْيَانَ بْنِ عَبْدِ اللَّهِ الثَّقَفِيِّ، قَالَ قُلْتُ يَا رَسُولَ اللَّهِ حَدِّثْنِي بِأَمْرٍ أَعْتَصِمُ بِهِ . قَالَ "" قُلْ رَبِّيَ اللَّهُ ثُمَّ اسْتَقِمْ "" . قُلْتُ يَا رَسُولَ اللَّهِ مَا أَخْوَفُ مَا تَخَافُ عَلَىَّ فَأَخَذَ بِلِسَانِ نَفْسِهِ ثُمَّ قَالَ "" هَذَا "" .","ސުފްޔާން ބިން ޢަބްދުﷲ އައްޘަގަފީ (ރަޟިޔަﷲ ޢަންހު)ގެ ކިބައިން އެކަލޭގެފާނު ދެންނެވި ކަމަށް ރިވާވެގެންވެއެވެ. ތިމަންކަލޭގެފާނު ދެންނެވީމެވެ. އޭ ރަސޫލުﷲއެވެ. ތިމަންކަލޭގެފާނު އެކަމަކުން ރައްކާތެރިކަން ހޯދާނެ ކަމެއް ދަންނަވާށެވެ. ޙަދީޘްކުރެއްވިއެވެ: ""ތިމަންނާގެ ރައްބަކީ ﷲއޭ ބުނާށެވެ. އެޔަށްފަހު ސާބިތުވާށެވެ."" ތިމަންކަލޭގެފާނު ދެންނެވީމެވެ. އޭ ރަސޫލުﷲއެވެ. ކަލޭގެފާނު އެންމެ ބޮޑަށް ތިމަންކަލޭގެފާނުގެ މައްޗަށް ބިރުވެރިވެލައްވަނީ ކޮންކަމަކަށްތޯއެވެ؟ ދެން އެކަލޭގެފާނުގެ އަމިއްލަ ދޫފުޅުގައި ހިތްޕަވާފައި އެޔަށްފަހު ޙަދީޘްކުރެއްވިއެވެ: ""މިއެވެ"".",
جامع الترمذي,2410,"عَنْ سُفْيَانَ بْنِ عَبْدِ اللَّهِ الثَّقَفِيِّ، قَالَ قُلْتُ يَا رَسُولَ اللَّهِ حَدِّثْنِي بِأَمْرٍ أَعْتَصِمُ بِهِ . قَالَ "" قُلْ رَبِّيَ اللَّهُ ثُمَّ اسْتَقِمْ "" . قُلْتُ يَا رَسُولَ اللَّهِ مَا أَخْوَفُ مَا تَخَافُ عَلَىَّ فَأَخَذَ بِلِسَانِ نَفْسِهِ ثُمَّ قَالَ "" هَذَا "" .","ސުފްޔާން ބިން ޢަބްދުﷲ އައްޘަގަފީ (ރަޟިޔަﷲ ޢަންހު)ގެ ކިބައިން އެކަލޭގެފާނު ދެންނެވި ކަމަށް ރިވާވެގެންވެއެވެ. ތިމަންކަލޭގެފާނު ދެންނެވީމެވެ. އޭ ރަސޫލުﷲއެވެ. ތިމަންކަލޭގެފާނު އެކަމަކުން ރައްކާތެރިކަން ހޯދާނެ ކަމެއް ދަންނަވާށެވެ. ޙަދީޘްކުރެއްވިއެވެ: ""ތިމަންނާގެ ރައްބަކީ ﷲއޭ ބުނާށެވެ. އެޔަށްފަހު ސާބިތުވާށެވެ."" ތިމަންކަލޭގެފާނު ދެންނެވީމެވެ. އޭ ރަސޫލުﷲއެވެ. ކަލޭގެފާނު އެންމެ ބޮޑަށް ތިމަންކަލޭގެފާނުގެ މައްޗަށް ބިރުވެރިވެލައްވަނީ ކޮންކަމަކަށްތޯއެވެ؟ ދެން އެކަލޭގެފާނުގެ އަމިއްލަ ދޫފުޅުގައި ހިތްޕަވާފައި އެޔަށްފަހު ޙަދީޘްކުރެއްވިއެވެ: ""މިއެވެ"".",
جامع الترمذي,2411,قَالَ رَسُولُ اللهِ ﷺ : لاَ تُكْثِرُوا الْكَلاَمَ بِغَيْرِ ذِكْرِ اللهِ فَإِنَّ كَثْرَةَ الْكَلاَمِ بِغَيْرِ ذِكْرِ اللهِ قَسْوَةٌ لِلْقَلْبِ وَإِنَّ أَبْعَدَ النَّاسِ مِنَ ﷲِ الْقَلْبُ الْقَاسِي ‏,ﷲގެ ރަސޫލާ ﷺ ޙަދީޘް ކުރެއްވިއެވެ. މާތް ﷲ މަތިން ހަނދުމަ ނުކުރެވޭ ގޮތަށް ތިޔަބައިމީހުންގެ ވާހަކަ ގިނަ ނުކުރާށެވެ. ފަހެ ހަމަކަށަވަރުން ﷲ މަތިން ހަނދުމަ ނުކުރެވޭގޮތަށް ވާހަކަ ގިނަކުރުމީ ހިތް ގާވާކަމެކެވެ. އަދި ހަމަކަށަވަރުން ﷲ އާއި އެންމެ ދުރުގައިވާ މީހުންނީ ހިތް ގާވެފައިވާ މީހުންނެވެ.,
جامع الترمذي,2417, لاَ تَزُولُ قَدَمَا عَبْدٍ يَوْمَ الْقِيَامَةِ حَتَّى يُسْأَلَ عَنْ عُمْرِهِ فِيمَا أَفْنَاهُ وَعَنْ عِلْمِهِ فِيمَا فَعَلَ وَعَنْ مَالِهِ مِنْ أَيْنَ اكْتَسَبَهُ وَفِيمَا أَنْفَقَهُ وَعَنْ جِسْمِهِ فِيمَا أَبْلاَهُ,ޤިޔާމަތް ދުވަހުން އަޅެއްގެ ދެފައި ހުރިތަނުން ގުޑުވާނުލެވޭ ހުއްޓެވެ. އޭނާގެ އުމުރު ފަނާ ކުރީ ކޮންކަމަކުތޯ ސުވާލުވެވިއްޖެއުމަށް ދާންދެނެވެ. އަދި އޭނާގެ ޢިލްމުގެ ބޭނުން ހިފީ ކޮންކަމަކުތޯ ސުވާލުވެވިއްޖެއުމަށް ދާންދެނެވެ. އަދި އޭނާގެ މުދާ ހޯދީ ކޮންތާކުންތޯ އާއި އެމުދާ ހޭދާކުރީ ކޮންކަމަކުތޯ ސުވާލުވެވިއްޖެއުމަށް ދާންދެނެވެ. އަދި އޭނާގެ (ދުޅަހެޔޮ) ހަށިގަނޑު ފަނާ ކުރީ ކޮންކަމެއް ކުރުމުގައިތޯ ސުވާލުވެވިއްޖެއުމަށް ދާންދެނެވެ.,
جامع الترمذي,2459,"عَنْ شَدَّادِ بْنِ أَوْسٍ، عَنِ النَّبِيِّ صلى الله عليه وسلم قَالَ ‏""‏ الْكَيِّسُ مَنْ دَانَ نَفْسَهُ وَعَمِلَ لِمَا بَعْدَ الْمَوْتِ وَالْعَاجِزُ مَنْ أَتْبَعَ نَفْسَهُ هَوَاهَا وَتَمَنَّى عَلَى اللَّهِ ‏""‏ ‏.‏ قَالَ هَذَا حَدِيثٌ حَسَنٌ ‏.‏ قَالَ وَمَعْنَى قَوْلِهِ ‏""‏ مَنْ دَانَ نَفْسَهُ ‏""‏ ‏.‏ يَقُولُ حَاسَبَ نَفْسَهُ فِي الدُّنْيَا قَبْلَ أَنْ يُحَاسَبَ يَوْمَ الْقِيَامَةِ ‏.‏ وَيُرْوَى عَنْ عُمَرَ بْنِ الْخَطَّابِ قَالَ حَاسِبُوا أَنْفُسَكُمْ قَبْلَ أَنْ تُحَاسَبُوا وَتَزَيَّنُوا لِلْعَرْضِ الأَكْبَرِ وَإِنَّمَا يَخِفُّ الْحِسَابُ يَوْمَ الْقِيَامَةِ عَلَى مَنْ حَاسَبَ نَفْسَهُ فِي الدُّنْيَا ‏.‏ وَيُرْوَى عَنْ مَيْمُونِ بْنِ مِهْرَانَ قَالَ لاَ يَكُونُ الْعَبْدُ تَقِيًّا حَتَّى يُحَاسِبَ نَفْسَهُ كَمَا يُحَاسِبُ شَرِيكَهُ مِنْ أَيْنَ مَطْعَمُهُ وَمَلْبَسُهُ ‏.‏","ޝައްދާދު ބިން އައުސްގެ އަރިހުން ރިވާވެގެންވެއެވެ: ނަބީ ﷺ ޙަދީޘްކުރެއްވިއެވެ: ”ބުއްދިވެރިއަކީ، އެ މީހެއްގެ އަމިއްލަ ނަފްސު ހިފަހައްޓައި މަތަކޮށް، މަރަށް ފަހު (އަންނަން) އޮތް ކަންތަކަށް ޓަކައި، އަމަލުކުރާ މީހާއެވެ. އަދި ނުކުޅެދުންތެރިއަކީ، އޭނާގެ ނަފްސު، އަމިއްލަ އެދުމަށް ތަބާކުރުވައިގެން، ﷲ ގެ ހަޒްރަތުން އުއްމީދުތައް ކުރާ މީހާއެވެ.“
(ތިރްމިޛީ) ވިދާޅުވިއެވެ: މިއީ ހަސަން ޙަދީޘެކެވެ. އަދި ""ތިމާގެ އަމިއްލަ ނަފްސު ހިފަހައްޓައި މަތަކުރުން"" މި ބަހުގެ މާނައަކީ، ގިޔާމަތް ދުވަހު އެ ނަފްސު ހިސާބުކުރެވުމުގެ ކުރިން، ދުނިޔޭގައި އޭނާގެ އަމިއްލަ ނަފްސު ހިސާބުކުރުމެވެ. އަދި ޢުމަރު ބިން އަލްޚައްޠާބުގެ އަރިހުން ރިވާވެގެންވެއެވެ: ""ތިޔަބައިމީހުން ހިސާބުކުރެވުމުގެ ކުރިން، ތިޔަބައިމީހުންގެ އަމިއްލަ ނަފްސުތައް ހިސާބުކުރާށެވެ. އަދި އެންމެ ބޮޑުވެގެންވާ ހުށަހެޅުމަށް (އެބަހީ: ގިޔާމަތް ދުވަހަށް) ތިޔަބައިމީހުން ތައްޔާރުވާށެވެ. އެހެނީ ގިޔާމަތް ދުވަހު ހިސާބުބެލުން ލުއިވާނީ ހަމައެކަނި ދުނިޔޭގައި އެ މީހެއްގެ އަމިއްލަ ނަފްސު ހިސާބުކުރި މީހަކަށެވެ."" އަދި މައިމޫން ބިން މިހްރާންގެ އަރިހުން ރިވާވެގެންވެއެވެ: ""އެ މީހެއްގެ ވިޔަފާރީގެ ބައިވެރިޔާ، ކާ އެއްޗެއްސާއި ލާ އެއްޗެހި ހޯދީ ކޮންތާކުންތޯ އެ މީހަކު ބަލާ ފަދައިން، އެ މީހެއްގެ އަމިއްލަ ނަފްސު ވެސް ހިސާބު ނުކުރަނީހެއް، ތަގުވާވެރިއަކު ކަމުގައި އަޅާ ނުވާހުއްޓެވެ.""",
جامع الترمذي,2459,الكَيِّسُ مَن دان نفسَه وعمِل لما بعدَ المَوتِ والعاجِزُ مَن أتبَعَ نفسَه هواها وتمنَّى على اللهِ,"ބުއްދިވެރިއަކީ ތިމާގެ އަމިއްލަ ނަފުސުގެ ލަގަން ކޮންޓްރޯލްކޮށް، މަރުވުމަށް ފަހު އަންނަ ދުވަހަށް (އާޚިރަތް ދުވަހަށް) ޓަކައި ހެޔޮ އަމަލު ކުރާ މީހާއެވެ. އަދި ނުކުޅެދުންތެރި އަކީ ތިމާގެ އަމިއްލަ ނަފުސުގެ ލަގަން ހިތް އެދޭހާ ގޮތަކަށް ދޫކޮށްލައިގެން ހުރެ، ﷲގެ ހަޒްރަތުން އުއްމީދުތައް ކުރާ މީހާއެވެ.""",
جامع الترمذي,2488,"قَالَ رَسُولُ اللَّهِ صلى الله عليه وسلم "" أَلاَ أُخْبِرُكُمْ بِمَنْ يَحْرُمُ عَلَى النَّارِ أَوْ بِمَنْ تَحْرُمُ عَلَيْهِ النَّارُ عَلَى كُلِّ قَرِيبٍ هَيِّنٍ لَيِّنٍ سَهْلٍ "" . قَالَ أَبُو عِيسَى هَذَا حَدِيثٌ حَسَنٌ غَرِيبٌ .",ރަސޫލު ﷲ ﷺ ޙަދީޘް ކުރެއްވިއެވެ: ”ނަރަކައިގެ މައްޗަށް ހަރާމްވާ، ނުވަތަ އެ މީހެއްގެ މައްޗަށް ނަރަކަ ހަރާމްވާ މީހެއްގެ ޚަބަރު، ތިޔަބައިމީހުންނަށް ނުދެއްވަންވީތޯއެވެ؟ އެ (ހަރާމްވަނީ) ކޮންމެ ގާތް، މަޑުމޮޅި، މަޑުމައިތިރި، ފަސޭހަ މީހެއްގެ މައްޗަށެވެ.,
جامع الترمذي,2499,كُلُّ ابْنِ آدَمَ خَطَّاءٌ وَخَيْرُ الْخَطَّائِينَ التَّوَّابُونَ,ކޮންމެ އާދަމުގެދަރިއަކީ ވެސް ކުށްކުރެވޭ މީހެކެވެ. އަދި ކުށްކުރެވޭ މީހުންކުރެ އެންމެ ހެޔޮ މީހަކީ ގިނަގިނައިން ތައުބާވާ މީހާއެވެ.,
جامع الترمذي,2502,"عَنْ عَائِشَةَ، قَالَتْ حَكَيْتُ لِلنَّبِيِّ ﷺ رَجُلاً فَقَالَ "" مَا يَسُرُّنِي أَنِّي حَكَيْتُ رَجُلاً وَأَنَّ لِي كَذَا وَكَذَا "" . قَالَتْ فَقُلْتُ يَا رَسُولَ اللَّهِ إِنَّ صَفِيَّةَ امْرَأَةٌ وَقَالَتْ بِيَدِهَا هَكَذَا كَأَنَّهَا تَعْنِي قَصِيرَةً . فَقَالَ "" لَقَدْ مَزَجْتِ بِكَلِمَةٍ لَوْ مَزَجْتِ بِهَا مَاءَ الْبَحْرِ لَمُزِجَ "" .",ޢާއިޝާ ރަޟިޔަﷲ ޢަންހާގެ ކިބައިން ރިވާވެގެން ވެއެވެ. އެކަމާނާ ވިދާޅުވިއެވެ. “މީހަކު ޙަރަކާތްކުރިފަދައިން ތިމަންކަމަނާ ރަސޫލާ ޞައްލަﷲ ޢަލައިހި ވަސައްލަމަގެ އަރިހުގައި ޙަރަކާތްކުރެއްވީމެވެ.” (އެބަހީ: އެމީހާ ކުރިފަދައިން ނުވަތަ ބުނިފަދައިންނެވެ.) ފަހެ އެކަލޭގެފާނު ޙަދީޘްކުރެއްވިއެވެ. “ތިމަންކަލޭގެފާނަށް މިވެނި އެވެނި އެއްޗެއް ދެވުނަސް، މީހާކު ޙަރަކާތްކުރިފަދައިން ޙަރަކާތްކުރުމަށް ތިމަންކަލޭގެފާނު އުފާނުކުރައްވާހުށީމެވެ.” އެކަމަނާ ވިދާޅުވިއެވެ. ތިމަންދެންނެވީމެވެ. “އޭ ﷲ ގެ ރަސޫލާއެވެ. ހަމަކަށަވަރުން ޞަފިއްޔާއަކީ އަންހެން ބޭކަނބަލެކެވެ. އަދި ތިމަންގެ އަތުން މިފަދައިން އިޝާރަތްކުރީމެވެ. (ޞަފިއްޔާ ރަޟިޔަﷲ ޢަންހާ ކުރުކަމަށް ޢާއިޝާ ރަޟިޔަﷲ ޢަންހާ އިޝާރާތްކުރެއްވިފަދައެވެ.) ފަހެ އެކަލޭގެފާނު ޙަދީޘްކުރެއްވިއެވެ. “ހަމަކަށަވަރުން ކަމަނާ (ގެ އަމަލުތައް) ތިއެއްކުރެއްވި ކަލަމިއައާއި، ކަނޑުގެ ލޮނުގަނޑާ ކަމަނާ އެއްކުރެއްވިނަމަވެސް އެވެސް ތަޣައްޔަރުވީހެވެ.”,
جامع الترمذي,2506,حَدَّثَنَا قُتَيْبَةُ ، قَالَ : حَدَّثَنَا عَبْدُ الْحَمِيدِ بْنُ سُلَيْمَانَ ، عَنْ أَبِي حَازِمٍ ، عَنْ سَهْلِ بْنِ سَعْدٍ ، قَالَ: قَالَ رَسُولُ اللهِ صَلَّى اللهُ عَلَيْهِ وَسَلَّمَ: لَوْ كَانَتِ الدُّنْيَا تَعْدِلُ عِنْدَ اللهِ جَنَاحَ بَعُوضَةٍ مَا سَقَى كَافِرًا مِنْهَا شَرْبَةَ مَاءٍ . وَفِي الْبَابِ عَنْ أَبِي هُرَيْرَةَ . هَذَا حَدِيثٌ صَحِيحٌ ، غَرِيبٌ مِنْ هَذَا الْوَجْهِ .,ސަހްލު ބުން ސަޢްދު ވިދާޅުވިއެވެ. ރަސޫލުالله ޙަދީޘް ކުރެއްވިއެވެ. اللهގެ ހަޒްރަތުގައި ދުނިޔެއަކީ މަދިރިއެއްގެ ފިޔަހާވެސް ގަދަރެއް ލިބިގެންވާ ތަނެއް ކަމުގައި ވާނަމަ، ދުނިޔެއިން ކާފިރަކަށް ބޯނެ ފެންފޮދެއް ވެސް ނުދެއްވީހެވެ. މިއެވެ.,
جامع الترمذي,2507,الْمُسْلِمُ إِذَا كَانَ يُخَالِطُ النَّاسَ، وَيَصْبِرُ عَلَى أَذَاهُمْ خَيْرٌ مِنَ الْمُسْلِمِ الَّذِي لَا يُخَالِطُ النَّاسَ وَلَا يَصْبِرُ عَلَى أَذَاهُمْ,މުސްލިމު މީހާ މީސްތަކުންނާ އެކުވެ އުޅޭ ކަމުގައި ވާނަމަ، އަދި އެމީހުންގެ ފަރާތުން ލިބޭ އުނދަގުލަށް ކެތްކޮށްފިނަމަ، އޭނާ ވަނީ މީސްތަކުންނާ އެކުވެ ނޫޅޭ، އަދި މީސްތަކުންގެ އުނދަގޫތަކަށް ކެތްނުކުރާ މުސްލިމަށް ވުރެ ހެޔޮވެގެންނެވެ.,
جامع الترمذي,2516,حَدَّثَنَا أَحْمَدُ بْنُ مُحَمَّدِ بْنِ مُوسَى، قَالَ: أَخْبَرَنَا عَبْدُ اللهِ بْنُ الْمُبَارَكِ، قَالَ: أَخْبَرَنَا لَيْثُ بْنُ سَعْدٍ وَابْنُ لَهِيعَةَ، عَنْ قَيْسِ بْنِ الْحَجَّاجِ. (ح) وَحَدَّثَنَا عَبْدُ اللهِ بْنُ عَبْدِ الرَّحْمَنِ، قَالَ: أَخْبَرَنَا أَبُو الْوَلِيدِ، قَالَ: حَدَّثَنَا لَيْثُ بْنُ سَعْدٍ، قَالَ: حَدَّثَنِي قَيْسُ بْنُ الْحَجَّاجِ، الْمَعْنَى وَاحِدٌ عَنْ حَنَشٍ الصَّنْعَانِيِّ، عَنِ ابْنِ عَبَّاسٍ قَالَ: كُنْتُ خَلْفَ رَسُولِ اللهِ ﷺ يَوْمًا، فَقَالَ: يَا غُلَامُ، إِنِّي أُعَلِّمُكَ كَلِمَاتٍ؛ احْفَظِ اللهَ يَحْفَظْكَ، احْفَظِ اللهَ تَجِدْهُ تُجَاهَكَ، إِذَا سَأَلْتَ فَاسْأَلِ اللهَ، وَإِذَا اسْتَعَنْتَ فَاسْتَعِنْ بِاللهِ، وَاعْلَمْ أَنَّ الْأُمَّةَ لَوِ اجْتَمَعَتْ عَلَى أَنْ يَنْفَعُوكَ بِشَيْءٍ، لَمْ يَنْفَعُوكَ إِلَّا بِشَيْءٍ قَدْ كَتَبَهُ اللهُ لَكَ، وَلَوِ اجْتَمَعُوا عَلَى أَنْ يَضُرُّوكَ بِشَيْءٍ لَمْ يَضُرُّوكَ إِلَّا بِشَيْءٍ قَدْ كَتَبَهُ اللهُ عَلَيْكَ، رُفِعَتِ الْأَقْلَامُ وَجَفَّتِ الصُّحُفُ. هَذَا حَدِيثٌ حَسَنٌ صَحِيحٌ.,އިބިނު ޢައްބާސް ރިވާ ކުރެއްވިއެވެ: އެއް ދުވަހަކު ނަބިއްޔާ ﷺ ގެ ފަހަތްޕުޅުގައި ތިމަން ވަނިކޮށް، ނަބިއްޔާ ޙަދީޘް ކުރެއްވިއެވެ: ”އޭ ކޮއިފުޅާއެވެ. ހަމަކަށަވަރުން، ތިމަން ނަބިއްޔާ ތިބާއަށް ކަލިމަތަކެއް ދަސްކޮށް ދެއްވާނަމެވެ. ﷲ އާމެދު ތިބާ ރައްކާތެރި ވާށެވެ. އޭރުން އެ އިލާހު ތިބާ ރައްކާތެރި ކޮށްދެއްވާނެއެވެ. ﷲ އާމެދު ތިބާ ރައްކާތެރި ވާށެވެ. އޭރުން ތިބާގެ ކުރިމަތީގައި އެ އިލާހު ވޮޑިގެންވާނެއެވެ. ތިބާ ކަމަކަށް އެދި ދަންނަވާ ނަމަ، ﷲ އަށް އެދި ދަންނަވާށެވެ. އަދި ތިބާ އެހީއަކަށް އެދޭ ނަމަ، ﷲގެ އެހީއަށް އެދޭށެވެ. އަދި ދަންނާށެވެ. ހަމަކަށަވަރުން މުޅި އުއްމަތް، ތިބާއަށް އެއްވެސް މަންފާއެއް ކޮށްދިނުމަށް އެއްބައި ވިޔަސް، ﷲ ތިބާއަށް ޓަކައި ލިޔުއްވި ކަމަކުން މެނުވީ އެބައިމީހުން ތިބާއަކަށް މަންފާއެއް ކޮށެއް ނުދެވޭނެއެވެ. އަދި ތިބާއަށް އެއްވެސް ގެއްލުމެއް ދިނުމަށް މުޅި އުއްމަތް އެއްބައި ވިޔަސް، ﷲ ތިބާގެ މައްޗަށް ލިޔުއްވި ކަމަކުން މެނުވީ އެބައިމީހުން ތިބާއަށް ގެއްލުމެއް ނުދެވޭނެއެވެ. ގަލަންތައް ވަނީ އުފުލިފައެވެ. އަދި ފަތްފުށްތައް ވަނީ ހިކިފައެވެ.“ (އެބަހީ: ލައުޙުލް މަޙްފޫޡުގައި ﷲ ކަނޑައެޅުއްވި ކަންތައް ލިޔެ ނިމި، އެ ގޮތަށް އެ ކަންތައް ހިނގާނެއެވެ.),
جامع الترمذي,2516,احفَظِ اللَّهَ يحفَظكَ,ﷲ ގެ ކިބައަށް (އެބަހީ: އެ އިލާހުގެ އަމުރުފުޅުތަކާއި ނަހީފުޅުތަކަށް) ތިބާ ރައްކާތެރިވާށެވެ. އޭރުން އެ އިލާހު ތިބާ ރައްކާތެރި ކުރައްވާނެއެވެ.,
جامع الترمذي,2518,حَدَّثَنَا أَبُو مُوسَى الْأَنْصَارِيُّ، قَالَ: حَدَّثَنَا عَبْدُ اللهِ بْنُ إِدْرِيسَ، قَالَ: حَدَّثَنَا شُعْبَةُ، عَنْ بُرَيْدِ بْنِ أَبِي مَرْيَمَ، عَنْ أَبِي الْحَوْرَاءِ السَّعْدِيِّ قَالَ: قُلْتُ لِلْحَسَنِ بْنِ عَلِيٍّ: مَا حَفِظْتَ مِنْ رَسُولِ اللهِ ﷺ؟ قَالَ: حَفِظْتُ مِنْ رَسُولِ اللهِ ﷺ، دَعْ مَا يَرِيبُكَ إِلَى مَا لَا يَرِيبُكَ، فَإِنَّ الصِّدْقَ طُمَأْنِينَةٌ، وَإِنَّ الْكَذِبَ رِيبَةٌ وَفِي الْحَدِيثِ قِصَّةٌ. وَأَبُو الْحَوْرَاءِ السَّعْدِيُّ اسْمُهُ رَبِيعَةُ بْنُ شَيْبَانَ. وَهَذَا حَدِيثٌ صَحِيحٌ.,އަލްޙަސަން ބިން ޢަލީ ރިވާ ކުރެއްވިއެވެ: ރަސޫލު ﷲ ﷺ ގެ އަރިހުން (މި ބަސްފުޅުތައް) ތިމަން ދަސް ކުރީމެވެ: ”ތިބާއަށް ޝައްކުވާ ކަންތައް ދޫކޮށްލާފައި، ޝައްކު ނުވާ ކަންތަކުގައި ހިފާށެވެ. އެހެނީ ހަމަކަށަވަރުން ތެދުވެރިކަމަކީ ހިތްހަމަޖެހުން ލިއްބައިދޭ ކަމެކެވެ . އަދި ހަމަކަށަވަރުން ދޮގުވެރިކަމަކީ ޝައްކު އުފެދޭ ކަމެކެވެ.“,
جامع الترمذي,2518,حَدَّثَنَا أَبُو مُوسَى الْأَنْصَارِيُّ، قَالَ: حَدَّثَنَا عَبْدُ اللهِ بْنُ إِدْرِيسَ، قَالَ: حَدَّثَنَا شُعْبَةُ، عَنْ بُرَيْدِ بْنِ أَبِي مَرْيَمَ، عَنْ أَبِي الْحَوْرَاءِ السَّعْدِيِّ قَالَ: قُلْتُ لِلْحَسَنِ بْنِ عَلِيٍّ: مَا حَفِظْتَ مِنْ رَسُولِ اللهِ ﷺ؟ قَالَ: حَفِظْتُ مِنْ رَسُولِ اللهِ ﷺ، دَعْ مَا يَرِيبُكَ إِلَى مَا لَا يَرِيبُكَ، فَإِنَّ الصِّدْقَ طُمَأْنِينَةٌ، وَإِنَّ الْكَذِبَ رِيبَةٌ وَفِي الْحَدِيثِ قِصَّةٌ. وَأَبُو الْحَوْرَاءِ السَّعْدِيُّ اسْمُهُ رَبِيعَةُ بْنُ شَيْبَانَ. وَهَذَا حَدِيثٌ صَحِيحٌ.,އަލްޙަސަން ބިން ޢަލީ ރިވާ ކުރެއްވިއެވެ: ރަސޫލު ﷲ ﷺ ގެ އަރިހުން (މި ބަސްފުޅުތައް) ތިމަން ދަސް ކުރީމެވެ: ”ތިބާއަށް ޝައްކުވާ ކަންތައް ދޫކޮށްލާފައި، ޝައްކު ނުވާ ކަންތަކުގައި ހިފާށެވެ. އެހެނީ ހަމަކަށަވަރުން ތެދުވެރިކަމަކީ ހިތްހަމަޖެހުން ލިއްބައިދޭ ކަމެކެވެ . އަދި ހަމަކަށަވަރުން ދޮގުވެރިކަމަކީ ޝައްކު އުފެދޭ ކަމެކެވެ.“,
جامع الترمذي,2560,"عَنْ أَبِي هُرَيْرَةَ، عَنْ رَسُولِ اللَّهِ صلى الله عليه وسلم قَالَ "" لَمَّا خَلَقَ اللَّهُ الْجَنَّةَ وَالنَّارَ أَرْسَلَ جِبْرِيلَ إِلَى الْجَنَّةِ فَقَالَ انْظُرْ إِلَيْهَا وَإِلَى مَا أَعْدَدْتُ لأَهْلِهَا فِيهَا قَالَ فَجَاءَهَا وَنَظَرَ إِلَيْهَا وَإِلَى مَا أَعَدَّ اللَّهُ لأَهْلِهَا فِيهَا قَالَ فَرَجَعَ إِلَيْهِ قَالَ فَوَعِزَّتِكَ لاَ يَسْمَعُ بِهَا أَحَدٌ إِلاَّ دَخَلَهَا . فَأَمَرَ بِهَا فَحُفَّتْ بِالْمَكَارِهِ فَقَالَ ارْجِعْ إِلَيْهَا فَانْظُرْ إِلَى مَا أَعْدَدْتُ لأَهْلِهَا فِيهَا قَالَ فَرَجَعَ إِلَيْهَا فَإِذَا هِيَ قَدْ حُفَّتْ بِالْمَكَارِهِ فَرَجَعَ إِلَيْهِ فَقَالَ وَعِزَّتِكَ لَقَدْ خِفْتُ أَنْ لاَ يَدْخُلَهَا أَحَدٌ . قَالَ اذْهَبْ إِلَى النَّارِ فَانْظُرْ إِلَيْهَا وَإِلَى مَا أَعْدَدْتُ لأَهْلِهَا فِيهَا . فَإِذَا هِيَ يَرْكَبُ بَعْضُهَا بَعْضًا فَرَجَعَ إِلَيْهِ فَقَالَ وَعِزَّتِكَ لاَ يَسْمَعُ بِهَا أَحَدٌ فَيَدْخُلُهَا . فَأَمَرَ بِهَا فَحُفَّتْ بِالشَّهَوَاتِ فَقَالَ ارْجِعْ إِلَيْهَا . فَرَجَعَ إِلَيْهَا فَقَالَ وَعِزَّتِكَ لَقَدْ خَشِيتُ أَنْ لاَ يَنْجُوَ مِنْهَا أَحَدٌ إِلاَّ دَخَلَهَا "" . قَالَ أَبُو عِيسَى هَذَا حَدِيثٌ حَسَنٌ صَحِيحٌ .","އަބޫ ހުރައިތުގެފާނު ރިވާކުރެއްވިއެވެ: މާތް ﷲގެ ރަސޫލާ صَلَّى الله عَلَيْهِ وَسَلَّمْ ހަދީޘްކުރެއްވިއެވެ: "" މާތް ﷲ ސުވަރުގެ އާއި ނަރަކަ ހެއްދެވި ހިނދު ޖިބްރީލް عَلَيْهِ السَّلَامْ ސުވަރުގެއަށް ފޮނުއްވެވިއެވެ. އަދި ވަޙީކުރެއްވިއެވެ: "" އެ ސުވަރުގެ އާއި އެސުވަރުގެ ތެރޭގައި އޭގެ އަހުލުވެރިންނަށް ތިމަންރަސްކަލާނގެ ތައްޔާރުކުރައްވާފައިވާ ކަންތައްތަކަށް ނިކަން ބަލާބަލާށެވެ."" ނަބިއްޔާ صَلَّى الله عَلَيْهِ وَسَلَّمْ ހަދީޘްކުރެއްވިއެވެ: ދެންފަހެ ޖިބްރީލް عَلَيْهِ السَّلَامْ ސުވަރުގެ ބައްލަވައިލެއްވުމަށްފަހު އެނބުރިވަޑައިގެން ދެންނެވިއެވެ: ""އިބަރަސްކަލާނގެ ޢިއްޒަތް ގަންދީ ދަންނަވަމެވެ. އެ ސުވަރުގޭގެ ވާހަކަ އަޑު އިވުމަށްފަހު އެ ސުވަރުގެ ނުވަންނާނެ މީހަކު ނުހުންނާނެއެވެ."" ދެންފަހެ އެ ސުވަރުގެއާއިގެން އަމުރުކުރެއްވިއެވެ. އަދި އޭގެ ވަށައިގެން ނުރުހެވޭ (ދަތި އުނދަގޫ) ކަންކަން ލެއްވުމަށް މާތް ﷲ އަމުރުކުރެއްވިއެވެ. އަދި ވަޙީކުރެއްވިއެވެ: ""ސުވަރުގެއަށް އެނބުރި ދާށެވެ. އަދި އޭގެ އަހުލުވެރިންނަށް އެ ތާނގަައި ލައްވާފައިވާ ކަންކަމަށް ބަލާށެވެ."" ނަބިއްޔާ صَلَّى الله عَلَيْهِ وَسَلَّمْ ޙަދީޘްކުރެއްވިއެވެ: ޖިބްރީލްގެފާނު ސުވަރުގެއަށް އެނބުރިވަޑައިގެން ބެއްލި ހިނދު ދަތި އުނދަގޫ ނުރުހެވޭ ކަންކަމުން އެ ސުވަރުގެ ވަށައިލެވިގެންވާތީ ފެނިވަޑައިގަތެވެ. އަދި މާތް ﷲގެ ޙަޟްރަތަށް އެނބުރިވަޑައިގެން ދެންނެވިއެވެ: ""އިބަރަސްކަލާނގެ ޢިއްޒަތް ގަންދީ ދަންނަވަމެވެ. އެ ސުވަރުގެއަށް ވަންނާނެ ހަމަ އެކަކު ވެސް ނުހުރެދާނެކަމުން ތިމަންކަލޭގެފާނު ބިރުފުޅުގެންފީމެވެ."" މާތް ﷲ ވަޙީކުރެއްވިއެވެ: "" ނަރަކަ ގާތަށް ދާށެވެ. އަދި އެ ނަރަކަ އާއި އެނަރަކައިގެ ތެރޭގައި އޭގެ އަހުލުވެރިންނަށް ތިމަންރަސްކަލާނގެ ތައްޔާރުކުރައްވާފައިވާ ކަންތައްތަކަށް ނިކަން ބަލާބަލާށެވެ."" އެ ހިނދު އެ ނަރަކަ އެއްބައި އަނެއްބައިގެ މައްޗަށް އުތުރިއަރައިގަންނާތީ ފެނިވަޑައިގަތެވެ. އަދި މާތް ﷲގެ ޙަޟްރަތަށް އެނބުރިވަޑައިގެން ދެންނެވިއެވެ. ""އިބަރަސްކަލާނގެ ޢިއްޒަތް ގަންދީ ދަންނަވަމެވެ. އެ ނަރަކައިގެ ވާހަކަ އަޑު އިވުމަށްފަހު އެ ނަރަކައަށް ވަންނާނެ ހަމަ އެކަކު ވެސް ނުހުންނާނެއެވެ."" ދެންފަހެ މާތް ﷲ އެ ނަރަކައާއިގެން އަމުރުކުރެއްވިއެވެ. އަދި ޝަހުވަތްތަކުން އޭތި ވަށާލެއްވިއެވެ. އަދި އެ ނަރަކަ ގާތަށް އެނބުރި ދިޔުމަށް ޖިބްރީލްގެފާނަށް އަމުރުކުރެއްވިއެވެ. ދެންފަހެ ޖިބްރީލްގެފާނު އެ ނަރަކަ ގާތަށް އެނބުރި އައިސް ދެންނެވިއެވެ. ""އިބަރަސްކަލާނގެ ޢިއްޒަތް ގަންދީ ދަންނަވަމެވެ. އެ ނަރަކަ ނުވަދެ ސަލާމަތް ވާނެ ހަމަ އެކަކު ވެސް ނުހުރެދާނެކަމުން ތިމަކަލޭގެފާނު ބިރުފުޅުގަންނަމެވެ."" {جامع الترمذي 2560 }",
جامع الترمذي,2609,"حَدَّثَنَا ابْنُ أَبِي عُمَرَ، قَالَ: حَدَّثَنَا سُفْيَانُ بْنُ عُيَيْنَةَ، عَنْ سُعَيْرِ بْنِ الْخِمْسِ التَّمِيمِيِّ، عَنْ حَبِيبِ بْنِ أَبِي ثَابِتٍ، عَنِ ابْنِ عُمَرَ قَالَ: قَالَ رَسُولُ اللهِ ﷺ: بُنِيَ الْإِسْلَامُ عَلَى خَمْسٍ شَهَادَةِ أَنْ لَا إِلَهَ إِلَّا اللهُ، وَأَنَّ مُحَمَّدًا رَسُولُ اللهِ، وَإِقَامِ الصَّلَاةِ، وَإِيتَاءِ الزَّكَاةِ، وَصَوْمِ رَمَضَانَ، وَحَجِّ الْبَيْتِ. وَفِي الْبَابِ عَنْ جَرِيرِ بْنِ عَبْدِ اللهِ.
هَذَا حَدِيثٌ حَسَنٌ صَحِيحٌ. وَقَدْ رُوِيَ مِنْ غَيْرِ وَجْهٍ عَنِ ابْنِ عُمَرَ، عَنِ النَّبِيِّ ﷺ نَحْوَ هَذَا.
وَسُعَيْرُ بْنُ الْخِمْسِ ثِقَةٌ عِنْدَ أَهْلِ الْحَدِيثِ.",އިބްނު ޢުމަރު ރިވާ ކުރެއްވިއެވެ: ރަސޫލު ﷲ ﷺ ޙަދީޘް ކުރެއްވިއެވެ: ”އިސްލާމް (ދީން) ބިނާވެގެން ވަނީ ފަސް ކަމެއްގެ މައްޗަށެވެ. އެއީ ﷲ ފިޔަވައި އެހެން އެއްވެސް އިލާހަކު ނުވާކަމަށް ހެކިވުމާއި، އަދި މުޙައްމަދުގެފާނީ އެ އިލާހުގެ ރަސޫލާކަމަށް ހެކިވުމާއި، ނަމާދު ގާއިމު ކުރުމާއި، (މުދަލު) ޒަކާތް ދިނުމާއި، ރަމަޟާން މަހުގެ ރޯދަ ހިފުމާއި، ގެފުޅަށް ގޮސް ޙައްޖުވުމެވެ.“,b8
جامع الترمذي,2616,"عَنْ مُعَاذِ بْنِ جَبَلٍ، قَالَ كُنْتُ مَعَ النَّبِيِّ صلى الله عليه وسلم فِي سَفَرٍ فَأَصْبَحْتُ يَوْمًا قَرِيبًا مِنْهُ وَنَحْنُ نَسِيرُ فَقُلْتُ يَا رَسُولَ اللَّهِ أَخْبِرْنِي بِعَمَلٍ يُدْخِلُنِي الْجَنَّةَ وَيُبَاعِدُنِي مِنَ النَّارِ ‏.‏ قَالَ ‏""‏ لَقَدْ سَأَلْتَنِي عَنْ عَظِيمٍ وَإِنَّهُ لَيَسِيرٌ عَلَى مَنْ يَسَّرَهُ اللَّهُ عَلَيْهِ تَعْبُدُ اللَّهَ وَلاَ تُشْرِكُ بِهِ شَيْئًا وَتُقِيمُ الصَّلاَةَ وَتُؤْتِي الزَّكَاةَ وَتَصُومُ رَمَضَانَ وَتَحُجُّ الْبَيْتَ ‏""‏ ‏.‏ ثُمَّ قَالَ ‏""‏ أَلاَ أَدُلُّكَ عَلَى أَبْوَابِ الْخَيْرِ الصَّوْمُ جُنَّةٌ وَالصَّدَقَةُ تُطْفِئُ الْخَطِيئَةَ كَمَا يُطْفِئُ الْمَاءُ النَّارَ وَصَلاَةُ الرَّجُلِ مِنْ جَوْفِ اللَّيْلِ ‏""‏ ‏.‏ قَالَ ثُمَّ تَلاََ‏:‏ ‏(‏ تَتَجَافَى جُنُوبُهُمْ عَنِ الْمَضَاجِعِ ‏)‏ حَتَّى بَلَغَ‏:‏ ‏(‏يَعْمَلُونَ‏)‏ ثُمَّ قَالَ ‏""‏ أَلاَ أُخْبِرُكَ بِرَأْسِ الأَمْرِ كُلِّهِ وَعَمُودِهِ وَذِرْوَةِ سَنَامِهِ ‏""‏ ‏.‏ قُلْتُ بَلَى يَا رَسُولَ اللَّهِ ‏.‏ قَالَ ‏""‏ رَأْسُ الأَمْرِ الإِسْلاَمُ وَعَمُودُهُ الصَّلاَةُ وَذِرْوَةُ سَنَامِهِ الْجِهَادُ ‏""‏ ‏.‏ ثُمَّ قَالَ ‏""‏ أَلاَ أُخْبِرُكَ بِمَلاَكِ ذَلِكَ كُلِّهِ ‏""‏ ‏.‏ قُلْتُ بَلَى يَا نَبِيَّ اللَّهِ قَالَ فَأَخَذَ بِلِسَانِهِ قَالَ ‏""‏ كُفَّ عَلَيْكَ هَذَا ‏""‏ ‏.‏ فَقُلْتُ يَا نَبِيَّ اللَّهِ وَإِنَّا لَمُؤَاخَذُونَ بِمَا نَتَكَلَّمُ بِهِ فَقَالَ ‏""‏ ثَكِلَتْكَ أُمُّكَ يَا مُعَاذُ وَهَلْ يَكُبُّ النَّاسَ فِي النَّارِ عَلَى وُجُوهِهِمْ أَوْ عَلَى مَنَاخِرِهِمْ إِلاَّ حَصَائِدُ أَلْسِنَتِهِمْ ‏""‏ ‏.‏ قَالَ أَبُو عِيسَى هَذَا حَدِيثٌ حَسَنٌ صَحِيحٌ ‏.‏
","މުޢާޛު ބިން ޖަބަލު رَضِيَ اللَّهُ عَنْهُ ވިދާޅުވިކަމަށް ރިވާވެގެންވެއެވެ. ނަބީ ﷺ ގެ އަރިހުގައި އަހަރެން ދަތުރެއްގައި ވީމެވެ. އެއް ދުވަހަކު ދަތުރުކުރަމުން ދަނިކޮށް، އެކަލޭގެފާނާ ކައިރީގައި ހުރެވުނެވެ. ފަހެ އަހަރެން ދެންނެވީމެވެ: އޭ ﷲ ގެ ރަސޫލެވެ. އަހަރެން ޖަންނަތަށް ވައްދާނެ، އަދި ނަރަކައިން ދުރުކުރާނެ އަމަލެއް އަހަރެންނަށް ކިޔައިދެއްވާށެވެ. އެކަލޭގެފާނު ޙަދީޘްކުރެއްވިއެވެ: ”ހަމަކަށަވަރުން ތިބާ ތިޔަ ސުވާލުކުރީ ބޮޑުވެގެންވާ ކަމަކާ ބެހޭ ގޮތުންނެވެ. އަދި ހަމަކަށަވަރުން އެ މީހެއްގެ މައްޗަށް ﷲ ފަސޭހަކޮށްދެއްވައިފި މީހަކަށް، އެ ކަމެއް ނުހަނު ފަސޭހަ ވެގެންވާނޭކަން ކަށަވަރެވެ: ތިބާ ﷲ އަށް އަޅުކަންކުރާށެވެ. އަދި އެ އިލާހާ ޝިރްކު ނުކުރާށެވެ. އަދި ނަމާދު ގާއިމުކުރާށެވެ. އަދި ޒަކާތްދޭށެވެ. އަދި ރަމަޟާނުގައި ރޯދަ ހިފާށެވެ. އަދި ގެފުޅުގައި ހައްޖުވާށެވެ.“ ދެން ޙަދީޘްކުރެއްވިއެވެ: ”ތިމަންކަލޭގެފާނު ތިބާއަށް ހެޔޮކަމުގެ ދޮރުތައް ދައްކަވައި ނުދެއްވަންހެއްޔެވެ: ރޯދައަކީ އައްޑަނައެކެވެ. އަދި ފެނުން އަލިފާން ނިވޭ ފަދައިން، ސަދަގާތުން ފާފަ ފޮހެވެއެވެ. އަދި (ހަމަ އެ ފަދައިން) ރޭގަނޑުގެ މެންދަމުގައި މީހަކު ކުރާ ނަމާދު ވެސް މެއެވެ.“ މުޢާޛު ވިދާޅުވިއެވެ: ދެން އެކަލޭގެފާނު (މި އާޔަތް) ކިޔަވައި ވިދާޅުވިއެވެ: ﴿تَتَجَافَىٰ جُنُوبُهُمْ عَنِ الْمَضَاجِعِ يَدْعُونَ رَبَّهُمْ خَوْفًا وَطَمَعًا وَمِمَّا رَزَقْنَاهُمْ يُنفِقُونَ(١٦)‏ فَلَا تَعْلَمُ نَفْسٌ مَّا أُخْفِيَ لَهُم مِّن قُرَّةِ أَعْيُنٍ جَزَاءً بِمَا كَانُوا يَعْمَلُونَ‎(١٧)﴾‏ (سورة السجدة) ”އެ މީހުންގެ އަރިކަށިތައް ތަންމަތިތަކާ ފޭވެ (ރޭއަޅުކަން ކުރުމަށް ޓަކައި ނިދި ދޫކޮށްލާފައި ތެދުވެ)، އެ މީހުންގެ ރައްބަށް ބިރުވެތިކަމާއި އުއްމީދާއެކު އެބައިމީހުން ދުއާކުރެއެވެ. އަދި ތިމަން އިލާހު އެ މީހުންނަށް ދެއްވި ތަކެތިން، އެ މީހުން ހޭދަކުރެއެވެ. ފަހެ އެ މީހުންނަށް ޓަކައި ފޮރުއްވާފައިވާ ލޮލުގެ ފިނިކަން (އެބަހީ: ޖަންނަތުގެ ނިއުމަތްތައް) އެއްވެސް ނަފްސަކަށް ނޭނގޭނެއެވެ. އެއީ އެ މީހުން ކޮށްއުޅުނު އަމަލުތަކުގެ ޖަޒާއެއްގެ ގޮތުގައެވެ.“ ދެން ޙަދީޘްކުރެއްވިއެވެ: ”މުޅި ދީނުގެ އެންމެ އިސްކަމަކީ ކޮބައިކަމާއި، އެ ދީނުގެ ތަނބާއި، ކުރިބޯއްޓަކީ ކޮބައިކަން ތިބާއަށް ކިޔާ ނުދެއްވަންހެއްޔެވެ؟“ އަހަރެން ދެންނެވީމެވެ: އެހެނަކުން ނޫނެވެ. (ކިޔައިދެއްވާށެވެ.) އޭ ﷲ ގެ ރަސޫލެވެ. ޙަދީޘްކުރެއްވިއެވެ: ”ދީނުގެ އެންމެ އިސްކަމަކީ އިސްލާމްކަމެވެ. އަދި މި ދީނުގެ ތަނބަކީ ނަމާދެވެ. އަދި މި ދީނުގެ ކުރިބޯއްޓަކީ ޖިހާދެވެ.“ އެއަށްފަހު ޙަދީޘްކުރެއްވިއެވެ: ”މި ހުރިހާ ކަމަކަށް ބާރުވެރިކޮށްދޭނެ ކަމެއް ތިބާއަށް ކިޔާ ނުދެއްވަންހެއްޔެވެ؟“ އަހަރެން ދެންނެވީމެވެ: އެހެނަކުން ނޫނެވެ. (ކިޔައިދެއްވާށެވެ.) އޭ ﷲ ގެ ރަސޫލާއެވެ. ދެން އެކަލޭގެފާނު ދޫފުޅުގައި ހިއްޕަވާފައި ޙަދީޘްކުރެއްވިއެވެ: ”ތިބާގެ މައްޗަށް މި (ދޫ) ހިފަހައްޓާށެވެ.“ އަހަރެން ދެންނެވީމެވެ: އޭ ﷲ ގެ ނަބީއެވެ. އަހަރެމެން އެ ދުލުން ދައްކާ ވާހަކަތަކުގެ ސަބަބުން އަހަރެމެން ހިއްޕަވާ (އުގޫބާތް ދެވޭނެ) ހެއްޔެވެ؟ ފަހެ އެކަލޭގެފާނު ޙަދީޘްކުރެއްވިއެވެ: ”އޭ މުޢާޛެވެ. ތިބާގެ މަންމައަށް ތިބާ ގެއްލިދާށިއެވެ. (ނޯޓު: މިއީ ކަމެއްގެ ބޮޑުކަން ހާމަކުރަން އަރަބީންގެ ދޫމަތިން ބުނެ އުޅޭ އިބާރާތެކެވެ. ބަދުދުއާ ކުރުމުގެ މާނައިގައި ބުނާ ބަހެއް ނޫނެވެ.) އަދި މީހުންގެ ދޫތަކުން ހޯދައިގަތް ކަންތައްތަކުން މެނުވީ، އެ މީހުން ނަރަކައިގެ ތެރެއަށް މޫނުވަތަށް -ނުވަތަ ނޭފަތް ވަތަށް- އެއްލާލެވޭނެހެއްޔެވެ؟“
",
جامع الترمذي,2616,حَدَّثَنَا ابْنُ أَبِي عُمَرَ، قَالَ: حَدَّثَنَا عَبْدُ اللهِ بْنُ مُعَاذٍ الصَّنْعَانِيُّ، عَنْ مَعْمَرٍ، عَنْ عَاصِمِ بْنِ أَبِي النَّجُودِ، عَنْ أَبِي وَائِلٍ، عَنْ مُعَاذِ بْنِ جَبَلٍ قَالَ: كُنْتُ مَعَ النَّبِيِّ ﷺ فِي سَفَرٍ، فَأَصْبَحْتُ يَوْمًا قَرِيبًا مِنْهُ، وَنَحْنُ نَسِيرُ، فَقُلْتُ: يَا رَسُولَ اللهِ، أَخْبِرْنِي بِعَمَلٍ يُدْخِلُنِي الْجَنَّةَ وَيُبَاعِدُنِي عَنِ النَّارِ، قَالَ: لَقَدْ سَأَلْتَنِي عَنْ عَظِيمٍ، وَإِنَّهُ لَيَسِيرٌ عَلَى مَنْ يَسَّرَهُ اللهُ عَلَيْهِ، تَعْبُدُ اللهَ وَلَا تُشْرِكْ بِهِ شَيْئًا، وَتُقِيمُ الصَّلَاةَ، وَتُؤْتِي الزَّكَاةَ، وَتَصُومُ رَمَضَانَ، وَتَحُجُّ الْبَيْتَ، ثُمَّ قَالَ: أَلَا أَدُلُّكَ عَلَى أَبْوَابِ الْخَيْرِ؛ الصَّوْمُ جُنَّةٌ، وَالصَّدَقَةُ تُطْفِئُ الْخَطِيئَةَ كَمَا يُطْفِئُ الْمَاءُ النَّارَ، وَصَلَاةُ الرَّجُلِ مِنْ جَوْفِ اللَّيْلِ. قَالَ: ثُمَّ تَلَا: { تَتَجَافَى جُنُوبُهُمْ عَنِ الْمَضَاجِعِ } حَتَّى بَلَغَ: { يَعْمَلُونَ }، ثُمَّ قَالَ: أَلَا أُخْبِرُكَ بِرَأْسِ الْأَمْرِ كُلِّهِ وَعَمُودِهِ وَذُرْوَةِ سَنَامِهِ؟ قُلْتُ: بَلَى يَا رَسُولَ اللهِ. قَالَ: رَأْسُ الْأَمْرِ الْإِسْلَامُ، وَعَمُودُهُ الصَّلَاةُ، وَذُرْوَةُ سَنَامِهِ الْجِهَادُ ثُمَّ قَالَ: أَلَا أُخْبِرُكَ بِمِلَاكِ ذَلِكَ كُلِّهِ؟ قُلْتُ: بَلَى يَا نَبِيَّ اللهِ. فَأَخَذَ بِلِسَانِهِ. قَالَ: كُفَّ عَلَيْكَ هَذَا. فَقُلْتُ: يَا نَبِيَّ اللهِ، وَإِنَّا لَمُؤَاخَذُونَ بِمَا نَتَكَلَّمُ بِهِ، فَقَالَ: ثَكِلَتْكَ أُمُّكَ يَا مُعَاذُ، وَهَلْ يَكُبُّ النَّاسَ فِي النَّارِ عَلَى وُجُوهِهِمْ أَوْ عَلَى مَنَاخِرِهِمْ إِلَّا حَصَائِدُ أَلْسِنَتِهِمْ. هَذَا حَدِيثٌ حَسَنٌ صَحِيحٌ.,މުޢާޛު ބިން ޖަބަލު ރިވާ ކުރެއްވިއެވެ: ނަބިއްޔާ ﷺ އަރިހުގައި ދަތުރެއްގައި ތިމަން ވީމެވެ. ދަތުރު ކުރިއަށް ދަނިކޮށް ނަބިއްޔާއާ ތަންކޮޅެއް ގާތުގައި އެއް ދުވަހަކު ތިމަން ހުރީމެވެ. ތިމަން ދެންނެވީމެވެ: އޭ ﷲގެ ރަސޫލާއެވެ. ތިމަން ސުވަރުގެއަށް ވައްދައިދޭނެ، އަދި ނަރަކައިން ދުރުކުރެވޭނެ އަމަލެއްގެ ޚަބަރު ތިމަންނާއަށް ދެއްވާށެވެ. ނަބިއްޔާ ޙަދީޘް ކުރެއްވިއެވެ: ”ހަމަކަށަވަރުން، ތިޔަ ސުވާލު ކުރެއްވީ ބޮޑުވެގެންވާ ކަމަކާ ބެހޭ ގޮތުންނެވެ. އަދި ހަމަކަށަވަރުން، ﷲ ފަސޭހަ ކޮށްދެއްވައިފި މީހަކަށް، އެ ކަމަކީ ނުހަނު ފަސޭހަ ކަމަކަށް ވެގެންދެއެވެ. ﷲ އާ އެއްވެސް ފަރާތެއް ޝަރީކު ކުރުމަކާ ނުލައި، ހަމައެކަނި އެ އިލާހަށް އަޅުކަން ކުރާށެވެ. އަދި ނަމާދު ގާއިމުކޮށް، (މުދަލު) ޒަކާތް ދީ، ރަމަޟާން މަހު ރޯދަ ހިފައި، ގެފުޅަށް ގޮސް ޙައްޖު ވާށެވެ.“ ދެން ނަބިއްޔާ ޙަދީޘް ކުރެއްވިއެވެ: ”ތިމަން ނަބިއްޔާ، ތިބާއަށް ހެޔޮކަމުގެ ދޮރުތައް ދައްކަވައި ދެއްވަންތޯއެވެ؟ ރޯދައަކީ އައްޑަނައެކެވެ. (އެބަހީ: ރައްކާތެރި ކަމެކެވެ.) އަދި ފެނުން އަލިފާން ނިވޭ ފަދައިން، ޞަދަގާތުން ފާފަ ފޮހެވިގެންދެއެވެ. އަދި (ހަމަ އެފަދައިން) މީހަކު ރޭގަނޑުގެ މެންދަމު ކުރާ ނަމާދު ވެސްމެއެވެ.“ ދެން، ނަބިއްޔާ (މި އާޔަތް) ކިޔަވައި ވިދާޅުވިއެވެ: ❞އެބައިމީހުންގެ އަރިކަށިތައް ތަންމަތިތަކާ ފޭވެ (ރޭއަޅުކަން ކުރުމަށް ޓަކައި ނިދި ދޫކޮށްލާފައި ތެދުވެ)، އެބައިމީހުންގެ ރައްބަށް ބިރުވެތިކަމާއި އުންމީދާއެކު އެބައިމީހުން ދުއާ ކުރެއެވެ. އަދި ތިމަން އިލާހު، އެބައިމީހުންނަށް ދެއްވި ތަކެތިން، އެބައިމީހުން ހޭދަ ކުރެއެވެ. ފަހެ އެބައިމީހުންނަށް ޓަކައި ފޮރުއްވާފައިވާ ލޮލުގެ ފިނިކަން (އެބަހީ: ސުވަރުގޭގެ ނިޢުމަތްތައް) އެއްވެސް ނަފްސަކަށް ނޭނގޭނެއެވެ. އެއީ އެބައިމީހުން ކޮށްއުޅުނު އަމަލުތަކުގެ ޖަޒާއެއްގެ ގޮތުންނެވެ.❝ ދެން ނަބިއްޔާ ޙަދީޘް ކުރެއްވިއެވެ: ”މުޅި މި ދީނުގެ އެންމެ މުހިންމު ކަމަކީ ކޮބައިކަމާއި، މި ދީނުގެ ތަނބާއި ކުރިބޯށްޓާ ބެހޭ ގޮތުން ތިބާއަށް ކިޔައި ދެއްވަންހެއްޔެވެ؟“ ތިމަން ދެންނެވީމެވެ: އާދޭހެވެ. އޭ ﷲގެ ރަސޫލާއެވެ. ނަބިއްޔާ ޙަދީޘް ކުރެއްވިއެވެ: ”މި ދީނުގެ އެންމެ މުހިންމު ކަމަކީ އިސްލާމްކަމެވެ. އަދި މި ދީނުގެ ތަނބަކީ ނަމާދެވެ. އަދި މި ދީނުގެ ކުރިބޯށްޓަކީ ޖިހާދެވެ.“ އެއަށްފަހު ޙަދީޘް ކުރެއްވިއެވެ: ”އެ ހުރިހާ ކަމަކަށް ބާރުވެރިކޮށްދޭނެ ކަމަކާ ބެހޭ ގޮތުން ތިބާއަށް ކިޔައި ދެއްވަންހެއްޔެވެ؟“ ތިމަން ދެންނެވީމެވެ: އާދޭހެވެ. އޭ ﷲގެ ރަސޫލާއެވެ. ދެން ނަބިއްޔާ ދޫފުޅުގައި ހިފަހައްޓަވާފައި ޙަދީޘް ކުރެއްވިއެވެ: ”ތިބާ މީތި ހިފަހައްޓާށެވެ.“ ތިމަން ދެންނެވީމެވެ: އޭ ﷲގެ ނަބިއްޔާއެވެ. ދުލުން ދައްކާ ވާހަކަތަކުގެ ސަބަބުން ތިމަންމެން ހިއްޕެވޭނެހެއްޔެވެ؟ (އެބަހީ: ޢުގޫބާތް ދެވޭނެހެއްޔެވެ؟) ފަހެ ނަބިއްޔާ ޙަދީޘް ކުރެއްވިއެވެ: ”އޭ މުޢާޛެވެ. ތިބާގެ މަންމައަށް ތިބާ ގެއްލިދާށެވެ. (ނޯޓު: މިއީ ކަމެއްގެ ބޮޑުކަން ހާމަކުރަން ޢަރަބީންގެ ދޫމަތިން ބުނެ އުޅޭ އިބާރާތެކެވެ. ބަދު ދުއާ ކުރުމުގެ މާނައިގައި ބުނާ ބަހެއް ނޫނެވެ.) ފަހެ މީހުންގެ ދޫތަކުން ހޯދައިގަތް ކަންތަކުން މެނުވީ، އެބައިމީހުން ނަރަކައިގެ ތެރެއަށް މޫނުވަތަށް —ނުވަތަ ނޭފަތް ވަތަށް— އެއްލާލެވޭނެހެއްޔެވެ؟“,
جامع الترمذي,2616,حَدَّثَنَا ابْنُ أَبِي عُمَرَ، قَالَ: حَدَّثَنَا عَبْدُ اللهِ بْنُ مُعَاذٍ الصَّنْعَانِيُّ، عَنْ مَعْمَرٍ، عَنْ عَاصِمِ بْنِ أَبِي النَّجُودِ، عَنْ أَبِي وَائِلٍ، عَنْ مُعَاذِ بْنِ جَبَلٍ قَالَ: كُنْتُ مَعَ النَّبِيِّ ﷺ فِي سَفَرٍ، فَأَصْبَحْتُ يَوْمًا قَرِيبًا مِنْهُ، وَنَحْنُ نَسِيرُ، فَقُلْتُ: يَا رَسُولَ اللهِ، أَخْبِرْنِي بِعَمَلٍ يُدْخِلُنِي الْجَنَّةَ وَيُبَاعِدُنِي عَنِ النَّارِ، قَالَ: لَقَدْ سَأَلْتَنِي عَنْ عَظِيمٍ، وَإِنَّهُ لَيَسِيرٌ عَلَى مَنْ يَسَّرَهُ اللهُ عَلَيْهِ، تَعْبُدُ اللهَ وَلَا تُشْرِكْ بِهِ شَيْئًا، وَتُقِيمُ الصَّلَاةَ، وَتُؤْتِي الزَّكَاةَ، وَتَصُومُ رَمَضَانَ، وَتَحُجُّ الْبَيْتَ، ثُمَّ قَالَ: أَلَا أَدُلُّكَ عَلَى أَبْوَابِ الْخَيْرِ؛ الصَّوْمُ جُنَّةٌ، وَالصَّدَقَةُ تُطْفِئُ الْخَطِيئَةَ كَمَا يُطْفِئُ الْمَاءُ النَّارَ، وَصَلَاةُ الرَّجُلِ مِنْ جَوْفِ اللَّيْلِ. قَالَ: ثُمَّ تَلَا: { تَتَجَافَى جُنُوبُهُمْ عَنِ الْمَضَاجِعِ } حَتَّى بَلَغَ: { يَعْمَلُونَ }، ثُمَّ قَالَ: أَلَا أُخْبِرُكَ بِرَأْسِ الْأَمْرِ كُلِّهِ وَعَمُودِهِ وَذُرْوَةِ سَنَامِهِ؟ قُلْتُ: بَلَى يَا رَسُولَ اللهِ. قَالَ: رَأْسُ الْأَمْرِ الْإِسْلَامُ، وَعَمُودُهُ الصَّلَاةُ، وَذُرْوَةُ سَنَامِهِ الْجِهَادُ ثُمَّ قَالَ: أَلَا أُخْبِرُكَ بِمِلَاكِ ذَلِكَ كُلِّهِ؟ قُلْتُ: بَلَى يَا نَبِيَّ اللهِ. فَأَخَذَ بِلِسَانِهِ. قَالَ: كُفَّ عَلَيْكَ هَذَا. فَقُلْتُ: يَا نَبِيَّ اللهِ، وَإِنَّا لَمُؤَاخَذُونَ بِمَا نَتَكَلَّمُ بِهِ، فَقَالَ: ثَكِلَتْكَ أُمُّكَ يَا مُعَاذُ، وَهَلْ يَكُبُّ النَّاسَ فِي النَّارِ عَلَى وُجُوهِهِمْ أَوْ عَلَى مَنَاخِرِهِمْ إِلَّا حَصَائِدُ أَلْسِنَتِهِمْ. هَذَا حَدِيثٌ حَسَنٌ صَحِيحٌ.,މުޢާޛު ބިން ޖަބަލު ރިވާ ކުރެއްވިއެވެ: ނަބިއްޔާﷺ އަރިހުގައި ދަތުރެއްގައި ތިމަން ވީމެވެ. ދަތުރު ކުރިއަށް ދަނިކޮށް ނަބިއްޔާއާ ތަންކޮޅެއް ގާތުގައި އެއް ދުވަހަކު ތިމަން ހުރީމެވެ. ތިމަން ދެންނެވީމެވެ: އޭ ﷲގެ ރަސޫލާއެވެ! ތިމަން ސުވަރުގެއަށް ވައްދައިދޭނެ، އަދި ނަރަކައިން ދުރުކުރެވޭނެ އަމަލެއްގެ ޚަބަރު ތިމަންނާއަށް ދެއްވާށެވެ. ނަބިއްޔާ ޙަދީޘް ކުރެއްވިއެވެ: ”ހަމަކަށަވަރުން، ތިޔަ ސުވާލު ކުރެއްވީ ބޮޑުވެގެންވާ ކަމަކާ ބެހޭ ގޮތުންނެވެ. އަދި ހަމަކަށަވަރުން، ﷲ ފަސޭހަ ކޮށްދެއްވައިފި މީހަކަށް، އެ ކަމަކީ ނުހަނު ފަސޭހަ ކަމަކަށް ވެގެންދެއެވެ. ﷲ އާ އެއްވެސް ފަރާތެއް ޝަރީކު ކުރުމަކާ ނުލައި، ހަމައެކަނި އެ އިލާހަށް އަޅުކަން ކުރާށެވެ. އަދި ނަމާދު ގާއިމުކޮށް، (މުދަލު) ޒަކާތް ދީ، ރަމަޟާން މަހު ރޯދަ ހިފައި، ގެފުޅަށް ގޮސް ޙައްޖު ވާށެވެ.“ ދެން ނަބިއްޔާ ޙަދީޘް ކުރެއްވިއެވެ: ”ތިމަން ނަބިއްޔާ، ތިބާއަށް ހެޔޮކަމުގެ ދޮރުތައް ދައްކަވައި ދެއްވަންތޯއެވެ؟ ރޯދައަކީ އައްޑަނައެކެވެ. (އެބަހީ: ރައްކާތެރި ކަމެކެވެ.) އަދި ފެނުން އަލިފާން ނިވޭ ފަދައިން، ޞަދަގާތުން ފާފަ ފޮހެވިގެންދެއެވެ. އަދި (ހަމަ އެފަދައިން) މީހަކު ރޭގަނޑުގެ މެންދަމު ކުރާ ނަމާދު ވެސްމެއެވެ.“ ދެން، ނަބިއްޔާ (މި އާޔަތް) ކިޔަވައި ވިދާޅުވިއެވެ: ❞އެބައިމީހުންގެ އަރިކަށިތައް ތަންމަތިތަކާ ފޭވެ (ރޭއަޅުކަން ކުރުމަށް ޓަކައި ނިދި ދޫކޮށްލާފައި ތެދުވެ)، އެބައިމީހުންގެ ރައްބަށް ބިރުވެތިކަމާއި އުންމީދާއެކު އެބައިމީހުން ދުއާ ކުރެއެވެ. އަދި ތިމަން އިލާހު، އެބައިމީހުންނަށް ދެއްވި ތަކެތިން، އެބައިމީހުން ހޭދަ ކުރެއެވެ. ފަހެ އެބައިމީހުންނަށް ޓަކައި ފޮރުއްވާފައިވާ ލޮލުގެ ފިނިކަން (އެބަހީ: ސުވަރުގޭގެ ނިޢުމަތްތައް) އެއްވެސް ނަފްސަކަށް ނޭނގޭނެއެވެ. އެއީ އެބައިމީހުން ކޮށްއުޅުނު އަމަލުތަކުގެ ޖަޒާއެއްގެ ގޮތުންނެވެ.❝ ދެން ނަބިއްޔާ ޙަދީޘް ކުރެއްވިއެވެ: ”މުޅި މި ދީނުގެ އެންމެ މުހިންމު ކަމަކީ ކޮބައިކަމާއި، މި ދީނުގެ ތަނބާއި ކުރިބޯށްޓާ ބެހޭ ގޮތުން ތިބާއަށް ކިޔައި ދެއްވަންހެއްޔެވެ؟“ ތިމަން ދެންނެވީމެވެ: އާދޭހެވެ. އޭ ﷲގެ ރަސޫލާއެވެ! ނަބިއްޔާ ޙަދީޘް ކުރެއްވިއެވެ: ”މި ދީނުގެ އެންމެ މުހިންމު ކަމަކީ އިސްލާމްކަމެވެ. އަދި މި ދީނުގެ ތަނބަކީ ނަމާދެވެ. އަދި މި ދީނުގެ ކުރިބޯށްޓަކީ ޖިހާދެވެ.“ އެއަށް ފަހު ނަބިއްޔާ ޙަދީޘް ކުރެއްވިއެވެ: ”އެ ހުރިހާ ކަމަކަށް ބާރުވެރިކޮށްދޭނެ ކަމަކާ ބެހޭ ގޮތުން ތިބާއަށް ކިޔައި ދެއްވަންހެއްޔެވެ؟“ ތިމަން ދެންނެވީމެވެ: އާދޭހެވެ. އޭ ﷲގެ ރަސޫލާއެވެ! ދެން ނަބިއްޔާ ދޫފުޅުގައި ހިފަހައްޓަވާފައި ޙަދީޘް ކުރެއްވިއެވެ: ”ތިބާ މީތި ހިފަހައްޓާށެވެ.“ ތިމަން ދެންނެވީމެވެ: އޭ ﷲގެ ނަބިއްޔާއެވެ! ދުލުން ދައްކާ ވާހަކަތަކުގެ ސަބަބުން ތިމަންމެން ހިއްޕެވޭނެހެއްޔެވެ؟ (އެބަހީ: ޢުގޫބާތް ދެވޭނެހެއްޔެވެ؟) ފަހެ ނަބިއްޔާ ޙަދީޘް ކުރެއްވިއެވެ: ”އޭ މުޢާޛެވެ! ތިބާގެ މަންމައަށް ތިބާ ގެއްލިދާށެވެ. (ނޯޓު: މިއީ ކަމެއްގެ ބޮޑުކަން ހާމަކުރަން ޢަރަބީންގެ ދޫމަތިން ބުނެ އުޅޭ އިބާރާތެކެވެ. ބަދު ދުއާ ކުރުމުގެ މާނައިގައި ބުނާ ބަހެއް ނޫނެވެ.) ފަހެ މީހުންގެ ދޫތަކުން ހޯދައިގަތް ކަންތަކުން މެނުވީ، އެބައިމީހުން ނަރަކައިގެ ތެރެއަށް މޫނުވަތަށް —ނުވަތަ ނޭފަތް ވަތަށް— އެއްލާލެވޭނެހެއްޔެވެ؟“,
جامع الترمذي,2616,عَنْ مُعَاذِ بْنِ جَبَلٍ رَضِيَ اللهُ عَنْهُ: قَال رَسُولِ اللَّهِ ﷺ: (أَلَا أُخْبِرُك بِرَأْسِ الْأَمْرِ وَعَمُودِهِ وَذُرْوَةِ سَنَامِهِ؟ قُلْت: بَلَى يَا رَسُولَ اللَّهِ. قَالَ: رَأْسُ الْأَمْرِ الْإِسْلَامُ، وَعَمُودُهُ الصَّلَاةُ، وَذُرْوَةُ سَنَامِهِ الْجِهَادُ),"ތިމަންކަލޭގެފާނު ކަލޭގެފާނަށް ހުރިހާކަމެއްގެ ބޮލަކީ(އެންމެ އިސްކަމަކީ) ކޮބައިކަމާއި އޭގެ ތަނބަކީ ކޮބައިކަމާއި އަދި އޭގެ ކުރިބޯއްޓަކީ(ކުންނަކީ) ކޮބައިކަމާއި ބެހޭގޮތުން ޚަބަރުދެއްވަންހެއްޔެވެ؟"" ތިމަންކަލޭގެފާނު ދެންނެވީމެވެ. "" އޭ ﷲ ރަސޫލާއެވެ. އާދޭހެވެ."" އެކަލޭގެފާނު ޙަދީޘްކުރެއްވިއެވެ. ""ހުރިހާކަމެއްގެ ބޮލަކީ(އެންމެއިސްކަމަކީ) އިސްލާމްކަމެވެ. އަދި އޭގެ ތަނބަކީ ނަމާދެވެ. އަދި އޭގެ ކުރިބޯއްޓަކީ(ކުންނަކީ) ޖިޙާދެވެ.""",
جامع الترمذي,2616,"""رَأْسُ الأَمْرِ الإِسْلَامُ، وَعَمُودُهُ الصَّلَاةُ، وَذِرْوَةُ سَنَامِهِ الجِهَادُ""","""ދީނުގެ އެންމެ މުހިއްމު ކަމަކީ ބޯލަނބައި ކިޔަމަންގަތުމެވެ. އަދި އެދީނުގެ ތަނބަކީ ނަމާދެވެ. އަދި އެދީނުގެ ކުރިބޯށްޓަކީ ޖިހާދުކުރުމެވެ""",
جامع الترمذي,2639,"عَبْدَ اللَّهِ بْنَ عَمْرِو بْنِ الْعَاصِ، يَقُولُ قَالَ رَسُولُ اللَّهِ ﷺ "" إِنَّ اللَّهَ سَيُخَلِّصُ رَجُلاً مِنْ أُمَّتِي عَلَى رُءُوسِ الْخَلاَئِقِ يَوْمَ الْقِيَامَةِ فَيَنْشُرُ عَلَيْهِ تِسْعَةً وَتِسْعِينَ سِجِلاًّ كُلُّ سِجِلٍّ مِثْلُ مَدِّ الْبَصَرِ ثُمَّ يَقُولُ أَتُنْكِرُ مِنْ هَذَا شَيْئًا أَظَلَمَكَ كَتَبَتِي الْحَافِظُونَ فَيَقُولُ لاَ يَا رَبِّ . فَيَقُولُ أَفَلَكَ عُذْرٌ فَيَقُولُ لاَ يَا رَبِّ . فَيَقُولُ بَلَى إِنَّ لَكَ عِنْدَنَا حَسَنَةً فَإِنَّهُ لاَ ظُلْمَ عَلَيْكَ الْيَوْمَ فَتَخْرُجُ بِطَاقَةٌ فِيهَا أَشْهَدُ أَنْ لاَ إِلَهَ إِلاَّ اللَّهُ وَأَشْهَدُ أَنَّ مُحَمَّدًا عَبْدُهُ وَرَسُولُهُ فَيَقُولُ احْضُرْ وَزْنَكَ فَيَقُولُ يَا رَبِّ مَا هَذِهِ الْبِطَاقَةُ مَعَ هَذِهِ السِّجِلاَّتِ فَقَالَ إِنَّكَ لاَ تُظْلَمُ . قَالَ فَتُوضَعُ السِّجِلاَّتُ فِي كِفَّةٍ وَالْبِطَاقَةُ فِي كِفَّةٍ فَطَاشَتِ السِّجِلاَّتُ وَثَقُلَتِ الْبِطَاقَةُ فَلاَ يَثْقُلُ مَعَ اسْمِ اللَّهِ شَيْءٌ ""","ޢަބްދުﷲ ބިން ޢަމްރު ބިނިލް ޢާޞް ރަޟިޔަﷲ ޢަންހުގެ ކިބައިން ރިވާވެގެންވެއެވެ. ރަސޫލުﷲ ﷺ ޙަދީޘްކުރެއްވިއެވެ. ""ހަމަކަށަވަރުން ގިޔާމަތްދުވަހު ހުރިހާ ޚަލްގުތަކުންގެ ކުރިމަތީގައި ތިމަންކަލޭގެފާނުގެ އުއްމަތުގެ މީހެއްގެ ކަންކަން (ހިސާބު ބައްލަވައި) ނިންމަވާނެއެވެ. އޭނާގެ ކުރިމަތީގައި ނުވަދިހަ ނުވަ ފަތްފުތް ފަތުރާލެވޭނެއެވެ. ކޮންމެ ފަތްފުށެއްވެސް ލޮލުން ފެނުން އޮބާވަރަށް ވެއެވެ. އެޔަށްފަހު ﷲ ވަހީކުރައްވާނެއެވެ. މިއިން އެއްވެސް އެއްޗަކަށް ތިބާ އިންކާރު ކުރަން ހެއްޔެވެ؟ ލިޔުއްވާ މަލާއިކަތުން ތިބާގެ މައްޗަށް އެއްވެސް އަނިޔާއެއްވެފައި ވޭ ހެއްޔެވެ؟ އޭނާ ދަންނަވާނެއެވެ. ނޫނެކެވެ. އޭ ރައްބެވެ. ދެން ވަހީކުރައްވާނެއެވެ. ތިބާއަށް އުޒުރެއް ވޭ ހެއްޔެވެ؟ ދަންނަވާނެއެވެ. އޭ ރައްބެކެވެ ނޫނެކެވެ. ދެން ﷲ ވަހީކުރައްވާނެއެވެ. އަދި ކިއެއް ހެއްޔެވެ؟ ހަމަކަށަވަރުން ތިބާއަށް ތިމަން ﷲގެ ހަޒްރަތުގައި ހެޔޮކަމެއްވެއެވެ. ފަހެ މިއަދު ތިބާގެ މައްޗަކަށް އަނިޔާވެރިއެއްނުވެވޭ ހުއްޓެވެ. އަދި أَشْهَدُ أَنْ لاَ إِلَهَ إِلاَّ اللَّهُ وَأَشْهَدُ أَنَّ مُحَمَّدًا عَبْدُهُ وَرَسُولُهُ: ޙައްގުގޮތުގައި އަޅުކަންވެވޭ އިލާހެއް ، ﷲ ފިޔަވައި ނުވާކަމަށާއި އަދި މުޙައްމަދުގެފާނީ ﷲގެ އަޅާ ރަސޫލާކަމަށް ހެކިވާ ކަމަށް ލިޔެވިފައިވާ ކާޑެއް (ކަރުދާސްކޮޅެއް) ﷲ ނެރުއްވާނެއެވެ. ދެން ﷲ ވަހީކުރައްވާނެއެވެ. ތިބާގެ މީޒާން ހާޒިރުކުރާށެވެ. ދެން އޭނާ ދަންނަވާނެއެވެ.އޭ ރައްބެވެ. މިފަތްފުތްތަކާއި އެކު މި ކާޑަކީ ކޮން އެއްޗެއް ހެއްޔެވެ؟ ދެން ﷲ ވަހީކުރައްވާނެއެވެ. ތިބާއަށް މިއަދު އަނިޔާވެރިއެއް ނުވެވޭނެއެވެ. ދެން ފަތްފުތްތަށް މީޒާނުގެ އެއްފަރާތަށް އަދި ކާރޑު އަނެއްފަރާތަށް ލުމަށް އަމުރުކުރައްވައިފިއެވެ. އަދި ފަތްފުތްތަށް ލުއިވެއްޖެއެވެ. އަދި ކާރޑުއޮތްފަޅިއަށް ބުރަވެއްޖެއެވެ. ﷲގެ އިސްމުފުޅާއެކުގައި އެހެން އެއްވެސް އެއްޗެއް ބަރުނުވާހުއްޓެވެ""",
جامع الترمذي,2641,"حَدَّثَنَا مَحْمُودُ بْنُ غَيْلاَنَ، حَدَّثَنَا أَبُو دَاوُدَ الْحَفَرِيُّ، عَنْ سُفْيَانَ الثَّوْرِيِّ، عَنْ عَبْدِ الرَّحْمَنِ بْنِ زِيَادِ بْنِ أَنْعُمَ الإِفْرِيقِيِّ، عَنْ عَبْدِ اللَّهِ بْنِ يَزِيدَ، عَنْ عَبْدِ اللَّهِ بْنِ عَمْرٍو، قَالَ قَالَ رَسُولُ اللَّهِ صلى الله عليه وسلم "" لَيَأْتِيَنَّ عَلَى أُمَّتِي مَا أَتَى عَلَى بَنِي إِسْرَائِيلَ حَذْوَ النَّعْلِ بِالنَّعْلِ حَتَّى إِنْ كَانَ مِنْهُمْ مَنْ أَتَى أُمَّهُ عَلاَنِيَةً لَكَانَ فِي أُمَّتِي مَنْ يَصْنَعُ ذَلِكَ وَإِنَّ بَنِي إِسْرَائِيلَ تَفَرَّقَتْ عَلَى ثِنْتَيْنِ وَسَبْعِينَ مِلَّةً وَتَفْتَرِقُ أُمَّتِي عَلَى ثَلاَثٍ وَسَبْعِينَ مِلَّةً كُلُّهُمْ فِي النَّارِ إِلاَّ مِلَّةً وَاحِدَةً قَالُوا وَمَنْ هِيَ يَا رَسُولَ اللَّهِ قَالَ مَا أَنَا عَلَيْهِ وَأَصْحَابِي "" . قَالَ أَبُو عِيسَى هَذَا حَدِيثٌ مُفَسَّرٌ حَسَنٌ غَرِيبٌ لاَ نَعْرِفُهُ مِثْلَ هَذَا إِلاَّ مِنْ هَذَا الْوَجْهِ .",އަދި ދަންނާށެވެ. ރަސޫލު ﷲ ﷺ ޙަދީޘް ކުރެއްވިއެވެ: ”ބަނީ އިސްރާއިލުގެ މައްޗަށް އައި ކަންތައްތައް، ތިމަން ނަބިއްޔާގެ އުއްމަތުގެ މައްޗަށް ވެސް އަންނާނެކަށް ކަށަވަރެވެ. ފައިވާން ކިބައެއް (އަނެއް) ކިބައަކާ އެއްވައްތަރުވާ ފަދައިންނެވެ. އެއީ އެބައިމީހުންގެ ތެރެއިން ފާޅުގައި އެ މީހެއްގެ މަންމައާއެކު ޒިނޭކުރި މީހާކު ވީނަމަ، ތިމަން ނަބިއްޔާގެ އުއްމަތުގައިވެސް އެފަދައިން ކަންކުރާނެ މީހަކު ވާނެކަން ކަށަވަރެވެ. އަދި ހަމަކަށަވަރުން ބަނީ އިސްރާއީލު ހަތްދިހަ ދެ ބައިގަނޑަށް ބައިބައިވެގެން ދިޔައެވެ. އަދި ތިމަން ނަބިއްޔާގެ އުއްމަތް، ހަތްދިހަ ތިން ބައިގަނޑަށް ބައިބައިވެގެން ދާނެއެވެ. އެ ހުރިހާ ބައިގަނޑެއް ވެސް ވަނީ ނަރަކައިގައެވެ. އެއް ބަޔަކު ފިޔަވައެވެ.“ (މީސްތަކުން) ދެންނެވިއެވެ: އޭ ﷲ ގެ ރަސޫލާއެވެ. އެއީ ކޮން ބަޔެއްތޯއެވެ؟ އެކަލޭގެފާނު ޙަދީޘް ކުރެއްވިއެވެ: ”އެއީ ތިމަން ނަބިއްޔާ އަދި ތިމަން ނަބިއްޔާގެ ސަހާބީން މި ތިއްބެވި ގޮތެއްގެ މަތީގައި ތިބި މީހުންނެވެ.“,صححه الألباني في صحيح الترمذي
جامع الترمذي,2645,من يُرِدِ اللهُ به خيرًا يُفَقِّهْهُّ في الدينِ,ﷲ تعالى މީހަކަށް ހެޔޮގޮތް އިރާދަކުރައްވާނަމަ، އެމީހާ އެކަލާނގެ ދީނުގައި ފިގުހުވެރި ކުރައްވައެވެ,
جامع الترمذي,2646,مَنْ سَلَكَ طَرِيقًا يَلْتَمِسُ فِيهِ عِلْمًا سَهَّلَ اللَّهُ لَهُ طَرِيقًا إِلَى الْجَنَّةِ ‏,(ދީނުގެ) އިލްމެއް ހޯދުމަށް މަގަކުން ހިނގައިފި މީހަކަށް، އެކަމުގެ ސަބަބުން ސުވަރުގެއަށް ދާނެ މަގެއް ﷲ އޭނާއަށް ފަސޭހަ ކޮށްދެއްވާނެއެވެ.,
جامع الترمذي,2680,فَضْلُ العَالِمِ عَلَى العَابِدِ كَفَضْلِي عَلَى أَدْنَاكُمْ إِنَّ اللَّهَ وَمَلَائِكَتَهُ وَأَهْلَ السَّمَوَاتِ وَالأَرَضِينَ حَتَّى النَّمْلَةَ فِي جُحْرِهَا وَحَتَّى الحُوتَ لَيُصَلُّونَ عَلَى مُعَلِّمِ النَّاسِ الخَيْرَ,އަޅުވެރިއެއްގެ މައްޗަށް ޢިލްމުވެރިއެއް މަތިވެރިވެގެން ވަނީ ތިޔަބައިމީހުން ކުރެ އެންމެ ދަށް މީހާގެ މައްޗަށް ތިމަންކަލޭގެފާނުން މަތިވެރިވެގެން ވާ ފަދައިންނެވެ. ހަމަކަށަވަރުން ﷲއާއި އެކަލާނގެ މަލާއިކަތުން އަދި އުޑުތަކާއި ބިންތަކުގެ އަހުލުވެރީން، އޭގެ ހޮރުގައި ވާހިންޏާއި މޫދުގައި ވާ މަހަށް ދާންދެން، މީސްތަކުންނަށް ހެޔޮކަންކަން އުނގަންނައިދޭ މީހާއަށްޓަކައި ދުޢާ ކުރައްވާކަން ކަށަވަރެވެ.,
جامع الترمذي,2715,"حَدَّثَنَا عَلِيُّ بْنُ حُجْرٍ، أَخْبَرَنَا عَبْدُ الرَّحْمَنِ بْنُ أَبِي الزِّنَادِ، عَنْ أَبِيهِ، عَنْ خَارِجَةَ بْنِ زَيْدِ بْنِ ثَابِتٍ، عَنْ أَبِيهِ، زَيْدِ بْنِ ثَابِتٍ قَالَ أَمَرَنِي رَسُولُ اللَّهِ صلى الله عليه وسلم أَنْ أَتَعَلَّمَ لَهُ كَلِمَاتِ كِتَابِ يَهُودَ . قَالَ "" إِنِّي وَاللَّهِ مَا آمَنُ يَهُودَ عَلَى كِتَابٍ "" . قَالَ فَمَا مَرَّ بِي نِصْفُ شَهْرٍ حَتَّى تَعَلَّمْتُهُ لَهُ قَالَ فَلَمَّا تَعَلَّمْتُهُ كَانَ إِذَا كَتَبَ إِلَى يَهُودَ كَتَبْتُ إِلَيْهِمْ وَإِذَا كَتَبُوا إِلَيْهِ قَرَأْتُ لَهُ كِتَابَهُمْ . قَالَ أَبُو عِيسَى هَذَا حَدِيثٌ حَسَنٌ صَحِيحٌ . وَقَدْ رُوِيَ مِنْ غَيْرِ هَذَا الْوَجْهِ عَنْ زَيْدِ بْنِ ثَابِتٍ رَوَاهُ الأَعْمَشُ عَنْ ثَابِتِ بْنِ عُبَيْدٍ الأَنْصَارِيِّ عَنْ زَيْدِ بْنِ ثَابِتٍ قَالَ أَمَرَنِي رَسُولُ اللَّهِ صلى الله عليه وسلم أَنْ أَتَعَلَّمَ السُّرْيَانِيَّةَ .",ޒައިދު ބިން ޘާބިތު ވިދާޅުވިކަމަށް ރިވާވެގެންވެއެވެ: ރަސޫލު ﷲ އަށްޓަކައި، ތިމަންނަ ޔަހޫދީން ލިޔާ ބަސްތައް އުނގެނުމަށް، އެކަލޭގެފާނު ތިމަންނައަށް އަމުރު ކުރެއްވިއެވެ. އެކަލޭގެފާނު ޙަދީޘް ކުރެއްވިއެވެ: ”ﷲ ގަންދީ ބުނަމެވެ. ހަމަކަށަވަރުން (އެއްވެސް) ލިޔުމެއްގެ މައްޗަށް ޔަހޫދީންނަށް ތިމަން ނަބިއްޔާ އިތުބާރެއް ނުކުރައްވަމެވެ.“ (ޒައިދު) ވިދާޅުވިއެވެ: ފަހެ މަހެއްގެ ދެބައިކުޅަ އެއްބައި ތިމަންނައަށް ވޭތު ނުވަނީސް، އެކަލޭގެފާނަށްޓަކައި ތިމަންނަ އެ ބަސް ދަސްކޮށްފީމެވެ. (ޒައިދު) ވިދާޅުވިއެވެ: ދެން ތިމަންނަ އެ ބަސް އުނގެނުނު ހިނދު، އެކަލޭގެފާނު ޔަހޫދީންނަށް ސިޓީއެއް ލިޔަން (އެދިވަޑައިގަތުމުން) ތިމަންނަ އެބައިމީހުންނަށް ލިޔެ ފޮނުވަމެވެ. އަދި އެބައިމީހުން އެކަލޭގެފާނަށް ސިޓީ ފޮނުވާ ހިނދު، އެބައިމީހުންގެ ސިޓީ އެކަލޭގެފާނަށް ތިމަން ކިޔައިދެމެވެ.,صححه الألباني في صحيح الترمذي
جامع الترمذي,2754,لم يَكُن شَخصٌ أحبَّ إليهِم مِن رسولِ اللَّهِ صلَّى اللَّهُ علَيهِ وسلَّمَ ، وَكانوا إذا رأَوهُ لم يَقوموا لما يعلَمونَ من كَراهِيتِهِ لذلِكَ,ރަސޫލާ صَلَّى اللَّهُ عَلَيْهِ وَسَلَّمَ ގެ އަޞްހާބުބޭކަލުންގެ އަރިހުގައި، އެންމެ ލޮބުވެތިކަން ބޮޑުވެގެންވަނީ އެކަލޭގެފާނެެެވެ. އެހެން ނަމަވެސް އެކަލޭގެފާނު ފެނިވަޑައިގަތުމުން (އެބޭކަލުން އެކަލޭގެފާނަށް) ތެދުވެވަޑައި ނުގަންނަވައެވެ. ސަބަބަކީ އެއީ އެކަލޭގެފާނު ނުރުއްސަވާ ކަމެއްކަން އެބޭކަލުންނަށް އެނގިވަޑައިގަންނަވާތީއެވެ.,
جامع الترمذي,2755,مَنْ سَرَّهُ أَنْ يَتَمَثَّلَ لَهُ الرِّجَالُ قِيَامًا فَلْيَتَبَوَّأْ مَقْعَدَهُ مِنَ النَّارِ,އެމީހަކަށްޓަކައި އެހެންމީހުން ތެދުވުމަށް ލޯބި ކުރާ މީހާ، ފަހެ އޭނާ ނަރަކައިން ޖާގަ ލިބިގަންނަ ހުށިކަމެވެ.,
جامع الترمذي,2794,"قلتُ يا نبيَّ اللهَِ عوْراتُنا ما نأتي منها وما نذرُ؟ قال: احفظْ عورتَك إلا من زوجتِك أو ما ملكتْ يمينُك ,قلتُ يا رسولَ اللهِ إذا كان القومُ بعضُهم في بعضٍ؟ قال إن استطعتَ أن لا يراها أحدٌ فلا يراها, قال: قلتُ يا نبيَّ اللهِ إذا كان أحدُنا خاليًا ؟قال فاللهُ أحقُّ أن يَستحِييَ منه الناسُ",އެކަލޭގެފާނު ވިދާޅުވިއެވެ. ތިމަން ދެންނެވީމެވެ. އޭ ﷲ ގެ ރަސޫލާއެވެ! ތިމަންބޭކަލުންގެ ޢައުރަ ކަޝްފުކުރަންވީ ކޮންބަޔަކަށްތޯއެވެ؟ އަދި ޢައުރަ ފޮރުވަންވީ ކޮންބަޔަކަށްތޯއެވެ؟ އެކަލޭގެފާނު ޙަދީޘްކުރެއްވިއެވެ. ކަލޭގެފާނުގެ އަނބިމީހާއާއި އަޅުއަންހެނުން ފިޔަވައި އެހެންމީހުންނަށް ކަލޭގެފާނުގެ ޢައުރަ ފޮރުއްވާށެވެ. ތިމަން ދެންނެވީމެވެ. އެންމެން އެއްތަނެއްގައި ތިބޭނަމަ ހަދާނީ ކިހިނެއްތޯއެވެ؟ އެކަލޭގެފާނު ޙަދީޘްކުރެއްވިއެވެ. އެއްވެސް މީހަކަށް ނުދެއްކުމަށް ކުޅަދާނަވެގެންވާނަމަ އެއްވެސް މީހަކަށް ނުދައްކާށެވެ. (އެބަހީ: ޢައުރައިން އެއްވެސް މިންވަރެއް، އެހެންމީހަކަށް ނުދެއްކުމަށް ގަދައަޅައި މަސައްކަތްކުރާށެވެ.) ތިމަން ދެންނެވީމެވެ. އޭ ﷲ ގެ ރަސޫލާއެވެ! ތިމަންބޭކަލުންގެ ތެރެއިން މީހަކު އެކަހެރިވެ ހުރިކަމުގައި ވާނަމަ ކިހިނެއްތޯއެވެ؟ އެކަލޭގެފާނު ޙަދީޘްކުރެއްވިއެވެ. މީސްތަކުންނަށްވުރެ ބޮޑަށް ﷲ އަށް ލަދުވެތިވުން މާ ޙައްގުކަން ބޮޑުވެގެންވެއެވެ.,
جامع الترمذي,2863,"وَمَنِ ادَّعَى دَعْوَى الْجَاهِلِيَّةِ فَإِنَّهُ مِنْ جُثَا جَهَنَّمَ "" . فَقَالَ رَجُلٌ يَا رَسُولَ اللَّهِ وَإِنْ صَلَّى وَصَامَ قَالَ "" وَإِنْ صَلَّى وَصَامَ فَادْعُوا بِدَعْوَى اللَّهِ الَّذِي سَمَّاكُمُ الْمُسْلِمِينَ الْمُؤْمِنِينَ عِبَادَ اللَّهِ)","އަދި ޖާހިލިއްޔަތުގެ ދަޢުވަތަށް ގޮވާ މީހާއީ ނަރަކައިގެ ދަރުގަނޑުތަކުގެ ތެރެއިން ދަރުގަނޑެކެވެ."" ދެން މީހަކު ދެންނެވިއެވެ. ""އޭނާ ނަމާދުކޮށް ރޯދަހިފިކަމުގައި ވިޔަސް ހެއްޔެވެ؟"" ޙަދީޘްކުރެއްވިއެވެ. ""އޭނާ ނަމާދުކޮށް ރޯދަހިފައި އަދި ﷲ ދެއްވާފައިވާ ނަންތައް މުސްލިމުން މުއުމިނުން ﷲގެ އަޅުތަކުން މިފަދައިން ކީ ކަމުގައިވިޔަސް މެއެވެ.",
جامع الترمذي,2863,"عن الْحَارِثَ الأَشْعَرِيَّ. قَالَ النَّبِيُّ ﷺ "" وَأَنَا آمُرُكُمْ بِخَمْسٍ اللَّهُ أَمَرَنِي بِهِنَّ السَّمْعُ وَالطَّاعَةُ وَالْجِهَادُ وَالْهِجْرَةُ وَالْجَمَاعَةُ فَإِنَّهُ مَنْ فَارَقَ الْجَمَاعَةَ قِيدَ شِبْرٍ فَقَدْ خَلَعَ رِبْقَةَ الإِسْلاَمِ مِنْ عُنُقِهِ إِلاَّ أَنْ يَرْجِعَ وَمَنِ ادَّعَى دَعْوَى الْجَاهِلِيَّةِ فَإِنَّهُ مِنْ جُثَا جَهَنَّمَ "" . فَقَالَ رَجُلٌ يَا رَسُولَ اللَّهِ وَإِنْ صَلَّى وَصَامَ قَالَ "" وَإِنْ صَلَّى وَصَامَ فَادْعُوا بِدَعْوَى اللَّهِ الَّذِي سَمَّاكُمُ الْمُسْلِمِينَ الْمُؤْمِنِينَ عِبَادَ اللَّهِ ""","ޙާރިޝް އަލްއަޝްޢަރީ ރަޟިޔަﷲ ޢަންހުގެ ކިބައިން ރިވާވެގެންވެއެވެ. ރަސޫލުﷲ ﷺ ޙަދީޘްކުރެއްވިއެވެ. ""ﷲ އެކަމަކަށް އަމުރުކުރެއްވި ފަސްކަމަކަށް ތިމަންކަލޭގެފާނު އަމުރުކުރައްވަމެވެ. (އެއީ) އަޑުއެހުމާއި، ކިޔަމަންގަތުމާއި އަދި ހިޖުރަކުރުމާއި އަދި ޖިހާދުކުރުމާއި އަދި ޖަމާއަތެވެ. (ޖަމާއަތުގައި ހިފެހެއްޓުމެވެ.) ޖަމާއަތުން ކައިވަތެއްގެ މިންވަރުވެސް ދުރުވެއްޖެމީހާ އިސްލާމްކަމުގެ ވާފަށް އޭނާގެ ކަރުން މޮހާލައިފިއެވެ. އަދި ޖާހިލިއްޔަތުގެ ދަޢުވަތަށް ގޮވާ މީހާއީ ނަރަކައިގެ ދަރުގަނޑުތަކުގެ ތެރެއިން ދަރުގަނޑެކެވެ."" ދެން މީހަކު ދެންނެވިއެވެ. ""އޭނާ ނަމާދުކޮށް ރޯދަހިފިކަމުގައި ވިޔަސް ހެއްޔެވެ؟"" ޙަދީޘްކުރެއްވިއެވެ. ""އޭނާ ނަމާދުކޮށް ރޯދަހިފައި އަދި ﷲ ދެއްވާފައިވާ ނަންތައް މުސްލިމުން މުއުމިނުން ﷲގެ އަޅުތަކުން މިފަދައިން ކީ ކަމުގައިވިޔަސް މެއެވެ.",
جامع الترمذي,2892,أَنَّ النَّبِيَّ صَلَّى اللَّهُ عَلَيْهِ وَسَلَّمَ كَانَ لا يَنَامُ حَتَّى يَقْرَأَ الم تَنْزِيلُ، وَتَبَارَكَ الَّذِي بِيَدِهِ الْمُلْكُ,ހަމަކަށަވަރުން ނަބިއްޔާ ﷺ، الۤمۤ تَنْزِيلُ (ސަޖިދަ ސޫރަތް) އަދި تَبَارَكَ الَّذِي بِيَدِهِ الْمُلْكُ (މުލްކު ސޫރަތް) ކިޔަވާ ވިދާޅުވުމަށް ދާންދެން އަވަހާރަފުޅު ނުލައްޕަވައެވެ.,
جامع الترمذي,2910,حَدَّثَنَا مُحَمَّدُ بْنُ بَشَّارٍ، قَالَ: حَدَّثَنَا أَبُو بَكْرٍ الْحَنَفِيُّ، قَالَ: حَدَّثَنَا الضَّحَّاكُ بْنُ عُثْمَانَ، عَنْ أَيُّوبَ بْنِ مُوسَى قَالَ: سَمِعْتُ مُحَمَّدَ بْنَ كَعْبٍ الْقُرَظِيَّ يَقُولُ: سَمِعْتُ عَبْدَ اللهِ بْنَ مَسْعُودٍ يَقُولُ: قَالَ رَسُولُ اللهِ ﷺ: مَنْ قَرَأَ حَرْفًا مِنْ كِتَابِ اللهِ فَلَهُ بِهِ حَسَنَةٌ، وَالْحَسَنَةُ بِعَشْرِ أَمْثَالِهَا، لَا أَقُولُ (الم) حَرْفٌ، وَلَكِنْ أَلِفٌ حَرْفٌ، وَلَامٌ حَرْفٌ، وَمِيمٌ حَرْفٌ. وَيُرْوَى هَذَا الْحَدِيثُ مِنْ غَيْرِ هَذَا الْوَجْهِ عَنِ ابْنِ مَسْعُودٍ، رَوَاهُ أَبُو الْأَحْوَصِ، عَنِ ابْنِ مَسْعُودٍ، رَفَعَهُ بَعْضُهُمْ وَوَقَفَهُ بَعْضُهُمْ عَنِ ابْنِ مَسْعُودٍ. هَذَا حَدِيثٌ حَسَنٌ صَحِيحٌ غَرِيبٌ مِنْ هَذَا الْوَجْهِ، سَمِعْتُ قُتَيْبَةَ بْنَ سَعِيدٍ يَقُولُ: بَلَغَنِي أَنَّ مُحَمَّدَ بْنَ كَعْبٍ الْقُرَظِيَّ وُلِدَ فِي حَيَاةِ النَّبِيِّ ﷺ، وَمُحَمَّدُ بْنُ كَعْبٍ يُكْنَى أَبَا حَمْزَةَ.,ޢަބްދު ﷲ ބިން މަސްޢޫދު ރިވާ ކުރެއްވިއެވެ: ރަސޫލު ﷲ ﷺ ޙަދީޘް ކުރެއްވިއެވެ: ”ﷲގެ ފޮތުން ޙަރްފެއް ކިޔައިފި މީހަކަށް، އޭގެ ސަބަބުން އޭނާއަށް އެއް ހެޔޮކަން ލިބިގެންވެއެވެ. އަދި (ކޮންމެ) ހެޔޮ ކަމަކާއެކު، އެއާ އެއްފަދަ ދިހަ ހެޔޮ ކަމެއް ވެއެވެ. الم އަކީ ޙަރްފެއް ކަމުގައި ތިމަން ނަބިއްޔާ ވިދާޅެއް ނުވަމެވެ. އެހެނެއްކަމަކު أَلِف އަކީ ޙަރްފެކެވެ. އަދި لاَم އަކީ ޙަރްފެކެވެ. އަދި مِيم އަކީ ޙަރްފެކެވެ.“ (ނޯޓު: ޢަރަބި ބަހުގައި، އަކުރަށް ވެސް އަދި ކަލިމައަށް ވެސް ޙަރްފޭ ކިޔެވެ. އެހެންކަމުން މި ޙަދީޘްގައި އޭގެ މުރާދަކީ ކޮބައިކަމާމެދު ޢިލްމުވެރިން ވަނީ ޢިޚްތިލާފުވެފައިވެ.),
جامع الترمذي,2915,"عن أبي هريرة عن النبي ﷺ قال : "" يجيء القرآن يوم القيامة فيقول : يا رب حلِّه ، فيلبس تاج الكرامة ثم يقول : يا رب زِدْه ، فيلبس حلة الكرامة ، ثم يقول : يا رب ارض عنه فيرضى عنه ، فيقال له : اقرأ وارق وتزاد بكل آية حسنة "" .",ގިޔާމަތް ދުވަހު ގުރްއާން އައިސް ބުނާނެވެ. '' އޭ ރައްބެވެ! އޭނާ ޒީނަތްތެރި ކޮށްދެއްވާށެވެ! އެހިނދު އޭނާގެ ބޮލުގައި މާތްކަމުގެ ތާޖެއް އެޅުވޭނެއެވެ. އަނެއްކާވެސް ގުރުއާން އެދޭނެއެވެ. އޭ ރައްބެވެ! އޭނާއަށް އިތުރުކޮށްދެއްވާށެވެ! އެހިނދެ މާތްކަމުގެ ފޭރާމެއް އޭނާއަށް ލެއްވޭނެއެވެ. އަނެއްކާވެސް ގުރުއާން ބުނާނެއެވެ. އޭނާއާމެދު ރުހިވޮޑިގަންނަވާށެވެ! ދެން އޭނާއާ މެދު އެ އިލާހު ރުހިވޮޑިގަންނަވާނެއެވެ. ދެން އޭނާއަށް ބުނެވޭނެއެވެ. ތިބާ ކިޔަވާށެވެ! އަދި މައްޗަށް އަރަމުން ދާށެވެ. އަދި ތިބާ ކިޔަވާ ކޮންމެ އާޔަތަކަށް ހެޔޮކަމެއް ހުއްޓެވެ.,
جامع الترمذي,3293,إِنَّ فِي الْجَنَّةِ لَشَجَرَةً يَسِيرُ الرَّاكِبُ فِي ظِلِّهَا مِائَةَ عَامٍ لاَ يَقْطَعُهَا وَإِنْ شِئْتُمْ فَاقْرَءُوا : ( وَظِلٍّ مَمْدُودٍ * وَمَاءٍ مَسْكُوبٍ ),ހަމަކަށަވަރުން ސުވަރުގޭގައި ގަހެއްވެއެވެ. އެގަހެއްގެ ހިޔަލުގައި ސަތޭކަ އަހަރުވަންދެން އަސްވާރަކު ދަތުރުކުރިޔަސް ކަޑައްތުނުކުރެވޭނެއެވެ. ތިޔަބައިމީހުން އެދޭނަމަ ކިޔަވާށެވެ: { وَظِلࣲّ مَّمۡدُودࣲ • وَمَاۤءࣲ مَّسۡكُوبࣲ } (މާނައީ: އަދި ފެތުރިގެންވާ ހިޔަލުގައެވެ •އަދި އަބަދަށް އޮހިއޮހިހުންނަ ފެން، އެއުރެންނަށް ލިބޭނެއެވެ.),
جامع الترمذي,3334,إِن العَبْد إِذا أَخطَأ خَطِيئَة نكتت فِي قلبه نُكْتَة سَوْدَاء ، فَإِذا هُوَ نزع واستغفر وَتَابَ صقل قلبه ، وَإِن عَاد زيد فِيهَا حَتَّى تعلو قلبه ، وَهُوَ الران الَّذِي ذكر الله {كلا بل ران على قُلُوبهم مَا كَانُوا يَكْسِبُونَ},ފަހެ، އަޅަކު ފާފައެއް ކޮށްފިކަމުގައިވާނަމަ އޭނާގެ ހިތުގައި ކަޅު ތިއްކެއްޖެހިދެއެވެ. އޭނާ، އެފާފައަކުން ދުރުވެ އަސްތަޣްފާރުކޮށް، توبة ވެއްޖެނަމަ އޭނާގެ ހިތް ސާފުވެދެއެވެ. އޭނާ އެފާފައަކަށް އެނބުރި އަތުވެއްޖެނަމަ އެތިކި އިތުރުވެ އެވެ. މިގޮތަށް އޭނާގެ ހިތް ކަޅުކުލައިގެ ތިކިތަކަކުން ފުރިއްޖައުމަށް ދާނދެނެވެ. އެއީ ﷲތަޢާލާ އެ އިލާހުގެ ފޮތުގައި ބަޔާންކުރައްވާފައިވާ “الران” އެވެ. އެ އިލާހު ވަހީކުރައްވާފައިވަނީ “ހަމަހިލާ އެހެންނަކުން ނުވާނެއެވެ. އަދި ކީއްހެއްޔެވެ؟ އެއުރެން ހޯދައިއުޅުނު އަމަލުތަކުގެ ސަބަބުން އެއުރެންގެ ހިތްތަކުގައި ދަބަރުޖަހާފައިވެއެވެ.”“,
جامع الترمذي,3339,حَدَّثَنَا عَبْدُ بْنُ حُمَيْدٍ ، قَالَ : حَدَّثَنَا رَوْحُ بْنُ عُبَادَةَ ، وَعُبَيْدُ اللهِ بْنُ مُوسَى ، عَنْ مُوسَى بْنِ عُبَيْدَةَ ، عَنْ أَيُّوبَ بْنِ خَالِدٍ ، عَنْ عَبْدِ اللهِ بْنِ رَافِعٍ ، عَنْ أَبِي هُرَيْرَةَ قَالَ : قَالَ رَسُولُ اللهِ صَلَّى اللهُ عَلَيْهِ وَسَلَّمَ : الْيَوْمُ الْمَوْعُودُ يَوْمُ الْقِيَامَةِ ، وَالْيَوْمُ الْمَشْهُودُ يَوْمُ عَرَفَةَ ، وَالشَّاهِدُ يَوْمُ الْجُمُعَةِ ، وَمَا طَلَعَتِ الشَّمْسُ وَلَا غَرَبَتْ عَلَى يَوْمٍ أَفْضَلَ مِنْهُ ، فِيهِ سَاعَةٌ لَا يُوَافِقُهَا عَبْدٌ مُؤْمِنٌ يَدْعُو اللهَ بِخَيْرٍ إِلَّا اسْتَجَابَ اللهُ لَهُ ، وَلَا يَسْتَعِيذُ مِنْ شَيْءٍ إِلَّا أَعَاذَهُ اللهُ مِنْهُ .,"މާތް ﷲ ރުއްސުންލެއްވި އަބޫ ހުރައިރާގެ އަރިހުން ރިވާވެގެންވެއެވެ. ސަލާމާއި ޞަލަވާތްލެއްވި މާތް ނަބިއްޔާ ޙަދީޘްކުރެއްވިއެވެ. ""اليوم الموعود : يوم القيامة، واليوم المشهود : يوم عرفة، والشاهد: يوم الجمعة.."" (رواه الترمذي وحسنه الألباني) މާނައީ: "" اليوم الموعود އަކީ ގިޔާމަތް ދުވަހެވެ. އަދި اليوم المشهود އަކީ އަރަފާތް ދުވަހެވެ. އަދި الشاهد އަކީ ހުކުރު ދުވަހެވެ."" اليوم المشهود ގެ މާނައަކީ ހެކިވެވިގެންވާ ދުވަހެވެ. އަރަފާތް ދުވަހަށް މިނަން ދެވުނީ އެދުވަހު ﷲ ސުބުޙާނަހޫ ވަތަޢާލާ މަލާއިކަތުންނަށް އެކަލާނގެ އަޅުތަކުންނާމެދު ފަޚުރުވެވޮޑިގެން އެކަމަށް އެމަލާއިކަތުން ހެކިކުރައްވާ ދުވަހަށް ވާތީއެވެ. والله أعلم",
جامع الترمذي,3339,اليَومُ المَوعودُ يَومُ القِيامَةِ، واليَومُ المَشهودُ يَومُ عَرَفةَ، والشَّاهِدُ يَومُ الجُمُعَةِ.,ވަޢުދުކުރައްވާފައިވާ ދުވަހަކީ ގިޔާމަތް ދުވަހެވެ. އަދި ހެކިދެވޭ ފަރާތަކީ އަރަފާތް ދުވަހެވެ. އަދި ހެކިދޭ ފަރާތަކީ ހުކުރު ދުވަހެވެ.,
جامع الترمذي,3383,"عن جَابِرَ بْنَ عَبْدِ اللَّهِ، رضى الله عنهما يَقُولُ سَمِعْتُ رَسُولَ اللَّهِ ﷺ يَقُولُ "" أَفْضَلُ الذِّكْرِ لاَ إِلَهَ إِلاَّ اللَّهُ وَأَفْضَلُ الدُّعَاءِ الْحَمْدُ لِلَّهِ ""","ޖާބިރު ބިން ޢަބްދުﷲ ރަޟިޔަﷲ ޢަންހުމާގެ ކިބައިން ރިވާވެގެންވެއެވެ. ރަސޫލުﷲ ﷺ ޙަދީޘްކުރައްވާ އަޑު އެއްސެވީމެވެ. ""އެންމެ މާތް ޒިކުރަކީ لاَ إِلَهَ إِلاَّ اللَّهُ އެވެ. (ﷲފިޔަވައި ޙައްގުގޮތުގައި އަޅުކަންވެވޭ އިލާހެއްނުވެއެވެ) އަދި އެންމެ މާތް ދުއާއަކީ الْحَمْدُ لِلَّهِ އެވެ. (ޙަމްދުހުރި ﷲއަށެވެ)""",
جامع الترمذي,3405,كَانَ النَّبِيُّ صَلَّى اللَّهُ عَلَيْهِ وَسَلَّمَ لَا يَنَامُ حَتَّى يَقْرَأَ الزُّمَرَ، وَبَنِي إِسْرَائِيلَ,ނަބިއްޔާ ﷺ، ޒުމަރު (ސޫރަތް) އަދި بَنِي إِسْرَائِيلَ (އިސްރާ ސޫރަތް) ކިޔަވާ ވިދާޅުވުމަށް ދާންދެން އަވަހާރަފުޅު ނުލައްޕަވައެވެ.,
جامع الترمذي,3457,"""كَانَ النَّبِيُّ صَلَّى اللَّهُ عَلَيْهِ وَسَلَّمَ إِذَا أَكَلَ أَوْ شَرِبَ قَالَ: «الحَمْدُ لِلَّهِ الَّذِي أَطْعَمَنَا وَسَقَانَا وَجَعَلَنَا مُسْلِمِينَ»""","""ނަބިއްޔާ ޞައްލަﷲ ޢަލައިހި ވަސައްލަމަ އެއްޗެއް ހިއްޕަވަފައިވިނަމަ ނުވަތަ ފަރީއްކުޅުއްވައިފިނަމަ ވިދާޅުވެލައްވައެވެ.: «الحَمْدُ لِلَّهِ الَّذِي أَطْعَمَنَا وَسَقَانَا وَجَعَلَنَا مُسْلِمِينَ»""",
جامع الترمذي,3472,حَدَّثَنَا الْحُسَيْنُ بْنُ الأَسْوَدِ الْعِجْلِيُّ الْبَغْدَادِيُّ، حَدَّثَنَا يَحْيَى بْنُ آدَمَ، عَنِ الْحَسَنِ بْنِ صَالِحٍ، عَنْ أَبِي بِشْرٍ، عَنِ الزُّهْرِيِّ، قَالَ تَسْبِيحَةٌ فِي رَمَضَانَ أَفْضَلُ مِنْ أَلْفِ تَسْبِيحَةٍ فِي غَيْرِهِ .,އައްޒުހްރީ ވިދާޅުވިއެވެ: ރަމަޟާން މަހުގައި (ކުރާ) ތަސްބީޙައެއް، އެ ނޫން މަސްމަހުގައި ކުރާ އެއް ހާސް ތަސްބީޙައަށްވުރެ ހެޔޮވެގެންވެއެވެ.,
جامع الترمذي,3482,اللَّهُمَّ إِنِّي أَعُوذُ بِكَ مِنْ قَلْبٍ لَا يَخْشَعُ,އޭ ﷲ! ހަމަކަށަވަރުން (އިބަ އިލާހަށް) ބިރުވެތި ނުވާ ހިތަކުން މިއަޅާ ރައްކާތެރިކަމަށް އެދެމެވެ.,
جامع الترمذي,3500,"قَالَ يَا رَسُولَ اللَّهِ سَمِعْتُ دُعَاءَكَ اللَّيْلَةَ فَكَانَ الَّذِي وَصَلَ إِلَىَّ مِنْهُ أَنَّكَ تَقُولُ ‏""‏ اللَّهُمَّ اغْفِرْ لِي ذَنْبِي وَوَسِّعْ لِي فِي رِزْقِي وَبَارِكْ لِي فِيمَا رَزَقْتَنِي ‏""‏ ‏",އޭ ﷲ އެވެ. މި އަޅާގެ ފާފަ ފުއްސަވާށިއެވެ. އަދި މި އަޅާގެ ގެ ތަނަވަސްކޮށްދެއްވާށިއެވެ. އަދި މި އަޅާގެ ރިޒްގުގައި ބަރަކާތްލައްވާށިއެވެ. ,
جامع الترمذي,3502,"الَ قَلَّمَا كَانَ رَسُولُ اللَّهِ صلى الله عليه وسلم يَقُومُ مِنْ مَجْلِسٍ حَتَّى يَدْعُوَ بِهَؤُلاَءِ الْكَلِمَاتِ لأَصْحَابِهِ ‏ ""‏ اللَّهُمَّ اقْسِمْ لَنَا مِنْ خَشْيَتِكَ مَا يَحُولُ بَيْنَنَا وَبَيْنَ مَعَاصِيكَ وَمِنْ طَاعَتِكَ مَا تُبَلِّغُنَا بِهِ جَنَّتَكَ وَمِنَ الْيَقِينِ مَا تُهَوِّنُ بِهِ عَلَيْنَا مُصِيبَاتِ الدُّنْيَا وَمَتِّعْنَا بِأَسْمَاعِنَا وَأَبْصَارِنَا وَقُوَّتِنَا مَا أَحْيَيْتَنَا وَاجْعَلْهُ الْوَارِثَ مِنَّا وَاجْعَلْ ثَأْرَنَا عَلَى مَنْ ظَلَمَنَا وَانْصُرْنَا عَلَى مَنْ عَادَانَا وَلاَ تَجْعَلْ مُصِيبَتَنَا فِي دِينِنَا وَلاَ تَجْعَلِ الدُّنْيَا أَكْبَرَ هَمِّنَا وَلاَ مَبْلَغَ عِلْمِنَا وَلاَ تُسَلِّطْ عَلَيْنَا مَنْ لاَ يَرْحَمُنَا ‏""‏ ‏.",އޭ ﷲ އެވެ. އިބަ އިލާހަށް ބިރުވެތިވުމުގެ ތެރެއިން، އަޅަމެންނާއި އިބަ އިލާހަށް އުރެދުމާ ދެމެދު ހުރަސްއަޅާނެ ބިރުވެތިކަމެއް، އަޅަމެންނަށް ބައްސަވާށިއެވެ. އަދި އިބަ އިލާހަށް ކިޔަމަންތެރިވުމުގެ ތެރެއިން، އަޅަމެން އިބަ އިލާހުގެ ސުވަރުގެއަށް ފޯރުކޮށްދޭނޭ ކިޔަމަންތެރިކަމެއް، އަޅަމެންނަށް ބައްސަވާށިއެވެ. އަދި ޔަގީންކަމުގެ ތެރެއިން، ދުނިޔޭގެ މުސީބާތްތައް ފަސޭހަކޮށްދޭނޭ ޔަގީންކަމެއް، އަޅަމެންނަށް ބައްސަވާށިއެވެ. އޭ ﷲ އެވެ. އަޅަމެން ދިރިތިބިހާ ހިނދަކު، އަޅަމެންގެ އިވުމާއި، ފެނުމާއި، ބާރުން އަޅަމެންނަށް މަންފާއާއި އުފާލިބޭ ގޮތް މެދުވެރިކުރައްވާށިއެވެ. އަދި އެ ކަންކަން އަޅަމެން މަރުވުމަށް ދާންދެން ދަމަހައްޓަވާށިއެވެ. އަދި އަޅަމެންނަށް އަނިޔާވެރިވީ ބަޔެއްގެ މައްޗަށް އަޅަމެންގެ ބަދަލުހިފުން ލައްވާށިއެވެ. އަދި އަޅަމެންނާ އަދާވާތްތެރިވާ ބަޔެއްގެ މައްޗަށް އަޅަމެންނަށް ނަސްރު ދެއްވާށިއެވެ. އަދި އަޅަމެންގެ މުސީބާތް (އެބަހީ: އިމްތިހާނު) ވަނީ އަޅަމެންގެ ދީނުގައި ކަމުގައި ނުލައްވާށިއެވެ. އަދި އަޅަމެންގެ އެންމެ ބޮޑު ކަންބޮޑުވުމަކީ ދުނިޔެ ކަމުގައި ނުލައްވާށިއެވެ. އަދި އަޅަމެންނަށް އެނގޭހާ އެއްޗަކީ (އެ ދުނިޔެ) ކަމުގައި ނުލައްވާށިއެވެ. އަދި އަޅަމެންނަށް ރަހުމްނުކުރާނެ ބަޔަކު އަޅަމެންގެ މައްޗަށް ވެރިނުކުރައްވާށިއެވެ.,
جامع الترمذي,3502,"كَانَ رَسُولُ اللَّهِ صلى الله عليه وسلم يَقُومُ مِنْ مَجْلِسٍ حَتَّى يَدْعُوَ بِهَؤُلاَءِ الْكَلِمَاتِ لأَصْحَابِهِ ‏ ""‏ اللَّهُمَّ اقْسِمْ لَنَا مِنْ خَشْيَتِكَ مَا يَحُولُ بَيْنَنَا وَبَيْنَ مَعَاصِيكَ وَمِنْ طَاعَتِكَ مَا تُبَلِّغُنَا بِهِ جَنَّتَكَ وَمِنَ الْيَقِينِ مَا تُهَوِّنُ بِهِ عَلَيْنَا مُصِيبَاتِ الدُّنْيَا وَمَتِّعْنَا بِأَسْمَاعِنَا وَأَبْصَارِنَا وَقُوَّتِنَا مَا أَحْيَيْتَنَا وَاجْعَلْهُ الْوَارِثَ مِنَّا وَاجْعَلْ ثَأْرَنَا عَلَى مَنْ ظَلَمَنَا وَانْصُرْنَا عَلَى مَنْ عَادَانَا وَلاَ تَجْعَلْ مُصِيبَتَنَا فِي دِينِنَا وَلاَ تَجْعَلِ الدُّنْيَا أَكْبَرَ هَمِّنَا وَلاَ مَبْلَغَ عِلْمِنَا وَلاَ تُسَلِّطْ عَلَيْنَا مَنْ لاَ يَرْحَمُنَا ‏""‏ ‏.",އޭ ﷲ އެވެ. އިބަ އިލާހަށް ބިރުވެތިވުމުގެ ތެރެއިން، އަޅަމެންނާއި އިބަ އިލާހަށް އުރެދުމާ ދެމެދު ހުރަސްއަޅާނެ ބިރުވެތިކަމެއް، އަޅަމެންނަށް ބައްސަވާށިއެވެ. އަދި އިބަ އިލާހަށް ކިޔަމަންތެރިވުމުގެ ތެރެއިން، އަޅަމެން އިބަ އިލާހުގެ ސުވަރުގެއަށް ފޯރުކޮށްދޭނޭ ކިޔަމަންތެރިކަމެއް، އަޅަމެންނަށް ބައްސަވާށިއެވެ. އަދި ޔަގީންކަމުގެ ތެރެއިން، ދުނިޔޭގެ މުސީބާތްތައް ފަސޭހަކޮށްދޭނޭ ޔަގީންކަމެއް، އަޅަމެންނަށް ބައްސަވާށިއެވެ. އޭ ﷲ އެވެ. އަޅަމެން ދިރިތިބިހާ ހިނދަކު، އަޅަމެންގެ އިވުމާއި، ފެނުމާއި، ބާރުން އަޅަމެންނަށް މަންފާއާއި އުފާލިބޭ ގޮތް މެދުވެރިކުރައްވާށިއެވެ. އަދި އެ ކަންކަން އަޅަމެން މަރުވުމަށް ދާންދެން ދަމަހައްޓަވާށިއެވެ. އަދި އަޅަމެންނަށް އަނިޔާވެރިވީ ބަޔެއްގެ މައްޗަށް އަޅަމެންގެ ބަދަލުހިފުން ލައްވާށިއެވެ. އަދި އަޅަމެންނާ އަދާވާތްތެރިވާ ބަޔެއްގެ މައްޗަށް އަޅަމެންނަށް ނަސްރު ދެއްވާށިއެވެ. އަދި އަޅަމެންގެ މުސީބާތް (އެބަހީ: އިމްތިހާނު) ވަނީ އަޅަމެންގެ ދީނުގައި ކަމުގައި ނުލައްވާށިއެވެ. އަދި އަޅަމެންގެ އެންމެ ބޮޑު ކަންބޮޑުވުމަކީ ދުނިޔެ ކަމުގައި ނުލައްވާށިއެވެ. އަދި އަޅަމެންނަށް އެނގޭހާ އެއްޗަކީ (އެ ދުނިޔެ) ކަމުގައި ނުލައްވާށިއެވެ. އަދި އަޅަމެންނަށް ރަހުމްނުކުރާނެ ބަޔަކު އަޅަމެންގެ މައްޗަށް ވެރިނުކުރައްވާށިއެވެ. (ރިވާކުރީ ތިރްމިޛީ),
جامع الترمذي,3502,حَدَّثَنَا عَلِيُّ بْنُ حُجْرٍ ، قَالَ : أَخْبَرَنَا ابْنُ الْمُبَارَكِ ، قَالَ : أَخْبَرَنَا يَحْيَى بْنُ أَيُّوبَ ، عَنْ عُبَيْدِ اللهِ بْنِ زَحْرٍ ، عَنْ خَالِدِ بْنِ أَبِي عِمْرَانَ : أَنَّ ابْنَ عُمَرَ قَالَ : قَلَّمَا كَانَ رَسُولُ اللهِ - صَلَّى اللهُ عَلَيْهِ وَسَلَّمَ - يَقُومُ مِنْ مَجْلِسٍ حَتَّى يَدْعُوَ بِهَؤُلَاءِ الدَّعَوَاتِ لِأَصْحَابِهِ : اللَّهُمَّ اقْسِمْ لَنَا مِنْ خَشْيَتِكَ مَا يَحُولُ بَيْنَنَا وَبَيْنَ مَعَاصِيكَ ، وَمِنْ طَاعَتِكَ مَا تُبَلِّغُنَا بِهِ جَنَّتَكَ ، وَمِنَ الْيَقِينِ مَا تُهَوِّنُ بِهِ عَلَيْنَا مُصِيبَاتِ الدُّنْيَا ، وَمَتِّعْنَا بِأَسْمَاعِنَا وَأَبْصَارِنَا وَقُوَّتِنَا مَا أَحْيَيْتَنَا ، وَاجْعَلْهُ الْوَارِثَ مِنَّا ، وَاجْعَلْ ثَأْرَنَا عَلَى مَنْ ظَلَمَنَا ، وَانْصُرْنَا عَلَى مَنْ عَادَانَا ، وَلَا تَجْعَلْ مُصِيبَتَنَا فِي دِينِنَا ، وَلَا تَجْعَلِ الدُّنْيَا أَكْبَرَ هَمِّنَا وَلَا مَبْلَغَ عِلْمِنَا ، وَلَا تُسَلِّطْ عَلَيْنَا مَنْ لَا يَرْحَمُنَا . هَذَا حَدِيثٌ حَسَنٌ غَرِيبٌ . وَقَدْ رَوَى بَعْضُهُمْ هَذَا الْحَدِيثَ عَنْ خَالِدِ بْنِ أَبِي عِمْرَانَ ، عَنْ نَافِعٍ ، [5/482] عَنِ ابْنِ عُمَرَ .,((اللهم اقْسِمْ لنا من خشيتك ما يحول بيننا وبين معاصيك، ومن طاعتك مَا تُبَلِّغُنَا به جنتك، ومن اليقين ما تُهون به علينا مصائب الدنيا. اللهم متِّعنا بأَسماعنا وأَبصارنا وقواتنا ما أحييتنا، واجعله الوارث مِنَّا، واجعل ثأرنا على من ظلمنا، وانصرنا على من عادانا، ولا تجعل مصيبتنا في ديننا، ولا تجعل الدنيا أكبر هَمِّنا ولا مبلغ علمنا، ولا تُسَلِّط علينا من لا يرحمنا)) މާނަ: އޭ ﷲ ! އިބަ އިލާހަށް ނުކިޔަމަންތެރިވުމުން އަޅަމެން މަނާކުރާނެ ބިރުވެރިކަމެއް އަޅަމެންނަށް ދެއްވާންދޭވެ. އަދި އިބަ އިލާހުގެ ސުވަރުގެއަށް އަޅަމެން ވާސިލްކޮށްދޭނެ ކިޔަމަންތެރިކަމެއް އަޅަމެންނަށް ދެއްވާންދޭވެ. އަދި ދުނިޔޭގެ މުސީބާތްތަށް އަޅަމެންނަށް ފަސޭހަކޮށްދެއްވާނެ ޔަގީންކަމެއް އަޅަމެންނަށް ދެއވާންދޭވެ. އަދި އަޅަމެން ދިރިހުރިހައި ހިނދަކު އަޅަމެންގެ އިވުމާއި ފެނުމާއި ބާރު ދަމަހައްޓަވައި އަޅަމެން މަރުވެއްޖެއުމަށް ދާންދެން އެކަންތައްތައް ދަމަހައްޓަވާންދޭވެ. އަދި އަޅަމެންނަށް އަނިޔާވެރިވެގަތް ބައެއްގެ މައްޗަށް އަޅަމެންގެ ބަދަލުހިފުން ލައްވާންދޭވެ. އަދި އަޅަމެންނަށް ޢަދާވާތްތެރި ވެއްޖެ ބައެއްގެ މައްޗަށް އަޅަމެންނަށް ނަޞްރު ދެއްވާންދޭވެ. އަދި އަޅަމެންގެ ދީނުގައި އަޅަމެން ފިތުނަވެރި ނުކުރައްވާންދޭވެ. އަދި އަޅަމެންގެ އެންމެ މުހިންމު ކަމަކީ މިދުނިޔެކަމުގައި ނުލައްވާންދޭވެ. އަދި އަޅަމެންގެ ޢިލްމުގެ ހައްދަކީވެސް މިދުނިޔެ ކަމުގައި ނުލައްވާންދޭވެ. އަދި އަޅަމެންނަށް ރަޙުމްނުކުރާ ވެރިޔެއް އަޅަމެންގެ މައްޗަށް އިސްނުކުރައްވާންދޭވެ.,
جامع الترمذي,3505,"عَنْ سَعْدٍ، قَالَ قَالَ رَسُولُ اللَّهِ ﷺ "" دَعْوَةُ ذِي النُّونِ إِذْ دَعَا وَهُوَ فِي بَطْنِ الْحُوتِ لاَ إِلَهَ إِلاَّ أَنْتَ سُبْحَانَكَ إِنِّي كُنْتُ مِنَ الظَّالِمِينَ . فَإِنَّهُ لَمْ يَدْعُ بِهَا رَجُلٌ مُسْلِمٌ فِي شَيْءٍ قَطُّ إِلاَّ اسْتَجَابَ اللَّهُ لَهُ ""","ސައުދު ރަޟިޔަﷲ ޢަންހުގެ ކިބައިން ރިވާވެގެންވެއެވެ އެކަލޭގެފާނު ވިދާޅުވިއެވެ. ޛުއްނޫން(ބޮޑުމަހުގެ އެކުވެރިޔާ ޔޫނުސް) ބޮޑުމަހުގެ ބަނޑުގައި އޮވެގެންކުރެއްވި ދުއާއަކީ މިއެވެ. لاَ إِلَهَ إِلاَّ أَنْتَ سُبْحَانَكَ إِنِّي كُنْتُ مِنَ الظَّالِمِينَ : ﷲ ފިޔަވައި، ޙައްގުގޮތުގައި އަޅުކަންވެވޭ އިލާހެއްނުވެއެވެ. އިބަ އިލާހުގެ ހުސްތާހިރުވަންތަކަމާއެވެ. ހަމަކަށަވަރުން ތިމަންކަލޭގެފާނުވަނީ އަނިޔާވެރިންގެ ތެރެއިންނެވެ. މިފަދައިން މުސްލިމަކު ދުއާކޮށްފިނަމަ ﷲ އެމީހަކަށް އިޖާބަކޮށްދެއްވައިފައި މެނުވީ ދުވަހަކުވެސް ދޫނުކުރައްވައެވެ""",
جامع الترمذي,3505,لاَ إِلَهَ إِلاَّ أَنْتَ سُبْحَانَكَ إِنِّي كُنْتُ مِنَ الظَّالِمِينَ,އިބަ الله މެނުވީ އަޅުކަންވެވުން ޙައްގު ވެގެންވާ އެހެން އެއްވެސް އިލާހަކުނުވެއެވެ. އިބަﷲ ހުސްޡާހިރުވަންތައެވެ. ހަމަކަށަވަރުން މިއަޅާ އަނިޔާވެރިންގެ ތެރެއިން ވީމެވެ.,
جامع الترمذي,3506,إِنَّ لِلَّهِ تِسْعَةً وَتِسْعِينَ اسْمًا مَنْ أَحْصَاهَا دَخَلَ الْجَنَّةَ,ހަމަކަށަވަރުން ﷲ އަށް ނުވަދިހަ ނުވަ އިސްމުފުޅު ވެއެވެ. އެ އިސްމުފުޅުތައް އިޙްޞާއުކޮށް (ދަސްކޮށް، ހިތުދަސްކޮށް، މަޢްރިފާކޮށް ދެނެގަނެ އެޔަށް ޢަމަލުކޮށްފި) މީހަކު ސުވަރުގެ ވަންނާނެއެވެ.,
جامع الترمذي,3513,"حَدَّثَنَا ‌قُتَيْبَةُ بْنُ سَعِيدٍ، قَالَ: حَدَّثَنَا ‌جَعْفَرُ بْنُ سُلَيْمَانَ الضُّبَعِيُّ، عَنْ ‌كَهْمَسِ بْنِ الْحَسَنِ، عَنْ ‌عَبْدِ اللهِ بْنِ بُرَيْدَةَ، عَنْ ‌عَائِشَةَ قَالَتْ: «قُلْتُ: يَا رَسُولَ اللهِ، أَرَأَيْتَ إِنْ عَلِمْتُ أَيَّ لَيْلَةٍ لَيْلَةَ الْقَدْرِ مَا أَقُولُ فِيهَا؟ قَالَ: ‌قُولِي: ‌اللَّهُمَّ ‌إِنَّكَ ‌عَفُوٌّ تُحِبُّ الْعَفْوَ فَاعْفُ عَنِّي.
هَذَا حَدِيثٌ حَسَنٌ صَحِيحٌ.",ޢާއިޝާ ވިދާޅުވިކަމަށް ރިވާވެގެންވެއެވެ: ތިމަން ކަމަނާ ދެންނެވީމެވެ: އޭ ރަސޫލު ﷲ އެވެ. ކަލޭގެފާނު ދެކިލައްވާ ގޮތުގައި، ތިމަން ކަމަނާއަށް ލައިލަތުލް ގަދްރިއަކީ ކޮން ރެއެއްކަން އެނގިއްޖެ ނަމަ، އެ ރޭގައި ތިމަން ކަމަނާ ދަންނަވާނީ ކީކޭތޯއެވެ؟ އެކަލޭގެފާނު ޙަދީޘްކުރެއްވިއެވެ. ކަމަނާ ދަންނަވާށެވެ: (اللَّهُمَّ ‌إِنَّكَ ‌عَفُوٌّ تُحِبُّ الْعَفْوَ فَاعْفُ عَنِّي) މާނައީ: ޔާ ﷲ، ހަމަކަށަވަރުން އިބައި ލާހީ ގިނަގިނައިން ޢަފޫކުރައްވާ، ޢަފޫކުރެއްވުމަށް ލޯބިކުރައްވާ އިލާހެވެ. ފަހެ މި އަޅާގެ ކިބައިން އަފޫ ކުރައްވާނދޭވެ. ފަހެ މި އަޅާގެ ކިބައިން އަފޫ ކުރައްވާނދޭވެ.“,
جامع الترمذي,3514,اللَّهُمَّ إنِّي أسْألُكَ [الْيَقِينَ] و[الْعَفْوَ] والْعَافِيَةَ فِي الدُّنْيَا وَالآخِرَةِ,އޭ الله! މިއަޅާއަށް (އީމާންކަމުގައި) ޔަގީންކަން ދެއްވުމަށާއި، އަދި (ފާފަތަކަށް) ޢަފޫކުރެއްވުމަށާއި، ދުނިޔެއާއި އާޚިރަތުގެ މުޞީބާތްތަކުން ރައްކާތެރިކަންދެއްވުމަށް އެދި އިބަﷲގެ ޙަޟުރަތުން ދަންނަވަމެވެ.,
جامع الترمذي,3521,"فَقَالَ ‏ ""‏ أَلاَ أَدُلُّكُمْ عَلَى مَا يَجْمَعُ ذَلِكَ كُلَّهُ تَقُولُ اللَّهُمَّ إِنَّا نَسْأَلُكَ مِنْ خَيْرِ مَا سَأَلَكَ مِنْهُ نَبِيُّكَ مُحَمَّدٌ وَنَعُوذُ بِكَ مِنْ شَرِّ مَا اسْتَعَاذَ بِكَ مِنْهُ نَبِيُّكَ مُحَمَّدٌ وَأَنْتَ الْمُسْتَعَانُ وَعَلَيْكَ الْبَلاَغُ وَلاَ حَوْلَ وَلاَ قُوَّةَ إِلاَّ بِاللَّهِ ‏""‏ ‏.",އޭ ﷲ އެވެ. އިބަ އިލާހުގެ ނަބީ މުޙައްމަދު ﷺ، އިބަ އިލާހުގެ ހަޒްރަތުން އެދިވަޑައިގެންނެވި އެންމެހާ ހެޔޮ ކަންތައްތަކަށް، އިބަ އިލާހުގެ ހަޒްރަތުން މި އަޅާ އެދި ދަންނަވަމެވެ. އަދި އިބަ އިލާހުގެ ނަބީ މުޙައްމަދު ﷺ، އިބަ އިލާހުގެ ހަޒްރަތުން ރައްކާތެރިކަން އެދިވަޑައިގެންނެވި އެންމެހާ ނުބައި ކަންތައްތަކުން، އިބަ އިލާހުގެ ހަޒްރަތުން އަޅަމެން ރައްކާތެރިކަން އެދެމެވެ. އެހީތެރިކަމަށް އެދި ދެންނެވޭ ފަރާތަކީ އިބަ އިލާހެވެ. އަދި ފޯރުކޮށްދެއްވުން ވަނީ އިބަ އިލާހަށެވެ. އަދި الله ގެ ހަޒްރަތުން މެނުވީ އެއްވެސް ކުޅަދާނަކަމެއް އަދި ބާރެއް ވިޔަސް ވެސް ނުވެއެވެ.,
جامع الترمذي,3521,اللَّهُمَّ إِنَّا نَسْأَلُكَ مِنْ خَيْرِ مَا سَأَلَكَ مِنْهُ نَبِيُّكَ مُحَمَّد صلى الله عليه و سلم ، وَنَعُوذُ بِكَ مِنْ شَرِّ مَا اسْتَعَاذَ مِنْهُ نَبِيُّكَ مُحَمَّدٌ صلى الله عليه و سلم ، وَأَنْتَ الْمُسْتَعَانُ، وَعَلَيْكَ الْبَلَاغُ، وَلَا حَوْلَ وَلَا قُوَّةَ إِلَّا بِاللَّهِ,އޭ الله! ހަމަކަށަވަރުން އަޅަމެން އިބަ ﷲގެ ހަޟުރަތުން، އިބަ ﷲގެ ރަސޫލާ محمد صلى الله عليه و سلم ދެންނެވި އެންމެހާ ރަނގަޅުކަންތައްތައް އަޅަމެންނަށްވެސް ދެއްވުމަށް އެދިދަންނަވަމުއެވެ. އަދި އަޅަމެން އިބަ ﷲގެ ހަޟުރަތުން، އިބަ ﷲގެ ރަސޫލާ محمد صلى الله عليه و سلم ރައްކާތެރިކަމަށްއެދި ދެންނެވި އެންމެހައި ނުބައިކަންތައްތަކަކުން އަޅަމެންވެސް ރައްކާތެރިކޮށްދެއްވުމަށް އެދިދަންނަވަމުއެވެ. ހަމައެކަނި ކަންކަމުގައި ވާތްގަށް އެދި ދެންނެވޭނެ ފަރާތަކީ އިބަ ﷲއެވެ. އަދި ޢިޖާބަކުރެއްވުންވެސްވަނީ އިބަ ﷲއަށެވެ. އަދި ހެޔޮކަމެއް ކުރުމުގެ އެއްވެސްބާރެއް އަދި ނުބައިކަމަކުން ސަލާމަތްވުމުގެ އެއްވެސްބަރެއް ﷲގެ ހަޒްރަތުންމެނުވީ ނުވެއެވެ.,
جامع الترمذي,3522,يَا مُقَلِّبَ القُلُوبِ ثَبِّت قَلْبِي عَلَى دِينِكَ,އޭ ހިތްތަށް ބަދަލުކުރައްވާ ރަސްކަލާކޮ! އިބަ الله ގެ ދީންމަތީ މިއަޅާގެ ހިތް ޘާބިތުކުރައްވާނދޭވެ.,
جامع الترمذي,3537,إِنَّ اللَّهَ يَقْبَلُ تَوْبَةَ الْعَبْدِ مَا لَمْ يُغَرْغِرْ,ނޭވާ ހޮޅިއަށް އެޅުމުގެ ކުރީން توبة ވެއްޖެ ކަމުގައިވާނަމަ އަޅާގެ توبة ﷲތަޢާލާ ގަބޫލު ކުރައްވާކަން ކަށަވަރެވެ.,
جامع الترمذي,3540,حَدَّثَنَا عَبْدُ اللهِ بْنُ إِسْحَاقَ الْجَوْهَرِيُّ الْبَصْرِيُّ، قَالَ: حَدَّثَنَا أَبُو عَاصِمٍ، قَالَ: حَدَّثَنَا كَثِيرُ بْنُ فَائِدٍ، قَالَ: حَدَّثَنَا سَعِيدُ بْنُ عُبَيْدٍ قَالَ: سَمِعْتُ بَكْرَ بْنَ عَبْدِ اللهِ الْمُزَنِيَّ يَقُولُ: حَدَّثَنَا أَنَسُ بْنُ مَالِكٍ قَالَ: سَمِعْتُ رَسُولَ اللهِ ﷺ يَقُولُ: قَالَ اللهُ تَبَارَكَ وَتَعَالَى: يَا ابْنَ آدَمَ، إِنَّكَ مَا دَعَوْتَنِي وَرَجَوْتَنِي غَفَرْتُ لَكَ عَلَى مَا كَانَ فِيكَ وَلَا أُبَالِي، يَا ابْنَ آدَمَ لَوْ بَلَغَتْ ذُنُوبُكَ عَنَانَ السَّمَاءِ، ثُمَّ اسْتَغْفَرْتَنِي غَفَرْتُ لَكَ وَلَا أُبَالِي، يَا ابْنَ آدَمَ، إِنَّكَ لَوْ أَتَيْتَنِي بِقُرَابِ الْأَرْضِ خَطَايَا ثُمَّ لَقِيتَنِي لَا تُشْرِكُ بِي شَيْئًا لَأَتَيْتُكَ بِقُرَابِهَا مَغْفِرَةً. هَذَا حَدِيثٌ حَسَنٌ غَرِيبٌ لَا نَعْرِفُهُ إِلَّا مِنْ هَذَا الْوَجْهِ.,އަނަސް ބިން މާލިކު ރިވާ ކުރެއްވިއެވެ: (ގުދުސީ ޙަދީޘެއްގައި) ރަސޫލު ﷲ ﷺ ޙަދީޘް ކުރައްވަނިކޮށް ތިމަން އަޑުއެހީމެވެ: ”ﷲ ތަބާރަކަ ވަތަޢާލާ ވަހީ ކުރެއްވިއެވެ: އޭ އާދަމުގެ ދަރިއާއެވެ. ހަމަކަށަވަރުން ތިބާ، ތިމަން އިލާހަށް ދުއާކޮށް ދަންނަވައި އަދި ތިމަން އިލާހުގެ ހަޒްރަތުން އުންމީދު ކުރާހައި ހިނދަކު، ތިބާގެ ކިބައިން ވެވިފައިވާ ފާފަތައް ތިމަން އިލާހު ފުއްސަވައި ދެއްވާނަމެވެ. އަދި (އެ ފާފަތަކަށް) ތިމަން އިލާހު ނުބައްލަވާނަމެވެ. އޭ އާދަމުގެ ދަރިއާއެވެ. އުޑުގެ ވިލާތަކާ ހަމައަށް ތިބާގެ ފާފަތައް ފޯރިކަމުގައި ވިޔަސް، ފާފަ ފުއްސަވައި ދެއްވުމަށް އެދި ތިބާ ދަންނަވައިފި ނަމަ، ތިމަން އިލާހު ތިބާއަށް ފާފަ ފުއްސަވައި ދެއްވާނަމެވެ. އަދި (އެ ފާފަތަކަށް) ތިމަން އިލާހު ނުބައްލަވާނަމެވެ. އޭ އާދަމުގެ ދަރިއާއެވެ. ހަމަކަށަވަރުން ބިން ފުރޭހައި ވަރަށް ތިބާ ފާފަތަކައިގެން ތިމަން އިލާހާ ބައްދަލުވި ކަމުގައި ވިޔަސް، ތިބާ ތިމަން އިލާހާ އެއްވެސް ފަރާތެއް ޝަރީކުކޮށްފައި ނުވާ ނަމަ، ހަމަ އެއާ އެއްވަރަށް (އެބަހީ: ބިން ފުރޭހައި ވަރަށް) ތިމަން އިލާހު ތިބާއާ ފާފަ ފުއްސެވުމައިގެން ތިމަން އިލާހު ތިބާއާ ބައްދަލު ކުރައްވާނެކަން ކަށަވަރެވެ.“,
جامع الترمذي,3540,حَدَّثَنَا عَبْدُ اللهِ بْنُ إِسْحَاقَ الْجَوْهَرِيُّ الْبَصْرِيُّ، قَالَ: حَدَّثَنَا أَبُو عَاصِمٍ، قَالَ: حَدَّثَنَا كَثِيرُ بْنُ فَائِدٍ، قَالَ: حَدَّثَنَا سَعِيدُ بْنُ عُبَيْدٍ قَالَ: سَمِعْتُ بَكْرَ بْنَ عَبْدِ اللهِ الْمُزَنِيَّ يَقُولُ: حَدَّثَنَا أَنَسُ بْنُ مَالِكٍ قَالَ: سَمِعْتُ رَسُولَ اللهِ ﷺ يَقُولُ: قَالَ اللهُ تَبَارَكَ وَتَعَالَى: يَا ابْنَ آدَمَ، إِنَّكَ مَا دَعَوْتَنِي وَرَجَوْتَنِي غَفَرْتُ لَكَ عَلَى مَا كَانَ فِيكَ وَلَا أُبَالِي، يَا ابْنَ آدَمَ لَوْ بَلَغَتْ ذُنُوبُكَ عَنَانَ السَّمَاءِ، ثُمَّ اسْتَغْفَرْتَنِي غَفَرْتُ لَكَ وَلَا أُبَالِي، يَا ابْنَ آدَمَ، إِنَّكَ لَوْ أَتَيْتَنِي بِقُرَابِ الْأَرْضِ خَطَايَا ثُمَّ لَقِيتَنِي لَا تُشْرِكُ بِي شَيْئًا لَأَتَيْتُكَ بِقُرَابِهَا مَغْفِرَةً. هَذَا حَدِيثٌ حَسَنٌ غَرِيبٌ لَا نَعْرِفُهُ إِلَّا مِنْ هَذَا الْوَجْهِ.,އަނަސް ބިން މާލިކު ރިވާ ކުރެއްވިއެވެ: (ގުދުސީ ޙަދީޘެއްގައި) ރަސޫލު ﷲ ﷺ ޙަދީޘް ކުރައްވަނިކޮށް ތިމަން އަޑު އެހީމެވެ: ”ﷲ ތަބާރަކަ ވަތަޢާލާ ވަހީ ކުރެއްވިއެވެ: އޭ އާދަމުގެ ދަރިއާއެވެ! ހަމަކަށަވަރުން ތިބާ، ތިމަން އިލާހަށް ދުއާކޮށް ދަންނަވައި އަދި ތިމަން އިލާހުގެ ހަޒްރަތުން އުންމީދު ކުރާހައި ހިނދަކު، ތިބާގެ ކިބައިން ވެވިފައިވާ ފާފަތައް ތިމަން އިލާހު ފުއްސަވައި ދެއްވާނަމެވެ. އަދި (އެ ފާފަތަކަށް) ތިމަން އިލާހު ނުބައްލަވާނަމެވެ. އޭ އާދަމުގެ ދަރިއާއެވެ! އުޑުގެ ވިލާތަކާ ހަމައަށް ތިބާގެ ފާފަތައް ފޯރިކަމުގައި ވިޔަސް، ފާފަ ފުއްސަވައި ދެއްވުމަށް އެދި ތިބާ ދަންނަވައިފި ނަމަ، ތިމަން އިލާހު ތިބާއަށް ފާފަ ފުއްސަވައި ދެއްވާނަމެވެ. އަދި (އެ ފާފަތަކަށް) ތިމަން އިލާހު ނުބައްލަވާނަމެވެ. އޭ އާދަމުގެ ދަރިއާއެވެ! ހަމަކަށަވަރުން ބިން ފުރޭހައި ވަރަށް ތިބާ ފާފަތަކައިގެން ތިމަން އިލާހާ ބައްދަލުވި ކަމުގައި ވިޔަސް، ތިބާ ތިމަން އިލާހާ އެއްވެސް ފަރާތެއް ޝަރީކުކޮށްފައި ނުވާ ނަމަ، ހަމަ އެއާ އެއްވަރަށް (އެބަހީ: ބިން ފުރޭހައި ވަރަށް) ތިމަން އިލާހު ތިބާއާ ފާފަ ފުއްސެވުމައިގެން ތިމަން އިލާހު ތިބާއާ ބައްދަލު ކުރައްވާނެކަން ކަށަވަރެވެ.“,
جامع الترمذي,3545,ورَغِمَ أنفُ رجلٍ دخلَ علَيهِ رمضانُ ثمَّ انسلخَ قبلَ أن يُغفَرَ لَهُ,ރަމަޟާން މަސް އެމީހަކާ ބައްދަލުވެ އެމަސް ނިމުނުއިރުވެސް އެމީހެއްގެ ފާފަ ނުފުއްސުނުމީހާގެ ނޭފަތް ހިރަފުހުން ފުރުއްވާނދޭވެ.,
جامع الترمذي,3545,رغِمَ أنْفُ رجلٍ ذكِرْتَ عندهُ فلم يُصِلّ عليّ ورغمَ أنفُ رجلٍ دخل عليه رمضانَ ثم انْسَلَخ قبل أن يُغْفر لهُ,ރަމަޟާން މަސް އެމީހަކާ ބައްދަލުވެ އެމަސް ނިމުނުއިރުވެސް އެމީހެއްގެ ފާފަ ނުފުއްސުނުމީހާގެ ނޭފަތް ހިރަފުހުން ފުރުއްވާނދޭވެ.,
جامع الترمذي,3546,حَدَّثَنَا يَحْيَى بْنُ مُوسَى، وَزِيَادُ بْنُ أَيُّوبَ قَالَا: حَدَّثَنَا أَبُو عَامِرٍ الْعَقَدِيُّ، عَنْ سُلَيْمَانَ بْنِ بِلَالٍ، عَنْ عُمَارَةَ بْنِ غَزِيَّةَ، عَنْ عَبْدِ اللهِ بْنِ عَلِيِّ بْنِ حُسَيْنِ بْنِ عَلِيِّ بْنِ أَبِي طَالِبٍ، عَنْ أَبِيهِ، عَنْ حُسَيْنِ بْنِ عَلِيِّ بْنِ أَبِي طَالِبٍ، قَالَ: قَالَ رَسُولُ اللهِ ﷺ: الْبَخِيلُ الَّذِي مَنْ ذُكِرْتُ عِنْدَهُ، فَلَمْ يُصَلِّ عَلَيَّ.,ޙުސައިން ބިން ޢަލީ ބިން އަބޫ ޠާލިބު ރިވާ ކުރެއްވިއެވެ: ރަސޫލު ﷲ ﷺ ޙަދީޘް ކުރެއްވިއެވެ: ”ދަހިވެތި މީހަކީ، ތިމަން ނަބިއްޔާގެ ނަންފުޅު އެ މީހެއްގެ ގާތުގައި ބުނެވޭ ހިނދު، ތިމަން ނަބިއްޔާއަށް ޞަލަވާތް ނުކިޔަވާ މީހާއެވެ.“,
جامع الترمذي,3551,"عَنِ ابْنِ عَبَّاسٍ، قَالَ كَانَ النَّبِيُّ ﷺ يَدْعُو يَقُولُ "" رَبِّ أَعِنِّي وَلاَ تُعِنْ عَلَىَّ وَانْصُرْنِي وَلاَ تَنْصُرْ عَلَىَّ وَامْكُرْ لِي وَلاَ تَمْكُرْ عَلَىَّ وَاهْدِنِي وَيَسِّرِ الْهُدَى لِي وَانْصُرْنِي عَلَى مَنْ بَغَى عَلَىَّ رَبِّ اجْعَلْنِي لَكَ شَكَّارًا لَكَ ذَكَّارًا لَكَ رَهَّابًا لَكَ مِطْوَاعًا لَكَ مُخْبِتًا إِلَيْكَ أَوَّاهًا مُنِيبًا رَبِّ تَقَبَّلْ تَوْبَتِي وَاغْسِلْ حَوْبَتِي وَأَجِبْ دَعْوَتِي وَثَبِّتْ حُجَّتِي وَسَدِّدْ لِسَانِي وَاهْدِ قَلْبِي وَاسْلُلْ سَخِيمَةَ صَدْرِي "" .",އިބްނު ޢައްބާސް ވިދާޅުވިކަމަށް ރިވާވެގެން ވެއެވެ: ނަބިއްޔާ ﷺ (މިފަދައިން) ދުއާ ކުރައްވައެވެ: ”އަޅުގެ ރައްބެވެ. މި އަޅާއަށް އެހީތެރިވެ ދެއްވާށިއެވެ. އަދި މިއަޅާއާ ދެކޮޅަށް (އެހެން ބަޔަކަށް) އެހީތެރިވެ ނުދެއްވާށިއެވެ. އަދި މި އަޅާއަށް ނަސްރު ދެއްވާށިއެވެ. އަދި މި އަޅާއާ ދެކޮޅަށް (ދުޝްމަނުންނަށް) ނަސްރު ނުދެއްވާށިއެވެ. އަދި މި އަޅާއާ އެއްކޮޅަށް ރާއްވަވާށިއެވެ. އަދި މިއަޅާއާ ދެކޮޅަށް ނުރާއްވަވާށިއެވެ. އަދި މި އަޅާއަށް ހިދާޔަތް ދައްކަށިއެވެ. އަދި މި އަޅާއަށް ތެދުމަގު ފަސޭހަކޮށް ދެއްވާށިއެވެ. އަދި މި އަޅާއަށް އަނިޔާވެރިވާ ބަޔެއްގެ މައްޗަށް މި އަޅާއަށް ނަސްރު ދެއްށިއެވެ. އަދި ގިނަގިނައިން އިބަ އިލާހައަށް ޝުކުރު ކުރާ، ގިނަގިނައިން އިބަ އިލާހު މަތިން ހަނދުނމަ ކުރާ، ގިނަގިނައިން އިބަ އިލާހައަށް ބިރުވެތިވާ، ގިނަގިނައިން އިބަ އިލާހައަށް ކިޔަމަންތެރިވާ، ގިނަގިނައިން އިބަ އިލާހައަށް ޚުޝޫއަތްތެރިވާ، ގިނަގިނައިން އިބަ އިލާހައަށް ދުއާ ކުރެއްވުން ގިނަ، ތައުބާވެ ރުޖޫއަވާ މީހެއް ކަމުގައި މި އަޅާ ލައްވާށިއެވެ. އަޅުގެ ރައްބެވެ. މި އަޅާގެ ތައުބާ ގަބޫލު ކުރައްވާށިއެވެ. އަދި މި އަޅާގެ ކުށްފާފަތައް ދޮވެ ފިއްލަވާށިއެވެ. އަދި މި އަޅާގެ ދުއާ އިޖާބަ ކުރައްވާށިއެވެ. އަދި މި އަޅާގެ ހުއްޖަތް ސާބިތު ކޮށްދެއްވާށިއެވެ. އަދި މި އަޅާގެ ދޫ ސީދާ ކުރައްވާށިއެވެ. އަދި މި އަޅާގެ ހިތަށް ހިދާޔަތް ދައްކަވާށިއެވެ. އަދި މި އަޅާގެ ހިތުގެ ކަޅުކަން ނެރެދެއްވާށިއެވެ.“,
جامع الترمذي,3575,قُلْ: “قُلْ هُوَ اللَّهُ أَحَدٌ”، وَالمُعَوِّذَتَيْنِ، حِينَ تُمْسِي وَتُصْبِحُ ثَلاَثَ مَرَّاتٍ، تَكْفِيكَ مِنْ كُلِّ شَيْءٍ,ހެނދުނުވާއިރު އަދި ހަވީރުވާއިރު ތިބާ قُلْ هُوَ اللَّهُ أَحَدٌ އަދި މުޢައްވިޛަތައިން (ނާސި އަދި ފަލަގި ސޫރަތް) 3 ފަހަރު ކިޔަވާށެވެ. ތިބާއަށް ހުރިހާކަމަކުން އެ ފުދިގެންވާނެއެވެ.,
جامع الترمذي,3584,حَدَّثَنَا نَصْرُ بْنُ عَلِيٍّ الْجَهْضَمِيُّ، قَالَ: أَخْبَرَنِي أَبِي، عَنِ الْمُثَنَّى بْنِ سَعِيدٍ، عَنْ قَتَادَةَ، عَنْ أَنَسٍ قَالَ: كَانَ النَّبِيُّ ﷺ إِذَا غَزَا قَالَ: اللَّهُمَّ أَنْتَ عَضُدِي وَأَنْتَ نَصِيرِي وَبِكَ أُقَاتِلُ. هَذَا حَدِيثٌ حَسَنٌ غَرِيبٌ.,އަނަސް ރިވާ ކުރެއްވިއެވެ: ނަބިއްޔާ ﷺ ހަނގުރާމަ ކުރައްވާ ނަމަ ޙަދީޘް ކުރައްވައެވެ: ”އޭ ﷲ އެވެ. އިބަ އިލާހީ މި އަޅާގެ ވާގިވެރިޔާއެވެ. އަދި އިބަ އިލާހީ މި އަޅާގެ މަދަދުވެރިޔާއެވެ. އަދި މި އަޅާ ހަނގުރާމަ ކުރަނީ ވެސް އިބަ އިލާހުގެ ވާގިފުޅުންނެވެ.“,
جامع الترمذي,3585,"أَنَّ النَّبِيَّ ﷺ قَالَ: ""خَيْرُ الدُّعَاءِ دُعَاءُ يَوْمِ عَرَفَةَ وَخَيْرُ مَا قُلْتُ أَنَا وَالنَّبِيُّونَ مِنْ قَبْلِي لاَ إِلَهَ إِلاَّ اللَّهُ وَحْدَهُ لاَ شَرِيكَ لَهُ لَهُ الْمُلْكُ وَلَهُ الْحَمْدُ وَهُوَ عَلَى كُلِّ شَيْءٍ قَدِيرٌ"".",ނަބިއްޔާ ﷺ ޙަދީޘް ކުރެއްވިއެވެ: ”އެންމެ ހެޔޮވެގެންވާ ދުއާއަކީ އަރަފާތް ދުވަހުގެ ދުއާއެވެ. އަދި ތިމަން ނަބިއްޔާއާއި ތިމަން ނަބިއްޔާގެ ކުރީގެ ނަބީބޭކަލުން ވިދާޅުވި އެންމެ ހެޔޮ ބަސްފުޅަކީ: لاَ إِلَهَ إِلاَّ اللَّهُ وَحْدَهُ لاَ شَرِيكَ لَهُ لَهُ الْمُلْكُ وَلَهُ الْحَمْدُ وَهُوَ عَلَى كُلِّ شَيْءٍ قَدِيرٌ އެވެ.“ (އެބަހީ: ﷲ މެނުވީ އަޅުކަން ކުރުން ހައްގުވާ އެހެން އެއްވެސް އިލާހަކު ނުވެއެވެ. އެ އިލާހު އެއްކައުވަންތަވެ ވޮޑިގެންވެއެވެ. އެ އިލާހާ އެއްވެސް ބައިވެރިއަކު ނުވެއެވެ. އެންމެހާ ވެރިކަމެއް ލިބިވޮޑިގެންވަނީ އެ އިލާހަށެވެ. އަދި އެންމެހާ ހަމްދެއް ލިބިވޮޑިގެންވަނީ އެ އިލާހަށެވެ. އަދި އެ އިލާހީ ހުރިހާ ކަމެއްގެ މައްޗަށް ކުޅަދުންވަންތަވެ ވޮޑިގެންވާ އިލާހެވެ.),
جامع الترمذي,3591,اللَّهُمَّ إِنِّي أَعُوذُ بِكَ مِنْ مُنْكَرَاتِ الْأَخْلَاقِ، وَالْأَعْمَالِ، وَالْأَهْوَاءِ,އޭ الله! އަޚްލާގްގައިވަނިވި ނަހީކުރަނިވި އެންމެހާ ސިފަތަކަކުންނާއި، ނަހީކުރަނިވި އެންމެހައި އަމަލުތަކުންނާއި، ނަހީކުރަނިވި ހަވާނަފްސުގެ އެންމެހާ އެދުންތަކުން ރައްކާތެރިކޮށްދެއްވުންއެދި އިބަ ﷲގެ ހަޒްރަތުން މިއަޅާ ދަންނަވަމެވެ.,
جامع الترمذي,3598,ثَلاَثَةٌ لاَ تُرَدُّ دَعْوَتُهُمُ الصَّائِمُ حَتَّى يُفْطِرَ وَالإِمَامُ الْعَادِلُ وَدَعْوَةُ الْمَظْلُومِ يَرْفَعُهَا اللَّهُ فَوْقَ الْغَمَامِ وَيَفْتَحُ لَهَا أَبْوَابَ السَّمَاءِ وَيَقُولُ الرَّبُّ وَعِزَّتِي لأَنْصُرَنَّكَ وَلَوْ بَعْدَ حِينٍ,ތިން މީހެއްގެ ދުޢާ ރައްދު ނުކުރެވޭނެއެވެ. ރޯދަވެރިޔާ ރޯދަވީއްލުމާ ހަމައަށާއި އަދުލުވެރި ވެރިޔާއެވެ. އަދި އަނިޔާލިބުނު މީހާގެ ދުޢާއެވެ. ﷲ އެ ދުޢާ ވިލާތަކުގެ މައްޗަށް އުފުއްލަވަތެވެ. އަދި އުޑުގެ ދޮރާށިތައް އެ ދުޢާތަކަށް ހުޅުއްވާދެއްވަތެވެ. އަދި الرَّبُّ ވަޙީކުރައްވަތެވެ: ތިމަންރަސްކަލާނގެ ޢިއްޒަތް ގަންދެއްވަމެވެ. ތިމަންރަސްކަލާނގެ ތިބާއަށް ނަސްރު ދެއްވާހުށީމެވެ. އެއީ ވަގުތުކޮޅެއްގެ ފަހުން ކަމުގައި ވިޔަސްމެއެވެ.,
جامع الترمذي,3747,أبُو بَكرٍ في الجَنَّةِ، وعُمرُ في الجَنَّةِ، وعُثمانُ في الجَنَّةِ، وعَليٌّ في الجَنَّةِ، وطَلحةُ في الجَنَّةِ، والزُّبَيرُ في الجَنَّةِ، وعَبدُ الرَّحمَنِ بنُ عَوفٍ في الجَنَّةِ، وسَعدٌ في الجَنةِ، وسَعيدٌ في الجَنَّةِ، وأبُو عُبيدةَ بنِ الجَرَّاحِ في الجَنَّةِ,އަބޫބަކުރު ވާހުށީ ސުވަރުގޭގައެވެ. ޢުމަރު ވާހުށީ ސުވަރުގޭގައެވެ. ޢުޘްމާން ވާހުށީ ސުވަރުގޭގައެވެ. ޢަލީ ވާހުށީ ސުވަރުގޭގައެވެ. ޠަލްޙާ ވާހުށީ ސުވަރުގޭގައެވެ. އައްޒުބައިރު ވާހުށި ސުވަރުގޭގައެވެ. ޢަބްދުއްރަޙްމާން ބުން ޢައުފް ވާހުށީ ސުވަރުގޭގައެވެ. ސަޢުދު (ބުން އަބީ ވައްގާޞް) ވާހުށީ ސުވަރުގޭގައެވެ. ސައީދު (ބިން ޒައިދު) ވާހުށީ ސުވަރުގޭގައެވެ. އަދި އަބޫ ޢުބައިދާ ބިން އަލްޖައްރާޙު ވާހުށީ ސުވަރުގޭގައެވެ.,
جامع الترمذي,3894,"عَنْ أَنَسٍ، قَالَ بَلَغَ صَفِيَّةَ أَنَّ حَفْصَةَ، قَالَتْ بِنْتُ يَهُودِيٍّ . فَبَكَتْ فَدَخَلَ عَلَيْهَا النَّبِيُّ ﷺ وَهِيَ تَبْكِي فَقَالَ "" مَا يُبْكِيكِ "" . فَقَالَتْ قَالَتْ لِي حَفْصَةُ إِنِّي بِنْتُ يَهُودِيٍّ . فَقَالَ النَّبِيُّ ﷺ "" إِنَّكِ لاَبْنَةُ نَبِيٍّ وَإِنَّ عَمَّكِ لَنَبِيٌّ وَإِنَّكِ لَتَحْتَ نَبِيٍّ فَفِيمَ تَفْخَرُ عَلَيْكِ "" . ثُمَّ قَالَ "" اتَّقِي اللَّهَ يَا حَفْصَةُ "" .",ޢާއިޝާ ރަޟިޔަﷲ ޢަންހުގެ އަރިހުން ރިވާވެގެންވާ ޙަދީޘްފުޅެއްގައި ވާގޮތުން، އެކަމަނާ ރަސޫލުﷲ ޞައްލަﷲ ޢަލައިހި ވަސައްލަމައާ ކައިވެނިބައްލަވައިގެންނެވީ އެކަމަނާގެ ޢުމުރުފުޅުން ހަތް އަހަރުފުޅުގައެވެ. އަދި ރަސޫލުﷲ ޞައްލަﷲ ޢަލައިހި ވަސައްލަމަ އެކަމަނާގެ ގާތަށް ވަޑައިގެން ރޭކުރައްވަންފެއްޓެވީ އެކަމަނާގެ ޢުރުފުޅުން ނުވަ އަހަރުފުޅުގައެވެ.(5) އޭރު އެކަމަނާ، އެކަމަނާޔާ އެއް ޢުމުރެއްގެ އެހެން ރަޙްމަތްތެރި އަންހެން ކުދިންނާއެކު ފޮތިން ހަދާފައިވާ ބުދު ބޭނުންކުރައްވައިގެން ކޫޅެހައްދަވެއެވެ. އަދި ރަސޫލުﷲ ޞައްލަﷲ ޢަލައިހި ވަސައްލަމަ އެކަމަނާގެ އަރިހަށް ވެދެވަޑައިގަތުމުން، އެކަމަނާގެ ރަޙްމަތްތެރިންތައް ފިލައެވެ. ނަމަވެސް ރަސޫލާ ޞައްލަﷲ ޢަލައިހި ވަސައްލަމަ ޢާއިޝާ ރަޟިޔަﷲ ޢަންހާއަށް އެ ކުދިންގެ ގާތަށް ވަޑައިގެން ކުޅުން ކުރިއަށް ގެންދެވުމަށް ވިދާޅުވާކަމުގައިވެއެވެ.,
جامع الترمذي,5057,نْ عِرْبَاضِ بْنِ سَارِيَةَ رضي الله عنه : أَنَّ رَسُولَ اللَّهِ صَلَّى اللهُ عَلَيْهِ وَسَلَّمَ كَانَ يَقْرَأُ الْمُسَبِّحَاتِ قَبْلَ أَنْ يَرْقُدَ ، وَقَالَ : ( إِنَّ فِيهِنَّ آيَةً أَفْضَلُ مِنْ أَلْفِ آيَةٍ ),ނަބިއްޔާ ﷺ އަވަހާރަފުޅުލެއްޕެވުމުގެ ކުރިން، މުސައްބަޙާތު (އެބަހީ: އިސްރާ، ޙަދީދު، ޙަޝްރު، ޞައްފު، ޖުމްޢާ، ތަޣާބުން، އަޢުލާ، މި ސޫރަތްތައް) ކިޔަވާ ވިދާޅުވެއެވެ. އަދި ޙަދީޘް ކުރައްވައެވެ: ހަމަކަށަވަރުން އެ (ސޫރަތްތަކުގައި)، އެއް ހާސް އާޔަތަށް ވުރެ ހެޔޮކަން ބޮޑު އާޔަތެއް ވެއެވެ.“ [الترمذي 5057],
جامع الترمذي,5668,حَدَّثَنَا مُوسَى بْنُ إِسْمَاعِيلَ: حَدَّثَنَا عَبْدُ الْعَزِيزِ بْنُ عَبْدِ اللهِ بْنِ أَبِي سَلَمَةَ : أَخْبَرَنَا الزُّهْرِيُّ ، عَنْ عَامِرِ بْنِ سَعْدٍ ، عَنْ أَبِيهِ قَالَ: جَاءَنَا رَسُولُ اللهِ صَلَّى اللهُ عَلَيْهِ وَسَلَّمَ يَعُودُنِي مِنْ وَجَعٍ اشْتَدَّ بِي زَمَنَ حَجَّةِ الْوَدَاعِ ، فَقُلْتُ: بَلَغَ بِي مَا تَرَى وَأَنَا ذُو مَالٍ ، وَلَا يَرِثُنِي إِلَّا ابْنَةٌ لِي ، أَفَأَتَصَدَّقُ بِثُلُثَيْ مَالِي؟ قَالَ: لَا . قُلْتُ: بِالشَّطْرِ ؟ قَالَ: لَا ، قُلْتُ: الثُّلُثُ؟ قَالَ: الثُّلُثُ كَثِيرٌ ، أَنْ تَدَعَ وَرَثَتَكَ أَغْنِيَاءَ خَيْرٌ مِنْ أَنْ تَذَرَهُمْ عَالَةً يَتَكَفَّفُونَ النَّاسَ ، وَلَنْ تُنْفِقَ نَفَقَةً تَبْتَغِي بِهَا وَجْهَ اللهِ إِلَّا أُجِرْتَ عَلَيْهَا ، حَتَّى مَا تَجْعَلُ فِي فِي امْرَأَتِكَ .,ސަޢުދު ބިން އަބީ ވައްގާޞް رَضِيَ اللَّهُ عَنْهُ ރިވާ ކުރެއްވިއެވެ: ޙައްޖަތުލް ވަދާޢުގެ އަހަރުގައި ތިމަންނަ އާލާސްކަމުގައި އިންނެވުމައި ގުޅިގެން، ރަސޫލު ﷲ ﷺ ތިމަންނައަށް ޒިޔާރާތް ކުރެއްވިއެވެ. ތިމަން ދެންނެވީމެވެ: (މި އާލާސްކަމުގައި) އިބަ ނަބިއްޔާއަށް ފެނުވަޑައިގަންނަވާ ހިސާބަށް (ތިމަންނަގެ ހާލު ދެރަވެއްޖެއެވެ.) އަދި ތިމަންނައީ މުދާވެރިއަކަށްވެފައި، އަންހެން ދަރިއަކު ފިޔަވައި އެހެން ބަޔަކު ތިމަންނަގެ ފަރާތުން ވާރުތަ ނުކުރާނެއެވެ. ވީމާ ތިމަންނަގެ މުދަލުގެ ތިންބައި ކުޅަ ދެބައި ޞަދަގާތް ކުރަންތޯއެވެ؟ ނަބިއްޔާ ޙަދީޘް ކުރެއްވިއެވެ: ”ނޫނެކެވެ.“ ތިމަން ދެންނެވީމެވެ: ދެބައި ކުޅަ އެއްބައި ކުރަންތޯއެވެ؟ ނަބިއްޔާ ޙަދީޘް ކުރެއްވިއެވެ: ”ނޫނެކެވެ.“ ތިމަން ދެންނެވީމެވެ: ތިންބައި ކުޅަ އެއްބައި ކުރަންތޯއެވެ؟ ނަބިއްޔާ ޙަދީޘް ކުރެއްވިއެވެ: ”(ތިންބައި ކުޅަ އެއްބައި ކުރެވިދާނެއެވެ.) ތިން ބައި ކުޅަ އެއްބަޔަކީ ވެސް ގިނަ އަދަދެކެވެ. ހަމަކަށަވަރުން ތިބާގެ ވާރުތަވެރިން ފަގީރުކަންމަތީ އެހެން މީހުންގެ ކިބައިން ސަލާންޖަހަން ދޫކޮށްލުމަށް ވުރެ، އެބައިމީހުން ތަނަސްކަންމަތީ ދޫކުރުން މާ ހެޔޮވެގެންވެއެވެ. އަދި ހަމަކަށަވަރުން ﷲގެ ވަޖްހުފުޅު އަދައިގެން ތިބާ ކުރާ އެއްވެސް ހޭދައަކަށް، ހެޔޮ ޖަޒާލިބިގެން މެނުވީ ނުދާނެއެވެ. އެއީ ތިބާގެ އަނބިމީހާގެ އަނގައަށް ލަވާ ކާއެތިކޮޅަށް ދާންދެން ވެސްމެއެވެ.“,
جامع الترمذي,3604h,"قَالَ كَانَ رَسُولُ اللَّهِ صلى الله عليه وسلم يَدْعُو فَيَقُولُ ‏ ""‏ اللَّهُمَّ مَتِّعْنِي بِسَمْعِي وَبَصَرِي وَاجْعَلْهُمَا الْوَارِثَ مِنِّي وَانْصُرْنِي عَلَى مَنْ يَظْلِمُنِي وَخُذْ مِنْهُ بِثَأْرِي ‏""‏ ‏.‏ هَذَا حَدِيثٌ حَسَنٌ غَرِيبٌ مِنْ هَذَا الْوَجْهِ ‏.‏",އޭ ﷲ އެވެ. މި އަޅާގެ އިވުމާއި، ފެނުމާއި، ބާރުން މި އަޅާއަށް މަންފާއާއި އުފާލިބޭ ގޮތް މެދުވެރިކުރައްވާށިއެވެ. އަދި އެ ކަންކަން މި އަޅާ މަރުވުމަށް ދާންދެން ދަމަހައްޓަވާށިއެވެ. އަދި މި އަޅާއަށް އަނިޔާވެރިވީ މީހެއްގެ މައްޗަށް މި އަޅާއަށް ނަސްރު ދެއްވާށިއެވެ. އަދި އެ މީހެއްގެ ކިބައިން މި އަޅާގެ ބަދަލުހިފުން ހިއްޕަވާށިއެވެ.,