#,headAR,bodyAR,headDV,bodyDV,footAR,footDV,headEN-HDN,bodyEN-HDN
1,١ - أَذْكَارُ الاسْتِيقَاظِ مِنَ النَّومِ,١ - الْحَمْدُ للَّهِ الَّذِي أَحْيَانَا بَعْدَ مَا أَمَاتَنَا، وَإِلَيْهِ النُّشُورُ,𝟣 - ހޭލައިގެން ކިޔާ ޒިކުރުތައް,އެންމެހާ ހަމްދު ތައުރީފެއް ހައްގުވެގެންވަނީ ﷲ އަށެވެ. އެ އިލާހީ އަޅަމެން މަރުގެންނެވުމަށްފަހު، އަޅަމެންނަށް ދިރުން ދެއްވި އިލާހެވެ. އަދި (ކައްވަޅުތަކުން) ތެދުވެގެން ދިޔުންވަނީ އެ އިލާހުގެ ހަޒްރަތަށެވެ.,البخاري 6314، ومسلم 2711,ބުޚާރީ 6314، މުސްލިމް 2711,𝟣 When waking up,Praise is to Allah Who gives us life after He has caused us to die and to Him is the return.
2,١ - أَذْكَارُ الاسْتِيقَاظِ مِنَ النَّومِ,٢ - لَا إِلَهَ إِلاَّ اللَّهُ وَحْدَهُ لَا شَريكَ لَهُ، لَهُ الْمُلْكُ وَلَهُ الْحَمْدُ، وَهُوَ عَلَى كُلِّ شَيْءٍ قَدِيرٌ، سُبْحَانَ اللَّهِ، وَالْحَمْدُ للَّهِ، وَلَا إِلَهَ إِلاَّ اللَّهُ، وَاللَّهُ أَكبَرُ، وَلَا حَوْلَ وَلَا قُوَّةَ إِلاَّ بِاللَّهِ الْعَلِيِّ الْعَظِيمِ، رَبِّ اغْفرْ لِي,𝟣 - ހޭލައިގެން ކިޔާ ޒިކުރުތައް,ﷲ މެނުވީ އަޅުކަންވެވުން ހައްގުވެގެންވާ އެހެން އެއްވެސް އިލާހަކުނުވެއެވެ. އެ އިލާހީ އެ އިލާހަށް އެއްވެސް ޝަރީކަކުނުވާ އެއްކައުވަންތަ އިލާހެވެ. އެންމެހާ ވެރިކަމެއްވަނީ އެ އިލާހަށެވެ. އަދި އެންމެހާ ހަމްދު ތައުރީފެއްވެސްވަނީ އެ އިލާހަށެވެ. އަދި އެ އިލާހީ ކޮންމެކަމެއްގެ މައްޗަށް ކުޅަދުންވަންތަ އިލާހެވެ. ﷲ ހުރިހާ ޢައިބަކުން ހުސްތާހިރުވެ ވޮޑިގެންވެއެވެ. އަދި އެންމެހާ ހަމްދު ތައުރީފެއް ލިބިވޮޑިގެންވަނީ ﷲ އަށެވެ. އަދި ﷲ މެނުވީ އަޅުކަންވެވުން ހައްގުވެގެންވާ އެހެން އެއްވެސް އިލާހަކުނުވެއެވެ. އަދި އެންމެބޮޑީ ﷲ އެވެ. އަދި ހެޔޮކަމެއް ކުރުމުގެ ބާރެއްވެސް އަދި ނުބައިކަމަކުން ސަލާމަތްވުމުގެ ބާރެއްވެސް، މަތިވެރި ﷲ ގެ ހަޒްރަތުން މެނުވީ ނުވެއެވެ. އަޅުގެ ރައްބެވެ! މި އަޅާގެ ފާފަފުއްސަވާނދޭވެ!,البخاري 1154، وغيره، واللفظ لابن ماجه,,𝟣 When waking up,"There is none worthy of worship but Allah alone, Who has no partner, His is the dominion and to Him belongs all praise, and He is able to do all things. Glory is to Allah. Praise is to Allah. There is none worthy of worship but Allah. Allah is the Most Great. There is no might and no power except by Allah's leave, the Exalted, the Mighty. My Lord, forgive me."
3,١ - أَذْكَارُ الاسْتِيقَاظِ مِنَ النَّومِ,٣ - الْحَمْدُ لِلَّهِ الَّذِي عَافَانِي فِي جَسَدِي، وَرَدَّ عَلَيَّ رُوحِي، وَأَذِنَ لي بِذِكْرِهِ,𝟣 - ހޭލައިގެން ކިޔާ ޒިކުރުތައް,އެންމެހާ ހަމްދު ތައުރީފެއް ހައްގުވެގެންވަނީ ﷲ އަށެވެ. އެ އިލާހީ މި އަޅާގެ ހަށިގަނޑަށް ފުރިހަމަ އާފިޔަތު ދެއްވައި އަދި މި އަޅާގެ ފުރާނަ އަލުން މި އަޅާއަށް ދެއްވައި އަދި އެ އިލާހަށް ޒިކުރުކުރުމުގެ ހުއްދަ މި އަޅާއަށް ދެއްވި އިލާހެވެ.,الترمذي 3401,,𝟣 When waking up,Praise is to Allah Who gave strength to my body and returned my soul to me and permitted me to remember Him.
4,١ - أَذْكَارُ الاسْتِيقَاظِ مِنَ النَّومِ,٤ - إِنَّ فِي خَلْقِ السَّمَوَاتِ وَالأَرْضِ وَاخْتِلاَفِ اللَّيْلِ وَالنَّهَارِ لَآيَاتٍ لأُوْلِي الألْبَابِ * الَّذِينَ يَذْكُرُونَ اللَّهَ قِيَاماً وَقُعُوداً وَعَلَىَ جُنُوبِهِمْ وَيَتَفَكَّرُونَ فِي خَلْقِ السَّمَوَاتِ وَالأَرْضِ رَبَّنَا مَا خَلَقْتَ هَذا بَاطِلاً سُبْحَانَكَ فَقِنَا عَذَابَ النَّارِ* رَبَّنَا إِنَّكَ مَن تُدْخِلِ النَّارَ فَقَدْ أَخْزَيْتَهُ وَمَا لِلظَّالِمِينَ مِنْ أَنصَارٍ* رَّبَّنَا إِنَّنَا سَمِعْنَا مُنَادِياً يُنَادِي لِلإِيمَانِ أَنْ آمِنُواْ بِرَبِّكُمْ فَآمَنَّا رَبَّنَا فَاغْفِرْ لَنَا ذُنُوبَنَا وَكَفِّرْ عَنَّا سَيِّئَاتِنَا وَتَوَفَّنَا مَعَ الأبْرَارِ* رَبَّنَا وَآتِنَا مَا وَعَدتَّنَا عَلَى رُسُلِكَ وَلَا تُخْزِنَا يَوْمَ الْقِيَامَةِ إِنَّكَ لَا تُخْلِفُ الْمِيعَادَ * فَاسْتَجَابَ لَهُمْ رَبُّهُمْ أَنِّي لَا أُضِيعُ عَمَلَ عَامِلٍ مِّنكُم مِّن ذَكَرٍ أَوْ أُنثَى بَعْضُكُم مِّن بَعْضٍ فَالَّذِينَ هَاجَرُواْ وَأُخْرِجُواْ مِن دِيَارِهِمْ وَأُوذُواْ فِي سَبِيلِي وَقَاتَلُواْ وَقُتِلُواْ لأُكَفِّرَنَّ عَنْهُمْ سَيِّئَاتِهِمْ وَلأُدْخِلَنَّهُمْ جَنَّاتٍ تَجْرِي مِن تَحْتِهَا الأَنْهَارُ ثَوَاباً مِّن عِندِ اللَّهِ وَاللَّهُ عِندَهُ حُسْنُ الثَّوَابِ * لَا يَغُرَّنَّكَ تَقَلُّبُ الَّذِينَ كَفَرُواْ فِي الْبِلاَدِ * مَتَاعٌ قَلِيلٌ ثُمَّ مَأْوَاهُمْ جَهَنَّمُ وَبِئْسَ الْمِهَادُ * لَكِنِ الَّذِينَ اتَّقَوْاْ رَبَّهُمْ لَهُمْ جَنَّاتٌ تَجْرِي مِنْ تَحْتِهَا الأَنْهَارُ خَالِدِينَ فِيهَا نُزُلاً مِّنْ عِندِ اللَّهِ وَمَا عِندَ اللَّهِ خَيْرٌ لِّلأَبْرَارِ * وَإِنَّ مِنْ أَهْلِ الْكِتَابِ لَمَن يُؤْمِنُ بِاللَّهِ وَمَا أُنزِلَ إِلَيْكُمْ وَمَآ أُنزِلَ إِلَيْهِمْ خَاشِعِينَ لِلَّهِ لَا يَشْتَرُونَ بِآيَاتِ اللَّهِ ثَمَناً قَلِيلاً أُوْلَئِكَ لَهُمْ أَجْرُهُمْ عِندَ رَبِّهِمْ إِنَّ اللَّهَ سَرِيعُ الْحِسَابِ*يَا أَيُّهَا الَّذِينَ آمَنُواْ اصْبِرُواْ وَصَابِرُواْ وَرَابِطُواْ وَاتَّقُواْ اللَّهَ لَعَلَّكُمْ تُفْلِحُونَ,𝟣 - ހޭލައިގެން ކިޔާ ޒިކުރުތައް,ހަމަކަށަވަރުން އުޑުތަކާއި ބިން ހެއްދެވުމުގައްޔާއި، އަދި ރޭދުވާ ތަފާތުވުމުގައި ބުއްދިވެރީންނަށް ހުރި ހެކިތަކެއްވެއެވެ. އެބައިމީހުންނަކީ ކޮޅަށް ތިބެގެންނާއި، އިށީނދެ ތިބެގެންނާއި، އަރިމައްޗަށް އޮށޯވެ ތިބެގެން ﷲ ހަނދުމަކޮށް، އަދި އުޑުތަކާއި ބިން ހެއްދެވުމާމެދު ފިކުރުކުރާ މީހުންނެވެ. (އެބައިމީހުން ދަންނަވަތެވެ.) އޭ އަޅަމެން ހައްދަވައި ބޮޑުކުރެއްވި ރަސްކަލާކޮ! އިބަ އިލާހު މި ތަކެތި ހައްދަވާފައިވަނީ ބާތިލުގޮތެއްގައެއް ނޫނެވެ. އިބަ އިލާހު ހުސްތާހިރުވަންތަވެ ވޮޑިގެންވެއެވެ. ފަހެ ނަރަކައިގެ އަޒާބުން އަޅަމެން ދިންނަވާނދޭވެ! އޭ އަޅަމެން ހައްދަވައި ބޮޑުކުރެއްވި ރަސްކަލާކޮ! ހަމަކަށަވަރުން އިބަ އިލާހު ނަރަކައަށް ވައްދަވައިފި މީހާ، ފަހެ އިބަ އިލާހު އެ މީހާ ނިކަމެތިކުރައްވައިފިކަން ކަށަވަރެވެ. އަދި އަނިޔާވެރިންނަށް މަދަދެއްކުރާނެ އެއްވެސް ފަރާތެއް ނުވެއެވެ. އޭ އަޅަމެން ހައްދަވައި ބޮޑުކުރެއްވި ރަސްކަލާކޮ! ހަމަކަށަވަރުން އީމާންވުމަށް ގޮވައިލައްވާ ބޭކަލަކު (އެބަހީ: ރަސޫލަކު) ތިޔަބައިމީހުން، ތިޔަބައިމީހުންގެ ރައްބަށް އިމާންވާށޭ ގޮވައިލައްވާ އަޑު އަޅަމެން އެހީމުއެވެ. ދެން އަޅަމެން އީމާންވީމުއެވެ. އޭ އަޅަމެން ހައްދަވައި ބޮޑުކުރެއްވި ރަސްކަލާކޮ! އަޅަމެންނަށް އަޅަމެންގެ ފާފަތައް ފުއްސަވާނދޭވެ! އަދި އަޅަމެންގެ ކިބައިން އަޅަމެންގެ ކުށްތައް އަފޫ ކުރައްވާނދޭވެ! އަދި ހެޔޮލަފާ މީހުންނާ އެކުގައި އަޅަމެން މަރުގަންނަވާނދޭވެ! އޭ އަޅަމެން ހައްދަވައި ބޮޑުކުރެއްވި ރަސްކަލާކޮ! އިބަ އިލާހުގެ ރަސޫލުންގެ ދޫފުޅު މަތިން އަޅަމެންނަށް ވައުދު ކުރެއްވި އެއްޗެއް އަޅަމެންނަށް ދެއްވާނދޭވެ! އަދި ގިޔާމަތް ދުވަހުގައި އަޅަމެން ނިކަމެތި ނުކުރައްވާނދޭވެ! ހަމަކަށަވަރުން އިބަ އިލާހުގެ ވައުދުފުޅާ ޚިލާފުވެ ވޮޑިއެއް ނުގަންނަވަމުއެވެ. ދެން އެބައިމީހުންގެ ރައްބު އެބައިމީހުންނަށް (އެބައިމީހުންގެ) ދުއާ އިޖާބަކުރެއްވިއެވެ. ތިޔަބައިމީހުންގެ ތެރެއިން ފިރިހެނުންކުރެ ނުވަތަ އަންހެނުންކުރެ، އަމަލުކުރާ މީހެއްގެ އަމަލު ހަމަކަށަވަރުން ތިމަން ﷲ ގެއްލެނި ނުކުރައްވާހުށީމެވެ. ތިޔަބައިމީހުންކުރެ އެއްބަޔަކީ އަނެއްބަޔެއްގެ ކިބައިންވާ ބަޔެކެވެ. ފަހެ ހިޖުރަކޮށް އަދި ގެދޮރުން ނެރެވި އަދި ތިމަން ﷲ ގެ މަގުގައި އުނދަގޫތައްޖެހި އަދި ހަނގުރާމަކޮށް ޝަހީދުވީ މީހުންގެ ކިބައިން އެބައިމީހުންގެ ކުށްފާފަތައް ހަމަކަށަވަރުން ތިމަން ﷲ އަފޫކުރައްވާހުށީމެވެ. އަދި އެ ތަންތާނގެ ދަށުން އާރުތައް ހިނގަހިނގައި ހުންނަ ސުވަރުގެތަކަށް ހަމަކަށަވަރުން ތިމަން ﷲ އެބައިމީހުން ވައްދަވާހުށީމެވެ. އެއީ ﷲ ގެ ހަޒްރަތުންވާ ސަވާބެއްގެ ގޮތުގައެވެ. ކާފިރުވި މީސްތަކުން ރަށްރަށުގައި އެގޮތް މިގޮތަށް އެ އުޅޭއުޅުން ކަލޭގެފާނު ހެއްލުންތެރިކުރިޔަ ނުދޭހުށިކަމެވެ. (އެބަހީ އެމީހުން އެ އުޅޭއުޅުން އެއީ) ވަގުތީ ކުޑަކުޑަ އަރާމެކެވެ. ދެން އެބައިމީހުންގެ ނިމުންވާ ތަނަކީ ނަރަކައެވެ. އެ ތަންމަތީގެ ހުރި ނުބައިކަމާއެވެ! އެކަމަކު އެބައިމީހުންގެ ރައްބަށް ތަގްވާވެރިވި މީހުންނަށްޓަކައި އެތަންތާނގެ ދަށުން އާރުތައް ހިނގަހިގައި ހުންނަ ސުވަރުގެތައް ވެއެވެ. އެތާނގައި އެމީހުން ދެމިތިބޭނެތެވެ. އެއީ ﷲ ގެ ހަޒްރަތުންވާ މެހުމާންދާރީއެއްގެ ގޮތުގައެވެ. ﷲ ގެ ހަޒްރަތުގައިވާ ތަކެތި ހެޔޮލަފާ މީހުންނަށް މާ ހެޔޮވެގެން ވެއެވެ. އަދި ހަމަކަށަވަރުން އަހުލުކިތާބީންގެ ތެރެއިން ﷲ އަށާއި، ތިޔަބައިމީހުންނަށް ބާވައިލެއްވުނު ގުރްއާނަށާއި، އަދި އެބައިމީހުންނަށް ބާވައިލެއްވުނު ތައުރާތަށާއި، އިންޖީލަށް، ﷲ އަށް މަޑުމޮޅިވެގެންވާ ޙާލު، އީމާންވާ މީހުންވެއެވެ. އެބައިމީހުން ﷲ ގެ އާޔަތްތައް ކުޑަކުޑަ އަގަކަށް ވިއްކައެއްނުލައެވެ. އެބައިމީހުންގެ ރައްބުގެ ހަޒްރަތުން އެބައިމީހުންގެ އަޖުރު އެބައިމީހުންނަށް ހުއްޓެވެ. ހަމަކަށަވަރުން ﷲ އީ ހިސާބު ބެއްލެވުން އަވަސްވެވޮޑިގެންވާ އިލާހެވެ. އޭ އީމާންވެއްޖެ މީސްތަކުންނޭވެ! ތިޔަބައިމީހުން ކެތްކުރާށެވެ. އަދި ދުޝްމިނުންނާ ކުރިމަތިލައި ހަނގުރާމަކުރާއިރު ކެތްކުރާށެވެ. އަދި ދުޝްމިނުން ހަނގުރާމައަށް އަތުވެދާނެކަމަށް ތައްޔާރުވާށެވެ. އަދި ތިޔަބައިމީހުން ﷲ އަށް ތަގްވާވެރިވާށެވެ. އެއީ ތިޔަބައިމީހުންނަށް ކާމިޔާބުލިބޭތޯއެވެ.,سورة آل عمران 190-200، البخاري 4569، ومسلم 256,,𝟣 When waking up,"Indeed, in the creation of the heavens and the earth and the alternation of the day and night there are signs for people of reason. ˹They are˺ those who remember Allah while standing, sitting, and lying on their sides, and reflect on the creation of the heavens and the earth ˹and pray˺, “Our Lord! You have not created ˹all of˺ this without purpose. Glory be to You! Protect us from the torment of the Fire. Our Lord! Indeed, those You commit to the Fire will be ˹completely˺ disgraced! And the wrongdoers will have no helpers. Our Lord! We have heard the caller to ˹true˺ belief, ˹proclaiming,˺ ‘Believe in your Lord ˹alone˺,’ so we believed. Our Lord! Forgive our sins, absolve us of our misdeeds, and allow us ˹each˺ to die as one of the virtuous. Our Lord! Grant us what You have promised us through Your messengers and do not put us to shame on Judgment Day—for certainly You never fail in Your promise.” So their Lord responded to them: “I will never deny any of you—male or female—the reward of your deeds. Both are equal in reward. Those who migrated or were expelled from their homes, and were persecuted for My sake and fought and ˹some˺ were martyred—I will certainly forgive their sins and admit them into Gardens under which rivers flow, as a reward from Allah. And with Allah is the finest reward!” Do not be deceived by the prosperity of the disbelievers throughout the land. It is only a brief enjoyment. Then Hell will be their home—what an evil place to rest! But those who are mindful of their Lord will be in Gardens under which rivers flow, to stay there forever—as an accommodation from Allah. And what is with Allah is best for the virtuous. Indeed, there are some among the People of the Book who truly believe in Allah and what has been revealed to you ˹believers˺ and what was revealed to them. They humble themselves before Allah—never trading Allah’s revelations for a fleeting gain. Their reward is with their Lord. Surely Allah is swift in reckoning. O believers! Patiently endure, persevere, stand on guard, and be mindful of Allah, so you may be successful."
5,٢ - دُعَاءُ لُبْسِ الثَّوْبِ,٥ - الْحَمْدُ للَّهِ الَّذِي كَسَانِي هَذَا (الثَّوْبَ) وَرَزَقَنِيهِ مِنْ غَيْرِ حَوْلٍ مِنِّي وَلَا قُوَّة ...,𝟤 - ހެދުން ލަމުން ކިޔާ ދުއާ,އެންމެހާ ހަމްދު ތައުރީފެއް ހައްގުވެގެންވަނީ ﷲ އަށެވެ. އެ އިލާހީ މި ހެދުން މި އަޅާ ލެއްވެވި އިލާހެވެ. އަދި މި އަޅާގެ އެއްވެސް ބާރަކާނުލައި މި ހެދުން މި އަޅާއަށް ދެއްވި އިލާހެވެ.,أبو داود 4023، والترمذي 3458، وابن ماجه 3285,,𝟤 When wearing a garment,"Praise is to Allah Who has clothed me with this (garment) and provided it for me, though I was powerless myself and incapable"
6,٣ - دُعَاءُ لُبْسِ الثَّوْبِ الجَدِيدِ,٦ - اللَّهُمَّ لَكَ الْحَمْدُ أَنْتَ كَسَوْتَنِيهِ، أَسْأَلُكَ مِنْ خَيْرِهِ وَخَيْرِ مَا صُنِعَ لَهُ، وَأَعُوذُ بِكَ مِنْ شَرِّهِ وَشَرِّ مَا صُنِعَ لَهُ,𝟥 - އާ ހެދުން ލަމުން ކިޔާ ދުއާ,ޔާ ﷲ! އެންމެހާ ހަމްދު ތައުރީފެއް ހައްގުވެގެންވަނީ އިބަ ﷲ އަށެވެ. މިހެދުން މި އަޅާ ލެއްވެވީ އިބަ ﷲ އެވެ. މިހެދުމުގައިވާ ހެޔޮކަމާއި އަދި އެކަމަކަށްޓަކައި މިހެދުން އުފެއްދެވުނުކަމުގެ ހެޔޮކަން ދެއްވުމަށްއެދި މި އަޅާ އިބަ ﷲ ގެ ހަޒްރަތުން ދަންނަވަމެވެ. އަދި މިހެދުމުގައިވާ ނުބައިކަމަކާ އަދި އެކަމަކަށްޓަކައި މިހެދުން އުފެއްދެވުނުކަމުގެ ނުބައިކަމުން ރައްކައުތެރިކޮށްދެއްވުމަށްއެދި މި އަޅާ އިބަ ﷲ ގެ ހަޒްރަތުން ދަންނަވަމެވެ. ދަންނަވަމެވެ.,أبو داود 4020، والترمذي 1767,,𝟥 When wearing a new garment,"O Allah, praise is to You. You have clothed me. I ask You for its goodness and the goodness of what it has been made for, and I seek Your protection from the evil of it and the evil of what it has been made for."
7,٤ - الدُّعَاءُ لِمَنْ لَبِسَ ثَوْباً جَدِيداً,٧ - تُبْلِي وَيُخْلِفُ اللَّهُ تَعَالَى,𝟦 - އާ ހެދުމެއް ލީ މީހަކަށް ކޮށްދޭ ދުއާ,ތިބާ އެ ބާކުރެއެވެ. އަދި ﷲ ތަޢާލާ އޭގެ ބަދަލު އަލުން ދެއްވަތެވެ.,أبو داود 4020,,𝟦 To someone wearing a new garment,May Allah replace it when it is worn out.
8,٤ - الدُّعَاءُ لِمَنْ لَبِسَ ثَوْباً جَدِيداً,٨ - اِلْبَسْ جَدِيداً وَعِشْ حَمِيداً وَمُتْ شَهِيداً,𝟦 - އާ ހެދުމެއް ލީ މީހަކަށް ކޮށްދޭ ދުއާ,އައު ހެދުންލާށެވެ. އަދި ހަމްދުކުރާ މީހެއްގެ ގޮތުގައި ދިރިއުޅޭށެވެ. އަދި ޝަހީދެއްގެ ގޮތުގައި މަރުވާށެވެ.,ابن ماجه 3558,,𝟦 To someone wearing a new garment,"Put on new clothes, live a praise-worthy life and die as a martyr."
9,٥ - مَا يَقُولُ إِذَا وَضَعَ ثَوْبَهُ,٩ - بِسْمِ اللَّهِ,𝟧 - ހެދުން ބާލަމުން ކިޔާ ދުއާ,ﷲ ގެ އިސްމުފުޅުގެ ބަރަކާތުން މި ހެދުން ބައިލަމެވެ.,الترمذي 606، وغيره,,𝟧 Before undressing,In the Name of Allah.
10,٦ - دُعَاءُ دُخُولِ الْخَلاءِ,١٠ - [بِسْمِ اللَّهِ] اللَّهُمَّ إِنِّي أَعُوذُ بِكَ مِنَ الْخُبْثِ وَالْخَبائِث,𝟨 - ފާހާނާއަށް ވަނުމުގެ ކުރިން ކިޔާ ދުއާ,(މާތް ﷲ ގެ އިސްމުފުޅުގެ ބަރަކާތުން ވަންނަމެވެ.) ޔާ ﷲ! ހަމަކަށަވަރުން ނުބައިވެގެންވާ ފިރިހެން ޝައިތާނުންނާއި އަންހެން ޝައިތާނުންގެ ކިބައިން، މި އަޅާ ރައްކާތެރި ކޮށްދެއްވުން އެދި އިބަ އިލާހުގެ ހަޒްރަތަށް ދަންނަވަމެވެ.,البخاري 142، ومسلم 375، وزيادة: (بسم الله) في أوله أخرجها سعيد بن منصور.,,𝟨 Before entering the bathroom,"[In the Name of Allah]. O Allah, I seek protection in You from evil and the evil ones (or, from the evil male and female Jinn)."
11,٧ - دُعَاءُ الْخُرُوجِ مِنَ الْخَلاَءِ,١١ - غُفْرَانَكَ,𝟩 - ފާހާނާއިން ނުކުތުމަށް ފަހު ކިޔާ ދުއާ,މި އަޅާ އިބަ އިލާހުގެ ހަޒްރަތުން ފާފަ ފުއްސަވައިދެއްވުމަށް އެދި ދަންނަވަމެވެ.,أبو داود 30، والترمذي 7، وابن ماجه 300,,𝟩 After leaving the bathroom,I seek Your forgiveness.
12,٨ - الذِّكْرُ قَبْلَ الْوُضُوءِ,١٢ - بِسْمِ اللَّهِ,𝟪 - ވުޟޫކުރުމުގެ ކުރިން ކިޔާ ދުއާ,ﷲ ގެ އިސްމުފުޅުން ފަށަމެވެ.,أبو داود 101، وابن ماجه 397، وأحمد 9418,,𝟪 Before ablution,In the Name of Allah
13,٩ - الذِّكْرُ بَعْدَ الْفَرَاغِ مِنَ الْوُضُوءِ,١٣ - أَشْهَدُ أَنْ لَا إِلَهَ إِلاَّ اللَّهُ وَحْدَهُ لَا شَرِيكَ لَهُ وَأَشْهَدُ أَنَّ مُحَمَّداً عَبْدُهُ وَرَسُولُهُ ..,𝟫 - ވުޟޫކުރުމަށް ފަހު ކިޔާ ދުއާ,ﷲ މެނުވީ އަޅުކަންވެވުން ހައްގުވެގެންވާ އެހެން އެއްވެސް އިލާހަކު ނުވާކަމަށް މި އަޅާ ހެކިވަމެވެ. އަދި އެ އިލާހީ އެއްކައުވަންތަ އިލާހެވެ. އަދި އެ އިލާހަށް އެއްވެސް ބައިވެރިއަކު ނުވެއެވެ. އަދި މުޙައްމަދުގެފާނީ އެ އިލާހުގެ އަޅާކަމަށާއި އެ އިލާހުގެ ރަސޫލާކަމަށްވެސް މި އަޅާ ހެކިވަމެވެ.,مسلم 234,,𝟫 Upon completing the ablution,"I bear witness that none has the right to be worshipped but Allah alone, Who has no partner; and I bear witness that Muhammad is His slave and His Messenger."
14,٩ - الذِّكْرُ بَعْدَ الْفَرَاغِ مِنَ الْوُضُوءِ,١٤ - اللَّهُمَّ اجْعَلْنِي مِنَ التَّوَّابِينَ وَاجْعَلْنِي مِنَ الْمُتَطَهِّرِينَ,𝟫 - ވުޟޫކުރުމަށް ފަހު ކިޔާ ދުއާ,ޔާ ﷲ! ތައުބާވާ މީސްތަކުންނާއި ތާހިރުވާ މީސްތަކުންގެ ތެރެއިން މި އަޅާ ލައްވާނދޭވެ!,الترمذي 55,,𝟫 Upon completing the ablution,"O Allah, make me among those who turn to You in repentance, and make me among those who are purified."
15,٩ - الذِّكْرُ بَعْدَ الْفَرَاغِ مِنَ الْوُضُوءِ,١٥ - سُبْحانَكَ اللَّهُمَّ وَبِحَمْدِكَ، أَشْهَدُ أَنْ لَا إِلَهَ إِلاَّ أَنْتَ، أَسْتَغْفِرُكَ وَأَتوبُ إِلَيْكَ,𝟫 - ވުޟޫކުރުމަށް ފަހު ކިޔާ ދުއާ,އިބަ ﷲ ގެ ހުސްތާހިރުވަންތަކަމާއެވެ! ޔާ ﷲ! އަދި އެންމެހާ ހަމްދު ތައުރީފެއް އިބަ ﷲ އަށް ލިބިވޮޑިގެންވެއެވެ. އިބަ ﷲ މެނުވީ އަޅުކަންވެވުން ހައްގުވެގެންވާ އެހެން އެއްވެސް އިލާހަކު ނުވާކަމަށް މި އަޅާ ހެކިވަމެވެ. މި އަޅާ އިބަ ﷲ ގެ ހަޒްރަތުން ފާފަ ފުއްސަވައިދެއްވުމަށް އެދި ދަންނަވަމެވެ. އަދި އިބަ ﷲ އަށް މި އަޅާ ތައުބާވަމެވެ.,,,𝟫 Upon completing the ablution,"Glory is to You, O Allah, and praise; I bear witness that there is none worthy of worship but You. I seek Your forgiveness and turn to You in repentance."
16,١٠ - الذِّكْرُ عِنْدَ الْخُرُوجِ مِنَ الْمَنْزِلِ,١٦ - بِسْمِ اللَّهِ، تَوَكَّلْتُ عَلَى اللَّهِ، وَلاَ حَوْلَ وَلَا قُوَّةَ إِلاَّ بِاللَّهِ,𝟣𝟢 - ގެއިން ނުކުންނަމުން ކިޔާ ދުއާ,ﷲ ގެ އިސްމުފުޅުގެ ބަރަކާތުން ނިކުންނަމެވެ. އެންމެހާ ކަންތައްތައް ﷲ އާ ހަވާލުކޮށްފީމެވެ. އަދި އެއްވެސް ހެޔޮކަމެއް ކުރުމުގެ ބާރެއްވެސް އަދި ނުބައިކަމަކުން ސަލާމަތްވުމުގެ ބާރެއްވެސް ﷲ ގެ ހަޒްރަތުން މެނުވީ ނުވެއެވެ.,أبو داود 5095، والترمذي 3426,,𝟣𝟢 Remembrance when leaving the home,"In the Name of Allah, I have placed my trust in Allah, there is no might and no power except by Allah."
17,١٠ - الذِّكْرُ عِنْدَ الْخُرُوجِ مِنَ الْمَنْزِلِ,١٧ - اللَّهُمَّ إِنِّي أَعُوذُ بِكَ أَنْ أَضِلَّ، أَوْ أُضَلَّ، أَوْ أَزِلَّ، أَوْ أُزَلَّ، أَوْ أَظْلِمَ، أَوْ أُظْلَمَ، أَوْ أَجْهَلَ، أَوْ يُجْهَلَ عَلَيَّ,𝟣𝟢 - ގެއިން ނުކުންނަމުން ކިޔާ ދުއާ,ޔާ ﷲ! މި އަޅާ މަގުފުރެދުމުންނާއި މި އަޅާ މަގުފުރައްދައިލެވުމުން ނުވަތަ މި އަޅާ ހައްގުމަގުން ކައްސައިލުމުންނާއި މި އަޅާ ހައްގުމަގުން ކައްސުވައިލެވުމުން ނުވަތަ މި އަޅާ މީހެއްގެ މައްޗަށް އަނިޔާވެރިވުމާއި މި އަޅާގެ މައްޗަށް އެހެން މީހަކު އަނިޔާވެރިވުމުން ނުވަތަ މި އަޅާ މީހަކާ ދޭތެރޭ ބޭއަދަބުވެރިގޮތަކަށް މުއާމަލާތްކުރުމުންނާއި މި އަޅާއާ ދޭތެރޭ އެހެން މީހަކު ބޭއަދަބުވެރިގޮތަކަށް މުއާމަލާތް ކުރުމުން ރައްކައުތެރި ކޮށްދެއްވުމަށް މި އަޅާ އިބަ އިލާހުގެ ހަޒްރަތުން އެދެމެވެ.,أبو داود 5094، والترمذي 3427، والنسائي 5501، وابن ماجه 3884,,𝟣𝟢 Remembrance when leaving the home,"O Allah, I seek refuge in You lest I misguide others , or I am misguided by others , lest I cause others to err or I am caused to err , lest I abuse others or be abused, and lest I behave foolishly or meet with the foolishness of others."
18,١١ - الذِّكْرُ عِنْدَ دُخُولِ المَنْزِلِ,١٨ - اللَّهُمَّ إِنِّي أَسْأَلُكَ خَيْرَ الْمَوْلَجِ وَخَيْرَ الْمَخْرَجِ، بِسْمِ اللَّهِ وَلَجْنَا، وَبِسْمِ اللَّهِ خَرَجْنَا، وَعَلَى اللَّهِ رَبِّنَا تَوَكَّلْنَا، ثُمَّ لِيُسَلِّمْ عَلَى أَهْلِهِ,𝟣𝟣 - ގެއަށް ވަންނަމުން ކިޔާ ދުއާ,ﷲ ގެ އިސްމުފުޅުގެ ބަރަކާތާއެކު އަޅަމެން ވަނީމުއެވެ. އަދި ﷲ ގެ އިސްމުފުޅުގެ ބަރަކާތާއެކު އަޅަމެން ނުކުތީމުއެވެ. އަދި އަޅަމެން ހައްދަވައި ބޮޑުކުރެއްވި ﷲ އާ އަޅަމެންގެ އެންމެހާ ކަންތައްތައް ހަވާލުކުރީމުއެވެ. (ދެން ގޭގެ އަހުލުވެރިންނަށް ސަލާމްކުރާށެވެ.),أبو داود 5096,,𝟣𝟣 Remembrance upon entering the home,"In the Name of Allah we enter , in the Name of Allah we leave , and upon our Lord we depend [then say As-Salāmu `Alaykum to those present]."
19,١٢ - دُعَاءُ الذَّهَابِ إِلَى الْمَسْجِدِ,١٩ - اللَّهُمَّ اجْعَلْ فِي قَلْبِي نُوراً، وَفِي لِسَانِي نُوراً، وَفِي سَمْعِي نُوراً، وَفِي بَصَرِي نُوراً، وَمِنْ فَوْقِي نُوراً، وَمِنْ تَحْتِي نُوراً، وَعَنْ يَمِينِي نُوراً، وَعَنْ شِمَالِي نُوراً، وَمِنْ أَمَامِي نُوراً، وَمِنْ خَلْفِي نُوراً، وَاجْعَلْ فِي نَفْسِي نُوراً، وَأَعْظِمْ لِي نُوراً، وَعَظِّم لِي نُوراً، وَاجْعَلْ لِي نُوراً، وَاجْعَلْنِي نُوراً، اللَّهُمَّ أَعْطِنِي نُوراً، وَاجْعَلْ فِي عَصَبِي نُوراً، وَفِي لَحْمِي نُوراً، وَفِي دَمِي نُوراً، وَفِي شَعْرِي نُوراً، وَفِي بَشَرِي نُوراً [اللَّهُمَّ اجْعَلْ لِي نُوراً فِي قَبْرِي ... وَنُوراً فِي عِظَامِي] [وَزِدْنِي نُوراً، وَزِدْنِي نُوراً، وَزِدْنِي نُوراً] [وَهَبْ لِي نُوراً عَلَى نُورٍ],𝟣𝟤 - މިސްކިތަށް ދަމުން ކިޔާ ދުއާ,ޔާ ﷲ! މި އަޅާގެ ހިތުގައި ނޫރެއް ލައްވާނދޭވެ! އަދި މި އަޅާގެ ދުލުގައި ނޫރެއް ލައްވާނދޭވެ! އަދި މި އަޅާގެ އެހުމުގައި (ކަންފަތުގައި) ނޫރެއް ލައްވާނދޭވެ! އަދި މި އަޅާގެ ފެނުމުގައި (ލޮލުގައި) ނޫރެއް ލައްވާނދޭވެ! އަދި މި އަޅާގެ މަތިން ނޫރެއް ލައްވާނދޭވެ! އަދި މި އަޅާގެ ތިރިން ނޫރެއް ލައްވާނދޭވެ! އަދި މި އަޅާގެ ކަނާތްފަރާތުން ނޫރެއް ލައްވާނދޭވެ! އަދި މި އަޅާގެ ވާތްފަރާތުން ނޫރެއް ލައްވާނދޭވެ! އަދި މި އަޅާގެ ކުރިމަތިން ނޫރެއް ލައްވާނދޭވެ! އަދި މި އަޅާގެ ފަހަތުން ނޫރެއް ލައްވާނދޭވެ! އަދި މި އަޅާގެ ނަފްސުގައި ނޫރެއް ލައްވާނދޭވެ! އަދި މި އަޅާއަށް ނޫރެއް އިތުރުކޮށްދެއްވާނދޭވެ! އަދި މި އަޅާއަށް ނޫރެއް ބޮޑުކޮށްދެއްވާނދޭވެ! އަދި މި އަޅާއަށް ނޫރެއް ލައްވާނދޭވެ! އަދި މި އަޅާ ނޫރެއްކަމުގައި ލައްވާނދޭވެ! ޔާ ﷲ! މި އަޅާއަށް ނޫރެއް ދެއްވާނދޭވެ! އަދި މި އަޅާގެ ގޮހޮރުގައި ނޫރެއް ލައްވާނދޭވެ! އަދި މި އަޅާގެ މަހުގައި ނޫރެއްލައްވާނދޭވެ! އަދި މި އަޅާގެ ލޭގައި ނޫރެއް ލައްވާނދޭވެ! އަދި މި އަޅާގެ އިސްތަށީގައި ނޫރެއް ލައްވާނދޭވެ! އަދި މި އަޅާގެ ހަމުގައި ނޫރެއްލައްވާނދޭވެ! (ޔާ ﷲ! މި އަޅާއަށްޓަކައި މި އަޅާގެ ކައްވަޅުގައި ނޫރެއް ލައްވާނދޭވެ! އަދި މި އަޅާގެ ކަށީގައި ނޫރެއްލައްވާނދޭވެ!) (އަދި މި އަޅާއަށް ނޫރެއް އިތުރުކޮށްދެއްވާނދޭވެ! އަދި މި އަޅާއަށް ނޫރެއް އިތުރުކޮށްދެއްވާނދޭވެ! އަދި މި އަޅާއަށް ނޫރެއް އިތުރުކޮށްދެއްވާނދޭވެ!) (އަދި މި އަޅާއަށް ނޫރެއްގެ މައްޗަށް ނޫރެއް ދެއްވާނދޭވެ!),"البخاري 6316، ومسلم 763
<br><br>
الترمذي 3419
<br><br>
البخاري في الأدب المفرد 695
<br><br>",,𝟣𝟤 When going to the mosque,"O Allah, place light in my heart, and on my tongue light, and in my ears light and in my sight light, and above me light, and below me light, and to my right light, and to my left light, and before me light and behind me light. Place in my soul light. Magnify for me light, and amplify for me light. Make for me light and make me a light. O Allah, grant me light, and place light in my nerves, and in my body light and in my blood light and in my hair light and in my skin light. [O Allah, make for me a light in my grave... and a light in my bones.] [Increase me in light, increase me in light, increase me in light .] [Grant me light upon light.]"
20,١٣ - دُعَاءُ دُخُولِ المَسْجِدِ,٢٠ - ((يَبْدَأُ بِرِجْلِهِ الْيُمْنَى)) (4)، وَيَقُولُ: ((أَعُوذُ بِاللَّهِ العَظِيمِ، وَبِوَجْهِهِ الْكَرِيمِ، وَسُلْطَانِهِ الْقَدِيمِ، مِنَ الشَّيْطَانِ الرَّجِيمِ)) (1) [بِسْمِ اللَّهِ، وَالصَّلَاةُ] (2) [وَالسَّلَامُ عَلَى رَسُولِ اللَّهِ] (3) ((اللَّهُمَّ [اغْفِرْ لِي ذَنُوبِي](4) افْتَحْ لِي أَبْوَابَ رَحْمَتِكَ)) (5).,𝟣𝟥 - މިސްކިތަށް ވަންނަމުން ކިޔާ ދުއާ,(މިސްކިތަށް ވަންނާނީ ކަނާތް ފައި އިސްކޮށްގެންނެވެ.) މަތިވެރި ﷲ ގެ ހަޒްރަތުން އަދި އެ އިލާހުގެ މާތް ވަޖުހުފުޅާއި، އެ އިލާހުގެ އިސްވެވޮޑިގެންވާ ބާރު މެދުވެރިކޮށް ރަހުމަތުން ދުރުކުރެވިފައިވާ ޝައިތާނާގެ ކިބައިން ރައްކައުތެރިކޮށްދެއްވުމަށް މި އަޅާ އެދެމެވެ. (ﷲ ގެ އިސްމުފުޅުގެ ބަރަކާތުން ވަންނަމެވެ. އަދި ﷲ ގެ ރަސޫލާގެ މައްޗަށް ސަލަވާތާއި ސަލާމްހުއްޓެވެ.) ޔާ ﷲ! އިބަ ﷲ ގެ ރަހުމަތުގެ ދޮރުކޮޅުތައް މި އަޅާއަށްޓަކައި ހުޅުވައިދެއްވާނދޭވެ!,"أخرجه الحاكم 1/ 218، وأخرجه البيهقي 2/ 442

أبو داود 466

رواه ابن السني 88

أبو داود 465

ابن ماجه 771

مسلم 713",,𝟣𝟥 Upon entering the mosque,"I seek refuge in Almighty Allah, By His Noble Face, By His primordial power, From Satan the outcast. [In the Name of Allah, and blessings and peace be upon the Messenger of Allah O Allah, open before me the doors of Your mercy."
21,١٤ - دُعَاءُ الْخُرُوجِ مِنَ الْمَسْجِدِ,٢١ - ((يَبْدَأُ بِرِجْلِهِ الْيُسْرَى)) (5) وَيَقُولُ: ((بِسْمِ اللَّهِ وَالصّلَاةُ وَالسَّلَامُ عَلَى رَسُولِ اللَّهِ، اللَّهُمَّ إِنِّي أَسْأَلُكَ مِنْ فَضْلِك، اللَّهُمَّ اعْصِمْنِي مِنَ الشَّيْطَانِ الرَّجِيمِ)),𝟣𝟦 - މިސްކިތުން ނުކުންނަމުން ކިޔާ ދުއާ,ﷲ ގެ އިސްމުފުޅުގެ ބަރަކާތުން ނިކުންނަމެވެ. އަދި ﷲ ގެ ރަސޫލާގެ މައްޗަށް ސަލަވާތާއި ސަލާމްހުއްޓެވެ. ޔާ ﷲ! ހަމަކަށަވަރުން މި އަޅާ އިބަ އިލާހުގެ ފަޟްލުވަންތަވެރިކަމުން ދެއްވުމަށް އެދި ދަންނަވަމެވެ. އޭ ﷲ އެވެ! ރަހުމަތުން ދުރުކުރެވިފައިވާ ޝައިތާނާގެ ކިބައިން މި އަޅާ ސަލާމަތްކޮށްދެއްވާނދޭވެ!,,,𝟣𝟦 Upon leaving the mosque,"In the Name of Allah, and peace and blessings be upon the Messenger of Allah. O Allah, I ask for Your favor, O Allah, protect me from Satan the outcast."
22,١٥ - أَذكَارُ الأَذَانِ,٢٢ - يَقُولُ مِثْلَ مَا يَقُولُ المُؤَذِّنُ إِلاَّ فِي ((حَيَّ عَلَى الصَّلَاةِ وَحَيَّ عَلَى الْفَلَاحِ)) فَيقُولُ: ((لَا حَوْلَ وَلَا قُوَّةَ إِلاَّ بِاللَّهِ)),𝟣𝟧 - ބަންގި އިވޭއިރު ކިޔާ ޒިކުރު,حَيَّ عَلَى الصَّلاَةِ (ނަމާދަށް އަވަސްވެގަންނާށެވެ) އަދި حَيَّ عَلَى الْفَلاَحِ (ކާމިޔާބު ހޯދުމަށް އަވަސްވެގަންނާށެވެ) މި ދެ ކަލިމަ ފިޔަވައި ދެންހުރި ހުރިހާ ކަލިމައެއް ބަންގިދޭމީހާ ކިޔާގޮތަށް ކިޔާށެވެ. މި ދެ ކަލިމައިގެ ބަދަލުގައި لَا حَوْلَ وَلَا قُوَّةَ إِلاَّبِاللهِ (ނުބައިކަމަކުން ސަލާމަތްވުމުގެ ބާރެއްވެސް އަދި ހެޔޮކަމެއްކުރުމުގެ ބާރެއްވެސް ﷲ ގެ ހަޒްރަތުން މެނުވީ ނުވެއެވެ.) ކިޔާށެވެ.,,,𝟣𝟧 Concerning the athan (the call to prayer),There is no might and no power except by Allah.
23,١٥ - أَذكَارُ الأَذَانِ,٢٣ - يَقُولُ: ((وَأَنَا أَشْهَدُ أَنْ لَا إِلَهَ إِلاَّ اللَّهُ وَحْدَهُ لَا شَرِيكَ لَهُ وَأَنَّ مُحَمَّداً عَبْدُهُ وَرَسُولُهُ، رَضِيتُ بِاللَّهِ رَبَّاً، وَبِمُحَمَّدٍ رَسُولاً، وَبِالْإِسْلاَمِ دِينَاً)) يَقُولُ ذَلِكَ عَقِبَ تَشَهُّدِ الْمُؤَذِّنِ,𝟣𝟧 - ބަންގީގައި ޝަހާދަތް އިވުމަށްފަހު ކިޔާ ޒިކުރު,"ބަންގިދޭމީހާ أَشْهَدُ أَنْ لَا إِلٰهَ إِلاَّ اللهُ ކިޔައި ނިމުމަށްފަހު މިދުއާކުރާށެވެ. ""ﷲ މެނުވީ އަޅުކަންވެވުން ހައްގުވެގެންވާ އެހެން އެއްވެސް އިލާހަކުނުވާކަމަށާއި، އެ އިލާހީ އެއްކައުވަންތަ އިލާހުކަމަށާއި، އެ އިލާހަށް އެއްވެސް ޝަރީކަކުނުވާކަމަށް މި އަޅާވެސް ހެކިވަމެވެ. އަދި ހަމަކަށަވަރުން މުޙައްމަދުގެފާނީ އެ އިލާހުގެ އަޅާކަމަށާއި އަދި އެ އިލާހުގެ ރަސޫލާކަމަށް ހެކިވަމެވެ. ﷲ އީ ހުރިހާ އެއްޗެއްގެ ރައްބު ކަމަށާއި އަދި މުޙައްމަދުގެފާނީ ރަސޫލާކަމަށާއި އަދި އިސްލާމްދީނަކީ ދީންކަމަށް އަހުރެން ރުހިއްޖައީމެވެ.",,,𝟣𝟧 Concerning the athan (the call to prayer),"I bear witness that none has the right to be worshipped but Allah alone, Who has no partner, and that Muhammad is His slave and His Messenger. I am pleased with Allah as my Lord, with Muhammad as my Messenger and with Islam as my religion."
24,١٥ - أَذكَارُ الأَذَانِ,٢٤ - يُصَلِّي عَلَى النَّبِيِّ ﷺ بَعْدَ فَرَاغِهِ مِنْ إِجَابَةِ الْمُؤَذِّنِ,𝟣𝟧 - ބަންގީގައި ޝަހާދަތް އިވުމަށްފަހު ކިޔާ ޒިކުރު,ބަންގިދޭ މީހާގެ ބަންގިއަށް ޖަވާބުދީ ނިމުމަށްފަހު ނަބިއްޔާ ﷺ ގެ މައްޗަށް ސަލަވާތް ކިޔަވާށެވެ.,,,𝟣𝟧 Concerning the athan (the call to prayer),After replying to the call of Mu'adh-dhin. you should recite in Arabic Allah's blessings on the Prophet (ﷺ).
25,١٥ - أَذكَارُ الأَذَانِ,٢٥ - اللَّهُمَّ رَبَّ هَذِهِ الدَّعْوَةِ التَّامَّةِ، وَالصَّلاَةِ الْقَائِمَةِ، آتِ مُحَمَّداً الْوَسِيلَةَ وَالْفَضِيلَةَ، وَابْعَثْهُ مَقَامَاً مَحمُوداً الَّذِي وَعَدْتَهُ، [إِنَّكَ لَا تُخْلِفُ الْمِيعَادَ],𝟣𝟧 - ބަންގީގައި ޝަހާދަތް އިވުމަށްފަހު ކިޔާ ޒިކުރު,"އަންނަނިވި ދުއާކުރާށެވެ. ""އޭ މިފުރިހަމަ ގޮވާލުމާއި، މި ގާއިމުވާ ނަމާދުގެ ރައްބެވެ! މުޙައްމަދުގެފާނަށް ވަސީލަތާއި މަތިވެރިކަން ދެއްވާނދޭވެ! އަދި އިބަ ﷲ އެ ނަބިއްޔާއަށް ވައުދުކުރެއްވި، ހަމްދު ލިބިގެންވާ މަގާމަށް އެ ނަބިއްޔާ ފޮނުއްވާނދޭވެ! (ހަމަކަށަވަރުން އިބަ ﷲ ވައުދާ ޚިލާފުވެ ވޮޑިއެއް ނުގަންނަވަމުއެވެ.)""",,,𝟣𝟧 Concerning the athan (the call to prayer),"O Allah , Lord of this perfect call and established prayer. Grant Muhammad the intercession and favor, and raise him to the honored station You have promised him, [verily You do not neglect promises]."
26,١٥ - أَذكَارُ الأَذَانِ,٢٦ - ((يَدْعُو لِنَفسِهِ بَيْنَ الْأَذَانِ وَالْإِقَامَةِ فَإِنَّ الدُّعَاءَ حِينَئِذٍ لَا يُرَدُّ)),𝟣𝟧 - ބަންގިއާއި ގަމަތާ ދެމެދު ކިޔާ ދުއާ,ބަންގިއާއި ގަމަތާ ދޭތެރޭގައި އަމިއްލަ ނަފްސަށް ދުއާކުރާށެވެ. ހަމަކަށަވަރުން އެ ވަގުތުގައި ކުރާދުއާ (އިޖާބަނުކޮށް) އަނބުރައި ފޮނުވައި ނުލެވޭނެތެވެ.,,,𝟣𝟧 Concerning the athan (the call to prayer),"Between the call to prayer and the 'Iqamah, you should supplicate Allah for yourself. Invocation during this time is not rejected."
27,١٦ - دُعَاءُ الاسْتِفْتَاحِ,٢٧ - اللَّهُمَّ بَاعِدْ بَيْنِي وَبَيْنَ خَطَايَايَ كَمَا بَاعَدْتَ بَيْنَ الْمَشْرِقِ وَالْمَغْرِبِ، اللَّهُمَّ نَقِّنِي مِنْ خَطَايَايَ كَمَا يُنَقَّى الثَّوْبُ الْأَبْيَضُ مِنَ الدَّنَسِ، اللَّهُمَّ اغْسِلْني مِنْ خَطَايَايَ، بِالثَّلْجِ وَالْماءِ وَالْبَرَدِ,𝟣𝟨 - ނަމާދުކުރަން ފެށުމުން ކިޔާ ދުއާ,ޔާ ﷲ! އިރުއަރާ ފަރާތާއި، އިރުއޮއްސޭ ފަރާތާ ދެމެދު އިބަ ﷲ ދުރުކުރެއްވި ފަދައިން މި އަޅާއާއި މި އަޅާގެ ކުށްފާފަތަކާ ދެމެދު ދުރުކޮށްދެއްވާނދޭވެ! ޔާ ﷲ! ހުދު ފޭރާން ހަޑިމިލައިން ސާފުކުރެވޭ ފަދައިން މި އަޅާގެ ކުށްފާފަތަކުން މި އަޅާ ސާފުކޮށްދެއްވާނދޭވެ! ޔާ ﷲ! ސުނޯއާއި، ފެނާއި، ގަނޑުފެނުން މި އަޅާގެ ކުށްފާފަތައް ދޮވެދެއްވާނދޭވެ!,,,𝟣𝟨 At the start of the prayer (after takbeer),"O Allah, separate me from my sins as You have separated the East from the West. O Allah, cleanse me of my transgressions as the white garment is cleansed of stains. O Allah, wash away my sins with ice and water and frost."
28,١٦ - دُعَاءُ الاسْتِفْتَاحِ,٢٨ - سُبْحانَكَ اللَّهُمَّ وَبِحَمْدِكَ، وَتَبارَكَ اسْمُكَ، وَتَعَالَى جَدُّكَ، وَلَا إِلَهَ غَيْرُكَ,𝟣𝟨 - ނަމާދުކުރަން ފެށުމުން ކިޔާ ދުއާ,އިބަ ﷲ ގެ ހުސްތާހިރުވަންތަކަމާއެވެ! ޔާ ﷲ! އިބަ ﷲ އަށް އެންމެހާ ހަމްދު ތައުރީފެއް ލިބިވޮޑިގެންވެއެވެ. އިބަ ﷲ ގެ އިސްމުފުޅުގެ ބަރަކާތްތެރިކަމާއެވެ! އަދި އިބަ އިލާހުގެ މާތްކަމުގެ އަރަހުށިކަމާއެވެ! އަދި އިބަ ﷲ ފިޔަވައި އަޅުކަންވެވުން ހައްގުވެގެންވާ އެހެން އެއްވެސް އިލާހަކު ނުވެއެވެ.,,,𝟣𝟨 At the start of the prayer (after takbeer),"Glory is to You O Allah, and praise. Blessed is Your Name and Exalted is Your Majesty. There is none worthy of worship but You"
29,١٦ - دُعَاءُ الاسْتِفْتَاحِ,٢٩ - وَجَّهْتُ وَجْهِيَ لِلَّذِي فَطَرَ السَّمَوَاتِ وَالأَرْضَ حَنِيفَاً وَمَا أَنَا مِنَ الْمُشْرِكِينَ، إِنَّ صَلاَتِي، وَنُسُكِي، وَمَحْيَايَ، وَمَمَاتِي لِلَّهِ رَبِّ الْعَالَمِينَ، لَا شَرِيكَ لَهُ وَبِذَلِكَ أُمِرْتُ وَأَنَا مِنَ الْمُسْلِمِينَ. اللَّهُمَّ أَنْتَ المَلِكُ لَا إِلَهَ إِلاَّ أَنْتَ، أَنْتَ رَبِّي وَأَنَا عَبْدُكَ، ظَلَمْتُ نَفْسِي وَاعْتَرَفْتُ بِذَنْبِي فَاغْفِرْ لِي ذُنُوبي جَمِيعَاً إِنَّهُ لَا يَغْفِرُ الذُّنوبَ إِلاَّ أَنْتَ. وَاهْدِنِي لِأَحْسَنِ الأَخْلاقِ لَا يَهْدِي لِأَحْسَنِها إِلاَّ أَنْتَ، وَاصْرِفْ عَنِّي سَيِّئَهَا، لَا يَصْرِفُ عَنِّي سَيِّئَهَا إِلاَّ أَنْتَ، لَبَّيْكَ وَسَعْدَيْكَ، وَالخَيْرُ كُلُّهُ بِيَدَيْكَ، وَالشَّرُّ لَيْسَ إِلَيْكَ، أَنَا بِكَ وَإِلَيْكَ، تَبارَكْتَ وَتَعَالَيْتَ، أَسْتَغْفِرُكَ وَأَتوبُ إِلَيْكَ,𝟣𝟨 - ނަމާދުކުރަން ފެށުމުން ކިޔާ ދުއާ,އުޑުތަކާއި ބިން ނެތުމުގެ ތެރެއިން ހެއްދެވި ފަރާތަށް، ބާތިލު އަގީދާތަކުން އެއްކިބާވެހުރެ، އިޚްލާޞްތެރިކަމާއެކު، މި އަޅާގެ މޫނު ކުރިމަތިކުރަމެވެ. އަދި މި އަޅާ މުޝްރިކުންގެ ތެރެއިން ނުވަމެވެ. ހަމަކަށަވަރުން މި އަޅާގެ ނަމާދާއި، މި އަޅާގެ ގުރުބާނާއި، މި އަޅާގެ ދިރިހުރުމާއި، މި އަޅާގެ މަރުވުން މިލްކުވެވޮޑިގެންވަނީ އާލަމްތަކުގެ ވެރި ﷲ އަށެވެ. އެ އިލާހަށް އެއްވެސް ބައިވެރިއަކު ނުވެއެވެ. މި އަޅާއަށް އަމުރު ކުރެވިގެންވަނީ މިފަދައިންނެވެ. އަދި މި އަޅާވަނީ މުސްލިމުންގެ ތެރެއިންނެވެ. ޔާ ﷲ! އިބަ ﷲ އީ (ހަގީގީ) ރަސްވަންތަ އިލާހެވެ. (އެބަހީ ރަސްވަންތަ އިލާހެވެ.) އިބަ ﷲ މެނުވީ އަޅުކަންވެވުން ހައްގުވެގެންވާ އެހެން އެއްވެސް އިލާހަކު ނުވެއެވެ. އިބަ ﷲ އީ މި އަޅާގެ ރައްބެވެ. އަދި މި އަޅާއީ އިބަ ﷲ ގެ އަޅަކީމެވެ. މި އަޅާގެ ނަފްސަށް މި އަޅާ އަނިޔާވެރިވީމެވެ. އަދި މި އަޅާގެ ފާފަތަކަށް މި އަޅާ އިއުތިރާފުވެއްޖައީމެވެ. ފަހެ މި އަޅާގެ ހުރިހާ ފާފައެއް މި އަޅާއަށް ފުއްސަވާނދޭވެ! ހަމަކަށަވަރުން އިބަ ﷲ ފިޔަވައި ފާފަތައް ފުއްސަވާދެއްވާނެ އެހެން އެއްވެސް ފަރާތެއް ނުވެއެވެ. އަދި ރިވެތި އަޚުލާގަށް މި އަޅާއަށް މަގުދައްކަވާނދޭވެ! އިބަ ﷲ ފިޔަވައި އެފަދަ ރިވެތި އަޚުލާގަކަށް މަގުދެއްކޭނެ އެހެން އެއްވެސް ފަރާތެއް ނުވެއެވެ. އަދި ނުބައި އަޚުލާގު މި އަޅާގެ ކިބައިން ދުރުކޮށްދެއްވާނދޭވެ! އިބަ ﷲ ފިޔަވައި އެފަދަ ނުބައި އަޚުލާގެއް މި އަޅާގެ ކިބައިން ދުރުކުރެވޭނެ އެހެން ފަރާތެއް ނުވެއެވެ. މި އަޅާ އިބަ ﷲ ގެ ގޮވައިލުންތަކަށް ހާޒިރުވަމެވެ. އަދި އިބަ ﷲ ގެ ގޮވައިލުންތަކަށް އިޖާބަދެމެވެ. އަދި އެންމެހާ ހެޔޮކަމެއްވަނީ އިބަ ﷲ ގެ ދެއަތްޕުޅުގައެވެ. އަދި ނުބައި އެއްވެސްކަމެއް އިބަ ﷲ ގެ ހަޒްރަތަށް ނިސްބަތްވެގެން ނުވެއެވެ. މި އަޅާ ދިރިހުރުންވަނީ އިބަ ﷲ ގެ ބާރުފުޅާއެކުގައެވެ. އަދި މި އަޅާ އެނބުރި ރުޖޫޢަވުންވަނީ އިބަ ﷲ ގެ ހަޒްރަތަށެވެ. އިބަ ﷲ ބަރަކާތްތެރިވެގެންވެ މަތިވެރިވެވޮޑިގެންވަމުއެވެ. އިބަ ﷲ ގެ ހަޒްރަތަށް މި އަޅާ ފާފަފުއްސެވުމަށް އެދި ދަންނަވަމެވެ. އަދި މި އަޅާ އިބަ ﷲ ގެ ހަޒްރަތަށް ތައުބާވަމެވެ.,,,𝟣𝟨 At the start of the prayer (after takbeer),"""I have turned my face sincerely towards He who has brought forth the heavens and the Earth and I am not of those who associate (others with Allah). Indeed my prayer, my sacrifice, my life and my death are for Allah, Lord of the worlds, no partner has He, with this I am commanded and I am of the Muslims. O Allah, You are the Sovereign, none has the right to be worshipped except You. You are my Lord and I am Your servant, I have wronged my own soul and have acknowledged my sin, so forgive me all my sins for no one forgives sins except You. Guide me to the best of characters for none can guide to it other than You, and deliver me from the worst of characters for none can deliver me from it other than You. Here I am, in answer to Your call, happy to serve you. All good is within Your hands and evil does not stem from You. I exist by your will and will return to you. Blessed and High are You, I seek Your forgiveness and repent unto You."""
30,١٦ - دُعَاءُ الاسْتِفْتَاحِ,٣٠ - اللَّهُمَّ رَبَّ جِبْرَائِيلَ، وَمِيْكَائِيلَ، وَإِسْرَافِيلَ، فَاطِرَ السَّمَوَاتِ وَالأَرْضِ، عَالِمَ الغَيْبِ وَالشَّهَادَةِ أَنْتَ تَحْكُمُ بَيْنَ عِبَادِكَ فِيمَا كَانُوا فِيهِ يَخْتَلِفُونَ. اهْدِنِي لِمَا اخْتُلِفَ فِيهِ مِنَ الْحَقِّ بِإِذْنِكَ إِنَّكَ تَهْدِي مَنْ تَشَاءُ إِلَى صِرَاطٍ مُسْتَقيمٍ,𝟣𝟨 - ނަމާދުކުރަން ފެށުމުން ކިޔާ ދުއާ,އޭ ހައްދަވައި ބޮޑުކުރެއްވި ރަސްކަލާކޮ! ޖިބްރީލާއި، މީކާއީލާއި، އިސްރާފީލްގެ ވެރިރަސްކަލާކޮ! އުޑުތަކާއި ބިން ނެތުމުގެ ތެރެއިން ހެއްދެވި ރަސްކަލާކޮ! ފެންނަހައި ކަންތަކާއި ނުފެންނަހައި ކަންތައް ދެނެވޮޑިގެންވާ ރަސްކަލާކޮ! އިބަ ﷲ އީ، އިބަ ﷲ ގެ އަޅުތަކުންގެ މެދުގައި ހިނގާ ދެބަސްވުންތަކުގައި ހުކުމް ކުރައްވާ އިލާހެވެ. އިބަ ﷲ ގެ އިޒުނަފުޅާއެކު، ހައްގުގެ ތެރެއިން އެކަންކަމާމެދު ދެބަސްވެވިފައިވާ ކަންތައްތަކަށް މި އަޅާއަށް ހިދާޔަތް ދައްކަވާނދޭވެ! ހަމަކަށަވަރުން އިބަ ﷲ އެދިވޮޑިގަންނަވާ މީހަކަށް ސީދާވެގެންވާ މަގަށް ހިދާޔަތް ދައްކަވަމުއެވެ.,,,𝟣𝟨 At the start of the prayer (after takbeer),"O Allah, Lord of Jibraīl, Mīkaīl and Israfīl (great angels), Creator of the heavens and the Earth, Knower of the seen and the unseen. You are the arbitrator between Your servants in that which they have disputed. Guide me to the truth by Your leave, in that which they have differed, for verily You guide whom You will to a straight path."""
31,١٦ - دُعَاءُ الاسْتِفْتَاحِ,٣١ - اللَّهُ أَكْبَرُ كَبِيرَاً، اللَّهُ أَكْبَرُ كَبِيراً، اللَّهُ أَكْبَرُ كَبِيراً، وَالْحَمْدُ لِلَّهِ كَثيراً، وَالْحَمْدُ لِلَّهِ كَثيراً، وَالْحَمْدُ لِلَّهِ كَثيراً، وَسُبْحَانَ اللَّهِ بُكْرَةً وَأَصِيلاً)) ثَلاثاً ((أَعُوذُ بِاللَّهِ مِنَ الشَّيْطَانِ: مِنْ نَفْخِهِ، وَنَفْثِهِ، وَهَمْزِهِ,𝟣𝟨 - ނަމާދުކުރަން ފެށުމުން ކިޔާ ދުއާ,"(މިފަދައިން ތިން ފަހަރު ކިޔާށެވެ.) ""ބޮޑުވެގެންވާ ބޮޑުވުމަކުން އެންމެބޮޑީ ﷲ އެވެ. ބޮޑުވެގެންވާ ބޮޑުވުމަކުން އެންމެބޮޑީ ﷲ އެވެ. ބޮޑުވެގެންވާ ބޮޑުވުމަކުން އެންމެބޮޑީ ﷲ އެވެ. އަދި ގިނަވެގެންވާ ހަމްދަކުން އެންމެހާ ހަމްދެއް ލިބިވޮޑިގެންވަނީ ﷲ އަށެވެ. އަދި ގިނަވެގެންވާ ހަމްދަކުން އެންމެހާ ހަމްދެއް ލިބިވޮޑިގެންވަނީ ﷲ އަށެވެ. އަދި ގިނަވެގެންވާ ހަމްދަކުން އެންމެހާ ހަމްދެއް ލިބިވޮޑިގެންވަނީ ﷲ އަށެވެ. އަދި ހެނދުނާއި ހަވީރު ﷲ ގެ ހުސްތާހިރުވަންތަކަން ބަޔާންކުރަމެވެ."" (ދެންކިޔާށެވެ.) ""ޝައިތާނާގެ ކިބައިންނާއި، ޝައިތާނާ އަނގައިން ފުމުމުންނާއި (އެބަހީ: އޭނާގެ ކިބުރުވެރި ކަމުންނާއި)، އޭނާ ކުޅުޖެހުމުންނާއި (އެބަހީ: އޭނާގެ ސިހުރުވެރިކަމުންނާއި)، އޭނާ ކޮށްޓުމުން (އެބަހީ: އޭނާގެ ވަސްވާހުން) ރައްކައުތެރި ކޮށްދެއްވުމަށް އެދި ﷲ ގެ ހަޒްރަތަށް ދަންނަވަމެވެ.""",,,𝟣𝟨 At the start of the prayer (after takbeer),"Allah is the Greatest, Most Great. Allah is the Greatest, Most Great. Allah is the Greatest, Most Great. Praise is to Allah, abundantly. Praise is to Allah, abundantly. Praise is to Allah, abundantly. Glory is to Allah, at the break of day and at its end. [Recite three times in Arabic.] I seek refuge in Allah from Satan. From his breath, and from his voice, and from his whisper."
32,١٦ - دُعَاءُ الاسْتِفْتَاحِ,٣٢ - اللَّهُمَّ لَكَ الْحَمْدُ (3)، أَنْتَ نُورُ السَّمَوَاتِ وَالأَرْضِ وَمَنْ فِيهِنَّ، وَلَكَ الْحَمْدُ أَنْتَ قَيِّمُ السَّمَوَاتِ وَالأَرْضِ وَمَنْ فِيهِنَّ، [وَلَكَ الْحَمْدُ أَنْتَ رَبُّ السَّمَواتِ وَالأَرْضِ وَمَنْ فِيهِنَّ] [وَلَكَ الْحَمْدُ لَكَ مُلْكُ السَّمَوَاتِ وَالأَرْضِ وَمَنْ فِيهِنَّ] [وَلَكَ الْحَمْدُ أَنْتَ مَلِكُ السَّمَوَاتِ وَالأَرْضِ] [وَلَكَ الْحَمْدُ] [أَنْتَ الْحَقُّ، وَوَعْدُكَ الْحَقُّ، وَقَوْلُكَ الْحَقُّ، وَلِقاؤُكَ الْحَقُّ، وَالْجَنَّةُ حَقٌّ، وَالنَّارُ حَقٌّ، وَالنَّبِيُّونَ حَقٌّ، وَمحَمَّدٌ ﷺ حَقٌّ، وَالسّاعَةُ حَقٌّ] [اللَّهُمَّ لَكَ أَسْلَمتُ، وَعَلَيْكَ تَوَكَّلْتُ، وَبِكَ آمَنْتُ، وَإِلَيْكَ أَنَبْتُ، وَبِكَ خاصَمْتُ، وَإِلَيْكَ حاكَمْتُ. فَاغْفِرْ لِي مَا قَدَّمْتُ، وَمَا أَخَّرْتُ، وَمَا أَسْرَرْتُ، وَمَا أَعْلَنْتُ] [وَمَا أَنْتَ أَعْلَمُ بِهِ مِنِّي] [أَنْتَ المُقَدِّمُ، وَأَنْتَ المُؤَخِّرُ لَا إِلَهَ إِلاَّ أَنْتَ] [أَنْتَ إِلَهِي لَا إِلَهَ إِلاَّ أَنْتَ] [وَلَا حَوْلَ وَلَا قُوَّةَ إِلاَّ بِاللَّهِ],𝟣𝟨 - ނަމާދުކުރަން ފެށުމުން ކިޔާ ދުއާ,"رسول الله ﷺ ރޭގަނޑު ތެދުވެ ވަޑައިގެން ދަމުނަމާދު ކުރައްވާއިރު (دعاء الإستفتاح ގައި) ވިދާޅުވާކަމުގައި ވިއެވެ. ""ޔާ ﷲ! އެންމެހާ ހަމްދުތައުރީފެއް ލިބިވޮޑިގެންވަނީ ހަމައެކަނި އިބަ ﷲ އަށެވެ. އިބަ ﷲ އީ އުޑުތަކާއި، ބިމާއި އަދި އެ ތަންތާނގައި ވާހައި ބައެއްގެ ނޫރެވެ. އަދި އެންމެހާ ހަމްދު ތައުރީފެއް ލިބިވޮޑިގެންވަނީ ހަމައެކަނި އިބަ ﷲ އަށެވެ. އިބަ ﷲ އީ އުޑުތަކާއި، ބިމާއި އަދި އެ ތަންތާނގައި ވާހައި ބައެއް ބެލެހެއްޓެވުމުގައި ގާއިމުވެވޮޑިގެންވާ އިލާހެވެ. އަދި އެންމެހާ ހަމްދު ތައުރީފެއް ލިބިވޮޑިގެންވަނީ ހަމައެކަނި އިބަ ﷲ އަށެވެ. އިބަ ﷲ އީ އުޑުތަކާއި، ބިމާއި އަދި އެ ތަންތާނގައި ވާހައި ބައެއްގެ ރައްބެވެ. އަދި އެންމެހާ ހަމްދު ތައުރީފެއް ލިބިވޮޑިގެންވަނީ ހަމައެކަނި އިބަ ﷲ އަށެވެ. އިބަ ﷲ އީ އުޑުތަކާއި ބިމުގެ ވެރިކަން ލިބިވޮޑިގެންވާ އިލާހެވެ. އަދި އެންމެހާ ހަމްދު ތައުރީފެއް ލިބިވޮޑިގެންވަނީ ހަމައެކަނި އިބަ ﷲ އަށެވެ. އިބަ ﷲ އީ އުޑުތަކާއި ބިމުގެ ރަސްވަންތަ އިލާހެވެ. އަދި އެންމެހާ ހަމްދު ތައުރީފެއް ލިބިވޮޑިގެންވަނީ ހަމައެކަނި އިބަ ﷲ އަށެވެ. އިބަ ﷲ އީ ހައްގެވެ. އަދި އިބަ ﷲ ގެ ވައުދުފުޅަކީވެސް ހައްގެވެ. އަދި އިބަ ﷲ ގެ ވަހީ ބަސްފުޅަކީވެސް ހައްގެވެ. އަދި އިބަ ﷲ އާ ބައްދަލުވުމީވެސް ހައްގެވެ. އަދި ސުވަރުގެ ހައްގެވެ. އަދި ނަރަކަ ހައްގެވެ. އަދި ނަބިއްޔުން ހައްގެވެ. އަދި محمّد ﷺ ހައްގެވެ. އަދި ގިޔާމަތްދުވަސް ހައްގެވެ. ޔާ ﷲ! މި އަޅާ ހަމައެކަނި އިބަ ﷲ އަށް ބޯލަނބާ ކިޔަމަންވެއްޖައީމެވެ. އަދި ހަމައެކަނި އިބަ ﷲ އާ މި އަޅާގެ ކަންތައްތައް ހަވާލުކޮށްފީމެވެ. އަދި މި އަޅާ ހަމައެކަނި އިބަ ﷲ އަށް އީމާންވެއްޖައީމެވެ. އަދި ހަމައެކަނި އިބަ ﷲ ގެ ހަޒްރަތަށް މި އަޅާ ރުޖޫއަވެއްޖައީމެވެ. (އެބަހީ: ތައުބާ ވެއްޖައީމެވެ.) އަދި ހަމައެކަނި އިބަ ﷲ ގެ މަދަދާއެކު (ދުޝްމިނުންނާ) އިދިކޮޅުހެދީމެވެ. އަދި ހަމައެކަނި އިބަ އިލާހުގެ ހަޒްރަތަށް ހުކުމްކުރެއްވުމަށް އެދި ދެންނެވީމެވެ. ފަހެ މި އަޅާގެ އިސްވެދިޔަހާ ފާފައަކާއި ފަސްވެކުރިހާ ފާފައެއް ފުއްސަވާނދޭވެ! އަދި މި އަޅާ ސިއްރުންކުރި ފާފަތަކާއި ފާޅުގައިކުރި ފާފަތައްވެސް ފުއްސަވާނދޭވެ! (ހެޔޮކަންތަކުގައި މީސްތަކުން) އިސްކުރައްވާ ފަރާތަކީ އިބަ ﷲ އެވެ. އަދި ފަސްކުރައްވާ ފަރާތަކީވެސް އިބަ ﷲ އެވެ. އިބަ ﷲ އީ މި އަޅާގެ އިލާހެވެ. އިބަ ﷲ ފިޔަވައި އަޅުކަންވެވުން ހައްގުވެގެންވާ އެހެން އެއްވެސް އިލާހަކު ނުވެއެވެ.""",,,𝟣𝟨 At the start of the prayer (after takbeer),"O Allah, praise is to You. You are the Light of the heavens and the earth and all that they contain. Praise is to You, You are the Sustainer of the heavens and the earth and all they contain. [Praise is to You, You are the Lord of the heavens and the earth and all they contain.] [Praise is to You, Yours is dominion of the heavens and the earth and all they contain.] [Praise is to You, You are the King of the heavens and the earth.] [And praise is to You.] [You are the Truth, Your Promise is true, Your Word is true, Your audience is true, Paradise is true, Hell is true, the Prophets are true, and Muhammad (peace and blessings be upon him) is true, and the Hour of Judgment is true.] [O Allah, to You I have submitted, and upon You I depend. I have believed in You and to You I turn in repentance . For Your sake I dispute and by Your standard I judge. Forgive me what I have sent before me and what I have left behind me, what I have concealed and what I have declared.] [You are the One Who sends forth and You are the One Who delays, there is none who has the right to be worshipped but You.] [You are my God, there is none who has the right to be worshipped but You.]"
33,١٧ - دُعَاءُ الرُّكُوعِ,٣٣ - ((سُبْحانَ رَبِّيَ الْعَظِيمِ)). ثلاث مرَّاتٍ,𝟣𝟩 - ރުކޫގައި ކިޔާ ދުއާ,"(ތިން ފަހަރު) ""މި އަޅާ ހައްދަވާ ބޮޑުކުރެއްވި މަތިވެރި ﷲ ގެ ހުސްތާހިރުވަންތަ ކަމާއެވެ!""",,,𝟣𝟩 While bowing in prayer,[three times] Glory to my Lord the Exalted (three times in Arabic)
34,١٧ - دُعَاءُ الرُّكُوعِ,٣٤ - سُبْحَانَكَ اللَّهُمَّ رَبَّنَا وَبِحَمْدِكَ، اللَّهُمَّ اغْفِرْ لِي,𝟣𝟩 - ރުކޫގައި ކިޔާ ދުއާ,އިބަ ﷲ ގެ ހުސްތާހިރުވަންތަކަމާއެވެ! ޔާ ﷲ! އަޅަމެންގެ ރައްބެވެ! އަދި ހުރިހާ ހަމްދު ތައުރީފެއް އިބަ ﷲ އަށް ލިބިވޮޑިގެންވެއެވެ. ޔާ ﷲ! މި އަޅާއަށް ފާފަ ފުއްސަވާނދޭވެ!,,,𝟣𝟩 While bowing in prayer,"Glory is to You , O Allah , our Lord , and praise is Yours .
O Allah , forgive me."
35,١٧ - دُعَاءُ الرُّكُوعِ,٣٥ - سُبُّوُحٌ، قُدُّوسٌ، رَبُّ المَلاَئِكَةِ وَالرُّوحِ,𝟣𝟩 - ރުކޫގައި ކިޔާ ދުއާ,އެ އިލާހީ ހުރިހާ އުނި ސިފަތަކަކުން ހުސްދުރުވެވޮޑިގެންވާ އިލާހެވެ. ހުރިހާ ޢައިބަކުން ހުސްތާހިރުވެ ވޮޑިގެންވާ އިލާހެވެ. އެ އިލާހީ މަލާއިކަތުންނާއި، ޖިބްރީލުގެ ރައްބެވެ.,,,𝟣𝟩 While bowing in prayer,"Glory (to You) , Most Holy (are You) , Lord of the angels and the Spirit."
36,١٧ - دُعَاءُ الرُّكُوعِ,٣٦ - اللَّهُمَّ لَكَ رَكَعْتُ، وَبِكَ آمَنْتُ، وَلَكَ أَسْلَمْتُ، خَشَعَ لَكَ سَمْعِي، وَبَصَرِي، وَمُخِّي، وَعَظْمِي، وَعَصَبِي، [وَمَا استَقَلَّتْ بِهِ قَدَمِي],𝟣𝟩 - ރުކޫގައި ކިޔާ ދުއާ,ޔާ ﷲ! މި އަޅާ އިބަ ﷲ އަށްކޮށްފީމެވެ. އަދި މި އަޅާ އިބަ ﷲ އަށް އީމާންވެއްޖައީމެވެ. އަދި މި އަޅާ އިބަ ﷲ އަށް ބޯލަނބައި ކިޔަމަން ވެއްޖައީމެވެ. މި އަޅާގެ އިވުމާއި، މި އަޅާގެ ފެނުމާއި، މި އަޅާގެ ސިކުނޑިއާއި، މި އަޅާގެ ކައްޓާއި، މި އަޅާގެ ގޮހޮރާއި، އަދި މި އަޅާގެ ފައިތިލަ އުފުއްލައިދިން އެއްޗެއް (އެބަހީ ޖިސްމު) ވަނީ އިބަ ﷲ އަށް މަޑުމޮޅިވެ ނިކަމެތިވެގެންނެވެ.,,,𝟣𝟩 While bowing in prayer,"O Allah , to You I bow (in prayer) and in You I believe and to You I have submitted. Before You my hearing is humbled, and my sight, and my mind, my bones, my nerves and what my feet have mounted upon (for travel)."
37,١٧ - دُعَاءُ الرُّكُوعِ,٣٧ - سُبْحَانَ ذِي الْجَبَرُوتِ، وَالْمَلَكُوتِ، وَالْكِبْرِيَاءِ، وَالْعَظَمَةِ,𝟣𝟩 - ރުކޫގައި ކިޔާ ދުއާ,ގަދަފަދަކަމާއި، ވެރިކަމާއި، ބޮޑުކަމާއި، މަތިވެރިކަމުގެ ވެރި އިލާހުގެ ހުސްތާހިރުވަންތަކަމާއެވެ!,,,𝟣𝟩 While bowing in prayer,"Glory is to You, Master of power, of dominion, of majesty and greatness."
38,١٨ - دُعَاءُ الرَّفْعِ مِنَ الرُّكُوعِ,٣٨ - سَمِعَ اللَّهُ لِمَنْ حَمِدَهُ,𝟣𝟪 - ރުކޫއިން ތެދުވެގެން ކިޔާ ދުއާ,ﷲ، އެ ކަނލާގެއަށް ހަމްދުކުރާ މީހާގެ އަޑު، އައްސަވައި ވޮޑިގެންފިއެވެ.,,,𝟣𝟪 Upon rising from the bowing position,Allah hears whoever praises Him.
39,١٨ - دُعَاءُ الرَّفْعِ مِنَ الرُّكُوعِ,٣٩ - رَبَّنَا وَلَكَ الْحَمْدُ، حَمْداً كَثيراً طَيِّباً مُبارَكاً فِيهِ,𝟣𝟪 - ރުކޫއިން ތެދުވެގެން ކިޔާ ދުއާ,އަޅަމެންގެ ރައްބެވެ! ގިނަވެގެންވާ، ރިވެތިވެގެންވާ، ބަރަކާތް ލެއްވިގެންވާ ހަމްދަކުން އިބަ ﷲ އަށް ހަމްދު ލިބިވޮޑިގެންވެއެވެ.,,,𝟣𝟪 Upon rising from the bowing position,"Our Lord, praise is Yours, abundant, good and blessed praise."
40,١٨ - دُعَاءُ الرَّفْعِ مِنَ الرُّكُوعِ,٤٠ - مِلْءَ السَّمَوَاتِ وَمِلْءَ الأَرْضِ، وَمَا بَيْنَهُمَا، وَمِلْءَ مَا شِئْتَ مِنْ شَيءٍ بَعْدُ. أَهلَ الثَّناءِ وَالْمَجْدِ، أَحَقُّ مَا قَالَ الْعَبْدُ، وَكُلُّنَا لَكَ عَبْدٌ. اللَّهُمَّ لَا مَانِعَ لِمَا أَعْطَيْتَ، وَلَا مُعْطِيَ لِمَا مَنَعْتَ، وَلَا يَنْفَعُ ذَا الجَدِّ مِنْكَ الجَدُّ,𝟣𝟪 - ރުކޫއިން ތެދުވެގެން ކިޔާ ދުއާ,އޭ ހައްދަވައި ބޮޑުކުރެއްވި ރަސްކަލާކޮ! އުޑުތަކާއި، ބިމާއި، އެ ދެމެދުގައި ވާހައި އެއްޗަކާއި އަދި އެއަށްފަހުވެސް އިބަ ﷲ އިރާދަކުރެއްވި އެއްޗެއް ފުރައި އިބަ ﷲ އަށް ހަމްދު ލިބިވޮޑިގެންވެއެވެ. އޭ އެންމެހާ ރިވެތި ސަނާއަކާއި، އެންމެހާ މަތިވެރިކަމެއްގެ ވެރިރަސްކަލާކޮ! އަޅަކު ދަންނަވާނެ އެންމެ ހައްގުވެގެންވާ ބަހަކީ މިއީއެވެ. އަދި އަޅަމެން އެންމެންނީ އިބަ ﷲ ގެ އަޅުންނީމުއެވެ. އޭ ހައްދަވައި ބޮޑުކުރެއްވި ރަސްކަލާކޮ! އިބަ ﷲ ދެއްވާ އެއްޗެއް މަނާކުރާނެ ފަރާތެއް ނުވެއެވެ. އަދި އިބަ ﷲ މަނާކުރެއްވި އެއްޗެއް ދޭނެ އެހެންފަރާތެއްވެސް ނުމެވޭމެއެވެ. އަދި އެއްވެސް ގަދަރުވެރިޔަކަށް ނުވަތަ ނަސީބުވެރިޔަކަށް އޭނާގެ ގަދަރުވެރިކަން ނުވަތަ ނަސީބުވެރިކަން އިބަ އިލާހުގެ ހަޒްރަތުން އެއްވެސް ފައިދާއެއް ނުކޮށްދޭނެތެވެ. (ހަމައެކަނި ފައިދާކޮށްދޭނީ ސާލިހު އަމަލެވެ.),,,𝟣𝟪 Upon rising from the bowing position,"(A praise that) fills the heavens and the earth and what lies between them, and whatever else You please. (You Allah) are most worthy of praise and majesty, and what the slave has said - we are all Your slaves. O Allah, there is none who can withhold what You give, and none may give what You have withheld. And the might of the mighty person cannot benefit him against You."
41,١٩ - دُعَاءُ السُّجُودِ,٤١ - ((سُبْحَانَ رَبِّيَ الأَعْلَى)) ثلاث مرَّاتٍ,𝟣𝟫 - ސަޖިދައިގާ ކިޔާ ދުއާ,"(ތިންފަހަރު) ""މި އަޅާ ހައްދަވައި ބޮޑުކުރެއްވި، މަތިވެރި އިލާހުގެ ހުސްތާހިރު ވަންތަކަމާއެވެ!""",,,𝟣𝟫 While prostrating,"Glory is to my Lord, the Most High. (This is said three times in Arabic.)"
42,١٩ - دُعَاءُ السُّجُودِ,٤٢ - سُبْحَانَكَ اللَّهُمَّ رَبَّنَا وَبِحَمْدِكَ، اللَّهُمَّ اغْفِرْ لِي,𝟣𝟫 - ސަޖިދައިގާ ކިޔާ ދުއާ,އިބަ ﷲ ގެ ހުސްތާހިރުވަންތަކަމާއެވެ! ޔާ ﷲ! އަޅަމެންގެ ރައްބެވެ! އަދި ހުރިހާ ހަމްދުތައުރީފެއް އިބަ ﷲ އަށް ލިބިވޮޑިގެންވެއެވެ. ޔާ ﷲ! މި އަޅާއަށް ފާފަ ފުއްސަވާނދޭވެ!,,,𝟣𝟫 While prostrating,"Glory is to You, O Allah, our Lord, and praise is Yours. O Allah, forgive me."
43,١٩ - دُعَاءُ السُّجُودِ,٤٣ - سُبوحٌ، قُدُّوسٌ، رَبُّ الْمَلَائِكَةِ وَالرُّوحِ,𝟣𝟫 - ސަޖިދައިގާ ކިޔާ ދުއާ,އެ އިލާހީ ހުރިހާ އުނިސިފަތަކަކުން ހުސްދުރުވެވޮޑިގެންވާ އިލާހެވެ. ހުރިހާ ޢައިބަކުން ހުސްތާހިރުވެ ވޮޑިގެންވާ އިލާހެވެ. އެ އިލާހީ މަލާއިކަތުންނާއި، ޖިބްރީލުގެ ރައްބެވެ.,,,𝟣𝟫 While prostrating,"Glory (to You), Most Holy (are You), Lord of the angels and the Spirit."
44,١٩ - دُعَاءُ السُّجُودِ,٤٤ - اللَّهُمَّ لَكَ سَجَدْتُ وَبِكَ آمَنْتُ، وَلَكَ أَسْلَمْتُ، سَجَدَ وَجْهِيَ لِلَّذِي خَلَقَهُ، وَصَوَّرَهُ، وَشَقَّ سَمْعَهُ وَبَصَرَهُ، تَبَارَكَ اللَّهُ أَحْسنُ الْخَالِقينَ,𝟣𝟫 - ސަޖިދައިގާ ކިޔާ ދުއާ,ޔާ ﷲ! މި އަޅާ ހަމައެކަނި އިބަ ﷲ އަށް ސަޖިދަކޮށްފީމެވެ. އަދި މި އަޅާ ހަމައެކަނި އިބަ ﷲ އަށް އީމާންވެއްޖައީމެވެ. އަދި މި އަޅާ ހަމައެކަނި އިބަ ﷲ އަށް ބޯލަނބައި ކިޔަމަންވެއްޖައީމެވެ. މި އަޅާގެ މޫނުހައްދަވައި، އެމޫނު ބުރުސޫރަކުރައްވައި، އެމޫނުގެ އިވުމާއި، ފެނުން ހާމަކޮށްދެއްވި ފަރާތަށް މި އަޅާގެ މޫނު ސަޖިދަކޮށްފިއެވެ. ﷲ ގެ މަތިވެރިކަމާއެވެ! އެ އިލާހީ އެންމެ ރިވެތިކޮށް ހައްދަވައި ޚަލްގު ކުރައްވާ ފަރާތެވެ.,,,𝟣𝟫 While prostrating,"O Allah, to You I prostrate myself and in You I believe. To You I have submitted. My face is prostrated to the One Who created it, fashioned it, and gave it hearing and sight. Blessed is Allah, the Best of creators"
45,١٩ - دُعَاءُ السُّجُودِ,٤٥ - سُبْحَانَ ذِي الْجَبَرُوتِ، وَالْمَلَكُوتِ، وَالْكِبْرِيَاءِ، وَالْعَظَمَةِ,𝟣𝟫 - ސަޖިދައިގާ ކިޔާ ދުއާ,ގަދަފަދަކަމާއި، ވެރިކަމާއި، ބޮޑުކަމާއި، މަތިވެރިކަމުގެ ވެރި އިލާހުގެ ހުސްތާހިރުވަންތަކަމާއެވެ!,,,𝟣𝟫 While prostrating,"Glory is to the master of power, sovereignty, of majesty and greatness."
46,١٩ - دُعَاءُ السُّجُودِ,٤٦ - اللَّهُمَّ اغْفِرْ لِي ذَنْبِي كُلَّهُ: دِقَّهُ وَجِلَّهُ، وَأَوَّلَهُ وَآخِرَهُ، وَعَلاَنِيَتَهُ وَسِرَّهُ,𝟣𝟫 - ސަޖިދައިގާ ކިޔާ ދުއާ,ޔާ ﷲ! މި އަޅާގެ ހުރިހާ ފާފައެއް ފުއްސަވާނދޭވެ! އޭގެ ކުދިފާފަތަކާއި ބޮޑެތިފާފަތަކެވެ. އަދި ފުރަތަމަ ފާފައާއި އެންމެފަހުގެ ފާފައެވެ. ފާޅުވެގެންވާ ފާފައާއި ސިއްރުވެ ވަންހަނާވެގެންވާ ފާފައެވެ.,,,𝟣𝟫 While prostrating,"O Allah, forgive me all my sins, great and small, the first and the last, those that are apparent and those that are hidden."
47,١٩ - دُعَاءُ السُّجُودِ,٤٧ - اللَّهُمَّ إِنِّي أَعُوذُ بِرِضَاكَ مِنْ سَخَطِكَ، وَبِمُعَافَاتِكَ مِنْ عُقوبَتِكَ، وَأَعُوذُ بِكَ مِنْكَ، لَا أُحْصِي ثَنَاءً عَلَيْكَ، أَنْتَ كَمَا أَثْنَيْتَ عَلَى نَفْسِكَ,𝟣𝟫 - ސަޖިދައިގާ ކިޔާ ދުއާ,ޔާ ﷲ! ހަމަކަށަވަރުން މި އަޅާ އިބަ ﷲ ގެ ރުހިވޮޑިގަތުމުގެ ސިފަފުޅު މެދުވެރިކޮށް، އިބަ ﷲ ގެ ކޯފާއިން ރައްކާތެރިކޮށްދެއްވުމަށް އެދިދަންނަވަމެވެ. އަދި އިބަ ﷲ ގެ އަފޫކުރެއްވުގެ ސިފަފުޅު މެދުވެރިކޮށް، އިބަ ﷲ ގެ އުގޫބާތުން ރައްކާތެރިކޮށްދެއްވުމަށް އެދިދަންނަވަމެވެ. އަދި އިބަ ﷲ ގެ ހަޒްރަތުންވާ ނުރުހުމަކުން ނުވަތަ އަޒާބުން ރައްކާތެރިކޮށްދެއްވުމަށް އެދި އިބަ ﷲ ގެ ހަޒްރަތަށް ދަންނަވަމެވެ. އިބަ ﷲ އަށް ދަންނަވަންޖެހޭ ތައުރީފާއި ސަނާ މި އަޅާއަށް އަދަދުނުކުރެވޭހައި ގިނައެވެ. އިބަ ﷲ އީ އިބަ ﷲ ގެ އަމިއްލަ ޒާތުފުޅަށް ސަނާ ވަހީކުރެއްވި ފަދައިން ސަނާ ލިބިވޮޑިންގެވާ އިލާހެވެ.,,,𝟣𝟫 While prostrating,"O Allah, I seek protection in Your pleasure from Your anger, and I seek protection in Your forgiveness from Your punishment. I seek protection in You from You. I cannot count Your praises. You are as You have praised Yourself."
48,٢٠ - دُعَاءُ الْجلْسَةِ بَيْنَ السَّجْدَتَيْنِ,٤٨ - رَبِّ اغْفِرْ لِي، رَبِّ اغْفِرْ لِي,𝟤𝟢 - ދެ ސަޖިދަ ދެމެދު ކިޔާ ދުއާ,އަޅުގެ ރައްބެވެ! މި އަޅާއަށް ފާފަފުއްސަވާނދޭވެ! އަޅުގެ ރައްބެވެ! މި އަޅާއަށް ފާފަފުއްސަވާނދޭވެ!,,,𝟤𝟢 Between the two prostrations,"Lord, forgive me. My Lord, forgive me."
49,٢٠ - دُعَاءُ الْجلْسَةِ بَيْنَ السَّجْدَتَيْنِ,٤٩ - اللَّهُمَّ اغْفِرْ لِي، وَارْحَمْنِي، وَاهْدِنِي، وَاجْبُرْنِي، وَعَافِنِي، وَارْزُقْنِي، وَارْفَعْنِي,𝟤𝟢 - ދެ ސަޖިދަ ދެމެދު ކިޔާ ދުއާ,ޔާ ﷲ! މި އަޅާއަށް ފާފަފުއްސަވާނދޭވެ! އަދި މި އަޅާއަށް ރަހްމަތް ލައްވާނދޭވެ. އަދި މި އަޅާއަށް ހިދާޔަތް ދައްކަވާނދޭވެ! އަދި މި އަޅާގެ އުނިކަންތައް ފޫބައްދަވާނދޭވެ! އަދި މި އަޅާއަށް ފުރިހަމަ އާފިޔަތް ދެއްވާނދޭވެ. އަދި މި އަޅާއަށް ރިޒްގުދެއްވާނދޭވެ. އަދި މި އަޅާ މަތިވެރިކުރައްވާނދޭވެ.,,,𝟤𝟢 Between the two prostrations,"O Allah forgive me, have mercy on me, guide me, support me, protect me, provide for me, and elevate me."
50,٢١ - دُعَاءُ سُجُودِ التِّلاَوَةِ,٥٠ - سَجَدَ وَجْهِيَ لِلَّذِي خَلَقَهُ، وَشَقَّ سَمْعَهُ وَبَصَرَهُ بِحَوْلِهِ وَقُوَّتِهِ، {فَتَبارَكَ اللَّهُ أَحْسَنُ الْخَالِقِينَ},𝟤𝟣 - ތިލާވަތުގެ ސަޖިދައިގާ ކިޔާ ދުއާ,އެފަރާތެއްގެ ކުޅަދުންވަންތަކަމާއި، ބާރުފުޅުން މި އަޅާގެ މޫނު ހައްދަވައި، އެމޫނުގެ އިވުމާއި ފެނުން ހާމަކުރެއްވި ފަރާތަށް މި އަޅާގެ މޫނު ސަޖިދަކޮށްފިއެވެ. ފަހެ ﷲ ގެ މަތިވެރިކަމާއެވެ! އެއީ އެންމެ ރިވެތިކޮށް ހައްދަވައި ޚަލްގު ކުރައްވާ ފަރާތެވެ.,,,𝟤𝟣 When prostrating due to recitation of the Quran,"I have prostrated my face to the One Who created it, and gave it hearing and sight by His might and His power. Glory is to Allah, the Best of creators."
51,٢١ - دُعَاءُ سُجُودِ التِّلاَوَةِ,٥١ - اللَّهُمَّ اكْتُبْ لِي بِهَا عِنْدَكَ أَجْراً، وَضَعْ عَنِّي بِهَا وِزْراً، وَاجْعَلْهَا لِي عِنْدَكَ ذُخْراً، وَتَقَبَّلْهَا مِنِّي كَمَا تَقَبَّلْتَهَا مِنْ عَبْدِكَ دَاوُدَ,𝟤𝟣 - ތިލާވަތުގެ ސަޖިދައިގާ ކިޔާ ދުއާ,ޔާ ﷲ! މި އަޅާއަށް މިސަޖިދައިގެ ސަބަބުން އިބަ ﷲ ގެ ހަޒްރަތުގައި އަޖުރެއް ލިޔުއްވާނދޭވެ! އަދި މިސަޖިދައިގެ ސަބަބުން މި އަޅާގެ ކިބައިން ފާފައެއް ފުއްސަވާނދޭވެ! އަދި އިބަ ﷲ ގެ ހަޒްރަތުގައި، މި އަޅާއަށްޓަކައި ފަހަށް ރައްކާކުރެވިފައިވާ ހެޔޮ އަމަލެއްކަމުގައި މިސަޖިދަ ލައްވާނދޭވެ! އަދި އިބަ ﷲ ގެ އަޅާ ކަމުގައިވާ ދާވޫދުގެފާނުގެ ކިބައިން މިސަޖިދަ ގަބޫލުކުރެއްވިފަދައިން މި އަޅާގެ ކިބައިންވެސް މިސަޖިދަ ގަބޫލުކުރައްވާނދޭވެ.,,,𝟤𝟣 When prostrating due to recitation of the Quran,"O Allah, write it as a reward for me, and release me from a burden for it, and make it a treasure for me with You. Accept it from me as You accepted it from your servant Dawud."
52,٢٢ - التَّشَهُّدُ,٥٢ - التَّحِيَّاتُ لِلَّهِ، وَالصَّلَواتُ، وَالطَّيِّباتُ، السَّلاَمُ عَلَيْكَ أَيُّهَا النَّبِيُّ وَرَحْمَةُ اللَّهِ وَبَرَكَاتُهُ، السَّلاَمُ عَلَيْنَا وَعَلَى عِبَادِ اللَّهِ الصَّالِحِينَ. أَشْهَدُ أَنْ لَا إِلَهَ إِلاَّ اللَّهُ وَأَشْهَدُ أَنَّ مُحَمَّداً عَبْدُهُ وَرَسولُهُ,𝟤𝟤 - ތަޝައްހުދު (ތަހިއްޔާތު) ގައި ކިޔާ ދުއާ,ދުލުންކުރެވޭ އެންމެހާ އަޅުކަންތަކާއި، ހަށިގަނޑުން ކުރެވޭ އެންމެހާ އަޅުކަންތަކާއި އަދި މުދަލުންކުރެވޭ އެންމެހާ އަޅުކަންތައް މިލްކުވެ ވޮޑިގެންވަނީ ﷲ އަށެވެ. އޭ ނަބިއްޔާއެވެ! އިބަ ނަބިއްޔާއަށް ސަލާމާއި، ﷲ ގެ ރަހުމަތާއި، ބަރަކާތްހުއްޓެވެ. އަދި އަޅަމެންނަށާއި ﷲ ގެ އެންމެހާ ސާލިހު އަޅުންނަށް ސަލާމްހުއްޓެވެ. ﷲ މެނުވީ އަޅުކަންވެވުން ހައްގުވެގެންވާ އެހެން އެއްވެސް އިލާހަކު ނުވާކަމަށް މި އަޅާ ހެކިވަމެވެ. އަދި މުޙައްމަދުގެފާނީ އެ އިލާހުގެ އަޅާކަމަށާއި އެ އިލާހުގެ ރަސޫލާކަމަށްވެސް މި އަޅާ ހެކިވަމެވެ.,,,𝟤𝟤 The Tashahhud,"All greetings of humility are for Allah, and all prayers and goodness. Peace be upon you, O Prophet, and the mercy of Allah and His blessings. Peace be upon us and upon the righteous slaves of Allah. I bear witness that there is none worthy of worship but Allah, and I bear witness that Muhammad is His slave and His Messenger."
53,٢٣ - الصَّلاةُ عَلَى النَّبيِّ ﷺ بَعْدَ التَّشَهُّدِ,٥٣ - اللَّهُمَّ صَلِّ عَلَى مُحَمَّدٍ، وَعَلَى آلِ مُحَمَّدٍ، كَمَا صَلَّيتَ عَلَى إِبْرَاهِيمَ، وَعَلَى آلِ إِبْرَاهِيمَ، إِنَّكَ حَمِيدٌ مَجِيدٌ، اللَّهُمَّ بَارِكْ عَلَى مُحَمَّدٍ وَعَلَى آلِ مُحَمَّدٍ، كَمَا بَارَكْتَ عَلَى إِبْرَاهِيمَ وَعَلَى آلِ إِبْرَاهِيمَ، إِنَّكَ حَمِيدٌ مَجِيدٌ,𝟤𝟥 - ތަޝައްހުދު (ތަހިއްޔާތު) އަށް ފަހު ނަބިއްޔާ ﷺ ގެ މައްޗަށް ޞަލަވާތް ކިޔެވުން,ޔާ ﷲ! މުޙައްމަދުގެފާނުގެ މައްޗަށާއި، މުޙައްމަދުގެފާނުގެ އާލުންގެ މައްޗަށް ޞަލަވާތް ލައްވާށިއެވެ. އެއީ އިބްރާހީމުގެފާނުގެ މައްޗަށާއި، އިބްރާހީމުގެފާނުގެ އާލުންގެ މައްޗަށް އިބަ އިލާހު ޞަލަވާތް ލެއްވި ފަދައިންނެވެ. ހަމަކަށަވަރުން އިބަ އިލާހީ، ގިނަގިނައިން ހަމްދު ކުރެވިގެންވާ، މަތިވެރި މާތްވެގެންވާ އިލާހެވެ. ޔާ ﷲ! މުޙައްމަދުގެފާނުގެ މައްޗަށާއި، މުޙައްމަދުގެފާނުގެ އާލުންގެ މައްޗަށް ބަރަކާތް ލައްވާށިއެވެ. އެއީ އިބްރާހީމުގެފާނުގެ މައްޗަށާއި، އިބްރާހީމުގެފާނުގެ އާލުންގެ މައްޗަށް އިބަ އިލާހު ބަރަކާތް ލެއްވި ފަދައިންނެވެ. ހަމަކަށަވަރުން އިބަ އިލާހީ، ގިނަގިނައިން ހަމްދު ކުރެވިގެންވާ، މަތިވެރި މާތްވެގެންވާ އިލާހެވެ.,,,𝟤𝟥 Prayers upon the Prophet ﷺ after the tashahhud,"O Allah, bestow Your favor on Muhammad and on the family of Muhammad as You have bestowed Your favor on Ibrahim and on the family of Ibrahim, You are Praiseworthy, Most Glorious. O Allah, bless Muhammad and the family of Muhammad as You have blessed Ibrahim and the family of Ibrahim, You are Praiseworthy, Most Glorious."
54,٢٣ - الصَّلاةُ عَلَى النَّبيِّ ﷺ بَعْدَ التَّشَهُّدِ,٥٤ - اللَّهُمَّ صَلِّ عَلَى مُحَمَّدٍ وَعَلَى أَزْوَاجِهِ وَذُرِّيَّتِهِ، كَمَا صَلَّيْتَ عَلَى آلِ إِبْرَاهِيمَ. وَبَارِكْ عَلَى مُحَمَّدٍ وَعَلَى أَزْواجِهِ وَذُرِّيَّتِهِ، كَمَا بَارَكْتَ عَلَى آلِ إِبْرَاهِيمَ. إِنَّكَ حَمِيدٌ مَجِيدٌ,𝟤𝟥 - ތަޝައްހުދު (ތަހިއްޔާތު) އަށް ފަހު ނަބިއްޔާ ﷺ އަށް ސަލަވާތް ކިޔެވުން,ޔާ ﷲ! އިބްރާހީމުގެފާނުގެ އާލުންގެ މައްޗަށް އިބަ ﷲ ސަލަވާތްލެއްވި ފަދައިން މުޙައްމަދުގެފާނާއި، އެކަލޭގެފާނުގެ އަނބިއަނބި ކަނބަލުންނާއި، އަދި އެކަލޭގެފާނުގެ ދަރިފަސްކޮޅުގެ މައްޗަށްވެސް ސަލަވާތްލައްވާނދޭވެ! އަދި އިބްރާހީމުގެފާނުގެ އާލުންގެ މައްޗަށް އިބަ ﷲ ބަރަކާތްލެއްވި ފަދައިން މުޙައްމަދުގެފާނާއި، އެކަލޭގެފާނުގެ އަނބިއަނބި ކަނބަލުންނާއި އަދި އެކަލޭގެފާނުގެ ދަރިފަސްކޮޅުގެ މައްޗަށްވެސް ބަރަކާތްލައްވާނދޭވެ! ހަމަކަށަވަރުން އިބަ ﷲ އީ އެންމެހާ ހަމްދަކާއި އެންމެހާ މާތްކަމެއް ލިބިވޮޑިގެންވާ އިލާހެވެ.,,,𝟤𝟥 Prayers upon the Prophet ﷺ after the tashahhud,"O Allah, bestow Your favor on Muhammad and upon his wives and progeny as You have bestowed Your favor upon the family of Ibrahim. And bless Muhammad and his wives and progeny as You have blessed the family of Ibrahim, You are full of praise, Most Glorious."
55,٢٤ - الدُّعَاءُ بَعْدَ التَّشَهُّدِ الأَخِيرِ قَبْلَ السَّلاَمِ,٥٥ - اللَّهُمَّ إِنِّي أَعُوذُ بِكَ مِنْ عَذَابِ الْقَبْرِ، وَمِنْ عَذَابِ جَهَنَّمَ، وَمِنْ فِتْنَةِ الْمَحْيَا وَالْمَمَاتِ، وَمِنْ شَرِّ فِتْنَةِ الْمَسِيحِ الدَّجَّالِ,𝟤𝟦 - ފަހު ތަޝައްހުދު (ތަހިއްޔާތު) އަށް ފަހު، ސަލާމް ދިނުމުގެ ކުރިން ކިޔާ ދުއާ,ޔާ ﷲ! ކަށްވަޅުގެ އަޒާބުންނާއި ނަރަކައިގެ އަޒާބުން ރައްކާތެރިކޮށްދެއްވުމަށް އެދި ހަމަށަވަރުން މި އަޅާ އިބަ ﷲ ގެ ހަޒްރަތަށް ދަންނަވަމެވެ. އަދި ދިރިހުރުމާއި މަރުވުމުގެ ފިތުނައިން ރައްކައުތެރި ކޮށްދެއްވުމަށްވެސް އެދި ދަންނަވަމެވެ. އަދި މަސީޙުއް ދައްޖާލުގެ ފިތުނައިގެ ނުބައިކަމުން ރައްކައުތެރި ކޮށްދެއްވުމަށްވެސް އެދި ދަންނަވަމެވެ.,,,𝟤𝟦 After the last tashahhud and before salam,"O Allah, I seek refuge in You from the punishment of the grave, and from the punishment of Hell-fire, and from the trials of life and death, and from the evil of the trial of the False Messiah."
56,٢٤ - الدُّعَاءُ بَعْدَ التَّشَهُّدِ الأَخِيرِ قَبْلَ السَّلاَمِ,٥٦ - اللَّهُمَّ إِنِّي أَعوذُ بِكَ مِنْ عَذَابِ الْقَبْرِ، وَأَعوذُ بِكَ مِنْ فِتْنَةِ الْمَسِيحِ الدَّجَّالِ، وَأَعوذُ بِكَ مِنْ فِتْنَةِ الْمَحْيَا وَالْمَمَاتِ. اللَّهُمَّ إِنِّي أَعوذُ بِكَ مِنَ الْمَأْثَمِ وَالْمَغْرَمِ,𝟤𝟦 - ފަހު ތަޝައްހުދު (ތަހިއްޔާތު) އަށް ފަހު، ސަލާމް ދިނުމުގެ ކުރިން ކިޔާ ދުއާ,ޔާ ﷲ! ކަށްވަޅުގެ އަޒާބުން ރައްކައުތެރިކޮށްދެއްވުމަށް އެދި ހަމަކަށަވަރުން މި އަޅާ އިބަ ﷲ ގެ ހަޒްރަތަށް ދަންނަވަމެވެ. އަދި މަސީޙުއް ދައްޖާލުގެ ފިތުނައިން ރައްކައުތެރި ކޮށްދެވުމަށްވެސް އެދި އިބަ ﷲ ގެ ހަޒްރަތަށް ދަންނަވަމެވެ. އަދި ދިރިއުޅުމާއި މަރުވުމުގެ ފިތުނައިން ރައްކައުތެރިކޮށްދެއްވުމަށްވެސް އެދި އިބަ ﷲ ގެ ހަޒްރަތަށް ދަންނަވަމެވެ. އަދި ފާފަކުރުމުންނާއި ދަރަނިވެރިވުމުން ރައްކައުތެރި ކޮށްދެއްވުމަށްވެސް އެދި އިބަ ﷲ ގެ ހަޒްރަތަށް ދަންނަވަމެވެ.,,,𝟤𝟦 After the last tashahhud and before salam,"O Allah, I seek refuge in You from the punishment of the grave, and I seek refuge in You from the trial of the False Messiah, and I seek refuge in You from the trials of life and death. O Allah, I seek refuge in You from sin and from debt."
57,٢٤ - الدُّعَاءُ بَعْدَ التَّشَهُّدِ الأَخِيرِ قَبْلَ السَّلاَمِ,٥٧ - اللَّهُمَّ إِنِّي ظَلَمْتُ نَفْسِي ظُلْماً كَثِيراً، وَلَا يَغْفِرُ الذُّنوبَ إِلاَّ أَنْتَ، فَاغْفِرْ لِي مَغْفِرَةً مِنْ عِنْدِكَ وَارْحَمْنِي، إِنَّكَ أَنْتَ الغَفورُ الرَّحيمُ,𝟤𝟦 - ފަހު ތަޝައްހުދު (ތަހިއްޔާތު) އަށް ފަހު، ސަލާމް ދިނުމުގެ ކުރިން ކިޔާ ދުއާ,ޔާ ﷲ! ހަމަކަށަވަރުން މި އަޅާ، މި އަޅާގެ އަމިއްލަ ނަފްސަށް ގިނަވެގެންވާ އަނިޔާވެރިވުމަކުން އަނިޔާވެރިވީމެވެ. އަދި އިބަ ﷲ ފިޔަވައި ފާފަ ފުއްސަވާނެ އެހެންއެއްވެސް ފަރާތެއް ނުވެއެވެ. ފަހެ އިބަ ﷲ ގެ ހަޒްރަތުންވާ ފާފަފުއްސެވުމަކުން މި އަޅާއަށް ފާފަފުއްސަވާނދޭވެ! އަދި މި އަޅާއަށް އޯގާވެރިވެ ވޮޑިގަންނަވާނދޭވެ! ހަމަކަށަވަރުން އިބަ ﷲ އީ ފާފަފުއްސަވާ އޯގާވަންތަ އިލާހެވެ.,,,𝟤𝟦 After the last tashahhud and before salam,"O Allah, I have greatly wronged myself, and no one forgives sins but You. So, grant me forgiveness and have mercy on me. Surely, you are Forgiving, Merciful."
58,٢٤ - الدُّعَاءُ بَعْدَ التَّشَهُّدِ الأَخِيرِ قَبْلَ السَّلاَمِ,٥٨ - اللَّهُمَّ اغْفِرْ لِي مَا قَدَّمْتُ، وَمَا أَخَّرْتُ، وَمَا أَسْرَرْتُ، وَمَا أَعْلَنْتُ، وَمَا أَسْرَفْتُ، وَمَا أَنْتَ أَعْلَمُ بِهِ مِنِّي. أَنْتَ الْمُقَدِّمُ، وَأَنْتَ الْمُؤَخِّرُ لَا إِلَهَ إِلاَّ أَنْتَ,𝟤𝟦 - ފަހު ތަޝައްހުދު (ތަހިއްޔާތު) އަށް ފަހު، ސަލާމް ދިނުމުގެ ކުރިން ކިޔާ ދުއާ,ޔާ ﷲ! މި އަޅާއަށް މި އަޅާގެ އިސްވެދިޔަހައި ފާފައަކާއި ފަސްވެކުރިހައި ފާފައެއް ފުއްސަވާނދޭވެ! އަދި މި އަޅާ ސިއްރުން ކުރިހައި ފާފައަކާއި ފާޅުގައި ކުރިހައި ފާފައެއް ފުއްސަވާނދޭވެ! އަދި މި އަޅާ ހައްދުފަހަނަޅާ ވަރަށް ކޮށްފައިވާ ފާފަވެސް މި އަޅާއަށް ފުއްސަވާނދޭވެ! އަދި އެއީ ފާފައެއްކަން މި އަޅާއަށްވުރެ ބޮޑަށް އިބަ ﷲ ދެނެވޮޑިގަންނަވާ ފާފަވެސް މި އަޅާއަށް ފުއްސަވާނދޭވެ! (ހެޔޮކަންތަކުގައި މީސްތަކުން) އިސްކުރައްވާ ފަރާތަކީ އިބަ ﷲ އެވެ. އަދި ފަސްކުރައްވާ ފަރާތަކީވެސް އިބަ ﷲ އެވެ. އިބަ ﷲ ފިޔަވައި އަޅުކަންވެވުން ހައްގުވެގެންވާ އެހެން އެއްވެސް އިލާހަކު ނުވެއެވެ.,,,𝟤𝟦 After the last tashahhud and before salam,"O Allah, forgive me what I have sent before me and what I have left behind me, what I have concealed and what I have done openly, what I have done in excess, and what You are better aware of than I. You are the One Who sends forth and You are the One Who delays. There is none worthy of worship but You."
59,٢٤ - الدُّعَاءُ بَعْدَ التَّشَهُّدِ الأَخِيرِ قَبْلَ السَّلاَمِ,٥٩ - اللَّهُمَّ أَعِنِّي عَلَى ذِكْرِكَ، وَشُكْرِكَ، وَحُسْنِ عِبادَتِكَ,𝟤𝟦 - ފަހު ތަޝައްހުދު (ތަހިއްޔާތު) އަށް ފަހު، ސަލާމް ދިނުމުގެ ކުރިން ކިޔާ ދުއާ,ޔާ ﷲ! އިބަ ﷲ އަށް ޒިކުރުކުރުމާއި، އިބަ ﷲ އަށް ޝުކުރުކުރުމާއި އަދި އިބަ ﷲ އަށް ރިވެތިކޮށް އަޅުކަންކުރުމުގެ މައްޗަށް މި އަޅާއަށް މަދަދުކުރައްވާނދޭވެ!,,,𝟤𝟦 After the last tashahhud and before salam,"O Allah, help me to remember You, to give You thanks, and to perform Your worship in the best manner."
60,٢٤ - الدُّعَاءُ بَعْدَ التَّشَهُّدِ الأَخِيرِ قَبْلَ السَّلاَمِ,٦٠ - اللَّهُمَّ إِنِّي أَعُوذُ بِكَ مِنَ الْبُخْلِ، وَأَعوذُ بِكَ مِنَ الْجُبْنِ، وَأَعُوذُ بِكَ مِنْ أَنْ أُرَدَّ إِلَى أَرْذَلِ الْعُمُرِ، وَأَعُوذُ بِكَ مِنْ فِتْنَةِ الدُّنْيَا وَعَذَابِ الْقَبْرِ,𝟤𝟦 - ފަހު ތަޝައްހުދު (ތަހިއްޔާތު) އަށް ފަހު، ސަލާމް ދިނުމުގެ ކުރިން ކިޔާ ދުއާ,ޔާ ﷲ! ބަޚީލުކަމުން ރައްކާތެރިކޮށްދެއްވުމަށް އެދި ހަމަކަށަވަރުން މި އަޅާ އިބަ ﷲ ގެ ހަޒްރަތަށް ދަންނަވަމެވެ. އަދި ފިނޑިކަމުން ރައްކައުތެރިކޮށްދެއްވުމަށްވެސް އެދި މި އަޅާ އިބަ ﷲ ގެ ހަޒްރަތަށް ދަންނަވަމެވެ. އަދި އެންމެ މުސްކުޅި އުމުރާ ހިސާބަށް (މީސްތަކުންނަށް މި އަޅާގެ ބުރައުފުލަންޖެހޭ އުމުރާ ހިސާބަށް) މި އަޅާ ވާސިލުވުމުން ރައްކައުތެރިކޮށްދެއްވުމަށްވެސް އެދި އިބަ ﷲ ގެ ހަޒްރަތަށް ދަންނަވަމެވެ. އަދި ދުނިޔޭގެ ފިތުނައިންނާއި، ކަށްވަޅުގެ އަޒާބުން ރައްކައުތެރިކޮށްދެއްވުމަށްވެސް އެދި އިބަ ﷲ ގެ ހަޒްރަތަށް ދަންނަވަމެވެ.,,,𝟤𝟦 After the last tashahhud and before salam,"O Allah, I seek Your protection from miserliness, I seek Your protection from cowardice, and I seek Your protection from being returned to feeble old age. I seek Your protection from the trials of this world and from the torment of the grave."
61,٢٤ - الدُّعَاءُ بَعْدَ التَّشَهُّدِ الأَخِيرِ قَبْلَ السَّلاَمِ,٦١ - اللَّهُمَّ إِنِّي أَسْأَلُكَ الْجَنَّةَ وَأَعُوذُ بِكَ مِنَ النَّارِ,𝟤𝟦 - ފަހު ތަޝައްހުދު (ތަހިއްޔާތު) އަށް ފަހު، ސަލާމް ދިނުމުގެ ކުރިން ކިޔާ ދުއާ,ޔާ ﷲ! ހަމަކަށަވަރުން މި އަޅާ އިބަ ﷲ ގެ ހަޒްރަތުން ސުވަރުގެއަށް އެދިދަންނަވަމެވެ. އަދި އިބަ ﷲ ގެ ހަޒްރަތުން ނަރަކައިން ރައްކައުތެރި ކޮށްދެއްވުމަށްވެސް އެދި ދަންނަވަމެވެ.,,,𝟤𝟦 After the last tashahhud and before salam,"O Allah, I ask You for Paradise, and I seek Your protection from the Fire."
62,٢٤ - الدُّعَاءُ بَعْدَ التَّشَهُّدِ الأَخِيرِ قَبْلَ السَّلاَمِ,٦٢ - اللَّهُمَّ بِعِلْمِكَ الغَيْبَ وَقُدْرَتِكَ عَلَى الْخَلقِ أَحْيِنِي مَا عَلِمْتَ الْحَيَاةَ خَيْراً لِي، وَتَوَفَّنِي إِذَا عَلِمْتَ الْوَفَاةَ خَيْراً لِي، اللَّهُمَّ إِنِّي أَسْأَلُكَ خَشْيَتَكَ فِي الْغَيْبِ وَالشَّهَادَةِ، وَأَسْأَلُكَ كَلِمَةَ الْحَقِّ فِي الرِّضَا وَالْغَضَبِ، وَأَسْأَلُكَ الْقَصْدَ فِي الْغِنَى وَالْفَقْرِ، وَأَسْأَلُكَ نَعِيماً لَا يَنْفَدُ، وَأَسْأَلُكَ قُرَّةَ عَيْنٍ لَا تَنْقَطِعُ، وَأَسْأَلُكَ الرِّضَا بَعْدَ الْقَضَاءِ، وَأَسْأَلُكَ بَرْدَ الْعَيْشِ بَعْدَ الْمَوْتِ، وَأَسْأَلُكَ لَذَّةَ النَّظَرِ إِلَى وَجْهِكَ، وَالشَّوْقَ إِلَى لِقائِكَ فِي غَيرِ ضَرَّاءَ مُضِرَّةٍ، وَلَا فِتْنَةٍ مُضِلَّةٍ، اللَّهُمَّ زَيِّنَا بِزِينَةِ الإِيمَانِ، وَاجْعَلْنَا هُدَاةً مُهْتَدِينَ,𝟤𝟦 - ފަހު ތަޝައްހުދު (ތަހިއްޔާތު) އަށް ފަހު، ސަލާމް ދިނުމުގެ ކުރިން ކިޔާ ދުއާ,ޔާ ﷲ! އިބަ ﷲ ޣައިބު ދެނެވޮޑިގެންވާ ކަމުންނާއި، ޚަލްގު ކުރެއްވުމުގެ މައްޗަށް ކުޅަދުންވަންތަވެ ވޮޑިގެންވާކަމުން (މި އަޅާ އިބަ ﷲ ގެ ހަޒްރަތުން މިދަންނަވަނީ) މި އަޅާގެ ދިރިހުރުން މި އަޅާއަށްޓަކައި ހެޔޮވެގެންވާކަމަށް އިބަ ﷲ ދެނެވޮޑިގެންވާހައި ހިނދަކު މި އަޅާ ދިރިލަހައްޓަވާނދޭވެ! އަދި މަރުވުން މި އަޅާއަށްޓަކައި ހެޔޮވެގެންވާކަމަށް އިބަ ﷲ ދެނެވޮޑިގެންވަނީނަމަ، މި އަޅާގެ މަރުގަންނަވާނދޭވެ! ޔާ ﷲ! ހަމަކަށަވަރުން މި އަޅާއީ ޣައިބުގައާއި ހާޒިރުގައި އިބަ ﷲ އަށް ބިރުވެތިވާ މީހެއްކަމުގައި ލެއްވުމަށް އެދި އިބަ ﷲ ގެ ހަޒްރަތުން ދަންނަވަމެވެ. އަދި ރުހުމުގައާއި ނުރުހުމުގައި ހައްގު ބަސްބުނުމުގެ ހެޔޮ ތައުފީގު ދެއްވުމަށް އެދި އިބަ ﷲ ގެ ހަޒްރަތުން ދަންނަވަމެވެ. އަދި މުއްސަނދިކަމުގައާއި ފަގީރުކަމުގައި މެދުމިންވަރެއް ދެއްވުމަށް އެދި އިބަ ﷲ ގެ ހަޒްރަތުން ދަންނަވަމެވެ. އަދި ނެތިދިއުމެއްނުވާ ނިއުމަތެއް ދެއްވުމަށް އެދި އިބަ ﷲ ގެ ހަޒްރަތުން ދަންނަވަމެވެ. އަދި މެދުކެނޑުމެއްނުވާ ލޮލަށް ފިނިކަންދޭ އެއްޗެއް (ހިތްހަމަޖެހުމެއް) ދެއްވުމަށް އެދި އިބަ ﷲ ގެ ހަޒްރަތުން ދަންނަވަމެވެ. އަދި ފައިސަލާއަށްފަހު (މިންވަރުފުޅަށް) ރުހޭމީހެއްކަމުގައި ލެއްވުމަށް އެދި އިބަ ﷲ ގެ ހަޒްރަތުން ދަންނަވަމެވެ. އަދި މަރުވުމަށް ފަހު އަރާމު ދިރިއުޅުމެއް ދެއްވުމަށް އެދި އިބަ ﷲ ގެ ހަޒްރަތުން ދަންނަވަމެވެ. އަދި ގެއްލުންދެނިވި ތަކުލީފަކާއި، މަގުފުރެދޭ ކަހަލަ ފިތުނައަކާ ނުލައި އިބަ ﷲ ގެ ދީދާރުފުޅަށް ބެލުމުގެ ފޮނިކަމާއި، އިބަ ﷲ އާ ބައްދަލުކުރުމުގެ ޝައުގުވެރިކަން ދެއްވުމަށް އެދި އިބަ ﷲ ގެ ހަޒްރަތުން ދަންނަވަމެވެ. ޔާ ﷲ! އީމާންކަމުގެ ޒީނަތުން އަޅަމެން ޒީނަތްތެރިކުރައްވާނދޭވެ! އަދި ތެދުމަގުދައްކާ ބަޔަކު ކަމުގައްޔާއި، ތެދުމަގު ލިބިގެންވާ ބަޔަކު ކަމުގައި އަޅަމެން ލައްވާނދޭވެ!,,,𝟤𝟦 After the last tashahhud and before salam,"O Allah, by Your Knowledge of the unseen and by Your Power over creation, let me live if You know that life is good for me, and let me die if You know that death is good for me. O Allah, I ask You to grant me fear of You in private and in public. I ask you for the word of truth in times of contentment and anger. I ask You for moderation in wealth and in poverty. I ask you for blessings never ceasing and the coolness of my eye (i.e. pleasure) that never ends. I ask You for pleasure after Your Judgment and I ask You for a life of coolness after death. I ask You for the delight of gazing upon Your Face, and the joy of meeting You, without any harm and misleading trials befalling me. O Allah, dress us with the beauty of Faith and make us guides who are upon (correct) guidance."
63,٢٤ - الدُّعَاءُ بَعْدَ التَّشَهُّدِ الأَخِيرِ قَبْلَ السَّلاَمِ,٦٣ - اللَّهُمَّ إِنِّي أَسْأَلُكَ يَا أَللَّهُ بِأَنَّكَ الْوَاحِدُ الْأَحَدُ الصَّمَدُ الَّذِي لَمْ يَلِدْ وَلَمْ يولَدْ، وَلَمْ يَكنْ لَهُ كُفُواً أَحَدٌ، أَنْ تَغْفِرَ لِي ذُنُوبِي إِنَّكَ أَنْتَ الْغَفُورُ الرَّحِّيمُ,𝟤𝟦 - ފަހު ތަޝައްހުދު (ތަހިއްޔާތު) އަށް ފަހު، ސަލާމް ދިނުމުގެ ކުރިން ކިޔާ ދުއާ,ޔާ ﷲ! އޭ ﷲ! އިބަ ﷲ އީ އެފަރާތަކަށް ބަފަޔަކު އަދި ދަރިއަކުނުވާ އަދި އެފަރާތަކާ އެއްފަދަ އެހެންއެއްވެސް ފަރާތެއްނުވާ، އެއްކައުވަންތަ، އެކަހެރިވެވޮޑިގެންވާ، އެފަރާތް އެހެން ފަރާތަކަށް ކަމަކަށް ބޭނުންވެވޮޑިގެންނުވާ، އެފަރާތަށް އެހެންފަރާތްތަކުން ކަންތައްތަކަށް ބޭނުންވާ ފަރާތެވެ. ހަމަކަށަވަރުން މި އަޅާ އިބަ ﷲ ގެ ހަޒްރަތުން މިބަސްފުޅު މެދުވެރިކޮށް މި އަޅާއަށް ފާފަފުއްސަވައިދެއްވުމަށް އެދި ދަންނަވަމެވެ. ހަމަކަށަވަރުން އިބަ ﷲ އީ ގިނަގިނައިން ފާފަފުއްސަވާ އޯގާވަންތަ އިލާހެވެ.,,,𝟤𝟦 After the last tashahhud and before salam,"O Allah, I ask You. O Allah, You are the One, the Only, Self-Sufficient Master, Who was not begotten and begets not, and none is equal to Him. Forgive me my sins, surely you are Forgiving, Merciful."
64,٢٤ - الدُّعَاءُ بَعْدَ التَّشَهُّدِ الأَخِيرِ قَبْلَ السَّلاَمِ,٦٤ - اللَّهُمَّ إِنِّي أَسْأَلُكَ بِأَنَّ لَكَ الْحَمْدَ لَا إِلَهَ إِلاَّ أَنْتَ وَحْدَكَ لَا شَرِيكَ لَكَ، الْمَنَّانُ، يَا بَدِيعَ السَّمَوَاتِ وَالْأَرْضِ يَا ذَا الْجَلاَلِ وَالْإِكْرَامِ، يَا حَيُّ يَا قَيُّومُ إِنِّي أَسْأَلُكَ الْجَنَّةَ وَأَعُوذُ بِكَ مِنَ النَّارِ,𝟤𝟦 - ފަހު ތަޝައްހުދު (ތަހިއްޔާތު) އަށް ފަހު، ސަލާމް ދިނުމުގެ ކުރިން ކިޔާ ދުއާ,ޔާ ﷲ! ހަމަކަށަވަރުން މި އަޅާ އިބަ ﷲ ގެ ހަޒްރަތުން މިބަސްފުޅުތައް މެދުވެރިކޮށް އެދި ދަންނަވަމެވެ. ހަމަކަށަވަރުން އެންމެހާ ހަމްދާއި ތައުރީފެއް ލިބިވޮޑިގެންވަނީ އިބަ ﷲ އަށެވެ. އިބަ ﷲ ފިޔަވައި އަޅުކަންވެވުން ހައްގުވެގެންވާ އެހެން އެއްވެސް އިލާހަކު ނުވެއެވެ. އިބަ ﷲ އީ އެއްކައުވަންތަ އިލާހެވެ. އިބަ ﷲ އަށް އެއްވެސް ބައިވެރިއަކުނުވެއެވެ. އިބަ ﷲ އީ ގިނަގިނައިން އިހުސާންތެރިވެވޮޑިގެންވާ ފަރާތެވެ. އޭ އުޑުތަކާއި ބިން ނެތުމުގެ ތެރެއިން އެންމެ ފުރަތަމަ ހެއްދެވި އިލާހެވެ! އޭ މަތިވެރިކަމާއި މާތްކަމުގެ ވެރި އިލާހެވެ! އޭ ދިރިދެމިވޮޑިގެންވާ އެންމެހާ ކަންކަމެއް ހިންގުމުގައި ގާއިމުވެވޮޑިގެންވާ އިލާހެވެ! ހަމަކަށަވަރުން މި އަޅާ، ސުވަރުގެ ދެއްވުމަށް އެދި އިބަ ﷲ ގެ ހަޒްރަތުން ދަންނަވަމެވެ. އަދި ނަރަކައިން ސަލާމަތްކޮށްދެވުމަށް އެދި އިބަ ﷲ ގެ ހަޒްރަތުން ދަންނަވަމެވެ.,,,𝟤𝟦 After the last tashahhud and before salam,"O Allah, I ask You, as You are the Owner of praise, there is none worthy of worship but You alone, You have no partner. You are the Giver of all good. O Creator of the heavens and the earth, Owner of majesty and honor. O Living and Everlasting One, I ask you for Paradise, and I seek refuge in You from the fire."
65,٢٤ - الدُّعَاءُ بَعْدَ التَّشَهُّدِ الأَخِيرِ قَبْلَ السَّلاَمِ,٦٥ - اللَّهُمَّ إِنِّي أَسْأَلُكَ بِأَنَّي أَشْهَدُ أَنَّكَ أَنْتَ اللَّهُ لَا إِلَهَ إِلاَّ أَنْتَ الْأَحَدُ الصَّمَدُ الَّذِي لَمْ يَلِدْ وَلَمْ يُولَدْ وَلَمْ يَكُنْ لَهُ كُفُواً أَحَدٌ,𝟤𝟦 - ފަހު ތަޝައްހުދު (ތަހިއްޔާތު) އަށް ފަހު، ސަލާމް ދިނުމުގެ ކުރިން ކިޔާ ދުއާ,ޔާ ﷲ! ހަމަކަށަވަރުން މި އަޅާ އިބަ ﷲ ގެ ހަޒްރަތުން މިބަސްފުޅުތައް މެދުވެރިކޮށް އެދި ދަންނަވަމެވެ. ހަމަކަށަވަރުން އިބަ ﷲ އީ، ﷲ ކަމަށް މި އަޅާ ހެކިވަމެވެ. އިބަ ﷲ ފިޔަވައި އަޅުކަންވެވުން ހައްގުވެގެންވާ އެހެން އެއްވެސް އިލާހަކު ނުވެއެވެ. އިބަ ﷲ އީ އެފަރާތަކަށް ބަފަޔަކު އަދި ދަރިއަކުނުވާ އަދި އެފަރާތަކާ އެއްފަދަ އެހެން އެއްވެސް ފަރާތެއްނުވާ އެއްކައުވަންތަ، އެފަރާތް އެހެންފަރާތަކަށް ކަމަކަށް ބޭނުންވެވޮޑިގެންނުވާ، އެފަރާތަށް އެހެންފަރާތްތަކުން ކަންތައްތަކަށް ބޭނުންވާ ފަރާތެވެ.,,,𝟤𝟦 After the last tashahhud and before salam,"O Allah, I ask You, by the fact that I bear witness that You are Allah. There is none worthy of worship but You, the Only God, Independent of creation, Who was not begotten and begets not, and none is equal to Him."
66,٢٥ - الأَذْكَارُ بَعْدَ السَّلاَمِ مِنَ الصَّلاَةِ,٦٦ - أَسْتَغْفِرُ اللَّهَ (ثَلاَثَاً) اللَّهُمَّ أَنْتَ السَّلاَمُ، وَمِنْكَ السَّلاَمُ، تَبَارَكْتَ يَا ذَا الْجَلاَلِ وَالْإِكْرَامِ,𝟤𝟧 - ނަމާދުން ސަލާމް ދިނުމަށް ފަހު ކިޔާ ޒިކުރުތައް,މި އަޅާ، ﷲ ގެ ހަޒްރަތުން ފާފަފުއްސެވުމަށް އެދިދަންނަވަމެވެ. ޔާ ﷲ! އިބަ ﷲ އީ ސަލާމަތްކަންދޭ ފަރާތެވެ. އަދި ސަލާމަތްތެރިކަންވަނީ އިބަ ﷲ ގެ ހަޒްރަތުންނެވެ. އޭ މަތިވެރިކަމާއި މާތްކަމުގެ ވެރި އިލާހެވެ! އިބަ ﷲ މާތްވެ، މަތިވެރިވެވޮޑިގެންވެއެވެ.,,,𝟤𝟧 After salam,"I seek the forgiveness of Allah (three times). O Allah, You are Peace and from You comes peace. Blessed are You, O Owner of majesty and honor."
67,٢٥ - الأَذْكَارُ بَعْدَ السَّلاَمِ مِنَ الصَّلاَةِ,٦٧ - لَا إِلَهَ إِلاَّ اللَّهُ وَحْدَهُ لَا شَرِيكَ لَهُ، لَهُ الْمُلْكُ وَلَهُ الْحَمْدُ وَهُوَ عَلَى كُلِّ شَيْءٍ قَدِيرٌ [ثلاثاً]، اللَّهُمَّ لَا مَانِعَ لِمَا أَعْطَيْتَ، وَلَا مُعْطِيَ لِمَا مَنَعْتَ، وَلَا يَنْفَعُ ذَا الْجَدِّ مِنْكَ الجَدُّ,𝟤𝟧 - ނަމާދުން ސަލާމް ދިނުމަށް ފަހު ކިޔާ ޒިކުރުތައް,ﷲ މެނުވީ އަޅުކަންވެވުން ހައްގުވެގެންވާ އެހެން އެއްވެސް އިލާހަކުނުވެއެވެ. އެ އިލާހު އެއްކައުވަންތައެވެ. އެ އިލާހަށް އެއްވެސް ބައިވެރިއަކުނުވެއެވެ. ހުރިހާ ވެރިކަމަކާއި ހުރިހާ ހަމްދެއް ލިބިވޮޑިގެންވަނީ އެ އިލާހަށެވެ. އަދި އެ އިލާހީ ހުރިހާ ކަމެއްގެ މައްޗަށް ކުޅަދުންވަންތަވެވޮޑިގެންވާ އިލާހެވެ. ޔާ ﷲ! އިބަ ﷲ ދެއްވާ އެއްޗެއް މަނާކުރާނެ ފަރާތެއް ނުވެއެވެ. އަދި އިބަ ﷲ މަނާކުރެއްވި އެއްޗެއް ދޭނެ އެހެންފަރާތެއްވެސް ނުމެވޭމެއެވެ. އަދި އެއްވެސް ގަދަރުވެރިޔަކަށް ނުވަތަ ނަސީބުވެރިޔަކަށް އޭނާގެ ގަދަރުވެރިކަން ނުވަތަ ނަސީބުވެރިކަން އިބަ އިލާހުގެ ހަޒްރަތުން އެއްވެސް ފައިދާއެއް ނުކޮށްދޭނެއެވެ. (ހަމައެކަނި ފައިދާކޮށްދޭ އެއްޗަކީ ސާލިހު އަމަލެވެ.),,,𝟤𝟧 After salam,"None has the right to be worshipped but Allah alone, He has no partner, His is the dominion and His is the praise, and He is Able to do all things. O Allah, there is none who can withhold what You give, and none may give what You have withheld, and the might of the mighty person cannot benefit him against You."
68,٢٥ - الأَذْكَارُ بَعْدَ السَّلاَمِ مِنَ الصَّلاَةِ,"٦٨ - لَا إِلَهَ إِلاَّ اللَّهُ وَحْدَهُ لَا شَرِيكَ لَهُ، لَهُ الْمُلْكُ، وَلَهُ الْحَمدُ، وَهُوَ عَلَى كُلِّ شَيْءٍ قَدِيرٌ. لَا حَوْلَ وَلَا قُوَّةَ إِلاَّ بِاللَّهِ، لَا إِلَهَ إِلاَّ اللَّهُ، وَلَا نَعْبُدُ إِلاَّ إِيَّاهُ, لَهُ النِّعْمَةُ وَلَهُ الْفَضْلُ وَلَهُ الثَّنَاءُ الْحَسَنُ، لَا إِلَهَ إِلاَّ اللَّهُ مُخْلِصِينَ لَهُ الدِّينَ وَلَوْ كَرِهَ الكَافِرُونَ",𝟤𝟧 - ނަމާދުން ސަލާމް ދިނުމަށް ފަހު ކިޔާ ޒިކުރުތައް,ﷲ މެނުވީ އަޅުކަންވެވުން ހައްގުވެގެންވާ އެހެން އެއްވެސް އިލާހަކުނުވެއެވެ. އެ އިލާހު އެއްކައުވަންތައެވެ. އެ އިލާހަށް އެއްވެސް ބައިވެރިއަކުނުވެއެވެ. ހުރިހާ ވެރިކަމަކާއި ހުރިހާ ހަމްދެއް ލިބިވޮޑިގެންވަނީ އެ އިލާހަށެވެ. އަދި އެ އިލާހީ ހުރިހާ ކަމެއްގެ މައްޗަށް ކުޅަދުންވަންތަވެވޮޑިގެންވާ އިލާހެވެ. ހެޔޮކަމެއްކުރުމުގެ ބާރެއްވެސް އަދި ނުބައިކަމަކުން ސަލާމަތްވުމުގެ ބާރެއްވެސް، ﷲ ގެ ހަޒްރަތުން މެނުވީ ނުވެއެވެ. ﷲ މެނުވީ އަޅުކަންވެވުން ހައްގުވެގެންވާ އެހެން އެއްވެސް އިލާހަކުނުވެއެވެ. އަދި އަޅަމެން އެ އިލާހަށް މެނުވީ އަޅުކަމެއް ނުކުރަމުއެވެ. ނިއުމަތާއި، ދަރުމައާއި، ރިވެތި ސަނާ ލިބިވޮޑިގެންވަނީ ހަމައެކަނި އެ އިލާހަށެވެ. ﷲ މެނުވީ އަޅުކަންވެވުން ހައްގުވެގެންވާ އެހެން އެއްވެސް އިލާހަކުނުވެއެވެ. އަދި ކާފިރުން ކިތަންމެ ނުރުހުނު ކަމުގައިވިޔަސް، އަޅަމެންނީ އެ އިލާހަށް އަޅުކަމާއި ދީން ޚާލިޞްކުރާ މީހުންނީމުއެވެ.,,,𝟤𝟧 After salam,"None has the right to be worshipped but Allah alone, He has no partner, His is the dominion and His is the praise and He is Able to do all things. There is no power and no might except by Allah. None has the right to be worshipped but Allah, and we do not worship any other besides Him. His is grace, and His is bounty, and to Him belongs the most excellent praise. None has the right to be worshipped but Allah. (We are) sincere in making our religious devotion to Him, even though the disbelievers may dislike it."
69,٢٥ - الأَذْكَارُ بَعْدَ السَّلاَمِ مِنَ الصَّلاَةِ,٦٩ - سُبْحَانَ اللَّهِ، وَالْحَمْدُ لِلَّهِ، وَاللَّهُ أَكْبَرُ (ثلاثاً وثلاثين) لَا إِلَهَ إِلاَّ اللَّهُ وَحْدَهُ لَا شَرِيكَ لَهُ، لَهُ الْمُلْكُ وَلَهُ الْحَمْدُ وَهُوَ عَلَى كُلِّ شَيْءٍ قَدِيرٌ,𝟤𝟧 - ނަމާދުން ސަލާމް ދިނުމަށް ފަހު ކިޔާ ޒިކުރުތައް,"(ކޮންމެކަލިމައެއް ތެއްތިރީސްފަހަރު) ""ﷲ ގެ ހުސްތާހިރުވަންތަކަމާއެވެ! އެންމެހާ ހަމްދެއް ލިބިވޮޑިގެންވަނީ ﷲ އަށެވެ. އެންމެބޮޑީ ﷲ އެވެ. ﷲ މެނުވީ އަޅުކަންވެވުން ހައްގުވެގެންވާ އެހެން އެއްވެސް އިލާހަކުނުވެއެވެ. އެ އިލާހު އެއްކައުވަންތައެވެ. އެ އިލާހަށް އެއްވެސް ބައިވެރިއަކުނުވެއެވެ. ހުރިހާ ވެރިކަމަކާއި ހުރިހާ ހަމްދެއް ލިބިވޮޑިގެންވަނީ އެ އިލާހަށެވެ. އަދި އެ އިލާހީ ހުރިހާ ކަމެއްގެ މައްޗަށް ކުޅަދުންވަންތަވެވޮޑިގެންވާ އިލާހެވެ.""",,,𝟤𝟧 After salam,"Glory is to Allah, and praise is to Allah, and Allah is the Most Great. (each said thirty-three times) None has the right to be worshiped but Allah alone, He has no partner, His is the dominion and His is the praise and He is Able to do all things."
70,٢٥ - الأَذْكَارُ بَعْدَ السَّلاَمِ مِنَ الصَّلاَةِ,٧٠ - بِسْمِ اللَّهِ الرَّحْمَنِ الرَّحِيمِ {قُلْ هُوَ اللَّهُ أَحَدٌ* اللَّهُ الصَّمَدُ* لَمْ يَلِدْ وَلَمْ يُولَدْ* وَلَمْ يَكُن لَّهُ كُفُواً أَحَدٌ}، بِسْمِ اللَّهِ الرَّحْمَنِ الرَّحِيمِ {قُلْ أَعُوذُ بِرَبِّ الْفَلَقِ* مِن شَرِّ مَا خَلَقَ* وَمِن شَرِّ غَاسِقٍ إِذَا وَقَبَ* وَمِن شَرِّ النَّفَّاثَاتِ فِي الْعُقَدِ* وَمِن شَرِّ حَاسِدٍ إِذَا حَسَدَ}، بِسْمِ اللَّهِ الرَّحْمَنِ الرَّحِيمِ {قُلْ أَعُوذُ بِرَبِّ النَّاسِ* مَلِكِ النَّاسِ* إِلَهِ النَّاسِ* مِن شَرِّ الْوَسْوَاسِ الْخَنَّاسِ* الَّذِي يُوَسْوِسُ فِي صُدُورِ النَّاسِ* مِنَ الْجِنَّةِ وَالنَّاسِ} بَعْدَ كُلِّ صَلاَةٍ,𝟤𝟧 - ނަމާދުން ސަލާމް ދިނުމަށް ފަހު ކިޔާ ޒިކުރުތައް,"1. ސޫރަތުލް އިޚްލާޞް: ""(އޭ މުޙައްމަދުގެފާނެވެ!) ކަލޭގެފާނު ވިދާޅުވާށެވެ. އެއީ ﷲ އެވެ. ﷲ އެއްކައުވަންތައެވެ. ﷲ އީ ފުދިވޮޑިގެންވާ އިލާހެވެ. އެ އިލާހަށް ދަރިކަލަކު ނުވެއެވެ. އަދި ބަފައިކަލަކު ނުމެވޭމެއެވެ. އަދި އެ އިލާހާ އެއްފަދަ އެހެން އެއްވެސް ފަރާތެއް ނުވެއެވެ.""

2. ސޫރަތުލް ފަލަގު: ""(އޭ މުޙައްމަދުގެފާނެވެ!) އިބަ ނަބިއްޔާ ވިދާޅުވާށެވެ. ހެނދުނުގެ ރައްބުގެ ހަޒްރަތުން، އެ އިލާހު ހެއްދެވި ހުރިހާ މަޚްލޫގުންގެ ނުބައިކަމުން ރައްކާތެރިކަމަށް އެދެމެވެ. އަދި ރޭގަނޑުގެ އަނދިރިކަން ވެރިވާ ހިނދު، އެރޭގަނޑުގެ އަނދިރިކަމުގެ ނުބައިކަމުން ރައްކާތެރިކަމަށް އެދެމެވެ. އަދި (ގޮށްތައްޖަހައި އެ) ގޮށްތަކަށް ފުމޭ އަންހެނުންގެ (އެބަހީ ސިހުރުވެރިންގެ) ނުބައިކަމުން ރައްކާތެރިކަމަށް އެދެމެވެ. އަދި ހަސަދަވެރިޔާ ހަސަދަވެރިވާ ހިނދު، އޭނާގެ ނުބައިކަމުން ރައްކާތެރިކަމަށް އެދެމެވެ.""

3. ސޫރަތުންނާސް: ""(އޭ މުޙައްމަދުގެފާނެވެ!) އިބަ ނަބިއްޔާ ވިދާޅުވާށެވެ. ޖިންނީންނާއި އިންސާނުންގެ ތެރެއިން މީސްތަކުންގެ ހިތްތަކަށް ވަސްވާސްލައިދޭ، (ﷲ ގެ ޒިކުރުކުރެވޭހިނދު) ފަހަތަށް އެނބުރިދާ، ވަސްވާހުގެވެރި ޝައިތާނާގެ ނުބައިކަމުން ރައްކާތެރިކޮށްދެއްވުމަށް، މީސްތަކުންގެ ރައްބުގެ ހަޒްރަތުން އެދިދަންނަވަމެވެ. އެ އިލާހީ މީސްތަކުންގެ ރަސްވަންތަ އިލާހެވެ. މީސްތަކުންގެ އިލާހެވެ.""

މި 3 ސޫރަތް ކޮންމެ ނަމާދަކަށްފަހު ކިޔަވަން ވާނެއެވެ. މަޣްރިބް އާއި ފަތިސް ނަމާދަށް ފަހު 3 ފަހަރު ކިޔަވާން ވާނެއެވެ.",,,𝟤𝟧 After salam,"(Surahs al-Ikhlas, al-Falaq, and an-Nas) These Surahs should be recited in Arabic after each prayer. After the Maghrib and Fajr prayers, they should be recited three times each. With the Name of Allah, the Most Gracious, the Most Merciful. Say: He is Allah (the) One. The Self-Sufficient Master, Whom all creatures need, He begets not nor was He begotten, and there is none equal to Him.

With the Name of Allah, the Most Gracious, the Most Merciful. Say: I seek refuge with (Allah) the Lord of the daybreak, from the evil of what He has created, and from the evil of the darkening (night) as it comes with its darkness, and from the evil of those who practice witchcraft when they blow in the knots, and from the evil of the envier when he envies.

With the Name of Allah, the Most Gracious, the Most Merciful. Say: I seek refuge with (Allah) the Lord of mankind, the King of mankind, the God of mankind, from the evil of the whisperer who withdraws, who whispers in the breasts of mankind, of jinns and men."
71,٢٥ - الأَذْكَارُ بَعْدَ السَّلاَمِ مِنَ الصَّلاَةِ,٧١ - {اللَّهُ لَا إِلَهَ إِلاَّ هُوَ الْحَيُّ الْقَيُّومُ لَا تَأْخُذُهُ سِنَةٌ وَلَا نَوْمٌ لَّهُ مَا فِي السَّمَوَاتِ وَمَا فِي الأَرْضِ مَن ذَا الَّذِي يَشْفَعُ عِنْدَهُ إِلاَّ بِإِذْنِهِ يَعْلَمُ مَا بَيْنَ أَيْدِيهِمْ وَمَا خَلْفَهُمْ وَلَا يُحِيطُونَ بِشَيْءٍ مِّنْ عِلْمِهِ إِلاَّ بِمَا شَاءَ وَسِعَ كُرْسِيُّهُ السَّمَوَاتِ وَالأَرْضَ وَلَا يَؤُودُهُ حِفْظُهُمَا وَهُوَ الْعَلِيُّ الْعَظِيمُ} عَقِبَ كلِّ صَلاَةٍ,𝟤𝟧 - ނަމާދުން ސަލާމް ދިނުމަށް ފަހު ކިޔާ ޒިކުރުތައް,"(ކޮންމެ ނަމާދަކަށްފަހު) ""ﷲ އީ، އެ އިލާހު ފިޔަވައި އަޅުކަންވެވުން ހައްގުވެގެންވާ އެހެންއެއްވެސް އިލާހަކުނުވާ އިލާހެވެ. އެ އިލާހީ ދިރިދެމިވޮޑިގެންވާ އަބަދަށް ގާއިމުވެވޮޑިގެންވާ އިލާހެވެ. ތާއްޔާޖެހުމެއްވެސް އަދި ނިންޖެއްވެސް އެ އިލާހަށް ނިސްބަތްވެގެންނެއް ނުވެއެވެ. އުޑުތަކާއި ބިމުގައި ވާހައި އެއްޗެއް މިލްކުވެގެންވަނީ އެ އިލާހަށެވެ. އެ އިލާހުގެ ހަޒްރަތުގައި އެ އިލާހުގެ އިޒުނަފުޅާނުލައި ޝަފާއަތްތެރިވެވޭނީ ކާކަށްހެއްޔެވެ؟ އެބައިމީހުންގެ ކުރިމަތީގައި ވާހައި ކަމަކާއި އެބައިމީހުންގެ ފަހަތުގައި ވާހައި ކަމެއް (އެބަހީ އިސްވެދިޔަހާ ކަމަކާއި ފަހުން ވާނޭހާ ކަމެއް) އެ އިލާހު ދެނެވޮޑިގެންވެއެވެ. އަދި އެ އިލާހުގެ އިލްމުފުޅުގެ ތެރެއިން އެ އިލާހު އިރާދަކުރެއްވި މިންވަރެއް މެނުވީ އެބައިމީހުންނަކަށް ނޭނގޭނެތެވެ. އެ އިލާހުގެ ކުރުސިކޮޅު (އެ އިލާހު ފައިންޕުޅު އަޅުއްވާ ގޮނޑިކޮޅު) އުޑުތަކާއި ބިމަށްވުރެ ތަނަވަސްވެގެންވެއެވެ. އަދި އުޑުތަކާއި ބިން ރައްކާތެރިކޮށް ބެލެހެއްޓެވުމުގައި އެ އިލާހަށް އެއްވެސް ބުރަކަމެއް ނުވެއެވެ. އަދި އެ އިލާހީ މަތިވެރިވެ މާތްވެވޮޑިގެންވާ އިލާހެވެ.""

ކޮންމެ ނަމާދަކަށްފަހު މިއާޔަތް ކިޔަވައިފިމީހާ ދަންނައެވެ. އޭނާ މަރުވުން ނޫން އިތުރުކަމެއް އޭނާ ސުވަރުގެ ވަނުން މަނާއެއްނުކުރެއެވެ.",,,𝟤𝟧 After salam,"Allah! There is none worthy of worship but He, the Ever-Living, the One Who sustains and protects all that exists. Neither slumber nor sleep overtakes Him. To Him belongs whatever is in the heavens and whatever is on the earth. Who is he that can intercede with Him except with His Permission? He knows what happens to them in this world, and what will happen to them in the Hereafter. And they will never compass anything of His Knowledge except that which He wills. His Throne extends over the heavens and the earth, and He feels no fatigue in guarding and preserving them. And He is the Most High, the Most Great. (Recite in Arabic after each prayer.)"
72,٢٥ - الأَذْكَارُ بَعْدَ السَّلاَمِ مِنَ الصَّلاَةِ,٧٢ - لَا إِلَهَ إِلاَّ اللَّهُ وَحْدَهُ لَا شَرِيكَ لَهُ، لَهُ الْمُلْكُ وَلَهُ الْحَمْدُ يُحْيِي وَيُمِيتُ وَهُوَ عَلَى كُلِّ شَيْءٍ قَدِيرٌ)) عَشْرَ مَرّاتٍ بَعْدَ صَلاةِ الْمَغْرِبِ وَالصُّبْحِ,𝟤𝟧 - ނަމާދުން ސަލާމް ދިނުމަށް ފަހު ކިޔާ ޒިކުރުތައް,"(މަޣްރިބުނަމާދާއި ފަތިސްނަމާދަށްފަހު ދިހަފަހަރު) ""ﷲ މެނުވީ އަޅުކަންވެވުން ހައްގުވެގެންވާ އެހެން އެއްވެސް އިލާހަކުނުވެއެވެ. އެ އިލާހު އެއްކައުވަންތައެވެ. އެ އިލާހަށް އެއްވެސް ބައިވެރިއަކުނުވެއެވެ. ހުރިހާ ވެރިކަމަކާއި ހުރިހާ ހަމްދެއް ލިބިވޮޑިގެންވަނީ އެ އިލާހަށެވެ. އެ އިލާހު ދިރުއްވަތެވެ. އަދި މަރުއްވަތެވެ. އަދި އެ އިލާހީ ހުރިހާ ކަމެއްގެ މައްޗަށް ކުޅަދުންވަންތަވެވޮޑިގެންވާ އިލާހެވެ.""",,,𝟤𝟧 After salam,"(Recite ten times in Arabic after the Maghrib and Fajr prayers.) None has the right to be worshipped but Allah alone, Who has no partner. His is the dominion and His is the praise. He brings life and He causes death, and He is Able to do all things."
73,٢٥ - الأَذْكَارُ بَعْدَ السَّلاَمِ مِنَ الصَّلاَةِ,٧٣ - اللَّهُمَّ إِنِّي أَسْأَلُكَ عِلْماً نافِعاً، وَرِزْقاً طَيِّباً، وَعَمَلاً مُتَقَبَّلاً)) بَعْدَ السّلامِ مِنْ صَلاَةِ الفَجْرِ,𝟤𝟧 - ނަމާދުން ސަލާމް ދިނުމަށް ފަހު ކިޔާ ޒިކުރުތައް,"(ފަތިސްނަމާދުން ސަލާމްދިނުމަށްފަހު) ""ޔާ ﷲ! ހަމަކަށަވަރުން މި އަޅާ، އިބަ ﷲ ގެ ހަޒްރަތުން ފައިދާކުރަނިވި އިލްމަކާއި، ހަލާލުވެގެންވާ ރިޒްގަކާއި، ގަބޫލުކުރެވިގެންވާ އަމަލެއް ދެއްވުމަށް އެދިދަންނަވަމެވެ.""",,,𝟤𝟧 After salam,"[to be said after giving salam for the Fajr prayer.] ""O Allah, I ask You for knowledge which is beneficial, and sustenance which is good, and deeds which are acceptable."""
74,٢٦ - دُعَاءُ صَلاَةِ الاسْتِخَارَةِ,٧٤ - قَالَ جَابرُ بْنُ عَبْدِ اللَّهِ رَضِيَ اللَّهُ عَنْهُمَا: كَانَ رسُولُ اللَّهِ ﷺ يُعَلِّمُنَا الْاسْتِخَارَةَ فِي الْأُمُورِ كُلِّهَا كَمَا يُعَلِّمُنَا السُّورَةَ مِنَ الْقُرْآنِ، يَقُولُ: ((إِذَا هَمَّ أَحَدُكُمْ بِالْأَمْرِ فَلْيَرْكَعْ رَكْعَتَيْنِ مِنْ غَيْرِ الْفَرِيضَةِ، ثُمَّ لْيَقُلْ: اللَّهُمَّ إِنِّي أَسْتَخِيرُكَ بِعِلْمِكَ، وَأَسْتَقْدِرُكَ بِقُدْرَتِكَ، وَأَسْأَلُكَ مِنْ فَضْلِكَ العَظِيمِ؛ فَإِنَّكَ تَقْدِرُ وَلَا أَقْدِرُ، وَتَعْلَمُ وَلَا أَعْلَمُ، وَأَنْتَ عَلاَّمُ الغُيُوبِ، اللَّهُمَّ إِنْ كُنْتَ تَعْلَمُ أَنَّ هَذَا الأمْرَ - وَيُسَمِّي حَاجَتَهُ - خَيْرٌ لِي فِي دِينِي وَمَعَاشِي وَعَاقِبَةِ أَمْرِي - أَوْ قَالَ: عَاجِلِهِ وَآجِلِهِ - فَاقْدُرْهُ لِي وَيَسِّرْهُ لِي ثمَّ بَارِكْ لِي فِيهِ، وَإِنْ كُنْتَ تَعْلَمُ أَنَّ هَذَا الْأَمْرَ شَرٌّ لِي فِي دِينِي وَمَعَاشِي وَعَاقِبَةِ أَمْرِي - أَوْ قَالَ: عَاجِلِهِ وَآجِلِهِ - فَاصْرِفْهُ عَنِّي وَاصْرِفْنِي عَنْهُ وَاقْدُرْ لِيَ الْخَيْرَ حَيْثُ كَانَ، ثُمَّ أَرْضِنِي بِهِ)) (1). وَمَا نَدِمَ مَنِ اسْتَخَارَ الْخَالِقَ، وَشَاوَرَ الْمَخْلُوقِينَ الْمُؤْمِنِينَ وَتَثَبَّتَ فِي أَمْرِهِ، فَقَدْ قَالَ اللَّهُ - سبحانه وتعالى -: {وَشاوِرْهُمْ فِي الْأَمْرِ فَإِذَا عَزَمْتَ فَتَوَكَّلْ عَلَى اللَّهِ},𝟤𝟨 - އިސްތިޚާރާ ނަމާދަށް ފަހު ކިޔާ ދުއާ,"ﷲ ރުއްސުންލެއްވި ޖާބިރުގެފާނު ވިދާޅުވިއެވެ. ""ރަސޫލު ﷲ ﷺ އަހުރެމެންނަށް ގުރްއާނުން ސޫރަތް އުނގަންނައިދެއްވާ ފަދައިން އެންމެހާ ކަންކަމުގައި އިސްތިޚާރާ ކުރަން އަހުރެމެންނަށް އުނގަންނައިދެއްވަތެވެ. ޙަދީޘް ކުރައްވަތެވެ. ""ތިޔަބައިމީހުންގެ ތެރެއިން މީހަކު ކަމެއްކުރުމަށް ގަސްތުކޮށްފިނަމަ، ފަރުޟު ނަމާދު ފިޔަވައި ދެ ރަކުޢަތް ނަމާދެއްކުރާށެވެ. ދެން ކިޔާށެވެ. ""ޔާ ﷲ! ހަމަކަށަވަރުން މި އަޅާ، އިބަ ﷲ ގެ އިލްމުފުޅުގެ ޒަރިއްޔާއިން އިބަ ﷲ ގެ ހަޒްރަތުން ހެޔޮކަންތަކަށް އެދެމެވެ. އަދި އިބަ ﷲ ގެ ކުޅަދުންވަންތަކަމުގެ ޒަރިއްޔާއިން އިބަ ﷲ ގެ ހަޒްރަތުން ކުޅަދާނަކަން ދެއްވުމަށް އެދެމެވެ. އަދި އިބަ ﷲ ގެ މާތް ދަރުމަވަންތަކަމުން ދެއްވުމަށް އެދެމެވެ. ފަހެ ހަމަކަށަވަރުން އިބަ ﷲ ހުރިހާ ކަމަކަށް ކުޅަދުންވަންތައެވެ. އަދި މި އަޅާ ނުކުޅެދިގެންވަމެވެ. އަދި އިބަ ﷲ ހުރިހާ ކަމެއް ދެނެވޮޑިގެންވަމުއެވެ. އަދި މި އަޅާ ނުދަންނަމެވެ. އަދި އިބަ ﷲ އީ ޣައިބުގައިވާ ހުރިހާ ކަމެއް މޮޅަށްދެނެވޮޑިގެންވާ އިލާހެވެ. ޔާ ﷲ! ހަމަކަށަވަރުން މިކަމަކީ....... މި އަޅާގެ ދީނާއި، މި އަޅާގެ ދިރިއުޅުމާއި، މި އަޅާގެ ކަންތަކުގެ ނަތީޖާގެ ގޮތުން މި އަޅާއަށް ހެޔޮކަމެއްކަމުގައި އިބަ ﷲ ދެނެވޮޑިގެންވަނީނަމަ، ފަހެ މިކަންތައް މި އަޅާއަށް މިންވަރުކޮށްދެއްވާނދޭވެ! އަދި މިކަންތައް މި އަޅާއަށް ފަސޭހަކޮށްދެއްވާނދޭވެ! ދެން މިކަމުގައި މި އަޅާއަށް ބަރަކާތްލައްވާނދޭވެ! އަދި ހަމަކަށަވަރުން މިކަމަކީ....... މި އަޅާގެ ދީނާއި، މި އަޅާގެ ދިރިއުޅުމާއި، މި އަޅާގެ ކަންތަކުގެ ނަތީޖާގެގޮތުން މި އަޅާއަށް ނުބައިކަމެއް ކަމުގައި އިބަ ﷲ ދެނެވޮޑިގެންވަނީނަމަ ފަހެ މި އަޅާގެ ކިބައިން މިކަންތައް ދުރުކޮށްދެއްވާނދޭވެ! އަދި މިކަންތަކުން މި އަޅާ ދުރުކޮށްދެއްވާނދޭވެ! އަދި ހެޔޮކަންތައް، އެއީ ކޮންމެތަނެއްގައި ވީނަމަވެސް މި އަޅާއަށް މިންވަރުކޮށްދެއްވާނދޭވެ! އަދި އެކަމަށް މި އަޅާ ރުއްސަވާނދޭވެ!""""ޚާލިގުވަންތަ ﷲ ގެ ހަޒްރަތުން އިސްތިޚާރާކޮށް އަދި މުއުމިނު މަޚްލޫގުންނާ މަޝްވަރާކޮށް އޭނާގެ ކަންތައް ފުރިހަމަ ޔަގީންކަމާއެކު ވިސްނައިގެން ކޮށްފިމީހާއަށް (އެކަމުގައި) އެއްވެސް ހިތާމައެއް ނުވެއެވެ. ހަމަކަށަވަރުން ﷲ ސުބްޙާނަހު ވަތަޢާލާ ވަހީކުރެއްވިއެވެ. ""އަދި އިބަ ނަބިއްޔާ އެބައިމީހުންނާ މަޝްވަރާކުރައްވާށެވެ. ފަހެ އިބަ ނަބިއްޔާ ކަމަކަށް އަޒުމު ކުރައްވައިފިނަމަ ފަހެ ﷲ އަށް ވަކީލުކުރައްވާށެވެ.""",,,𝟤𝟨 For seeking guidance in forming a decision or choosing the proper course,"Jabir bin Abdullah (RA) said: The Prophet (ﷺ) used to teach us to seek Allah's Counsel in all matters, as he used to teach us a Surah from the Qur'an. He would say: When anyone of you has an important matter to decide, let him pray two Rak'ahs other than the obligatory prayer, and then say:

""O Allah, I seek the counsel of Your Knowledge, and I seek the help of Your Omnipotence, and I beseech You for Your Magnificent Grace. Surely, You are Capable and I am not. You know and I know not, and You are the Knower of the unseen. O Allah, if You know that this matter [then mention the thing to be decided] is good for me in my religion and in my life and for my welfare in the life to come, - [or say: in this life and the afterlife] - then ordain it for me and make it easy for me, then bless me in it. And if You know that this matter is bad for me in my religion and in my life and for my welfare in the life to come, - [or say: in this life and the afterlife] - then distance it from me, and distance me from it, and ordain for me what is good wherever it may be, and help me to be content with it.""

Whoever seeks the counsel of the Creator will not regret it and whoever seeks the advice of the believers will feel confident about his decisions, for Allah has said in the Qur'an: ""And consult them in the affair. Then when you have taken a decision, put your trust in Allah."""
75,٢٧ - أَذْكَارُ الصَّبَاحِ وَالْمَسَاءِ,٧٥ - أَعُوذُ بِاللَّهِ مِنَ الشَّيطَانِ الرَّجِيمِ {اللَّهُ لَا إِلَهَ إِلاَّ هُوَ الْحَيُّ الْقَيُّومُ لَا تَأْخُذُهُ سِنَةٌ وَلَا نَوْمٌ لَّهُ مَا فِي السَّمَوَاتِ وَمَا فِي الأَرْضِ مَن ذَا الَّذِي يَشْفَعُ عِنْدَهُ إِلاَّ بِإِذْنِهِ يَعْلَمُ مَا بَيْنَ أَيْدِيهِمْ وَمَا خَلْفَهُمْ وَلَا يُحِيطُونَ بِشَيْءٍ مِّنْ عِلْمِهِ إِلاَّ بِمَا شَاء وَسِعَ كُرْسِيُّهُ السَّمَوَاتِ وَالْأَرْضَ وَلَا يَؤُودُهُ حِفْظُهُمَا وَهُوَ الْعَلِيُّ الْعَظِيمُ},𝟤𝟩 - ހެނދުނާއި ހަވީރުގެ ޒިކުރުތައް,"(ކޮންމެ ނަމާދަކަށްފަހު) ""ﷲ އީ، އެ އިލާހު ފިޔަވައި އަޅުކަންވެވުން ހައްގުވެގެންވާ އެހެންއެއްވެސް އިލާހަކުނުވާ އިލާހެވެ. އެ އިލާހީ ދިރިދެމިވޮޑިގެންވާ އަބަދަށް ގާއިމުވެވޮޑިގެންވާ އިލާހެވެ. ތާއްޔާޖެހުމެއްވެސް އަދި ނިންޖެއްވެސް އެ އިލާހަށް ނިސްބަތްވެގެންނެއް ނުވެއެވެ. އުޑުތަކާއި ބިމުގައި ވާހައި އެއްޗެއް މިލްކުވެގެންވަނީ އެ އިލާހަށެވެ. އެ އިލާހުގެ ހަޒްރަތުގައި އެ އިލާހުގެ އިޒުނަފުޅާނުލައި ޝަފާއަތްތެރިވެވޭނީ ކާކަށްހެއްޔެވެ؟ އެބައިމީހުންގެ ކުރިމަތީގައި ވާހައި ކަމަކާއި އެބައިމީހުންގެ ފަހަތުގައި ވާހައި ކަމެއް (އެބަހީ އިސްވެދިޔަހާ ކަމަކާއި ފަހުން ވާނޭހާ ކަމެއް) އެ އިލާހު ދެނެވޮޑިގެންވެއެވެ. އަދި އެ އިލާހުގެ އިލްމުފުޅުގެ ތެރެއިން އެ އިލާހު އިރާދަކުރެއްވި މިންވަރެއް މެނުވީ އެބައިމީހުންނަކަށް ނޭނގޭނެތެވެ. އެ އިލާހުގެ ކުރުސިކޮޅު (އެ އިލާހުގެ ފައިންޕުޅު އަޅުއްވާ ގޮނޑިކޮޅު) އުޑުތަކާއި ބިމަށްވުރެ ތަނަވަސްވެގެންވެއެވެ. އަދި އުޑުތަކާއި ބިން ރައްކާތެރިކޮށް ބެލެހެއްޓެވުމުގައި އެ އިލާހަށް އެއްވެސް ބުރަކަމެއް ނުވެއެވެ. އަދި އެ އިލާހީ މަތިވެރިވެ މާތްވެވޮޑިގެންވާ އިލާހެވެ.""

މިއާޔަތް ހެނދުނު ކިޔައިފިމީހާ، ހަވީރުވަންދެން ޖިންނީންގެ ކިބައިން ރައްކާތެރިކުރެވޭނެއެވެ. އަދި ހަވީރު ކިޔައިފިމީހާ ހެނދުނުވަންދެން ޖިންނީންގެ ކިބައިން ރައްކާތެރިކުރެވޭނެއެވެ.",,,𝟤𝟩 In the morning and evening,"All praise is due to Allah alone, and peace and blessings be upon him after whom there is no other Prophet.

(Ayat al-Kursi) Allah! There is none worthy of worship but He, the Ever-Living, the One Who sustains and protects all that exists. Neither slumber nor sleep overtakes Him. To Him belongs whatever is in the heavens and whatever is on the earth. Who is he that can intercede with Him except with His Permission? He knows what happens to them in this world, and what will happen to them in the Hereafter. And they will never encompass anything of His Knowledge except that which He wills. His Throne extends over the heavens and the earth, and He feels no fatigue in guarding and preserving them. And He is the Most High, the Most Great."
76,٢٧ - أَذْكَارُ الصَّبَاحِ وَالْمَسَاءِ,٧٦ - بِسْمِ اللَّهِ الرَّحْمَنِ الرَّحِيمِ {قُلْ هُوَ اللَّهُ أَحَدٌ* اللَّهُ الصَّمَدُ* لَمْ يَلِدْ وَلَمْ يُولَدْ* وَلَمْ يَكُن لَّهُ كُفُواً أَحَدٌ}. بِسْمِ اللَّهِ الرَّحْمَنِ الرَّحِيمِ {قُلْ أَعُوذُ بِرَبِّ الْفَلَقِ* مِن شَرِّ مَا خَلَقَ* وَمِن شَرِّ غَاسِقٍ إِذَا وَقَبَ* وَمِن شَرِّ النَّفَّاثَاتِ فِي الْعُقَدِ* وَمِن شَرِّ حَاسِدٍ إِذَا حَسَدَ}. بِسْمِ اللَّهِ الرَّحْمَنِ الرَّحِيمِ {قُلْ أَعُوذُ بِرَبِّ النَّاسِ* مَلِكِ النَّاسِ* إِلَهِ النَّاسِ* مِن شَرِّ الْوَسْوَاسِ الْخَنَّاسِ* الَّذِي يُوَسْوِسُ فِي صُدُورِ النَّاسِ* مِنَ الْجِنَّةِ وَالنَّاسِ} (ثلاثَ مرَّاتٍ) (1).,𝟤𝟩 - ހެނދުނާއި ހަވީރުގެ ޒިކުރުތައް,"1. ސޫރަތުލް އިޚްލާޞް: ""(އޭ މުޙައްމަދުގެފާނެވެ!) އިބަ ނަބިއްޔާ ވިދާޅުވާށެވެ. އެއީ ﷲ އެވެ. ﷲ އެއްކައުވަންތައެވެ. ﷲ އީ ފުދިވޮޑިގެންވާ އިލާހެވެ. އެ އިލާހަށް ދަރިކަލަކު ނުވެއެވެ. އަދި ބަފައިކަލަކު ނުމެވޭމެއެވެ. އަދި އެ އިލާހާ އެއްފަދަ އެހެން އެއްވެސް ފަރާތެއް ނުވެއެވެ.""

2. ސޫރަތުލް ފަލަގު: ""(އޭ މުޙައްމަދުގެފާނެވެ!) އިބަ ނަބިއްޔާ ވިދާޅުވާށެވެ. ހެނދުނުގެ ރައްބުގެ ހަޒްރަތުން، އެ އިލާހު ހެއްދެވި ހުރިހާ މަޚްލޫގުންގެ ނުބައިކަމުން ރައްކާތެރިކަމަށް އެދެމެވެ. އަދި ރޭގަނޑުގެ އަނދިރިކަން ވެރިވާ ހިނދު، އެރޭގަނޑުގެ އަނދިރިކަމުގެ ނުބައިކަމުން ރައްކާތެރިކަމަށް އެދެމެވެ. އަދި (ގޮށްތައްޖަހައި އެ) ގޮށްތަކަށް ފުމޭ އަންހެނުންގެ (އެބަހީ ސިހުރުވެރިންގެ) ނުބައިކަމުން ރައްކާތެރިކަމަށް އެދެމެވެ. އަދި ހަސަދަވެރިޔާ ހަސަދަވެރިވާ ހިނދު، އޭނާގެ ނުބައިކަމުން ރައްކާތެރިކަމަށް އެދެމެވެ.""

3. ސޫރަތުއް ނާސް: ""(އޭ މުޙައްމަދުގެފާނެވެ!) އިބަ ނަބިއްޔާ ވިދާޅުވާށެވެ. ޖިންނީންނާއި އިންސާނުންގެ ތެރެއިން މީސްތަކުންގެ ހިތްތަކަށް ވަސްވާސްލައިދޭ، (ﷲ ގެ ޒިކުރުކުރެވޭހިނދު) ފަހަތަށް އެނބުރިދާ، ވަސްވާހުގެވެރި ޝައިތާނާގެ ނުބައިކަމުން ރައްކާތެރިކޮށްދެއްވުމަށް، މީސްތަކުންގެ ރައްބުގެ ހަޒްރަތުން އެދިދަންނަވަމެވެ. އެ އިލާހީ މީސްތަކުންގެ ރަސްވަންތަ އިލާހެވެ. މީސްތަކުންގެ އިލާހެވެ.""

މިތިންސޫރަތް ހެނދުނާއި ހަވީރު ތިންފަހަރު ކިޔައިފިމީހާ ދަންނައެވެ. އެކަން އޭނާއަށް ހުރިހައި ކަމަކުން ފުދޭނެއެވެ.",,,𝟤𝟩 In the morning and evening,"(Recite these three times each in Arabic). With the Name of Allah, the Most Gracious, the Most Merciful. Say: He is Allah (the) One. The Self-Sufficient Master, Whom all creatures need, He begets not nor was He begotten, and there is none equal to Him.

With the Name of Allah, the Most Gracious, the Most Merciful. Say: I seek refuge with (Allah) the Lord of the daybreak, from the evil of what He has created, and from the evil of the darkening (night) as it comes with its darkness, and from the evil of those who practice witchcraft when they blow in the knots, and from the evil of the envier when he envies.

With the Name of Allah, the Most Gracious, the Most Merciful. Say: I seek refuge with (Allah) the Lord of mankind, the King of mankind, the God of mankind, from the evil of the whisperer who withdraws, who whispers in the breasts of mankind, of jinns and men."
77,٢٧ - أَذْكَارُ الصَّبَاحِ وَالْمَسَاءِ,٧٧ - ((أَصْبَحْنَا وَأَصْبَحَ الْمُلْكُ لِلَّهِ (1)، وَالْحَمْدُ لِلَّهِ، لَا إِلَهَ إِلَّا اللَّهُ وَحْدَهُ لَا شَرِيكَ لَهُ، لَهُ الْمُلْكُ وَلَهُ الْحَمْدُ وَهُوَ عَلَى كُلِّ شَيْءٍ قَدِيرٌ، رَبِّ أَسْأَلُكَ خَيْرَ مَا فِي هَذَا الْيَوْمِ وَخَيرَ مَا بَعْدَهُ (2)، وَأَعُوذُ بِكَ مِنْ شَرِّ مَا فِي هَذَا الْيَوْمِ وَشَرِّ مَا بَعْدَهُ، رَبِّ أَعُوذُ بِكَ مِنَ الْكَسَلِ وَسُوءِ الْكِبَرِ، رَبِّ أَعُوذُ بِكَ مِنْ عَذَابٍ فِي النَّارِ وَعَذَابٍ فِي الْقَبْرِ)) (1),𝟤𝟩 - ހެނދުނާއި ހަވީރުގެ ޒިކުރުތައް,އަޅަމެން ހެނދުނުކޮށްފީމުއެވެ.1 އަދި އެންމެހާ ވެރިކަމެއް ﷲ އަށްޓަކައި ހެނދުނުކޮށްފިއެވެ. އަދި ހުރިހާ ހަމްދެއްވަނީ ﷲ އަށެވެ. ﷲ މެނުވީ އަޅުކަންވެވުން ހައްގުވެގެންވާ އެހެން އެއްވެސް އިލާހަކު ނުވެއެވެ. އެ އިލާހު އެއްކައުވަންތައެވެ. އެ އިލާހަށް އެއްވެސް ބައިވެރިއަކު ނުވެއެވެ. ހުރިހާ ވެރިކަމަކާއި ހުރިހާ ހަމްދެއް ލިބިވޮޑިގެންވަނީ އެ އިލާހަށެވެ. އަދި އެ އިލާހީ ހުރިހާ ކަމެއްގެ މައްޗަށް ކުޅަދުންވަންތަވެވޮޑިގެންވާ އިލާހެވެ.އަޅުގެ ރައްބެވެ! މިއަދުގައި ވާހައި ހެޔޮކަމަކާއި މިއަދަށްފަހުގައި ވާހައި ހެޔޮކަމެއް ދެއްވުމަށް އެދި މި އަޅާ އިބަ ﷲ ގެ ހަޒްރަތުން ދަންނަވަމެވެ. އަދި މިއަދުގައި ވާހައި ނުބައިކަމަކުންނާއި މިއަދަށްފަހުގައި ވާހައި ނުބައިކަމަކުން ރައްކާތެރި ކޮށްދެއްވުމަށްވެސް އެދި މި އަޅާ އިބަ ﷲ ގެ ހަޒްރަތުން ދަންނަވަމެވެ.2 އަޅުގެ ރައްބެވެ! ކަންނެތްކަމާއި މުސްކުޅިކަމުގެ ނުބައިކަމުން ރައްކާތެރިކޮށްދެއްވުމަށް އެދި މި އަޅާ އިބަ ﷲ ގެ ހަޒްރަތުން ދަންނަވަމެވެ. އަޅުގެ ރައްބެވެ! ނަރަކައިގެ އަޒާބުންނާއި ކަށްވަޅުގެ އަޒާބުން ރައްކާތެރިކޮށްދެއްވުމަށް އެދި މި އަޅާ އިބަ ﷲ ގެ ހަޒްރަތުން ދަންނަވަމެވެ.,,,𝟤𝟩 In the morning and evening,"We have entered a new day and with it all dominion is Allah's. Praise is to Allah. None has the right to be worshipped but Allah alone, Who has no partner. To Allah belongs the dominion, and to Him is the praise and He is Able to do all things. My Lord, I ask You for the goodness of this day and of the days that come after it, and I seek refuge in You from the evil of this day and of the days that come after it. My Lord, I seek refuge in You from laziness and helpless old age. My Lord, I seek refuge in You from the punishment of Hell-fire, and from the punishment of the grave."
78,٢٧ - أَذْكَارُ الصَّبَاحِ وَالْمَسَاءِ,٧٨ - اللَّهُمَّ بِكَ أَصْبَحْنَا، وَبِكَ أَمْسَيْنَا (2)، وَبِكَ نَحْيَا، وَبِكَ نَمُوتُ وَإِلَيْكَ النُّشُورُ,𝟤𝟩 - ހެނދުނާއި ހަވީރުގެ ޒިކުރުތައް,ޔާ ﷲ! އިބަ ﷲ ގެ ވާގިފުޅާއެކު، އަޅަމެން ހެނދުނުކުރީމުއެވެ. އަދި ހަމަ އިބަ ﷲ ގެ ވާގިފުޅާއެކު، އަޅަމެން ހަވީރުކުރީމުއެވެ. އަދި އިބަ ﷲ ގެ ރައްކާތެރިކަމާއެކު، އަޅަމެން ދިރިތިބެމުއެވެ. އަދި ހަމަ އިބަ ﷲ ގެ ރައްކާތެރިކަމާއެކު، އަޅަމެން މަރުވަމުއެވެ. އަދި (އަލުން ދިރުއްވައި މަހުޝަރަށް) ފޮނުއްވުން ވެސް ވަނީ އިބަ ﷲ ގެ ހަޒްރަތަށެވެ.,,,𝟤𝟩 In the morning and evening,"O Allah, by You we enter the morning and by You we enter the evening, by You we live and by You we die, and to You is the Final Return.

When you say this in the evening you should say:

O Allah, You bring us the end of the day as You bring us its beginning, You bring us life and you bring us death, and to You is our fate."
79,٢٧ - أَذْكَارُ الصَّبَاحِ وَالْمَسَاءِ,٧٩ - اللَّهُمَّ أَنْتَ رَبِّي لَا إِلَهَ إِلاَّ أَنْتَ، خَلَقْتَنِي وَأَنَا عَبْدُكَ، وَأَنَا عَلَى عَهْدِكَ وَوَعْدِكَ مَا اسْتَطَعْتُ، أَعُوذُ بِكَ مِنْ شَرِّ مَا صَنَعْتُ، أَبُوءُ (4) لَكَ بِنِعْمَتِكَ عَلَيَّ، وَأَبُوءُ بِذَنْبِي فَاغْفِرْ لِي فَإِنَّهُ لَا يَغْفِرُ الذُّنوبَ إِلاَّ أَنْتَ,𝟤𝟩 - ހެނދުނާއި ހަވީރުގެ ޒިކުރުތައް,ޔާ ﷲ! އިބަ ﷲ އީ މި އަޅާގެ ރައްބެވެ. އިބަ ﷲ ފިޔަވައި އަޅުކަންވެވުން ހައްގުވެގެންވާ އެހެންއެއްވެސް އިލާހަކުނުވެއެވެ. މި އަޅާ ހެއްދެވީ އިބަ ﷲ އެވެ. އަދި މި އަޅާއީ އިބަ ﷲ ގެ އަޅަކީމެވެ. އަދި މި އަޅާއަށް ކުޅަދާނަވީ މިންވަރަކުން މި އަޅާ މިހުރީ އިބަ ﷲ ގެ އަހުދުގެ މަތީގައެވެ. އަދި އިބަ ﷲ ގެ ވައުދުގެ މަތީގައެވެ. މި އަޅާއަށް ކުރެވިފައިވާ ކަންތަކުގެ ނުބައިކަމުން ރައްކާތެރިކޮށްދެއްވުމަށް މި އަޅާ އިބަ ﷲ ގެ ހަޒްރަތުން އެދިދަންނަވަމެވެ. މި އަޅާގެ މައްޗަށްވާ އިބަ ﷲ ގެ ނިއުމަތަށް މި އަޅާ އިއުތިރާފުވަމެވެ. އަދި މި އަޅާގެ ފާފަތަކަށްވެސް މި އަޅާ އިއުތިރާފުވަމެވެ. ފަހެ މި އަޅާއަށް ފާފަފުއްސަވާނދޭވެ! އެހެނީ ހަމަކަށަވަރުން އިބަ ﷲ ފިޔަވައި ފާފަފުއްސަވައިދެވޭނެ އެހެންފަރާތެއް ނުވެއެވެ.,,,𝟤𝟩 In the morning and evening,"O Allah, You are my Lord, there is none worthy of worship but You. You created me and I am your slave. I keep Your covenant, and my pledge to You so far as I am able. I seek refuge in You from the evil of what I have done. I admit to Your blessings upon me, and I admit to my misdeeds. Forgive me, for there is none who may forgive sins but You."
80,٢٧ - أَذْكَارُ الصَّبَاحِ وَالْمَسَاءِ,٨٠ - اللَّهُمَّ إِنِّي أَصْبَحْتُ (2) أُشْهِدُكَ، وَأُشْهِدُ حَمَلَةَ عَرْشِكَ، وَمَلاَئِكَتِكَ، وَجَمِيعَ خَلْقِكَ، أَنَّكَ أَنْتَ اللَّهُ لَا إِلَهَ إِلاَّ أَنْتَ وَحْدَكَ لَا شَرِيكَ لَكَ، وَأَنَّ مُحَمَّداً عَبْدُكَ وَرَسُولُكَ)) (أربعَ مَرَّاتٍ) (3).,𝟤𝟩 - ހެނދުނާއި ހަވީރުގެ ޒިކުރުތައް,"(ހަތަރު ފަހަރު) ""ޔާ ﷲ! އިބަ ﷲ އާއި، އިބަ ﷲ ގެ ޢަރުޝު އުފުއްލަވާ މަލާއިކަތުންނާއި އަދި އިބަ ﷲ ގެ ހުރިހާ މަލާއިކަތުންނާއި، ހުރިހާ މަޚްލޫގުން ހެކިކުރާހާލު، ހަމަކަށަވަރުން މި އަޅާ ހެނދުނުކުރަމެވެ. ހަމަކަށަވަރުން އިބަ ﷲ ފިޔަވައި އަޅުކަންވެވުން ހައްގުވެގެންވާ އެހެންއެއްވެސް އިލާހަކު ނުވެއެވެ. އަދި އިބަ ﷲ އެއްކައުވަންތައެވެ. އިބަ ﷲ އަށް އެއްވެސް ބައިވެރިއަކު ނުވެއެވެ. އަދި ހަމަކަށަވަރުން މުޙައްމަދުގެފާނީ އިބަ ﷲ ގެ އަޅާއެވެ. އަދި އިބަ ﷲ ގެ ރަސޫލާއެވެ.""",,,𝟤𝟩 In the morning and evening,"O Allah, I have entered a new morning and call upon You and upon the bearers of Your Throne, upon Your angels and all creation to bear witness that surely You are Allah, there is none worthy of worship but You alone, You have no partners, and that Muhammad is Your slave and Your Messenger. (Recite four times in Arabic.)"
81,٢٧ - أَذْكَارُ الصَّبَاحِ وَالْمَسَاءِ,٨١ - اللَّهُمَّ مَا أَصْبَحَ بِي (1) مِنْ نِعْمَةٍ أَوْ بِأَحَدٍ مِنْ خَلْقِكَ فَمِنْكَ وَحْدَكَ لَا شَرِيكَ لَكَ، فَلَكَ الْحَمْدُ وَلَكَ الشُّكْرُ,𝟤𝟩 - ހެނދުނާއި ހަވީރުގެ ޒިކުރުތައް,ޔާ ﷲ! މި އަޅާގެ މައްޗަށް ނުވަތަ އިބަ ﷲ ގެ މަޚްލޫގުންކުރެ މަޚްލޫގެއްގެ މައްޗަށް، އެއްވެސް ނިއުމަތެއް ހެނދުނުކޮށްފިނަމަ، ފަހެ އެނިއުމަތްވަނީ އިބަ ﷲ ގެ ހަޒްރަތުންނެވެ. އިބަ ﷲ އެއްކައުވަންތައެވެ. އިބަ ﷲ އަށް އެއްވެސް ބައިވެރިއަކު ނުވެއެވެ. ފަހެ ހުރިހާ ހަމްދަކާއި ޝުކުރެއް ވަނީ އިބަ ﷲ އަށެވެ.,,,𝟤𝟩 In the morning and evening,"O Allah, whatever blessing has been received by me or anyone of Your creation is from You alone, You have no partner. All praise is for you and thanks is to You."
82,٢٧ - أَذْكَارُ الصَّبَاحِ وَالْمَسَاءِ,٨٢ - اللَّهُمَّ عَافِنِي فِي بَدَنِي، اللَّهُمَّ عَافِنِي فِي سَمْعِي، اللَّهُمَّ عَافِنِي فِي بَصَرِي، لَا إِلَهَ إِلاَّ أَنْتَ. اللَّهُمَّ إِنِّي أَعُوذُ بِكَ مِنَ الْكُفْرِ، وَالفَقْرِ، وَأَعُوذُ بِكَ مِنْ عَذَابِ القَبْرِ، لَا إِلَهَ إِلاَّ أَنْتَ)) (ثلاثَ مرَّاتٍ),𝟤𝟩 - ހެނދުނާއި ހަވީރުގެ ޒިކުރުތައް,"(ތިން ފަހަރު) ""ޔާ ﷲ! މި އަޅާއަށް މި އަޅާގެ ހަށިގަނޑުގައި ފުރިހަމަ ސިއްހަތެއް ލައްވާނދޭވެ! ޔާ ﷲ! މި އަޅާއަށް މި އަޅާގެ އެހުމުގައިވެސް ފުރިހަމަ ސިއްހަތެއް ލައްވާނދޭވެ! ޔާ ﷲ! މި އަޅާއަށް މި އަޅާގެ ފެނުމުގައިވެސް ފުރިހަމަ ސިއްޙަތެއް ލައްވާނދޭވެ! އިބަ ﷲ މެނުވީ އަޅުކަންވެވުން ހައްގުވެގެންވާ އެހެންއެއްވެސް އިލާހަކުނުވެއެވެ. ޔާ ﷲ! ކާފިރުކަމުންނާއި ފަގީރުކަމުން ރައްކާތެރި ކޮށްދެއްވުމަށް މި އަޅާ އިބަ ﷲ ގެ ހަޒްރަތުން އެދިދަންނަވަމެވެ. އަދި ކަށްވަޅުގެ އަޒާބުން ރައްކާތެރިކޮށްދެއްވުމަށްވެސް މި އަޅާ އިބަ ﷲ ގެ ހަޒްރަތުން އެދިދަންނަވަމެވެ. އިބަ ﷲ ފިޔަވައި އަޅުކަންވެވުން ހައްގުވެގެންވާ އެހެންއެއްވެސް އިލާހަކު ނުވެއެވެ.""",,,𝟤𝟩 In the morning and evening,"O Allah, make me healthy in my body. O Allah, preserve for me my hearing. O Allah, preserve for me my sight. There is none worthy of worship but You. O Allah, I seek refuge in You from disbelief and poverty, and I seek refuge in You from the punishment of the grave. There is none worthy of worship but You (Recite three times in Arabic.)"
83,٢٧ - أَذْكَارُ الصَّبَاحِ وَالْمَسَاءِ,٨٣ - حَسْبِيَ اللَّهُ لَا إِلَهَ إِلاَّ هُوَ عَلَيهِ تَوَكَّلتُ وَهُوَ رَبُّ الْعَرْشِ الْعَظِيمِ)) (سَبْعَ مَرَّاتٍ),𝟤𝟩 - ހެނދުނާއި ހަވީރުގެ ޒިކުރުތައް,"(ހަތް ފަހަރު) ""މި އަޅާއަށް ﷲ ފުދެއެވެ. އެ އިލާހު ފިޔަވައި އަޅުކަންވެވުން ހައްގުވެގެންވާ އެހެން އެއްވެސް އިލާހަކު ނުވެއެވެ. މި އަޅާ ވަކީލުކުރަނީ ހަމައެކަނި އެ އިލާހަށެވެ. އަދި އެ އިލާހީ މަތިވެރި ޢަރުޝުގެ ރައްބެވެ.""",,,𝟤𝟩 In the morning and evening,"Allah is sufficient for me. There is none worthy of worship but Him. I have placed my trust in Him, He is Lord of the Majestic Throne. (Recite seven times in Arabic.)"
84,٢٧ - أَذْكَارُ الصَّبَاحِ وَالْمَسَاءِ,٨٤ - اللَّهُمَّ إِنِّي أَسْأَلُكَ الْعَفْوَ وَالْعَافِيَةَ فِي الدُّنْيَا وَالآخِرَةِ، اللَّهُمَّ إِنِّي أَسْأَلُكَ الْعَفْوَ وَالْعَافِيَةَ: فِي دِينِي وَدُنْيَايَ وَأَهْلِي، وَمَالِي، اللَّهُمَّ اسْتُرْ عَوْرَاتِي، وَآمِنْ رَوْعَاتِي، اللَّهُمَّ احْفَظْنِي مِنْ بَينِ يَدَيَّ، وَمِنْ خَلْفِي، وَعَنْ يَمِينِي، وَعَنْ شِمَالِي، وَمِنْ فَوْقِي، وَأَعُوذُ بِعَظَمَتِكَ أَنْ أُغْتَالَ مِنْ تَحْتِي,𝟤𝟩 - ހެނދުނާއި ހަވީރުގެ ޒިކުރުތައް,ޔާ ﷲ! ހަމަކަށަވަރުން މި އަޅާ، އިބަ ﷲ ގެ ހަޒްރަތުން، ދުނިޔެއާއި އާޚިރަތުގައި އަފޫކުރެއްވުމަށާއި ފުރިހަމަ އާފިޔަތަށް އެދިދަންނަވަމެވެ. ޔާ ﷲ! ހަމަކަށަވަރުން މި އަޅާ، އިބަ ﷲ ގެ ހަޒްރަތުން އަފޫކޮށްދެއްވުމަށް އެދިދަންނަވަމެވެ. އަދި މި އަޅާގެ ދީނާއި، ދުނިޔޭގައި އަދި މި އަޅާގެ އަހުލުވެރިންނާއި، މުދަލުގައި ފުރިހަމަ އާފިޔަތަކަށް އެދިދަންނަވަމެވެ. ޔާ ﷲ! މި އަޅާގެ ޢައިބުތައް ވަންހަނާ ކޮށްދެއްވާނދޭވެ! އަދި މި އަޅާގެ ބިރުގަތުންތަކުން އަމާންކަން ދެއްވާނދޭވެ! ޔާ ﷲ! މި އަޅާގެ ކުރިމަތިންނާއި، މި އަޅާގެ ފުރަގަހުންނާއި، މި އަޅާގެ ކަނާތްފަރާތުންނާއި، މި އަޅާގެ ވާތްފަރާތުންނާއި އަދި މި އަޅާގެ މަތިން މި އަޅާ ރައްކާތެރިކޮށްދެއްވާނދޭވެ! އަދި ކުއްލިއަކަށް މި އަޅާގެ ދަށުން މި އަޅާ ހަލާކުވެދިއުމުން ރައްކާތެރިކޮށްދެއްވުމަށް އެދި އިބަ ﷲ ގެ މާތްކަން މެދުވެރިކޮށް ދަންނަވަމެވެ.,,,𝟤𝟩 In the morning and evening,"O Allah, I seek Your forgiveness and Your protection in this world and the next. O Allah, I seek Your forgiveness and Your protection in my religion, in my worldly affairs, in my family and in my wealth. O Allah, conceal my secrets and preserve me from anguish. O Allah, guard me from what is in front of me and behind me, from my left, and from my right, and from above me. I seek refuge in Your Greatness from being struck down from beneath me."
85,٢٧ - أَذْكَارُ الصَّبَاحِ وَالْمَسَاءِ,٨٥ - اللَّهُمَّ عَالِمَ الغَيْبِ وَالشَّهَادَةِ فَاطِرَ السَّمَوَاتِ وَالْأَرْضِ، رَبَّ كُلِّ شَيْءٍ وَمَلِيكَهُ، أَشْهَدُ أَنْ لَا إِِلَهَ إِِلاَّ أَنْتَ، أَعُوذُ بِكَ مِنْ شَرِّ نَفْسِي، وَمِنْ شَرِّ الشَّيْطانِ وَشِرْكِهِ، وَأَنْ أَقْتَرِفَ عَلَى نَفْسِي سُوءاً، أَوْ أَجُرَّهُ إِلَى مُسْلِمٍ,𝟤𝟩 - ހެނދުނާއި ހަވީރުގެ ޒިކުރުތައް,ޔާ ﷲ! ޣައިބުގައިވާ ކަންތަކާއި ފެންނަހައި ކަމެއް ދެނެވޮޑިގެންވާ އިލާހެވެ! އުޑުތަކާއި ބިން ނެތުމުގެ ތެރެއިން ހެއްދެވި އިލާހެވެ! ހުރިހާ އެއްޗެއްގެ ރައްބު އަދި އެތަކެތީގެ މިލްކުވެރި އިލާހެވެ! އިބަ ﷲ ފިޔަވައި އަޅުކަންވެވުން ހައްގުވެގެންވާ އެހެންއެއްވެސް އިލާހަކުނުވާކަމަށް މި އަޅާ ހެކިވަމެވެ. މި އަޅާގެ ނަފްސުގެ ނުބައިކަމާއި، ޝައިތާނާގެ ނުބައިކަމާއި، އެޝައިތާނާ (އިބަ ﷲ އާ) ޝަރީކުކުރުމަށް ލައިދޭ ވަސްވާހުން ރައްކާތެރިކޮށްދެއްވުމަށް އެދި އިބަ ﷲ ގެ ހަޒްރަތުން ދަންނަވަމެވެ. އަދި މި އަޅާގެ އަމިއްލަނަފްސުގެ މައްޗަށް މި އަޅާއަށް ކުރެވޭ ނުބައިކަންތަކުންނާއި ނުވަތަ އެނުބައިކަންތައް އެހެން މުސްލިމަކުލައްވައި ކުރުވުމުން ރައްކާތެރިކޮށްދެއްވުމަށް އެދި އިބަ ﷲ ގެ ހަޒްރަތުން ދަންނަވަމެވެ.,,,𝟤𝟩 In the morning and evening,"O Allah, Knower of the unseen and the evident, Maker of the heavens and the earth, Lord of everything and its Possessor, I bear witness that there is none worthy of worship but You. I seek refuge in You from the evil of my soul, and from the evil of Satan and his helpers. (I seek refuge in You) from bringing evil upon my soul and from harming any Muslim."
86,٢٧ - أَذْكَارُ الصَّبَاحِ وَالْمَسَاءِ,٨٦ - بِسْمِ اللَّهِ الَّذِي لَا يَضُرُّ مَعَ اسْمِهِ شَيْءٌ فِي الْأَرْضِ وَلَا فِي السّمَاءِ وَهُوَ السَّمِيعُ الْعَلِيمُ)) (ثلاثَ مرَّاتٍ),𝟤𝟩 - ހެނދުނާއި ހަވީރުގެ ޒިކުރުތައް,"(ތިން ފަހަރު) ""ﷲ ގެ އިސްމުފުޅުގެ ބަރަކާތުން (ރައްކާތެރިކަން ލިބިގަންނަމެވެ.) އެ އިލާހުގެ އިސްމުފުޅުގެ ބަރަކާތާއެކު، ބިމާއި އުޑުން އެއްވެސް އެއްޗެއް ގެއްލުމެއް ނުދޭނެތެވެ. އަދި އެ އިލާހީ މޮޅަށް އައްސަވައިވޮޑިގެންވާ މޮޅަށް ދެނެވޮޑިގެންވާ އިލާހެވެ.""",,,𝟤𝟩 In the morning and evening,"In the Name of Allah, Who with His Name nothing can cause harm in the earth nor in the heavens, and He is the All-Hearing, the All-Knowing. (Recite three times in Arabic)."
87,٢٧ - أَذْكَارُ الصَّبَاحِ وَالْمَسَاءِ,٨٧ - رَضِيتُ بِاللَّهِ رَبًا، وَبِالْإِسْلاَمِ دِيناً، وَبِمُحَمَّدٍ ﷺ نَبِيًّا (ثلاثَ مرَّاتٍ),𝟤𝟩 - ހެނދުނާއި ހަވީރުގެ ޒިކުރުތައް,"(ތިން ފަހަރު) ""ﷲ އީ ހުރިހާ އެއްޗެއްގެ ރައްބު ކަމަށާއި، އަދި އިސްލާމްދީނަކީ ދީންކަމަށާއި، އަދި މުޙައްމަދު ﷺ އީ ނަބިއްޔާކަމަށް އަހުރެން ރުހިއްޖައީމެވެ.""",,,𝟤𝟩 In the morning and evening,"I am pleased with Allah as my Lord, with Islam as my religion, and with Muhammad (peace and blessings of Allah be upon him) as my Prophet. (Recite three times in Arabic.)"
88,٢٧ - أَذْكَارُ الصَّبَاحِ وَالْمَسَاءِ,٨٨ - يَا حَيُّ يَا قَيُّومُ بِرَحْمَتِكَ أَسْتَغيثُ أَصْلِحْ لِي شَأْنِيَ كُلَّهُ وَلَا تَكِلْنِي إِلَى نَفْسِي طَرْفَةَ عَيْنٍ,𝟤𝟩 - ހެނދުނާއި ހަވީރުގެ ޒިކުރުތައް,އޭ ދިރިދެމިވޮޑިގެންވާ އިލާހެވެ! މުޅިކާއިނާތު ބެލެހެއްޓެވުމުގައި ގާއިމުވެވޮޑިގެންވާ އިލާހެވެ! ހަމައެކަނި އިބަ ﷲ ގެ ރަހުމަތުގެ ޒަރިއްޔާއިން މި އަޅާ ފަރިޔާދުކުރަމެވެ. މި އަޅާގެ ހުރިހާކަމެއް މި އަޅާއަށް އިސްލާހު ކޮށްދެއްވާނދޭވެ! އަދި އެސްފިޔައެއްޖަހައިލާ ހިނދުކޮޅަކަށްވެސް މި އަޅާއާ މި އަޅާގެ ނަފްސު ހަވާލުނުކުރައްވާނދޭވެ!,,,𝟤𝟩 In the morning and evening,"O Ever-Living One, O Eternal One, by Your mercy I call on You to set right all my affairs. Do not place me in charge of my soul even for the blinking of an eye (i.e. a moment)."
89,٢٧ - أَذْكَارُ الصَّبَاحِ وَالْمَسَاءِ,٨٩ - أَصْبَحْنَا وَأَصْبَحَ الْمُلْكُ لِلَّهِ رَبِّ الْعَالَمِينَ (2)، اللَّهُمَّ إِنِّي أَسْأَلُكَ خَيْرَ هَذَا الْيَوْمِ (3):فَتْحَهُ، وَنَصْرَهُ، وَنُورَهُ، وَبَرَكَتَهُ، وَهُدَاهُ، وَأَعُوذُ بِكَ مِنْ شَرِّ مَا فِيهِ وَشَرِّ مَا بَعْدَهُ,𝟤𝟩 - ހެނދުނާއި ހަވީރުގެ ޒިކުރުތައް,އަޅަމެން ހެނދުނުކޮށްފީމުއެވެ. އަދި އެންމެހާ ވެރިކަމެއް އާލަމްތަކުގެވެރި ﷲ އަށްޓަކައި ހެނދުނުކޮށްފިއެވެ. ޔާ ﷲ! ހަމަކަށަވަރުން މި އަޅާ، އިބަ ﷲ ގެ ހަޒްރަތުން މިދުވަހުގެ ހެޔޮކަންދެއްވުމަށް އެދިދަންނަވަމެވެ. އެބަހީ މިދުވަހުގެ ފަތަހައާއި، މިދުވަހުގެ ނަސްރާއި، މިދުވަހުގެ ނޫރާއި، މިދުވަހުގެ ބަރަކާތާއި އަދި މިދުވަހުގެ ހިދާޔަތެވެ. އަދި މި އަޅާ، އިބަ ﷲ ގެ ހަޒްރަތުން މިދުވަހުގައިވާ ނުބައިކަމުންނާއި، މިއަދަށްފަހުގައިވާ ނުބައިކަމުން ރައްކާތެރިކޮށްދެއްވުމަށް އެދި ދަންނަވަމެވެ.,,,𝟤𝟩 In the morning and evening,"We have entered a new day and with it all the dominion which belongs to Allah, Lord of all that exists. O Allah, I ask You for the goodness of this day, its victory, its help, its light, its blessings, and its guidance. I seek refuge in You from the evil that is in it, and from the evil that follows it."
90,٢٧ - أَذْكَارُ الصَّبَاحِ وَالْمَسَاءِ,٩٠ - أَصْبَحْنا عَلَى فِطْرَةِ الْإِسْلاَمِ (2)، وَعَلَى كَلِمَةِ الْإِخْلاَصِ، وَعَلَى دِينِ نَبِيِّنَا مُحَمَّدٍ ﷺ، وَعَلَى مِلَّةِ أَبِينَا إِبْرَاهِيمَ، حَنِيفاً مُسْلِماً وَمَا كَانَ مِنَ الْمُشرِكِينَ,𝟤𝟩 - ހެނދުނާއި ހަވީރުގެ ޒިކުރުތައް,އިސްލާމްދީނުގެ ފިތުރަތުގެ މައްޗަށާއި، އިޚްލާޞްތެރި ކަލިމަފުޅުގެ (ޝަހާދަތުގެ ކަލިމަފުޅުގެ) މައްޗަށާއި، އަޅަމެންގެ ނަބިއްޔާ މުޙައްމަދު ﷺ ގެ ދީނުގެ މައްޗަށާއި އަދި އަޅަމެންގެ ބައްޕަ އިބްރާހީމްގެފާނުގެ ގެ މިއްލަތުގެ މައްޗަށް އަޅަމެން ހެނދުނުކޮށްފީމުއެވެ. އެކަލޭގެފާނަކީ ހުރިހާ ބާތިލު އަގީދާތަކަކުން އެއްކިބާވެގެންވާ (ﷲ އަށް) ކިޔަމަންތެރި ބޭކަލެކެވެ. އަދި މުޝްރިކުންގެ ތެރެއިން އެކަލޭގެފާނު ވެވަޑައިނުގަންނަވަތެވެ..,,,𝟤𝟩 In the morning and evening,"We have entered a new day upon the natural religion of Islam, the word of sincere devotion, the religion of our Prophet Muhammad (peace and blessings of Allah be upon him), and the faith of our father Ibrahim. He was upright (in worshipping Allah), and a Muslim. He was not of those who worship others besides Allah."
91,٢٧ - أَذْكَارُ الصَّبَاحِ وَالْمَسَاءِ,٩١ - ((سُبْحَانَ اللَّهِ وَبِحَمْدِهِ)) (مائة مرَّةٍ),𝟤𝟩 - ހެނދުނާއި ހަވީރުގެ ޒިކުރުތައް,"(ސަތޭކަ ފަހަރު) ""ﷲ އަށް ހަމްދު ކުރުމާއެކު އެ އިލާހު ހުސްތާހިރު ކުރަމެވެ.""",,,𝟤𝟩 In the morning and evening,Glory is to Allah and praise is to Him. (Recite one hundred times in Arabic).
92,٢٧ - أَذْكَارُ الصَّبَاحِ وَالْمَسَاءِ,٩٢ - ((لَا إِلَهَ إِلاَّ اللَّهُ وَحْدَهُ لَا شَرِيكَ لَهُ، لَهُ الْمُلْكُ وَلَهُ الْحَمْدُ، وَهُوَ عَلَى كُلِّ شَيْءٍ قَدِيرٌ)) (عشرَ مرَّات) (1)، أَوْ (مرَّةً واحدةً عندَ الكَسَلِ),𝟤𝟩 - ހެނދުނާއި ހަވީރުގެ ޒިކުރުތައް,"(ދިހަފަހަރު) ނުވަތަ (ކަންނެތްވެފައިވާ ވަގުތެއްނަމަ އެއްފަހަރު) ""ﷲ މެނުވީ އަޅުކަންވެވުން ހައްގުވެގެންވާ އެހެން އެއްވެސް އިލާހަކު ނުވެއެވެ. އެ އިލާހު އެއްކައުވަންތައެވެ. އެ އިލާހަށް އެއްވެސް ބައިވެރިއަކުނުވެއެވެ. ހުރިހާ ވެރިކަމަކާއި ހުރިހާ ހަމްދެއް ލިބިވޮޑިގެންވަނީ އެ އިލާހަށެވެ. އަދި އެ އިލާހީ ހުރިހާ ކަމެއްގެ މައްޗަށް ކުޅަދުންވަންތަވެވޮޑިގެންވާ އިލާހެވެ.""",,,𝟤𝟩 In the morning and evening,"None has the right to be worshipped but Allah alone, Who has no partner. His is the dominion and His is the praise and He is Able to do all things. (Recite ten times in Arabic or one time to ward off laziness.)"
93,٢٧ - أَذْكَارُ الصَّبَاحِ وَالْمَسَاءِ,٩٣ - ((لَا إِلَهَ إِلاَّ اللَّهُ، وَحْدَهُ لَا شَرِيكَ لَهُ، لَهُ الْمُلْكُ وَلَهُ الْحَمْدُ وَهُوَ عَلَى كُلِّ شَيْءٍ قَدِيرٌ)) (مائةَ مرَّةٍ إذا أصبحَ),𝟤𝟩 - ހެނދުނާއި ހަވީރުގެ ޒިކުރުތައް,"(ހެނދުނުވާ ވަގުތު ސަތޭކަފަހަރު) ""ﷲ މެނުވީ އަޅުކަންވެވުން ހައްގުވެގެންވާ އެހެން އެއްވެސް އިލާހަކު ނުވެއެވެ. އެ އިލާހު އެއްކައުވަންތައެވެ. އެ އިލާހަށް އެއްވެސް ބައިވެރިއަކުނުވެއެވެ. ހުރިހާ ވެރިކަމަކާއި ހުރިހާ ހަމްދެއް ލިބިވޮޑިގެންވަނީ އެ އިލާހަށެވެ. އަދި އެ އިލާހީ ހުރިހާ ކަމެއްގެ މައްޗަށް ކުޅަދުންވަންތަވެވޮޑިގެންވާ އިލާހެވެ.""",,,𝟤𝟩 In the morning and evening,"None has the right to be worshipped but Allah alone, Who has no partner. His is the dominion and His is the praise and He is Able to do all things. (Recite a hundred times in Arabic upon rising in the morning)."
94,٢٧ - أَذْكَارُ الصَّبَاحِ وَالْمَسَاءِ,٩٤ - ((سُبْحَانَ اللَّهِ وَبِحَمْدِهِ: عَدَدَ خَلْقِهِ، وَرِضَا نَفْسِهِ، وَزِنَةَ عَرْشِهِ، وَمِدَادَ كَلِمَاتِهِ)) (ثلاثَ مرَّاتٍ إذا أصبحَ),𝟤𝟩 - ހެނދުނާއި ހަވީރުގެ ޒިކުރުތައް,"(ހެނދުނުވާ ވަގުތު ތިންފަހަރު) ""ﷲ އަށް ހަމްދު ކުރުމާއެކު އެ އިލާހު ހުސްތާހިރު ކުރަމެވެ. އެއީ އެ އިލާހުގެ މަޚްލޫގުންގެ އަދަދާ އެއްވަރަށެވެ. އަދި އެ އިލާހުގެ ޒާތުފުޅަށް އެ އިލާހު ރުހިވޮޑިގެންވާ މިންވަރަށެވެ. އަދި އެ އިލާހުގެ ޢަރުޝުގެ ވަޒަނާ އެއްވަރަށެވެ. އަދި އެ އިލާހުގެ ކަލިމަފުޅުތަކުގެ ދެއްޔާ އެއްވަރަށެވެ.""",,,𝟤𝟩 In the morning and evening,"Glory is to Allah and praise is to Him, by the multitude of His creation, by His Pleasure, by the weight of His Throne, and by the extent of His Words. (Recite three times in Arabic upon rising in the morning.)"
95,٢٧ - أَذْكَارُ الصَّبَاحِ وَالْمَسَاءِ,٩٥ - ((اللَّهُمَّ إِنِّي أَسْأَلُكَ عِلْماً نَافِعاً، وَرِزْقاً طَيِّباً، وَعَمَلاً مُتَقَبَّلاً)) (إذا أصبحَ),𝟤𝟩 - ހެނދުނާއި ހަވީރުގެ ޒިކުރުތައް,"(ހެނދުނުވާ ހިނދު) ""ޔާ ﷲ! ހަމަކަށަވަރުން މި އަޅާ، އިބަ ﷲ ގެ ހަޒްރަތުން ފައިދާކުރަނިވި އިލްމަކާއި، ހަލާލުވެގެންވާ ރިޒްގަކާއި، ގަބޫލުކުރެވިގެންވާ އަމަލެއް ދެއްވުމަށް އެދިދަންނަވަމެވެ.""",,,𝟤𝟩 In the morning and evening,"O Allah, I ask You for knowledge that is of benefit, a good provision, and deeds that will be accepted. (Recite in Arabic upon rising in the morning.)"
96,٢٧ - أَذْكَارُ الصَّبَاحِ وَالْمَسَاءِ,٩٦ - ((أَسْتَغْفِرُ اللَّهَ وَأَتُوبُ إِلَيْهِ)) (مِائَةَ مَرَّةٍ فِي الْيَوْمِ),𝟤𝟩 - ހެނދުނާއި ހަވީރުގެ ޒިކުރުތައް,"(ދުވާލަކު ސަތޭކަފަހަރު) ""މި އަޅާ، ﷲ ގެ ހަޒްރަތުން ފާފަފުއްސެވުމަށް އެދެމެވެ. އަދި އެ އިލާހުގެ ހަޒްރަތަށް ތައުބާވަމެވެ.""",,,𝟤𝟩 In the morning and evening,I seek the forgiveness of Allah and repent to Him. (Recite one hundred times in Arabic during the day.)
97,٢٧ - أَذْكَارُ الصَّبَاحِ وَالْمَسَاءِ,٩٧ - ((أَعُوذُ بِكَلِمَاتِ اللَّهِ التَّامَّاتِ مِنْ شَرِّ مَا خَلَقَ)) (ثلاثَ مرَّاتٍ إذا أمسى),𝟤𝟩 - ހެނދުނާއި ހަވީރުގެ ޒިކުރުތައް,"(ހަވީރުވާ ހިނދު ތިންފަހަރު) ""ﷲ ގެ ފުރިހަމަވެގެންވާ ކަލިމަފުޅުތައް މެދުވެރިކޮށް، އެ އިލާހު ހެއްދެވި އެންމެހާ މަޚުލޫގުންގެ ނުބައިކަމުން މި އަޅާ (އެ އިލާހުގެ ހަޒްރަތުން) ރައްކާތެރިކަމަށް އެދެމެވެ.""",,,𝟤𝟩 In the morning and evening,I seek refuge in the Perfect Words of Allah from the evil of what He has created. (Recite three times in Arabic in the evening.)
98,٢٧ - أَذْكَارُ الصَّبَاحِ وَالْمَسَاءِ,٩٨ - ((اللَّهُمَّ صَلِّ وَسَلِّمْ عَلَى نَبَيِّنَا مُحَمَّدٍ)) (عشرَ مرَّاتٍ),𝟤𝟩 - ހެނދުނާއި ހަވީރުގެ ޒިކުރުތައް,"(ދިހަފަހަރު) ""ޔާ ﷲ! އަޅަމެންގެ ނަބިއްޔާ، މުޙައްމަދުގެފާނުގެ މައްޗަށް ސަލަވާތާއި ސަލާމްލައްވާނދޭވެ!""",,,𝟤𝟩 In the morning and evening,"O Allah, we ask for your peace and blessings upon our Prophet Muhammad. (Recite ten times in Arabic.)"
99,٢٨ - أَذْكَارُ النَّوْمِ,"٩٩ - ((يَجْمَعُ كَفَّيْهِ ثُمَّ يَنْفُثُ فِيهِمَا فَيَقْرَأُ فِيهِمَا: بِسْمِ اللَّهِ الرَّحْمَنِ الرَّحِيمِ {قُلْ هُوَ اللَّهُ أَحَدٌ * اللَّهُ الصَّمَدُ* لَمْ يَلِدْ وَلَمْ يُولَدْ* وَلَمْ يَكُن لَّهُ كُفُواً أَحَدٌ}.
بِسْمِ اللَّهِ الرَّحْمَنِ الرَّحِيمِ {قُلْ أَعُوذُ بِرَبِّ الْفَلَقِ* مِن شَرِّ مَا خَلَقَ* وَمِن شَرِّ غَاسِقٍ إِذَا وَقَبَ* وَمِن شَرِّ النَّفَّاثَاتِ فِي الْعُقَدِ* وَمِن شَرِّ حَاسِدٍ إِذَا حَسَدَ}.
بِسْمِ اللَّهِ الرَّحْمَنِ الرَّحِيمِ {قُلْ أَعُوذُ بِرَبِّ النَّاسِ* مَلِكِ النَّاسِ* إِلَهِ النَّاسِ* مِن شَرِّ الْوَسْوَاسِ الْخَنَّاسِ* الَّذِي يُوَسْوِسُ فِي صُدُورِ النَّاسِ* مِنَ الْجِنَّةِ وَالنَّاسِ} ثُمَّ يَمْسَحُ بِهِمَا مَا اسْتَطَاعَ مِنْ جَسَدِهِ يَبْدَأُ بِهِمَا عَلَى رَأْسِهِ وَوَجْهِهِ وَمَا أَقبَلَ مِنْ جَسَدِهِ)) (يفعلُ ذلك ثلاثَ مرَّاتٍ)",𝟤𝟪 - ނިދުމުގެ ކުރިން ކިޔާ ޒިކުރުތައް,ދެއަތްތިލަ ޖަމާކޮށް 1. ސޫރަތުލް އިޚްލާޞް، 2. ސޫރަތުލް ފަލަގު، 3. ސޫރަތުންނާސް، މިތިންސޫރަތްކިޔަވާ ދެއަތްތިލައަށް ފުމެލުމަށްފަހު ބޮލުންފަށައިގެން ގައިން ކުޅަދާނަވީ ހިސާބެއްގައި ފިރުމާށެވެ. މިގޮތަށް ތިންފަހަރު ކަންތައްކުރާށެވެ.,,,𝟤𝟪 Before sleeping,"Hold the palms together, blow (with a little spittle) into them, and recite:

""With the Name of Allah, the Most Gracious, the Most Merciful. Say: He is Allah (the) One. The Self-Sufficient Master, Whom all creatures need, He begets not nor was He begotten, and there is none equal to Him.

With the Name of Allah, the Most Gracious, the Most Merciful. Say: I seek refuge with (Allah) the Lord of the daybreak, from the evil of what He has created, and from the evil of the darkening (night) as it comes with its darkness, and from the evil of those who practice witchcraft when they blow in the knots, and from the evil of the envier when he envies.

With the Name of Allah, the Most Gracious, the Most Merciful. Say: I seek refuge with (Allah) the Lord of mankind, the King of mankind, the God of mankind, from the evil of the whisperer who withdraws, who whispers in the breasts of mankind, of jinns and men.""

(Then pass your hands over as much of your body as you can reach, beginning with the head and the face, then the entire front of your body. Do this three times.)"
100,٢٨ - أَذْكَارُ النَّوْمِ,١٠٠ - {اللَّهُ لَا إِلَهَ إِلاَّ هُوَ الْحَيُّ الْقَيُّومُ لَا تَأْخُذُهُ سِنَةٌ وَلَا نَوْمٌ لَّهُ مَا فِي السَّمَوَاتِ وَمَا فِي الأَرْضِ مَن ذَا الَّذِي يَشْفَعُ عِنْدَهُ إِلاَّ بِإِذْنِهِ يَعْلَمُ مَا بَيْنَ أَيْدِيهِمْ وَمَا خَلْفَهُمْ وَلَا يُحِيطُونَ بِشَيْءٍ مِّنْ عِلْمِهِ إِلاَّ بِمَا شَاء وَسِعَ كُرْسِيُّهُ السَّمَوَاتِ وَالأَرْضَ وَلَا يَؤُودُهُ حِفْظُهُمَا وَهُوَ الْعَلِيُّ الْعَظِيمُ},𝟤𝟪 - ނިދުމުގެ ކުރިން ކިޔާ ޒިކުރުތައް,"""ﷲ އީ، އެ އިލާހު ފިޔަވައި އަޅުކަންވެވުން ހައްގުވެގެންވާ އެހެންއެއްވެސް އިލާހަކުނުވާ އިޅާހެވެ. އެ އިލާހީ ދިރިދެމިވޮޑިގެންވާ އަބަދަށް ގާއިމުވެވޮޑިގެންވާ އިލާހެވެ. ތާއްޔާޖެހުމެއްވެސް އަދި ނިންޖެއްވެސް އެ އިލާހަށް ނިސްބަތްވެގެންނެއް ނުވެއެވެ. އުޑުތަކާއި ބިމުގައި ވާހައި އެއްޗެއް މިލްކުވެގެންވަނީ އެ އިލާހަށެވެ. އެ އިލާހުގެ ހަޒްރަތުގައި އެ އިލާހުގެ އިޒުނަފުޅާނުލައި ޝަފާއަތްތެރިވެވޭނީ ކާކަށްހެއްޔެވެ؟ އެބައިމީހުންގެ ކުރިމަތީގައި ވާހައި ކަމަކާއި އެބައިމީހުންގެ ފަހަތުގައި ވާހައި ކަމެއް (އެބަހީ އިސްވެދިޔަހާ ކަމަކާއި ފަހުން ވާނޭހާ ކަމެއް) އެ އިލާހު ދެނެވޮޑިގެންވެއެވެ. އަދި އެ އިލާހުގެ އިލްމުފުޅުގެ ތެރެއިން އެ އިލާހު އިރާދަކުރެއްވި މިންވަރެއް މެނުވީ އެބައިމީހުންނަކަށް ނޭނގޭނެތެވެ. އެ އިލާހުގެ ކުރުސިކޮޅު (އެ އިލާހުގެ ފައިންޕުޅު އަޅުއްވާ ގޮނޑިކޮޅު) އުޑުތަކާއި ބިމަށްވުރެ ތަނަވަސްވެގެންވެއެވެ. އަދި އުޑުތަކާއި ބިން ރައްކާތެރިކޮށް ބެލެހެއްޓެވުމުގައި އެ އިލާހަށް އެއްވެސް ބުރަކަމެއް ނުވެއެވެ. އަދި އެ އިލާހީ މަތިވެރިވެ މާތްވެވޮޑިގެންވާ އިލާހެވެ.""
 
 ތަންމަތީގައި ނިދަން އޮށޯންނަ އިރު މިއާޔަތް ކިޔަވައިފިމީހާ ދަންނައެވެ. ފަހެ ހަމަކަށަވަރުން ﷲ ގެ ހަޒްރަތުން މަލާއިކަތްބޭކަލަކު އޭނާ ރައްކާތެރިކޮށްދެއްވުމުގައި ދެމިހުންނާނެއެވެ. އަދި ހެނދުނުވަންދެން އޭނާއާ ޝައިތާނާ ކައިރިނުވާނެއެވެ.",,,𝟤𝟪 Before sleeping,"Allah! There is none worthy of worship but He, the Ever-Living, the One Who sustains and protects all that exists. Neither slumber nor sleep overtakes Him. To Him belongs whatever is in the heavens and whatever is on the earth. Who is he that can intercede with Him except with His Permission? He knows what happens to them in this world, and what will happen to them in the Hereafter. And they will never encompass anything of His Knowledge except that which He wills. His Throne extends over the heavens and the earth, and He feels no fatigue in guarding and preserving them. And He is the Most High, the Most Great."
101,٢٨ - أَذْكَارُ النَّوْمِ,١٠١ - {آمَنَ الرَّسُولُ بِمَا أُنزِلَ إِلَيْهِ مِن رَّبِّهِ وَالْمُؤْمِنُونَ كُلٌّ آمَنَ بِاللَّهِ وَمَلآئِكَتِهِ وَكُتُبِهِ وَرُسُلِهِ لَا نُفَرِّقُ بَيْنَ أَحَدٍ مِّن رُّسُلِهِ وَقَالُواْ سَمِعْنَا وَأَطَعْنَا غُفْرَانَكَ رَبَّنَا وَإِلَيْكَ الْمَصِيرُ* لَا يُكَلِّفُ اللَّهُ نَفْساً إِلاَّ وُسْعَهَا لَهَا مَا كَسَبَتْ وَعَلَيْهَا مَا اكْتَسَبَتْ رَبَّنَا لَا تُؤَاخِذْنَا إِن نَّسِينَا أَوْ أَخْطَأْنَا رَبَّنَا وَلَا تَحْمِلْ عَلَيْنَا إِصْراً كَمَا حَمَلْتَهُ عَلَى الَّذِينَ مِن قَبْلِنَا رَبَّنَا وَلَا تُحَمِّلْنَا مَا لَا طَاقَةَ لَنَا بِهِ وَاعْفُ عَنَّا وَاغْفِرْ لَنَا وَارْحَمْنَآ أَنتَ مَوْلاَنَا فَانصُرْنَا عَلَى الْقَوْمِ الْكَافِرِينَ},𝟤𝟪 - ނިދުމުގެ ކުރިން ކިޔާ ޒިކުރުތައް,"""ﷲ ގެ ރަސޫލާ، އެކަލޭގެފާނަށް އެކަލޭގެފާނުގެ ރައްބުގެ ހަޒްރަތުން ބާވައިލެއްވުނު ފޮތަށް އީމާންވެވަޑައިގަތެވެ. އަދި މުއުމިނުންވެސް އީމާންވިއެވެ. އެހުރިހާ އެންމެން ﷲ އަށާއި، އެ އިލާހުގެ މަލާއިކަތުންނަށާއި، އެ އިލާހުގެ ފޮތްތަކަށާއި، އެ އިލާހުގެ ރަސޫލުންނަށް އީމާންވިއެވެ. (އެމީހުން ބުނެތެވެ.) އެ އިލާހުގެ ރަސޫލުންގެ ތެރެއިން އެއްވެސް ބޭކަލެއްގެ މެދުގައި އަޅަމެން ފަރަގެއް ނުކުރަމުއެވެ. (އެބަހީ ހުރިހާ ރަސޫލުންނަށް އަޅަމެން އީމާންވަމުއެވެ.) އަދި ބުނެތެވެ. އަޅަމެން (ﷲ ގެ ހުކުމްފުޅުތައް) އަޑުއަހައިފީމުއެވެ. އަދި (އެ އިލާހަށް) ކިޔަމަންގެންފީމުއެވެ. އަޅަމެންގެ ރައްބެވެ! އަޅަމެންނަށް ފާފަ ފުއްސަވައިދެއްވުމަށް އިބަ ﷲ ގެ ހަޒްރަތުން އެދެމުއެވެ. އަދި އެނބުރިދިއުންވަނީ ހަމައެކަނި އިބަ ﷲ ގެ ހަޒްރަތަށެވެ. ﷲ އެއްވެސް ނަފްސަކަށް އެނަފުސަކަށް ކުޅަދާނަވެގެންވާވަރަށް މެނުވީ ތަކުލީފެއް ނުޖައްސަވަތެވެ. އެނަފްސެއްކުރި ހެޔޮ އަމަލެއްގެ ސަވާބުވަނީ ހަމަ އެނަފްސަކަށެވެ. އަދި އެނަފްސެއްކުރި ނުބައިކަމެއްގެ ސަޒާވެސްވަނީ ހަމައެނަފްސަކަށެވެ. އަޅަމެންގެ ރައްބެވެ! އަޅަމެންނަށް ހަނދާންނެތިގެން ނުވަތަ ގަސްތެއްނެތި ކުށެއްކުރެވިއްޖެނަމަ، އަޅަމެން ނުހިއްޕަވާނދޭވެ! އަޅަމެންގެ ރައްބެވެ! އަޅަމެންގެ ކުރީގެ މީސްތަކުންނަށް ޖެއްސެވިފަދަ ބުރަތަކެއް އަޅަމެންނަށް ނުޖައްސަވާނދޭވެ! އަޅަމެންގެ ރައްބެވެ! އަޅަމެންކުރުމަށް ކުޅަދާނަވެގެން ނުވާވަރުގެ ކަމެއް އަޅަމެންނަށް ނުޖައްސަވާނދޭވެ! އަދި އަޅަމެންނަށް މާފުކުރައްވާނދޭވެ! އަދި އަޅަމެންނަށް ފާފަ ފުއްސަވާނދޭވެ! އަދި އަޅަމެންނަށް ރަހްމަތް ލައްވާނދޭވެ! އިބަ ﷲ އީ އަޅަމެންގެ މަދަދުވެރިޔާއެވެ. ފަހެ ކާފިރުންގެ މައްޗަށް އަޅަމެންނަށް ނަސްރުދެއްވާނދޭވެ!""",,,𝟤𝟪 Before sleeping,"The Messenger believes in what has been sent down to him from his Lord, and so do the believers. Each one believes in Allah, His Angels, His Books, and His Messengers. They say: ""We make no distinction between any of His Messengers,"" and they say: ""We hear, and we obey. (We seek) Your Forgiveness, our Lord, and to You is the return."" Allah burdens not a person beyond what he can bear. He gets rewarded for that (good) which he has earned, and he is punished for that (evil) which he has earned. Our Lord! Punish us not if we forget or fall into error. Our Lord! Lay not on us a burden like that which You did lay on those before us. Our Lord! Put not on us a burden greater than we have the strength to bear. Pardon us and grant us forgiveness. Have mercy on us. You are our Protector, and help us against the disbelieving people."
102,٢٨ - أَذْكَارُ النَّوْمِ,١٠٢ - ((بِاسْمِكَ (2) رَبِّي وَضَعْتُ جَنْبِي، وَبِكَ أَرْفَعُهُ، فَإِن أَمْسَكْتَ نَفْسِي فارْحَمْهَا، وَإِنْ أَرْسَلْتَهَا فَاحْفَظْهَا، بِمَا تَحْفَظُ بِهِ عِبَادَكَ الصَّالِحِينَ)),𝟤𝟪 - ނިދުމުގެ ކުރިން ކިޔާ ޒިކުރުތައް,"""އަޅުގެ ރައްބެވެ! އިބަ ﷲ ގެ އިސްމުފުޅުގެ ބަރަކާތުން މި އަޅާގެ އަރިކަށި ބާއްވައިފީމެވެ. އަދި އިބަ ﷲ ގެ ވާގިފުޅާއެކު، އަރިކަށި އުފުއްލާހުށީމެވެ. ފަހެ އިބަ ﷲ މި އަޅާގެ ފުރާނަ (އަނބުރައި ނުފޮނުއްވައި) ހިފަހައްޓަވައިފިނަމަ، ފަހެ އެފުރާނައަށް ރަހުމްކުރައްވާނދޭވެ! އަދި އެފުރާނަ (އަލުން އަނބުރައި) ފޮނުއްވައިފިނަމަ، އިބަ ﷲ ގެ ސާލިހުއަޅުތަކުން ރައްކާތެރިކޮށްދެއްވާ ގޮތަކުން ފަހެ އެފުރާނަ ރައްކާތެރިކޮށްދެއްވާނދޭވެ!""
 
 ""ތިޔަބައިމީހުންގެ ތެރެއިން މީހަކު އޭނާގެ ތަންމަތިން ތެދުވެގެންގޮސް އަލުން ތަންމައްޗަށް އެނބުރި އަތުވެއްޖެނަމަ، އޭނާގެ ހެދުމުގެ ފަސްބައިން ތިންފަހަރު ތަންމަތި ފޮޅައިލާށެވެ. އަދި ބިސްމި ﷲ ކިޔާށެވެ. އެހެނީ ހަމަކަށަވަރުން އޭނާއަށް ފަހުގައި އެތަނަށް އައީ ކޮންއެއްޗެއްކަމެއް އޭނާއަކަށް ނޭނގޭނެއެވެ. ދެން ތަންމަތީގައި އޮށޯންނަހިނދު، މިދުއާކުރާށެވެ.""",,,𝟤𝟪 Before sleeping,"With Your Name my Lord, I lay myself down; and with Your Name I rise. And if You take my soul, have mercy on it, and if You send it back then protect it as You protect Your righteous slaves."
103,٢٨ - أَذْكَارُ النَّوْمِ,١٠٣ - اللَّهُمَّ إِنَّكَ خَلَقْتَ نَفْسِي وَأَنْتَ تَوَفَّاهَا، لَكَ مَمَاتُهَا وَمَحْياهَا، إِنْ أَحْيَيْتَهَا فَاحْفَظْهَا، وَإِنْ أَمَتَّهَا فَاغْفِرْ لَهَا. اللَّهُمَّ إِنِّي أَسْأَلُكَ العَافِيَةَ)),𝟤𝟪 - ނިދުމުގެ ކުރިން ކިޔާ ޒިކުރުތައް,"""ޔާ ﷲ! ހަމަކަށަވަރުން މި އަޅާގެ ނަފްސު ހެއްދެވީ އިބަ ﷲ އެވެ. އަދި އެނަފްސު މަރުގަންނަވާހުށީވެސް ހަމަ އިބަ ﷲ އެވެ. އެނަފްސުގެ މަރުވުމާއި ދިރުން މިލްކުވެގެންވަނީ ހަމައެކަނި އިބަ ﷲ އަށެވެ. އިބަ ﷲ އެނަފްސަށް އަލުން ދިރުން ދެއްވައިފިނަމަ، ފަހެ އެނަފްސު ރައްކާތެރިކޮށްދެއްވާނދޭވެ! އަދި އެނަފްސު މަރުގަންނަވައިފިނަމަ، ފަހެ އެނަފްސަށް ފާފަ ފުއްސަވާނދޭވެ! ޔާ ﷲ! ހަމަކަށަވަރުން މި އަޅާ އިބަ ﷲ ގެ ހަޒްރަތުން ފުރިހަމަ ސިއްހަތެއް ދެއްވުމަށް އެދިދަންނަވަމެވެ.""",,,𝟤𝟪 Before sleeping,"O Allah, You have created my soul and You take it back. Unto You is its death and its life. If You give it life then protect it, and if You cause it to die then forgive it. O Allah, I ask You for strength."
104,٢٨ - أَذْكَارُ النَّوْمِ,١٠٤ - ((اللَّهُمَّ قِنِي (2) عَذَابَكَ يَوْمَ تَبْعَثُ عِبَادَكَ)),𝟤𝟪 - ނިދުމުގެ ކުރިން ކިޔާ ޒިކުރުތައް,"(ތިން ފަހަރު) ""ޔާ ﷲ! އިބަ ﷲ ގެ އަޅުތަކުން ދިރުއްވާ ކަށްވަޅުތަކުން ނެރުއްވާ ދުވަހު، އިބަ ﷲ ގެ އަޒާބުން މި އަޅާ ދިންނަވާނދޭވެ!""",,,𝟤𝟪 Before sleeping,"O Allah, save me from Your punishment on the Day that You resurrect Your slaves."
105,٢٨ - أَذْكَارُ النَّوْمِ,١٠٥ - ((بِاسْمِكَ اللَّهُمَّ أَمُوتُ وَأَحْيَا)),𝟤𝟪 - ނިދުމުގެ ކުރިން ކިޔާ ޒިކުރުތައް,"""ޔާ ﷲ! މި އަޅާ މަރުވަނީ އަދި ދިރެނީ ހަމައެކަނި އިބަ ﷲ ގެ އިސްމުފުޅުގެ ބަރަކާތުންނެވެ.""",,,𝟤𝟪 Before sleeping,"In Your Name, O Allah, I die and I live."
106,٢٨ - أَذْكَارُ النَّوْمِ,١٠٦ - ((سُبْحَانَ اللَّهِ (ثلاثاً وثلاثين) وَالْحَمْدُ لِلَّهِ (ثلاثاً وثلاثين) وَاللَّهُ أَكْبَرُ (أربعاً وثلاثينَ))),𝟤𝟪 - ނިދުމުގެ ކުރިން ކިޔާ ޒިކުރުތައް,"(ކޮންމެ ކަލިމައެއް ތިރީސްތިން ފަހަރު) ""ﷲ ހުސްތާހިރުވަންތައެވެ."" ""އެންމެހާ ހަމްދެއްވަނީ ﷲ އަށެވެ."" ""އެންމެ ބޮޑީ ﷲ އެވެ.""",,,𝟤𝟪 Before sleeping,"Glory is to Allah (thirty-three times in Arabic), Praise is to Allah (thirty-three times), Allah is the Most Great (thirty-four times)"
107,٢٨ - أَذْكَارُ النَّوْمِ,١٠٧ - ((اللَّهُمَّ رَبَّ السَّمَوَاتِ السَّبْعِ وَرَبَّ الأَرْضِ، وَرَبَّ الْعَرْشِ الْعَظِيمِ، رَبَّنَا وَرَبَّ كُلِّ شَيْءٍ، فَالِقَ الْحَبِّ وَالنَّوَى، وَمُنْزِلَ التَّوْرَاةِ وَالْإِنْجِيلِ، وَالْفُرْقَانِ، أَعُوذُ بِكَ مِنْ شَرِّ كُلِّ شَيْءٍ أَنْتَ آخِذٌ بِنَاصِيَتِهِ. اللَّهُمَّ أَنْتَ الأَوَّلُ فَلَيْسَ قَبْلَكَ شَيْءٌ، وَأَنْتَ الآخِرُ فَلَيسَ بَعْدَكَ شَيْءٌ، وَأَنْتَ الظَّاهِرُ فَلَيْسَ فَوْقَكَ شَيْءٌ، وَأَنْتَ الْبَاطِنُ فَلَيْسَ دُونَكَ شَيْءٌ، اقْضِ عَنَّا الدَّيْنَ وَأَغْنِنَا مِنَ الْفَقْرِ)),𝟤𝟪 - ނިދުމުގެ ކުރިން ކިޔާ ޒިކުރުތައް,"""ޔާ ﷲ! ހަތްއުޑާއި، ބިމާއި، އަދި މަތިވެރި ޢަރުޝުގެ ރައްބެވެ! އޭ އަޅަމެންގެ ވެރި، އަދި ހުރިހާ އެއްޗެއްގެ ރައްބެވެ! އޮށާއި އޮއްޓަރުން ގަސްފަޅުއްވާ ރައްބެވެ! އަދި ތައުރާތާއި، އިންޖީލާއި، ގުރްއާން ބާވައިލެއްވި ރައްބެވެ! އިބަ ﷲ ގެ ކުޅަދުންވަންތަކަމުގެ ދަށުގައިވާ ހުރިހާ އެއްޗެއްގެ ނުބައިކަމުން މި އަޅާ ރައްކާތެރިކޮށްދެއްވުމަށް އެދި އިބަ ﷲ ގެ ހަޒްރަތުން ދަންނަވަމެވެ. ޔާ ﷲ! އިބަ ﷲ އީ އެންމެފުރަތަމަ ވޮޑިގެންވީ ފަރާތެވެ. ފަހެ އިބަ ﷲ އަށްވުރެ ކުރިން އެއްވެސް އެއްޗެއް ނުވެއެވެ. އަދި އިބަ ﷲ އީ އެންމެފަހުން ވޮޑިގެންވާނެ ފަރާތެވެ. ފަހެ އިބަ ﷲ އަށްވުރެ ފަހުން އެއްވެސް އެއްޗެއް ނުވާނެއެވެ. އަދި އިބަ ﷲ އީ ހުރިހާ އެއްޗެއްގެ މައްޗަށް ވެރިވެވޮޑިގެންވާ ފަރާތެވެ. އިބަ ﷲ ގެ މަތިން އެއްވެސް އެއްޗެއް ނުވެއެވެ. އަދި އިބަ ﷲ އީ ވަންހަނާވެވޮޑިގެންވާ ފަރާތެވެ. އިބަ ﷲ ގެ ފަހަތްޕުޅުގައި (އިބަ ﷲ އަށްވުރެ ބޮޑަށް) ފޮރުވިފައިވާ އެއްވެސް އެއްޗެއް ނުވެއެވެ. އަޅަމެންގެ ކިބައިން ދަރަނި އަދާކޮށްދެއްވާނދޭވެ! އަދި ފަގީރުކަމުން (އަޅަމެން ނެރުއްވާ) އަޅަމެންނަށް ފުދުންތެރިކަން ދެއްވާނދޭވެ!""",,,𝟤𝟪 Before sleeping,"O Allah! Lord of the seven heavens and Lord of the Magnificent Throne. Our Lord and the Lord of everything. Splitter of the grain and the date-stone, Revealer of the Torah and the Injeel and the Furqan (the Qur'an), I seek refuge in You from the evil of everything that You shall seize by the forelock. O Allah You are the First and nothing has come before you, and You are the Last, and nothing may come after You. You are the Most High, nothing is above You and You are the Most Near, and nothing is nearer than You. Remove our debts from us and enrich us against poverty."
108,٢٨ - أَذْكَارُ النَّوْمِ,١٠٨ - ((الْحَمْدُ لِلَّهِ الَّذِي أَطْعَمَنَا وَسَقَانَا، وَكَفَانَا، وَآوَانَا، فَكَمْ مِمَّنْ لَا كَافِيَ لَهُ وَلَا مُؤْوِيَ)),𝟤𝟪 - ނިދުމުގެ ކުރިން ކިޔާ ޒިކުރުތައް,"""އެންމެހާ ހަމްދެއް ލިބިވޮޑިގެންވަނީ ﷲ އަށެވެ. އެ އިލާހީ އަޅަމެންނަށް ކާންދެއްވާ އަދި ބޯންދެއްވާ އަދި އަޅަމެންނަށް ފުދުންތެރިކަންދެއްވާ އަދި އަޅަމެންނަށް ހިޔާވަހިކަންދެއްވި އިލާހެވެ. ފަހެ ފުދުންތެރިކަންދޭނެ އަދި ހިޔާވަހިކަންދޭނެ ފަރާތެއް ނުވާ ކިހައިބަޔަކުވޭ ހެއްޔެވެ!""",,,𝟤𝟪 Before sleeping,"Praise is to Allah Who has provided us with food and with drink, sufficed us and gave us an abode, for how many are there with no provision and no home."
109,٢٨ - أَذْكَارُ النَّوْمِ,١٠٩ - ((اللَّهُمَّ عَالِمَ الغَيْبِ وَالشَّهَادَةِ فَاطِرَ السَّمَوَاتِ وَالْأَرْضِ، رَبَّ كُلِّ شَيْءٍ وَمَلِيكَهُ، أَشْهَدُ أَنْ لَا إِلَهَ إِلاَّ أَنْتَ، أَعُوذُ بِكَ مِنْ شَرِّ نَفْسِي، وَمِنْ شَرِّ الشَّيْطانِ وَشِرْكِهِ، وَأَنْ أَقْتَرِفَ عَلَى نَفْسِي سُوءاً، أَوْ أَجُرَّهُ إِلَى مُسْلِمٍ)),𝟤𝟪 - ނިދުމުގެ ކުރިން ކިޔާ ޒިކުރުތައް,"""ޔާ ﷲ! ޣައިބުގައިވާ ކަންތަކާއި ފެންނަހާ ކަމެއް ދެނެވޮޑިގެންވާ އިލާހެވެ! އުޑުތަކާއި ބިން ނެތުމުގެ ތެރެއިން ހެއްދެވި އިލާހެވެ! ހުރިހާ އެއްޗެއްގެވެރި އަދި އެތަކެތީގެ މިލްކުވެރި އިލާހެވެ! އިބަ ﷲ ފިޔަވައި އަޅުކަންވެވުން ހައްގުވެގެންވާ އެހެންއެއްވެސް އިލާހަކުނުވާކަމަށް މި އަޅާ ހެކިވަމެވެ. މި އަޅާގެ ނަފްސުގެ ނުބައިކަމާއި، ޝައިތާނާގެ ނުބައިކަމާއި، އެޝައިތާނާ (އިބަ ﷲ އާ) ޝަރީކުކުރުމަށް ލައިދޭ ވަސްވާހުން ރައްކާތެރިކޮށްދެއްވުމަށް އެދި އިބަ ﷲ ގެ ހަޒްރަތުން ދަންނަވަމެވެ. އަދި މި އަޅާގެ އަމިއްލަ ނަފްސުގެ މައްޗަށް މި އަޅާއަށް ކުރެވޭ ނުބައިކަންތަކުންނާއި ނުވަތަ އެނުބައިކަންތައް އެހެން މުސްލިމަކު ލައްވައި ކުރުވުމުން ރައްކާތެރިކޮށްދެއްވުމަށް އެދި އިބަ ﷲ ގެ ހަޒްރަތުން ދަންނަވަމެވެ.""",,,𝟤𝟪 Before sleeping,"O Allah, Knower of the unseen and the evident, Maker of the heavens and the earth, Lord of everything and its Master, I bear witness that there is none worthy of worship but You. I seek refuge in You from the evil of my soul, and from the evil of Satan and his helpers. (I seek refuge in You) from bringing evil upon my soul and from harming any Muslim."
110,٢٨ - أَذْكَارُ النَّوْمِ,١١٠ - ((يَقْرَأُ {الم} تَنْزِيلَ السَّجْدَةِ، وَتَبَارَكَ الَّذي بِيَدِهِ الْمُلْكُ)),𝟤𝟪 - ނިދުމުގެ ކުރިން ކިޔާ ޒިކުރުތައް,ސޫރަތުލް ސަޖިދަ އަދި ސޫރަތުލް މުލްކް ކިޔަވާށެވެ.,,,𝟤𝟪 Before sleeping,Recite Surah (As-Sajdah) and Surah (Al-Mulk) in Arabic.
111,٢٨ - أَذْكَارُ النَّوْمِ,١١١ - ((اللَّهُمَّ (3) أَسْلَمْتُ نَفْسِي إِلَيْكَ، وَفَوَّضْتُ أَمْرِي إِلَيْكَ، وَوَجَّهْتُ وَجْهِي إِلَيْكَ، وَأَلْجَأْتُ ظَهْرِي إِلَيْكَ، رَغْبَةً وَرَهْبَةً إِلَيْكَ، لَا مَلْجَأَ وَلَا مَنْجَا مِنْكَ إِلاَّ إِلَيْكَ، آمَنْتُ بِكِتَابِكَ الَّذِي أَنْزَلْتَ، وَبِنَبِيِّكَ الَّذِي أَرْسَلْتَ)),𝟤𝟪 - ނިދުމުގެ ކުރިން ކިޔާ ޒިކުރުތައް,"""ޔާ ﷲ! މި އަޅާގެ ނަފްސު މި އަޅާ އިބަ ﷲ އަށް ކިޔަމަންތެރިކޮށްފީމެވެ. އަދި މި އަޅާގެ ކަންތައްތައް އިބަ ﷲ އާ ހަވާލުކޮށްފީމެވެ. އަދި މި އަޅާގެ މޫނު އިބަ ﷲ އާ ކުރިމަތިކޮށްފީމެވެ. އަދި މި އަޅާގެ ބުރަކަށި އިބަ ﷲ ގެ ހަޒްރަތަށް ލަންބައިފީމެވެ. (އެބަހީ މި އަޅާ އިބަ ﷲ އަށް ބަރޯސާކޮށް އިއުތިމާދުކޮށްފީމެވެ.) އިބަ ﷲ ގެ ރަހްމަތަށް އުންމީދުކޮށް، އިބަ ﷲ ގެ އަޒާބަށް ބިރުވެތިވާ ޙާލުގައެވެ. އިބަ ﷲ ގެ އަޒާބުން ރައްކާތެރިކަން ލިބިގަންނާނެ ތަނެއް، އަދި ނަޖާވާނެ ތަނެއް، ހަމަ އިބަ ﷲ ގެ ހަޒްރަތުން މެނުވީ ނުވެއެވެ. އިބަ ﷲ ބާވައިލެއްވި، އިބަ ﷲ ގެ ފޮތަށާއި، އިބަ ﷲ ފޮނުއްވި، އިބަ ﷲ ގެ ނަބިއްޔާއަށް މި އަޅާ އީމާންވީމެވެ.""",,,𝟤𝟪 Before sleeping,"O Allah, I submit myself to You, entrust my affairs to You, turn my face to You, and lay myself down depending upon You, hoping in You and fearing You. There is no refuge, and no escape, except to You. I believe in Your Book (the Qur'an) that You revealed, and the Prophet whom You sent."
112,٢٩ - الدُّعَاءُ إِذَا تَقَلَّبَ لَيْلاً,١١٢ - لَا إِلَهَ إِلاَّ اللَّهُ الْوَاحِدُ الْقَهّارُ، رَبُّ السَّمَوَاتِ وَالْأَرْضِ وَمَا بَيْنَهُمَا الْعَزيزُ الْغَفَّارُ,𝟤𝟫 - ރޭގަނޑު ނިދަންއޮއްވާ އަނެއް ފުށަށް ފުރޮޅިލާ ހިނދު ކިޔާ ދުއާ,"""ﷲ، އަލްވާޙިދު، އަލްގައްހާރު މެނުވީ އަޅުކަންވެވުން ހައްގުވެގެންވާ އެހެންއެއްވެސް އިލާހަކު ނުވެއެވެ. އުޑުތަކާއި، ބިމާއި އަދި އެދެމެދުގައިވާހައި އެއްޗެއްގެ ރައްބެވެ. އިއްޒަތްތެރިވެވޮޑިގެންވާ ގިނަގިނައިން ފާފަ ފުއްސަވާ އިލާހެވެ.""",,,𝟤𝟫 When tossing and turning during the night,"There is none worthy of worship but Allah, the One, the Victorious, Lord of the heavens and the earth and all that is between them, the All-Mighty, the All-Forgiving."
113,٣٠ - دُعَاءُ الْفَزَعِ فِي النَّوْمِ وَمَنْ بُلِيَ بِالْوِحْشَةِ,١١٣ - أَعُوذُ بِكَلِمَاتِ اللَّهِ التَّامَّاتِ مِنْ غَضَبِهِ وَعِقَابِهِ، وَشَرِّ عِبَادِهِ، وَمِنْ هَمَزَاتِ الشَّياطِينِ وَأَنْ يَحْضُرُونِ,𝟥𝟢 - ނިދަންއޮއްވާ ބިރުވެރިކަން އިހުސާސްވެއްޖެނަމަ ނުވަތަ އެކަނިވެރިކަން އިހުސާސްވެއްޖެނަމަ ކިޔާ ދުއާ,"""ﷲ ގެ ފުރިހަމަ ކަލިމަފުޅުތައް މެދުވެރިކޮށް، އެ އިލާހުގެ ކޯފާއިންނާއި، އެ އިލާހުގެ ސަޒާއިންނާއި، އެ އިލާހުގެ އަޅުތަކުންގެ ނުބައިކަމުންނާއި، ޝައިތާނުންގެ ވަސްވާސްތަކުންނާއި އަދި އެޝައިތާނުން (މި އަޅާގެ ގާތަށް) ހާޒިރުވުމުން މި އަޅާ ރައްކާތެރިކަން ލިބިގަންނަމެވެ.""",,,"𝟥𝟢 Upon experiencing unrest, fear, apprehensiveness during sleep","I seek refuge in the Perfect Words of Allah from His anger and His punishment, from the evil of His slaves, and from the taunts of devils and from their presence."
114,٣١ - مَا يَفْعَلُ مَنْ رَأَى الرُّؤْيَا أَوِ الْحُلْمَ,"١١٤ - ((يَنْفُثُ عَنْ يَسَارِهِ)) (ثلاثاً)

((يَسْتَعِيذُ بِاللَّهِ مِنَ الشَّيطَانِ وَمِنْ شَرِّ مَا رَأَى)) (ثَلاَثَ مَرَّاتٍ)

لَا يُحَدِّثْ بِهَا أَحَداً

يَتَحَوَّلُ عَنْ جَنْبِهِ الَّذِي كَانَ عَلَيْهِ",𝟥𝟣 - ނުބައި ހުވަފެނެއް ފެނުމުން ކަންތައް ކުރަންވީ ގޮތް,"1. ވާތްފަރާތަށް ތިންފަހަރު ދުލުގެކޮޅުން ކުޅުކޮޅެއްޖަހާށެވެ. 
 2. ޝައިތާނާގެ ނުބައިކަމުންނާއި، ފެނުނު ހުވަފެނުގެ ނުބައިކަމުން ރައްކާތެރިކޮށްދެއްވުމަށް ﷲ ގެ ހަޒްރަތުން އެދިދަންނަވާށެވެ. 
 3. އެއްވެސް މީހަކަށް އެހުވަފެން ކިޔައިނުދޭށެވެ. 
 4. އޮށޯވެއޮތް ފަރާތުން އަނެއްފަރާތަށް އެނބުރިލާށެވެ.",,,𝟥𝟣 Upon seeing a good dream or a bad dream,"Spit to your left (three times).

Seek refuge in Allah from the Devil and from the evil of what you have seen (three times).

Do not speak about it to anyone.

Turn over on your other side."
115,٣١ - مَا يَفْعَلُ مَنْ رَأَى الرُّؤْيَا أَوِ الْحُلْمَ,١١٥ - يَقُومُ يُصَلِّي إِنْ أَرَادَ ذَلِكَ,𝟥𝟣 - ނުބައި ހުވަފެނެއް ފެނުމުން ކަންތައް ކުރަންވީ ގޮތް,ބޭނުންނަމަ ތެދުވެ ނަމާދުކުރާށެވެ.,,,𝟥𝟣 Upon seeing a good dream or a bad dream,Get up and pray if you desire to do so.
116,٣٢ - دُعَاءُ قُنُوتِ الْوِتْرِ,١١٦ - اللَّهُمَّ اهْدِنِي فِيمَنْ هَدَيْتَ، وَعَافِنِي فِيمَنْ عَافَيْتَ، وَتَوَلَّنِي فِيمَنْ تَوَلَّيْتَ، وَبَارِكْ لِي فِيمَا أَعْطَيْتَ، وَقِنِي شَرَّ مَا قَضَيْتَ؛ فَإِنَّكَ تَقْضِي وَلَا يُقْضَى عَلَيْكَ، إِنَّهُ لَا يَذِلُّ مَنْ وَالَيْتَ، [وَلَا يَعِزُّ مَنْ عَادَيْتَ]، تَبارَكْتَ رَبَّنا وَتَعَالَيْتَ,𝟥𝟤 - ވިތުރީގެ ގުނޫތުގައި ކިޔާ ދުއާ,"""ޔާ ﷲ! އިބަ ﷲ ހިދާޔަތްދެއްކެވި މީސްތަކުންގެ ތެރޭގައި މި އަޅާއަށްވެސް ހިދާޔަތްދައްކަވާނދޭވެ! އަދި އިބަ ﷲ ފުރިހަމަ ސިއްހަތުދެއްވި މީސްތަކުންގެ ތެރޭގައި މި އަޅާއަށްވެސް ފުރިހަމަ ސިއްހަތުދެއްވާނދޭވެ! އަދި އިބަ ﷲ، އެބަޔަކާ ހަވާލުވެވޮޑިގެންނެވި މީސްތަކުންގެ ތެރޭގައި މި އަޅާއާވެސް ހަވާލުވެވޮޑިގަންނަވާނދޭވެ! އަދި އިބަ ﷲ ދެއްވި ތަކެތީގައި މި އަޅާއަށް ބަރަކާތްލައްވާނދޭވެ! އަދި އިބަ ﷲ ނިންމެވި ކަމެއްގެ ނުބައިކަމުން މި އަޅާ ސަލާމަތްކޮށްދެއްވާނދޭވެ! ފަހެ އިބަ ﷲ ފައިޞަލާކުރައްވަމުއެވެ. އަދި އިބަ ﷲ ގެ ފައިޞަލާއާ ޚިލާފަށް އެއްވެސް ފަރާތަކަށް ފައިޞަލާއެއް ނުކުރެވޭނެތެވެ. ހަމަކަށަވަރުން އިބަ ﷲ ރަހުމަތްތެރިވެވޮޑިގެންފި މީހަކު ނިކަމެތިނުވާހުއްޓެވެ. [އަދި އިބަ ﷲ ދުޝްމިނުވެ ވޮޑިގެންފި މީހަކު އިއްޒަތްތެރިނުވާހުއްޓެވެ.] އަޅަމެންގެ ރައްބެވެ! އިބަ ﷲ ގެ މަތިވެރިކަމާއި އަރަހުށިކަމާއެވެ!""",,,𝟥𝟤 Qunoot Al-Witr,"O Allah, guide me with those whom You have guided, and strengthen me with those whom You have given strength. Take me to Your care with those whom You have taken to Your care. Bless me in what You have given me. Protect me from the evil You have ordained. Surely, You command and are not commanded, and none whom You have committed to Your care shall be humiliated [and none whom You have taken as an enemy shall taste glory]. You are Blessed, Our Lord, and Exalted."
117,٣٢ - دُعَاءُ قُنُوتِ الْوِتْرِ,١١٧ - اللَّهُمَّ إِنِّي أَعُوذُ بِرِضَاكَ مِنْ سَخَطِكَ، وَبِمُعَافَاتِكَ مِنْ عُقُوبَتِكَ، وَأَعُوذُ بِكَ مِنْكَ، لَا أُحْصِي ثَنَاءً عَلَيْكَ، أَنْتَ كَمَا أَثْنَيْتَ عَلَى نَفْسِكَ,𝟥𝟤 - ވިތުރީގެ ގުނޫތުގައި ކިޔާ ދުއާ,"""ޔާ ﷲ! ހަމަކަށަވަރުން މި އަޅާ، އިބަ ﷲ ގެ ރުހިވޮޑިގަތުމުގެ ސިފަފުޅު މެދުވެރިކޮށް، އިބަ ﷲ ގެ ކޯފާއިން ރައްކާތެރިކޮށްދެއްވުމަށް އެދިދަންނަވަމެވެ. އަދި އިބަ ﷲ ގެ އަފޫކުރެއްވުގެ ސިފަފުޅު މެދުވެރިކޮށް، އިބަ ﷲ ގެ އުގޫބާތުން ރައްކާތެރިކޮށްދެއްވުމަށް އެދިދަންނަވަމެވެ. އަދި އިބަ ﷲ ގެ ހަޒްރަތުންވާ ނުރުހުމަކުން ނުވަތަ އަޒާބުން ރައްކާތެރިކޮށްދެއްވުމަށް އެދި އިބަ ﷲ ގެ ހަޒްރަތަށް ދަންނަވަމެވެ. އިބަ ﷲ އަށް ދަންނަވަންޖެހޭ ތައުރީފާއި ސަނާ މި އަޅާއަށް އަދަދުނުކުރެވޭހައި ގިނައެވެ. އިބަ ﷲ އީ، އިބަ ﷲ ގެ އަމިއްލަ ޒާތުފުޅަށް ސަނާ ވަހީކުރެއްވި ފަދައިން ސަނާ ލިބިވޮޑިންގެވާ އިލާހެވެ.""",,,𝟥𝟤 Qunoot Al-Witr,"O Allah, I seek refuge with Your Pleasure from Your anger. I seek refuge in Your forgiveness from Your punishment. I seek refuge in You from You. I cannot count Your praises, You are as You have praised Yourself."
118,٣٢ - دُعَاءُ قُنُوتِ الْوِتْرِ,١١٨ - اللَّهُمَّ إِيَّاكَ نعْبُدُ، وَلَكَ نُصَلِّي وَنَسْجُدُ، وَإِلَيْكَ نَسْعَى وَنَحْفِدُ، نَرْجُو رَحْمَتَكَ، وَنَخْشَى عَذَابَكَ، إِنَّ عَذَابَكَ بِالكَافِرِينَ مُلْحَقٌ. اللَّهُمَّ إِنَّا نَسْتَعينُكَ، وَنَسْتَغْفِرُكَ، وَنُثْنِي عَلَيْكَ الْخَيْرَ، وَلَا نَكْفُرُكَ، وَنُؤْمِنُ بِكَ، وَنَخْضَعُ لَكَ، وَنَخْلَعُ مَنْ يَكْفرُكَ,𝟥𝟤 - ވިތުރީގެ ގުނޫތުގައި ކިޔާ ދުއާ,"""ޔާ ﷲ! އަޅަމެން އަޅުކަންކުރަނީ ހަމައެކަނި އިބަ ﷲ އަށެވެ. އަދި އަޅަމެން ނަމާދުކުރަނީވެސް އަދި ސަޖިދަކުރަނީވެސް ހަމައެކަނި އިބަ ﷲ އަށެވެ. އަދި އަޅަމެން ގަދައަޅައި މަސައްކަތްކުރަނީ ހަމައެކަނި އިބަ ﷲ ގެ ހަޒްރަތަށެވެ. އަދި އަޅަމެން އަވަސްވެގަންނަނީވެސް ހަމައެކަނި އިބަ ﷲ ގެ ހަޒްރަތަށެވެ. އިބަ ﷲ ގެ ރަހްމަތަށް އަޅަމެން އުންމީދުކުރަމުއެވެ. އަދި އިބަ ﷲ ގެ އަޒާބަށް ބިރުވެތިވަމުއެވެ. ހަމަކަށަވަރުން އިބަ ﷲ ގެ އަޒާބަކީ ކާފިރުންނާ ބައްދަލުކުރާނެ އެއްޗެކެވެ. ޔާ ﷲ! ހަމަކަށަވަރުން އަޅަމެން އިބަ ﷲ ގެ ހަޒްރަތުން މަދަދަށް އެދެމުއެވެ. އަދި ފާފަފުއްސެވުމަށްވެސް އެދެމުއެވެ. އަދި އަޅަމެން އިބަ ﷲ އަށް ރިވެތި ސަނާ ކިޔަމުއެވެ. އަދި އަޅަމެން އިބަ ﷲ އަށް ކާފިރެއް ނުވަމުއެވެ. އަދި އަޅަމެން އިބަ ﷲ އަށް އީމާންވަމުއެވެ. އަދި އަޅަމެން އިބަ ﷲ އަށް ހިތްތިރިކޮށް މަޑުމޮޅިވަމުއެވެ. އަދި އިބަ ﷲ އަށް ކާފިރުވާމީހުންނާ އަޅަމެން ގުޅުން ކަނޑައިލަމުއެވެ.""",,,𝟥𝟤 Qunoot Al-Witr,"O Allah, You alone do we worship, and to You we pray and bow down prostrate. To You we hasten to worship and to serve. Our hope is for Your mercy, and we fear Your punishment. Surely, Your punishment of the disbelievers is at hand. O Allah, we seek Your help and Your forgiveness, and we praise You beneficently. We do not deny You and we believe in You. We surrender to You and renounce whoever disbelieves in You."
119,٣٣ - الذِّكْرُ عَقِبَ السَّلاَمِ مِنَ الْوِتْرِ,١١٩ - (سُبْحَانَ المَلِكِ القُدُّوسِ)) ثلاثَ مرَّاتٍ والثَّالِثَةُ يَجْهَرُ بها ويَمُدُّ بها صَوتَهُ يقولُ: [رَبِّ الْمَلاَئِكَةِ وَالرُّوحِ],𝟥𝟥 - ވިތުރިން ސަލާމް ދިނުމަށް ފަހު ކިޔާ ދުއާ,"(ތިންފަހަރު އަދި ތިންވަނަ ފަހަރު އަޑުހަރުކޮށް ދަމާލާފައި) ""ހުރިހާ އުނިސިފަތަކަކުން ހުސްދުރުވެވޮޑިގެންވާ ރަސްވަންތަ (ﷲ) ހުސްތާހިރުވަންތައެވެ! (އެ އިލާހީ މަލާއިކަތުންނާއި ޖިބްރީލުގެ ރައްބެވެ.)",,,𝟥𝟥 Immediately after salam of the witr prayer,"Glory is to the King, the Holy. [Recite three times in Arabic, and raise and extend the voice on the third time and say...] Lord of the angels and the Spirit."
120,٣٤ - دُعَاءُ الْهَمِّ وَالْحُزْنِ,١٢٠ - اللَّهُمَّ إِنِّي عَبْدُكَ، ابْنُ عَبْدِكَ، ابْنُ أَمَتِكَ، نَاصِيَتِي بِيَدِكَ، مَاضٍ فِيَّ حُكْمُكَ، عَدْلٌ فِيَّ قَضَاؤُكَ، أَسْأَلُكَ بِكُلِّ اسْمٍ هُوَ لَكَ، سَمَّيْتَ بِهِ نَفْسَكَ، أَوْ أَنْزَلْتَهُ فِي كِتَابِكَ، أَوْ عَلَّمْتَهُ أَحَداً مِنْ خَلْقِكَ، أَوِ اسْتَأْثَرْتَ بِهِ فِي عِلْمِ الغَيْبِ عِنْدَكَ، أَنْ تَجْعَلَ القُرْآنَ رَبِيعَ قَلْبِي، وَنُورَ صَدْرِي، وَجَلاَءَ حُزْنِي، وَذَهَابَ هَمِّي,𝟥𝟦 - (ކުރިއަށް ވެދާނެ ކަންކަމާމެދު) ކަންބޮޑު ވާނަމަ އަދި (ވެ ނިމިފައިވާ ކަންކަމާ މެދު) ހިތާމަ ކުރާނަމަ ކިޔާ ދުއާ,ޔާ ﷲ! ހަމަކަށަވަރުން އަހުރެންނީ އިބަ ﷲ ގެ އަޅަކީމެވެ. އިބަ ﷲ ގެ ފިރިހެން އަޅާގެ ދަރިޔަކީމެވެ. އިބަ ﷲ ގެ އަންހެން އަޅާގެ ދަރިޔަކީމެވެ. މި އަޅާގެ ނިތްކުރި ވަނީ އިބަ ﷲ ގެ އަތްޕުޅުގައެވެ. އިބަ ﷲ ގެ ހުކުމްފުޅު މި އަޅާގެ މައްޗަށް ތަންފީޒުވެގެން ވެއެވެ. އިބަ ﷲ ގެ ފައިސަލާ މި އަޅާއާމެދު އަދުލުވެރިވެގެން ވެއެވެ. އިބަ ﷲ އަށްވާ އިބަ ﷲގެ ހުރިހާ އިސްމުފުޅުތައް މެދުވެރިކޮށް އެދި ދަންނަވަމެވެ. އެއީ އިބަ ﷲ އަމިއްލަ ނަފްސުފުޅަށް ޚުދު އިބަ ﷲ ދެއްވާފައިވާ، ނުވަތަ އިބަ ﷲ ގެ ފޮތުގައި އިބަ ﷲ ބާވައިލައްވާފައިވާ، ނުވަތަ އިބަ ﷲ ގެ ޚަލްގުތަކުގެ ތެރެއިން އެކަކަށްވެސް އިބަ ﷲ އުނގަންނައިދެއްވާފައިވާ، ނުވަތަ އިބަ ﷲ ގެ ހަޒްރަތުގައި ޣައިބުގެ އިލްމުގައި އިބަ ﷲ ޚާއްސަ ކުރައްވާފައިވާ (އިސްމުފުޅުތައް މެދުވެރިކޮށް އެދި ދަންނަވަމެވެ.) ގުރްއާނަކީ މި އަޅާގެ ހިތުގެ ބަހާރުކަމުގައި ލައްވާށިއެވެ. އަދި އެއީ މި އަޅާގެ މޭގެ ނޫރުކަމުގައި ލައްވާށިއެވެ. އަދި އެއީ މި އަޅާގެ ހިތާމަ ފިއްލަވައިދޭ ޒަރިއްޔާކަމުގައި ލައްވާށިއެވެ. އަދި އެއީ މި އަޅާގެ ފިކުރުބޮޑުވުން ދުރުކޮށްދޭ ޒަރިއްޔާކަމުގައި ލައްވާށިއެވެ.,,,𝟥𝟦 For anxiety and sorrow,"O Allah, I am Your slave, and the son of Your male slave, and the son of your female slave. My forehead is in Your Hand (i.e. you have control over me). Your Judgment upon me is assured, and Your Decree concerning me is just. I ask You by every Name that You have named Yourself with, revealed in Your Book, taught any one of Your creation, or kept unto Yourself in the knowledge of the unseen that is with You, to make the Qur'an the spring of my heart, and the light of my chest, the banisher of my sadness, and the reliever of my distress."
121,٣٤ - دُعَاءُ الْهَمِّ وَالْحُزْنِ,١٢١ - اللَّهُمَّ إِنِّي أَعُوذُ بِكَ مِنَ الْهَمِّ وَالْحَزَنِ، وَالْعَجْزِ وَالْكَسَلِ، وَالْبُخْلِ وَالْجُبْنِ، وَضَلَعِ الدَّيْنِ وَغَلَبَةِ الرِّجَالِ,𝟥𝟦 - (ކުރިއަށް ވެދާނެ ކަންކަމާމެދު) ކަންބޮޑު ވާނަމަ އަދި (ވެ ނިމިފައިވާ ކަންކަމާ މެދު) ހިތާމަ ކުރާނަމަ ކިޔާ ދުއާ,"""ޔާ ﷲ! ހަމަކަށަވަރުން މި އަޅާ ފިކުރު ބޮޑުވުމުންނާއި، ހިތާމައިންނާއި، ނުކުޅެދުމުންނާއި، ކަންނެތްކަމުންނާއި، ބަޚީލުކަމުންނާއި، ފިނޑިކަމުންނާއި، ދަރަނީގެ ބުރައިންނާއި އަދި މީސްތަކުން މި އަޅާގެ މައްޗަށް ގަދަވެގަތުމުން ރައްކާތެރިކޮށްދެއްވުމަށް އިބަ ﷲ ގެ ހަޒްރަތުން އެދިދަންނަވަމެވެ.""",,,𝟥𝟦 For anxiety and sorrow,"O Allah, I seek refuge in you from grief and sadness, from weakness and from laziness, from miserliness and from cowardice, from being overcome by debt and overpowered by men (i.e. others)."
122,٣٥ - دُعَاءُ الْكَرْبِ,١٢٢ - لَا إِلَهَ إِلاَّ اللَّهُ الْعَظِيمُ الْحَلِيمُ، لَا إِلَهَ إِلاَّ اللَّهُ رَبُّ الْعَرْشِ الْعَظِيمِ، لَا إِلَهَ إِلاَّ اللَّهُ رَبُّ السَّمَوَاتِ وَرَبُّ الْأَرْضِ وَرَبُّ الْعَرْشِ الْكَرِيمِ,𝟥𝟧 - ހިތް ނުތަނަވަސް ވާނަމަ ކިޔާ ދުއާ,"""މަތިވެރިވެ ކެތްތެރިވެވޮޑިގެންވާ، ﷲ މެނުވީ އަޅުކަންވެވުން ހައްގުވެގެންވާ އެހެން އެއްވެސް އިލާހަކު ނުވެއެވެ. މަތިވެރި ޢަރުޝުގެވެރި، ﷲ ފިޔަވައި އަޅުކަންވެވުން ހައްގުވެގެންވާ އެހެން އެއްވެސް އިލާހަކު ނުވެއެވެ. އުޑުތަކާއި ބިމުގެވެރި އަދި މާތް ޢަރުޝުގެވެރި، ﷲ ފިޔަވައި އަޅުކަންވެވުން ހައްގުވެގެންވާ އެހެން އެއްވެސް އިލާހަކު ނުވެއެވެ.""",,,𝟥𝟧 For one in distress,"There is none worthy of worship but Allah, the Mighty, the Forbearing. There is none worthy of worship but Allah, Lord of the Magnificent Throne. There is none worthy of worship but Allah, Lord of the heavens and Lord of the earth, and Lord of the Noble Throne."
123,٣٥ - دُعَاءُ الْكَرْبِ,١٢٣ - اللَّهُمَّ رَحْمَتَكَ أَرْجُو، فَلَا تَكِلْنِي إِلَى نَفْسِي طَرْفَةَ عَيْنٍ، وَأَصْلِحْ لِي شَأْنِي كُلَّهُ، لَا إِلَهَ إِلاَّ أَنْتَ,𝟥𝟧 - ހިތް ނުތަނަވަސް ވާނަމަ ކިޔާ ދުއާ,"""ޔާ ﷲ! މި އަޅާ އުންމީދުކުރަނީ ހަމައެކަނި އިބަ ﷲ ގެ ރަހުމަތަށެވެ. ފަހެ އެސްފިޔައެއްޖަހައިލާ ހިނދުކޮޅަކަށްވެސް މި އަޅާއާ މި އަޅާގެ ނަފްސު ހަވާލުނުކުރައްވާނދޭވެ! އަދި މި އަޅާގެ ހުރިހާ ކަމެއް މި އަޅާއަށް އިސްލާހުކޮށްދެއްވާނދޭވެ! އިބަ ﷲ މެނުވީ އަޅުކަންވެވުން ހައްގުވެގެންވާ އެހެން އެއްވެސް އިލާހަކު ނުވެއެވެ.""",,,𝟥𝟧 For one in distress,"O Allah, I hope for Your mercy. Do not leave me to myself even for the blinking of an eye (i.e. a moment). Correct all of my affairs for me. There is none worthy of worship but You."
124,٣٥ - دُعَاءُ الْكَرْبِ,١٢٤ - لَا إِلَهَ إِلاَّ أَنْتَ سُبْحَانَكَ إِنِّي كُنْتُ مِنَ الظّالِمِينَ,𝟥𝟧 - ހިތް ނުތަނަވަސް ވާނަމަ ކިޔާ ދުއާ,"""އިބަ ﷲ މެނުވީ އަޅުކަންވެވުން ހައްގުވެގެންވާ އެހެން އެއްވެސް އިލާހަކު ނުވެއެވެ. އިބަ ﷲ ހުސްތާހިރުވަންތައެވެ. ހަމަކަށަވަރުން މި އަޅާ އަނިޔާވެރިންގެ ތެރެއިން ވީމެވެ.""",,,𝟥𝟧 For one in distress,"There is none worthy of worship but You, glory is to You. Surely, I was among the wrongdoers."
125,٣٥ - دُعَاءُ الْكَرْبِ,١٢٥ - اللَّهُ اللَّهُ رَبِّي لَا أُشْرِكُ بِهِ شَيْئاً,𝟥𝟧 - ހިތް ނުތަނަވަސް ވާނަމަ ކިޔާ ދުއާ,"""ﷲ އީ މި އަޅާގެ ރައްބެވެ. އެ އިލާހާ އެއްވެސް އެއްޗެއް މި އަޅާ ބައިވެރިއެއްނުކުރަމެވެ.""",,,𝟥𝟧 For one in distress,"Allah, Allah is my Lord. I do not associate anything with Him."
126,٣٦ - دُعَاءُ لِقَاءِ الْعَدُوِّ وَذِي السُّلْطَانِ,١٢٦ - اللَّهُمَّ إِنَّا نَجْعَلُكَ فِي نُحُورِهِم، وَنَعُوذُ بِكَ مِنْ شُرُورِهِمْ,𝟥𝟨 - އަދުއްވަކު ނުވަތަ ބާރުވެރިކަން ހުރި ފަރާތަކާ ބައްދަލު ވާނަމަ,"""ޔާ ﷲ! (އަޅަމެންގެ ހިމާޔަތާއި ދިފާއަށްޓަކައި) އަޅަމެން އެބައިމީހުންނާ (ދުޝްމިނުންނާ) ދިމާއަށް އިބަ ﷲ ކުރިމަތިކުރަމުއެވެ. އަދި އެބައިމީހުންގެ ނުބައިނުލަފާކަމުން އަޅަމެން ރައްކާތެރިކޮށްދެއްވުމަށް އިބަ ﷲ ގެ ހަޒްރަތުން ދަންނަވަމުއެވެ.""",,,𝟥𝟨 Upon encountering an enemy or those of authority,"O Allah, we ask You to restrain them by their necks, and we seek refuge in You from their evil."
127,٣٦ - دُعَاءُ لِقَاءِ الْعَدُوِّ وَذِي السُّلْطَانِ,١٢٧ - اللَّهُمَّ أَنْتَ عَضُدِي، وَأَنْتَ نَصِيرِي، بِكَ أَحُولُ وَبِكَ أَصُولُ، وَبِكَ أُقاتِلُ,𝟥𝟨 - އަދުއްވަކު ނުވަތަ ބާރުވެރިކަން ހުރި ފަރާތަކާ ބައްދަލު ވާނަމަ,"""ޔާ ﷲ! އިބަ ﷲ އީ މި އަޅާގެ ވާގިވެރިޔާއެވެ. އަދި އިބަ ﷲ އީ މި އަޅާގެ މަދަދުވެރިޔާއެވެ. މި އަޅާ ހަރަކާތްކުރަނީ ހަމައެކަނި އިބަ ﷲ ގެ ވާގިފުޅުންނެވެ. އަދި މި އަޅާ (ދުޝްމިނުންނަށް) ހަމަލާދެނީވެސް ހަމައެކަނި އިބަ ﷲ ގެ ވާގިފުޅުންނެވެ. އަދި މި އަޅާ (ކާފިރުންނާ) ހަނގުރާމަކުރަނީވެސް ހަމައެކަނި އިބަ ﷲ ގެ ވާގިފުޅުންނެވެ.""",,,𝟥𝟨 Upon encountering an enemy or those of authority,"O Allah, You are my strength and You are my support. For Your sake, I go forth and for Your sake, I advance and for Your sake, I fight."
128,٣٦ - دُعَاءُ لِقَاءِ الْعَدُوِّ وَذِي السُّلْطَانِ,١٢٨ - حَسْبُنا اللَّهُ وَنِعْمَ الْوَكِيلُ,𝟥𝟨 - އަދުއްވަކު ނުވަތަ ބާރުވެރިކަން ހުރި ފަރާތަކާ ބައްދަލު ވާނަމަ,"""އަޅަމެންނަށް ﷲ ފުދެއެވެ. އަދި ވަކީލުކުރެވޭ ފަރާތެއްގެގޮތުން އެއީ ކިހާރަނގަޅު ފަރާތެއްހެއްޔެވެ!""",,,𝟥𝟨 Upon encountering an enemy or those of authority,Allah is sufficient for us and the best of those on whom to depend.
129,٣٧ - دُعَاءُ مَنْ خَافَ ظُلْمَ السُّلْطَانِ,١٢٩ - اللَّهُمَّ ربَّ السَّمَوَاتِ السَّبْعِ، وَرَبَّ الْعَرْشِ الْعَظِيمِ، كُنْ لِي جَاراً مِنْ فُلاَنِ بْنِ فُلاَنٍ، وَأَحْزَابِهِ مِنْ خَلاَئِقِكَ، أَنْ يَفْرُطَ عَلَيَّ أَحَدٌ مِنْهُمْ أَوْ يَطْغَى، عَزَّ جَارُكَ، وَجَلَّ ثَنَاؤُكَ، وَلَا إِلَهَ إِلاَّ أَنْتَ,𝟥𝟩 - ވެރިއެއްގެ އަނިޔާވެރިކަމާމެދު ބިރުގަނެފި ނަމަ ކިޔާ ދުއާ,"""ޔާ ﷲ! ހަތްއުޑާއި މަތިވެރި ޢަރުޝުގެ ރައްބެވެ! މިވެނިމީހެއްގެ ދަރި އެވެނިމީހާގެ ކިބައިން މި އަޅާއަށް ރައްކާތެރިކަން ދެއްވާ ފަރާތެއްކަމުގައި ވޮޑިގަންނަވާނދޭވެ! އަދި އިބަ ﷲ ގެ މަޚްލޫގުންގެ ތެރެއިން އޭނާގެ ޖަމާއަތްތަކުން އެއްވެސް މީހަކު މި އަޅާއަށް އަނިޔާވެރިވުމުންނާއި ނުބައިކަމުގައި ހައްދުފަހަނަޅައިދިއުމުން މި އަޅާ ރައްކާތެރިކޮށްދެއްވާ ފަރާތެއްކަމުގައި ވޮޑިގަންނަވާނދޭވެ! އިބަ ﷲ ގެ ރައްކާތެރިކަން ގަދަފަދައެވެ. އަދި އިބަ ﷲ ގެ ސަނާ މަތިވެރިއެވެ. އަދި އިބަ ﷲ ފިޔަވައި އަޅުކަންވެވުން ހައްގުވެގެންވާ އެހެން އެއްވެސް އިލާހަކު ނުވެއެވެ.""",,,𝟥𝟩 For one afraid of the ruler's injustice,"O Allah, Lord of the seven heavens, Lord of the Magnificent Throne, be for me a support against [such and such a person] and his helpers from among your creatures, lest any of them abuse me or do me wrong. Mighty is Your patronage, and glorious are Your praises. There is none worthy of worship but You."
130,٣٧ - دُعَاءُ مَنْ خَافَ ظُلْمَ السُّلْطَانِ,١٣٠ - اللَّهُ أَكْبَرُ، اللَّهُ أَعَزُّ مِنْ خَلْقِهِ جَمِيعاً، اللَّهُ أَعَزُّ مِمَّا أَخَافُ وَأَحْذَرُ، أَعُوذُ بِاللَّهِ الَّذِي لَا إِلَهَ إِلاَّ هُوَ، الْمُمْسِكِ السَّمَوَاتِ السَّبْعِ أَنْ يَقَعْنَ عَلَى الْأَرْضِ إِلاَّ بِإِذْنِهِ، مِنْ شَرِّ عَبْدِكَ فُلاَنٍ، وَجُنُودِهِ وَأَتْبَاعِهِ وَأَشْيَاعِهِ، مِنْ الْجِنِّ وَالإِنْسِ، اللَّهُمَّ كُنْ لِي جَاراً مِنْ شَرِّهِمْ، جَلَّ ثَنَاؤُكَ وَعَزَّ جَارُكَ، وَتَبَارَكَ اسْمُكَ، وَلَا إِلَهَ غَيْرُكَ)) (ثلاثَ مرَّاتٍ),𝟥𝟩 - ވެރިއެއްގެ އަނިޔާވެރިކަމާމެދު ބިރުގަނެފި ނަމަ ކިޔާ ދުއާ,"(ތިންފަހަރު) ""އެންމެ ބޮޑީ ﷲ އެވެ. ﷲ، އެ އިލާހުގެ ހުރިހާ މަޚްލޫގުންނަށްވުރެ ކަށަކުޅަދުންވަންތަވެ އިއްޒަތްތެރިވެވޮޑިގެންވެއެވެ. މި އަޅާ ބިރުގަންނަ އަދި ޖެހިލުންވާ ހުރިހާ އެއްޗަކަށްވުރެ ﷲ ކަށަކުޅަދުންވަންތަވެ އިއްޒަތްތެރިވެ ވޮޑިގެންވެއެވެ. އިބަ ﷲ ގެ މިވެނި އެވެނި އަޅާގެ ނުބައިކަމުންނާއި، ޖިންނީންނާއި އިންސާނުންގެ ތެރެއިންވާ އޭނާގެ ލަޝްކަރާއި، އޭނާގެ އެކުވެރިންނާއި އަދި އޭނާގެ ޖަމާއަތްތަކުގެ ނުބައިކަމުން ރައްކާތެރިކަން ﷲ ގެ ހަޒްރަތުން މި އަޅާ ލިބިގަންނަމެވެ. އެ އިލާހީ އެ އިލާހު ފިޔަވައި އަޅުކަންވެވުން ހައްގުވެގެންވާ އެހެން އެއްވެސް އިލާހަކުނުވާ އިލާހެވެ. (އެ އިލާހީ) އެ އިލާހުގެ އިޒުނަފުޅާނުލައި، ބިންމައްޗަށް ހަތްއުޑު ވެއްޓުނަނުދީ ހިފަހައްޓަވާ އިލާހެވެ. ޔާ ﷲ! އެބައިމީހުންގެ ނުބައިކަމުން މި އަޅާ ރައްކާތެރިކޮށްދެއްވާ ފަރާތެއްކަމުގައި ވޮޑިގަންނަވާނދޭވެ! އިބަ ﷲ ގެ ސަނާ މަތިވެރިއެވެ. އިބަ ﷲ ގެ ރައްކާތެރިކަން ގަދަފަދައެވެ. އަދި އިބަ ﷲ ގެ އިސްމުފުޅު ބަރަކާތްތެރިއެވެ. އަދި އިބަ ﷲ ފިޔަވައި އަޅުކަންވެވުން ހައްގުވެގެންވާ އެހެން އެއްވެސް އިލާހަކު ނުވެއެވެ.""",,,𝟥𝟩 For one afraid of the ruler's injustice,"Allah is the Most Great, Mightier than all His creation. He is Mightier than what I fear and dread. I seek refuge in Allah, Who there is none worthy of worship but Him. He is the One Who holds the seven heavens from falling upon the earth except by His command. [I seek refuge in You Allah] from the evil of Your slave [name of the person], and his helpers, his followers, and his supporters from among the jinn and mankind. O Allah, be my support against their evil. Glorious are Your praises and mighty is Your patronage. Blessed is Your Name, there is no true God but You. (Recite three times in Arabic.)"
131,٣٨ - الدُّعَاءُ عَلَى الْعَدُوِّ,١٣١ - اللَّهُمَّ مُنْزِلَ الْكِتَابِ، سَرِيعَ الْحِسَابِ، اهْزِمِ الأَحْزَابَ، اللَّهُمَّ اهزِمْهُمْ وَزَلْزِلْهُمْ,𝟥𝟪 - އަދުއްވަކާ ދެކޮޅަށް ކުރާ ދުއާ,"""ޔާ ﷲ! ފޮތް ބާވައިލައްވާ އިލާހެވެ! ހިސާބުބެއްލެވުމަށް އަވަސްވެވޮޑިގެންވާ އިލާހެވެ! (ދުޝްމިނުންގެ) ޖަމާއަތްތައް ބަލިކުރައްވާނދޭވެ! ޔާ ﷲ! އެބައިމީހުން ބަލިކުރައްވާނދޭވެ! އަދި އެބައިމީހުންގެ ސާބިތުކަން ނެތިކޮށްލައްވާނދޭވެ!""",,,𝟥𝟪 Against enemies,"O Allah, Revealer of the Book, Swift to account, defeat the groups (of disbelievers). O Allah, defeat them and shake them."
132,٣٩ - مَا يَقُولُ مَنْ خَافَ قَوْماً,١٣٢ - اللَّهُمَّ اكْفِنِيهِمْ بِمَا شِئْتَ,𝟥𝟫 - ބަޔަކުދެކެ ބިރުގަނެފި ނަމަ ކިޔާ ދުއާ,"""ޔާ ﷲ! އިބަ ﷲ އެދިވޮޑިގަންނަވާ ގޮތަކަށް އެބައިމީހުންގެ ކިބައިން މި އަޅާއަށް ފުއްދަވާދެއްވާނދޭވެ!""",,,𝟥𝟫 When being afraid of a group of people,"O Allah, suffice (i.e. protect) me against them however You wish."
133,٤٠ - دُعَاءُ مَنْ أَصَابَهُ وَسْوَسَةٌ فِي الإِيمَانِ,"١٣٣ - يَسْتَعِيذُ بِاللَّهِ

يَنْتَهِي عَمَّا وَسْوَسَ فِيهِ",𝟦𝟢 - އީމާންކަމުގައި ޝައްކާއި ވަސްވާސް އުފެދިއްޖެ ނަމަ ކިޔާ ދުއާ,ﷲ ގެ ހަޒްރަތުން ރައްކާތެރިކަމަށް އެދޭށެވެ. ޝައްކުވީ ކަންތައްކުރުން ހުއްޓައިލާށެވެ.,,,𝟦𝟢 For one afflicted with doubt in his faith,(Say:) I seek refuge in Allah. (Then you should desist from doing what you are in doubt about.)
134,٤٠ - دُعَاءُ مَنْ أَصَابَهُ وَسْوَسَةٌ فِي الإِيمَانِ,١٣٤ - يَقُولُ: ((آمَنْتُ بِاللَّهِ وَرُسُلِهِ)),𝟦𝟢 - އީމާންކަމުގައި ޝައްކާއި ވަސްވާސް އުފެދިއްޖެ ނަމަ ކިޔާ ދުއާ,"""ﷲ އަށާއި އެ އިލާހުގެ ރަސޫލުންނަށް އަހުރެން އީމާންވެއްޖައީމެވެ.""",,,𝟦𝟢 For one afflicted with doubt in his faith,(Say:) I believe in Allah and His Messengers.
135,٤٠ - دُعَاءُ مَنْ أَصَابَهُ وَسْوَسَةٌ فِي الإِيمَانِ,١٣٥ - ((يَقْرَأُ قَوْلَهُ تَعَالَى: {هُوَ الْأوَّلُ وَالْآخِرُ وَالظّاهِرُ وَالْباطِنُ وَهُوَ بِكُلِّ شَيْءٍ عَلِيمٌ})),𝟦𝟢 - އީމާންކަމުގައި ޝައްކާއި ވަސްވާސް އުފެދިއްޖެ ނަމަ ކިޔާ ދުއާ,"""އެ އިލާހީ އެންމެފުރަތަމަ ވޮޑިގެންވީ ފަރާތެވެ. އަދި އެންމެފަހުން ވޮޑިގެންވާނެ ފަރާތެވެ. އަދި ހުރިހާ އެއްޗެއްގެ މައްޗަށް ވެރިވެވޮޑިގެންވާ ފަރާތެވެ. އަދި ވަންހަނާވެވޮޑިގެންވާ ފަރާތެވެ. އަދި އެ އިލާހީ ހުރިހާ އެއްޗެއް ދެނެވޮޑިގެންވާ އިލާހެވެ.""",,,𝟦𝟢 For one afflicted with doubt in his faith,"(Recite the Ayat) He is the First and the Last, the Most High and the Most Near. And He is the Knower of all things (in Arabic)."
136,٤١ - دُعَاءُ قَضَاءِ الدَّيْنِ,١٣٦ - اللَّهُمَّ اكْفِنِي بِحَلاَلِكَ عَنْ حَرَامِكَ، وَأَغْنِنِي بِفَضْلِكَ عَمَّنْ سِوَاكَ,𝟦𝟣 - ދަރަނި އަދާކުރެވޭތޯ ކިޔާ ދުއާ,"""ޔާ ﷲ! އިބަ ﷲ ހަލާލުކުރެއްވި ތަކެތީގެ ޒަރިއްޔާއިން އިބަ ﷲ ހަރާމްކުރެއްވި ތަކެތިން (މި އަޅާ ދުރުކުރައްވައި) މި އަޅާ ފުދުންތެރިކުރައްވާނދޭވެ! އަދި އިބަ ﷲ ގެ ފަޟުލުވަންތަކަމުގެ ޒަރިއްޔާއިން އިބަ ﷲ ފިޔަވައި އެހެންފަރާތްތަކުން (އެދުމުން) މި އަޅާއަށް ފުދުންތެރިކަން ދެއްވާނދޭވެ!""",,,𝟦𝟣 Settling a debt,"O Allah, suffice me with what You have allowed instead of what You have forbidden, and make me independent of all others besides You."
137,٤١ - دُعَاءُ قَضَاءِ الدَّيْنِ,١٣٧ - اللَّهُمَّ إِنِّي أَعُوذُ بِكَ مِنَ الْهَمِّ وَالْحَزَنِ، وَالْعَجْزِ وَالْكَسَلِ، وَالْبُخْلِ وَالْجُبْنِ، وَضَلَعِ الدَّيْنِ وَغَلَبَةِ الرِّجَالِ,𝟦𝟣 - ދަރަނި އަދާކުރެވޭތޯ ކިޔާ ދުއާ,"""ޔާ ﷲ! ހަމަކަށަވަރުން މި އަޅާ ފިކުރު ބޮޑުވުމުންނާއި، ހިތާމައިންނާއި، ނުކުޅެދުމުންނާއި، ކަންނެތްކަމުންނާއި، ބަޚީލުކަމުންނާއި، ފިނޑިކަމުންނާއި، ދަރަނީގެ ބުރައިންނާއި އަދި މީސްތަކުން މި އަޅާގެ މައްޗަށް ގަދަވެގަތުމުން ރައްކާތެރިކޮށްދެއްވުމަށް އިބަ ﷲ ގެ ހަޒްރަތުން އެދިދަންނަވަމެވެ.""",,,𝟦𝟣 Settling a debt,"O Allah! I seek refuge with You from worry and grief, from incapacity and laziness, from cowardice and miserliness, from being heavily in debt and from being overpowered by (other) men."
138,٤٢ - دُعَاءُ الوَسْوَسَةِ فِي الصَّلاَةِ وَالْقِرَاءَةِ,١٣٨ - ((أَعُوذُ بِاللَّهِ مِنَ الشَّيطَانِ الرَّجِيمِ، وَاتْفُلْ عَلَى يَسَارِكَ -ثلاثاً-)),𝟦𝟤 - ނަމާދުގައި ނުވަތަ ގުރްއާން ކިޔެވުމުގައި ވަސްވާހަކާ ކުރިމަތިލާން ޖެހިއްޖެނަމަ ކިޔާ ދުއާ,"""ރަހުމަތުން ދުރުކުރެވިފައިވާ ޝައިތާނާގެ ކިބައިން ރައްކާތެރިކޮށްދެއްވުމަށް ﷲ ގެ ހަޒްރަތުން ދަންނަވަމެވެ."" މިފަދައިން ކިޔާ ވާތްފަރާތަށް ތިންފަހަރު ދުލުގެކޮޅުން ކުޅުކޮޅެއްޖަހާށެވެ.""",,,𝟦𝟤 For one afflicted by whisperings in prayer or recitation,(Say:) I seek refuge in Allah from Satan the outcast (then blow with a little spittle to your left). (Do this three times reciting in Arabic.)
139,٤٣ - دُعَاءُ مَنِ اسْتَصْعَبَ عَلَيْهِ أَمْرٌ,١٣٩ - اللَّهُمَّ لَا سَهْلَ إِلاَّ مَا جَعَلْتَهُ سَهْلاً، وَأَنْتَ تَجْعَلُ الْحَزْنَ إِذَا شِئْتَ سَهْلاً,𝟦𝟥 - ކަމެއް ކުރަން އުނދަގޫވުމުން ކިޔާ ދުއާ,"""ޔާ ﷲ! އިބަ ﷲ ފަސޭހަކޮށްދެއްވި ކަމެއް މެނުވީ ފަސޭހެވެގެންނެއްނުވެއެވެ. އަދި އިބަ ﷲ އެދިވޮޑިގެންފިނަމަ، އުނދަގޫކަންތައް ފަސޭހަކަމެއްގެ ގޮތުގައި ލައްވަމުއެވެ.""",,,𝟦𝟥 For one whose affairs have become difficult,"O Allah, there is no ease other than what You make easy. If You please You ease sorrow."
140,٤٤ - مَا يَقُولُ وَيَفْعَلُ مَنْ أَذْنَبَ ذَنْباً,١٤٠ - مَا مِنْ عَبْدٍ يُذنِبُ ذَنْباً فَيُحْسِنُ الطُّهُورَ، ثُمَّ يَقُومُ فَيُصَلِّي رَكْعَتَيْنِ، ثُمَّ يَسْتَغْفِرُ اللَّهَ إِلاَّ غَفَرَ اللَّهُ لَهُ,𝟦𝟦 - ފާފައެއް ކުރެވުމުން ކުރަންވީ ކަންތަކާ ކިޔަންވީ ދުއާ,ފާފައެއްކުރެވުމުން ފަހެ ރަނގަޅަށް ވުޟޫކޮށް، ދެން ތެދުވެ ދެރަކުއަތް ނަމާދެއްކޮށް، ﷲ އަށް ފާފަފުއްސެވުމަށް އެދިދެންނެވުމުން، ﷲ އެ މީހަކަށް ފާފަ ފުއްސަވައިނުދެއްވާނެ ހަމަ އެއްވެސް އަޅަކުނުވެއެވެ.,,,𝟦𝟦 Upon committing a sin,"There is not any slave of Allah who commits a sin, then he perfects his purification and stands to pray two Rak'ahs of prayer, then seeks Allah's forgiveness, except that Allah will forgive him."
141,٤٥ - دُعَاءُ طَرْدِ الشَّيطَانِ وَوَسَاوِسِهِ,١٤١ - الْاسْتِعَاذَةُ بِاللَّهِ مِنْهُ,𝟦𝟧 - ޝައިތާނާއާއި އޭނާގެ ވަސްވާސްތަކުން ދުރުކޮށްދިނުން އެދި ކުރާ ދުއާ,އޭނާގެ ކިބައިން ރައްކާތެރިކޮށްދެއްވުމަށް ﷲ ގެ ހަޒްރަތުން އެދުން.,,,𝟦𝟧 For expelling the devil and his whisperings,Seeking refuge with Allah against him (i.e. by saying I seek refuge in Allah from Satan the outcast).
142,٤٥ - دُعَاءُ طَرْدِ الشَّيطَانِ وَوَسَاوِسِهِ,١٤٢ - الْأَذَانُ,𝟦𝟧 - ޝައިތާނާއާއި އޭނާގެ ވަސްވާސްތަކުން ދުރުކޮށްދިނުން އެދި ކުރާ ދުއާ,ބަންގިގޮވުން.,,,𝟦𝟧 For expelling the devil and his whisperings,The call to prayer - Azaan.
143,٤٥ - دُعَاءُ طَرْدِ الشَّيطَانِ وَوَسَاوِسِهِ,١٤٣ - الْأَذْكَارُ وَقِرَاءَةُ الْقُرْآنِ,𝟦𝟧 - ޝައިތާނާއާއި އޭނާގެ ވަސްވާސްތަކުން ދުރުކޮށްދިނުން އެދި ކުރާ ދުއާ,ޒިކުރުތައްކުރުމާއި ގުރްއާން ކިޔެވުން.,,,𝟦𝟧 For expelling the devil and his whisperings,Saying words of Allah's remembrance (Thikr) and recitation of the Qur'an.
144,٤٦ - الدُّعَاءُ حِينَمَا يَقَعُ مَا لَا يَرْضَاهُ أَوْ غُلِبَ عَلَى أَمْرِهِ,١٤٤ - قَدَرُ اللَّهُ وَمَا شَاءَ فَعَلَ,𝟦𝟨 - ހިތްހަމަ ނުޖެހޭ ކަމެއް ދިމާވެއްޖެ ނަމަ، ނުވަތަ ކުރަން އުޅޭ ކަމެއްގައި ނުކުޅަދުންތެރިވެއްޖެ ނަމަ ކިޔާ ދުއާ,"رسول الله ﷺ ޙަދީޘް ކުރެއްވިއެވެ. ""ގަދަފަދަ މުއުމިނާ ބަލިކަށި މުއުމިނާއަށްވުރެ ހެޔޮވެގެންވެއެވެ. އަދި ﷲ ގެ ހަޒްރަތަށް ލޮބުވެތިކަން ބޮޑުވެގެންވެއެވެ. އަދި (ދެމީހުންކުރެ) ކޮންމެމީހެއްގެ ކިބައިގައިވެސް ހެޔޮކަންތައްވެއެވެ. ތިބާއަށް ފައިދާކުރަނިވި ކަންތަކުގެ މައްޗަށް ތިބާ ދަހިވެތިވާށެވެ. އަދި ﷲ ގެ ހަޒްރަތުން މަދަދަށް އެދޭށެވެ. އަދި (ހެޔޮކަންތަކަށް) ނުކުޅެދިގެންވާ މީހެއްކަމުގައި ނުވާށެވެ. އަދި ތިބާއަށް މުސީބާތެއްޖެހިއްޖެނަމަ، ފަހެ ތިބާ ނުބުނާށެވެ. އަހުރެންނަށް މިވެނިއެވެނި ގޮތަކަށް ކަންތައްކުރެވުނުނަމައެވެ. އަދިކިއެއްތަ! ތިބާ މިފަދައިން ބުނާށެވެ. ""(މިއީ) ﷲ މިންވަރުކުރެއްވި ގޮތެވެ. އެ އިލާހު އިރާދަކުރެއްވިގޮތަށް ކަންތައްކުރައްވައިފިއެވެ."" އެހެނީ ހަމަކަށަވަރުން ""ނަމައޭ ކިޔުން"" ޝައިތާނާގެ އަމަލުތައް ހުޅުވައިދެއެވެ.",,,𝟦𝟨 When stricken with a mishap or overtaken by an affair,It is the Decree of Allah and He does whatever He wills.
145,٤٧ - تَهْنِئَةُ المَوْلُودِ لَهُ وَجَوَابُهُ,١٤٥ - ((بَارَكَ اللَّهُ لَكَ فِي الْمَوْهُوبِ لَكَ، وَشَكَرْتَ الْوَاهِبَ، وَبَلَغَ أَشُدَّهُ، وَرُزِقْتَ بِرَّهُ)) (2). وَيَرُدُّ عَلَيْهِ الْمُهَنَّأُ فَيَقُولُ: ((بَارَكَ اللَّهُ لَكَ وَبَارَكَ عَلَيْكَ، وَجَزَاكَ اللَّهُ خَيْراً، وَرَزَقَكَ اللَّهُ مِثْلَهُ، وَأَجْزَلَ ثَوَابَكَ)),𝟦𝟩 - ދަރިޔަކު ލިބޭ މީހާއަށް ކިޔާ ތަހުނިޔާ އަދި އެ ތަހުނިޔާގެ ޖަވާބު,"""ތިބާއަށް ލިބުނު ދަރިފުޅުގެ ކިބައިގައި، ﷲ ތިބާއަށް ބަރަކާތްލައްވާށިއެވެ! އަދި (ތިބާއަށް އެދަރިފުޅު) ދެއްވި ފަރާތަށް ތިބާ ޝުކުރުއަދާކުރާހުށިކަމެވެ. އަދި އެ ކުއްޖާ ޒުވާންއުމުރާ ހަމައަށް ފޯރާހުށިއެވެ! އަދި އެ ކުއްޖާ އިހުސާންތެރިވުމުގެ ތައުފީގު ތިބާއަށް ދެވޭހުށިއެވެ!"" 
 
 ދެން ތަހުނިޔާ ލިބުނުމީހާ ތަހުނިޔާކީމީހާއަށް މިފަދައިން ޖަވާބުދޭށެވެ. ""ﷲ ތިބާއަށް ބަރަކާތްލައްވާށިއެވެ! އަދި ތިބާގެ މައްޗަށް ބަރަކާތްލައްވާށިއެވެ! އަދި ﷲ ތިބާއަށް ހެޔޮޖަޒާދެއްވާށިއެވެ! އަދި ﷲ ތިބާއަށްވެސް އެފަދަ ދަރިއަކު ދެއްވާށިއެވެ! އަދި ތިބާގެ ސަވާބު ގިނަކޮށްދެއްވާށިއެވެ!""",,,𝟦𝟩 Congratulation on the occasion of a birth of a newborn and its reply,"May Allah bless you with His gift to you, and may you give thanks, may the child reach the maturity of years, and may you be granted its righteousness.

The reply of the person being congratulated is to say:

May Allah bless you, and shower His blessings upon you, and may Allah reward you well and bestow upon you its like and reward you abundantly"
146,٤٨ - مَا يُعوَّذُ بِهِ الأَوْلاَدُ,١٤٦ - كَانَ رَسُولُ اللَّهِ ﷺ يُعَوِّذُ الحَسَنَ وَالحُسَينَ - رضي الله عنهما - ((أُعِيذُكُمَا بِكَلِمَاتِ اللَّهِ التَّامَّةِ مِنْ كُلِّ شَيْطَانٍ وَهَامَّةٍ، وَمِنْ كُلِّ عَيْنٍ لاَمَّةٍ)),𝟦𝟪 - ދަރިން ރައްކާތެރި ކޮށްދިނުން އެދި ކިޔާ ދުއާ,"""ﷲ ރުއްސުންލެއްވި ޢަބްދު ﷲ ބުނު ޢައްބާސްގެ ކިބައިން ރިވާވެގެންވެއެވެ. އެކަލޭގެފާނު ވިދާޅުވިއެވެ. ރަސޫލު ﷲ ﷺ ޙަސަނުގެފާނަށާއި ޙުސައިނުގެފާނަށް، ﷲ ގެ ހަޒްރަތުން ރައްކާތެރިކަން ދެވުމަށް، މިކަލިމަފުޅުން ދަންނަވާކަމުގައިވިއެވެ. ""ﷲ ގެ ފުރިހަމަ ކަލިމަފުޅުތަކުން، އެންމެހާ ޝައިތާނުންނާއި، އެންމެހާ ވިހަލާސޫފިތަކާއި، އެންމެހާ އެސްފީނާލޮލަކުން ތިޔަދެކަލުންނަށް ރައްކާތެރިކަން ދެއްވުމަށް އެދެމެވެ.""",,,𝟦𝟪 Placing childen under Allah’s protection,"The Prophet (ﷺ) used to seek Allah's protection for Al-Hasan and Al-Husain by saying:

I seek protection for you in the Perfect Words of Allah from every devil and every beast, and from every envious blameworthy eye."
147,٤٩ - الدُّعَاءُ لِلْمَرِيضِ فِي عِيَادَتِهِ,١٤٧ - لَا بأْسَ طَهُورٌ إِنْ شَاءَ اللَّهُ,𝟦𝟫 - ބަލިމީހާއަށް ޒިޔާރަތް ކުރަންގޮސް ކިޔާ ދުއާ,"""މައްސަލައެއް ނެތެވެ. ތާހިރުކޮށްދޭނެ އެއްޗެކެވެ. އިން ޝާއަ ﷲ."" (އެބަހީ: ފާފަތަކުންނެވެ.)",,,𝟦𝟫 When visiting the sick,"Do not worry, it will be a purification (for you), Allah willing."
148,٤٩ - الدُّعَاءُ لِلْمَرِيضِ فِي عِيَادَتِهِ,١٤٨ - ((أَسْأَلُ اللَّهَ الْعَظيمَ رَبَّ الْعَرْشِ الْعَظِيمِ أَنْ يَشْفيَكَ)) (سبع مرات),𝟦𝟫 - ބަލިމީހާއަށް ޒިޔާރަތް ކުރަންގޮސް ކިޔާ ދުއާ,"(ހަތްފަހަރު) ""މަތިވެރި ޢަރުޝުގެވެރި، އަރަހުށި ﷲ ގެ ހަޒްރަތުން ތިބާއަށް ޝިފާދެއްވުމަށް އެދިދަންނަވަމެވެ.""",,,𝟦𝟫 When visiting the sick,"I ask Almighty Allah, Lord of the Magnificent Throne, to make you well. (Recite seven times in Arabic .)"
149,٥٠ - فَضْلُ عِيَادَةِ المَرِيضِ,١٤٩ - قَالَ النَّبِيُّ ﷺ: ((إِذَا عَادَ الرَّجُلُ أَخَاهُ الْمُسْلِمَ مَشَى فِي خِرَافَةِ الْجَنَّةِ حَتَّى يَجْلِسَ، فَإِذَا جَلَسَ غَمَرَتْهُ الرَّحْمَةُ، فَإِنْ كَانَ غُدْوَةً صَلَّى عَلَيْهِ سَبْعُونَ أَلْفَ مَلَكٍ حَتَّى يُمْسِيَ، وَإِنْ كَانَ مَسَاءً صَلَّى عَلَيْهِ سَبْعُونَ أَلْفَ مَلَكٍ حَتَّى يُصْبِحَ)),𝟧𝟢 - ބަލިމީހާއަށް ޒިޔާރަތްކުރުމުގެ ހެޔޮކަން,"""މުސްލިމުމީހާ، އޭނާގެ ބަލިވެފައިވާ މުސްލިމު އަޚާއަށް ޒިޔާރަތްކުރާ ހިނދު، އިށީނދެއްޖައުމަށް ދާންދެން އޭނާ ހިނގަމުން އެދަނީ ސުވަރުގޭގެ މޭވާތަކުގެ ތެރޭގައެވެ. ދެން ބަލިމީހާގެ ގާތުގައި އޭނާ އިށީންނަ ހިނދު، ރަހުމަތް އޭނާ ފޮރުވައިލައެވެ. ފަހެ އެއީ ހެނދުނުކަމުގައިވާނަމަ، ހަވީރުވަންދެން ހަތްދިހަހާސް މަލާއިކަތުން އޭނާއަށް ރަހުމަތްލެއްވުމަށް އެދި ދުއާކޮށްދެއްވަތެވެ. އަދި އެއީ ހަވީރުކަމުގައިވާނަމަ، ހެނދުނުވަންދެން ހަތްދިހަހާސް މަލާއިކަތުން އޭނާއަށް ރަހުމަތްލެއްވުމަށް އެދި ދުއާކޮށްދެއްވަތެވެ.""",,,𝟧𝟢 Excellence of visiting the sick,"When a man goes to visit his sick Muslim brother, he walks along a path of Paradise until he sits, and when he sits he is cloaked in mercy. If he comes in the morning, seventy thousand angels pray for him until evening, and if he comes in the evening, seventy thousand angels pray for him until morning."
150,٥١ - دُعَاءُ المَرِيضِ الَّذِي يَئِسَ مِنْ حَيَاتِهِ,١٥٠ - اللَّهُمَّ اغْفِرْ لِي، وَارْحَمْنِي، وَأَلْحِقْنِي بِالرَّفِيقِ الْأَعْلَى,𝟧𝟣 - ދިރިހުންނާނޭ ކަމަށް ނުބެލެވޭ މީހާ ކިޔާ ދުއާ,"""ޔާ ﷲ! މި އަޅާއަށް ފާފަ ފުއްސަވާނދޭވެ! އަދި މި އަޅާއަށް ރަހުމަތްލައްވާނދޭވެ! އަދި އެންމެ މަތިވެރި ރަހުމަތްތެރިޔާއާ (އެބަހީ ﷲ އާ) ބައްދަލުކޮށްދެއްވާނދޭވެ!""",,,𝟧𝟣 When the sick have renounced all hope of life,"O Allah, forgive me and have mercy upon me, and join me with the highest companions (in Paradise)."
151,٥١ - دُعَاءُ المَرِيضِ الَّذِي يَئِسَ مِنْ حَيَاتِهِ,١٥١ - جَعَلَ النَّبِيُّ ﷺ عِنْدَ مَوْتِهِ يُدْخِلُ يَدَيْهِ فِي الْمَاءِ فَيَمْسَحُ بِهِمَا وَجْهَهُ، وَيَقُولُ: لَا إِلَهَ إِلاَّ اللَّهُ إِنَّ لِلْمَوْتِ سَكَرَاتٍ,𝟧𝟣 - ދިރިހުންނާނޭ ކަމަށް ނުބެލެވޭ މީހާ ކިޔާ ދުއާ,"""ﷲ މެނުވީ އަޅުކަންވެވުން ހައްގުވެގެންވާ އެހެން އެއްވެސް އިލާހަކު ނުވެއެވެ. ހަމަކަށަވަރުން މަރަށް ތަކުލީފުތަކެއްވެއެވެ.""",,,𝟧𝟣 When the sick have renounced all hope of life,"As he was dying, the Prophet (ﷺ) dipped his hands in water and wiped his face saying:

There is none worthy of worship but Allah,
surely death has agonies."
152,٥١ - دُعَاءُ المَرِيضِ الَّذِي يَئِسَ مِنْ حَيَاتِهِ,١٥٢ - لَا إِلَهَ إِلاَّ اللَّهُ وَاللَّهُ أَكْبَرُ، لَا إِلَهَ إِلاَّ اللَّهُ وَحْدَهُ، لَا إِلَهَ إِلاَّ اللَّهُ وَحْدَهُ لَا شَرِيكَ لَهُ، لَا إِلَهَ إِلاَّ اللَّهُ لَهُ المُلْكُ وَلَهُ الْحَمْدُ، لَا إِلَهَ إِلاَّ اللَّهُ وَلَا حَوْلَ وَلَا قُوَّةَ إِلاَّ بِاللَّهِ,𝟧𝟣 - ދިރިހުންނާނޭ ކަމަށް ނުބެލެވޭ މީހާ ކިޔާ ދުއާ,"""ﷲ މެނުވީ އަޅުކަންވެވުން ހައްގުވެގެންވާ އެހެން އެއްވެސް އިލާހަކު ނުވެއެވެ. އަދި އެންމެ ބޮޑީ ﷲ އެވެ. ﷲ މެނުވީ އަޅުކަންވެވުން ހައްގުވެގެންވާ އެހެން އެއްވެސް އިލާހަކު ނުވެއެވެ. އެ އިލާހު އެއްކައުވަންތައެވެ. ﷲ މެނުވީ އަޅުކަންވެވުން ހައްގުވެގެންވާ އެހެން އެއްވެސް އިލާހަކު ނުވެއެވެ. އެ އިލާހު އެއްކައުވަންތައެވެ. އެ އިލާހަށް އެއްވެސް ބައިވެރިއަކު ނުވެއެވެ. ﷲ މެނުވީ އަޅުކަންވެވުން ހައްގުވެގެންވާ އެހެން އެއްވެސް އިލާހަކު ނުވެއެވެ. އެންމެހާ ވެރިކަމަކާއި އެންމެހާ ހަމްދެއް ލިބިވޮޑިގެންވަނީ އެ އިލާހަށެވެ. ﷲ މެނުވީ އަޅުކަންވެވުން ހައްގުވެގެންވާ އެހެން އެއްވެސް އިލާހަކު ނުވެއެވެ. އަދި އެއްވެސް ހެޔޮކަމެއް ކުރުމުގެ ބާރެއްވެސް އަދި ނުބައިކަމަކުން ސަލާމަތްވުމުގެ ބާރެއްވެސް ﷲ ގެ ހަޒްރަތުން މެނުވީ ނުވެއެވެ.""",,,𝟧𝟣 When the sick have renounced all hope of life,"There is none worthy of worship but Allah, Allah is the Most Great. None has the right to be worshipped but Allah alone. None has the right to be worshipped but Allah alone, Who has no partner. There is none worthy of worship but Allah, His is the dominion and His is the praise. There is none worthy of worship but Allah, there is no power and no might but by Allah."
153,٥٢ - تَلْقِينُ المُحْتَضَرِ,١٥٣ - مَنْ كَانَ آخِرُ كَلاَمِهِ لَا إِلَهَ إِلاَّ اللَّهُ دَخَلَ الْجَنَّةَ,𝟧𝟤 - މަރުވާން ކައިރިވެފައިވާ މީހާއަށް ޝަހާދަތް ލައިދިނުން,"އެމީހެއްގެ އެންމެފަހުބަސްކަމުގައި ""ﷲ މެނުވީ އަޅުކަންވެވުން ހައްގުވެގެންވާ އެހެން އެއްވެސް އިލާހަކު ނުވެއެވެ."" މިކަލިމަވެއްޖެމީހާ ސުވަރުގެ ވަންނާނެއެވެ.",,,𝟧𝟤 Instruction for the one nearing death,"Whoever dies with the last words (whose meaning is): ""There is none worthy of worship but Allah"" will enter Paradise."
154,٥٣ - دُعَاءُ مَن أُصِيبَ بِمُصِيبَةٍ,١٥٤ - إِنَّا لِلَّهِ وَإِنَّا إِلَيْهِ رَاجِعُونَ، اللَّهُمَّ أْجُرْنِي فِي مُصِيبَتِي، وَأَخْلِفْ لِي خَيْرَاً مِنْهَا,𝟧𝟥 - މުސީބާތް ޖެހިއްޖެ މީހާ ކިޔާ ދުއާ,"""ހަމަކަށަވަރުން އަޅަމެންވަނީ ﷲ އަށެވެ. އަދި ހަމަކަށަވަރުން އަޅަމެން އެނބުރި ދިއުންވެސްވަނީ އެ އިލާހުގެ ހަޒްރަތަށެވެ. ޔާ ﷲ! މި އަޅާއަށް ޖެހުނު މުސީބާތުގައި މި އަޅާއަށް އަޖުރު ދެއްވާނދޭވެ! އަދި މި އަޅާއަށް އޭގެ ބަދަލުގައި އެއަށްވުރެ ހެޔޮގޮތެއް މިންވަރުކޮށްދެއްވާނދޭވެ!""",,,𝟧𝟥 For one afflicted by a calamity,We are from Allah and unto Him we return. O Allah take me out of my plight and bring to me after it something better.
155,٥٤ - الدُّعَاءُ عِنْدَ إِغْمَاضِ المَيِّتِ,١٥٥ - ((اللَّهُمَّ اغْفِرْ لِفُلاَنٍ (بِاسْمِهِ) وَارْفَعْ دَرَجَتَهُ فِي الْمَهْدِيِّينَ، وَاخْلُفْهُ فِي عَقِبِهِ فِي الْغَابِرِينَ، وَاغْفِرْ لَنَا وَلَهُ يَا رَبَّ الْعَالَمِينَ، وَافْسَحْ لَهُ فِي قَبْرِهِ، وَنَوِّرْ لَهُ فِيهِ)),𝟧𝟦 - މައްޔިތާގެ ލޯމަރާލައިދެމުން ކިޔާ ދުއާ,"""ޔާ ﷲ! މިވެނި މީހަކަށް ފާފަ ފުއްސަވާނދޭވެ! (އެމީހެއްގެ ނަންގަންނާށެވެ.) އަދި ހިދާޔަތް ލިބިގެންވާ މީސްތަކުންގެ ތެރޭގައި އޭނާގެ ދަރަޖަ އުފުއްލަވާނދޭވެ! އަދި އޭނާގެ ފަހުން، އޭނާގެ ފަހަތުގައިވާ މީސްތަކުންގެ ތެރޭގައި އޭނާގެ ޚަލީފާ (ބަދަލު) ލައްވާނދޭވެ! އަދި އަޅަމެންނަށާއި އޭނާއަށް ފާފަ ފުއްސަވާނދޭވެ! އާލަމްތަކުގެ ރައްބެވެ! އޭނާއަށް އޭނާގެ ކަށްވަޅު ތަނަވަސްކޮށްދެއްވާނދޭވެ! އަދި އޭނާއަށް އެތަން އަލިކޮށްދެއްވާނދޭވެ!""",,,𝟧𝟦 When closing the eyes of the deceased,"O Allah, forgive [name of the person] and elevate his station among those who are guided. Send him along the path of those who came before, and forgive us and him, O Lord of the worlds. Enlarge for him his grave, and shed light upon him in it."
156,٥٥ - الدُّعَاءُ لِلمَيِّتِ فِي الصَّلاَةِ عَلَيْهِ,١٥٦ - اللَّهُمَّ اغْفِرْ لَهُ وَارْحَمْهُ، وَعَافِهِ، وَاعْفُ عَنْهُ، وَأَكْرِمْ نُزُلَهُ، وَوَسِّعْ مُدْخَلَهُ، وَاغْسِلْهُ بِالْمَاءِ وَالثَّلْجِ وَالْبَرَدِ، وَنَقِّهِ مِنَ الْخَطَايَا كَمَا نَقَّيْتَ الثَّوْبَ الأَبْيَضَ مِنَ الدَّنَسِ، وَأَبْدِلْهُ دَاراً خَيْراً مِنْ دَارِهِ، وَأَهْلاً خَيْراً مِنْ أَهْلِهِ، وَزَوْجَاً خَيْراً مِنْ زَوْجِهِ، وَأَدْخِلْهُ الْجَنَّةَ، وَأَعِذْهُ مِنْ عَذَابِ القَبْرِ [وَعَذَابِ النَّارِ])),𝟧𝟧 - ކަށުނަމާދުގައި މައްޔިތާއަށް ކޮށްދޭ ދުއާ,"""ޔާ ﷲ! އޭނާއަށް ފާފަ ފުއްސަވާނދޭވެ! އަދި އޭނާއަށް ރަހްމަތް ލައްވާނދޭވެ! އަދި އޭނާއަށް ފުރިހަމަ އާފިޔަތު ދެއްވާނދޭވެ! އަދި އޭނާއަށް އަފޫކޮށްދެއްވާނދޭވެ! އަދި އޭނާގެ މެހުމާންދާރީ މާތްކޮށްދެއްވާނދޭވެ! އަދި އޭނާ ވެއްދެވޭތަން (ކަށްވަޅު) ތަނަވަސް ކޮށްދެއްވާނދޭވެ! އަދި ފެނުންނާއި، ސުނޯއިންނާއި، ގަނޑުފެނުން އޭނާ ދޮވެދެއްވާނދޭވެ! އަދި ހުދުފޭރާން ހަޑިމިލައިން ސާފުކޮށްދެއްވި ފަދައިން ފާފަތަކުން އޭނާ ސާފުކޮށްދެއްވާނދޭވެ! އަދި އޭނާގެ ގޮވަށްޗަށް ވުރެ ހެޔޮ ގޮވައްޗަކަށް އޭނާ ބަދަލުކޮށްދެއްވާނދޭވެ! އަދި އޭނާގެ އަހުލުވެރިންނަށް ވުރެ ހެޔޮ އަހުލުވެރިންގެ ގާތަށް އޭނާ ބަދަލުކޮށްދެއްވާނދޭވެ! އަދި އޭނާގެ އަނބިމީހާއަށް ވުރެ ހެޔޮ އަންބެއްގެ ގާތަށް އޭނާ ބަދަލުކޮށްދެއްވާނދޭވެ! އަދި އޭނާ ސުވަރުގެއަށް ވައްދަވާނދޭވެ! އަދި ކަށްވަޅުގެ އަޒާބުންނާއި ނަރަކައިގެ އަޒާބުން އޭނާ ރައްކާތެރިކޮށްދެއްވާނދޭވެ!""",,,𝟧𝟧 For the deceased at the funeral prayer,"O Allah, forgive him and have mercy on him, and give him strength and pardon him. Be generous to him, and cause his entrance to be wide, and wash him with water and snow and hail. Cleanse him of his transgressions as white cloth is cleansed of stains. Give him an abode better than his home, and a family better than his family, and a wife better than his wife. Take him into Paradise, and protect him from the punishment of the grave [and from the punishment of Hell-fire]."
157,٥٥ - الدُّعَاءُ لِلمَيِّتِ فِي الصَّلاَةِ عَلَيْهِ,١٥٧ - ((اللَّهُمَّ اغْفِرْ لِحَيِّنَا وَمَيِّتِنَا، وَشَاهِدِنَا وَغَائِبِنَا، وَصَغِيرِنَا وَكَبيرِنَا، وَذَكَرِنَا وَأُنْثَانَا. اللَّهُمَّ مَنْ أَحْيَيْتَهُ مِنَّا فَأَحْيِهِ عَلَى الْإِسْلاَمِ، وَمَنْ تَوَفَّيْتَهُ مِنَّا فَتَوَفَّهُ عَلَى الإِيمَانِ، اللَّهُمَّ لَا تَحْرِمْنَا أَجْرَهُ، وَلَا تُضِلَّنَا بَعْدَهُ)),𝟧𝟧 - ކަށުނަމާދުގައި މައްޔިތާއަށް ކޮށްދޭ ދުއާ,"""ޔާ ﷲ! އަޅަމެންގެ ތެރޭގައި ދިރިތިބި މީހުންނަށާއި އަޅަމެންގެ ތެރެއިން މަރުވެގޮސްފައިވާ މީހުންނަށް ފާފަ ފުއްސަވާނދޭވެ! އަދި އަޅަމެންނަށް ފެންނަހައި މީހުންނަށާއި ނުފެންނަހައި މީހުންނަށް ފާފަ ފުއްސަވާނދޭވެ! އަދި އަޅަމެންގެ ކުޑަކުދިންނަށާއި ބޮޑެތިމީހުންނަށް ފާފަ ފުއްސަވާނދޭވެ! އަދި އަޅަމެންގެ ތެރޭގައި ތިބި ފިރިހެނުންނަށާއި އަންހެނުންނަށް ފާފަ ފުއްސަވާނދޭވެ! ޔާ ﷲ! އަޅަމެންގެ ތެރެއިން އިބަ ﷲ ދިރިލަހައްޓަވައިފި މީހާ، ފަހެ އިސްލާމްކަން މަތީގައި އޭނާ ދިރިލަހައްޓަވާނދޭވެ! އަދި އަޅަމެންގެ ތެރެއިން އިބަ ﷲ މަރުގަންނަވައިފި މީހާ، ފަހެ އީމާންކަން މަތީގައި އޭނާ މަރުގަންނަވާނދޭވެ! ޔާ ﷲ! އޭނާގެ އަޖުރުން އަޅަމެން މަހުރޫމު ނުކުރައްވާނދޭވެ! އަދި އޭނާއަށް ފަހު އަޅަމެން މަގުފުރެދުމުގެ ތެރެއަށް ދޫކޮށްނުލައްވާނދޭވެ!""",,,𝟧𝟧 For the deceased at the funeral prayer,"O Allah forgive our living and our dead, those who are with us and those who are absent, our young and our old, our menfolk and our womenfolk. O Allah, whomever you give life from among us give him life in Islam, and whomever you take away from us take him away in Faith. O Allah, do not forbid us their reward and do not send us astray after them."
158,٥٥ - الدُّعَاءُ لِلمَيِّتِ فِي الصَّلاَةِ عَلَيْهِ,١٥٨ - ((اللَّهُمَّ إِنَّ فُلاَنَ بْنَ فُلاَنٍ فِي ذِمَّتِكَ، وَحَبْلِ جِوَارِكَ، فَقِهِ مِنْ فِتْنَةِ الْقَبْرِ، وَعَذَابِ النَّارِ، وَأَنْتَ أَهْلُ الْوَفَاءِ وَالْحَقِّ، فَاغْفِرْ لَهُ وَارْحَمْهُ إِنَّكَ أَنْتَ الغَفُورُ الرَّحيمُ)),𝟧𝟧 - ކަށުނަމާދުގައި މައްޔިތާއަށް ކޮށްދޭ ދުއާ,"""ޔާ ﷲ! ހަމަކަށަވަރުން މިވެނި މީހެއްގެ ދަރި، މިވެނި މީހަކު ވަނީ އިބަ ﷲ ގެ ހިމާޔަތުގައެވެ. އަދި އިބަ ﷲ ގެ ރައްކާތެރިކަމުގެ ދަށުގައެވެ. ފަހެ ކަށްވަޅުގެ ފިތުނައިންނާއި ނަރަކައިގެ އަޒާބުން އޭނާ ސަލާމަތްކޮށްދެއްވާނދޭވެ! އަދި އިބަ ﷲ އީ ތެދުވެރި، ވަފާތެރި އަދި ހައްގު ވެގެންވާ އިލާހެވެ. ފަހެ އޭނާއަށް ފާފަ ފުއްސަވާ ރަހްމަތް ލައްވާނދޭވެ! ހަމަކަށަވަރުން އިބަ ﷲ އީ ފާފަ ފުއްސަވާ އޯގާވަންތަ އިލާހެވެ.""",,,𝟧𝟧 For the deceased at the funeral prayer,"O Allah, surely [name the person] is under Your protection, and in the rope of Your security, so save him from the trial of the grave and from the punishment of the Fire. You fulfill promises and grant rights, so forgive him and have mercy on him. Surely You are Most Forgiving, Most Merciful."
159,٥٥ - الدُّعَاءُ لِلمَيِّتِ فِي الصَّلاَةِ عَلَيْهِ,١٥٩ - ((اللَّهُمَّ عَبْدُكَ وَابْنُ أَمَتِكَ احْتَاجَ إِلَى رَحْمَتِكَ، وَأَنْتَ غَنِيٌّ عَنْ عَذَابِهِ، إِنْ كَانَ مُحْسِناً فَزِدْ فِي حَسَنَاتِهِ، وَإِنْ كَانَ مُسِيئاً فَتَجَاوَزْ عَنْهُ)),𝟧𝟧 - ކަށުނަމާދުގައި މައްޔިތާއަށް ކޮށްދޭ ދުއާ,"""ޔާ ﷲ! އިބަ ﷲ ގެ އަޅާ، އަދި އިބަ ﷲ ގެ އަންހެންއަޅާގެ ދަރި ވަނީ އިބަ ﷲ ގެ ރަހުމަތަށް ބޭނުން ޖެހިފައެވެ. އަދި އިބަ ﷲ ވަނީ އޭނާއަށް އަޒާބު ދެއްވުމުން ފުދިވޮޑިގެންނެވެ. އޭނާއަކީ ހެޔޮ އަމަލުކޮށްފައިވާ އިހްސާންތެރިއެއް ކަމުގައިވާނަމަ، އޭނާގެ ހެޔޮކަންތައް އިތުރުކޮށްދެއްވާނދޭވެ! އަދި އޭނާއަކީ ފާފަކޮށްފައިވާ މީހެއްކަމުގައި ވާނަމަ، އޭނާއަށް އަފޫކުރައްވާނދޭވެ!""",,,𝟧𝟧 For the deceased at the funeral prayer,"O Allah, Your male slave and the child of Your female slave is in need of Your mercy, and You are not in need of his torment. If he was pious then increase his rewards and if he was a transgressor then pardon him."
160,٥٦ - الدُّعَاءُ لِلْفَرَطِ فِي الصَّلاَةِ عَلَيْهِ,"١٦٠ - اللَّهُمَّ أَعِذْهُ مِنْ عَذَابِ القَبْرِ.

وإن قال: ((اللَّهُمَّ اجْعَلْهُ فَرَطاً وَذُخْراً لِوَالِدَيْهِ، وَشَفِيعاً مُجَاباً، اللَّهُمَّ ثَقِّلْ بِهِ مَوَازِينَهُمَا، وَأَعْظِمْ بِهِ أُجورَهُمَا، وَأَلْحِقْهُ بِصَالِحِ الْمُؤْمِنِينَ، وَاجْعَلْهُ فِي كَفَالَةِ إِبْرَاهِيمَ، وَقِهِ بِرَحْمَتِكَ عَذَابَ الْجَحِيمِ، وَأَبْدِلْهُ دَاراً خَيْراً مِنْ دَارِهِ، وَأَهْلاً خَيْراً مِنْ أَهْلِهِ، اللَّهُمَّ اغْفِرْ لِأَسْلاَفِنَا، وَأَفْرَاطِنَا، وَمَنْ سَبَقَنَا بِالْإِيمَانِ)) فَحَسَنٌ",𝟧𝟨 - މަރުވެފައިވާ ކުޑަކުއްޖަކަށް ކަށުނަމާދުގައި ކޮށްދޭ ދުއާ,"ޔާ ﷲ! ކަށްވަޅުގެ އަޒާބުން އެ ކުއްޖާ ރައްކާތެރިކޮށްދެއްވާނދޭވެ!
 
""ޔާ ﷲ! އެ ކުއްޖާ (އެ ކުއްޖާގެ މައިންބަފައިންނަށްޓަކައި) އިސްވެގޮސްފައިވާ އަޖުރެއްކަމުގައާއި ރައްކައުތެރި ކުރެވިގެންވާ ذَخِيرَة އެއް ކަމުގައި ލައްވާނދޭވެ! އަދި ޝަފާއަތް ގަބޫލުކުރެވޭ ޝަފާއަތްތެރިއެއް ކަމުގައި ލައްވާނދޭވެ! ޔާ ﷲ! އެ ކުއްޖާގެ ސަބަބުން އެދެމީހުންގެ ތިލަފަތް ބަރުކޮށްދެއްވާނދޭވެ! އަދި އެ ކުއްޖާގެ ސަބަބުން އެދެމީހުންގެ އަޖުރު މަތިވެރިކޮށްދެއްވާނދޭވެ! އަދި ސާލިހު މުއުމިނުންނާ އެ ކުއްޖާ ބައްދަލުކޮށްދެއްވާނދޭވެ! އަދި إبراهيم عليه السلام ގެ ބެލެހެއްޓެވުމުގެ ދަށުގައި އެ ކުއްޖާ ލައްވާނދޭވެ! އަދި އިބަ ﷲ ގެ ރަހްމަތް ން އެ ކުއްޖާ ނަރަކައިގެ އަޒާބުން ދިންނަވާދޭނވެ! ޔާ ﷲ! އަޅަމެންގެ ކުރިން މަރުވެގޮސްފައިވާ، އަޅަމެންގެ ކާބަފައިންނަށާއި، އަޅަމެންގެ ދަރީންނަށާއި، އަޅަމެންގެ ގާތްތިމާގެ މީހުންނަށާއި، އަދި އީމާންކަމުގައި އަޅަމެން ކުރިއަރައިދިޔަ މީހުންނަށް ފާފަ ފުއްސަވާނދޭވެ!""",,,"𝟧𝟨 When the deceased is a child, during the funeral prayer","O Allah, protect him from the torment of the grave.

[It is also good to say:] O Allah, make him a precursor, a forerunner and a treasure for his parents and an answered intercessor. O Allah, make him weigh heavily in their scales (of good) and magnify their reward. Make him join the righteous of the believers. Place him in the care of Ibrahim. Save him by Your mercy from the torment of Hell. Give him a home better than his home, and a family better than his family. O Allah, forgive those who have gone (i.e. passed away) before us, our children lost (by death), and those who have preceded us in Faith."
161,٥٦ - الدُّعَاءُ لِلْفَرَطِ فِي الصَّلاَةِ عَلَيْهِ,١٦١ - اللَّهُمَّ اجْعَلْهُ لَنَا فَرَطاً، وَسَلَفاً، وَأَجْراً,𝟧𝟨 - މަރުވެފައިވާ ކުޑަކުއްޖަކަށް ކަށުނަމާދުގައި ކޮށްދޭ ދުއާ,"""ޔާ ﷲ! އަޅަމެންނަށް (މެހުމާންދާރީ ތައްޔާރުކުރުމަށް) ކުރިންގޮސްފައިވާ ކުއްޖެއްކަމުގައާއި، އަޅަމެންނަށް (އިސްތިގްބާލުކުރުމަށް) އިސްވެގޮސްފައިވާ ކުއްޖެއްކަމުގައާއި، އަޅަމެންނަށް އަޖުރެއް ކަމުގައި އެ ކުއްޖާ ލައްވާނދޭވެ!""",,,"𝟧𝟨 When the deceased is a child, during the funeral prayer","O Allah, make him for us a precursor, a forerunner and a cause of reward."
162,٥٧ - دُعَاءُ التَّعْزِيَةِ,"١٦٢ - ((إِنَّ للَّهِ مَا أَخَذَ، وَلَهُ مَا أَعْطَى، وَكُلُّ شَيْءٍ عِنْدَهُ بِأَجَلٍ مُسَمَّى ... فَلْتَصْبِرْ وَلْتَحْتَسِبْ)) (1).
وَإِنْ قَالَ: ((أَعْظَمَ اللَّهُ أَجْرَكَ، وَأَحْسَنَ عَزَاءَكَ، وَغَفَرَ لِمَيِّتِكَ)) فَحَسَنٌ (2)",𝟧𝟩 - މައްޔިތާގެ އާއިލާއަށް ތައުޒިޔާގައި ކިޔާ ދުއާ,"""ހަމަކަށަވަރުން ﷲ ހިއްޕެވި އެއްޗެއްވަނީ އެ އިލާހަށެވެ. އަދި އެ އިލާހު ދެއްވި އެއްޗެއްވެސް ވަނީ އެ އިލާހަށެވެ. އެ އިލާހުގެ ހަޒްރަތުގައި ކޮންމެ އެއްޗަކަށްވެސް ކަނޑައެޅިގެންވާ އަޖަލެއްވެއެވެ. ކެތްކުރާށެވެ. އަދި އަޖުރާއި ސަވާބަށް އެދޭށެވެ."" 
 
 .އަދި މިފަދައިން ކީނަމަވެސް ރަނގަޅެވެ. ""ﷲ، ތިބާގެ އަޖުރު މަތިވެރި ކުރައްވާށިއެވެ! އަދި ތިބާގެ ކެތްތެރިކަމާއި ހިތްވަރު ރިވެތިކޮށްދެއްވާށިއެވެ! އަދި ތިބާގެ މައްޔިތާއަށް ފާފަ ފުއްސަވާދެއްވާށިއެވެ!""",,,𝟧𝟩 Condolence,"Surely, Allah takes what is His, and what He gives is His, and to all things He has appointed a time... so have patience and be rewarded.

[Also good to say:] May Allah magnify your reward, and make perfect your bereavement, and forgive your departed."
163,٥٨ - الدُّعَاءُ عِنْدَ إِدْخَالِ الميِّتِ الْقَبْرَ,١٦٣ - بِسْمِ اللَّهِ وَعَلَى سُنَّةِ رَسُولِ اللَّهِ,𝟧𝟪 - މައްޔިތާ ކަށްވަޅަށް ލަމުން ކިޔާ ދުއާ,"""ﷲ ގެ އިސްމުފުޅުގެ ބަރަކާތާ އެކު، އަދި ރަސޫލު ﷲ ﷺ ގެ ސުންނަތާ އެއްގޮތަށް (އަހަރެމެން ތިބާ ވަޅުލަމުއެވެ.)""",,,𝟧𝟪 Placing the deceased in the grave,"With the Name of Allah, and according to the Sunnah of the Messenger of Allah."
164,٥٩ - الدُّعَاءُ بَعْدَ دَفْنِ المَيِّتِ,١٦٤ - اللَّهُمَّ اغْفِرْ لَهُ، اللَّهُمَّ ثَبِّتْهُ,𝟧𝟫 - މައްޔިތާ ވަޅުލުމަށް ފަހު ކިޔާ ދުއާ,"""ޔާ ﷲ! އޭނާއަށް ފާފަ ފުއްސަވާނދޭވެ! ޔާ ﷲ! އޭނާއަށް ސާބިތުކަން ދެއްވާނދޭވެ!""",,,𝟧𝟫 After burying the deceased,"O Allah, forgive him. O Allah, make him steadfast."
165,٦٠ - دُعَاءُ زِيَارَةِ الْقُبُورِ,١٦٥ - السَّلاَمُ عَلَيْكُمْ أَهْلَ الدِّيَارِ، مِنَ الْمُؤْمِنِينَ وَالْمُسْلِمِينَ، وَإِنَّا إِنْ شَاءَ اللَّهُ بِكُمْ لاَحِقُونَ، [وَيَرْحَمُ اللَّهُ الْمُسْتَقدِمِينَ مِنَّا وَالْمُسْتأْخِرِينَ] أَسْاَلُ اللَّهَ لَنَا وَلَكُمُ الْعَافِيَةَ,𝟨𝟢 - ގަބުރުސްތާނަށް ޒިޔާރަތް ކުރަމުން ކިޔާ ދުއާ,"""އޭ މުއުމިނުންނާއި މުސްލިމުންގެ ތެރެއިންވާ މިމަހާނަތަކުގެ އަހުލުވެރިންނޭވެ! ތިޔަބައިމީހުންގެ މައްޗަށް ސަލާމަތްކަންހުއްޓެވެ. އަދި ހަމަކަށަވަރުން އަހުރެމެންނީ، އިން ޝާއަ ﷲ، ތިޔަބައިމީހުންނާ ބައްދަލުވާނޭ މީހުންނެވެ. {އަދި އަހުރެމެންގެ ތެރެއިން ކުރިން ދިޔަމީހުންނަށާއި ފަހުން ދާނެ މީހުންނަށް ﷲ ރަހްމަތްލައްވާށިއެވެ!} ﷲ ގެ ހަޒްރަތުން، އަހަރެމެންނަށާއި ތިޔަބައިމީހުންނަށް އާފިޔަތު ދެއްވުމަށް އެދި ދަންނަވަމުއެވެ.""",,,𝟨𝟢 Visiting the graves,"Peace be upon you, people of this abode, from among the believers and those who are Muslims, and we, by the Will of Allah, shall be joining you. [May Allah have mercy on the first of us and the last of us] I ask Allah to grant us and you well-being."
166,٦١ - دُعَاءُ الرِّيحِ,١٦٦ - اللَّهُمَّ إِنِّي أَسْأَلُكَ خَيْرَهَا، وَأَعُوذُ بِكَ مِنْ شَرِّهَا,𝟨𝟣 - ވައިގަދަވާ އިރު ކިޔާ ދުއާ,"""ޔާ ﷲ! ހަމަކަށަވަރުން މި އަޅާ އިބަ ﷲ ގެ ހަޒްރަތުން، އެވައިގެ ހެޔޮކަން ދެއްވުމަށް އެދި ދަންނަވަމެވެ. އަދި މި އަޅާ އިބަ ﷲ ގެ ހަޒްރަތުން، އެވައިގެ ނުބައިކަމުން ރައްކައުތެރިކޮށް ދެއްވުމަށް އެދި ދަންނަވަމެވެ.""",,,𝟨𝟣 During a wind storm,"O Allah, I ask You for the good of it, and seek refuge in You against its evil."
167,٦١ - دُعَاءُ الرِّيحِ,١٦٧ - اللَّهُمَّ إِنِّي أَسْأَلُكَ خَيْرَهَا، وَخَيْرَ مَا فِيهَا، وَخَيْرَ مَا أُرْسِلَتْ بِهِ، وَأَعُوذُ بِكَ مِنْ شَرِّهَا، وَشَرِّ مَا فِيهَا، وَشَرِّ مَا أُرْسِلَتْ بِهِ,𝟨𝟣 - ވައިގަދަވާ އިރު ކިޔާ ދުއާ,"""ޔާ ﷲ! އެވައިގެ ހެއުކަމާއި، އެވައިގައިވާ ހެއުކަމާއި، އެއެއްޗެއްގެ ޒަރިއްޔާއިން އެވައި ފޮނުއްވުނު އެއްޗެއްގެ ހެއުކަން ދެއްވުމަށް އެދި އިބަ ﷲ ގެ ހަޒްރަތުން މި އަޅާ ދަންނަވަމެވެ. އަދި އެވައިގެ ނުބައި ކަމުންނާއި، އެވައިގައިވާ ނުބައިކަމުންނާއި، އެއެއްޗެއްގެ ޒަރިއްޔާއިން އެވައި ފޮނުއްވުނު އެއްޗެއްގެ ނުބައިކަމުން ރައްކައުތެރި ކޮށްދެއްވުމަށް އެދި އިބަ ﷲ ގެ ހަޒްރަތުން މި އަޅާ ދަންނަވަމެވެ.""",,,𝟨𝟣 During a wind storm,"O Allah, I ask You for the good of it, for the good of what it contains, and for the good of what is sent with it. I seek refuge in You from the evil of it, from the evil of what it contains, and from the evil that is sent with it."
168,٦٢ - دُعَاءُ الرَّعْدِ,١٦٨ - سُبْحَانَ الَّذِي يُسَبِّحُ الرَّعْدُ بِحَمْدِهِ وَالْمَلاَئِكةُ مِنْ خِيفَتِهِ,𝟨𝟤 - ގުގުރިޖަހާ އިރު ކިޔާ ދުއާ,"""އެފަރާތަކަށް ހަމްދު ކުރުމާއެކު، ގުގުރި ތަސްބީހަ ކިޔާ ފަރާތް އަދި އެފަރާތަކަށް ބިރުފުޅުން މަލާއިކަތްބޭކަލުން ތަސްބީހަ ވިދާޅުވާ ފަރާތުގެ ހުސްތާހިރު ވަންތަކަމާއެވެ!""",,,𝟨𝟤 Upon hearing thunder,Glory is to Him Whom thunder and angels glorify due to fear of Him.
169,٦٣ - مِنْ أَدْعِيَةِ الاسْتِسْقَاءِ,١٦٩ - اللَّهُمَّ اسْقِنَا غَيْثاً مُغِيثاً مَرِيئاً مَرِيعاً، نَافِعاً غَيْرَ ضَارٍّ، عَاجِلاً غَيْرَ آجِلٍ,𝟨𝟥 - އިސްތިސްގާ (ވާރޭވެހޭތޯ) ކިޔާ ދުއާތައް,"""ޔާ ﷲ! އަޅަމެންނަށް އެހީވެދޭ، އަޅަމެން އުފާކުރުވާ ހިތްހަމަޖައްސުވައިދޭ، އަޅަމެންގެ ދަނޑުބިންތަކަށް އާރޯކަން ގެނެސްދޭ، އަޅަމެންނަށް ފައިދާކޮށްދޭ ގެއްލުމެއްނުދޭ، ވެހުން ލަސްނުވާ، އަވަހަށްވެހޭ ވާރޭއަކުން އަޅަމެންނަށް ފެންދެއްވާނދޭވެ!""",,,𝟨𝟥 For rain,"O Allah, shower upon us abundant rain, beneficial not harmful, swiftly and not delayed."
170,٦٣ - مِنْ أَدْعِيَةِ الاسْتِسْقَاءِ,١٧٠ - اللَّهُمَّ أَغِثْنَا، اللَّهُمَّ أَغِثْنَا، اللَّهُمَّ أَغِثْنَا,𝟨𝟥 - އިސްތިސްގާ (ވާރޭވެހޭތޯ) ކިޔާ ދުއާތައް,"""ޔާ ﷲ! އަޅަމެންނަށް ވާރޭވެއްސަވާނދޭވެ! ޔާ ﷲ! އަޅަމެންނަށް ވާރޭވެއްސަވާނދޭވެ! ޔާ ﷲ! އަޅަމެންނަށް ވާރޭވެއްސަވާނދޭވެ!""",,,𝟨𝟥 For rain,"O Allah, send us rain. O Allah, send us rain. O Allah, send us rain."
171,٦٣ - مِنْ أَدْعِيَةِ الاسْتِسْقَاءِ,١٧١ - اللَّهُمَّ اسْقِ عِبَادَكَ، وَبَهَائِمَكَ، وَانْشُرْ رَحْمَتَكَ، وَأَحْيِي بَلَدَكَ الْمَيِّتَ,𝟨𝟥 - އިސްތިސްގާ (ވާރޭވެހޭތޯ) ކިޔާ ދުއާތައް,"""ޔާ ﷲ! އިބަ ﷲ ގެ އަޅުތަކުންނަށާއި ހައިވާނުންތަކަށް ފެން ދެއްވާނދޭވެ! އަދި އިބަ ﷲ ގެ ރަހްމަތް ފުޅު ފަތުރައިލައްވާނދޭވެ! އަދި އިބަ ﷲ ގެ މަރުވެފައިވާ ރަށް ދިރުއްވާނދޭވެ!""",,,𝟨𝟥 For rain,"O Allah, give water to Your slaves, and Your livestock, and spread Your mercy, and revive Your dead land."
172,٦٤ - الدُّعَاءُ إِذَا رَأَى الْمَطَرَ,١٧٢ - اللَّهُمَّ صَيِّباً نَافِعاً,𝟨𝟦 - ވާރޭވެހޭތަން ފެނުމުން ކިޔާ ދުއާ,"""ޔާ ﷲ! (މި ވާރޭ އަކީ) ފައިދާހުރި ވާރޭއެއް ކަމުގައި ލައްވާނދޭވެ!""",,,𝟨𝟦 When it rains,"O Allah, (bring) beneficial rain clouds."
173,٦٥ - الذِّكْرُ بَعْدَ نُزُولِ الْمَطَرِ,١٧٣ - مُطِرْنَا بِفَضْلِ اللَّهِ وَرَحْمَتِهِ,𝟨𝟧 - ވާރޭވެހި ނިމުމުން ކިޔާ ދުއާ,"""ﷲ ގެ ފަޟުލުވަންތަކަމާއި އެ އިލާހުގެ ރަހުމަތުން އަހަރަމެންގެ މައްޗަށް ވާރޭވެހިއްޖެއެވެ.""",,,𝟨𝟧 After rainfall,We have been given rain by the grace and mercy of Allah.
174,٦٦ - مِنْ أَدْعِيَةِ الاسْتِصْحَاءِ,١٧٤ - اللَّهُمَّ حَوَالَيْنَا وَلَا عَلَيْنَا، اللَّهُمَّ عَلَى الآكَامِ وَالظِّرَابِ، وَبُطُونِ الْأَوْدِيَةِ، وَمَنَابِتِ الشَّجَرِ,𝟨𝟨 - ވާރޭވެހުން ހުއްޓުމަށް އެދި ކުރާ ދުއާ,"""ޔާ ﷲ! އަޅަމެންގެ ވަށައިގެންވާ ތަންތަނަށް ވެއްސަވާނދޭވެ! އަދި އަޅަމެންގެ މައްޗަށް (މިހާރު) ނުވެއްސަވާނދޭވެ! ޔާ ﷲ! އުސްބިންތަކަށާއި، ފަރުބަދަތަކަށާއި، ވާދީތަކުގެ މެދުގައިވާ އަޑިގުޑަން ތަންތަނަށާއި އަދި ގަސްފަޅާ ތަންތަނަށް ވެއްސަވާނދޭވެ!""",,,𝟨𝟨 Asking for clear skies,"O Allah, let the rain fall around us and not upon us, O Allah, (let it fall) on the pastures, hills, valleys, and the roots of trees."
175,٦٧ - دُعَاءُ رُؤيَةِ الهِلاَلِ,١٧٥ - اللَّهُ أَكْبَرُ، اللَّهُمَّ أَهِلَّهُ عَلَيْنَا بِالْأَمْنِ وَالْإِيمَانِ، وَالسَّلاَمَةِ وَالْإِسْلاَمِ، وَالتَّوْفِيقِ لِمَا تُحِبُّ رَبَّنَا وَتَرْضَى، رَبُّنَا وَرَبُّكَ اللَّهُ,𝟨𝟩 - އާ ހަނދުމަހުގެ ފުރަތަމަ ރޭގެ ހަނދު ފެނުމުން ކިޔާ ދުއާ,"""އެންމެ ބޮޑީ ﷲ އެވެ. ޔާ ﷲ! އަމާންކަމާއި، އީމާންކަމާއި، ސަލާމަތްކަމާއި، އިސްލާމްކަމާއި އަދި އިބަ ﷲ ރުހިވޮޑިގެންވާ އަދި ލޯބިވެވޮޑިގެންވާ ކަންތައްތަކަށް ތައުފީގު ދެއްވުމާއި އެކުގައި، އެހަނދު އަޅަމެންގެ މައްޗަށް ފާޅުކޮށްދެއްވާނދޭވެ! (އޭ ހަނދާއެވެ.) އަހުރެމެންނާއި ތިބާގެ ރައްބީ ﷲ އެވެ.""",,,𝟨𝟩 Upon sighting the crescent moon,"Allah is the Most Great. O Allah, bring us the new moon with security and Faith, with peace and in Islam, and in harmony with what our Lord loves and what pleases Him. Our Lord and your Lord is Allah."
176,٦٨ - الدُّعَاءُ عِنْدَ إِفْطَارِ الصَّائِمِ,١٧٦ - ذَهَبَ الظَّمَأُ وَابْتَلَّتِ العُرُوقُ، وَثَبَتَ الْأَجْرُ إِنْ شَاءَ اللَّهُ,𝟨𝟪 - ރޯދަވީއްލުމަށް ފަހު ކިޔާ ދުއާ,"""ކަރުހިއްކުން ފިލައްޖެއެވެ. އަދި ނާރުތައް ތެމިއްޖެއެވެ. އަދި އަޖުރު ސާބިތުވެއްޖެއެވެ. އިން ޝާއަ ﷲ.""",,,𝟨𝟪 After breaking fast,"The thirst is gone, the veins are moistened, and the reward is confirmed, if Allah wills."
177,٦٨ - الدُّعَاءُ عِنْدَ إِفْطَارِ الصَّائِمِ,١٧٧ - اللَّهُمَّ إِنِّي أَسْأَلُكَ بِرَحْمَتِكَ الَّتِي وَسِعَتْ كُلَّ شَيْءٍ أَنْ تَغْفِرَ لِي,𝟨𝟪 - ރޯދަވީއްލުމަށް ފަހު ކިޔާ ދުއާ,"""ޔާ ﷲ! ހުރިހާ އެއްޗަކަށް ވުރެ ތަނަވަސްވެގެންވާ އިބަ ﷲ ގެ ރަހްމަތް ފުޅު މެދުވެރިކޮށް، މި އަޅާއަށް ފާފަ ފުއްސަވައިދެއްވުމަށް އެދި އިބަ ﷲ ގެ ހަޒްރަތުން ދަންނަވަމެވެ.""",,,𝟨𝟪 After breaking fast,"O Allah, I ask You by Your mercy, which encompasses all things, that You forgive me."
178,٦٩ - الدُّعَاءُ قَبْلَ الطَّعَامِ,١٧٨ - إِذَا أَكَلَ أَحَدُكُمْ طَعَاماً فَلْيَقُلْ بِسْمِ اللَّهِ، فَإِنْ نَسِيَ فِي أَوَّلِهِ فَلْيَقُلْ بسمِ اللَّهِ فِي أَوَّلِهِ وَآخِرِهِ,𝟨𝟫 - ކެއުމުގެ ކުރިން ކިޔާ ދުއާ,"""ﷲ ގެ އިސްމުފުޅުގެ ބަރަކާތުން (ކާންފަށަމެވެ.)""
 
 ފަހެ ކާންފަށާ އިރު، ބިސްމި ﷲ ކިޔަން ހަނދާން ނެތިއްޖެނަމަ، ފަހެ މިފަދައިން ކިޔާށެވެ. ""ކެއުމުގެ ފެށުމުގައާއި އަދި (ކާންފެށުމަށް) ފަހުގައިވެސް (އަހުރެން ކަނީ) ﷲ ގެ އިސްމުފުޅުގެ ބަރަކާތުންނެވެ.""",,,𝟨𝟫 Before eating,"When anyone of you begins eating, say: With the Name of Allah.

And if you forget then, when you remember, say: With the Name of Allah, in the beginning, and in the end."
179,٦٩ - الدُّعَاءُ قَبْلَ الطَّعَامِ,١٧٩ - مَنْ أَطْعَمَهُ اللَّهُ الطَّعَامَ فَلْيَقُلْ: اللَّهُمَّ بَارِكْ لَنَا فِيهِ وَأَطْعِمْنَا خَيْراً مِنْهُ، وَمَنْ سَقَاهُ اللَّهُ لَبَناً فَلْيَقُلْ اللَّهُمَّ بَارِكْ لَنَا فِيهِ وَزِدْنَا مِنْهُ,𝟨𝟫 - ކެއުމުގެ ކުރިން ކިޔާ ދުއާ,"އެމީހަކަށް الله ކާއެއްޗެއްގެ ރިޒްގުދެއްވައިފި މީހާ، ފަހެ އޭނާ މިފަދައިން ކިޔާހުށިކަމެވެ. ""ޔާ ﷲ! އަޅަމެންނަށް އެކެއުމުގައި ބަރަކާތްލައްވާނދޭވެ! އަދި އެކެއުމަށް ވުރެ ހެއު ކެއުމެއް އަޅަމެންނަށް ދެއްވާނދޭވެ!"" އަދި އެމީހަކަށް الله تعالى ކިރުފޮދެއްގެ ރިޒްގުދެއްވައިފި މީހާ، ފަހެ އޭނާ މިފަދައިން ކިޔާހުށިކަމެވެ. ""ޔާ ﷲ! އަޅަމެންނަށް އެކިރުފޮދުގައި ބަރަކާތްލައްވާނދޭވެ! އަދި އަޅަމެންނަށް އެއަށްވުރެ އިތުރު ކޮށްދެއްވާނދޭވެ!""",,,𝟨𝟫 Before eating,"Whomever Allah has given food, should say: O Allah, bless us in it and provide us with better than it.

Whomever Allah has given milk to drink, should say : O Allah, bless us in it and give us more of it."
180,٧٠ - الدُّعَاءُ عِنْدَ الْفَرَاغِ مِنَ الطَّعَامِ,١٨٠ - الْحَمْدُ لِلَّهِ الَّذِي أَطْعَمَنِي هَذَا، وَرَزَقَنِيهِ، مِنْ غَيْرِ حَوْلٍ مِنِّي وَلَا قُوَّةٍ,𝟩𝟢 - ކައިނިމިގެން ކިޔާ ދުއާ,"""ހުރިހާ ހަމްދު ތައުރީފެއް ހައްގު ވެގެންވަނީ ﷲ އަށެވެ. އެ އިލާހީ މިތަކެތި މި އަޅާއަށް ކާންދެއްވި އިލާހެވެ. އަދި މި އަޅާގެ އެއްވެސް މަސައްކަތަކާއި، ބާރަކާ ނުލައި މިތަކެތީގެ ރިޒްގު މި އަޅާއަށް ދެއްވި އިލާހެވެ.""",,,𝟩𝟢 Upon completing the meal,"Praise is to Allah Who has given me this food, and sustained me with it though I was unable to do it and powerless."
181,٧٠ - الدُّعَاءُ عِنْدَ الْفَرَاغِ مِنَ الطَّعَامِ,١٨١ - الْحَمْدُ لِلَّهِ حَمْداً كَثِيراً طَيِّباً مُبَارَكاً فِيهِ، غَيْرَ [مَكْفِيٍّ وَلاَ] مُوَدَّعٍ، وَلَا مُسْتَغْنَىً عَنْهُ رَبَّنَا,𝟩𝟢 - ކައިނިމިގެން ކިޔާ ދުއާ,"""ގިނަވެގެންވާ، ރިވެތިވެގެންވާ، ބަރަކާތްލެއްވިގެންވާ، ފުއްދައިލެވުމެއްނުވާ އަދި ދޫކޮށްލެވުމެއްވެސްނުވާ އަދި އެއިން ފުއްދާ ނުމެލެވޭ ހަމްދު އަކުން الله އަށް ހަމްދު ލިބިވޮޑިގެންވެއެވެ. އަޅަމެންގެ ރައްބެވެ!""",,,𝟩𝟢 Upon completing the meal,"All praise is to Allah, praise in abundance, good and blessed. It cannot [be compensated for, nor can it] be left, nor can it be done without, our Lord."
182,٧١ - دُعَاءُ الضَّيْفِ لِصَاحِبِ الطَّعَامِ,١٨٢ - اللَّهُمَّ بَارِكْ لَهُمْ فِيمَا رَزَقْتَهُم، وَاغْفِرْ لَهُمْ وَارْحَمْهُمْ,𝟩𝟣 - މެހެމާނަކު އޭނާއަށް ކާންދިން މީހާއަށް ކޮށްދޭ ދުއާ,"""ޔާ ﷲ! އެބައިމީހުންނަށް އިބަ ﷲ ދެއްވި ރިޒްގުގައި އެބައިމީހުންނަށް ބަރަކާތްލައްވާނދޭވެ! އަދި އެބައިމީހުންނަށް ފާފަ ފުއްސަވައި ރަހްމަތް ލައްވާނދޭވެ!""",,,𝟩𝟣 Of the guest for the host,"O Allah, bless them in what You have provided for them, and forgive them and have mercy on them."
183,٧٢ - التَّعْرِيضُ بِالدُّعَاءُ لِطَلَبِ الطَّعَامِ أَوِ الشَّرَابِ,١٨٣ - اللَّهُمَّ أَطْعِمْ مَنْ أَطْعَمَنِي، وَاسْقِ مَنْ سَقَانِي,𝟩𝟤 - މީހަކު ތިމާއަށް ކާން ނުވަތަ ބޯންދޭން ހުށަހަޅާތޯ // ދެއްވާތޯ ނުވަތަ ބޯންދެއްވާތޯ އެދި ކިޔާ ދުއާ,"""ޔާ ﷲ! މި އަޅާއަށް ކާންދިން މީހާއަށް ކާންދެއްވާނދޭވެ! އަދި މި އަޅާއަށް ބޯންދިން މީހާއަށް ބޯންދެއްވާނދޭވެ!""",,,𝟩𝟤 To gesture at requesting someone give you food or drink,"O Allah, feed the one who has fed me, and give drink to the one who has given me drink."
184,٧٣ - الدُّعَاءُ إِذَا أَفْطَرَ عِنْدَ أَهْلِ بَيْتٍ,١٨٤ - أَفْطَرَ عِنْدَكُمُ الصَّائِمُونَ، وَأَكَلَ طَعَامَكُمُ الْأَبْرَارُ، وَصَلَّتْ عَلَيْكُمُ الْمَلاَئِكَةُ,𝟩𝟥 - ގެއެއްގެ ބަޔަކާއެކު ރޯދަ ވީއްލުމަށް ފަހު ކިޔާ ދުއާ,"""ރޯދަވެރީން ތިޔަބައިމީހުންގެ ގާތުން ރޯދަވީއްލައިފިއެވެ. އަދި ހެއުލަފާ މީހުން ތިޔަބައިމީހުންގެ ކެއުން ކައިފިއެވެ. އަދި ތިޔަބައިމީހުންނަށް މަލާއިކަތުން ދުއާކޮށްދެއްވައިފިއެވެ.""",,,𝟩𝟥 When breaking fast in someone’s home,"With you, those who are fasting have broken their fast, you have fed those who are righteous, and the angels recite their prayers upon you."
185,٧٤ - دُعَاءُ الصَّائِمِ إِذَا حَضَرَ الطَّعَامُ وَلَمْ يُفْطِرْ,١٨٥ - إِذَا دُعِيَ أَحَدُكُمْ فَلْيُجِبْ، فَإِنْ كَانَ صَائِماً فَلْيُصَلِّ، وَإِنْ كَانَ مُفْطِراً فَلْيَطْعَمْ)) (1)، وَمَعْنَى فَلْيُصَلِّ أَيْ فَلْيَدْعُ.,𝟩𝟦 - (ސުންނަތް) ރޯދައެއް ހިފާ މީހަކަށް ކެއުމެއް ހުށަހެޅުމުން، އޭނާ ރޯދަ ވީއްލަން ގަސްދު ނުކުރާނަމަ ކިޔާ ދުއާ,"رسول الله ﷺ ޙަދީޘް ކުރެއްވިއެވެ. ""ތިޔަބައިމީހުންކުރެ މީހަކަށް ދައުވަތެއް ދެވިއްޖެނަމަ، ފަހެ އެ ދައުވަތު ގަބޫލު ކުރާހުށިކަމެވެ. ރޯދަވެރިޔަކު ކަމުގައި ވާނަމަ، (އެ ދައުވަތު ދިން މީހާއަށް) ދުއާ ކޮށްދޭހުށިކަމެވެ. އަދި ރޯދަވެރިޔަކު ކަމުގައި ނުވާނަމަ ކާހުށިކަމެވެ.""",,,𝟩𝟦 By one fasting when presented with food and does not break his fast,"When you are invited (to eat) then reply to the invitation. If you are fasting then invoke Allah's blessings (on your host), and if you are not fasting then eat."
186,٧٥ - مَا يَقُولُ الصَّائِمُ إِذَا سَابَّهُ أَحَدٌ,١٨٦ - إِنِّي صَائِمٌ، إِنِّي صَائِمٌ,𝟩𝟧 - ރޯދަވެރިޔަކާ ދިމާލަށް މީހަކު އެއްޗެހި ކިޔައިފިނަމަ، ރޯދަވެރިޔާ ބުނަންވީ ބަސް,"""ހަމަކަށަވަރުން އަހުރެންނީ ރޯދަވެރިއަކީމެވެ. ހަމަކަށަވަރުން އަހުރެންނީ ރޯދަވެރިއަކީމެވެ.""",,,𝟩𝟧 When insulted while fasting,I am fasting. I am fasting.
187,٧٦ - الدُّعَاءُ عِنْدَ رُؤْيَةِ بَاكُورَةِ الثَّمَرِ,١٨٧ - اللَّهُمَّ بَارِكْ لَنَا فِي ثَمَرِنَا، وَبَارِكْ لَنَا فِي مَدِينَتِنَا، وَبَارِكْ لَنَا فِي صَاعِنَا، وَبَارِكْ لَنَا فِي مُدِّنَا,𝟩𝟨 - ގަހުން ފުރަތަމައަށް ނުކުންނަ މޭވާތައް ފެނުމުން ކިޔާ,"""ޔާ ﷲ! އަޅަމެންނަށް އަޅަމެންގެ މޭވާގައި ބަރަކާތްލައްވާނދޭވެ! އަދި އަޅަމެންނަށް އަޅަމެންގެ ރަށުގައި ބަރަކާތްލައްވާނދޭވެ! އަދި އަޅަމެންނަށް، އަޅަމެން މިނަން ގެންގުޅޭ ޞާޢުގައި ބަރަކާތްލައްވާނދޭވެ! އަދި އަޅަމެންނަށް އަޅަމެން މިނަން ގެންގުޅޭ މުއްދުގައި ބަރަކާތްލައްވާނދޭވެ!""",,,𝟩𝟨 Upon seeing the early or premature fruit,"O Allah, bless us in our dates and bless us in our town, bless us in our Sa' and in our Mudd."
188,٧٧ - دُعَاءُ الْعُطَاسِ,١٨٨ - إِذَا عَطَسَ أَحَدُكُم فَلْيَقُلِ الْحَمْدُ لِلَّهِ، وَلْيَقُلْ لَهُ أَخُوهُ أَوْ صَاحِبُهُ: يَرْحَمُكَ اللَّهُ، فَإِذَا قَالَ لَهُ: يَرحَمُكَ اللَّهُ، فَلْيَقُلْ: يَهْدِيكُمُ اللَّهُ وَيُصْلِحُ بَالَكُمْ,𝟩𝟩 - ކިނބިހި އެޅުމުން ކިޔާ ދުއާ,"ތިޔަބައިމީހުންކުރެ މީހަކަށް ކިނބިއްސެއްއެޅިއްޖެނަމަ، ފަހެ އެމީހަކު މިފަދައިން ކިޔާށެވެ. ""އެންމެހާ ހަމްދު ތައުރީފެއް ލިބިވޮޑިގެންވަނީ ﷲ އަށެވެ."" 
 އަދި އޭނާއަށްޓަކައި، އޭނާގެ އަޚާ ނުވަތަ އޭނާގެ ރަހުމަތްތެރިޔާ މިފަދައިން ބުނާށެވެ. ""ﷲ ތިބާއަށް ރަހުމަތްލައްވާށިއެވެ!"" 
 ފަހެ އޭނާއަށް (އޭނާގެ އަޚާ) ""يَرْحَمُكَ اللهُ"" އޭ ބުނެފިއްޔާ، ފަހެ އޭނާ (ކިބިއެޅުނު މީހާ) މިފަދައިން ބުނާށެވެ. ""ﷲ ތިޔަބައިމީހުންނަށް ހިދާޔަތްދައްކަވާށިއެވެ! އަދި ތިޔަބައިމީހުންގެ ހާލަތު އިސްލާހުކޮށްދެއްވާށިއެވެ!""",,,𝟩𝟩 Upon sneezing,"When you sneeze, then say: All praises and thanks are to Allah.

Your companion should say: May Allah have mercy upon you.

When someone says May Allah have mercy upon you then you should say: May Allah guide you and set your affairs in order."
189,٧٨ - مَا يُقَالُ لِلْكَافِرِ إِذَا عَطَسَ فَحَمِدَ اللهَ,١٨٩ - يَهْدِيكُمُ اللَّهُ وَيُصْلِحُ بَالَكُمْ,𝟩𝟪 - ކާފިރަކު ކިނބިއްސެއް އަޅައި އަލްހަމްދު ލިއްލާހި ކިޔައިފި ނަމަ، އޭނާއަށް ބުނާ ބަސް,"""ﷲ ތިޔަބައިމީހުންނަށް ހިދާޔަތްދައްކަވާށިއެވެ! އަދި ތިޔަބައިމީހުންގެ ހާލަތު އިސްލާހު ކޮށްދެއްވާށިއެވެ!""",,,𝟩𝟪 When a disbeliever praises Allah after sneezing,May Allah guide you and set your affairs in order
190,٧٩ - الدُّعَاءُ لِلْمُتَزَوِّجِ,١٩٠ - بَارَكَ اللَّهُ لَكَ، وَبَارَكَ عَلَيْكَ، وَجَمَعَ بَيْنَكُمَا فِي خَيْرٍ,𝟩𝟫 - ކައިވެނިކުރި މީހާއަށް ކޮށްދޭ ދުއާ,"""ތިބާއަށް ﷲ ބަރަކާތް ލައްވާށިއެވެ! އަދި ތިބާގެ މައްޗަށް ބަރަކާތް ލައްވާށިއެވެ! އަދި ހެޔޮކަމެއްގައި ތިޔަދެމީހުން ޖަމާކޮށްދެއްވާށިއެވެ!""",,,𝟩𝟫 To the newlywed,"May Allah bless you, and shower His blessings upon you, and join you together in goodness."
191,٨٠ - دُعَاءُ المُتَزَوِّجِ وَشِرَاءِ الدَّابَّةِ,١٩١ - إِذَا تَزَوَّجَ أَحَدُكُمُ امْرَأَةً، أَوْ إِذَا اشْتَرَى خَادِماً فَلْيَقُلْ: ((اللَّهُمَّ إِنِّي أَسْأَلُكَ خَيْرَهَا، وَخَيْرَ مَا جَبَلْتَهَا عَلَيْهِ، وَأَعُوذُ بِكَ مِنْ شَرِّهَا، وَشَرِّ مَا جَبَلْتَهَا عَلَيْهِ، وَإِذَا اشْتَرَى بَعِيراً فَلْيَأْخُذْ بِذِرْوَةِ سَنَامِهِ وَلْيَقُلْ مِثْلَ ذَلِكَ)),𝟪𝟢 - ކައިވެނިކުރާ މީހާއާއި، ސަވާރީއެއް ގަންނަ މީހާ ކިޔާ ދުއާ,"""ތިޔަބައިމީހުންކުރެ މީހަކު އަންހެނަކާ ކައިވެނިކޮށްފިނަމަ، ނުވަތަ އަޅުއަންހެނަކު ގަނެފިނަމަ، ފަހެ މިފަދައިން ކިޔާށެވެ. ""ޔާ ﷲ! ހަމަކަށަވަރުން އޭނާގެ ކިބައިގައިވާ ހެވަކާއި އަދި އޭނާގެ ފިތުރަތުގައި އިބަ ﷲ ލެއްވި ހެޔޮކަމެއް ދެއްވުން އެދި މި އަޅާ އިބަ ﷲ ގެ ހަޒްރަތުން ދަންނަވަމެވެ. އަދި އޭނާގެ ކިބައިގައިވާ ނުބަޔަކާއި އޭނާގެ فطرة ގައި އިބަ ﷲ ލެއްވި ނުބައިކަމަކުން މި އަޅާ ރައްކައުތެރިކޮށްދެއްވުމަށް އެދި އިބަ ﷲ ގެ ހަޒްރަތުން ދަންނަވަމެވެ."" އަދި ޖަމަލެއް ގެންފިނަމަ، ގޮންގަނޑުގެ ކޮޅުގައި ހިފައްޓައިގެންހުރެ، ހަމަމިދުއާކުރާހުށިކަމެވެ.""",,,𝟪𝟢 On the wedding night or when buying an animal,"When any of you marries a woman or purchases a servant then let him say:

O Allah, I ask You for the goodness of her, and the goodness upon which You have created her, and I seek refuge in You from the evil of her, and from the evil upon which You have created her.

If you purchase a camel then take hold of the top of its hump and say the same."
192,٨١ - الدُّعَاءُ قَبْلَ إِتْيَانِ الزَّوْجَةِ,١٩٢ - ((بِسْمِ اللَّهِ، اللَّهُمَّ جَنِّبْنَا الشَّيْطَانَ، وَجَنِّبِ الشَّيْطَانَ مَا رَزَقْتَنَا)),𝟪𝟣 - އަނބިމީހާއާއެކު ރޭކުރުމުގެ ކުރިން ކިޔާ ދުއާ,"""ﷲ ގެ އިސްމުފުޅުގެ ބަރަކާތުން (މިކަންކުރަމެވެ.) ޔާ ﷲ! ޝައިތާނާގެ ކިބައިން އަޅަމެން ދުރުކޮށްދެއްވާނދޭވެ! އަދި އިބަ ﷲ އަޅަމެންނަށް ދެއްވާ ދަރިންގެ ކިބައިން ޝައިތާނާ ދުރުކޮށްދެއްވާނދޭވެ!""",,,𝟪𝟣 Before sexual intercourse with the wife,"With the Name of Allah. O Allah, keep the Devil away from us, and keep the Devil away from that which You provide for us."
193,٨٢ - دُعَاءُ الغَضَبِ,١٩٣ - ((أَعُوذُ بِاللَّهِ مِنَ الشَّيْطَانِ الرَّجِيمِ)),𝟪𝟤 - ރުޅިއައިސްގެން ކިޔާ ދުއާ,"""ރަހުމަތުން ދުރުކުރެވި ލައުނަތްލެއްވިގެންވާ ޝައިތާނާގެ ކިބައިން ރައްކާތެރިކޮށްދެއްވުމަށް އެދި ﷲ ގެ ހަޒްރަތުން މި އަޅާ ދަންނަވަމެވެ.""",,,𝟪𝟤 When angry,I seek refuge in Allah from Satan the outcast.
194,٨٣ - دُعَاءُ مَنْ رَأَى مُبْتَلَىً,١٩٤ - ((الْحَمْدُ لِلَّهِ الَّذِي عَافَانِي مِمَّا ابْتَلَاكَ بِهِ، وَفَضَّلَنِي عَلَى كَثِيرٍ مِمَّنْ خَلَقَ تَفْضِيلاً)),𝟪𝟥 - މުސީބާތަކާ ކުރިމަތިލާން ޖެހިފައިވާ މީހަކު ފެނުމުން ކިޔާ ދުއާ,"""އެންމެހާ ހަމްދު ތައުރީފެއް ލިބިވޮޑިގެންވަނީ ﷲ އަށެވެ. އެ އިލާހީ ތިބާއަށް އެ އިލާހު ޖެއްސެވި އިމްތިހާނުން (މުސީބާތުން) މި އަޅާއަށް އާފިޔަތުދެއްވި އިލާހެވެ. އަދި އެ އިލާހީ އެ އިލާހު ހެއްދެވި މަޚްލުގުންގެ ތެރެއިން ގިނަ ބައެއްގެ މައްޗަށް މި އަޅާ މާތްކުރެއްވި އިލާހެވެ.""",,,𝟪𝟥 Upon seeing someone in trial or tribulation,"Praise is to Allah Who has spared me what He has afflicted you with, and preferred me greatly above much of what He has created."
195,٨٤ - مَا يُقَالُ فِي المَجْلِسِ,١٩٥ - ((عَنِ ابْنِ عُمَرَ - رضي الله عنهما - قَاَلَ: كَانَ يُعَدُّ لِرَسُولِ اللَّهِ ﷺ فِي الْمَجْلِسِ الوَاحِدِ مِائَةُ مَرَّةٍ مِنْ قَبْلِ أَنْ يَقُومَ: ((رَبِّ اغْفِرْ لِي، وَتُبْ عَلَيَّ، إِنَّكَ أَنْتَ التَّوَّابُ الغَفُورُ)),𝟪𝟦 - މަޖިލީހެއްގައި (ނުވަތަ އެއްވުމެއްގައި) ކިޔާ ދުއާ,"""އޭ މި އަޅާގެ ރައްބެވެ! މި އަޅާއަށް ފާފަ ފުއްސަވާނދޭވެ! އަދި މި އަޅާގެ ތައުބާ ގަބޫލުކުރައްވާނދޭވެ! ހަމަކަށަވަރުން އިބަ ﷲ އީ ގިނަގިނައިން ތައުބާ ގަބޫލުކުރައްވާ ގިނަގިނައިން ފާފަ ފުއްސަވާ އިލާހެވެ.""",,,𝟪𝟦 At a sitting or gathering,"Ibn Umar (ra) said: Allah's Messenger (ﷺ) used to repeat in a single sitting: My Lord, forgive me, and accept my repentance, You are the Ever-Relenting, the All-Forgiving."
196,٨٥ - كَفَّارَةُ المَجْلِسِ,١٩٦ - ((سُبْحَانَكَ اللَّهُمَّ وَبِحَمْدِكَ، أَشْهَدُ أَنْ لَا إِلَهَ إِلَّا أَنْتَ، أَسْتَغْفِرُكَ وَأَتُوبُ إِلَيْكَ)),𝟪𝟧 - މަޖިލީހެއް (ނުވަތަ އެއްވުމެއް) ނިންމާލަމުން ފާފަފުއްސެވުމަށް އެދި ކުރާ ދުއާ,"""އިބަ ﷲ ގެ ހުސްތާހިރުވަންތަކަމާއެވެ! ޔާ ﷲ! އަދި އެންމެހާ ހަމްދު ތައުރީފެއް އިބަ ﷲ އަށް ލިބިވޮޑިގެންވެއެވެ. އިބަ ﷲ މެނުވީ އަޅުކަންވެވުން ހައްގު ވެގެންވާ އެހެން އެއްވެސް އިލާހަކު ނުވާކަމަށް މި އަޅާ ހެކިވަމެވެ. އިބަ ﷲ ގެ ހަޒްރަތުން ފާފަ ފުއްސަވާދެއްވުމަށް މި އަޅާ އެދެމެވެ. އަދި އިބަ އިލާހުގެ ހަޒްރަތަށް މި އަޅާ ތައުބާވަމެވެ.""",,,"𝟪𝟧 For the expiation of sins, said at the conclusion of a sitting or gathering","Glory is to You, O Allah, and praise is to You. I bear witness that there is none worthy of worship but You. I seek Your forgiveness and repent to You."
197,٨٦ - الدُّعَاءُ لِمَنْ قَالَ غَفَرَ اللهُ لَكَ,١٩٧ - ((وَلَكَ)),𝟪𝟨 - ތިބާއަށް ފާފަ ފުއްސަވާށިއޭ ބުމާ މީހާއަށް ކޮށްދޭ ދުއާ,"""އަދި ތިބާއަށްވެސް ﷲ ފާފަ ފުއްސަވާށިއެވެ!""",,,𝟪𝟨 Returning a supplication of forgiveness,And you.
198,٨٧ - الدُّعَاءُ لِمَنْ صَنَعَ إِلَيْكَ مَعْرُوفاً,١٩٨ - ((جَزَاكَ اللَّهُ خَيْراً)),𝟪𝟩 - ތިބާއަށް ހެޔޮކަމެއް ކޮށްދީފި މީހާއަށް ކުރާ ދުއާ,"""ﷲ ތިބާއަށް ހެޔޮޖަޒާ ދެއްވާށިއެވެ!""",,,𝟪𝟩 To one who does you a favour,May Allah reward you with good.
199,٨٨ - مَا يَعْصِمُ اللَّهُ بِهِ مِنَ الدَّجَّالِ,"١٩٩ - ((مَنْ حَفِظَ عَشْرَ آيَاتٍ مِنْ أَوَّلِ سُورَةِ الْكَهْفِ عُصِمَ مِنَ الدَّجَّالِ))

وَالْاسْتِعَاذَةُ بِاللَّهِ مِنْ فِتْنَتِهِ عَقِبَ التَّشَهُّدِ الْأَخِيرِ مِنْ كُلِّ صَلَاةٍ (1)",𝟪𝟪 - ﷲ ތިބާ ދައްޖާލުގެ ކިބައިން ރައްކާތެރިކޮށްދެއްވާތޯ ކިޔާ ޒިކުރު,"ކަހްފު ސޫރަތުގެ ފުރަތަމަ ދިހަ އާޔަތް ހިތުން ދަސްކޮށްފި މީހާ، ދައްޖާލުގެ ކިބައިން ﷲ ސަލާމަތްކޮށްދެއްވާނެއެވެ.
 ކޮންމެ ނަމާދެއްގެ ފަހު އައްތަޙިއްޔާތުގައި ތަޝައްހުދު ކިޔައި ނިމުމަށްފަހު ދައްޖާލުގެ ފިތުނައިން ސަލާމަތްކޮށްދެއްވުމަށް އެދި ﷲ ގެ ހަޒްރަތަށް ދެންނެވުން.",,,𝟪𝟪 Protection from the Dajjal,"Whoever memorizes ten 'Ayat (Verses) from the beginning of Surat Al-Kahf, will be protected from the False Messiah.

And if he seeks the protection of Allah from the trials of the False Messiah, in every prayer after the final Tashahhud before ending the prayer."
200,٨٩ - الدُّعَاءُ لِمَنْ قَالَ إِنِّي أُحِبُّكَ فِي اللَّهِ,٢٠٠ - ((أَحَبَّكَ الَّذِي أَحْبَبْتَنِي لَهُ)),𝟪𝟫 - ﷲ އަށްޓަކައި ތިބާދެކެ ލޯބިވަމޭ ބުނެފި މީހާއަށް ކޮށްދޭ ދޮއާ,"""އެފަރާތަކަށްޓަކައި އަހުރެންދެކެ ތިބާ ލޯބިވީ ފަރާތް ތިބާދެކެ ލޯބިވެވޮޑިގަންނަވާށިއެވެ!""",,,"𝟪𝟫 To one who pronounces his love for you, for Allah’s sake","May He for Whose sake you love me, love you."
201,٩٠ - الدُّعَاءُ لِمَنْ عَرَضَ عَلَيْكَ مَالَهُ,٢٠١ - ((بَارَكَ اللَّهُ لَكَ فِي أَهْلِكَ وَمَالِكَ)),𝟫𝟢 - މީހަކު އޭނާގެ މުދާ ތިބާއަށް ހުށަހަޅައިފި ނަމަ ކިޔާ ދުއާ,"""ތިބާއަށްޓަކައި ތިބާގެ އަހުލުވެރިންގެ ކިބައިގައާއި ތިބާގެ މުދަލުގައި ﷲ ބަރަކާތް ލައްވާށިއެވެ!""",,,𝟫𝟢 To one who has offered you some of his wealth,May Allah bless you in your family and your property.
202,٩١ - الدُّعَاءُ لِمَنْ أَقْرَضَ عِنْدَ القَضَاءِ,٢٠٢ - ((بارَكَ اللَّهُ لَكَ فِي أَهْلِكَ وَمَالِكَ، إِنَّمَا جَزَاءُ السَّلَفِ الْحَمْدُ وَالأَدَاءُ)) (1),𝟫𝟣 - މީހަކަށް ދަރަނި ދައްކާ ޚަލާސް ކުރާއިރު ކިޔާ ދުއާ,"""ތިބާއަށްޓަކައި ތިބާގެ އަހުލުވެރިންގެ ކިބައިގައާއި ތިބާގެ މުދަލުގައި ﷲ ބަރަކާތް ލައްވާށިއެވެ! ހަމަކަށަވަރުން ދަރަނީގެ ޖަޒާއަކީ (ދަރަނި ދިން މީހާއަށް) ޝުކުރުއަދާކުރުމާއި (އެ ދަރަނި) އަދާކުރުމެވެ.""",,,𝟫𝟣 To the debtor when his debt is settled,"May Allah bless you in your family and your wealth, surely the reward for a loan is praise and returning (what was borrowed)."
203,٩٢ - دُعَاءُ الْخَوْفِ مِنَ الشِّرْكِ,٢٠٣ - ((اللَّهُمَّ إِنِّي أَعُوذُ بِكَ أَنْ أُشْرِكَ بِكَ وَأَنَا أَعْلَمُ، وَأَسْتَغْفِرُكَ لِمَا لَا أَعْلَمُ)),𝟫𝟤 - ޝިރުކު ކުރެވިދާނެ ކަމުގެ ބިރަށްޓަކައި ކިޔާ ދުއާ,"""ޔާ ﷲ! މި އަޅާއަށް އެނގޭ ޙާލު، މި އަޅާ އިބަ ﷲ އާ ޝަރީކުކުރުމުން ރައްކައުތެރިކޮށްދެއްވުމަށް އިބަ ﷲ ގެ ހަޒްރަތުން އެދި ދަންނަވަމެވެ. އަދި މި އަޅާއަށް ނޭނގިހުރެ، ކުރެވޭ ފާފަތައް ފުއްސަވައިދެއްވުމަށް އިބަ ﷲ ގެ ހަޒްރަތުން އެދި ދަންނަވަމެވެ.""",,,𝟫𝟤 For fear of shirk,"O Allah, I seek refuge in You lest I associate anything with You knowingly, and I seek Your forgiveness for what I know not."
204,٩٣ - الدُّعَاءُ لِمَنْ قَالَ بَارَكَ اللَّهُ فِيكَ,٢٠٤ - ((وَفِيكَ بَارَكَ اللَّهُ)),𝟫𝟥 - ތިބާއަށް ބަރަކާތް ލައްވާށިއޭ ބުނާ މީހާއަށް ކޮށްދޭ ދުއާ,"""އަދި ތިބާގެ ކިބާގައިވެސް ﷲ ބަރަކާތްލައްވާށިއެވެ!""",,,𝟫𝟥 To someone who says “May Allah bless you”,And may Allah bless you.
205,٩٤ - دُعَاءُ كَرَاهِيَةِ الطِّيَرَةِ,٢٠٥ - ((اللَّهُمَّ لَا طَيْرَ إِلَّا طَيْرُكَ، وَلَا خَيْرَ إِلَّا خَيْرُكَ، وَلَا إِلَهَ غَيْرُكَ)),𝟫𝟦 - އެއްޗެހި ސުންޕާކަމަށް ގަބޫލުކުރާ ކުރުމަށް ނުރުހި ކިޔާ ދުއާ,"""ޔާ ﷲ! އިބަ ﷲ ލެއްވި ސުންޕާކަމެއް މެނުވީ އެއްވެސް ސުންޕާކަމެއް ނުވެއެވެ. (އެބަހީ ދޫނި އުދުއްސައިލީމާ އޭތި އުދުހިގެންދާ ފަރާތެއްގެ ސަބަބުން ކުރަންއުޅޭ ކަމަކަށް އެއްވެސް އަސަރެއްނުކުރާނެއެވެ.) އަދި އިބަ ﷲ ލެއްވި ހެޔޮކަމެއް މެނުވީ އެއްވެސް ހެޔޮކަމެއް ނުވެއެވެ. އަދި އިބަ ﷲ މެނުވީ އަޅުކަންވެވުން ހައްގުވެގެންވާ އެހެންއެއްވެސް އިލާހަކު ނުވެއެވެ.""",,,𝟫𝟦 The scorn of ascribing things to evil omens,"O Allah there is no portent other than Your portent, no goodness other than Your goodness, and none worthy of worship other than You."
206,٩٥ - دُعَاءُ الرُّكُوبِ,٢٠٦ - ((بِسْمِ اللَّهِ، وَالْحَمْدُ للَّهِ {سُبْحَانَ الَّذِي سَخَّرَ لَنَا هَذَا وَمَا كُنَّا لَهُ مُقْرِنِينَ، وَإِنَّا إِلَى رَبِّنَا لَمُنقَلِبُونَ}، ((الْحَمْدُ لِلَّهِ، الْحَمْدُ لِلَّهِ الْحَمْدُ لِلَّهِ، اللَّهُ أَكْبَرُ، اللَّهُ أَكْبَرُ، اللَّهُ أَكْبَرُ، سُبْحَانَكَ اللَّهُمَّ إِنِّي ظَلَمْتُ نَفْسِي فَاغْفِرْ لِي؛ فَإِنَّهُ لَا يَغْفِرُ الذُّنُوبَ إِلَّا أَنْتَ)),𝟫𝟧 - ސަވާރީއަކަށް (ނުވަތަ އުޅަނދަކަށް) އަރަމުން ކިޔާ ދުއާ,"""ﷲ ގެ އިސްމުފުޅުގެ ބަރަކާތުން ސަވާރުވަމެވެ. ﷲ އަށް ހަމްދުހުއްޓެވެ. [މިސަވާރީ ކިޔަމަންތެރިކުރެވޭ ބަޔެއްކަމުގައި އަޅަމެން ނުވާ ޙާލު، މި ސަވާރީ އަޅަމެންނަށް ކިޔަމަންތެރިކޮށްދެއްވި ފަރާތުގެ ހުސްތާހިރުވަންތަކަމާއެވެ! އަދި އަޅަމެން އެނބުރިދިއުންވަނީ އަޅަމެންގެ ރައްބުގެ ހަޒްރަތަށެވެ.] ﷲ އަށް ހަމްދު ހުއްޓެވެ. ﷲ އަށް ހަމްދު ހުއްޓެވެ. ﷲ އަށް ހަމްދު ހުއްޓެވެ. އެންމެ ބޮޑީ ﷲ އެވެ. އެންމެ ބޮޑީ ﷲ އެވެ. އެންމެ ބޮޑީ ﷲ އެވެ. އިބަ ﷲ ގެ ހުސްތާހިރުވަންތަކަމާއެވެ! ޔާ ﷲ! ހަމަކަށަވަރުން މި އަޅާ، މި އަޅާގެ އަމިއްލަ ނަފްސަށް އަނިޔާވެރިވީމެވެ. ފަހެ މި އަޅާއަށް ފާފަ ފުއްސަވާނދޭވެ! އެހެނީ ހަމަކަށަވަރުން އިބަ ﷲ މެނުވީ ފާފަ ފުއްސަވައިދެވޭނެ އެހެން ފަރާތެއް ނުވެއެވެ.""",,,𝟫𝟧 When mounting an animal or any means of transport,"With the Name of Allah. Praise is to Allah. Glory is to Him Who has provided this for us though we could never have had it by our efforts. Surely, unto our Lord, we are returning. Praise is to Allah. Praise is to Allah. Praise is to Allah. Allah is the Most Great. Allah is the Most Great. Allah is the Most Great. Glory is to You. O Allah, I have wronged my own soul. Forgive me, for surely none forgives sins but You."
207,٩٦ - دُعَاءُ السَّفَرِ,٢٠٧ - اللَّهُ أَكْبَرُ، اللَّهُ أَكْبَرُ، اللَّهُ أَكْبَرُ، {سُبْحَانَ الَّذِي سَخَّرَ لَنَا هَذَا وَمَا كُنَّا لَهُ مُقْرِنِينَ * وَإِنَّا إِلَى رَبِّنَا لَمُنقَلِبُونَ} ((اللَّهُمَّ إِنّا نَسْأَلُكَ فِي سَفَرِنَا هَذَا البِرَّ وَالتَّقْوَى، وَمِنَ الْعَمَلِ مَا تَرْضَى اللَّهُمَّ هَوِّنْ عَلَيْنَا سَفَرَنَا هَذَا وَاطْوِ عَنَّا بُعْدَهُ، اللَّهُمَّ أَنْتَ الصَّاحِبُ فِي السَّفَرِ، وَالْخَليفَةُ فِي الْأَهْلِ، اللَّهُمَّ إِنِّي أَعُوذُ بِكَ مِنْ وَعْثَاءِ السَّفَرِ، وَكَآبَةِ الْمَنْظَرِ، وَسُوءِ الْمُنْقَلَبِ فِي الْمَالِ وَالْأَهْلِ))، وإذا رَجَعَ قَالَهُنَّ وَزَادَ فِيهِنَّ: ((آيِبُونَ، تائِبُونَ، عَابِدُونَ، لِرَبِّنَا حَامِدُونَ)),𝟫𝟨 - ދަތުރުގައި ކިޔާ ދުއާ,"""އެންމެ ބޮޑީ ﷲ އެވެ. އެންމެ ބޮޑީ ﷲ އެވެ. އެންމެ ބޮޑީ ﷲ އެވެ. މިސަވާރީ ކިޔަމަންތެރިކުރެވޭ ބަޔެއްކަމުގައި އަޅަމެން ނުވާ ޙާލު، މިސަވާރީ އަޅަމެންނަށް ކިޔަމަންތެރިކޮށްދެއްވި ފަރާތުގެ ހުސްތާހިރުވަންތަކަމާއެވެ! އަދި އަޅަމެން އެނބުރިދިއުންވަނީ އަޅަމެންގެ ރައްބުގެ ހަޒްރަތަށެވެ.[ ޔާ ﷲ! މިދަތުރުގައި އަޅަމެން، އިބަ ﷲ ގެ ހަޒްރަތުން ހެވަށާއި ތަގްވާވެރިކަމަށް އަދި އިބަ ﷲ ރުއްސަވާ އަމަލަށް އެދެމުއެވެ. ޔާ ﷲ! މި ދަތުރު އަޅަމެންނަށް ފަސޭހަކޮށްދެއްވާނދޭވެ! އަދި ދަތުރުގެ ދިގުކަން ކުރުކަމުގައި އަޅަމެންނަށް އިހުސާސްކޮށްދެއްވާނދޭވެ! ޔާ ﷲ! ދަތުރުގައި އަޅަމެންގެ އެކުވެރިއަކީ އިބަ ﷲ އެވެ. އަދި މި އަޅާގެ (ގޭގެ) އަހުލުވެރިންގެ ޚަލީފާއަކީ (އެބައިމީހުންގެ ކަންތައްތައް ބަލަހައްޓަވައިދެއްވާ ފަރާތަކީ) ވެސް ހަމަ އިބަ ﷲ އެވެ. ޔާ ﷲ! ދަތުރުގެ އުނދަގޫކަމާއި، ހިތާމަކުރުވަނިވި މަންޒަރުން އަދި މުދަލާއި އަހުލުވެރިންގެ ތެރެއަށް އަންނަ ނުބައި ބަދަލަކުން ރައްކާތެރިކޮށްދެއްވުމަށް އިބަ ﷲ ގެ ހަޒްރަތުން އެދިދަންނަވަމެވެ."" 
 
 އަދި ދަތުރު ނިންމާފައި އެނބުރިއަންނަމުން އިސްވެދިޔަ ދުއާގެ ފަހަތަށް އަންނަނިވި ބައި އިތުރުކުރާށެވެ. ""އަޅަމެންނީ އެނބުރިދާ މީހުންނެވެ. ތައުބާވާ މީހުންނެވެ. އަޅުކަންކުރާ މީހުންނެވެ. ހަމައެކަނި އަޅަމެންގެ ވެރިއިލާހަށް ހަމްދުކުރާ މީހުންނެވެ.""",,,𝟫𝟨 For travel,"Allah is the Most Great. Allah is the Most Great. Allah is the Most Great. Glory is to Him Who has provided this for us though we could never have had it by our efforts. Surely, unto our Lord we are returning. O Allah, we ask You on this our journey for goodness and piety, and for works that are pleasing to You. O Allah, lighten this journey for us and make its distance easy for us. O Allah, You are our Companion on the road and the One in Whose care we leave our family. O Allah, I seek refuge in You from this journey's hardships, and from the wicked sights in store and from finding our family and property in misfortune upon returning.

(Upon returning recite the same again adding :) We return repentant to our Lord, worshipping our Lord, and praising our Lord."
208,٩٧ - دُعاءُ دُخُولِ القريَةِ أَوِ البَلْدَةِ,٢٠٨ - ((اللَّهُمَّ رَبَّ السَّمَوَاتِ السَّبْعِ وَمَا أَظْلَلْنَ، وَرَبَّ الأَرَضِينَ السَّبْعِ وَمَا أَقْلَلْنَ، وَرَبَّ الشَّياطِينِ وَمَا أَضْلَلْنَ، وَرَبَّ الرِّيَاحِ وَمَا ذَرَيْنَ، أَسْأَلُكَ خَيْرَ هَذِهِ الْقَرْيَةِ، وَخَيْرَ أَهْلِهَا، وَخَيْرَ مَا فِيهَا، وَأَعُوذُ بِكَ مِنْ شَرِّهَا، وَشَرِّ أَهْلِهَا، وَشَرِّ مَا فِيهَا)) (1),𝟫𝟩 - ރަށަކަށް ވަންނަމުން ކިޔާ ދުއާ,"""ޔާ ﷲ! ހަތްއުޑާއި، އެއުޑުތައް ހިޔާވަހިކަންދިން ހުރިހާއެއްޗެއްގެ ރައްބެވެ! އަދި ހަތްބިމާއި، އެބިންތައް އުފުލި ހުރިހާއެއްޗެއްގެ ރައްބެވެ! އަދި ޝައިތާނުންނާއި، އެޝައިތާނުން މަގުފުރެއްދި ހުރިހާބައެއްގެ ރައްބެވެ! އަދި ވަޔާއި، އެވައި ވިއްސުވައިލި ހުރިހާއެއްޗެއްގެ ރައްބެވެ! މި އަޅާ އިބަ ﷲ ގެ ހަޒްރަތުން، މިރަށާއި، މިރަށުގެ އަހުލުވެރިންނާއި، މިރަށުގައި ވާހައި އެއްޗެއްގެ ހެވަށް އެދެމެވެ. އަދި މި އަޅާ އިބަ ﷲ ގެ ހަޒްރަތުން، މިރަށާއި، މިރަށުގެ އަހުލުވެރިންނާއި، މިރަށުގައި ވާހައި އެއްޗެއްގެ ނުބައިކަމުން ރައްކާތެރިކަމަށް އެދެމެވެ.""",,,𝟫𝟩 Upon entering a town or village,"O Allah, Lord of the seven heavens and all they overshadow, Lord of the seven worlds and all they uphold, Lord of the devils and all they lead astray, Lord of the winds and all they scatter. I ask You for the goodness of this town, and for the goodness of its people, and for the goodness it contains. I seek refuge in You from its evil, from the evil of its people, and from the evil it contains."
209,٩٨ - دُعاءُ دُخُولِ السُّوقِ,٢٠٩ - ((لَا إِلَهَ إِلَّا اللَّهُ وَحْدَهُ لَا شَرِيكَ لَهُ، لَهُ الْمُلْكُ، وَلَهُ الْحَمْدُ، يُحْيِي وَيُمِيتُ، وَهُوَ حَيٌّ لاِ يَمُوتُ، بِيَدِهِ الْخَيْرُ، وَهُوَ عَلَى كُلِّ شَيْءٍ قَدِيرٌ)) (1),𝟫𝟪 - ބާޒާރަށް ވަންނަމުން ކިޔާ ދުއާ,"""ﷲ މެނުވީ އަޅުކަންވެވުން ހައްގުވެގެންވާ އެހެންއެއްވެސް އިލާހަކު ނުވެއެވެ. އެ އިލާހު އެއްކައުވަންތައެވެ. އެ އިލާހަށް އެއްވެސް ބައިވެރިއަކު ނުވެއެވެ. އެންމެހާ ވެރިކަމަކާއި އެންމެހާ ހަމްދެއް ލިބިވޮޑިގެންވަނީ އެ އިލާހަށެވެ. އެ އިލާހު މަރުއްވަތެވެ. އަދި ދިރުއްވަތެވެ. އަދި އެ އިލާހީ ދިރިދެމިވޮޑިގެންވާ އަވަހާރަވުމެއްނުވާ އިލާހެވެ. އެންމެހާ ހެވެއްވަނީ އެ އިލާހުގެ އަތްޕުޅުގައެވެ. އަދި އެ އިލާހީ ހުރިހާކަމެއްގެ މައްޗަށް ކުޅަދުންވަންތަވެވޮޑިގެންވާ އިލާހެވެ.""",,,𝟫𝟪 When entering the market,"None has the right to be worshipped but Allah alone, Who has no partner. His is the dominion and His is the praise. He brings life and He causes death, and He is living and does not die. In His Hand is all good, and He is Able to do all things."
210,٩٩ - الدُّعَاءُ إِذَا تَعِسَ المَرْكُوبُ,٢١٠ - ((بِسْمِ اللَّهِ)) (2),𝟫𝟫 - ސަވާރީ އަޅައިގަނެގެން ވެއްޓިޖެ ނަމަ ކިޔާ ދުއާ,"""ﷲ ގެ އިސްމުފުޅުގެ ބަރަކާތުން (ދުވުމުގެ ހީވާގިކަމާއި ބާރު ލިބޭހުށިކަމެވެ.)""",,,𝟫𝟫 When the mounted animal (or mean of transport) stumbles,With the Name of Allah.
211,١٠٠ - دُعَاءُ المُسَافِرِ لِلْمُقيمِ,٢١١ - ((أَسْتَوْدِعُكُمُ اللَّهَ الَّذِي لَا تَضِيعُ وَدَائِعُهُ)) (3),𝟣𝟢𝟢 - ދަތުރުވެރިޔާ، ރަށުގައި މަޑުކުރާ މީހާއަށް ކޮށްދޭ ދުއާ,"""އަހުރެން، ތިޔަބައިމީހުން ﷲ އާ ހަވާލުކުރަމެވެ. އެފަރާތަކީ އެފަރާތާ ހަވާލުކުރެވޭ އެއްޗެއް ގެއްލިގެންނުދާ ފަރާތެވެ.""",,,𝟣𝟢𝟢 Supplication of the traveller for the resident,"I place you in the trust of Allah, whose trust is never misplaced."
212,١٠١ - دُعَاءُ المُقِيمِ لِلْمُسَافِرِ,٢١٢ - أَسْتَوْدِعُ اللَّهَ دِينَكَ، وَأَمَانَتَكَ، وَخَوَاتِيمَ عَمَلِكَ)) (1),𝟣𝟢𝟣 - ރަށުގައި މަޑުކުރާ މީހާ، ދަތުރުވެރިޔާއަށް ކޮށްދޭ ދުއާ,"""ތިބާގެ ދީނާއި، ތިބާގެ އަމާނަތާއި، (ތިބާގެ އަހުލުވެރިންނާއި، ތިބާ މީސްތަކުންނާ ހަވާލުކޮށްފައިވާ އަމާނާތް) އަދި ތިބާގެ އެންމެފަހުގެ އަމަލު، އަހުރެން ﷲ އާ ހަވާލުކުރަމެވެ.""",,,𝟣𝟢𝟣 Supplication of the resident for the traveller,"I leave your religion in the care of Allah, as well as your safety, and the last of your deeds."
213,١٠١ - دُعَاءُ المُقِيمِ لِلْمُسَافِرِ,٢١٣ - ((زَوَّدَكَ اللَّهُ التَّقْوَى، وَغَفَرَ ذَنْبَكَ، وَيَسَّرَ لَكَ الخَيْرَ حَيْثُ ما كُنْتَ)) (2),𝟣𝟢𝟣 - ރަށުގައި މަޑުކުރާ މީހާ، ދަތުރުވެރިޔާއަށް ކޮށްދޭ ދުއާ,"""ﷲ ތިބާއަށް ދަތުރުޒާދެއްގެ ގޮތުގައި ތަގްވާވެރިކަން ލައްވާށިއެވެ! އަދި އެ އިލާހު ތިބާގެ ފާފަ ފުއްސަވާށިއެވެ! އަދި ތިބާވީ ކޮންމެތަނެއްގައި ތިބާއަށް އެ އިލާހު ހެޔޮކަންތައް ފަހިކޮށްދެއްވާށިއެވެ!""",,,𝟣𝟢𝟣 Supplication of the resident for the traveller,"May Allah give you piety as your provision, forgive your sins, and make goodness easy for you wherever you are."
214,١٠٢ - التَّكبيرُ والتَّسبِيحُ في سَيْرِ السَّفَرِ,٢١٤ - قَالَ جَابِرٌ - رضي الله عنه -: ((كُنَّا إِذَا صَعَدْنَا كَبَّرْنَا، وَإِذَا نَزَلْنَا سَبَّحْنَا)) (3),𝟣𝟢𝟤 - ދަތުރުމަތީގައި (އަރަމުން ނުވަތަ ފައިބަމުން) ކިޔާ ތަކްބީރާއި ތަސްބީހަ,"""ﷲ ރުއްސުންލެއްވި ޖާބިރުގެފާނުގެ ކިބައިން ރިވާވެގެންވެއެވެ. އެކަލޭގެފާނު ވިދާޅުވިއެވެ. ""އަހުރެމެން ދަތުރުކުރަމުންދާއިރު، އުސްތަނަކަށް އަރާނަމަ، ތަކުބީރު (އެބަހީ اللهُ أَكْبَر އޭ) ކިޔަމުއެވެ. އަދި އުސްތަނަކުން ތިރިޔަށް ފައިބާއިރު، ތަސްބީހަ (އެބަހީ سُبْحاَنَ اللهِ އޭ) ކިޔަމުއެވެ.""",,,𝟣𝟢𝟤 Takbir and Tasbih during travel,"Jabir (ra), said: Whenever we went up a hill we would say Allāhu Akbar (Allah is the Most Great) and when we descended we would say Subḥānallāh (Glory is to Allah)."
215,١٠٣ - دُعاءُ المُسَافِرِ إِذَا أَسْحَرَ,٢١٥ - ((سَمَّعَ سَامِعٌ بِحَمْدِ اللَّهِ، وَحُسْنِ بَلَائِهِ عَلَيْنَا، رَبَّنَا صاحِبْنَا، وَأَفْضِلْ عَلَيْنَا، عَائِذاً بِاللَّهِ مِنَ النَّارِ)) (1),𝟣𝟢𝟥 - ރޭގަނޑުގެ ފަހު ވަގުތުގައި ދަތުރުވެރިޔާ ކިޔާ ދުއާ,"""(އަޅަމެން) ﷲ އަށް ހަމްދުކުރާ އަޑު އަދި އެ އިލާހު އަޅަމެންގެ މައްޗަށް ލެއްވި ނިއުމަތްތައް (އަޅަމެން ބަޔާންކުރާ އަޑު) އަޑުއަހާ ފަރާތަކުން އައްސަވައިފިއެވެ. އަޅަމެންގެ ރައްބެވެ! އަޅަމެންގެ އެކުވެރިޔަކުކަމުގައި ވޮޑިގަންނަވާނދޭވެ! އަދި އަޅަމެންގެ މައްޗަށް ފަޟުލުވަންތަވެ ވޮޑިގަންނަވާނދޭވެ! (މި އަޅާ މިދުއާމިކުރަނީ) ނަރަކައިގެ އަޒާބުން ރައްކާތެރިކޮށްދެއްވުމަށް އެދި ﷲ ގެ ހަޒްރަތުން ދަންނަވާ ޙާލުގައެވެ.""",,,𝟣𝟢𝟥 Prayer of the traveller as dawn approaches,"He Who listens has heard that we praise Allah for the good things He gives us. Our Lord, be with us and bestow Your favor upon us. I seek the protection of Allah from the Fire."
216,١٠٤ - الدُّعَاءُ إِذَا نَزَلَ مَنْزِلاً فِي سَفَرٍ أَوْ غَيْرِهِ,٢١٦ - ((أَعُوذُ بِكَلِمَاتِ اللَّهِ التَّامَّاتِ مِنْ شَرِّ مَا خَلَقَ)) (2),𝟣𝟢𝟦 - ދަތުރުމަތީގައި ނުވަތަ އެ ނޫންވެސް ޙާލެއްގައި ތަނެއްގައި މަޑުކުރާއިރު ކިޔާ ދުއާ,"""ﷲ ގެ ފުރިހަމަވެގެންވާ ކަލިމަފުޅުތައް މެދުވެރިކޮށް، އެ އިލާހު ހެއްދެވި އެންމެހައި މަޚުލޫގުންގެ ނުބައިކަމުން މި އަޅާ (އެ އިލާހުގެ ހަޒްރަތުން) ރައްކާތެރިކަމަށް އެދެމެވެ.""",,,𝟣𝟢𝟦 Stopping or lodging somewhere in travel and otherwise,I seek refuge in the Perfect Words of Allah from the evil of what He has created.
217,١٠٥ - ذِكْرُ الرُّجُوعِ مِنَ السَّفَرِ,٢١٧ - ((يُكَبِّرُ عَلَى كُلِّ شَرَفٍ ثَلَاثَ تَكْبِيرَاتٍ ثُمَّ يَقُولُ: لَا إِلَهَ إِلَّا اللَّهُ وَحْدَهُ لَا شَرِيكَ لَهُ، لَهُ الْمُلْكُ، وَلَهُ الْحَمْدُ، وَهُوَ عَلَى كُلِّ شَيْءٍ قَدِيرٌ، آيِبُونَ، تَائِبُونَ، عَابِدُونَ، لِرَبِّنا حَامِدُونَ، صَدَقَ اللَّهُ وَعْدَهُ، وَنَصَرَ عَبْدَهُ، وَهَزَمَ الْأَحْزابَ وَحْدَهُ)) (1),𝟣𝟢𝟧 - ދަތުރުން އެނބުރި އަންނައިރު ކިޔާ ޒިކުރު,"""ﷲ މެނުވީ އަޅުކަންވެވުން ހައްގުވެގެންވާ އެހެންއެއްވެސް އިލާހަކު ނުވެއެވެ. އެ އިލާހު އެއްކައުވަންތައެވެ. އެ އިލާހަށް އެއްވެސް ބައިވެރިއަކު ނުވެއެވެ. އެންމެހާ ވެރިކަމަކާއި އެންމެހާ ހަމްދު ތައުރީފެއް ލިބިވޮޑިގެންވަނީ އެ އިލާހަށެވެ. އަދި އެ އިލާހީ ހުރިހާކަމެއްގެ މައްޗަށް ކުޅަދުންވަންތަވެ ވޮޑިގެންވާ އިލާހެވެ. (އަޅަމެންނީ ދަތުރު ނިންމާފައި) އެނބުރި ދާބަޔަކީމުއެވެ. ތައުބާވާ ބަޔަކީމުއެވެ. އަޅުކަންކުރާ ބަޔަކީމުއެވެ. ހަމައެކަނި އަޅަމެންގެ ވެރި އިލާހަށް ހަމްދުކުރާ ބަޔަކީމުއެވެ. ﷲ އެ އިލާހުގެ ވައުދުފުޅު ތެދުކޮށްދެއްވައިފިއެވެ. އަދި އެ އިލާހުގެ އަޅާއަށް ނަސްރުދެއްވައިފިއެވެ. އަދި ދުޝްމިނު ޖަމާއަތްތައް ގިނިކަންޏާ ބަލިކުރައްވައިފިއެވެ.""",,,𝟣𝟢𝟧 While returning from travel,"From every elevated point say Allāhu Akbar (Allah is the Most Great) three times and then recite:

None has the right to be worshipped but Allah alone, Who has no partner. His is the dominion and His is the praise, and He is Able to do all things. We return repentant to our Lord, worshipping our Lord, and praising our Lord. He fulfilled His Promise, He aided His slave, and He alone defeated the Confederates."
218,١٠٦ - مَا يَقُولُ مَنْ أَتَاهُ أَمْرٌ يَسُرُّهُ أَوْ يَكْرَهُهُ,٢١٨ - ((كَانَ النَّبِيُّ ﷺ إِذَا أَتَاهُ الْأَمْرُ يَسُرُّهُ قَالَ: ((الْحَمْدُ لِلَّهِ الَّذِي بِنِعْمَتِهِ تَتِمُّ الصَّالِحَاتُ)) وَإِذَا أَتَاهُ الْأَمْرُ يَكْرَهُهُ قَالَ: ((الْحَمْدُ لِلَّهِ عَلَى كُلِّ حَالٍ)) (1),𝟣𝟢𝟨 - އުފާވެރި ނުވަތަ ނުރުހެވޭ ކަމެއް ދިމާވުމުން ކިޔާ ޒިކުރު,"""ހުރިހާ ހެޔޮ އަމަލެއް، އެއިލާހުގެ ނިއުމަތުގެ ސަބަބުން ފުރިހަމަވާ ﷲ އަށް ހަމްދުހުއްޓެވެ."" 
 
 އަދި رسول الله ﷺ އަށް ނުރުހެވޭ ޚަބަރެއް ލިބިވަޑައިގަންނަވާ ހިނދު، މިފަދައިން ވިދާޅުވެއެވެ. ""ހުރިހާ ހާލަތެއްގައިވެސް ﷲ އަށް ހަމްދުހުއްޓެވެ.""",,,𝟣𝟢𝟨 What to say upon receiving pleasing or displeasing news,"When something happened that pleased him, the Prophet (ﷺ) used to say: Praise is to Allah Who by His blessings all good things are perfected.

And if something happened that displeased him, he used to say: Praise is to Allah in all circumstances."
219,١٠٧ - فَضْلُ الصَّلَاةِ عَلَى النَّبيِّ ﷺ,٢١٩ - قَالَ النَّبِيُّ ﷺ: ((مَنْ صَلَّى عَلَيَّ صَلَاةً صَلَّى اللَّهُ عَلَيْهِ بِهَا عَشْراً)) (2),𝟣𝟢𝟩 - ރަސޫލު ﷲ ﷺ ގެ މައްޗަށް ސަލަވާތް ލެއްވުމުގެ މާތްކަން,"ނަބިއްޔާ ﷺ ޙަދީޘް ކުރެއްވިއެވެ. ""ތިމަން ނަބިއްޔާގެ މައްޗަށް އެއްފަހަރު ސަލަވާތް ކިޔަވައިފިމީހާ ދަންނައެވެ. ﷲ އޭނާގެ މައްޗަށް ދިހަފަހަރު ރަހުމަތްލައްވާނެއެވެ.""",,,𝟣𝟢𝟩 Excellence of sending prayers upon the Prophet ﷺ,"The Prophet (ﷺ) said: ""Whoever prays for Allah's blessings upon me once, will be blessed for it by Allah ten times."""
220,١٠٧ - فَضْلُ الصَّلَاةِ عَلَى النَّبيِّ ﷺ,٢٢٠ - وَقَالَ ﷺ: ((لَا تَجْعَلُوا قَبْرِي عِيداً وَصَلُّوا عَلَيَّ؛ فَإِنَّ صَلَاتَكُم تَبْلُغُنِي حَيْثُ كُنْتُمْ)) (1),𝟣𝟢𝟩 - ރަސޫލު ﷲ ﷺ ގެ މައްޗަށް ސަލަވާތް ލެއްވުމުގެ މާތްކަން,"އަދިވެސް އެކަލޭގެފާނު ޙަދީޘް ކުރެއްވިއެވެ. ""ތިމަން ނަބިއްޔާގެ މަހާނަފުޅު އީދުކުރާ ތަނެއްކަމުގައި ތިޔަބައިމީހުން ނުހަދާށެވެ. އަދި ތިޔަބައިމީހުން ތިމަން ނަބިއްޔާގެ މައްޗަށް ސަލަވާތްކިޔަވާށެވެ. އެހެނީ ހަމަކަށަވަރުން ތިޔަބައިމީހުން ކިޔަވާސަލަވާތް ތިމަން ނަބިއްޔާގެ އަރިހަށް ފޯރާނެތެވެ. އެއީ ތިޔަބައިމީހުން ކޮންމެތަނެއްގައި ވީނަމަވެސްމެއެވެ.""",,,𝟣𝟢𝟩 Excellence of sending prayers upon the Prophet ﷺ,"The Prophet (ﷺ) said: ""Do not make my grave a place of ritual celebration, but pray for Allah's blessings upon me, for your blessings reach me from wherever you are."
221,١٠٧ - فَضْلُ الصَّلَاةِ عَلَى النَّبيِّ ﷺ,٢٢١ - وَقَالَ ﷺ: ((الْبَخِيلُ مَنْ ذُكِرْتُ عِنْدَهُ فَلَمْ يُصَلِّ عَلَيَّ)) (2),𝟣𝟢𝟩 - ރަސޫލު ﷲ ﷺ ގެ މައްޗަށް ސަލަވާތް ލެއްވުމުގެ މާތްކަން,"އަދިވެސް އެކަލޭގެފާނު ޙަދީޘް ކުރެއްވިއެވެ. ""ބަޚީލު މީހާއަކީ އެމީހާގެ ގާތުގައި ތިމަން ނަބިއްޔާގެ ނަންފުޅުގަނެވޭ ހިނދު، ތިމަން ނަބިއްޔާގެ މައްޗަށް ސަލަވާތް ނުކިޔަވާމީހާއެވެ.""",,,𝟣𝟢𝟩 Excellence of sending prayers upon the Prophet ﷺ,"The Prophet (ﷺ) said: ""The stingy person is the one in whose presence I am mentioned yet does not pray for Allah's blessings upon me.""The Prophet (ﷺ) said: ""The miser is the one in whose presence I am mentioned yet does not pray for Allah's blessings upon me."""
222,١٠٧ - فَضْلُ الصَّلَاةِ عَلَى النَّبيِّ ﷺ,٢٢٢ - وَقَالَ ﷺ: ((إِنَّ لِلَّهِ مَلَائِكَةً سَيَّاحِينَ فِي الْأَرْضِ يُبَلِّغُونِي مِنْ أُمَّتِي السَّلَامَ)) (3),𝟣𝟢𝟩 - ރަސޫލު ﷲ ﷺ ގެ މައްޗަށް ސަލަވާތް ލެއްވުމުގެ މާތްކަން,"އަދިވެސް އެކަލޭގެފާނު ޙަދީޘް ކުރެއްވިއެވެ. ""ބިންމަތީގައި ދަތުރުފަތުރުކޮށް އުޅުއްވާ، ﷲ ގެ މަލާއިކަތުންތަކެއް ވެއެވެ. ތިމަން ނަބިއްޔާގެ އުންމަތުގެ މީސްތަކުން ތިމަން ނަބިއްޔާއަށް ކުރާސަލާމް އެބޭކަލުން ތިމަން ނަބިއްޔާއަށް ފޯރުކޮށްދެއްވަތެވެ.""",,,𝟣𝟢𝟩 Excellence of sending prayers upon the Prophet ﷺ,"The Prophet (ﷺ) said: ""Indeed Allah has angels who roam the earth and they convey to me the greetings (or prayers of peace) of my Ummah (nation)."""
223,١٠٧ - فَضْلُ الصَّلَاةِ عَلَى النَّبيِّ ﷺ,٢٢٣ - ((وَقَالَ ﷺ: ((مَا مِنْ أَحَدٍ يُسَلِّمُ عَلَيَّ إِلَّا رَدَّ اللَّهُ عَلَيَّ رُوحِيَ حَتَّى أَرُدَّ عَلَيْهِ السَّلَامَ)) (1),𝟣𝟢𝟩 - ރަސޫލު ﷲ ﷺ ގެ މައްޗަށް ސަލަވާތް ލެއްވުމުގެ މާތްކަން,"އަދިވެސް އެކަލޭގެފާނު ޙަދީޘް ކުރެއްވިއެވެ. ""އެމީހެއްގެ ސަލާމަށް ޖަވާބު ދެއްވުމަށްޓަކައި، ﷲ ތިމަންކަލޭގެފާނުގެ ފުރާނަފުޅު ތިމަންކަލޭގެފާނަށް ރައްދުނުކުރައްވާ ގޮތަކަށް ހަމައެކަކުވެސް ތިމަންކަލޭގެފާނަށް ސަލާމެއް ނުކުރެއެވެ.""",,,𝟣𝟢𝟩 Excellence of sending prayers upon the Prophet ﷺ,"The Prophet (ﷺ) said: ""No one sends greetings (or prayers of peace) upon me but Allah returns my soul to me so that I may return his greetings."""
224,١٠٨ - إِفْشَاءُ السَّلَامِ,٢٢٤ - قَالَ رَسُولُ اللَّهِ ﷺ: ((لَا تَدْخُلُوا الْجَنَّةَ حَتَّى تُؤْمِنُوا، وَلَا تُؤْمِنُوا حَتَّى تَحَابُّوا، أَوَلَا أَدُلُّكُم عَلَى شَيْءٍ إِذَا فَعَلْتُمُوهُ تَحَابَبْتُم، أَفْشُوا السَّلَامَ بَيْنَكُمْ)) (2),𝟣𝟢𝟪 - ސަލާމް ފެތުރުން,"رسول الله ﷺ ޙަދީޘް ކުރެއްވިއެވެ. ""ތިޔަބައިމީހުން އީމާންވެއްޖައުމަށް ދާންދެން ތިޔަބައިމީހުން ސުވަރުގެއަކަށް ނުވަންނާނެތެވެ. އަދި ތިޔަބައިމީހުން އެކަކުއަނެކުދެކެ ލޯބިވެއްޖައުމަށް ދާންދެން ތިޔަބައިމީހުން އީމާންވިކަމުގައި ނުވެތެވެ. ތިޔަބައިމީހުން އެކަމެއްކޮށްފިނަމަ، ތިޔަބައިމީހުން އެކަކު އަނެކަކު ދެކެ ލޯބިވާނެ ކަމެއް ތިމަން ނަބިއްޔާ ތިޔަބައިމީހުންނަށް ބުނެދެއްވަން ހެއްޔެވެ؟ ތިޔަބައިމީހުންގެ މެދުގައި ސަލާމް އާންމުކުރާށެވެ.""",,,𝟣𝟢𝟪 Excellence of spreading the Islamic greeting,"The Prophet (ﷺ) said: ""You shall not enter Paradise until you believe, and you have not believed until you love one another. Shall I tell you of something you can do to make you love one another? Spread the greetings of Salam (peace) amongst yourselves (i.e. between each other)."
225,١٠٨ - إِفْشَاءُ السَّلَامِ,٢٢٥ - ((ثَلَاثٌ مَنْ جَمَعَهُنَّ فَقَدْ جَمَعَ الْإِيمَانَ: الْإِنْصَافُ مِنْ نَفْسِكَ، وَبَذْلُ السَّلَامِ لِلْعَالَمِ، وَالْإِنْفَاقُ مِنَ الإِقْتَارِ)) (3),𝟣𝟢𝟪 - ސަލާމް ފެތުރުން,"ﷲ ރުއްސުންލެއްވި ޢައްމާރު ބުނު ޔާސިރުގެ ކިބައިން ރިވާވެގެންވެއެވެ. އެކަލޭގެފާނު ވިދާޅުވިއެވެ. ""ތިންކަމެއް ޖަމާކޮށްފިމީހާ، ފަހެ ހަމަކަށަވަރުން އީމާންކަން ޖަމާކޮށްފިއެވެ. އެއީ އަމިއްލަ ނަފްސަށް އިންސާފުވެރިވުމާއި، އެންމެހާ މީސްތަކުންނަށް ސަލާމްކުރުމާއި، އަތްމަތި ދަތި ޙާލުވެސް، ﷲ ގެ މަގުގައި ހޭދަކުރުމެވެ.""",,,𝟣𝟢𝟪 Excellence of spreading the Islamic greeting,"Three characteristics, whoever combines them, has completed his faith: to be just, to spread greetings to all people and to spend (charitably) out of the little you have."
226,١٠٨ - إِفْشَاءُ السَّلَامِ,٢٢٦ - وَعَنْ عَبْدِ اللَّهِ بْنِ عُمَرَ رَضِيَ اللَّهُ عَنْهُمَا: أنَّ رَجُلاً سَأَلَ النَّبِيَّ ﷺ أيُّ الْإِسْلَامِ خَيْرٌ قَالَ: ((تُطْعِمُ الطَّعَامَ، وَتَقْرأُ السَّلَامَ عَلَى مَنْ عَرَفْتَ وَمَنْ لَمْ تَعْرِفْ)) (1),𝟣𝟢𝟪 - ސަލާމް ފެތުރުން,"ﷲ ރުއްސުންލެއްވި ޢަބްދު ﷲ ބުނު ޢުމަރުގެ ކިބައިން ރިވާވެގެންވެއެވެ. އެކަލޭގެފާނު ވިދާޅުވިއެވެ. ހަމަކަށަވަރުން މީހަކު ނަބިއްޔާ ﷺ އާ ސުވާލުކުރިއެވެ. ""އިސްލާމްދީނުގައި އެންމެހެޔޮކަންތަކަކީ ކޮބައިތޯއެވެ؟"" ނަބިއްޔާ ޙަދީޘް ކުރެއްވިއެވެ. ""(ފަގީރުންނަށް) ތިބާ ކާންދިނުމާއި، ތިބާ ދަންނަ މީހުންނަށާއި ނުދަންނަ މީހުންނަށް ތިބާ ސަލާމްކުރުމެވެ.""",,,𝟣𝟢𝟪 Excellence of spreading the Islamic greeting,"`Abdullah bin `Umar (RA) said: A man asked the Prophet (ﷺ), ""What is the best act of Islam?"" He said, ""To feed others and to give greetings of Salam (peace) to those whom you know and to those whom you do not know. """
227,١٠٩ - كَيْفَ يَرُدُّ السَّلَامَ عَلَى الْكَافِرِ إِذَا سَلَّمَ,٢٢٧ - ((إذَا سَلَّمَ عَلَيْكُمْ أَهْلُ الْكِتَابِ فَقُولُوا: وَعَلَيْكُمْ)) (2),𝟣𝟢𝟫 - ކާފަރަކު ސަލާމް ދީފި ނަމަ، ޖަވާބު ދޭންވީ ގޮތް,"رسول الله ﷺ ޙަދީޘް ކުރެއްވިއެވެ. ""އަހުލުކިތާބީން ތިޔަބައިމީހުންނަށް ސަލާމްކުރާ ހިނދު، ތިޔަބައިމީހުން ""އަދި ތިޔަބައިމީހުންގެ މައްޗަށްވެސް"" މިފަދައިން ބުނާށެވެ.""",,,𝟣𝟢𝟫 Returning a greeting to a disbeliever,"If one of the People of the Scripture (i.e. Christians and Jews) greets you saying Peace be upon you, then say (to him): And upon you."
228,١١٠ - الدُّعاءُ عِنْدَ سَمَاعِ صِياحِ الدِّيكِ ونَهِيقِ الْحِمَارِ,٢٢٨ - ((إِذَا سَمِعْتُمْ صِيَاحَ الدِّيَكَةِ فَاسْأَلُوا اللَّهَ مِنْ فَضْلِهِ؛ فَإِنَّهَا رَأَتْ مَلَكاً وَإِذَا سَمِعْتُمْ نَهِيقَ الْحِمَارِ فَتَعَوَّذُوا بِاللَّهِ مِنَ الشَّيطَانِ؛ فَإِنَّهُ رَأَى شَيْطَاناً)) (1),𝟣𝟣𝟢 - ހާ ގޮވާ އަޑު ނުވަތަ ހިމާރު ހޭރޭ އަޑު އިވުމުން ކިޔާ ދުއާ,"رسول الله ﷺ ޙަދީޘް ކުރެއްވިއެވެ. ""ތިޔަބައިމީހުން ހާ ގޮވައިލާ އަޑުއަހާ ހިނދު، ފަހެ ﷲ ގެ ފަޟުލުވަންތަކަމަށް އެދޭށެވެ. އެބަހީ މިފަދައިން ކިޔާށެވެ. (1)""ޔާ ﷲ! ހަމަކަށަވަރުން އިބަ ﷲ ގެ ފަޟުލުވަންތަކަމަށް އިބަ ﷲ ގެ ހަޒްރަތުން މި އަޅާ އެދެމެވެ."" އެހެނީ ހަމަކަށަވަރުން އެހާ މަލާއިކަތަކު ދެކެފިއެވެ. އަދި ތިޔަބައިމީހުން ހިމާރު ގޮވައިލާ އަޑުއަހާ ހިނދު، ފަހެ ޝައިތާނާގެ ކިބައިން ރައްކާތެރިކޮށްދެއްވުމަށް ﷲ ގެ ހަޒްރަތުން އެދޭށެވެ. އެބަހީ މިފަދައިން ކިޔާށެވެ. (2) ""ރަހުމަތުން ދުރުކުރެވިފައިވާ ޝައިތާނާގެ ކިބައިން ރައްކާތެރިކޮށްދެއްވުމަށް މި އަޅާ ﷲ ގެ ހަޒްރަތުން އެދެމެވެ."" އެހެނީ ހަމަކަށަވަރުން އެ ހިމާރު ޝައިތާނަކު ދެކެފިއެވެ.""",,,𝟣𝟣𝟢 Upon hearing a rooster crow or the braying of a donkey,"When you hear the cock's crow, ask Allah for His favor upon you for surely it has seen an angel. When you hear the bray of a donkey, seek refuge in Allah from Satan, for surely it has seen a devil."
229,١١١ - الدُّعَاءُ عِنْدَ سَمَاعِ نُبَاحِ الْكِلَابِ بِاللَّيْلِ,٢٢٩ - ((إِذَا سَمِعْتُمْ نُبَاحَ الْكِلَابِ وَنَهِيقَ الْحَمِيرِ بِاللَّيْلِ فَتَعَوَّذُوا بِاللَّهِ مِنْهُنَّ؛ فَإِنَّهُنَّ يَرَيْنَ مَا لَا تَرَوْنَ)) (2),𝟣𝟣𝟣 - ރޭގަނޑު ކުއްތާ ވައްވައްޖަހާ އަޑު އިވުމުން ކިޔާ ދުއާ,"رسول الله ﷺ ޙަދީޘް ކުރެއްވިއެވެ. ""ރޭގަނޑު ކުއްތާ ގޮވާއަޑު އަދި ހިމާރު ގޮވާއަޑު ތިޔަބައިމީހުން އަހައިފި ހިނދު، އެ ތަކެތީގެ ކިބައިން ރައްކާތެރި ކޮށްދެއްވުމަށް ﷲ ގެ ހަޒްރަތުން އެދޭށެވެ. އެބަހީ ""أَعُوْذُ بِاللهِ مِنَ الشَّيْطاَنِ الرَّجِيْم"" ފަދަ ކަލިމައެއް ކިޔާށެވެ. އެހެނީ ހަމަކަށަވަރުން އެ ހައިވާނުން ތިޔަބައިމީހުންނަށް ނުފެންނަ ތަކެތި ދެކެތެވެ.""",,,𝟣𝟣𝟣 Upon hearing the barking of dogs at night,"When you hear a dog barking or a donkey braying in the night, then seek refuge in Allah from them, for surely they have seen what you see not."
230,١١٢ - الدُّعَاءُ لِمَنْ سَبَبْتَهُ,٢٣٠ - قَالَ النَّبِيُّ ﷺ: ((اللَّهُمَّ فَأَيُّمَا مُؤْمِنٍ سَبَبْتُهُ فَاجْعَلْ ذَلِكَ لَهُ قُرْبَةً إِلَيْكَ يَوْمَ الْقِيَامَةِ)) (1),𝟣𝟣𝟤 - ތިބާ މީހަކަށް އެއްޗެހި ގޮވައިފި ނަމަ، އޭނާއަށް ކޮށްދޭ ދުއާ,"ނަބިއްޔާ ﷺ މިފަދައިން ދުއާކުރައްވާފައިވެއެވެ. ""ޔާ ﷲ! އެއްވެސް މުއުމިނަކާ ދިމާއަށް ހުތުރުބަހެއް ތިމަން ނަބިއްޔާ ވިދާޅުވެވިފައިވާނަމަ، ފަހެ އެކަން އޭނާއަށް، ގިޔާމަތްދުވަހުގައި އިބަ ﷲ ގެ ހަޒްރަތަށް ކުއްތަންވުމުގެ ޒަރިއްޔާއެއް ކަމުގައި ލައްވާނދޭވެ!""",,,𝟣𝟣𝟤 For one you have insulted,"O Allah, whomever of the believers I have abused, give him the reward of a sacrificial slaughter for it on the Day of Resurrection."
231,١١٣ - مَا يَقُولُ المُسْلِمُ إِذَا مَدَحَ المُسْلِمَ,٢٣١ - قَالَ النَّبِيُّ ﷺ: ((إِذَا كَانَ أَحَدُكُم مَادِحاً صَاحِبَهُ لَا مَحَالَةَ فَلْيَقُلْ: أَحْسِبُ فُلَاناً وَاللَّهُ حَسِيبُهُ، وَلَا أُزَكِّي عَلَى اللَّهِ أَحَداً، أَحْسِبُهُ - إِنْ كَانَ يَعْلَمُ ذَاكَ - كَذَا وَكَذَا)) (2),𝟣𝟣𝟥 - އެހެން މުސްލިމަކަށް މަދަހައާއި ތައުރީފު ކުރާއިރު ބުނާ ބަސް,"ނަބިއްޔާ ﷺ ޙަދީޘް ކުރެއްވިއެވެ. ""ތިޔަބައިމީހުންކުރެ މީހަކު އޭނާގެ އެކުވެރިޔާއަށް ތައުރީފުކުރަން ކޮންމެހެން ޖެހިގެން ތައުރީފުކުރާ ކަމުގައިވާނަމަ، (އަދި އެކަމެއްގެ މައްޗަށް އޭނާ، އޭނާގެ އެކުވެރިޔާއަށް ތައުރީފުކުރާ ކަމަކީ ކަނޑައެޅިގެން އޭނާއަށް އެނގޭ ކަމެއްކަމުގައިވާނަމަ،) މިފަދައިން ބުނާހުށިކަމެވެ: އޭނާއަކީ މިވެނި އެވެނި މީހެއްކަން (މިސާލަކަށް: ތަގްވާވެރިއެއް ނުވަތަ އިލްމުވެރިއެއް ނުވަތަ އަޅުވެރިއެއްކަން) އަހުރެން ދަންނަމެވެ. އަދި އޭނާ ހިސާބުކުރައްވާ ފަރާތަކީ ﷲ އެވެ. އަދި އަހުރެން، ﷲ ގެ ހަޒްރަތުގައި އެއްވެސް މީހަކު މައުސޫމެއް ނުކުރަމެވެ.""",,,𝟣𝟣𝟥 The etiquette of praising a fellow Muslim,"If any of you praises his companion then let him say: I consider (such and such a person), and Allah is his Assessor, (meaning: and I cannot claim anyone to be pious before Allah) if you know of this (good character trait in the person) to be such and such (saying what he thinks is praiseworthy in that person)."
232,١١٤ - مَا يَقُولُ المُسْلِمُ إِذَا زُكِّيَ,٢٣٢ - ((اللَّهُمَّ لَا تُؤَاخِذْنِي بِمَا يَقُولُونَ وَاغْفِرْ لِي مَا لَا يَعْلَمُونَ، [وَاجْعَلْنِي خَيْراً مِمَّا يَظُّنُّونَ])) (1),𝟣𝟣𝟦 - އެހެން މުސްލިމަކު ތިބާއަށް ތައުރީފުކޮށްފި ނަމަ، ބުނަން ޖެހޭ ބަސް,"""ޔާ ﷲ! އެބައިމީހުން އެބުނާ ބަސްތަކުގެ ސަބަބުން މި އަޅާ ނުހިއްޕަވާނދޭވެ! އަދި އެބައިމީހުންނަށް ނޭނގޭ ކަންތައްތަކުން މި އަޅާއަށް މާފުކުރައްވާނދޭވެ! {އަދި އެބައިމީހުން ހީކުރާ ވަރަށްވުރެ ހެޔޮ މީހެއްކަމުގައި މި އަޅާ ލައްވާނދޭވެ!}""",,,𝟣𝟣𝟦 For the one that have been praised,"O Allah, do not call me to account for what they say and forgive me for what they have no knowledge of [and make me better than they imagine]."
233,١١٥ - كَيْفَ يُلَبِّي المُحْرِمُ فِي الْحَجِّ أَوِ الْعُمْرَةِ,٢٣٣ - ((لَبَّيْكَ اللَّهُمَّ لَبَّيْكَ، لَبَّيْكَ لَا شَرِيكَ لَكَ لَبَّيْكَ، إِنَّ الْحَمْدَ، وَالنِّعْمَةَ، لَكَ وَالْمُلْكَ، لَا شَرِيكَ لَكَ)) (2),𝟣𝟣𝟧 - ހައްޖަށް ނުވަތަ އުމަރާއަށް އިހްރާމް ބަނދެފައިވާ މީހާ ތަލްބިޔާ ކިޔަންވީ ގޮތް,"""މި އަޅާ ހާޒިރުވަމެވެ. ޔާ ﷲ! މި އަޅާ ހާޒިރުވަމެވެ. މި އަޅާ ހާޒިރުވަމެވެ. އިބަ ﷲ އަށް އެއްވެސް ބައިވެރިއަކު ނުވެއެވެ. މި އަޅާ ހާޒިރުވަމެވެ. ހަމަކަށަވަރުން އެންމެހާ ހަމްދަކާއި، އެންމެހާ ނިއުމަތަކާއި، އެންމެހާ ވެރިކަމެއްވަނީ އިބަ ﷲ އަށެވެ. އިބަ ﷲ އަށް އެއްވެސް ބައިވެރިއަކު ނުވެއެވެ.""",,,𝟣𝟣𝟧 The Talbiya for the one doing Hajj or ’Umrah,"I am here at Your service, O Allah, I am here at Your service. I am here at Your service, You have no partner, I am here at Your service. Surely the praise, and blessings are Yours, and the dominion. You have no partner."
234,١١٦ - التَّكْبِيرُ إِذَا أَتَى الْحَجَرَ الأَسْوَدَ,٢٣٤ - ((طَافَ النَّبيُّ ﷺ بِالْبَيْتِ عَلَى بَعِيرٍ كُلَّمَا أَتَى الرُّكْنَ أَشَارَ إِلَيْهِ بِشَيْءٍ عِنْدَهُ وَكَبَّرَ)) (1),𝟣𝟣𝟨 - (ތަވާފު ކުރާއިރު) ހަޖަރުލް އަސްވަދާ އަރާ ހަމަވުމުން ކިޔާ ތަކްބީރު,"ނަބިއްޔާ ﷺ ޖަމަލުކޮޅު މަތީ ސަވާރުވެ އިންނަވައި، ގެފުޅުގެ ވަށައިގެން ތަވާފުކުރެއްވިއެވެ. ހަޖަރުލް އަސްވަދާ އަރައިހަމަވެ ވަޑައިގަންނަވާ ކޮންމެފަހަރަކު، ނަބިއްޔާގެ އަތްޕުޅުގައި އޮންނަ ކޮންމެވެސް އެއްޗަކުން (އަސާކޮޅުން) ހަޖަރުލް އަސްވަދަށް އިޝާރަތްކުރައްވައި ""اَللهُ أَكْبَر"" އޭ ވިދާޅުވެއެވެ.",,,𝟣𝟣𝟨 The Takbir passing the black stone,"The Prophet (ﷺ) performed Tawaf riding a camel. Every time he passed the corner (containing the Black Stone), he would point to it with something that he was holding and say: Allāhu Akbar (Allah is the Most Great)!"
235,١١٧ - الدُّعَاءُ بَيْنَ الرُّكْنِ الْيَمَانِيِّ وَالْحَجَرِ الأَسْوَدِ,٢٣٥ - (({رَبَّنَا آتِنَا فِي الدُّنْيَا حَسَنَةً وَفِي الْآخِرَةِ حَسَنَةً وَقِنَا عَذَابَ النَّارِ})) (2),𝟣𝟣𝟩 - (ތަވާފު ކުރާއިރު) ރުކުނުލް ޔަމމާނީއާއި ހަޖަރުލް އަސްވަދާ ދެމެދު ކިޔާ ދުއާ,"""އަޅަމެންގެ ރައްބެވެ! ދުނިޔޭގައިވެސް ހެޔޮކަން އަދި އާޚިރަތުގައި ވެސް ހެޔޮކަން އަޅަމެންނަށް ދެއްވައި އަދި ނަރަކައިގެ އަޒާބުން އަޅަމެން ދިންނަވާނދޭވެ!""",,,𝟣𝟣𝟩 Between the Yemeni corner and the black stone,"Our Lord, grant us the good things in this world, and the good things in the next life, and save us from the punishment of the Fire."
236,١١٨ - دُعَاءُ الْوُقُوفِ عَلَى الصَّفَا وَالمَرْوَةِ,٢٣٦ - ((لَمَّا دَنَا النَّبِيُّ ﷺ مِنَ الصَّفَا قَرَأَ: {إِنَّ الصَّفَا وَالْمَرْوَةَ مِنْ شَعَآئِرِ اللَّهِ} أَبْدَأُ بِمَا بَدَأَ اللَّهُ بِهِ)) فَبَدَأَ بِالصَّفَا فَرَقِيَ عَلَيْهِ حَتَّى رَأَى الْبَيْتَ، فَاسْتَقْبَلَ الْقِبْلَةَ، فَوَحَّدَ اللَّهَ وَكبَّرَهُ وَقَالَ: ((لَا إِلَهَ إِلَّا اللَّهُ وَحْدَهُ لَا شَرِيكَ لَهُ، لَهُ الْمُلْكُ وَلَهُ الْحَمْدُ وَهُوَ عَلَى كُلِّ شَيْءٍ قَدِيرٌ، لَا إِلَهَ إِلَّا اللَّهُ وَحْدَهُ، أَنْجَزَ وَعْدَهُ، وَنَصَرَ عَبْدَهُ، وَهَزَمَ الْأَحْزَابَ وَحْدَهُ، ثُمَّ دَعَا بَيْنَ ذلكَ. قَالَ مِثْلَ هَذَا ثَلَاثَ مَرَّاتٍ)) الْحَدِيثُ. وَفِيهِ: ((فَفَعَلَ عَلَى الْمَرْوَةِ كَمَا فَعَلَ عَلَى الصَّفَا)) (1),𝟣𝟣𝟪 - ސަފާއާއި މަރުވާއަށް އަރާ ހުއްޓި ކިޔާ ދުއާ,"ނަބިއްޔާ ﷺ ސަފާ ފަރުބަދައާ ކައިރިވެވަޑައިގަތް ހިނދު، މިފަދައިން ވިދާޅުވިއެވެ. ""ހަމަކަށަވަރުން ސަފާއާއި މަރުވާވަނީ ﷲ ގެ (ދީނުގައި އަޅުކަންތަކަށް ފާޅުކުރެވިފައިވާ) ނިޝާންތަކުގެ ތެރެއިންނެވެ. (އާޔަތުގައި ﷲ ފައްޓަވާފައިވާ ތަނުން (ސަފާއިން) ތިމަން ނަބިއްޔާ ފައްޓަވަމެވެ.)"" ފަހެ ނަބިއްޔާ ސަފާއިން ފެއްޓެވިއެވެ. ދެން ގެފުޅު ފެނިވަޑައިގެންފުމަށް ދާންދެން އެފަރުބަދަ މައްޗަށް އަރައިވަޑައިގެންނެވިއެވެ. 
 2. ދެން ގިބްލައަށް ކުރިމަތިފުޅުލެއްވިއެވެ. ފަހެ ﷲ ގެ ތައުހީދު ބަޔާންކުރައްވައި، (އެބަހީ لَا إِلَهَ إِلاَّ اللهُ އޭ ވިދާޅުވެ) ތަކުބީރު (اَللهُ أَكْبَرُ އޭ) ވިދާޅުވެ، 
 3. އަދި މިފަދައިން ވިދާޅުވިއެވެ. ""ﷲ މެނުވީ އަޅުކަންވެވުން ހައްގުވެގެންވާ އެހެންއެއްވެސް އިލާހަކު ނުވެއެވެ. އެ އިލާހު އެއްކައުވަންތައެވެ. އެ އިލާހަށް އެއްވެސް ބައިވެރިއަކު ނުވެއެވެ. އެންމެހާ ވެރިކަމެއް ލިބިވޮޑިގެންވަނީ އެ އިލާހަށެވެ. އަދި އެންމެހާ ހަމްދެއް ލިބިވޮޑިގެންވަނީވެސް އެ އިލާހަށެވެ. އަދި އެ އިލާހީ ހުރިހާ ކަމެއްގެ މައްޗަށް ކުޅަދުންވަންތަވެވޮޑިގެންވާ އިލާހެވެ. ﷲ މެނުވީ އަޅުކަންވެވުން ހައްގުވެގެންވާ އެހެން އެއްވެސް އިލާހަކު ނުވެއެވެ. އެ އިލާހު އެއްކައުވަންތައެވެ. އެ އިލާހުގެ ވައުދުފުޅު އެ އިލާހު ފުއްދަވައިފިއެވެ. އަދި އެ އިލާހުގެ އަޅާއަށް ނަސްރުދެއްވައިފިއެވެ. އަދި ދުޝްމިނުންގެ ޖަމާއަތްތައް ގިނިކަންޏާ ބަލިކުރައްވައިފިއެވެ."" ދެން އެދެމެދުގައި ނަބިއްޔާ ދުއާކުރެއްވިއެވެ. މިފަދައިން ނަބިއްޔާ ތިންފަހަރު ވިދާޅުވިއެވެ. (މިއީ ވަރަށް ދިގު ޙަދީޘް ފުޅެއްގެ ބައެކެވެ. އަދި އެ ޙަދީޘް ފުޅުގައި އައިސްފައިވެއެވެ.) ""މަރްވާ މަތީގައިވެސް ނަބިއްޔާ ކަންތައްކުރެއްވީ ހަމަ ސަފާ މަތީގައި ކަންތައްކުރެއްވި ގޮތަށެވެ.""",,,𝟣𝟣𝟪 When at Mount Safa and Mount Marwah,"Whenever the Prophet (ﷺ) approached Mount Safa, he would recite: Surely Safa and Marwah are among the signs of Allah. I begin by that which Allah began.

He began (his Sa'y) at Mount Safa climbing it until he could see the House. He then faced the Qiblah repeating the words: There is none worthy of worship but Allah, and Allah is the Most Great.

Then he said: None has the right to be worshipped but Allah alone, Who has no partner, His is the dominion and His is the praise, and He is Able to do all things. None has the right to be worshipped but Allah alone, He fulfilled His Promise, He aided His slave, and He alone defeated Confederates.

Then he would ask Allah for what he liked, repeating the same thing like this three times. He did at Mount Marwah as he did at Mount Safa."
237,١١٩ - الدُّعَاءُ يَوْمَ عَرَفَةَ,٢٣٧ - قَالَ النَّبِيُّ ﷺ: ((خَيْرُ الدُّعَاءِ دُعَاءُ يَوْمِ عَرَفَةَ، وَخَيْرُ مَا قُلْتُ أَنَا وَالنَّبيُّونَ مِنْ قَبْلِي: لَا إِلَهَ إِلَّا اللَّهُ وَحْدَهُ لَا شَرِيكَ لَهُ، لَهُ الْمُلْكُ وَلَهُ الْحَمْدُ وَهُوَ عَلَى كُلِّ شَيْءٍ قَدِيرٌ)) (1),𝟣𝟣𝟫 - އަރަފާތު ދުވަހު ކިޔާ ދުއާ,"ނަބިއްޔާ ﷺ ޙަދީޘް ކުރެއްވިއެވެ. ""އެންމެ ހެޔޮވެގެންވާ ދުއާއަކީ އަރަފާތްދުވަހުގެ ދުއާއެވެ. އަދި ތިމަން ނަބިއްޔާއާއި ތިމަން ނަބިއްޔާގެ ކުރީގެ ނަބީބޭކަލުން (އެދުވަހު) ވިދާޅުވި އެންމެ ހެޔޮބަސްފުޅަކީ: ""ﷲ މެނުވީ އަޅުކަންވެވުން ހައްގުވެގެންވާ އެހެންއެއްވެސް އިލާހަކު ނުވެއެވެ. އެ އިލާހު އެއްކައުވަންތައެވެ. އެ އިލާހަށް އެއްވެސް ބައިވެރިއަކު ނުވެއެވެ. އެންމެހާ ވެރިކަމެއް ލިބިވޮޑިގެންވަނީ އެ އިލާހަށެވެ. އަދި އެންމެހާ ހަމްދެއް ލިބިވޮޑިގެންވަނީވެސް އެ އިލާހަށެވެ. އަދި އެ އިލާހީ ހުރިހާ ކަމެއްގެ މައްޗަށް ކުޅަދުންވަންތަވެވޮޑިގެންވާ އިލާހެވެ.""",,,𝟣𝟣𝟫 The Day of ’Arafah,"The Prophet (ﷺ) said: The best invocation is that of the Day of Arafat, and the best that anyone can say is what I and the Prophets before me have said:


None has the right to be worshipped but Allah Alone, Who has no partner. His is the dominion and His is the praise, and He is Able to do all things."
238,١٢٠ - الذِّكْرُ عِنْدَ المَشْعَرِ الْحَرَامِ,٢٣٨ - ((رَكِبَ النَّبِيُّ ﷺ الْقَصْوَاءَ حَتَّى أَتَى الْمَشْعَرَ الْحَرَامَ فَاسْتَقْبَلَ الْقِبْلَةَ (فَدَعَاهُ، وَكَبَّرَهُ، وَهَللَّهُ، وَوَحَّدَهُ) فَلَمْ يَزَلْ وَاقِفاً حَتَّى أَسْفَرَ جِدَّاً فَدَفَعَ قَبْلَ أَنْ تَطْلُعَ الشَّمسُ)) (1),𝟣𝟤𝟢 - (މުޒްދަލިފާގައި) މަޝްޢަރިލް ޙަރާމްގައި ކިޔާ ޒިކުރު,ނަބިއްޔާ ﷺ ، އަލްގަޞްވާއޭ ކިޔުނު (އެކަލޭގެފާނުގެ) ޖަމަލުކޮޅަށް ސަވާރުވެ ވަޑައިގަތެވެ. އެއީ އަލްމަޝްޢަރުލް ޙަރާމަށް (މުޒްދަލިފާއަށް) ވަޑައިގެންފުމަށް ދާންދެނެވެ. ފަހެ (ފަތިސް ނަމާދު ކުރެއްވުމަށް ފަހުގައި) ނަބިއްޔާ ގިބްލައަށް ކުރިމަތިފުޅުލައްވައި ދުއާކުރެއްވިއެވެ. އަދި اَللهُ أَكْبَرُ، لَا إِلَهَ إِلاَّ اللهُ މިފަދައިން ވިދާޅުވެ، ﷲ ގެ އެއްކައުވަންތަކަން ބަޔާންކުރެއްވިއެވެ. ފަހެ (އެގޮތުގައި) ހެނދުނު ރަނގަޅަށް އަލިވަންދެން ނަބިއްޔާ ކޮޅަށް ހުންނެވިއެވެ. އަދި އިރުއެރުމުގެ ކުރިން އެތަން ދޫކުރައްވައި ވަޑައިގަތެވެ.,,,𝟣𝟤𝟢 Remembrance at Muzdalifa,"He (ﷺ) rode Al-Qaswa until he reached Al-MashAAar Al-Haram, he then faced the qiblah, supplicated to Allah, and extoled His greatness and oneness. He stood until the sun shone but left before it rose.'"
239,١٢١ - التَّكْبِيرُ عِنْدَ رَمْي ِ الْجِمَارِ مَعَ كُلِّ حَصَاةٍ,٢٣٩ - ((يُكَبِّرُ كُلَّمَا رَمَى بِحَصَاةٍ عِنْدَ الْجِمَارِ الثَّلَاثِ، ثُمَّ يَتَقَدَّمُ، ويَقِفُ يَدْعُو مُسْتَقْبِلَ الْقِبلَةِ، رَافِعاً يَدَيْهِ بَعْدَ الْجَمْرَةِ الْأُولَى وَالثَّانِيَةِ. أَمَّا جَمْرَةُ الْعَقَبَةِ فَيَرْمِيهَا وَيُكَبِّرُ عِنْدَ كُلِّ حَصَاةٍ وَيَنْصَرِفُ وَلَا يَقِفُ عِنْدَهَا)) (2),𝟣𝟤𝟣 - ޖަމްރާތަކުގައި ހިލަ އުކާ ކޮންމެ ފަހަރަކު ކިޔާ ތަކްބީރު,رسول الله ﷺ ، ތިންޖަމްރާގެ ކައިރީގައި (އެ ޖަމްރާތަކަށް ހިލަ އުއްކެވިއިރު) ހިލަކޮޅު އުއްކަވާ ކޮންމެ ފަހަރަކު اَللهُ أَكْبَرُ އޭ ވިދާޅުވެއެވެ. ދެން ކުރިއަށް ޖެހިވަޑައިގަންނަވަތެވެ. އަދި ހުއްޓިވަޑައިގެން ހުންނަވައި، ގިބްލައަށް ކުރިމަތިފުޅުލައްވައި، އަދި އަތްޕުޅު އުފުއްލަވައިގެން ހުންނަވައި ދުއާ ކުރައްވަތެވެ. މިގޮތަށް ފުރަތަމަ އަދި ދެވަނަ ޖަމްރާގެ ކައިރީގައި ކަންތައް ކުރައްވަތެވެ. ދެން ތިންވަނަ ޖަމްރާ އެބަހީ ޖަމްރަތުލް އަގަބާ ދަންނައެވެ. ފަހެ އެ ޖަމްރާއަށްވެސް އެކަލޭގެފާނު ހިލަ އުއްކެވިއެވެ. އަދި ކޮންމެ ހިލަކޮޅެއް އުއްކަވަމުން اَللهُ أَكْبَرُ އޭ ވިދާޅުވެތެވެ. އަދި އެ ޖަމްރާގެ ކައިރީގައި ހުއްޓިވަޑައިނުގަނެ، އެކަލޭގެފާނު އެނބުރި ވަޑައިގަންނަވަތެވެ.,,,𝟣𝟤𝟣 Takbir when throwing each pebble at the Jamarat,"The Prophet (ﷺ) said Allāhu Akbar (Allah is the Most Great) with each pebble he threw at the three pillars. Then he went forward, stood facing the Qiblah, and raised his hands and called upon Allah. That was after (stoning) the first and second pillars. As for the third, he stoned it and called out Allāhu Akbar with every pebble he threw, but when he was finished he left without standing at it (for supplications)."
240,١٢٢ - دُعَاءُ التَّعَجُّبِ وَالأَمْرِ السَّارِّ,٢٤٠ - ((سُبْحَانَ اللَّهِ!)) (1).,𝟣𝟤𝟤 - އުފާވުމުންނާއި އުފާވާ ކަމެއް ދިމާވުމުން ބުނާ ބަސް,"""ﷲ ގެ ހުސްތާހިރުވަންތަކަމާއެވެ!""",,,𝟣𝟤𝟤 At times of amazement and that which delights,(Glory is to Allah).
241,١٢٢ - دُعَاءُ التَّعَجُّبِ وَالأَمْرِ السَّارِّ,٢٤١ - ((اللَّهُ أَكْبَرُ!)) (2),𝟣𝟤𝟤 - އުފާވުމުންނާއި އުފާވާ ކަމެއް ދިމާވުމުން ބުނާ ބަސް,"""އެންމެ ބޮޑީ ﷲ އެވެ.""",,,𝟣𝟤𝟤 At times of amazement and that which delights,(Glory is to Allah).
242,١٢٣ - مَا يَفْعَلُ مَنْ أَتَاهُ أَمْرٌ يَسُرُّهُ,٢٤٢ - ((كَانَ النَّبيُّ ﷺ إِذَا أَتَاهُ أَمْرٌ يَسُرُّهُ أَوْ يُسَرُّ بِهِ خَرَّ سَاجِداً شُكْراً لِلَّهِ تَبَارَكَ وَتَعَالَى)) (3),𝟣𝟤𝟥 - އުފާވެރި ކަމެއް ދިމާވުމުން ކުރަންވީ ކަންތައް,ނަބިއްޔާ ﷺ އަށް އުފާވެރިކަމެއް ޖެހިވަޑައިގަންނަވާ ހިނދު، ނުވަތަ އުފާވެރި ޚަބަރެއް ލިބިވަޑައިގަންނަވާ ހިނދު، ﷲ ތަބާރަކަ ވަތަޢާލާއަށް ޝުކުރު އަދާކުރުމުގެ ގޮތުން ސަޖިދައަށް ވަޑައިގަންނަވަތެވެ.,,,𝟣𝟤𝟥 Upon receiving pleasant news,"The Prophet (ﷺ), upon receiving news which pleased him or which caused pleasure, would prostrate in gratitude to Allah blessed and exalted."
243,١٢٤ - مَا يَفْعَلُ وَيَقُولُ مَنْ أَحَسَّ وَجَعاً فِي جَسَدِهِ,٢٤٣ - ((ضَعْ يَدَكَ عَلَى الَّذِي تَألَّمَ مِنْ جَسَدِكَ وَقُلْ: بِسْمِ اللَّهِ، ثَلَاثاً، وَقُلْ سَبْعَ مَرَّاتٍ: أَعُوذُ بِاللَّهِ وَقُدْرَتِهِ مِنْ شَرِّ مَا أَجِدُ وَأُحَاذِرُ)) (1),𝟣𝟤𝟦 - ހަށިގަނޑުގައި ތަދު އިހުސާސް ވާއިރު ބުނާ ބަސް,"رسول الله ﷺ ޙަދީޘް ކުރެއްވިއެވެ. ""ތިބާގެ ހަށިގަނޑުން ތިބާއަށް ތަދު އިހުސާސްވާ ތަނުގައި ތިބާގެ އަތް ބާއްވާށެވެ. ދެން ތިންފަހަރު ""بِسْمِ اللهِ (ﷲ ގެ އިސްމުފުޅުން ފަށަން)"" ކިޔާށެވެ. އަދި ހަތް ފަހަރު މިފަދައިން ކިޔާށެވެ. ""މި އަޅާއަށް އިހުސާސް މިވާ ކަންތަކާއި، މި އަޅާ ބިރުގަންނަ ކަމެއްގެ ނުބައިކަމުން، ﷲ އާއި އެ އިލާހުގެ ކުޅަދުންވަންތަކަމުގެ ރައްކާތެރިކަން ހޯދަމެވެ.""",,,𝟣𝟤𝟦 When feeling some pain in the body,Put your hand on the place where you feel pain and say: With the Name of Allah (three times). Then say seven times: I seek refuge in Allah and in His Power from the evil of what I find and of what I guard against.
244,١٢٥ - دُعَاءُ مَنْ خَشِيَ أَنْ يُصِيبَ شَيْئاً بِعَيْنِهِ,٢٤٤ - ((إِذَا رَأَى أَحَدُكُم مِنْ أَخِيهِ، أَوْ مِنْ نَفْسِهِ، أَوْ مِنْ مَالِهِ مَا يُعْجِبُهُ [فَلْيَدْعُ لَهُ بِالْبَرَكَةِ] فَإِنَّ الْعَيْنَ حَقٌّ)) (2),𝟣𝟤𝟧 - ތިބާގެ އެސްފިނާ އެހެން މީހަކަށް ޖެހިދާނެ ކަމުގެ ބިރަށްޓަކައި ކިޔާ ދުއާ,"رسول الله ﷺ ޙަދީޘް ކުރެއްވިއެވެ. ""ތިޔަބައިމީހުންގެ ތެރެއިން މީހަކަށް، އޭނާގެ އަޚާގެ ކިބައިން ނުވަތަ އޭނާގެ އަމިއްލަ ނަފްސުން ނުވަތަ އަމިއްލަ މުދަލުން އުފާކުރަނިވި ކަމެއް ފެނިއްޖެނަމަ، އެކަމުގައި ބަރަކާތްލެއްވުމަށް އެދި ދުއާކުރާށެވެ. އެހެނީ ހަމަކަށަވަރުން އެސްފީނާއަކީ ހަގީގަތުގައިވެސް ޖެހޭ އެއްޗެކެވެ.""",,,𝟣𝟤𝟧 When in fear of afflicting something with an (evil) eye from oneself,"If you see something from your brother, yourself or wealth which you find impressing, then invoke blessings for it, for the evil eye is indeed true."
245,١٢٦ - مَا يُقَالُ عِنْدَ الْفَزَعِ,٢٤٥ - ((لَا إِلَهَ إِلَّا اللَّهُ!)) (1),𝟣𝟤𝟨 - ބިރުވެރިކަމާއި ނުތަނަވަސްކަން އިހްސާސްވުމުން ބުނާ ބަސް,"""ﷲ މެނުވީ އަޅުކަންވެވުން ހައްގުވެގެންވާ އެހެން އެއްވެސް އިލާހަކު ނުވެއެވެ.""",,,𝟣𝟤𝟨 When startled,There is none worthy of worship but Allah!
246,١٢٧ - مَا يَقُولُ عِنْدَ الذَّبْحِ أَوِ النَّحْرِ,٢٤٦ - ((بِسْمِ اللَّهِ وَاللَّهُ أَكْبَرُ [اللَّهُمَّ مِنْكَ وَلَكَ] اللَّهُمَّ تَقَبَّلْ مِنِّي)) (2),𝟣𝟤𝟩 - ޖަނަވާރެއް ކަތިލާއިރު ބުނާ ބަސް,"""ﷲ ގެ އިސްމުފުޅުގެ ބަރަކާތުން (މިހައިވާނު ކަތިލަމެވެ.) އަދި އެންމެ ބޮޑީ ﷲ އެވެ. ޔާ ﷲ! މިއީ އިބަ ﷲ ގެ ހަޒްރަތުން އަދި އިބަ ﷲ އަށްޓަކައިވާ އެއްޗެކެވެ. ޔާ ﷲ! މި އަޅާގެ ކިބައިން (މި އަމަލު) ގަބޫލުކުރައްވާނދޭވެ!""",,,𝟣𝟤𝟩 When slaughtering or offering a sacrifice,"With the Name of Allah, Allah is the Most Great! [O Allah, from You and to You.] O Allah, accept it from me."
247,١٢٨ - مَا يَقُولُ لِرَدِّ كَيْدِ مَرَدَةِ الشَّيَاطِينِ,٢٤٧ - ((أَعُوذُ بكَلِمَاتِ اللَّهِ التَّامَّاتِ الَّتِي لَا يُجَاوِزُهُنَّ بَرٌّ وَلَا فَاجِرٌ: مِنْ شَرِّ مَا خَلَقَ، وَبَرَأَ وَذَرَأَ، وَمِنْ شَرِّ مَا يَنْزِلُ مِنَ السَّمَاءِ، وَمِنْ شَرِّ مَا يَعْرُجُ فيهَا، وَمِنْ شَرِّ مَا ذَرَأَ فِي الْأَرْضِ، وَمِنْ شَرِّ مَا يَخْرُجُ مِنْهَا، وَمِنْ شَرِّ فِتَنِ اللَّيْلِ وَالنَّهَارِ، وَمِنْ شَرِّ كُلِّ طَارِقٍ إِلَّا طَارِقاً يَطْرُقُ بِخَيْرٍ يَا رَحْمَنُ)) (1),𝟣𝟤𝟪 - ނުލަފާ މާރިދު ޝައިތާނުންގެ ރޭވުންތައް ރައްދު ކުރުމަށްޓަކައި ބުނާ ބަސް,"""ހެޔޮލަފާ މީހަކަށްވެސް އަދި ނުބައި މީހަކަށްވެސް، އެކަލިމަފުޅުތައް ފަހަނަޅައިނުދެވޭ، ﷲ ގެ ފުރިހަމަ ކަލިމަފުޅުތައް މެދުވެރިކޮށް، އެ އިލާހު ހައްދަވައި، ފުރާނައަޅުއްވައި، ބިންމަތީގައި ފެތުރުއްވި އެންމެހާ މަޚުލޫގުންގެ ނުބައިކަމުންނާއި، އުޑުން ފައިބާ ކޮންމެ އެއްޗެއްގެ ނުބައިކަމުންނާއި، އުޑަށް އަރާ ކޮންމެ އެއްޗެއްގެ ނުބައިކަމުންނާއި، އަދި ބިންމަތީގައި އެ އިލާހު ފެތުރުއްވި ހުރިހާ މަޚުލޫގުންގެ ނުބައި ކަމުންނާއި، އަދި އެބިމުން ނިކުންނަ ކޮންމެ އެއްޗެއްގެ ނުބައިކަމުންނާއި، އަދި ރޭގަނޑާއި ދުވާލުގެ ފިތުނަތަކުގެ ނުބައިކަމުންނާއި، އަދި ހެޔޮކަމަކާގެން ދިމާވާކަމެއް ފިޔަވައި ރޭގަނޑު ދިމާވާ ހުރިހާ ކަމެއްގެ ނުބައިކަމުން މި އަޅާ ރައްކާތެރިކަން އެދެމެވެ.""",,,𝟣𝟤𝟪 To ward off the plot of the rebellious devils,"I seek refuge in the Perfect Words of Allah -which neither the upright nor the corrupt may overcome - from the evil of what He created, of what He made, and of what He scattered, from the evil of what descends from the heavens, and of what rises up to them, from the evil of what He scattered in the earth, and of what emerges from it, from the evil trials of night and day, and from the evil of every night visitor, except the night visitor who comes with good. O Merciful One."
248,١٢٩ - الاستِغْفَارُ والتَّوبَةُ,٢٤٨ - قَالَ رَسُولُ اللَّهِ ﷺ: ((وَاللَّهِ إِنِّي لأَسْتَغفِرُ اللَّهَ وَأَتُوبُ إِلَيْهِ فِي الْيَوْمِ أَكْثَرَ مِنْ سَبْعِينَ مَرَّةٍ)) (1),𝟣𝟤𝟫 - ފާފަފުއްސެވުން އެދި ދުއާ ކުރުމާއި ތައުބާވުން,"ރަސޫލު ﷲ ﷺ ޙަދީޘް ކުރެއްވިއެވެ. ""ﷲ ގަންދެއްވައި ވިދާޅުވަމެވެ. ހަމަކަށަވަރުން ތިމަންކަލޭގެފާނު ދުވާލަކު ހަތްދިހަ ފަހަރަށްވުރެ ގިނައިން ﷲ ގެ ހަޒްރަތުން ފާފަ ފުއްސެވުމަށް އެދިވަޑައިގަންނަވަމެވެ. އަދި އެ އިލާހުގެ ހަޒްރަތަށް ތައުބާވެވަޑައިގަންނަވަމެވެ.""",,,𝟣𝟤𝟫 Seeking forgiveness and repentance,"Allah's Messenger (ﷺ) said: ""By Allah, I seek the forgiveness of Allah, and repent to Him more than seventy times in a day."
249,١٢٩ - الاستِغْفَارُ والتَّوبَةُ,٢٤٩ - وَقَالَ ﷺ: ((يَا أَيُّهَا النَّاسُ تُوبُوا إِلَى اللَّهِ فَإِنِّي أَتُوبُ فِي الْيَوْمِ إِلَيْهِ مِائَةَ مَرَّةٍ)) (2).,𝟣𝟤𝟫 - ފާފަފުއްސެވުން އެދި ދުއާ ކުރުމާއި ތައުބާވުން,"އަދިވެސް އެކަލޭގެފާނު ޙަދީޘް ކުރެއްވިއެވެ. ""އޭ މީސްތަކުންނޭވެ! ތިޔަބައިމީހުން ﷲ ގެ ހަޒްރަތަށް ތައުބާވާށެވެ. ފަހެ ހަމަކަށަވަރުން ތިމަން ނަބިއްޔާ ދުވާލަކު ސަތޭކަފަހަރު އެ އިލާހުގެ ހަޒްރަތަށް ތައުބާވެވަޑައިގަންނަވަމެވެ.""",,,𝟣𝟤𝟫 Seeking forgiveness and repentance,"Allah's Messenger (ﷺ) said: ""O people, repent to Allah, for I verily repent to Him one hundred times a day."
250,١٢٩ - الاستِغْفَارُ والتَّوبَةُ,٢٥٠ - وَقَالَ ﷺ: ((مَنْ قَالَ أَسْتَغْفِرُ اللَّهَ الْعَظيمَ الَّذِي لَا إِلَهَ إِلَّا هُوَ الْحَيُّ القَيّوُمُ وَأَتُوبُ إِلَيهِ، غَفَرَ اللَّهُ لَهُ وَإِنْ كَانَ فَرَّ مِنَ الزَّحْفِ)) (3),𝟣𝟤𝟫 - ފާފަފުއްސެވުން އެދި ދުއާ ކުރުމާއި ތައުބާވުން,"އަދިވެސް އެކަލޭގެފާނު ޙަދީޘް ކުރެއްވިއެވެ. """"މަތިވެރިވެގެންވާ ﷲ ގެ ހަޒްރަތުން ފާފަ ފުއްސެވުމަށް އެދެމެވެ. އެ އިލާހީ އެ އިލާހު ފިޔަވައި އަޅުކަންވެވުން ހައްގުވެގެންވާ އެހެން އެއްވެސް އިލާހަކު ނުވާ އިލާހެވެ. އެ އިލާހީ ދިރިދެމިވޮޑިގެންވާ އަބަދަށް ގާއިމުވެވޮޑިގެންވާ އިލާހެވެ. އަދި އެ އިލާހުގެ ހަޒްރަތަށް ތައުބާވަމެވެ."" މިފަދައިން ކިޔައިފި މީހާ ދަންނައެވެ. އޭނާއަށް ﷲ ފާފަ ފުއްސަވައިދެއްވާނެއެވެ. އެއީ ހަނގުރާމައިގެ މައިދާނުން ފިލިމީހެއް ކަމުގައިވީނަމަވެސް މެއެވެ.""",,,𝟣𝟤𝟫 Seeking forgiveness and repentance,"Allah's Messenger (ﷺ) said: Whoever says: I seek the forgiveness of Allah the Mighty, Whom there is none worthy of worship except Him, the Living, the Eternal, and I repent to Him, Allah will forgive him even if he has deserted the army's ranks."
251,١٢٩ - الاستِغْفَارُ والتَّوبَةُ,٢٥١ - وَقَالَ ﷺ: ((أَقْرَبُ مَا يَكُونُ الرَّبُّ مِنَ الْعَبْدِ فِي جَوْفِ اللَّيْلِ الآخِرِ فَإِنِ اسْتَطَعْتَ أَنْ تَكُونَ مِمَّنْ يَذْكُرُ اللَّهَ فِي تِلْكَ السَّاعَةِ فَكُنْ)) (1).,𝟣𝟤𝟫 - ފާފަފުއްސެވުން އެދި ދުއާ ކުރުމާއި ތައުބާވުން,"އަދިވެސް އެކަލޭގެފާނު ޙަދީޘް ކުރެއްވިއެވެ. ""ރައްބު، އަޅާއާ އެންމެ ކުއްތަންވެވޮޑިގަންނަވަނީ ރޭގަނޑުގެ އެންމެ ފަހު ބައިގައެވެ. ފަހެ އެވަގުތުގައި ﷲ އަށް ޒިކުރުކުރާމީހުންގެ ތެރެއިންވުމަށް ތިބާއަށް ކުޅަދާނަވެގެންވާނަމަ، އެބައިމީހުންގެ ތެރެއިންވާހުށިކަމެވެ.""",,,𝟣𝟤𝟫 Seeking forgiveness and repentance,"Allah's Messenger (ﷺ) said: ""The closest that the Lord comes to the slave is in the last portion of the night. So, if you are able to be among those who remember Allah in this hour, then be among them."""
252,١٢٩ - الاستِغْفَارُ والتَّوبَةُ,٢٥٢ - وَقَالَ ﷺ: ((أَقْرَبُ مَا يَكُونُ الْعَبْدُ مِنْ رَبِّهِ وَهُوَ سَاجِدٌ فَأَكثِرُوا الدُّعَاءَ)) (2),𝟣𝟤𝟫 - ފާފަފުއްސެވުން އެދި ދުއާ ކުރުމާއި ތައުބާވުން,"އަދިވެސް އެކަލޭގެފާނު ޙަދީޘް ކުރެއްވިއެވެ. ""އަޅާ، އޭނާގެ ރައްބާ އެންމެ ކުއްތަންވަނީ އޭނާ ސަޖިދާގައި އޮންނަ ވަގުތުގައެވެ. ފަހެ (ސަޖިދާގައި) ތިޔަބައިމީހުން ދުއާކުރުން ގިނަކުރާހުށިކަމެވެ.""",,,𝟣𝟤𝟫 Seeking forgiveness and repentance,"Allah's Messenger (ﷺ) said: ""The closest that the slave comes to his Lord is when he is prostrating, so invoke Allah much (in prostration)."""
253,١٢٩ - الاستِغْفَارُ والتَّوبَةُ,٢٥٣ - وَقَالَ ﷺ: ((إِنَّهُ لَيُغَانُ عَلَى قَلْبِي وَإِنِّي لأَسْتَغْفِرُ اللَّهَ فِي الْيَوْمِ مِائَةَ مَرَّةٍ)) (1),𝟣𝟤𝟫 - ފާފަފުއްސެވުން އެދި ދުއާ ކުރުމާއި ތައުބާވުން,"އަދިވެސް އެކަލޭގެފާނު ޙަދީޘް ކުރެއްވިއެވެ. ""ހަމަކަށަވަރުން ތިމަން ނަބިއްޔާގެ ހިތްޕުޅުވެސް ބައެއްފަހަރު ފަރުދާވެއެވެ. އަދި ހަމަކަށަވަރުން ތިމަން ނަބިއްޔާ ދުވާލަކު ސަތޭކަ ފަހަރު ﷲ ގެ ހަޒްރަތުން ފާފަ ފުއްސަވައިދެއްވުމަށް އެދިވަޑައިގަންނަވަމެވެ.""",,,𝟣𝟤𝟫 Seeking forgiveness and repentance,"Allah's Messenger (ﷺ) said: ""It is a heavy thing for my heart if I do not seek Allah's forgiveness a hundred times a day."""
254,١٣٠ - فَضْلُ التَّسْبِيحِ وَالتَّحْمِيدِ، وَالتَّهْلِيلِ، وَالتَّكْبِيرِ,٢٥٤ - ((قَالَ ﷺ مَنْ قَالَ: سُبْحَانَ اللَّهِ وَبِحَمْدِهِ فِي يَوْمٍ مِائَةَ مَرَّةٍ حُطَّتْ خَطَايَاهُ وَلَوْ كَانَتْ مِثْلَ زَبَدِ الْبَحْر)) (2),𝟣𝟥𝟢 - ތަސްބީހައާއި، ތަހްމީދާއި، ތަހްލީލާއި، ތަކްބީރު ކިޔުމުގެ މާތްކަން,ރަސޫލު ﷲ ﷺ ޙަދީޘްކުރެއްވިއެވެ: ”سُبْحَانَ اللَّهِ وَبِحَمْدِهِ (އެބަހީ: ﷲ އަށް ހަމްދު ކުރުމާއެކު، އެ އިލާހު ހުސްތާހިރު ކުރަމެވެ.) ދުވާލަކު ސަތޭކަ ފަހަރު ކިޔައިފި މީހާގެ ފާފަތައް ފުއްސެވޭނެއެވެ. ކަނޑުގެ ފޮނާ އެއްވަރުވި ކަމުގައި ވިޔަސްމެއެވެ.“,,,"𝟣𝟥𝟢 Excellence of Tasbih, Tahmid, Tahlil, and Takbir","Allah's Messenger (ﷺ) said: Whoever says: “Glorified is Allah and praised is He” one hundred times a day, will have his sins forgiven even if they are like the foam of the sea."
255,١٣٠ - فَضْلُ التَّسْبِيحِ وَالتَّحْمِيدِ، وَالتَّهْلِيلِ، وَالتَّكْبِيرِ,٢٥٥ - وَقَالَ ﷺ: ((مَنْ قَالَ لَا إِلَهَ إِلَّا اللَّهُ وَحْدَهُ لَا شَرِيكَ لَهُ، لَهُ الْمُلْكُ، وَلَهُ الْحَمْدُ، وَهُوَ عَلَى كُلِّ شَيْءٍ قَدِيرٌ عَشْرَ مِرَارٍ، كَانَ كَمَنْ أَعْتَقَ أَرْبَعَةَ أَنْفُسٍ مِنْ وَلَدِ إِسْمَاعِيلَ)) (1).,𝟣𝟥𝟢 - ތަސްބީހައާއި، ތަހްމީދާއި، ތަހްލީލާއި، ތަކްބީރު ކިޔުމުގެ މާތްކަން,"އަދިވެސް އެކަލޭގެފާނު ޙަދީޘް ކުރެއްވިއެވެ. ""މިފަދައިން ދިހަ ފަހަރު ކިޔައިފި މީހާ ދަންނައެވެ. އިސްމާޢީލުގެފާނުގެ ދަރިކޮޅުން އޭނާ ދިހަ އަޅުން މިނިވަންކުރި ފަދައެވެ.""",,,"𝟣𝟥𝟢 Excellence of Tasbih, Tahmid, Tahlil, and Takbir","Allah's Messenger (ﷺ) said: Whoever says: “None has the right to be worshipped but Allah alone, Who has no partner. His is the dominion and His is the praise, and He is Able to do all things” ten times, will have the reward for freeing four slaves from the Children of Isma'il."
256,١٣٠ - فَضْلُ التَّسْبِيحِ وَالتَّحْمِيدِ، وَالتَّهْلِيلِ، وَالتَّكْبِيرِ,٢٥٦ - وَقَالَ ﷺ: ((كَلِمَتَانِ خَفِيفَتَانِ عَلَى اللِّسَانِ، ثَقِيلَتَانِ فِي الْمِيزَانِ، حَبِيبَتَانِ إِلَى الرَّحْمَنِ: سُبْحَانَ اللَّهِ وَبِحَمْدِهِ، سُبْحانَ اللَّهِ الْعَظِيمِ)) (2),𝟣𝟥𝟢 - ތަސްބީހައާއި، ތަހްމީދާއި، ތަހްލީލާއި، ތަކްބީރު ކިޔުމުގެ މާތްކަން,"އަދިވެސް އެކަލޭގެފާނު ޙަދީޘް ކުރެއްވިއެވެ. ""ދޫ މައްޗަށް ލުއި، ތިލަފަތުގައި ބަރު، ރަޙްމާނުގެ ހަޒްރަތަށް ލޮބުވެތި ދެ ކަލިމައެއްވެއެވެ. އެއީ ""ﷲ އަށް ހަމްދު ކުރުމާއެކު އެ އިލާހު ހުސްތާހިރު ކުރަމެވެ. މަތިވެރި ﷲ ގެ ހުސްތާހިރުވަންތަކަމާއެވެ!""""",,,"𝟣𝟥𝟢 Excellence of Tasbih, Tahmid, Tahlil, and Takbir","Allah's Messenger (ﷺ) said: Two words are light on the tongue, weigh heavily in the balance, and are loved by the Most Merciful One: Glorified is Allah and praised is He, Glorified is Allah the Most Great."
257,١٣٠ - فَضْلُ التَّسْبِيحِ وَالتَّحْمِيدِ، وَالتَّهْلِيلِ، وَالتَّكْبِيرِ,٢٥٧ - وَقَالَ ﷺ: ((لَأَنْ أَقُولَ سُبْحَانَ اللَّهِ، وَالْحَمْدُ لِلَّهِ، وَلَا إِلَهَ إِلَّا اللَّهُ، وَاللَّهُ أَكْبَرُ، أَحَبُّ إِلَيَّ مِمَّا طَلَعَتْ عَلَيْهِ الشَّمسُ)) (1).,𝟣𝟥𝟢 - ތަސްބީހައާއި، ތަހްމީދާއި، ތަހްލީލާއި، ތަކްބީރު ކިޔުމުގެ މާތްކަން,"އަދިވެސް އެކަލޭގެފާނު ޙަދީޘް ކުރެއްވިއެވެ. """"ﷲ ހުސްތާހިރުވަންތައެވެ. އަދި އެންމެހާ ހަމްދެއް ލިބިވޮޑިގެންވަނީ ﷲ އަށެވެ. އަދި ﷲ މެނުވީ އަޅުކަންވެވުން ހައްގުވެގެންވާ އެހެން އެއްވެސް އިލާހަކު ނުވެއެވެ. އަދި އެންމެ ބޮޑީ ﷲ އެވެ."" މިފަދައިން ތިމަން ނަބިއްޔާ ވިދާޅުވުން، އެ އެއްޗެއްގެ މައްޗަށް އިރުއަރާ ކޮންމެ އެއްޗަކަށްވުރެ، ތިމަން ނަބިއްޔާއަށް ލޮބުވެތިކަންބޮޑެވެ.""",,,"𝟣𝟥𝟢 Excellence of Tasbih, Tahmid, Tahlil, and Takbir","Allah's Messenger (ﷺ) said: For me to say: Glory is to Allah, and praise is to Allah, and there is none worthy of worship but Allah, and Allah is the Most Great. is dearer to me than all that the sun rises upon (i.e. the whole world)."
258,١٣٠ - فَضْلُ التَّسْبِيحِ وَالتَّحْمِيدِ، وَالتَّهْلِيلِ، وَالتَّكْبِيرِ,٢٥٨ - وَقَالَ ﷺ: ((أَيَعْجِزُ أَحَدُكُم أَنْ يَكْسِبَ كُلَّ يَوْمٍ أَلْفَ حَسَنَةٍ)) فَسَأَلَهُ سَائِلٌ مِنْ جُلَسَائِهِ كَيْفَ يَكْسِبُ أَحَدُنَا أَلْفَ حَسَنَةٍ؟ قَالَ: ((يُسَبِّحُ مِائَةَ تَسْبِيحَةٍ، فَيُكتَبُ لَهُ أَلْفُ حَسَنَةٍ أَوْ يُحَطُّ عَنْهُ أَلْفُ خَطِيئَةٍ)) (2),𝟣𝟥𝟢 - ތަސްބީހައާއި، ތަހްމީދާއި، ތަހްލީލާއި، ތަކްބީރު ކިޔުމުގެ މާތްކަން,"އަދިވެސް އެކަލޭގެފާނު ޙަދީޘް ކުރެއްވިއެވެ. ""ކޮންމެ ދުވަހަކު އެއްހާސް ހެޔޮކަން ހާސިލުކުރުމަށް ތިޔަބައިމީހުންކުރެ މީހަކު ނުކުޅެދިގެންވޭ ހެއްޔެވެ؟"" އެކަލޭގެފާނުގެ އަރިހުގައި އިންނެވި ބޭކަލަކު ސުވާލު ކުރެއްވިއެވެ. ""އަހުރެމެންކުރެ މީހަކު، އެއްހާސް ހެޔޮކަން ހާސިލުކުރާނީ ކިހިނަކުންތޯއެވެ؟"" އެކަލޭގެފާނު ޙަދީޘް ކުރެއްވިއެވެ. ""އޭނާ ސަތޭކަ ފަހަރު ""سُبْحاَنَ اللهِ"" ކިޔާށެވެ. އޭރުން އެއްހާސް ހެޔޮކަން އޭނާއަށްޓަކައި ލިޔުއްވޭނެތެވެ. ނުވަތަ އެއްހާސް ފާފަ އޭނާގެ ކިބައިން ފުއްސެވޭނެތެވެ.""",,,"𝟣𝟥𝟢 Excellence of Tasbih, Tahmid, Tahlil, and Takbir","Allah's Messenger (ﷺ) said: ""Is anyone of you incapable of earning one thousand Hasanah (rewards) in a day?"" Someone from his gathering asked, ""How can anyone of us earn a thousand Hasanah?"" He said, ""Glorify Allah a hundred times and a thousand Hasanah will be written for you, or a thousand sins will be wiped away."""
259,١٣٠ - فَضْلُ التَّسْبِيحِ وَالتَّحْمِيدِ، وَالتَّهْلِيلِ، وَالتَّكْبِيرِ,٢٥٩ - ((مَنْ قَالَ: سُبْحَانَ اللَّهِ الْعَظِيمِ وَبِحَمْدِهِ غُرِسَتْ لَهُ نَخْلَةٌ فِي الْجَنَّةِ)) (1).,𝟣𝟥𝟢 - ތަސްބީހައާއި، ތަހްމީދާއި، ތަހްލީލާއި، ތަކްބީރު ކިޔުމުގެ މާތްކަން,"އަދިވެސް އެކަލޭގެފާނު ޙަދީޘް ކުރެއްވިއެވެ. """"މަތިވެރިވެގެންވާ ﷲ އަށް ހަމްދު ކުރުމާއެކު އެ އިލާހު ހުސްތާހިރު ކުރަމެވެ."" މިފަދައިން ކިޔައިފި މީހާއަށްޓަކައި ސުވަރުގޭގައި ކަދުރު ރުކެއް އިންދޭނެތެވެ.""",,,"𝟣𝟥𝟢 Excellence of Tasbih, Tahmid, Tahlil, and Takbir",Whoever says: Glorified is Allah the Most Great and praised is He. will have a date palm planted for him in Paradise.
260,١٣٠ - فَضْلُ التَّسْبِيحِ وَالتَّحْمِيدِ، وَالتَّهْلِيلِ، وَالتَّكْبِيرِ,٢٦٠ - وَقَالَ ﷺ: ((يَا عَبْدَ اللَّهِ بْنَ قَيْسٍ أَلَا أَدُلُّكَ عَلَى كَنْزٍ مِنْ كُنُوزِ الْجَنَّةِ))؟ فَقُلْتُ: بَلَى يَا رَسُولَ اللَّهِ، قَالَ: ((قُلْ لَا حَوْلَ وَلَا قُوَّةَ إِلَّا بِاللَّهِ)) (2).,𝟣𝟥𝟢 - ތަސްބީހައާއި، ތަހްމީދާއި، ތަހްލީލާއި، ތަކްބީރު ކިޔުމުގެ މާތްކަން,"އަދިވެސް އެކަލޭގެފާނު ޙަދީޘް ކުރެއްވިއެވެ. ""އޭ ޢަބްދު ﷲ ބުނު ގައިސެވެ! ސުވަރުގޭގެ ޚަޒާނާތަކުގެތެރެއިން ޚަޒާނާއެއް ތިމަންކަލޭގެފާނު ތިބާއަށް ބުނެދެއްވަންހެއްޔެވެ؟"" ޢަބްދު ﷲ ބުނު ގައިސް ވިދާޅުވިއެވެ. ""އާދޭހޭ. އޭ ﷲ ގެ ރަސޫލާއެވެ!"" އެކަލޭގެފާނު ޙަދީޘް ކުރެއްވިއެވެ. ""ނުބައިކަމަކުން ސަލާމަތްވުމުގެ ބާރެއްވެސް އަދި ހެޔޮކަމެއްކުރުމުގެ ބާރެއްވެސް، ﷲ ގެ ހަޒްރަތުންމެނުވީ ނުވެއެވެ."" މިފަދައިން ތިބާ ކިޔާހުށިކަމެވެ.",,,"𝟣𝟥𝟢 Excellence of Tasbih, Tahmid, Tahlil, and Takbir","Allah's Messenger (ﷺ) said: ""O Abdullah bin Qais, should I not point you to one of the treasures of Paradise?"" I said, ""Yes, O Messenger of Allah."" So he told me to say: There is no power and no might except by Allah."
261,١٣٠ - فَضْلُ التَّسْبِيحِ وَالتَّحْمِيدِ، وَالتَّهْلِيلِ، وَالتَّكْبِيرِ,٢٦١ - وَقَالَ ﷺ: ((أَحَبُّ الْكَلَامِ إِلَى اللَّهِ أَرْبَعٌ: سُبْحَانَ اللَّهِ، وَالْحَمْدُ لِلَّهِ، وَلَا إِلَهَ إِلَّا اللَّهُ، وَاللَّهُ أَكْبَرُ، لَا يَضُرُّكَ بِأَيِّهِنَّ بَدَأتَ)) (1).,𝟣𝟥𝟢 - ތަސްބީހައާއި، ތަހްމީދާއި، ތަހްލީލާއި، ތަކްބީރު ކިޔުމުގެ މާތްކަން,"އަދިވެސް އެކަލޭގެފާނު ޙަދީޘް ކުރެއްވިއެވެ. ""ﷲ ގެ ހަޒްރަތަށް އެންމެ ލޮބުވެތިކަންބޮޑީ ހަތަރުކަލިމައެކެވެ. އެއީ سُبْحاَنَ اللهِ، وَالْحَمْدُ لِلَّهِ، وَلَا إِلٰهَ إِلاَّ اللهُ، وَاللهُ أَكْبَرُ"". މިއިން ކޮންމެ ކަލިމައަކުން ތިބާ ފެށިކަމުގައިވިޔަސް، މައްސަލައެއްނެތެވެ.",,,"𝟣𝟥𝟢 Excellence of Tasbih, Tahmid, Tahlil, and Takbir","Allah's Messenger (ﷺ) said: The most beloved words to Allah are four: Glorified is Allah, and The praise is for Allah, and There is none worthy of worship but Allah, and Allah is the Most Great."
262,١٣٠ - فَضْلُ التَّسْبِيحِ وَالتَّحْمِيدِ، وَالتَّهْلِيلِ، وَالتَّكْبِيرِ,٢٦٢ - جَاءَ أَعْرَابِيٌّ إِلَى رَسُولِ اللَّهِ ﷺ فَقَالَ: عَلِّمْنِي كَلاماً أَقُولُهُ: قَالَ: ((قُلْ: لَا إِلَهَ إِلَّا اللَّهُ وَحْدَهُ لَا شَرِيكَ لَهُ، اللَّهُ أَكْبَرُ كَبِيراً، وَالْحَمْدُ لِلَّهِ كَثِيراً، سُبْحَانَ اللَّهِ رَبِّ العَالَمِينَ، لَا حَوْلَ وَلَا قُوَّةَ إِلَّا بِاللَّهِ الْعَزِيزِ الْحَكِيمِ)) قَالَ: فَهَؤُلَاءِ لِرَبِّي، فَمَا لِي؟ قَالَ: ((قُلْ: اللَّهُمَّ اغْفِرْ لِي، وَارْحَمْنِي، وَاهْدِنِي وَارْزُقْنِي)) (1).,𝟣𝟥𝟢 - ތަސްބީހައާއި، ތަހްމީދާއި، ތަހްލީލާއި، ތަކްބީރު ކިޔުމުގެ މާތްކަން,"އެއްދުވަހަކު އަޢުރާބީންގެ މީހަކު ރަސޫލު ﷲ ﷺ ގެ އަރިހަށް އައިސް ދަންނަވައިފިއެވެ. އަހުރެން ބުނެ އުޅޭނެ ބަހެއް އަހުރެންނަށް ކަލޭގެފާނު އުނގަންނައި ދެއްވަބައްލަވާށެވެ. އެކަލޭގެފާނު ޙަދީޘް ކުރެއްވިއެވެ. ""ތިބާ މިފަދައިން ވިދާޅުވާށެވެ. ""ﷲ މެނުވީ އަޅުކަންވެވުން ހައްގުވެގެންވާ އެހެން އެއްވެސް އިލާހަކު ނުވެއެވެ. އެ އިލާހު އެއްކައުވަންތައެވެ. އެ އިލާހަށް އެއްވެސް ބައިވެރިއަކު ނުވެއެވެ. ބޮޑުވެގެންވާ ބޮޑުވުމަކުން އެންމެ ބޮޑީ ﷲ އެވެ. އަދި ގިނަވެގެންވާ ހަމްދަކުން އެންމެހާ ހަމްދެއް ލިބިވޮޑިގެންވަނީ ﷲ އަށެވެ. އާލަމްތަކުގެ ވެރި ﷲ ގެ ހުސްތާހިރުވަންތަކަމާއެވެ! ނުބައިކަމަކުން ސަލާމަތްވުމުގެ ބާރެއްވެސް އަދި ހެޔޮކަމެއްކުރުމުގެ ބާރެއްވެސް، ﷲ ގެ ހަޒްރަތުންމެނުވީ ނުވެއެވެ. އެ އިލާހީ އިއްޒަތްތެރިވެވޮޑިގެންވާ ހިކުމަތްވަންތަ އިލާހެވެ."" އަޢުރާބީންގެ މީހާ ދަންނަވައިފިއެވެ. ""ތިޔައީ އަހުރެންގެ ރައްބަށެވެ. ދެން އަހުރެންނަށް ކޮބައިތޯއެވެ؟"" އެކަލޭގެފާނު ޙަދީޘް ކުރެއްވިއެވެ. ""ތިބާ މިފަދައިން ވިދާޅުވާށެވެ. ""ޔާ ﷲ! މި އަޅާގެ ފާފަ ފުއްސަވާނދޭވެ! އަދި މި އަޅާއަށް ރަހްމަތް ލައްވާނދޭވެ! އަދި މި އަޅާއަށް ހިދާޔަތްދައްކަވާނދޭވެ! އަދި މި އަޅާއަށް ރިޒްގުދެއްވާނދޭވެ!""",,,"𝟣𝟥𝟢 Excellence of Tasbih, Tahmid, Tahlil, and Takbir","A desert Arab came to Allah's Messenger (ﷺ) and said, ""Teach me a word that I can say. "" The Prophet told him to say: There is none worthy of worship but Allah, Who has no partner, Allah is the Great, the Most Great, and praise is to Allah in abundance, glory is to Allah, Lord of the worlds. There is no power and no might but by Allah the Mighty, the Wise. He said, ""That is for my Lord, but what about me?"" The Prophet (ﷺ) told him to say: O Allah forgive me, and have mercy on me and guide me, and provide for me."
263,١٣٠ - فَضْلُ التَّسْبِيحِ وَالتَّحْمِيدِ، وَالتَّهْلِيلِ، وَالتَّكْبِيرِ,٢٦٣ - كَانَ الرَّجُلُ إِذَا أَسْلَمَ عَلَّمَهُ النَّبيُّ ﷺ الصَّلَاةَ ثُمَّ أَمَرَهُ أَنْ يَدْعُوَ بِهَؤُلَاءِ الْكَلِمَاتِ: ((اللَّهُمَّ اغْفِرِ لِي، وَارْحَمْنِي، وَاهْدِنِي، وَعَافِنِي وَارْزُقْنِي)) (2).,𝟣𝟥𝟢 - ތަސްބީހައާއި، ތަހްމީދާއި، ތަހްލީލާއި، ތަކްބީރު ކިޔުމުގެ މާތްކަން,"""ޔާ ﷲ! މި އަޅާގެ ފާފަ ފުއްސަވާނދޭވެ! އަދި މި އަޅާއަށް ރަހްމަތް ލައްވާނދޭވެ! އަދި މި އަޅާއަށް ހިދާޔަތް ދައްކަވާނދޭވެ! އަދި މި އަޅާއަށް އާފިޔަތު ދެއްވާނދޭވެ! އަދި މި އަޅާއަށް ރިޒްގު ދެއްވާނދޭވެ!""",,,"𝟣𝟥𝟢 Excellence of Tasbih, Tahmid, Tahlil, and Takbir","Whenever anyone accepted Islam, the Prophet (ﷺ) used to teach him how to pray then he would instruct him to invoke Allah with the following words: O Allah forgive me, and have mercy on me and guide me and give me good health and provide for me."
264,١٣٠ - فَضْلُ التَّسْبِيحِ وَالتَّحْمِيدِ، وَالتَّهْلِيلِ، وَالتَّكْبِيرِ,٢٦٤ - ((إِنَّ أَفْضَلَ الدُّعَاءِ الْحَمْدُ لِلَّهِ، وَأَفْضَلَ الذِّكْرِ لَا إِلَهَ إِلَّا اللَّهُ)) (3),𝟣𝟥𝟢 - ތަސްބީހައާއި، ތަހްމީދާއި، ތަހްލީލާއި، ތަކްބީރު ކިޔުމުގެ މާތްކަން,"رسول الله ﷺ ޙަދީޘް ކުރެއްވިއެވެ. ""ހަމަކަށަވަރުން އެންމެ ރަނގަޅު ދުއާއަކީ ""اَلْحَمْدُ لِلَّهِ (ހުރިހާ ހަމްދު ސަނާއެއް މިލްކުވެވޮޑިގެންވަނީ ﷲ އަށް)"" އެވެ. އަދި އެންމެ ރަނގަޅު ޒިކުރަކީ ""لَا إِلٰهَ إِلاَّ اللهُ (ﷲ މެނުވީ އަޅުކަން ވެވޭ އިލާހަކު ނުވޭ)"" އެވެ.",,,"𝟣𝟥𝟢 Excellence of Tasbih, Tahmid, Tahlil, and Takbir",The most excellent invocation is: Praise is for Allah. and the most excellent words of remembrance are: There is none worthy of worship but Allah.
265,١٣٠ - فَضْلُ التَّسْبِيحِ وَالتَّحْمِيدِ، وَالتَّهْلِيلِ، وَالتَّكْبِيرِ,٢٦٥ - ((الْبَاقِيَاتُ الصَّالِحَاتُ: سُبْحَانَ اللَّهِ، وَالْحَمْدُ لِلَّهِ، وَلَا إِلَهَ إِلَّا اللَّهُ، وَاللَّهُ أَكْبَرُ، وَلَا حَوْلَ وَلَا قُوَّةَ إِلَّا بِاللَّهِ)) (1),𝟣𝟥𝟢 - ތަސްބީހައާއި، ތަހްމީދާއި، ތަހްލީލާއި، ތަކްބީރު ކިޔުމުގެ މާތްކަން,"""ﷲ ހުސްތާހިރުވަންތައެވެ. އަދި އެންމެހާ ހަމްދެއް ލިބިވޮޑިގެންވަނީ ﷲ އަށެވެ. އަދި ﷲ މެނުވީ އަޅުކަންވެވުން ހައްގުވެގެންވާ އެހެން އެއްވެސް އިލާހަކު ނުވެއެވެ. އަދި އެންމެ ބޮޑީ ﷲ އެވެ. އަދި ނުބައިކަމަކުން ސަލާމަތްވުމުގެ ބާރެއްވެސް އަދި ހެޔޮކަމެއް ކުރުމުގެ ބާރެއްވެސް، ﷲ ގެ ހަޒްރަތުން މެނުވީ ނުވެއެވެ.""",,,"𝟣𝟥𝟢 Excellence of Tasbih, Tahmid, Tahlil, and Takbir","The good deeds which endure are: Glorified is Allah, and The praise is for Allah, and There is none worthy of worship but Allah, and Allah is the Most Great, and There is no power and no might except by Allah."
266,١٣١ - كَيْفَ كَانَ النَّبيُّ ﷺ يُسَبِّحُ؟,٢٦٦ - عَنْ عَبْدِ اللَّهِ بْنِ عَمْرٍو - رضي الله عنهما - قَالَ: ((رَأَيْتُ النَّبيَّ ﷺ يَعْقِدُ التَّسْبِيحَ)) وفي زيادةٍ: ((بِيَمِينِهِ)) (2),𝟣𝟥𝟣 - ނަބިއްޔާ ﷺ ތަސްބީހަ ދެންނެވި ގޮތް,"ﷲ ރުއްސުންލެއްވި ޢަބްދު ﷲ ބުނު ޢަމްރުގެ ކިބައިން ރިވާވެގެންވެއެވެ. އެކަލޭގެފާނު ވިދާޅުވިއެވެ. ""ނަބިއްޔާ ﷺ ކަނާތްޕުޅުން ތަސްބީހަ ގުނުއްވަނިކޮށް އަހުރެން ދުށީމެވެ.""",,,𝟣𝟥𝟣 How the Prophet ﷺ made tasbeeh,"Abdullah bin 'Amr (RA) said: ""I saw the Prophet (ﷺ) counting the glorification of his Lord on his right hand."""
267,١٣٢ - مِنْ أَنْوَاعِ الْخَيْرِ وَالآدَابِ الْجَامِعَةِ,٢٦٧ - - قَالَ النَّبِيُّ ﷺ ((إِذَا كَانَ جُنْحُ اللَّيْلِ - أَوْ أَمْسَيْتُم - فَكُفُّوا صِبْيانَكُم، فَإِنَّ الشَّيَاطِينَ تَنْتَشِرُ حِينَئِذٍ، فَإِذَا ذَهَبَ سَاعَةٌ مِنَ اللَّيلِ فَخَلُّوهُمْ، وَأَغْلِقُوا الأَبْوَابَ وَاذْكُرُوا اسْمَ اللَّهِ؛ فَإِنَّ الشَّيطَانَ لَا يَفْتَحُ بَاباً مُغلَقاً، وَأَوْكُوا قِرَبَكُمْ، وَاذْكُرُوا اسْمَ اللَّهِ، وَخَمِّرُوا آنِيَتَكُم، وَاذْكُرُوا اسْمَ اللَّهِ، وَلَوْ أَنْ تَعْرُضُوا عَلَيْهَا شَيْئاً، وَأَطْفِئُوا مَصَابِيحَكُمْ)) (1).,𝟣𝟥𝟤 - ހެޔޮކަމުގެ ބާވަތްތަކާއި ޝާމިލުވެގެންވާ އަދަބުތައް,"ނަބިއްޔާ ﷺ ޙަދީޘް ކުރެއްވިއެވެ. ""ރޭގަނޑުގެ އަނދިރިކަންވެރިވާ ވަގުތު، ނުވަތަ އިރުއޮއްސޭ ވަގުތު، ތިޔަބައިމީހުން، ތިޔަބައިމީހުންގެ ޅަދަރިންތައް ގެއިން ނިކުތަނުދީ ހިފަހައްޓާށެވެ. އެހެނީ ހަމަކަށަވަރުން އެ ވަގުތު (ބިންމަތީގައި) ޝައިތާނުން ފެތުރިގަނެތެވެ. ފަހެ ރޭގަނޑުގެ ބައެއް ވޭތުވުމުން އެ ކުދިން ދޫކޮށްލާށެވެ. އަދި بِسْمِ اللهِ ކިޔާފައި، ދޮރުތައް ބަންދުކުރާށެވެ. އެހެނީ އެގޮތަށް ބަންދުކުރެވިފައިވާ ދޮރަކުން ޝައިތާނާ ނުވަންނާނެތެވެ. އަދި بِسْمِ اللهِ ކިޔާފައި، ފެންއަޅާ ހަންތަކުގެ ތުން ބަންދުކުރާށެވެ. އަދި بِسْمِ اللهِ ކިޔާފައި ކަންވާރުތަކުގެ މަތި ޖަހާށެވެ. އަދި (މަތިނެތްނަމަ) ކޮންމެވެސް އެއްޗެއް އޭގެމަތީގައި ބާއްވާށެވެ. އަދި ބައްތިތައް ނިއްވައިލާށެވެ.""",,,𝟣𝟥𝟤 Comprehensive types of good and manners,"When night falls, restrain your children (from going out) because at such time the devils spread about. After a period of time has passed, let them be. Shut your doors and mention Allah’s name, for verily the devil does not open a shut door, tie up your water-skins and mention Allah’s name, cover your vessels with anything and mention Allah’s name and put out your lamps."